[2025-05-26 21:53:43,870] [INFO] Model initialized on device: cuda:0
[2025-05-26 21:54:07,884] [INFO] [FIT] Received parameters. Starting local training...
[2025-05-26 21:54:09,379] [INFO] [DEBUG] Loaded uncompressed weights.
[2025-05-26 21:54:09,779] [ERROR] [MODEL PARAMETER ERROR] Layer model.0.conv.unit0.adn.N.weight corrupted: mean=1.0, std=0.0
[2025-05-26 21:54:09,779] [ERROR] [MODEL PARAMETER ERROR] Layer model.0.conv.unit0.adn.N.bias corrupted: mean=0.0, std=0.0
[2025-05-26 21:54:09,780] [ERROR] [MODEL PARAMETER ERROR] Layer model.0.conv.unit1.adn.N.weight corrupted: mean=1.0, std=0.0
[2025-05-26 21:54:09,780] [ERROR] [MODEL PARAMETER ERROR] Layer model.0.conv.unit1.adn.N.bias corrupted: mean=0.0, std=0.0
[2025-05-26 21:54:09,869] [ERROR] [MODEL PARAMETER ERROR] Layer model.1.submodule.0.conv.unit0.adn.N.weight corrupted: mean=1.0, std=0.0
[2025-05-26 21:54:09,870] [ERROR] [MODEL PARAMETER ERROR] Layer model.1.submodule.0.conv.unit0.adn.N.bias corrupted: mean=0.0, std=0.0
[2025-05-26 21:54:09,870] [ERROR] [MODEL PARAMETER ERROR] Layer model.1.submodule.0.conv.unit1.adn.N.weight corrupted: mean=1.0, std=0.0
[2025-05-26 21:54:09,870] [ERROR] [MODEL PARAMETER ERROR] Layer model.1.submodule.0.conv.unit1.adn.N.bias corrupted: mean=0.0, std=0.0
[2025-05-26 21:54:09,871] [ERROR] [MODEL PARAMETER ERROR] Layer model.1.submodule.1.submodule.0.conv.unit0.adn.N.weight corrupted: mean=1.0, std=0.0
[2025-05-26 21:54:09,871] [ERROR] [MODEL PARAMETER ERROR] Layer model.1.submodule.1.submodule.0.conv.unit0.adn.N.bias corrupted: mean=0.0, std=0.0
[2025-05-26 21:54:09,872] [ERROR] [MODEL PARAMETER ERROR] Layer model.1.submodule.1.submodule.0.conv.unit1.adn.N.weight corrupted: mean=1.0, std=0.0
[2025-05-26 21:54:09,872] [ERROR] [MODEL PARAMETER ERROR] Layer model.1.submodule.1.submodule.0.conv.unit1.adn.N.bias corrupted: mean=0.0, std=0.0
[2025-05-26 21:54:09,873] [ERROR] [MODEL PARAMETER ERROR] Layer model.1.submodule.1.submodule.1.submodule.0.conv.unit0.adn.N.weight corrupted: mean=1.0, std=0.0
[2025-05-26 21:54:09,873] [ERROR] [MODEL PARAMETER ERROR] Layer model.1.submodule.1.submodule.1.submodule.0.conv.unit0.adn.N.bias corrupted: mean=0.0, std=0.0
[2025-05-26 21:54:09,873] [ERROR] [MODEL PARAMETER ERROR] Layer model.1.submodule.1.submodule.1.submodule.0.conv.unit1.adn.N.weight corrupted: mean=1.0, std=0.0
[2025-05-26 21:54:09,873] [ERROR] [MODEL PARAMETER ERROR] Layer model.1.submodule.1.submodule.1.submodule.0.conv.unit1.adn.N.bias corrupted: mean=0.0, std=0.0
[2025-05-26 21:54:09,874] [ERROR] [MODEL PARAMETER ERROR] Layer model.1.submodule.1.submodule.1.submodule.1.submodule.conv.unit0.adn.N.weight corrupted: mean=1.0, std=0.0
[2025-05-26 21:54:09,874] [ERROR] [MODEL PARAMETER ERROR] Layer model.1.submodule.1.submodule.1.submodule.1.submodule.conv.unit0.adn.N.bias corrupted: mean=0.0, std=0.0
[2025-05-26 21:54:09,875] [ERROR] [MODEL PARAMETER ERROR] Layer model.1.submodule.1.submodule.1.submodule.1.submodule.conv.unit1.adn.N.weight corrupted: mean=1.0, std=0.0
[2025-05-26 21:54:09,875] [ERROR] [MODEL PARAMETER ERROR] Layer model.1.submodule.1.submodule.1.submodule.1.submodule.conv.unit1.adn.N.bias corrupted: mean=0.0, std=0.0
[2025-05-26 21:54:09,876] [ERROR] [MODEL PARAMETER ERROR] Layer model.1.submodule.1.submodule.1.submodule.2.0.adn.N.weight corrupted: mean=1.0, std=0.0
[2025-05-26 21:54:09,876] [ERROR] [MODEL PARAMETER ERROR] Layer model.1.submodule.1.submodule.1.submodule.2.0.adn.N.bias corrupted: mean=0.0, std=0.0
[2025-05-26 21:54:09,877] [ERROR] [MODEL PARAMETER ERROR] Layer model.1.submodule.1.submodule.1.submodule.2.1.conv.unit0.adn.N.weight corrupted: mean=1.0, std=0.0
[2025-05-26 21:54:09,877] [ERROR] [MODEL PARAMETER ERROR] Layer model.1.submodule.1.submodule.1.submodule.2.1.conv.unit0.adn.N.bias corrupted: mean=0.0, std=0.0
[2025-05-26 21:54:09,877] [ERROR] [MODEL PARAMETER ERROR] Layer model.1.submodule.1.submodule.2.0.adn.N.weight corrupted: mean=1.0, std=0.0
[2025-05-26 21:54:09,877] [ERROR] [MODEL PARAMETER ERROR] Layer model.1.submodule.1.submodule.2.0.adn.N.bias corrupted: mean=0.0, std=0.0
[2025-05-26 21:54:09,878] [ERROR] [MODEL PARAMETER ERROR] Layer model.1.submodule.1.submodule.2.1.conv.unit0.adn.N.weight corrupted: mean=1.0, std=0.0
[2025-05-26 21:54:09,878] [ERROR] [MODEL PARAMETER ERROR] Layer model.1.submodule.1.submodule.2.1.conv.unit0.adn.N.bias corrupted: mean=0.0, std=0.0
[2025-05-26 21:54:09,878] [ERROR] [MODEL PARAMETER ERROR] Layer model.1.submodule.2.0.adn.N.weight corrupted: mean=1.0, std=0.0
[2025-05-26 21:54:09,879] [ERROR] [MODEL PARAMETER ERROR] Layer model.1.submodule.2.0.adn.N.bias corrupted: mean=0.0, std=0.0
[2025-05-26 21:54:09,879] [ERROR] [MODEL PARAMETER ERROR] Layer model.1.submodule.2.1.conv.unit0.adn.N.weight corrupted: mean=1.0, std=0.0
[2025-05-26 21:54:09,879] [ERROR] [MODEL PARAMETER ERROR] Layer model.1.submodule.2.1.conv.unit0.adn.N.bias corrupted: mean=0.0, std=0.0
[2025-05-26 21:54:48,196] [INFO] Model initialized on device: cuda:0
[2025-05-26 21:54:48,269] [INFO] Model initialized on device: cuda:0
[2025-05-26 21:54:59,424] [INFO] Model initialized on device: cuda:0
[2025-05-26 21:55:01,416] [INFO] Model initialized on device: cuda:0
[2025-05-26 21:55:01,703] [INFO] Model initialized on device: cuda:0
[2025-05-26 21:55:01,792] [INFO] Model initialized on device: cuda:0
[2025-05-26 21:55:01,794] [INFO] Model initialized on device: cuda:0
[2025-05-26 21:55:01,796] [INFO] Model initialized on device: cuda:0
[2025-05-26 21:56:06,585] [INFO] [TRAIN] Epoch 1 Loss: 0.9926
[2025-05-26 21:56:51,790] [INFO] Model initialized on device: cuda:0
[2025-05-26 21:56:51,882] [INFO] Model initialized on device: cuda:0
[2025-05-26 21:56:51,891] [INFO] Model initialized on device: cuda:0
[2025-05-26 21:56:51,894] [INFO] Model initialized on device: cuda:0
[2025-05-26 21:56:52,194] [INFO] Model initialized on device: cuda:0
[2025-05-26 21:56:52,403] [INFO] Model initialized on device: cuda:0
[2025-05-26 21:56:52,492] [INFO] Model initialized on device: cuda:0
[2025-05-26 21:56:52,588] [INFO] Model initialized on device: cuda:0
[2025-05-26 21:57:58,629] [INFO] [TRAIN] Epoch 2 Loss: 0.9916
[2025-05-26 21:58:35,478] [INFO] Model initialized on device: cuda:0
[2025-05-26 21:58:35,589] [INFO] Model initialized on device: cuda:0
[2025-05-26 21:58:35,674] [INFO] Model initialized on device: cuda:0
[2025-05-26 21:58:35,702] [INFO] Model initialized on device: cuda:0
[2025-05-26 21:58:35,706] [INFO] Model initialized on device: cuda:0
[2025-05-26 21:58:35,773] [INFO] Model initialized on device: cuda:0
[2025-05-26 21:58:35,777] [INFO] Model initialized on device: cuda:0
[2025-05-26 21:58:35,778] [INFO] Model initialized on device: cuda:0
[2025-05-26 21:59:40,278] [INFO] [TRAIN] Epoch 3 Loss: 0.9914
[2025-05-26 22:00:24,889] [INFO] Model initialized on device: cuda:0
[2025-05-26 22:00:24,974] [INFO] Model initialized on device: cuda:0
[2025-05-26 22:00:25,699] [INFO] Model initialized on device: cuda:0
[2025-05-26 22:00:25,774] [INFO] Model initialized on device: cuda:0
[2025-05-26 22:00:25,791] [INFO] Model initialized on device: cuda:0
[2025-05-26 22:00:25,808] [INFO] Model initialized on device: cuda:0
[2025-05-26 22:00:25,871] [INFO] Model initialized on device: cuda:0
[2025-05-26 22:00:25,875] [INFO] Model initialized on device: cuda:0
[2025-05-26 22:01:33,908] [INFO] [TRAIN] Epoch 4 Loss: 0.9913
[2025-05-26 22:02:10,575] [INFO] Model initialized on device: cuda:0
[2025-05-26 22:02:11,894] [INFO] Model initialized on device: cuda:0
[2025-05-26 22:02:12,089] [INFO] Model initialized on device: cuda:0
[2025-05-26 22:02:12,090] [INFO] Model initialized on device: cuda:0
[2025-05-26 22:02:12,100] [INFO] Model initialized on device: cuda:0
[2025-05-26 22:02:12,172] [INFO] Model initialized on device: cuda:0
[2025-05-26 22:02:12,175] [INFO] Model initialized on device: cuda:0
[2025-05-26 22:02:12,175] [INFO] Model initialized on device: cuda:0
[2025-05-26 22:03:19,018] [INFO] [TRAIN] Epoch 5 Loss: 0.9912
[2025-05-26 22:03:19,020] [INFO] [FIT] Local training finished. Avg Loss: 0.9916
[2025-05-26 22:03:59,025] [INFO] Model initialized on device: cuda:0
[2025-05-26 22:03:59,031] [INFO] Model initialized on device: cuda:0
[2025-05-26 22:03:59,041] [INFO] Model initialized on device: cuda:0
[2025-05-26 22:03:59,061] [INFO] Model initialized on device: cuda:0
[2025-05-26 22:03:59,061] [INFO] Model initialized on device: cuda:0
[2025-05-26 22:03:59,062] [INFO] Model initialized on device: cuda:0
[2025-05-26 22:03:59,065] [INFO] Model initialized on device: cuda:0
[2025-05-26 22:03:59,069] [INFO] Model initialized on device: cuda:0
[2025-05-26 22:04:03,956] [DEBUG] [TEST] Batch 1 | Pred shape: torch.Size([256, 256, 160]) | Label shape: torch.Size([256, 256, 160])
[2025-05-26 22:04:04,043] [DEBUG] [TEST] Batch 2 | Pred shape: torch.Size([256, 256, 160]) | Label shape: torch.Size([256, 256, 160])
[2025-05-26 22:04:04,120] [DEBUG] [TEST] Batch 3 | Pred shape: torch.Size([256, 256, 160]) | Label shape: torch.Size([256, 256, 160])
[2025-05-26 22:04:04,197] [DEBUG] [TEST] Batch 4 | Pred shape: torch.Size([256, 256, 160]) | Label shape: torch.Size([256, 256, 160])
[2025-05-26 22:04:04,274] [DEBUG] [TEST] Batch 5 | Pred shape: torch.Size([256, 256, 160]) | Label shape: torch.Size([256, 256, 160])
[2025-05-26 22:04:04,350] [DEBUG] [TEST] Batch 6 | Pred shape: torch.Size([256, 256, 160]) | Label shape: torch.Size([256, 256, 160])
[2025-05-26 22:04:04,430] [DEBUG] [TEST] Batch 7 | Pred shape: torch.Size([256, 256, 160]) | Label shape: torch.Size([256, 256, 160])
[2025-05-26 22:04:04,535] [DEBUG] [TEST] Batch 8 | Pred shape: torch.Size([256, 256, 160]) | Label shape: torch.Size([256, 256, 160])
[2025-05-26 22:04:05,343] [DEBUG] [TEST] Batch 9 | Pred shape: torch.Size([256, 256, 160]) | Label shape: torch.Size([256, 256, 160])
[2025-05-26 22:04:05,420] [DEBUG] [TEST] Batch 10 | Pred shape: torch.Size([256, 256, 160]) | Label shape: torch.Size([256, 256, 160])
[2025-05-26 22:04:08,175] [INFO] [FIT] Final model saved to: Run_UNET_iid_fedWSOcomp_20250526/Client1/model_final.pth
[2025-05-26 22:04:45,976] [INFO] [EVALUATE] Starting evaluation...
[2025-05-26 22:04:48,781] [INFO] [DEBUG] Loaded compressed decoded weights.
[2025-05-26 22:05:32,416] [INFO] Model initialized on device: cuda:0
[2025-05-26 22:05:33,817] [INFO] Model initialized on device: cuda:0
[2025-05-26 22:05:34,842] [DEBUG] [TEST] Batch 1 | Pred shape: torch.Size([256, 256, 160]) | Label shape: torch.Size([256, 256, 160])
[2025-05-26 22:05:35,797] [INFO] Model initialized on device: cuda:0
[2025-05-26 22:05:36,692] [INFO] Model initialized on device: cuda:0
[2025-05-26 22:05:37,003] [INFO] Model initialized on device: cuda:0
[2025-05-26 22:05:37,042] [INFO] Model initialized on device: cuda:0
[2025-05-26 22:05:37,326] [INFO] Model initialized on device: cuda:0
[2025-05-26 22:05:37,832] [INFO] Model initialized on device: cuda:0
[2025-05-26 22:05:41,017] [DEBUG] [TEST] Batch 2 | Pred shape: torch.Size([256, 256, 160]) | Label shape: torch.Size([256, 256, 160])
[2025-05-26 22:05:41,880] [DEBUG] [TEST] Batch 3 | Pred shape: torch.Size([256, 256, 160]) | Label shape: torch.Size([256, 256, 160])
[2025-05-26 22:05:41,979] [DEBUG] [TEST] Batch 4 | Pred shape: torch.Size([256, 256, 160]) | Label shape: torch.Size([256, 256, 160])
[2025-05-26 22:05:42,077] [DEBUG] [TEST] Batch 5 | Pred shape: torch.Size([256, 256, 160]) | Label shape: torch.Size([256, 256, 160])
[2025-05-26 22:05:42,177] [DEBUG] [TEST] Batch 6 | Pred shape: torch.Size([256, 256, 160]) | Label shape: torch.Size([256, 256, 160])
[2025-05-26 22:05:42,278] [DEBUG] [TEST] Batch 7 | Pred shape: torch.Size([256, 256, 160]) | Label shape: torch.Size([256, 256, 160])
[2025-05-26 22:05:42,378] [DEBUG] [TEST] Batch 8 | Pred shape: torch.Size([256, 256, 160]) | Label shape: torch.Size([256, 256, 160])
[2025-05-26 22:05:42,478] [DEBUG] [TEST] Batch 9 | Pred shape: torch.Size([256, 256, 160]) | Label shape: torch.Size([256, 256, 160])
[2025-05-26 22:05:44,150] [DEBUG] [TEST] Batch 10 | Pred shape: torch.Size([256, 256, 160]) | Label shape: torch.Size([256, 256, 160])
[2025-05-26 22:05:46,979] [INFO] [EVALUATE] Dice WT: 0.0233
[2025-05-26 22:05:51,603] [INFO] [FIT] Received parameters. Starting local training...
[2025-05-26 22:05:54,571] [INFO] [DEBUG] Loaded compressed decoded weights.
[2025-05-26 22:06:48,203] [INFO] Model initialized on device: cuda:0
[2025-05-26 22:06:48,410] [INFO] Model initialized on device: cuda:0
[2025-05-26 22:06:48,577] [INFO] Model initialized on device: cuda:0
[2025-05-26 22:06:48,579] [INFO] Model initialized on device: cuda:0
[2025-05-26 22:06:48,791] [INFO] Model initialized on device: cuda:0
[2025-05-26 22:06:48,872] [INFO] Model initialized on device: cuda:0
[2025-05-26 22:06:48,882] [INFO] Model initialized on device: cuda:0
[2025-05-26 22:06:48,886] [INFO] Model initialized on device: cuda:0
[2025-05-26 22:07:58,937] [INFO] [TRAIN] Epoch 1 Loss: 0.9913
[2025-05-26 22:08:35,573] [INFO] Model initialized on device: cuda:0
[2025-05-26 22:08:41,180] [INFO] Model initialized on device: cuda:0
[2025-05-26 22:08:41,876] [INFO] Model initialized on device: cuda:0
[2025-05-26 22:08:42,484] [INFO] Model initialized on device: cuda:0
[2025-05-26 22:08:43,174] [INFO] Model initialized on device: cuda:0
[2025-05-26 22:08:43,903] [INFO] Model initialized on device: cuda:0
[2025-05-26 22:08:44,187] [INFO] Model initialized on device: cuda:0
[2025-05-26 22:08:44,769] [INFO] Model initialized on device: cuda:0
[2025-05-26 22:09:44,780] [INFO] [TRAIN] Epoch 2 Loss: 0.9911
[2025-05-26 22:10:19,471] [INFO] Model initialized on device: cuda:0
[2025-05-26 22:10:19,607] [INFO] Model initialized on device: cuda:0
[2025-05-26 22:10:20,873] [INFO] Model initialized on device: cuda:0
[2025-05-26 22:10:22,099] [INFO] Model initialized on device: cuda:0
[2025-05-26 22:10:23,077] [INFO] Model initialized on device: cuda:0
[2025-05-26 22:10:23,408] [INFO] Model initialized on device: cuda:0
[2025-05-26 22:10:23,802] [INFO] Model initialized on device: cuda:0
[2025-05-26 22:10:25,911] [INFO] Model initialized on device: cuda:0
[2025-05-26 22:11:28,230] [INFO] [TRAIN] Epoch 3 Loss: 0.9910
[2025-05-26 22:11:59,673] [INFO] Model initialized on device: cuda:0
[2025-05-26 22:11:59,696] [INFO] Model initialized on device: cuda:0
[2025-05-26 22:12:00,911] [INFO] Model initialized on device: cuda:0
[2025-05-26 22:12:00,974] [INFO] Model initialized on device: cuda:0
[2025-05-26 22:12:01,423] [INFO] Model initialized on device: cuda:0
[2025-05-26 22:12:01,474] [INFO] Model initialized on device: cuda:0
[2025-05-26 22:12:01,475] [INFO] Model initialized on device: cuda:0
[2025-05-26 22:12:02,182] [INFO] Model initialized on device: cuda:0
[2025-05-26 22:13:01,474] [INFO] [TRAIN] Epoch 4 Loss: 0.9909
[2025-05-26 22:13:25,371] [INFO] Model initialized on device: cuda:0
[2025-05-26 22:13:28,886] [INFO] Model initialized on device: cuda:0
[2025-05-26 22:13:29,471] [INFO] Model initialized on device: cuda:0
[2025-05-26 22:13:29,875] [INFO] Model initialized on device: cuda:0
[2025-05-26 22:13:30,072] [INFO] Model initialized on device: cuda:0
[2025-05-26 22:13:30,101] [INFO] Model initialized on device: cuda:0
[2025-05-26 22:13:30,113] [INFO] Model initialized on device: cuda:0
[2025-05-26 22:13:30,179] [INFO] Model initialized on device: cuda:0
[2025-05-26 22:14:33,450] [INFO] [TRAIN] Epoch 5 Loss: 0.9908
[2025-05-26 22:14:33,452] [INFO] [FIT] Local training finished. Avg Loss: 0.9911
[2025-05-26 22:15:00,103] [INFO] Model initialized on device: cuda:0
[2025-05-26 22:15:00,369] [INFO] Model initialized on device: cuda:0
[2025-05-26 22:15:02,590] [INFO] Model initialized on device: cuda:0
[2025-05-26 22:15:02,742] [INFO] Model initialized on device: cuda:0
[2025-05-26 22:15:02,743] [INFO] Model initialized on device: cuda:0
[2025-05-26 22:15:02,780] [INFO] Model initialized on device: cuda:0
[2025-05-26 22:15:02,785] [INFO] Model initialized on device: cuda:0
[2025-05-26 22:15:02,793] [INFO] Model initialized on device: cuda:0
[2025-05-26 22:15:03,591] [DEBUG] [TEST] Batch 1 | Pred shape: torch.Size([256, 256, 160]) | Label shape: torch.Size([256, 256, 160])
[2025-05-26 22:15:06,016] [DEBUG] [TEST] Batch 2 | Pred shape: torch.Size([256, 256, 160]) | Label shape: torch.Size([256, 256, 160])
[2025-05-26 22:15:06,092] [DEBUG] [TEST] Batch 3 | Pred shape: torch.Size([256, 256, 160]) | Label shape: torch.Size([256, 256, 160])
[2025-05-26 22:15:06,172] [DEBUG] [TEST] Batch 4 | Pred shape: torch.Size([256, 256, 160]) | Label shape: torch.Size([256, 256, 160])
[2025-05-26 22:15:06,247] [DEBUG] [TEST] Batch 5 | Pred shape: torch.Size([256, 256, 160]) | Label shape: torch.Size([256, 256, 160])
[2025-05-26 22:15:06,328] [DEBUG] [TEST] Batch 6 | Pred shape: torch.Size([256, 256, 160]) | Label shape: torch.Size([256, 256, 160])
[2025-05-26 22:15:06,403] [DEBUG] [TEST] Batch 7 | Pred shape: torch.Size([256, 256, 160]) | Label shape: torch.Size([256, 256, 160])
[2025-05-26 22:15:06,483] [DEBUG] [TEST] Batch 8 | Pred shape: torch.Size([256, 256, 160]) | Label shape: torch.Size([256, 256, 160])
[2025-05-26 22:15:06,559] [DEBUG] [TEST] Batch 9 | Pred shape: torch.Size([256, 256, 160]) | Label shape: torch.Size([256, 256, 160])
[2025-05-26 22:15:07,893] [DEBUG] [TEST] Batch 10 | Pred shape: torch.Size([256, 256, 160]) | Label shape: torch.Size([256, 256, 160])
[2025-05-26 22:15:10,331] [INFO] [FIT] Final model saved to: Run_UNET_iid_fedWSOcomp_20250526/Client1/model_final.pth
[2025-05-26 22:15:49,422] [INFO] [EVALUATE] Starting evaluation...
[2025-05-26 22:15:51,776] [INFO] [DEBUG] Loaded compressed decoded weights.
[2025-05-26 22:16:34,958] [INFO] Model initialized on device: cuda:0
[2025-05-26 22:16:37,345] [INFO] Model initialized on device: cuda:0
[2025-05-26 22:16:39,750] [INFO] Model initialized on device: cuda:0
[2025-05-26 22:16:39,979] [INFO] Model initialized on device: cuda:0
[2025-05-26 22:16:40,049] [INFO] Model initialized on device: cuda:0
[2025-05-26 22:16:40,138] [INFO] Model initialized on device: cuda:0
[2025-05-26 22:16:40,375] [INFO] Model initialized on device: cuda:0
[2025-05-26 22:16:41,077] [INFO] Model initialized on device: cuda:0
[2025-05-26 22:16:43,379] [DEBUG] [TEST] Batch 1 | Pred shape: torch.Size([256, 256, 160]) | Label shape: torch.Size([256, 256, 160])
[2025-05-26 22:16:43,478] [DEBUG] [TEST] Batch 2 | Pred shape: torch.Size([256, 256, 160]) | Label shape: torch.Size([256, 256, 160])
[2025-05-26 22:16:43,588] [DEBUG] [TEST] Batch 3 | Pred shape: torch.Size([256, 256, 160]) | Label shape: torch.Size([256, 256, 160])
[2025-05-26 22:16:43,740] [DEBUG] [TEST] Batch 4 | Pred shape: torch.Size([256, 256, 160]) | Label shape: torch.Size([256, 256, 160])
[2025-05-26 22:16:44,072] [DEBUG] [TEST] Batch 5 | Pred shape: torch.Size([256, 256, 160]) | Label shape: torch.Size([256, 256, 160])
[2025-05-26 22:16:44,182] [DEBUG] [TEST] Batch 6 | Pred shape: torch.Size([256, 256, 160]) | Label shape: torch.Size([256, 256, 160])
[2025-05-26 22:16:44,278] [DEBUG] [TEST] Batch 7 | Pred shape: torch.Size([256, 256, 160]) | Label shape: torch.Size([256, 256, 160])
[2025-05-26 22:16:44,874] [DEBUG] [TEST] Batch 8 | Pred shape: torch.Size([256, 256, 160]) | Label shape: torch.Size([256, 256, 160])
[2025-05-26 22:16:46,283] [DEBUG] [TEST] Batch 9 | Pred shape: torch.Size([256, 256, 160]) | Label shape: torch.Size([256, 256, 160])
[2025-05-26 22:16:46,525] [DEBUG] [TEST] Batch 10 | Pred shape: torch.Size([256, 256, 160]) | Label shape: torch.Size([256, 256, 160])
[2025-05-26 22:16:49,307] [INFO] [EVALUATE] Dice WT: 0.0475
[2025-05-26 22:16:54,250] [INFO] [FIT] Received parameters. Starting local training...
[2025-05-26 22:16:56,183] [INFO] [DEBUG] Loaded compressed decoded weights.
[2025-05-26 22:17:48,446] [INFO] Model initialized on device: cuda:0
[2025-05-26 22:17:48,594] [INFO] Model initialized on device: cuda:0
[2025-05-26 22:17:48,782] [INFO] Model initialized on device: cuda:0
[2025-05-26 22:17:49,083] [INFO] Model initialized on device: cuda:0
[2025-05-26 22:17:49,180] [INFO] Model initialized on device: cuda:0
[2025-05-26 22:17:49,472] [INFO] Model initialized on device: cuda:0
[2025-05-26 22:17:49,598] [INFO] Model initialized on device: cuda:0
[2025-05-26 22:17:49,603] [INFO] Model initialized on device: cuda:0
[2025-05-26 22:18:59,743] [INFO] [TRAIN] Epoch 1 Loss: 0.9911
[2025-05-26 22:19:52,364] [INFO] Model initialized on device: cuda:0
[2025-05-26 22:19:52,578] [INFO] Model initialized on device: cuda:0
[2025-05-26 22:19:53,283] [INFO] Model initialized on device: cuda:0
[2025-05-26 22:19:53,301] [INFO] Model initialized on device: cuda:0
[2025-05-26 22:19:53,304] [INFO] Model initialized on device: cuda:0
[2025-05-26 22:19:53,369] [INFO] Model initialized on device: cuda:0
[2025-05-26 22:19:53,369] [INFO] Model initialized on device: cuda:0
[2025-05-26 22:19:53,370] [INFO] Model initialized on device: cuda:0
[2025-05-26 22:21:03,278] [INFO] [TRAIN] Epoch 2 Loss: 0.9909
[2025-05-26 22:21:42,511] [INFO] Model initialized on device: cuda:0
[2025-05-26 22:21:47,169] [INFO] Model initialized on device: cuda:0
[2025-05-26 22:21:47,586] [INFO] Model initialized on device: cuda:0
[2025-05-26 22:21:48,381] [INFO] Model initialized on device: cuda:0
[2025-05-26 22:21:49,369] [INFO] Model initialized on device: cuda:0
[2025-05-26 22:21:49,369] [INFO] Model initialized on device: cuda:0
[2025-05-26 22:21:49,371] [INFO] Model initialized on device: cuda:0
[2025-05-26 22:21:49,377] [INFO] Model initialized on device: cuda:0
[2025-05-26 22:22:51,879] [INFO] [TRAIN] Epoch 3 Loss: 0.9907
[2025-05-26 22:23:30,677] [INFO] Model initialized on device: cuda:0
[2025-05-26 22:23:30,701] [INFO] Model initialized on device: cuda:0
[2025-05-26 22:23:30,771] [INFO] Model initialized on device: cuda:0
[2025-05-26 22:23:30,786] [INFO] Model initialized on device: cuda:0
[2025-05-26 22:23:30,797] [INFO] Model initialized on device: cuda:0
[2025-05-26 22:23:30,800] [INFO] Model initialized on device: cuda:0
[2025-05-26 22:23:30,806] [INFO] Model initialized on device: cuda:0
[2025-05-26 22:23:30,807] [INFO] Model initialized on device: cuda:0
[2025-05-26 22:24:31,857] [INFO] [TRAIN] Epoch 4 Loss: 0.9906
[2025-05-26 22:25:00,179] [INFO] Model initialized on device: cuda:0
[2025-05-26 22:25:00,202] [INFO] Model initialized on device: cuda:0
[2025-05-26 22:25:02,278] [INFO] Model initialized on device: cuda:0
[2025-05-26 22:25:06,374] [INFO] Model initialized on device: cuda:0
[2025-05-26 22:25:06,394] [INFO] Model initialized on device: cuda:0
[2025-05-26 22:25:06,395] [INFO] Model initialized on device: cuda:0
[2025-05-26 22:25:06,395] [INFO] Model initialized on device: cuda:0
[2025-05-26 22:25:06,397] [INFO] Model initialized on device: cuda:0
[2025-05-26 22:26:05,120] [INFO] [TRAIN] Epoch 5 Loss: 0.9905
[2025-05-26 22:26:05,121] [INFO] [FIT] Local training finished. Avg Loss: 0.9908
[2025-05-26 22:26:26,526] [INFO] Model initialized on device: cuda:0
[2025-05-26 22:26:27,213] [INFO] Model initialized on device: cuda:0
[2025-05-26 22:26:28,452] [INFO] Model initialized on device: cuda:0
[2025-05-26 22:26:28,575] [INFO] Model initialized on device: cuda:0
[2025-05-26 22:26:28,669] [INFO] Model initialized on device: cuda:0
[2025-05-26 22:26:28,671] [INFO] Model initialized on device: cuda:0
[2025-05-26 22:26:28,693] [INFO] Model initialized on device: cuda:0
[2025-05-26 22:26:28,721] [INFO] Model initialized on device: cuda:0
[2025-05-26 22:26:29,088] [DEBUG] [TEST] Batch 1 | Pred shape: torch.Size([256, 256, 160]) | Label shape: torch.Size([256, 256, 160])
[2025-05-26 22:26:31,507] [DEBUG] [TEST] Batch 2 | Pred shape: torch.Size([256, 256, 160]) | Label shape: torch.Size([256, 256, 160])
[2025-05-26 22:26:31,583] [DEBUG] [TEST] Batch 3 | Pred shape: torch.Size([256, 256, 160]) | Label shape: torch.Size([256, 256, 160])
[2025-05-26 22:26:31,682] [DEBUG] [TEST] Batch 4 | Pred shape: torch.Size([256, 256, 160]) | Label shape: torch.Size([256, 256, 160])
[2025-05-26 22:26:31,759] [DEBUG] [TEST] Batch 5 | Pred shape: torch.Size([256, 256, 160]) | Label shape: torch.Size([256, 256, 160])
[2025-05-26 22:26:31,836] [DEBUG] [TEST] Batch 6 | Pred shape: torch.Size([256, 256, 160]) | Label shape: torch.Size([256, 256, 160])
[2025-05-26 22:26:31,911] [DEBUG] [TEST] Batch 7 | Pred shape: torch.Size([256, 256, 160]) | Label shape: torch.Size([256, 256, 160])
[2025-05-26 22:26:31,990] [DEBUG] [TEST] Batch 8 | Pred shape: torch.Size([256, 256, 160]) | Label shape: torch.Size([256, 256, 160])
[2025-05-26 22:26:32,066] [DEBUG] [TEST] Batch 9 | Pred shape: torch.Size([256, 256, 160]) | Label shape: torch.Size([256, 256, 160])
[2025-05-26 22:26:33,363] [DEBUG] [TEST] Batch 10 | Pred shape: torch.Size([256, 256, 160]) | Label shape: torch.Size([256, 256, 160])
[2025-05-26 22:26:35,650] [INFO] [FIT] Final model saved to: Run_UNET_iid_fedWSOcomp_20250526/Client1/model_final.pth
[2025-05-26 22:27:10,904] [INFO] [EVALUATE] Starting evaluation...
[2025-05-26 22:27:12,886] [INFO] [DEBUG] Loaded compressed decoded weights.
[2025-05-26 22:28:07,102] [INFO] Model initialized on device: cuda:0
[2025-05-26 22:28:07,169] [INFO] Model initialized on device: cuda:0
[2025-05-26 22:28:07,211] [INFO] Model initialized on device: cuda:0
[2025-05-26 22:28:07,314] [INFO] Model initialized on device: cuda:0
[2025-05-26 22:28:07,387] [INFO] Model initialized on device: cuda:0
[2025-05-26 22:28:07,393] [INFO] Model initialized on device: cuda:0
[2025-05-26 22:28:07,398] [INFO] Model initialized on device: cuda:0
[2025-05-26 22:28:07,414] [INFO] Model initialized on device: cuda:0
[2025-05-26 22:28:13,284] [DEBUG] [TEST] Batch 1 | Pred shape: torch.Size([256, 256, 160]) | Label shape: torch.Size([256, 256, 160])
[2025-05-26 22:28:13,605] [DEBUG] [TEST] Batch 2 | Pred shape: torch.Size([256, 256, 160]) | Label shape: torch.Size([256, 256, 160])
[2025-05-26 22:28:13,862] [DEBUG] [TEST] Batch 3 | Pred shape: torch.Size([256, 256, 160]) | Label shape: torch.Size([256, 256, 160])
[2025-05-26 22:28:14,116] [DEBUG] [TEST] Batch 4 | Pred shape: torch.Size([256, 256, 160]) | Label shape: torch.Size([256, 256, 160])
[2025-05-26 22:28:14,441] [DEBUG] [TEST] Batch 5 | Pred shape: torch.Size([256, 256, 160]) | Label shape: torch.Size([256, 256, 160])
[2025-05-26 22:28:14,780] [DEBUG] [TEST] Batch 6 | Pred shape: torch.Size([256, 256, 160]) | Label shape: torch.Size([256, 256, 160])
[2025-05-26 22:28:15,033] [DEBUG] [TEST] Batch 7 | Pred shape: torch.Size([256, 256, 160]) | Label shape: torch.Size([256, 256, 160])
[2025-05-26 22:28:15,286] [DEBUG] [TEST] Batch 8 | Pred shape: torch.Size([256, 256, 160]) | Label shape: torch.Size([256, 256, 160])
[2025-05-26 22:28:15,472] [DEBUG] [TEST] Batch 9 | Pred shape: torch.Size([256, 256, 160]) | Label shape: torch.Size([256, 256, 160])
[2025-05-26 22:28:15,577] [DEBUG] [TEST] Batch 10 | Pred shape: torch.Size([256, 256, 160]) | Label shape: torch.Size([256, 256, 160])
[2025-05-26 22:28:21,414] [INFO] [EVALUATE] Dice WT: 0.0598
[2025-05-26 22:28:25,679] [INFO] [FIT] Received parameters. Starting local training...
[2025-05-26 22:28:28,475] [INFO] [DEBUG] Loaded compressed decoded weights.
[2025-05-26 22:28:28,481] [ERROR] [MODEL PARAMETER ERROR] Layer model.1.submodule.1.submodule.1.submodule.1.submodule.conv.unit0.conv.bias corrupted: mean=-1.1002406097304629e-08, std=6.105671559453185e-07
[2025-05-26 22:28:28,482] [ERROR] [MODEL PARAMETER ERROR] Layer model.1.submodule.1.submodule.1.submodule.1.submodule.conv.unit1.conv.bias corrupted: mean=1.9051908495271164e-08, std=2.785315871278726e-07
[2025-05-26 22:29:15,097] [INFO] Model initialized on device: cuda:0
[2025-05-26 22:29:15,299] [INFO] Model initialized on device: cuda:0
[2025-05-26 22:29:17,094] [INFO] Model initialized on device: cuda:0
[2025-05-26 22:29:19,476] [INFO] Model initialized on device: cuda:0
[2025-05-26 22:29:19,575] [INFO] Model initialized on device: cuda:0
[2025-05-26 22:29:19,608] [INFO] Model initialized on device: cuda:0
[2025-05-26 22:29:19,670] [INFO] Model initialized on device: cuda:0
[2025-05-26 22:29:19,679] [INFO] Model initialized on device: cuda:0
[2025-05-26 22:30:23,848] [INFO] [TRAIN] Epoch 1 Loss: 0.9908
[2025-05-26 22:31:05,380] [INFO] Model initialized on device: cuda:0
[2025-05-26 22:31:05,473] [INFO] Model initialized on device: cuda:0
[2025-05-26 22:31:05,822] [INFO] Model initialized on device: cuda:0
[2025-05-26 22:31:05,877] [INFO] Model initialized on device: cuda:0
[2025-05-26 22:31:05,878] [INFO] Model initialized on device: cuda:0
[2025-05-26 22:31:07,876] [INFO] Model initialized on device: cuda:0
[2025-05-26 22:31:08,585] [INFO] Model initialized on device: cuda:0
[2025-05-26 22:31:08,702] [INFO] Model initialized on device: cuda:0
[2025-05-26 22:32:08,414] [INFO] [TRAIN] Epoch 2 Loss: 0.9906
[2025-05-26 22:32:37,073] [INFO] Model initialized on device: cuda:0
[2025-05-26 22:32:39,380] [INFO] Model initialized on device: cuda:0
[2025-05-26 22:32:41,329] [INFO] Model initialized on device: cuda:0
[2025-05-26 22:32:41,469] [INFO] Model initialized on device: cuda:0
[2025-05-26 22:32:42,614] [INFO] Model initialized on device: cuda:0
[2025-05-26 22:32:42,816] [INFO] Model initialized on device: cuda:0
[2025-05-26 22:32:46,475] [INFO] Model initialized on device: cuda:0
[2025-05-26 22:32:48,992] [INFO] Model initialized on device: cuda:0
[2025-05-26 22:33:45,377] [INFO] [TRAIN] Epoch 3 Loss: 0.9904
[2025-05-26 22:34:11,589] [INFO] Model initialized on device: cuda:0
[2025-05-26 22:34:12,681] [INFO] Model initialized on device: cuda:0
[2025-05-26 22:34:13,078] [INFO] Model initialized on device: cuda:0
[2025-05-26 22:34:14,592] [INFO] Model initialized on device: cuda:0
[2025-05-26 22:34:15,888] [INFO] Model initialized on device: cuda:0
[2025-05-26 22:34:16,300] [INFO] Model initialized on device: cuda:0
[2025-05-26 22:34:16,413] [INFO] Model initialized on device: cuda:0
[2025-05-26 22:34:16,906] [INFO] Model initialized on device: cuda:0
[2025-05-26 22:35:17,679] [INFO] [TRAIN] Epoch 4 Loss: 0.9903
[2025-05-26 22:35:43,679] [INFO] Model initialized on device: cuda:0
[2025-05-26 22:35:45,385] [INFO] Model initialized on device: cuda:0
[2025-05-26 22:35:46,404] [INFO] Model initialized on device: cuda:0
[2025-05-26 22:35:48,113] [INFO] Model initialized on device: cuda:0
[2025-05-26 22:35:48,473] [INFO] Model initialized on device: cuda:0
[2025-05-26 22:35:48,575] [INFO] Model initialized on device: cuda:0
[2025-05-26 22:35:48,817] [INFO] Model initialized on device: cuda:0
[2025-05-26 22:35:48,917] [INFO] Model initialized on device: cuda:0
[2025-05-26 22:36:46,034] [INFO] [TRAIN] Epoch 5 Loss: 0.9901
[2025-05-26 22:36:46,035] [INFO] [FIT] Local training finished. Avg Loss: 0.9904
[2025-05-26 22:37:04,082] [INFO] Model initialized on device: cuda:0
[2025-05-26 22:37:04,424] [INFO] Model initialized on device: cuda:0
[2025-05-26 22:37:04,424] [INFO] Model initialized on device: cuda:0
[2025-05-26 22:37:05,028] [INFO] Model initialized on device: cuda:0
[2025-05-26 22:37:05,037] [INFO] Model initialized on device: cuda:0
[2025-05-26 22:37:05,168] [INFO] Model initialized on device: cuda:0
[2025-05-26 22:37:05,199] [INFO] Model initialized on device: cuda:0
[2025-05-26 22:37:05,215] [INFO] Model initialized on device: cuda:0
[2025-05-26 22:37:06,747] [DEBUG] [TEST] Batch 1 | Pred shape: torch.Size([256, 256, 160]) | Label shape: torch.Size([256, 256, 160])
[2025-05-26 22:37:07,880] [DEBUG] [TEST] Batch 2 | Pred shape: torch.Size([256, 256, 160]) | Label shape: torch.Size([256, 256, 160])
[2025-05-26 22:37:07,961] [DEBUG] [TEST] Batch 3 | Pred shape: torch.Size([256, 256, 160]) | Label shape: torch.Size([256, 256, 160])
[2025-05-26 22:37:08,040] [DEBUG] [TEST] Batch 4 | Pred shape: torch.Size([256, 256, 160]) | Label shape: torch.Size([256, 256, 160])
[2025-05-26 22:37:08,121] [DEBUG] [TEST] Batch 5 | Pred shape: torch.Size([256, 256, 160]) | Label shape: torch.Size([256, 256, 160])
[2025-05-26 22:37:08,209] [DEBUG] [TEST] Batch 6 | Pred shape: torch.Size([256, 256, 160]) | Label shape: torch.Size([256, 256, 160])
[2025-05-26 22:37:08,322] [DEBUG] [TEST] Batch 7 | Pred shape: torch.Size([256, 256, 160]) | Label shape: torch.Size([256, 256, 160])
[2025-05-26 22:37:08,408] [DEBUG] [TEST] Batch 8 | Pred shape: torch.Size([256, 256, 160]) | Label shape: torch.Size([256, 256, 160])
[2025-05-26 22:37:08,990] [DEBUG] [TEST] Batch 9 | Pred shape: torch.Size([256, 256, 160]) | Label shape: torch.Size([256, 256, 160])
[2025-05-26 22:37:09,847] [DEBUG] [TEST] Batch 10 | Pred shape: torch.Size([256, 256, 160]) | Label shape: torch.Size([256, 256, 160])
[2025-05-26 22:37:12,412] [INFO] [FIT] Final model saved to: Run_UNET_iid_fedWSOcomp_20250526/Client1/model_final.pth
[2025-05-26 22:37:51,108] [INFO] [EVALUATE] Starting evaluation...
[2025-05-26 22:37:53,074] [INFO] [DEBUG] Loaded compressed decoded weights.
[2025-05-26 22:38:37,638] [INFO] Model initialized on device: cuda:0
[2025-05-26 22:38:39,738] [INFO] Model initialized on device: cuda:0
[2025-05-26 22:38:39,746] [INFO] Model initialized on device: cuda:0
[2025-05-26 22:38:39,751] [INFO] Model initialized on device: cuda:0
[2025-05-26 22:38:40,014] [INFO] Model initialized on device: cuda:0
[2025-05-26 22:38:40,251] [INFO] Model initialized on device: cuda:0
[2025-05-26 22:38:40,436] [INFO] Model initialized on device: cuda:0
[2025-05-26 22:38:40,436] [INFO] Model initialized on device: cuda:0
[2025-05-26 22:38:42,635] [DEBUG] [TEST] Batch 1 | Pred shape: torch.Size([256, 256, 160]) | Label shape: torch.Size([256, 256, 160])
[2025-05-26 22:38:43,097] [DEBUG] [TEST] Batch 2 | Pred shape: torch.Size([256, 256, 160]) | Label shape: torch.Size([256, 256, 160])
[2025-05-26 22:38:43,178] [DEBUG] [TEST] Batch 3 | Pred shape: torch.Size([256, 256, 160]) | Label shape: torch.Size([256, 256, 160])
[2025-05-26 22:38:43,335] [DEBUG] [TEST] Batch 4 | Pred shape: torch.Size([256, 256, 160]) | Label shape: torch.Size([256, 256, 160])
[2025-05-26 22:38:43,533] [DEBUG] [TEST] Batch 5 | Pred shape: torch.Size([256, 256, 160]) | Label shape: torch.Size([256, 256, 160])
[2025-05-26 22:38:43,725] [DEBUG] [TEST] Batch 6 | Pred shape: torch.Size([256, 256, 160]) | Label shape: torch.Size([256, 256, 160])
[2025-05-26 22:38:44,145] [DEBUG] [TEST] Batch 7 | Pred shape: torch.Size([256, 256, 160]) | Label shape: torch.Size([256, 256, 160])
[2025-05-26 22:38:44,253] [DEBUG] [TEST] Batch 8 | Pred shape: torch.Size([256, 256, 160]) | Label shape: torch.Size([256, 256, 160])
[2025-05-26 22:38:44,980] [DEBUG] [TEST] Batch 9 | Pred shape: torch.Size([256, 256, 160]) | Label shape: torch.Size([256, 256, 160])
[2025-05-26 22:38:45,303] [DEBUG] [TEST] Batch 10 | Pred shape: torch.Size([256, 256, 160]) | Label shape: torch.Size([256, 256, 160])
[2025-05-26 22:38:49,940] [INFO] [EVALUATE] Dice WT: 0.0817
[2025-05-26 22:39:01,103] [INFO] [FIT] Received parameters. Starting local training...
[2025-05-26 22:39:05,784] [INFO] [DEBUG] Loaded compressed decoded weights.
[2025-05-26 22:39:05,790] [ERROR] [MODEL PARAMETER ERROR] Layer model.1.submodule.1.submodule.1.submodule.1.submodule.conv.unit0.conv.bias corrupted: mean=-5.802280966804574e-08, std=2.813564208281605e-07
[2025-05-26 22:39:05,791] [ERROR] [MODEL PARAMETER ERROR] Layer model.1.submodule.1.submodule.1.submodule.1.submodule.conv.unit1.conv.bias corrupted: mean=-1.4736055042874341e-08, std=2.986724894071813e-07
[2025-05-26 22:39:55,303] [INFO] Model initialized on device: cuda:0
[2025-05-26 22:39:55,669] [INFO] Model initialized on device: cuda:0
[2025-05-26 22:39:55,695] [INFO] Model initialized on device: cuda:0
[2025-05-26 22:39:55,971] [INFO] Model initialized on device: cuda:0
[2025-05-26 22:39:55,972] [INFO] Model initialized on device: cuda:0
[2025-05-26 22:39:55,978] [INFO] Model initialized on device: cuda:0
[2025-05-26 22:39:55,979] [INFO] Model initialized on device: cuda:0
[2025-05-26 22:39:55,983] [INFO] Model initialized on device: cuda:0
[2025-05-26 22:41:03,443] [INFO] [TRAIN] Epoch 1 Loss: 0.9905
[2025-05-26 22:41:49,802] [INFO] Model initialized on device: cuda:0
[2025-05-26 22:41:49,909] [INFO] Model initialized on device: cuda:0
[2025-05-26 22:41:50,889] [INFO] Model initialized on device: cuda:0
[2025-05-26 22:41:51,675] [INFO] Model initialized on device: cuda:0
[2025-05-26 22:41:51,785] [INFO] Model initialized on device: cuda:0
[2025-05-26 22:41:51,875] [INFO] Model initialized on device: cuda:0
[2025-05-26 22:41:51,877] [INFO] Model initialized on device: cuda:0
[2025-05-26 22:41:51,908] [INFO] Model initialized on device: cuda:0
[2025-05-26 22:42:54,526] [INFO] [TRAIN] Epoch 2 Loss: 0.9902
[2025-05-26 22:43:33,807] [INFO] Model initialized on device: cuda:0
[2025-05-26 22:43:33,807] [INFO] Model initialized on device: cuda:0
[2025-05-26 22:43:33,894] [INFO] Model initialized on device: cuda:0
[2025-05-26 22:43:33,899] [INFO] Model initialized on device: cuda:0
[2025-05-26 22:43:34,171] [INFO] Model initialized on device: cuda:0
[2025-05-26 22:43:34,180] [INFO] Model initialized on device: cuda:0
[2025-05-26 22:43:34,274] [INFO] Model initialized on device: cuda:0
[2025-05-26 22:43:34,276] [INFO] Model initialized on device: cuda:0
[2025-05-26 22:44:38,078] [INFO] [TRAIN] Epoch 3 Loss: 0.9900
[2025-05-26 22:45:21,186] [INFO] Model initialized on device: cuda:0
[2025-05-26 22:45:21,204] [INFO] Model initialized on device: cuda:0
[2025-05-26 22:45:21,207] [INFO] Model initialized on device: cuda:0
[2025-05-26 22:45:21,207] [INFO] Model initialized on device: cuda:0
[2025-05-26 22:45:21,269] [INFO] Model initialized on device: cuda:0
[2025-05-26 22:45:21,271] [INFO] Model initialized on device: cuda:0
[2025-05-26 22:45:21,272] [INFO] Model initialized on device: cuda:0
[2025-05-26 22:45:21,274] [INFO] Model initialized on device: cuda:0
[2025-05-26 22:46:23,875] [INFO] [TRAIN] Epoch 4 Loss: 0.9898
[2025-05-26 22:47:05,594] [INFO] Model initialized on device: cuda:0
[2025-05-26 22:47:05,669] [INFO] Model initialized on device: cuda:0
[2025-05-26 22:47:05,675] [INFO] Model initialized on device: cuda:0
[2025-05-26 22:47:05,769] [INFO] Model initialized on device: cuda:0
[2025-05-26 22:47:05,779] [INFO] Model initialized on device: cuda:0
[2025-05-26 22:47:05,991] [INFO] Model initialized on device: cuda:0
[2025-05-26 22:47:05,995] [INFO] Model initialized on device: cuda:0
[2025-05-26 22:47:06,006] [INFO] Model initialized on device: cuda:0
[2025-05-26 22:48:09,405] [INFO] [TRAIN] Epoch 5 Loss: 0.9896
[2025-05-26 22:48:09,406] [INFO] [FIT] Local training finished. Avg Loss: 0.9900
[2025-05-26 22:48:41,672] [INFO] Model initialized on device: cuda:0
[2025-05-26 22:48:42,072] [INFO] Model initialized on device: cuda:0
[2025-05-26 22:48:42,075] [INFO] Model initialized on device: cuda:0
[2025-05-26 22:48:42,122] [INFO] Model initialized on device: cuda:0
[2025-05-26 22:48:42,134] [INFO] Model initialized on device: cuda:0
[2025-05-26 22:48:42,305] [INFO] Model initialized on device: cuda:0
[2025-05-26 22:48:42,315] [INFO] Model initialized on device: cuda:0
[2025-05-26 22:48:42,326] [INFO] Model initialized on device: cuda:0
[2025-05-26 22:48:45,180] [DEBUG] [TEST] Batch 1 | Pred shape: torch.Size([256, 256, 160]) | Label shape: torch.Size([256, 256, 160])
[2025-05-26 22:48:45,256] [DEBUG] [TEST] Batch 2 | Pred shape: torch.Size([256, 256, 160]) | Label shape: torch.Size([256, 256, 160])
[2025-05-26 22:48:45,336] [DEBUG] [TEST] Batch 3 | Pred shape: torch.Size([256, 256, 160]) | Label shape: torch.Size([256, 256, 160])
[2025-05-26 22:48:45,411] [DEBUG] [TEST] Batch 4 | Pred shape: torch.Size([256, 256, 160]) | Label shape: torch.Size([256, 256, 160])
[2025-05-26 22:48:45,491] [DEBUG] [TEST] Batch 5 | Pred shape: torch.Size([256, 256, 160]) | Label shape: torch.Size([256, 256, 160])
[2025-05-26 22:48:45,566] [DEBUG] [TEST] Batch 6 | Pred shape: torch.Size([256, 256, 160]) | Label shape: torch.Size([256, 256, 160])
[2025-05-26 22:48:45,646] [DEBUG] [TEST] Batch 7 | Pred shape: torch.Size([256, 256, 160]) | Label shape: torch.Size([256, 256, 160])
[2025-05-26 22:48:45,721] [DEBUG] [TEST] Batch 8 | Pred shape: torch.Size([256, 256, 160]) | Label shape: torch.Size([256, 256, 160])
[2025-05-26 22:48:47,248] [DEBUG] [TEST] Batch 9 | Pred shape: torch.Size([256, 256, 160]) | Label shape: torch.Size([256, 256, 160])
[2025-05-26 22:48:47,324] [DEBUG] [TEST] Batch 10 | Pred shape: torch.Size([256, 256, 160]) | Label shape: torch.Size([256, 256, 160])
[2025-05-26 22:48:49,606] [INFO] [FIT] Final model saved to: Run_UNET_iid_fedWSOcomp_20250526/Client1/model_final.pth
[2025-05-26 22:49:26,780] [INFO] [EVALUATE] Starting evaluation...
[2025-05-26 22:49:32,272] [INFO] [DEBUG] Loaded compressed decoded weights.
[2025-05-26 22:50:21,195] [INFO] Model initialized on device: cuda:0
[2025-05-26 22:50:21,196] [INFO] Model initialized on device: cuda:0
[2025-05-26 22:50:21,871] [INFO] Model initialized on device: cuda:0
[2025-05-26 22:50:21,875] [INFO] Model initialized on device: cuda:0
[2025-05-26 22:50:21,889] [INFO] Model initialized on device: cuda:0
[2025-05-26 22:50:21,893] [INFO] Model initialized on device: cuda:0
[2025-05-26 22:50:21,896] [INFO] Model initialized on device: cuda:0
[2025-05-26 22:50:21,982] [INFO] Model initialized on device: cuda:0
[2025-05-26 22:50:27,152] [DEBUG] [TEST] Batch 1 | Pred shape: torch.Size([256, 256, 160]) | Label shape: torch.Size([256, 256, 160])
[2025-05-26 22:50:27,520] [DEBUG] [TEST] Batch 2 | Pred shape: torch.Size([256, 256, 160]) | Label shape: torch.Size([256, 256, 160])
[2025-05-26 22:50:27,836] [DEBUG] [TEST] Batch 3 | Pred shape: torch.Size([256, 256, 160]) | Label shape: torch.Size([256, 256, 160])
[2025-05-26 22:50:28,154] [DEBUG] [TEST] Batch 4 | Pred shape: torch.Size([256, 256, 160]) | Label shape: torch.Size([256, 256, 160])
[2025-05-26 22:50:28,484] [DEBUG] [TEST] Batch 5 | Pred shape: torch.Size([256, 256, 160]) | Label shape: torch.Size([256, 256, 160])
[2025-05-26 22:50:28,821] [DEBUG] [TEST] Batch 6 | Pred shape: torch.Size([256, 256, 160]) | Label shape: torch.Size([256, 256, 160])
[2025-05-26 22:50:29,151] [DEBUG] [TEST] Batch 7 | Pred shape: torch.Size([256, 256, 160]) | Label shape: torch.Size([256, 256, 160])
[2025-05-26 22:50:29,478] [DEBUG] [TEST] Batch 8 | Pred shape: torch.Size([256, 256, 160]) | Label shape: torch.Size([256, 256, 160])
[2025-05-26 22:50:29,813] [DEBUG] [TEST] Batch 9 | Pred shape: torch.Size([256, 256, 160]) | Label shape: torch.Size([256, 256, 160])
[2025-05-26 22:50:30,155] [DEBUG] [TEST] Batch 10 | Pred shape: torch.Size([256, 256, 160]) | Label shape: torch.Size([256, 256, 160])
[2025-05-26 22:50:37,090] [INFO] [EVALUATE] Dice WT: 0.1166
[2025-05-26 22:50:40,233] [INFO] [FIT] Received parameters. Starting local training...
[2025-05-26 22:50:43,171] [INFO] [DEBUG] Loaded compressed decoded weights.
[2025-05-26 22:50:43,178] [ERROR] [MODEL PARAMETER ERROR] Layer model.1.submodule.1.submodule.1.submodule.1.submodule.conv.unit0.conv.bias corrupted: mean=-5.890468912639335e-08, std=4.224786209761078e-07
[2025-05-26 22:50:43,179] [ERROR] [MODEL PARAMETER ERROR] Layer model.1.submodule.1.submodule.1.submodule.1.submodule.conv.unit1.conv.bias corrupted: mean=-2.4832898404270054e-08, std=4.31940321732327e-07
[2025-05-26 22:51:35,850] [INFO] Model initialized on device: cuda:0
[2025-05-26 22:51:36,009] [INFO] Model initialized on device: cuda:0
[2025-05-26 22:51:36,080] [INFO] Model initialized on device: cuda:0
[2025-05-26 22:51:36,604] [INFO] Model initialized on device: cuda:0
[2025-05-26 22:51:36,674] [INFO] Model initialized on device: cuda:0
[2025-05-26 22:51:36,703] [INFO] Model initialized on device: cuda:0
[2025-05-26 22:51:36,808] [INFO] Model initialized on device: cuda:0
[2025-05-26 22:51:36,895] [INFO] Model initialized on device: cuda:0
[2025-05-26 22:52:46,500] [INFO] [TRAIN] Epoch 1 Loss: 0.9900
[2025-05-26 22:53:35,476] [INFO] Model initialized on device: cuda:0
[2025-05-26 22:53:35,679] [INFO] Model initialized on device: cuda:0
[2025-05-26 22:53:35,776] [INFO] Model initialized on device: cuda:0
[2025-05-26 22:53:35,781] [INFO] Model initialized on device: cuda:0
[2025-05-26 22:53:35,784] [INFO] Model initialized on device: cuda:0
[2025-05-26 22:53:35,804] [INFO] Model initialized on device: cuda:0
[2025-05-26 22:53:35,883] [INFO] Model initialized on device: cuda:0
[2025-05-26 22:53:35,899] [INFO] Model initialized on device: cuda:0
[2025-05-26 22:54:41,473] [INFO] [TRAIN] Epoch 2 Loss: 0.9897
[2025-05-26 22:55:22,180] [INFO] Model initialized on device: cuda:0
[2025-05-26 22:55:22,281] [INFO] Model initialized on device: cuda:0
[2025-05-26 22:55:22,283] [INFO] Model initialized on device: cuda:0
[2025-05-26 22:55:22,585] [INFO] Model initialized on device: cuda:0
[2025-05-26 22:55:22,769] [INFO] Model initialized on device: cuda:0
[2025-05-26 22:55:22,782] [INFO] Model initialized on device: cuda:0
[2025-05-26 22:55:22,783] [INFO] Model initialized on device: cuda:0
[2025-05-26 22:55:22,786] [INFO] Model initialized on device: cuda:0
[2025-05-26 22:56:24,543] [INFO] [TRAIN] Epoch 3 Loss: 0.9894
[2025-05-26 22:56:57,717] [INFO] Model initialized on device: cuda:0
[2025-05-26 22:57:00,226] [INFO] Model initialized on device: cuda:0
[2025-05-26 22:57:00,604] [INFO] Model initialized on device: cuda:0
[2025-05-26 22:57:00,686] [INFO] Model initialized on device: cuda:0
[2025-05-26 22:57:00,772] [INFO] Model initialized on device: cuda:0
[2025-05-26 22:57:01,772] [INFO] Model initialized on device: cuda:0
[2025-05-26 22:57:02,005] [INFO] Model initialized on device: cuda:0
[2025-05-26 22:57:02,072] [INFO] Model initialized on device: cuda:0
[2025-05-26 22:57:58,278] [INFO] [TRAIN] Epoch 4 Loss: 0.9891
[2025-05-26 22:58:24,475] [INFO] Model initialized on device: cuda:0
[2025-05-26 22:58:27,680] [INFO] Model initialized on device: cuda:0
[2025-05-26 22:58:29,420] [INFO] Model initialized on device: cuda:0
[2025-05-26 22:58:29,502] [INFO] Model initialized on device: cuda:0
[2025-05-26 22:58:32,483] [INFO] Model initialized on device: cuda:0
[2025-05-26 22:58:32,809] [INFO] Model initialized on device: cuda:0
[2025-05-26 22:58:33,214] [INFO] Model initialized on device: cuda:0
[2025-05-26 22:58:34,171] [INFO] Model initialized on device: cuda:0
[2025-05-26 22:59:31,114] [INFO] [TRAIN] Epoch 5 Loss: 0.9887
[2025-05-26 22:59:31,115] [INFO] [FIT] Local training finished. Avg Loss: 0.9894
[2025-05-26 22:59:51,987] [INFO] Model initialized on device: cuda:0
[2025-05-26 22:59:54,494] [INFO] Model initialized on device: cuda:0
[2025-05-26 22:59:57,278] [INFO] Model initialized on device: cuda:0
[2025-05-26 22:59:57,506] [INFO] Model initialized on device: cuda:0
[2025-05-26 22:59:57,897] [INFO] Model initialized on device: cuda:0
[2025-05-26 22:59:58,394] [INFO] Model initialized on device: cuda:0
[2025-05-26 22:59:58,499] [INFO] Model initialized on device: cuda:0
[2025-05-26 22:59:58,519] [INFO] Model initialized on device: cuda:0
[2025-05-26 23:00:00,470] [DEBUG] [TEST] Batch 1 | Pred shape: torch.Size([256, 256, 160]) | Label shape: torch.Size([256, 256, 160])
[2025-05-26 23:00:00,551] [DEBUG] [TEST] Batch 2 | Pred shape: torch.Size([256, 256, 160]) | Label shape: torch.Size([256, 256, 160])
[2025-05-26 23:00:00,627] [DEBUG] [TEST] Batch 3 | Pred shape: torch.Size([256, 256, 160]) | Label shape: torch.Size([256, 256, 160])
[2025-05-26 23:00:01,077] [DEBUG] [TEST] Batch 4 | Pred shape: torch.Size([256, 256, 160]) | Label shape: torch.Size([256, 256, 160])
[2025-05-26 23:00:01,158] [DEBUG] [TEST] Batch 5 | Pred shape: torch.Size([256, 256, 160]) | Label shape: torch.Size([256, 256, 160])
[2025-05-26 23:00:01,233] [DEBUG] [TEST] Batch 6 | Pred shape: torch.Size([256, 256, 160]) | Label shape: torch.Size([256, 256, 160])
[2025-05-26 23:00:01,310] [DEBUG] [TEST] Batch 7 | Pred shape: torch.Size([256, 256, 160]) | Label shape: torch.Size([256, 256, 160])
[2025-05-26 23:00:01,478] [DEBUG] [TEST] Batch 8 | Pred shape: torch.Size([256, 256, 160]) | Label shape: torch.Size([256, 256, 160])
[2025-05-26 23:00:02,638] [DEBUG] [TEST] Batch 9 | Pred shape: torch.Size([256, 256, 160]) | Label shape: torch.Size([256, 256, 160])
[2025-05-26 23:00:02,714] [DEBUG] [TEST] Batch 10 | Pred shape: torch.Size([256, 256, 160]) | Label shape: torch.Size([256, 256, 160])
[2025-05-26 23:00:05,368] [INFO] [FIT] Final model saved to: Run_UNET_iid_fedWSOcomp_20250526/Client1/model_final.pth
[2025-05-26 23:00:43,810] [INFO] [EVALUATE] Starting evaluation...
[2025-05-26 23:00:47,277] [INFO] [DEBUG] Loaded compressed decoded weights.
[2025-05-26 23:01:37,702] [INFO] Model initialized on device: cuda:0
[2025-05-26 23:01:37,872] [INFO] Model initialized on device: cuda:0
[2025-05-26 23:01:37,890] [INFO] Model initialized on device: cuda:0
[2025-05-26 23:01:37,975] [INFO] Model initialized on device: cuda:0
[2025-05-26 23:01:37,986] [INFO] Model initialized on device: cuda:0
[2025-05-26 23:01:37,997] [INFO] Model initialized on device: cuda:0
[2025-05-26 23:01:37,999] [INFO] Model initialized on device: cuda:0
[2025-05-26 23:01:38,010] [INFO] Model initialized on device: cuda:0
[2025-05-26 23:01:43,996] [DEBUG] [TEST] Batch 1 | Pred shape: torch.Size([256, 256, 160]) | Label shape: torch.Size([256, 256, 160])
[2025-05-26 23:01:44,315] [DEBUG] [TEST] Batch 2 | Pred shape: torch.Size([256, 256, 160]) | Label shape: torch.Size([256, 256, 160])
[2025-05-26 23:01:44,621] [DEBUG] [TEST] Batch 3 | Pred shape: torch.Size([256, 256, 160]) | Label shape: torch.Size([256, 256, 160])
[2025-05-26 23:01:44,916] [DEBUG] [TEST] Batch 4 | Pred shape: torch.Size([256, 256, 160]) | Label shape: torch.Size([256, 256, 160])
[2025-05-26 23:01:45,162] [DEBUG] [TEST] Batch 5 | Pred shape: torch.Size([256, 256, 160]) | Label shape: torch.Size([256, 256, 160])
[2025-05-26 23:01:45,405] [DEBUG] [TEST] Batch 6 | Pred shape: torch.Size([256, 256, 160]) | Label shape: torch.Size([256, 256, 160])
[2025-05-26 23:01:45,729] [DEBUG] [TEST] Batch 7 | Pred shape: torch.Size([256, 256, 160]) | Label shape: torch.Size([256, 256, 160])
[2025-05-26 23:01:45,902] [DEBUG] [TEST] Batch 8 | Pred shape: torch.Size([256, 256, 160]) | Label shape: torch.Size([256, 256, 160])
[2025-05-26 23:01:45,984] [DEBUG] [TEST] Batch 9 | Pred shape: torch.Size([256, 256, 160]) | Label shape: torch.Size([256, 256, 160])
[2025-05-26 23:01:46,078] [DEBUG] [TEST] Batch 10 | Pred shape: torch.Size([256, 256, 160]) | Label shape: torch.Size([256, 256, 160])
[2025-05-26 23:01:52,948] [INFO] [EVALUATE] Dice WT: 0.1364
[2025-05-26 23:01:57,017] [INFO] [FIT] Received parameters. Starting local training...
[2025-05-26 23:01:59,479] [INFO] [DEBUG] Loaded compressed decoded weights.
[2025-05-26 23:01:59,486] [ERROR] [MODEL PARAMETER ERROR] Layer model.1.submodule.1.submodule.1.submodule.1.submodule.conv.unit0.conv.bias corrupted: mean=-3.977449836156666e-08, std=3.6586732221621787e-07
[2025-05-26 23:01:59,486] [ERROR] [MODEL PARAMETER ERROR] Layer model.1.submodule.1.submodule.1.submodule.1.submodule.conv.unit1.conv.bias corrupted: mean=1.2142333805087446e-09, std=3.6937467484676745e-07
[2025-05-26 23:01:59,488] [ERROR] [MODEL PARAMETER ERROR] Layer model.1.submodule.1.submodule.1.submodule.2.1.conv.unit0.conv.bias corrupted: mean=1.7561157505951996e-07, std=9.17117631615838e-07
[2025-05-26 23:02:44,988] [INFO] Model initialized on device: cuda:0
[2025-05-26 23:02:46,821] [INFO] Model initialized on device: cuda:0
[2025-05-26 23:02:47,539] [INFO] Model initialized on device: cuda:0
[2025-05-26 23:02:47,684] [INFO] Model initialized on device: cuda:0
[2025-05-26 23:02:47,877] [INFO] Model initialized on device: cuda:0
[2025-05-26 23:02:47,880] [INFO] Model initialized on device: cuda:0
[2025-05-26 23:02:47,934] [INFO] Model initialized on device: cuda:0
[2025-05-26 23:02:48,418] [INFO] Model initialized on device: cuda:0
[2025-05-26 23:03:50,779] [INFO] [TRAIN] Epoch 1 Loss: 0.9894
[2025-05-26 23:04:25,686] [INFO] Model initialized on device: cuda:0
[2025-05-26 23:04:25,970] [INFO] Model initialized on device: cuda:0
[2025-05-26 23:04:28,188] [INFO] Model initialized on device: cuda:0
[2025-05-26 23:04:28,196] [INFO] Model initialized on device: cuda:0
[2025-05-26 23:04:28,221] [INFO] Model initialized on device: cuda:0
[2025-05-26 23:04:28,476] [INFO] Model initialized on device: cuda:0
[2025-05-26 23:04:29,098] [INFO] Model initialized on device: cuda:0
[2025-05-26 23:04:29,105] [INFO] Model initialized on device: cuda:0
[2025-05-26 23:05:28,617] [INFO] [TRAIN] Epoch 2 Loss: 0.9890
[2025-05-26 23:05:58,582] [INFO] Model initialized on device: cuda:0
[2025-05-26 23:06:00,417] [INFO] Model initialized on device: cuda:0
[2025-05-26 23:06:00,598] [INFO] Model initialized on device: cuda:0
[2025-05-26 23:06:00,693] [INFO] Model initialized on device: cuda:0
[2025-05-26 23:06:00,705] [INFO] Model initialized on device: cuda:0
[2025-05-26 23:06:01,378] [INFO] Model initialized on device: cuda:0
[2025-05-26 23:06:01,406] [INFO] Model initialized on device: cuda:0
[2025-05-26 23:06:01,408] [INFO] Model initialized on device: cuda:0
[2025-05-26 23:07:01,817] [INFO] [TRAIN] Epoch 3 Loss: 0.9886
[2025-05-26 23:07:26,278] [INFO] Model initialized on device: cuda:0
[2025-05-26 23:07:30,491] [INFO] Model initialized on device: cuda:0
[2025-05-26 23:07:31,690] [INFO] Model initialized on device: cuda:0
[2025-05-26 23:07:33,118] [INFO] Model initialized on device: cuda:0
[2025-05-26 23:07:33,197] [INFO] Model initialized on device: cuda:0
[2025-05-26 23:07:33,214] [INFO] Model initialized on device: cuda:0
[2025-05-26 23:07:33,280] [INFO] Model initialized on device: cuda:0
[2025-05-26 23:07:33,282] [INFO] Model initialized on device: cuda:0
[2025-05-26 23:08:36,269] [INFO] [TRAIN] Epoch 4 Loss: 0.9883
[2025-05-26 23:09:04,217] [INFO] Model initialized on device: cuda:0
[2025-05-26 23:09:05,690] [INFO] Model initialized on device: cuda:0
[2025-05-26 23:09:08,800] [INFO] Model initialized on device: cuda:0
[2025-05-26 23:09:09,201] [INFO] Model initialized on device: cuda:0
[2025-05-26 23:09:09,276] [INFO] Model initialized on device: cuda:0
[2025-05-26 23:09:09,276] [INFO] Model initialized on device: cuda:0
[2025-05-26 23:09:09,291] [INFO] Model initialized on device: cuda:0
[2025-05-26 23:09:09,297] [INFO] Model initialized on device: cuda:0
[2025-05-26 23:10:10,323] [INFO] [TRAIN] Epoch 5 Loss: 0.9878
[2025-05-26 23:10:10,325] [INFO] [FIT] Local training finished. Avg Loss: 0.9886
[2025-05-26 23:10:38,307] [INFO] Model initialized on device: cuda:0
[2025-05-26 23:10:38,780] [INFO] Model initialized on device: cuda:0
[2025-05-26 23:10:41,574] [INFO] Model initialized on device: cuda:0
[2025-05-26 23:10:41,725] [INFO] Model initialized on device: cuda:0
[2025-05-26 23:10:41,913] [INFO] Model initialized on device: cuda:0
[2025-05-26 23:10:41,939] [INFO] Model initialized on device: cuda:0
[2025-05-26 23:10:41,940] [INFO] Model initialized on device: cuda:0
[2025-05-26 23:10:41,940] [INFO] Model initialized on device: cuda:0
[2025-05-26 23:10:46,278] [DEBUG] [TEST] Batch 1 | Pred shape: torch.Size([256, 256, 160]) | Label shape: torch.Size([256, 256, 160])
[2025-05-26 23:10:46,377] [DEBUG] [TEST] Batch 2 | Pred shape: torch.Size([256, 256, 160]) | Label shape: torch.Size([256, 256, 160])
[2025-05-26 23:10:46,478] [DEBUG] [TEST] Batch 3 | Pred shape: torch.Size([256, 256, 160]) | Label shape: torch.Size([256, 256, 160])
[2025-05-26 23:10:46,577] [DEBUG] [TEST] Batch 4 | Pred shape: torch.Size([256, 256, 160]) | Label shape: torch.Size([256, 256, 160])
[2025-05-26 23:10:46,700] [DEBUG] [TEST] Batch 5 | Pred shape: torch.Size([256, 256, 160]) | Label shape: torch.Size([256, 256, 160])
[2025-05-26 23:10:46,778] [DEBUG] [TEST] Batch 6 | Pred shape: torch.Size([256, 256, 160]) | Label shape: torch.Size([256, 256, 160])
[2025-05-26 23:10:46,878] [DEBUG] [TEST] Batch 7 | Pred shape: torch.Size([256, 256, 160]) | Label shape: torch.Size([256, 256, 160])
[2025-05-26 23:10:46,977] [DEBUG] [TEST] Batch 8 | Pred shape: torch.Size([256, 256, 160]) | Label shape: torch.Size([256, 256, 160])
[2025-05-26 23:10:48,705] [DEBUG] [TEST] Batch 9 | Pred shape: torch.Size([256, 256, 160]) | Label shape: torch.Size([256, 256, 160])
[2025-05-26 23:10:48,852] [DEBUG] [TEST] Batch 10 | Pred shape: torch.Size([256, 256, 160]) | Label shape: torch.Size([256, 256, 160])
[2025-05-26 23:10:52,957] [INFO] [FIT] Final model saved to: Run_UNET_iid_fedWSOcomp_20250526/Client1/model_final.pth
[2025-05-26 23:11:35,993] [INFO] [EVALUATE] Starting evaluation...
[2025-05-26 23:11:37,977] [INFO] [DEBUG] Loaded compressed decoded weights.
[2025-05-26 23:12:22,662] [INFO] Model initialized on device: cuda:0
[2025-05-26 23:12:22,804] [INFO] Model initialized on device: cuda:0
[2025-05-26 23:12:22,815] [INFO] Model initialized on device: cuda:0
[2025-05-26 23:12:22,851] [INFO] Model initialized on device: cuda:0
[2025-05-26 23:12:22,910] [INFO] Model initialized on device: cuda:0
[2025-05-26 23:12:22,963] [INFO] Model initialized on device: cuda:0
[2025-05-26 23:12:23,085] [INFO] Model initialized on device: cuda:0
[2025-05-26 23:12:24,012] [INFO] Model initialized on device: cuda:0
[2025-05-26 23:12:25,768] [DEBUG] [TEST] Batch 1 | Pred shape: torch.Size([256, 256, 160]) | Label shape: torch.Size([256, 256, 160])
[2025-05-26 23:12:26,052] [DEBUG] [TEST] Batch 2 | Pred shape: torch.Size([256, 256, 160]) | Label shape: torch.Size([256, 256, 160])
[2025-05-26 23:12:26,128] [DEBUG] [TEST] Batch 3 | Pred shape: torch.Size([256, 256, 160]) | Label shape: torch.Size([256, 256, 160])
[2025-05-26 23:12:26,211] [DEBUG] [TEST] Batch 4 | Pred shape: torch.Size([256, 256, 160]) | Label shape: torch.Size([256, 256, 160])
[2025-05-26 23:12:26,289] [DEBUG] [TEST] Batch 5 | Pred shape: torch.Size([256, 256, 160]) | Label shape: torch.Size([256, 256, 160])
[2025-05-26 23:12:26,369] [DEBUG] [TEST] Batch 6 | Pred shape: torch.Size([256, 256, 160]) | Label shape: torch.Size([256, 256, 160])
[2025-05-26 23:12:26,579] [DEBUG] [TEST] Batch 7 | Pred shape: torch.Size([256, 256, 160]) | Label shape: torch.Size([256, 256, 160])
[2025-05-26 23:12:26,697] [DEBUG] [TEST] Batch 8 | Pred shape: torch.Size([256, 256, 160]) | Label shape: torch.Size([256, 256, 160])
[2025-05-26 23:12:27,570] [DEBUG] [TEST] Batch 9 | Pred shape: torch.Size([256, 256, 160]) | Label shape: torch.Size([256, 256, 160])
[2025-05-26 23:12:28,121] [DEBUG] [TEST] Batch 10 | Pred shape: torch.Size([256, 256, 160]) | Label shape: torch.Size([256, 256, 160])
[2025-05-26 23:12:31,559] [INFO] [EVALUATE] Dice WT: 0.1836
[2025-05-26 23:12:44,453] [INFO] [FIT] Received parameters. Starting local training...
[2025-05-26 23:12:48,376] [INFO] [DEBUG] Loaded compressed decoded weights.
[2025-05-26 23:12:48,481] [ERROR] [MODEL PARAMETER ERROR] Layer model.1.submodule.1.submodule.1.submodule.1.submodule.conv.unit0.conv.bias corrupted: mean=5.8408179626212586e-08, std=6.238504965949687e-07
[2025-05-26 23:12:48,482] [ERROR] [MODEL PARAMETER ERROR] Layer model.1.submodule.1.submodule.1.submodule.1.submodule.conv.unit1.conv.bias corrupted: mean=7.19076354016579e-09, std=6.049550052011909e-07
[2025-05-26 23:13:41,604] [INFO] Model initialized on device: cuda:0
[2025-05-26 23:13:41,702] [INFO] Model initialized on device: cuda:0
[2025-05-26 23:13:41,900] [INFO] Model initialized on device: cuda:0
[2025-05-26 23:13:42,299] [INFO] Model initialized on device: cuda:0
[2025-05-26 23:13:42,469] [INFO] Model initialized on device: cuda:0
[2025-05-26 23:13:42,502] [INFO] Model initialized on device: cuda:0
[2025-05-26 23:13:42,585] [INFO] Model initialized on device: cuda:0
[2025-05-26 23:13:42,586] [INFO] Model initialized on device: cuda:0
[2025-05-26 23:14:52,198] [INFO] [TRAIN] Epoch 1 Loss: 0.9887
[2025-05-26 23:15:39,713] [INFO] Model initialized on device: cuda:0
[2025-05-26 23:15:39,874] [INFO] Model initialized on device: cuda:0
[2025-05-26 23:15:39,986] [INFO] Model initialized on device: cuda:0
[2025-05-26 23:15:40,404] [INFO] Model initialized on device: cuda:0
[2025-05-26 23:15:40,471] [INFO] Model initialized on device: cuda:0
[2025-05-26 23:15:40,517] [INFO] Model initialized on device: cuda:0
[2025-05-26 23:15:40,572] [INFO] Model initialized on device: cuda:0
[2025-05-26 23:15:40,782] [INFO] Model initialized on device: cuda:0
[2025-05-26 23:16:45,031] [INFO] [TRAIN] Epoch 2 Loss: 0.9882
[2025-05-26 23:17:25,624] [INFO] Model initialized on device: cuda:0
[2025-05-26 23:17:27,904] [INFO] Model initialized on device: cuda:0
[2025-05-26 23:17:28,184] [INFO] Model initialized on device: cuda:0
[2025-05-26 23:17:28,373] [INFO] Model initialized on device: cuda:0
[2025-05-26 23:17:28,477] [INFO] Model initialized on device: cuda:0
[2025-05-26 23:17:28,609] [INFO] Model initialized on device: cuda:0
[2025-05-26 23:17:30,070] [INFO] Model initialized on device: cuda:0
[2025-05-26 23:17:30,110] [INFO] Model initialized on device: cuda:0
[2025-05-26 23:18:35,452] [INFO] [TRAIN] Epoch 3 Loss: 0.9878
[2025-05-26 23:19:05,002] [INFO] Model initialized on device: cuda:0
[2025-05-26 23:19:06,805] [INFO] Model initialized on device: cuda:0
[2025-05-26 23:19:07,487] [INFO] Model initialized on device: cuda:0
[2025-05-26 23:19:08,274] [INFO] Model initialized on device: cuda:0
[2025-05-26 23:19:08,308] [INFO] Model initialized on device: cuda:0
[2025-05-26 23:19:13,189] [INFO] Model initialized on device: cuda:0
[2025-05-26 23:19:13,286] [INFO] Model initialized on device: cuda:0
[2025-05-26 23:19:13,295] [INFO] Model initialized on device: cuda:0
[2025-05-26 23:20:13,191] [INFO] [TRAIN] Epoch 4 Loss: 0.9872
[2025-05-26 23:20:43,376] [INFO] Model initialized on device: cuda:0
[2025-05-26 23:20:44,306] [INFO] Model initialized on device: cuda:0
[2025-05-26 23:20:44,594] [INFO] Model initialized on device: cuda:0
[2025-05-26 23:20:44,976] [INFO] Model initialized on device: cuda:0
[2025-05-26 23:20:45,969] [INFO] Model initialized on device: cuda:0
[2025-05-26 23:20:45,971] [INFO] Model initialized on device: cuda:0
[2025-05-26 23:20:46,080] [INFO] Model initialized on device: cuda:0
[2025-05-26 23:20:46,080] [INFO] Model initialized on device: cuda:0
[2025-05-26 23:21:48,473] [INFO] [TRAIN] Epoch 5 Loss: 0.9867
[2025-05-26 23:21:48,474] [INFO] [FIT] Local training finished. Avg Loss: 0.9877
[2025-05-26 23:22:28,086] [INFO] Model initialized on device: cuda:0
[2025-05-26 23:22:28,125] [INFO] Model initialized on device: cuda:0
[2025-05-26 23:22:28,369] [INFO] Model initialized on device: cuda:0
[2025-05-26 23:22:29,069] [INFO] Model initialized on device: cuda:0
[2025-05-26 23:22:29,269] [INFO] Model initialized on device: cuda:0
[2025-05-26 23:22:29,292] [INFO] Model initialized on device: cuda:0
[2025-05-26 23:22:29,292] [INFO] Model initialized on device: cuda:0
[2025-05-26 23:22:29,432] [INFO] Model initialized on device: cuda:0
[2025-05-26 23:22:32,733] [DEBUG] [TEST] Batch 1 | Pred shape: torch.Size([256, 256, 160]) | Label shape: torch.Size([256, 256, 160])
[2025-05-26 23:22:32,900] [DEBUG] [TEST] Batch 2 | Pred shape: torch.Size([256, 256, 160]) | Label shape: torch.Size([256, 256, 160])
[2025-05-26 23:22:33,088] [DEBUG] [TEST] Batch 3 | Pred shape: torch.Size([256, 256, 160]) | Label shape: torch.Size([256, 256, 160])
[2025-05-26 23:22:33,283] [DEBUG] [TEST] Batch 4 | Pred shape: torch.Size([256, 256, 160]) | Label shape: torch.Size([256, 256, 160])
[2025-05-26 23:22:33,478] [DEBUG] [TEST] Batch 5 | Pred shape: torch.Size([256, 256, 160]) | Label shape: torch.Size([256, 256, 160])
[2025-05-26 23:22:33,674] [DEBUG] [TEST] Batch 6 | Pred shape: torch.Size([256, 256, 160]) | Label shape: torch.Size([256, 256, 160])
[2025-05-26 23:22:33,840] [DEBUG] [TEST] Batch 7 | Pred shape: torch.Size([256, 256, 160]) | Label shape: torch.Size([256, 256, 160])
[2025-05-26 23:22:33,936] [DEBUG] [TEST] Batch 8 | Pred shape: torch.Size([256, 256, 160]) | Label shape: torch.Size([256, 256, 160])
[2025-05-26 23:22:35,321] [DEBUG] [TEST] Batch 9 | Pred shape: torch.Size([256, 256, 160]) | Label shape: torch.Size([256, 256, 160])
[2025-05-26 23:22:35,399] [DEBUG] [TEST] Batch 10 | Pred shape: torch.Size([256, 256, 160]) | Label shape: torch.Size([256, 256, 160])
[2025-05-26 23:22:39,624] [INFO] [FIT] Final model saved to: Run_UNET_iid_fedWSOcomp_20250526/Client1/model_final.pth
[2025-05-26 23:23:18,671] [INFO] [EVALUATE] Starting evaluation...
[2025-05-26 23:23:23,081] [INFO] [DEBUG] Loaded compressed decoded weights.
[2025-05-26 23:24:12,816] [INFO] Model initialized on device: cuda:0
[2025-05-26 23:24:13,382] [INFO] Model initialized on device: cuda:0
[2025-05-26 23:24:13,481] [INFO] Model initialized on device: cuda:0
[2025-05-26 23:24:13,615] [INFO] Model initialized on device: cuda:0
[2025-05-26 23:24:13,774] [INFO] Model initialized on device: cuda:0
[2025-05-26 23:24:13,906] [INFO] Model initialized on device: cuda:0
[2025-05-26 23:24:13,976] [INFO] Model initialized on device: cuda:0
[2025-05-26 23:24:13,980] [INFO] Model initialized on device: cuda:0
[2025-05-26 23:24:19,477] [DEBUG] [TEST] Batch 1 | Pred shape: torch.Size([256, 256, 160]) | Label shape: torch.Size([256, 256, 160])
[2025-05-26 23:24:19,793] [DEBUG] [TEST] Batch 2 | Pred shape: torch.Size([256, 256, 160]) | Label shape: torch.Size([256, 256, 160])
[2025-05-26 23:24:20,097] [DEBUG] [TEST] Batch 3 | Pred shape: torch.Size([256, 256, 160]) | Label shape: torch.Size([256, 256, 160])
[2025-05-26 23:24:20,404] [DEBUG] [TEST] Batch 4 | Pred shape: torch.Size([256, 256, 160]) | Label shape: torch.Size([256, 256, 160])
[2025-05-26 23:24:20,710] [DEBUG] [TEST] Batch 5 | Pred shape: torch.Size([256, 256, 160]) | Label shape: torch.Size([256, 256, 160])
[2025-05-26 23:24:20,988] [DEBUG] [TEST] Batch 6 | Pred shape: torch.Size([256, 256, 160]) | Label shape: torch.Size([256, 256, 160])
[2025-05-26 23:24:21,313] [DEBUG] [TEST] Batch 7 | Pred shape: torch.Size([256, 256, 160]) | Label shape: torch.Size([256, 256, 160])
[2025-05-26 23:24:21,652] [DEBUG] [TEST] Batch 8 | Pred shape: torch.Size([256, 256, 160]) | Label shape: torch.Size([256, 256, 160])
[2025-05-26 23:24:21,733] [DEBUG] [TEST] Batch 9 | Pred shape: torch.Size([256, 256, 160]) | Label shape: torch.Size([256, 256, 160])
[2025-05-26 23:24:21,869] [DEBUG] [TEST] Batch 10 | Pred shape: torch.Size([256, 256, 160]) | Label shape: torch.Size([256, 256, 160])
[2025-05-26 23:24:28,996] [INFO] [EVALUATE] Dice WT: 0.2057
[2025-05-26 23:24:33,324] [INFO] [FIT] Received parameters. Starting local training...
[2025-05-26 23:24:37,281] [INFO] [DEBUG] Loaded compressed decoded weights.
[2025-05-26 23:24:37,288] [ERROR] [MODEL PARAMETER ERROR] Layer model.1.submodule.1.submodule.1.submodule.1.submodule.conv.unit0.conv.bias corrupted: mean=2.9142421809069674e-09, std=4.6224832317420805e-07
[2025-05-26 23:24:37,288] [ERROR] [MODEL PARAMETER ERROR] Layer model.1.submodule.1.submodule.1.submodule.1.submodule.conv.unit1.conv.bias corrupted: mean=-1.0874313893793897e-08, std=5.005823595638503e-07
[2025-05-26 23:25:26,063] [INFO] Model initialized on device: cuda:0
[2025-05-26 23:25:26,233] [INFO] Model initialized on device: cuda:0
[2025-05-26 23:25:26,486] [INFO] Model initialized on device: cuda:0
[2025-05-26 23:25:26,600] [INFO] Model initialized on device: cuda:0
[2025-05-26 23:25:26,889] [INFO] Model initialized on device: cuda:0
[2025-05-26 23:25:26,904] [INFO] Model initialized on device: cuda:0
[2025-05-26 23:25:26,908] [INFO] Model initialized on device: cuda:0
[2025-05-26 23:25:26,971] [INFO] Model initialized on device: cuda:0
[2025-05-26 23:26:35,488] [INFO] [TRAIN] Epoch 1 Loss: 0.9878
[2025-05-26 23:27:06,780] [INFO] Model initialized on device: cuda:0
[2025-05-26 23:27:06,976] [INFO] Model initialized on device: cuda:0
[2025-05-26 23:27:08,998] [INFO] Model initialized on device: cuda:0
[2025-05-26 23:27:11,502] [INFO] Model initialized on device: cuda:0
[2025-05-26 23:27:11,778] [INFO] Model initialized on device: cuda:0
[2025-05-26 23:27:11,871] [INFO] Model initialized on device: cuda:0
[2025-05-26 23:27:12,184] [INFO] Model initialized on device: cuda:0
[2025-05-26 23:27:12,399] [INFO] Model initialized on device: cuda:0
[2025-05-26 23:28:14,075] [INFO] [TRAIN] Epoch 2 Loss: 0.9872
[2025-05-26 23:28:42,179] [INFO] Model initialized on device: cuda:0
[2025-05-26 23:28:43,486] [INFO] Model initialized on device: cuda:0
[2025-05-26 23:28:45,673] [INFO] Model initialized on device: cuda:0
[2025-05-26 23:28:45,691] [INFO] Model initialized on device: cuda:0
[2025-05-26 23:28:45,692] [INFO] Model initialized on device: cuda:0
[2025-05-26 23:28:45,700] [INFO] Model initialized on device: cuda:0
[2025-05-26 23:28:46,278] [INFO] Model initialized on device: cuda:0
[2025-05-26 23:28:46,280] [INFO] Model initialized on device: cuda:0
[2025-05-26 23:29:45,078] [INFO] [TRAIN] Epoch 3 Loss: 0.9866
[2025-05-26 23:30:09,708] [INFO] Model initialized on device: cuda:0
[2025-05-26 23:30:10,985] [INFO] Model initialized on device: cuda:0
[2025-05-26 23:30:13,174] [INFO] Model initialized on device: cuda:0
[2025-05-26 23:30:13,672] [INFO] Model initialized on device: cuda:0
[2025-05-26 23:30:13,687] [INFO] Model initialized on device: cuda:0
[2025-05-26 23:30:13,770] [INFO] Model initialized on device: cuda:0
[2025-05-26 23:30:13,770] [INFO] Model initialized on device: cuda:0
[2025-05-26 23:30:13,782] [INFO] Model initialized on device: cuda:0
[2025-05-26 23:31:15,080] [INFO] [TRAIN] Epoch 4 Loss: 0.9860
[2025-05-26 23:31:38,393] [INFO] Model initialized on device: cuda:0
[2025-05-26 23:31:39,311] [INFO] Model initialized on device: cuda:0
[2025-05-26 23:31:40,571] [INFO] Model initialized on device: cuda:0
[2025-05-26 23:31:40,619] [INFO] Model initialized on device: cuda:0
[2025-05-26 23:31:40,788] [INFO] Model initialized on device: cuda:0
[2025-05-26 23:31:40,874] [INFO] Model initialized on device: cuda:0
[2025-05-26 23:31:41,273] [INFO] Model initialized on device: cuda:0
[2025-05-26 23:31:41,281] [INFO] Model initialized on device: cuda:0
[2025-05-26 23:32:42,968] [INFO] [TRAIN] Epoch 5 Loss: 0.9854
[2025-05-26 23:32:42,969] [INFO] [FIT] Local training finished. Avg Loss: 0.9866
[2025-05-26 23:33:11,574] [INFO] Model initialized on device: cuda:0
[2025-05-26 23:33:12,207] [INFO] Model initialized on device: cuda:0
[2025-05-26 23:33:12,216] [INFO] Model initialized on device: cuda:0
[2025-05-26 23:33:12,273] [INFO] Model initialized on device: cuda:0
[2025-05-26 23:33:12,273] [INFO] Model initialized on device: cuda:0
[2025-05-26 23:33:12,274] [INFO] Model initialized on device: cuda:0
[2025-05-26 23:33:12,381] [INFO] Model initialized on device: cuda:0
[2025-05-26 23:33:12,390] [INFO] Model initialized on device: cuda:0
[2025-05-26 23:33:18,079] [DEBUG] [TEST] Batch 1 | Pred shape: torch.Size([256, 256, 160]) | Label shape: torch.Size([256, 256, 160])
[2025-05-26 23:33:18,174] [DEBUG] [TEST] Batch 2 | Pred shape: torch.Size([256, 256, 160]) | Label shape: torch.Size([256, 256, 160])
[2025-05-26 23:33:18,250] [DEBUG] [TEST] Batch 3 | Pred shape: torch.Size([256, 256, 160]) | Label shape: torch.Size([256, 256, 160])
[2025-05-26 23:33:18,337] [DEBUG] [TEST] Batch 4 | Pred shape: torch.Size([256, 256, 160]) | Label shape: torch.Size([256, 256, 160])
[2025-05-26 23:33:18,413] [DEBUG] [TEST] Batch 5 | Pred shape: torch.Size([256, 256, 160]) | Label shape: torch.Size([256, 256, 160])
[2025-05-26 23:33:18,497] [DEBUG] [TEST] Batch 6 | Pred shape: torch.Size([256, 256, 160]) | Label shape: torch.Size([256, 256, 160])
[2025-05-26 23:33:18,577] [DEBUG] [TEST] Batch 7 | Pred shape: torch.Size([256, 256, 160]) | Label shape: torch.Size([256, 256, 160])
[2025-05-26 23:33:18,657] [DEBUG] [TEST] Batch 8 | Pred shape: torch.Size([256, 256, 160]) | Label shape: torch.Size([256, 256, 160])
[2025-05-26 23:33:20,467] [DEBUG] [TEST] Batch 9 | Pred shape: torch.Size([256, 256, 160]) | Label shape: torch.Size([256, 256, 160])
[2025-05-26 23:33:20,545] [DEBUG] [TEST] Batch 10 | Pred shape: torch.Size([256, 256, 160]) | Label shape: torch.Size([256, 256, 160])
[2025-05-26 23:33:24,998] [INFO] [FIT] Final model saved to: Run_UNET_iid_fedWSOcomp_20250526/Client1/model_final.pth
[2025-05-26 23:34:14,107] [INFO] [EVALUATE] Starting evaluation...
[2025-05-26 23:34:17,979] [INFO] [DEBUG] Loaded compressed decoded weights.
[2025-05-26 23:35:09,136] [INFO] Model initialized on device: cuda:0
[2025-05-26 23:35:09,587] [INFO] Model initialized on device: cuda:0
[2025-05-26 23:35:09,812] [INFO] Model initialized on device: cuda:0
[2025-05-26 23:35:09,872] [INFO] Model initialized on device: cuda:0
[2025-05-26 23:35:09,873] [INFO] Model initialized on device: cuda:0
[2025-05-26 23:35:09,892] [INFO] Model initialized on device: cuda:0
[2025-05-26 23:35:09,899] [INFO] Model initialized on device: cuda:0
[2025-05-26 23:35:09,899] [INFO] Model initialized on device: cuda:0
[2025-05-26 23:35:15,744] [DEBUG] [TEST] Batch 1 | Pred shape: torch.Size([256, 256, 160]) | Label shape: torch.Size([256, 256, 160])
[2025-05-26 23:35:16,027] [DEBUG] [TEST] Batch 2 | Pred shape: torch.Size([256, 256, 160]) | Label shape: torch.Size([256, 256, 160])
[2025-05-26 23:35:16,295] [DEBUG] [TEST] Batch 3 | Pred shape: torch.Size([256, 256, 160]) | Label shape: torch.Size([256, 256, 160])
[2025-05-26 23:35:16,570] [DEBUG] [TEST] Batch 4 | Pred shape: torch.Size([256, 256, 160]) | Label shape: torch.Size([256, 256, 160])
[2025-05-26 23:35:16,894] [DEBUG] [TEST] Batch 5 | Pred shape: torch.Size([256, 256, 160]) | Label shape: torch.Size([256, 256, 160])
[2025-05-26 23:35:17,220] [DEBUG] [TEST] Batch 6 | Pred shape: torch.Size([256, 256, 160]) | Label shape: torch.Size([256, 256, 160])
[2025-05-26 23:35:17,552] [DEBUG] [TEST] Batch 7 | Pred shape: torch.Size([256, 256, 160]) | Label shape: torch.Size([256, 256, 160])
[2025-05-26 23:35:17,804] [DEBUG] [TEST] Batch 8 | Pred shape: torch.Size([256, 256, 160]) | Label shape: torch.Size([256, 256, 160])
[2025-05-26 23:35:17,884] [DEBUG] [TEST] Batch 9 | Pred shape: torch.Size([256, 256, 160]) | Label shape: torch.Size([256, 256, 160])
[2025-05-26 23:35:17,979] [DEBUG] [TEST] Batch 10 | Pred shape: torch.Size([256, 256, 160]) | Label shape: torch.Size([256, 256, 160])
[2025-05-26 23:35:24,721] [INFO] [EVALUATE] Dice WT: 0.2618
[2025-05-26 23:35:26,884] [INFO] [FIT] Received parameters. Starting local training...
[2025-05-26 23:35:29,682] [INFO] [DEBUG] Loaded compressed decoded weights.
[2025-05-26 23:35:29,689] [ERROR] [MODEL PARAMETER ERROR] Layer model.1.submodule.1.submodule.1.submodule.1.submodule.conv.unit1.conv.bias corrupted: mean=-9.261209754640731e-08, std=9.797782922760234e-07
[2025-05-26 23:36:19,054] [INFO] Model initialized on device: cuda:0
[2025-05-26 23:36:19,057] [INFO] Model initialized on device: cuda:0
[2025-05-26 23:36:19,248] [INFO] Model initialized on device: cuda:0
[2025-05-26 23:36:19,256] [INFO] Model initialized on device: cuda:0
[2025-05-26 23:36:19,913] [INFO] Model initialized on device: cuda:0
[2025-05-26 23:36:20,104] [INFO] Model initialized on device: cuda:0
[2025-05-26 23:36:20,273] [INFO] Model initialized on device: cuda:0
[2025-05-26 23:36:20,274] [INFO] Model initialized on device: cuda:0
[2025-05-26 23:37:29,130] [INFO] [TRAIN] Epoch 1 Loss: 0.9867
[2025-05-26 23:38:16,379] [INFO] Model initialized on device: cuda:0
[2025-05-26 23:38:16,491] [INFO] Model initialized on device: cuda:0
[2025-05-26 23:38:16,775] [INFO] Model initialized on device: cuda:0
[2025-05-26 23:38:16,802] [INFO] Model initialized on device: cuda:0
[2025-05-26 23:38:16,803] [INFO] Model initialized on device: cuda:0
[2025-05-26 23:38:16,803] [INFO] Model initialized on device: cuda:0
[2025-05-26 23:38:16,811] [INFO] Model initialized on device: cuda:0
[2025-05-26 23:38:16,812] [INFO] Model initialized on device: cuda:0
[2025-05-26 23:39:22,222] [INFO] [TRAIN] Epoch 2 Loss: 0.9858
[2025-05-26 23:39:52,671] [INFO] Model initialized on device: cuda:0
[2025-05-26 23:39:55,101] [INFO] Model initialized on device: cuda:0
[2025-05-26 23:39:55,706] [INFO] Model initialized on device: cuda:0
[2025-05-26 23:39:58,406] [INFO] Model initialized on device: cuda:0
[2025-05-26 23:39:59,585] [INFO] Model initialized on device: cuda:0
[2025-05-26 23:40:00,008] [INFO] Model initialized on device: cuda:0
[2025-05-26 23:40:00,672] [INFO] Model initialized on device: cuda:0
[2025-05-26 23:40:02,977] [INFO] Model initialized on device: cuda:0
[2025-05-26 23:41:02,125] [INFO] [TRAIN] Epoch 3 Loss: 0.9851
[2025-05-26 23:41:28,179] [INFO] Model initialized on device: cuda:0
[2025-05-26 23:41:30,482] [INFO] Model initialized on device: cuda:0
[2025-05-26 23:41:32,294] [INFO] Model initialized on device: cuda:0
[2025-05-26 23:41:32,974] [INFO] Model initialized on device: cuda:0
[2025-05-26 23:41:35,127] [INFO] Model initialized on device: cuda:0
[2025-05-26 23:41:36,104] [INFO] Model initialized on device: cuda:0
[2025-05-26 23:41:36,885] [INFO] Model initialized on device: cuda:0
[2025-05-26 23:41:38,469] [INFO] Model initialized on device: cuda:0
[2025-05-26 23:42:37,382] [INFO] [TRAIN] Epoch 4 Loss: 0.9844
[2025-05-26 23:43:03,285] [INFO] Model initialized on device: cuda:0
[2025-05-26 23:43:06,413] [INFO] Model initialized on device: cuda:0
[2025-05-26 23:43:09,488] [INFO] Model initialized on device: cuda:0
[2025-05-26 23:43:09,492] [INFO] Model initialized on device: cuda:0
[2025-05-26 23:43:10,084] [INFO] Model initialized on device: cuda:0
[2025-05-26 23:43:10,086] [INFO] Model initialized on device: cuda:0
[2025-05-26 23:43:10,403] [INFO] Model initialized on device: cuda:0
[2025-05-26 23:43:10,487] [INFO] Model initialized on device: cuda:0
[2025-05-26 23:44:10,011] [INFO] [TRAIN] Epoch 5 Loss: 0.9834
[2025-05-26 23:44:10,013] [INFO] [FIT] Local training finished. Avg Loss: 0.9851
[2025-05-26 23:44:28,596] [INFO] Model initialized on device: cuda:0
[2025-05-26 23:44:29,706] [INFO] Model initialized on device: cuda:0
[2025-05-26 23:44:30,135] [INFO] Model initialized on device: cuda:0
[2025-05-26 23:44:30,154] [INFO] Model initialized on device: cuda:0
[2025-05-26 23:44:30,202] [INFO] Model initialized on device: cuda:0
[2025-05-26 23:44:30,324] [INFO] Model initialized on device: cuda:0
[2025-05-26 23:44:30,358] [INFO] Model initialized on device: cuda:0
[2025-05-26 23:44:30,412] [INFO] Model initialized on device: cuda:0
[2025-05-26 23:44:33,133] [DEBUG] [TEST] Batch 1 | Pred shape: torch.Size([256, 256, 160]) | Label shape: torch.Size([256, 256, 160])
[2025-05-26 23:44:33,226] [DEBUG] [TEST] Batch 2 | Pred shape: torch.Size([256, 256, 160]) | Label shape: torch.Size([256, 256, 160])
[2025-05-26 23:44:33,306] [DEBUG] [TEST] Batch 3 | Pred shape: torch.Size([256, 256, 160]) | Label shape: torch.Size([256, 256, 160])
[2025-05-26 23:44:33,382] [DEBUG] [TEST] Batch 4 | Pred shape: torch.Size([256, 256, 160]) | Label shape: torch.Size([256, 256, 160])
[2025-05-26 23:44:33,492] [DEBUG] [TEST] Batch 5 | Pred shape: torch.Size([256, 256, 160]) | Label shape: torch.Size([256, 256, 160])
[2025-05-26 23:44:33,583] [DEBUG] [TEST] Batch 6 | Pred shape: torch.Size([256, 256, 160]) | Label shape: torch.Size([256, 256, 160])
[2025-05-26 23:44:33,660] [DEBUG] [TEST] Batch 7 | Pred shape: torch.Size([256, 256, 160]) | Label shape: torch.Size([256, 256, 160])
[2025-05-26 23:44:33,752] [DEBUG] [TEST] Batch 8 | Pred shape: torch.Size([256, 256, 160]) | Label shape: torch.Size([256, 256, 160])
[2025-05-26 23:44:35,072] [DEBUG] [TEST] Batch 9 | Pred shape: torch.Size([256, 256, 160]) | Label shape: torch.Size([256, 256, 160])
[2025-05-26 23:44:35,148] [DEBUG] [TEST] Batch 10 | Pred shape: torch.Size([256, 256, 160]) | Label shape: torch.Size([256, 256, 160])
[2025-05-26 23:44:37,564] [INFO] [FIT] Final model saved to: Run_UNET_iid_fedWSOcomp_20250526/Client1/model_final.pth
[2025-05-26 23:45:18,731] [INFO] [EVALUATE] Starting evaluation...
[2025-05-26 23:45:23,378] [INFO] [DEBUG] Loaded compressed decoded weights.
[2025-05-26 23:46:11,610] [INFO] Model initialized on device: cuda:0
[2025-05-26 23:46:11,697] [INFO] Model initialized on device: cuda:0
[2025-05-26 23:46:11,877] [INFO] Model initialized on device: cuda:0
[2025-05-26 23:46:11,993] [INFO] Model initialized on device: cuda:0
[2025-05-26 23:46:12,683] [INFO] Model initialized on device: cuda:0
[2025-05-26 23:46:12,686] [INFO] Model initialized on device: cuda:0
[2025-05-26 23:46:12,778] [INFO] Model initialized on device: cuda:0
[2025-05-26 23:46:12,898] [INFO] Model initialized on device: cuda:0
[2025-05-26 23:46:18,180] [DEBUG] [TEST] Batch 1 | Pred shape: torch.Size([256, 256, 160]) | Label shape: torch.Size([256, 256, 160])
[2025-05-26 23:46:18,467] [DEBUG] [TEST] Batch 2 | Pred shape: torch.Size([256, 256, 160]) | Label shape: torch.Size([256, 256, 160])
[2025-05-26 23:46:18,779] [DEBUG] [TEST] Batch 3 | Pred shape: torch.Size([256, 256, 160]) | Label shape: torch.Size([256, 256, 160])
[2025-05-26 23:46:19,093] [DEBUG] [TEST] Batch 4 | Pred shape: torch.Size([256, 256, 160]) | Label shape: torch.Size([256, 256, 160])
[2025-05-26 23:46:19,338] [DEBUG] [TEST] Batch 5 | Pred shape: torch.Size([256, 256, 160]) | Label shape: torch.Size([256, 256, 160])
[2025-05-26 23:46:19,593] [DEBUG] [TEST] Batch 6 | Pred shape: torch.Size([256, 256, 160]) | Label shape: torch.Size([256, 256, 160])
[2025-05-26 23:46:19,913] [DEBUG] [TEST] Batch 7 | Pred shape: torch.Size([256, 256, 160]) | Label shape: torch.Size([256, 256, 160])
[2025-05-26 23:46:20,249] [DEBUG] [TEST] Batch 8 | Pred shape: torch.Size([256, 256, 160]) | Label shape: torch.Size([256, 256, 160])
[2025-05-26 23:46:20,496] [DEBUG] [TEST] Batch 9 | Pred shape: torch.Size([256, 256, 160]) | Label shape: torch.Size([256, 256, 160])
[2025-05-26 23:46:20,737] [DEBUG] [TEST] Batch 10 | Pred shape: torch.Size([256, 256, 160]) | Label shape: torch.Size([256, 256, 160])
[2025-05-26 23:46:26,659] [INFO] [EVALUATE] Dice WT: 0.3033
[2025-05-26 23:46:31,670] [INFO] [FIT] Received parameters. Starting local training...
[2025-05-26 23:46:35,583] [INFO] [DEBUG] Loaded compressed decoded weights.
[2025-05-26 23:46:35,589] [ERROR] [MODEL PARAMETER ERROR] Layer model.1.submodule.1.submodule.1.submodule.1.submodule.conv.unit1.conv.bias corrupted: mean=-7.26652515936621e-08, std=8.963526170191471e-07
[2025-05-26 23:47:23,116] [INFO] Model initialized on device: cuda:0
[2025-05-26 23:47:23,121] [INFO] Model initialized on device: cuda:0
[2025-05-26 23:47:23,503] [INFO] Model initialized on device: cuda:0
[2025-05-26 23:47:23,580] [INFO] Model initialized on device: cuda:0
[2025-05-26 23:47:23,787] [INFO] Model initialized on device: cuda:0
[2025-05-26 23:47:23,873] [INFO] Model initialized on device: cuda:0
[2025-05-26 23:47:23,900] [INFO] Model initialized on device: cuda:0
[2025-05-26 23:47:24,170] [INFO] Model initialized on device: cuda:0
[2025-05-26 23:48:31,052] [INFO] [TRAIN] Epoch 1 Loss: 0.9853
[2025-05-26 23:49:09,788] [INFO] Model initialized on device: cuda:0
[2025-05-26 23:49:15,299] [INFO] Model initialized on device: cuda:0
[2025-05-26 23:49:15,313] [INFO] Model initialized on device: cuda:0
[2025-05-26 23:49:15,374] [INFO] Model initialized on device: cuda:0
[2025-05-26 23:49:16,492] [INFO] Model initialized on device: cuda:0
[2025-05-26 23:49:17,282] [INFO] Model initialized on device: cuda:0
[2025-05-26 23:49:17,284] [INFO] Model initialized on device: cuda:0
[2025-05-26 23:49:17,683] [INFO] Model initialized on device: cuda:0
[2025-05-26 23:50:18,978] [INFO] [TRAIN] Epoch 2 Loss: 0.9843
[2025-05-26 23:50:51,310] [INFO] Model initialized on device: cuda:0
[2025-05-26 23:50:53,423] [INFO] Model initialized on device: cuda:0
[2025-05-26 23:50:55,672] [INFO] Model initialized on device: cuda:0
[2025-05-26 23:50:55,672] [INFO] Model initialized on device: cuda:0
[2025-05-26 23:50:55,673] [INFO] Model initialized on device: cuda:0
[2025-05-26 23:50:55,919] [INFO] Model initialized on device: cuda:0
[2025-05-26 23:50:56,008] [INFO] Model initialized on device: cuda:0
[2025-05-26 23:50:56,010] [INFO] Model initialized on device: cuda:0
[2025-05-26 23:51:55,329] [INFO] [TRAIN] Epoch 3 Loss: 0.9834
[2025-05-26 23:52:24,577] [INFO] Model initialized on device: cuda:0
[2025-05-26 23:52:24,983] [INFO] Model initialized on device: cuda:0
[2025-05-26 23:52:28,620] [INFO] Model initialized on device: cuda:0
[2025-05-26 23:52:28,890] [INFO] Model initialized on device: cuda:0
[2025-05-26 23:52:28,908] [INFO] Model initialized on device: cuda:0
[2025-05-26 23:52:28,991] [INFO] Model initialized on device: cuda:0
[2025-05-26 23:52:28,991] [INFO] Model initialized on device: cuda:0
[2025-05-26 23:52:28,992] [INFO] Model initialized on device: cuda:0
[2025-05-26 23:53:29,519] [INFO] [TRAIN] Epoch 4 Loss: 0.9824
[2025-05-26 23:53:56,972] [INFO] Model initialized on device: cuda:0
[2025-05-26 23:53:57,907] [INFO] Model initialized on device: cuda:0
[2025-05-26 23:54:01,587] [INFO] Model initialized on device: cuda:0
[2025-05-26 23:54:01,587] [INFO] Model initialized on device: cuda:0
[2025-05-26 23:54:01,590] [INFO] Model initialized on device: cuda:0
[2025-05-26 23:54:01,672] [INFO] Model initialized on device: cuda:0
[2025-05-26 23:54:01,705] [INFO] Model initialized on device: cuda:0
[2025-05-26 23:54:01,707] [INFO] Model initialized on device: cuda:0
[2025-05-26 23:55:01,356] [INFO] [TRAIN] Epoch 5 Loss: 0.9816
[2025-05-26 23:55:01,358] [INFO] [FIT] Local training finished. Avg Loss: 0.9834
[2025-05-26 23:55:17,500] [INFO] Model initialized on device: cuda:0
[2025-05-26 23:55:18,609] [INFO] Model initialized on device: cuda:0
[2025-05-26 23:55:19,923] [INFO] Model initialized on device: cuda:0
[2025-05-26 23:55:20,881] [INFO] Model initialized on device: cuda:0
[2025-05-26 23:55:21,629] [INFO] Model initialized on device: cuda:0
[2025-05-26 23:55:21,677] [INFO] Model initialized on device: cuda:0
[2025-05-26 23:55:21,724] [INFO] Model initialized on device: cuda:0
[2025-05-26 23:55:21,831] [INFO] Model initialized on device: cuda:0
[2025-05-26 23:55:24,745] [DEBUG] [TEST] Batch 1 | Pred shape: torch.Size([256, 256, 160]) | Label shape: torch.Size([256, 256, 160])
[2025-05-26 23:55:24,821] [DEBUG] [TEST] Batch 2 | Pred shape: torch.Size([256, 256, 160]) | Label shape: torch.Size([256, 256, 160])
[2025-05-26 23:55:24,900] [DEBUG] [TEST] Batch 3 | Pred shape: torch.Size([256, 256, 160]) | Label shape: torch.Size([256, 256, 160])
[2025-05-26 23:55:24,976] [DEBUG] [TEST] Batch 4 | Pred shape: torch.Size([256, 256, 160]) | Label shape: torch.Size([256, 256, 160])
[2025-05-26 23:55:25,053] [DEBUG] [TEST] Batch 5 | Pred shape: torch.Size([256, 256, 160]) | Label shape: torch.Size([256, 256, 160])
[2025-05-26 23:55:25,129] [DEBUG] [TEST] Batch 6 | Pred shape: torch.Size([256, 256, 160]) | Label shape: torch.Size([256, 256, 160])
[2025-05-26 23:55:25,208] [DEBUG] [TEST] Batch 7 | Pred shape: torch.Size([256, 256, 160]) | Label shape: torch.Size([256, 256, 160])
[2025-05-26 23:55:25,301] [DEBUG] [TEST] Batch 8 | Pred shape: torch.Size([256, 256, 160]) | Label shape: torch.Size([256, 256, 160])
[2025-05-26 23:55:26,935] [DEBUG] [TEST] Batch 9 | Pred shape: torch.Size([256, 256, 160]) | Label shape: torch.Size([256, 256, 160])
[2025-05-26 23:55:27,064] [DEBUG] [TEST] Batch 10 | Pred shape: torch.Size([256, 256, 160]) | Label shape: torch.Size([256, 256, 160])
[2025-05-26 23:55:29,618] [INFO] [FIT] Final model saved to: Run_UNET_iid_fedWSOcomp_20250526/Client1/model_final.pth
[2025-05-26 23:56:12,784] [INFO] [EVALUATE] Starting evaluation...
[2025-05-26 23:56:17,384] [INFO] [DEBUG] Loaded compressed decoded weights.
[2025-05-26 23:57:02,701] [INFO] Model initialized on device: cuda:0
[2025-05-26 23:57:03,005] [INFO] Model initialized on device: cuda:0
[2025-05-26 23:57:03,091] [INFO] Model initialized on device: cuda:0
[2025-05-26 23:57:03,092] [INFO] Model initialized on device: cuda:0
[2025-05-26 23:57:03,101] [INFO] Model initialized on device: cuda:0
[2025-05-26 23:57:03,219] [INFO] Model initialized on device: cuda:0
[2025-05-26 23:57:03,219] [INFO] Model initialized on device: cuda:0
[2025-05-26 23:57:03,220] [INFO] Model initialized on device: cuda:0
[2025-05-26 23:57:06,855] [DEBUG] [TEST] Batch 1 | Pred shape: torch.Size([256, 256, 160]) | Label shape: torch.Size([256, 256, 160])
[2025-05-26 23:57:07,105] [DEBUG] [TEST] Batch 2 | Pred shape: torch.Size([256, 256, 160]) | Label shape: torch.Size([256, 256, 160])
[2025-05-26 23:57:07,273] [DEBUG] [TEST] Batch 3 | Pred shape: torch.Size([256, 256, 160]) | Label shape: torch.Size([256, 256, 160])
[2025-05-26 23:57:07,520] [DEBUG] [TEST] Batch 4 | Pred shape: torch.Size([256, 256, 160]) | Label shape: torch.Size([256, 256, 160])
[2025-05-26 23:57:07,768] [DEBUG] [TEST] Batch 5 | Pred shape: torch.Size([256, 256, 160]) | Label shape: torch.Size([256, 256, 160])
[2025-05-26 23:57:07,942] [DEBUG] [TEST] Batch 6 | Pred shape: torch.Size([256, 256, 160]) | Label shape: torch.Size([256, 256, 160])
[2025-05-26 23:57:08,116] [DEBUG] [TEST] Batch 7 | Pred shape: torch.Size([256, 256, 160]) | Label shape: torch.Size([256, 256, 160])
[2025-05-26 23:57:08,197] [DEBUG] [TEST] Batch 8 | Pred shape: torch.Size([256, 256, 160]) | Label shape: torch.Size([256, 256, 160])
[2025-05-26 23:57:08,983] [DEBUG] [TEST] Batch 9 | Pred shape: torch.Size([256, 256, 160]) | Label shape: torch.Size([256, 256, 160])
[2025-05-26 23:57:09,063] [DEBUG] [TEST] Batch 10 | Pred shape: torch.Size([256, 256, 160]) | Label shape: torch.Size([256, 256, 160])
[2025-05-26 23:57:12,605] [INFO] [EVALUATE] Dice WT: 0.3714
[2025-05-26 23:57:17,217] [INFO] [FIT] Received parameters. Starting local training...
[2025-05-26 23:57:20,669] [INFO] [DEBUG] Loaded compressed decoded weights.
[2025-05-26 23:58:08,798] [INFO] Model initialized on device: cuda:0
[2025-05-26 23:58:10,519] [INFO] Model initialized on device: cuda:0
[2025-05-26 23:58:10,980] [INFO] Model initialized on device: cuda:0
[2025-05-26 23:58:11,010] [INFO] Model initialized on device: cuda:0
[2025-05-26 23:58:11,078] [INFO] Model initialized on device: cuda:0
[2025-05-26 23:58:11,080] [INFO] Model initialized on device: cuda:0
[2025-05-26 23:58:11,082] [INFO] Model initialized on device: cuda:0
[2025-05-26 23:58:11,288] [INFO] Model initialized on device: cuda:0
[2025-05-26 23:59:15,735] [INFO] [TRAIN] Epoch 1 Loss: 0.9835
[2025-05-26 23:59:52,006] [INFO] Model initialized on device: cuda:0
[2025-05-26 23:59:54,520] [INFO] Model initialized on device: cuda:0
[2025-05-26 23:59:56,004] [INFO] Model initialized on device: cuda:0
[2025-05-26 23:59:56,291] [INFO] Model initialized on device: cuda:0
[2025-05-26 23:59:57,480] [INFO] Model initialized on device: cuda:0
[2025-05-26 23:59:57,607] [INFO] Model initialized on device: cuda:0
[2025-05-26 23:59:58,693] [INFO] Model initialized on device: cuda:0
[2025-05-27 00:00:00,075] [INFO] Model initialized on device: cuda:0
[2025-05-27 00:00:59,676] [INFO] [TRAIN] Epoch 2 Loss: 0.9822
[2025-05-27 00:02:33,347] [INFO] [TRAIN] Epoch 3 Loss: 0.9810
[2025-05-27 00:04:05,325] [INFO] [TRAIN] Epoch 4 Loss: 0.9797
[2025-05-27 00:05:34,378] [INFO] [TRAIN] Epoch 5 Loss: 0.9786
[2025-05-27 00:05:34,381] [INFO] [FIT] Local training finished. Avg Loss: 0.9810
[2025-05-27 00:06:04,079] [DEBUG] [TEST] Batch 1 | Pred shape: torch.Size([256, 256, 160]) | Label shape: torch.Size([256, 256, 160])
[2025-05-27 00:06:04,155] [DEBUG] [TEST] Batch 2 | Pred shape: torch.Size([256, 256, 160]) | Label shape: torch.Size([256, 256, 160])
[2025-05-27 00:06:04,255] [DEBUG] [TEST] Batch 3 | Pred shape: torch.Size([256, 256, 160]) | Label shape: torch.Size([256, 256, 160])
[2025-05-27 00:06:04,333] [DEBUG] [TEST] Batch 4 | Pred shape: torch.Size([256, 256, 160]) | Label shape: torch.Size([256, 256, 160])
[2025-05-27 00:06:04,440] [DEBUG] [TEST] Batch 5 | Pred shape: torch.Size([256, 256, 160]) | Label shape: torch.Size([256, 256, 160])
[2025-05-27 00:06:04,518] [DEBUG] [TEST] Batch 6 | Pred shape: torch.Size([256, 256, 160]) | Label shape: torch.Size([256, 256, 160])
[2025-05-27 00:06:04,597] [DEBUG] [TEST] Batch 7 | Pred shape: torch.Size([256, 256, 160]) | Label shape: torch.Size([256, 256, 160])
[2025-05-27 00:06:04,681] [DEBUG] [TEST] Batch 8 | Pred shape: torch.Size([256, 256, 160]) | Label shape: torch.Size([256, 256, 160])
[2025-05-27 00:06:06,151] [DEBUG] [TEST] Batch 9 | Pred shape: torch.Size([256, 256, 160]) | Label shape: torch.Size([256, 256, 160])
[2025-05-27 00:06:06,227] [DEBUG] [TEST] Batch 10 | Pred shape: torch.Size([256, 256, 160]) | Label shape: torch.Size([256, 256, 160])
[2025-05-27 00:06:08,815] [INFO] [FIT] Final model saved to: Run_UNET_iid_fedWSOcomp_20250526/Client1/model_final.pth
[2025-05-27 00:06:50,908] [INFO] [EVALUATE] Starting evaluation...
[2025-05-27 00:06:55,373] [INFO] [DEBUG] Loaded compressed decoded weights.
[2025-05-27 00:07:48,535] [DEBUG] [TEST] Batch 1 | Pred shape: torch.Size([256, 256, 160]) | Label shape: torch.Size([256, 256, 160])
[2025-05-27 00:07:48,703] [DEBUG] [TEST] Batch 2 | Pred shape: torch.Size([256, 256, 160]) | Label shape: torch.Size([256, 256, 160])
[2025-05-27 00:07:49,005] [DEBUG] [TEST] Batch 3 | Pred shape: torch.Size([256, 256, 160]) | Label shape: torch.Size([256, 256, 160])
[2025-05-27 00:07:49,333] [DEBUG] [TEST] Batch 4 | Pred shape: torch.Size([256, 256, 160]) | Label shape: torch.Size([256, 256, 160])
[2025-05-27 00:07:49,670] [DEBUG] [TEST] Batch 5 | Pred shape: torch.Size([256, 256, 160]) | Label shape: torch.Size([256, 256, 160])
[2025-05-27 00:07:50,003] [DEBUG] [TEST] Batch 6 | Pred shape: torch.Size([256, 256, 160]) | Label shape: torch.Size([256, 256, 160])
[2025-05-27 00:07:50,333] [DEBUG] [TEST] Batch 7 | Pred shape: torch.Size([256, 256, 160]) | Label shape: torch.Size([256, 256, 160])
[2025-05-27 00:07:50,654] [DEBUG] [TEST] Batch 8 | Pred shape: torch.Size([256, 256, 160]) | Label shape: torch.Size([256, 256, 160])
[2025-05-27 00:07:50,962] [DEBUG] [TEST] Batch 9 | Pred shape: torch.Size([256, 256, 160]) | Label shape: torch.Size([256, 256, 160])
[2025-05-27 00:07:51,212] [DEBUG] [TEST] Batch 10 | Pred shape: torch.Size([256, 256, 160]) | Label shape: torch.Size([256, 256, 160])
[2025-05-27 00:07:57,891] [INFO] [EVALUATE] Dice WT: 0.4289
[2025-05-27 00:08:00,523] [INFO] [FIT] Received parameters. Starting local training...
[2025-05-27 00:08:02,482] [INFO] [DEBUG] Loaded compressed decoded weights.
[2025-05-27 00:09:55,211] [INFO] [TRAIN] Epoch 1 Loss: 0.9815
[2025-05-27 00:11:33,412] [INFO] [TRAIN] Epoch 2 Loss: 0.9798
[2025-05-27 00:13:16,877] [INFO] [TRAIN] Epoch 3 Loss: 0.9783
[2025-05-27 00:15:08,400] [INFO] [TRAIN] Epoch 4 Loss: 0.9770
[2025-05-27 00:17:00,709] [INFO] [TRAIN] Epoch 5 Loss: 0.9753
[2025-05-27 00:17:00,713] [INFO] [FIT] Local training finished. Avg Loss: 0.9784
[2025-05-27 00:17:45,607] [DEBUG] [TEST] Batch 1 | Pred shape: torch.Size([256, 256, 160]) | Label shape: torch.Size([256, 256, 160])
[2025-05-27 00:17:45,683] [DEBUG] [TEST] Batch 2 | Pred shape: torch.Size([256, 256, 160]) | Label shape: torch.Size([256, 256, 160])
[2025-05-27 00:17:45,760] [DEBUG] [TEST] Batch 3 | Pred shape: torch.Size([256, 256, 160]) | Label shape: torch.Size([256, 256, 160])
[2025-05-27 00:17:45,836] [DEBUG] [TEST] Batch 4 | Pred shape: torch.Size([256, 256, 160]) | Label shape: torch.Size([256, 256, 160])
[2025-05-27 00:17:45,981] [DEBUG] [TEST] Batch 5 | Pred shape: torch.Size([256, 256, 160]) | Label shape: torch.Size([256, 256, 160])
[2025-05-27 00:17:46,144] [DEBUG] [TEST] Batch 6 | Pred shape: torch.Size([256, 256, 160]) | Label shape: torch.Size([256, 256, 160])
[2025-05-27 00:17:46,313] [DEBUG] [TEST] Batch 7 | Pred shape: torch.Size([256, 256, 160]) | Label shape: torch.Size([256, 256, 160])
[2025-05-27 00:17:46,474] [DEBUG] [TEST] Batch 8 | Pred shape: torch.Size([256, 256, 160]) | Label shape: torch.Size([256, 256, 160])
[2025-05-27 00:17:48,052] [DEBUG] [TEST] Batch 9 | Pred shape: torch.Size([256, 256, 160]) | Label shape: torch.Size([256, 256, 160])
[2025-05-27 00:17:48,222] [DEBUG] [TEST] Batch 10 | Pred shape: torch.Size([256, 256, 160]) | Label shape: torch.Size([256, 256, 160])
[2025-05-27 00:17:51,451] [INFO] [FIT] Final model saved to: Run_UNET_iid_fedWSOcomp_20250526/Client1/model_final.pth
[2025-05-27 00:18:26,604] [INFO] [EVALUATE] Starting evaluation...
[2025-05-27 00:18:28,580] [INFO] [DEBUG] Loaded compressed decoded weights.
[2025-05-27 00:19:18,363] [DEBUG] [TEST] Batch 1 | Pred shape: torch.Size([256, 256, 160]) | Label shape: torch.Size([256, 256, 160])
[2025-05-27 00:19:18,442] [DEBUG] [TEST] Batch 2 | Pred shape: torch.Size([256, 256, 160]) | Label shape: torch.Size([256, 256, 160])
[2025-05-27 00:19:18,612] [DEBUG] [TEST] Batch 3 | Pred shape: torch.Size([256, 256, 160]) | Label shape: torch.Size([256, 256, 160])
[2025-05-27 00:19:18,700] [DEBUG] [TEST] Batch 4 | Pred shape: torch.Size([256, 256, 160]) | Label shape: torch.Size([256, 256, 160])
[2025-05-27 00:19:18,784] [DEBUG] [TEST] Batch 5 | Pred shape: torch.Size([256, 256, 160]) | Label shape: torch.Size([256, 256, 160])
[2025-05-27 00:19:18,864] [DEBUG] [TEST] Batch 6 | Pred shape: torch.Size([256, 256, 160]) | Label shape: torch.Size([256, 256, 160])
[2025-05-27 00:19:18,949] [DEBUG] [TEST] Batch 7 | Pred shape: torch.Size([256, 256, 160]) | Label shape: torch.Size([256, 256, 160])
[2025-05-27 00:19:19,072] [DEBUG] [TEST] Batch 8 | Pred shape: torch.Size([256, 256, 160]) | Label shape: torch.Size([256, 256, 160])
[2025-05-27 00:19:20,486] [DEBUG] [TEST] Batch 9 | Pred shape: torch.Size([256, 256, 160]) | Label shape: torch.Size([256, 256, 160])
[2025-05-27 00:19:20,615] [DEBUG] [TEST] Batch 10 | Pred shape: torch.Size([256, 256, 160]) | Label shape: torch.Size([256, 256, 160])
[2025-05-27 00:19:25,106] [INFO] [EVALUATE] Dice WT: 0.4807
[2025-05-27 00:19:37,542] [INFO] [FIT] Received parameters. Starting local training...
[2025-05-27 00:19:39,591] [INFO] [DEBUG] Loaded compressed decoded weights.
[2025-05-27 00:21:33,437] [INFO] [TRAIN] Epoch 1 Loss: 0.9789
[2025-05-27 00:23:17,780] [INFO] [TRAIN] Epoch 2 Loss: 0.9768
[2025-05-27 00:24:51,944] [INFO] [TRAIN] Epoch 3 Loss: 0.9750
[2025-05-27 00:26:22,978] [INFO] [TRAIN] Epoch 4 Loss: 0.9731
[2025-05-27 00:27:53,301] [INFO] [TRAIN] Epoch 5 Loss: 0.9711
[2025-05-27 00:27:53,302] [INFO] [FIT] Local training finished. Avg Loss: 0.9750
[2025-05-27 00:28:18,164] [DEBUG] [TEST] Batch 1 | Pred shape: torch.Size([256, 256, 160]) | Label shape: torch.Size([256, 256, 160])
[2025-05-27 00:28:18,240] [DEBUG] [TEST] Batch 2 | Pred shape: torch.Size([256, 256, 160]) | Label shape: torch.Size([256, 256, 160])
[2025-05-27 00:28:18,316] [DEBUG] [TEST] Batch 3 | Pred shape: torch.Size([256, 256, 160]) | Label shape: torch.Size([256, 256, 160])
[2025-05-27 00:28:18,392] [DEBUG] [TEST] Batch 4 | Pred shape: torch.Size([256, 256, 160]) | Label shape: torch.Size([256, 256, 160])
[2025-05-27 00:28:18,471] [DEBUG] [TEST] Batch 5 | Pred shape: torch.Size([256, 256, 160]) | Label shape: torch.Size([256, 256, 160])
[2025-05-27 00:28:18,549] [DEBUG] [TEST] Batch 6 | Pred shape: torch.Size([256, 256, 160]) | Label shape: torch.Size([256, 256, 160])
[2025-05-27 00:28:18,628] [DEBUG] [TEST] Batch 7 | Pred shape: torch.Size([256, 256, 160]) | Label shape: torch.Size([256, 256, 160])
[2025-05-27 00:28:18,704] [DEBUG] [TEST] Batch 8 | Pred shape: torch.Size([256, 256, 160]) | Label shape: torch.Size([256, 256, 160])
[2025-05-27 00:28:20,239] [DEBUG] [TEST] Batch 9 | Pred shape: torch.Size([256, 256, 160]) | Label shape: torch.Size([256, 256, 160])
[2025-05-27 00:28:20,317] [DEBUG] [TEST] Batch 10 | Pred shape: torch.Size([256, 256, 160]) | Label shape: torch.Size([256, 256, 160])
[2025-05-27 00:28:22,738] [INFO] [FIT] Final model saved to: Run_UNET_iid_fedWSOcomp_20250526/Client1/model_final.pth
[2025-05-27 00:29:06,103] [INFO] [EVALUATE] Starting evaluation...
[2025-05-27 00:29:10,174] [INFO] [DEBUG] Loaded compressed decoded weights.
[2025-05-27 00:30:02,705] [DEBUG] [TEST] Batch 1 | Pred shape: torch.Size([256, 256, 160]) | Label shape: torch.Size([256, 256, 160])
[2025-05-27 00:30:02,781] [DEBUG] [TEST] Batch 2 | Pred shape: torch.Size([256, 256, 160]) | Label shape: torch.Size([256, 256, 160])
[2025-05-27 00:30:02,917] [DEBUG] [TEST] Batch 3 | Pred shape: torch.Size([256, 256, 160]) | Label shape: torch.Size([256, 256, 160])
[2025-05-27 00:30:03,072] [DEBUG] [TEST] Batch 4 | Pred shape: torch.Size([256, 256, 160]) | Label shape: torch.Size([256, 256, 160])
[2025-05-27 00:30:03,232] [DEBUG] [TEST] Batch 5 | Pred shape: torch.Size([256, 256, 160]) | Label shape: torch.Size([256, 256, 160])
[2025-05-27 00:30:03,463] [DEBUG] [TEST] Batch 6 | Pred shape: torch.Size([256, 256, 160]) | Label shape: torch.Size([256, 256, 160])
[2025-05-27 00:30:03,709] [DEBUG] [TEST] Batch 7 | Pred shape: torch.Size([256, 256, 160]) | Label shape: torch.Size([256, 256, 160])
[2025-05-27 00:30:03,883] [DEBUG] [TEST] Batch 8 | Pred shape: torch.Size([256, 256, 160]) | Label shape: torch.Size([256, 256, 160])
[2025-05-27 00:30:05,177] [DEBUG] [TEST] Batch 9 | Pred shape: torch.Size([256, 256, 160]) | Label shape: torch.Size([256, 256, 160])
[2025-05-27 00:30:05,254] [DEBUG] [TEST] Batch 10 | Pred shape: torch.Size([256, 256, 160]) | Label shape: torch.Size([256, 256, 160])
[2025-05-27 00:30:08,380] [INFO] [EVALUATE] Dice WT: 0.4373
[2025-05-27 00:30:11,290] [INFO] [FIT] Received parameters. Starting local training...
[2025-05-27 00:30:14,179] [INFO] [DEBUG] Loaded compressed decoded weights.
[2025-05-27 00:32:16,008] [INFO] [TRAIN] Epoch 1 Loss: 0.9757
[2025-05-27 00:33:50,571] [INFO] [TRAIN] Epoch 2 Loss: 0.9730
[2025-05-27 00:35:28,882] [INFO] [TRAIN] Epoch 3 Loss: 0.9710
[2025-05-27 00:36:59,105] [INFO] [TRAIN] Epoch 4 Loss: 0.9691
[2025-05-27 00:38:39,472] [INFO] [TRAIN] Epoch 5 Loss: 0.9660
[2025-05-27 00:38:39,474] [INFO] [FIT] Local training finished. Avg Loss: 0.9710
[2025-05-27 00:39:18,927] [DEBUG] [TEST] Batch 1 | Pred shape: torch.Size([256, 256, 160]) | Label shape: torch.Size([256, 256, 160])
[2025-05-27 00:39:19,615] [DEBUG] [TEST] Batch 2 | Pred shape: torch.Size([256, 256, 160]) | Label shape: torch.Size([256, 256, 160])
[2025-05-27 00:39:19,692] [DEBUG] [TEST] Batch 3 | Pred shape: torch.Size([256, 256, 160]) | Label shape: torch.Size([256, 256, 160])
[2025-05-27 00:39:19,775] [DEBUG] [TEST] Batch 4 | Pred shape: torch.Size([256, 256, 160]) | Label shape: torch.Size([256, 256, 160])
[2025-05-27 00:39:19,906] [DEBUG] [TEST] Batch 5 | Pred shape: torch.Size([256, 256, 160]) | Label shape: torch.Size([256, 256, 160])
[2025-05-27 00:39:20,025] [DEBUG] [TEST] Batch 6 | Pred shape: torch.Size([256, 256, 160]) | Label shape: torch.Size([256, 256, 160])
[2025-05-27 00:39:20,156] [DEBUG] [TEST] Batch 7 | Pred shape: torch.Size([256, 256, 160]) | Label shape: torch.Size([256, 256, 160])
[2025-05-27 00:39:20,234] [DEBUG] [TEST] Batch 8 | Pred shape: torch.Size([256, 256, 160]) | Label shape: torch.Size([256, 256, 160])
[2025-05-27 00:39:21,878] [DEBUG] [TEST] Batch 9 | Pred shape: torch.Size([256, 256, 160]) | Label shape: torch.Size([256, 256, 160])
[2025-05-27 00:39:21,971] [DEBUG] [TEST] Batch 10 | Pred shape: torch.Size([256, 256, 160]) | Label shape: torch.Size([256, 256, 160])
[2025-05-27 00:39:25,481] [INFO] [FIT] Final model saved to: Run_UNET_iid_fedWSOcomp_20250526/Client1/model_final.pth
[2025-05-27 00:40:10,696] [INFO] [EVALUATE] Starting evaluation...
[2025-05-27 00:40:12,771] [INFO] [DEBUG] Loaded compressed decoded weights.
[2025-05-27 00:41:12,269] [DEBUG] [TEST] Batch 1 | Pred shape: torch.Size([256, 256, 160]) | Label shape: torch.Size([256, 256, 160])
[2025-05-27 00:41:12,605] [DEBUG] [TEST] Batch 2 | Pred shape: torch.Size([256, 256, 160]) | Label shape: torch.Size([256, 256, 160])
[2025-05-27 00:41:12,937] [DEBUG] [TEST] Batch 3 | Pred shape: torch.Size([256, 256, 160]) | Label shape: torch.Size([256, 256, 160])
[2025-05-27 00:41:13,273] [DEBUG] [TEST] Batch 4 | Pred shape: torch.Size([256, 256, 160]) | Label shape: torch.Size([256, 256, 160])
[2025-05-27 00:41:13,595] [DEBUG] [TEST] Batch 5 | Pred shape: torch.Size([256, 256, 160]) | Label shape: torch.Size([256, 256, 160])
[2025-05-27 00:41:13,905] [DEBUG] [TEST] Batch 6 | Pred shape: torch.Size([256, 256, 160]) | Label shape: torch.Size([256, 256, 160])
[2025-05-27 00:41:14,232] [DEBUG] [TEST] Batch 7 | Pred shape: torch.Size([256, 256, 160]) | Label shape: torch.Size([256, 256, 160])
[2025-05-27 00:41:14,538] [DEBUG] [TEST] Batch 8 | Pred shape: torch.Size([256, 256, 160]) | Label shape: torch.Size([256, 256, 160])
[2025-05-27 00:41:14,677] [DEBUG] [TEST] Batch 9 | Pred shape: torch.Size([256, 256, 160]) | Label shape: torch.Size([256, 256, 160])
[2025-05-27 00:41:14,844] [DEBUG] [TEST] Batch 10 | Pred shape: torch.Size([256, 256, 160]) | Label shape: torch.Size([256, 256, 160])
[2025-05-27 00:41:21,698] [INFO] [EVALUATE] Dice WT: 0.5273
[2025-05-27 00:41:25,154] [INFO] [FIT] Received parameters. Starting local training...
[2025-05-27 00:41:28,179] [INFO] [DEBUG] Loaded compressed decoded weights.
[2025-05-27 00:43:32,177] [INFO] [TRAIN] Epoch 1 Loss: 0.9722
[2025-05-27 00:45:24,835] [INFO] [TRAIN] Epoch 2 Loss: 0.9687
[2025-05-27 00:47:04,393] [INFO] [TRAIN] Epoch 3 Loss: 0.9664
[2025-05-27 00:48:39,980] [INFO] [TRAIN] Epoch 4 Loss: 0.9631
[2025-05-27 00:50:15,411] [INFO] [TRAIN] Epoch 5 Loss: 0.9605
[2025-05-27 00:50:15,414] [INFO] [FIT] Local training finished. Avg Loss: 0.9662
[2025-05-27 00:50:38,659] [DEBUG] [TEST] Batch 1 | Pred shape: torch.Size([256, 256, 160]) | Label shape: torch.Size([256, 256, 160])
[2025-05-27 00:50:38,739] [DEBUG] [TEST] Batch 2 | Pred shape: torch.Size([256, 256, 160]) | Label shape: torch.Size([256, 256, 160])
[2025-05-27 00:50:39,570] [DEBUG] [TEST] Batch 3 | Pred shape: torch.Size([256, 256, 160]) | Label shape: torch.Size([256, 256, 160])
[2025-05-27 00:50:39,647] [DEBUG] [TEST] Batch 4 | Pred shape: torch.Size([256, 256, 160]) | Label shape: torch.Size([256, 256, 160])
[2025-05-27 00:50:39,726] [DEBUG] [TEST] Batch 5 | Pred shape: torch.Size([256, 256, 160]) | Label shape: torch.Size([256, 256, 160])
[2025-05-27 00:50:39,803] [DEBUG] [TEST] Batch 6 | Pred shape: torch.Size([256, 256, 160]) | Label shape: torch.Size([256, 256, 160])
[2025-05-27 00:50:39,885] [DEBUG] [TEST] Batch 7 | Pred shape: torch.Size([256, 256, 160]) | Label shape: torch.Size([256, 256, 160])
[2025-05-27 00:50:39,960] [DEBUG] [TEST] Batch 8 | Pred shape: torch.Size([256, 256, 160]) | Label shape: torch.Size([256, 256, 160])
[2025-05-27 00:50:40,670] [DEBUG] [TEST] Batch 9 | Pred shape: torch.Size([256, 256, 160]) | Label shape: torch.Size([256, 256, 160])
[2025-05-27 00:50:40,745] [DEBUG] [TEST] Batch 10 | Pred shape: torch.Size([256, 256, 160]) | Label shape: torch.Size([256, 256, 160])
[2025-05-27 00:50:43,026] [INFO] [FIT] Final model saved to: Run_UNET_iid_fedWSOcomp_20250526/Client1/model_final.pth
[2025-05-27 00:51:21,157] [INFO] [EVALUATE] Starting evaluation...
[2025-05-27 00:51:24,681] [INFO] [DEBUG] Loaded compressed decoded weights.
[2025-05-27 00:52:15,870] [DEBUG] [TEST] Batch 1 | Pred shape: torch.Size([256, 256, 160]) | Label shape: torch.Size([256, 256, 160])
[2025-05-27 00:52:16,030] [DEBUG] [TEST] Batch 2 | Pred shape: torch.Size([256, 256, 160]) | Label shape: torch.Size([256, 256, 160])
[2025-05-27 00:52:16,219] [DEBUG] [TEST] Batch 3 | Pred shape: torch.Size([256, 256, 160]) | Label shape: torch.Size([256, 256, 160])
[2025-05-27 00:52:16,388] [DEBUG] [TEST] Batch 4 | Pred shape: torch.Size([256, 256, 160]) | Label shape: torch.Size([256, 256, 160])
[2025-05-27 00:52:16,588] [DEBUG] [TEST] Batch 5 | Pred shape: torch.Size([256, 256, 160]) | Label shape: torch.Size([256, 256, 160])
[2025-05-27 00:52:16,780] [DEBUG] [TEST] Batch 6 | Pred shape: torch.Size([256, 256, 160]) | Label shape: torch.Size([256, 256, 160])
[2025-05-27 00:52:16,982] [DEBUG] [TEST] Batch 7 | Pred shape: torch.Size([256, 256, 160]) | Label shape: torch.Size([256, 256, 160])
[2025-05-27 00:52:17,172] [DEBUG] [TEST] Batch 8 | Pred shape: torch.Size([256, 256, 160]) | Label shape: torch.Size([256, 256, 160])
[2025-05-27 00:52:18,520] [DEBUG] [TEST] Batch 9 | Pred shape: torch.Size([256, 256, 160]) | Label shape: torch.Size([256, 256, 160])
[2025-05-27 00:52:18,596] [DEBUG] [TEST] Batch 10 | Pred shape: torch.Size([256, 256, 160]) | Label shape: torch.Size([256, 256, 160])
[2025-05-27 00:52:21,517] [INFO] [EVALUATE] Dice WT: 0.5229
[2025-05-27 00:52:24,386] [INFO] [FIT] Received parameters. Starting local training...
[2025-05-27 00:52:26,393] [INFO] [DEBUG] Loaded compressed decoded weights.
[2025-05-27 00:54:23,571] [INFO] [TRAIN] Epoch 1 Loss: 0.9670
[2025-05-27 00:56:04,076] [INFO] [TRAIN] Epoch 2 Loss: 0.9627
[2025-05-27 00:57:36,204] [INFO] [TRAIN] Epoch 3 Loss: 0.9598
[2025-05-27 00:59:07,178] [INFO] [TRAIN] Epoch 4 Loss: 0.9557
[2025-05-27 01:00:43,402] [INFO] [TRAIN] Epoch 5 Loss: 0.9520
[2025-05-27 01:00:43,403] [INFO] [FIT] Local training finished. Avg Loss: 0.9594
[2025-05-27 01:01:25,082] [DEBUG] [TEST] Batch 1 | Pred shape: torch.Size([256, 256, 160]) | Label shape: torch.Size([256, 256, 160])
[2025-05-27 01:01:25,402] [DEBUG] [TEST] Batch 2 | Pred shape: torch.Size([256, 256, 160]) | Label shape: torch.Size([256, 256, 160])
[2025-05-27 01:01:25,945] [DEBUG] [TEST] Batch 3 | Pred shape: torch.Size([256, 256, 160]) | Label shape: torch.Size([256, 256, 160])
[2025-05-27 01:01:26,118] [DEBUG] [TEST] Batch 4 | Pred shape: torch.Size([256, 256, 160]) | Label shape: torch.Size([256, 256, 160])
[2025-05-27 01:01:26,290] [DEBUG] [TEST] Batch 5 | Pred shape: torch.Size([256, 256, 160]) | Label shape: torch.Size([256, 256, 160])
[2025-05-27 01:01:26,480] [DEBUG] [TEST] Batch 6 | Pred shape: torch.Size([256, 256, 160]) | Label shape: torch.Size([256, 256, 160])
[2025-05-27 01:01:26,670] [DEBUG] [TEST] Batch 7 | Pred shape: torch.Size([256, 256, 160]) | Label shape: torch.Size([256, 256, 160])
[2025-05-27 01:01:26,843] [DEBUG] [TEST] Batch 8 | Pred shape: torch.Size([256, 256, 160]) | Label shape: torch.Size([256, 256, 160])
[2025-05-27 01:01:27,888] [DEBUG] [TEST] Batch 9 | Pred shape: torch.Size([256, 256, 160]) | Label shape: torch.Size([256, 256, 160])
[2025-05-27 01:01:28,095] [DEBUG] [TEST] Batch 10 | Pred shape: torch.Size([256, 256, 160]) | Label shape: torch.Size([256, 256, 160])
[2025-05-27 01:01:33,604] [INFO] [FIT] Final model saved to: Run_UNET_iid_fedWSOcomp_20250526/Client1/model_final.pth
[2025-05-27 01:02:20,240] [INFO] [EVALUATE] Starting evaluation...
[2025-05-27 01:02:22,177] [INFO] [DEBUG] Loaded compressed decoded weights.
[2025-05-27 01:03:21,788] [DEBUG] [TEST] Batch 1 | Pred shape: torch.Size([256, 256, 160]) | Label shape: torch.Size([256, 256, 160])
[2025-05-27 01:03:21,943] [DEBUG] [TEST] Batch 2 | Pred shape: torch.Size([256, 256, 160]) | Label shape: torch.Size([256, 256, 160])
[2025-05-27 01:03:22,414] [DEBUG] [TEST] Batch 3 | Pred shape: torch.Size([256, 256, 160]) | Label shape: torch.Size([256, 256, 160])
[2025-05-27 01:03:22,745] [DEBUG] [TEST] Batch 4 | Pred shape: torch.Size([256, 256, 160]) | Label shape: torch.Size([256, 256, 160])
[2025-05-27 01:03:23,074] [DEBUG] [TEST] Batch 5 | Pred shape: torch.Size([256, 256, 160]) | Label shape: torch.Size([256, 256, 160])
[2025-05-27 01:03:23,409] [DEBUG] [TEST] Batch 6 | Pred shape: torch.Size([256, 256, 160]) | Label shape: torch.Size([256, 256, 160])
[2025-05-27 01:03:23,734] [DEBUG] [TEST] Batch 7 | Pred shape: torch.Size([256, 256, 160]) | Label shape: torch.Size([256, 256, 160])
[2025-05-27 01:03:24,031] [DEBUG] [TEST] Batch 8 | Pred shape: torch.Size([256, 256, 160]) | Label shape: torch.Size([256, 256, 160])
[2025-05-27 01:03:24,276] [DEBUG] [TEST] Batch 9 | Pred shape: torch.Size([256, 256, 160]) | Label shape: torch.Size([256, 256, 160])
[2025-05-27 01:03:24,523] [DEBUG] [TEST] Batch 10 | Pred shape: torch.Size([256, 256, 160]) | Label shape: torch.Size([256, 256, 160])
[2025-05-27 01:03:30,761] [INFO] [EVALUATE] Dice WT: 0.5116
[2025-05-27 01:03:34,960] [INFO] [FIT] Received parameters. Starting local training...
[2025-05-27 01:03:40,478] [INFO] [DEBUG] Loaded compressed decoded weights.
[2025-05-27 01:05:39,400] [INFO] [TRAIN] Epoch 1 Loss: 0.9617
[2025-05-27 01:07:22,377] [INFO] [TRAIN] Epoch 2 Loss: 0.9555
[2025-05-27 01:08:59,908] [INFO] [TRAIN] Epoch 3 Loss: 0.9509
[2025-05-27 01:10:32,579] [INFO] [TRAIN] Epoch 4 Loss: 0.9482
[2025-05-27 01:12:06,380] [INFO] [TRAIN] Epoch 5 Loss: 0.9420
[2025-05-27 01:12:06,381] [INFO] [FIT] Local training finished. Avg Loss: 0.9516
[2025-05-27 01:12:40,817] [DEBUG] [TEST] Batch 1 | Pred shape: torch.Size([256, 256, 160]) | Label shape: torch.Size([256, 256, 160])
[2025-05-27 01:12:40,916] [DEBUG] [TEST] Batch 2 | Pred shape: torch.Size([256, 256, 160]) | Label shape: torch.Size([256, 256, 160])
[2025-05-27 01:12:41,013] [DEBUG] [TEST] Batch 3 | Pred shape: torch.Size([256, 256, 160]) | Label shape: torch.Size([256, 256, 160])
[2025-05-27 01:12:41,240] [DEBUG] [TEST] Batch 4 | Pred shape: torch.Size([256, 256, 160]) | Label shape: torch.Size([256, 256, 160])
[2025-05-27 01:12:41,401] [DEBUG] [TEST] Batch 5 | Pred shape: torch.Size([256, 256, 160]) | Label shape: torch.Size([256, 256, 160])
[2025-05-27 01:12:41,481] [DEBUG] [TEST] Batch 6 | Pred shape: torch.Size([256, 256, 160]) | Label shape: torch.Size([256, 256, 160])
[2025-05-27 01:12:41,577] [DEBUG] [TEST] Batch 7 | Pred shape: torch.Size([256, 256, 160]) | Label shape: torch.Size([256, 256, 160])
[2025-05-27 01:12:41,677] [DEBUG] [TEST] Batch 8 | Pred shape: torch.Size([256, 256, 160]) | Label shape: torch.Size([256, 256, 160])
[2025-05-27 01:12:44,071] [DEBUG] [TEST] Batch 9 | Pred shape: torch.Size([256, 256, 160]) | Label shape: torch.Size([256, 256, 160])
[2025-05-27 01:12:44,178] [DEBUG] [TEST] Batch 10 | Pred shape: torch.Size([256, 256, 160]) | Label shape: torch.Size([256, 256, 160])
[2025-05-27 01:12:47,802] [INFO] [FIT] Final model saved to: Run_UNET_iid_fedWSOcomp_20250526/Client1/model_final.pth
[2025-05-27 01:13:34,452] [INFO] [EVALUATE] Starting evaluation...
[2025-05-27 01:13:37,876] [INFO] [DEBUG] Loaded compressed decoded weights.
[2025-05-27 01:14:34,348] [DEBUG] [TEST] Batch 1 | Pred shape: torch.Size([256, 256, 160]) | Label shape: torch.Size([256, 256, 160])
[2025-05-27 01:14:34,659] [DEBUG] [TEST] Batch 2 | Pred shape: torch.Size([256, 256, 160]) | Label shape: torch.Size([256, 256, 160])
[2025-05-27 01:14:34,982] [DEBUG] [TEST] Batch 3 | Pred shape: torch.Size([256, 256, 160]) | Label shape: torch.Size([256, 256, 160])
[2025-05-27 01:14:35,316] [DEBUG] [TEST] Batch 4 | Pred shape: torch.Size([256, 256, 160]) | Label shape: torch.Size([256, 256, 160])
[2025-05-27 01:14:35,655] [DEBUG] [TEST] Batch 5 | Pred shape: torch.Size([256, 256, 160]) | Label shape: torch.Size([256, 256, 160])
[2025-05-27 01:14:35,982] [DEBUG] [TEST] Batch 6 | Pred shape: torch.Size([256, 256, 160]) | Label shape: torch.Size([256, 256, 160])
[2025-05-27 01:14:36,315] [DEBUG] [TEST] Batch 7 | Pred shape: torch.Size([256, 256, 160]) | Label shape: torch.Size([256, 256, 160])
[2025-05-27 01:14:36,640] [DEBUG] [TEST] Batch 8 | Pred shape: torch.Size([256, 256, 160]) | Label shape: torch.Size([256, 256, 160])
[2025-05-27 01:14:36,956] [DEBUG] [TEST] Batch 9 | Pred shape: torch.Size([256, 256, 160]) | Label shape: torch.Size([256, 256, 160])
[2025-05-27 01:14:37,128] [DEBUG] [TEST] Batch 10 | Pred shape: torch.Size([256, 256, 160]) | Label shape: torch.Size([256, 256, 160])
[2025-05-27 01:14:44,096] [INFO] [EVALUATE] Dice WT: 0.5724
[2025-05-27 01:14:46,459] [INFO] [FIT] Received parameters. Starting local training...
[2025-05-27 01:14:48,373] [INFO] [DEBUG] Loaded compressed decoded weights.
[2025-05-27 01:16:45,751] [INFO] [TRAIN] Epoch 1 Loss: 0.9542
[2025-05-27 01:18:47,218] [INFO] [TRAIN] Epoch 2 Loss: 0.9467
[2025-05-27 01:20:37,674] [INFO] [TRAIN] Epoch 3 Loss: 0.9421
[2025-05-27 01:22:18,127] [INFO] [TRAIN] Epoch 4 Loss: 0.9359
[2025-05-27 01:23:58,578] [INFO] [TRAIN] Epoch 5 Loss: 0.9296
[2025-05-27 01:23:58,581] [INFO] [FIT] Local training finished. Avg Loss: 0.9417
[2025-05-27 01:24:21,999] [DEBUG] [TEST] Batch 1 | Pred shape: torch.Size([256, 256, 160]) | Label shape: torch.Size([256, 256, 160])
[2025-05-27 01:24:23,284] [DEBUG] [TEST] Batch 2 | Pred shape: torch.Size([256, 256, 160]) | Label shape: torch.Size([256, 256, 160])
[2025-05-27 01:24:23,497] [DEBUG] [TEST] Batch 3 | Pred shape: torch.Size([256, 256, 160]) | Label shape: torch.Size([256, 256, 160])
[2025-05-27 01:24:23,573] [DEBUG] [TEST] Batch 4 | Pred shape: torch.Size([256, 256, 160]) | Label shape: torch.Size([256, 256, 160])
[2025-05-27 01:24:23,653] [DEBUG] [TEST] Batch 5 | Pred shape: torch.Size([256, 256, 160]) | Label shape: torch.Size([256, 256, 160])
[2025-05-27 01:24:23,731] [DEBUG] [TEST] Batch 6 | Pred shape: torch.Size([256, 256, 160]) | Label shape: torch.Size([256, 256, 160])
[2025-05-27 01:24:23,810] [DEBUG] [TEST] Batch 7 | Pred shape: torch.Size([256, 256, 160]) | Label shape: torch.Size([256, 256, 160])
[2025-05-27 01:24:23,886] [DEBUG] [TEST] Batch 8 | Pred shape: torch.Size([256, 256, 160]) | Label shape: torch.Size([256, 256, 160])
[2025-05-27 01:24:24,157] [DEBUG] [TEST] Batch 9 | Pred shape: torch.Size([256, 256, 160]) | Label shape: torch.Size([256, 256, 160])
[2025-05-27 01:24:25,352] [DEBUG] [TEST] Batch 10 | Pred shape: torch.Size([256, 256, 160]) | Label shape: torch.Size([256, 256, 160])
[2025-05-27 01:24:27,669] [INFO] [FIT] Final model saved to: Run_UNET_iid_fedWSOcomp_20250526/Client1/model_final.pth
[2025-05-27 01:25:03,120] [INFO] [EVALUATE] Starting evaluation...
[2025-05-27 01:25:06,278] [INFO] [DEBUG] Loaded compressed decoded weights.
[2025-05-27 01:25:55,395] [DEBUG] [TEST] Batch 1 | Pred shape: torch.Size([256, 256, 160]) | Label shape: torch.Size([256, 256, 160])
[2025-05-27 01:25:56,780] [DEBUG] [TEST] Batch 2 | Pred shape: torch.Size([256, 256, 160]) | Label shape: torch.Size([256, 256, 160])
[2025-05-27 01:25:57,886] [DEBUG] [TEST] Batch 3 | Pred shape: torch.Size([256, 256, 160]) | Label shape: torch.Size([256, 256, 160])
[2025-05-27 01:25:58,084] [DEBUG] [TEST] Batch 4 | Pred shape: torch.Size([256, 256, 160]) | Label shape: torch.Size([256, 256, 160])
[2025-05-27 01:25:58,269] [DEBUG] [TEST] Batch 5 | Pred shape: torch.Size([256, 256, 160]) | Label shape: torch.Size([256, 256, 160])
[2025-05-27 01:25:58,435] [DEBUG] [TEST] Batch 6 | Pred shape: torch.Size([256, 256, 160]) | Label shape: torch.Size([256, 256, 160])
[2025-05-27 01:25:58,671] [DEBUG] [TEST] Batch 7 | Pred shape: torch.Size([256, 256, 160]) | Label shape: torch.Size([256, 256, 160])
[2025-05-27 01:25:58,873] [DEBUG] [TEST] Batch 8 | Pred shape: torch.Size([256, 256, 160]) | Label shape: torch.Size([256, 256, 160])
[2025-05-27 01:25:59,076] [DEBUG] [TEST] Batch 9 | Pred shape: torch.Size([256, 256, 160]) | Label shape: torch.Size([256, 256, 160])
[2025-05-27 01:25:59,961] [DEBUG] [TEST] Batch 10 | Pred shape: torch.Size([256, 256, 160]) | Label shape: torch.Size([256, 256, 160])
[2025-05-27 01:26:03,031] [INFO] [EVALUATE] Dice WT: 0.5462
[2025-05-27 01:26:11,242] [INFO] [FIT] Received parameters. Starting local training...
[2025-05-27 01:26:15,479] [INFO] [DEBUG] Loaded compressed decoded weights.
[2025-05-27 01:28:08,477] [INFO] [TRAIN] Epoch 1 Loss: 0.9469
[2025-05-27 01:29:53,679] [INFO] [TRAIN] Epoch 2 Loss: 0.9379
[2025-05-27 01:31:33,472] [INFO] [TRAIN] Epoch 3 Loss: 0.9296
[2025-05-27 01:33:09,881] [INFO] [TRAIN] Epoch 4 Loss: 0.9227
[2025-05-27 01:34:34,402] [INFO] [TRAIN] Epoch 5 Loss: 0.9148
[2025-05-27 01:34:34,404] [INFO] [FIT] Local training finished. Avg Loss: 0.9304
[2025-05-27 01:34:56,736] [DEBUG] [TEST] Batch 1 | Pred shape: torch.Size([256, 256, 160]) | Label shape: torch.Size([256, 256, 160])
[2025-05-27 01:34:56,811] [DEBUG] [TEST] Batch 2 | Pred shape: torch.Size([256, 256, 160]) | Label shape: torch.Size([256, 256, 160])
[2025-05-27 01:34:56,891] [DEBUG] [TEST] Batch 3 | Pred shape: torch.Size([256, 256, 160]) | Label shape: torch.Size([256, 256, 160])
[2025-05-27 01:34:56,967] [DEBUG] [TEST] Batch 4 | Pred shape: torch.Size([256, 256, 160]) | Label shape: torch.Size([256, 256, 160])
[2025-05-27 01:34:57,048] [DEBUG] [TEST] Batch 5 | Pred shape: torch.Size([256, 256, 160]) | Label shape: torch.Size([256, 256, 160])
[2025-05-27 01:34:57,124] [DEBUG] [TEST] Batch 6 | Pred shape: torch.Size([256, 256, 160]) | Label shape: torch.Size([256, 256, 160])
[2025-05-27 01:34:57,203] [DEBUG] [TEST] Batch 7 | Pred shape: torch.Size([256, 256, 160]) | Label shape: torch.Size([256, 256, 160])
[2025-05-27 01:34:57,278] [DEBUG] [TEST] Batch 8 | Pred shape: torch.Size([256, 256, 160]) | Label shape: torch.Size([256, 256, 160])
[2025-05-27 01:34:58,456] [DEBUG] [TEST] Batch 9 | Pred shape: torch.Size([256, 256, 160]) | Label shape: torch.Size([256, 256, 160])
[2025-05-27 01:34:58,532] [DEBUG] [TEST] Batch 10 | Pred shape: torch.Size([256, 256, 160]) | Label shape: torch.Size([256, 256, 160])
[2025-05-27 01:35:00,978] [INFO] [FIT] Final model saved to: Run_UNET_iid_fedWSOcomp_20250526/Client1/model_final.pth
[2025-05-27 01:35:43,674] [INFO] [EVALUATE] Starting evaluation...
[2025-05-27 01:35:47,679] [INFO] [DEBUG] Loaded compressed decoded weights.
[2025-05-27 01:36:37,579] [DEBUG] [TEST] Batch 1 | Pred shape: torch.Size([256, 256, 160]) | Label shape: torch.Size([256, 256, 160])
[2025-05-27 01:36:37,827] [DEBUG] [TEST] Batch 2 | Pred shape: torch.Size([256, 256, 160]) | Label shape: torch.Size([256, 256, 160])
[2025-05-27 01:36:37,999] [DEBUG] [TEST] Batch 3 | Pred shape: torch.Size([256, 256, 160]) | Label shape: torch.Size([256, 256, 160])
[2025-05-27 01:36:38,172] [DEBUG] [TEST] Batch 4 | Pred shape: torch.Size([256, 256, 160]) | Label shape: torch.Size([256, 256, 160])
[2025-05-27 01:36:38,408] [DEBUG] [TEST] Batch 5 | Pred shape: torch.Size([256, 256, 160]) | Label shape: torch.Size([256, 256, 160])
[2025-05-27 01:36:38,661] [DEBUG] [TEST] Batch 6 | Pred shape: torch.Size([256, 256, 160]) | Label shape: torch.Size([256, 256, 160])
[2025-05-27 01:36:38,828] [DEBUG] [TEST] Batch 7 | Pred shape: torch.Size([256, 256, 160]) | Label shape: torch.Size([256, 256, 160])
[2025-05-27 01:36:38,989] [DEBUG] [TEST] Batch 8 | Pred shape: torch.Size([256, 256, 160]) | Label shape: torch.Size([256, 256, 160])
[2025-05-27 01:36:39,552] [DEBUG] [TEST] Batch 9 | Pred shape: torch.Size([256, 256, 160]) | Label shape: torch.Size([256, 256, 160])
[2025-05-27 01:36:39,674] [DEBUG] [TEST] Batch 10 | Pred shape: torch.Size([256, 256, 160]) | Label shape: torch.Size([256, 256, 160])
[2025-05-27 01:36:43,466] [INFO] [EVALUATE] Dice WT: 0.5764
[2025-05-27 01:36:46,830] [INFO] [FIT] Received parameters. Starting local training...
[2025-05-27 01:36:49,771] [INFO] [DEBUG] Loaded compressed decoded weights.
[2025-05-27 01:38:52,242] [INFO] [TRAIN] Epoch 1 Loss: 0.9364
[2025-05-27 01:40:37,775] [INFO] [TRAIN] Epoch 2 Loss: 0.9241
[2025-05-27 01:42:19,986] [INFO] [TRAIN] Epoch 3 Loss: 0.9152
[2025-05-27 01:43:57,238] [INFO] [TRAIN] Epoch 4 Loss: 0.9063
[2025-05-27 01:45:33,775] [INFO] [TRAIN] Epoch 5 Loss: 0.8952
[2025-05-27 01:45:33,776] [INFO] [FIT] Local training finished. Avg Loss: 0.9154
[2025-05-27 01:45:55,754] [DEBUG] [TEST] Batch 1 | Pred shape: torch.Size([256, 256, 160]) | Label shape: torch.Size([256, 256, 160])
[2025-05-27 01:45:55,870] [DEBUG] [TEST] Batch 2 | Pred shape: torch.Size([256, 256, 160]) | Label shape: torch.Size([256, 256, 160])
[2025-05-27 01:45:55,946] [DEBUG] [TEST] Batch 3 | Pred shape: torch.Size([256, 256, 160]) | Label shape: torch.Size([256, 256, 160])
[2025-05-27 01:45:56,026] [DEBUG] [TEST] Batch 4 | Pred shape: torch.Size([256, 256, 160]) | Label shape: torch.Size([256, 256, 160])
[2025-05-27 01:45:56,101] [DEBUG] [TEST] Batch 5 | Pred shape: torch.Size([256, 256, 160]) | Label shape: torch.Size([256, 256, 160])
[2025-05-27 01:45:56,181] [DEBUG] [TEST] Batch 6 | Pred shape: torch.Size([256, 256, 160]) | Label shape: torch.Size([256, 256, 160])
[2025-05-27 01:45:56,257] [DEBUG] [TEST] Batch 7 | Pred shape: torch.Size([256, 256, 160]) | Label shape: torch.Size([256, 256, 160])
[2025-05-27 01:45:56,336] [DEBUG] [TEST] Batch 8 | Pred shape: torch.Size([256, 256, 160]) | Label shape: torch.Size([256, 256, 160])
[2025-05-27 01:45:57,750] [DEBUG] [TEST] Batch 9 | Pred shape: torch.Size([256, 256, 160]) | Label shape: torch.Size([256, 256, 160])
[2025-05-27 01:45:58,120] [DEBUG] [TEST] Batch 10 | Pred shape: torch.Size([256, 256, 160]) | Label shape: torch.Size([256, 256, 160])
[2025-05-27 01:46:00,376] [INFO] [FIT] Final model saved to: Run_UNET_iid_fedWSOcomp_20250526/Client1/model_final.pth
[2025-05-27 01:46:36,334] [INFO] [EVALUATE] Starting evaluation...
[2025-05-27 01:46:39,671] [INFO] [DEBUG] Loaded compressed decoded weights.
[2025-05-27 01:47:30,881] [DEBUG] [TEST] Batch 1 | Pred shape: torch.Size([256, 256, 160]) | Label shape: torch.Size([256, 256, 160])
[2025-05-27 01:47:32,600] [DEBUG] [TEST] Batch 2 | Pred shape: torch.Size([256, 256, 160]) | Label shape: torch.Size([256, 256, 160])
[2025-05-27 01:47:32,682] [DEBUG] [TEST] Batch 3 | Pred shape: torch.Size([256, 256, 160]) | Label shape: torch.Size([256, 256, 160])
[2025-05-27 01:47:32,779] [DEBUG] [TEST] Batch 4 | Pred shape: torch.Size([256, 256, 160]) | Label shape: torch.Size([256, 256, 160])
[2025-05-27 01:47:32,878] [DEBUG] [TEST] Batch 5 | Pred shape: torch.Size([256, 256, 160]) | Label shape: torch.Size([256, 256, 160])
[2025-05-27 01:47:32,978] [DEBUG] [TEST] Batch 6 | Pred shape: torch.Size([256, 256, 160]) | Label shape: torch.Size([256, 256, 160])
[2025-05-27 01:47:33,078] [DEBUG] [TEST] Batch 7 | Pred shape: torch.Size([256, 256, 160]) | Label shape: torch.Size([256, 256, 160])
[2025-05-27 01:47:33,175] [DEBUG] [TEST] Batch 8 | Pred shape: torch.Size([256, 256, 160]) | Label shape: torch.Size([256, 256, 160])
[2025-05-27 01:47:33,895] [DEBUG] [TEST] Batch 9 | Pred shape: torch.Size([256, 256, 160]) | Label shape: torch.Size([256, 256, 160])
[2025-05-27 01:47:35,423] [DEBUG] [TEST] Batch 10 | Pred shape: torch.Size([256, 256, 160]) | Label shape: torch.Size([256, 256, 160])
[2025-05-27 01:47:38,456] [INFO] [EVALUATE] Dice WT: 0.5920
[2025-05-27 01:47:41,700] [INFO] [FIT] Received parameters. Starting local training...
[2025-05-27 01:47:43,581] [INFO] [DEBUG] Loaded compressed decoded weights.
[2025-05-27 01:49:25,180] [INFO] [TRAIN] Epoch 1 Loss: 0.9254
[2025-05-27 01:50:51,177] [INFO] [TRAIN] Epoch 2 Loss: 0.9075
[2025-05-27 01:52:22,183] [INFO] [TRAIN] Epoch 3 Loss: 0.8972
[2025-05-27 01:53:58,935] [INFO] [TRAIN] Epoch 4 Loss: 0.8890
[2025-05-27 01:55:36,376] [INFO] [TRAIN] Epoch 5 Loss: 0.8738
[2025-05-27 01:55:36,377] [INFO] [FIT] Local training finished. Avg Loss: 0.8986
[2025-05-27 01:56:18,852] [DEBUG] [TEST] Batch 1 | Pred shape: torch.Size([256, 256, 160]) | Label shape: torch.Size([256, 256, 160])
[2025-05-27 01:56:18,938] [DEBUG] [TEST] Batch 2 | Pred shape: torch.Size([256, 256, 160]) | Label shape: torch.Size([256, 256, 160])
[2025-05-27 01:56:19,019] [DEBUG] [TEST] Batch 3 | Pred shape: torch.Size([256, 256, 160]) | Label shape: torch.Size([256, 256, 160])
[2025-05-27 01:56:19,170] [DEBUG] [TEST] Batch 4 | Pred shape: torch.Size([256, 256, 160]) | Label shape: torch.Size([256, 256, 160])
[2025-05-27 01:56:19,327] [DEBUG] [TEST] Batch 5 | Pred shape: torch.Size([256, 256, 160]) | Label shape: torch.Size([256, 256, 160])
[2025-05-27 01:56:19,524] [DEBUG] [TEST] Batch 6 | Pred shape: torch.Size([256, 256, 160]) | Label shape: torch.Size([256, 256, 160])
[2025-05-27 01:56:19,705] [DEBUG] [TEST] Batch 7 | Pred shape: torch.Size([256, 256, 160]) | Label shape: torch.Size([256, 256, 160])
[2025-05-27 01:56:19,888] [DEBUG] [TEST] Batch 8 | Pred shape: torch.Size([256, 256, 160]) | Label shape: torch.Size([256, 256, 160])
[2025-05-27 01:56:21,235] [DEBUG] [TEST] Batch 9 | Pred shape: torch.Size([256, 256, 160]) | Label shape: torch.Size([256, 256, 160])
[2025-05-27 01:56:21,416] [DEBUG] [TEST] Batch 10 | Pred shape: torch.Size([256, 256, 160]) | Label shape: torch.Size([256, 256, 160])
[2025-05-27 01:56:26,823] [INFO] [FIT] Final model saved to: Run_UNET_iid_fedWSOcomp_20250526/Client1/model_final.pth
[2025-05-27 01:57:12,053] [INFO] [EVALUATE] Starting evaluation...
[2025-05-27 01:57:14,073] [INFO] [DEBUG] Loaded compressed decoded weights.
[2025-05-27 01:58:11,080] [DEBUG] [TEST] Batch 1 | Pred shape: torch.Size([256, 256, 160]) | Label shape: torch.Size([256, 256, 160])
[2025-05-27 01:58:11,820] [DEBUG] [TEST] Batch 2 | Pred shape: torch.Size([256, 256, 160]) | Label shape: torch.Size([256, 256, 160])
[2025-05-27 01:58:11,896] [DEBUG] [TEST] Batch 3 | Pred shape: torch.Size([256, 256, 160]) | Label shape: torch.Size([256, 256, 160])
[2025-05-27 01:58:12,086] [DEBUG] [TEST] Batch 4 | Pred shape: torch.Size([256, 256, 160]) | Label shape: torch.Size([256, 256, 160])
[2025-05-27 01:58:12,398] [DEBUG] [TEST] Batch 5 | Pred shape: torch.Size([256, 256, 160]) | Label shape: torch.Size([256, 256, 160])
[2025-05-27 01:58:12,717] [DEBUG] [TEST] Batch 6 | Pred shape: torch.Size([256, 256, 160]) | Label shape: torch.Size([256, 256, 160])
[2025-05-27 01:58:13,046] [DEBUG] [TEST] Batch 7 | Pred shape: torch.Size([256, 256, 160]) | Label shape: torch.Size([256, 256, 160])
[2025-05-27 01:58:13,380] [DEBUG] [TEST] Batch 8 | Pred shape: torch.Size([256, 256, 160]) | Label shape: torch.Size([256, 256, 160])
[2025-05-27 01:58:13,702] [DEBUG] [TEST] Batch 9 | Pred shape: torch.Size([256, 256, 160]) | Label shape: torch.Size([256, 256, 160])
[2025-05-27 01:58:14,256] [DEBUG] [TEST] Batch 10 | Pred shape: torch.Size([256, 256, 160]) | Label shape: torch.Size([256, 256, 160])
[2025-05-27 01:58:20,236] [INFO] [EVALUATE] Dice WT: 0.4985
[2025-05-27 01:58:22,991] [INFO] [FIT] Received parameters. Starting local training...
[2025-05-27 01:58:24,882] [INFO] [DEBUG] Loaded compressed decoded weights.
[2025-05-27 02:00:08,880] [INFO] [TRAIN] Epoch 1 Loss: 0.9130
[2025-05-27 02:01:30,205] [INFO] [TRAIN] Epoch 2 Loss: 0.8906
[2025-05-27 02:02:56,370] [INFO] [TRAIN] Epoch 3 Loss: 0.8757
[2025-05-27 02:04:29,360] [INFO] [TRAIN] Epoch 4 Loss: 0.8645
[2025-05-27 02:05:58,131] [INFO] [TRAIN] Epoch 5 Loss: 0.8458
[2025-05-27 02:05:58,133] [INFO] [FIT] Local training finished. Avg Loss: 0.8779
[2025-05-27 02:06:30,933] [DEBUG] [TEST] Batch 1 | Pred shape: torch.Size([256, 256, 160]) | Label shape: torch.Size([256, 256, 160])
[2025-05-27 02:06:31,980] [DEBUG] [TEST] Batch 2 | Pred shape: torch.Size([256, 256, 160]) | Label shape: torch.Size([256, 256, 160])
[2025-05-27 02:06:32,369] [DEBUG] [TEST] Batch 3 | Pred shape: torch.Size([256, 256, 160]) | Label shape: torch.Size([256, 256, 160])
[2025-05-27 02:06:32,580] [DEBUG] [TEST] Batch 4 | Pred shape: torch.Size([256, 256, 160]) | Label shape: torch.Size([256, 256, 160])
[2025-05-27 02:06:32,877] [DEBUG] [TEST] Batch 5 | Pred shape: torch.Size([256, 256, 160]) | Label shape: torch.Size([256, 256, 160])
[2025-05-27 02:06:33,175] [DEBUG] [TEST] Batch 6 | Pred shape: torch.Size([256, 256, 160]) | Label shape: torch.Size([256, 256, 160])
[2025-05-27 02:06:33,277] [DEBUG] [TEST] Batch 7 | Pred shape: torch.Size([256, 256, 160]) | Label shape: torch.Size([256, 256, 160])
[2025-05-27 02:06:33,377] [DEBUG] [TEST] Batch 8 | Pred shape: torch.Size([256, 256, 160]) | Label shape: torch.Size([256, 256, 160])
[2025-05-27 02:06:35,015] [DEBUG] [TEST] Batch 9 | Pred shape: torch.Size([256, 256, 160]) | Label shape: torch.Size([256, 256, 160])
[2025-05-27 02:06:37,489] [DEBUG] [TEST] Batch 10 | Pred shape: torch.Size([256, 256, 160]) | Label shape: torch.Size([256, 256, 160])
[2025-05-27 02:06:42,977] [INFO] [FIT] Final model saved to: Run_UNET_iid_fedWSOcomp_20250526/Client1/model_final.pth
[2025-05-27 02:08:06,578] [INFO] [EVALUATE] Starting evaluation...
[2025-05-27 02:08:10,980] [INFO] [DEBUG] Loaded compressed decoded weights.
[2025-05-27 02:09:06,779] [DEBUG] [TEST] Batch 1 | Pred shape: torch.Size([256, 256, 160]) | Label shape: torch.Size([256, 256, 160])
[2025-05-27 02:09:07,976] [DEBUG] [TEST] Batch 2 | Pred shape: torch.Size([256, 256, 160]) | Label shape: torch.Size([256, 256, 160])
[2025-05-27 02:09:08,274] [DEBUG] [TEST] Batch 3 | Pred shape: torch.Size([256, 256, 160]) | Label shape: torch.Size([256, 256, 160])
[2025-05-27 02:09:08,559] [DEBUG] [TEST] Batch 4 | Pred shape: torch.Size([256, 256, 160]) | Label shape: torch.Size([256, 256, 160])
[2025-05-27 02:09:08,837] [DEBUG] [TEST] Batch 5 | Pred shape: torch.Size([256, 256, 160]) | Label shape: torch.Size([256, 256, 160])
[2025-05-27 02:09:09,128] [DEBUG] [TEST] Batch 6 | Pred shape: torch.Size([256, 256, 160]) | Label shape: torch.Size([256, 256, 160])
[2025-05-27 02:09:09,363] [DEBUG] [TEST] Batch 7 | Pred shape: torch.Size([256, 256, 160]) | Label shape: torch.Size([256, 256, 160])
[2025-05-27 02:09:09,634] [DEBUG] [TEST] Batch 8 | Pred shape: torch.Size([256, 256, 160]) | Label shape: torch.Size([256, 256, 160])
[2025-05-27 02:09:09,958] [DEBUG] [TEST] Batch 9 | Pred shape: torch.Size([256, 256, 160]) | Label shape: torch.Size([256, 256, 160])
[2025-05-27 02:09:10,130] [DEBUG] [TEST] Batch 10 | Pred shape: torch.Size([256, 256, 160]) | Label shape: torch.Size([256, 256, 160])
[2025-05-27 02:09:17,146] [INFO] [EVALUATE] Dice WT: 0.5474
[2025-05-27 02:09:21,079] [INFO] [FIT] Received parameters. Starting local training...
[2025-05-27 02:09:26,169] [INFO] [DEBUG] Loaded compressed decoded weights.
[2025-05-27 02:11:28,469] [INFO] [TRAIN] Epoch 1 Loss: 0.9054
[2025-05-27 02:13:19,527] [INFO] [TRAIN] Epoch 2 Loss: 0.8719
[2025-05-27 02:15:03,880] [INFO] [TRAIN] Epoch 3 Loss: 0.8545
[2025-05-27 02:16:42,378] [INFO] [TRAIN] Epoch 4 Loss: 0.8359
[2025-05-27 02:18:09,856] [INFO] [TRAIN] Epoch 5 Loss: 0.8181
[2025-05-27 02:18:09,859] [INFO] [FIT] Local training finished. Avg Loss: 0.8572
[2025-05-27 02:18:32,736] [DEBUG] [TEST] Batch 1 | Pred shape: torch.Size([256, 256, 160]) | Label shape: torch.Size([256, 256, 160])
[2025-05-27 02:18:32,825] [DEBUG] [TEST] Batch 2 | Pred shape: torch.Size([256, 256, 160]) | Label shape: torch.Size([256, 256, 160])
[2025-05-27 02:18:32,902] [DEBUG] [TEST] Batch 3 | Pred shape: torch.Size([256, 256, 160]) | Label shape: torch.Size([256, 256, 160])
[2025-05-27 02:18:32,978] [DEBUG] [TEST] Batch 4 | Pred shape: torch.Size([256, 256, 160]) | Label shape: torch.Size([256, 256, 160])
[2025-05-27 02:18:33,058] [DEBUG] [TEST] Batch 5 | Pred shape: torch.Size([256, 256, 160]) | Label shape: torch.Size([256, 256, 160])
[2025-05-27 02:18:33,133] [DEBUG] [TEST] Batch 6 | Pred shape: torch.Size([256, 256, 160]) | Label shape: torch.Size([256, 256, 160])
[2025-05-27 02:18:33,213] [DEBUG] [TEST] Batch 7 | Pred shape: torch.Size([256, 256, 160]) | Label shape: torch.Size([256, 256, 160])
[2025-05-27 02:18:33,289] [DEBUG] [TEST] Batch 8 | Pred shape: torch.Size([256, 256, 160]) | Label shape: torch.Size([256, 256, 160])
[2025-05-27 02:18:34,689] [DEBUG] [TEST] Batch 9 | Pred shape: torch.Size([256, 256, 160]) | Label shape: torch.Size([256, 256, 160])
[2025-05-27 02:18:34,825] [DEBUG] [TEST] Batch 10 | Pred shape: torch.Size([256, 256, 160]) | Label shape: torch.Size([256, 256, 160])
[2025-05-27 02:18:37,274] [INFO] [FIT] Final model saved to: Run_UNET_iid_fedWSOcomp_20250526/Client1/model_final.pth
[2025-05-27 02:19:20,084] [INFO] [EVALUATE] Starting evaluation...
[2025-05-27 02:19:24,571] [INFO] [DEBUG] Loaded compressed decoded weights.
[2025-05-27 02:20:17,245] [DEBUG] [TEST] Batch 1 | Pred shape: torch.Size([256, 256, 160]) | Label shape: torch.Size([256, 256, 160])
[2025-05-27 02:20:17,465] [DEBUG] [TEST] Batch 2 | Pred shape: torch.Size([256, 256, 160]) | Label shape: torch.Size([256, 256, 160])
[2025-05-27 02:20:17,605] [DEBUG] [TEST] Batch 3 | Pred shape: torch.Size([256, 256, 160]) | Label shape: torch.Size([256, 256, 160])
[2025-05-27 02:20:17,711] [DEBUG] [TEST] Batch 4 | Pred shape: torch.Size([256, 256, 160]) | Label shape: torch.Size([256, 256, 160])
[2025-05-27 02:20:17,867] [DEBUG] [TEST] Batch 5 | Pred shape: torch.Size([256, 256, 160]) | Label shape: torch.Size([256, 256, 160])
[2025-05-27 02:20:18,041] [DEBUG] [TEST] Batch 6 | Pred shape: torch.Size([256, 256, 160]) | Label shape: torch.Size([256, 256, 160])
[2025-05-27 02:20:18,120] [DEBUG] [TEST] Batch 7 | Pred shape: torch.Size([256, 256, 160]) | Label shape: torch.Size([256, 256, 160])
[2025-05-27 02:20:18,196] [DEBUG] [TEST] Batch 8 | Pred shape: torch.Size([256, 256, 160]) | Label shape: torch.Size([256, 256, 160])
[2025-05-27 02:20:18,982] [DEBUG] [TEST] Batch 9 | Pred shape: torch.Size([256, 256, 160]) | Label shape: torch.Size([256, 256, 160])
[2025-05-27 02:20:19,331] [DEBUG] [TEST] Batch 10 | Pred shape: torch.Size([256, 256, 160]) | Label shape: torch.Size([256, 256, 160])
[2025-05-27 02:20:21,830] [INFO] [EVALUATE] Dice WT: 0.4670
[2025-05-27 02:20:24,013] [INFO] [FIT] Received parameters. Starting local training...
[2025-05-27 02:20:25,881] [INFO] [DEBUG] Loaded compressed decoded weights.
[2025-05-27 02:22:17,688] [INFO] [TRAIN] Epoch 1 Loss: 0.8904
[2025-05-27 02:23:59,878] [INFO] [TRAIN] Epoch 2 Loss: 0.8540
[2025-05-27 02:25:45,506] [INFO] [TRAIN] Epoch 3 Loss: 0.8290
[2025-05-27 02:27:33,884] [INFO] [TRAIN] Epoch 4 Loss: 0.8098
[2025-05-27 02:29:33,263] [INFO] [TRAIN] Epoch 5 Loss: 0.7895
[2025-05-27 02:29:33,270] [INFO] [FIT] Local training finished. Avg Loss: 0.8345
[2025-05-27 02:30:22,797] [DEBUG] [TEST] Batch 1 | Pred shape: torch.Size([256, 256, 160]) | Label shape: torch.Size([256, 256, 160])
[2025-05-27 02:30:22,949] [DEBUG] [TEST] Batch 2 | Pred shape: torch.Size([256, 256, 160]) | Label shape: torch.Size([256, 256, 160])
[2025-05-27 02:30:23,286] [DEBUG] [TEST] Batch 3 | Pred shape: torch.Size([256, 256, 160]) | Label shape: torch.Size([256, 256, 160])
[2025-05-27 02:30:23,437] [DEBUG] [TEST] Batch 4 | Pred shape: torch.Size([256, 256, 160]) | Label shape: torch.Size([256, 256, 160])
[2025-05-27 02:30:23,610] [DEBUG] [TEST] Batch 5 | Pred shape: torch.Size([256, 256, 160]) | Label shape: torch.Size([256, 256, 160])
[2025-05-27 02:30:23,779] [DEBUG] [TEST] Batch 6 | Pred shape: torch.Size([256, 256, 160]) | Label shape: torch.Size([256, 256, 160])
[2025-05-27 02:30:23,946] [DEBUG] [TEST] Batch 7 | Pred shape: torch.Size([256, 256, 160]) | Label shape: torch.Size([256, 256, 160])
[2025-05-27 02:30:24,029] [DEBUG] [TEST] Batch 8 | Pred shape: torch.Size([256, 256, 160]) | Label shape: torch.Size([256, 256, 160])
[2025-05-27 02:30:24,805] [DEBUG] [TEST] Batch 9 | Pred shape: torch.Size([256, 256, 160]) | Label shape: torch.Size([256, 256, 160])
[2025-05-27 02:30:24,881] [DEBUG] [TEST] Batch 10 | Pred shape: torch.Size([256, 256, 160]) | Label shape: torch.Size([256, 256, 160])
[2025-05-27 02:30:28,416] [INFO] [FIT] Final model saved to: Run_UNET_iid_fedWSOcomp_20250526/Client1/model_final.pth
[2025-05-27 02:32:02,616] [INFO] [EVALUATE] Starting evaluation...
[2025-05-27 02:32:06,983] [INFO] [DEBUG] Loaded compressed decoded weights.
[2025-05-27 02:33:02,740] [DEBUG] [TEST] Batch 1 | Pred shape: torch.Size([256, 256, 160]) | Label shape: torch.Size([256, 256, 160])
[2025-05-27 02:33:02,897] [DEBUG] [TEST] Batch 2 | Pred shape: torch.Size([256, 256, 160]) | Label shape: torch.Size([256, 256, 160])
[2025-05-27 02:33:03,589] [DEBUG] [TEST] Batch 3 | Pred shape: torch.Size([256, 256, 160]) | Label shape: torch.Size([256, 256, 160])
[2025-05-27 02:33:03,747] [DEBUG] [TEST] Batch 4 | Pred shape: torch.Size([256, 256, 160]) | Label shape: torch.Size([256, 256, 160])
[2025-05-27 02:33:04,015] [DEBUG] [TEST] Batch 5 | Pred shape: torch.Size([256, 256, 160]) | Label shape: torch.Size([256, 256, 160])
[2025-05-27 02:33:04,306] [DEBUG] [TEST] Batch 6 | Pred shape: torch.Size([256, 256, 160]) | Label shape: torch.Size([256, 256, 160])
[2025-05-27 02:33:04,592] [DEBUG] [TEST] Batch 7 | Pred shape: torch.Size([256, 256, 160]) | Label shape: torch.Size([256, 256, 160])
[2025-05-27 02:33:04,844] [DEBUG] [TEST] Batch 8 | Pred shape: torch.Size([256, 256, 160]) | Label shape: torch.Size([256, 256, 160])
[2025-05-27 02:33:05,099] [DEBUG] [TEST] Batch 9 | Pred shape: torch.Size([256, 256, 160]) | Label shape: torch.Size([256, 256, 160])
[2025-05-27 02:33:05,273] [DEBUG] [TEST] Batch 10 | Pred shape: torch.Size([256, 256, 160]) | Label shape: torch.Size([256, 256, 160])
[2025-05-27 02:33:11,171] [INFO] [EVALUATE] Dice WT: 0.4158
