[2025-06-10 17:09:26,170] [INFO] Model initialized on device: cuda:0
[2025-06-10 17:09:44,005] [INFO] [FIT] Received parameters. Starting local training...
[2025-06-10 17:09:45,883] [INFO] [DEBUG] Loaded uncompressed weights.
[2025-06-10 17:09:46,280] [ERROR] [MODEL PARAMETER ERROR] Layer model.0.conv.unit0.adn.N.weight corrupted: mean=1.0, std=0.0
[2025-06-10 17:09:46,281] [ERROR] [MODEL PARAMETER ERROR] Layer model.0.conv.unit0.adn.N.bias corrupted: mean=0.0, std=0.0
[2025-06-10 17:09:46,281] [ERROR] [MODEL PARAMETER ERROR] Layer model.0.conv.unit1.adn.N.weight corrupted: mean=1.0, std=0.0
[2025-06-10 17:09:46,281] [ERROR] [MODEL PARAMETER ERROR] Layer model.0.conv.unit1.adn.N.bias corrupted: mean=0.0, std=0.0
[2025-06-10 17:09:46,371] [ERROR] [MODEL PARAMETER ERROR] Layer model.1.submodule.0.conv.unit0.adn.N.weight corrupted: mean=1.0, std=0.0
[2025-06-10 17:09:46,371] [ERROR] [MODEL PARAMETER ERROR] Layer model.1.submodule.0.conv.unit0.adn.N.bias corrupted: mean=0.0, std=0.0
[2025-06-10 17:09:46,372] [ERROR] [MODEL PARAMETER ERROR] Layer model.1.submodule.0.conv.unit1.adn.N.weight corrupted: mean=1.0, std=0.0
[2025-06-10 17:09:46,372] [ERROR] [MODEL PARAMETER ERROR] Layer model.1.submodule.0.conv.unit1.adn.N.bias corrupted: mean=0.0, std=0.0
[2025-06-10 17:09:46,372] [ERROR] [MODEL PARAMETER ERROR] Layer model.1.submodule.1.submodule.0.conv.unit0.adn.N.weight corrupted: mean=1.0, std=0.0
[2025-06-10 17:09:46,373] [ERROR] [MODEL PARAMETER ERROR] Layer model.1.submodule.1.submodule.0.conv.unit0.adn.N.bias corrupted: mean=0.0, std=0.0
[2025-06-10 17:09:46,376] [ERROR] [MODEL PARAMETER ERROR] Layer model.1.submodule.1.submodule.0.conv.unit1.adn.N.weight corrupted: mean=1.0, std=0.0
[2025-06-10 17:09:46,376] [ERROR] [MODEL PARAMETER ERROR] Layer model.1.submodule.1.submodule.0.conv.unit1.adn.N.bias corrupted: mean=0.0, std=0.0
[2025-06-10 17:09:46,376] [ERROR] [MODEL PARAMETER ERROR] Layer model.1.submodule.1.submodule.1.submodule.0.conv.unit0.adn.N.weight corrupted: mean=1.0, std=0.0
[2025-06-10 17:09:46,376] [ERROR] [MODEL PARAMETER ERROR] Layer model.1.submodule.1.submodule.1.submodule.0.conv.unit0.adn.N.bias corrupted: mean=0.0, std=0.0
[2025-06-10 17:09:46,377] [ERROR] [MODEL PARAMETER ERROR] Layer model.1.submodule.1.submodule.1.submodule.0.conv.unit1.adn.N.weight corrupted: mean=1.0, std=0.0
[2025-06-10 17:09:46,377] [ERROR] [MODEL PARAMETER ERROR] Layer model.1.submodule.1.submodule.1.submodule.0.conv.unit1.adn.N.bias corrupted: mean=0.0, std=0.0
[2025-06-10 17:09:46,378] [ERROR] [MODEL PARAMETER ERROR] Layer model.1.submodule.1.submodule.1.submodule.1.submodule.conv.unit0.adn.N.weight corrupted: mean=1.0, std=0.0
[2025-06-10 17:09:46,378] [ERROR] [MODEL PARAMETER ERROR] Layer model.1.submodule.1.submodule.1.submodule.1.submodule.conv.unit0.adn.N.bias corrupted: mean=0.0, std=0.0
[2025-06-10 17:09:46,378] [ERROR] [MODEL PARAMETER ERROR] Layer model.1.submodule.1.submodule.1.submodule.1.submodule.conv.unit1.adn.N.weight corrupted: mean=1.0, std=0.0
[2025-06-10 17:09:46,379] [ERROR] [MODEL PARAMETER ERROR] Layer model.1.submodule.1.submodule.1.submodule.1.submodule.conv.unit1.adn.N.bias corrupted: mean=0.0, std=0.0
[2025-06-10 17:09:46,379] [ERROR] [MODEL PARAMETER ERROR] Layer model.1.submodule.1.submodule.1.submodule.2.0.adn.N.weight corrupted: mean=1.0, std=0.0
[2025-06-10 17:09:46,379] [ERROR] [MODEL PARAMETER ERROR] Layer model.1.submodule.1.submodule.1.submodule.2.0.adn.N.bias corrupted: mean=0.0, std=0.0
[2025-06-10 17:09:46,380] [ERROR] [MODEL PARAMETER ERROR] Layer model.1.submodule.1.submodule.1.submodule.2.1.conv.unit0.adn.N.weight corrupted: mean=1.0, std=0.0
[2025-06-10 17:09:46,381] [ERROR] [MODEL PARAMETER ERROR] Layer model.1.submodule.1.submodule.1.submodule.2.1.conv.unit0.adn.N.bias corrupted: mean=0.0, std=0.0
[2025-06-10 17:09:46,472] [ERROR] [MODEL PARAMETER ERROR] Layer model.1.submodule.1.submodule.2.0.adn.N.weight corrupted: mean=1.0, std=0.0
[2025-06-10 17:09:46,472] [ERROR] [MODEL PARAMETER ERROR] Layer model.1.submodule.1.submodule.2.0.adn.N.bias corrupted: mean=0.0, std=0.0
[2025-06-10 17:09:46,476] [ERROR] [MODEL PARAMETER ERROR] Layer model.1.submodule.1.submodule.2.1.conv.unit0.adn.N.weight corrupted: mean=1.0, std=0.0
[2025-06-10 17:09:46,476] [ERROR] [MODEL PARAMETER ERROR] Layer model.1.submodule.1.submodule.2.1.conv.unit0.adn.N.bias corrupted: mean=0.0, std=0.0
[2025-06-10 17:09:46,479] [ERROR] [MODEL PARAMETER ERROR] Layer model.1.submodule.2.0.adn.N.weight corrupted: mean=1.0, std=0.0
[2025-06-10 17:09:46,480] [ERROR] [MODEL PARAMETER ERROR] Layer model.1.submodule.2.0.adn.N.bias corrupted: mean=0.0, std=0.0
[2025-06-10 17:09:46,482] [ERROR] [MODEL PARAMETER ERROR] Layer model.1.submodule.2.1.conv.unit0.adn.N.weight corrupted: mean=1.0, std=0.0
[2025-06-10 17:09:46,483] [ERROR] [MODEL PARAMETER ERROR] Layer model.1.submodule.2.1.conv.unit0.adn.N.bias corrupted: mean=0.0, std=0.0
[2025-06-10 17:10:19,295] [INFO] Model initialized on device: cuda:0
[2025-06-10 17:10:32,411] [INFO] Model initialized on device: cuda:0
[2025-06-10 17:10:33,242] [INFO] Model initialized on device: cuda:0
[2025-06-10 17:10:33,882] [INFO] Model initialized on device: cuda:0
[2025-06-10 17:10:34,875] [INFO] Model initialized on device: cuda:0
[2025-06-10 17:10:35,070] [INFO] Model initialized on device: cuda:0
[2025-06-10 17:10:35,393] [INFO] Model initialized on device: cuda:0
[2025-06-10 17:10:35,470] [INFO] Model initialized on device: cuda:0
[2025-06-10 17:11:40,370] [INFO] [TRAIN] Epoch 1 Loss: 0.9926
[2025-06-10 17:12:18,484] [INFO] Model initialized on device: cuda:0
[2025-06-10 17:12:24,193] [INFO] Model initialized on device: cuda:0
[2025-06-10 17:12:24,775] [INFO] Model initialized on device: cuda:0
[2025-06-10 17:12:24,979] [INFO] Model initialized on device: cuda:0
[2025-06-10 17:12:25,377] [INFO] Model initialized on device: cuda:0
[2025-06-10 17:12:27,889] [INFO] Model initialized on device: cuda:0
[2025-06-10 17:12:27,986] [INFO] Model initialized on device: cuda:0
[2025-06-10 17:12:28,081] [INFO] Model initialized on device: cuda:0
[2025-06-10 17:13:32,776] [INFO] [TRAIN] Epoch 2 Loss: 0.9916
[2025-06-10 17:14:00,111] [INFO] Model initialized on device: cuda:0
[2025-06-10 17:14:06,001] [INFO] Model initialized on device: cuda:0
[2025-06-10 17:14:08,273] [INFO] Model initialized on device: cuda:0
[2025-06-10 17:14:13,192] [INFO] Model initialized on device: cuda:0
[2025-06-10 17:14:13,278] [INFO] Model initialized on device: cuda:0
[2025-06-10 17:14:13,696] [INFO] Model initialized on device: cuda:0
[2025-06-10 17:14:13,780] [INFO] Model initialized on device: cuda:0
[2025-06-10 17:14:13,792] [INFO] Model initialized on device: cuda:0
[2025-06-10 17:15:11,847] [INFO] [TRAIN] Epoch 3 Loss: 0.9914
[2025-06-10 17:15:37,703] [INFO] Model initialized on device: cuda:0
[2025-06-10 17:15:41,508] [INFO] Model initialized on device: cuda:0
[2025-06-10 17:15:41,509] [INFO] Model initialized on device: cuda:0
[2025-06-10 17:15:41,777] [INFO] Model initialized on device: cuda:0
[2025-06-10 17:15:41,778] [INFO] Model initialized on device: cuda:0
[2025-06-10 17:15:41,781] [INFO] Model initialized on device: cuda:0
[2025-06-10 17:15:41,873] [INFO] Model initialized on device: cuda:0
[2025-06-10 17:15:44,900] [INFO] Model initialized on device: cuda:0
[2025-06-10 17:16:43,396] [INFO] [TRAIN] Epoch 4 Loss: 0.9913
[2025-06-10 17:17:05,375] [INFO] Model initialized on device: cuda:0
[2025-06-10 17:17:06,493] [INFO] Model initialized on device: cuda:0
[2025-06-10 17:17:06,896] [INFO] Model initialized on device: cuda:0
[2025-06-10 17:17:07,578] [INFO] Model initialized on device: cuda:0
[2025-06-10 17:17:10,199] [INFO] Model initialized on device: cuda:0
[2025-06-10 17:17:10,209] [INFO] Model initialized on device: cuda:0
[2025-06-10 17:17:10,209] [INFO] Model initialized on device: cuda:0
[2025-06-10 17:17:10,210] [INFO] Model initialized on device: cuda:0
[2025-06-10 17:18:11,813] [INFO] [TRAIN] Epoch 5 Loss: 0.9912
[2025-06-10 17:18:11,815] [INFO] [FIT] Local training finished. Avg Loss: 0.9916
[2025-06-10 17:18:33,095] [INFO] Model initialized on device: cuda:0
[2025-06-10 17:18:33,219] [INFO] Model initialized on device: cuda:0
[2025-06-10 17:18:34,499] [INFO] Model initialized on device: cuda:0
[2025-06-10 17:18:34,776] [INFO] Model initialized on device: cuda:0
[2025-06-10 17:18:35,077] [INFO] Model initialized on device: cuda:0
[2025-06-10 17:18:35,172] [INFO] Model initialized on device: cuda:0
[2025-06-10 17:18:35,192] [INFO] Model initialized on device: cuda:0
[2025-06-10 17:18:35,271] [INFO] Model initialized on device: cuda:0
[2025-06-10 17:18:40,001] [DEBUG] [TEST] Batch 1 | Pred shape: torch.Size([256, 256, 160]) | Label shape: torch.Size([256, 256, 160])
[2025-06-10 17:18:40,102] [DEBUG] [TEST] Batch 2 | Pred shape: torch.Size([256, 256, 160]) | Label shape: torch.Size([256, 256, 160])
[2025-06-10 17:18:40,194] [DEBUG] [TEST] Batch 3 | Pred shape: torch.Size([256, 256, 160]) | Label shape: torch.Size([256, 256, 160])
[2025-06-10 17:18:40,271] [DEBUG] [TEST] Batch 4 | Pred shape: torch.Size([256, 256, 160]) | Label shape: torch.Size([256, 256, 160])
[2025-06-10 17:18:40,327] [DEBUG] [TEST] Batch 5 | Pred shape: torch.Size([256, 256, 160]) | Label shape: torch.Size([256, 256, 160])
[2025-06-10 17:18:40,387] [DEBUG] [TEST] Batch 6 | Pred shape: torch.Size([256, 256, 160]) | Label shape: torch.Size([256, 256, 160])
[2025-06-10 17:18:40,472] [DEBUG] [TEST] Batch 7 | Pred shape: torch.Size([256, 256, 160]) | Label shape: torch.Size([256, 256, 160])
[2025-06-10 17:18:40,576] [DEBUG] [TEST] Batch 8 | Pred shape: torch.Size([256, 256, 160]) | Label shape: torch.Size([256, 256, 160])
[2025-06-10 17:18:41,941] [DEBUG] [TEST] Batch 9 | Pred shape: torch.Size([256, 256, 160]) | Label shape: torch.Size([256, 256, 160])
[2025-06-10 17:18:42,056] [DEBUG] [TEST] Batch 10 | Pred shape: torch.Size([256, 256, 160]) | Label shape: torch.Size([256, 256, 160])
[2025-06-10 17:18:44,872] [INFO] [FIT] Final model saved to: Run_UNET_IID60%_fedWSOcompC64_20250610/Client1/model_final.pth
[2025-06-10 17:19:54,632] [INFO] [EVALUATE] Starting evaluation...
[2025-06-10 17:19:59,074] [INFO] [DEBUG] Loaded compressed decoded weights.
[2025-06-10 17:20:48,915] [INFO] Model initialized on device: cuda:0
[2025-06-10 17:20:49,229] [INFO] Model initialized on device: cuda:0
[2025-06-10 17:20:49,776] [INFO] Model initialized on device: cuda:0
[2025-06-10 17:20:49,985] [INFO] Model initialized on device: cuda:0
[2025-06-10 17:20:49,987] [INFO] Model initialized on device: cuda:0
[2025-06-10 17:20:50,190] [INFO] Model initialized on device: cuda:0
[2025-06-10 17:20:50,192] [INFO] Model initialized on device: cuda:0
[2025-06-10 17:20:50,196] [INFO] Model initialized on device: cuda:0
[2025-06-10 17:20:55,489] [DEBUG] [TEST] Batch 1 | Pred shape: torch.Size([256, 256, 160]) | Label shape: torch.Size([256, 256, 160])
[2025-06-10 17:20:55,581] [DEBUG] [TEST] Batch 2 | Pred shape: torch.Size([256, 256, 160]) | Label shape: torch.Size([256, 256, 160])
[2025-06-10 17:20:55,712] [DEBUG] [TEST] Batch 3 | Pred shape: torch.Size([256, 256, 160]) | Label shape: torch.Size([256, 256, 160])
[2025-06-10 17:20:55,872] [DEBUG] [TEST] Batch 4 | Pred shape: torch.Size([256, 256, 160]) | Label shape: torch.Size([256, 256, 160])
[2025-06-10 17:20:56,095] [DEBUG] [TEST] Batch 5 | Pred shape: torch.Size([256, 256, 160]) | Label shape: torch.Size([256, 256, 160])
[2025-06-10 17:20:56,327] [DEBUG] [TEST] Batch 6 | Pred shape: torch.Size([256, 256, 160]) | Label shape: torch.Size([256, 256, 160])
[2025-06-10 17:20:56,546] [DEBUG] [TEST] Batch 7 | Pred shape: torch.Size([256, 256, 160]) | Label shape: torch.Size([256, 256, 160])
[2025-06-10 17:20:56,730] [DEBUG] [TEST] Batch 8 | Pred shape: torch.Size([256, 256, 160]) | Label shape: torch.Size([256, 256, 160])
[2025-06-10 17:20:57,475] [DEBUG] [TEST] Batch 9 | Pred shape: torch.Size([256, 256, 160]) | Label shape: torch.Size([256, 256, 160])
[2025-06-10 17:20:57,631] [DEBUG] [TEST] Batch 10 | Pred shape: torch.Size([256, 256, 160]) | Label shape: torch.Size([256, 256, 160])
[2025-06-10 17:21:03,092] [INFO] [EVALUATE] Dice WT: 0.0561
[2025-06-10 17:21:08,019] [INFO] [FIT] Received parameters. Starting local training...
[2025-06-10 17:21:12,378] [INFO] [DEBUG] Loaded compressed decoded weights.
[2025-06-10 17:22:00,691] [INFO] Model initialized on device: cuda:0
[2025-06-10 17:22:00,999] [INFO] Model initialized on device: cuda:0
[2025-06-10 17:22:01,495] [INFO] Model initialized on device: cuda:0
[2025-06-10 17:22:01,989] [INFO] Model initialized on device: cuda:0
[2025-06-10 17:22:02,009] [INFO] Model initialized on device: cuda:0
[2025-06-10 17:22:02,070] [INFO] Model initialized on device: cuda:0
[2025-06-10 17:22:02,072] [INFO] Model initialized on device: cuda:0
[2025-06-10 17:22:02,109] [INFO] Model initialized on device: cuda:0
[2025-06-10 17:23:08,184] [INFO] [TRAIN] Epoch 1 Loss: 0.9912
[2025-06-10 17:23:57,005] [INFO] Model initialized on device: cuda:0
[2025-06-10 17:23:57,031] [INFO] Model initialized on device: cuda:0
[2025-06-10 17:23:57,476] [INFO] Model initialized on device: cuda:0
[2025-06-10 17:23:57,976] [INFO] Model initialized on device: cuda:0
[2025-06-10 17:23:58,102] [INFO] Model initialized on device: cuda:0
[2025-06-10 17:23:58,106] [INFO] Model initialized on device: cuda:0
[2025-06-10 17:23:58,177] [INFO] Model initialized on device: cuda:0
[2025-06-10 17:23:58,182] [INFO] Model initialized on device: cuda:0
[2025-06-10 17:25:01,126] [INFO] [TRAIN] Epoch 2 Loss: 0.9911
[2025-06-10 17:25:41,595] [INFO] Model initialized on device: cuda:0
[2025-06-10 17:25:41,841] [INFO] Model initialized on device: cuda:0
[2025-06-10 17:25:41,843] [INFO] Model initialized on device: cuda:0
[2025-06-10 17:25:41,882] [INFO] Model initialized on device: cuda:0
[2025-06-10 17:25:41,899] [INFO] Model initialized on device: cuda:0
[2025-06-10 17:25:42,104] [INFO] Model initialized on device: cuda:0
[2025-06-10 17:25:42,140] [INFO] Model initialized on device: cuda:0
[2025-06-10 17:25:42,630] [INFO] Model initialized on device: cuda:0
[2025-06-10 17:26:40,777] [INFO] [TRAIN] Epoch 3 Loss: 0.9910
[2025-06-10 17:27:11,702] [INFO] Model initialized on device: cuda:0
[2025-06-10 17:27:11,706] [INFO] Model initialized on device: cuda:0
[2025-06-10 17:27:11,706] [INFO] Model initialized on device: cuda:0
[2025-06-10 17:27:11,876] [INFO] Model initialized on device: cuda:0
[2025-06-10 17:27:11,878] [INFO] Model initialized on device: cuda:0
[2025-06-10 17:27:11,878] [INFO] Model initialized on device: cuda:0
[2025-06-10 17:27:11,885] [INFO] Model initialized on device: cuda:0
[2025-06-10 17:27:11,886] [INFO] Model initialized on device: cuda:0
[2025-06-10 17:28:09,510] [INFO] [TRAIN] Epoch 4 Loss: 0.9909
[2025-06-10 17:28:38,296] [INFO] Model initialized on device: cuda:0
[2025-06-10 17:28:38,696] [INFO] Model initialized on device: cuda:0
[2025-06-10 17:28:38,784] [INFO] Model initialized on device: cuda:0
[2025-06-10 17:28:38,907] [INFO] Model initialized on device: cuda:0
[2025-06-10 17:28:38,974] [INFO] Model initialized on device: cuda:0
[2025-06-10 17:28:38,976] [INFO] Model initialized on device: cuda:0
[2025-06-10 17:28:38,985] [INFO] Model initialized on device: cuda:0
[2025-06-10 17:28:38,987] [INFO] Model initialized on device: cuda:0
[2025-06-10 17:29:38,375] [INFO] [TRAIN] Epoch 5 Loss: 0.9909
[2025-06-10 17:29:38,376] [INFO] [FIT] Local training finished. Avg Loss: 0.9910
[2025-06-10 17:30:06,674] [INFO] Model initialized on device: cuda:0
[2025-06-10 17:30:09,200] [INFO] Model initialized on device: cuda:0
[2025-06-10 17:30:09,778] [INFO] Model initialized on device: cuda:0
[2025-06-10 17:30:09,789] [INFO] Model initialized on device: cuda:0
[2025-06-10 17:30:10,473] [INFO] Model initialized on device: cuda:0
[2025-06-10 17:30:11,186] [INFO] Model initialized on device: cuda:0
[2025-06-10 17:30:11,287] [INFO] Model initialized on device: cuda:0
[2025-06-10 17:30:11,287] [INFO] Model initialized on device: cuda:0
[2025-06-10 17:30:15,522] [DEBUG] [TEST] Batch 1 | Pred shape: torch.Size([256, 256, 160]) | Label shape: torch.Size([256, 256, 160])
[2025-06-10 17:30:15,778] [DEBUG] [TEST] Batch 2 | Pred shape: torch.Size([256, 256, 160]) | Label shape: torch.Size([256, 256, 160])
[2025-06-10 17:30:15,987] [DEBUG] [TEST] Batch 3 | Pred shape: torch.Size([256, 256, 160]) | Label shape: torch.Size([256, 256, 160])
[2025-06-10 17:30:16,587] [DEBUG] [TEST] Batch 4 | Pred shape: torch.Size([256, 256, 160]) | Label shape: torch.Size([256, 256, 160])
[2025-06-10 17:30:16,677] [DEBUG] [TEST] Batch 5 | Pred shape: torch.Size([256, 256, 160]) | Label shape: torch.Size([256, 256, 160])
[2025-06-10 17:30:16,810] [DEBUG] [TEST] Batch 6 | Pred shape: torch.Size([256, 256, 160]) | Label shape: torch.Size([256, 256, 160])
[2025-06-10 17:30:16,978] [DEBUG] [TEST] Batch 7 | Pred shape: torch.Size([256, 256, 160]) | Label shape: torch.Size([256, 256, 160])
[2025-06-10 17:30:17,076] [DEBUG] [TEST] Batch 8 | Pred shape: torch.Size([256, 256, 160]) | Label shape: torch.Size([256, 256, 160])
[2025-06-10 17:30:19,120] [DEBUG] [TEST] Batch 9 | Pred shape: torch.Size([256, 256, 160]) | Label shape: torch.Size([256, 256, 160])
[2025-06-10 17:30:19,377] [DEBUG] [TEST] Batch 10 | Pred shape: torch.Size([256, 256, 160]) | Label shape: torch.Size([256, 256, 160])
[2025-06-10 17:30:24,147] [INFO] [FIT] Final model saved to: Run_UNET_IID60%_fedWSOcompC64_20250610/Client1/model_final.pth
[2025-06-10 17:31:54,245] [INFO] [EVALUATE] Starting evaluation...
[2025-06-10 17:31:58,182] [INFO] [DEBUG] Loaded compressed decoded weights.
[2025-06-10 17:32:47,620] [INFO] Model initialized on device: cuda:0
[2025-06-10 17:32:48,155] [INFO] Model initialized on device: cuda:0
[2025-06-10 17:32:48,372] [INFO] Model initialized on device: cuda:0
[2025-06-10 17:32:48,373] [INFO] Model initialized on device: cuda:0
[2025-06-10 17:32:48,674] [INFO] Model initialized on device: cuda:0
[2025-06-10 17:32:48,675] [INFO] Model initialized on device: cuda:0
[2025-06-10 17:32:48,677] [INFO] Model initialized on device: cuda:0
[2025-06-10 17:32:48,981] [INFO] Model initialized on device: cuda:0
[2025-06-10 17:32:53,852] [DEBUG] [TEST] Batch 1 | Pred shape: torch.Size([256, 256, 160]) | Label shape: torch.Size([256, 256, 160])
[2025-06-10 17:32:53,926] [DEBUG] [TEST] Batch 2 | Pred shape: torch.Size([256, 256, 160]) | Label shape: torch.Size([256, 256, 160])
[2025-06-10 17:32:54,072] [DEBUG] [TEST] Batch 3 | Pred shape: torch.Size([256, 256, 160]) | Label shape: torch.Size([256, 256, 160])
[2025-06-10 17:32:54,363] [DEBUG] [TEST] Batch 4 | Pred shape: torch.Size([256, 256, 160]) | Label shape: torch.Size([256, 256, 160])
[2025-06-10 17:32:54,585] [DEBUG] [TEST] Batch 5 | Pred shape: torch.Size([256, 256, 160]) | Label shape: torch.Size([256, 256, 160])
[2025-06-10 17:32:54,821] [DEBUG] [TEST] Batch 6 | Pred shape: torch.Size([256, 256, 160]) | Label shape: torch.Size([256, 256, 160])
[2025-06-10 17:32:55,053] [DEBUG] [TEST] Batch 7 | Pred shape: torch.Size([256, 256, 160]) | Label shape: torch.Size([256, 256, 160])
[2025-06-10 17:32:55,296] [DEBUG] [TEST] Batch 8 | Pred shape: torch.Size([256, 256, 160]) | Label shape: torch.Size([256, 256, 160])
[2025-06-10 17:32:56,175] [DEBUG] [TEST] Batch 9 | Pred shape: torch.Size([256, 256, 160]) | Label shape: torch.Size([256, 256, 160])
[2025-06-10 17:32:56,234] [DEBUG] [TEST] Batch 10 | Pred shape: torch.Size([256, 256, 160]) | Label shape: torch.Size([256, 256, 160])
[2025-06-10 17:33:01,515] [INFO] [EVALUATE] Dice WT: 0.0848
[2025-06-10 17:33:05,908] [INFO] [FIT] Received parameters. Starting local training...
[2025-06-10 17:33:09,979] [INFO] [DEBUG] Loaded compressed decoded weights.
[2025-06-10 17:34:01,538] [INFO] Model initialized on device: cuda:0
[2025-06-10 17:34:01,676] [INFO] Model initialized on device: cuda:0
[2025-06-10 17:34:01,785] [INFO] Model initialized on device: cuda:0
[2025-06-10 17:34:02,109] [INFO] Model initialized on device: cuda:0
[2025-06-10 17:34:02,177] [INFO] Model initialized on device: cuda:0
[2025-06-10 17:34:02,206] [INFO] Model initialized on device: cuda:0
[2025-06-10 17:34:02,296] [INFO] Model initialized on device: cuda:0
[2025-06-10 17:34:02,509] [INFO] Model initialized on device: cuda:0
[2025-06-10 17:35:07,775] [INFO] [TRAIN] Epoch 1 Loss: 0.9909
[2025-06-10 17:35:49,377] [INFO] Model initialized on device: cuda:0
[2025-06-10 17:35:49,534] [INFO] Model initialized on device: cuda:0
[2025-06-10 17:35:49,627] [INFO] Model initialized on device: cuda:0
[2025-06-10 17:35:49,629] [INFO] Model initialized on device: cuda:0
[2025-06-10 17:35:49,665] [INFO] Model initialized on device: cuda:0
[2025-06-10 17:35:49,676] [INFO] Model initialized on device: cuda:0
[2025-06-10 17:35:49,817] [INFO] Model initialized on device: cuda:0
[2025-06-10 17:35:49,817] [INFO] Model initialized on device: cuda:0
[2025-06-10 17:36:45,416] [INFO] [TRAIN] Epoch 2 Loss: 0.9908
[2025-06-10 17:37:12,176] [INFO] Model initialized on device: cuda:0
[2025-06-10 17:37:12,318] [INFO] Model initialized on device: cuda:0
[2025-06-10 17:37:12,414] [INFO] Model initialized on device: cuda:0
[2025-06-10 17:37:12,417] [INFO] Model initialized on device: cuda:0
[2025-06-10 17:37:12,418] [INFO] Model initialized on device: cuda:0
[2025-06-10 17:37:12,419] [INFO] Model initialized on device: cuda:0
[2025-06-10 17:37:12,420] [INFO] Model initialized on device: cuda:0
[2025-06-10 17:37:12,420] [INFO] Model initialized on device: cuda:0
[2025-06-10 17:38:08,827] [INFO] [TRAIN] Epoch 3 Loss: 0.9907
[2025-06-10 17:38:41,576] [INFO] Model initialized on device: cuda:0
[2025-06-10 17:38:41,987] [INFO] Model initialized on device: cuda:0
[2025-06-10 17:38:41,990] [INFO] Model initialized on device: cuda:0
[2025-06-10 17:38:41,990] [INFO] Model initialized on device: cuda:0
[2025-06-10 17:38:42,007] [INFO] Model initialized on device: cuda:0
[2025-06-10 17:38:42,007] [INFO] Model initialized on device: cuda:0
[2025-06-10 17:38:42,010] [INFO] Model initialized on device: cuda:0
[2025-06-10 17:38:42,010] [INFO] Model initialized on device: cuda:0
[2025-06-10 17:39:40,314] [INFO] [TRAIN] Epoch 4 Loss: 0.9906
[2025-06-10 17:40:07,879] [INFO] Model initialized on device: cuda:0
[2025-06-10 17:40:11,780] [INFO] Model initialized on device: cuda:0
[2025-06-10 17:40:11,973] [INFO] Model initialized on device: cuda:0
[2025-06-10 17:40:11,997] [INFO] Model initialized on device: cuda:0
[2025-06-10 17:40:11,998] [INFO] Model initialized on device: cuda:0
[2025-06-10 17:40:12,009] [INFO] Model initialized on device: cuda:0
[2025-06-10 17:40:12,017] [INFO] Model initialized on device: cuda:0
[2025-06-10 17:40:12,070] [INFO] Model initialized on device: cuda:0
[2025-06-10 17:41:13,376] [INFO] [TRAIN] Epoch 5 Loss: 0.9905
[2025-06-10 17:41:13,378] [INFO] [FIT] Local training finished. Avg Loss: 0.9907
[2025-06-10 17:41:45,575] [INFO] Model initialized on device: cuda:0
[2025-06-10 17:41:45,817] [INFO] Model initialized on device: cuda:0
[2025-06-10 17:41:45,985] [INFO] Model initialized on device: cuda:0
[2025-06-10 17:41:46,083] [INFO] Model initialized on device: cuda:0
[2025-06-10 17:41:46,174] [INFO] Model initialized on device: cuda:0
[2025-06-10 17:41:46,185] [INFO] Model initialized on device: cuda:0
[2025-06-10 17:41:46,185] [INFO] Model initialized on device: cuda:0
[2025-06-10 17:41:46,207] [INFO] Model initialized on device: cuda:0
[2025-06-10 17:41:51,578] [DEBUG] [TEST] Batch 1 | Pred shape: torch.Size([256, 256, 160]) | Label shape: torch.Size([256, 256, 160])
[2025-06-10 17:41:52,704] [DEBUG] [TEST] Batch 2 | Pred shape: torch.Size([256, 256, 160]) | Label shape: torch.Size([256, 256, 160])
[2025-06-10 17:41:52,887] [DEBUG] [TEST] Batch 3 | Pred shape: torch.Size([256, 256, 160]) | Label shape: torch.Size([256, 256, 160])
[2025-06-10 17:41:53,075] [DEBUG] [TEST] Batch 4 | Pred shape: torch.Size([256, 256, 160]) | Label shape: torch.Size([256, 256, 160])
[2025-06-10 17:41:53,272] [DEBUG] [TEST] Batch 5 | Pred shape: torch.Size([256, 256, 160]) | Label shape: torch.Size([256, 256, 160])
[2025-06-10 17:41:53,370] [DEBUG] [TEST] Batch 6 | Pred shape: torch.Size([256, 256, 160]) | Label shape: torch.Size([256, 256, 160])
[2025-06-10 17:41:53,475] [DEBUG] [TEST] Batch 7 | Pred shape: torch.Size([256, 256, 160]) | Label shape: torch.Size([256, 256, 160])
[2025-06-10 17:41:53,578] [DEBUG] [TEST] Batch 8 | Pred shape: torch.Size([256, 256, 160]) | Label shape: torch.Size([256, 256, 160])
[2025-06-10 17:41:55,677] [DEBUG] [TEST] Batch 9 | Pred shape: torch.Size([256, 256, 160]) | Label shape: torch.Size([256, 256, 160])
[2025-06-10 17:41:55,732] [DEBUG] [TEST] Batch 10 | Pred shape: torch.Size([256, 256, 160]) | Label shape: torch.Size([256, 256, 160])
[2025-06-10 17:42:00,136] [INFO] [FIT] Final model saved to: Run_UNET_IID60%_fedWSOcompC64_20250610/Client1/model_final.pth
[2025-06-10 17:43:34,030] [INFO] [EVALUATE] Starting evaluation...
[2025-06-10 17:43:38,772] [INFO] [DEBUG] Loaded compressed decoded weights.
[2025-06-10 17:44:25,453] [INFO] Model initialized on device: cuda:0
[2025-06-10 17:44:25,820] [INFO] Model initialized on device: cuda:0
[2025-06-10 17:44:25,925] [INFO] Model initialized on device: cuda:0
[2025-06-10 17:44:26,498] [INFO] Model initialized on device: cuda:0
[2025-06-10 17:44:26,500] [INFO] Model initialized on device: cuda:0
[2025-06-10 17:44:26,592] [INFO] Model initialized on device: cuda:0
[2025-06-10 17:44:26,785] [INFO] Model initialized on device: cuda:0
[2025-06-10 17:44:26,813] [INFO] Model initialized on device: cuda:0
[2025-06-10 17:44:32,122] [DEBUG] [TEST] Batch 1 | Pred shape: torch.Size([256, 256, 160]) | Label shape: torch.Size([256, 256, 160])
[2025-06-10 17:44:32,337] [DEBUG] [TEST] Batch 2 | Pred shape: torch.Size([256, 256, 160]) | Label shape: torch.Size([256, 256, 160])
[2025-06-10 17:44:32,534] [DEBUG] [TEST] Batch 3 | Pred shape: torch.Size([256, 256, 160]) | Label shape: torch.Size([256, 256, 160])
[2025-06-10 17:44:32,770] [DEBUG] [TEST] Batch 4 | Pred shape: torch.Size([256, 256, 160]) | Label shape: torch.Size([256, 256, 160])
[2025-06-10 17:44:33,007] [DEBUG] [TEST] Batch 5 | Pred shape: torch.Size([256, 256, 160]) | Label shape: torch.Size([256, 256, 160])
[2025-06-10 17:44:33,246] [DEBUG] [TEST] Batch 6 | Pred shape: torch.Size([256, 256, 160]) | Label shape: torch.Size([256, 256, 160])
[2025-06-10 17:44:33,428] [DEBUG] [TEST] Batch 7 | Pred shape: torch.Size([256, 256, 160]) | Label shape: torch.Size([256, 256, 160])
[2025-06-10 17:44:33,617] [DEBUG] [TEST] Batch 8 | Pred shape: torch.Size([256, 256, 160]) | Label shape: torch.Size([256, 256, 160])
[2025-06-10 17:44:34,477] [DEBUG] [TEST] Batch 9 | Pred shape: torch.Size([256, 256, 160]) | Label shape: torch.Size([256, 256, 160])
[2025-06-10 17:44:34,575] [DEBUG] [TEST] Batch 10 | Pred shape: torch.Size([256, 256, 160]) | Label shape: torch.Size([256, 256, 160])
[2025-06-10 17:44:40,661] [INFO] [EVALUATE] Dice WT: 0.1322
[2025-06-10 17:44:44,524] [INFO] [FIT] Received parameters. Starting local training...
[2025-06-10 17:44:48,388] [INFO] [DEBUG] Loaded compressed decoded weights.
[2025-06-10 17:44:48,477] [ERROR] [MODEL PARAMETER ERROR] Layer model.1.submodule.1.submodule.1.submodule.1.submodule.conv.unit1.conv.bias corrupted: mean=8.100084158968457e-09, std=3.6217744536770624e-07
[2025-06-10 17:45:39,526] [INFO] Model initialized on device: cuda:0
[2025-06-10 17:45:40,278] [INFO] Model initialized on device: cuda:0
[2025-06-10 17:45:40,291] [INFO] Model initialized on device: cuda:0
[2025-06-10 17:45:40,900] [INFO] Model initialized on device: cuda:0
[2025-06-10 17:45:40,977] [INFO] Model initialized on device: cuda:0
[2025-06-10 17:45:41,093] [INFO] Model initialized on device: cuda:0
[2025-06-10 17:45:41,174] [INFO] Model initialized on device: cuda:0
[2025-06-10 17:45:41,176] [INFO] Model initialized on device: cuda:0
[2025-06-10 17:46:48,297] [INFO] [TRAIN] Epoch 1 Loss: 0.9905
[2025-06-10 17:47:36,345] [INFO] Model initialized on device: cuda:0
[2025-06-10 17:47:36,732] [INFO] Model initialized on device: cuda:0
[2025-06-10 17:47:37,015] [INFO] Model initialized on device: cuda:0
[2025-06-10 17:47:37,320] [INFO] Model initialized on device: cuda:0
[2025-06-10 17:47:37,808] [INFO] Model initialized on device: cuda:0
[2025-06-10 17:47:37,904] [INFO] Model initialized on device: cuda:0
[2025-06-10 17:47:37,971] [INFO] Model initialized on device: cuda:0
[2025-06-10 17:47:37,974] [INFO] Model initialized on device: cuda:0
[2025-06-10 17:48:46,198] [INFO] [TRAIN] Epoch 2 Loss: 0.9904
[2025-06-10 17:49:32,823] [INFO] Model initialized on device: cuda:0
[2025-06-10 17:49:33,721] [INFO] Model initialized on device: cuda:0
[2025-06-10 17:49:33,775] [INFO] Model initialized on device: cuda:0
[2025-06-10 17:49:33,893] [INFO] Model initialized on device: cuda:0
[2025-06-10 17:49:33,904] [INFO] Model initialized on device: cuda:0
[2025-06-10 17:49:33,906] [INFO] Model initialized on device: cuda:0
[2025-06-10 17:49:34,001] [INFO] Model initialized on device: cuda:0
[2025-06-10 17:49:34,012] [INFO] Model initialized on device: cuda:0
[2025-06-10 17:50:37,972] [INFO] [TRAIN] Epoch 3 Loss: 0.9903
[2025-06-10 17:51:18,017] [INFO] Model initialized on device: cuda:0
[2025-06-10 17:51:18,816] [INFO] Model initialized on device: cuda:0
[2025-06-10 17:51:18,870] [INFO] Model initialized on device: cuda:0
[2025-06-10 17:51:19,098] [INFO] Model initialized on device: cuda:0
[2025-06-10 17:51:19,422] [INFO] Model initialized on device: cuda:0
[2025-06-10 17:51:19,493] [INFO] Model initialized on device: cuda:0
[2025-06-10 17:51:22,127] [INFO] Model initialized on device: cuda:0
[2025-06-10 17:51:22,407] [INFO] Model initialized on device: cuda:0
[2025-06-10 17:52:20,322] [INFO] [TRAIN] Epoch 4 Loss: 0.9902
[2025-06-10 17:52:53,044] [INFO] Model initialized on device: cuda:0
[2025-06-10 17:52:53,902] [INFO] Model initialized on device: cuda:0
[2025-06-10 17:52:54,100] [INFO] Model initialized on device: cuda:0
[2025-06-10 17:52:54,282] [INFO] Model initialized on device: cuda:0
[2025-06-10 17:52:54,285] [INFO] Model initialized on device: cuda:0
[2025-06-10 17:52:54,423] [INFO] Model initialized on device: cuda:0
[2025-06-10 17:52:54,427] [INFO] Model initialized on device: cuda:0
[2025-06-10 17:52:54,487] [INFO] Model initialized on device: cuda:0
[2025-06-10 17:53:54,436] [INFO] [TRAIN] Epoch 5 Loss: 0.9900
[2025-06-10 17:53:54,437] [INFO] [FIT] Local training finished. Avg Loss: 0.9903
[2025-06-10 17:54:23,684] [INFO] Model initialized on device: cuda:0
[2025-06-10 17:54:23,907] [INFO] Model initialized on device: cuda:0
[2025-06-10 17:54:24,388] [INFO] Model initialized on device: cuda:0
[2025-06-10 17:54:24,623] [INFO] Model initialized on device: cuda:0
[2025-06-10 17:54:24,945] [INFO] Model initialized on device: cuda:0
[2025-06-10 17:54:25,070] [INFO] Model initialized on device: cuda:0
[2025-06-10 17:54:25,111] [INFO] Model initialized on device: cuda:0
[2025-06-10 17:54:25,116] [INFO] Model initialized on device: cuda:0
[2025-06-10 17:54:27,178] [DEBUG] [TEST] Batch 1 | Pred shape: torch.Size([256, 256, 160]) | Label shape: torch.Size([256, 256, 160])
[2025-06-10 17:54:27,234] [DEBUG] [TEST] Batch 2 | Pred shape: torch.Size([256, 256, 160]) | Label shape: torch.Size([256, 256, 160])
[2025-06-10 17:54:27,787] [DEBUG] [TEST] Batch 3 | Pred shape: torch.Size([256, 256, 160]) | Label shape: torch.Size([256, 256, 160])
[2025-06-10 17:54:27,869] [DEBUG] [TEST] Batch 4 | Pred shape: torch.Size([256, 256, 160]) | Label shape: torch.Size([256, 256, 160])
[2025-06-10 17:54:28,294] [DEBUG] [TEST] Batch 5 | Pred shape: torch.Size([256, 256, 160]) | Label shape: torch.Size([256, 256, 160])
[2025-06-10 17:54:28,460] [DEBUG] [TEST] Batch 6 | Pred shape: torch.Size([256, 256, 160]) | Label shape: torch.Size([256, 256, 160])
[2025-06-10 17:54:28,613] [DEBUG] [TEST] Batch 7 | Pred shape: torch.Size([256, 256, 160]) | Label shape: torch.Size([256, 256, 160])
[2025-06-10 17:54:28,763] [DEBUG] [TEST] Batch 8 | Pred shape: torch.Size([256, 256, 160]) | Label shape: torch.Size([256, 256, 160])
[2025-06-10 17:54:29,378] [DEBUG] [TEST] Batch 9 | Pred shape: torch.Size([256, 256, 160]) | Label shape: torch.Size([256, 256, 160])
[2025-06-10 17:54:29,434] [DEBUG] [TEST] Batch 10 | Pred shape: torch.Size([256, 256, 160]) | Label shape: torch.Size([256, 256, 160])
[2025-06-10 17:54:33,066] [INFO] [FIT] Final model saved to: Run_UNET_IID60%_fedWSOcompC64_20250610/Client1/model_final.pth
[2025-06-10 17:55:38,803] [INFO] [EVALUATE] Starting evaluation...
[2025-06-10 17:55:43,986] [INFO] [DEBUG] Loaded compressed decoded weights.
[2025-06-10 17:56:28,298] [INFO] Model initialized on device: cuda:0
[2025-06-10 17:56:30,640] [DEBUG] [TEST] Batch 1 | Pred shape: torch.Size([256, 256, 160]) | Label shape: torch.Size([256, 256, 160])
[2025-06-10 17:56:30,803] [INFO] Model initialized on device: cuda:0
[2025-06-10 17:56:31,124] [INFO] Model initialized on device: cuda:0
[2025-06-10 17:56:31,670] [INFO] Model initialized on device: cuda:0
[2025-06-10 17:56:31,715] [INFO] Model initialized on device: cuda:0
[2025-06-10 17:56:31,981] [INFO] Model initialized on device: cuda:0
[2025-06-10 17:56:31,996] [INFO] Model initialized on device: cuda:0
[2025-06-10 17:56:32,007] [INFO] Model initialized on device: cuda:0
[2025-06-10 17:56:36,574] [DEBUG] [TEST] Batch 2 | Pred shape: torch.Size([256, 256, 160]) | Label shape: torch.Size([256, 256, 160])
[2025-06-10 17:56:36,792] [DEBUG] [TEST] Batch 3 | Pred shape: torch.Size([256, 256, 160]) | Label shape: torch.Size([256, 256, 160])
[2025-06-10 17:56:36,873] [DEBUG] [TEST] Batch 4 | Pred shape: torch.Size([256, 256, 160]) | Label shape: torch.Size([256, 256, 160])
[2025-06-10 17:56:36,933] [DEBUG] [TEST] Batch 5 | Pred shape: torch.Size([256, 256, 160]) | Label shape: torch.Size([256, 256, 160])
[2025-06-10 17:56:37,108] [DEBUG] [TEST] Batch 6 | Pred shape: torch.Size([256, 256, 160]) | Label shape: torch.Size([256, 256, 160])
[2025-06-10 17:56:37,741] [DEBUG] [TEST] Batch 7 | Pred shape: torch.Size([256, 256, 160]) | Label shape: torch.Size([256, 256, 160])
[2025-06-10 17:56:37,955] [DEBUG] [TEST] Batch 8 | Pred shape: torch.Size([256, 256, 160]) | Label shape: torch.Size([256, 256, 160])
[2025-06-10 17:56:38,173] [DEBUG] [TEST] Batch 9 | Pred shape: torch.Size([256, 256, 160]) | Label shape: torch.Size([256, 256, 160])
[2025-06-10 17:56:38,996] [DEBUG] [TEST] Batch 10 | Pred shape: torch.Size([256, 256, 160]) | Label shape: torch.Size([256, 256, 160])
[2025-06-10 17:56:43,831] [INFO] [EVALUATE] Dice WT: 0.1278
[2025-06-10 17:56:47,722] [INFO] [FIT] Received parameters. Starting local training...
[2025-06-10 17:56:49,687] [INFO] [DEBUG] Loaded compressed decoded weights.
[2025-06-10 17:56:49,696] [ERROR] [MODEL PARAMETER ERROR] Layer model.1.submodule.1.submodule.1.submodule.1.submodule.conv.unit0.conv.bias corrupted: mean=1.6256024082395015e-08, std=3.0695255759383144e-07
[2025-06-10 17:56:49,697] [ERROR] [MODEL PARAMETER ERROR] Layer model.1.submodule.1.submodule.1.submodule.1.submodule.conv.unit1.conv.bias corrupted: mean=-6.423892529028308e-10, std=4.4696349732475937e-07
[2025-06-10 17:57:33,701] [INFO] Model initialized on device: cuda:0
[2025-06-10 17:57:34,076] [INFO] Model initialized on device: cuda:0
[2025-06-10 17:57:34,076] [INFO] Model initialized on device: cuda:0
[2025-06-10 17:57:34,094] [INFO] Model initialized on device: cuda:0
[2025-06-10 17:57:34,116] [INFO] Model initialized on device: cuda:0
[2025-06-10 17:57:34,117] [INFO] Model initialized on device: cuda:0
[2025-06-10 17:57:34,194] [INFO] Model initialized on device: cuda:0
[2025-06-10 17:57:34,219] [INFO] Model initialized on device: cuda:0
[2025-06-10 17:58:34,578] [INFO] [TRAIN] Epoch 1 Loss: 0.9901
[2025-06-10 17:59:09,473] [INFO] Model initialized on device: cuda:0
[2025-06-10 17:59:09,787] [INFO] Model initialized on device: cuda:0
[2025-06-10 17:59:09,895] [INFO] Model initialized on device: cuda:0
[2025-06-10 17:59:09,899] [INFO] Model initialized on device: cuda:0
[2025-06-10 17:59:09,911] [INFO] Model initialized on device: cuda:0
[2025-06-10 17:59:09,970] [INFO] Model initialized on device: cuda:0
[2025-06-10 17:59:09,970] [INFO] Model initialized on device: cuda:0
[2025-06-10 17:59:09,971] [INFO] Model initialized on device: cuda:0
[2025-06-10 18:00:10,780] [INFO] [TRAIN] Epoch 2 Loss: 0.9900
[2025-06-10 18:00:41,923] [INFO] Model initialized on device: cuda:0
[2025-06-10 18:00:42,083] [INFO] Model initialized on device: cuda:0
[2025-06-10 18:00:42,113] [INFO] Model initialized on device: cuda:0
[2025-06-10 18:00:42,173] [INFO] Model initialized on device: cuda:0
[2025-06-10 18:00:42,180] [INFO] Model initialized on device: cuda:0
[2025-06-10 18:00:42,183] [INFO] Model initialized on device: cuda:0
[2025-06-10 18:00:42,184] [INFO] Model initialized on device: cuda:0
[2025-06-10 18:00:42,184] [INFO] Model initialized on device: cuda:0
[2025-06-10 18:01:43,972] [INFO] [TRAIN] Epoch 3 Loss: 0.9898
[2025-06-10 18:02:15,386] [INFO] Model initialized on device: cuda:0
[2025-06-10 18:02:15,476] [INFO] Model initialized on device: cuda:0
[2025-06-10 18:02:15,675] [INFO] Model initialized on device: cuda:0
[2025-06-10 18:02:15,711] [INFO] Model initialized on device: cuda:0
[2025-06-10 18:02:15,771] [INFO] Model initialized on device: cuda:0
[2025-06-10 18:02:15,774] [INFO] Model initialized on device: cuda:0
[2025-06-10 18:02:15,785] [INFO] Model initialized on device: cuda:0
[2025-06-10 18:02:15,785] [INFO] Model initialized on device: cuda:0
[2025-06-10 18:03:19,976] [INFO] [TRAIN] Epoch 4 Loss: 0.9896
[2025-06-10 18:03:48,700] [INFO] Model initialized on device: cuda:0
[2025-06-10 18:03:48,788] [INFO] Model initialized on device: cuda:0
[2025-06-10 18:03:48,900] [INFO] Model initialized on device: cuda:0
[2025-06-10 18:03:48,975] [INFO] Model initialized on device: cuda:0
[2025-06-10 18:03:49,007] [INFO] Model initialized on device: cuda:0
[2025-06-10 18:03:49,079] [INFO] Model initialized on device: cuda:0
[2025-06-10 18:03:49,082] [INFO] Model initialized on device: cuda:0
[2025-06-10 18:03:49,085] [INFO] Model initialized on device: cuda:0
[2025-06-10 18:04:48,872] [INFO] [TRAIN] Epoch 5 Loss: 0.9894
[2025-06-10 18:04:48,873] [INFO] [FIT] Local training finished. Avg Loss: 0.9898
[2025-06-10 18:05:23,098] [INFO] Model initialized on device: cuda:0
[2025-06-10 18:05:23,370] [INFO] Model initialized on device: cuda:0
[2025-06-10 18:05:23,473] [INFO] Model initialized on device: cuda:0
[2025-06-10 18:05:23,473] [INFO] Model initialized on device: cuda:0
[2025-06-10 18:05:23,570] [INFO] Model initialized on device: cuda:0
[2025-06-10 18:05:23,574] [INFO] Model initialized on device: cuda:0
[2025-06-10 18:05:23,575] [INFO] Model initialized on device: cuda:0
[2025-06-10 18:05:23,577] [INFO] Model initialized on device: cuda:0
[2025-06-10 18:05:29,073] [DEBUG] [TEST] Batch 1 | Pred shape: torch.Size([256, 256, 160]) | Label shape: torch.Size([256, 256, 160])
[2025-06-10 18:05:29,379] [DEBUG] [TEST] Batch 2 | Pred shape: torch.Size([256, 256, 160]) | Label shape: torch.Size([256, 256, 160])
[2025-06-10 18:05:30,282] [DEBUG] [TEST] Batch 3 | Pred shape: torch.Size([256, 256, 160]) | Label shape: torch.Size([256, 256, 160])
[2025-06-10 18:05:30,373] [DEBUG] [TEST] Batch 4 | Pred shape: torch.Size([256, 256, 160]) | Label shape: torch.Size([256, 256, 160])
[2025-06-10 18:05:30,431] [DEBUG] [TEST] Batch 5 | Pred shape: torch.Size([256, 256, 160]) | Label shape: torch.Size([256, 256, 160])
[2025-06-10 18:05:30,518] [DEBUG] [TEST] Batch 6 | Pred shape: torch.Size([256, 256, 160]) | Label shape: torch.Size([256, 256, 160])
[2025-06-10 18:05:30,580] [DEBUG] [TEST] Batch 7 | Pred shape: torch.Size([256, 256, 160]) | Label shape: torch.Size([256, 256, 160])
[2025-06-10 18:05:30,672] [DEBUG] [TEST] Batch 8 | Pred shape: torch.Size([256, 256, 160]) | Label shape: torch.Size([256, 256, 160])
[2025-06-10 18:05:32,579] [DEBUG] [TEST] Batch 9 | Pred shape: torch.Size([256, 256, 160]) | Label shape: torch.Size([256, 256, 160])
[2025-06-10 18:05:32,873] [DEBUG] [TEST] Batch 10 | Pred shape: torch.Size([256, 256, 160]) | Label shape: torch.Size([256, 256, 160])
[2025-06-10 18:05:38,073] [INFO] [FIT] Final model saved to: Run_UNET_IID60%_fedWSOcompC64_20250610/Client1/model_final.pth
[2025-06-10 18:07:08,236] [INFO] [EVALUATE] Starting evaluation...
[2025-06-10 18:07:11,079] [INFO] [DEBUG] Loaded compressed decoded weights.
[2025-06-10 18:07:55,568] [INFO] Model initialized on device: cuda:0
[2025-06-10 18:07:58,543] [INFO] Model initialized on device: cuda:0
[2025-06-10 18:07:58,762] [INFO] Model initialized on device: cuda:0
[2025-06-10 18:07:58,865] [INFO] Model initialized on device: cuda:0
[2025-06-10 18:07:59,206] [INFO] Model initialized on device: cuda:0
[2025-06-10 18:07:59,273] [INFO] Model initialized on device: cuda:0
[2025-06-10 18:07:59,274] [INFO] Model initialized on device: cuda:0
[2025-06-10 18:07:59,282] [INFO] Model initialized on device: cuda:0
[2025-06-10 18:08:01,620] [DEBUG] [TEST] Batch 1 | Pred shape: torch.Size([256, 256, 160]) | Label shape: torch.Size([256, 256, 160])
[2025-06-10 18:08:01,720] [DEBUG] [TEST] Batch 2 | Pred shape: torch.Size([256, 256, 160]) | Label shape: torch.Size([256, 256, 160])
[2025-06-10 18:08:02,515] [DEBUG] [TEST] Batch 3 | Pred shape: torch.Size([256, 256, 160]) | Label shape: torch.Size([256, 256, 160])
[2025-06-10 18:08:02,681] [DEBUG] [TEST] Batch 4 | Pred shape: torch.Size([256, 256, 160]) | Label shape: torch.Size([256, 256, 160])
[2025-06-10 18:08:02,859] [DEBUG] [TEST] Batch 5 | Pred shape: torch.Size([256, 256, 160]) | Label shape: torch.Size([256, 256, 160])
[2025-06-10 18:08:03,040] [DEBUG] [TEST] Batch 6 | Pred shape: torch.Size([256, 256, 160]) | Label shape: torch.Size([256, 256, 160])
[2025-06-10 18:08:03,219] [DEBUG] [TEST] Batch 7 | Pred shape: torch.Size([256, 256, 160]) | Label shape: torch.Size([256, 256, 160])
[2025-06-10 18:08:03,402] [DEBUG] [TEST] Batch 8 | Pred shape: torch.Size([256, 256, 160]) | Label shape: torch.Size([256, 256, 160])
[2025-06-10 18:08:03,977] [DEBUG] [TEST] Batch 9 | Pred shape: torch.Size([256, 256, 160]) | Label shape: torch.Size([256, 256, 160])
[2025-06-10 18:08:04,033] [DEBUG] [TEST] Batch 10 | Pred shape: torch.Size([256, 256, 160]) | Label shape: torch.Size([256, 256, 160])
[2025-06-10 18:08:08,113] [INFO] [EVALUATE] Dice WT: 0.1823
[2025-06-10 18:08:11,675] [INFO] [FIT] Received parameters. Starting local training...
[2025-06-10 18:08:13,682] [INFO] [DEBUG] Loaded compressed decoded weights.
[2025-06-10 18:08:13,689] [ERROR] [MODEL PARAMETER ERROR] Layer model.1.submodule.1.submodule.1.submodule.1.submodule.conv.unit0.conv.bias corrupted: mean=-2.589550085474457e-08, std=3.281477347627515e-07
[2025-06-10 18:08:13,689] [ERROR] [MODEL PARAMETER ERROR] Layer model.1.submodule.1.submodule.1.submodule.1.submodule.conv.unit1.conv.bias corrupted: mean=-3.480871590966217e-09, std=5.376884928409709e-07
[2025-06-10 18:09:07,098] [INFO] Model initialized on device: cuda:0
[2025-06-10 18:09:07,602] [INFO] Model initialized on device: cuda:0
[2025-06-10 18:09:07,672] [INFO] Model initialized on device: cuda:0
[2025-06-10 18:09:07,706] [INFO] Model initialized on device: cuda:0
[2025-06-10 18:09:07,809] [INFO] Model initialized on device: cuda:0
[2025-06-10 18:09:07,875] [INFO] Model initialized on device: cuda:0
[2025-06-10 18:09:07,876] [INFO] Model initialized on device: cuda:0
[2025-06-10 18:09:07,878] [INFO] Model initialized on device: cuda:0
[2025-06-10 18:10:16,801] [INFO] [TRAIN] Epoch 1 Loss: 0.9895
[2025-06-10 18:11:02,173] [INFO] Model initialized on device: cuda:0
[2025-06-10 18:11:02,273] [INFO] Model initialized on device: cuda:0
[2025-06-10 18:11:03,095] [INFO] Model initialized on device: cuda:0
[2025-06-10 18:11:03,484] [INFO] Model initialized on device: cuda:0
[2025-06-10 18:11:03,676] [INFO] Model initialized on device: cuda:0
[2025-06-10 18:11:03,691] [INFO] Model initialized on device: cuda:0
[2025-06-10 18:11:03,691] [INFO] Model initialized on device: cuda:0
[2025-06-10 18:11:03,692] [INFO] Model initialized on device: cuda:0
[2025-06-10 18:12:11,079] [INFO] [TRAIN] Epoch 2 Loss: 0.9893
[2025-06-10 18:12:52,296] [INFO] Model initialized on device: cuda:0
[2025-06-10 18:12:55,009] [INFO] Model initialized on device: cuda:0
[2025-06-10 18:12:55,012] [INFO] Model initialized on device: cuda:0
[2025-06-10 18:12:55,903] [INFO] Model initialized on device: cuda:0
[2025-06-10 18:12:55,992] [INFO] Model initialized on device: cuda:0
[2025-06-10 18:12:55,997] [INFO] Model initialized on device: cuda:0
[2025-06-10 18:12:55,998] [INFO] Model initialized on device: cuda:0
[2025-06-10 18:12:56,170] [INFO] Model initialized on device: cuda:0
[2025-06-10 18:14:04,827] [INFO] [TRAIN] Epoch 3 Loss: 0.9891
[2025-06-10 18:14:52,015] [INFO] Model initialized on device: cuda:0
[2025-06-10 18:14:52,233] [INFO] Model initialized on device: cuda:0
[2025-06-10 18:14:52,291] [INFO] Model initialized on device: cuda:0
[2025-06-10 18:14:52,777] [INFO] Model initialized on device: cuda:0
[2025-06-10 18:14:53,098] [INFO] Model initialized on device: cuda:0
[2025-06-10 18:14:53,202] [INFO] Model initialized on device: cuda:0
[2025-06-10 18:14:53,204] [INFO] Model initialized on device: cuda:0
[2025-06-10 18:14:53,206] [INFO] Model initialized on device: cuda:0
[2025-06-10 18:16:02,108] [INFO] [TRAIN] Epoch 4 Loss: 0.9888
[2025-06-10 18:16:48,678] [INFO] Model initialized on device: cuda:0
[2025-06-10 18:16:49,988] [INFO] Model initialized on device: cuda:0
[2025-06-10 18:16:50,174] [INFO] Model initialized on device: cuda:0
[2025-06-10 18:16:50,275] [INFO] Model initialized on device: cuda:0
[2025-06-10 18:16:50,280] [INFO] Model initialized on device: cuda:0
[2025-06-10 18:16:50,281] [INFO] Model initialized on device: cuda:0
[2025-06-10 18:16:50,384] [INFO] Model initialized on device: cuda:0
[2025-06-10 18:16:50,387] [INFO] Model initialized on device: cuda:0
[2025-06-10 18:17:55,281] [INFO] [TRAIN] Epoch 5 Loss: 0.9885
[2025-06-10 18:17:55,282] [INFO] [FIT] Local training finished. Avg Loss: 0.9890
[2025-06-10 18:18:24,693] [INFO] Model initialized on device: cuda:0
[2025-06-10 18:18:26,882] [INFO] Model initialized on device: cuda:0
[2025-06-10 18:18:28,799] [INFO] Model initialized on device: cuda:0
[2025-06-10 18:18:29,097] [INFO] Model initialized on device: cuda:0
[2025-06-10 18:18:29,340] [INFO] Model initialized on device: cuda:0
[2025-06-10 18:18:29,543] [INFO] Model initialized on device: cuda:0
[2025-06-10 18:18:29,815] [DEBUG] [TEST] Batch 1 | Pred shape: torch.Size([256, 256, 160]) | Label shape: torch.Size([256, 256, 160])
[2025-06-10 18:18:30,697] [INFO] Model initialized on device: cuda:0
[2025-06-10 18:18:32,319] [INFO] Model initialized on device: cuda:0
[2025-06-10 18:18:32,901] [DEBUG] [TEST] Batch 2 | Pred shape: torch.Size([256, 256, 160]) | Label shape: torch.Size([256, 256, 160])
[2025-06-10 18:18:34,106] [DEBUG] [TEST] Batch 3 | Pred shape: torch.Size([256, 256, 160]) | Label shape: torch.Size([256, 256, 160])
[2025-06-10 18:18:34,162] [DEBUG] [TEST] Batch 4 | Pred shape: torch.Size([256, 256, 160]) | Label shape: torch.Size([256, 256, 160])
[2025-06-10 18:18:34,221] [DEBUG] [TEST] Batch 5 | Pred shape: torch.Size([256, 256, 160]) | Label shape: torch.Size([256, 256, 160])
[2025-06-10 18:18:34,278] [DEBUG] [TEST] Batch 6 | Pred shape: torch.Size([256, 256, 160]) | Label shape: torch.Size([256, 256, 160])
[2025-06-10 18:18:35,368] [DEBUG] [TEST] Batch 7 | Pred shape: torch.Size([256, 256, 160]) | Label shape: torch.Size([256, 256, 160])
[2025-06-10 18:18:35,453] [DEBUG] [TEST] Batch 8 | Pred shape: torch.Size([256, 256, 160]) | Label shape: torch.Size([256, 256, 160])
[2025-06-10 18:18:35,560] [DEBUG] [TEST] Batch 9 | Pred shape: torch.Size([256, 256, 160]) | Label shape: torch.Size([256, 256, 160])
[2025-06-10 18:18:35,666] [DEBUG] [TEST] Batch 10 | Pred shape: torch.Size([256, 256, 160]) | Label shape: torch.Size([256, 256, 160])
[2025-06-10 18:18:39,736] [INFO] [FIT] Final model saved to: Run_UNET_IID60%_fedWSOcompC64_20250610/Client1/model_final.pth
[2025-06-10 18:19:47,527] [INFO] [EVALUATE] Starting evaluation...
[2025-06-10 18:19:50,381] [INFO] [DEBUG] Loaded compressed decoded weights.
[2025-06-10 18:20:41,994] [INFO] Model initialized on device: cuda:0
[2025-06-10 18:20:42,597] [INFO] Model initialized on device: cuda:0
[2025-06-10 18:20:42,975] [INFO] Model initialized on device: cuda:0
[2025-06-10 18:20:42,987] [INFO] Model initialized on device: cuda:0
[2025-06-10 18:20:42,993] [INFO] Model initialized on device: cuda:0
[2025-06-10 18:20:43,210] [INFO] Model initialized on device: cuda:0
[2025-06-10 18:20:43,211] [INFO] Model initialized on device: cuda:0
[2025-06-10 18:20:43,275] [INFO] Model initialized on device: cuda:0
[2025-06-10 18:20:46,880] [DEBUG] [TEST] Batch 1 | Pred shape: torch.Size([256, 256, 160]) | Label shape: torch.Size([256, 256, 160])
[2025-06-10 18:20:48,481] [DEBUG] [TEST] Batch 2 | Pred shape: torch.Size([256, 256, 160]) | Label shape: torch.Size([256, 256, 160])
[2025-06-10 18:20:48,655] [DEBUG] [TEST] Batch 3 | Pred shape: torch.Size([256, 256, 160]) | Label shape: torch.Size([256, 256, 160])
[2025-06-10 18:20:48,886] [DEBUG] [TEST] Batch 4 | Pred shape: torch.Size([256, 256, 160]) | Label shape: torch.Size([256, 256, 160])
[2025-06-10 18:20:49,288] [DEBUG] [TEST] Batch 5 | Pred shape: torch.Size([256, 256, 160]) | Label shape: torch.Size([256, 256, 160])
[2025-06-10 18:20:49,516] [DEBUG] [TEST] Batch 6 | Pred shape: torch.Size([256, 256, 160]) | Label shape: torch.Size([256, 256, 160])
[2025-06-10 18:20:49,753] [DEBUG] [TEST] Batch 7 | Pred shape: torch.Size([256, 256, 160]) | Label shape: torch.Size([256, 256, 160])
[2025-06-10 18:20:49,997] [DEBUG] [TEST] Batch 8 | Pred shape: torch.Size([256, 256, 160]) | Label shape: torch.Size([256, 256, 160])
[2025-06-10 18:20:50,171] [DEBUG] [TEST] Batch 9 | Pred shape: torch.Size([256, 256, 160]) | Label shape: torch.Size([256, 256, 160])
[2025-06-10 18:20:50,444] [DEBUG] [TEST] Batch 10 | Pred shape: torch.Size([256, 256, 160]) | Label shape: torch.Size([256, 256, 160])
[2025-06-10 18:20:56,893] [INFO] [EVALUATE] Dice WT: 0.2359
[2025-06-10 18:21:01,488] [INFO] [FIT] Received parameters. Starting local training...
[2025-06-10 18:21:04,075] [INFO] [DEBUG] Loaded compressed decoded weights.
[2025-06-10 18:21:04,082] [ERROR] [MODEL PARAMETER ERROR] Layer model.1.submodule.1.submodule.1.submodule.1.submodule.conv.unit0.conv.bias corrupted: mean=-3.5580733026563394e-08, std=3.0851677479404316e-07
[2025-06-10 18:21:04,082] [ERROR] [MODEL PARAMETER ERROR] Layer model.1.submodule.1.submodule.1.submodule.1.submodule.conv.unit1.conv.bias corrupted: mean=-2.412713762112162e-08, std=4.153250756644411e-07
[2025-06-10 18:21:45,706] [INFO] Model initialized on device: cuda:0
[2025-06-10 18:21:49,499] [INFO] Model initialized on device: cuda:0
[2025-06-10 18:21:49,672] [INFO] Model initialized on device: cuda:0
[2025-06-10 18:21:49,772] [INFO] Model initialized on device: cuda:0
[2025-06-10 18:21:50,091] [INFO] Model initialized on device: cuda:0
[2025-06-10 18:21:50,747] [INFO] Model initialized on device: cuda:0
[2025-06-10 18:21:51,240] [INFO] Model initialized on device: cuda:0
[2025-06-10 18:21:52,097] [INFO] Model initialized on device: cuda:0
[2025-06-10 18:22:55,028] [INFO] [TRAIN] Epoch 1 Loss: 0.9888
[2025-06-10 18:23:27,192] [INFO] Model initialized on device: cuda:0
[2025-06-10 18:23:27,971] [INFO] Model initialized on device: cuda:0
[2025-06-10 18:23:30,809] [INFO] Model initialized on device: cuda:0
[2025-06-10 18:23:31,012] [INFO] Model initialized on device: cuda:0
[2025-06-10 18:23:31,276] [INFO] Model initialized on device: cuda:0
[2025-06-10 18:23:31,809] [INFO] Model initialized on device: cuda:0
[2025-06-10 18:23:31,881] [INFO] Model initialized on device: cuda:0
[2025-06-10 18:23:31,898] [INFO] Model initialized on device: cuda:0
[2025-06-10 18:24:33,878] [INFO] [TRAIN] Epoch 2 Loss: 0.9885
[2025-06-10 18:25:02,211] [INFO] Model initialized on device: cuda:0
[2025-06-10 18:25:06,493] [INFO] Model initialized on device: cuda:0
[2025-06-10 18:25:06,510] [INFO] Model initialized on device: cuda:0
[2025-06-10 18:25:07,474] [INFO] Model initialized on device: cuda:0
[2025-06-10 18:25:07,474] [INFO] Model initialized on device: cuda:0
[2025-06-10 18:25:07,474] [INFO] Model initialized on device: cuda:0
[2025-06-10 18:25:07,479] [INFO] Model initialized on device: cuda:0
[2025-06-10 18:25:07,483] [INFO] Model initialized on device: cuda:0
[2025-06-10 18:26:11,875] [INFO] [TRAIN] Epoch 3 Loss: 0.9881
[2025-06-10 18:26:36,372] [INFO] Model initialized on device: cuda:0
[2025-06-10 18:26:39,407] [INFO] Model initialized on device: cuda:0
[2025-06-10 18:26:40,909] [INFO] Model initialized on device: cuda:0
[2025-06-10 18:26:41,777] [INFO] Model initialized on device: cuda:0
[2025-06-10 18:26:41,789] [INFO] Model initialized on device: cuda:0
[2025-06-10 18:26:41,806] [INFO] Model initialized on device: cuda:0
[2025-06-10 18:26:41,819] [INFO] Model initialized on device: cuda:0
[2025-06-10 18:26:41,875] [INFO] Model initialized on device: cuda:0
[2025-06-10 18:27:45,471] [INFO] [TRAIN] Epoch 4 Loss: 0.9878
[2025-06-10 18:28:13,891] [INFO] Model initialized on device: cuda:0
[2025-06-10 18:28:14,386] [INFO] Model initialized on device: cuda:0
[2025-06-10 18:28:15,609] [INFO] Model initialized on device: cuda:0
[2025-06-10 18:28:16,694] [INFO] Model initialized on device: cuda:0
[2025-06-10 18:28:16,805] [INFO] Model initialized on device: cuda:0
[2025-06-10 18:28:17,525] [INFO] Model initialized on device: cuda:0
[2025-06-10 18:28:17,573] [INFO] Model initialized on device: cuda:0
[2025-06-10 18:28:17,794] [INFO] Model initialized on device: cuda:0
[2025-06-10 18:29:19,933] [INFO] [TRAIN] Epoch 5 Loss: 0.9873
[2025-06-10 18:29:19,934] [INFO] [FIT] Local training finished. Avg Loss: 0.9881
[2025-06-10 18:29:44,616] [INFO] Model initialized on device: cuda:0
[2025-06-10 18:29:46,207] [INFO] Model initialized on device: cuda:0
[2025-06-10 18:29:48,486] [DEBUG] [TEST] Batch 1 | Pred shape: torch.Size([256, 256, 160]) | Label shape: torch.Size([256, 256, 160])
[2025-06-10 18:29:48,578] [INFO] Model initialized on device: cuda:0
[2025-06-10 18:29:48,705] [INFO] Model initialized on device: cuda:0
[2025-06-10 18:29:48,745] [INFO] Model initialized on device: cuda:0
[2025-06-10 18:29:49,225] [INFO] Model initialized on device: cuda:0
[2025-06-10 18:29:49,226] [INFO] Model initialized on device: cuda:0
[2025-06-10 18:29:50,001] [INFO] Model initialized on device: cuda:0
[2025-06-10 18:29:53,834] [DEBUG] [TEST] Batch 2 | Pred shape: torch.Size([256, 256, 160]) | Label shape: torch.Size([256, 256, 160])
[2025-06-10 18:29:53,904] [DEBUG] [TEST] Batch 3 | Pred shape: torch.Size([256, 256, 160]) | Label shape: torch.Size([256, 256, 160])
[2025-06-10 18:29:53,977] [DEBUG] [TEST] Batch 4 | Pred shape: torch.Size([256, 256, 160]) | Label shape: torch.Size([256, 256, 160])
[2025-06-10 18:29:54,032] [DEBUG] [TEST] Batch 5 | Pred shape: torch.Size([256, 256, 160]) | Label shape: torch.Size([256, 256, 160])
[2025-06-10 18:29:54,090] [DEBUG] [TEST] Batch 6 | Pred shape: torch.Size([256, 256, 160]) | Label shape: torch.Size([256, 256, 160])
[2025-06-10 18:29:54,146] [DEBUG] [TEST] Batch 7 | Pred shape: torch.Size([256, 256, 160]) | Label shape: torch.Size([256, 256, 160])
[2025-06-10 18:29:54,217] [DEBUG] [TEST] Batch 8 | Pred shape: torch.Size([256, 256, 160]) | Label shape: torch.Size([256, 256, 160])
[2025-06-10 18:29:54,276] [DEBUG] [TEST] Batch 9 | Pred shape: torch.Size([256, 256, 160]) | Label shape: torch.Size([256, 256, 160])
[2025-06-10 18:29:56,403] [DEBUG] [TEST] Batch 10 | Pred shape: torch.Size([256, 256, 160]) | Label shape: torch.Size([256, 256, 160])
[2025-06-10 18:29:59,199] [INFO] [FIT] Final model saved to: Run_UNET_IID60%_fedWSOcompC64_20250610/Client1/model_final.pth
[2025-06-10 18:31:11,160] [INFO] [EVALUATE] Starting evaluation...
[2025-06-10 18:31:14,082] [INFO] [DEBUG] Loaded compressed decoded weights.
[2025-06-10 18:32:04,569] [INFO] Model initialized on device: cuda:0
[2025-06-10 18:32:06,303] [INFO] Model initialized on device: cuda:0
[2025-06-10 18:32:06,877] [INFO] Model initialized on device: cuda:0
[2025-06-10 18:32:06,891] [INFO] Model initialized on device: cuda:0
[2025-06-10 18:32:06,971] [INFO] Model initialized on device: cuda:0
[2025-06-10 18:32:06,976] [INFO] Model initialized on device: cuda:0
[2025-06-10 18:32:06,980] [INFO] Model initialized on device: cuda:0
[2025-06-10 18:32:07,286] [INFO] Model initialized on device: cuda:0
[2025-06-10 18:32:12,104] [DEBUG] [TEST] Batch 1 | Pred shape: torch.Size([256, 256, 160]) | Label shape: torch.Size([256, 256, 160])
[2025-06-10 18:32:12,787] [DEBUG] [TEST] Batch 2 | Pred shape: torch.Size([256, 256, 160]) | Label shape: torch.Size([256, 256, 160])
[2025-06-10 18:32:13,013] [DEBUG] [TEST] Batch 3 | Pred shape: torch.Size([256, 256, 160]) | Label shape: torch.Size([256, 256, 160])
[2025-06-10 18:32:13,191] [DEBUG] [TEST] Batch 4 | Pred shape: torch.Size([256, 256, 160]) | Label shape: torch.Size([256, 256, 160])
[2025-06-10 18:32:13,372] [DEBUG] [TEST] Batch 5 | Pred shape: torch.Size([256, 256, 160]) | Label shape: torch.Size([256, 256, 160])
[2025-06-10 18:32:13,547] [DEBUG] [TEST] Batch 6 | Pred shape: torch.Size([256, 256, 160]) | Label shape: torch.Size([256, 256, 160])
[2025-06-10 18:32:13,721] [DEBUG] [TEST] Batch 7 | Pred shape: torch.Size([256, 256, 160]) | Label shape: torch.Size([256, 256, 160])
[2025-06-10 18:32:13,838] [DEBUG] [TEST] Batch 8 | Pred shape: torch.Size([256, 256, 160]) | Label shape: torch.Size([256, 256, 160])
[2025-06-10 18:32:14,370] [DEBUG] [TEST] Batch 9 | Pred shape: torch.Size([256, 256, 160]) | Label shape: torch.Size([256, 256, 160])
[2025-06-10 18:32:14,696] [DEBUG] [TEST] Batch 10 | Pred shape: torch.Size([256, 256, 160]) | Label shape: torch.Size([256, 256, 160])
[2025-06-10 18:32:21,036] [INFO] [EVALUATE] Dice WT: 0.2967
[2025-06-10 18:32:24,436] [INFO] [FIT] Received parameters. Starting local training...
[2025-06-10 18:32:26,383] [INFO] [DEBUG] Loaded compressed decoded weights.
[2025-06-10 18:32:26,389] [ERROR] [MODEL PARAMETER ERROR] Layer model.1.submodule.1.submodule.1.submodule.1.submodule.conv.unit0.conv.bias corrupted: mean=-3.1967646307862196e-09, std=3.7242568851070246e-07
[2025-06-10 18:32:26,390] [ERROR] [MODEL PARAMETER ERROR] Layer model.1.submodule.1.submodule.1.submodule.1.submodule.conv.unit1.conv.bias corrupted: mean=6.829949938946811e-09, std=3.6903458067172323e-07
[2025-06-10 18:33:17,208] [INFO] Model initialized on device: cuda:0
[2025-06-10 18:33:19,524] [INFO] Model initialized on device: cuda:0
[2025-06-10 18:33:19,729] [INFO] Model initialized on device: cuda:0
[2025-06-10 18:33:19,927] [INFO] Model initialized on device: cuda:0
[2025-06-10 18:33:19,928] [INFO] Model initialized on device: cuda:0
[2025-06-10 18:33:20,278] [INFO] Model initialized on device: cuda:0
[2025-06-10 18:33:20,284] [INFO] Model initialized on device: cuda:0
[2025-06-10 18:33:20,516] [INFO] Model initialized on device: cuda:0
[2025-06-10 18:34:26,077] [INFO] [TRAIN] Epoch 1 Loss: 0.9878
[2025-06-10 18:35:14,921] [INFO] Model initialized on device: cuda:0
[2025-06-10 18:35:15,410] [INFO] Model initialized on device: cuda:0
[2025-06-10 18:35:15,413] [INFO] Model initialized on device: cuda:0
[2025-06-10 18:35:15,413] [INFO] Model initialized on device: cuda:0
[2025-06-10 18:35:15,470] [INFO] Model initialized on device: cuda:0
[2025-06-10 18:35:15,608] [INFO] Model initialized on device: cuda:0
[2025-06-10 18:35:15,670] [INFO] Model initialized on device: cuda:0
[2025-06-10 18:35:15,678] [INFO] Model initialized on device: cuda:0
[2025-06-10 18:36:21,578] [INFO] [TRAIN] Epoch 2 Loss: 0.9876
[2025-06-10 18:37:04,635] [INFO] Model initialized on device: cuda:0
[2025-06-10 18:37:04,667] [INFO] Model initialized on device: cuda:0
[2025-06-10 18:37:04,778] [INFO] Model initialized on device: cuda:0
[2025-06-10 18:37:05,042] [INFO] Model initialized on device: cuda:0
[2025-06-10 18:37:05,731] [INFO] Model initialized on device: cuda:0
[2025-06-10 18:37:06,292] [INFO] Model initialized on device: cuda:0
[2025-06-10 18:37:07,325] [INFO] Model initialized on device: cuda:0
[2025-06-10 18:37:07,529] [INFO] Model initialized on device: cuda:0
[2025-06-10 18:38:10,759] [INFO] [TRAIN] Epoch 3 Loss: 0.9870
[2025-06-10 18:38:56,189] [INFO] Model initialized on device: cuda:0
[2025-06-10 18:38:56,294] [INFO] Model initialized on device: cuda:0
[2025-06-10 18:38:56,604] [INFO] Model initialized on device: cuda:0
[2025-06-10 18:38:56,655] [INFO] Model initialized on device: cuda:0
[2025-06-10 18:38:56,655] [INFO] Model initialized on device: cuda:0
[2025-06-10 18:38:56,662] [INFO] Model initialized on device: cuda:0
[2025-06-10 18:38:56,682] [INFO] Model initialized on device: cuda:0
[2025-06-10 18:38:59,026] [INFO] Model initialized on device: cuda:0
[2025-06-10 18:40:04,146] [INFO] [TRAIN] Epoch 4 Loss: 0.9866
[2025-06-10 18:40:39,605] [INFO] Model initialized on device: cuda:0
[2025-06-10 18:40:45,711] [INFO] Model initialized on device: cuda:0
[2025-06-10 18:40:45,792] [INFO] Model initialized on device: cuda:0
[2025-06-10 18:40:47,207] [INFO] Model initialized on device: cuda:0
[2025-06-10 18:40:48,018] [INFO] Model initialized on device: cuda:0
[2025-06-10 18:40:48,071] [INFO] Model initialized on device: cuda:0
[2025-06-10 18:40:48,504] [INFO] Model initialized on device: cuda:0
[2025-06-10 18:40:48,782] [INFO] Model initialized on device: cuda:0
[2025-06-10 18:41:52,026] [INFO] [TRAIN] Epoch 5 Loss: 0.9860
[2025-06-10 18:41:52,027] [INFO] [FIT] Local training finished. Avg Loss: 0.9870
[2025-06-10 18:42:23,590] [INFO] Model initialized on device: cuda:0
[2025-06-10 18:42:24,305] [INFO] Model initialized on device: cuda:0
[2025-06-10 18:42:25,214] [INFO] Model initialized on device: cuda:0
[2025-06-10 18:42:25,284] [INFO] Model initialized on device: cuda:0
[2025-06-10 18:42:25,307] [INFO] Model initialized on device: cuda:0
[2025-06-10 18:42:25,359] [INFO] Model initialized on device: cuda:0
[2025-06-10 18:42:25,504] [INFO] Model initialized on device: cuda:0
[2025-06-10 18:42:25,755] [INFO] Model initialized on device: cuda:0
[2025-06-10 18:42:26,050] [DEBUG] [TEST] Batch 1 | Pred shape: torch.Size([256, 256, 160]) | Label shape: torch.Size([256, 256, 160])
[2025-06-10 18:42:28,058] [DEBUG] [TEST] Batch 2 | Pred shape: torch.Size([256, 256, 160]) | Label shape: torch.Size([256, 256, 160])
[2025-06-10 18:42:28,478] [DEBUG] [TEST] Batch 3 | Pred shape: torch.Size([256, 256, 160]) | Label shape: torch.Size([256, 256, 160])
[2025-06-10 18:42:28,674] [DEBUG] [TEST] Batch 4 | Pred shape: torch.Size([256, 256, 160]) | Label shape: torch.Size([256, 256, 160])
[2025-06-10 18:42:28,786] [DEBUG] [TEST] Batch 5 | Pred shape: torch.Size([256, 256, 160]) | Label shape: torch.Size([256, 256, 160])
[2025-06-10 18:42:28,844] [DEBUG] [TEST] Batch 6 | Pred shape: torch.Size([256, 256, 160]) | Label shape: torch.Size([256, 256, 160])
[2025-06-10 18:42:28,900] [DEBUG] [TEST] Batch 7 | Pred shape: torch.Size([256, 256, 160]) | Label shape: torch.Size([256, 256, 160])
[2025-06-10 18:42:28,955] [DEBUG] [TEST] Batch 8 | Pred shape: torch.Size([256, 256, 160]) | Label shape: torch.Size([256, 256, 160])
[2025-06-10 18:42:29,013] [DEBUG] [TEST] Batch 9 | Pred shape: torch.Size([256, 256, 160]) | Label shape: torch.Size([256, 256, 160])
[2025-06-10 18:42:29,977] [DEBUG] [TEST] Batch 10 | Pred shape: torch.Size([256, 256, 160]) | Label shape: torch.Size([256, 256, 160])
[2025-06-10 18:42:33,823] [INFO] [FIT] Final model saved to: Run_UNET_IID60%_fedWSOcompC64_20250610/Client1/model_final.pth
[2025-06-10 18:43:40,576] [INFO] [EVALUATE] Starting evaluation...
[2025-06-10 18:43:43,070] [INFO] [DEBUG] Loaded compressed decoded weights.
[2025-06-10 18:44:25,617] [INFO] Model initialized on device: cuda:0
[2025-06-10 18:44:27,300] [INFO] Model initialized on device: cuda:0
[2025-06-10 18:44:28,895] [INFO] Model initialized on device: cuda:0
[2025-06-10 18:44:30,741] [INFO] Model initialized on device: cuda:0
[2025-06-10 18:44:32,118] [INFO] Model initialized on device: cuda:0
[2025-06-10 18:44:32,133] [INFO] Model initialized on device: cuda:0
[2025-06-10 18:44:32,141] [INFO] Model initialized on device: cuda:0
[2025-06-10 18:44:32,334] [INFO] Model initialized on device: cuda:0
[2025-06-10 18:44:36,015] [DEBUG] [TEST] Batch 1 | Pred shape: torch.Size([256, 256, 160]) | Label shape: torch.Size([256, 256, 160])
[2025-06-10 18:44:36,071] [DEBUG] [TEST] Batch 2 | Pred shape: torch.Size([256, 256, 160]) | Label shape: torch.Size([256, 256, 160])
[2025-06-10 18:44:36,128] [DEBUG] [TEST] Batch 3 | Pred shape: torch.Size([256, 256, 160]) | Label shape: torch.Size([256, 256, 160])
[2025-06-10 18:44:36,232] [DEBUG] [TEST] Batch 4 | Pred shape: torch.Size([256, 256, 160]) | Label shape: torch.Size([256, 256, 160])
[2025-06-10 18:44:36,406] [DEBUG] [TEST] Batch 5 | Pred shape: torch.Size([256, 256, 160]) | Label shape: torch.Size([256, 256, 160])
[2025-06-10 18:44:36,579] [DEBUG] [TEST] Batch 6 | Pred shape: torch.Size([256, 256, 160]) | Label shape: torch.Size([256, 256, 160])
[2025-06-10 18:44:36,759] [DEBUG] [TEST] Batch 7 | Pred shape: torch.Size([256, 256, 160]) | Label shape: torch.Size([256, 256, 160])
[2025-06-10 18:44:36,943] [DEBUG] [TEST] Batch 8 | Pred shape: torch.Size([256, 256, 160]) | Label shape: torch.Size([256, 256, 160])
[2025-06-10 18:44:38,062] [DEBUG] [TEST] Batch 9 | Pred shape: torch.Size([256, 256, 160]) | Label shape: torch.Size([256, 256, 160])
[2025-06-10 18:44:38,176] [DEBUG] [TEST] Batch 10 | Pred shape: torch.Size([256, 256, 160]) | Label shape: torch.Size([256, 256, 160])
[2025-06-10 18:44:42,143] [INFO] [EVALUATE] Dice WT: 0.8980
[2025-06-10 18:44:45,871] [INFO] [FIT] Received parameters. Starting local training...
[2025-06-10 18:44:50,179] [INFO] [DEBUG] Loaded compressed decoded weights.
[2025-06-10 18:44:50,185] [ERROR] [MODEL PARAMETER ERROR] Layer model.1.submodule.1.submodule.1.submodule.1.submodule.conv.unit0.conv.bias corrupted: mean=-5.3241265618453326e-08, std=6.961132612559595e-07
[2025-06-10 18:44:50,186] [ERROR] [MODEL PARAMETER ERROR] Layer model.1.submodule.1.submodule.1.submodule.1.submodule.conv.unit1.conv.bias corrupted: mean=-1.1737305349868166e-08, std=8.239122735176352e-07
[2025-06-10 18:45:39,382] [INFO] Model initialized on device: cuda:0
[2025-06-10 18:45:39,384] [INFO] Model initialized on device: cuda:0
[2025-06-10 18:45:39,402] [INFO] Model initialized on device: cuda:0
[2025-06-10 18:45:39,409] [INFO] Model initialized on device: cuda:0
[2025-06-10 18:45:39,573] [INFO] Model initialized on device: cuda:0
[2025-06-10 18:45:39,973] [INFO] Model initialized on device: cuda:0
[2025-06-10 18:45:39,989] [INFO] Model initialized on device: cuda:0
[2025-06-10 18:45:40,098] [INFO] Model initialized on device: cuda:0
[2025-06-10 18:46:49,829] [INFO] [TRAIN] Epoch 1 Loss: 0.9865
[2025-06-10 18:47:36,954] [INFO] Model initialized on device: cuda:0
[2025-06-10 18:47:37,610] [INFO] Model initialized on device: cuda:0
[2025-06-10 18:47:37,689] [INFO] Model initialized on device: cuda:0
[2025-06-10 18:47:37,705] [INFO] Model initialized on device: cuda:0
[2025-06-10 18:47:37,870] [INFO] Model initialized on device: cuda:0
[2025-06-10 18:47:37,981] [INFO] Model initialized on device: cuda:0
[2025-06-10 18:47:38,070] [INFO] Model initialized on device: cuda:0
[2025-06-10 18:47:38,278] [INFO] Model initialized on device: cuda:0
[2025-06-10 18:48:48,072] [INFO] [TRAIN] Epoch 2 Loss: 0.9860
[2025-06-10 18:49:30,712] [INFO] Model initialized on device: cuda:0
[2025-06-10 18:49:30,811] [INFO] Model initialized on device: cuda:0
[2025-06-10 18:49:30,876] [INFO] Model initialized on device: cuda:0
[2025-06-10 18:49:30,981] [INFO] Model initialized on device: cuda:0
[2025-06-10 18:49:30,981] [INFO] Model initialized on device: cuda:0
[2025-06-10 18:49:31,195] [INFO] Model initialized on device: cuda:0
[2025-06-10 18:49:31,294] [INFO] Model initialized on device: cuda:0
[2025-06-10 18:49:31,295] [INFO] Model initialized on device: cuda:0
[2025-06-10 18:50:36,942] [INFO] [TRAIN] Epoch 3 Loss: 0.9854
[2025-06-10 18:51:03,003] [INFO] Model initialized on device: cuda:0
[2025-06-10 18:51:05,103] [INFO] Model initialized on device: cuda:0
[2025-06-10 18:51:07,689] [INFO] Model initialized on device: cuda:0
[2025-06-10 18:51:07,702] [INFO] Model initialized on device: cuda:0
[2025-06-10 18:51:08,294] [INFO] Model initialized on device: cuda:0
[2025-06-10 18:51:09,101] [INFO] Model initialized on device: cuda:0
[2025-06-10 18:51:10,415] [INFO] Model initialized on device: cuda:0
[2025-06-10 18:51:10,771] [INFO] Model initialized on device: cuda:0
[2025-06-10 18:52:12,825] [INFO] [TRAIN] Epoch 4 Loss: 0.9848
[2025-06-10 18:52:36,976] [INFO] Model initialized on device: cuda:0
[2025-06-10 18:52:37,876] [INFO] Model initialized on device: cuda:0
[2025-06-10 18:52:39,178] [INFO] Model initialized on device: cuda:0
[2025-06-10 18:52:39,181] [INFO] Model initialized on device: cuda:0
[2025-06-10 18:52:39,485] [INFO] Model initialized on device: cuda:0
[2025-06-10 18:52:41,174] [INFO] Model initialized on device: cuda:0
[2025-06-10 18:52:41,475] [INFO] Model initialized on device: cuda:0
[2025-06-10 18:52:41,587] [INFO] Model initialized on device: cuda:0
[2025-06-10 18:53:42,522] [INFO] [TRAIN] Epoch 5 Loss: 0.9843
[2025-06-10 18:53:42,523] [INFO] [FIT] Local training finished. Avg Loss: 0.9854
[2025-06-10 18:54:06,654] [INFO] Model initialized on device: cuda:0
[2025-06-10 18:54:06,802] [INFO] Model initialized on device: cuda:0
[2025-06-10 18:54:08,705] [INFO] Model initialized on device: cuda:0
[2025-06-10 18:54:09,773] [INFO] Model initialized on device: cuda:0
[2025-06-10 18:54:09,783] [INFO] Model initialized on device: cuda:0
[2025-06-10 18:54:09,802] [INFO] Model initialized on device: cuda:0
[2025-06-10 18:54:09,813] [INFO] Model initialized on device: cuda:0
[2025-06-10 18:54:09,816] [INFO] Model initialized on device: cuda:0
[2025-06-10 18:54:11,980] [DEBUG] [TEST] Batch 1 | Pred shape: torch.Size([256, 256, 160]) | Label shape: torch.Size([256, 256, 160])
[2025-06-10 18:54:13,728] [DEBUG] [TEST] Batch 2 | Pred shape: torch.Size([256, 256, 160]) | Label shape: torch.Size([256, 256, 160])
[2025-06-10 18:54:13,784] [DEBUG] [TEST] Batch 3 | Pred shape: torch.Size([256, 256, 160]) | Label shape: torch.Size([256, 256, 160])
[2025-06-10 18:54:13,848] [DEBUG] [TEST] Batch 4 | Pred shape: torch.Size([256, 256, 160]) | Label shape: torch.Size([256, 256, 160])
[2025-06-10 18:54:14,070] [DEBUG] [TEST] Batch 5 | Pred shape: torch.Size([256, 256, 160]) | Label shape: torch.Size([256, 256, 160])
[2025-06-10 18:54:14,192] [DEBUG] [TEST] Batch 6 | Pred shape: torch.Size([256, 256, 160]) | Label shape: torch.Size([256, 256, 160])
[2025-06-10 18:54:14,247] [DEBUG] [TEST] Batch 7 | Pred shape: torch.Size([256, 256, 160]) | Label shape: torch.Size([256, 256, 160])
[2025-06-10 18:54:14,306] [DEBUG] [TEST] Batch 8 | Pred shape: torch.Size([256, 256, 160]) | Label shape: torch.Size([256, 256, 160])
[2025-06-10 18:54:14,523] [DEBUG] [TEST] Batch 9 | Pred shape: torch.Size([256, 256, 160]) | Label shape: torch.Size([256, 256, 160])
[2025-06-10 18:54:16,117] [DEBUG] [TEST] Batch 10 | Pred shape: torch.Size([256, 256, 160]) | Label shape: torch.Size([256, 256, 160])
[2025-06-10 18:54:18,976] [INFO] [FIT] Final model saved to: Run_UNET_IID60%_fedWSOcompC64_20250610/Client1/model_final.pth
[2025-06-10 18:55:27,974] [INFO] [EVALUATE] Starting evaluation...
[2025-06-10 18:55:31,683] [INFO] [DEBUG] Loaded compressed decoded weights.
[2025-06-10 18:56:14,891] [INFO] Model initialized on device: cuda:0
[2025-06-10 18:56:15,774] [INFO] Model initialized on device: cuda:0
[2025-06-10 18:56:17,523] [INFO] Model initialized on device: cuda:0
[2025-06-10 18:56:18,874] [INFO] Model initialized on device: cuda:0
[2025-06-10 18:56:20,032] [INFO] Model initialized on device: cuda:0
[2025-06-10 18:56:20,170] [INFO] Model initialized on device: cuda:0
[2025-06-10 18:56:20,173] [INFO] Model initialized on device: cuda:0
[2025-06-10 18:56:20,173] [INFO] Model initialized on device: cuda:0
[2025-06-10 18:56:21,676] [DEBUG] [TEST] Batch 1 | Pred shape: torch.Size([256, 256, 160]) | Label shape: torch.Size([256, 256, 160])
[2025-06-10 18:56:23,428] [DEBUG] [TEST] Batch 2 | Pred shape: torch.Size([256, 256, 160]) | Label shape: torch.Size([256, 256, 160])
[2025-06-10 18:56:23,602] [DEBUG] [TEST] Batch 3 | Pred shape: torch.Size([256, 256, 160]) | Label shape: torch.Size([256, 256, 160])
[2025-06-10 18:56:23,778] [DEBUG] [TEST] Batch 4 | Pred shape: torch.Size([256, 256, 160]) | Label shape: torch.Size([256, 256, 160])
[2025-06-10 18:56:23,960] [DEBUG] [TEST] Batch 5 | Pred shape: torch.Size([256, 256, 160]) | Label shape: torch.Size([256, 256, 160])
[2025-06-10 18:56:24,143] [DEBUG] [TEST] Batch 6 | Pred shape: torch.Size([256, 256, 160]) | Label shape: torch.Size([256, 256, 160])
[2025-06-10 18:56:24,326] [DEBUG] [TEST] Batch 7 | Pred shape: torch.Size([256, 256, 160]) | Label shape: torch.Size([256, 256, 160])
[2025-06-10 18:56:24,501] [DEBUG] [TEST] Batch 8 | Pred shape: torch.Size([256, 256, 160]) | Label shape: torch.Size([256, 256, 160])
[2025-06-10 18:56:24,623] [DEBUG] [TEST] Batch 9 | Pred shape: torch.Size([256, 256, 160]) | Label shape: torch.Size([256, 256, 160])
[2025-06-10 18:56:25,380] [DEBUG] [TEST] Batch 10 | Pred shape: torch.Size([256, 256, 160]) | Label shape: torch.Size([256, 256, 160])
[2025-06-10 18:56:29,107] [INFO] [EVALUATE] Dice WT: 0.5664
[2025-06-10 18:56:31,162] [INFO] [FIT] Received parameters. Starting local training...
[2025-06-10 18:56:33,087] [INFO] [DEBUG] Loaded compressed decoded weights.
[2025-06-10 18:56:33,170] [ERROR] [MODEL PARAMETER ERROR] Layer model.1.submodule.1.submodule.1.submodule.1.submodule.conv.unit0.conv.bias corrupted: mean=-6.036948008159015e-08, std=7.82159418122319e-07
[2025-06-10 18:56:33,171] [ERROR] [MODEL PARAMETER ERROR] Layer model.1.submodule.1.submodule.1.submodule.1.submodule.conv.unit1.conv.bias corrupted: mean=-5.113814438573172e-08, std=9.322410505774315e-07
[2025-06-10 18:57:14,624] [INFO] Model initialized on device: cuda:0
[2025-06-10 18:57:14,730] [INFO] Model initialized on device: cuda:0
[2025-06-10 18:57:14,781] [INFO] Model initialized on device: cuda:0
[2025-06-10 18:57:14,883] [INFO] Model initialized on device: cuda:0
[2025-06-10 18:57:15,387] [INFO] Model initialized on device: cuda:0
[2025-06-10 18:57:15,396] [INFO] Model initialized on device: cuda:0
[2025-06-10 18:57:15,418] [INFO] Model initialized on device: cuda:0
[2025-06-10 18:57:15,613] [INFO] Model initialized on device: cuda:0
[2025-06-10 18:58:12,379] [INFO] [TRAIN] Epoch 1 Loss: 0.9850
[2025-06-10 18:58:41,205] [INFO] Model initialized on device: cuda:0
[2025-06-10 18:58:41,300] [INFO] Model initialized on device: cuda:0
[2025-06-10 18:58:41,370] [INFO] Model initialized on device: cuda:0
[2025-06-10 18:58:41,484] [INFO] Model initialized on device: cuda:0
[2025-06-10 18:58:41,494] [INFO] Model initialized on device: cuda:0
[2025-06-10 18:58:41,498] [INFO] Model initialized on device: cuda:0
[2025-06-10 18:58:41,503] [INFO] Model initialized on device: cuda:0
[2025-06-10 18:58:41,504] [INFO] Model initialized on device: cuda:0
[2025-06-10 18:59:41,676] [INFO] [TRAIN] Epoch 2 Loss: 0.9845
[2025-06-10 19:00:15,070] [INFO] Model initialized on device: cuda:0
[2025-06-10 19:00:15,997] [INFO] Model initialized on device: cuda:0
[2025-06-10 19:00:15,997] [INFO] Model initialized on device: cuda:0
[2025-06-10 19:00:16,002] [INFO] Model initialized on device: cuda:0
[2025-06-10 19:00:16,086] [INFO] Model initialized on device: cuda:0
[2025-06-10 19:00:16,092] [INFO] Model initialized on device: cuda:0
[2025-06-10 19:00:16,115] [INFO] Model initialized on device: cuda:0
[2025-06-10 19:00:16,116] [INFO] Model initialized on device: cuda:0
[2025-06-10 19:01:16,117] [INFO] [TRAIN] Epoch 3 Loss: 0.9837
[2025-06-10 19:01:48,870] [INFO] Model initialized on device: cuda:0
[2025-06-10 19:01:49,178] [INFO] Model initialized on device: cuda:0
[2025-06-10 19:01:49,293] [INFO] Model initialized on device: cuda:0
[2025-06-10 19:01:49,373] [INFO] Model initialized on device: cuda:0
[2025-06-10 19:01:49,373] [INFO] Model initialized on device: cuda:0
[2025-06-10 19:01:49,377] [INFO] Model initialized on device: cuda:0
[2025-06-10 19:01:49,377] [INFO] Model initialized on device: cuda:0
[2025-06-10 19:01:49,386] [INFO] Model initialized on device: cuda:0
[2025-06-10 19:02:50,513] [INFO] [TRAIN] Epoch 4 Loss: 0.9831
[2025-06-10 19:03:22,970] [INFO] Model initialized on device: cuda:0
[2025-06-10 19:03:23,438] [INFO] Model initialized on device: cuda:0
[2025-06-10 19:03:23,877] [INFO] Model initialized on device: cuda:0
[2025-06-10 19:03:23,992] [INFO] Model initialized on device: cuda:0
[2025-06-10 19:03:24,279] [INFO] Model initialized on device: cuda:0
[2025-06-10 19:03:24,279] [INFO] Model initialized on device: cuda:0
[2025-06-10 19:03:24,279] [INFO] Model initialized on device: cuda:0
[2025-06-10 19:03:24,280] [INFO] Model initialized on device: cuda:0
[2025-06-10 19:04:27,521] [INFO] [TRAIN] Epoch 5 Loss: 0.9823
[2025-06-10 19:04:27,522] [INFO] [FIT] Local training finished. Avg Loss: 0.9837
[2025-06-10 19:04:58,381] [INFO] Model initialized on device: cuda:0
[2025-06-10 19:04:58,590] [INFO] Model initialized on device: cuda:0
[2025-06-10 19:04:58,790] [INFO] Model initialized on device: cuda:0
[2025-06-10 19:04:58,874] [INFO] Model initialized on device: cuda:0
[2025-06-10 19:04:58,881] [INFO] Model initialized on device: cuda:0
[2025-06-10 19:04:58,974] [INFO] Model initialized on device: cuda:0
[2025-06-10 19:04:58,975] [INFO] Model initialized on device: cuda:0
[2025-06-10 19:04:58,980] [INFO] Model initialized on device: cuda:0
[2025-06-10 19:05:03,815] [DEBUG] [TEST] Batch 1 | Pred shape: torch.Size([256, 256, 160]) | Label shape: torch.Size([256, 256, 160])
[2025-06-10 19:05:05,477] [DEBUG] [TEST] Batch 2 | Pred shape: torch.Size([256, 256, 160]) | Label shape: torch.Size([256, 256, 160])
[2025-06-10 19:05:05,575] [DEBUG] [TEST] Batch 3 | Pred shape: torch.Size([256, 256, 160]) | Label shape: torch.Size([256, 256, 160])
[2025-06-10 19:05:05,671] [DEBUG] [TEST] Batch 4 | Pred shape: torch.Size([256, 256, 160]) | Label shape: torch.Size([256, 256, 160])
[2025-06-10 19:05:05,727] [DEBUG] [TEST] Batch 5 | Pred shape: torch.Size([256, 256, 160]) | Label shape: torch.Size([256, 256, 160])
[2025-06-10 19:05:05,818] [DEBUG] [TEST] Batch 6 | Pred shape: torch.Size([256, 256, 160]) | Label shape: torch.Size([256, 256, 160])
[2025-06-10 19:05:05,904] [DEBUG] [TEST] Batch 7 | Pred shape: torch.Size([256, 256, 160]) | Label shape: torch.Size([256, 256, 160])
[2025-06-10 19:05:06,078] [DEBUG] [TEST] Batch 8 | Pred shape: torch.Size([256, 256, 160]) | Label shape: torch.Size([256, 256, 160])
[2025-06-10 19:05:08,510] [DEBUG] [TEST] Batch 9 | Pred shape: torch.Size([256, 256, 160]) | Label shape: torch.Size([256, 256, 160])
[2025-06-10 19:05:09,020] [DEBUG] [TEST] Batch 10 | Pred shape: torch.Size([256, 256, 160]) | Label shape: torch.Size([256, 256, 160])
[2025-06-10 19:05:13,012] [INFO] [FIT] Final model saved to: Run_UNET_IID60%_fedWSOcompC64_20250610/Client1/model_final.pth
[2025-06-10 19:06:37,007] [INFO] [EVALUATE] Starting evaluation...
[2025-06-10 19:06:38,985] [INFO] [DEBUG] Loaded compressed decoded weights.
[2025-06-10 19:07:24,485] [INFO] Model initialized on device: cuda:0
[2025-06-10 19:07:26,321] [INFO] Model initialized on device: cuda:0
[2025-06-10 19:07:26,526] [INFO] Model initialized on device: cuda:0
[2025-06-10 19:07:26,682] [INFO] Model initialized on device: cuda:0
[2025-06-10 19:07:26,773] [DEBUG] [TEST] Batch 1 | Pred shape: torch.Size([256, 256, 160]) | Label shape: torch.Size([256, 256, 160])
[2025-06-10 19:07:27,741] [INFO] Model initialized on device: cuda:0
[2025-06-10 19:07:28,197] [INFO] Model initialized on device: cuda:0
[2025-06-10 19:07:29,109] [INFO] Model initialized on device: cuda:0
[2025-06-10 19:07:29,384] [INFO] Model initialized on device: cuda:0
[2025-06-10 19:07:29,564] [DEBUG] [TEST] Batch 2 | Pred shape: torch.Size([256, 256, 160]) | Label shape: torch.Size([256, 256, 160])
[2025-06-10 19:07:31,899] [DEBUG] [TEST] Batch 3 | Pred shape: torch.Size([256, 256, 160]) | Label shape: torch.Size([256, 256, 160])
[2025-06-10 19:07:32,039] [DEBUG] [TEST] Batch 4 | Pred shape: torch.Size([256, 256, 160]) | Label shape: torch.Size([256, 256, 160])
[2025-06-10 19:07:32,189] [DEBUG] [TEST] Batch 5 | Pred shape: torch.Size([256, 256, 160]) | Label shape: torch.Size([256, 256, 160])
[2025-06-10 19:07:32,312] [DEBUG] [TEST] Batch 6 | Pred shape: torch.Size([256, 256, 160]) | Label shape: torch.Size([256, 256, 160])
[2025-06-10 19:07:32,430] [DEBUG] [TEST] Batch 7 | Pred shape: torch.Size([256, 256, 160]) | Label shape: torch.Size([256, 256, 160])
[2025-06-10 19:07:32,545] [DEBUG] [TEST] Batch 8 | Pred shape: torch.Size([256, 256, 160]) | Label shape: torch.Size([256, 256, 160])
[2025-06-10 19:07:32,627] [DEBUG] [TEST] Batch 9 | Pred shape: torch.Size([256, 256, 160]) | Label shape: torch.Size([256, 256, 160])
[2025-06-10 19:07:32,683] [DEBUG] [TEST] Batch 10 | Pred shape: torch.Size([256, 256, 160]) | Label shape: torch.Size([256, 256, 160])
[2025-06-10 19:07:36,895] [INFO] [EVALUATE] Dice WT: 0.4641
[2025-06-10 19:07:44,493] [INFO] [FIT] Received parameters. Starting local training...
[2025-06-10 19:07:47,379] [INFO] [DEBUG] Loaded compressed decoded weights.
[2025-06-10 19:07:47,385] [ERROR] [MODEL PARAMETER ERROR] Layer model.1.submodule.1.submodule.1.submodule.1.submodule.conv.unit0.conv.bias corrupted: mean=-1.658210990740372e-08, std=4.450128585631319e-07
[2025-06-10 19:07:47,386] [ERROR] [MODEL PARAMETER ERROR] Layer model.1.submodule.1.submodule.1.submodule.1.submodule.conv.unit1.conv.bias corrupted: mean=-1.8974160909124294e-08, std=5.700045448975288e-07
[2025-06-10 19:08:38,217] [INFO] Model initialized on device: cuda:0
[2025-06-10 19:08:38,905] [INFO] Model initialized on device: cuda:0
[2025-06-10 19:08:39,371] [INFO] Model initialized on device: cuda:0
[2025-06-10 19:08:39,374] [INFO] Model initialized on device: cuda:0
[2025-06-10 19:08:39,376] [INFO] Model initialized on device: cuda:0
[2025-06-10 19:08:39,490] [INFO] Model initialized on device: cuda:0
[2025-06-10 19:08:39,492] [INFO] Model initialized on device: cuda:0
[2025-06-10 19:08:39,497] [INFO] Model initialized on device: cuda:0
[2025-06-10 19:09:48,602] [INFO] [TRAIN] Epoch 1 Loss: 0.9830
[2025-06-10 19:10:25,030] [INFO] Model initialized on device: cuda:0
[2025-06-10 19:10:29,101] [INFO] Model initialized on device: cuda:0
[2025-06-10 19:10:29,694] [INFO] Model initialized on device: cuda:0
[2025-06-10 19:10:30,587] [INFO] Model initialized on device: cuda:0
[2025-06-10 19:10:31,292] [INFO] Model initialized on device: cuda:0
[2025-06-10 19:10:31,371] [INFO] Model initialized on device: cuda:0
[2025-06-10 19:10:31,479] [INFO] Model initialized on device: cuda:0
[2025-06-10 19:10:32,779] [INFO] Model initialized on device: cuda:0
[2025-06-10 19:11:39,882] [INFO] [TRAIN] Epoch 2 Loss: 0.9823
[2025-06-10 19:12:09,105] [INFO] Model initialized on device: cuda:0
[2025-06-10 19:12:09,575] [INFO] Model initialized on device: cuda:0
[2025-06-10 19:12:11,198] [INFO] Model initialized on device: cuda:0
[2025-06-10 19:12:12,808] [INFO] Model initialized on device: cuda:0
[2025-06-10 19:12:14,009] [INFO] Model initialized on device: cuda:0
[2025-06-10 19:12:14,073] [INFO] Model initialized on device: cuda:0
[2025-06-10 19:12:16,118] [INFO] Model initialized on device: cuda:0
[2025-06-10 19:12:16,488] [INFO] Model initialized on device: cuda:0
[2025-06-10 19:13:14,077] [INFO] [TRAIN] Epoch 3 Loss: 0.9815
[2025-06-10 19:13:35,404] [INFO] Model initialized on device: cuda:0
[2025-06-10 19:13:38,473] [INFO] Model initialized on device: cuda:0
[2025-06-10 19:13:39,604] [INFO] Model initialized on device: cuda:0
[2025-06-10 19:13:41,082] [INFO] Model initialized on device: cuda:0
[2025-06-10 19:13:41,270] [INFO] Model initialized on device: cuda:0
[2025-06-10 19:13:41,273] [INFO] Model initialized on device: cuda:0
[2025-06-10 19:13:41,286] [INFO] Model initialized on device: cuda:0
[2025-06-10 19:13:41,288] [INFO] Model initialized on device: cuda:0
[2025-06-10 19:14:42,277] [INFO] [TRAIN] Epoch 4 Loss: 0.9807
[2025-06-10 19:15:04,296] [INFO] Model initialized on device: cuda:0
[2025-06-10 19:15:09,680] [INFO] Model initialized on device: cuda:0
[2025-06-10 19:15:10,074] [INFO] Model initialized on device: cuda:0
[2025-06-10 19:15:10,112] [INFO] Model initialized on device: cuda:0
[2025-06-10 19:15:10,170] [INFO] Model initialized on device: cuda:0
[2025-06-10 19:15:10,173] [INFO] Model initialized on device: cuda:0
[2025-06-10 19:15:10,175] [INFO] Model initialized on device: cuda:0
[2025-06-10 19:15:10,176] [INFO] Model initialized on device: cuda:0
[2025-06-10 19:16:13,679] [INFO] [TRAIN] Epoch 5 Loss: 0.9797
[2025-06-10 19:16:13,681] [INFO] [FIT] Local training finished. Avg Loss: 0.9814
[2025-06-10 19:16:36,881] [INFO] Model initialized on device: cuda:0
[2025-06-10 19:16:40,209] [INFO] Model initialized on device: cuda:0
[2025-06-10 19:16:42,090] [INFO] Model initialized on device: cuda:0
[2025-06-10 19:16:42,588] [INFO] Model initialized on device: cuda:0
[2025-06-10 19:16:43,171] [INFO] Model initialized on device: cuda:0
[2025-06-10 19:16:43,472] [INFO] Model initialized on device: cuda:0
[2025-06-10 19:16:43,474] [INFO] Model initialized on device: cuda:0
[2025-06-10 19:16:43,681] [INFO] Model initialized on device: cuda:0
[2025-06-10 19:16:44,516] [DEBUG] [TEST] Batch 1 | Pred shape: torch.Size([256, 256, 160]) | Label shape: torch.Size([256, 256, 160])
[2025-06-10 19:16:44,620] [DEBUG] [TEST] Batch 2 | Pred shape: torch.Size([256, 256, 160]) | Label shape: torch.Size([256, 256, 160])
[2025-06-10 19:16:47,477] [DEBUG] [TEST] Batch 3 | Pred shape: torch.Size([256, 256, 160]) | Label shape: torch.Size([256, 256, 160])
[2025-06-10 19:16:47,570] [DEBUG] [TEST] Batch 4 | Pred shape: torch.Size([256, 256, 160]) | Label shape: torch.Size([256, 256, 160])
[2025-06-10 19:16:47,681] [DEBUG] [TEST] Batch 5 | Pred shape: torch.Size([256, 256, 160]) | Label shape: torch.Size([256, 256, 160])
[2025-06-10 19:16:47,940] [DEBUG] [TEST] Batch 6 | Pred shape: torch.Size([256, 256, 160]) | Label shape: torch.Size([256, 256, 160])
[2025-06-10 19:16:47,996] [DEBUG] [TEST] Batch 7 | Pred shape: torch.Size([256, 256, 160]) | Label shape: torch.Size([256, 256, 160])
[2025-06-10 19:16:48,052] [DEBUG] [TEST] Batch 8 | Pred shape: torch.Size([256, 256, 160]) | Label shape: torch.Size([256, 256, 160])
[2025-06-10 19:16:48,127] [DEBUG] [TEST] Batch 9 | Pred shape: torch.Size([256, 256, 160]) | Label shape: torch.Size([256, 256, 160])
[2025-06-10 19:16:48,182] [DEBUG] [TEST] Batch 10 | Pred shape: torch.Size([256, 256, 160]) | Label shape: torch.Size([256, 256, 160])
[2025-06-10 19:16:52,870] [INFO] [FIT] Final model saved to: Run_UNET_IID60%_fedWSOcompC64_20250610/Client1/model_final.pth
[2025-06-10 19:18:11,691] [INFO] [EVALUATE] Starting evaluation...
[2025-06-10 19:18:14,575] [INFO] [DEBUG] Loaded compressed decoded weights.
[2025-06-10 19:19:03,976] [INFO] Model initialized on device: cuda:0
[2025-06-10 19:19:05,886] [INFO] Model initialized on device: cuda:0
[2025-06-10 19:19:06,184] [INFO] Model initialized on device: cuda:0
[2025-06-10 19:19:06,193] [INFO] Model initialized on device: cuda:0
[2025-06-10 19:19:06,294] [INFO] Model initialized on device: cuda:0
[2025-06-10 19:19:06,675] [INFO] Model initialized on device: cuda:0
[2025-06-10 19:19:06,912] [INFO] Model initialized on device: cuda:0
[2025-06-10 19:19:06,971] [INFO] Model initialized on device: cuda:0
[2025-06-10 19:19:11,672] [DEBUG] [TEST] Batch 1 | Pred shape: torch.Size([256, 256, 160]) | Label shape: torch.Size([256, 256, 160])
[2025-06-10 19:19:12,085] [DEBUG] [TEST] Batch 2 | Pred shape: torch.Size([256, 256, 160]) | Label shape: torch.Size([256, 256, 160])
[2025-06-10 19:19:12,189] [DEBUG] [TEST] Batch 3 | Pred shape: torch.Size([256, 256, 160]) | Label shape: torch.Size([256, 256, 160])
[2025-06-10 19:19:12,342] [DEBUG] [TEST] Batch 4 | Pred shape: torch.Size([256, 256, 160]) | Label shape: torch.Size([256, 256, 160])
[2025-06-10 19:19:12,498] [DEBUG] [TEST] Batch 5 | Pred shape: torch.Size([256, 256, 160]) | Label shape: torch.Size([256, 256, 160])
[2025-06-10 19:19:12,692] [DEBUG] [TEST] Batch 6 | Pred shape: torch.Size([256, 256, 160]) | Label shape: torch.Size([256, 256, 160])
[2025-06-10 19:19:12,830] [DEBUG] [TEST] Batch 7 | Pred shape: torch.Size([256, 256, 160]) | Label shape: torch.Size([256, 256, 160])
[2025-06-10 19:19:13,043] [DEBUG] [TEST] Batch 8 | Pred shape: torch.Size([256, 256, 160]) | Label shape: torch.Size([256, 256, 160])
[2025-06-10 19:19:13,873] [DEBUG] [TEST] Batch 9 | Pred shape: torch.Size([256, 256, 160]) | Label shape: torch.Size([256, 256, 160])
[2025-06-10 19:19:13,976] [DEBUG] [TEST] Batch 10 | Pred shape: torch.Size([256, 256, 160]) | Label shape: torch.Size([256, 256, 160])
[2025-06-10 19:19:18,246] [INFO] [EVALUATE] Dice WT: 0.5877
[2025-06-10 19:19:22,214] [INFO] [FIT] Received parameters. Starting local training...
[2025-06-10 19:19:24,175] [INFO] [DEBUG] Loaded compressed decoded weights.
[2025-06-10 19:19:24,181] [ERROR] [MODEL PARAMETER ERROR] Layer model.1.submodule.1.submodule.1.submodule.1.submodule.conv.unit0.conv.bias corrupted: mean=8.480498081553378e-09, std=6.993789725129318e-07
[2025-06-10 19:19:24,182] [ERROR] [MODEL PARAMETER ERROR] Layer model.1.submodule.1.submodule.1.submodule.1.submodule.conv.unit1.conv.bias corrupted: mean=-5.622404763983013e-09, std=9.61563841883617e-07
[2025-06-10 19:20:06,962] [INFO] Model initialized on device: cuda:0
[2025-06-10 19:20:07,137] [INFO] Model initialized on device: cuda:0
[2025-06-10 19:20:07,231] [INFO] Model initialized on device: cuda:0
[2025-06-10 19:20:07,536] [INFO] Model initialized on device: cuda:0
[2025-06-10 19:20:07,550] [INFO] Model initialized on device: cuda:0
[2025-06-10 19:20:08,320] [INFO] Model initialized on device: cuda:0
[2025-06-10 19:20:08,468] [INFO] Model initialized on device: cuda:0
[2025-06-10 19:20:08,469] [INFO] Model initialized on device: cuda:0
[2025-06-10 19:21:03,013] [INFO] [TRAIN] Epoch 1 Loss: 0.9806
[2025-06-10 19:21:30,382] [INFO] Model initialized on device: cuda:0
[2025-06-10 19:21:30,387] [INFO] Model initialized on device: cuda:0
[2025-06-10 19:21:30,586] [INFO] Model initialized on device: cuda:0
[2025-06-10 19:21:30,692] [INFO] Model initialized on device: cuda:0
[2025-06-10 19:21:30,716] [INFO] Model initialized on device: cuda:0
[2025-06-10 19:21:30,776] [INFO] Model initialized on device: cuda:0
[2025-06-10 19:21:30,776] [INFO] Model initialized on device: cuda:0
[2025-06-10 19:21:30,778] [INFO] Model initialized on device: cuda:0
[2025-06-10 19:22:29,420] [INFO] [TRAIN] Epoch 2 Loss: 0.9797
[2025-06-10 19:22:59,389] [INFO] Model initialized on device: cuda:0
[2025-06-10 19:22:59,515] [INFO] Model initialized on device: cuda:0
[2025-06-10 19:22:59,692] [INFO] Model initialized on device: cuda:0
[2025-06-10 19:22:59,695] [INFO] Model initialized on device: cuda:0
[2025-06-10 19:22:59,789] [INFO] Model initialized on device: cuda:0
[2025-06-10 19:22:59,789] [INFO] Model initialized on device: cuda:0
[2025-06-10 19:22:59,792] [INFO] Model initialized on device: cuda:0
[2025-06-10 19:22:59,792] [INFO] Model initialized on device: cuda:0
[2025-06-10 19:23:56,373] [INFO] [TRAIN] Epoch 3 Loss: 0.9788
[2025-06-10 19:24:26,685] [INFO] Model initialized on device: cuda:0
[2025-06-10 19:24:26,719] [INFO] Model initialized on device: cuda:0
[2025-06-10 19:24:26,720] [INFO] Model initialized on device: cuda:0
[2025-06-10 19:24:27,178] [INFO] Model initialized on device: cuda:0
[2025-06-10 19:24:27,285] [INFO] Model initialized on device: cuda:0
[2025-06-10 19:24:27,494] [INFO] Model initialized on device: cuda:0
[2025-06-10 19:24:28,185] [INFO] Model initialized on device: cuda:0
[2025-06-10 19:24:28,206] [INFO] Model initialized on device: cuda:0
[2025-06-10 19:25:28,982] [INFO] [TRAIN] Epoch 4 Loss: 0.9778
[2025-06-10 19:25:55,575] [INFO] Model initialized on device: cuda:0
[2025-06-10 19:25:56,112] [INFO] Model initialized on device: cuda:0
[2025-06-10 19:25:57,819] [INFO] Model initialized on device: cuda:0
[2025-06-10 19:25:59,570] [INFO] Model initialized on device: cuda:0
[2025-06-10 19:26:01,187] [INFO] Model initialized on device: cuda:0
[2025-06-10 19:26:01,274] [INFO] Model initialized on device: cuda:0
[2025-06-10 19:26:01,276] [INFO] Model initialized on device: cuda:0
[2025-06-10 19:26:01,283] [INFO] Model initialized on device: cuda:0
[2025-06-10 19:27:03,941] [INFO] [TRAIN] Epoch 5 Loss: 0.9767
[2025-06-10 19:27:03,943] [INFO] [FIT] Local training finished. Avg Loss: 0.9787
[2025-06-10 19:27:28,912] [INFO] Model initialized on device: cuda:0
[2025-06-10 19:27:29,772] [INFO] Model initialized on device: cuda:0
[2025-06-10 19:27:33,082] [INFO] Model initialized on device: cuda:0
[2025-06-10 19:27:33,391] [INFO] Model initialized on device: cuda:0
[2025-06-10 19:27:33,393] [INFO] Model initialized on device: cuda:0
[2025-06-10 19:27:34,216] [INFO] Model initialized on device: cuda:0
[2025-06-10 19:27:34,298] [INFO] Model initialized on device: cuda:0
[2025-06-10 19:27:34,311] [INFO] Model initialized on device: cuda:0
[2025-06-10 19:27:35,375] [DEBUG] [TEST] Batch 1 | Pred shape: torch.Size([256, 256, 160]) | Label shape: torch.Size([256, 256, 160])
[2025-06-10 19:27:38,577] [DEBUG] [TEST] Batch 2 | Pred shape: torch.Size([256, 256, 160]) | Label shape: torch.Size([256, 256, 160])
[2025-06-10 19:27:40,281] [DEBUG] [TEST] Batch 3 | Pred shape: torch.Size([256, 256, 160]) | Label shape: torch.Size([256, 256, 160])
[2025-06-10 19:27:40,420] [DEBUG] [TEST] Batch 4 | Pred shape: torch.Size([256, 256, 160]) | Label shape: torch.Size([256, 256, 160])
[2025-06-10 19:27:40,610] [DEBUG] [TEST] Batch 5 | Pred shape: torch.Size([256, 256, 160]) | Label shape: torch.Size([256, 256, 160])
[2025-06-10 19:27:40,921] [DEBUG] [TEST] Batch 6 | Pred shape: torch.Size([256, 256, 160]) | Label shape: torch.Size([256, 256, 160])
[2025-06-10 19:27:41,112] [DEBUG] [TEST] Batch 7 | Pred shape: torch.Size([256, 256, 160]) | Label shape: torch.Size([256, 256, 160])
[2025-06-10 19:27:41,179] [DEBUG] [TEST] Batch 8 | Pred shape: torch.Size([256, 256, 160]) | Label shape: torch.Size([256, 256, 160])
[2025-06-10 19:27:41,278] [DEBUG] [TEST] Batch 9 | Pred shape: torch.Size([256, 256, 160]) | Label shape: torch.Size([256, 256, 160])
[2025-06-10 19:27:42,677] [DEBUG] [TEST] Batch 10 | Pred shape: torch.Size([256, 256, 160]) | Label shape: torch.Size([256, 256, 160])
[2025-06-10 19:27:47,570] [INFO] [FIT] Final model saved to: Run_UNET_IID60%_fedWSOcompC64_20250610/Client1/model_final.pth
[2025-06-10 19:29:30,753] [INFO] [EVALUATE] Starting evaluation...
[2025-06-10 19:29:33,980] [INFO] [DEBUG] Loaded compressed decoded weights.
[2025-06-10 19:30:23,613] [INFO] Model initialized on device: cuda:0
[2025-06-10 19:30:23,627] [INFO] Model initialized on device: cuda:0
[2025-06-10 19:30:23,825] [INFO] Model initialized on device: cuda:0
[2025-06-10 19:30:23,825] [INFO] Model initialized on device: cuda:0
[2025-06-10 19:30:24,295] [INFO] Model initialized on device: cuda:0
[2025-06-10 19:30:24,375] [INFO] Model initialized on device: cuda:0
[2025-06-10 19:30:24,380] [INFO] Model initialized on device: cuda:0
[2025-06-10 19:30:24,506] [INFO] Model initialized on device: cuda:0
[2025-06-10 19:30:28,471] [DEBUG] [TEST] Batch 1 | Pred shape: torch.Size([256, 256, 160]) | Label shape: torch.Size([256, 256, 160])
[2025-06-10 19:30:29,182] [DEBUG] [TEST] Batch 2 | Pred shape: torch.Size([256, 256, 160]) | Label shape: torch.Size([256, 256, 160])
[2025-06-10 19:30:29,293] [DEBUG] [TEST] Batch 3 | Pred shape: torch.Size([256, 256, 160]) | Label shape: torch.Size([256, 256, 160])
[2025-06-10 19:30:30,119] [DEBUG] [TEST] Batch 4 | Pred shape: torch.Size([256, 256, 160]) | Label shape: torch.Size([256, 256, 160])
[2025-06-10 19:30:30,287] [DEBUG] [TEST] Batch 5 | Pred shape: torch.Size([256, 256, 160]) | Label shape: torch.Size([256, 256, 160])
[2025-06-10 19:30:30,525] [DEBUG] [TEST] Batch 6 | Pred shape: torch.Size([256, 256, 160]) | Label shape: torch.Size([256, 256, 160])
[2025-06-10 19:30:30,764] [DEBUG] [TEST] Batch 7 | Pred shape: torch.Size([256, 256, 160]) | Label shape: torch.Size([256, 256, 160])
[2025-06-10 19:30:31,003] [DEBUG] [TEST] Batch 8 | Pred shape: torch.Size([256, 256, 160]) | Label shape: torch.Size([256, 256, 160])
[2025-06-10 19:30:31,417] [DEBUG] [TEST] Batch 9 | Pred shape: torch.Size([256, 256, 160]) | Label shape: torch.Size([256, 256, 160])
[2025-06-10 19:30:31,580] [DEBUG] [TEST] Batch 10 | Pred shape: torch.Size([256, 256, 160]) | Label shape: torch.Size([256, 256, 160])
[2025-06-10 19:30:36,672] [INFO] [EVALUATE] Dice WT: 0.5113
[2025-06-10 19:30:41,107] [INFO] [FIT] Received parameters. Starting local training...
[2025-06-10 19:30:44,674] [INFO] [DEBUG] Loaded compressed decoded weights.
[2025-06-10 19:30:44,771] [ERROR] [MODEL PARAMETER ERROR] Layer model.1.submodule.1.submodule.1.submodule.1.submodule.conv.unit0.conv.bias corrupted: mean=1.6522509582728162e-08, std=6.966441219447006e-07
[2025-06-10 19:30:44,771] [ERROR] [MODEL PARAMETER ERROR] Layer model.1.submodule.1.submodule.1.submodule.1.submodule.conv.unit1.conv.bias corrupted: mean=-4.718033963513335e-08, std=7.639523573743645e-07
[2025-06-10 19:31:26,973] [INFO] Model initialized on device: cuda:0
[2025-06-10 19:31:28,199] [INFO] Model initialized on device: cuda:0
[2025-06-10 19:31:29,144] [INFO] Model initialized on device: cuda:0
[2025-06-10 19:31:31,554] [INFO] Model initialized on device: cuda:0
[2025-06-10 19:31:35,476] [INFO] Model initialized on device: cuda:0
[2025-06-10 19:31:35,576] [INFO] Model initialized on device: cuda:0
[2025-06-10 19:31:35,899] [INFO] Model initialized on device: cuda:0
[2025-06-10 19:31:35,910] [INFO] Model initialized on device: cuda:0
[2025-06-10 19:32:38,356] [INFO] [TRAIN] Epoch 1 Loss: 0.9779
[2025-06-10 19:33:08,676] [INFO] Model initialized on device: cuda:0
[2025-06-10 19:33:10,084] [INFO] Model initialized on device: cuda:0
[2025-06-10 19:33:11,184] [INFO] Model initialized on device: cuda:0
[2025-06-10 19:33:13,580] [INFO] Model initialized on device: cuda:0
[2025-06-10 19:33:13,691] [INFO] Model initialized on device: cuda:0
[2025-06-10 19:33:13,715] [INFO] Model initialized on device: cuda:0
[2025-06-10 19:33:13,779] [INFO] Model initialized on device: cuda:0
[2025-06-10 19:33:13,781] [INFO] Model initialized on device: cuda:0
[2025-06-10 19:34:18,124] [INFO] [TRAIN] Epoch 2 Loss: 0.9770
[2025-06-10 19:34:42,801] [INFO] Model initialized on device: cuda:0
[2025-06-10 19:34:43,881] [INFO] Model initialized on device: cuda:0
[2025-06-10 19:34:45,683] [INFO] Model initialized on device: cuda:0
[2025-06-10 19:34:47,119] [INFO] Model initialized on device: cuda:0
[2025-06-10 19:34:48,680] [INFO] Model initialized on device: cuda:0
[2025-06-10 19:34:48,777] [INFO] Model initialized on device: cuda:0
[2025-06-10 19:34:48,790] [INFO] Model initialized on device: cuda:0
[2025-06-10 19:34:48,876] [INFO] Model initialized on device: cuda:0
[2025-06-10 19:35:52,982] [INFO] [TRAIN] Epoch 3 Loss: 0.9756
[2025-06-10 19:36:14,875] [INFO] Model initialized on device: cuda:0
[2025-06-10 19:36:16,917] [INFO] Model initialized on device: cuda:0
[2025-06-10 19:36:17,170] [INFO] Model initialized on device: cuda:0
[2025-06-10 19:36:18,583] [INFO] Model initialized on device: cuda:0
[2025-06-10 19:36:19,499] [INFO] Model initialized on device: cuda:0
[2025-06-10 19:36:20,192] [INFO] Model initialized on device: cuda:0
[2025-06-10 19:36:20,204] [INFO] Model initialized on device: cuda:0
[2025-06-10 19:36:20,275] [INFO] Model initialized on device: cuda:0
[2025-06-10 19:37:25,128] [INFO] [TRAIN] Epoch 4 Loss: 0.9742
[2025-06-10 19:37:47,471] [INFO] Model initialized on device: cuda:0
[2025-06-10 19:37:48,284] [INFO] Model initialized on device: cuda:0
[2025-06-10 19:37:51,183] [INFO] Model initialized on device: cuda:0
[2025-06-10 19:37:51,190] [INFO] Model initialized on device: cuda:0
[2025-06-10 19:37:52,390] [INFO] Model initialized on device: cuda:0
[2025-06-10 19:37:52,404] [INFO] Model initialized on device: cuda:0
[2025-06-10 19:37:52,478] [INFO] Model initialized on device: cuda:0
[2025-06-10 19:37:52,486] [INFO] Model initialized on device: cuda:0
[2025-06-10 19:38:56,709] [INFO] [TRAIN] Epoch 5 Loss: 0.9728
[2025-06-10 19:38:56,711] [INFO] [FIT] Local training finished. Avg Loss: 0.9755
[2025-06-10 19:39:23,374] [INFO] Model initialized on device: cuda:0
[2025-06-10 19:39:23,386] [INFO] Model initialized on device: cuda:0
[2025-06-10 19:39:23,435] [INFO] Model initialized on device: cuda:0
[2025-06-10 19:39:23,573] [INFO] Model initialized on device: cuda:0
[2025-06-10 19:39:24,032] [INFO] Model initialized on device: cuda:0
[2025-06-10 19:39:24,040] [INFO] Model initialized on device: cuda:0
[2025-06-10 19:39:24,072] [INFO] Model initialized on device: cuda:0
[2025-06-10 19:39:24,075] [INFO] Model initialized on device: cuda:0
[2025-06-10 19:39:28,178] [DEBUG] [TEST] Batch 1 | Pred shape: torch.Size([256, 256, 160]) | Label shape: torch.Size([256, 256, 160])
[2025-06-10 19:39:28,277] [DEBUG] [TEST] Batch 2 | Pred shape: torch.Size([256, 256, 160]) | Label shape: torch.Size([256, 256, 160])
[2025-06-10 19:39:28,397] [DEBUG] [TEST] Batch 3 | Pred shape: torch.Size([256, 256, 160]) | Label shape: torch.Size([256, 256, 160])
[2025-06-10 19:39:28,481] [DEBUG] [TEST] Batch 4 | Pred shape: torch.Size([256, 256, 160]) | Label shape: torch.Size([256, 256, 160])
[2025-06-10 19:39:28,544] [DEBUG] [TEST] Batch 5 | Pred shape: torch.Size([256, 256, 160]) | Label shape: torch.Size([256, 256, 160])
[2025-06-10 19:39:28,626] [DEBUG] [TEST] Batch 6 | Pred shape: torch.Size([256, 256, 160]) | Label shape: torch.Size([256, 256, 160])
[2025-06-10 19:39:28,681] [DEBUG] [TEST] Batch 7 | Pred shape: torch.Size([256, 256, 160]) | Label shape: torch.Size([256, 256, 160])
[2025-06-10 19:39:28,737] [DEBUG] [TEST] Batch 8 | Pred shape: torch.Size([256, 256, 160]) | Label shape: torch.Size([256, 256, 160])
[2025-06-10 19:39:32,029] [DEBUG] [TEST] Batch 9 | Pred shape: torch.Size([256, 256, 160]) | Label shape: torch.Size([256, 256, 160])
[2025-06-10 19:39:32,129] [DEBUG] [TEST] Batch 10 | Pred shape: torch.Size([256, 256, 160]) | Label shape: torch.Size([256, 256, 160])
[2025-06-10 19:39:35,494] [INFO] [FIT] Final model saved to: Run_UNET_IID60%_fedWSOcompC64_20250610/Client1/model_final.pth
[2025-06-10 19:40:51,708] [INFO] [EVALUATE] Starting evaluation...
[2025-06-10 19:40:56,073] [INFO] [DEBUG] Loaded compressed decoded weights.
[2025-06-10 19:41:42,775] [INFO] Model initialized on device: cuda:0
[2025-06-10 19:41:43,513] [INFO] Model initialized on device: cuda:0
[2025-06-10 19:41:43,577] [INFO] Model initialized on device: cuda:0
[2025-06-10 19:41:43,596] [INFO] Model initialized on device: cuda:0
[2025-06-10 19:41:43,602] [INFO] Model initialized on device: cuda:0
[2025-06-10 19:41:43,614] [INFO] Model initialized on device: cuda:0
[2025-06-10 19:41:43,673] [INFO] Model initialized on device: cuda:0
[2025-06-10 19:41:43,684] [INFO] Model initialized on device: cuda:0
[2025-06-10 19:41:49,176] [DEBUG] [TEST] Batch 1 | Pred shape: torch.Size([256, 256, 160]) | Label shape: torch.Size([256, 256, 160])
[2025-06-10 19:41:49,739] [DEBUG] [TEST] Batch 2 | Pred shape: torch.Size([256, 256, 160]) | Label shape: torch.Size([256, 256, 160])
[2025-06-10 19:41:49,952] [DEBUG] [TEST] Batch 3 | Pred shape: torch.Size([256, 256, 160]) | Label shape: torch.Size([256, 256, 160])
[2025-06-10 19:41:50,185] [DEBUG] [TEST] Batch 4 | Pred shape: torch.Size([256, 256, 160]) | Label shape: torch.Size([256, 256, 160])
[2025-06-10 19:41:50,356] [DEBUG] [TEST] Batch 5 | Pred shape: torch.Size([256, 256, 160]) | Label shape: torch.Size([256, 256, 160])
[2025-06-10 19:41:50,481] [DEBUG] [TEST] Batch 6 | Pred shape: torch.Size([256, 256, 160]) | Label shape: torch.Size([256, 256, 160])
[2025-06-10 19:41:50,659] [DEBUG] [TEST] Batch 7 | Pred shape: torch.Size([256, 256, 160]) | Label shape: torch.Size([256, 256, 160])
[2025-06-10 19:41:50,778] [DEBUG] [TEST] Batch 8 | Pred shape: torch.Size([256, 256, 160]) | Label shape: torch.Size([256, 256, 160])
[2025-06-10 19:41:51,256] [DEBUG] [TEST] Batch 9 | Pred shape: torch.Size([256, 256, 160]) | Label shape: torch.Size([256, 256, 160])
[2025-06-10 19:41:51,578] [DEBUG] [TEST] Batch 10 | Pred shape: torch.Size([256, 256, 160]) | Label shape: torch.Size([256, 256, 160])
[2025-06-10 19:41:57,126] [INFO] [EVALUATE] Dice WT: 0.4613
[2025-06-10 19:42:02,358] [INFO] [FIT] Received parameters. Starting local training...
[2025-06-10 19:42:06,479] [INFO] [DEBUG] Loaded compressed decoded weights.
[2025-06-10 19:42:06,486] [ERROR] [MODEL PARAMETER ERROR] Layer model.1.submodule.1.submodule.1.submodule.1.submodule.conv.unit1.conv.bias corrupted: mean=4.288354560344487e-09, std=9.356143664263072e-07
[2025-06-10 19:42:55,984] [INFO] Model initialized on device: cuda:0
[2025-06-10 19:42:56,170] [INFO] Model initialized on device: cuda:0
[2025-06-10 19:42:56,193] [INFO] Model initialized on device: cuda:0
[2025-06-10 19:42:56,203] [INFO] Model initialized on device: cuda:0
[2025-06-10 19:42:56,210] [INFO] Model initialized on device: cuda:0
[2025-06-10 19:42:56,272] [INFO] Model initialized on device: cuda:0
[2025-06-10 19:42:56,275] [INFO] Model initialized on device: cuda:0
[2025-06-10 19:42:56,278] [INFO] Model initialized on device: cuda:0
[2025-06-10 19:44:02,320] [INFO] [TRAIN] Epoch 1 Loss: 0.9742
[2025-06-10 19:44:41,810] [INFO] Model initialized on device: cuda:0
[2025-06-10 19:44:42,670] [INFO] Model initialized on device: cuda:0
[2025-06-10 19:44:42,791] [INFO] Model initialized on device: cuda:0
[2025-06-10 19:44:42,873] [INFO] Model initialized on device: cuda:0
[2025-06-10 19:44:42,892] [INFO] Model initialized on device: cuda:0
[2025-06-10 19:44:42,892] [INFO] Model initialized on device: cuda:0
[2025-06-10 19:44:42,899] [INFO] Model initialized on device: cuda:0
[2025-06-10 19:44:42,982] [INFO] Model initialized on device: cuda:0
[2025-06-10 19:45:46,974] [INFO] [TRAIN] Epoch 2 Loss: 0.9729
[2025-06-10 19:46:23,090] [INFO] Model initialized on device: cuda:0
[2025-06-10 19:46:23,270] [INFO] Model initialized on device: cuda:0
[2025-06-10 19:46:23,273] [INFO] Model initialized on device: cuda:0
[2025-06-10 19:46:23,302] [INFO] Model initialized on device: cuda:0
[2025-06-10 19:46:23,378] [INFO] Model initialized on device: cuda:0
[2025-06-10 19:46:23,382] [INFO] Model initialized on device: cuda:0
[2025-06-10 19:46:23,384] [INFO] Model initialized on device: cuda:0
[2025-06-10 19:46:23,388] [INFO] Model initialized on device: cuda:0
[2025-06-10 19:47:27,530] [INFO] [TRAIN] Epoch 3 Loss: 0.9713
[2025-06-10 19:47:56,175] [INFO] Model initialized on device: cuda:0
[2025-06-10 19:47:57,078] [INFO] Model initialized on device: cuda:0
[2025-06-10 19:47:59,073] [INFO] Model initialized on device: cuda:0
[2025-06-10 19:47:59,894] [INFO] Model initialized on device: cuda:0
[2025-06-10 19:47:59,898] [INFO] Model initialized on device: cuda:0
[2025-06-10 19:47:59,898] [INFO] Model initialized on device: cuda:0
[2025-06-10 19:47:59,898] [INFO] Model initialized on device: cuda:0
[2025-06-10 19:47:59,900] [INFO] Model initialized on device: cuda:0
[2025-06-10 19:49:02,646] [INFO] [TRAIN] Epoch 4 Loss: 0.9699
[2025-06-10 19:49:40,876] [INFO] Model initialized on device: cuda:0
[2025-06-10 19:49:40,876] [INFO] Model initialized on device: cuda:0
[2025-06-10 19:49:40,896] [INFO] Model initialized on device: cuda:0
[2025-06-10 19:49:40,900] [INFO] Model initialized on device: cuda:0
[2025-06-10 19:49:40,975] [INFO] Model initialized on device: cuda:0
[2025-06-10 19:49:40,976] [INFO] Model initialized on device: cuda:0
[2025-06-10 19:49:40,976] [INFO] Model initialized on device: cuda:0
[2025-06-10 19:49:40,976] [INFO] Model initialized on device: cuda:0
[2025-06-10 19:50:47,976] [INFO] [TRAIN] Epoch 5 Loss: 0.9678
[2025-06-10 19:50:47,978] [INFO] [FIT] Local training finished. Avg Loss: 0.9713
[2025-06-10 19:51:30,524] [INFO] Model initialized on device: cuda:0
[2025-06-10 19:51:30,732] [INFO] Model initialized on device: cuda:0
[2025-06-10 19:51:30,891] [INFO] Model initialized on device: cuda:0
[2025-06-10 19:51:30,903] [INFO] Model initialized on device: cuda:0
[2025-06-10 19:51:31,091] [INFO] Model initialized on device: cuda:0
[2025-06-10 19:51:31,408] [INFO] Model initialized on device: cuda:0
[2025-06-10 19:51:31,411] [INFO] Model initialized on device: cuda:0
[2025-06-10 19:51:31,512] [INFO] Model initialized on device: cuda:0
[2025-06-10 19:51:36,081] [DEBUG] [TEST] Batch 1 | Pred shape: torch.Size([256, 256, 160]) | Label shape: torch.Size([256, 256, 160])
[2025-06-10 19:51:36,722] [DEBUG] [TEST] Batch 2 | Pred shape: torch.Size([256, 256, 160]) | Label shape: torch.Size([256, 256, 160])
[2025-06-10 19:51:36,886] [DEBUG] [TEST] Batch 3 | Pred shape: torch.Size([256, 256, 160]) | Label shape: torch.Size([256, 256, 160])
[2025-06-10 19:51:37,095] [DEBUG] [TEST] Batch 4 | Pred shape: torch.Size([256, 256, 160]) | Label shape: torch.Size([256, 256, 160])
[2025-06-10 19:51:37,258] [DEBUG] [TEST] Batch 5 | Pred shape: torch.Size([256, 256, 160]) | Label shape: torch.Size([256, 256, 160])
[2025-06-10 19:51:37,443] [DEBUG] [TEST] Batch 6 | Pred shape: torch.Size([256, 256, 160]) | Label shape: torch.Size([256, 256, 160])
[2025-06-10 19:51:37,691] [DEBUG] [TEST] Batch 7 | Pred shape: torch.Size([256, 256, 160]) | Label shape: torch.Size([256, 256, 160])
[2025-06-10 19:51:37,860] [DEBUG] [TEST] Batch 8 | Pred shape: torch.Size([256, 256, 160]) | Label shape: torch.Size([256, 256, 160])
[2025-06-10 19:51:38,707] [DEBUG] [TEST] Batch 9 | Pred shape: torch.Size([256, 256, 160]) | Label shape: torch.Size([256, 256, 160])
[2025-06-10 19:51:38,924] [DEBUG] [TEST] Batch 10 | Pred shape: torch.Size([256, 256, 160]) | Label shape: torch.Size([256, 256, 160])
[2025-06-10 19:51:44,546] [INFO] [FIT] Final model saved to: Run_UNET_IID60%_fedWSOcompC64_20250610/Client1/model_final.pth
[2025-06-10 19:52:47,475] [INFO] [EVALUATE] Starting evaluation...
[2025-06-10 19:52:49,474] [INFO] [DEBUG] Loaded compressed decoded weights.
[2025-06-10 19:53:41,786] [INFO] Model initialized on device: cuda:0
[2025-06-10 19:53:42,095] [INFO] Model initialized on device: cuda:0
[2025-06-10 19:53:42,319] [INFO] Model initialized on device: cuda:0
[2025-06-10 19:53:42,320] [INFO] Model initialized on device: cuda:0
[2025-06-10 19:53:42,902] [INFO] Model initialized on device: cuda:0
[2025-06-10 19:53:42,970] [INFO] Model initialized on device: cuda:0
[2025-06-10 19:53:43,077] [INFO] Model initialized on device: cuda:0
[2025-06-10 19:53:43,082] [INFO] Model initialized on device: cuda:0
[2025-06-10 19:53:47,838] [DEBUG] [TEST] Batch 1 | Pred shape: torch.Size([256, 256, 160]) | Label shape: torch.Size([256, 256, 160])
[2025-06-10 19:53:47,987] [DEBUG] [TEST] Batch 2 | Pred shape: torch.Size([256, 256, 160]) | Label shape: torch.Size([256, 256, 160])
[2025-06-10 19:53:48,048] [DEBUG] [TEST] Batch 3 | Pred shape: torch.Size([256, 256, 160]) | Label shape: torch.Size([256, 256, 160])
[2025-06-10 19:53:48,170] [DEBUG] [TEST] Batch 4 | Pred shape: torch.Size([256, 256, 160]) | Label shape: torch.Size([256, 256, 160])
[2025-06-10 19:53:48,380] [DEBUG] [TEST] Batch 5 | Pred shape: torch.Size([256, 256, 160]) | Label shape: torch.Size([256, 256, 160])
[2025-06-10 19:53:48,599] [DEBUG] [TEST] Batch 6 | Pred shape: torch.Size([256, 256, 160]) | Label shape: torch.Size([256, 256, 160])
[2025-06-10 19:53:48,832] [DEBUG] [TEST] Batch 7 | Pred shape: torch.Size([256, 256, 160]) | Label shape: torch.Size([256, 256, 160])
[2025-06-10 19:53:49,055] [DEBUG] [TEST] Batch 8 | Pred shape: torch.Size([256, 256, 160]) | Label shape: torch.Size([256, 256, 160])
[2025-06-10 19:53:50,017] [DEBUG] [TEST] Batch 9 | Pred shape: torch.Size([256, 256, 160]) | Label shape: torch.Size([256, 256, 160])
[2025-06-10 19:53:50,077] [DEBUG] [TEST] Batch 10 | Pred shape: torch.Size([256, 256, 160]) | Label shape: torch.Size([256, 256, 160])
[2025-06-10 19:53:55,823] [INFO] [EVALUATE] Dice WT: 0.5834
[2025-06-10 19:53:58,413] [INFO] [FIT] Received parameters. Starting local training...
[2025-06-10 19:54:00,378] [INFO] [DEBUG] Loaded compressed decoded weights.
[2025-06-10 19:54:53,990] [INFO] Model initialized on device: cuda:0
[2025-06-10 19:54:54,516] [INFO] Model initialized on device: cuda:0
[2025-06-10 19:54:54,584] [INFO] Model initialized on device: cuda:0
[2025-06-10 19:54:54,678] [INFO] Model initialized on device: cuda:0
[2025-06-10 19:54:54,694] [INFO] Model initialized on device: cuda:0
[2025-06-10 19:54:54,880] [INFO] Model initialized on device: cuda:0
[2025-06-10 19:54:54,882] [INFO] Model initialized on device: cuda:0
[2025-06-10 19:54:54,884] [INFO] Model initialized on device: cuda:0
[2025-06-10 19:56:02,815] [INFO] [TRAIN] Epoch 1 Loss: 0.9696
[2025-06-10 19:56:48,288] [INFO] Model initialized on device: cuda:0
[2025-06-10 19:56:48,542] [INFO] Model initialized on device: cuda:0
[2025-06-10 19:56:48,899] [INFO] Model initialized on device: cuda:0
[2025-06-10 19:56:49,188] [INFO] Model initialized on device: cuda:0
[2025-06-10 19:56:49,274] [INFO] Model initialized on device: cuda:0
[2025-06-10 19:56:49,280] [INFO] Model initialized on device: cuda:0
[2025-06-10 19:56:49,479] [INFO] Model initialized on device: cuda:0
[2025-06-10 19:56:49,482] [INFO] Model initialized on device: cuda:0
[2025-06-10 19:57:58,832] [INFO] [TRAIN] Epoch 2 Loss: 0.9678
[2025-06-10 19:58:45,693] [INFO] Model initialized on device: cuda:0
[2025-06-10 19:58:47,074] [INFO] Model initialized on device: cuda:0
[2025-06-10 19:58:47,375] [INFO] Model initialized on device: cuda:0
[2025-06-10 19:58:47,477] [INFO] Model initialized on device: cuda:0
[2025-06-10 19:58:47,499] [INFO] Model initialized on device: cuda:0
[2025-06-10 19:58:47,578] [INFO] Model initialized on device: cuda:0
[2025-06-10 19:58:47,580] [INFO] Model initialized on device: cuda:0
[2025-06-10 19:58:47,593] [INFO] Model initialized on device: cuda:0
[2025-06-10 19:59:53,835] [INFO] [TRAIN] Epoch 3 Loss: 0.9661
[2025-06-10 20:00:29,116] [INFO] Model initialized on device: cuda:0
[2025-06-10 20:00:35,589] [INFO] Model initialized on device: cuda:0
[2025-06-10 20:00:35,877] [INFO] Model initialized on device: cuda:0
[2025-06-10 20:00:36,175] [INFO] Model initialized on device: cuda:0
[2025-06-10 20:00:36,193] [INFO] Model initialized on device: cuda:0
[2025-06-10 20:00:36,199] [INFO] Model initialized on device: cuda:0
[2025-06-10 20:00:36,203] [INFO] Model initialized on device: cuda:0
[2025-06-10 20:00:36,203] [INFO] Model initialized on device: cuda:0
[2025-06-10 20:01:36,216] [INFO] [TRAIN] Epoch 4 Loss: 0.9639
[2025-06-10 20:02:09,986] [INFO] Model initialized on device: cuda:0
[2025-06-10 20:02:14,681] [INFO] Model initialized on device: cuda:0
[2025-06-10 20:02:15,283] [INFO] Model initialized on device: cuda:0
[2025-06-10 20:02:15,379] [INFO] Model initialized on device: cuda:0
[2025-06-10 20:02:15,379] [INFO] Model initialized on device: cuda:0
[2025-06-10 20:02:15,394] [INFO] Model initialized on device: cuda:0
[2025-06-10 20:02:15,405] [INFO] Model initialized on device: cuda:0
[2025-06-10 20:02:15,483] [INFO] Model initialized on device: cuda:0
[2025-06-10 20:03:13,947] [INFO] [TRAIN] Epoch 5 Loss: 0.9615
[2025-06-10 20:03:13,948] [INFO] [FIT] Local training finished. Avg Loss: 0.9658
[2025-06-10 20:03:33,515] [INFO] Model initialized on device: cuda:0
[2025-06-10 20:03:34,587] [INFO] Model initialized on device: cuda:0
[2025-06-10 20:03:34,936] [INFO] Model initialized on device: cuda:0
[2025-06-10 20:03:35,960] [INFO] Model initialized on device: cuda:0
[2025-06-10 20:03:36,599] [INFO] Model initialized on device: cuda:0
[2025-06-10 20:03:36,818] [INFO] Model initialized on device: cuda:0
[2025-06-10 20:03:37,370] [INFO] Model initialized on device: cuda:0
[2025-06-10 20:03:38,270] [INFO] Model initialized on device: cuda:0
[2025-06-10 20:03:39,820] [DEBUG] [TEST] Batch 1 | Pred shape: torch.Size([256, 256, 160]) | Label shape: torch.Size([256, 256, 160])
[2025-06-10 20:03:41,119] [DEBUG] [TEST] Batch 2 | Pred shape: torch.Size([256, 256, 160]) | Label shape: torch.Size([256, 256, 160])
[2025-06-10 20:03:41,232] [DEBUG] [TEST] Batch 3 | Pred shape: torch.Size([256, 256, 160]) | Label shape: torch.Size([256, 256, 160])
[2025-06-10 20:03:41,318] [DEBUG] [TEST] Batch 4 | Pred shape: torch.Size([256, 256, 160]) | Label shape: torch.Size([256, 256, 160])
[2025-06-10 20:03:41,376] [DEBUG] [TEST] Batch 5 | Pred shape: torch.Size([256, 256, 160]) | Label shape: torch.Size([256, 256, 160])
[2025-06-10 20:03:41,435] [DEBUG] [TEST] Batch 6 | Pred shape: torch.Size([256, 256, 160]) | Label shape: torch.Size([256, 256, 160])
[2025-06-10 20:03:41,490] [DEBUG] [TEST] Batch 7 | Pred shape: torch.Size([256, 256, 160]) | Label shape: torch.Size([256, 256, 160])
[2025-06-10 20:03:41,549] [DEBUG] [TEST] Batch 8 | Pred shape: torch.Size([256, 256, 160]) | Label shape: torch.Size([256, 256, 160])
[2025-06-10 20:03:42,803] [DEBUG] [TEST] Batch 9 | Pred shape: torch.Size([256, 256, 160]) | Label shape: torch.Size([256, 256, 160])
[2025-06-10 20:03:43,287] [DEBUG] [TEST] Batch 10 | Pred shape: torch.Size([256, 256, 160]) | Label shape: torch.Size([256, 256, 160])
[2025-06-10 20:03:46,024] [INFO] [FIT] Final model saved to: Run_UNET_IID60%_fedWSOcompC64_20250610/Client1/model_final.pth
[2025-06-10 20:04:48,488] [INFO] [EVALUATE] Starting evaluation...
[2025-06-10 20:04:51,174] [INFO] [DEBUG] Loaded compressed decoded weights.
[2025-06-10 20:05:44,403] [INFO] Model initialized on device: cuda:0
[2025-06-10 20:05:44,413] [INFO] Model initialized on device: cuda:0
[2025-06-10 20:05:44,497] [INFO] Model initialized on device: cuda:0
[2025-06-10 20:05:44,517] [INFO] Model initialized on device: cuda:0
[2025-06-10 20:05:44,570] [INFO] Model initialized on device: cuda:0
[2025-06-10 20:05:44,583] [INFO] Model initialized on device: cuda:0
[2025-06-10 20:05:44,611] [INFO] Model initialized on device: cuda:0
[2025-06-10 20:05:44,675] [INFO] Model initialized on device: cuda:0
[2025-06-10 20:05:50,020] [DEBUG] [TEST] Batch 1 | Pred shape: torch.Size([256, 256, 160]) | Label shape: torch.Size([256, 256, 160])
[2025-06-10 20:05:50,691] [DEBUG] [TEST] Batch 2 | Pred shape: torch.Size([256, 256, 160]) | Label shape: torch.Size([256, 256, 160])
[2025-06-10 20:05:50,892] [DEBUG] [TEST] Batch 3 | Pred shape: torch.Size([256, 256, 160]) | Label shape: torch.Size([256, 256, 160])
[2025-06-10 20:05:51,167] [DEBUG] [TEST] Batch 4 | Pred shape: torch.Size([256, 256, 160]) | Label shape: torch.Size([256, 256, 160])
[2025-06-10 20:05:51,281] [DEBUG] [TEST] Batch 5 | Pred shape: torch.Size([256, 256, 160]) | Label shape: torch.Size([256, 256, 160])
[2025-06-10 20:05:51,510] [DEBUG] [TEST] Batch 6 | Pred shape: torch.Size([256, 256, 160]) | Label shape: torch.Size([256, 256, 160])
[2025-06-10 20:05:51,690] [DEBUG] [TEST] Batch 7 | Pred shape: torch.Size([256, 256, 160]) | Label shape: torch.Size([256, 256, 160])
[2025-06-10 20:05:51,745] [DEBUG] [TEST] Batch 8 | Pred shape: torch.Size([256, 256, 160]) | Label shape: torch.Size([256, 256, 160])
[2025-06-10 20:05:52,119] [DEBUG] [TEST] Batch 9 | Pred shape: torch.Size([256, 256, 160]) | Label shape: torch.Size([256, 256, 160])
[2025-06-10 20:05:52,318] [DEBUG] [TEST] Batch 10 | Pred shape: torch.Size([256, 256, 160]) | Label shape: torch.Size([256, 256, 160])
[2025-06-10 20:05:57,844] [INFO] [EVALUATE] Dice WT: 0.4394
[2025-06-10 20:06:01,752] [INFO] [FIT] Received parameters. Starting local training...
[2025-06-10 20:06:07,181] [INFO] [DEBUG] Loaded compressed decoded weights.
[2025-06-10 20:06:55,906] [INFO] Model initialized on device: cuda:0
[2025-06-10 20:06:56,001] [INFO] Model initialized on device: cuda:0
[2025-06-10 20:06:56,029] [INFO] Model initialized on device: cuda:0
[2025-06-10 20:06:56,491] [INFO] Model initialized on device: cuda:0
[2025-06-10 20:06:56,781] [INFO] Model initialized on device: cuda:0
[2025-06-10 20:06:56,877] [INFO] Model initialized on device: cuda:0
[2025-06-10 20:06:56,973] [INFO] Model initialized on device: cuda:0
[2025-06-10 20:06:57,077] [INFO] Model initialized on device: cuda:0
[2025-06-10 20:08:03,375] [INFO] [TRAIN] Epoch 1 Loss: 0.9641
[2025-06-10 20:08:36,583] [INFO] Model initialized on device: cuda:0
[2025-06-10 20:08:38,338] [INFO] Model initialized on device: cuda:0
[2025-06-10 20:08:39,810] [INFO] Model initialized on device: cuda:0
[2025-06-10 20:08:39,836] [INFO] Model initialized on device: cuda:0
[2025-06-10 20:08:45,973] [INFO] Model initialized on device: cuda:0
[2025-06-10 20:08:47,077] [INFO] Model initialized on device: cuda:0
[2025-06-10 20:08:47,683] [INFO] Model initialized on device: cuda:0
[2025-06-10 20:08:47,793] [INFO] Model initialized on device: cuda:0
[2025-06-10 20:09:46,080] [INFO] [TRAIN] Epoch 2 Loss: 0.9617
[2025-06-10 20:10:16,291] [INFO] Model initialized on device: cuda:0
[2025-06-10 20:10:18,779] [INFO] Model initialized on device: cuda:0
[2025-06-10 20:10:20,079] [INFO] Model initialized on device: cuda:0
[2025-06-10 20:10:21,306] [INFO] Model initialized on device: cuda:0
[2025-06-10 20:10:22,375] [INFO] Model initialized on device: cuda:0
[2025-06-10 20:10:30,021] [INFO] Model initialized on device: cuda:0
[2025-06-10 20:10:30,207] [INFO] Model initialized on device: cuda:0
[2025-06-10 20:10:30,220] [INFO] Model initialized on device: cuda:0
[2025-06-10 20:11:27,928] [INFO] [TRAIN] Epoch 3 Loss: 0.9592
[2025-06-10 20:11:58,285] [INFO] Model initialized on device: cuda:0
[2025-06-10 20:12:04,776] [INFO] Model initialized on device: cuda:0
[2025-06-10 20:12:06,534] [INFO] Model initialized on device: cuda:0
[2025-06-10 20:12:06,535] [INFO] Model initialized on device: cuda:0
[2025-06-10 20:12:06,628] [INFO] Model initialized on device: cuda:0
[2025-06-10 20:12:06,642] [INFO] Model initialized on device: cuda:0
[2025-06-10 20:12:06,899] [INFO] Model initialized on device: cuda:0
[2025-06-10 20:12:07,127] [INFO] Model initialized on device: cuda:0
[2025-06-10 20:13:07,674] [INFO] [TRAIN] Epoch 4 Loss: 0.9567
[2025-06-10 20:13:50,625] [INFO] Model initialized on device: cuda:0
[2025-06-10 20:13:50,958] [INFO] Model initialized on device: cuda:0
[2025-06-10 20:13:50,984] [INFO] Model initialized on device: cuda:0
[2025-06-10 20:13:51,223] [INFO] Model initialized on device: cuda:0
[2025-06-10 20:13:51,506] [INFO] Model initialized on device: cuda:0
[2025-06-10 20:13:51,512] [INFO] Model initialized on device: cuda:0
[2025-06-10 20:13:51,518] [INFO] Model initialized on device: cuda:0
[2025-06-10 20:13:51,571] [INFO] Model initialized on device: cuda:0
[2025-06-10 20:14:49,152] [INFO] [TRAIN] Epoch 5 Loss: 0.9538
[2025-06-10 20:14:49,152] [INFO] [FIT] Local training finished. Avg Loss: 0.9591
[2025-06-10 20:15:18,502] [INFO] Model initialized on device: cuda:0
[2025-06-10 20:15:18,746] [INFO] Model initialized on device: cuda:0
[2025-06-10 20:15:19,049] [INFO] Model initialized on device: cuda:0
[2025-06-10 20:15:19,119] [INFO] Model initialized on device: cuda:0
[2025-06-10 20:15:19,128] [INFO] Model initialized on device: cuda:0
[2025-06-10 20:15:19,400] [INFO] Model initialized on device: cuda:0
[2025-06-10 20:15:19,672] [INFO] Model initialized on device: cuda:0
[2025-06-10 20:15:19,848] [INFO] Model initialized on device: cuda:0
[2025-06-10 20:15:22,511] [DEBUG] [TEST] Batch 1 | Pred shape: torch.Size([256, 256, 160]) | Label shape: torch.Size([256, 256, 160])
[2025-06-10 20:15:23,032] [DEBUG] [TEST] Batch 2 | Pred shape: torch.Size([256, 256, 160]) | Label shape: torch.Size([256, 256, 160])
[2025-06-10 20:15:23,139] [DEBUG] [TEST] Batch 3 | Pred shape: torch.Size([256, 256, 160]) | Label shape: torch.Size([256, 256, 160])
[2025-06-10 20:15:23,270] [DEBUG] [TEST] Batch 4 | Pred shape: torch.Size([256, 256, 160]) | Label shape: torch.Size([256, 256, 160])
[2025-06-10 20:15:23,386] [DEBUG] [TEST] Batch 5 | Pred shape: torch.Size([256, 256, 160]) | Label shape: torch.Size([256, 256, 160])
[2025-06-10 20:15:23,510] [DEBUG] [TEST] Batch 6 | Pred shape: torch.Size([256, 256, 160]) | Label shape: torch.Size([256, 256, 160])
[2025-06-10 20:15:23,633] [DEBUG] [TEST] Batch 7 | Pred shape: torch.Size([256, 256, 160]) | Label shape: torch.Size([256, 256, 160])
[2025-06-10 20:15:23,755] [DEBUG] [TEST] Batch 8 | Pred shape: torch.Size([256, 256, 160]) | Label shape: torch.Size([256, 256, 160])
[2025-06-10 20:15:24,848] [DEBUG] [TEST] Batch 9 | Pred shape: torch.Size([256, 256, 160]) | Label shape: torch.Size([256, 256, 160])
[2025-06-10 20:15:25,297] [DEBUG] [TEST] Batch 10 | Pred shape: torch.Size([256, 256, 160]) | Label shape: torch.Size([256, 256, 160])
[2025-06-10 20:15:28,766] [INFO] [FIT] Final model saved to: Run_UNET_IID60%_fedWSOcompC64_20250610/Client1/model_final.pth
[2025-06-10 20:16:30,314] [INFO] [EVALUATE] Starting evaluation...
[2025-06-10 20:16:32,779] [INFO] [DEBUG] Loaded compressed decoded weights.
[2025-06-10 20:17:15,591] [INFO] Model initialized on device: cuda:0
[2025-06-10 20:17:16,377] [INFO] Model initialized on device: cuda:0
[2025-06-10 20:17:18,225] [INFO] Model initialized on device: cuda:0
[2025-06-10 20:17:18,313] [INFO] Model initialized on device: cuda:0
[2025-06-10 20:17:18,440] [INFO] Model initialized on device: cuda:0
[2025-06-10 20:17:19,073] [INFO] Model initialized on device: cuda:0
[2025-06-10 20:17:19,278] [INFO] Model initialized on device: cuda:0
[2025-06-10 20:17:20,941] [INFO] Model initialized on device: cuda:0
[2025-06-10 20:17:24,878] [DEBUG] [TEST] Batch 1 | Pred shape: torch.Size([256, 256, 160]) | Label shape: torch.Size([256, 256, 160])
[2025-06-10 20:17:24,976] [DEBUG] [TEST] Batch 2 | Pred shape: torch.Size([256, 256, 160]) | Label shape: torch.Size([256, 256, 160])
[2025-06-10 20:17:25,073] [DEBUG] [TEST] Batch 3 | Pred shape: torch.Size([256, 256, 160]) | Label shape: torch.Size([256, 256, 160])
[2025-06-10 20:17:25,129] [DEBUG] [TEST] Batch 4 | Pred shape: torch.Size([256, 256, 160]) | Label shape: torch.Size([256, 256, 160])
[2025-06-10 20:17:25,219] [DEBUG] [TEST] Batch 5 | Pred shape: torch.Size([256, 256, 160]) | Label shape: torch.Size([256, 256, 160])
[2025-06-10 20:17:25,276] [DEBUG] [TEST] Batch 6 | Pred shape: torch.Size([256, 256, 160]) | Label shape: torch.Size([256, 256, 160])
[2025-06-10 20:17:25,335] [DEBUG] [TEST] Batch 7 | Pred shape: torch.Size([256, 256, 160]) | Label shape: torch.Size([256, 256, 160])
[2025-06-10 20:17:25,391] [DEBUG] [TEST] Batch 8 | Pred shape: torch.Size([256, 256, 160]) | Label shape: torch.Size([256, 256, 160])
[2025-06-10 20:17:27,279] [DEBUG] [TEST] Batch 9 | Pred shape: torch.Size([256, 256, 160]) | Label shape: torch.Size([256, 256, 160])
[2025-06-10 20:17:27,334] [DEBUG] [TEST] Batch 10 | Pred shape: torch.Size([256, 256, 160]) | Label shape: torch.Size([256, 256, 160])
[2025-06-10 20:17:30,446] [INFO] [EVALUATE] Dice WT: 0.5357
[2025-06-10 20:17:34,953] [INFO] [FIT] Received parameters. Starting local training...
[2025-06-10 20:17:39,381] [INFO] [DEBUG] Loaded compressed decoded weights.
[2025-06-10 20:18:29,387] [INFO] Model initialized on device: cuda:0
[2025-06-10 20:18:29,477] [INFO] Model initialized on device: cuda:0
[2025-06-10 20:18:29,495] [INFO] Model initialized on device: cuda:0
[2025-06-10 20:18:29,506] [INFO] Model initialized on device: cuda:0
[2025-06-10 20:18:29,591] [INFO] Model initialized on device: cuda:0
[2025-06-10 20:18:29,690] [INFO] Model initialized on device: cuda:0
[2025-06-10 20:18:29,697] [INFO] Model initialized on device: cuda:0
[2025-06-10 20:18:29,772] [INFO] Model initialized on device: cuda:0
[2025-06-10 20:19:36,147] [INFO] [TRAIN] Epoch 1 Loss: 0.9570
[2025-06-10 20:20:14,377] [INFO] Model initialized on device: cuda:0
[2025-06-10 20:20:14,923] [INFO] Model initialized on device: cuda:0
[2025-06-10 20:20:15,748] [INFO] Model initialized on device: cuda:0
[2025-06-10 20:20:16,657] [INFO] Model initialized on device: cuda:0
[2025-06-10 20:20:16,687] [INFO] Model initialized on device: cuda:0
[2025-06-10 20:20:17,913] [INFO] Model initialized on device: cuda:0
[2025-06-10 20:20:18,072] [INFO] Model initialized on device: cuda:0
[2025-06-10 20:20:18,724] [INFO] Model initialized on device: cuda:0
[2025-06-10 20:21:18,902] [INFO] [TRAIN] Epoch 2 Loss: 0.9540
[2025-06-10 20:21:48,424] [INFO] Model initialized on device: cuda:0
[2025-06-10 20:21:48,913] [INFO] Model initialized on device: cuda:0
[2025-06-10 20:21:50,173] [INFO] Model initialized on device: cuda:0
[2025-06-10 20:21:51,170] [INFO] Model initialized on device: cuda:0
[2025-06-10 20:21:51,903] [INFO] Model initialized on device: cuda:0
[2025-06-10 20:21:51,987] [INFO] Model initialized on device: cuda:0
[2025-06-10 20:21:51,993] [INFO] Model initialized on device: cuda:0
[2025-06-10 20:21:52,002] [INFO] Model initialized on device: cuda:0
[2025-06-10 20:22:51,112] [INFO] [TRAIN] Epoch 3 Loss: 0.9512
[2025-06-10 20:23:15,893] [INFO] Model initialized on device: cuda:0
[2025-06-10 20:23:18,422] [INFO] Model initialized on device: cuda:0
[2025-06-10 20:23:20,773] [INFO] Model initialized on device: cuda:0
[2025-06-10 20:23:20,989] [INFO] Model initialized on device: cuda:0
[2025-06-10 20:23:20,990] [INFO] Model initialized on device: cuda:0
[2025-06-10 20:23:21,292] [INFO] Model initialized on device: cuda:0
[2025-06-10 20:23:21,479] [INFO] Model initialized on device: cuda:0
[2025-06-10 20:23:21,481] [INFO] Model initialized on device: cuda:0
[2025-06-10 20:24:22,076] [INFO] [TRAIN] Epoch 4 Loss: 0.9477
[2025-06-10 20:24:49,298] [INFO] Model initialized on device: cuda:0
[2025-06-10 20:24:49,396] [INFO] Model initialized on device: cuda:0
[2025-06-10 20:24:49,819] [INFO] Model initialized on device: cuda:0
[2025-06-10 20:24:49,977] [INFO] Model initialized on device: cuda:0
[2025-06-10 20:24:49,979] [INFO] Model initialized on device: cuda:0
[2025-06-10 20:24:49,981] [INFO] Model initialized on device: cuda:0
[2025-06-10 20:24:49,984] [INFO] Model initialized on device: cuda:0
[2025-06-10 20:24:49,986] [INFO] Model initialized on device: cuda:0
[2025-06-10 20:25:49,680] [INFO] [TRAIN] Epoch 5 Loss: 0.9433
[2025-06-10 20:25:49,683] [INFO] [FIT] Local training finished. Avg Loss: 0.9506
[2025-06-10 20:26:21,273] [INFO] Model initialized on device: cuda:0
[2025-06-10 20:26:21,373] [INFO] Model initialized on device: cuda:0
[2025-06-10 20:26:21,405] [INFO] Model initialized on device: cuda:0
[2025-06-10 20:26:21,408] [INFO] Model initialized on device: cuda:0
[2025-06-10 20:26:21,421] [INFO] Model initialized on device: cuda:0
[2025-06-10 20:26:21,474] [INFO] Model initialized on device: cuda:0
[2025-06-10 20:26:21,477] [INFO] Model initialized on device: cuda:0
[2025-06-10 20:26:21,478] [INFO] Model initialized on device: cuda:0
[2025-06-10 20:26:25,073] [DEBUG] [TEST] Batch 1 | Pred shape: torch.Size([256, 256, 160]) | Label shape: torch.Size([256, 256, 160])
[2025-06-10 20:26:25,681] [DEBUG] [TEST] Batch 2 | Pred shape: torch.Size([256, 256, 160]) | Label shape: torch.Size([256, 256, 160])
[2025-06-10 20:26:26,880] [DEBUG] [TEST] Batch 3 | Pred shape: torch.Size([256, 256, 160]) | Label shape: torch.Size([256, 256, 160])
[2025-06-10 20:26:26,971] [DEBUG] [TEST] Batch 4 | Pred shape: torch.Size([256, 256, 160]) | Label shape: torch.Size([256, 256, 160])
[2025-06-10 20:26:27,026] [DEBUG] [TEST] Batch 5 | Pred shape: torch.Size([256, 256, 160]) | Label shape: torch.Size([256, 256, 160])
[2025-06-10 20:26:27,116] [DEBUG] [TEST] Batch 6 | Pred shape: torch.Size([256, 256, 160]) | Label shape: torch.Size([256, 256, 160])
[2025-06-10 20:26:27,177] [DEBUG] [TEST] Batch 7 | Pred shape: torch.Size([256, 256, 160]) | Label shape: torch.Size([256, 256, 160])
[2025-06-10 20:26:27,232] [DEBUG] [TEST] Batch 8 | Pred shape: torch.Size([256, 256, 160]) | Label shape: torch.Size([256, 256, 160])
[2025-06-10 20:26:29,285] [DEBUG] [TEST] Batch 9 | Pred shape: torch.Size([256, 256, 160]) | Label shape: torch.Size([256, 256, 160])
[2025-06-10 20:26:30,106] [DEBUG] [TEST] Batch 10 | Pred shape: torch.Size([256, 256, 160]) | Label shape: torch.Size([256, 256, 160])
[2025-06-10 20:26:33,621] [INFO] [FIT] Final model saved to: Run_UNET_IID60%_fedWSOcompC64_20250610/Client1/model_final.pth
[2025-06-10 20:27:47,661] [INFO] [EVALUATE] Starting evaluation...
[2025-06-10 20:27:51,578] [INFO] [DEBUG] Loaded compressed decoded weights.
[2025-06-10 20:28:43,321] [INFO] Model initialized on device: cuda:0
[2025-06-10 20:28:43,491] [INFO] Model initialized on device: cuda:0
[2025-06-10 20:28:43,885] [INFO] Model initialized on device: cuda:0
[2025-06-10 20:28:43,905] [INFO] Model initialized on device: cuda:0
[2025-06-10 20:28:44,185] [INFO] Model initialized on device: cuda:0
[2025-06-10 20:28:44,303] [INFO] Model initialized on device: cuda:0
[2025-06-10 20:28:44,304] [INFO] Model initialized on device: cuda:0
[2025-06-10 20:28:44,316] [INFO] Model initialized on device: cuda:0
[2025-06-10 20:28:48,180] [DEBUG] [TEST] Batch 1 | Pred shape: torch.Size([256, 256, 160]) | Label shape: torch.Size([256, 256, 160])
[2025-06-10 20:28:49,082] [DEBUG] [TEST] Batch 2 | Pred shape: torch.Size([256, 256, 160]) | Label shape: torch.Size([256, 256, 160])
[2025-06-10 20:28:49,243] [DEBUG] [TEST] Batch 3 | Pred shape: torch.Size([256, 256, 160]) | Label shape: torch.Size([256, 256, 160])
[2025-06-10 20:28:49,401] [DEBUG] [TEST] Batch 4 | Pred shape: torch.Size([256, 256, 160]) | Label shape: torch.Size([256, 256, 160])
[2025-06-10 20:28:49,571] [DEBUG] [TEST] Batch 5 | Pred shape: torch.Size([256, 256, 160]) | Label shape: torch.Size([256, 256, 160])
[2025-06-10 20:28:49,785] [DEBUG] [TEST] Batch 6 | Pred shape: torch.Size([256, 256, 160]) | Label shape: torch.Size([256, 256, 160])
[2025-06-10 20:28:50,012] [DEBUG] [TEST] Batch 7 | Pred shape: torch.Size([256, 256, 160]) | Label shape: torch.Size([256, 256, 160])
[2025-06-10 20:28:50,252] [DEBUG] [TEST] Batch 8 | Pred shape: torch.Size([256, 256, 160]) | Label shape: torch.Size([256, 256, 160])
[2025-06-10 20:28:50,854] [DEBUG] [TEST] Batch 9 | Pred shape: torch.Size([256, 256, 160]) | Label shape: torch.Size([256, 256, 160])
[2025-06-10 20:28:51,379] [DEBUG] [TEST] Batch 10 | Pred shape: torch.Size([256, 256, 160]) | Label shape: torch.Size([256, 256, 160])
[2025-06-10 20:28:57,920] [INFO] [EVALUATE] Dice WT: 0.5736
[2025-06-10 20:29:02,484] [INFO] [FIT] Received parameters. Starting local training...
[2025-06-10 20:29:06,782] [INFO] [DEBUG] Loaded compressed decoded weights.
[2025-06-10 20:29:54,773] [INFO] Model initialized on device: cuda:0
[2025-06-10 20:29:54,887] [INFO] Model initialized on device: cuda:0
[2025-06-10 20:29:54,906] [INFO] Model initialized on device: cuda:0
[2025-06-10 20:29:54,972] [INFO] Model initialized on device: cuda:0
[2025-06-10 20:29:54,980] [INFO] Model initialized on device: cuda:0
[2025-06-10 20:29:54,981] [INFO] Model initialized on device: cuda:0
[2025-06-10 20:29:54,999] [INFO] Model initialized on device: cuda:0
[2025-06-10 20:29:55,003] [INFO] Model initialized on device: cuda:0
[2025-06-10 20:31:00,171] [INFO] [TRAIN] Epoch 1 Loss: 0.9476
[2025-06-10 20:31:34,376] [INFO] Model initialized on device: cuda:0
[2025-06-10 20:31:35,507] [INFO] Model initialized on device: cuda:0
[2025-06-10 20:31:38,681] [INFO] Model initialized on device: cuda:0
[2025-06-10 20:31:41,896] [INFO] Model initialized on device: cuda:0
[2025-06-10 20:31:42,506] [INFO] Model initialized on device: cuda:0
[2025-06-10 20:31:43,003] [INFO] Model initialized on device: cuda:0
[2025-06-10 20:31:43,578] [INFO] Model initialized on device: cuda:0
[2025-06-10 20:31:43,978] [INFO] Model initialized on device: cuda:0
[2025-06-10 20:32:41,999] [INFO] [TRAIN] Epoch 2 Loss: 0.9437
[2025-06-10 20:33:14,182] [INFO] Model initialized on device: cuda:0
[2025-06-10 20:33:16,273] [INFO] Model initialized on device: cuda:0
[2025-06-10 20:33:17,681] [INFO] Model initialized on device: cuda:0
[2025-06-10 20:33:21,481] [INFO] Model initialized on device: cuda:0
[2025-06-10 20:33:21,713] [INFO] Model initialized on device: cuda:0
[2025-06-10 20:33:22,279] [INFO] Model initialized on device: cuda:0
[2025-06-10 20:33:24,284] [INFO] Model initialized on device: cuda:0
[2025-06-10 20:33:25,613] [INFO] Model initialized on device: cuda:0
[2025-06-10 20:34:22,781] [INFO] [TRAIN] Epoch 3 Loss: 0.9402
[2025-06-10 20:34:51,071] [INFO] Model initialized on device: cuda:0
[2025-06-10 20:34:51,373] [INFO] Model initialized on device: cuda:0
[2025-06-10 20:34:54,085] [INFO] Model initialized on device: cuda:0
[2025-06-10 20:34:58,480] [INFO] Model initialized on device: cuda:0
[2025-06-10 20:35:00,496] [INFO] Model initialized on device: cuda:0
[2025-06-10 20:35:00,776] [INFO] Model initialized on device: cuda:0
[2025-06-10 20:35:00,878] [INFO] Model initialized on device: cuda:0
[2025-06-10 20:35:01,690] [INFO] Model initialized on device: cuda:0
[2025-06-10 20:36:00,187] [INFO] [TRAIN] Epoch 4 Loss: 0.9360
[2025-06-10 20:36:24,870] [INFO] Model initialized on device: cuda:0
[2025-06-10 20:36:27,778] [INFO] Model initialized on device: cuda:0
[2025-06-10 20:36:30,876] [INFO] Model initialized on device: cuda:0
[2025-06-10 20:36:34,382] [INFO] Model initialized on device: cuda:0
[2025-06-10 20:36:34,603] [INFO] Model initialized on device: cuda:0
[2025-06-10 20:36:35,382] [INFO] Model initialized on device: cuda:0
[2025-06-10 20:36:37,095] [INFO] Model initialized on device: cuda:0
[2025-06-10 20:36:37,378] [INFO] Model initialized on device: cuda:0
[2025-06-10 20:37:35,382] [INFO] [TRAIN] Epoch 5 Loss: 0.9295
[2025-06-10 20:37:35,383] [INFO] [FIT] Local training finished. Avg Loss: 0.9394
[2025-06-10 20:37:57,995] [INFO] Model initialized on device: cuda:0
[2025-06-10 20:37:58,047] [INFO] Model initialized on device: cuda:0
[2025-06-10 20:37:58,605] [INFO] Model initialized on device: cuda:0
[2025-06-10 20:38:00,228] [INFO] Model initialized on device: cuda:0
[2025-06-10 20:38:00,794] [INFO] Model initialized on device: cuda:0
[2025-06-10 20:38:00,803] [INFO] Model initialized on device: cuda:0
[2025-06-10 20:38:01,142] [INFO] Model initialized on device: cuda:0
[2025-06-10 20:38:01,786] [INFO] Model initialized on device: cuda:0
[2025-06-10 20:38:03,642] [DEBUG] [TEST] Batch 1 | Pred shape: torch.Size([256, 256, 160]) | Label shape: torch.Size([256, 256, 160])
[2025-06-10 20:38:03,732] [DEBUG] [TEST] Batch 2 | Pred shape: torch.Size([256, 256, 160]) | Label shape: torch.Size([256, 256, 160])
[2025-06-10 20:38:04,608] [DEBUG] [TEST] Batch 3 | Pred shape: torch.Size([256, 256, 160]) | Label shape: torch.Size([256, 256, 160])
[2025-06-10 20:38:04,664] [DEBUG] [TEST] Batch 4 | Pred shape: torch.Size([256, 256, 160]) | Label shape: torch.Size([256, 256, 160])
[2025-06-10 20:38:04,724] [DEBUG] [TEST] Batch 5 | Pred shape: torch.Size([256, 256, 160]) | Label shape: torch.Size([256, 256, 160])
[2025-06-10 20:38:04,780] [DEBUG] [TEST] Batch 6 | Pred shape: torch.Size([256, 256, 160]) | Label shape: torch.Size([256, 256, 160])
[2025-06-10 20:38:04,838] [DEBUG] [TEST] Batch 7 | Pred shape: torch.Size([256, 256, 160]) | Label shape: torch.Size([256, 256, 160])
[2025-06-10 20:38:04,893] [DEBUG] [TEST] Batch 8 | Pred shape: torch.Size([256, 256, 160]) | Label shape: torch.Size([256, 256, 160])
[2025-06-10 20:38:06,307] [DEBUG] [TEST] Batch 9 | Pred shape: torch.Size([256, 256, 160]) | Label shape: torch.Size([256, 256, 160])
[2025-06-10 20:38:06,362] [DEBUG] [TEST] Batch 10 | Pred shape: torch.Size([256, 256, 160]) | Label shape: torch.Size([256, 256, 160])
[2025-06-10 20:38:08,669] [INFO] [FIT] Final model saved to: Run_UNET_IID60%_fedWSOcompC64_20250610/Client1/model_final.pth
[2025-06-10 20:39:12,391] [INFO] [EVALUATE] Starting evaluation...
[2025-06-10 20:39:16,077] [INFO] [DEBUG] Loaded compressed decoded weights.
[2025-06-10 20:40:04,998] [INFO] Model initialized on device: cuda:0
[2025-06-10 20:40:05,870] [INFO] Model initialized on device: cuda:0
[2025-06-10 20:40:05,878] [INFO] Model initialized on device: cuda:0
[2025-06-10 20:40:06,211] [INFO] Model initialized on device: cuda:0
[2025-06-10 20:40:06,273] [INFO] Model initialized on device: cuda:0
[2025-06-10 20:40:06,380] [INFO] Model initialized on device: cuda:0
[2025-06-10 20:40:06,396] [INFO] Model initialized on device: cuda:0
[2025-06-10 20:40:06,396] [INFO] Model initialized on device: cuda:0
[2025-06-10 20:40:11,079] [DEBUG] [TEST] Batch 1 | Pred shape: torch.Size([256, 256, 160]) | Label shape: torch.Size([256, 256, 160])
[2025-06-10 20:40:11,833] [DEBUG] [TEST] Batch 2 | Pred shape: torch.Size([256, 256, 160]) | Label shape: torch.Size([256, 256, 160])
[2025-06-10 20:40:12,059] [DEBUG] [TEST] Batch 3 | Pred shape: torch.Size([256, 256, 160]) | Label shape: torch.Size([256, 256, 160])
[2025-06-10 20:40:12,295] [DEBUG] [TEST] Batch 4 | Pred shape: torch.Size([256, 256, 160]) | Label shape: torch.Size([256, 256, 160])
[2025-06-10 20:40:12,477] [DEBUG] [TEST] Batch 5 | Pred shape: torch.Size([256, 256, 160]) | Label shape: torch.Size([256, 256, 160])
[2025-06-10 20:40:12,657] [DEBUG] [TEST] Batch 6 | Pred shape: torch.Size([256, 256, 160]) | Label shape: torch.Size([256, 256, 160])
[2025-06-10 20:40:12,885] [DEBUG] [TEST] Batch 7 | Pred shape: torch.Size([256, 256, 160]) | Label shape: torch.Size([256, 256, 160])
[2025-06-10 20:40:13,072] [DEBUG] [TEST] Batch 8 | Pred shape: torch.Size([256, 256, 160]) | Label shape: torch.Size([256, 256, 160])
[2025-06-10 20:40:13,276] [DEBUG] [TEST] Batch 9 | Pred shape: torch.Size([256, 256, 160]) | Label shape: torch.Size([256, 256, 160])
[2025-06-10 20:40:13,830] [DEBUG] [TEST] Batch 10 | Pred shape: torch.Size([256, 256, 160]) | Label shape: torch.Size([256, 256, 160])
[2025-06-10 20:40:20,417] [INFO] [EVALUATE] Dice WT: 0.5012
[2025-06-10 20:40:23,140] [INFO] [FIT] Received parameters. Starting local training...
[2025-06-10 20:40:26,078] [INFO] [DEBUG] Loaded compressed decoded weights.
[2025-06-10 20:41:16,536] [INFO] Model initialized on device: cuda:0
[2025-06-10 20:41:16,905] [INFO] Model initialized on device: cuda:0
[2025-06-10 20:41:17,111] [INFO] Model initialized on device: cuda:0
[2025-06-10 20:41:17,195] [INFO] Model initialized on device: cuda:0
[2025-06-10 20:41:17,201] [INFO] Model initialized on device: cuda:0
[2025-06-10 20:41:17,214] [INFO] Model initialized on device: cuda:0
[2025-06-10 20:41:17,216] [INFO] Model initialized on device: cuda:0
[2025-06-10 20:41:17,217] [INFO] Model initialized on device: cuda:0
[2025-06-10 20:42:23,676] [INFO] [TRAIN] Epoch 1 Loss: 0.9354
[2025-06-10 20:42:55,801] [INFO] Model initialized on device: cuda:0
[2025-06-10 20:42:58,794] [INFO] Model initialized on device: cuda:0
[2025-06-10 20:43:02,778] [INFO] Model initialized on device: cuda:0
[2025-06-10 20:43:03,210] [INFO] Model initialized on device: cuda:0
[2025-06-10 20:43:05,495] [INFO] Model initialized on device: cuda:0
[2025-06-10 20:43:08,995] [INFO] Model initialized on device: cuda:0
[2025-06-10 20:43:08,995] [INFO] Model initialized on device: cuda:0
[2025-06-10 20:43:09,289] [INFO] Model initialized on device: cuda:0
[2025-06-10 20:44:08,824] [INFO] [TRAIN] Epoch 2 Loss: 0.9311
[2025-06-10 20:44:39,588] [INFO] Model initialized on device: cuda:0
[2025-06-10 20:44:41,605] [INFO] Model initialized on device: cuda:0
[2025-06-10 20:44:42,185] [INFO] Model initialized on device: cuda:0
[2025-06-10 20:44:42,910] [INFO] Model initialized on device: cuda:0
[2025-06-10 20:44:46,371] [INFO] Model initialized on device: cuda:0
[2025-06-10 20:44:46,602] [INFO] Model initialized on device: cuda:0
[2025-06-10 20:44:49,424] [INFO] Model initialized on device: cuda:0
[2025-06-10 20:44:51,415] [INFO] Model initialized on device: cuda:0
[2025-06-10 20:45:48,933] [INFO] [TRAIN] Epoch 3 Loss: 0.9255
[2025-06-10 20:46:18,286] [INFO] Model initialized on device: cuda:0
[2025-06-10 20:46:19,480] [INFO] Model initialized on device: cuda:0
[2025-06-10 20:46:23,417] [INFO] Model initialized on device: cuda:0
[2025-06-10 20:46:24,034] [INFO] Model initialized on device: cuda:0
[2025-06-10 20:46:24,696] [INFO] Model initialized on device: cuda:0
[2025-06-10 20:46:24,750] [INFO] Model initialized on device: cuda:0
[2025-06-10 20:46:29,493] [INFO] Model initialized on device: cuda:0
[2025-06-10 20:46:32,575] [INFO] Model initialized on device: cuda:0
[2025-06-10 20:47:33,636] [INFO] [TRAIN] Epoch 4 Loss: 0.9195
[2025-06-10 20:48:16,270] [INFO] Model initialized on device: cuda:0
[2025-06-10 20:48:16,611] [INFO] Model initialized on device: cuda:0
[2025-06-10 20:48:16,886] [INFO] Model initialized on device: cuda:0
[2025-06-10 20:48:16,892] [INFO] Model initialized on device: cuda:0
[2025-06-10 20:48:16,897] [INFO] Model initialized on device: cuda:0
[2025-06-10 20:48:16,977] [INFO] Model initialized on device: cuda:0
[2025-06-10 20:48:17,074] [INFO] Model initialized on device: cuda:0
[2025-06-10 20:48:17,076] [INFO] Model initialized on device: cuda:0
[2025-06-10 20:49:13,701] [INFO] [TRAIN] Epoch 5 Loss: 0.9123
[2025-06-10 20:49:13,702] [INFO] [FIT] Local training finished. Avg Loss: 0.9248
[2025-06-10 20:49:45,754] [INFO] Model initialized on device: cuda:0
[2025-06-10 20:49:45,779] [INFO] Model initialized on device: cuda:0
[2025-06-10 20:49:46,070] [INFO] Model initialized on device: cuda:0
[2025-06-10 20:49:46,274] [INFO] Model initialized on device: cuda:0
[2025-06-10 20:49:46,419] [INFO] Model initialized on device: cuda:0
[2025-06-10 20:49:46,425] [INFO] Model initialized on device: cuda:0
[2025-06-10 20:49:46,488] [INFO] Model initialized on device: cuda:0
[2025-06-10 20:49:46,489] [INFO] Model initialized on device: cuda:0
[2025-06-10 20:49:50,242] [DEBUG] [TEST] Batch 1 | Pred shape: torch.Size([256, 256, 160]) | Label shape: torch.Size([256, 256, 160])
[2025-06-10 20:49:50,301] [DEBUG] [TEST] Batch 2 | Pred shape: torch.Size([256, 256, 160]) | Label shape: torch.Size([256, 256, 160])
[2025-06-10 20:49:50,599] [DEBUG] [TEST] Batch 3 | Pred shape: torch.Size([256, 256, 160]) | Label shape: torch.Size([256, 256, 160])
[2025-06-10 20:49:50,706] [DEBUG] [TEST] Batch 4 | Pred shape: torch.Size([256, 256, 160]) | Label shape: torch.Size([256, 256, 160])
[2025-06-10 20:49:50,872] [DEBUG] [TEST] Batch 5 | Pred shape: torch.Size([256, 256, 160]) | Label shape: torch.Size([256, 256, 160])
[2025-06-10 20:49:51,049] [DEBUG] [TEST] Batch 6 | Pred shape: torch.Size([256, 256, 160]) | Label shape: torch.Size([256, 256, 160])
[2025-06-10 20:49:51,220] [DEBUG] [TEST] Batch 7 | Pred shape: torch.Size([256, 256, 160]) | Label shape: torch.Size([256, 256, 160])
[2025-06-10 20:49:51,393] [DEBUG] [TEST] Batch 8 | Pred shape: torch.Size([256, 256, 160]) | Label shape: torch.Size([256, 256, 160])
[2025-06-10 20:49:52,330] [DEBUG] [TEST] Batch 9 | Pred shape: torch.Size([256, 256, 160]) | Label shape: torch.Size([256, 256, 160])
[2025-06-10 20:49:52,389] [DEBUG] [TEST] Batch 10 | Pred shape: torch.Size([256, 256, 160]) | Label shape: torch.Size([256, 256, 160])
[2025-06-10 20:49:56,722] [INFO] [FIT] Final model saved to: Run_UNET_IID60%_fedWSOcompC64_20250610/Client1/model_final.pth
[2025-06-10 20:50:58,074] [INFO] [EVALUATE] Starting evaluation...
[2025-06-10 20:51:03,381] [INFO] [DEBUG] Loaded compressed decoded weights.
[2025-06-10 20:51:52,974] [INFO] Model initialized on device: cuda:0
[2025-06-10 20:51:53,580] [INFO] Model initialized on device: cuda:0
[2025-06-10 20:51:53,597] [INFO] Model initialized on device: cuda:0
[2025-06-10 20:51:53,601] [INFO] Model initialized on device: cuda:0
[2025-06-10 20:51:53,676] [INFO] Model initialized on device: cuda:0
[2025-06-10 20:51:53,683] [INFO] Model initialized on device: cuda:0
[2025-06-10 20:51:53,795] [INFO] Model initialized on device: cuda:0
[2025-06-10 20:51:53,888] [INFO] Model initialized on device: cuda:0
[2025-06-10 20:51:59,033] [DEBUG] [TEST] Batch 1 | Pred shape: torch.Size([256, 256, 160]) | Label shape: torch.Size([256, 256, 160])
[2025-06-10 20:51:59,151] [DEBUG] [TEST] Batch 2 | Pred shape: torch.Size([256, 256, 160]) | Label shape: torch.Size([256, 256, 160])
[2025-06-10 20:51:59,268] [DEBUG] [TEST] Batch 3 | Pred shape: torch.Size([256, 256, 160]) | Label shape: torch.Size([256, 256, 160])
[2025-06-10 20:51:59,423] [DEBUG] [TEST] Batch 4 | Pred shape: torch.Size([256, 256, 160]) | Label shape: torch.Size([256, 256, 160])
[2025-06-10 20:51:59,648] [DEBUG] [TEST] Batch 5 | Pred shape: torch.Size([256, 256, 160]) | Label shape: torch.Size([256, 256, 160])
[2025-06-10 20:51:59,887] [DEBUG] [TEST] Batch 6 | Pred shape: torch.Size([256, 256, 160]) | Label shape: torch.Size([256, 256, 160])
[2025-06-10 20:52:00,130] [DEBUG] [TEST] Batch 7 | Pred shape: torch.Size([256, 256, 160]) | Label shape: torch.Size([256, 256, 160])
[2025-06-10 20:52:00,369] [DEBUG] [TEST] Batch 8 | Pred shape: torch.Size([256, 256, 160]) | Label shape: torch.Size([256, 256, 160])
[2025-06-10 20:52:01,048] [DEBUG] [TEST] Batch 9 | Pred shape: torch.Size([256, 256, 160]) | Label shape: torch.Size([256, 256, 160])
[2025-06-10 20:52:01,164] [DEBUG] [TEST] Batch 10 | Pred shape: torch.Size([256, 256, 160]) | Label shape: torch.Size([256, 256, 160])
[2025-06-10 20:52:06,728] [INFO] [EVALUATE] Dice WT: 0.6162
[2025-06-10 20:52:09,741] [INFO] [FIT] Received parameters. Starting local training...
[2025-06-10 20:52:12,686] [INFO] [DEBUG] Loaded compressed decoded weights.
[2025-06-10 20:53:04,725] [INFO] Model initialized on device: cuda:0
[2025-06-10 20:53:04,843] [INFO] Model initialized on device: cuda:0
[2025-06-10 20:53:05,415] [INFO] Model initialized on device: cuda:0
[2025-06-10 20:53:05,609] [INFO] Model initialized on device: cuda:0
[2025-06-10 20:53:05,883] [INFO] Model initialized on device: cuda:0
[2025-06-10 20:53:05,887] [INFO] Model initialized on device: cuda:0
[2025-06-10 20:53:06,007] [INFO] Model initialized on device: cuda:0
[2025-06-10 20:53:06,018] [INFO] Model initialized on device: cuda:0
[2025-06-10 20:54:12,477] [INFO] [TRAIN] Epoch 1 Loss: 0.9205
[2025-06-10 20:54:56,878] [INFO] Model initialized on device: cuda:0
[2025-06-10 20:55:00,574] [INFO] Model initialized on device: cuda:0
[2025-06-10 20:55:00,596] [INFO] Model initialized on device: cuda:0
[2025-06-10 20:55:00,798] [INFO] Model initialized on device: cuda:0
[2025-06-10 20:55:00,909] [INFO] Model initialized on device: cuda:0
[2025-06-10 20:55:00,974] [INFO] Model initialized on device: cuda:0
[2025-06-10 20:55:00,991] [INFO] Model initialized on device: cuda:0
[2025-06-10 20:55:00,994] [INFO] Model initialized on device: cuda:0
[2025-06-10 20:56:04,919] [INFO] [TRAIN] Epoch 2 Loss: 0.9142
[2025-06-10 20:56:42,216] [INFO] Model initialized on device: cuda:0
[2025-06-10 20:56:44,027] [INFO] Model initialized on device: cuda:0
[2025-06-10 20:56:44,194] [INFO] Model initialized on device: cuda:0
[2025-06-10 20:56:45,476] [INFO] Model initialized on device: cuda:0
[2025-06-10 20:56:47,497] [INFO] Model initialized on device: cuda:0
[2025-06-10 20:56:47,585] [INFO] Model initialized on device: cuda:0
[2025-06-10 20:56:47,689] [INFO] Model initialized on device: cuda:0
[2025-06-10 20:56:47,694] [INFO] Model initialized on device: cuda:0
[2025-06-10 20:57:49,778] [INFO] [TRAIN] Epoch 3 Loss: 0.9063
[2025-06-10 20:58:20,208] [INFO] Model initialized on device: cuda:0
[2025-06-10 20:58:20,715] [INFO] Model initialized on device: cuda:0
[2025-06-10 20:58:27,076] [INFO] Model initialized on device: cuda:0
[2025-06-10 20:58:27,193] [INFO] Model initialized on device: cuda:0
[2025-06-10 20:58:27,279] [INFO] Model initialized on device: cuda:0
[2025-06-10 20:58:30,685] [INFO] Model initialized on device: cuda:0
[2025-06-10 20:58:30,706] [INFO] Model initialized on device: cuda:0
[2025-06-10 20:58:30,802] [INFO] Model initialized on device: cuda:0
[2025-06-10 20:59:32,051] [INFO] [TRAIN] Epoch 4 Loss: 0.8988
[2025-06-10 21:00:02,887] [INFO] Model initialized on device: cuda:0
[2025-06-10 21:00:03,380] [INFO] Model initialized on device: cuda:0
[2025-06-10 21:00:03,413] [INFO] Model initialized on device: cuda:0
[2025-06-10 21:00:08,271] [INFO] Model initialized on device: cuda:0
[2025-06-10 21:00:09,102] [INFO] Model initialized on device: cuda:0
[2025-06-10 21:00:11,882] [INFO] Model initialized on device: cuda:0
[2025-06-10 21:00:11,883] [INFO] Model initialized on device: cuda:0
[2025-06-10 21:00:12,275] [INFO] Model initialized on device: cuda:0
[2025-06-10 21:01:11,524] [INFO] [TRAIN] Epoch 5 Loss: 0.8896
[2025-06-10 21:01:11,526] [INFO] [FIT] Local training finished. Avg Loss: 0.9059
[2025-06-10 21:01:46,280] [INFO] Model initialized on device: cuda:0
[2025-06-10 21:01:46,680] [INFO] Model initialized on device: cuda:0
[2025-06-10 21:01:46,984] [INFO] Model initialized on device: cuda:0
[2025-06-10 21:01:47,386] [INFO] Model initialized on device: cuda:0
[2025-06-10 21:01:47,398] [INFO] Model initialized on device: cuda:0
[2025-06-10 21:01:47,404] [INFO] Model initialized on device: cuda:0
[2025-06-10 21:01:47,671] [INFO] Model initialized on device: cuda:0
[2025-06-10 21:01:47,707] [INFO] Model initialized on device: cuda:0
[2025-06-10 21:01:49,678] [DEBUG] [TEST] Batch 1 | Pred shape: torch.Size([256, 256, 160]) | Label shape: torch.Size([256, 256, 160])
[2025-06-10 21:01:50,155] [DEBUG] [TEST] Batch 2 | Pred shape: torch.Size([256, 256, 160]) | Label shape: torch.Size([256, 256, 160])
[2025-06-10 21:01:50,717] [DEBUG] [TEST] Batch 3 | Pred shape: torch.Size([256, 256, 160]) | Label shape: torch.Size([256, 256, 160])
[2025-06-10 21:01:51,275] [DEBUG] [TEST] Batch 4 | Pred shape: torch.Size([256, 256, 160]) | Label shape: torch.Size([256, 256, 160])
[2025-06-10 21:01:51,377] [DEBUG] [TEST] Batch 5 | Pred shape: torch.Size([256, 256, 160]) | Label shape: torch.Size([256, 256, 160])
[2025-06-10 21:01:51,472] [DEBUG] [TEST] Batch 6 | Pred shape: torch.Size([256, 256, 160]) | Label shape: torch.Size([256, 256, 160])
[2025-06-10 21:01:51,577] [DEBUG] [TEST] Batch 7 | Pred shape: torch.Size([256, 256, 160]) | Label shape: torch.Size([256, 256, 160])
[2025-06-10 21:01:51,635] [DEBUG] [TEST] Batch 8 | Pred shape: torch.Size([256, 256, 160]) | Label shape: torch.Size([256, 256, 160])
[2025-06-10 21:01:52,377] [DEBUG] [TEST] Batch 9 | Pred shape: torch.Size([256, 256, 160]) | Label shape: torch.Size([256, 256, 160])
[2025-06-10 21:01:52,785] [DEBUG] [TEST] Batch 10 | Pred shape: torch.Size([256, 256, 160]) | Label shape: torch.Size([256, 256, 160])
[2025-06-10 21:01:55,610] [INFO] [FIT] Final model saved to: Run_UNET_IID60%_fedWSOcompC64_20250610/Client1/model_final.pth
[2025-06-10 21:02:59,981] [INFO] [EVALUATE] Starting evaluation...
[2025-06-10 21:03:03,883] [INFO] [DEBUG] Loaded compressed decoded weights.
[2025-06-10 21:03:52,905] [INFO] Model initialized on device: cuda:0
[2025-06-10 21:03:53,257] [INFO] Model initialized on device: cuda:0
[2025-06-10 21:03:53,481] [INFO] Model initialized on device: cuda:0
[2025-06-10 21:03:53,785] [INFO] Model initialized on device: cuda:0
[2025-06-10 21:03:53,821] [INFO] Model initialized on device: cuda:0
[2025-06-10 21:03:53,822] [INFO] Model initialized on device: cuda:0
[2025-06-10 21:03:53,995] [INFO] Model initialized on device: cuda:0
[2025-06-10 21:03:54,170] [INFO] Model initialized on device: cuda:0
[2025-06-10 21:03:59,372] [DEBUG] [TEST] Batch 1 | Pred shape: torch.Size([256, 256, 160]) | Label shape: torch.Size([256, 256, 160])
[2025-06-10 21:03:59,620] [DEBUG] [TEST] Batch 2 | Pred shape: torch.Size([256, 256, 160]) | Label shape: torch.Size([256, 256, 160])
[2025-06-10 21:03:59,805] [DEBUG] [TEST] Batch 3 | Pred shape: torch.Size([256, 256, 160]) | Label shape: torch.Size([256, 256, 160])
[2025-06-10 21:04:00,038] [DEBUG] [TEST] Batch 4 | Pred shape: torch.Size([256, 256, 160]) | Label shape: torch.Size([256, 256, 160])
[2025-06-10 21:04:00,271] [DEBUG] [TEST] Batch 5 | Pred shape: torch.Size([256, 256, 160]) | Label shape: torch.Size([256, 256, 160])
[2025-06-10 21:04:00,514] [DEBUG] [TEST] Batch 6 | Pred shape: torch.Size([256, 256, 160]) | Label shape: torch.Size([256, 256, 160])
[2025-06-10 21:04:00,748] [DEBUG] [TEST] Batch 7 | Pred shape: torch.Size([256, 256, 160]) | Label shape: torch.Size([256, 256, 160])
[2025-06-10 21:04:00,868] [DEBUG] [TEST] Batch 8 | Pred shape: torch.Size([256, 256, 160]) | Label shape: torch.Size([256, 256, 160])
[2025-06-10 21:04:01,388] [DEBUG] [TEST] Batch 9 | Pred shape: torch.Size([256, 256, 160]) | Label shape: torch.Size([256, 256, 160])
[2025-06-10 21:04:01,599] [DEBUG] [TEST] Batch 10 | Pred shape: torch.Size([256, 256, 160]) | Label shape: torch.Size([256, 256, 160])
[2025-06-10 21:04:07,209] [INFO] [EVALUATE] Dice WT: 0.6977
[2025-06-10 21:04:09,224] [INFO] [FIT] Received parameters. Starting local training...
[2025-06-10 21:04:11,178] [INFO] [DEBUG] Loaded compressed decoded weights.
[2025-06-10 21:05:02,945] [INFO] Model initialized on device: cuda:0
[2025-06-10 21:05:03,137] [INFO] Model initialized on device: cuda:0
[2025-06-10 21:05:03,151] [INFO] Model initialized on device: cuda:0
[2025-06-10 21:05:03,182] [INFO] Model initialized on device: cuda:0
[2025-06-10 21:05:04,105] [INFO] Model initialized on device: cuda:0
[2025-06-10 21:05:04,107] [INFO] Model initialized on device: cuda:0
[2025-06-10 21:05:04,171] [INFO] Model initialized on device: cuda:0
[2025-06-10 21:05:04,179] [INFO] Model initialized on device: cuda:0
[2025-06-10 21:06:13,007] [INFO] [TRAIN] Epoch 1 Loss: 0.9024
[2025-06-10 21:07:00,619] [INFO] Model initialized on device: cuda:0
[2025-06-10 21:07:00,897] [INFO] Model initialized on device: cuda:0
[2025-06-10 21:07:00,994] [INFO] Model initialized on device: cuda:0
[2025-06-10 21:07:01,081] [INFO] Model initialized on device: cuda:0
[2025-06-10 21:07:01,085] [INFO] Model initialized on device: cuda:0
[2025-06-10 21:07:01,097] [INFO] Model initialized on device: cuda:0
[2025-06-10 21:07:01,102] [INFO] Model initialized on device: cuda:0
[2025-06-10 21:07:01,102] [INFO] Model initialized on device: cuda:0
[2025-06-10 21:08:02,905] [INFO] [TRAIN] Epoch 2 Loss: 0.8943
[2025-06-10 21:08:42,110] [INFO] Model initialized on device: cuda:0
[2025-06-10 21:08:44,979] [INFO] Model initialized on device: cuda:0
[2025-06-10 21:08:45,277] [INFO] Model initialized on device: cuda:0
[2025-06-10 21:08:45,292] [INFO] Model initialized on device: cuda:0
[2025-06-10 21:08:45,480] [INFO] Model initialized on device: cuda:0
[2025-06-10 21:08:45,588] [INFO] Model initialized on device: cuda:0
[2025-06-10 21:08:45,593] [INFO] Model initialized on device: cuda:0
[2025-06-10 21:08:45,595] [INFO] Model initialized on device: cuda:0
[2025-06-10 21:09:45,841] [INFO] [TRAIN] Epoch 3 Loss: 0.8841
[2025-06-10 21:10:14,587] [INFO] Model initialized on device: cuda:0
[2025-06-10 21:10:16,317] [INFO] Model initialized on device: cuda:0
[2025-06-10 21:10:16,813] [INFO] Model initialized on device: cuda:0
[2025-06-10 21:10:18,399] [INFO] Model initialized on device: cuda:0
[2025-06-10 21:10:19,671] [INFO] Model initialized on device: cuda:0
[2025-06-10 21:10:24,527] [INFO] Model initialized on device: cuda:0
[2025-06-10 21:10:24,706] [INFO] Model initialized on device: cuda:0
[2025-06-10 21:10:24,879] [INFO] Model initialized on device: cuda:0
[2025-06-10 21:11:24,110] [INFO] [TRAIN] Epoch 4 Loss: 0.8736
[2025-06-10 21:11:51,774] [INFO] Model initialized on device: cuda:0
[2025-06-10 21:11:53,683] [INFO] Model initialized on device: cuda:0
[2025-06-10 21:11:56,704] [INFO] Model initialized on device: cuda:0
[2025-06-10 21:11:57,778] [INFO] Model initialized on device: cuda:0
[2025-06-10 21:12:00,706] [INFO] Model initialized on device: cuda:0
[2025-06-10 21:12:02,313] [INFO] Model initialized on device: cuda:0
[2025-06-10 21:12:02,482] [INFO] Model initialized on device: cuda:0
[2025-06-10 21:12:02,496] [INFO] Model initialized on device: cuda:0
[2025-06-10 21:12:55,231] [INFO] [TRAIN] Epoch 5 Loss: 0.8624
[2025-06-10 21:12:55,232] [INFO] [FIT] Local training finished. Avg Loss: 0.8834
[2025-06-10 21:13:17,776] [INFO] Model initialized on device: cuda:0
[2025-06-10 21:13:17,844] [INFO] Model initialized on device: cuda:0
[2025-06-10 21:13:17,996] [INFO] Model initialized on device: cuda:0
[2025-06-10 21:13:18,154] [INFO] Model initialized on device: cuda:0
[2025-06-10 21:13:18,155] [INFO] Model initialized on device: cuda:0
[2025-06-10 21:13:18,472] [INFO] Model initialized on device: cuda:0
[2025-06-10 21:13:18,999] [INFO] Model initialized on device: cuda:0
[2025-06-10 21:13:19,000] [INFO] Model initialized on device: cuda:0
[2025-06-10 21:13:20,935] [DEBUG] [TEST] Batch 1 | Pred shape: torch.Size([256, 256, 160]) | Label shape: torch.Size([256, 256, 160])
[2025-06-10 21:13:22,072] [DEBUG] [TEST] Batch 2 | Pred shape: torch.Size([256, 256, 160]) | Label shape: torch.Size([256, 256, 160])
[2025-06-10 21:13:22,186] [DEBUG] [TEST] Batch 3 | Pred shape: torch.Size([256, 256, 160]) | Label shape: torch.Size([256, 256, 160])
[2025-06-10 21:13:22,304] [DEBUG] [TEST] Batch 4 | Pred shape: torch.Size([256, 256, 160]) | Label shape: torch.Size([256, 256, 160])
[2025-06-10 21:13:22,428] [DEBUG] [TEST] Batch 5 | Pred shape: torch.Size([256, 256, 160]) | Label shape: torch.Size([256, 256, 160])
[2025-06-10 21:13:22,551] [DEBUG] [TEST] Batch 6 | Pred shape: torch.Size([256, 256, 160]) | Label shape: torch.Size([256, 256, 160])
[2025-06-10 21:13:22,608] [DEBUG] [TEST] Batch 7 | Pred shape: torch.Size([256, 256, 160]) | Label shape: torch.Size([256, 256, 160])
[2025-06-10 21:13:22,664] [DEBUG] [TEST] Batch 8 | Pred shape: torch.Size([256, 256, 160]) | Label shape: torch.Size([256, 256, 160])
[2025-06-10 21:13:23,306] [DEBUG] [TEST] Batch 9 | Pred shape: torch.Size([256, 256, 160]) | Label shape: torch.Size([256, 256, 160])
[2025-06-10 21:13:24,458] [DEBUG] [TEST] Batch 10 | Pred shape: torch.Size([256, 256, 160]) | Label shape: torch.Size([256, 256, 160])
[2025-06-10 21:13:27,026] [INFO] [FIT] Final model saved to: Run_UNET_IID60%_fedWSOcompC64_20250610/Client1/model_final.pth
[2025-06-10 21:14:29,810] [INFO] [EVALUATE] Starting evaluation...
[2025-06-10 21:14:33,975] [INFO] [DEBUG] Loaded compressed decoded weights.
[2025-06-10 21:15:20,654] [INFO] Model initialized on device: cuda:0
[2025-06-10 21:15:22,712] [INFO] Model initialized on device: cuda:0
[2025-06-10 21:15:22,994] [INFO] Model initialized on device: cuda:0
[2025-06-10 21:15:23,376] [INFO] Model initialized on device: cuda:0
[2025-06-10 21:15:23,582] [INFO] Model initialized on device: cuda:0
[2025-06-10 21:15:23,589] [INFO] Model initialized on device: cuda:0
[2025-06-10 21:15:23,707] [INFO] Model initialized on device: cuda:0
[2025-06-10 21:15:23,709] [INFO] Model initialized on device: cuda:0
[2025-06-10 21:15:27,280] [DEBUG] [TEST] Batch 1 | Pred shape: torch.Size([256, 256, 160]) | Label shape: torch.Size([256, 256, 160])
[2025-06-10 21:15:28,321] [DEBUG] [TEST] Batch 2 | Pred shape: torch.Size([256, 256, 160]) | Label shape: torch.Size([256, 256, 160])
[2025-06-10 21:15:28,980] [DEBUG] [TEST] Batch 3 | Pred shape: torch.Size([256, 256, 160]) | Label shape: torch.Size([256, 256, 160])
[2025-06-10 21:15:29,207] [DEBUG] [TEST] Batch 4 | Pred shape: torch.Size([256, 256, 160]) | Label shape: torch.Size([256, 256, 160])
[2025-06-10 21:15:29,437] [DEBUG] [TEST] Batch 5 | Pred shape: torch.Size([256, 256, 160]) | Label shape: torch.Size([256, 256, 160])
[2025-06-10 21:15:29,662] [DEBUG] [TEST] Batch 6 | Pred shape: torch.Size([256, 256, 160]) | Label shape: torch.Size([256, 256, 160])
[2025-06-10 21:15:29,891] [DEBUG] [TEST] Batch 7 | Pred shape: torch.Size([256, 256, 160]) | Label shape: torch.Size([256, 256, 160])
[2025-06-10 21:15:30,110] [DEBUG] [TEST] Batch 8 | Pred shape: torch.Size([256, 256, 160]) | Label shape: torch.Size([256, 256, 160])
[2025-06-10 21:15:30,289] [DEBUG] [TEST] Batch 9 | Pred shape: torch.Size([256, 256, 160]) | Label shape: torch.Size([256, 256, 160])
[2025-06-10 21:15:30,950] [DEBUG] [TEST] Batch 10 | Pred shape: torch.Size([256, 256, 160]) | Label shape: torch.Size([256, 256, 160])
[2025-06-10 21:15:36,993] [INFO] [EVALUATE] Dice WT: 0.7122
[2025-06-10 21:15:40,516] [INFO] [FIT] Received parameters. Starting local training...
[2025-06-10 21:15:44,980] [INFO] [DEBUG] Loaded compressed decoded weights.
[2025-06-10 21:16:36,699] [INFO] Model initialized on device: cuda:0
[2025-06-10 21:16:36,783] [INFO] Model initialized on device: cuda:0
[2025-06-10 21:16:36,788] [INFO] Model initialized on device: cuda:0
[2025-06-10 21:16:36,915] [INFO] Model initialized on device: cuda:0
[2025-06-10 21:16:36,971] [INFO] Model initialized on device: cuda:0
[2025-06-10 21:16:36,980] [INFO] Model initialized on device: cuda:0
[2025-06-10 21:16:36,982] [INFO] Model initialized on device: cuda:0
[2025-06-10 21:16:36,982] [INFO] Model initialized on device: cuda:0
[2025-06-10 21:17:43,716] [INFO] [TRAIN] Epoch 1 Loss: 0.8775
[2025-06-10 21:18:30,988] [INFO] Model initialized on device: cuda:0
[2025-06-10 21:18:30,990] [INFO] Model initialized on device: cuda:0
[2025-06-10 21:18:31,079] [INFO] Model initialized on device: cuda:0
[2025-06-10 21:18:32,372] [INFO] Model initialized on device: cuda:0
[2025-06-10 21:18:32,475] [INFO] Model initialized on device: cuda:0
[2025-06-10 21:18:32,599] [INFO] Model initialized on device: cuda:0
[2025-06-10 21:18:32,604] [INFO] Model initialized on device: cuda:0
[2025-06-10 21:18:32,605] [INFO] Model initialized on device: cuda:0
[2025-06-10 21:19:36,870] [INFO] [TRAIN] Epoch 2 Loss: 0.8675
[2025-06-10 21:20:11,488] [INFO] Model initialized on device: cuda:0
[2025-06-10 21:20:15,972] [INFO] Model initialized on device: cuda:0
[2025-06-10 21:20:15,986] [INFO] Model initialized on device: cuda:0
[2025-06-10 21:20:16,007] [INFO] Model initialized on device: cuda:0
[2025-06-10 21:20:16,097] [INFO] Model initialized on device: cuda:0
[2025-06-10 21:20:16,104] [INFO] Model initialized on device: cuda:0
[2025-06-10 21:20:16,105] [INFO] Model initialized on device: cuda:0
[2025-06-10 21:20:16,106] [INFO] Model initialized on device: cuda:0
[2025-06-10 21:21:17,328] [INFO] [TRAIN] Epoch 3 Loss: 0.8571
[2025-06-10 21:21:47,010] [INFO] Model initialized on device: cuda:0
[2025-06-10 21:21:52,179] [INFO] Model initialized on device: cuda:0
[2025-06-10 21:21:52,382] [INFO] Model initialized on device: cuda:0
[2025-06-10 21:21:52,580] [INFO] Model initialized on device: cuda:0
[2025-06-10 21:21:52,594] [INFO] Model initialized on device: cuda:0
[2025-06-10 21:21:52,681] [INFO] Model initialized on device: cuda:0
[2025-06-10 21:21:52,777] [INFO] Model initialized on device: cuda:0
[2025-06-10 21:21:52,780] [INFO] Model initialized on device: cuda:0
[2025-06-10 21:22:54,903] [INFO] [TRAIN] Epoch 4 Loss: 0.8439
[2025-06-10 21:23:23,893] [INFO] Model initialized on device: cuda:0
[2025-06-10 21:23:24,975] [INFO] Model initialized on device: cuda:0
[2025-06-10 21:23:28,792] [INFO] Model initialized on device: cuda:0
[2025-06-10 21:23:29,110] [INFO] Model initialized on device: cuda:0
[2025-06-10 21:23:29,801] [INFO] Model initialized on device: cuda:0
[2025-06-10 21:23:29,976] [INFO] Model initialized on device: cuda:0
[2025-06-10 21:23:29,986] [INFO] Model initialized on device: cuda:0
[2025-06-10 21:23:29,992] [INFO] Model initialized on device: cuda:0
[2025-06-10 21:24:26,444] [INFO] [TRAIN] Epoch 5 Loss: 0.8280
[2025-06-10 21:24:26,445] [INFO] [FIT] Local training finished. Avg Loss: 0.8548
[2025-06-10 21:24:52,043] [INFO] Model initialized on device: cuda:0
[2025-06-10 21:24:52,528] [INFO] Model initialized on device: cuda:0
[2025-06-10 21:24:52,579] [INFO] Model initialized on device: cuda:0
[2025-06-10 21:24:52,677] [INFO] Model initialized on device: cuda:0
[2025-06-10 21:24:52,693] [INFO] Model initialized on device: cuda:0
[2025-06-10 21:24:52,760] [INFO] Model initialized on device: cuda:0
[2025-06-10 21:24:52,763] [INFO] Model initialized on device: cuda:0
[2025-06-10 21:24:52,765] [INFO] Model initialized on device: cuda:0
[2025-06-10 21:24:56,283] [DEBUG] [TEST] Batch 1 | Pred shape: torch.Size([256, 256, 160]) | Label shape: torch.Size([256, 256, 160])
[2025-06-10 21:24:56,341] [DEBUG] [TEST] Batch 2 | Pred shape: torch.Size([256, 256, 160]) | Label shape: torch.Size([256, 256, 160])
[2025-06-10 21:24:56,402] [DEBUG] [TEST] Batch 3 | Pred shape: torch.Size([256, 256, 160]) | Label shape: torch.Size([256, 256, 160])
[2025-06-10 21:24:56,460] [DEBUG] [TEST] Batch 4 | Pred shape: torch.Size([256, 256, 160]) | Label shape: torch.Size([256, 256, 160])
[2025-06-10 21:24:56,521] [DEBUG] [TEST] Batch 5 | Pred shape: torch.Size([256, 256, 160]) | Label shape: torch.Size([256, 256, 160])
[2025-06-10 21:24:56,577] [DEBUG] [TEST] Batch 6 | Pred shape: torch.Size([256, 256, 160]) | Label shape: torch.Size([256, 256, 160])
[2025-06-10 21:24:56,635] [DEBUG] [TEST] Batch 7 | Pred shape: torch.Size([256, 256, 160]) | Label shape: torch.Size([256, 256, 160])
[2025-06-10 21:24:56,691] [DEBUG] [TEST] Batch 8 | Pred shape: torch.Size([256, 256, 160]) | Label shape: torch.Size([256, 256, 160])
[2025-06-10 21:24:58,203] [DEBUG] [TEST] Batch 9 | Pred shape: torch.Size([256, 256, 160]) | Label shape: torch.Size([256, 256, 160])
[2025-06-10 21:24:58,258] [DEBUG] [TEST] Batch 10 | Pred shape: torch.Size([256, 256, 160]) | Label shape: torch.Size([256, 256, 160])
[2025-06-10 21:25:00,587] [INFO] [FIT] Final model saved to: Run_UNET_IID60%_fedWSOcompC64_20250610/Client1/model_final.pth
[2025-06-10 21:26:02,566] [INFO] [EVALUATE] Starting evaluation...
[2025-06-10 21:26:06,872] [INFO] [DEBUG] Loaded compressed decoded weights.
[2025-06-10 21:26:53,035] [INFO] Model initialized on device: cuda:0
[2025-06-10 21:26:54,246] [INFO] Model initialized on device: cuda:0
[2025-06-10 21:26:54,532] [INFO] Model initialized on device: cuda:0
[2025-06-10 21:26:54,581] [INFO] Model initialized on device: cuda:0
[2025-06-10 21:26:54,615] [INFO] Model initialized on device: cuda:0
[2025-06-10 21:26:54,616] [INFO] Model initialized on device: cuda:0
[2025-06-10 21:26:54,617] [INFO] Model initialized on device: cuda:0
[2025-06-10 21:26:54,619] [INFO] Model initialized on device: cuda:0
[2025-06-10 21:26:57,678] [DEBUG] [TEST] Batch 1 | Pred shape: torch.Size([256, 256, 160]) | Label shape: torch.Size([256, 256, 160])
[2025-06-10 21:26:58,984] [DEBUG] [TEST] Batch 2 | Pred shape: torch.Size([256, 256, 160]) | Label shape: torch.Size([256, 256, 160])
[2025-06-10 21:26:59,040] [DEBUG] [TEST] Batch 3 | Pred shape: torch.Size([256, 256, 160]) | Label shape: torch.Size([256, 256, 160])
[2025-06-10 21:26:59,204] [DEBUG] [TEST] Batch 4 | Pred shape: torch.Size([256, 256, 160]) | Label shape: torch.Size([256, 256, 160])
[2025-06-10 21:26:59,312] [DEBUG] [TEST] Batch 5 | Pred shape: torch.Size([256, 256, 160]) | Label shape: torch.Size([256, 256, 160])
[2025-06-10 21:26:59,432] [DEBUG] [TEST] Batch 6 | Pred shape: torch.Size([256, 256, 160]) | Label shape: torch.Size([256, 256, 160])
[2025-06-10 21:26:59,550] [DEBUG] [TEST] Batch 7 | Pred shape: torch.Size([256, 256, 160]) | Label shape: torch.Size([256, 256, 160])
[2025-06-10 21:26:59,668] [DEBUG] [TEST] Batch 8 | Pred shape: torch.Size([256, 256, 160]) | Label shape: torch.Size([256, 256, 160])
[2025-06-10 21:27:00,328] [DEBUG] [TEST] Batch 9 | Pred shape: torch.Size([256, 256, 160]) | Label shape: torch.Size([256, 256, 160])
[2025-06-10 21:27:00,847] [DEBUG] [TEST] Batch 10 | Pred shape: torch.Size([256, 256, 160]) | Label shape: torch.Size([256, 256, 160])
[2025-06-10 21:27:03,702] [INFO] [EVALUATE] Dice WT: 0.7356
[2025-06-10 21:27:09,397] [INFO] [FIT] Received parameters. Starting local training...
[2025-06-10 21:27:13,085] [INFO] [DEBUG] Loaded compressed decoded weights.
[2025-06-10 21:28:01,098] [INFO] Model initialized on device: cuda:0
[2025-06-10 21:28:01,523] [INFO] Model initialized on device: cuda:0
[2025-06-10 21:28:01,551] [INFO] Model initialized on device: cuda:0
[2025-06-10 21:28:01,927] [INFO] Model initialized on device: cuda:0
[2025-06-10 21:28:02,117] [INFO] Model initialized on device: cuda:0
[2025-06-10 21:28:02,394] [INFO] Model initialized on device: cuda:0
[2025-06-10 21:28:02,482] [INFO] Model initialized on device: cuda:0
[2025-06-10 21:28:02,498] [INFO] Model initialized on device: cuda:0
[2025-06-10 21:29:09,581] [INFO] [TRAIN] Epoch 1 Loss: 0.8482
[2025-06-10 21:30:00,029] [INFO] Model initialized on device: cuda:0
[2025-06-10 21:30:00,279] [INFO] Model initialized on device: cuda:0
[2025-06-10 21:30:00,599] [INFO] Model initialized on device: cuda:0
[2025-06-10 21:30:00,677] [INFO] Model initialized on device: cuda:0
[2025-06-10 21:30:00,880] [INFO] Model initialized on device: cuda:0
[2025-06-10 21:30:00,885] [INFO] Model initialized on device: cuda:0
[2025-06-10 21:30:00,885] [INFO] Model initialized on device: cuda:0
[2025-06-10 21:30:00,886] [INFO] Model initialized on device: cuda:0
[2025-06-10 21:31:08,045] [INFO] [TRAIN] Epoch 2 Loss: 0.8336
[2025-06-10 21:31:48,475] [INFO] Model initialized on device: cuda:0
[2025-06-10 21:31:52,868] [INFO] Model initialized on device: cuda:0
[2025-06-10 21:31:55,177] [INFO] Model initialized on device: cuda:0
[2025-06-10 21:31:55,272] [INFO] Model initialized on device: cuda:0
[2025-06-10 21:31:55,274] [INFO] Model initialized on device: cuda:0
[2025-06-10 21:31:55,587] [INFO] Model initialized on device: cuda:0
[2025-06-10 21:31:55,598] [INFO] Model initialized on device: cuda:0
[2025-06-10 21:31:55,775] [INFO] Model initialized on device: cuda:0
[2025-06-10 21:32:57,623] [INFO] [TRAIN] Epoch 3 Loss: 0.8201
[2025-06-10 21:33:35,078] [INFO] Model initialized on device: cuda:0
[2025-06-10 21:33:37,679] [INFO] Model initialized on device: cuda:0
[2025-06-10 21:33:38,501] [INFO] Model initialized on device: cuda:0
[2025-06-10 21:33:38,517] [INFO] Model initialized on device: cuda:0
[2025-06-10 21:33:38,573] [INFO] Model initialized on device: cuda:0
[2025-06-10 21:33:38,773] [INFO] Model initialized on device: cuda:0
[2025-06-10 21:33:38,911] [INFO] Model initialized on device: cuda:0
[2025-06-10 21:33:38,921] [INFO] Model initialized on device: cuda:0
[2025-06-10 21:34:39,194] [INFO] [TRAIN] Epoch 4 Loss: 0.8036
[2025-06-10 21:35:07,503] [INFO] Model initialized on device: cuda:0
[2025-06-10 21:35:10,279] [INFO] Model initialized on device: cuda:0
[2025-06-10 21:35:11,270] [INFO] Model initialized on device: cuda:0
[2025-06-10 21:35:12,408] [INFO] Model initialized on device: cuda:0
[2025-06-10 21:35:12,702] [INFO] Model initialized on device: cuda:0
[2025-06-10 21:35:12,808] [INFO] Model initialized on device: cuda:0
[2025-06-10 21:35:13,013] [INFO] Model initialized on device: cuda:0
[2025-06-10 21:35:13,013] [INFO] Model initialized on device: cuda:0
[2025-06-10 21:36:13,420] [INFO] [TRAIN] Epoch 5 Loss: 0.7844
[2025-06-10 21:36:13,421] [INFO] [FIT] Local training finished. Avg Loss: 0.8180
[2025-06-10 21:36:38,735] [INFO] Model initialized on device: cuda:0
[2025-06-10 21:36:39,090] [INFO] Model initialized on device: cuda:0
[2025-06-10 21:36:40,002] [INFO] Model initialized on device: cuda:0
[2025-06-10 21:36:40,374] [INFO] Model initialized on device: cuda:0
[2025-06-10 21:36:40,399] [INFO] Model initialized on device: cuda:0
[2025-06-10 21:36:40,425] [INFO] Model initialized on device: cuda:0
[2025-06-10 21:36:40,425] [INFO] Model initialized on device: cuda:0
[2025-06-10 21:36:40,430] [INFO] Model initialized on device: cuda:0
[2025-06-10 21:36:43,626] [DEBUG] [TEST] Batch 1 | Pred shape: torch.Size([256, 256, 160]) | Label shape: torch.Size([256, 256, 160])
[2025-06-10 21:36:44,229] [DEBUG] [TEST] Batch 2 | Pred shape: torch.Size([256, 256, 160]) | Label shape: torch.Size([256, 256, 160])
[2025-06-10 21:36:44,285] [DEBUG] [TEST] Batch 3 | Pred shape: torch.Size([256, 256, 160]) | Label shape: torch.Size([256, 256, 160])
[2025-06-10 21:36:44,340] [DEBUG] [TEST] Batch 4 | Pred shape: torch.Size([256, 256, 160]) | Label shape: torch.Size([256, 256, 160])
[2025-06-10 21:36:44,417] [DEBUG] [TEST] Batch 5 | Pred shape: torch.Size([256, 256, 160]) | Label shape: torch.Size([256, 256, 160])
[2025-06-10 21:36:44,524] [DEBUG] [TEST] Batch 6 | Pred shape: torch.Size([256, 256, 160]) | Label shape: torch.Size([256, 256, 160])
[2025-06-10 21:36:44,583] [DEBUG] [TEST] Batch 7 | Pred shape: torch.Size([256, 256, 160]) | Label shape: torch.Size([256, 256, 160])
[2025-06-10 21:36:44,638] [DEBUG] [TEST] Batch 8 | Pred shape: torch.Size([256, 256, 160]) | Label shape: torch.Size([256, 256, 160])
[2025-06-10 21:36:46,023] [DEBUG] [TEST] Batch 9 | Pred shape: torch.Size([256, 256, 160]) | Label shape: torch.Size([256, 256, 160])
[2025-06-10 21:36:46,575] [DEBUG] [TEST] Batch 10 | Pred shape: torch.Size([256, 256, 160]) | Label shape: torch.Size([256, 256, 160])
[2025-06-10 21:36:49,416] [INFO] [FIT] Final model saved to: Run_UNET_IID60%_fedWSOcompC64_20250610/Client1/model_final.pth
[2025-06-10 21:37:57,276] [INFO] [EVALUATE] Starting evaluation...
[2025-06-10 21:38:00,379] [INFO] [DEBUG] Loaded compressed decoded weights.
[2025-06-10 21:38:47,503] [INFO] Model initialized on device: cuda:0
[2025-06-10 21:38:47,705] [INFO] Model initialized on device: cuda:0
[2025-06-10 21:38:47,885] [INFO] Model initialized on device: cuda:0
[2025-06-10 21:38:48,206] [INFO] Model initialized on device: cuda:0
[2025-06-10 21:38:48,210] [INFO] Model initialized on device: cuda:0
[2025-06-10 21:38:48,218] [INFO] Model initialized on device: cuda:0
[2025-06-10 21:38:48,270] [INFO] Model initialized on device: cuda:0
[2025-06-10 21:38:48,275] [INFO] Model initialized on device: cuda:0
[2025-06-10 21:38:53,610] [DEBUG] [TEST] Batch 1 | Pred shape: torch.Size([256, 256, 160]) | Label shape: torch.Size([256, 256, 160])
[2025-06-10 21:38:53,831] [DEBUG] [TEST] Batch 2 | Pred shape: torch.Size([256, 256, 160]) | Label shape: torch.Size([256, 256, 160])
[2025-06-10 21:38:54,070] [DEBUG] [TEST] Batch 3 | Pred shape: torch.Size([256, 256, 160]) | Label shape: torch.Size([256, 256, 160])
[2025-06-10 21:38:54,258] [DEBUG] [TEST] Batch 4 | Pred shape: torch.Size([256, 256, 160]) | Label shape: torch.Size([256, 256, 160])
[2025-06-10 21:38:54,457] [DEBUG] [TEST] Batch 5 | Pred shape: torch.Size([256, 256, 160]) | Label shape: torch.Size([256, 256, 160])
[2025-06-10 21:38:54,641] [DEBUG] [TEST] Batch 6 | Pred shape: torch.Size([256, 256, 160]) | Label shape: torch.Size([256, 256, 160])
[2025-06-10 21:38:54,864] [DEBUG] [TEST] Batch 7 | Pred shape: torch.Size([256, 256, 160]) | Label shape: torch.Size([256, 256, 160])
[2025-06-10 21:38:54,983] [DEBUG] [TEST] Batch 8 | Pred shape: torch.Size([256, 256, 160]) | Label shape: torch.Size([256, 256, 160])
[2025-06-10 21:38:55,700] [DEBUG] [TEST] Batch 9 | Pred shape: torch.Size([256, 256, 160]) | Label shape: torch.Size([256, 256, 160])
[2025-06-10 21:38:55,756] [DEBUG] [TEST] Batch 10 | Pred shape: torch.Size([256, 256, 160]) | Label shape: torch.Size([256, 256, 160])
[2025-06-10 21:39:00,431] [INFO] [EVALUATE] Dice WT: 0.7506
[2025-06-10 21:39:03,875] [INFO] [FIT] Received parameters. Starting local training...
[2025-06-10 21:39:05,883] [INFO] [DEBUG] Loaded compressed decoded weights.
[2025-06-10 21:39:57,365] [INFO] Model initialized on device: cuda:0
[2025-06-10 21:39:57,567] [INFO] Model initialized on device: cuda:0
[2025-06-10 21:39:58,506] [INFO] Model initialized on device: cuda:0
[2025-06-10 21:39:58,507] [INFO] Model initialized on device: cuda:0
[2025-06-10 21:39:58,573] [INFO] Model initialized on device: cuda:0
[2025-06-10 21:39:58,703] [INFO] Model initialized on device: cuda:0
[2025-06-10 21:39:58,714] [INFO] Model initialized on device: cuda:0
[2025-06-10 21:39:58,880] [INFO] Model initialized on device: cuda:0
[2025-06-10 21:41:09,882] [INFO] [TRAIN] Epoch 1 Loss: 0.8125
[2025-06-10 21:42:00,870] [INFO] Model initialized on device: cuda:0
[2025-06-10 21:42:01,005] [INFO] Model initialized on device: cuda:0
[2025-06-10 21:42:01,279] [INFO] Model initialized on device: cuda:0
[2025-06-10 21:42:01,279] [INFO] Model initialized on device: cuda:0
[2025-06-10 21:42:01,281] [INFO] Model initialized on device: cuda:0
[2025-06-10 21:42:01,674] [INFO] Model initialized on device: cuda:0
[2025-06-10 21:42:01,696] [INFO] Model initialized on device: cuda:0
[2025-06-10 21:42:01,770] [INFO] Model initialized on device: cuda:0
[2025-06-10 21:43:09,831] [INFO] [TRAIN] Epoch 2 Loss: 0.7976
[2025-06-10 21:43:57,773] [INFO] Model initialized on device: cuda:0
[2025-06-10 21:43:57,878] [INFO] Model initialized on device: cuda:0
[2025-06-10 21:43:57,970] [INFO] Model initialized on device: cuda:0
[2025-06-10 21:43:57,978] [INFO] Model initialized on device: cuda:0
[2025-06-10 21:43:57,984] [INFO] Model initialized on device: cuda:0
[2025-06-10 21:43:58,083] [INFO] Model initialized on device: cuda:0
[2025-06-10 21:43:58,086] [INFO] Model initialized on device: cuda:0
[2025-06-10 21:43:58,091] [INFO] Model initialized on device: cuda:0
[2025-06-10 21:45:03,311] [INFO] [TRAIN] Epoch 3 Loss: 0.7870
[2025-06-10 21:45:45,681] [INFO] Model initialized on device: cuda:0
[2025-06-10 21:45:46,270] [INFO] Model initialized on device: cuda:0
[2025-06-10 21:45:46,278] [INFO] Model initialized on device: cuda:0
[2025-06-10 21:45:46,281] [INFO] Model initialized on device: cuda:0
[2025-06-10 21:45:46,281] [INFO] Model initialized on device: cuda:0
[2025-06-10 21:45:46,292] [INFO] Model initialized on device: cuda:0
[2025-06-10 21:45:46,292] [INFO] Model initialized on device: cuda:0
[2025-06-10 21:45:46,298] [INFO] Model initialized on device: cuda:0
[2025-06-10 21:46:48,483] [INFO] [TRAIN] Epoch 4 Loss: 0.7664
[2025-06-10 21:47:24,579] [INFO] Model initialized on device: cuda:0
[2025-06-10 21:47:26,115] [INFO] Model initialized on device: cuda:0
[2025-06-10 21:47:26,272] [INFO] Model initialized on device: cuda:0
[2025-06-10 21:47:26,276] [INFO] Model initialized on device: cuda:0
[2025-06-10 21:47:26,370] [INFO] Model initialized on device: cuda:0
[2025-06-10 21:47:26,374] [INFO] Model initialized on device: cuda:0
[2025-06-10 21:47:26,375] [INFO] Model initialized on device: cuda:0
[2025-06-10 21:47:26,380] [INFO] Model initialized on device: cuda:0
[2025-06-10 21:48:25,654] [INFO] [TRAIN] Epoch 5 Loss: 0.7428
[2025-06-10 21:48:25,655] [INFO] [FIT] Local training finished. Avg Loss: 0.7812
[2025-06-10 21:48:47,383] [INFO] Model initialized on device: cuda:0
[2025-06-10 21:48:47,775] [INFO] Model initialized on device: cuda:0
[2025-06-10 21:48:47,919] [INFO] Model initialized on device: cuda:0
[2025-06-10 21:48:48,045] [INFO] Model initialized on device: cuda:0
[2025-06-10 21:48:48,070] [INFO] Model initialized on device: cuda:0
[2025-06-10 21:48:48,077] [INFO] Model initialized on device: cuda:0
[2025-06-10 21:48:48,085] [INFO] Model initialized on device: cuda:0
[2025-06-10 21:48:48,086] [INFO] Model initialized on device: cuda:0
[2025-06-10 21:48:50,387] [DEBUG] [TEST] Batch 1 | Pred shape: torch.Size([256, 256, 160]) | Label shape: torch.Size([256, 256, 160])
[2025-06-10 21:48:51,132] [DEBUG] [TEST] Batch 2 | Pred shape: torch.Size([256, 256, 160]) | Label shape: torch.Size([256, 256, 160])
[2025-06-10 21:48:51,192] [DEBUG] [TEST] Batch 3 | Pred shape: torch.Size([256, 256, 160]) | Label shape: torch.Size([256, 256, 160])
[2025-06-10 21:48:51,249] [DEBUG] [TEST] Batch 4 | Pred shape: torch.Size([256, 256, 160]) | Label shape: torch.Size([256, 256, 160])
[2025-06-10 21:48:51,304] [DEBUG] [TEST] Batch 5 | Pred shape: torch.Size([256, 256, 160]) | Label shape: torch.Size([256, 256, 160])
[2025-06-10 21:48:51,359] [DEBUG] [TEST] Batch 6 | Pred shape: torch.Size([256, 256, 160]) | Label shape: torch.Size([256, 256, 160])
[2025-06-10 21:48:51,476] [DEBUG] [TEST] Batch 7 | Pred shape: torch.Size([256, 256, 160]) | Label shape: torch.Size([256, 256, 160])
[2025-06-10 21:48:51,574] [DEBUG] [TEST] Batch 8 | Pred shape: torch.Size([256, 256, 160]) | Label shape: torch.Size([256, 256, 160])
[2025-06-10 21:48:52,982] [DEBUG] [TEST] Batch 9 | Pred shape: torch.Size([256, 256, 160]) | Label shape: torch.Size([256, 256, 160])
[2025-06-10 21:48:53,208] [DEBUG] [TEST] Batch 10 | Pred shape: torch.Size([256, 256, 160]) | Label shape: torch.Size([256, 256, 160])
[2025-06-10 21:48:55,714] [INFO] [FIT] Final model saved to: Run_UNET_IID60%_fedWSOcompC64_20250610/Client1/model_final.pth
[2025-06-10 21:49:59,082] [INFO] [EVALUATE] Starting evaluation...
[2025-06-10 21:50:03,779] [INFO] [DEBUG] Loaded compressed decoded weights.
[2025-06-10 21:50:47,136] [INFO] Model initialized on device: cuda:0
[2025-06-10 21:50:50,279] [INFO] Model initialized on device: cuda:0
[2025-06-10 21:50:50,303] [INFO] Model initialized on device: cuda:0
[2025-06-10 21:50:50,384] [INFO] Model initialized on device: cuda:0
[2025-06-10 21:50:50,510] [INFO] Model initialized on device: cuda:0
[2025-06-10 21:50:50,572] [INFO] Model initialized on device: cuda:0
[2025-06-10 21:50:50,580] [INFO] Model initialized on device: cuda:0
[2025-06-10 21:50:50,583] [INFO] Model initialized on device: cuda:0
[2025-06-10 21:50:56,089] [DEBUG] [TEST] Batch 1 | Pred shape: torch.Size([256, 256, 160]) | Label shape: torch.Size([256, 256, 160])
[2025-06-10 21:50:56,302] [DEBUG] [TEST] Batch 2 | Pred shape: torch.Size([256, 256, 160]) | Label shape: torch.Size([256, 256, 160])
[2025-06-10 21:50:56,527] [DEBUG] [TEST] Batch 3 | Pred shape: torch.Size([256, 256, 160]) | Label shape: torch.Size([256, 256, 160])
[2025-06-10 21:50:56,750] [DEBUG] [TEST] Batch 4 | Pred shape: torch.Size([256, 256, 160]) | Label shape: torch.Size([256, 256, 160])
[2025-06-10 21:50:56,992] [DEBUG] [TEST] Batch 5 | Pred shape: torch.Size([256, 256, 160]) | Label shape: torch.Size([256, 256, 160])
[2025-06-10 21:50:57,172] [DEBUG] [TEST] Batch 6 | Pred shape: torch.Size([256, 256, 160]) | Label shape: torch.Size([256, 256, 160])
[2025-06-10 21:50:57,228] [DEBUG] [TEST] Batch 7 | Pred shape: torch.Size([256, 256, 160]) | Label shape: torch.Size([256, 256, 160])
[2025-06-10 21:50:57,283] [DEBUG] [TEST] Batch 8 | Pred shape: torch.Size([256, 256, 160]) | Label shape: torch.Size([256, 256, 160])
[2025-06-10 21:50:57,863] [DEBUG] [TEST] Batch 9 | Pred shape: torch.Size([256, 256, 160]) | Label shape: torch.Size([256, 256, 160])
[2025-06-10 21:50:58,006] [DEBUG] [TEST] Batch 10 | Pred shape: torch.Size([256, 256, 160]) | Label shape: torch.Size([256, 256, 160])
[2025-06-10 21:51:03,723] [INFO] [EVALUATE] Dice WT: 0.8081
[2025-06-10 21:51:07,762] [INFO] [FIT] Received parameters. Starting local training...
[2025-06-10 21:51:10,289] [INFO] [DEBUG] Loaded compressed decoded weights.
[2025-06-10 21:51:49,515] [INFO] Model initialized on device: cuda:0
[2025-06-10 21:51:51,618] [INFO] Model initialized on device: cuda:0
[2025-06-10 21:51:51,914] [INFO] Model initialized on device: cuda:0
[2025-06-10 21:51:52,925] [INFO] Model initialized on device: cuda:0
[2025-06-10 21:51:53,887] [INFO] Model initialized on device: cuda:0
[2025-06-10 21:51:53,920] [INFO] Model initialized on device: cuda:0
[2025-06-10 21:51:57,407] [INFO] Model initialized on device: cuda:0
[2025-06-10 21:51:57,571] [INFO] Model initialized on device: cuda:0
[2025-06-10 21:52:57,890] [INFO] [TRAIN] Epoch 1 Loss: 0.7750
[2025-06-10 21:53:26,384] [INFO] Model initialized on device: cuda:0
[2025-06-10 21:53:27,376] [INFO] Model initialized on device: cuda:0
[2025-06-10 21:53:28,980] [INFO] Model initialized on device: cuda:0
[2025-06-10 21:53:30,076] [INFO] Model initialized on device: cuda:0
[2025-06-10 21:53:30,401] [INFO] Model initialized on device: cuda:0
[2025-06-10 21:53:30,401] [INFO] Model initialized on device: cuda:0
[2025-06-10 21:53:30,407] [INFO] Model initialized on device: cuda:0
[2025-06-10 21:53:30,410] [INFO] Model initialized on device: cuda:0
[2025-06-10 21:54:27,714] [INFO] [TRAIN] Epoch 2 Loss: 0.7533
[2025-06-10 21:54:49,179] [INFO] Model initialized on device: cuda:0
[2025-06-10 21:54:50,204] [INFO] Model initialized on device: cuda:0
[2025-06-10 21:54:50,679] [INFO] Model initialized on device: cuda:0
[2025-06-10 21:54:52,494] [INFO] Model initialized on device: cuda:0
[2025-06-10 21:54:52,773] [INFO] Model initialized on device: cuda:0
[2025-06-10 21:54:52,879] [INFO] Model initialized on device: cuda:0
[2025-06-10 21:54:53,393] [INFO] Model initialized on device: cuda:0
[2025-06-10 21:54:53,582] [INFO] Model initialized on device: cuda:0
[2025-06-10 21:55:50,819] [INFO] [TRAIN] Epoch 3 Loss: 0.7350
[2025-06-10 21:56:16,218] [INFO] Model initialized on device: cuda:0
[2025-06-10 21:56:20,219] [INFO] Model initialized on device: cuda:0
[2025-06-10 21:56:21,084] [INFO] Model initialized on device: cuda:0
[2025-06-10 21:56:22,696] [INFO] Model initialized on device: cuda:0
[2025-06-10 21:56:23,578] [INFO] Model initialized on device: cuda:0
[2025-06-10 21:56:23,607] [INFO] Model initialized on device: cuda:0
[2025-06-10 21:56:23,673] [INFO] Model initialized on device: cuda:0
[2025-06-10 21:56:23,680] [INFO] Model initialized on device: cuda:0
[2025-06-10 21:57:23,303] [INFO] [TRAIN] Epoch 4 Loss: 0.7159
[2025-06-10 21:57:47,906] [INFO] Model initialized on device: cuda:0
[2025-06-10 21:57:48,703] [INFO] Model initialized on device: cuda:0
[2025-06-10 21:57:53,078] [INFO] Model initialized on device: cuda:0
[2025-06-10 21:57:53,103] [INFO] Model initialized on device: cuda:0
[2025-06-10 21:57:53,115] [INFO] Model initialized on device: cuda:0
[2025-06-10 21:57:53,874] [INFO] Model initialized on device: cuda:0
[2025-06-10 21:57:53,879] [INFO] Model initialized on device: cuda:0
[2025-06-10 21:57:53,894] [INFO] Model initialized on device: cuda:0
[2025-06-10 21:58:52,271] [INFO] [TRAIN] Epoch 5 Loss: 0.6960
[2025-06-10 21:58:52,272] [INFO] [FIT] Local training finished. Avg Loss: 0.7350
[2025-06-10 21:59:15,874] [INFO] Model initialized on device: cuda:0
[2025-06-10 21:59:17,381] [INFO] Model initialized on device: cuda:0
[2025-06-10 21:59:18,314] [INFO] Model initialized on device: cuda:0
[2025-06-10 21:59:18,330] [INFO] Model initialized on device: cuda:0
[2025-06-10 21:59:18,975] [INFO] Model initialized on device: cuda:0
[2025-06-10 21:59:19,075] [INFO] Model initialized on device: cuda:0
[2025-06-10 21:59:19,076] [INFO] Model initialized on device: cuda:0
[2025-06-10 21:59:19,173] [INFO] Model initialized on device: cuda:0
[2025-06-10 21:59:22,843] [DEBUG] [TEST] Batch 1 | Pred shape: torch.Size([256, 256, 160]) | Label shape: torch.Size([256, 256, 160])
[2025-06-10 21:59:22,961] [DEBUG] [TEST] Batch 2 | Pred shape: torch.Size([256, 256, 160]) | Label shape: torch.Size([256, 256, 160])
[2025-06-10 21:59:23,056] [DEBUG] [TEST] Batch 3 | Pred shape: torch.Size([256, 256, 160]) | Label shape: torch.Size([256, 256, 160])
[2025-06-10 21:59:23,113] [DEBUG] [TEST] Batch 4 | Pred shape: torch.Size([256, 256, 160]) | Label shape: torch.Size([256, 256, 160])
[2025-06-10 21:59:23,175] [DEBUG] [TEST] Batch 5 | Pred shape: torch.Size([256, 256, 160]) | Label shape: torch.Size([256, 256, 160])
[2025-06-10 21:59:23,231] [DEBUG] [TEST] Batch 6 | Pred shape: torch.Size([256, 256, 160]) | Label shape: torch.Size([256, 256, 160])
[2025-06-10 21:59:23,286] [DEBUG] [TEST] Batch 7 | Pred shape: torch.Size([256, 256, 160]) | Label shape: torch.Size([256, 256, 160])
[2025-06-10 21:59:23,341] [DEBUG] [TEST] Batch 8 | Pred shape: torch.Size([256, 256, 160]) | Label shape: torch.Size([256, 256, 160])
[2025-06-10 21:59:25,643] [DEBUG] [TEST] Batch 9 | Pred shape: torch.Size([256, 256, 160]) | Label shape: torch.Size([256, 256, 160])
[2025-06-10 21:59:25,749] [DEBUG] [TEST] Batch 10 | Pred shape: torch.Size([256, 256, 160]) | Label shape: torch.Size([256, 256, 160])
[2025-06-10 21:59:29,567] [INFO] [FIT] Final model saved to: Run_UNET_IID60%_fedWSOcompC64_20250610/Client1/model_final.pth
[2025-06-10 22:01:45,323] [INFO] [EVALUATE] Starting evaluation...
[2025-06-10 22:01:48,886] [INFO] [DEBUG] Loaded compressed decoded weights.
[2025-06-10 22:02:34,192] [INFO] Model initialized on device: cuda:0
[2025-06-10 22:02:34,880] [INFO] Model initialized on device: cuda:0
[2025-06-10 22:02:34,906] [INFO] Model initialized on device: cuda:0
[2025-06-10 22:02:34,976] [INFO] Model initialized on device: cuda:0
[2025-06-10 22:02:34,984] [INFO] Model initialized on device: cuda:0
[2025-06-10 22:02:35,015] [INFO] Model initialized on device: cuda:0
[2025-06-10 22:02:35,173] [INFO] Model initialized on device: cuda:0
[2025-06-10 22:02:35,198] [INFO] Model initialized on device: cuda:0
[2025-06-10 22:02:39,327] [DEBUG] [TEST] Batch 1 | Pred shape: torch.Size([256, 256, 160]) | Label shape: torch.Size([256, 256, 160])
[2025-06-10 22:02:39,652] [DEBUG] [TEST] Batch 2 | Pred shape: torch.Size([256, 256, 160]) | Label shape: torch.Size([256, 256, 160])
[2025-06-10 22:02:39,874] [DEBUG] [TEST] Batch 3 | Pred shape: torch.Size([256, 256, 160]) | Label shape: torch.Size([256, 256, 160])
[2025-06-10 22:02:39,978] [DEBUG] [TEST] Batch 4 | Pred shape: torch.Size([256, 256, 160]) | Label shape: torch.Size([256, 256, 160])
[2025-06-10 22:02:40,097] [DEBUG] [TEST] Batch 5 | Pred shape: torch.Size([256, 256, 160]) | Label shape: torch.Size([256, 256, 160])
[2025-06-10 22:02:40,220] [DEBUG] [TEST] Batch 6 | Pred shape: torch.Size([256, 256, 160]) | Label shape: torch.Size([256, 256, 160])
[2025-06-10 22:02:40,344] [DEBUG] [TEST] Batch 7 | Pred shape: torch.Size([256, 256, 160]) | Label shape: torch.Size([256, 256, 160])
[2025-06-10 22:02:40,467] [DEBUG] [TEST] Batch 8 | Pred shape: torch.Size([256, 256, 160]) | Label shape: torch.Size([256, 256, 160])
[2025-06-10 22:02:41,428] [DEBUG] [TEST] Batch 9 | Pred shape: torch.Size([256, 256, 160]) | Label shape: torch.Size([256, 256, 160])
[2025-06-10 22:02:41,511] [DEBUG] [TEST] Batch 10 | Pred shape: torch.Size([256, 256, 160]) | Label shape: torch.Size([256, 256, 160])
[2025-06-10 22:02:45,196] [INFO] [EVALUATE] Dice WT: 0.7890
