[2025-07-06 18:02:04,608] [INFO] Model initialized on device: cuda:0
[2025-07-06 18:02:15,191] [INFO] [FIT] Received parameters. Starting local training...
[2025-07-06 18:02:17,572] [INFO] [DEBUG] Loaded uncompressed weights.
[2025-07-06 18:02:17,876] [ERROR] [MODEL PARAMETER ERROR] Layer model.0.conv.unit0.adn.N.weight corrupted: mean=1.0, std=0.0
[2025-07-06 18:02:17,876] [ERROR] [MODEL PARAMETER ERROR] Layer model.0.conv.unit0.adn.N.bias corrupted: mean=0.0, std=0.0
[2025-07-06 18:02:17,877] [ERROR] [MODEL PARAMETER ERROR] Layer model.0.conv.unit1.adn.N.weight corrupted: mean=1.0, std=0.0
[2025-07-06 18:02:17,877] [ERROR] [MODEL PARAMETER ERROR] Layer model.0.conv.unit1.adn.N.bias corrupted: mean=0.0, std=0.0
[2025-07-06 18:02:17,878] [ERROR] [MODEL PARAMETER ERROR] Layer model.1.submodule.0.conv.unit0.adn.N.weight corrupted: mean=1.0, std=0.0
[2025-07-06 18:02:17,878] [ERROR] [MODEL PARAMETER ERROR] Layer model.1.submodule.0.conv.unit0.adn.N.bias corrupted: mean=0.0, std=0.0
[2025-07-06 18:02:17,878] [ERROR] [MODEL PARAMETER ERROR] Layer model.1.submodule.0.conv.unit1.adn.N.weight corrupted: mean=1.0, std=0.0
[2025-07-06 18:02:17,878] [ERROR] [MODEL PARAMETER ERROR] Layer model.1.submodule.0.conv.unit1.adn.N.bias corrupted: mean=0.0, std=0.0
[2025-07-06 18:02:17,879] [ERROR] [MODEL PARAMETER ERROR] Layer model.1.submodule.1.submodule.0.conv.unit0.adn.N.weight corrupted: mean=1.0, std=0.0
[2025-07-06 18:02:17,879] [ERROR] [MODEL PARAMETER ERROR] Layer model.1.submodule.1.submodule.0.conv.unit0.adn.N.bias corrupted: mean=0.0, std=0.0
[2025-07-06 18:02:17,879] [ERROR] [MODEL PARAMETER ERROR] Layer model.1.submodule.1.submodule.0.conv.unit1.adn.N.weight corrupted: mean=1.0, std=0.0
[2025-07-06 18:02:17,879] [ERROR] [MODEL PARAMETER ERROR] Layer model.1.submodule.1.submodule.0.conv.unit1.adn.N.bias corrupted: mean=0.0, std=0.0
[2025-07-06 18:02:17,880] [ERROR] [MODEL PARAMETER ERROR] Layer model.1.submodule.1.submodule.1.submodule.0.conv.unit0.adn.N.weight corrupted: mean=1.0, std=0.0
[2025-07-06 18:02:17,880] [ERROR] [MODEL PARAMETER ERROR] Layer model.1.submodule.1.submodule.1.submodule.0.conv.unit0.adn.N.bias corrupted: mean=0.0, std=0.0
[2025-07-06 18:02:17,881] [ERROR] [MODEL PARAMETER ERROR] Layer model.1.submodule.1.submodule.1.submodule.0.conv.unit1.adn.N.weight corrupted: mean=1.0, std=0.0
[2025-07-06 18:02:17,881] [ERROR] [MODEL PARAMETER ERROR] Layer model.1.submodule.1.submodule.1.submodule.0.conv.unit1.adn.N.bias corrupted: mean=0.0, std=0.0
[2025-07-06 18:02:17,881] [ERROR] [MODEL PARAMETER ERROR] Layer model.1.submodule.1.submodule.1.submodule.1.submodule.conv.unit0.adn.N.weight corrupted: mean=1.0, std=0.0
[2025-07-06 18:02:17,881] [ERROR] [MODEL PARAMETER ERROR] Layer model.1.submodule.1.submodule.1.submodule.1.submodule.conv.unit0.adn.N.bias corrupted: mean=0.0, std=0.0
[2025-07-06 18:02:17,970] [ERROR] [MODEL PARAMETER ERROR] Layer model.1.submodule.1.submodule.1.submodule.1.submodule.conv.unit1.adn.N.weight corrupted: mean=1.0, std=0.0
[2025-07-06 18:02:17,971] [ERROR] [MODEL PARAMETER ERROR] Layer model.1.submodule.1.submodule.1.submodule.1.submodule.conv.unit1.adn.N.bias corrupted: mean=0.0, std=0.0
[2025-07-06 18:02:17,971] [ERROR] [MODEL PARAMETER ERROR] Layer model.1.submodule.1.submodule.1.submodule.2.0.adn.N.weight corrupted: mean=1.0, std=0.0
[2025-07-06 18:02:17,971] [ERROR] [MODEL PARAMETER ERROR] Layer model.1.submodule.1.submodule.1.submodule.2.0.adn.N.bias corrupted: mean=0.0, std=0.0
[2025-07-06 18:02:17,972] [ERROR] [MODEL PARAMETER ERROR] Layer model.1.submodule.1.submodule.1.submodule.2.1.conv.unit0.adn.N.weight corrupted: mean=1.0, std=0.0
[2025-07-06 18:02:17,972] [ERROR] [MODEL PARAMETER ERROR] Layer model.1.submodule.1.submodule.1.submodule.2.1.conv.unit0.adn.N.bias corrupted: mean=0.0, std=0.0
[2025-07-06 18:02:17,973] [ERROR] [MODEL PARAMETER ERROR] Layer model.1.submodule.1.submodule.2.0.adn.N.weight corrupted: mean=1.0, std=0.0
[2025-07-06 18:02:17,973] [ERROR] [MODEL PARAMETER ERROR] Layer model.1.submodule.1.submodule.2.0.adn.N.bias corrupted: mean=0.0, std=0.0
[2025-07-06 18:02:17,978] [ERROR] [MODEL PARAMETER ERROR] Layer model.1.submodule.1.submodule.2.1.conv.unit0.adn.N.weight corrupted: mean=1.0, std=0.0
[2025-07-06 18:02:17,978] [ERROR] [MODEL PARAMETER ERROR] Layer model.1.submodule.1.submodule.2.1.conv.unit0.adn.N.bias corrupted: mean=0.0, std=0.0
[2025-07-06 18:02:17,979] [ERROR] [MODEL PARAMETER ERROR] Layer model.1.submodule.2.0.adn.N.weight corrupted: mean=1.0, std=0.0
[2025-07-06 18:02:17,979] [ERROR] [MODEL PARAMETER ERROR] Layer model.1.submodule.2.0.adn.N.bias corrupted: mean=0.0, std=0.0
[2025-07-06 18:02:17,979] [ERROR] [MODEL PARAMETER ERROR] Layer model.1.submodule.2.1.conv.unit0.adn.N.weight corrupted: mean=1.0, std=0.0
[2025-07-06 18:02:17,980] [ERROR] [MODEL PARAMETER ERROR] Layer model.1.submodule.2.1.conv.unit0.adn.N.bias corrupted: mean=0.0, std=0.0
[2025-07-06 18:02:59,072] [INFO] Model initialized on device: cuda:0
[2025-07-06 18:03:08,390] [INFO] Model initialized on device: cuda:0
[2025-07-06 18:03:08,576] [INFO] Model initialized on device: cuda:0
[2025-07-06 18:03:08,971] [INFO] Model initialized on device: cuda:0
[2025-07-06 18:03:09,199] [INFO] Model initialized on device: cuda:0
[2025-07-06 18:03:09,207] [INFO] Model initialized on device: cuda:0
[2025-07-06 18:03:09,218] [INFO] Model initialized on device: cuda:0
[2025-07-06 18:03:09,285] [INFO] Model initialized on device: cuda:0
[2025-07-06 18:04:18,823] [INFO] [TRAIN] Epoch 1 Loss: 0.9672
[2025-07-06 18:04:55,496] [INFO] Model initialized on device: cuda:0
[2025-07-06 18:04:56,608] [INFO] Model initialized on device: cuda:0
[2025-07-06 18:04:56,608] [INFO] Model initialized on device: cuda:0
[2025-07-06 18:04:56,796] [INFO] Model initialized on device: cuda:0
[2025-07-06 18:04:56,800] [INFO] Model initialized on device: cuda:0
[2025-07-06 18:04:56,800] [INFO] Model initialized on device: cuda:0
[2025-07-06 18:04:56,800] [INFO] Model initialized on device: cuda:0
[2025-07-06 18:04:56,801] [INFO] Model initialized on device: cuda:0
[2025-07-06 18:05:59,200] [INFO] [TRAIN] Epoch 2 Loss: 0.9630
[2025-07-06 18:06:35,183] [INFO] Model initialized on device: cuda:0
[2025-07-06 18:06:35,271] [INFO] Model initialized on device: cuda:0
[2025-07-06 18:06:35,289] [INFO] Model initialized on device: cuda:0
[2025-07-06 18:06:35,289] [INFO] Model initialized on device: cuda:0
[2025-07-06 18:06:35,300] [INFO] Model initialized on device: cuda:0
[2025-07-06 18:06:35,302] [INFO] Model initialized on device: cuda:0
[2025-07-06 18:06:35,303] [INFO] Model initialized on device: cuda:0
[2025-07-06 18:06:35,305] [INFO] Model initialized on device: cuda:0
[2025-07-06 18:07:37,007] [INFO] [TRAIN] Epoch 3 Loss: 0.9621
[2025-07-06 18:08:13,584] [INFO] Model initialized on device: cuda:0
[2025-07-06 18:08:13,600] [INFO] Model initialized on device: cuda:0
[2025-07-06 18:08:13,670] [INFO] Model initialized on device: cuda:0
[2025-07-06 18:08:13,670] [INFO] Model initialized on device: cuda:0
[2025-07-06 18:08:13,706] [INFO] Model initialized on device: cuda:0
[2025-07-06 18:08:13,711] [INFO] Model initialized on device: cuda:0
[2025-07-06 18:08:13,717] [INFO] Model initialized on device: cuda:0
[2025-07-06 18:08:13,719] [INFO] Model initialized on device: cuda:0
[2025-07-06 18:09:15,313] [INFO] [TRAIN] Epoch 4 Loss: 0.9614
[2025-07-06 18:09:47,937] [INFO] Model initialized on device: cuda:0
[2025-07-06 18:09:49,144] [INFO] Model initialized on device: cuda:0
[2025-07-06 18:09:49,400] [INFO] Model initialized on device: cuda:0
[2025-07-06 18:09:49,910] [INFO] Model initialized on device: cuda:0
[2025-07-06 18:09:55,499] [INFO] Model initialized on device: cuda:0
[2025-07-06 18:09:55,913] [INFO] Model initialized on device: cuda:0
[2025-07-06 18:09:56,077] [INFO] Model initialized on device: cuda:0
[2025-07-06 18:09:56,173] [INFO] Model initialized on device: cuda:0
[2025-07-06 18:10:54,313] [INFO] [TRAIN] Epoch 5 Loss: 0.9610
[2025-07-06 18:10:54,314] [INFO] [FIT] Local training finished. Avg Loss: 0.9629
[2025-07-06 18:11:13,663] [INFO] Model initialized on device: cuda:0
[2025-07-06 18:11:14,294] [INFO] Model initialized on device: cuda:0
[2025-07-06 18:11:15,202] [INFO] Model initialized on device: cuda:0
[2025-07-06 18:11:15,206] [INFO] Model initialized on device: cuda:0
[2025-07-06 18:11:15,208] [INFO] Model initialized on device: cuda:0
[2025-07-06 18:11:15,222] [INFO] Model initialized on device: cuda:0
[2025-07-06 18:11:15,223] [INFO] Model initialized on device: cuda:0
[2025-07-06 18:11:15,228] [INFO] Model initialized on device: cuda:0
[2025-07-06 18:11:18,348] [DEBUG] [TEST] Batch 1 | Pred shape: torch.Size([256, 256, 160]) | Label shape: torch.Size([256, 256, 160])
[2025-07-06 18:11:18,403] [DEBUG] [TEST] Batch 2 | Pred shape: torch.Size([256, 256, 160]) | Label shape: torch.Size([256, 256, 160])
[2025-07-06 18:11:18,459] [DEBUG] [TEST] Batch 3 | Pred shape: torch.Size([256, 256, 160]) | Label shape: torch.Size([256, 256, 160])
[2025-07-06 18:11:18,516] [DEBUG] [TEST] Batch 4 | Pred shape: torch.Size([256, 256, 160]) | Label shape: torch.Size([256, 256, 160])
[2025-07-06 18:11:18,572] [DEBUG] [TEST] Batch 5 | Pred shape: torch.Size([256, 256, 160]) | Label shape: torch.Size([256, 256, 160])
[2025-07-06 18:11:18,631] [DEBUG] [TEST] Batch 6 | Pred shape: torch.Size([256, 256, 160]) | Label shape: torch.Size([256, 256, 160])
[2025-07-06 18:11:18,687] [DEBUG] [TEST] Batch 7 | Pred shape: torch.Size([256, 256, 160]) | Label shape: torch.Size([256, 256, 160])
[2025-07-06 18:11:18,747] [DEBUG] [TEST] Batch 8 | Pred shape: torch.Size([256, 256, 160]) | Label shape: torch.Size([256, 256, 160])
[2025-07-06 18:11:19,799] [DEBUG] [TEST] Batch 9 | Pred shape: torch.Size([256, 256, 160]) | Label shape: torch.Size([256, 256, 160])
[2025-07-06 18:11:19,902] [DEBUG] [TEST] Batch 10 | Pred shape: torch.Size([256, 256, 160]) | Label shape: torch.Size([256, 256, 160])
[2025-07-06 18:11:22,317] [INFO] [FIT] Final model saved to: Run_UNET_R3IID30%_fedWSOcompC32_20250706/Client3/model_final.pth
[2025-07-06 18:12:10,693] [INFO] [EVALUATE] Starting evaluation...
[2025-07-06 18:12:16,172] [INFO] [DEBUG] Loaded compressed decoded weights.
[2025-07-06 18:13:01,908] [INFO] Model initialized on device: cuda:0
[2025-07-06 18:13:02,410] [INFO] Model initialized on device: cuda:0
[2025-07-06 18:13:02,607] [INFO] Model initialized on device: cuda:0
[2025-07-06 18:13:02,898] [INFO] Model initialized on device: cuda:0
[2025-07-06 18:13:03,070] [INFO] Model initialized on device: cuda:0
[2025-07-06 18:13:03,073] [INFO] Model initialized on device: cuda:0
[2025-07-06 18:13:03,079] [INFO] Model initialized on device: cuda:0
[2025-07-06 18:13:03,094] [INFO] Model initialized on device: cuda:0
[2025-07-06 18:13:08,330] [DEBUG] [TEST] Batch 1 | Pred shape: torch.Size([256, 256, 160]) | Label shape: torch.Size([256, 256, 160])
[2025-07-06 18:13:08,453] [DEBUG] [TEST] Batch 2 | Pred shape: torch.Size([256, 256, 160]) | Label shape: torch.Size([256, 256, 160])
[2025-07-06 18:13:08,702] [DEBUG] [TEST] Batch 3 | Pred shape: torch.Size([256, 256, 160]) | Label shape: torch.Size([256, 256, 160])
[2025-07-06 18:13:08,813] [DEBUG] [TEST] Batch 4 | Pred shape: torch.Size([256, 256, 160]) | Label shape: torch.Size([256, 256, 160])
[2025-07-06 18:13:09,046] [DEBUG] [TEST] Batch 5 | Pred shape: torch.Size([256, 256, 160]) | Label shape: torch.Size([256, 256, 160])
[2025-07-06 18:13:09,268] [DEBUG] [TEST] Batch 6 | Pred shape: torch.Size([256, 256, 160]) | Label shape: torch.Size([256, 256, 160])
[2025-07-06 18:13:09,513] [DEBUG] [TEST] Batch 7 | Pred shape: torch.Size([256, 256, 160]) | Label shape: torch.Size([256, 256, 160])
[2025-07-06 18:13:09,760] [DEBUG] [TEST] Batch 8 | Pred shape: torch.Size([256, 256, 160]) | Label shape: torch.Size([256, 256, 160])
[2025-07-06 18:13:10,365] [DEBUG] [TEST] Batch 9 | Pred shape: torch.Size([256, 256, 160]) | Label shape: torch.Size([256, 256, 160])
[2025-07-06 18:13:10,454] [DEBUG] [TEST] Batch 10 | Pred shape: torch.Size([256, 256, 160]) | Label shape: torch.Size([256, 256, 160])
[2025-07-06 18:13:15,287] [INFO] [EVALUATE] Dice WT: 0.1552
[2025-07-06 18:13:19,648] [INFO] [FIT] Received parameters. Starting local training...
[2025-07-06 18:13:22,581] [INFO] [DEBUG] Loaded compressed decoded weights.
[2025-07-06 18:14:09,977] [INFO] Model initialized on device: cuda:0
[2025-07-06 18:14:11,907] [INFO] Model initialized on device: cuda:0
[2025-07-06 18:14:12,410] [INFO] Model initialized on device: cuda:0
[2025-07-06 18:14:12,682] [INFO] Model initialized on device: cuda:0
[2025-07-06 18:14:12,979] [INFO] Model initialized on device: cuda:0
[2025-07-06 18:14:12,983] [INFO] Model initialized on device: cuda:0
[2025-07-06 18:14:13,274] [INFO] Model initialized on device: cuda:0
[2025-07-06 18:14:13,289] [INFO] Model initialized on device: cuda:0
[2025-07-06 18:15:21,497] [INFO] [TRAIN] Epoch 1 Loss: 0.9611
[2025-07-06 18:16:06,407] [INFO] Model initialized on device: cuda:0
[2025-07-06 18:16:08,694] [INFO] Model initialized on device: cuda:0
[2025-07-06 18:16:08,770] [INFO] Model initialized on device: cuda:0
[2025-07-06 18:16:08,773] [INFO] Model initialized on device: cuda:0
[2025-07-06 18:16:08,982] [INFO] Model initialized on device: cuda:0
[2025-07-06 18:16:09,005] [INFO] Model initialized on device: cuda:0
[2025-07-06 18:16:09,070] [INFO] Model initialized on device: cuda:0
[2025-07-06 18:16:09,109] [INFO] Model initialized on device: cuda:0
[2025-07-06 18:17:14,680] [INFO] [TRAIN] Epoch 2 Loss: 0.9606
[2025-07-06 18:17:53,249] [INFO] Model initialized on device: cuda:0
[2025-07-06 18:17:53,307] [INFO] Model initialized on device: cuda:0
[2025-07-06 18:17:53,476] [INFO] Model initialized on device: cuda:0
[2025-07-06 18:17:53,582] [INFO] Model initialized on device: cuda:0
[2025-07-06 18:17:54,382] [INFO] Model initialized on device: cuda:0
[2025-07-06 18:17:54,387] [INFO] Model initialized on device: cuda:0
[2025-07-06 18:17:54,455] [INFO] Model initialized on device: cuda:0
[2025-07-06 18:17:54,539] [INFO] Model initialized on device: cuda:0
[2025-07-06 18:18:56,020] [INFO] [TRAIN] Epoch 3 Loss: 0.9601
[2025-07-06 18:19:29,489] [INFO] Model initialized on device: cuda:0
[2025-07-06 18:19:29,591] [INFO] Model initialized on device: cuda:0
[2025-07-06 18:19:29,671] [INFO] Model initialized on device: cuda:0
[2025-07-06 18:19:29,676] [INFO] Model initialized on device: cuda:0
[2025-07-06 18:19:29,777] [INFO] Model initialized on device: cuda:0
[2025-07-06 18:19:29,974] [INFO] Model initialized on device: cuda:0
[2025-07-06 18:19:29,978] [INFO] Model initialized on device: cuda:0
[2025-07-06 18:19:29,978] [INFO] Model initialized on device: cuda:0
[2025-07-06 18:20:28,772] [INFO] [TRAIN] Epoch 4 Loss: 0.9597
[2025-07-06 18:21:00,597] [INFO] Model initialized on device: cuda:0
[2025-07-06 18:21:00,603] [INFO] Model initialized on device: cuda:0
[2025-07-06 18:21:00,775] [INFO] Model initialized on device: cuda:0
[2025-07-06 18:21:00,809] [INFO] Model initialized on device: cuda:0
[2025-07-06 18:21:00,880] [INFO] Model initialized on device: cuda:0
[2025-07-06 18:21:00,887] [INFO] Model initialized on device: cuda:0
[2025-07-06 18:21:00,895] [INFO] Model initialized on device: cuda:0
[2025-07-06 18:21:00,896] [INFO] Model initialized on device: cuda:0
[2025-07-06 18:22:02,814] [INFO] [TRAIN] Epoch 5 Loss: 0.9592
[2025-07-06 18:22:02,815] [INFO] [FIT] Local training finished. Avg Loss: 0.9601
[2025-07-06 18:22:37,081] [INFO] Model initialized on device: cuda:0
[2025-07-06 18:22:37,152] [INFO] Model initialized on device: cuda:0
[2025-07-06 18:22:37,171] [INFO] Model initialized on device: cuda:0
[2025-07-06 18:22:37,277] [INFO] Model initialized on device: cuda:0
[2025-07-06 18:22:37,600] [INFO] Model initialized on device: cuda:0
[2025-07-06 18:22:37,601] [INFO] Model initialized on device: cuda:0
[2025-07-06 18:22:38,227] [INFO] Model initialized on device: cuda:0
[2025-07-06 18:22:38,870] [INFO] Model initialized on device: cuda:0
[2025-07-06 18:22:42,879] [DEBUG] [TEST] Batch 1 | Pred shape: torch.Size([256, 256, 160]) | Label shape: torch.Size([256, 256, 160])
[2025-07-06 18:22:43,421] [DEBUG] [TEST] Batch 2 | Pred shape: torch.Size([256, 256, 160]) | Label shape: torch.Size([256, 256, 160])
[2025-07-06 18:22:43,477] [DEBUG] [TEST] Batch 3 | Pred shape: torch.Size([256, 256, 160]) | Label shape: torch.Size([256, 256, 160])
[2025-07-06 18:22:43,779] [DEBUG] [TEST] Batch 4 | Pred shape: torch.Size([256, 256, 160]) | Label shape: torch.Size([256, 256, 160])
[2025-07-06 18:22:43,877] [DEBUG] [TEST] Batch 5 | Pred shape: torch.Size([256, 256, 160]) | Label shape: torch.Size([256, 256, 160])
[2025-07-06 18:22:43,976] [DEBUG] [TEST] Batch 6 | Pred shape: torch.Size([256, 256, 160]) | Label shape: torch.Size([256, 256, 160])
[2025-07-06 18:22:44,077] [DEBUG] [TEST] Batch 7 | Pred shape: torch.Size([256, 256, 160]) | Label shape: torch.Size([256, 256, 160])
[2025-07-06 18:22:44,177] [DEBUG] [TEST] Batch 8 | Pred shape: torch.Size([256, 256, 160]) | Label shape: torch.Size([256, 256, 160])
[2025-07-06 18:22:46,085] [DEBUG] [TEST] Batch 9 | Pred shape: torch.Size([256, 256, 160]) | Label shape: torch.Size([256, 256, 160])
[2025-07-06 18:22:46,437] [DEBUG] [TEST] Batch 10 | Pred shape: torch.Size([256, 256, 160]) | Label shape: torch.Size([256, 256, 160])
[2025-07-06 18:22:50,670] [INFO] [FIT] Final model saved to: Run_UNET_R3IID30%_fedWSOcompC32_20250706/Client3/model_final.pth
[2025-07-06 18:23:53,503] [INFO] [EVALUATE] Starting evaluation...
[2025-07-06 18:23:59,070] [INFO] [DEBUG] Loaded compressed decoded weights.
[2025-07-06 18:24:43,290] [INFO] Model initialized on device: cuda:0
[2025-07-06 18:24:43,327] [INFO] Model initialized on device: cuda:0
[2025-07-06 18:24:43,412] [INFO] Model initialized on device: cuda:0
[2025-07-06 18:24:43,414] [INFO] Model initialized on device: cuda:0
[2025-07-06 18:24:43,418] [INFO] Model initialized on device: cuda:0
[2025-07-06 18:24:43,429] [INFO] Model initialized on device: cuda:0
[2025-07-06 18:24:43,474] [INFO] Model initialized on device: cuda:0
[2025-07-06 18:24:43,474] [INFO] Model initialized on device: cuda:0
[2025-07-06 18:24:48,138] [DEBUG] [TEST] Batch 1 | Pred shape: torch.Size([256, 256, 160]) | Label shape: torch.Size([256, 256, 160])
[2025-07-06 18:24:48,272] [DEBUG] [TEST] Batch 2 | Pred shape: torch.Size([256, 256, 160]) | Label shape: torch.Size([256, 256, 160])
[2025-07-06 18:24:48,399] [DEBUG] [TEST] Batch 3 | Pred shape: torch.Size([256, 256, 160]) | Label shape: torch.Size([256, 256, 160])
[2025-07-06 18:24:48,458] [DEBUG] [TEST] Batch 4 | Pred shape: torch.Size([256, 256, 160]) | Label shape: torch.Size([256, 256, 160])
[2025-07-06 18:24:48,515] [DEBUG] [TEST] Batch 5 | Pred shape: torch.Size([256, 256, 160]) | Label shape: torch.Size([256, 256, 160])
[2025-07-06 18:24:48,572] [DEBUG] [TEST] Batch 6 | Pred shape: torch.Size([256, 256, 160]) | Label shape: torch.Size([256, 256, 160])
[2025-07-06 18:24:48,630] [DEBUG] [TEST] Batch 7 | Pred shape: torch.Size([256, 256, 160]) | Label shape: torch.Size([256, 256, 160])
[2025-07-06 18:24:48,719] [DEBUG] [TEST] Batch 8 | Pred shape: torch.Size([256, 256, 160]) | Label shape: torch.Size([256, 256, 160])
[2025-07-06 18:24:49,642] [DEBUG] [TEST] Batch 9 | Pred shape: torch.Size([256, 256, 160]) | Label shape: torch.Size([256, 256, 160])
[2025-07-06 18:24:49,699] [DEBUG] [TEST] Batch 10 | Pred shape: torch.Size([256, 256, 160]) | Label shape: torch.Size([256, 256, 160])
[2025-07-06 18:24:52,760] [INFO] [EVALUATE] Dice WT: 0.3226
[2025-07-06 18:24:55,188] [INFO] [FIT] Received parameters. Starting local training...
[2025-07-06 18:24:57,373] [INFO] [DEBUG] Loaded compressed decoded weights.
[2025-07-06 18:25:47,445] [INFO] Model initialized on device: cuda:0
[2025-07-06 18:25:48,631] [INFO] Model initialized on device: cuda:0
[2025-07-06 18:25:48,684] [INFO] Model initialized on device: cuda:0
[2025-07-06 18:25:48,874] [INFO] Model initialized on device: cuda:0
[2025-07-06 18:25:48,878] [INFO] Model initialized on device: cuda:0
[2025-07-06 18:25:49,272] [INFO] Model initialized on device: cuda:0
[2025-07-06 18:25:49,295] [INFO] Model initialized on device: cuda:0
[2025-07-06 18:25:49,608] [INFO] Model initialized on device: cuda:0
[2025-07-06 18:26:57,771] [INFO] [TRAIN] Epoch 1 Loss: 0.9598
[2025-07-06 18:27:41,290] [INFO] Model initialized on device: cuda:0
[2025-07-06 18:27:41,520] [INFO] Model initialized on device: cuda:0
[2025-07-06 18:27:41,582] [INFO] Model initialized on device: cuda:0
[2025-07-06 18:27:41,987] [INFO] Model initialized on device: cuda:0
[2025-07-06 18:27:43,922] [INFO] Model initialized on device: cuda:0
[2025-07-06 18:27:44,410] [INFO] Model initialized on device: cuda:0
[2025-07-06 18:27:44,477] [INFO] Model initialized on device: cuda:0
[2025-07-06 18:27:44,481] [INFO] Model initialized on device: cuda:0
[2025-07-06 18:28:53,532] [INFO] [TRAIN] Epoch 2 Loss: 0.9592
[2025-07-06 18:29:32,011] [INFO] Model initialized on device: cuda:0
[2025-07-06 18:29:33,405] [INFO] Model initialized on device: cuda:0
[2025-07-06 18:29:34,373] [INFO] Model initialized on device: cuda:0
[2025-07-06 18:29:34,801] [INFO] Model initialized on device: cuda:0
[2025-07-06 18:29:36,091] [INFO] Model initialized on device: cuda:0
[2025-07-06 18:29:36,375] [INFO] Model initialized on device: cuda:0
[2025-07-06 18:29:36,381] [INFO] Model initialized on device: cuda:0
[2025-07-06 18:29:36,385] [INFO] Model initialized on device: cuda:0
[2025-07-06 18:30:39,903] [INFO] [TRAIN] Epoch 3 Loss: 0.9587
[2025-07-06 18:31:17,322] [INFO] Model initialized on device: cuda:0
[2025-07-06 18:31:17,322] [INFO] Model initialized on device: cuda:0
[2025-07-06 18:31:17,323] [INFO] Model initialized on device: cuda:0
[2025-07-06 18:31:17,498] [INFO] Model initialized on device: cuda:0
[2025-07-06 18:31:17,606] [INFO] Model initialized on device: cuda:0
[2025-07-06 18:31:17,776] [INFO] Model initialized on device: cuda:0
[2025-07-06 18:31:19,900] [INFO] Model initialized on device: cuda:0
[2025-07-06 18:31:20,388] [INFO] Model initialized on device: cuda:0
[2025-07-06 18:32:22,479] [INFO] [TRAIN] Epoch 4 Loss: 0.9582
[2025-07-06 18:32:57,604] [INFO] Model initialized on device: cuda:0
[2025-07-06 18:32:58,403] [INFO] Model initialized on device: cuda:0
[2025-07-06 18:33:00,082] [INFO] Model initialized on device: cuda:0
[2025-07-06 18:33:00,117] [INFO] Model initialized on device: cuda:0
[2025-07-06 18:33:00,196] [INFO] Model initialized on device: cuda:0
[2025-07-06 18:33:00,900] [INFO] Model initialized on device: cuda:0
[2025-07-06 18:33:00,988] [INFO] Model initialized on device: cuda:0
[2025-07-06 18:33:01,070] [INFO] Model initialized on device: cuda:0
[2025-07-06 18:34:03,924] [INFO] [TRAIN] Epoch 5 Loss: 0.9577
[2025-07-06 18:34:03,925] [INFO] [FIT] Local training finished. Avg Loss: 0.9587
[2025-07-06 18:34:42,483] [INFO] Model initialized on device: cuda:0
[2025-07-06 18:34:44,619] [INFO] Model initialized on device: cuda:0
[2025-07-06 18:34:44,674] [INFO] Model initialized on device: cuda:0
[2025-07-06 18:34:44,736] [INFO] Model initialized on device: cuda:0
[2025-07-06 18:34:45,017] [INFO] Model initialized on device: cuda:0
[2025-07-06 18:34:45,019] [INFO] Model initialized on device: cuda:0
[2025-07-06 18:34:45,177] [INFO] Model initialized on device: cuda:0
[2025-07-06 18:34:45,472] [INFO] Model initialized on device: cuda:0
[2025-07-06 18:34:48,224] [DEBUG] [TEST] Batch 1 | Pred shape: torch.Size([256, 256, 160]) | Label shape: torch.Size([256, 256, 160])
[2025-07-06 18:34:48,998] [DEBUG] [TEST] Batch 2 | Pred shape: torch.Size([256, 256, 160]) | Label shape: torch.Size([256, 256, 160])
[2025-07-06 18:34:49,079] [DEBUG] [TEST] Batch 3 | Pred shape: torch.Size([256, 256, 160]) | Label shape: torch.Size([256, 256, 160])
[2025-07-06 18:34:49,143] [DEBUG] [TEST] Batch 4 | Pred shape: torch.Size([256, 256, 160]) | Label shape: torch.Size([256, 256, 160])
[2025-07-06 18:34:49,222] [DEBUG] [TEST] Batch 5 | Pred shape: torch.Size([256, 256, 160]) | Label shape: torch.Size([256, 256, 160])
[2025-07-06 18:34:49,297] [DEBUG] [TEST] Batch 6 | Pred shape: torch.Size([256, 256, 160]) | Label shape: torch.Size([256, 256, 160])
[2025-07-06 18:34:49,384] [DEBUG] [TEST] Batch 7 | Pred shape: torch.Size([256, 256, 160]) | Label shape: torch.Size([256, 256, 160])
[2025-07-06 18:34:49,440] [DEBUG] [TEST] Batch 8 | Pred shape: torch.Size([256, 256, 160]) | Label shape: torch.Size([256, 256, 160])
[2025-07-06 18:34:51,316] [DEBUG] [TEST] Batch 9 | Pred shape: torch.Size([256, 256, 160]) | Label shape: torch.Size([256, 256, 160])
[2025-07-06 18:34:51,383] [DEBUG] [TEST] Batch 10 | Pred shape: torch.Size([256, 256, 160]) | Label shape: torch.Size([256, 256, 160])
[2025-07-06 18:34:55,332] [INFO] [FIT] Final model saved to: Run_UNET_R3IID30%_fedWSOcompC32_20250706/Client3/model_final.pth
[2025-07-06 18:35:40,884] [INFO] [EVALUATE] Starting evaluation...
[2025-07-06 18:35:43,887] [INFO] [DEBUG] Loaded compressed decoded weights.
[2025-07-06 18:36:32,015] [INFO] Model initialized on device: cuda:0
[2025-07-06 18:36:32,586] [INFO] Model initialized on device: cuda:0
[2025-07-06 18:36:32,612] [INFO] Model initialized on device: cuda:0
[2025-07-06 18:36:32,615] [INFO] Model initialized on device: cuda:0
[2025-07-06 18:36:32,878] [INFO] Model initialized on device: cuda:0
[2025-07-06 18:36:32,886] [INFO] Model initialized on device: cuda:0
[2025-07-06 18:36:32,991] [INFO] Model initialized on device: cuda:0
[2025-07-06 18:36:33,015] [INFO] Model initialized on device: cuda:0
[2025-07-06 18:36:38,618] [DEBUG] [TEST] Batch 1 | Pred shape: torch.Size([256, 256, 160]) | Label shape: torch.Size([256, 256, 160])
[2025-07-06 18:36:38,770] [DEBUG] [TEST] Batch 2 | Pred shape: torch.Size([256, 256, 160]) | Label shape: torch.Size([256, 256, 160])
[2025-07-06 18:36:38,989] [DEBUG] [TEST] Batch 3 | Pred shape: torch.Size([256, 256, 160]) | Label shape: torch.Size([256, 256, 160])
[2025-07-06 18:36:39,235] [DEBUG] [TEST] Batch 4 | Pred shape: torch.Size([256, 256, 160]) | Label shape: torch.Size([256, 256, 160])
[2025-07-06 18:36:39,490] [DEBUG] [TEST] Batch 5 | Pred shape: torch.Size([256, 256, 160]) | Label shape: torch.Size([256, 256, 160])
[2025-07-06 18:36:39,743] [DEBUG] [TEST] Batch 6 | Pred shape: torch.Size([256, 256, 160]) | Label shape: torch.Size([256, 256, 160])
[2025-07-06 18:36:39,935] [DEBUG] [TEST] Batch 7 | Pred shape: torch.Size([256, 256, 160]) | Label shape: torch.Size([256, 256, 160])
[2025-07-06 18:36:40,127] [DEBUG] [TEST] Batch 8 | Pred shape: torch.Size([256, 256, 160]) | Label shape: torch.Size([256, 256, 160])
[2025-07-06 18:36:40,182] [DEBUG] [TEST] Batch 9 | Pred shape: torch.Size([256, 256, 160]) | Label shape: torch.Size([256, 256, 160])
[2025-07-06 18:36:40,242] [DEBUG] [TEST] Batch 10 | Pred shape: torch.Size([256, 256, 160]) | Label shape: torch.Size([256, 256, 160])
[2025-07-06 18:36:46,300] [INFO] [EVALUATE] Dice WT: 0.4188
[2025-07-06 18:36:51,218] [INFO] [FIT] Received parameters. Starting local training...
[2025-07-06 18:36:55,185] [INFO] [DEBUG] Loaded compressed decoded weights.
[2025-07-06 18:36:55,375] [ERROR] [MODEL PARAMETER ERROR] Layer model.1.submodule.1.submodule.1.submodule.1.submodule.conv.unit1.conv.bias corrupted: mean=2.0316658577712587e-08, std=3.7739621916443866e-07
[2025-07-06 18:37:38,037] [INFO] Model initialized on device: cuda:0
[2025-07-06 18:37:40,202] [INFO] Model initialized on device: cuda:0
[2025-07-06 18:37:40,470] [INFO] Model initialized on device: cuda:0
[2025-07-06 18:37:40,476] [INFO] Model initialized on device: cuda:0
[2025-07-06 18:37:40,486] [INFO] Model initialized on device: cuda:0
[2025-07-06 18:37:40,615] [INFO] Model initialized on device: cuda:0
[2025-07-06 18:37:40,793] [INFO] Model initialized on device: cuda:0
[2025-07-06 18:37:40,806] [INFO] Model initialized on device: cuda:0
[2025-07-06 18:38:46,435] [INFO] [TRAIN] Epoch 1 Loss: 0.9584
[2025-07-06 18:39:17,891] [INFO] Model initialized on device: cuda:0
[2025-07-06 18:39:20,185] [INFO] Model initialized on device: cuda:0
[2025-07-06 18:39:20,276] [INFO] Model initialized on device: cuda:0
[2025-07-06 18:39:21,300] [INFO] Model initialized on device: cuda:0
[2025-07-06 18:39:30,703] [INFO] Model initialized on device: cuda:0
[2025-07-06 18:39:30,897] [INFO] Model initialized on device: cuda:0
[2025-07-06 18:39:31,019] [INFO] Model initialized on device: cuda:0
[2025-07-06 18:39:31,188] [INFO] Model initialized on device: cuda:0
[2025-07-06 18:40:32,314] [INFO] [TRAIN] Epoch 2 Loss: 0.9576
[2025-07-06 18:41:07,380] [INFO] Model initialized on device: cuda:0
[2025-07-06 18:41:07,381] [INFO] Model initialized on device: cuda:0
[2025-07-06 18:41:08,392] [INFO] Model initialized on device: cuda:0
[2025-07-06 18:41:08,480] [INFO] Model initialized on device: cuda:0
[2025-07-06 18:41:08,582] [INFO] Model initialized on device: cuda:0
[2025-07-06 18:41:08,584] [INFO] Model initialized on device: cuda:0
[2025-07-06 18:41:08,878] [INFO] Model initialized on device: cuda:0
[2025-07-06 18:41:09,072] [INFO] Model initialized on device: cuda:0
[2025-07-06 18:42:11,273] [INFO] [TRAIN] Epoch 3 Loss: 0.9571
[2025-07-06 18:42:39,775] [INFO] Model initialized on device: cuda:0
[2025-07-06 18:42:40,588] [INFO] Model initialized on device: cuda:0
[2025-07-06 18:42:44,473] [INFO] Model initialized on device: cuda:0
[2025-07-06 18:42:44,487] [INFO] Model initialized on device: cuda:0
[2025-07-06 18:42:44,509] [INFO] Model initialized on device: cuda:0
[2025-07-06 18:42:44,787] [INFO] Model initialized on device: cuda:0
[2025-07-06 18:42:44,790] [INFO] Model initialized on device: cuda:0
[2025-07-06 18:42:44,880] [INFO] Model initialized on device: cuda:0
[2025-07-06 18:43:45,675] [INFO] [TRAIN] Epoch 4 Loss: 0.9564
[2025-07-06 18:44:12,973] [INFO] Model initialized on device: cuda:0
[2025-07-06 18:44:13,200] [INFO] Model initialized on device: cuda:0
[2025-07-06 18:44:17,378] [INFO] Model initialized on device: cuda:0
[2025-07-06 18:44:17,776] [INFO] Model initialized on device: cuda:0
[2025-07-06 18:44:18,080] [INFO] Model initialized on device: cuda:0
[2025-07-06 18:44:18,084] [INFO] Model initialized on device: cuda:0
[2025-07-06 18:44:18,109] [INFO] Model initialized on device: cuda:0
[2025-07-06 18:44:18,110] [INFO] Model initialized on device: cuda:0
[2025-07-06 18:45:19,776] [INFO] [TRAIN] Epoch 5 Loss: 0.9559
[2025-07-06 18:45:19,777] [INFO] [FIT] Local training finished. Avg Loss: 0.9571
[2025-07-06 18:45:42,426] [INFO] Model initialized on device: cuda:0
[2025-07-06 18:45:42,531] [INFO] Model initialized on device: cuda:0
[2025-07-06 18:45:43,180] [INFO] Model initialized on device: cuda:0
[2025-07-06 18:45:45,414] [INFO] Model initialized on device: cuda:0
[2025-07-06 18:45:45,492] [INFO] Model initialized on device: cuda:0
[2025-07-06 18:45:45,579] [INFO] Model initialized on device: cuda:0
[2025-07-06 18:45:45,692] [INFO] Model initialized on device: cuda:0
[2025-07-06 18:45:45,694] [INFO] Model initialized on device: cuda:0
[2025-07-06 18:45:48,802] [DEBUG] [TEST] Batch 1 | Pred shape: torch.Size([256, 256, 160]) | Label shape: torch.Size([256, 256, 160])
[2025-07-06 18:45:48,871] [DEBUG] [TEST] Batch 2 | Pred shape: torch.Size([256, 256, 160]) | Label shape: torch.Size([256, 256, 160])
[2025-07-06 18:45:49,028] [DEBUG] [TEST] Batch 3 | Pred shape: torch.Size([256, 256, 160]) | Label shape: torch.Size([256, 256, 160])
[2025-07-06 18:45:49,151] [DEBUG] [TEST] Batch 4 | Pred shape: torch.Size([256, 256, 160]) | Label shape: torch.Size([256, 256, 160])
[2025-07-06 18:45:49,294] [DEBUG] [TEST] Batch 5 | Pred shape: torch.Size([256, 256, 160]) | Label shape: torch.Size([256, 256, 160])
[2025-07-06 18:45:49,382] [DEBUG] [TEST] Batch 6 | Pred shape: torch.Size([256, 256, 160]) | Label shape: torch.Size([256, 256, 160])
[2025-07-06 18:45:49,440] [DEBUG] [TEST] Batch 7 | Pred shape: torch.Size([256, 256, 160]) | Label shape: torch.Size([256, 256, 160])
[2025-07-06 18:45:49,521] [DEBUG] [TEST] Batch 8 | Pred shape: torch.Size([256, 256, 160]) | Label shape: torch.Size([256, 256, 160])
[2025-07-06 18:45:50,796] [DEBUG] [TEST] Batch 9 | Pred shape: torch.Size([256, 256, 160]) | Label shape: torch.Size([256, 256, 160])
[2025-07-06 18:45:50,853] [DEBUG] [TEST] Batch 10 | Pred shape: torch.Size([256, 256, 160]) | Label shape: torch.Size([256, 256, 160])
[2025-07-06 18:45:53,752] [INFO] [FIT] Final model saved to: Run_UNET_R3IID30%_fedWSOcompC32_20250706/Client3/model_final.pth
[2025-07-06 18:46:47,986] [INFO] [EVALUATE] Starting evaluation...
[2025-07-06 18:46:50,486] [INFO] [DEBUG] Loaded compressed decoded weights.
[2025-07-06 18:47:33,891] [INFO] Model initialized on device: cuda:0
[2025-07-06 18:47:34,036] [INFO] Model initialized on device: cuda:0
[2025-07-06 18:47:34,101] [INFO] Model initialized on device: cuda:0
[2025-07-06 18:47:36,453] [INFO] Model initialized on device: cuda:0
[2025-07-06 18:47:36,731] [INFO] Model initialized on device: cuda:0
[2025-07-06 18:47:36,970] [INFO] Model initialized on device: cuda:0
[2025-07-06 18:47:36,971] [INFO] Model initialized on device: cuda:0
[2025-07-06 18:47:36,973] [INFO] Model initialized on device: cuda:0
[2025-07-06 18:47:40,283] [DEBUG] [TEST] Batch 1 | Pred shape: torch.Size([256, 256, 160]) | Label shape: torch.Size([256, 256, 160])
[2025-07-06 18:47:40,539] [DEBUG] [TEST] Batch 2 | Pred shape: torch.Size([256, 256, 160]) | Label shape: torch.Size([256, 256, 160])
[2025-07-06 18:47:40,595] [DEBUG] [TEST] Batch 3 | Pred shape: torch.Size([256, 256, 160]) | Label shape: torch.Size([256, 256, 160])
[2025-07-06 18:47:40,709] [DEBUG] [TEST] Batch 4 | Pred shape: torch.Size([256, 256, 160]) | Label shape: torch.Size([256, 256, 160])
[2025-07-06 18:47:40,839] [DEBUG] [TEST] Batch 5 | Pred shape: torch.Size([256, 256, 160]) | Label shape: torch.Size([256, 256, 160])
[2025-07-06 18:47:41,024] [DEBUG] [TEST] Batch 6 | Pred shape: torch.Size([256, 256, 160]) | Label shape: torch.Size([256, 256, 160])
[2025-07-06 18:47:41,219] [DEBUG] [TEST] Batch 7 | Pred shape: torch.Size([256, 256, 160]) | Label shape: torch.Size([256, 256, 160])
[2025-07-06 18:47:41,410] [DEBUG] [TEST] Batch 8 | Pred shape: torch.Size([256, 256, 160]) | Label shape: torch.Size([256, 256, 160])
[2025-07-06 18:47:42,565] [DEBUG] [TEST] Batch 9 | Pred shape: torch.Size([256, 256, 160]) | Label shape: torch.Size([256, 256, 160])
[2025-07-06 18:47:42,623] [DEBUG] [TEST] Batch 10 | Pred shape: torch.Size([256, 256, 160]) | Label shape: torch.Size([256, 256, 160])
[2025-07-06 18:47:45,843] [INFO] [EVALUATE] Dice WT: 0.5004
[2025-07-06 18:47:50,778] [INFO] [FIT] Received parameters. Starting local training...
[2025-07-06 18:47:55,174] [INFO] [DEBUG] Loaded compressed decoded weights.
[2025-07-06 18:47:55,275] [ERROR] [MODEL PARAMETER ERROR] Layer model.1.submodule.1.submodule.1.submodule.1.submodule.conv.unit0.conv.bias corrupted: mean=7.457350292838782e-09, std=3.8963341353337455e-07
[2025-07-06 18:47:55,276] [ERROR] [MODEL PARAMETER ERROR] Layer model.1.submodule.1.submodule.1.submodule.1.submodule.conv.unit1.conv.bias corrupted: mean=-3.0428978448071575e-08, std=4.862776563641091e-07
[2025-07-06 18:48:40,318] [INFO] Model initialized on device: cuda:0
[2025-07-06 18:48:40,912] [INFO] Model initialized on device: cuda:0
[2025-07-06 18:48:41,482] [INFO] Model initialized on device: cuda:0
[2025-07-06 18:48:41,484] [INFO] Model initialized on device: cuda:0
[2025-07-06 18:48:41,986] [INFO] Model initialized on device: cuda:0
[2025-07-06 18:48:41,986] [INFO] Model initialized on device: cuda:0
[2025-07-06 18:48:41,986] [INFO] Model initialized on device: cuda:0
[2025-07-06 18:48:41,993] [INFO] Model initialized on device: cuda:0
[2025-07-06 18:49:47,001] [INFO] [TRAIN] Epoch 1 Loss: 0.9566
[2025-07-06 18:50:30,508] [INFO] Model initialized on device: cuda:0
[2025-07-06 18:50:30,508] [INFO] Model initialized on device: cuda:0
[2025-07-06 18:50:30,797] [INFO] Model initialized on device: cuda:0
[2025-07-06 18:50:30,893] [INFO] Model initialized on device: cuda:0
[2025-07-06 18:50:31,014] [INFO] Model initialized on device: cuda:0
[2025-07-06 18:50:31,096] [INFO] Model initialized on device: cuda:0
[2025-07-06 18:50:31,170] [INFO] Model initialized on device: cuda:0
[2025-07-06 18:50:31,178] [INFO] Model initialized on device: cuda:0
[2025-07-06 18:51:37,680] [INFO] [TRAIN] Epoch 2 Loss: 0.9555
[2025-07-06 18:52:10,380] [INFO] Model initialized on device: cuda:0
[2025-07-06 18:52:15,389] [INFO] Model initialized on device: cuda:0
[2025-07-06 18:52:17,986] [INFO] Model initialized on device: cuda:0
[2025-07-06 18:52:18,583] [INFO] Model initialized on device: cuda:0
[2025-07-06 18:52:18,709] [INFO] Model initialized on device: cuda:0
[2025-07-06 18:52:18,787] [INFO] Model initialized on device: cuda:0
[2025-07-06 18:52:18,790] [INFO] Model initialized on device: cuda:0
[2025-07-06 18:52:18,794] [INFO] Model initialized on device: cuda:0
[2025-07-06 18:53:21,865] [INFO] [TRAIN] Epoch 3 Loss: 0.9547
[2025-07-06 18:53:57,677] [INFO] Model initialized on device: cuda:0
[2025-07-06 18:54:01,395] [INFO] Model initialized on device: cuda:0
[2025-07-06 18:54:01,713] [INFO] Model initialized on device: cuda:0
[2025-07-06 18:54:02,093] [INFO] Model initialized on device: cuda:0
[2025-07-06 18:54:02,289] [INFO] Model initialized on device: cuda:0
[2025-07-06 18:54:02,415] [INFO] Model initialized on device: cuda:0
[2025-07-06 18:54:02,473] [INFO] Model initialized on device: cuda:0
[2025-07-06 18:54:02,475] [INFO] Model initialized on device: cuda:0
[2025-07-06 18:55:02,870] [INFO] [TRAIN] Epoch 4 Loss: 0.9540
[2025-07-06 18:55:30,180] [INFO] Model initialized on device: cuda:0
[2025-07-06 18:55:31,890] [INFO] Model initialized on device: cuda:0
[2025-07-06 18:55:32,485] [INFO] Model initialized on device: cuda:0
[2025-07-06 18:55:33,079] [INFO] Model initialized on device: cuda:0
[2025-07-06 18:55:36,288] [INFO] Model initialized on device: cuda:0
[2025-07-06 18:55:40,815] [INFO] Model initialized on device: cuda:0
[2025-07-06 18:55:41,413] [INFO] Model initialized on device: cuda:0
[2025-07-06 18:55:41,501] [INFO] Model initialized on device: cuda:0
[2025-07-06 18:56:38,190] [INFO] [TRAIN] Epoch 5 Loss: 0.9531
[2025-07-06 18:56:38,191] [INFO] [FIT] Local training finished. Avg Loss: 0.9548
[2025-07-06 18:56:56,429] [INFO] Model initialized on device: cuda:0
[2025-07-06 18:56:56,614] [INFO] Model initialized on device: cuda:0
[2025-07-06 18:56:57,429] [INFO] Model initialized on device: cuda:0
[2025-07-06 18:56:57,429] [INFO] Model initialized on device: cuda:0
[2025-07-06 18:56:57,983] [INFO] Model initialized on device: cuda:0
[2025-07-06 18:56:58,330] [INFO] Model initialized on device: cuda:0
[2025-07-06 18:56:58,333] [INFO] Model initialized on device: cuda:0
[2025-07-06 18:56:58,351] [INFO] Model initialized on device: cuda:0
[2025-07-06 18:57:01,063] [DEBUG] [TEST] Batch 1 | Pred shape: torch.Size([256, 256, 160]) | Label shape: torch.Size([256, 256, 160])
[2025-07-06 18:57:01,161] [DEBUG] [TEST] Batch 2 | Pred shape: torch.Size([256, 256, 160]) | Label shape: torch.Size([256, 256, 160])
[2025-07-06 18:57:01,219] [DEBUG] [TEST] Batch 3 | Pred shape: torch.Size([256, 256, 160]) | Label shape: torch.Size([256, 256, 160])
[2025-07-06 18:57:01,278] [DEBUG] [TEST] Batch 4 | Pred shape: torch.Size([256, 256, 160]) | Label shape: torch.Size([256, 256, 160])
[2025-07-06 18:57:01,334] [DEBUG] [TEST] Batch 5 | Pred shape: torch.Size([256, 256, 160]) | Label shape: torch.Size([256, 256, 160])
[2025-07-06 18:57:01,395] [DEBUG] [TEST] Batch 6 | Pred shape: torch.Size([256, 256, 160]) | Label shape: torch.Size([256, 256, 160])
[2025-07-06 18:57:01,451] [DEBUG] [TEST] Batch 7 | Pred shape: torch.Size([256, 256, 160]) | Label shape: torch.Size([256, 256, 160])
[2025-07-06 18:57:01,511] [DEBUG] [TEST] Batch 8 | Pred shape: torch.Size([256, 256, 160]) | Label shape: torch.Size([256, 256, 160])
[2025-07-06 18:57:03,075] [DEBUG] [TEST] Batch 9 | Pred shape: torch.Size([256, 256, 160]) | Label shape: torch.Size([256, 256, 160])
[2025-07-06 18:57:03,134] [DEBUG] [TEST] Batch 10 | Pred shape: torch.Size([256, 256, 160]) | Label shape: torch.Size([256, 256, 160])
[2025-07-06 18:57:05,485] [INFO] [FIT] Final model saved to: Run_UNET_R3IID30%_fedWSOcompC32_20250706/Client3/model_final.pth
[2025-07-06 18:57:52,522] [INFO] [EVALUATE] Starting evaluation...
[2025-07-06 18:57:54,677] [INFO] [DEBUG] Loaded compressed decoded weights.
[2025-07-06 18:58:44,701] [INFO] Model initialized on device: cuda:0
[2025-07-06 18:58:44,832] [INFO] Model initialized on device: cuda:0
[2025-07-06 18:58:44,911] [INFO] Model initialized on device: cuda:0
[2025-07-06 18:58:44,996] [INFO] Model initialized on device: cuda:0
[2025-07-06 18:58:45,673] [INFO] Model initialized on device: cuda:0
[2025-07-06 18:58:45,783] [INFO] Model initialized on device: cuda:0
[2025-07-06 18:58:45,874] [INFO] Model initialized on device: cuda:0
[2025-07-06 18:58:45,970] [INFO] Model initialized on device: cuda:0
[2025-07-06 18:58:49,676] [DEBUG] [TEST] Batch 1 | Pred shape: torch.Size([256, 256, 160]) | Label shape: torch.Size([256, 256, 160])
[2025-07-06 18:58:51,093] [DEBUG] [TEST] Batch 2 | Pred shape: torch.Size([256, 256, 160]) | Label shape: torch.Size([256, 256, 160])
[2025-07-06 18:58:51,288] [DEBUG] [TEST] Batch 3 | Pred shape: torch.Size([256, 256, 160]) | Label shape: torch.Size([256, 256, 160])
[2025-07-06 18:58:51,547] [DEBUG] [TEST] Batch 4 | Pred shape: torch.Size([256, 256, 160]) | Label shape: torch.Size([256, 256, 160])
[2025-07-06 18:58:51,745] [DEBUG] [TEST] Batch 5 | Pred shape: torch.Size([256, 256, 160]) | Label shape: torch.Size([256, 256, 160])
[2025-07-06 18:58:51,995] [DEBUG] [TEST] Batch 6 | Pred shape: torch.Size([256, 256, 160]) | Label shape: torch.Size([256, 256, 160])
[2025-07-06 18:58:52,237] [DEBUG] [TEST] Batch 7 | Pred shape: torch.Size([256, 256, 160]) | Label shape: torch.Size([256, 256, 160])
[2025-07-06 18:58:52,473] [DEBUG] [TEST] Batch 8 | Pred shape: torch.Size([256, 256, 160]) | Label shape: torch.Size([256, 256, 160])
[2025-07-06 18:58:52,714] [DEBUG] [TEST] Batch 9 | Pred shape: torch.Size([256, 256, 160]) | Label shape: torch.Size([256, 256, 160])
[2025-07-06 18:58:53,385] [DEBUG] [TEST] Batch 10 | Pred shape: torch.Size([256, 256, 160]) | Label shape: torch.Size([256, 256, 160])
[2025-07-06 18:58:59,215] [INFO] [EVALUATE] Dice WT: 0.7566
[2025-07-06 18:59:03,777] [INFO] [FIT] Received parameters. Starting local training...
[2025-07-06 18:59:09,077] [INFO] [DEBUG] Loaded compressed decoded weights.
[2025-07-06 18:59:09,172] [ERROR] [MODEL PARAMETER ERROR] Layer model.1.submodule.1.submodule.1.submodule.1.submodule.conv.unit0.conv.bias corrupted: mean=-2.7612630404405536e-08, std=4.5794121206199634e-07
[2025-07-06 18:59:09,172] [ERROR] [MODEL PARAMETER ERROR] Layer model.1.submodule.1.submodule.1.submodule.1.submodule.conv.unit1.conv.bias corrupted: mean=-3.383318158967086e-08, std=6.911171226420265e-07
[2025-07-06 18:59:53,782] [INFO] Model initialized on device: cuda:0
[2025-07-06 18:59:53,782] [INFO] Model initialized on device: cuda:0
[2025-07-06 18:59:53,804] [INFO] Model initialized on device: cuda:0
[2025-07-06 18:59:53,878] [INFO] Model initialized on device: cuda:0
[2025-07-06 18:59:53,906] [INFO] Model initialized on device: cuda:0
[2025-07-06 18:59:53,907] [INFO] Model initialized on device: cuda:0
[2025-07-06 18:59:53,989] [INFO] Model initialized on device: cuda:0
[2025-07-06 18:59:54,013] [INFO] Model initialized on device: cuda:0
[2025-07-06 19:01:04,117] [INFO] [TRAIN] Epoch 1 Loss: 0.9542
[2025-07-06 19:01:39,510] [INFO] Model initialized on device: cuda:0
[2025-07-06 19:01:40,970] [INFO] Model initialized on device: cuda:0
[2025-07-06 19:01:41,119] [INFO] Model initialized on device: cuda:0
[2025-07-06 19:01:41,410] [INFO] Model initialized on device: cuda:0
[2025-07-06 19:01:43,077] [INFO] Model initialized on device: cuda:0
[2025-07-06 19:01:43,175] [INFO] Model initialized on device: cuda:0
[2025-07-06 19:01:44,816] [INFO] Model initialized on device: cuda:0
[2025-07-06 19:01:46,935] [INFO] Model initialized on device: cuda:0
[2025-07-06 19:02:49,446] [INFO] [TRAIN] Epoch 2 Loss: 0.9530
[2025-07-06 19:03:18,195] [INFO] Model initialized on device: cuda:0
[2025-07-06 19:03:19,482] [INFO] Model initialized on device: cuda:0
[2025-07-06 19:03:20,500] [INFO] Model initialized on device: cuda:0
[2025-07-06 19:03:21,579] [INFO] Model initialized on device: cuda:0
[2025-07-06 19:03:21,581] [INFO] Model initialized on device: cuda:0
[2025-07-06 19:03:21,591] [INFO] Model initialized on device: cuda:0
[2025-07-06 19:03:21,595] [INFO] Model initialized on device: cuda:0
[2025-07-06 19:03:21,608] [INFO] Model initialized on device: cuda:0
[2025-07-06 19:04:22,814] [INFO] [TRAIN] Epoch 3 Loss: 0.9519
[2025-07-06 19:04:45,204] [INFO] Model initialized on device: cuda:0
[2025-07-06 19:04:48,387] [INFO] Model initialized on device: cuda:0
[2025-07-06 19:04:50,584] [INFO] Model initialized on device: cuda:0
[2025-07-06 19:04:50,772] [INFO] Model initialized on device: cuda:0
[2025-07-06 19:04:50,780] [INFO] Model initialized on device: cuda:0
[2025-07-06 19:04:50,780] [INFO] Model initialized on device: cuda:0
[2025-07-06 19:04:50,786] [INFO] Model initialized on device: cuda:0
[2025-07-06 19:04:50,786] [INFO] Model initialized on device: cuda:0
[2025-07-06 19:05:52,128] [INFO] [TRAIN] Epoch 4 Loss: 0.9508
[2025-07-06 19:06:17,574] [INFO] Model initialized on device: cuda:0
[2025-07-06 19:06:18,110] [INFO] Model initialized on device: cuda:0
[2025-07-06 19:06:21,130] [INFO] Model initialized on device: cuda:0
[2025-07-06 19:06:21,184] [INFO] Model initialized on device: cuda:0
[2025-07-06 19:06:21,986] [INFO] Model initialized on device: cuda:0
[2025-07-06 19:06:22,105] [INFO] Model initialized on device: cuda:0
[2025-07-06 19:06:22,282] [INFO] Model initialized on device: cuda:0
[2025-07-06 19:06:22,680] [INFO] Model initialized on device: cuda:0
[2025-07-06 19:07:23,370] [INFO] [TRAIN] Epoch 5 Loss: 0.9497
[2025-07-06 19:07:23,372] [INFO] [FIT] Local training finished. Avg Loss: 0.9519
[2025-07-06 19:07:48,614] [INFO] Model initialized on device: cuda:0
[2025-07-06 19:07:48,806] [INFO] Model initialized on device: cuda:0
[2025-07-06 19:07:49,325] [INFO] Model initialized on device: cuda:0
[2025-07-06 19:07:49,801] [INFO] Model initialized on device: cuda:0
[2025-07-06 19:07:50,370] [INFO] Model initialized on device: cuda:0
[2025-07-06 19:07:50,581] [INFO] Model initialized on device: cuda:0
[2025-07-06 19:07:50,583] [INFO] Model initialized on device: cuda:0
[2025-07-06 19:07:50,677] [INFO] Model initialized on device: cuda:0
[2025-07-06 19:07:54,778] [DEBUG] [TEST] Batch 1 | Pred shape: torch.Size([256, 256, 160]) | Label shape: torch.Size([256, 256, 160])
[2025-07-06 19:07:54,837] [DEBUG] [TEST] Batch 2 | Pred shape: torch.Size([256, 256, 160]) | Label shape: torch.Size([256, 256, 160])
[2025-07-06 19:07:54,916] [DEBUG] [TEST] Batch 3 | Pred shape: torch.Size([256, 256, 160]) | Label shape: torch.Size([256, 256, 160])
[2025-07-06 19:07:54,976] [DEBUG] [TEST] Batch 4 | Pred shape: torch.Size([256, 256, 160]) | Label shape: torch.Size([256, 256, 160])
[2025-07-06 19:07:55,078] [DEBUG] [TEST] Batch 5 | Pred shape: torch.Size([256, 256, 160]) | Label shape: torch.Size([256, 256, 160])
[2025-07-06 19:07:55,179] [DEBUG] [TEST] Batch 6 | Pred shape: torch.Size([256, 256, 160]) | Label shape: torch.Size([256, 256, 160])
[2025-07-06 19:07:55,378] [DEBUG] [TEST] Batch 7 | Pred shape: torch.Size([256, 256, 160]) | Label shape: torch.Size([256, 256, 160])
[2025-07-06 19:07:55,477] [DEBUG] [TEST] Batch 8 | Pred shape: torch.Size([256, 256, 160]) | Label shape: torch.Size([256, 256, 160])
[2025-07-06 19:07:58,238] [DEBUG] [TEST] Batch 9 | Pred shape: torch.Size([256, 256, 160]) | Label shape: torch.Size([256, 256, 160])
[2025-07-06 19:07:58,294] [DEBUG] [TEST] Batch 10 | Pred shape: torch.Size([256, 256, 160]) | Label shape: torch.Size([256, 256, 160])
[2025-07-06 19:08:01,729] [INFO] [FIT] Final model saved to: Run_UNET_R3IID30%_fedWSOcompC32_20250706/Client3/model_final.pth
[2025-07-06 19:09:08,973] [INFO] [EVALUATE] Starting evaluation...
[2025-07-06 19:09:12,976] [INFO] [DEBUG] Loaded compressed decoded weights.
[2025-07-06 19:09:56,516] [INFO] Model initialized on device: cuda:0
[2025-07-06 19:09:56,529] [INFO] Model initialized on device: cuda:0
[2025-07-06 19:09:56,531] [INFO] Model initialized on device: cuda:0
[2025-07-06 19:09:56,602] [INFO] Model initialized on device: cuda:0
[2025-07-06 19:09:56,804] [INFO] Model initialized on device: cuda:0
[2025-07-06 19:09:56,814] [INFO] Model initialized on device: cuda:0
[2025-07-06 19:09:56,818] [INFO] Model initialized on device: cuda:0
[2025-07-06 19:09:56,828] [INFO] Model initialized on device: cuda:0
[2025-07-06 19:10:00,881] [DEBUG] [TEST] Batch 1 | Pred shape: torch.Size([256, 256, 160]) | Label shape: torch.Size([256, 256, 160])
[2025-07-06 19:10:00,981] [DEBUG] [TEST] Batch 2 | Pred shape: torch.Size([256, 256, 160]) | Label shape: torch.Size([256, 256, 160])
[2025-07-06 19:10:01,099] [DEBUG] [TEST] Batch 3 | Pred shape: torch.Size([256, 256, 160]) | Label shape: torch.Size([256, 256, 160])
[2025-07-06 19:10:01,484] [DEBUG] [TEST] Batch 4 | Pred shape: torch.Size([256, 256, 160]) | Label shape: torch.Size([256, 256, 160])
[2025-07-06 19:10:01,608] [DEBUG] [TEST] Batch 5 | Pred shape: torch.Size([256, 256, 160]) | Label shape: torch.Size([256, 256, 160])
[2025-07-06 19:10:01,734] [DEBUG] [TEST] Batch 6 | Pred shape: torch.Size([256, 256, 160]) | Label shape: torch.Size([256, 256, 160])
[2025-07-06 19:10:01,858] [DEBUG] [TEST] Batch 7 | Pred shape: torch.Size([256, 256, 160]) | Label shape: torch.Size([256, 256, 160])
[2025-07-06 19:10:01,977] [DEBUG] [TEST] Batch 8 | Pred shape: torch.Size([256, 256, 160]) | Label shape: torch.Size([256, 256, 160])
[2025-07-06 19:10:03,100] [DEBUG] [TEST] Batch 9 | Pred shape: torch.Size([256, 256, 160]) | Label shape: torch.Size([256, 256, 160])
[2025-07-06 19:10:03,157] [DEBUG] [TEST] Batch 10 | Pred shape: torch.Size([256, 256, 160]) | Label shape: torch.Size([256, 256, 160])
[2025-07-06 19:10:06,024] [INFO] [EVALUATE] Dice WT: 0.7154
[2025-07-06 19:10:09,252] [INFO] [FIT] Received parameters. Starting local training...
[2025-07-06 19:10:11,378] [INFO] [DEBUG] Loaded compressed decoded weights.
[2025-07-06 19:10:11,391] [ERROR] [MODEL PARAMETER ERROR] Layer model.1.submodule.1.submodule.1.submodule.1.submodule.conv.unit0.conv.bias corrupted: mean=-1.1269362332200217e-08, std=4.1006825313161244e-07
[2025-07-06 19:10:11,391] [ERROR] [MODEL PARAMETER ERROR] Layer model.1.submodule.1.submodule.1.submodule.1.submodule.conv.unit1.conv.bias corrupted: mean=4.460239466652638e-08, std=5.505917783921177e-07
[2025-07-06 19:11:02,978] [INFO] Model initialized on device: cuda:0
[2025-07-06 19:11:03,030] [INFO] Model initialized on device: cuda:0
[2025-07-06 19:11:03,187] [INFO] Model initialized on device: cuda:0
[2025-07-06 19:11:03,977] [INFO] Model initialized on device: cuda:0
[2025-07-06 19:11:04,012] [INFO] Model initialized on device: cuda:0
[2025-07-06 19:11:04,012] [INFO] Model initialized on device: cuda:0
[2025-07-06 19:11:04,108] [INFO] Model initialized on device: cuda:0
[2025-07-06 19:11:04,176] [INFO] Model initialized on device: cuda:0
[2025-07-06 19:12:14,099] [INFO] [TRAIN] Epoch 1 Loss: 0.9511
[2025-07-06 19:13:01,430] [INFO] Model initialized on device: cuda:0
[2025-07-06 19:13:01,874] [INFO] Model initialized on device: cuda:0
[2025-07-06 19:13:01,989] [INFO] Model initialized on device: cuda:0
[2025-07-06 19:13:01,991] [INFO] Model initialized on device: cuda:0
[2025-07-06 19:13:02,107] [INFO] Model initialized on device: cuda:0
[2025-07-06 19:13:02,275] [INFO] Model initialized on device: cuda:0
[2025-07-06 19:13:02,410] [INFO] Model initialized on device: cuda:0
[2025-07-06 19:13:02,418] [INFO] Model initialized on device: cuda:0
[2025-07-06 19:14:11,137] [INFO] [TRAIN] Epoch 2 Loss: 0.9494
[2025-07-06 19:14:53,673] [INFO] Model initialized on device: cuda:0
[2025-07-06 19:14:54,188] [INFO] Model initialized on device: cuda:0
[2025-07-06 19:14:54,200] [INFO] Model initialized on device: cuda:0
[2025-07-06 19:14:54,279] [INFO] Model initialized on device: cuda:0
[2025-07-06 19:14:54,317] [INFO] Model initialized on device: cuda:0
[2025-07-06 19:14:54,370] [INFO] Model initialized on device: cuda:0
[2025-07-06 19:14:54,375] [INFO] Model initialized on device: cuda:0
[2025-07-06 19:14:54,378] [INFO] Model initialized on device: cuda:0
[2025-07-06 19:15:57,106] [INFO] [TRAIN] Epoch 3 Loss: 0.9482
[2025-07-06 19:16:38,070] [INFO] Model initialized on device: cuda:0
[2025-07-06 19:16:38,070] [INFO] Model initialized on device: cuda:0
[2025-07-06 19:16:38,194] [INFO] Model initialized on device: cuda:0
[2025-07-06 19:16:38,301] [INFO] Model initialized on device: cuda:0
[2025-07-06 19:16:38,379] [INFO] Model initialized on device: cuda:0
[2025-07-06 19:16:38,582] [INFO] Model initialized on device: cuda:0
[2025-07-06 19:16:38,690] [INFO] Model initialized on device: cuda:0
[2025-07-06 19:16:38,811] [INFO] Model initialized on device: cuda:0
[2025-07-06 19:17:40,275] [INFO] [TRAIN] Epoch 4 Loss: 0.9467
[2025-07-06 19:18:19,883] [INFO] Model initialized on device: cuda:0
[2025-07-06 19:18:21,020] [INFO] Model initialized on device: cuda:0
[2025-07-06 19:18:21,382] [INFO] Model initialized on device: cuda:0
[2025-07-06 19:18:21,890] [INFO] Model initialized on device: cuda:0
[2025-07-06 19:18:22,015] [INFO] Model initialized on device: cuda:0
[2025-07-06 19:18:22,211] [INFO] Model initialized on device: cuda:0
[2025-07-06 19:18:22,474] [INFO] Model initialized on device: cuda:0
[2025-07-06 19:18:22,481] [INFO] Model initialized on device: cuda:0
[2025-07-06 19:19:23,578] [INFO] [TRAIN] Epoch 5 Loss: 0.9450
[2025-07-06 19:19:23,580] [INFO] [FIT] Local training finished. Avg Loss: 0.9481
[2025-07-06 19:20:07,123] [INFO] Model initialized on device: cuda:0
[2025-07-06 19:20:07,378] [INFO] Model initialized on device: cuda:0
[2025-07-06 19:20:07,504] [INFO] Model initialized on device: cuda:0
[2025-07-06 19:20:07,711] [INFO] Model initialized on device: cuda:0
[2025-07-06 19:20:07,878] [INFO] Model initialized on device: cuda:0
[2025-07-06 19:20:07,899] [INFO] Model initialized on device: cuda:0
[2025-07-06 19:20:07,987] [INFO] Model initialized on device: cuda:0
[2025-07-06 19:20:08,010] [INFO] Model initialized on device: cuda:0
[2025-07-06 19:20:12,116] [DEBUG] [TEST] Batch 1 | Pred shape: torch.Size([256, 256, 160]) | Label shape: torch.Size([256, 256, 160])
[2025-07-06 19:20:13,079] [DEBUG] [TEST] Batch 2 | Pred shape: torch.Size([256, 256, 160]) | Label shape: torch.Size([256, 256, 160])
[2025-07-06 19:20:13,137] [DEBUG] [TEST] Batch 3 | Pred shape: torch.Size([256, 256, 160]) | Label shape: torch.Size([256, 256, 160])
[2025-07-06 19:20:13,292] [DEBUG] [TEST] Batch 4 | Pred shape: torch.Size([256, 256, 160]) | Label shape: torch.Size([256, 256, 160])
[2025-07-06 19:20:13,457] [DEBUG] [TEST] Batch 5 | Pred shape: torch.Size([256, 256, 160]) | Label shape: torch.Size([256, 256, 160])
[2025-07-06 19:20:13,714] [DEBUG] [TEST] Batch 6 | Pred shape: torch.Size([256, 256, 160]) | Label shape: torch.Size([256, 256, 160])
[2025-07-06 19:20:13,944] [DEBUG] [TEST] Batch 7 | Pred shape: torch.Size([256, 256, 160]) | Label shape: torch.Size([256, 256, 160])
[2025-07-06 19:20:14,175] [DEBUG] [TEST] Batch 8 | Pred shape: torch.Size([256, 256, 160]) | Label shape: torch.Size([256, 256, 160])
[2025-07-06 19:20:14,614] [DEBUG] [TEST] Batch 9 | Pred shape: torch.Size([256, 256, 160]) | Label shape: torch.Size([256, 256, 160])
[2025-07-06 19:20:15,245] [DEBUG] [TEST] Batch 10 | Pred shape: torch.Size([256, 256, 160]) | Label shape: torch.Size([256, 256, 160])
[2025-07-06 19:20:20,701] [INFO] [FIT] Final model saved to: Run_UNET_R3IID30%_fedWSOcompC32_20250706/Client3/model_final.pth
[2025-07-06 19:21:09,247] [INFO] [EVALUATE] Starting evaluation...
[2025-07-06 19:21:14,779] [INFO] [DEBUG] Loaded compressed decoded weights.
[2025-07-06 19:21:59,097] [INFO] Model initialized on device: cuda:0
[2025-07-06 19:21:59,251] [INFO] Model initialized on device: cuda:0
[2025-07-06 19:21:59,770] [INFO] Model initialized on device: cuda:0
[2025-07-06 19:21:59,801] [INFO] Model initialized on device: cuda:0
[2025-07-06 19:22:00,110] [INFO] Model initialized on device: cuda:0
[2025-07-06 19:22:00,171] [INFO] Model initialized on device: cuda:0
[2025-07-06 19:22:00,176] [INFO] Model initialized on device: cuda:0
[2025-07-06 19:22:00,176] [INFO] Model initialized on device: cuda:0
[2025-07-06 19:22:03,777] [DEBUG] [TEST] Batch 1 | Pred shape: torch.Size([256, 256, 160]) | Label shape: torch.Size([256, 256, 160])
[2025-07-06 19:22:05,444] [DEBUG] [TEST] Batch 2 | Pred shape: torch.Size([256, 256, 160]) | Label shape: torch.Size([256, 256, 160])
[2025-07-06 19:22:05,605] [DEBUG] [TEST] Batch 3 | Pred shape: torch.Size([256, 256, 160]) | Label shape: torch.Size([256, 256, 160])
[2025-07-06 19:22:05,774] [DEBUG] [TEST] Batch 4 | Pred shape: torch.Size([256, 256, 160]) | Label shape: torch.Size([256, 256, 160])
[2025-07-06 19:22:05,954] [DEBUG] [TEST] Batch 5 | Pred shape: torch.Size([256, 256, 160]) | Label shape: torch.Size([256, 256, 160])
[2025-07-06 19:22:06,136] [DEBUG] [TEST] Batch 6 | Pred shape: torch.Size([256, 256, 160]) | Label shape: torch.Size([256, 256, 160])
[2025-07-06 19:22:06,323] [DEBUG] [TEST] Batch 7 | Pred shape: torch.Size([256, 256, 160]) | Label shape: torch.Size([256, 256, 160])
[2025-07-06 19:22:06,563] [DEBUG] [TEST] Batch 8 | Pred shape: torch.Size([256, 256, 160]) | Label shape: torch.Size([256, 256, 160])
[2025-07-06 19:22:06,761] [DEBUG] [TEST] Batch 9 | Pred shape: torch.Size([256, 256, 160]) | Label shape: torch.Size([256, 256, 160])
[2025-07-06 19:22:07,399] [DEBUG] [TEST] Batch 10 | Pred shape: torch.Size([256, 256, 160]) | Label shape: torch.Size([256, 256, 160])
[2025-07-06 19:22:12,830] [INFO] [EVALUATE] Dice WT: 0.8693
[2025-07-06 19:22:17,497] [INFO] [FIT] Received parameters. Starting local training...
[2025-07-06 19:22:22,285] [INFO] [DEBUG] Loaded compressed decoded weights.
[2025-07-06 19:22:22,384] [ERROR] [MODEL PARAMETER ERROR] Layer model.1.submodule.1.submodule.1.submodule.1.submodule.conv.unit0.conv.bias corrupted: mean=1.3059732850706496e-08, std=7.130587391657173e-07
[2025-07-06 19:22:22,385] [ERROR] [MODEL PARAMETER ERROR] Layer model.1.submodule.1.submodule.1.submodule.1.submodule.conv.unit1.conv.bias corrupted: mean=-2.380000552193451e-08, std=8.81382618445059e-07
[2025-07-06 19:23:06,384] [INFO] Model initialized on device: cuda:0
[2025-07-06 19:23:06,914] [INFO] Model initialized on device: cuda:0
[2025-07-06 19:23:07,014] [INFO] Model initialized on device: cuda:0
[2025-07-06 19:23:07,075] [INFO] Model initialized on device: cuda:0
[2025-07-06 19:23:07,078] [INFO] Model initialized on device: cuda:0
[2025-07-06 19:23:07,085] [INFO] Model initialized on device: cuda:0
[2025-07-06 19:23:07,086] [INFO] Model initialized on device: cuda:0
[2025-07-06 19:23:07,088] [INFO] Model initialized on device: cuda:0
[2025-07-06 19:24:10,723] [INFO] [TRAIN] Epoch 1 Loss: 0.9470
[2025-07-06 19:24:44,308] [INFO] Model initialized on device: cuda:0
[2025-07-06 19:24:49,377] [INFO] Model initialized on device: cuda:0
[2025-07-06 19:24:50,076] [INFO] Model initialized on device: cuda:0
[2025-07-06 19:24:50,116] [INFO] Model initialized on device: cuda:0
[2025-07-06 19:24:51,984] [INFO] Model initialized on device: cuda:0
[2025-07-06 19:24:52,588] [INFO] Model initialized on device: cuda:0
[2025-07-06 19:24:53,885] [INFO] Model initialized on device: cuda:0
[2025-07-06 19:24:53,895] [INFO] Model initialized on device: cuda:0
[2025-07-06 19:25:54,842] [INFO] [TRAIN] Epoch 2 Loss: 0.9454
[2025-07-06 19:26:25,880] [INFO] Model initialized on device: cuda:0
[2025-07-06 19:26:28,181] [INFO] Model initialized on device: cuda:0
[2025-07-06 19:26:28,673] [INFO] Model initialized on device: cuda:0
[2025-07-06 19:26:29,195] [INFO] Model initialized on device: cuda:0
[2025-07-06 19:26:29,488] [INFO] Model initialized on device: cuda:0
[2025-07-06 19:26:31,876] [INFO] Model initialized on device: cuda:0
[2025-07-06 19:26:33,287] [INFO] Model initialized on device: cuda:0
[2025-07-06 19:26:35,082] [INFO] Model initialized on device: cuda:0
[2025-07-06 19:27:34,670] [INFO] [TRAIN] Epoch 3 Loss: 0.9432
[2025-07-06 19:27:59,076] [INFO] Model initialized on device: cuda:0
[2025-07-06 19:28:01,602] [INFO] Model initialized on device: cuda:0
[2025-07-06 19:28:03,913] [INFO] Model initialized on device: cuda:0
[2025-07-06 19:28:04,506] [INFO] Model initialized on device: cuda:0
[2025-07-06 19:28:04,889] [INFO] Model initialized on device: cuda:0
[2025-07-06 19:28:04,890] [INFO] Model initialized on device: cuda:0
[2025-07-06 19:28:04,976] [INFO] Model initialized on device: cuda:0
[2025-07-06 19:28:05,280] [INFO] Model initialized on device: cuda:0
[2025-07-06 19:29:05,673] [INFO] [TRAIN] Epoch 4 Loss: 0.9413
[2025-07-06 19:29:32,277] [INFO] Model initialized on device: cuda:0
[2025-07-06 19:29:35,173] [INFO] Model initialized on device: cuda:0
[2025-07-06 19:29:35,588] [INFO] Model initialized on device: cuda:0
[2025-07-06 19:29:36,677] [INFO] Model initialized on device: cuda:0
[2025-07-06 19:29:37,073] [INFO] Model initialized on device: cuda:0
[2025-07-06 19:29:37,107] [INFO] Model initialized on device: cuda:0
[2025-07-06 19:29:37,174] [INFO] Model initialized on device: cuda:0
[2025-07-06 19:29:37,186] [INFO] Model initialized on device: cuda:0
[2025-07-06 19:30:37,316] [INFO] [TRAIN] Epoch 5 Loss: 0.9393
[2025-07-06 19:30:37,317] [INFO] [FIT] Local training finished. Avg Loss: 0.9432
[2025-07-06 19:30:57,777] [INFO] Model initialized on device: cuda:0
[2025-07-06 19:30:58,816] [INFO] Model initialized on device: cuda:0
[2025-07-06 19:30:59,316] [INFO] Model initialized on device: cuda:0
[2025-07-06 19:31:01,609] [INFO] Model initialized on device: cuda:0
[2025-07-06 19:31:01,975] [INFO] Model initialized on device: cuda:0
[2025-07-06 19:31:02,011] [INFO] Model initialized on device: cuda:0
[2025-07-06 19:31:02,020] [INFO] Model initialized on device: cuda:0
[2025-07-06 19:31:02,070] [INFO] Model initialized on device: cuda:0
[2025-07-06 19:31:04,938] [DEBUG] [TEST] Batch 1 | Pred shape: torch.Size([256, 256, 160]) | Label shape: torch.Size([256, 256, 160])
[2025-07-06 19:31:05,003] [DEBUG] [TEST] Batch 2 | Pred shape: torch.Size([256, 256, 160]) | Label shape: torch.Size([256, 256, 160])
[2025-07-06 19:31:05,480] [DEBUG] [TEST] Batch 3 | Pred shape: torch.Size([256, 256, 160]) | Label shape: torch.Size([256, 256, 160])
[2025-07-06 19:31:05,560] [DEBUG] [TEST] Batch 4 | Pred shape: torch.Size([256, 256, 160]) | Label shape: torch.Size([256, 256, 160])
[2025-07-06 19:31:05,618] [DEBUG] [TEST] Batch 5 | Pred shape: torch.Size([256, 256, 160]) | Label shape: torch.Size([256, 256, 160])
[2025-07-06 19:31:05,673] [DEBUG] [TEST] Batch 6 | Pred shape: torch.Size([256, 256, 160]) | Label shape: torch.Size([256, 256, 160])
[2025-07-06 19:31:05,740] [DEBUG] [TEST] Batch 7 | Pred shape: torch.Size([256, 256, 160]) | Label shape: torch.Size([256, 256, 160])
[2025-07-06 19:31:05,798] [DEBUG] [TEST] Batch 8 | Pred shape: torch.Size([256, 256, 160]) | Label shape: torch.Size([256, 256, 160])
[2025-07-06 19:31:07,179] [DEBUG] [TEST] Batch 9 | Pred shape: torch.Size([256, 256, 160]) | Label shape: torch.Size([256, 256, 160])
[2025-07-06 19:31:07,343] [DEBUG] [TEST] Batch 10 | Pred shape: torch.Size([256, 256, 160]) | Label shape: torch.Size([256, 256, 160])
[2025-07-06 19:31:09,895] [INFO] [FIT] Final model saved to: Run_UNET_R3IID30%_fedWSOcompC32_20250706/Client3/model_final.pth
[2025-07-06 19:32:00,792] [INFO] [EVALUATE] Starting evaluation...
[2025-07-06 19:32:04,588] [INFO] [DEBUG] Loaded compressed decoded weights.
[2025-07-06 19:32:41,028] [INFO] Model initialized on device: cuda:0
[2025-07-06 19:32:41,120] [INFO] Model initialized on device: cuda:0
[2025-07-06 19:32:42,403] [INFO] Model initialized on device: cuda:0
[2025-07-06 19:32:42,903] [INFO] Model initialized on device: cuda:0
[2025-07-06 19:32:44,875] [DEBUG] [TEST] Batch 1 | Pred shape: torch.Size([256, 256, 160]) | Label shape: torch.Size([256, 256, 160])
[2025-07-06 19:32:44,930] [DEBUG] [TEST] Batch 2 | Pred shape: torch.Size([256, 256, 160]) | Label shape: torch.Size([256, 256, 160])
[2025-07-06 19:32:49,190] [INFO] Model initialized on device: cuda:0
[2025-07-06 19:32:49,585] [INFO] Model initialized on device: cuda:0
[2025-07-06 19:32:49,664] [INFO] Model initialized on device: cuda:0
[2025-07-06 19:32:49,666] [INFO] Model initialized on device: cuda:0
[2025-07-06 19:32:52,584] [DEBUG] [TEST] Batch 3 | Pred shape: torch.Size([256, 256, 160]) | Label shape: torch.Size([256, 256, 160])
[2025-07-06 19:32:52,691] [DEBUG] [TEST] Batch 4 | Pred shape: torch.Size([256, 256, 160]) | Label shape: torch.Size([256, 256, 160])
[2025-07-06 19:32:52,787] [DEBUG] [TEST] Batch 5 | Pred shape: torch.Size([256, 256, 160]) | Label shape: torch.Size([256, 256, 160])
[2025-07-06 19:32:52,860] [DEBUG] [TEST] Batch 6 | Pred shape: torch.Size([256, 256, 160]) | Label shape: torch.Size([256, 256, 160])
[2025-07-06 19:32:52,975] [DEBUG] [TEST] Batch 7 | Pred shape: torch.Size([256, 256, 160]) | Label shape: torch.Size([256, 256, 160])
[2025-07-06 19:32:53,093] [DEBUG] [TEST] Batch 8 | Pred shape: torch.Size([256, 256, 160]) | Label shape: torch.Size([256, 256, 160])
[2025-07-06 19:32:53,217] [DEBUG] [TEST] Batch 9 | Pred shape: torch.Size([256, 256, 160]) | Label shape: torch.Size([256, 256, 160])
[2025-07-06 19:32:53,342] [DEBUG] [TEST] Batch 10 | Pred shape: torch.Size([256, 256, 160]) | Label shape: torch.Size([256, 256, 160])
[2025-07-06 19:32:55,818] [INFO] [EVALUATE] Dice WT: 0.8873
[2025-07-06 19:33:02,629] [INFO] [FIT] Received parameters. Starting local training...
[2025-07-06 19:33:06,681] [INFO] [DEBUG] Loaded compressed decoded weights.
[2025-07-06 19:33:06,782] [ERROR] [MODEL PARAMETER ERROR] Layer model.1.submodule.1.submodule.1.submodule.1.submodule.conv.unit0.conv.bias corrupted: mean=-5.4373106905813984e-08, std=7.57421332764352e-07
[2025-07-06 19:33:06,783] [ERROR] [MODEL PARAMETER ERROR] Layer model.1.submodule.1.submodule.1.submodule.1.submodule.conv.unit1.conv.bias corrupted: mean=1.9124057004660244e-08, std=8.368874659936409e-07
[2025-07-06 19:33:50,890] [INFO] Model initialized on device: cuda:0
[2025-07-06 19:33:51,084] [INFO] Model initialized on device: cuda:0
[2025-07-06 19:33:51,384] [INFO] Model initialized on device: cuda:0
[2025-07-06 19:33:51,400] [INFO] Model initialized on device: cuda:0
[2025-07-06 19:33:51,486] [INFO] Model initialized on device: cuda:0
[2025-07-06 19:33:51,488] [INFO] Model initialized on device: cuda:0
[2025-07-06 19:33:51,488] [INFO] Model initialized on device: cuda:0
[2025-07-06 19:33:51,492] [INFO] Model initialized on device: cuda:0
[2025-07-06 19:34:59,489] [INFO] [TRAIN] Epoch 1 Loss: 0.9418
[2025-07-06 19:35:34,488] [INFO] Model initialized on device: cuda:0
[2025-07-06 19:35:34,908] [INFO] Model initialized on device: cuda:0
[2025-07-06 19:35:35,875] [INFO] Model initialized on device: cuda:0
[2025-07-06 19:35:43,030] [INFO] Model initialized on device: cuda:0
[2025-07-06 19:35:43,074] [INFO] Model initialized on device: cuda:0
[2025-07-06 19:35:45,384] [INFO] Model initialized on device: cuda:0
[2025-07-06 19:35:45,606] [INFO] Model initialized on device: cuda:0
[2025-07-06 19:35:45,619] [INFO] Model initialized on device: cuda:0
[2025-07-06 19:36:46,414] [INFO] [TRAIN] Epoch 2 Loss: 0.9397
[2025-07-06 19:37:15,079] [INFO] Model initialized on device: cuda:0
[2025-07-06 19:37:17,381] [INFO] Model initialized on device: cuda:0
[2025-07-06 19:37:18,203] [INFO] Model initialized on device: cuda:0
[2025-07-06 19:37:19,327] [INFO] Model initialized on device: cuda:0
[2025-07-06 19:37:19,689] [INFO] Model initialized on device: cuda:0
[2025-07-06 19:37:19,703] [INFO] Model initialized on device: cuda:0
[2025-07-06 19:37:19,705] [INFO] Model initialized on device: cuda:0
[2025-07-06 19:37:19,815] [INFO] Model initialized on device: cuda:0
[2025-07-06 19:38:19,919] [INFO] [TRAIN] Epoch 3 Loss: 0.9370
[2025-07-06 19:38:45,378] [INFO] Model initialized on device: cuda:0
[2025-07-06 19:38:45,613] [INFO] Model initialized on device: cuda:0
[2025-07-06 19:38:46,985] [INFO] Model initialized on device: cuda:0
[2025-07-06 19:38:47,012] [INFO] Model initialized on device: cuda:0
[2025-07-06 19:38:47,291] [INFO] Model initialized on device: cuda:0
[2025-07-06 19:38:48,489] [INFO] Model initialized on device: cuda:0
[2025-07-06 19:38:48,508] [INFO] Model initialized on device: cuda:0
[2025-07-06 19:38:48,518] [INFO] Model initialized on device: cuda:0
[2025-07-06 19:39:47,372] [INFO] [TRAIN] Epoch 4 Loss: 0.9348
[2025-07-06 19:40:13,309] [INFO] Model initialized on device: cuda:0
[2025-07-06 19:40:13,803] [INFO] Model initialized on device: cuda:0
[2025-07-06 19:40:14,476] [INFO] Model initialized on device: cuda:0
[2025-07-06 19:40:14,585] [INFO] Model initialized on device: cuda:0
[2025-07-06 19:40:14,609] [INFO] Model initialized on device: cuda:0
[2025-07-06 19:40:14,984] [INFO] Model initialized on device: cuda:0
[2025-07-06 19:40:15,178] [INFO] Model initialized on device: cuda:0
[2025-07-06 19:40:15,278] [INFO] Model initialized on device: cuda:0
[2025-07-06 19:41:17,720] [INFO] [TRAIN] Epoch 5 Loss: 0.9320
[2025-07-06 19:41:17,721] [INFO] [FIT] Local training finished. Avg Loss: 0.9371
[2025-07-06 19:41:44,031] [INFO] Model initialized on device: cuda:0
[2025-07-06 19:41:44,324] [INFO] Model initialized on device: cuda:0
[2025-07-06 19:41:45,892] [INFO] Model initialized on device: cuda:0
[2025-07-06 19:41:45,975] [INFO] Model initialized on device: cuda:0
[2025-07-06 19:41:45,991] [INFO] Model initialized on device: cuda:0
[2025-07-06 19:41:45,992] [INFO] Model initialized on device: cuda:0
[2025-07-06 19:41:45,994] [INFO] Model initialized on device: cuda:0
[2025-07-06 19:41:45,994] [INFO] Model initialized on device: cuda:0
[2025-07-06 19:41:51,471] [DEBUG] [TEST] Batch 1 | Pred shape: torch.Size([256, 256, 160]) | Label shape: torch.Size([256, 256, 160])
[2025-07-06 19:41:51,527] [DEBUG] [TEST] Batch 2 | Pred shape: torch.Size([256, 256, 160]) | Label shape: torch.Size([256, 256, 160])
[2025-07-06 19:41:51,585] [DEBUG] [TEST] Batch 3 | Pred shape: torch.Size([256, 256, 160]) | Label shape: torch.Size([256, 256, 160])
[2025-07-06 19:41:51,677] [DEBUG] [TEST] Batch 4 | Pred shape: torch.Size([256, 256, 160]) | Label shape: torch.Size([256, 256, 160])
[2025-07-06 19:41:51,773] [DEBUG] [TEST] Batch 5 | Pred shape: torch.Size([256, 256, 160]) | Label shape: torch.Size([256, 256, 160])
[2025-07-06 19:41:51,828] [DEBUG] [TEST] Batch 6 | Pred shape: torch.Size([256, 256, 160]) | Label shape: torch.Size([256, 256, 160])
[2025-07-06 19:41:51,888] [DEBUG] [TEST] Batch 7 | Pred shape: torch.Size([256, 256, 160]) | Label shape: torch.Size([256, 256, 160])
[2025-07-06 19:41:51,944] [DEBUG] [TEST] Batch 8 | Pred shape: torch.Size([256, 256, 160]) | Label shape: torch.Size([256, 256, 160])
[2025-07-06 19:41:54,606] [DEBUG] [TEST] Batch 9 | Pred shape: torch.Size([256, 256, 160]) | Label shape: torch.Size([256, 256, 160])
[2025-07-06 19:41:54,662] [DEBUG] [TEST] Batch 10 | Pred shape: torch.Size([256, 256, 160]) | Label shape: torch.Size([256, 256, 160])
[2025-07-06 19:41:58,129] [INFO] [FIT] Final model saved to: Run_UNET_R3IID30%_fedWSOcompC32_20250706/Client3/model_final.pth
[2025-07-06 19:42:53,627] [INFO] [EVALUATE] Starting evaluation...
[2025-07-06 19:42:55,677] [INFO] [DEBUG] Loaded compressed decoded weights.
[2025-07-06 19:43:36,476] [INFO] Model initialized on device: cuda:0
[2025-07-06 19:43:36,532] [INFO] Model initialized on device: cuda:0
[2025-07-06 19:43:36,536] [INFO] Model initialized on device: cuda:0
[2025-07-06 19:43:36,540] [INFO] Model initialized on device: cuda:0
[2025-07-06 19:43:36,577] [INFO] Model initialized on device: cuda:0
[2025-07-06 19:43:36,696] [INFO] Model initialized on device: cuda:0
[2025-07-06 19:43:36,702] [INFO] Model initialized on device: cuda:0
[2025-07-06 19:43:36,716] [INFO] Model initialized on device: cuda:0
[2025-07-06 19:43:38,972] [DEBUG] [TEST] Batch 1 | Pred shape: torch.Size([256, 256, 160]) | Label shape: torch.Size([256, 256, 160])
[2025-07-06 19:43:39,095] [DEBUG] [TEST] Batch 2 | Pred shape: torch.Size([256, 256, 160]) | Label shape: torch.Size([256, 256, 160])
[2025-07-06 19:43:39,419] [DEBUG] [TEST] Batch 3 | Pred shape: torch.Size([256, 256, 160]) | Label shape: torch.Size([256, 256, 160])
[2025-07-06 19:43:39,670] [DEBUG] [TEST] Batch 4 | Pred shape: torch.Size([256, 256, 160]) | Label shape: torch.Size([256, 256, 160])
[2025-07-06 19:43:39,728] [DEBUG] [TEST] Batch 5 | Pred shape: torch.Size([256, 256, 160]) | Label shape: torch.Size([256, 256, 160])
[2025-07-06 19:43:39,785] [DEBUG] [TEST] Batch 6 | Pred shape: torch.Size([256, 256, 160]) | Label shape: torch.Size([256, 256, 160])
[2025-07-06 19:43:39,916] [DEBUG] [TEST] Batch 7 | Pred shape: torch.Size([256, 256, 160]) | Label shape: torch.Size([256, 256, 160])
[2025-07-06 19:43:39,973] [DEBUG] [TEST] Batch 8 | Pred shape: torch.Size([256, 256, 160]) | Label shape: torch.Size([256, 256, 160])
[2025-07-06 19:43:41,000] [DEBUG] [TEST] Batch 9 | Pred shape: torch.Size([256, 256, 160]) | Label shape: torch.Size([256, 256, 160])
[2025-07-06 19:43:41,093] [DEBUG] [TEST] Batch 10 | Pred shape: torch.Size([256, 256, 160]) | Label shape: torch.Size([256, 256, 160])
[2025-07-06 19:43:44,526] [INFO] [EVALUATE] Dice WT: 0.8971
[2025-07-06 19:43:56,823] [INFO] [FIT] Received parameters. Starting local training...
[2025-07-06 19:44:01,185] [INFO] [DEBUG] Loaded compressed decoded weights.
[2025-07-06 19:44:48,712] [INFO] Model initialized on device: cuda:0
[2025-07-06 19:44:48,713] [INFO] Model initialized on device: cuda:0
[2025-07-06 19:44:48,913] [INFO] Model initialized on device: cuda:0
[2025-07-06 19:44:49,408] [INFO] Model initialized on device: cuda:0
[2025-07-06 19:44:49,474] [INFO] Model initialized on device: cuda:0
[2025-07-06 19:44:49,475] [INFO] Model initialized on device: cuda:0
[2025-07-06 19:44:49,597] [INFO] Model initialized on device: cuda:0
[2025-07-06 19:44:49,601] [INFO] Model initialized on device: cuda:0
[2025-07-06 19:45:57,152] [INFO] [TRAIN] Epoch 1 Loss: 0.9350
[2025-07-06 19:46:45,269] [INFO] Model initialized on device: cuda:0
[2025-07-06 19:46:45,897] [INFO] Model initialized on device: cuda:0
[2025-07-06 19:46:45,914] [INFO] Model initialized on device: cuda:0
[2025-07-06 19:46:45,979] [INFO] Model initialized on device: cuda:0
[2025-07-06 19:46:46,093] [INFO] Model initialized on device: cuda:0
[2025-07-06 19:46:46,095] [INFO] Model initialized on device: cuda:0
[2025-07-06 19:46:46,670] [INFO] Model initialized on device: cuda:0
[2025-07-06 19:46:46,713] [INFO] Model initialized on device: cuda:0
[2025-07-06 19:47:51,072] [INFO] [TRAIN] Epoch 2 Loss: 0.9325
[2025-07-06 19:48:24,922] [INFO] Model initialized on device: cuda:0
[2025-07-06 19:48:25,008] [INFO] Model initialized on device: cuda:0
[2025-07-06 19:48:25,096] [INFO] Model initialized on device: cuda:0
[2025-07-06 19:48:25,181] [INFO] Model initialized on device: cuda:0
[2025-07-06 19:48:25,190] [INFO] Model initialized on device: cuda:0
[2025-07-06 19:48:25,209] [INFO] Model initialized on device: cuda:0
[2025-07-06 19:48:25,209] [INFO] Model initialized on device: cuda:0
[2025-07-06 19:48:25,210] [INFO] Model initialized on device: cuda:0
[2025-07-06 19:49:21,773] [INFO] [TRAIN] Epoch 3 Loss: 0.9293
[2025-07-06 19:49:49,586] [INFO] Model initialized on device: cuda:0
[2025-07-06 19:49:49,896] [INFO] Model initialized on device: cuda:0
[2025-07-06 19:49:49,973] [INFO] Model initialized on device: cuda:0
[2025-07-06 19:49:50,000] [INFO] Model initialized on device: cuda:0
[2025-07-06 19:49:50,013] [INFO] Model initialized on device: cuda:0
[2025-07-06 19:49:50,111] [INFO] Model initialized on device: cuda:0
[2025-07-06 19:49:50,112] [INFO] Model initialized on device: cuda:0
[2025-07-06 19:49:50,171] [INFO] Model initialized on device: cuda:0
[2025-07-06 19:50:46,375] [INFO] [TRAIN] Epoch 4 Loss: 0.9264
[2025-07-06 19:51:18,606] [INFO] Model initialized on device: cuda:0
[2025-07-06 19:51:18,778] [INFO] Model initialized on device: cuda:0
[2025-07-06 19:51:18,785] [INFO] Model initialized on device: cuda:0
[2025-07-06 19:51:18,785] [INFO] Model initialized on device: cuda:0
[2025-07-06 19:51:18,785] [INFO] Model initialized on device: cuda:0
[2025-07-06 19:51:18,787] [INFO] Model initialized on device: cuda:0
[2025-07-06 19:51:18,791] [INFO] Model initialized on device: cuda:0
[2025-07-06 19:51:18,793] [INFO] Model initialized on device: cuda:0
[2025-07-06 19:52:15,006] [INFO] [TRAIN] Epoch 5 Loss: 0.9233
[2025-07-06 19:52:15,007] [INFO] [FIT] Local training finished. Avg Loss: 0.9293
[2025-07-06 19:52:47,975] [INFO] Model initialized on device: cuda:0
[2025-07-06 19:52:48,106] [INFO] Model initialized on device: cuda:0
[2025-07-06 19:52:48,108] [INFO] Model initialized on device: cuda:0
[2025-07-06 19:52:48,270] [INFO] Model initialized on device: cuda:0
[2025-07-06 19:52:48,270] [INFO] Model initialized on device: cuda:0
[2025-07-06 19:52:48,286] [INFO] Model initialized on device: cuda:0
[2025-07-06 19:52:48,286] [INFO] Model initialized on device: cuda:0
[2025-07-06 19:52:48,287] [INFO] Model initialized on device: cuda:0
[2025-07-06 19:52:54,727] [DEBUG] [TEST] Batch 1 | Pred shape: torch.Size([256, 256, 160]) | Label shape: torch.Size([256, 256, 160])
[2025-07-06 19:52:54,877] [DEBUG] [TEST] Batch 2 | Pred shape: torch.Size([256, 256, 160]) | Label shape: torch.Size([256, 256, 160])
[2025-07-06 19:52:54,973] [DEBUG] [TEST] Batch 3 | Pred shape: torch.Size([256, 256, 160]) | Label shape: torch.Size([256, 256, 160])
[2025-07-06 19:52:55,070] [DEBUG] [TEST] Batch 4 | Pred shape: torch.Size([256, 256, 160]) | Label shape: torch.Size([256, 256, 160])
[2025-07-06 19:52:55,128] [DEBUG] [TEST] Batch 5 | Pred shape: torch.Size([256, 256, 160]) | Label shape: torch.Size([256, 256, 160])
[2025-07-06 19:52:55,219] [DEBUG] [TEST] Batch 6 | Pred shape: torch.Size([256, 256, 160]) | Label shape: torch.Size([256, 256, 160])
[2025-07-06 19:52:55,309] [DEBUG] [TEST] Batch 7 | Pred shape: torch.Size([256, 256, 160]) | Label shape: torch.Size([256, 256, 160])
[2025-07-06 19:52:55,377] [DEBUG] [TEST] Batch 8 | Pred shape: torch.Size([256, 256, 160]) | Label shape: torch.Size([256, 256, 160])
[2025-07-06 19:52:57,004] [DEBUG] [TEST] Batch 9 | Pred shape: torch.Size([256, 256, 160]) | Label shape: torch.Size([256, 256, 160])
[2025-07-06 19:52:57,449] [DEBUG] [TEST] Batch 10 | Pred shape: torch.Size([256, 256, 160]) | Label shape: torch.Size([256, 256, 160])
[2025-07-06 19:53:02,220] [INFO] [FIT] Final model saved to: Run_UNET_R3IID30%_fedWSOcompC32_20250706/Client3/model_final.pth
[2025-07-06 19:54:14,528] [INFO] [EVALUATE] Starting evaluation...
[2025-07-06 19:54:19,378] [INFO] [DEBUG] Loaded compressed decoded weights.
[2025-07-06 19:55:07,003] [INFO] Model initialized on device: cuda:0
[2025-07-06 19:55:07,490] [INFO] Model initialized on device: cuda:0
[2025-07-06 19:55:07,496] [INFO] Model initialized on device: cuda:0
[2025-07-06 19:55:07,518] [INFO] Model initialized on device: cuda:0
[2025-07-06 19:55:07,528] [INFO] Model initialized on device: cuda:0
[2025-07-06 19:55:07,529] [INFO] Model initialized on device: cuda:0
[2025-07-06 19:55:07,570] [INFO] Model initialized on device: cuda:0
[2025-07-06 19:55:07,578] [INFO] Model initialized on device: cuda:0
[2025-07-06 19:55:11,478] [DEBUG] [TEST] Batch 1 | Pred shape: torch.Size([256, 256, 160]) | Label shape: torch.Size([256, 256, 160])
[2025-07-06 19:55:11,615] [DEBUG] [TEST] Batch 2 | Pred shape: torch.Size([256, 256, 160]) | Label shape: torch.Size([256, 256, 160])
[2025-07-06 19:55:11,677] [DEBUG] [TEST] Batch 3 | Pred shape: torch.Size([256, 256, 160]) | Label shape: torch.Size([256, 256, 160])
[2025-07-06 19:55:11,738] [DEBUG] [TEST] Batch 4 | Pred shape: torch.Size([256, 256, 160]) | Label shape: torch.Size([256, 256, 160])
[2025-07-06 19:55:11,935] [DEBUG] [TEST] Batch 5 | Pred shape: torch.Size([256, 256, 160]) | Label shape: torch.Size([256, 256, 160])
[2025-07-06 19:55:12,078] [DEBUG] [TEST] Batch 6 | Pred shape: torch.Size([256, 256, 160]) | Label shape: torch.Size([256, 256, 160])
[2025-07-06 19:55:12,135] [DEBUG] [TEST] Batch 7 | Pred shape: torch.Size([256, 256, 160]) | Label shape: torch.Size([256, 256, 160])
[2025-07-06 19:55:12,218] [DEBUG] [TEST] Batch 8 | Pred shape: torch.Size([256, 256, 160]) | Label shape: torch.Size([256, 256, 160])
[2025-07-06 19:55:13,503] [DEBUG] [TEST] Batch 9 | Pred shape: torch.Size([256, 256, 160]) | Label shape: torch.Size([256, 256, 160])
[2025-07-06 19:55:13,561] [DEBUG] [TEST] Batch 10 | Pred shape: torch.Size([256, 256, 160]) | Label shape: torch.Size([256, 256, 160])
[2025-07-06 19:55:15,886] [INFO] [EVALUATE] Dice WT: 0.8981
[2025-07-06 19:55:20,571] [INFO] [FIT] Received parameters. Starting local training...
[2025-07-06 19:55:24,671] [INFO] [DEBUG] Loaded compressed decoded weights.
[2025-07-06 19:56:03,405] [INFO] Model initialized on device: cuda:0
[2025-07-06 19:56:03,847] [INFO] Model initialized on device: cuda:0
[2025-07-06 19:56:03,894] [INFO] Model initialized on device: cuda:0
[2025-07-06 19:56:05,063] [INFO] Model initialized on device: cuda:0
[2025-07-06 19:56:06,148] [INFO] Model initialized on device: cuda:0
[2025-07-06 19:56:12,676] [INFO] Model initialized on device: cuda:0
[2025-07-06 19:56:13,173] [INFO] Model initialized on device: cuda:0
[2025-07-06 19:56:13,190] [INFO] Model initialized on device: cuda:0
[2025-07-06 19:57:13,072] [INFO] [TRAIN] Epoch 1 Loss: 0.9269
[2025-07-06 19:57:48,399] [INFO] Model initialized on device: cuda:0
[2025-07-06 19:57:50,002] [INFO] Model initialized on device: cuda:0
[2025-07-06 19:57:50,357] [INFO] Model initialized on device: cuda:0
[2025-07-06 19:57:50,777] [INFO] Model initialized on device: cuda:0
[2025-07-06 19:57:51,099] [INFO] Model initialized on device: cuda:0
[2025-07-06 19:57:51,772] [INFO] Model initialized on device: cuda:0
[2025-07-06 19:57:51,875] [INFO] Model initialized on device: cuda:0
[2025-07-06 19:57:51,994] [INFO] Model initialized on device: cuda:0
[2025-07-06 19:58:50,429] [INFO] [TRAIN] Epoch 2 Loss: 0.9236
[2025-07-06 19:59:19,520] [INFO] Model initialized on device: cuda:0
[2025-07-06 19:59:20,521] [INFO] Model initialized on device: cuda:0
[2025-07-06 19:59:20,596] [INFO] Model initialized on device: cuda:0
[2025-07-06 19:59:20,674] [INFO] Model initialized on device: cuda:0
[2025-07-06 19:59:21,093] [INFO] Model initialized on device: cuda:0
[2025-07-06 19:59:21,300] [INFO] Model initialized on device: cuda:0
[2025-07-06 19:59:21,313] [INFO] Model initialized on device: cuda:0
[2025-07-06 19:59:21,392] [INFO] Model initialized on device: cuda:0
[2025-07-06 20:00:16,010] [INFO] [TRAIN] Epoch 3 Loss: 0.9202
[2025-07-06 20:00:40,211] [INFO] Model initialized on device: cuda:0
[2025-07-06 20:00:42,701] [INFO] Model initialized on device: cuda:0
[2025-07-06 20:00:45,173] [INFO] Model initialized on device: cuda:0
[2025-07-06 20:00:45,271] [INFO] Model initialized on device: cuda:0
[2025-07-06 20:00:45,274] [INFO] Model initialized on device: cuda:0
[2025-07-06 20:00:45,274] [INFO] Model initialized on device: cuda:0
[2025-07-06 20:00:45,276] [INFO] Model initialized on device: cuda:0
[2025-07-06 20:00:45,281] [INFO] Model initialized on device: cuda:0
[2025-07-06 20:01:39,824] [INFO] [TRAIN] Epoch 4 Loss: 0.9166
[2025-07-06 20:02:05,283] [INFO] Model initialized on device: cuda:0
[2025-07-06 20:02:05,600] [INFO] Model initialized on device: cuda:0
[2025-07-06 20:02:08,792] [INFO] Model initialized on device: cuda:0
[2025-07-06 20:02:09,077] [INFO] Model initialized on device: cuda:0
[2025-07-06 20:02:10,292] [INFO] Model initialized on device: cuda:0
[2025-07-06 20:02:10,302] [INFO] Model initialized on device: cuda:0
[2025-07-06 20:02:10,323] [INFO] Model initialized on device: cuda:0
[2025-07-06 20:02:10,326] [INFO] Model initialized on device: cuda:0
[2025-07-06 20:02:58,037] [INFO] [TRAIN] Epoch 5 Loss: 0.9130
[2025-07-06 20:02:58,038] [INFO] [FIT] Local training finished. Avg Loss: 0.9201
[2025-07-06 20:03:21,086] [INFO] Model initialized on device: cuda:0
[2025-07-06 20:03:24,213] [INFO] Model initialized on device: cuda:0
[2025-07-06 20:03:26,770] [INFO] Model initialized on device: cuda:0
[2025-07-06 20:03:26,790] [INFO] Model initialized on device: cuda:0
[2025-07-06 20:03:26,817] [INFO] Model initialized on device: cuda:0
[2025-07-06 20:03:26,821] [INFO] Model initialized on device: cuda:0
[2025-07-06 20:03:26,821] [INFO] Model initialized on device: cuda:0
[2025-07-06 20:03:26,821] [INFO] Model initialized on device: cuda:0
[2025-07-06 20:03:32,283] [DEBUG] [TEST] Batch 1 | Pred shape: torch.Size([256, 256, 160]) | Label shape: torch.Size([256, 256, 160])
[2025-07-06 20:03:32,470] [DEBUG] [TEST] Batch 2 | Pred shape: torch.Size([256, 256, 160]) | Label shape: torch.Size([256, 256, 160])
[2025-07-06 20:03:32,670] [DEBUG] [TEST] Batch 3 | Pred shape: torch.Size([256, 256, 160]) | Label shape: torch.Size([256, 256, 160])
[2025-07-06 20:03:32,815] [DEBUG] [TEST] Batch 4 | Pred shape: torch.Size([256, 256, 160]) | Label shape: torch.Size([256, 256, 160])
[2025-07-06 20:03:32,993] [DEBUG] [TEST] Batch 5 | Pred shape: torch.Size([256, 256, 160]) | Label shape: torch.Size([256, 256, 160])
[2025-07-06 20:03:33,078] [DEBUG] [TEST] Batch 6 | Pred shape: torch.Size([256, 256, 160]) | Label shape: torch.Size([256, 256, 160])
[2025-07-06 20:03:33,175] [DEBUG] [TEST] Batch 7 | Pred shape: torch.Size([256, 256, 160]) | Label shape: torch.Size([256, 256, 160])
[2025-07-06 20:03:33,233] [DEBUG] [TEST] Batch 8 | Pred shape: torch.Size([256, 256, 160]) | Label shape: torch.Size([256, 256, 160])
[2025-07-06 20:03:35,079] [DEBUG] [TEST] Batch 9 | Pred shape: torch.Size([256, 256, 160]) | Label shape: torch.Size([256, 256, 160])
[2025-07-06 20:03:35,380] [DEBUG] [TEST] Batch 10 | Pred shape: torch.Size([256, 256, 160]) | Label shape: torch.Size([256, 256, 160])
[2025-07-06 20:03:39,828] [INFO] [FIT] Final model saved to: Run_UNET_R3IID30%_fedWSOcompC32_20250706/Client3/model_final.pth
[2025-07-06 20:04:56,810] [INFO] [EVALUATE] Starting evaluation...
[2025-07-06 20:04:58,773] [INFO] [DEBUG] Loaded compressed decoded weights.
[2025-07-06 20:05:47,669] [INFO] Model initialized on device: cuda:0
[2025-07-06 20:05:49,773] [INFO] Model initialized on device: cuda:0
[2025-07-06 20:05:50,072] [INFO] Model initialized on device: cuda:0
[2025-07-06 20:05:50,279] [INFO] Model initialized on device: cuda:0
[2025-07-06 20:05:50,474] [INFO] Model initialized on device: cuda:0
[2025-07-06 20:05:50,771] [INFO] Model initialized on device: cuda:0
[2025-07-06 20:05:50,779] [INFO] Model initialized on device: cuda:0
[2025-07-06 20:05:50,783] [INFO] Model initialized on device: cuda:0
[2025-07-06 20:05:54,178] [DEBUG] [TEST] Batch 1 | Pred shape: torch.Size([256, 256, 160]) | Label shape: torch.Size([256, 256, 160])
[2025-07-06 20:05:55,207] [DEBUG] [TEST] Batch 2 | Pred shape: torch.Size([256, 256, 160]) | Label shape: torch.Size([256, 256, 160])
[2025-07-06 20:05:55,376] [DEBUG] [TEST] Batch 3 | Pred shape: torch.Size([256, 256, 160]) | Label shape: torch.Size([256, 256, 160])
[2025-07-06 20:05:55,770] [DEBUG] [TEST] Batch 4 | Pred shape: torch.Size([256, 256, 160]) | Label shape: torch.Size([256, 256, 160])
[2025-07-06 20:05:56,158] [DEBUG] [TEST] Batch 5 | Pred shape: torch.Size([256, 256, 160]) | Label shape: torch.Size([256, 256, 160])
[2025-07-06 20:05:56,214] [DEBUG] [TEST] Batch 6 | Pred shape: torch.Size([256, 256, 160]) | Label shape: torch.Size([256, 256, 160])
[2025-07-06 20:05:56,377] [DEBUG] [TEST] Batch 7 | Pred shape: torch.Size([256, 256, 160]) | Label shape: torch.Size([256, 256, 160])
[2025-07-06 20:05:56,601] [DEBUG] [TEST] Batch 8 | Pred shape: torch.Size([256, 256, 160]) | Label shape: torch.Size([256, 256, 160])
[2025-07-06 20:05:57,241] [DEBUG] [TEST] Batch 9 | Pred shape: torch.Size([256, 256, 160]) | Label shape: torch.Size([256, 256, 160])
[2025-07-06 20:05:57,619] [DEBUG] [TEST] Batch 10 | Pred shape: torch.Size([256, 256, 160]) | Label shape: torch.Size([256, 256, 160])
[2025-07-06 20:06:01,862] [INFO] [EVALUATE] Dice WT: 0.8845
[2025-07-06 20:06:06,695] [INFO] [FIT] Received parameters. Starting local training...
[2025-07-06 20:06:09,584] [INFO] [DEBUG] Loaded compressed decoded weights.
[2025-07-06 20:06:58,717] [INFO] Model initialized on device: cuda:0
[2025-07-06 20:06:58,796] [INFO] Model initialized on device: cuda:0
[2025-07-06 20:06:58,797] [INFO] Model initialized on device: cuda:0
[2025-07-06 20:06:59,148] [INFO] Model initialized on device: cuda:0
[2025-07-06 20:06:59,189] [INFO] Model initialized on device: cuda:0
[2025-07-06 20:06:59,213] [INFO] Model initialized on device: cuda:0
[2025-07-06 20:06:59,387] [INFO] Model initialized on device: cuda:0
[2025-07-06 20:06:59,917] [INFO] Model initialized on device: cuda:0
[2025-07-06 20:07:58,872] [INFO] [TRAIN] Epoch 1 Loss: 0.9180
[2025-07-06 20:08:47,478] [INFO] Model initialized on device: cuda:0
[2025-07-06 20:08:47,753] [INFO] Model initialized on device: cuda:0
[2025-07-06 20:08:48,288] [INFO] Model initialized on device: cuda:0
[2025-07-06 20:08:48,576] [INFO] Model initialized on device: cuda:0
[2025-07-06 20:08:48,970] [INFO] Model initialized on device: cuda:0
[2025-07-06 20:08:48,975] [INFO] Model initialized on device: cuda:0
[2025-07-06 20:08:49,072] [INFO] Model initialized on device: cuda:0
[2025-07-06 20:08:49,091] [INFO] Model initialized on device: cuda:0
[2025-07-06 20:09:53,176] [INFO] [TRAIN] Epoch 2 Loss: 0.9137
[2025-07-06 20:10:32,713] [INFO] Model initialized on device: cuda:0
[2025-07-06 20:10:33,020] [INFO] Model initialized on device: cuda:0
[2025-07-06 20:10:33,810] [INFO] Model initialized on device: cuda:0
[2025-07-06 20:10:33,826] [INFO] Model initialized on device: cuda:0
[2025-07-06 20:10:33,833] [INFO] Model initialized on device: cuda:0
[2025-07-06 20:10:33,889] [INFO] Model initialized on device: cuda:0
[2025-07-06 20:10:35,976] [INFO] Model initialized on device: cuda:0
[2025-07-06 20:10:36,130] [INFO] Model initialized on device: cuda:0
[2025-07-06 20:11:34,201] [INFO] [TRAIN] Epoch 3 Loss: 0.9095
[2025-07-06 20:12:13,718] [INFO] Model initialized on device: cuda:0
[2025-07-06 20:12:14,309] [INFO] Model initialized on device: cuda:0
[2025-07-06 20:12:14,370] [INFO] Model initialized on device: cuda:0
[2025-07-06 20:12:14,389] [INFO] Model initialized on device: cuda:0
[2025-07-06 20:12:14,573] [INFO] Model initialized on device: cuda:0
[2025-07-06 20:12:14,798] [INFO] Model initialized on device: cuda:0
[2025-07-06 20:12:14,815] [INFO] Model initialized on device: cuda:0
[2025-07-06 20:12:14,815] [INFO] Model initialized on device: cuda:0
[2025-07-06 20:13:16,024] [INFO] [TRAIN] Epoch 4 Loss: 0.9054
[2025-07-06 20:13:54,801] [INFO] Model initialized on device: cuda:0
[2025-07-06 20:13:54,966] [INFO] Model initialized on device: cuda:0
[2025-07-06 20:13:55,039] [INFO] Model initialized on device: cuda:0
[2025-07-06 20:13:55,080] [INFO] Model initialized on device: cuda:0
[2025-07-06 20:13:55,081] [INFO] Model initialized on device: cuda:0
[2025-07-06 20:13:56,204] [INFO] Model initialized on device: cuda:0
[2025-07-06 20:13:56,243] [INFO] Model initialized on device: cuda:0
[2025-07-06 20:13:56,403] [INFO] Model initialized on device: cuda:0
[2025-07-06 20:14:56,297] [INFO] [TRAIN] Epoch 5 Loss: 0.9010
[2025-07-06 20:14:56,298] [INFO] [FIT] Local training finished. Avg Loss: 0.9095
[2025-07-06 20:15:34,581] [INFO] Model initialized on device: cuda:0
[2025-07-06 20:15:35,121] [INFO] Model initialized on device: cuda:0
[2025-07-06 20:15:35,202] [INFO] Model initialized on device: cuda:0
[2025-07-06 20:15:35,212] [INFO] Model initialized on device: cuda:0
[2025-07-06 20:15:35,386] [INFO] Model initialized on device: cuda:0
[2025-07-06 20:15:35,414] [INFO] Model initialized on device: cuda:0
[2025-07-06 20:15:35,418] [INFO] Model initialized on device: cuda:0
[2025-07-06 20:15:35,513] [INFO] Model initialized on device: cuda:0
[2025-07-06 20:15:39,854] [DEBUG] [TEST] Batch 1 | Pred shape: torch.Size([256, 256, 160]) | Label shape: torch.Size([256, 256, 160])
[2025-07-06 20:15:39,983] [DEBUG] [TEST] Batch 2 | Pred shape: torch.Size([256, 256, 160]) | Label shape: torch.Size([256, 256, 160])
[2025-07-06 20:15:40,112] [DEBUG] [TEST] Batch 3 | Pred shape: torch.Size([256, 256, 160]) | Label shape: torch.Size([256, 256, 160])
[2025-07-06 20:15:40,240] [DEBUG] [TEST] Batch 4 | Pred shape: torch.Size([256, 256, 160]) | Label shape: torch.Size([256, 256, 160])
[2025-07-06 20:15:40,343] [DEBUG] [TEST] Batch 5 | Pred shape: torch.Size([256, 256, 160]) | Label shape: torch.Size([256, 256, 160])
[2025-07-06 20:15:40,445] [DEBUG] [TEST] Batch 6 | Pred shape: torch.Size([256, 256, 160]) | Label shape: torch.Size([256, 256, 160])
[2025-07-06 20:15:40,502] [DEBUG] [TEST] Batch 7 | Pred shape: torch.Size([256, 256, 160]) | Label shape: torch.Size([256, 256, 160])
[2025-07-06 20:15:40,574] [DEBUG] [TEST] Batch 8 | Pred shape: torch.Size([256, 256, 160]) | Label shape: torch.Size([256, 256, 160])
[2025-07-06 20:15:41,752] [DEBUG] [TEST] Batch 9 | Pred shape: torch.Size([256, 256, 160]) | Label shape: torch.Size([256, 256, 160])
[2025-07-06 20:15:41,809] [DEBUG] [TEST] Batch 10 | Pred shape: torch.Size([256, 256, 160]) | Label shape: torch.Size([256, 256, 160])
[2025-07-06 20:15:46,170] [INFO] [FIT] Final model saved to: Run_UNET_R3IID30%_fedWSOcompC32_20250706/Client3/model_final.pth
[2025-07-06 20:16:33,821] [INFO] [EVALUATE] Starting evaluation...
[2025-07-06 20:16:35,781] [INFO] [DEBUG] Loaded compressed decoded weights.
[2025-07-06 20:17:25,108] [INFO] Model initialized on device: cuda:0
[2025-07-06 20:17:27,177] [INFO] Model initialized on device: cuda:0
[2025-07-06 20:17:27,282] [INFO] Model initialized on device: cuda:0
[2025-07-06 20:17:27,398] [INFO] Model initialized on device: cuda:0
[2025-07-06 20:17:27,481] [INFO] Model initialized on device: cuda:0
[2025-07-06 20:17:27,493] [INFO] Model initialized on device: cuda:0
[2025-07-06 20:17:27,675] [INFO] Model initialized on device: cuda:0
[2025-07-06 20:17:27,676] [INFO] Model initialized on device: cuda:0
[2025-07-06 20:17:32,171] [DEBUG] [TEST] Batch 1 | Pred shape: torch.Size([256, 256, 160]) | Label shape: torch.Size([256, 256, 160])
[2025-07-06 20:17:32,347] [DEBUG] [TEST] Batch 2 | Pred shape: torch.Size([256, 256, 160]) | Label shape: torch.Size([256, 256, 160])
[2025-07-06 20:17:32,612] [DEBUG] [TEST] Batch 3 | Pred shape: torch.Size([256, 256, 160]) | Label shape: torch.Size([256, 256, 160])
[2025-07-06 20:17:32,843] [DEBUG] [TEST] Batch 4 | Pred shape: torch.Size([256, 256, 160]) | Label shape: torch.Size([256, 256, 160])
[2025-07-06 20:17:33,082] [DEBUG] [TEST] Batch 5 | Pred shape: torch.Size([256, 256, 160]) | Label shape: torch.Size([256, 256, 160])
[2025-07-06 20:17:33,327] [DEBUG] [TEST] Batch 6 | Pred shape: torch.Size([256, 256, 160]) | Label shape: torch.Size([256, 256, 160])
[2025-07-06 20:17:33,514] [DEBUG] [TEST] Batch 7 | Pred shape: torch.Size([256, 256, 160]) | Label shape: torch.Size([256, 256, 160])
[2025-07-06 20:17:33,710] [DEBUG] [TEST] Batch 8 | Pred shape: torch.Size([256, 256, 160]) | Label shape: torch.Size([256, 256, 160])
[2025-07-06 20:17:34,314] [DEBUG] [TEST] Batch 9 | Pred shape: torch.Size([256, 256, 160]) | Label shape: torch.Size([256, 256, 160])
[2025-07-06 20:17:34,369] [DEBUG] [TEST] Batch 10 | Pred shape: torch.Size([256, 256, 160]) | Label shape: torch.Size([256, 256, 160])
[2025-07-06 20:17:38,871] [INFO] [EVALUATE] Dice WT: 0.8825
[2025-07-06 20:17:45,929] [INFO] [FIT] Received parameters. Starting local training...
[2025-07-06 20:17:49,580] [INFO] [DEBUG] Loaded compressed decoded weights.
[2025-07-06 20:18:34,672] [INFO] Model initialized on device: cuda:0
[2025-07-06 20:18:34,775] [INFO] Model initialized on device: cuda:0
[2025-07-06 20:18:34,873] [INFO] Model initialized on device: cuda:0
[2025-07-06 20:18:35,001] [INFO] Model initialized on device: cuda:0
[2025-07-06 20:18:35,070] [INFO] Model initialized on device: cuda:0
[2025-07-06 20:18:35,072] [INFO] Model initialized on device: cuda:0
[2025-07-06 20:18:35,078] [INFO] Model initialized on device: cuda:0
[2025-07-06 20:18:35,079] [INFO] Model initialized on device: cuda:0
[2025-07-06 20:19:39,955] [INFO] [TRAIN] Epoch 1 Loss: 0.9064
[2025-07-06 20:20:16,617] [INFO] Model initialized on device: cuda:0
[2025-07-06 20:20:19,492] [INFO] Model initialized on device: cuda:0
[2025-07-06 20:20:25,910] [INFO] Model initialized on device: cuda:0
[2025-07-06 20:20:25,975] [INFO] Model initialized on device: cuda:0
[2025-07-06 20:20:25,991] [INFO] Model initialized on device: cuda:0
[2025-07-06 20:20:26,283] [INFO] Model initialized on device: cuda:0
[2025-07-06 20:20:26,298] [INFO] Model initialized on device: cuda:0
[2025-07-06 20:20:26,304] [INFO] Model initialized on device: cuda:0
[2025-07-06 20:21:26,004] [INFO] [TRAIN] Epoch 2 Loss: 0.9013
[2025-07-06 20:21:58,370] [INFO] Model initialized on device: cuda:0
[2025-07-06 20:21:59,474] [INFO] Model initialized on device: cuda:0
[2025-07-06 20:22:01,502] [INFO] Model initialized on device: cuda:0
[2025-07-06 20:22:01,718] [INFO] Model initialized on device: cuda:0
[2025-07-06 20:22:02,415] [INFO] Model initialized on device: cuda:0
[2025-07-06 20:22:02,482] [INFO] Model initialized on device: cuda:0
[2025-07-06 20:22:03,492] [INFO] Model initialized on device: cuda:0
[2025-07-06 20:22:05,498] [INFO] Model initialized on device: cuda:0
[2025-07-06 20:23:03,812] [INFO] [TRAIN] Epoch 3 Loss: 0.8965
[2025-07-06 20:23:31,692] [INFO] Model initialized on device: cuda:0
[2025-07-06 20:23:33,776] [INFO] Model initialized on device: cuda:0
[2025-07-06 20:23:35,173] [INFO] Model initialized on device: cuda:0
[2025-07-06 20:23:36,722] [INFO] Model initialized on device: cuda:0
[2025-07-06 20:23:36,984] [INFO] Model initialized on device: cuda:0
[2025-07-06 20:23:36,984] [INFO] Model initialized on device: cuda:0
[2025-07-06 20:23:36,984] [INFO] Model initialized on device: cuda:0
[2025-07-06 20:23:36,998] [INFO] Model initialized on device: cuda:0
[2025-07-06 20:24:36,447] [INFO] [TRAIN] Epoch 4 Loss: 0.8912
[2025-07-06 20:25:04,081] [INFO] Model initialized on device: cuda:0
[2025-07-06 20:25:04,895] [INFO] Model initialized on device: cuda:0
[2025-07-06 20:25:06,701] [INFO] Model initialized on device: cuda:0
[2025-07-06 20:25:08,288] [INFO] Model initialized on device: cuda:0
[2025-07-06 20:25:08,380] [INFO] Model initialized on device: cuda:0
[2025-07-06 20:25:08,489] [INFO] Model initialized on device: cuda:0
[2025-07-06 20:25:08,496] [INFO] Model initialized on device: cuda:0
[2025-07-06 20:25:08,496] [INFO] Model initialized on device: cuda:0
[2025-07-06 20:26:07,943] [INFO] [TRAIN] Epoch 5 Loss: 0.8855
[2025-07-06 20:26:07,944] [INFO] [FIT] Local training finished. Avg Loss: 0.8962
[2025-07-06 20:26:30,559] [INFO] Model initialized on device: cuda:0
[2025-07-06 20:26:30,624] [INFO] Model initialized on device: cuda:0
[2025-07-06 20:26:32,002] [INFO] Model initialized on device: cuda:0
[2025-07-06 20:26:32,108] [INFO] Model initialized on device: cuda:0
[2025-07-06 20:26:32,579] [INFO] Model initialized on device: cuda:0
[2025-07-06 20:26:33,106] [INFO] Model initialized on device: cuda:0
[2025-07-06 20:26:33,216] [INFO] Model initialized on device: cuda:0
[2025-07-06 20:26:33,270] [INFO] Model initialized on device: cuda:0
[2025-07-06 20:26:35,673] [DEBUG] [TEST] Batch 1 | Pred shape: torch.Size([256, 256, 160]) | Label shape: torch.Size([256, 256, 160])
[2025-07-06 20:26:35,729] [DEBUG] [TEST] Batch 2 | Pred shape: torch.Size([256, 256, 160]) | Label shape: torch.Size([256, 256, 160])
[2025-07-06 20:26:36,676] [DEBUG] [TEST] Batch 3 | Pred shape: torch.Size([256, 256, 160]) | Label shape: torch.Size([256, 256, 160])
[2025-07-06 20:26:36,732] [DEBUG] [TEST] Batch 4 | Pred shape: torch.Size([256, 256, 160]) | Label shape: torch.Size([256, 256, 160])
[2025-07-06 20:26:36,787] [DEBUG] [TEST] Batch 5 | Pred shape: torch.Size([256, 256, 160]) | Label shape: torch.Size([256, 256, 160])
[2025-07-06 20:26:36,849] [DEBUG] [TEST] Batch 6 | Pred shape: torch.Size([256, 256, 160]) | Label shape: torch.Size([256, 256, 160])
[2025-07-06 20:26:36,906] [DEBUG] [TEST] Batch 7 | Pred shape: torch.Size([256, 256, 160]) | Label shape: torch.Size([256, 256, 160])
[2025-07-06 20:26:36,965] [DEBUG] [TEST] Batch 8 | Pred shape: torch.Size([256, 256, 160]) | Label shape: torch.Size([256, 256, 160])
[2025-07-06 20:26:38,142] [DEBUG] [TEST] Batch 9 | Pred shape: torch.Size([256, 256, 160]) | Label shape: torch.Size([256, 256, 160])
[2025-07-06 20:26:38,200] [DEBUG] [TEST] Batch 10 | Pred shape: torch.Size([256, 256, 160]) | Label shape: torch.Size([256, 256, 160])
[2025-07-06 20:26:40,834] [INFO] [FIT] Final model saved to: Run_UNET_R3IID30%_fedWSOcompC32_20250706/Client3/model_final.pth
[2025-07-06 20:27:27,585] [INFO] [EVALUATE] Starting evaluation...
[2025-07-06 20:27:30,389] [INFO] [DEBUG] Loaded compressed decoded weights.
[2025-07-06 20:28:19,492] [INFO] Model initialized on device: cuda:0
[2025-07-06 20:28:19,790] [INFO] Model initialized on device: cuda:0
[2025-07-06 20:28:20,202] [INFO] Model initialized on device: cuda:0
[2025-07-06 20:28:20,606] [INFO] Model initialized on device: cuda:0
[2025-07-06 20:28:20,675] [INFO] Model initialized on device: cuda:0
[2025-07-06 20:28:20,686] [INFO] Model initialized on device: cuda:0
[2025-07-06 20:28:20,696] [INFO] Model initialized on device: cuda:0
[2025-07-06 20:28:20,871] [INFO] Model initialized on device: cuda:0
[2025-07-06 20:28:25,589] [DEBUG] [TEST] Batch 1 | Pred shape: torch.Size([256, 256, 160]) | Label shape: torch.Size([256, 256, 160])
[2025-07-06 20:28:26,199] [DEBUG] [TEST] Batch 2 | Pred shape: torch.Size([256, 256, 160]) | Label shape: torch.Size([256, 256, 160])
[2025-07-06 20:28:26,406] [DEBUG] [TEST] Batch 3 | Pred shape: torch.Size([256, 256, 160]) | Label shape: torch.Size([256, 256, 160])
[2025-07-06 20:28:26,626] [DEBUG] [TEST] Batch 4 | Pred shape: torch.Size([256, 256, 160]) | Label shape: torch.Size([256, 256, 160])
[2025-07-06 20:28:26,854] [DEBUG] [TEST] Batch 5 | Pred shape: torch.Size([256, 256, 160]) | Label shape: torch.Size([256, 256, 160])
[2025-07-06 20:28:27,070] [DEBUG] [TEST] Batch 6 | Pred shape: torch.Size([256, 256, 160]) | Label shape: torch.Size([256, 256, 160])
[2025-07-06 20:28:27,304] [DEBUG] [TEST] Batch 7 | Pred shape: torch.Size([256, 256, 160]) | Label shape: torch.Size([256, 256, 160])
[2025-07-06 20:28:27,505] [DEBUG] [TEST] Batch 8 | Pred shape: torch.Size([256, 256, 160]) | Label shape: torch.Size([256, 256, 160])
[2025-07-06 20:28:27,673] [DEBUG] [TEST] Batch 9 | Pred shape: torch.Size([256, 256, 160]) | Label shape: torch.Size([256, 256, 160])
[2025-07-06 20:28:27,992] [DEBUG] [TEST] Batch 10 | Pred shape: torch.Size([256, 256, 160]) | Label shape: torch.Size([256, 256, 160])
[2025-07-06 20:28:33,811] [INFO] [EVALUATE] Dice WT: 0.8454
[2025-07-06 20:28:37,463] [INFO] [FIT] Received parameters. Starting local training...
[2025-07-06 20:28:41,794] [INFO] [DEBUG] Loaded compressed decoded weights.
[2025-07-06 20:29:25,537] [INFO] Model initialized on device: cuda:0
[2025-07-06 20:29:28,481] [INFO] Model initialized on device: cuda:0
[2025-07-06 20:29:29,180] [INFO] Model initialized on device: cuda:0
[2025-07-06 20:29:29,376] [INFO] Model initialized on device: cuda:0
[2025-07-06 20:29:29,883] [INFO] Model initialized on device: cuda:0
[2025-07-06 20:29:31,374] [INFO] Model initialized on device: cuda:0
[2025-07-06 20:29:31,577] [INFO] Model initialized on device: cuda:0
[2025-07-06 20:29:31,677] [INFO] Model initialized on device: cuda:0
[2025-07-06 20:30:32,201] [INFO] [TRAIN] Epoch 1 Loss: 0.8924
[2025-07-06 20:31:04,303] [INFO] Model initialized on device: cuda:0
[2025-07-06 20:31:07,304] [INFO] Model initialized on device: cuda:0
[2025-07-06 20:31:08,424] [INFO] Model initialized on device: cuda:0
[2025-07-06 20:31:08,479] [INFO] Model initialized on device: cuda:0
[2025-07-06 20:31:08,586] [INFO] Model initialized on device: cuda:0
[2025-07-06 20:31:08,612] [INFO] Model initialized on device: cuda:0
[2025-07-06 20:31:08,684] [INFO] Model initialized on device: cuda:0
[2025-07-06 20:31:08,776] [INFO] Model initialized on device: cuda:0
[2025-07-06 20:32:06,076] [INFO] [TRAIN] Epoch 2 Loss: 0.8866
[2025-07-06 20:32:27,978] [INFO] Model initialized on device: cuda:0
[2025-07-06 20:32:29,591] [INFO] Model initialized on device: cuda:0
[2025-07-06 20:32:31,072] [INFO] Model initialized on device: cuda:0
[2025-07-06 20:32:32,093] [INFO] Model initialized on device: cuda:0
[2025-07-06 20:32:32,675] [INFO] Model initialized on device: cuda:0
[2025-07-06 20:32:32,781] [INFO] Model initialized on device: cuda:0
[2025-07-06 20:32:33,277] [INFO] Model initialized on device: cuda:0
[2025-07-06 20:32:33,590] [INFO] Model initialized on device: cuda:0
[2025-07-06 20:33:28,876] [INFO] [TRAIN] Epoch 3 Loss: 0.8804
[2025-07-06 20:33:52,121] [INFO] Model initialized on device: cuda:0
[2025-07-06 20:33:53,876] [INFO] Model initialized on device: cuda:0
[2025-07-06 20:33:55,980] [INFO] Model initialized on device: cuda:0
[2025-07-06 20:33:56,702] [INFO] Model initialized on device: cuda:0
[2025-07-06 20:33:58,086] [INFO] Model initialized on device: cuda:0
[2025-07-06 20:33:58,670] [INFO] Model initialized on device: cuda:0
[2025-07-06 20:33:59,111] [INFO] Model initialized on device: cuda:0
[2025-07-06 20:33:59,176] [INFO] Model initialized on device: cuda:0
[2025-07-06 20:34:51,808] [INFO] [TRAIN] Epoch 4 Loss: 0.8737
[2025-07-06 20:35:19,376] [INFO] Model initialized on device: cuda:0
[2025-07-06 20:35:20,194] [INFO] Model initialized on device: cuda:0
[2025-07-06 20:35:20,574] [INFO] Model initialized on device: cuda:0
[2025-07-06 20:35:20,982] [INFO] Model initialized on device: cuda:0
[2025-07-06 20:35:22,102] [INFO] Model initialized on device: cuda:0
[2025-07-06 20:35:23,387] [INFO] Model initialized on device: cuda:0
[2025-07-06 20:35:23,983] [INFO] Model initialized on device: cuda:0
[2025-07-06 20:35:24,089] [INFO] Model initialized on device: cuda:0
[2025-07-06 20:36:17,476] [INFO] [TRAIN] Epoch 5 Loss: 0.8667
[2025-07-06 20:36:17,477] [INFO] [FIT] Local training finished. Avg Loss: 0.8800
[2025-07-06 20:36:41,409] [INFO] Model initialized on device: cuda:0
[2025-07-06 20:36:42,112] [INFO] Model initialized on device: cuda:0
[2025-07-06 20:36:44,509] [INFO] Model initialized on device: cuda:0
[2025-07-06 20:36:44,511] [INFO] Model initialized on device: cuda:0
[2025-07-06 20:36:45,112] [INFO] Model initialized on device: cuda:0
[2025-07-06 20:36:45,912] [INFO] Model initialized on device: cuda:0
[2025-07-06 20:36:45,917] [INFO] Model initialized on device: cuda:0
[2025-07-06 20:36:45,986] [INFO] Model initialized on device: cuda:0
[2025-07-06 20:36:50,207] [DEBUG] [TEST] Batch 1 | Pred shape: torch.Size([256, 256, 160]) | Label shape: torch.Size([256, 256, 160])
[2025-07-06 20:36:50,923] [DEBUG] [TEST] Batch 2 | Pred shape: torch.Size([256, 256, 160]) | Label shape: torch.Size([256, 256, 160])
[2025-07-06 20:36:51,206] [DEBUG] [TEST] Batch 3 | Pred shape: torch.Size([256, 256, 160]) | Label shape: torch.Size([256, 256, 160])
[2025-07-06 20:36:51,578] [DEBUG] [TEST] Batch 4 | Pred shape: torch.Size([256, 256, 160]) | Label shape: torch.Size([256, 256, 160])
[2025-07-06 20:36:51,870] [DEBUG] [TEST] Batch 5 | Pred shape: torch.Size([256, 256, 160]) | Label shape: torch.Size([256, 256, 160])
[2025-07-06 20:36:52,072] [DEBUG] [TEST] Batch 6 | Pred shape: torch.Size([256, 256, 160]) | Label shape: torch.Size([256, 256, 160])
[2025-07-06 20:36:52,272] [DEBUG] [TEST] Batch 7 | Pred shape: torch.Size([256, 256, 160]) | Label shape: torch.Size([256, 256, 160])
[2025-07-06 20:36:52,470] [DEBUG] [TEST] Batch 8 | Pred shape: torch.Size([256, 256, 160]) | Label shape: torch.Size([256, 256, 160])
[2025-07-06 20:36:53,478] [DEBUG] [TEST] Batch 9 | Pred shape: torch.Size([256, 256, 160]) | Label shape: torch.Size([256, 256, 160])
[2025-07-06 20:36:54,674] [DEBUG] [TEST] Batch 10 | Pred shape: torch.Size([256, 256, 160]) | Label shape: torch.Size([256, 256, 160])
[2025-07-06 20:36:58,442] [INFO] [FIT] Final model saved to: Run_UNET_R3IID30%_fedWSOcompC32_20250706/Client3/model_final.pth
[2025-07-06 20:38:10,687] [INFO] [EVALUATE] Starting evaluation...
[2025-07-06 20:38:12,789] [INFO] [DEBUG] Loaded compressed decoded weights.
[2025-07-06 20:39:04,326] [INFO] Model initialized on device: cuda:0
[2025-07-06 20:39:06,879] [INFO] Model initialized on device: cuda:0
[2025-07-06 20:39:06,988] [INFO] Model initialized on device: cuda:0
[2025-07-06 20:39:07,120] [INFO] Model initialized on device: cuda:0
[2025-07-06 20:39:07,402] [INFO] Model initialized on device: cuda:0
[2025-07-06 20:39:07,487] [INFO] Model initialized on device: cuda:0
[2025-07-06 20:39:07,505] [INFO] Model initialized on device: cuda:0
[2025-07-06 20:39:07,602] [INFO] Model initialized on device: cuda:0
[2025-07-06 20:39:12,887] [DEBUG] [TEST] Batch 1 | Pred shape: torch.Size([256, 256, 160]) | Label shape: torch.Size([256, 256, 160])
[2025-07-06 20:39:12,943] [DEBUG] [TEST] Batch 2 | Pred shape: torch.Size([256, 256, 160]) | Label shape: torch.Size([256, 256, 160])
[2025-07-06 20:39:13,116] [DEBUG] [TEST] Batch 3 | Pred shape: torch.Size([256, 256, 160]) | Label shape: torch.Size([256, 256, 160])
[2025-07-06 20:39:13,309] [DEBUG] [TEST] Batch 4 | Pred shape: torch.Size([256, 256, 160]) | Label shape: torch.Size([256, 256, 160])
[2025-07-06 20:39:13,556] [DEBUG] [TEST] Batch 5 | Pred shape: torch.Size([256, 256, 160]) | Label shape: torch.Size([256, 256, 160])
[2025-07-06 20:39:13,740] [DEBUG] [TEST] Batch 6 | Pred shape: torch.Size([256, 256, 160]) | Label shape: torch.Size([256, 256, 160])
[2025-07-06 20:39:13,921] [DEBUG] [TEST] Batch 7 | Pred shape: torch.Size([256, 256, 160]) | Label shape: torch.Size([256, 256, 160])
[2025-07-06 20:39:14,113] [DEBUG] [TEST] Batch 8 | Pred shape: torch.Size([256, 256, 160]) | Label shape: torch.Size([256, 256, 160])
[2025-07-06 20:39:14,690] [DEBUG] [TEST] Batch 9 | Pred shape: torch.Size([256, 256, 160]) | Label shape: torch.Size([256, 256, 160])
[2025-07-06 20:39:14,784] [DEBUG] [TEST] Batch 10 | Pred shape: torch.Size([256, 256, 160]) | Label shape: torch.Size([256, 256, 160])
[2025-07-06 20:39:20,282] [INFO] [EVALUATE] Dice WT: 0.8429
[2025-07-06 20:39:24,840] [INFO] [FIT] Received parameters. Starting local training...
[2025-07-06 20:39:29,380] [INFO] [DEBUG] Loaded compressed decoded weights.
[2025-07-06 20:40:18,480] [INFO] Model initialized on device: cuda:0
[2025-07-06 20:40:18,671] [INFO] Model initialized on device: cuda:0
[2025-07-06 20:40:18,800] [INFO] Model initialized on device: cuda:0
[2025-07-06 20:40:18,805] [INFO] Model initialized on device: cuda:0
[2025-07-06 20:40:18,870] [INFO] Model initialized on device: cuda:0
[2025-07-06 20:40:18,880] [INFO] Model initialized on device: cuda:0
[2025-07-06 20:40:18,900] [INFO] Model initialized on device: cuda:0
[2025-07-06 20:40:18,900] [INFO] Model initialized on device: cuda:0
[2025-07-06 20:41:22,937] [INFO] [TRAIN] Epoch 1 Loss: 0.8756
[2025-07-06 20:41:55,926] [INFO] Model initialized on device: cuda:0
[2025-07-06 20:41:55,973] [INFO] Model initialized on device: cuda:0
[2025-07-06 20:41:57,196] [INFO] Model initialized on device: cuda:0
[2025-07-06 20:41:57,510] [INFO] Model initialized on device: cuda:0
[2025-07-06 20:41:58,997] [INFO] Model initialized on device: cuda:0
[2025-07-06 20:41:59,072] [INFO] Model initialized on device: cuda:0
[2025-07-06 20:41:59,104] [INFO] Model initialized on device: cuda:0
[2025-07-06 20:41:59,122] [INFO] Model initialized on device: cuda:0
[2025-07-06 20:42:56,818] [INFO] [TRAIN] Epoch 2 Loss: 0.8692
[2025-07-06 20:43:31,241] [INFO] Model initialized on device: cuda:0
[2025-07-06 20:43:31,370] [INFO] Model initialized on device: cuda:0
[2025-07-06 20:43:31,496] [INFO] Model initialized on device: cuda:0
[2025-07-06 20:43:31,508] [INFO] Model initialized on device: cuda:0
[2025-07-06 20:43:31,905] [INFO] Model initialized on device: cuda:0
[2025-07-06 20:43:32,080] [INFO] Model initialized on device: cuda:0
[2025-07-06 20:43:32,081] [INFO] Model initialized on device: cuda:0
[2025-07-06 20:43:32,087] [INFO] Model initialized on device: cuda:0
[2025-07-06 20:44:31,892] [INFO] [TRAIN] Epoch 3 Loss: 0.8607
[2025-07-06 20:45:12,680] [INFO] Model initialized on device: cuda:0
[2025-07-06 20:45:12,801] [INFO] Model initialized on device: cuda:0
[2025-07-06 20:45:12,901] [INFO] Model initialized on device: cuda:0
[2025-07-06 20:45:13,120] [INFO] Model initialized on device: cuda:0
[2025-07-06 20:45:13,276] [INFO] Model initialized on device: cuda:0
[2025-07-06 20:45:13,306] [INFO] Model initialized on device: cuda:0
[2025-07-06 20:45:13,373] [INFO] Model initialized on device: cuda:0
[2025-07-06 20:45:13,378] [INFO] Model initialized on device: cuda:0
[2025-07-06 20:46:13,375] [INFO] [TRAIN] Epoch 4 Loss: 0.8526
[2025-07-06 20:46:53,522] [INFO] Model initialized on device: cuda:0
[2025-07-06 20:46:53,603] [INFO] Model initialized on device: cuda:0
[2025-07-06 20:46:53,818] [INFO] Model initialized on device: cuda:0
[2025-07-06 20:46:53,853] [INFO] Model initialized on device: cuda:0
[2025-07-06 20:46:54,333] [INFO] Model initialized on device: cuda:0
[2025-07-06 20:46:54,637] [INFO] Model initialized on device: cuda:0
[2025-07-06 20:46:54,691] [INFO] Model initialized on device: cuda:0
[2025-07-06 20:46:54,771] [INFO] Model initialized on device: cuda:0
[2025-07-06 20:47:55,373] [INFO] [TRAIN] Epoch 5 Loss: 0.8441
[2025-07-06 20:47:55,375] [INFO] [FIT] Local training finished. Avg Loss: 0.8604
[2025-07-06 20:48:40,365] [INFO] Model initialized on device: cuda:0
[2025-07-06 20:48:42,387] [INFO] Model initialized on device: cuda:0
[2025-07-06 20:48:42,470] [INFO] Model initialized on device: cuda:0
[2025-07-06 20:48:42,499] [INFO] Model initialized on device: cuda:0
[2025-07-06 20:48:42,874] [INFO] Model initialized on device: cuda:0
[2025-07-06 20:48:42,927] [INFO] Model initialized on device: cuda:0
[2025-07-06 20:48:43,600] [INFO] Model initialized on device: cuda:0
[2025-07-06 20:48:43,691] [INFO] Model initialized on device: cuda:0
[2025-07-06 20:48:46,586] [DEBUG] [TEST] Batch 1 | Pred shape: torch.Size([256, 256, 160]) | Label shape: torch.Size([256, 256, 160])
[2025-07-06 20:48:47,507] [DEBUG] [TEST] Batch 2 | Pred shape: torch.Size([256, 256, 160]) | Label shape: torch.Size([256, 256, 160])
[2025-07-06 20:48:48,035] [DEBUG] [TEST] Batch 3 | Pred shape: torch.Size([256, 256, 160]) | Label shape: torch.Size([256, 256, 160])
[2025-07-06 20:48:48,222] [DEBUG] [TEST] Batch 4 | Pred shape: torch.Size([256, 256, 160]) | Label shape: torch.Size([256, 256, 160])
[2025-07-06 20:48:48,409] [DEBUG] [TEST] Batch 5 | Pred shape: torch.Size([256, 256, 160]) | Label shape: torch.Size([256, 256, 160])
[2025-07-06 20:48:48,595] [DEBUG] [TEST] Batch 6 | Pred shape: torch.Size([256, 256, 160]) | Label shape: torch.Size([256, 256, 160])
[2025-07-06 20:48:48,722] [DEBUG] [TEST] Batch 7 | Pred shape: torch.Size([256, 256, 160]) | Label shape: torch.Size([256, 256, 160])
[2025-07-06 20:48:48,883] [DEBUG] [TEST] Batch 8 | Pred shape: torch.Size([256, 256, 160]) | Label shape: torch.Size([256, 256, 160])
[2025-07-06 20:48:49,683] [DEBUG] [TEST] Batch 9 | Pred shape: torch.Size([256, 256, 160]) | Label shape: torch.Size([256, 256, 160])
[2025-07-06 20:48:49,739] [DEBUG] [TEST] Batch 10 | Pred shape: torch.Size([256, 256, 160]) | Label shape: torch.Size([256, 256, 160])
[2025-07-06 20:48:55,260] [INFO] [FIT] Final model saved to: Run_UNET_R3IID30%_fedWSOcompC32_20250706/Client3/model_final.pth
[2025-07-06 20:49:40,088] [INFO] [EVALUATE] Starting evaluation...
[2025-07-06 20:49:45,471] [INFO] [DEBUG] Loaded compressed decoded weights.
[2025-07-06 20:50:33,930] [INFO] Model initialized on device: cuda:0
[2025-07-06 20:50:34,181] [INFO] Model initialized on device: cuda:0
[2025-07-06 20:50:34,470] [INFO] Model initialized on device: cuda:0
[2025-07-06 20:50:34,477] [INFO] Model initialized on device: cuda:0
[2025-07-06 20:50:34,879] [INFO] Model initialized on device: cuda:0
[2025-07-06 20:50:34,898] [INFO] Model initialized on device: cuda:0
[2025-07-06 20:50:34,970] [INFO] Model initialized on device: cuda:0
[2025-07-06 20:50:34,976] [INFO] Model initialized on device: cuda:0
[2025-07-06 20:50:39,713] [DEBUG] [TEST] Batch 1 | Pred shape: torch.Size([256, 256, 160]) | Label shape: torch.Size([256, 256, 160])
[2025-07-06 20:50:40,297] [DEBUG] [TEST] Batch 2 | Pred shape: torch.Size([256, 256, 160]) | Label shape: torch.Size([256, 256, 160])
[2025-07-06 20:50:40,524] [DEBUG] [TEST] Batch 3 | Pred shape: torch.Size([256, 256, 160]) | Label shape: torch.Size([256, 256, 160])
[2025-07-06 20:50:40,770] [DEBUG] [TEST] Batch 4 | Pred shape: torch.Size([256, 256, 160]) | Label shape: torch.Size([256, 256, 160])
[2025-07-06 20:50:41,026] [DEBUG] [TEST] Batch 5 | Pred shape: torch.Size([256, 256, 160]) | Label shape: torch.Size([256, 256, 160])
[2025-07-06 20:50:41,282] [DEBUG] [TEST] Batch 6 | Pred shape: torch.Size([256, 256, 160]) | Label shape: torch.Size([256, 256, 160])
[2025-07-06 20:50:41,469] [DEBUG] [TEST] Batch 7 | Pred shape: torch.Size([256, 256, 160]) | Label shape: torch.Size([256, 256, 160])
[2025-07-06 20:50:41,658] [DEBUG] [TEST] Batch 8 | Pred shape: torch.Size([256, 256, 160]) | Label shape: torch.Size([256, 256, 160])
[2025-07-06 20:50:41,908] [DEBUG] [TEST] Batch 9 | Pred shape: torch.Size([256, 256, 160]) | Label shape: torch.Size([256, 256, 160])
[2025-07-06 20:50:41,969] [DEBUG] [TEST] Batch 10 | Pred shape: torch.Size([256, 256, 160]) | Label shape: torch.Size([256, 256, 160])
[2025-07-06 20:50:47,537] [INFO] [EVALUATE] Dice WT: 0.8439
[2025-07-06 20:50:50,377] [INFO] [FIT] Received parameters. Starting local training...
[2025-07-06 20:50:52,382] [INFO] [DEBUG] Loaded compressed decoded weights.
[2025-07-06 20:51:44,141] [INFO] Model initialized on device: cuda:0
[2025-07-06 20:51:44,647] [INFO] Model initialized on device: cuda:0
[2025-07-06 20:51:44,781] [INFO] Model initialized on device: cuda:0
[2025-07-06 20:51:44,976] [INFO] Model initialized on device: cuda:0
[2025-07-06 20:51:45,022] [INFO] Model initialized on device: cuda:0
[2025-07-06 20:51:45,583] [INFO] Model initialized on device: cuda:0
[2025-07-06 20:51:45,674] [INFO] Model initialized on device: cuda:0
[2025-07-06 20:51:45,675] [INFO] Model initialized on device: cuda:0
[2025-07-06 20:52:47,779] [INFO] [TRAIN] Epoch 1 Loss: 0.8560
[2025-07-06 20:53:33,986] [INFO] Model initialized on device: cuda:0
[2025-07-06 20:53:34,194] [INFO] Model initialized on device: cuda:0
[2025-07-06 20:53:34,408] [INFO] Model initialized on device: cuda:0
[2025-07-06 20:53:34,469] [INFO] Model initialized on device: cuda:0
[2025-07-06 20:53:34,732] [INFO] Model initialized on device: cuda:0
[2025-07-06 20:53:35,009] [INFO] Model initialized on device: cuda:0
[2025-07-06 20:53:35,272] [INFO] Model initialized on device: cuda:0
[2025-07-06 20:53:35,581] [INFO] Model initialized on device: cuda:0
[2025-07-06 20:54:37,500] [INFO] [TRAIN] Epoch 2 Loss: 0.8465
[2025-07-06 20:55:14,876] [INFO] Model initialized on device: cuda:0
[2025-07-06 20:55:15,392] [INFO] Model initialized on device: cuda:0
[2025-07-06 20:55:16,412] [INFO] Model initialized on device: cuda:0
[2025-07-06 20:55:16,835] [INFO] Model initialized on device: cuda:0
[2025-07-06 20:55:16,890] [INFO] Model initialized on device: cuda:0
[2025-07-06 20:55:16,922] [INFO] Model initialized on device: cuda:0
[2025-07-06 20:55:17,075] [INFO] Model initialized on device: cuda:0
[2025-07-06 20:55:17,177] [INFO] Model initialized on device: cuda:0
[2025-07-06 20:56:16,810] [INFO] [TRAIN] Epoch 3 Loss: 0.8368
[2025-07-06 20:56:45,582] [INFO] Model initialized on device: cuda:0
[2025-07-06 20:56:46,586] [INFO] Model initialized on device: cuda:0
[2025-07-06 20:56:49,979] [INFO] Model initialized on device: cuda:0
[2025-07-06 20:56:49,990] [INFO] Model initialized on device: cuda:0
[2025-07-06 20:56:50,013] [INFO] Model initialized on device: cuda:0
[2025-07-06 20:56:50,078] [INFO] Model initialized on device: cuda:0
[2025-07-06 20:56:50,087] [INFO] Model initialized on device: cuda:0
[2025-07-06 20:56:50,088] [INFO] Model initialized on device: cuda:0
[2025-07-06 20:57:45,172] [INFO] [TRAIN] Epoch 4 Loss: 0.8275
[2025-07-06 20:58:13,998] [INFO] Model initialized on device: cuda:0
[2025-07-06 20:58:14,390] [INFO] Model initialized on device: cuda:0
[2025-07-06 20:58:14,390] [INFO] Model initialized on device: cuda:0
[2025-07-06 20:58:14,575] [INFO] Model initialized on device: cuda:0
[2025-07-06 20:58:14,582] [INFO] Model initialized on device: cuda:0
[2025-07-06 20:58:14,693] [INFO] Model initialized on device: cuda:0
[2025-07-06 20:58:14,693] [INFO] Model initialized on device: cuda:0
[2025-07-06 20:58:14,694] [INFO] Model initialized on device: cuda:0
[2025-07-06 20:59:10,777] [INFO] [TRAIN] Epoch 5 Loss: 0.8175
[2025-07-06 20:59:10,778] [INFO] [FIT] Local training finished. Avg Loss: 0.8368
[2025-07-06 20:59:40,656] [INFO] Model initialized on device: cuda:0
[2025-07-06 20:59:42,375] [INFO] Model initialized on device: cuda:0
[2025-07-06 20:59:42,479] [INFO] Model initialized on device: cuda:0
[2025-07-06 20:59:43,018] [INFO] Model initialized on device: cuda:0
[2025-07-06 20:59:43,085] [INFO] Model initialized on device: cuda:0
[2025-07-06 20:59:43,088] [INFO] Model initialized on device: cuda:0
[2025-07-06 20:59:43,103] [INFO] Model initialized on device: cuda:0
[2025-07-06 20:59:43,105] [INFO] Model initialized on device: cuda:0
[2025-07-06 20:59:46,913] [DEBUG] [TEST] Batch 1 | Pred shape: torch.Size([256, 256, 160]) | Label shape: torch.Size([256, 256, 160])
[2025-07-06 20:59:46,976] [DEBUG] [TEST] Batch 2 | Pred shape: torch.Size([256, 256, 160]) | Label shape: torch.Size([256, 256, 160])
[2025-07-06 20:59:47,237] [DEBUG] [TEST] Batch 3 | Pred shape: torch.Size([256, 256, 160]) | Label shape: torch.Size([256, 256, 160])
[2025-07-06 20:59:47,319] [DEBUG] [TEST] Batch 4 | Pred shape: torch.Size([256, 256, 160]) | Label shape: torch.Size([256, 256, 160])
[2025-07-06 20:59:47,417] [DEBUG] [TEST] Batch 5 | Pred shape: torch.Size([256, 256, 160]) | Label shape: torch.Size([256, 256, 160])
[2025-07-06 20:59:47,476] [DEBUG] [TEST] Batch 6 | Pred shape: torch.Size([256, 256, 160]) | Label shape: torch.Size([256, 256, 160])
[2025-07-06 20:59:47,678] [DEBUG] [TEST] Batch 7 | Pred shape: torch.Size([256, 256, 160]) | Label shape: torch.Size([256, 256, 160])
[2025-07-06 20:59:47,877] [DEBUG] [TEST] Batch 8 | Pred shape: torch.Size([256, 256, 160]) | Label shape: torch.Size([256, 256, 160])
[2025-07-06 20:59:50,415] [DEBUG] [TEST] Batch 9 | Pred shape: torch.Size([256, 256, 160]) | Label shape: torch.Size([256, 256, 160])
[2025-07-06 20:59:50,476] [DEBUG] [TEST] Batch 10 | Pred shape: torch.Size([256, 256, 160]) | Label shape: torch.Size([256, 256, 160])
[2025-07-06 20:59:53,842] [INFO] [FIT] Final model saved to: Run_UNET_R3IID30%_fedWSOcompC32_20250706/Client3/model_final.pth
[2025-07-06 21:01:00,462] [INFO] [EVALUATE] Starting evaluation...
[2025-07-06 21:01:05,475] [INFO] [DEBUG] Loaded compressed decoded weights.
[2025-07-06 21:01:51,673] [INFO] Model initialized on device: cuda:0
[2025-07-06 21:01:53,796] [INFO] Model initialized on device: cuda:0
[2025-07-06 21:01:53,973] [INFO] Model initialized on device: cuda:0
[2025-07-06 21:01:54,001] [INFO] Model initialized on device: cuda:0
[2025-07-06 21:01:54,519] [INFO] Model initialized on device: cuda:0
[2025-07-06 21:01:54,571] [INFO] Model initialized on device: cuda:0
[2025-07-06 21:01:54,593] [INFO] Model initialized on device: cuda:0
[2025-07-06 21:01:54,599] [INFO] Model initialized on device: cuda:0
[2025-07-06 21:01:58,505] [DEBUG] [TEST] Batch 1 | Pred shape: torch.Size([256, 256, 160]) | Label shape: torch.Size([256, 256, 160])
[2025-07-06 21:01:58,561] [DEBUG] [TEST] Batch 2 | Pred shape: torch.Size([256, 256, 160]) | Label shape: torch.Size([256, 256, 160])
[2025-07-06 21:01:58,617] [DEBUG] [TEST] Batch 3 | Pred shape: torch.Size([256, 256, 160]) | Label shape: torch.Size([256, 256, 160])
[2025-07-06 21:01:58,672] [DEBUG] [TEST] Batch 4 | Pred shape: torch.Size([256, 256, 160]) | Label shape: torch.Size([256, 256, 160])
[2025-07-06 21:01:58,831] [DEBUG] [TEST] Batch 5 | Pred shape: torch.Size([256, 256, 160]) | Label shape: torch.Size([256, 256, 160])
[2025-07-06 21:01:59,004] [DEBUG] [TEST] Batch 6 | Pred shape: torch.Size([256, 256, 160]) | Label shape: torch.Size([256, 256, 160])
[2025-07-06 21:01:59,122] [DEBUG] [TEST] Batch 7 | Pred shape: torch.Size([256, 256, 160]) | Label shape: torch.Size([256, 256, 160])
[2025-07-06 21:01:59,249] [DEBUG] [TEST] Batch 8 | Pred shape: torch.Size([256, 256, 160]) | Label shape: torch.Size([256, 256, 160])
[2025-07-06 21:02:00,497] [DEBUG] [TEST] Batch 9 | Pred shape: torch.Size([256, 256, 160]) | Label shape: torch.Size([256, 256, 160])
[2025-07-06 21:02:00,552] [DEBUG] [TEST] Batch 10 | Pred shape: torch.Size([256, 256, 160]) | Label shape: torch.Size([256, 256, 160])
[2025-07-06 21:02:04,002] [INFO] [EVALUATE] Dice WT: 0.8376
[2025-07-06 21:02:08,572] [INFO] [FIT] Received parameters. Starting local training...
[2025-07-06 21:02:12,081] [INFO] [DEBUG] Loaded compressed decoded weights.
[2025-07-06 21:03:01,795] [INFO] Model initialized on device: cuda:0
[2025-07-06 21:03:02,101] [INFO] Model initialized on device: cuda:0
[2025-07-06 21:03:02,178] [INFO] Model initialized on device: cuda:0
[2025-07-06 21:03:02,202] [INFO] Model initialized on device: cuda:0
[2025-07-06 21:03:02,271] [INFO] Model initialized on device: cuda:0
[2025-07-06 21:03:03,015] [INFO] Model initialized on device: cuda:0
[2025-07-06 21:03:03,073] [INFO] Model initialized on device: cuda:0
[2025-07-06 21:03:03,085] [INFO] Model initialized on device: cuda:0
[2025-07-06 21:04:07,498] [INFO] [TRAIN] Epoch 1 Loss: 0.8323
[2025-07-06 21:04:46,315] [INFO] Model initialized on device: cuda:0
[2025-07-06 21:04:47,589] [INFO] Model initialized on device: cuda:0
[2025-07-06 21:04:48,471] [INFO] Model initialized on device: cuda:0
[2025-07-06 21:04:48,777] [INFO] Model initialized on device: cuda:0
[2025-07-06 21:04:48,779] [INFO] Model initialized on device: cuda:0
[2025-07-06 21:04:49,177] [INFO] Model initialized on device: cuda:0
[2025-07-06 21:04:49,318] [INFO] Model initialized on device: cuda:0
[2025-07-06 21:04:49,470] [INFO] Model initialized on device: cuda:0
[2025-07-06 21:05:53,177] [INFO] [TRAIN] Epoch 2 Loss: 0.8195
[2025-07-06 21:06:26,913] [INFO] Model initialized on device: cuda:0
[2025-07-06 21:06:27,012] [INFO] Model initialized on device: cuda:0
[2025-07-06 21:06:27,173] [INFO] Model initialized on device: cuda:0
[2025-07-06 21:06:27,176] [INFO] Model initialized on device: cuda:0
[2025-07-06 21:06:27,209] [INFO] Model initialized on device: cuda:0
[2025-07-06 21:06:27,218] [INFO] Model initialized on device: cuda:0
[2025-07-06 21:06:27,270] [INFO] Model initialized on device: cuda:0
[2025-07-06 21:06:27,274] [INFO] Model initialized on device: cuda:0
[2025-07-06 21:07:27,775] [INFO] [TRAIN] Epoch 3 Loss: 0.8085
[2025-07-06 21:07:57,670] [INFO] Model initialized on device: cuda:0
[2025-07-06 21:07:58,400] [INFO] Model initialized on device: cuda:0
[2025-07-06 21:08:00,091] [INFO] Model initialized on device: cuda:0
[2025-07-06 21:08:00,093] [INFO] Model initialized on device: cuda:0
[2025-07-06 21:08:00,178] [INFO] Model initialized on device: cuda:0
[2025-07-06 21:08:00,193] [INFO] Model initialized on device: cuda:0
[2025-07-06 21:08:00,273] [INFO] Model initialized on device: cuda:0
[2025-07-06 21:08:00,275] [INFO] Model initialized on device: cuda:0
[2025-07-06 21:09:05,276] [INFO] [TRAIN] Epoch 4 Loss: 0.7966
[2025-07-06 21:09:28,917] [INFO] Model initialized on device: cuda:0
[2025-07-06 21:09:30,681] [INFO] Model initialized on device: cuda:0
[2025-07-06 21:09:33,203] [INFO] Model initialized on device: cuda:0
[2025-07-06 21:09:33,314] [INFO] Model initialized on device: cuda:0
[2025-07-06 21:09:33,612] [INFO] Model initialized on device: cuda:0
[2025-07-06 21:09:33,681] [INFO] Model initialized on device: cuda:0
[2025-07-06 21:09:33,682] [INFO] Model initialized on device: cuda:0
[2025-07-06 21:09:33,683] [INFO] Model initialized on device: cuda:0
[2025-07-06 21:10:37,074] [INFO] [TRAIN] Epoch 5 Loss: 0.7841
[2025-07-06 21:10:37,076] [INFO] [FIT] Local training finished. Avg Loss: 0.8082
[2025-07-06 21:11:03,277] [INFO] Model initialized on device: cuda:0
[2025-07-06 21:11:03,576] [INFO] Model initialized on device: cuda:0
[2025-07-06 21:11:03,579] [INFO] Model initialized on device: cuda:0
[2025-07-06 21:11:04,581] [INFO] Model initialized on device: cuda:0
[2025-07-06 21:11:04,674] [INFO] Model initialized on device: cuda:0
[2025-07-06 21:11:04,688] [INFO] Model initialized on device: cuda:0
[2025-07-06 21:11:04,774] [INFO] Model initialized on device: cuda:0
[2025-07-06 21:11:04,792] [INFO] Model initialized on device: cuda:0
[2025-07-06 21:11:08,725] [DEBUG] [TEST] Batch 1 | Pred shape: torch.Size([256, 256, 160]) | Label shape: torch.Size([256, 256, 160])
[2025-07-06 21:11:08,908] [DEBUG] [TEST] Batch 2 | Pred shape: torch.Size([256, 256, 160]) | Label shape: torch.Size([256, 256, 160])
[2025-07-06 21:11:09,317] [DEBUG] [TEST] Batch 3 | Pred shape: torch.Size([256, 256, 160]) | Label shape: torch.Size([256, 256, 160])
[2025-07-06 21:11:09,408] [DEBUG] [TEST] Batch 4 | Pred shape: torch.Size([256, 256, 160]) | Label shape: torch.Size([256, 256, 160])
[2025-07-06 21:11:09,483] [DEBUG] [TEST] Batch 5 | Pred shape: torch.Size([256, 256, 160]) | Label shape: torch.Size([256, 256, 160])
[2025-07-06 21:11:09,570] [DEBUG] [TEST] Batch 6 | Pred shape: torch.Size([256, 256, 160]) | Label shape: torch.Size([256, 256, 160])
[2025-07-06 21:11:09,626] [DEBUG] [TEST] Batch 7 | Pred shape: torch.Size([256, 256, 160]) | Label shape: torch.Size([256, 256, 160])
[2025-07-06 21:11:09,718] [DEBUG] [TEST] Batch 8 | Pred shape: torch.Size([256, 256, 160]) | Label shape: torch.Size([256, 256, 160])
[2025-07-06 21:11:12,579] [DEBUG] [TEST] Batch 9 | Pred shape: torch.Size([256, 256, 160]) | Label shape: torch.Size([256, 256, 160])
[2025-07-06 21:11:12,662] [DEBUG] [TEST] Batch 10 | Pred shape: torch.Size([256, 256, 160]) | Label shape: torch.Size([256, 256, 160])
[2025-07-06 21:11:16,312] [INFO] [FIT] Final model saved to: Run_UNET_R3IID30%_fedWSOcompC32_20250706/Client3/model_final.pth
[2025-07-06 21:12:15,373] [INFO] [EVALUATE] Starting evaluation...
[2025-07-06 21:12:20,782] [INFO] [DEBUG] Loaded compressed decoded weights.
[2025-07-06 21:13:08,074] [INFO] Model initialized on device: cuda:0
[2025-07-06 21:13:08,075] [INFO] Model initialized on device: cuda:0
[2025-07-06 21:13:08,086] [INFO] Model initialized on device: cuda:0
[2025-07-06 21:13:08,099] [INFO] Model initialized on device: cuda:0
[2025-07-06 21:13:08,383] [INFO] Model initialized on device: cuda:0
[2025-07-06 21:13:08,609] [INFO] Model initialized on device: cuda:0
[2025-07-06 21:13:08,670] [INFO] Model initialized on device: cuda:0
[2025-07-06 21:13:08,675] [INFO] Model initialized on device: cuda:0
[2025-07-06 21:13:13,771] [DEBUG] [TEST] Batch 1 | Pred shape: torch.Size([256, 256, 160]) | Label shape: torch.Size([256, 256, 160])
[2025-07-06 21:13:13,928] [DEBUG] [TEST] Batch 2 | Pred shape: torch.Size([256, 256, 160]) | Label shape: torch.Size([256, 256, 160])
[2025-07-06 21:13:14,052] [DEBUG] [TEST] Batch 3 | Pred shape: torch.Size([256, 256, 160]) | Label shape: torch.Size([256, 256, 160])
[2025-07-06 21:13:14,269] [DEBUG] [TEST] Batch 4 | Pred shape: torch.Size([256, 256, 160]) | Label shape: torch.Size([256, 256, 160])
[2025-07-06 21:13:14,500] [DEBUG] [TEST] Batch 5 | Pred shape: torch.Size([256, 256, 160]) | Label shape: torch.Size([256, 256, 160])
[2025-07-06 21:13:14,760] [DEBUG] [TEST] Batch 6 | Pred shape: torch.Size([256, 256, 160]) | Label shape: torch.Size([256, 256, 160])
[2025-07-06 21:13:15,011] [DEBUG] [TEST] Batch 7 | Pred shape: torch.Size([256, 256, 160]) | Label shape: torch.Size([256, 256, 160])
[2025-07-06 21:13:15,188] [DEBUG] [TEST] Batch 8 | Pred shape: torch.Size([256, 256, 160]) | Label shape: torch.Size([256, 256, 160])
[2025-07-06 21:13:15,618] [DEBUG] [TEST] Batch 9 | Pred shape: torch.Size([256, 256, 160]) | Label shape: torch.Size([256, 256, 160])
[2025-07-06 21:13:15,698] [DEBUG] [TEST] Batch 10 | Pred shape: torch.Size([256, 256, 160]) | Label shape: torch.Size([256, 256, 160])
[2025-07-06 21:13:21,767] [INFO] [EVALUATE] Dice WT: 0.8275
[2025-07-06 21:13:26,806] [INFO] [FIT] Received parameters. Starting local training...
[2025-07-06 21:13:31,380] [INFO] [DEBUG] Loaded compressed decoded weights.
[2025-07-06 21:14:16,481] [INFO] Model initialized on device: cuda:0
[2025-07-06 21:14:16,489] [INFO] Model initialized on device: cuda:0
[2025-07-06 21:14:16,606] [INFO] Model initialized on device: cuda:0
[2025-07-06 21:14:16,685] [INFO] Model initialized on device: cuda:0
[2025-07-06 21:14:16,689] [INFO] Model initialized on device: cuda:0
[2025-07-06 21:14:16,695] [INFO] Model initialized on device: cuda:0
[2025-07-06 21:14:16,695] [INFO] Model initialized on device: cuda:0
[2025-07-06 21:14:16,707] [INFO] Model initialized on device: cuda:0
[2025-07-06 21:15:21,979] [INFO] [TRAIN] Epoch 1 Loss: 0.8015
[2025-07-06 21:16:05,128] [INFO] Model initialized on device: cuda:0
[2025-07-06 21:16:06,025] [INFO] Model initialized on device: cuda:0
[2025-07-06 21:16:06,204] [INFO] Model initialized on device: cuda:0
[2025-07-06 21:16:06,974] [INFO] Model initialized on device: cuda:0
[2025-07-06 21:16:06,974] [INFO] Model initialized on device: cuda:0
[2025-07-06 21:16:06,990] [INFO] Model initialized on device: cuda:0
[2025-07-06 21:16:06,993] [INFO] Model initialized on device: cuda:0
[2025-07-06 21:16:06,994] [INFO] Model initialized on device: cuda:0
[2025-07-06 21:17:10,040] [INFO] [TRAIN] Epoch 2 Loss: 0.7883
[2025-07-06 21:17:37,774] [INFO] Model initialized on device: cuda:0
[2025-07-06 21:17:43,777] [INFO] Model initialized on device: cuda:0
[2025-07-06 21:17:44,293] [INFO] Model initialized on device: cuda:0
[2025-07-06 21:17:44,608] [INFO] Model initialized on device: cuda:0
[2025-07-06 21:17:46,471] [INFO] Model initialized on device: cuda:0
[2025-07-06 21:17:49,690] [INFO] Model initialized on device: cuda:0
[2025-07-06 21:17:50,792] [INFO] Model initialized on device: cuda:0
[2025-07-06 21:17:50,978] [INFO] Model initialized on device: cuda:0
[2025-07-06 21:18:48,180] [INFO] [TRAIN] Epoch 3 Loss: 0.7770
[2025-07-06 21:19:17,220] [INFO] Model initialized on device: cuda:0
[2025-07-06 21:19:19,691] [INFO] Model initialized on device: cuda:0
[2025-07-06 21:19:19,931] [INFO] Model initialized on device: cuda:0
[2025-07-06 21:19:20,111] [INFO] Model initialized on device: cuda:0
[2025-07-06 21:19:20,287] [INFO] Model initialized on device: cuda:0
[2025-07-06 21:19:20,307] [INFO] Model initialized on device: cuda:0
[2025-07-06 21:19:20,627] [INFO] Model initialized on device: cuda:0
[2025-07-06 21:19:21,278] [INFO] Model initialized on device: cuda:0
[2025-07-06 21:20:25,381] [INFO] [TRAIN] Epoch 4 Loss: 0.7602
[2025-07-06 21:20:59,817] [INFO] Model initialized on device: cuda:0
[2025-07-06 21:21:00,973] [INFO] Model initialized on device: cuda:0
[2025-07-06 21:21:01,118] [INFO] Model initialized on device: cuda:0
[2025-07-06 21:21:01,277] [INFO] Model initialized on device: cuda:0
[2025-07-06 21:21:01,682] [INFO] Model initialized on device: cuda:0
[2025-07-06 21:21:01,911] [INFO] Model initialized on device: cuda:0
[2025-07-06 21:21:02,375] [INFO] Model initialized on device: cuda:0
[2025-07-06 21:21:03,478] [INFO] Model initialized on device: cuda:0
[2025-07-06 21:22:05,777] [INFO] [TRAIN] Epoch 5 Loss: 0.7446
[2025-07-06 21:22:05,781] [INFO] [FIT] Local training finished. Avg Loss: 0.7743
[2025-07-06 21:22:33,582] [INFO] Model initialized on device: cuda:0
[2025-07-06 21:22:35,029] [INFO] Model initialized on device: cuda:0
[2025-07-06 21:22:35,985] [INFO] Model initialized on device: cuda:0
[2025-07-06 21:22:37,543] [INFO] Model initialized on device: cuda:0
[2025-07-06 21:22:37,848] [INFO] Model initialized on device: cuda:0
[2025-07-06 21:22:37,875] [INFO] Model initialized on device: cuda:0
[2025-07-06 21:22:37,887] [INFO] Model initialized on device: cuda:0
[2025-07-06 21:22:37,895] [INFO] Model initialized on device: cuda:0
[2025-07-06 21:22:38,877] [DEBUG] [TEST] Batch 1 | Pred shape: torch.Size([256, 256, 160]) | Label shape: torch.Size([256, 256, 160])
[2025-07-06 21:22:40,856] [DEBUG] [TEST] Batch 2 | Pred shape: torch.Size([256, 256, 160]) | Label shape: torch.Size([256, 256, 160])
[2025-07-06 21:22:40,985] [DEBUG] [TEST] Batch 3 | Pred shape: torch.Size([256, 256, 160]) | Label shape: torch.Size([256, 256, 160])
[2025-07-06 21:22:41,088] [DEBUG] [TEST] Batch 4 | Pred shape: torch.Size([256, 256, 160]) | Label shape: torch.Size([256, 256, 160])
[2025-07-06 21:22:41,200] [DEBUG] [TEST] Batch 5 | Pred shape: torch.Size([256, 256, 160]) | Label shape: torch.Size([256, 256, 160])
[2025-07-06 21:22:41,296] [DEBUG] [TEST] Batch 6 | Pred shape: torch.Size([256, 256, 160]) | Label shape: torch.Size([256, 256, 160])
[2025-07-06 21:22:41,394] [DEBUG] [TEST] Batch 7 | Pred shape: torch.Size([256, 256, 160]) | Label shape: torch.Size([256, 256, 160])
[2025-07-06 21:22:41,481] [DEBUG] [TEST] Batch 8 | Pred shape: torch.Size([256, 256, 160]) | Label shape: torch.Size([256, 256, 160])
[2025-07-06 21:22:41,877] [DEBUG] [TEST] Batch 9 | Pred shape: torch.Size([256, 256, 160]) | Label shape: torch.Size([256, 256, 160])
[2025-07-06 21:22:43,177] [DEBUG] [TEST] Batch 10 | Pred shape: torch.Size([256, 256, 160]) | Label shape: torch.Size([256, 256, 160])
[2025-07-06 21:22:46,105] [INFO] [FIT] Final model saved to: Run_UNET_R3IID30%_fedWSOcompC32_20250706/Client3/model_final.pth
[2025-07-06 21:23:35,873] [INFO] [EVALUATE] Starting evaluation...
[2025-07-06 21:23:40,480] [INFO] [DEBUG] Loaded compressed decoded weights.
[2025-07-06 21:24:25,479] [INFO] Model initialized on device: cuda:0
[2025-07-06 21:24:25,889] [INFO] Model initialized on device: cuda:0
[2025-07-06 21:24:25,894] [INFO] Model initialized on device: cuda:0
[2025-07-06 21:24:25,990] [INFO] Model initialized on device: cuda:0
[2025-07-06 21:24:26,071] [INFO] Model initialized on device: cuda:0
[2025-07-06 21:24:26,082] [INFO] Model initialized on device: cuda:0
[2025-07-06 21:24:26,083] [INFO] Model initialized on device: cuda:0
[2025-07-06 21:24:26,086] [INFO] Model initialized on device: cuda:0
[2025-07-06 21:24:30,257] [DEBUG] [TEST] Batch 1 | Pred shape: torch.Size([256, 256, 160]) | Label shape: torch.Size([256, 256, 160])
[2025-07-06 21:24:30,440] [DEBUG] [TEST] Batch 2 | Pred shape: torch.Size([256, 256, 160]) | Label shape: torch.Size([256, 256, 160])
[2025-07-06 21:24:30,548] [DEBUG] [TEST] Batch 3 | Pred shape: torch.Size([256, 256, 160]) | Label shape: torch.Size([256, 256, 160])
[2025-07-06 21:24:30,672] [DEBUG] [TEST] Batch 4 | Pred shape: torch.Size([256, 256, 160]) | Label shape: torch.Size([256, 256, 160])
[2025-07-06 21:24:30,731] [DEBUG] [TEST] Batch 5 | Pred shape: torch.Size([256, 256, 160]) | Label shape: torch.Size([256, 256, 160])
[2025-07-06 21:24:30,787] [DEBUG] [TEST] Batch 6 | Pred shape: torch.Size([256, 256, 160]) | Label shape: torch.Size([256, 256, 160])
[2025-07-06 21:24:30,843] [DEBUG] [TEST] Batch 7 | Pred shape: torch.Size([256, 256, 160]) | Label shape: torch.Size([256, 256, 160])
[2025-07-06 21:24:30,900] [DEBUG] [TEST] Batch 8 | Pred shape: torch.Size([256, 256, 160]) | Label shape: torch.Size([256, 256, 160])
[2025-07-06 21:24:31,938] [DEBUG] [TEST] Batch 9 | Pred shape: torch.Size([256, 256, 160]) | Label shape: torch.Size([256, 256, 160])
[2025-07-06 21:24:32,052] [DEBUG] [TEST] Batch 10 | Pred shape: torch.Size([256, 256, 160]) | Label shape: torch.Size([256, 256, 160])
[2025-07-06 21:24:36,085] [INFO] [EVALUATE] Dice WT: 0.8224
[2025-07-06 21:24:41,527] [INFO] [FIT] Received parameters. Starting local training...
[2025-07-06 21:24:45,374] [INFO] [DEBUG] Loaded compressed decoded weights.
[2025-07-06 21:25:29,658] [INFO] Model initialized on device: cuda:0
[2025-07-06 21:25:29,879] [INFO] Model initialized on device: cuda:0
[2025-07-06 21:25:30,036] [INFO] Model initialized on device: cuda:0
[2025-07-06 21:25:30,283] [INFO] Model initialized on device: cuda:0
[2025-07-06 21:25:30,872] [INFO] Model initialized on device: cuda:0
[2025-07-06 21:25:30,883] [INFO] Model initialized on device: cuda:0
[2025-07-06 21:25:31,077] [INFO] Model initialized on device: cuda:0
[2025-07-06 21:25:31,180] [INFO] Model initialized on device: cuda:0
[2025-07-06 21:26:40,383] [INFO] [TRAIN] Epoch 1 Loss: 0.7683
[2025-07-06 21:27:22,960] [INFO] Model initialized on device: cuda:0
[2025-07-06 21:27:23,000] [INFO] Model initialized on device: cuda:0
[2025-07-06 21:27:23,047] [INFO] Model initialized on device: cuda:0
[2025-07-06 21:27:23,228] [INFO] Model initialized on device: cuda:0
[2025-07-06 21:27:23,819] [INFO] Model initialized on device: cuda:0
[2025-07-06 21:27:23,850] [INFO] Model initialized on device: cuda:0
[2025-07-06 21:27:23,924] [INFO] Model initialized on device: cuda:0
[2025-07-06 21:27:24,002] [INFO] Model initialized on device: cuda:0
[2025-07-06 21:28:28,950] [INFO] [TRAIN] Epoch 2 Loss: 0.7516
[2025-07-06 21:29:15,826] [INFO] Model initialized on device: cuda:0
[2025-07-06 21:29:16,106] [INFO] Model initialized on device: cuda:0
[2025-07-06 21:29:16,109] [INFO] Model initialized on device: cuda:0
[2025-07-06 21:29:16,687] [INFO] Model initialized on device: cuda:0
[2025-07-06 21:29:16,770] [INFO] Model initialized on device: cuda:0
[2025-07-06 21:29:16,796] [INFO] Model initialized on device: cuda:0
[2025-07-06 21:29:16,881] [INFO] Model initialized on device: cuda:0
[2025-07-06 21:29:16,884] [INFO] Model initialized on device: cuda:0
[2025-07-06 21:30:25,729] [INFO] [TRAIN] Epoch 3 Loss: 0.7350
[2025-07-06 21:31:13,749] [INFO] Model initialized on device: cuda:0
[2025-07-06 21:31:14,573] [INFO] Model initialized on device: cuda:0
[2025-07-06 21:31:14,575] [INFO] Model initialized on device: cuda:0
[2025-07-06 21:31:14,602] [INFO] Model initialized on device: cuda:0
[2025-07-06 21:31:14,607] [INFO] Model initialized on device: cuda:0
[2025-07-06 21:31:14,883] [INFO] Model initialized on device: cuda:0
[2025-07-06 21:31:14,892] [INFO] Model initialized on device: cuda:0
[2025-07-06 21:31:14,900] [INFO] Model initialized on device: cuda:0
[2025-07-06 21:32:21,074] [INFO] [TRAIN] Epoch 4 Loss: 0.7198
[2025-07-06 21:33:07,240] [INFO] Model initialized on device: cuda:0
[2025-07-06 21:33:07,575] [INFO] Model initialized on device: cuda:0
[2025-07-06 21:33:08,028] [INFO] Model initialized on device: cuda:0
[2025-07-06 21:33:08,118] [INFO] Model initialized on device: cuda:0
[2025-07-06 21:33:08,191] [INFO] Model initialized on device: cuda:0
[2025-07-06 21:33:08,579] [INFO] Model initialized on device: cuda:0
[2025-07-06 21:33:08,589] [INFO] Model initialized on device: cuda:0
[2025-07-06 21:33:08,784] [INFO] Model initialized on device: cuda:0
[2025-07-06 21:34:18,573] [INFO] [TRAIN] Epoch 5 Loss: 0.7000
[2025-07-06 21:34:18,574] [INFO] [FIT] Local training finished. Avg Loss: 0.7349
[2025-07-06 21:35:04,815] [INFO] Model initialized on device: cuda:0
[2025-07-06 21:35:05,187] [INFO] Model initialized on device: cuda:0
[2025-07-06 21:35:05,272] [INFO] Model initialized on device: cuda:0
[2025-07-06 21:35:05,709] [INFO] Model initialized on device: cuda:0
[2025-07-06 21:35:05,710] [INFO] Model initialized on device: cuda:0
[2025-07-06 21:35:06,173] [INFO] Model initialized on device: cuda:0
[2025-07-06 21:35:06,274] [INFO] Model initialized on device: cuda:0
[2025-07-06 21:35:06,276] [INFO] Model initialized on device: cuda:0
[2025-07-06 21:35:09,780] [DEBUG] [TEST] Batch 1 | Pred shape: torch.Size([256, 256, 160]) | Label shape: torch.Size([256, 256, 160])
[2025-07-06 21:35:09,879] [DEBUG] [TEST] Batch 2 | Pred shape: torch.Size([256, 256, 160]) | Label shape: torch.Size([256, 256, 160])
[2025-07-06 21:35:11,482] [DEBUG] [TEST] Batch 3 | Pred shape: torch.Size([256, 256, 160]) | Label shape: torch.Size([256, 256, 160])
[2025-07-06 21:35:11,589] [DEBUG] [TEST] Batch 4 | Pred shape: torch.Size([256, 256, 160]) | Label shape: torch.Size([256, 256, 160])
[2025-07-06 21:35:11,738] [DEBUG] [TEST] Batch 5 | Pred shape: torch.Size([256, 256, 160]) | Label shape: torch.Size([256, 256, 160])
[2025-07-06 21:35:11,923] [DEBUG] [TEST] Batch 6 | Pred shape: torch.Size([256, 256, 160]) | Label shape: torch.Size([256, 256, 160])
[2025-07-06 21:35:12,151] [DEBUG] [TEST] Batch 7 | Pred shape: torch.Size([256, 256, 160]) | Label shape: torch.Size([256, 256, 160])
[2025-07-06 21:35:12,407] [DEBUG] [TEST] Batch 8 | Pred shape: torch.Size([256, 256, 160]) | Label shape: torch.Size([256, 256, 160])
[2025-07-06 21:35:12,835] [DEBUG] [TEST] Batch 9 | Pred shape: torch.Size([256, 256, 160]) | Label shape: torch.Size([256, 256, 160])
[2025-07-06 21:35:13,039] [DEBUG] [TEST] Batch 10 | Pred shape: torch.Size([256, 256, 160]) | Label shape: torch.Size([256, 256, 160])
[2025-07-06 21:35:16,770] [INFO] [FIT] Final model saved to: Run_UNET_R3IID30%_fedWSOcompC32_20250706/Client3/model_final.pth
[2025-07-06 21:36:06,074] [INFO] [EVALUATE] Starting evaluation...
[2025-07-06 21:36:10,278] [INFO] [DEBUG] Loaded compressed decoded weights.
[2025-07-06 21:36:56,563] [INFO] Model initialized on device: cuda:0
[2025-07-06 21:36:56,563] [INFO] Model initialized on device: cuda:0
[2025-07-06 21:36:56,564] [INFO] Model initialized on device: cuda:0
[2025-07-06 21:36:56,603] [INFO] Model initialized on device: cuda:0
[2025-07-06 21:36:56,676] [INFO] Model initialized on device: cuda:0
[2025-07-06 21:36:56,782] [INFO] Model initialized on device: cuda:0
[2025-07-06 21:36:56,788] [INFO] Model initialized on device: cuda:0
[2025-07-06 21:36:56,918] [INFO] Model initialized on device: cuda:0
[2025-07-06 21:36:59,633] [DEBUG] [TEST] Batch 1 | Pred shape: torch.Size([256, 256, 160]) | Label shape: torch.Size([256, 256, 160])
[2025-07-06 21:36:59,800] [DEBUG] [TEST] Batch 2 | Pred shape: torch.Size([256, 256, 160]) | Label shape: torch.Size([256, 256, 160])
[2025-07-06 21:37:00,331] [DEBUG] [TEST] Batch 3 | Pred shape: torch.Size([256, 256, 160]) | Label shape: torch.Size([256, 256, 160])
[2025-07-06 21:37:00,452] [DEBUG] [TEST] Batch 4 | Pred shape: torch.Size([256, 256, 160]) | Label shape: torch.Size([256, 256, 160])
[2025-07-06 21:37:00,637] [DEBUG] [TEST] Batch 5 | Pred shape: torch.Size([256, 256, 160]) | Label shape: torch.Size([256, 256, 160])
[2025-07-06 21:37:00,830] [DEBUG] [TEST] Batch 6 | Pred shape: torch.Size([256, 256, 160]) | Label shape: torch.Size([256, 256, 160])
[2025-07-06 21:37:01,024] [DEBUG] [TEST] Batch 7 | Pred shape: torch.Size([256, 256, 160]) | Label shape: torch.Size([256, 256, 160])
[2025-07-06 21:37:01,181] [DEBUG] [TEST] Batch 8 | Pred shape: torch.Size([256, 256, 160]) | Label shape: torch.Size([256, 256, 160])
[2025-07-06 21:37:01,808] [DEBUG] [TEST] Batch 9 | Pred shape: torch.Size([256, 256, 160]) | Label shape: torch.Size([256, 256, 160])
[2025-07-06 21:37:01,871] [DEBUG] [TEST] Batch 10 | Pred shape: torch.Size([256, 256, 160]) | Label shape: torch.Size([256, 256, 160])
[2025-07-06 21:37:05,446] [INFO] [EVALUATE] Dice WT: 0.8282
[2025-07-06 21:37:08,470] [INFO] [FIT] Received parameters. Starting local training...
[2025-07-06 21:37:11,475] [INFO] [DEBUG] Loaded compressed decoded weights.
[2025-07-06 21:37:50,832] [INFO] Model initialized on device: cuda:0
[2025-07-06 21:37:51,683] [INFO] Model initialized on device: cuda:0
[2025-07-06 21:37:55,182] [INFO] Model initialized on device: cuda:0
[2025-07-06 21:37:55,610] [INFO] Model initialized on device: cuda:0
[2025-07-06 21:37:56,383] [INFO] Model initialized on device: cuda:0
[2025-07-06 21:37:56,386] [INFO] Model initialized on device: cuda:0
[2025-07-06 21:37:56,528] [INFO] Model initialized on device: cuda:0
[2025-07-06 21:37:56,592] [INFO] Model initialized on device: cuda:0
[2025-07-06 21:38:59,509] [INFO] [TRAIN] Epoch 1 Loss: 0.7284
[2025-07-06 21:39:33,076] [INFO] Model initialized on device: cuda:0
[2025-07-06 21:39:34,173] [INFO] Model initialized on device: cuda:0
[2025-07-06 21:39:34,223] [INFO] Model initialized on device: cuda:0
[2025-07-06 21:39:34,282] [INFO] Model initialized on device: cuda:0
[2025-07-06 21:39:34,291] [INFO] Model initialized on device: cuda:0
[2025-07-06 21:39:34,375] [INFO] Model initialized on device: cuda:0
[2025-07-06 21:39:34,391] [INFO] Model initialized on device: cuda:0
[2025-07-06 21:39:34,607] [INFO] Model initialized on device: cuda:0
[2025-07-06 21:40:35,600] [INFO] [TRAIN] Epoch 2 Loss: 0.7084
[2025-07-06 21:40:58,004] [INFO] Model initialized on device: cuda:0
[2025-07-06 21:41:00,720] [INFO] Model initialized on device: cuda:0
[2025-07-06 21:41:02,786] [INFO] Model initialized on device: cuda:0
[2025-07-06 21:41:02,791] [INFO] Model initialized on device: cuda:0
[2025-07-06 21:41:03,713] [INFO] Model initialized on device: cuda:0
[2025-07-06 21:41:03,716] [INFO] Model initialized on device: cuda:0
[2025-07-06 21:41:03,774] [INFO] Model initialized on device: cuda:0
[2025-07-06 21:41:03,786] [INFO] Model initialized on device: cuda:0
[2025-07-06 21:42:02,971] [INFO] [TRAIN] Epoch 3 Loss: 0.6907
[2025-07-06 21:42:26,172] [INFO] Model initialized on device: cuda:0
[2025-07-06 21:42:29,175] [INFO] Model initialized on device: cuda:0
[2025-07-06 21:42:29,220] [INFO] Model initialized on device: cuda:0
[2025-07-06 21:42:30,386] [INFO] Model initialized on device: cuda:0
[2025-07-06 21:42:30,507] [INFO] Model initialized on device: cuda:0
[2025-07-06 21:42:30,570] [INFO] Model initialized on device: cuda:0
[2025-07-06 21:42:30,570] [INFO] Model initialized on device: cuda:0
[2025-07-06 21:42:30,572] [INFO] Model initialized on device: cuda:0
[2025-07-06 21:43:33,676] [INFO] [TRAIN] Epoch 4 Loss: 0.6693
[2025-07-06 21:43:58,508] [INFO] Model initialized on device: cuda:0
[2025-07-06 21:44:00,100] [INFO] Model initialized on device: cuda:0
[2025-07-06 21:44:00,429] [INFO] Model initialized on device: cuda:0
[2025-07-06 21:44:02,296] [INFO] Model initialized on device: cuda:0
[2025-07-06 21:44:02,297] [INFO] Model initialized on device: cuda:0
[2025-07-06 21:44:02,603] [INFO] Model initialized on device: cuda:0
[2025-07-06 21:44:02,681] [INFO] Model initialized on device: cuda:0
[2025-07-06 21:44:02,911] [INFO] Model initialized on device: cuda:0
[2025-07-06 21:45:03,408] [INFO] [TRAIN] Epoch 5 Loss: 0.6523
[2025-07-06 21:45:03,410] [INFO] [FIT] Local training finished. Avg Loss: 0.6898
[2025-07-06 21:45:28,690] [INFO] Model initialized on device: cuda:0
[2025-07-06 21:45:29,185] [INFO] Model initialized on device: cuda:0
[2025-07-06 21:45:32,382] [INFO] Model initialized on device: cuda:0
[2025-07-06 21:45:32,479] [INFO] Model initialized on device: cuda:0
[2025-07-06 21:45:32,480] [INFO] Model initialized on device: cuda:0
[2025-07-06 21:45:32,494] [INFO] Model initialized on device: cuda:0
[2025-07-06 21:45:32,571] [INFO] Model initialized on device: cuda:0
[2025-07-06 21:45:32,575] [INFO] Model initialized on device: cuda:0
[2025-07-06 21:45:37,077] [DEBUG] [TEST] Batch 1 | Pred shape: torch.Size([256, 256, 160]) | Label shape: torch.Size([256, 256, 160])
[2025-07-06 21:45:37,173] [DEBUG] [TEST] Batch 2 | Pred shape: torch.Size([256, 256, 160]) | Label shape: torch.Size([256, 256, 160])
[2025-07-06 21:45:37,833] [DEBUG] [TEST] Batch 3 | Pred shape: torch.Size([256, 256, 160]) | Label shape: torch.Size([256, 256, 160])
[2025-07-06 21:45:38,133] [DEBUG] [TEST] Batch 4 | Pred shape: torch.Size([256, 256, 160]) | Label shape: torch.Size([256, 256, 160])
[2025-07-06 21:45:38,191] [DEBUG] [TEST] Batch 5 | Pred shape: torch.Size([256, 256, 160]) | Label shape: torch.Size([256, 256, 160])
[2025-07-06 21:45:38,271] [DEBUG] [TEST] Batch 6 | Pred shape: torch.Size([256, 256, 160]) | Label shape: torch.Size([256, 256, 160])
[2025-07-06 21:45:38,330] [DEBUG] [TEST] Batch 7 | Pred shape: torch.Size([256, 256, 160]) | Label shape: torch.Size([256, 256, 160])
[2025-07-06 21:45:38,388] [DEBUG] [TEST] Batch 8 | Pred shape: torch.Size([256, 256, 160]) | Label shape: torch.Size([256, 256, 160])
[2025-07-06 21:45:40,124] [DEBUG] [TEST] Batch 9 | Pred shape: torch.Size([256, 256, 160]) | Label shape: torch.Size([256, 256, 160])
[2025-07-06 21:45:40,179] [DEBUG] [TEST] Batch 10 | Pred shape: torch.Size([256, 256, 160]) | Label shape: torch.Size([256, 256, 160])
[2025-07-06 21:45:44,508] [INFO] [FIT] Final model saved to: Run_UNET_R3IID30%_fedWSOcompC32_20250706/Client3/model_final.pth
[2025-07-06 21:46:45,580] [INFO] [EVALUATE] Starting evaluation...
[2025-07-06 21:46:48,080] [INFO] [DEBUG] Loaded compressed decoded weights.
[2025-07-06 21:47:29,094] [INFO] Model initialized on device: cuda:0
[2025-07-06 21:47:31,540] [INFO] Model initialized on device: cuda:0
[2025-07-06 21:47:31,777] [INFO] Model initialized on device: cuda:0
[2025-07-06 21:47:31,905] [INFO] Model initialized on device: cuda:0
[2025-07-06 21:47:32,019] [INFO] Model initialized on device: cuda:0
[2025-07-06 21:47:32,253] [INFO] Model initialized on device: cuda:0
[2025-07-06 21:47:32,464] [INFO] Model initialized on device: cuda:0
[2025-07-06 21:47:32,616] [INFO] Model initialized on device: cuda:0
[2025-07-06 21:47:34,718] [DEBUG] [TEST] Batch 1 | Pred shape: torch.Size([256, 256, 160]) | Label shape: torch.Size([256, 256, 160])
[2025-07-06 21:47:34,777] [DEBUG] [TEST] Batch 2 | Pred shape: torch.Size([256, 256, 160]) | Label shape: torch.Size([256, 256, 160])
[2025-07-06 21:47:34,897] [DEBUG] [TEST] Batch 3 | Pred shape: torch.Size([256, 256, 160]) | Label shape: torch.Size([256, 256, 160])
[2025-07-06 21:47:34,967] [DEBUG] [TEST] Batch 4 | Pred shape: torch.Size([256, 256, 160]) | Label shape: torch.Size([256, 256, 160])
[2025-07-06 21:47:35,123] [DEBUG] [TEST] Batch 5 | Pred shape: torch.Size([256, 256, 160]) | Label shape: torch.Size([256, 256, 160])
[2025-07-06 21:47:35,333] [DEBUG] [TEST] Batch 6 | Pred shape: torch.Size([256, 256, 160]) | Label shape: torch.Size([256, 256, 160])
[2025-07-06 21:47:35,425] [DEBUG] [TEST] Batch 7 | Pred shape: torch.Size([256, 256, 160]) | Label shape: torch.Size([256, 256, 160])
[2025-07-06 21:47:35,503] [DEBUG] [TEST] Batch 8 | Pred shape: torch.Size([256, 256, 160]) | Label shape: torch.Size([256, 256, 160])
[2025-07-06 21:47:36,998] [DEBUG] [TEST] Batch 9 | Pred shape: torch.Size([256, 256, 160]) | Label shape: torch.Size([256, 256, 160])
[2025-07-06 21:47:37,070] [DEBUG] [TEST] Batch 10 | Pred shape: torch.Size([256, 256, 160]) | Label shape: torch.Size([256, 256, 160])
[2025-07-06 21:47:40,458] [INFO] [EVALUATE] Dice WT: 0.8629
[2025-07-06 21:47:48,064] [INFO] [FIT] Received parameters. Starting local training...
[2025-07-06 21:47:53,579] [INFO] [DEBUG] Loaded compressed decoded weights.
[2025-07-06 21:48:41,136] [INFO] Model initialized on device: cuda:0
[2025-07-06 21:48:41,139] [INFO] Model initialized on device: cuda:0
[2025-07-06 21:48:41,240] [INFO] Model initialized on device: cuda:0
[2025-07-06 21:48:41,242] [INFO] Model initialized on device: cuda:0
[2025-07-06 21:48:41,291] [INFO] Model initialized on device: cuda:0
[2025-07-06 21:48:41,713] [INFO] Model initialized on device: cuda:0
[2025-07-06 21:48:41,974] [INFO] Model initialized on device: cuda:0
[2025-07-06 21:48:41,974] [INFO] Model initialized on device: cuda:0
[2025-07-06 21:49:49,775] [INFO] [TRAIN] Epoch 1 Loss: 0.6873
[2025-07-06 21:50:26,306] [INFO] Model initialized on device: cuda:0
[2025-07-06 21:50:26,957] [INFO] Model initialized on device: cuda:0
[2025-07-06 21:50:31,472] [INFO] Model initialized on device: cuda:0
[2025-07-06 21:50:31,603] [INFO] Model initialized on device: cuda:0
[2025-07-06 21:50:34,984] [INFO] Model initialized on device: cuda:0
[2025-07-06 21:50:34,987] [INFO] Model initialized on device: cuda:0
[2025-07-06 21:50:35,175] [INFO] Model initialized on device: cuda:0
[2025-07-06 21:50:35,311] [INFO] Model initialized on device: cuda:0
[2025-07-06 21:51:40,899] [INFO] [TRAIN] Epoch 2 Loss: 0.6604
[2025-07-06 21:52:23,574] [INFO] Model initialized on device: cuda:0
[2025-07-06 21:52:23,924] [INFO] Model initialized on device: cuda:0
[2025-07-06 21:52:23,980] [INFO] Model initialized on device: cuda:0
[2025-07-06 21:52:24,497] [INFO] Model initialized on device: cuda:0
[2025-07-06 21:52:24,497] [INFO] Model initialized on device: cuda:0
[2025-07-06 21:52:24,807] [INFO] Model initialized on device: cuda:0
[2025-07-06 21:52:24,875] [INFO] Model initialized on device: cuda:0
[2025-07-06 21:52:24,894] [INFO] Model initialized on device: cuda:0
[2025-07-06 21:53:25,674] [INFO] [TRAIN] Epoch 3 Loss: 0.6393
[2025-07-06 21:53:59,327] [INFO] Model initialized on device: cuda:0
[2025-07-06 21:54:03,883] [INFO] Model initialized on device: cuda:0
[2025-07-06 21:54:04,276] [INFO] Model initialized on device: cuda:0
[2025-07-06 21:54:04,723] [INFO] Model initialized on device: cuda:0
[2025-07-06 21:54:05,392] [INFO] Model initialized on device: cuda:0
[2025-07-06 21:54:05,909] [INFO] Model initialized on device: cuda:0
[2025-07-06 21:54:08,015] [INFO] Model initialized on device: cuda:0
[2025-07-06 21:54:08,717] [INFO] Model initialized on device: cuda:0
[2025-07-06 21:55:09,375] [INFO] [TRAIN] Epoch 4 Loss: 0.6197
[2025-07-06 21:55:46,412] [INFO] Model initialized on device: cuda:0
[2025-07-06 21:55:46,412] [INFO] Model initialized on device: cuda:0
[2025-07-06 21:55:46,785] [INFO] Model initialized on device: cuda:0
[2025-07-06 21:55:48,085] [INFO] Model initialized on device: cuda:0
[2025-07-06 21:55:48,101] [INFO] Model initialized on device: cuda:0
[2025-07-06 21:55:48,270] [INFO] Model initialized on device: cuda:0
[2025-07-06 21:55:48,310] [INFO] Model initialized on device: cuda:0
[2025-07-06 21:55:48,403] [INFO] Model initialized on device: cuda:0
[2025-07-06 21:56:43,882] [INFO] [TRAIN] Epoch 5 Loss: 0.6036
[2025-07-06 21:56:43,883] [INFO] [FIT] Local training finished. Avg Loss: 0.6421
[2025-07-06 21:57:02,417] [INFO] Model initialized on device: cuda:0
[2025-07-06 21:57:02,866] [INFO] Model initialized on device: cuda:0
[2025-07-06 21:57:03,219] [INFO] Model initialized on device: cuda:0
[2025-07-06 21:57:03,397] [INFO] Model initialized on device: cuda:0
[2025-07-06 21:57:04,809] [INFO] Model initialized on device: cuda:0
[2025-07-06 21:57:04,987] [INFO] Model initialized on device: cuda:0
[2025-07-06 21:57:05,417] [INFO] Model initialized on device: cuda:0
[2025-07-06 21:57:05,974] [INFO] Model initialized on device: cuda:0
[2025-07-06 21:57:08,464] [DEBUG] [TEST] Batch 1 | Pred shape: torch.Size([256, 256, 160]) | Label shape: torch.Size([256, 256, 160])
[2025-07-06 21:57:08,573] [DEBUG] [TEST] Batch 2 | Pred shape: torch.Size([256, 256, 160]) | Label shape: torch.Size([256, 256, 160])
[2025-07-06 21:57:08,641] [DEBUG] [TEST] Batch 3 | Pred shape: torch.Size([256, 256, 160]) | Label shape: torch.Size([256, 256, 160])
[2025-07-06 21:57:08,760] [DEBUG] [TEST] Batch 4 | Pred shape: torch.Size([256, 256, 160]) | Label shape: torch.Size([256, 256, 160])
[2025-07-06 21:57:08,818] [DEBUG] [TEST] Batch 5 | Pred shape: torch.Size([256, 256, 160]) | Label shape: torch.Size([256, 256, 160])
[2025-07-06 21:57:08,921] [DEBUG] [TEST] Batch 6 | Pred shape: torch.Size([256, 256, 160]) | Label shape: torch.Size([256, 256, 160])
[2025-07-06 21:57:09,046] [DEBUG] [TEST] Batch 7 | Pred shape: torch.Size([256, 256, 160]) | Label shape: torch.Size([256, 256, 160])
[2025-07-06 21:57:09,170] [DEBUG] [TEST] Batch 8 | Pred shape: torch.Size([256, 256, 160]) | Label shape: torch.Size([256, 256, 160])
[2025-07-06 21:57:10,328] [DEBUG] [TEST] Batch 9 | Pred shape: torch.Size([256, 256, 160]) | Label shape: torch.Size([256, 256, 160])
[2025-07-06 21:57:10,384] [DEBUG] [TEST] Batch 10 | Pred shape: torch.Size([256, 256, 160]) | Label shape: torch.Size([256, 256, 160])
[2025-07-06 21:57:12,676] [INFO] [FIT] Final model saved to: Run_UNET_R3IID30%_fedWSOcompC32_20250706/Client3/model_final.pth
[2025-07-06 21:57:58,666] [INFO] [EVALUATE] Starting evaluation...
[2025-07-06 21:58:03,479] [INFO] [DEBUG] Loaded compressed decoded weights.
[2025-07-06 21:58:46,744] [INFO] Model initialized on device: cuda:0
[2025-07-06 21:58:47,025] [INFO] Model initialized on device: cuda:0
[2025-07-06 21:58:47,088] [INFO] Model initialized on device: cuda:0
[2025-07-06 21:58:47,273] [INFO] Model initialized on device: cuda:0
[2025-07-06 21:58:47,290] [INFO] Model initialized on device: cuda:0
[2025-07-06 21:58:47,292] [INFO] Model initialized on device: cuda:0
[2025-07-06 21:58:47,311] [INFO] Model initialized on device: cuda:0
[2025-07-06 21:58:47,311] [INFO] Model initialized on device: cuda:0
[2025-07-06 21:58:51,781] [DEBUG] [TEST] Batch 1 | Pred shape: torch.Size([256, 256, 160]) | Label shape: torch.Size([256, 256, 160])
[2025-07-06 21:58:51,959] [DEBUG] [TEST] Batch 2 | Pred shape: torch.Size([256, 256, 160]) | Label shape: torch.Size([256, 256, 160])
[2025-07-06 21:58:52,096] [DEBUG] [TEST] Batch 3 | Pred shape: torch.Size([256, 256, 160]) | Label shape: torch.Size([256, 256, 160])
[2025-07-06 21:58:52,249] [DEBUG] [TEST] Batch 4 | Pred shape: torch.Size([256, 256, 160]) | Label shape: torch.Size([256, 256, 160])
[2025-07-06 21:58:52,428] [DEBUG] [TEST] Batch 5 | Pred shape: torch.Size([256, 256, 160]) | Label shape: torch.Size([256, 256, 160])
[2025-07-06 21:58:52,615] [DEBUG] [TEST] Batch 6 | Pred shape: torch.Size([256, 256, 160]) | Label shape: torch.Size([256, 256, 160])
[2025-07-06 21:58:52,740] [DEBUG] [TEST] Batch 7 | Pred shape: torch.Size([256, 256, 160]) | Label shape: torch.Size([256, 256, 160])
[2025-07-06 21:58:52,820] [DEBUG] [TEST] Batch 8 | Pred shape: torch.Size([256, 256, 160]) | Label shape: torch.Size([256, 256, 160])
[2025-07-06 21:58:53,786] [DEBUG] [TEST] Batch 9 | Pred shape: torch.Size([256, 256, 160]) | Label shape: torch.Size([256, 256, 160])
[2025-07-06 21:58:53,959] [DEBUG] [TEST] Batch 10 | Pred shape: torch.Size([256, 256, 160]) | Label shape: torch.Size([256, 256, 160])
[2025-07-06 21:58:57,433] [INFO] [EVALUATE] Dice WT: 0.7983
[2025-07-06 21:59:01,382] [INFO] [FIT] Received parameters. Starting local training...
[2025-07-06 21:59:05,494] [INFO] [DEBUG] Loaded compressed decoded weights.
[2025-07-06 21:59:51,609] [INFO] Model initialized on device: cuda:0
[2025-07-06 21:59:51,997] [INFO] Model initialized on device: cuda:0
[2025-07-06 21:59:52,090] [INFO] Model initialized on device: cuda:0
[2025-07-06 21:59:52,117] [INFO] Model initialized on device: cuda:0
[2025-07-06 21:59:52,205] [INFO] Model initialized on device: cuda:0
[2025-07-06 21:59:52,389] [INFO] Model initialized on device: cuda:0
[2025-07-06 21:59:52,588] [INFO] Model initialized on device: cuda:0
[2025-07-06 21:59:52,604] [INFO] Model initialized on device: cuda:0
[2025-07-06 22:01:03,149] [INFO] [TRAIN] Epoch 1 Loss: 0.6381
[2025-07-06 22:01:40,124] [INFO] Model initialized on device: cuda:0
[2025-07-06 22:01:48,373] [INFO] Model initialized on device: cuda:0
[2025-07-06 22:01:48,380] [INFO] Model initialized on device: cuda:0
[2025-07-06 22:01:48,383] [INFO] Model initialized on device: cuda:0
[2025-07-06 22:01:48,384] [INFO] Model initialized on device: cuda:0
[2025-07-06 22:01:48,522] [INFO] Model initialized on device: cuda:0
[2025-07-06 22:01:48,784] [INFO] Model initialized on device: cuda:0
[2025-07-06 22:01:48,789] [INFO] Model initialized on device: cuda:0
[2025-07-06 22:02:52,074] [INFO] [TRAIN] Epoch 2 Loss: 0.6088
[2025-07-06 22:03:27,370] [INFO] Model initialized on device: cuda:0
[2025-07-06 22:03:32,882] [INFO] Model initialized on device: cuda:0
[2025-07-06 22:03:35,199] [INFO] Model initialized on device: cuda:0
[2025-07-06 22:03:35,391] [INFO] Model initialized on device: cuda:0
[2025-07-06 22:03:35,474] [INFO] Model initialized on device: cuda:0
[2025-07-06 22:03:35,475] [INFO] Model initialized on device: cuda:0
[2025-07-06 22:03:35,499] [INFO] Model initialized on device: cuda:0
[2025-07-06 22:03:35,504] [INFO] Model initialized on device: cuda:0
[2025-07-06 22:04:35,606] [INFO] [TRAIN] Epoch 3 Loss: 0.5876
[2025-07-06 22:05:03,706] [INFO] Model initialized on device: cuda:0
[2025-07-06 22:05:06,287] [INFO] Model initialized on device: cuda:0
[2025-07-06 22:05:07,506] [INFO] Model initialized on device: cuda:0
[2025-07-06 22:05:10,890] [INFO] Model initialized on device: cuda:0
[2025-07-06 22:05:10,911] [INFO] Model initialized on device: cuda:0
[2025-07-06 22:05:12,088] [INFO] Model initialized on device: cuda:0
[2025-07-06 22:05:12,680] [INFO] Model initialized on device: cuda:0
[2025-07-06 22:05:13,317] [INFO] Model initialized on device: cuda:0
[2025-07-06 22:06:11,521] [INFO] [TRAIN] Epoch 4 Loss: 0.5644
[2025-07-06 22:06:40,686] [INFO] Model initialized on device: cuda:0
[2025-07-06 22:06:42,394] [INFO] Model initialized on device: cuda:0
[2025-07-06 22:06:44,179] [INFO] Model initialized on device: cuda:0
[2025-07-06 22:06:45,206] [INFO] Model initialized on device: cuda:0
[2025-07-06 22:06:45,871] [INFO] Model initialized on device: cuda:0
[2025-07-06 22:06:45,871] [INFO] Model initialized on device: cuda:0
[2025-07-06 22:06:45,891] [INFO] Model initialized on device: cuda:0
[2025-07-06 22:06:45,970] [INFO] Model initialized on device: cuda:0
[2025-07-06 22:07:45,321] [INFO] [TRAIN] Epoch 5 Loss: 0.5426
[2025-07-06 22:07:45,322] [INFO] [FIT] Local training finished. Avg Loss: 0.5883
[2025-07-06 22:08:05,311] [INFO] Model initialized on device: cuda:0
[2025-07-06 22:08:06,080] [INFO] Model initialized on device: cuda:0
[2025-07-06 22:08:06,643] [INFO] Model initialized on device: cuda:0
[2025-07-06 22:08:08,139] [INFO] Model initialized on device: cuda:0
[2025-07-06 22:08:08,495] [INFO] Model initialized on device: cuda:0
[2025-07-06 22:08:08,579] [INFO] Model initialized on device: cuda:0
[2025-07-06 22:08:08,589] [INFO] Model initialized on device: cuda:0
[2025-07-06 22:08:08,595] [INFO] Model initialized on device: cuda:0
[2025-07-06 22:08:09,685] [DEBUG] [TEST] Batch 1 | Pred shape: torch.Size([256, 256, 160]) | Label shape: torch.Size([256, 256, 160])
[2025-07-06 22:08:09,742] [DEBUG] [TEST] Batch 2 | Pred shape: torch.Size([256, 256, 160]) | Label shape: torch.Size([256, 256, 160])
[2025-07-06 22:08:10,986] [DEBUG] [TEST] Batch 3 | Pred shape: torch.Size([256, 256, 160]) | Label shape: torch.Size([256, 256, 160])
[2025-07-06 22:08:11,085] [DEBUG] [TEST] Batch 4 | Pred shape: torch.Size([256, 256, 160]) | Label shape: torch.Size([256, 256, 160])
[2025-07-06 22:08:11,526] [DEBUG] [TEST] Batch 5 | Pred shape: torch.Size([256, 256, 160]) | Label shape: torch.Size([256, 256, 160])
[2025-07-06 22:08:11,582] [DEBUG] [TEST] Batch 6 | Pred shape: torch.Size([256, 256, 160]) | Label shape: torch.Size([256, 256, 160])
[2025-07-06 22:08:11,640] [DEBUG] [TEST] Batch 7 | Pred shape: torch.Size([256, 256, 160]) | Label shape: torch.Size([256, 256, 160])
[2025-07-06 22:08:11,697] [DEBUG] [TEST] Batch 8 | Pred shape: torch.Size([256, 256, 160]) | Label shape: torch.Size([256, 256, 160])
[2025-07-06 22:08:11,864] [DEBUG] [TEST] Batch 9 | Pred shape: torch.Size([256, 256, 160]) | Label shape: torch.Size([256, 256, 160])
[2025-07-06 22:08:11,919] [DEBUG] [TEST] Batch 10 | Pred shape: torch.Size([256, 256, 160]) | Label shape: torch.Size([256, 256, 160])
[2025-07-06 22:08:14,642] [INFO] [FIT] Final model saved to: Run_UNET_R3IID30%_fedWSOcompC32_20250706/Client3/model_final.pth
[2025-07-06 22:09:04,274] [INFO] [EVALUATE] Starting evaluation...
[2025-07-06 22:09:07,985] [INFO] [DEBUG] Loaded compressed decoded weights.
[2025-07-06 22:09:50,053] [INFO] Model initialized on device: cuda:0
[2025-07-06 22:09:51,418] [INFO] Model initialized on device: cuda:0
[2025-07-06 22:09:51,434] [INFO] Model initialized on device: cuda:0
[2025-07-06 22:09:53,374] [INFO] Model initialized on device: cuda:0
[2025-07-06 22:09:53,386] [INFO] Model initialized on device: cuda:0
[2025-07-06 22:09:53,402] [INFO] Model initialized on device: cuda:0
[2025-07-06 22:09:53,410] [INFO] Model initialized on device: cuda:0
[2025-07-06 22:09:53,413] [INFO] Model initialized on device: cuda:0
[2025-07-06 22:09:56,572] [DEBUG] [TEST] Batch 1 | Pred shape: torch.Size([256, 256, 160]) | Label shape: torch.Size([256, 256, 160])
[2025-07-06 22:09:56,652] [DEBUG] [TEST] Batch 2 | Pred shape: torch.Size([256, 256, 160]) | Label shape: torch.Size([256, 256, 160])
[2025-07-06 22:09:56,741] [DEBUG] [TEST] Batch 3 | Pred shape: torch.Size([256, 256, 160]) | Label shape: torch.Size([256, 256, 160])
[2025-07-06 22:09:56,865] [DEBUG] [TEST] Batch 4 | Pred shape: torch.Size([256, 256, 160]) | Label shape: torch.Size([256, 256, 160])
[2025-07-06 22:09:56,992] [DEBUG] [TEST] Batch 5 | Pred shape: torch.Size([256, 256, 160]) | Label shape: torch.Size([256, 256, 160])
[2025-07-06 22:09:57,125] [DEBUG] [TEST] Batch 6 | Pred shape: torch.Size([256, 256, 160]) | Label shape: torch.Size([256, 256, 160])
[2025-07-06 22:09:57,253] [DEBUG] [TEST] Batch 7 | Pred shape: torch.Size([256, 256, 160]) | Label shape: torch.Size([256, 256, 160])
[2025-07-06 22:09:57,373] [DEBUG] [TEST] Batch 8 | Pred shape: torch.Size([256, 256, 160]) | Label shape: torch.Size([256, 256, 160])
[2025-07-06 22:09:58,190] [DEBUG] [TEST] Batch 9 | Pred shape: torch.Size([256, 256, 160]) | Label shape: torch.Size([256, 256, 160])
[2025-07-06 22:09:58,246] [DEBUG] [TEST] Batch 10 | Pred shape: torch.Size([256, 256, 160]) | Label shape: torch.Size([256, 256, 160])
[2025-07-06 22:10:00,428] [INFO] [EVALUATE] Dice WT: 0.9727
[2025-07-06 22:10:04,078] [INFO] [FIT] Received parameters. Starting local training...
[2025-07-06 22:10:07,094] [INFO] [DEBUG] Loaded compressed decoded weights.
[2025-07-06 22:10:54,472] [INFO] Model initialized on device: cuda:0
[2025-07-06 22:10:54,530] [INFO] Model initialized on device: cuda:0
[2025-07-06 22:10:54,817] [INFO] Model initialized on device: cuda:0
[2025-07-06 22:10:55,000] [INFO] Model initialized on device: cuda:0
[2025-07-06 22:10:55,293] [INFO] Model initialized on device: cuda:0
[2025-07-06 22:10:55,484] [INFO] Model initialized on device: cuda:0
[2025-07-06 22:10:55,578] [INFO] Model initialized on device: cuda:0
[2025-07-06 22:10:55,581] [INFO] Model initialized on device: cuda:0
[2025-07-06 22:12:03,767] [INFO] [TRAIN] Epoch 1 Loss: 0.5908
[2025-07-06 22:12:51,588] [INFO] Model initialized on device: cuda:0
[2025-07-06 22:12:51,693] [INFO] Model initialized on device: cuda:0
[2025-07-06 22:12:51,774] [INFO] Model initialized on device: cuda:0
[2025-07-06 22:12:51,901] [INFO] Model initialized on device: cuda:0
[2025-07-06 22:12:52,084] [INFO] Model initialized on device: cuda:0
[2025-07-06 22:12:52,117] [INFO] Model initialized on device: cuda:0
[2025-07-06 22:12:52,281] [INFO] Model initialized on device: cuda:0
[2025-07-06 22:12:52,375] [INFO] Model initialized on device: cuda:0
[2025-07-06 22:13:58,053] [INFO] [TRAIN] Epoch 2 Loss: 0.5584
[2025-07-06 22:14:36,617] [INFO] Model initialized on device: cuda:0
[2025-07-06 22:14:36,635] [INFO] Model initialized on device: cuda:0
[2025-07-06 22:14:36,677] [INFO] Model initialized on device: cuda:0
[2025-07-06 22:14:37,820] [INFO] Model initialized on device: cuda:0
[2025-07-06 22:14:37,827] [INFO] Model initialized on device: cuda:0
[2025-07-06 22:14:40,031] [INFO] Model initialized on device: cuda:0
[2025-07-06 22:14:40,306] [INFO] Model initialized on device: cuda:0
[2025-07-06 22:14:40,611] [INFO] Model initialized on device: cuda:0
[2025-07-06 22:15:43,474] [INFO] [TRAIN] Epoch 3 Loss: 0.5356
[2025-07-06 22:16:12,814] [INFO] Model initialized on device: cuda:0
[2025-07-06 22:16:13,500] [INFO] Model initialized on device: cuda:0
[2025-07-06 22:16:15,976] [INFO] Model initialized on device: cuda:0
[2025-07-06 22:16:15,987] [INFO] Model initialized on device: cuda:0
[2025-07-06 22:16:15,996] [INFO] Model initialized on device: cuda:0
[2025-07-06 22:16:16,012] [INFO] Model initialized on device: cuda:0
[2025-07-06 22:16:16,014] [INFO] Model initialized on device: cuda:0
[2025-07-06 22:16:16,070] [INFO] Model initialized on device: cuda:0
[2025-07-06 22:17:16,897] [INFO] [TRAIN] Epoch 4 Loss: 0.5163
[2025-07-06 22:17:52,089] [INFO] Model initialized on device: cuda:0
[2025-07-06 22:17:52,278] [INFO] Model initialized on device: cuda:0
[2025-07-06 22:17:52,709] [INFO] Model initialized on device: cuda:0
[2025-07-06 22:17:52,873] [INFO] Model initialized on device: cuda:0
[2025-07-06 22:17:52,906] [INFO] Model initialized on device: cuda:0
[2025-07-06 22:17:53,005] [INFO] Model initialized on device: cuda:0
[2025-07-06 22:17:53,013] [INFO] Model initialized on device: cuda:0
[2025-07-06 22:17:53,017] [INFO] Model initialized on device: cuda:0
[2025-07-06 22:18:55,715] [INFO] [TRAIN] Epoch 5 Loss: 0.4913
[2025-07-06 22:18:55,716] [INFO] [FIT] Local training finished. Avg Loss: 0.5385
[2025-07-06 22:19:34,684] [INFO] Model initialized on device: cuda:0
[2025-07-06 22:19:34,696] [INFO] Model initialized on device: cuda:0
[2025-07-06 22:19:34,696] [INFO] Model initialized on device: cuda:0
[2025-07-06 22:19:34,796] [INFO] Model initialized on device: cuda:0
[2025-07-06 22:19:34,909] [INFO] Model initialized on device: cuda:0
[2025-07-06 22:19:34,913] [INFO] Model initialized on device: cuda:0
[2025-07-06 22:19:34,917] [INFO] Model initialized on device: cuda:0
[2025-07-06 22:19:34,971] [INFO] Model initialized on device: cuda:0
[2025-07-06 22:19:39,674] [DEBUG] [TEST] Batch 1 | Pred shape: torch.Size([256, 256, 160]) | Label shape: torch.Size([256, 256, 160])
[2025-07-06 22:19:39,789] [DEBUG] [TEST] Batch 2 | Pred shape: torch.Size([256, 256, 160]) | Label shape: torch.Size([256, 256, 160])
[2025-07-06 22:19:39,917] [DEBUG] [TEST] Batch 3 | Pred shape: torch.Size([256, 256, 160]) | Label shape: torch.Size([256, 256, 160])
[2025-07-06 22:19:40,037] [DEBUG] [TEST] Batch 4 | Pred shape: torch.Size([256, 256, 160]) | Label shape: torch.Size([256, 256, 160])
[2025-07-06 22:19:40,161] [DEBUG] [TEST] Batch 5 | Pred shape: torch.Size([256, 256, 160]) | Label shape: torch.Size([256, 256, 160])
[2025-07-06 22:19:40,216] [DEBUG] [TEST] Batch 6 | Pred shape: torch.Size([256, 256, 160]) | Label shape: torch.Size([256, 256, 160])
[2025-07-06 22:19:40,281] [DEBUG] [TEST] Batch 7 | Pred shape: torch.Size([256, 256, 160]) | Label shape: torch.Size([256, 256, 160])
[2025-07-06 22:19:40,351] [DEBUG] [TEST] Batch 8 | Pred shape: torch.Size([256, 256, 160]) | Label shape: torch.Size([256, 256, 160])
[2025-07-06 22:19:41,273] [DEBUG] [TEST] Batch 9 | Pred shape: torch.Size([256, 256, 160]) | Label shape: torch.Size([256, 256, 160])
[2025-07-06 22:19:41,446] [DEBUG] [TEST] Batch 10 | Pred shape: torch.Size([256, 256, 160]) | Label shape: torch.Size([256, 256, 160])
[2025-07-06 22:19:46,823] [INFO] [FIT] Final model saved to: Run_UNET_R3IID30%_fedWSOcompC32_20250706/Client3/model_final.pth
[2025-07-06 22:20:42,505] [INFO] [EVALUATE] Starting evaluation...
[2025-07-06 22:20:46,979] [INFO] [DEBUG] Loaded compressed decoded weights.
[2025-07-06 22:21:28,865] [INFO] Model initialized on device: cuda:0
[2025-07-06 22:21:28,915] [INFO] Model initialized on device: cuda:0
[2025-07-06 22:21:30,722] [INFO] Model initialized on device: cuda:0
[2025-07-06 22:21:30,725] [INFO] Model initialized on device: cuda:0
[2025-07-06 22:21:30,985] [INFO] Model initialized on device: cuda:0
[2025-07-06 22:21:30,990] [INFO] Model initialized on device: cuda:0
[2025-07-06 22:21:31,058] [INFO] Model initialized on device: cuda:0
[2025-07-06 22:21:31,059] [INFO] Model initialized on device: cuda:0
[2025-07-06 22:21:33,945] [DEBUG] [TEST] Batch 1 | Pred shape: torch.Size([256, 256, 160]) | Label shape: torch.Size([256, 256, 160])
[2025-07-06 22:21:34,117] [DEBUG] [TEST] Batch 2 | Pred shape: torch.Size([256, 256, 160]) | Label shape: torch.Size([256, 256, 160])
[2025-07-06 22:21:34,280] [DEBUG] [TEST] Batch 3 | Pred shape: torch.Size([256, 256, 160]) | Label shape: torch.Size([256, 256, 160])
[2025-07-06 22:21:34,359] [DEBUG] [TEST] Batch 4 | Pred shape: torch.Size([256, 256, 160]) | Label shape: torch.Size([256, 256, 160])
[2025-07-06 22:21:34,475] [DEBUG] [TEST] Batch 5 | Pred shape: torch.Size([256, 256, 160]) | Label shape: torch.Size([256, 256, 160])
[2025-07-06 22:21:34,597] [DEBUG] [TEST] Batch 6 | Pred shape: torch.Size([256, 256, 160]) | Label shape: torch.Size([256, 256, 160])
[2025-07-06 22:21:34,724] [DEBUG] [TEST] Batch 7 | Pred shape: torch.Size([256, 256, 160]) | Label shape: torch.Size([256, 256, 160])
[2025-07-06 22:21:34,847] [DEBUG] [TEST] Batch 8 | Pred shape: torch.Size([256, 256, 160]) | Label shape: torch.Size([256, 256, 160])
[2025-07-06 22:21:36,186] [DEBUG] [TEST] Batch 9 | Pred shape: torch.Size([256, 256, 160]) | Label shape: torch.Size([256, 256, 160])
[2025-07-06 22:21:36,312] [DEBUG] [TEST] Batch 10 | Pred shape: torch.Size([256, 256, 160]) | Label shape: torch.Size([256, 256, 160])
[2025-07-06 22:21:40,225] [INFO] [EVALUATE] Dice WT: 0.8308
[2025-07-06 22:21:43,770] [INFO] [FIT] Received parameters. Starting local training...
[2025-07-06 22:21:47,889] [INFO] [DEBUG] Loaded compressed decoded weights.
[2025-07-06 22:22:33,592] [INFO] Model initialized on device: cuda:0
[2025-07-06 22:22:33,987] [INFO] Model initialized on device: cuda:0
[2025-07-06 22:22:34,013] [INFO] Model initialized on device: cuda:0
[2025-07-06 22:22:34,476] [INFO] Model initialized on device: cuda:0
[2025-07-06 22:22:34,604] [INFO] Model initialized on device: cuda:0
[2025-07-06 22:22:34,783] [INFO] Model initialized on device: cuda:0
[2025-07-06 22:22:34,802] [INFO] Model initialized on device: cuda:0
[2025-07-06 22:22:34,872] [INFO] Model initialized on device: cuda:0
[2025-07-06 22:23:38,724] [INFO] [TRAIN] Epoch 1 Loss: 0.5389
[2025-07-06 22:24:22,629] [INFO] Model initialized on device: cuda:0
[2025-07-06 22:24:23,089] [INFO] Model initialized on device: cuda:0
[2025-07-06 22:24:23,097] [INFO] Model initialized on device: cuda:0
[2025-07-06 22:24:23,496] [INFO] Model initialized on device: cuda:0
[2025-07-06 22:24:23,577] [INFO] Model initialized on device: cuda:0
[2025-07-06 22:24:23,578] [INFO] Model initialized on device: cuda:0
[2025-07-06 22:24:23,589] [INFO] Model initialized on device: cuda:0
[2025-07-06 22:24:23,599] [INFO] Model initialized on device: cuda:0
[2025-07-06 22:25:33,649] [INFO] [TRAIN] Epoch 2 Loss: 0.5067
[2025-07-06 22:26:21,395] [INFO] Model initialized on device: cuda:0
[2025-07-06 22:26:22,281] [INFO] Model initialized on device: cuda:0
[2025-07-06 22:26:22,286] [INFO] Model initialized on device: cuda:0
[2025-07-06 22:26:22,476] [INFO] Model initialized on device: cuda:0
[2025-07-06 22:26:22,783] [INFO] Model initialized on device: cuda:0
[2025-07-06 22:26:22,810] [INFO] Model initialized on device: cuda:0
[2025-07-06 22:26:22,814] [INFO] Model initialized on device: cuda:0
[2025-07-06 22:26:22,873] [INFO] Model initialized on device: cuda:0
[2025-07-06 22:27:30,547] [INFO] [TRAIN] Epoch 3 Loss: 0.4876
[2025-07-06 22:28:16,648] [INFO] Model initialized on device: cuda:0
[2025-07-06 22:28:16,654] [INFO] Model initialized on device: cuda:0
[2025-07-06 22:28:16,762] [INFO] Model initialized on device: cuda:0
[2025-07-06 22:28:16,850] [INFO] Model initialized on device: cuda:0
[2025-07-06 22:28:17,377] [INFO] Model initialized on device: cuda:0
[2025-07-06 22:28:17,399] [INFO] Model initialized on device: cuda:0
[2025-07-06 22:28:17,689] [INFO] Model initialized on device: cuda:0
[2025-07-06 22:28:17,711] [INFO] Model initialized on device: cuda:0
[2025-07-06 22:29:29,416] [INFO] [TRAIN] Epoch 4 Loss: 0.4618
[2025-07-06 22:30:11,213] [INFO] Model initialized on device: cuda:0
[2025-07-06 22:30:12,104] [INFO] Model initialized on device: cuda:0
[2025-07-06 22:30:12,285] [INFO] Model initialized on device: cuda:0
[2025-07-06 22:30:12,289] [INFO] Model initialized on device: cuda:0
[2025-07-06 22:30:13,078] [INFO] Model initialized on device: cuda:0
[2025-07-06 22:30:13,079] [INFO] Model initialized on device: cuda:0
[2025-07-06 22:30:13,079] [INFO] Model initialized on device: cuda:0
[2025-07-06 22:30:13,088] [INFO] Model initialized on device: cuda:0
[2025-07-06 22:31:17,418] [INFO] [TRAIN] Epoch 5 Loss: 0.4464
[2025-07-06 22:31:17,419] [INFO] [FIT] Local training finished. Avg Loss: 0.4883
[2025-07-06 22:31:58,472] [INFO] Model initialized on device: cuda:0
[2025-07-06 22:31:58,668] [INFO] Model initialized on device: cuda:0
[2025-07-06 22:31:58,779] [INFO] Model initialized on device: cuda:0
[2025-07-06 22:31:59,127] [INFO] Model initialized on device: cuda:0
[2025-07-06 22:31:59,196] [INFO] Model initialized on device: cuda:0
[2025-07-06 22:31:59,778] [INFO] Model initialized on device: cuda:0
[2025-07-06 22:32:00,076] [INFO] Model initialized on device: cuda:0
[2025-07-06 22:32:00,977] [INFO] Model initialized on device: cuda:0
[2025-07-06 22:32:04,539] [DEBUG] [TEST] Batch 1 | Pred shape: torch.Size([256, 256, 160]) | Label shape: torch.Size([256, 256, 160])
[2025-07-06 22:32:04,724] [DEBUG] [TEST] Batch 2 | Pred shape: torch.Size([256, 256, 160]) | Label shape: torch.Size([256, 256, 160])
[2025-07-06 22:32:04,927] [DEBUG] [TEST] Batch 3 | Pred shape: torch.Size([256, 256, 160]) | Label shape: torch.Size([256, 256, 160])
[2025-07-06 22:32:05,136] [DEBUG] [TEST] Batch 4 | Pred shape: torch.Size([256, 256, 160]) | Label shape: torch.Size([256, 256, 160])
[2025-07-06 22:32:05,323] [DEBUG] [TEST] Batch 5 | Pred shape: torch.Size([256, 256, 160]) | Label shape: torch.Size([256, 256, 160])
[2025-07-06 22:32:05,501] [DEBUG] [TEST] Batch 6 | Pred shape: torch.Size([256, 256, 160]) | Label shape: torch.Size([256, 256, 160])
[2025-07-06 22:32:05,689] [DEBUG] [TEST] Batch 7 | Pred shape: torch.Size([256, 256, 160]) | Label shape: torch.Size([256, 256, 160])
[2025-07-06 22:32:05,798] [DEBUG] [TEST] Batch 8 | Pred shape: torch.Size([256, 256, 160]) | Label shape: torch.Size([256, 256, 160])
[2025-07-06 22:32:06,741] [DEBUG] [TEST] Batch 9 | Pred shape: torch.Size([256, 256, 160]) | Label shape: torch.Size([256, 256, 160])
[2025-07-06 22:32:06,882] [DEBUG] [TEST] Batch 10 | Pred shape: torch.Size([256, 256, 160]) | Label shape: torch.Size([256, 256, 160])
[2025-07-06 22:32:13,343] [INFO] [FIT] Final model saved to: Run_UNET_R3IID30%_fedWSOcompC32_20250706/Client3/model_final.pth
[2025-07-06 22:32:59,612] [INFO] [EVALUATE] Starting evaluation...
[2025-07-06 22:33:01,688] [INFO] [DEBUG] Loaded compressed decoded weights.
[2025-07-06 22:33:48,487] [INFO] Model initialized on device: cuda:0
[2025-07-06 22:33:50,254] [INFO] Model initialized on device: cuda:0
[2025-07-06 22:33:50,470] [INFO] Model initialized on device: cuda:0
[2025-07-06 22:33:50,622] [INFO] Model initialized on device: cuda:0
[2025-07-06 22:33:50,878] [INFO] Model initialized on device: cuda:0
[2025-07-06 22:33:51,100] [INFO] Model initialized on device: cuda:0
[2025-07-06 22:33:51,174] [INFO] Model initialized on device: cuda:0
[2025-07-06 22:33:51,176] [DEBUG] [TEST] Batch 1 | Pred shape: torch.Size([256, 256, 160]) | Label shape: torch.Size([256, 256, 160])
[2025-07-06 22:33:51,401] [INFO] Model initialized on device: cuda:0
[2025-07-06 22:33:55,478] [DEBUG] [TEST] Batch 2 | Pred shape: torch.Size([256, 256, 160]) | Label shape: torch.Size([256, 256, 160])
[2025-07-06 22:33:56,627] [DEBUG] [TEST] Batch 3 | Pred shape: torch.Size([256, 256, 160]) | Label shape: torch.Size([256, 256, 160])
[2025-07-06 22:33:56,733] [DEBUG] [TEST] Batch 4 | Pred shape: torch.Size([256, 256, 160]) | Label shape: torch.Size([256, 256, 160])
[2025-07-06 22:33:56,904] [DEBUG] [TEST] Batch 5 | Pred shape: torch.Size([256, 256, 160]) | Label shape: torch.Size([256, 256, 160])
[2025-07-06 22:33:57,122] [DEBUG] [TEST] Batch 6 | Pred shape: torch.Size([256, 256, 160]) | Label shape: torch.Size([256, 256, 160])
[2025-07-06 22:33:57,371] [DEBUG] [TEST] Batch 7 | Pred shape: torch.Size([256, 256, 160]) | Label shape: torch.Size([256, 256, 160])
[2025-07-06 22:33:57,614] [DEBUG] [TEST] Batch 8 | Pred shape: torch.Size([256, 256, 160]) | Label shape: torch.Size([256, 256, 160])
[2025-07-06 22:33:57,862] [DEBUG] [TEST] Batch 9 | Pred shape: torch.Size([256, 256, 160]) | Label shape: torch.Size([256, 256, 160])
[2025-07-06 22:33:58,112] [DEBUG] [TEST] Batch 10 | Pred shape: torch.Size([256, 256, 160]) | Label shape: torch.Size([256, 256, 160])
[2025-07-06 22:34:02,137] [INFO] [EVALUATE] Dice WT: 0.9852
[2025-07-06 22:34:08,684] [INFO] [FIT] Received parameters. Starting local training...
[2025-07-06 22:34:13,480] [INFO] [DEBUG] Loaded compressed decoded weights.
[2025-07-06 22:34:59,335] [INFO] Model initialized on device: cuda:0
[2025-07-06 22:34:59,517] [INFO] Model initialized on device: cuda:0
[2025-07-06 22:34:59,792] [INFO] Model initialized on device: cuda:0
[2025-07-06 22:34:59,794] [INFO] Model initialized on device: cuda:0
[2025-07-06 22:34:59,876] [INFO] Model initialized on device: cuda:0
[2025-07-06 22:34:59,912] [INFO] Model initialized on device: cuda:0
[2025-07-06 22:34:59,916] [INFO] Model initialized on device: cuda:0
[2025-07-06 22:35:00,095] [INFO] Model initialized on device: cuda:0
[2025-07-06 22:36:10,895] [INFO] [TRAIN] Epoch 1 Loss: 0.4950
[2025-07-06 22:36:47,612] [INFO] Model initialized on device: cuda:0
[2025-07-06 22:36:47,625] [INFO] Model initialized on device: cuda:0
[2025-07-06 22:36:49,535] [INFO] Model initialized on device: cuda:0
[2025-07-06 22:36:49,629] [INFO] Model initialized on device: cuda:0
[2025-07-06 22:36:57,670] [INFO] Model initialized on device: cuda:0
[2025-07-06 22:36:57,678] [INFO] Model initialized on device: cuda:0
[2025-07-06 22:36:57,681] [INFO] Model initialized on device: cuda:0
[2025-07-06 22:36:57,701] [INFO] Model initialized on device: cuda:0
[2025-07-06 22:38:01,573] [INFO] [TRAIN] Epoch 2 Loss: 0.4600
[2025-07-06 22:38:30,310] [INFO] Model initialized on device: cuda:0
[2025-07-06 22:38:33,694] [INFO] Model initialized on device: cuda:0
[2025-07-06 22:38:35,191] [INFO] Model initialized on device: cuda:0
[2025-07-06 22:38:35,227] [INFO] Model initialized on device: cuda:0
[2025-07-06 22:38:35,506] [INFO] Model initialized on device: cuda:0
[2025-07-06 22:38:36,715] [INFO] Model initialized on device: cuda:0
[2025-07-06 22:38:36,720] [INFO] Model initialized on device: cuda:0
[2025-07-06 22:38:37,243] [INFO] Model initialized on device: cuda:0
[2025-07-06 22:39:38,944] [INFO] [TRAIN] Epoch 3 Loss: 0.4415
[2025-07-06 22:40:05,573] [INFO] Model initialized on device: cuda:0
[2025-07-06 22:40:08,495] [INFO] Model initialized on device: cuda:0
[2025-07-06 22:40:09,903] [INFO] Model initialized on device: cuda:0
[2025-07-06 22:40:10,301] [INFO] Model initialized on device: cuda:0
[2025-07-06 22:40:10,312] [INFO] Model initialized on device: cuda:0
[2025-07-06 22:40:10,371] [INFO] Model initialized on device: cuda:0
[2025-07-06 22:40:10,378] [INFO] Model initialized on device: cuda:0
[2025-07-06 22:40:10,378] [INFO] Model initialized on device: cuda:0
[2025-07-06 22:41:11,678] [INFO] [TRAIN] Epoch 4 Loss: 0.4198
[2025-07-06 22:41:37,112] [INFO] Model initialized on device: cuda:0
[2025-07-06 22:41:40,292] [INFO] Model initialized on device: cuda:0
[2025-07-06 22:41:40,583] [INFO] Model initialized on device: cuda:0
[2025-07-06 22:41:41,175] [INFO] Model initialized on device: cuda:0
[2025-07-06 22:41:41,190] [INFO] Model initialized on device: cuda:0
[2025-07-06 22:41:41,199] [INFO] Model initialized on device: cuda:0
[2025-07-06 22:41:41,273] [INFO] Model initialized on device: cuda:0
[2025-07-06 22:41:41,276] [INFO] Model initialized on device: cuda:0
[2025-07-06 22:42:42,636] [INFO] [TRAIN] Epoch 5 Loss: 0.3962
[2025-07-06 22:42:42,637] [INFO] [FIT] Local training finished. Avg Loss: 0.4425
[2025-07-06 22:43:04,810] [INFO] Model initialized on device: cuda:0
[2025-07-06 22:43:05,890] [INFO] Model initialized on device: cuda:0
[2025-07-06 22:43:06,124] [INFO] Model initialized on device: cuda:0
[2025-07-06 22:43:06,588] [INFO] Model initialized on device: cuda:0
[2025-07-06 22:43:06,887] [INFO] Model initialized on device: cuda:0
[2025-07-06 22:43:07,190] [INFO] Model initialized on device: cuda:0
[2025-07-06 22:43:07,380] [INFO] Model initialized on device: cuda:0
[2025-07-06 22:43:07,393] [INFO] Model initialized on device: cuda:0
[2025-07-06 22:43:12,081] [DEBUG] [TEST] Batch 1 | Pred shape: torch.Size([256, 256, 160]) | Label shape: torch.Size([256, 256, 160])
[2025-07-06 22:43:12,140] [DEBUG] [TEST] Batch 2 | Pred shape: torch.Size([256, 256, 160]) | Label shape: torch.Size([256, 256, 160])
[2025-07-06 22:43:12,196] [DEBUG] [TEST] Batch 3 | Pred shape: torch.Size([256, 256, 160]) | Label shape: torch.Size([256, 256, 160])
[2025-07-06 22:43:12,276] [DEBUG] [TEST] Batch 4 | Pred shape: torch.Size([256, 256, 160]) | Label shape: torch.Size([256, 256, 160])
[2025-07-06 22:43:12,373] [DEBUG] [TEST] Batch 5 | Pred shape: torch.Size([256, 256, 160]) | Label shape: torch.Size([256, 256, 160])
[2025-07-06 22:43:12,471] [DEBUG] [TEST] Batch 6 | Pred shape: torch.Size([256, 256, 160]) | Label shape: torch.Size([256, 256, 160])
[2025-07-06 22:43:12,601] [DEBUG] [TEST] Batch 7 | Pred shape: torch.Size([256, 256, 160]) | Label shape: torch.Size([256, 256, 160])
[2025-07-06 22:43:12,713] [DEBUG] [TEST] Batch 8 | Pred shape: torch.Size([256, 256, 160]) | Label shape: torch.Size([256, 256, 160])
[2025-07-06 22:43:14,456] [DEBUG] [TEST] Batch 9 | Pred shape: torch.Size([256, 256, 160]) | Label shape: torch.Size([256, 256, 160])
[2025-07-06 22:43:14,551] [DEBUG] [TEST] Batch 10 | Pred shape: torch.Size([256, 256, 160]) | Label shape: torch.Size([256, 256, 160])
[2025-07-06 22:43:18,361] [INFO] [FIT] Final model saved to: Run_UNET_R3IID30%_fedWSOcompC32_20250706/Client3/model_final.pth
[2025-07-06 22:45:11,891] [INFO] [EVALUATE] Starting evaluation...
[2025-07-06 22:45:13,975] [INFO] [DEBUG] Loaded compressed decoded weights.
[2025-07-06 22:46:03,414] [INFO] Model initialized on device: cuda:0
[2025-07-06 22:46:03,682] [INFO] Model initialized on device: cuda:0
[2025-07-06 22:46:03,774] [INFO] Model initialized on device: cuda:0
[2025-07-06 22:46:03,785] [INFO] Model initialized on device: cuda:0
[2025-07-06 22:46:03,786] [INFO] Model initialized on device: cuda:0
[2025-07-06 22:46:03,915] [INFO] Model initialized on device: cuda:0
[2025-07-06 22:46:03,979] [INFO] Model initialized on device: cuda:0
[2025-07-06 22:46:04,182] [INFO] Model initialized on device: cuda:0
[2025-07-06 22:46:09,724] [DEBUG] [TEST] Batch 1 | Pred shape: torch.Size([256, 256, 160]) | Label shape: torch.Size([256, 256, 160])
[2025-07-06 22:46:09,963] [DEBUG] [TEST] Batch 2 | Pred shape: torch.Size([256, 256, 160]) | Label shape: torch.Size([256, 256, 160])
[2025-07-06 22:46:10,199] [DEBUG] [TEST] Batch 3 | Pred shape: torch.Size([256, 256, 160]) | Label shape: torch.Size([256, 256, 160])
[2025-07-06 22:46:10,452] [DEBUG] [TEST] Batch 4 | Pred shape: torch.Size([256, 256, 160]) | Label shape: torch.Size([256, 256, 160])
[2025-07-06 22:46:10,698] [DEBUG] [TEST] Batch 5 | Pred shape: torch.Size([256, 256, 160]) | Label shape: torch.Size([256, 256, 160])
[2025-07-06 22:46:10,940] [DEBUG] [TEST] Batch 6 | Pred shape: torch.Size([256, 256, 160]) | Label shape: torch.Size([256, 256, 160])
[2025-07-06 22:46:11,190] [DEBUG] [TEST] Batch 7 | Pred shape: torch.Size([256, 256, 160]) | Label shape: torch.Size([256, 256, 160])
[2025-07-06 22:46:11,316] [DEBUG] [TEST] Batch 8 | Pred shape: torch.Size([256, 256, 160]) | Label shape: torch.Size([256, 256, 160])
[2025-07-06 22:46:11,623] [DEBUG] [TEST] Batch 9 | Pred shape: torch.Size([256, 256, 160]) | Label shape: torch.Size([256, 256, 160])
[2025-07-06 22:46:11,749] [DEBUG] [TEST] Batch 10 | Pred shape: torch.Size([256, 256, 160]) | Label shape: torch.Size([256, 256, 160])
[2025-07-06 22:46:17,517] [INFO] [EVALUATE] Dice WT: 0.9920
