[2026-01-26 07:39:21,865] [INFO] Model initialized on device: cuda:0
[2026-01-26 07:39:21,865] [INFO] [CLIENT INIT] Mode=SH | Sparsity=ON (UsedSparsity=0.6) | Clusters=OFF (UsedClusters=-) | EnvSparsityCfg={'Conv': 0.6, 'Linear': 0.6, 'Bias': 0.0, 'BatchNorm': 0.0} | EnvNClusters=3
[2026-01-26 07:39:36,667] [INFO] [FIT] Received parameters. Starting local training...
[2026-01-26 07:39:37,625] [INFO] [DEBUG] Loaded uncompressed weights.
[2026-01-26 07:40:25,342] [INFO] Model initialized on device: cuda:0
[2026-01-26 07:40:25,342] [INFO] [CLIENT INIT] Mode=SH | Sparsity=ON (UsedSparsity=0.6) | Clusters=OFF (UsedClusters=-) | EnvSparsityCfg={'Conv': 0.6, 'Linear': 0.6, 'Bias': 0.0, 'BatchNorm': 0.0} | EnvNClusters=3
[2026-01-26 07:40:28,317] [INFO] Model initialized on device: cuda:0
[2026-01-26 07:40:28,318] [INFO] [CLIENT INIT] Mode=SH | Sparsity=ON (UsedSparsity=0.6) | Clusters=OFF (UsedClusters=-) | EnvSparsityCfg={'Conv': 0.6, 'Linear': 0.6, 'Bias': 0.0, 'BatchNorm': 0.0} | EnvNClusters=3
[2026-01-26 07:40:28,653] [INFO] Model initialized on device: cuda:0
[2026-01-26 07:40:28,653] [INFO] [CLIENT INIT] Mode=SH | Sparsity=ON (UsedSparsity=0.6) | Clusters=OFF (UsedClusters=-) | EnvSparsityCfg={'Conv': 0.6, 'Linear': 0.6, 'Bias': 0.0, 'BatchNorm': 0.0} | EnvNClusters=3
[2026-01-26 07:40:31,319] [INFO] Model initialized on device: cuda:0
[2026-01-26 07:40:31,320] [INFO] [CLIENT INIT] Mode=SH | Sparsity=ON (UsedSparsity=0.6) | Clusters=OFF (UsedClusters=-) | EnvSparsityCfg={'Conv': 0.6, 'Linear': 0.6, 'Bias': 0.0, 'BatchNorm': 0.0} | EnvNClusters=3
[2026-01-26 07:40:32,057] [INFO] Model initialized on device: cuda:0
[2026-01-26 07:40:32,057] [INFO] [CLIENT INIT] Mode=SH | Sparsity=ON (UsedSparsity=0.6) | Clusters=OFF (UsedClusters=-) | EnvSparsityCfg={'Conv': 0.6, 'Linear': 0.6, 'Bias': 0.0, 'BatchNorm': 0.0} | EnvNClusters=3
[2026-01-26 07:40:32,091] [INFO] Model initialized on device: cuda:0
[2026-01-26 07:40:32,091] [INFO] [CLIENT INIT] Mode=SH | Sparsity=ON (UsedSparsity=0.6) | Clusters=OFF (UsedClusters=-) | EnvSparsityCfg={'Conv': 0.6, 'Linear': 0.6, 'Bias': 0.0, 'BatchNorm': 0.0} | EnvNClusters=3
[2026-01-26 07:40:32,317] [INFO] Model initialized on device: cuda:0
[2026-01-26 07:40:32,317] [INFO] [CLIENT INIT] Mode=SH | Sparsity=ON (UsedSparsity=0.6) | Clusters=OFF (UsedClusters=-) | EnvSparsityCfg={'Conv': 0.6, 'Linear': 0.6, 'Bias': 0.0, 'BatchNorm': 0.0} | EnvNClusters=3
[2026-01-26 07:40:32,335] [INFO] Model initialized on device: cuda:0
[2026-01-26 07:40:32,336] [INFO] [CLIENT INIT] Mode=SH | Sparsity=ON (UsedSparsity=0.6) | Clusters=OFF (UsedClusters=-) | EnvSparsityCfg={'Conv': 0.6, 'Linear': 0.6, 'Bias': 0.0, 'BatchNorm': 0.0} | EnvNClusters=3
[2026-01-26 07:40:32,465] [INFO] Model initialized on device: cuda:0
[2026-01-26 07:40:32,465] [INFO] [CLIENT INIT] Mode=SH | Sparsity=ON (UsedSparsity=0.6) | Clusters=OFF (UsedClusters=-) | EnvSparsityCfg={'Conv': 0.6, 'Linear': 0.6, 'Bias': 0.0, 'BatchNorm': 0.0} | EnvNClusters=3
[2026-01-26 07:40:32,760] [INFO] Model initialized on device: cuda:0
[2026-01-26 07:40:32,760] [INFO] [CLIENT INIT] Mode=SH | Sparsity=ON (UsedSparsity=0.6) | Clusters=OFF (UsedClusters=-) | EnvSparsityCfg={'Conv': 0.6, 'Linear': 0.6, 'Bias': 0.0, 'BatchNorm': 0.0} | EnvNClusters=3
[2026-01-26 07:42:20,037] [INFO] [TRAIN] Epoch 1 Loss: 0.9598
[2026-01-26 07:43:12,619] [INFO] Model initialized on device: cuda:0
[2026-01-26 07:43:12,619] [INFO] [CLIENT INIT] Mode=SH | Sparsity=ON (UsedSparsity=0.6) | Clusters=OFF (UsedClusters=-) | EnvSparsityCfg={'Conv': 0.6, 'Linear': 0.6, 'Bias': 0.0, 'BatchNorm': 0.0} | EnvNClusters=3
[2026-01-26 07:43:12,643] [INFO] Model initialized on device: cuda:0
[2026-01-26 07:43:12,643] [INFO] [CLIENT INIT] Mode=SH | Sparsity=ON (UsedSparsity=0.6) | Clusters=OFF (UsedClusters=-) | EnvSparsityCfg={'Conv': 0.6, 'Linear': 0.6, 'Bias': 0.0, 'BatchNorm': 0.0} | EnvNClusters=3
[2026-01-26 07:43:12,656] [INFO] Model initialized on device: cuda:0
[2026-01-26 07:43:12,657] [INFO] [CLIENT INIT] Mode=SH | Sparsity=ON (UsedSparsity=0.6) | Clusters=OFF (UsedClusters=-) | EnvSparsityCfg={'Conv': 0.6, 'Linear': 0.6, 'Bias': 0.0, 'BatchNorm': 0.0} | EnvNClusters=3
[2026-01-26 07:43:12,713] [INFO] Model initialized on device: cuda:0
[2026-01-26 07:43:12,713] [INFO] [CLIENT INIT] Mode=SH | Sparsity=ON (UsedSparsity=0.6) | Clusters=OFF (UsedClusters=-) | EnvSparsityCfg={'Conv': 0.6, 'Linear': 0.6, 'Bias': 0.0, 'BatchNorm': 0.0} | EnvNClusters=3
[2026-01-26 07:43:12,908] [INFO] Model initialized on device: cuda:0
[2026-01-26 07:43:12,908] [INFO] [CLIENT INIT] Mode=SH | Sparsity=ON (UsedSparsity=0.6) | Clusters=OFF (UsedClusters=-) | EnvSparsityCfg={'Conv': 0.6, 'Linear': 0.6, 'Bias': 0.0, 'BatchNorm': 0.0} | EnvNClusters=3
[2026-01-26 07:43:12,910] [INFO] Model initialized on device: cuda:0
[2026-01-26 07:43:12,910] [INFO] [CLIENT INIT] Mode=SH | Sparsity=ON (UsedSparsity=0.6) | Clusters=OFF (UsedClusters=-) | EnvSparsityCfg={'Conv': 0.6, 'Linear': 0.6, 'Bias': 0.0, 'BatchNorm': 0.0} | EnvNClusters=3
[2026-01-26 07:43:12,910] [INFO] Model initialized on device: cuda:0
[2026-01-26 07:43:12,910] [INFO] [CLIENT INIT] Mode=SH | Sparsity=ON (UsedSparsity=0.6) | Clusters=OFF (UsedClusters=-) | EnvSparsityCfg={'Conv': 0.6, 'Linear': 0.6, 'Bias': 0.0, 'BatchNorm': 0.0} | EnvNClusters=3
[2026-01-26 07:43:12,944] [INFO] Model initialized on device: cuda:0
[2026-01-26 07:43:12,944] [INFO] [CLIENT INIT] Mode=SH | Sparsity=ON (UsedSparsity=0.6) | Clusters=OFF (UsedClusters=-) | EnvSparsityCfg={'Conv': 0.6, 'Linear': 0.6, 'Bias': 0.0, 'BatchNorm': 0.0} | EnvNClusters=3
[2026-01-26 07:43:13,234] [INFO] Model initialized on device: cuda:0
[2026-01-26 07:43:13,234] [INFO] [CLIENT INIT] Mode=SH | Sparsity=ON (UsedSparsity=0.6) | Clusters=OFF (UsedClusters=-) | EnvSparsityCfg={'Conv': 0.6, 'Linear': 0.6, 'Bias': 0.0, 'BatchNorm': 0.0} | EnvNClusters=3
[2026-01-26 07:43:14,618] [INFO] Model initialized on device: cuda:0
[2026-01-26 07:43:14,618] [INFO] [CLIENT INIT] Mode=SH | Sparsity=ON (UsedSparsity=0.6) | Clusters=OFF (UsedClusters=-) | EnvSparsityCfg={'Conv': 0.6, 'Linear': 0.6, 'Bias': 0.0, 'BatchNorm': 0.0} | EnvNClusters=3
[2026-01-26 07:44:59,756] [INFO] [TRAIN] Epoch 2 Loss: 0.9557
[2026-01-26 07:45:41,819] [INFO] Model initialized on device: cuda:0
[2026-01-26 07:45:41,819] [INFO] [CLIENT INIT] Mode=SH | Sparsity=ON (UsedSparsity=0.6) | Clusters=OFF (UsedClusters=-) | EnvSparsityCfg={'Conv': 0.6, 'Linear': 0.6, 'Bias': 0.0, 'BatchNorm': 0.0} | EnvNClusters=3
[2026-01-26 07:45:42,047] [INFO] Model initialized on device: cuda:0
[2026-01-26 07:45:42,047] [INFO] [CLIENT INIT] Mode=SH | Sparsity=ON (UsedSparsity=0.6) | Clusters=OFF (UsedClusters=-) | EnvSparsityCfg={'Conv': 0.6, 'Linear': 0.6, 'Bias': 0.0, 'BatchNorm': 0.0} | EnvNClusters=3
[2026-01-26 07:45:50,113] [INFO] Model initialized on device: cuda:0
[2026-01-26 07:45:50,113] [INFO] [CLIENT INIT] Mode=SH | Sparsity=ON (UsedSparsity=0.6) | Clusters=OFF (UsedClusters=-) | EnvSparsityCfg={'Conv': 0.6, 'Linear': 0.6, 'Bias': 0.0, 'BatchNorm': 0.0} | EnvNClusters=3
[2026-01-26 07:45:51,834] [INFO] Model initialized on device: cuda:0
[2026-01-26 07:45:51,835] [INFO] [CLIENT INIT] Mode=SH | Sparsity=ON (UsedSparsity=0.6) | Clusters=OFF (UsedClusters=-) | EnvSparsityCfg={'Conv': 0.6, 'Linear': 0.6, 'Bias': 0.0, 'BatchNorm': 0.0} | EnvNClusters=3
[2026-01-26 07:45:51,917] [INFO] Model initialized on device: cuda:0
[2026-01-26 07:45:51,917] [INFO] [CLIENT INIT] Mode=SH | Sparsity=ON (UsedSparsity=0.6) | Clusters=OFF (UsedClusters=-) | EnvSparsityCfg={'Conv': 0.6, 'Linear': 0.6, 'Bias': 0.0, 'BatchNorm': 0.0} | EnvNClusters=3
[2026-01-26 07:45:51,917] [INFO] Model initialized on device: cuda:0
[2026-01-26 07:45:51,918] [INFO] [CLIENT INIT] Mode=SH | Sparsity=ON (UsedSparsity=0.6) | Clusters=OFF (UsedClusters=-) | EnvSparsityCfg={'Conv': 0.6, 'Linear': 0.6, 'Bias': 0.0, 'BatchNorm': 0.0} | EnvNClusters=3
[2026-01-26 07:45:52,754] [INFO] Model initialized on device: cuda:0
[2026-01-26 07:45:52,754] [INFO] [CLIENT INIT] Mode=SH | Sparsity=ON (UsedSparsity=0.6) | Clusters=OFF (UsedClusters=-) | EnvSparsityCfg={'Conv': 0.6, 'Linear': 0.6, 'Bias': 0.0, 'BatchNorm': 0.0} | EnvNClusters=3
[2026-01-26 07:45:54,843] [INFO] Model initialized on device: cuda:0
[2026-01-26 07:45:54,843] [INFO] [CLIENT INIT] Mode=SH | Sparsity=ON (UsedSparsity=0.6) | Clusters=OFF (UsedClusters=-) | EnvSparsityCfg={'Conv': 0.6, 'Linear': 0.6, 'Bias': 0.0, 'BatchNorm': 0.0} | EnvNClusters=3
[2026-01-26 07:45:56,116] [INFO] Model initialized on device: cuda:0
[2026-01-26 07:45:56,117] [INFO] [CLIENT INIT] Mode=SH | Sparsity=ON (UsedSparsity=0.6) | Clusters=OFF (UsedClusters=-) | EnvSparsityCfg={'Conv': 0.6, 'Linear': 0.6, 'Bias': 0.0, 'BatchNorm': 0.0} | EnvNClusters=3
[2026-01-26 07:45:56,420] [INFO] Model initialized on device: cuda:0
[2026-01-26 07:45:56,420] [INFO] [CLIENT INIT] Mode=SH | Sparsity=ON (UsedSparsity=0.6) | Clusters=OFF (UsedClusters=-) | EnvSparsityCfg={'Conv': 0.6, 'Linear': 0.6, 'Bias': 0.0, 'BatchNorm': 0.0} | EnvNClusters=3
[2026-01-26 07:47:37,445] [INFO] [TRAIN] Epoch 3 Loss: 0.9547
[2026-01-26 07:48:40,909] [INFO] Model initialized on device: cuda:0
[2026-01-26 07:48:40,910] [INFO] [CLIENT INIT] Mode=SH | Sparsity=ON (UsedSparsity=0.6) | Clusters=OFF (UsedClusters=-) | EnvSparsityCfg={'Conv': 0.6, 'Linear': 0.6, 'Bias': 0.0, 'BatchNorm': 0.0} | EnvNClusters=3
[2026-01-26 07:48:42,316] [INFO] Model initialized on device: cuda:0
[2026-01-26 07:48:42,316] [INFO] [CLIENT INIT] Mode=SH | Sparsity=ON (UsedSparsity=0.6) | Clusters=OFF (UsedClusters=-) | EnvSparsityCfg={'Conv': 0.6, 'Linear': 0.6, 'Bias': 0.0, 'BatchNorm': 0.0} | EnvNClusters=3
[2026-01-26 07:48:42,828] [INFO] Model initialized on device: cuda:0
[2026-01-26 07:48:42,828] [INFO] [CLIENT INIT] Mode=SH | Sparsity=ON (UsedSparsity=0.6) | Clusters=OFF (UsedClusters=-) | EnvSparsityCfg={'Conv': 0.6, 'Linear': 0.6, 'Bias': 0.0, 'BatchNorm': 0.0} | EnvNClusters=3
[2026-01-26 07:48:43,017] [INFO] Model initialized on device: cuda:0
[2026-01-26 07:48:43,017] [INFO] [CLIENT INIT] Mode=SH | Sparsity=ON (UsedSparsity=0.6) | Clusters=OFF (UsedClusters=-) | EnvSparsityCfg={'Conv': 0.6, 'Linear': 0.6, 'Bias': 0.0, 'BatchNorm': 0.0} | EnvNClusters=3
[2026-01-26 07:48:43,116] [INFO] Model initialized on device: cuda:0
[2026-01-26 07:48:43,116] [INFO] [CLIENT INIT] Mode=SH | Sparsity=ON (UsedSparsity=0.6) | Clusters=OFF (UsedClusters=-) | EnvSparsityCfg={'Conv': 0.6, 'Linear': 0.6, 'Bias': 0.0, 'BatchNorm': 0.0} | EnvNClusters=3
[2026-01-26 07:48:43,326] [INFO] Model initialized on device: cuda:0
[2026-01-26 07:48:43,326] [INFO] [CLIENT INIT] Mode=SH | Sparsity=ON (UsedSparsity=0.6) | Clusters=OFF (UsedClusters=-) | EnvSparsityCfg={'Conv': 0.6, 'Linear': 0.6, 'Bias': 0.0, 'BatchNorm': 0.0} | EnvNClusters=3
[2026-01-26 07:48:43,523] [INFO] Model initialized on device: cuda:0
[2026-01-26 07:48:43,523] [INFO] [CLIENT INIT] Mode=SH | Sparsity=ON (UsedSparsity=0.6) | Clusters=OFF (UsedClusters=-) | EnvSparsityCfg={'Conv': 0.6, 'Linear': 0.6, 'Bias': 0.0, 'BatchNorm': 0.0} | EnvNClusters=3
[2026-01-26 07:48:43,930] [INFO] Model initialized on device: cuda:0
[2026-01-26 07:48:43,930] [INFO] [CLIENT INIT] Mode=SH | Sparsity=ON (UsedSparsity=0.6) | Clusters=OFF (UsedClusters=-) | EnvSparsityCfg={'Conv': 0.6, 'Linear': 0.6, 'Bias': 0.0, 'BatchNorm': 0.0} | EnvNClusters=3
[2026-01-26 07:48:44,511] [INFO] Model initialized on device: cuda:0
[2026-01-26 07:48:44,511] [INFO] [CLIENT INIT] Mode=SH | Sparsity=ON (UsedSparsity=0.6) | Clusters=OFF (UsedClusters=-) | EnvSparsityCfg={'Conv': 0.6, 'Linear': 0.6, 'Bias': 0.0, 'BatchNorm': 0.0} | EnvNClusters=3
[2026-01-26 07:48:44,719] [INFO] Model initialized on device: cuda:0
[2026-01-26 07:48:44,719] [INFO] [CLIENT INIT] Mode=SH | Sparsity=ON (UsedSparsity=0.6) | Clusters=OFF (UsedClusters=-) | EnvSparsityCfg={'Conv': 0.6, 'Linear': 0.6, 'Bias': 0.0, 'BatchNorm': 0.0} | EnvNClusters=3
[2026-01-26 07:50:22,543] [INFO] [TRAIN] Epoch 4 Loss: 0.9541
[2026-01-26 07:51:12,717] [INFO] Model initialized on device: cuda:0
[2026-01-26 07:51:12,717] [INFO] [CLIENT INIT] Mode=SH | Sparsity=ON (UsedSparsity=0.6) | Clusters=OFF (UsedClusters=-) | EnvSparsityCfg={'Conv': 0.6, 'Linear': 0.6, 'Bias': 0.0, 'BatchNorm': 0.0} | EnvNClusters=3
[2026-01-26 07:51:15,815] [INFO] Model initialized on device: cuda:0
[2026-01-26 07:51:15,815] [INFO] [CLIENT INIT] Mode=SH | Sparsity=ON (UsedSparsity=0.6) | Clusters=OFF (UsedClusters=-) | EnvSparsityCfg={'Conv': 0.6, 'Linear': 0.6, 'Bias': 0.0, 'BatchNorm': 0.0} | EnvNClusters=3
[2026-01-26 07:51:16,919] [INFO] Model initialized on device: cuda:0
[2026-01-26 07:51:16,919] [INFO] [CLIENT INIT] Mode=SH | Sparsity=ON (UsedSparsity=0.6) | Clusters=OFF (UsedClusters=-) | EnvSparsityCfg={'Conv': 0.6, 'Linear': 0.6, 'Bias': 0.0, 'BatchNorm': 0.0} | EnvNClusters=3
[2026-01-26 07:51:16,925] [INFO] Model initialized on device: cuda:0
[2026-01-26 07:51:16,926] [INFO] [CLIENT INIT] Mode=SH | Sparsity=ON (UsedSparsity=0.6) | Clusters=OFF (UsedClusters=-) | EnvSparsityCfg={'Conv': 0.6, 'Linear': 0.6, 'Bias': 0.0, 'BatchNorm': 0.0} | EnvNClusters=3
[2026-01-26 07:51:17,027] [INFO] Model initialized on device: cuda:0
[2026-01-26 07:51:17,028] [INFO] [CLIENT INIT] Mode=SH | Sparsity=ON (UsedSparsity=0.6) | Clusters=OFF (UsedClusters=-) | EnvSparsityCfg={'Conv': 0.6, 'Linear': 0.6, 'Bias': 0.0, 'BatchNorm': 0.0} | EnvNClusters=3
[2026-01-26 07:51:17,037] [INFO] Model initialized on device: cuda:0
[2026-01-26 07:51:17,037] [INFO] [CLIENT INIT] Mode=SH | Sparsity=ON (UsedSparsity=0.6) | Clusters=OFF (UsedClusters=-) | EnvSparsityCfg={'Conv': 0.6, 'Linear': 0.6, 'Bias': 0.0, 'BatchNorm': 0.0} | EnvNClusters=3
[2026-01-26 07:51:17,039] [INFO] Model initialized on device: cuda:0
[2026-01-26 07:51:17,039] [INFO] [CLIENT INIT] Mode=SH | Sparsity=ON (UsedSparsity=0.6) | Clusters=OFF (UsedClusters=-) | EnvSparsityCfg={'Conv': 0.6, 'Linear': 0.6, 'Bias': 0.0, 'BatchNorm': 0.0} | EnvNClusters=3
[2026-01-26 07:51:17,040] [INFO] Model initialized on device: cuda:0
[2026-01-26 07:51:17,040] [INFO] [CLIENT INIT] Mode=SH | Sparsity=ON (UsedSparsity=0.6) | Clusters=OFF (UsedClusters=-) | EnvSparsityCfg={'Conv': 0.6, 'Linear': 0.6, 'Bias': 0.0, 'BatchNorm': 0.0} | EnvNClusters=3
[2026-01-26 07:51:17,111] [INFO] Model initialized on device: cuda:0
[2026-01-26 07:51:17,112] [INFO] [CLIENT INIT] Mode=SH | Sparsity=ON (UsedSparsity=0.6) | Clusters=OFF (UsedClusters=-) | EnvSparsityCfg={'Conv': 0.6, 'Linear': 0.6, 'Bias': 0.0, 'BatchNorm': 0.0} | EnvNClusters=3
[2026-01-26 07:51:17,115] [INFO] Model initialized on device: cuda:0
[2026-01-26 07:51:17,115] [INFO] [CLIENT INIT] Mode=SH | Sparsity=ON (UsedSparsity=0.6) | Clusters=OFF (UsedClusters=-) | EnvSparsityCfg={'Conv': 0.6, 'Linear': 0.6, 'Bias': 0.0, 'BatchNorm': 0.0} | EnvNClusters=3
[2026-01-26 07:53:03,813] [INFO] [TRAIN] Epoch 5 Loss: 0.9533
[2026-01-26 07:53:03,814] [INFO] [FIT] Local training finished. Avg Loss: 0.9555
[2026-01-26 07:53:45,714] [INFO] Model initialized on device: cuda:0
[2026-01-26 07:53:45,714] [INFO] [CLIENT INIT] Mode=SH | Sparsity=ON (UsedSparsity=0.6) | Clusters=OFF (UsedClusters=-) | EnvSparsityCfg={'Conv': 0.6, 'Linear': 0.6, 'Bias': 0.0, 'BatchNorm': 0.0} | EnvNClusters=3
[2026-01-26 07:53:45,829] [INFO] Model initialized on device: cuda:0
[2026-01-26 07:53:45,829] [INFO] [CLIENT INIT] Mode=SH | Sparsity=ON (UsedSparsity=0.6) | Clusters=OFF (UsedClusters=-) | EnvSparsityCfg={'Conv': 0.6, 'Linear': 0.6, 'Bias': 0.0, 'BatchNorm': 0.0} | EnvNClusters=3
[2026-01-26 07:53:45,849] [INFO] Model initialized on device: cuda:0
[2026-01-26 07:53:45,849] [INFO] [CLIENT INIT] Mode=SH | Sparsity=ON (UsedSparsity=0.6) | Clusters=OFF (UsedClusters=-) | EnvSparsityCfg={'Conv': 0.6, 'Linear': 0.6, 'Bias': 0.0, 'BatchNorm': 0.0} | EnvNClusters=3
[2026-01-26 07:53:46,020] [INFO] Model initialized on device: cuda:0
[2026-01-26 07:53:46,020] [INFO] [CLIENT INIT] Mode=SH | Sparsity=ON (UsedSparsity=0.6) | Clusters=OFF (UsedClusters=-) | EnvSparsityCfg={'Conv': 0.6, 'Linear': 0.6, 'Bias': 0.0, 'BatchNorm': 0.0} | EnvNClusters=3
[2026-01-26 07:53:46,126] [INFO] Model initialized on device: cuda:0
[2026-01-26 07:53:46,126] [INFO] [CLIENT INIT] Mode=SH | Sparsity=ON (UsedSparsity=0.6) | Clusters=OFF (UsedClusters=-) | EnvSparsityCfg={'Conv': 0.6, 'Linear': 0.6, 'Bias': 0.0, 'BatchNorm': 0.0} | EnvNClusters=3
[2026-01-26 07:53:46,217] [INFO] Model initialized on device: cuda:0
[2026-01-26 07:53:46,217] [INFO] [CLIENT INIT] Mode=SH | Sparsity=ON (UsedSparsity=0.6) | Clusters=OFF (UsedClusters=-) | EnvSparsityCfg={'Conv': 0.6, 'Linear': 0.6, 'Bias': 0.0, 'BatchNorm': 0.0} | EnvNClusters=3
[2026-01-26 07:53:46,220] [INFO] Model initialized on device: cuda:0
[2026-01-26 07:53:46,220] [INFO] [CLIENT INIT] Mode=SH | Sparsity=ON (UsedSparsity=0.6) | Clusters=OFF (UsedClusters=-) | EnvSparsityCfg={'Conv': 0.6, 'Linear': 0.6, 'Bias': 0.0, 'BatchNorm': 0.0} | EnvNClusters=3
[2026-01-26 07:53:46,222] [INFO] Model initialized on device: cuda:0
[2026-01-26 07:53:46,222] [INFO] [CLIENT INIT] Mode=SH | Sparsity=ON (UsedSparsity=0.6) | Clusters=OFF (UsedClusters=-) | EnvSparsityCfg={'Conv': 0.6, 'Linear': 0.6, 'Bias': 0.0, 'BatchNorm': 0.0} | EnvNClusters=3
[2026-01-26 07:53:46,223] [INFO] Model initialized on device: cuda:0
[2026-01-26 07:53:46,223] [INFO] [CLIENT INIT] Mode=SH | Sparsity=ON (UsedSparsity=0.6) | Clusters=OFF (UsedClusters=-) | EnvSparsityCfg={'Conv': 0.6, 'Linear': 0.6, 'Bias': 0.0, 'BatchNorm': 0.0} | EnvNClusters=3
[2026-01-26 07:53:46,317] [INFO] Model initialized on device: cuda:0
[2026-01-26 07:53:46,317] [INFO] [CLIENT INIT] Mode=SH | Sparsity=ON (UsedSparsity=0.6) | Clusters=OFF (UsedClusters=-) | EnvSparsityCfg={'Conv': 0.6, 'Linear': 0.6, 'Bias': 0.0, 'BatchNorm': 0.0} | EnvNClusters=3
[2026-01-26 07:53:54,749] [DEBUG] [TEST] Batch 1 | Pred shape: torch.Size([256, 256, 160]) | Label shape: torch.Size([256, 256, 160])
[2026-01-26 07:53:54,854] [DEBUG] [TEST] Batch 2 | Pred shape: torch.Size([256, 256, 160]) | Label shape: torch.Size([256, 256, 160])
[2026-01-26 07:53:55,042] [DEBUG] [TEST] Batch 3 | Pred shape: torch.Size([256, 256, 160]) | Label shape: torch.Size([256, 256, 160])
[2026-01-26 07:53:55,114] [DEBUG] [TEST] Batch 4 | Pred shape: torch.Size([256, 256, 160]) | Label shape: torch.Size([256, 256, 160])
[2026-01-26 07:53:55,216] [DEBUG] [TEST] Batch 5 | Pred shape: torch.Size([256, 256, 160]) | Label shape: torch.Size([256, 256, 160])
[2026-01-26 07:53:55,314] [DEBUG] [TEST] Batch 6 | Pred shape: torch.Size([256, 256, 160]) | Label shape: torch.Size([256, 256, 160])
[2026-01-26 07:53:55,412] [DEBUG] [TEST] Batch 7 | Pred shape: torch.Size([256, 256, 160]) | Label shape: torch.Size([256, 256, 160])
[2026-01-26 07:53:55,612] [DEBUG] [TEST] Batch 8 | Pred shape: torch.Size([256, 256, 160]) | Label shape: torch.Size([256, 256, 160])
[2026-01-26 07:53:55,809] [DEBUG] [TEST] Batch 9 | Pred shape: torch.Size([256, 256, 160]) | Label shape: torch.Size([256, 256, 160])
[2026-01-26 07:53:56,008] [DEBUG] [TEST] Batch 10 | Pred shape: torch.Size([256, 256, 160]) | Label shape: torch.Size([256, 256, 160])
[2026-01-26 07:53:58,432] [DEBUG] [TEST] Batch 11 | Pred shape: torch.Size([256, 256, 160]) | Label shape: torch.Size([256, 256, 160])
[2026-01-26 07:53:58,670] [DEBUG] [TEST] Batch 12 | Pred shape: torch.Size([256, 256, 160]) | Label shape: torch.Size([256, 256, 160])
[2026-01-26 07:53:58,825] [DEBUG] [TEST] Batch 13 | Pred shape: torch.Size([256, 256, 160]) | Label shape: torch.Size([256, 256, 160])
[2026-01-26 07:53:58,881] [DEBUG] [TEST] Batch 14 | Pred shape: torch.Size([256, 256, 160]) | Label shape: torch.Size([256, 256, 160])
[2026-01-26 07:53:58,955] [DEBUG] [TEST] Batch 15 | Pred shape: torch.Size([256, 256, 160]) | Label shape: torch.Size([256, 256, 160])
[2026-01-26 07:53:59,013] [DEBUG] [TEST] Batch 16 | Pred shape: torch.Size([256, 256, 160]) | Label shape: torch.Size([256, 256, 160])
[2026-01-26 07:54:04,007] [INFO] [FIT] Final model saved to: Revision2/Run_UNET_NonIID_SH_20260126/Client3/model_final.pth
[2026-01-26 07:55:18,163] [INFO] [COMM][CLIENT] Round=-1 Mode=SH UsedSparsity=0.6 UsedClusters=- BaselineBits=154016352.0 CompressedBits=165119527.3 CR=0.933
[2026-01-26 08:03:23,446] [INFO] [EVALUATE] Starting evaluation...
[2026-01-26 08:03:27,214] [INFO] [DEBUG] Loaded compressed decoded weights.
[2026-01-26 08:04:14,913] [INFO] Model initialized on device: cuda:0
[2026-01-26 08:04:14,913] [INFO] [CLIENT INIT] Mode=SH | Sparsity=ON (UsedSparsity=0.6) | Clusters=OFF (UsedClusters=-) | EnvSparsityCfg={'Conv': 0.6, 'Linear': 0.6, 'Bias': 0.0, 'BatchNorm': 0.0} | EnvNClusters=3
[2026-01-26 08:04:23,389] [INFO] Model initialized on device: cuda:0
[2026-01-26 08:04:23,390] [INFO] [CLIENT INIT] Mode=SH | Sparsity=ON (UsedSparsity=0.6) | Clusters=OFF (UsedClusters=-) | EnvSparsityCfg={'Conv': 0.6, 'Linear': 0.6, 'Bias': 0.0, 'BatchNorm': 0.0} | EnvNClusters=3
[2026-01-26 08:04:24,283] [INFO] Model initialized on device: cuda:0
[2026-01-26 08:04:24,283] [INFO] [CLIENT INIT] Mode=SH | Sparsity=ON (UsedSparsity=0.6) | Clusters=OFF (UsedClusters=-) | EnvSparsityCfg={'Conv': 0.6, 'Linear': 0.6, 'Bias': 0.0, 'BatchNorm': 0.0} | EnvNClusters=3
[2026-01-26 08:04:24,851] [INFO] Model initialized on device: cuda:0
[2026-01-26 08:04:24,851] [INFO] [CLIENT INIT] Mode=SH | Sparsity=ON (UsedSparsity=0.6) | Clusters=OFF (UsedClusters=-) | EnvSparsityCfg={'Conv': 0.6, 'Linear': 0.6, 'Bias': 0.0, 'BatchNorm': 0.0} | EnvNClusters=3
[2026-01-26 08:04:25,177] [INFO] Model initialized on device: cuda:0
[2026-01-26 08:04:25,177] [INFO] [CLIENT INIT] Mode=SH | Sparsity=ON (UsedSparsity=0.6) | Clusters=OFF (UsedClusters=-) | EnvSparsityCfg={'Conv': 0.6, 'Linear': 0.6, 'Bias': 0.0, 'BatchNorm': 0.0} | EnvNClusters=3
[2026-01-26 08:04:25,427] [INFO] Model initialized on device: cuda:0
[2026-01-26 08:04:25,427] [INFO] [CLIENT INIT] Mode=SH | Sparsity=ON (UsedSparsity=0.6) | Clusters=OFF (UsedClusters=-) | EnvSparsityCfg={'Conv': 0.6, 'Linear': 0.6, 'Bias': 0.0, 'BatchNorm': 0.0} | EnvNClusters=3
[2026-01-26 08:04:26,443] [INFO] Model initialized on device: cuda:0
[2026-01-26 08:04:26,444] [INFO] [CLIENT INIT] Mode=SH | Sparsity=ON (UsedSparsity=0.6) | Clusters=OFF (UsedClusters=-) | EnvSparsityCfg={'Conv': 0.6, 'Linear': 0.6, 'Bias': 0.0, 'BatchNorm': 0.0} | EnvNClusters=3
[2026-01-26 08:04:26,713] [DEBUG] [TEST] Batch 1 | Pred shape: torch.Size([256, 256, 160]) | Label shape: torch.Size([256, 256, 160])
[2026-01-26 08:04:27,151] [INFO] Model initialized on device: cuda:0
[2026-01-26 08:04:27,151] [INFO] [CLIENT INIT] Mode=SH | Sparsity=ON (UsedSparsity=0.6) | Clusters=OFF (UsedClusters=-) | EnvSparsityCfg={'Conv': 0.6, 'Linear': 0.6, 'Bias': 0.0, 'BatchNorm': 0.0} | EnvNClusters=3
[2026-01-26 08:04:27,427] [INFO] Model initialized on device: cuda:0
[2026-01-26 08:04:27,427] [INFO] [CLIENT INIT] Mode=SH | Sparsity=ON (UsedSparsity=0.6) | Clusters=OFF (UsedClusters=-) | EnvSparsityCfg={'Conv': 0.6, 'Linear': 0.6, 'Bias': 0.0, 'BatchNorm': 0.0} | EnvNClusters=3
[2026-01-26 08:04:27,548] [INFO] Model initialized on device: cuda:0
[2026-01-26 08:04:27,548] [INFO] [CLIENT INIT] Mode=SH | Sparsity=ON (UsedSparsity=0.6) | Clusters=OFF (UsedClusters=-) | EnvSparsityCfg={'Conv': 0.6, 'Linear': 0.6, 'Bias': 0.0, 'BatchNorm': 0.0} | EnvNClusters=3
[2026-01-26 08:04:30,615] [DEBUG] [TEST] Batch 2 | Pred shape: torch.Size([256, 256, 160]) | Label shape: torch.Size([256, 256, 160])
[2026-01-26 08:04:30,714] [DEBUG] [TEST] Batch 3 | Pred shape: torch.Size([256, 256, 160]) | Label shape: torch.Size([256, 256, 160])
[2026-01-26 08:04:30,813] [DEBUG] [TEST] Batch 4 | Pred shape: torch.Size([256, 256, 160]) | Label shape: torch.Size([256, 256, 160])
[2026-01-26 08:04:31,654] [DEBUG] [TEST] Batch 5 | Pred shape: torch.Size([256, 256, 160]) | Label shape: torch.Size([256, 256, 160])
[2026-01-26 08:04:32,730] [DEBUG] [TEST] Batch 6 | Pred shape: torch.Size([256, 256, 160]) | Label shape: torch.Size([256, 256, 160])
[2026-01-26 08:04:32,927] [DEBUG] [TEST] Batch 7 | Pred shape: torch.Size([256, 256, 160]) | Label shape: torch.Size([256, 256, 160])
[2026-01-26 08:04:33,113] [DEBUG] [TEST] Batch 8 | Pred shape: torch.Size([256, 256, 160]) | Label shape: torch.Size([256, 256, 160])
[2026-01-26 08:04:33,240] [DEBUG] [TEST] Batch 9 | Pred shape: torch.Size([256, 256, 160]) | Label shape: torch.Size([256, 256, 160])
[2026-01-26 08:04:33,358] [DEBUG] [TEST] Batch 10 | Pred shape: torch.Size([256, 256, 160]) | Label shape: torch.Size([256, 256, 160])
[2026-01-26 08:04:33,522] [DEBUG] [TEST] Batch 11 | Pred shape: torch.Size([256, 256, 160]) | Label shape: torch.Size([256, 256, 160])
[2026-01-26 08:04:34,454] [DEBUG] [TEST] Batch 12 | Pred shape: torch.Size([256, 256, 160]) | Label shape: torch.Size([256, 256, 160])
[2026-01-26 08:04:34,516] [DEBUG] [TEST] Batch 13 | Pred shape: torch.Size([256, 256, 160]) | Label shape: torch.Size([256, 256, 160])
[2026-01-26 08:04:34,614] [DEBUG] [TEST] Batch 14 | Pred shape: torch.Size([256, 256, 160]) | Label shape: torch.Size([256, 256, 160])
[2026-01-26 08:04:35,814] [DEBUG] [TEST] Batch 15 | Pred shape: torch.Size([256, 256, 160]) | Label shape: torch.Size([256, 256, 160])
[2026-01-26 08:04:36,415] [DEBUG] [TEST] Batch 16 | Pred shape: torch.Size([256, 256, 160]) | Label shape: torch.Size([256, 256, 160])
[2026-01-26 08:04:42,717] [INFO] [EVALUATE] Dice WT: 0.0209
[2026-01-26 08:04:56,687] [INFO] [FIT] Received parameters. Starting local training...
[2026-01-26 08:05:00,318] [INFO] [DEBUG] Loaded compressed decoded weights.
[2026-01-26 08:06:04,633] [INFO] Model initialized on device: cuda:0
[2026-01-26 08:06:04,633] [INFO] [CLIENT INIT] Mode=SH | Sparsity=ON (UsedSparsity=0.6) | Clusters=OFF (UsedClusters=-) | EnvSparsityCfg={'Conv': 0.6, 'Linear': 0.6, 'Bias': 0.0, 'BatchNorm': 0.0} | EnvNClusters=3
[2026-01-26 08:06:05,002] [INFO] Model initialized on device: cuda:0
[2026-01-26 08:06:05,002] [INFO] [CLIENT INIT] Mode=SH | Sparsity=ON (UsedSparsity=0.6) | Clusters=OFF (UsedClusters=-) | EnvSparsityCfg={'Conv': 0.6, 'Linear': 0.6, 'Bias': 0.0, 'BatchNorm': 0.0} | EnvNClusters=3
[2026-01-26 08:06:05,513] [INFO] Model initialized on device: cuda:0
[2026-01-26 08:06:05,513] [INFO] [CLIENT INIT] Mode=SH | Sparsity=ON (UsedSparsity=0.6) | Clusters=OFF (UsedClusters=-) | EnvSparsityCfg={'Conv': 0.6, 'Linear': 0.6, 'Bias': 0.0, 'BatchNorm': 0.0} | EnvNClusters=3
[2026-01-26 08:06:06,113] [INFO] Model initialized on device: cuda:0
[2026-01-26 08:06:06,113] [INFO] [CLIENT INIT] Mode=SH | Sparsity=ON (UsedSparsity=0.6) | Clusters=OFF (UsedClusters=-) | EnvSparsityCfg={'Conv': 0.6, 'Linear': 0.6, 'Bias': 0.0, 'BatchNorm': 0.0} | EnvNClusters=3
[2026-01-26 08:06:06,535] [INFO] Model initialized on device: cuda:0
[2026-01-26 08:06:06,536] [INFO] [CLIENT INIT] Mode=SH | Sparsity=ON (UsedSparsity=0.6) | Clusters=OFF (UsedClusters=-) | EnvSparsityCfg={'Conv': 0.6, 'Linear': 0.6, 'Bias': 0.0, 'BatchNorm': 0.0} | EnvNClusters=3
[2026-01-26 08:06:06,620] [INFO] Model initialized on device: cuda:0
[2026-01-26 08:06:06,620] [INFO] [CLIENT INIT] Mode=SH | Sparsity=ON (UsedSparsity=0.6) | Clusters=OFF (UsedClusters=-) | EnvSparsityCfg={'Conv': 0.6, 'Linear': 0.6, 'Bias': 0.0, 'BatchNorm': 0.0} | EnvNClusters=3
[2026-01-26 08:06:06,808] [INFO] Model initialized on device: cuda:0
[2026-01-26 08:06:06,808] [INFO] [CLIENT INIT] Mode=SH | Sparsity=ON (UsedSparsity=0.6) | Clusters=OFF (UsedClusters=-) | EnvSparsityCfg={'Conv': 0.6, 'Linear': 0.6, 'Bias': 0.0, 'BatchNorm': 0.0} | EnvNClusters=3
[2026-01-26 08:06:06,820] [INFO] Model initialized on device: cuda:0
[2026-01-26 08:06:06,820] [INFO] [CLIENT INIT] Mode=SH | Sparsity=ON (UsedSparsity=0.6) | Clusters=OFF (UsedClusters=-) | EnvSparsityCfg={'Conv': 0.6, 'Linear': 0.6, 'Bias': 0.0, 'BatchNorm': 0.0} | EnvNClusters=3
[2026-01-26 08:06:06,832] [INFO] Model initialized on device: cuda:0
[2026-01-26 08:06:06,832] [INFO] [CLIENT INIT] Mode=SH | Sparsity=ON (UsedSparsity=0.6) | Clusters=OFF (UsedClusters=-) | EnvSparsityCfg={'Conv': 0.6, 'Linear': 0.6, 'Bias': 0.0, 'BatchNorm': 0.0} | EnvNClusters=3
[2026-01-26 08:06:06,843] [INFO] Model initialized on device: cuda:0
[2026-01-26 08:06:06,843] [INFO] [CLIENT INIT] Mode=SH | Sparsity=ON (UsedSparsity=0.6) | Clusters=OFF (UsedClusters=-) | EnvSparsityCfg={'Conv': 0.6, 'Linear': 0.6, 'Bias': 0.0, 'BatchNorm': 0.0} | EnvNClusters=3
[2026-01-26 08:08:01,614] [INFO] [TRAIN] Epoch 1 Loss: 0.9481
[2026-01-26 08:08:57,626] [INFO] Model initialized on device: cuda:0
[2026-01-26 08:08:57,626] [INFO] [CLIENT INIT] Mode=SH | Sparsity=ON (UsedSparsity=0.6) | Clusters=OFF (UsedClusters=-) | EnvSparsityCfg={'Conv': 0.6, 'Linear': 0.6, 'Bias': 0.0, 'BatchNorm': 0.0} | EnvNClusters=3
[2026-01-26 08:08:59,117] [INFO] Model initialized on device: cuda:0
[2026-01-26 08:08:59,118] [INFO] [CLIENT INIT] Mode=SH | Sparsity=ON (UsedSparsity=0.6) | Clusters=OFF (UsedClusters=-) | EnvSparsityCfg={'Conv': 0.6, 'Linear': 0.6, 'Bias': 0.0, 'BatchNorm': 0.0} | EnvNClusters=3
[2026-01-26 08:09:00,029] [INFO] Model initialized on device: cuda:0
[2026-01-26 08:09:00,030] [INFO] [CLIENT INIT] Mode=SH | Sparsity=ON (UsedSparsity=0.6) | Clusters=OFF (UsedClusters=-) | EnvSparsityCfg={'Conv': 0.6, 'Linear': 0.6, 'Bias': 0.0, 'BatchNorm': 0.0} | EnvNClusters=3
[2026-01-26 08:09:00,411] [INFO] Model initialized on device: cuda:0
[2026-01-26 08:09:00,412] [INFO] [CLIENT INIT] Mode=SH | Sparsity=ON (UsedSparsity=0.6) | Clusters=OFF (UsedClusters=-) | EnvSparsityCfg={'Conv': 0.6, 'Linear': 0.6, 'Bias': 0.0, 'BatchNorm': 0.0} | EnvNClusters=3
[2026-01-26 08:09:00,413] [INFO] Model initialized on device: cuda:0
[2026-01-26 08:09:00,413] [INFO] [CLIENT INIT] Mode=SH | Sparsity=ON (UsedSparsity=0.6) | Clusters=OFF (UsedClusters=-) | EnvSparsityCfg={'Conv': 0.6, 'Linear': 0.6, 'Bias': 0.0, 'BatchNorm': 0.0} | EnvNClusters=3
[2026-01-26 08:09:00,415] [INFO] Model initialized on device: cuda:0
[2026-01-26 08:09:00,415] [INFO] [CLIENT INIT] Mode=SH | Sparsity=ON (UsedSparsity=0.6) | Clusters=OFF (UsedClusters=-) | EnvSparsityCfg={'Conv': 0.6, 'Linear': 0.6, 'Bias': 0.0, 'BatchNorm': 0.0} | EnvNClusters=3
[2026-01-26 08:09:00,421] [INFO] Model initialized on device: cuda:0
[2026-01-26 08:09:00,421] [INFO] [CLIENT INIT] Mode=SH | Sparsity=ON (UsedSparsity=0.6) | Clusters=OFF (UsedClusters=-) | EnvSparsityCfg={'Conv': 0.6, 'Linear': 0.6, 'Bias': 0.0, 'BatchNorm': 0.0} | EnvNClusters=3
[2026-01-26 08:09:00,508] [INFO] Model initialized on device: cuda:0
[2026-01-26 08:09:00,508] [INFO] [CLIENT INIT] Mode=SH | Sparsity=ON (UsedSparsity=0.6) | Clusters=OFF (UsedClusters=-) | EnvSparsityCfg={'Conv': 0.6, 'Linear': 0.6, 'Bias': 0.0, 'BatchNorm': 0.0} | EnvNClusters=3
[2026-01-26 08:09:00,512] [INFO] Model initialized on device: cuda:0
[2026-01-26 08:09:00,512] [INFO] Model initialized on device: cuda:0
[2026-01-26 08:09:00,512] [INFO] [CLIENT INIT] Mode=SH | Sparsity=ON (UsedSparsity=0.6) | Clusters=OFF (UsedClusters=-) | EnvSparsityCfg={'Conv': 0.6, 'Linear': 0.6, 'Bias': 0.0, 'BatchNorm': 0.0} | EnvNClusters=3
[2026-01-26 08:09:00,512] [INFO] [CLIENT INIT] Mode=SH | Sparsity=ON (UsedSparsity=0.6) | Clusters=OFF (UsedClusters=-) | EnvSparsityCfg={'Conv': 0.6, 'Linear': 0.6, 'Bias': 0.0, 'BatchNorm': 0.0} | EnvNClusters=3
[2026-01-26 08:10:51,314] [INFO] [TRAIN] Epoch 2 Loss: 0.9464
[2026-01-26 08:11:32,643] [INFO] Model initialized on device: cuda:0
[2026-01-26 08:11:32,643] [INFO] [CLIENT INIT] Mode=SH | Sparsity=ON (UsedSparsity=0.6) | Clusters=OFF (UsedClusters=-) | EnvSparsityCfg={'Conv': 0.6, 'Linear': 0.6, 'Bias': 0.0, 'BatchNorm': 0.0} | EnvNClusters=3
[2026-01-26 08:11:33,714] [INFO] Model initialized on device: cuda:0
[2026-01-26 08:11:33,715] [INFO] [CLIENT INIT] Mode=SH | Sparsity=ON (UsedSparsity=0.6) | Clusters=OFF (UsedClusters=-) | EnvSparsityCfg={'Conv': 0.6, 'Linear': 0.6, 'Bias': 0.0, 'BatchNorm': 0.0} | EnvNClusters=3
[2026-01-26 08:11:33,715] [INFO] Model initialized on device: cuda:0
[2026-01-26 08:11:33,715] [INFO] [CLIENT INIT] Mode=SH | Sparsity=ON (UsedSparsity=0.6) | Clusters=OFF (UsedClusters=-) | EnvSparsityCfg={'Conv': 0.6, 'Linear': 0.6, 'Bias': 0.0, 'BatchNorm': 0.0} | EnvNClusters=3
[2026-01-26 08:11:34,020] [INFO] Model initialized on device: cuda:0
[2026-01-26 08:11:34,020] [INFO] [CLIENT INIT] Mode=SH | Sparsity=ON (UsedSparsity=0.6) | Clusters=OFF (UsedClusters=-) | EnvSparsityCfg={'Conv': 0.6, 'Linear': 0.6, 'Bias': 0.0, 'BatchNorm': 0.0} | EnvNClusters=3
[2026-01-26 08:11:34,112] [INFO] Model initialized on device: cuda:0
[2026-01-26 08:11:34,112] [INFO] [CLIENT INIT] Mode=SH | Sparsity=ON (UsedSparsity=0.6) | Clusters=OFF (UsedClusters=-) | EnvSparsityCfg={'Conv': 0.6, 'Linear': 0.6, 'Bias': 0.0, 'BatchNorm': 0.0} | EnvNClusters=3
[2026-01-26 08:11:34,208] [INFO] Model initialized on device: cuda:0
[2026-01-26 08:11:34,208] [INFO] [CLIENT INIT] Mode=SH | Sparsity=ON (UsedSparsity=0.6) | Clusters=OFF (UsedClusters=-) | EnvSparsityCfg={'Conv': 0.6, 'Linear': 0.6, 'Bias': 0.0, 'BatchNorm': 0.0} | EnvNClusters=3
[2026-01-26 08:11:34,346] [INFO] Model initialized on device: cuda:0
[2026-01-26 08:11:34,346] [INFO] [CLIENT INIT] Mode=SH | Sparsity=ON (UsedSparsity=0.6) | Clusters=OFF (UsedClusters=-) | EnvSparsityCfg={'Conv': 0.6, 'Linear': 0.6, 'Bias': 0.0, 'BatchNorm': 0.0} | EnvNClusters=3
[2026-01-26 08:11:34,413] [INFO] Model initialized on device: cuda:0
[2026-01-26 08:11:34,413] [INFO] [CLIENT INIT] Mode=SH | Sparsity=ON (UsedSparsity=0.6) | Clusters=OFF (UsedClusters=-) | EnvSparsityCfg={'Conv': 0.6, 'Linear': 0.6, 'Bias': 0.0, 'BatchNorm': 0.0} | EnvNClusters=3
[2026-01-26 08:11:34,423] [INFO] Model initialized on device: cuda:0
[2026-01-26 08:11:34,424] [INFO] [CLIENT INIT] Mode=SH | Sparsity=ON (UsedSparsity=0.6) | Clusters=OFF (UsedClusters=-) | EnvSparsityCfg={'Conv': 0.6, 'Linear': 0.6, 'Bias': 0.0, 'BatchNorm': 0.0} | EnvNClusters=3
[2026-01-26 08:11:34,517] [INFO] Model initialized on device: cuda:0
[2026-01-26 08:11:34,517] [INFO] [CLIENT INIT] Mode=SH | Sparsity=ON (UsedSparsity=0.6) | Clusters=OFF (UsedClusters=-) | EnvSparsityCfg={'Conv': 0.6, 'Linear': 0.6, 'Bias': 0.0, 'BatchNorm': 0.0} | EnvNClusters=3
[2026-01-26 08:13:22,916] [INFO] [TRAIN] Epoch 3 Loss: 0.9449
[2026-01-26 08:14:07,733] [INFO] Model initialized on device: cuda:0
[2026-01-26 08:14:07,733] [INFO] [CLIENT INIT] Mode=SH | Sparsity=ON (UsedSparsity=0.6) | Clusters=OFF (UsedClusters=-) | EnvSparsityCfg={'Conv': 0.6, 'Linear': 0.6, 'Bias': 0.0, 'BatchNorm': 0.0} | EnvNClusters=3
[2026-01-26 08:14:08,220] [INFO] Model initialized on device: cuda:0
[2026-01-26 08:14:08,220] [INFO] [CLIENT INIT] Mode=SH | Sparsity=ON (UsedSparsity=0.6) | Clusters=OFF (UsedClusters=-) | EnvSparsityCfg={'Conv': 0.6, 'Linear': 0.6, 'Bias': 0.0, 'BatchNorm': 0.0} | EnvNClusters=3
[2026-01-26 08:14:12,016] [INFO] Model initialized on device: cuda:0
[2026-01-26 08:14:12,017] [INFO] [CLIENT INIT] Mode=SH | Sparsity=ON (UsedSparsity=0.6) | Clusters=OFF (UsedClusters=-) | EnvSparsityCfg={'Conv': 0.6, 'Linear': 0.6, 'Bias': 0.0, 'BatchNorm': 0.0} | EnvNClusters=3
[2026-01-26 08:14:13,023] [INFO] Model initialized on device: cuda:0
[2026-01-26 08:14:13,023] [INFO] [CLIENT INIT] Mode=SH | Sparsity=ON (UsedSparsity=0.6) | Clusters=OFF (UsedClusters=-) | EnvSparsityCfg={'Conv': 0.6, 'Linear': 0.6, 'Bias': 0.0, 'BatchNorm': 0.0} | EnvNClusters=3
[2026-01-26 08:14:13,116] [INFO] Model initialized on device: cuda:0
[2026-01-26 08:14:13,117] [INFO] [CLIENT INIT] Mode=SH | Sparsity=ON (UsedSparsity=0.6) | Clusters=OFF (UsedClusters=-) | EnvSparsityCfg={'Conv': 0.6, 'Linear': 0.6, 'Bias': 0.0, 'BatchNorm': 0.0} | EnvNClusters=3
[2026-01-26 08:14:13,121] [INFO] Model initialized on device: cuda:0
[2026-01-26 08:14:13,121] [INFO] [CLIENT INIT] Mode=SH | Sparsity=ON (UsedSparsity=0.6) | Clusters=OFF (UsedClusters=-) | EnvSparsityCfg={'Conv': 0.6, 'Linear': 0.6, 'Bias': 0.0, 'BatchNorm': 0.0} | EnvNClusters=3
[2026-01-26 08:14:13,140] [INFO] Model initialized on device: cuda:0
[2026-01-26 08:14:13,140] [INFO] [CLIENT INIT] Mode=SH | Sparsity=ON (UsedSparsity=0.6) | Clusters=OFF (UsedClusters=-) | EnvSparsityCfg={'Conv': 0.6, 'Linear': 0.6, 'Bias': 0.0, 'BatchNorm': 0.0} | EnvNClusters=3
[2026-01-26 08:14:13,221] [INFO] Model initialized on device: cuda:0
[2026-01-26 08:14:13,221] [INFO] Model initialized on device: cuda:0
[2026-01-26 08:14:13,221] [INFO] [CLIENT INIT] Mode=SH | Sparsity=ON (UsedSparsity=0.6) | Clusters=OFF (UsedClusters=-) | EnvSparsityCfg={'Conv': 0.6, 'Linear': 0.6, 'Bias': 0.0, 'BatchNorm': 0.0} | EnvNClusters=3
[2026-01-26 08:14:13,222] [INFO] [CLIENT INIT] Mode=SH | Sparsity=ON (UsedSparsity=0.6) | Clusters=OFF (UsedClusters=-) | EnvSparsityCfg={'Conv': 0.6, 'Linear': 0.6, 'Bias': 0.0, 'BatchNorm': 0.0} | EnvNClusters=3
[2026-01-26 08:14:13,222] [INFO] Model initialized on device: cuda:0
[2026-01-26 08:14:13,222] [INFO] [CLIENT INIT] Mode=SH | Sparsity=ON (UsedSparsity=0.6) | Clusters=OFF (UsedClusters=-) | EnvSparsityCfg={'Conv': 0.6, 'Linear': 0.6, 'Bias': 0.0, 'BatchNorm': 0.0} | EnvNClusters=3
[2026-01-26 08:15:59,719] [INFO] [TRAIN] Epoch 4 Loss: 0.9433
[2026-01-26 08:16:32,023] [INFO] Model initialized on device: cuda:0
[2026-01-26 08:16:32,024] [INFO] [CLIENT INIT] Mode=SH | Sparsity=ON (UsedSparsity=0.6) | Clusters=OFF (UsedClusters=-) | EnvSparsityCfg={'Conv': 0.6, 'Linear': 0.6, 'Bias': 0.0, 'BatchNorm': 0.0} | EnvNClusters=3
[2026-01-26 08:16:35,644] [INFO] Model initialized on device: cuda:0
[2026-01-26 08:16:35,644] [INFO] [CLIENT INIT] Mode=SH | Sparsity=ON (UsedSparsity=0.6) | Clusters=OFF (UsedClusters=-) | EnvSparsityCfg={'Conv': 0.6, 'Linear': 0.6, 'Bias': 0.0, 'BatchNorm': 0.0} | EnvNClusters=3
[2026-01-26 08:16:39,733] [INFO] Model initialized on device: cuda:0
[2026-01-26 08:16:39,733] [INFO] [CLIENT INIT] Mode=SH | Sparsity=ON (UsedSparsity=0.6) | Clusters=OFF (UsedClusters=-) | EnvSparsityCfg={'Conv': 0.6, 'Linear': 0.6, 'Bias': 0.0, 'BatchNorm': 0.0} | EnvNClusters=3
[2026-01-26 08:16:41,513] [INFO] Model initialized on device: cuda:0
[2026-01-26 08:16:41,513] [INFO] [CLIENT INIT] Mode=SH | Sparsity=ON (UsedSparsity=0.6) | Clusters=OFF (UsedClusters=-) | EnvSparsityCfg={'Conv': 0.6, 'Linear': 0.6, 'Bias': 0.0, 'BatchNorm': 0.0} | EnvNClusters=3
[2026-01-26 08:16:41,514] [INFO] Model initialized on device: cuda:0
[2026-01-26 08:16:41,514] [INFO] [CLIENT INIT] Mode=SH | Sparsity=ON (UsedSparsity=0.6) | Clusters=OFF (UsedClusters=-) | EnvSparsityCfg={'Conv': 0.6, 'Linear': 0.6, 'Bias': 0.0, 'BatchNorm': 0.0} | EnvNClusters=3
[2026-01-26 08:16:41,640] [INFO] Model initialized on device: cuda:0
[2026-01-26 08:16:41,640] [INFO] [CLIENT INIT] Mode=SH | Sparsity=ON (UsedSparsity=0.6) | Clusters=OFF (UsedClusters=-) | EnvSparsityCfg={'Conv': 0.6, 'Linear': 0.6, 'Bias': 0.0, 'BatchNorm': 0.0} | EnvNClusters=3
[2026-01-26 08:16:41,821] [INFO] Model initialized on device: cuda:0
[2026-01-26 08:16:41,821] [INFO] [CLIENT INIT] Mode=SH | Sparsity=ON (UsedSparsity=0.6) | Clusters=OFF (UsedClusters=-) | EnvSparsityCfg={'Conv': 0.6, 'Linear': 0.6, 'Bias': 0.0, 'BatchNorm': 0.0} | EnvNClusters=3
[2026-01-26 08:16:43,129] [INFO] Model initialized on device: cuda:0
[2026-01-26 08:16:43,129] [INFO] [CLIENT INIT] Mode=SH | Sparsity=ON (UsedSparsity=0.6) | Clusters=OFF (UsedClusters=-) | EnvSparsityCfg={'Conv': 0.6, 'Linear': 0.6, 'Bias': 0.0, 'BatchNorm': 0.0} | EnvNClusters=3
[2026-01-26 08:16:43,210] [INFO] Model initialized on device: cuda:0
[2026-01-26 08:16:43,210] [INFO] [CLIENT INIT] Mode=SH | Sparsity=ON (UsedSparsity=0.6) | Clusters=OFF (UsedClusters=-) | EnvSparsityCfg={'Conv': 0.6, 'Linear': 0.6, 'Bias': 0.0, 'BatchNorm': 0.0} | EnvNClusters=3
[2026-01-26 08:16:43,327] [INFO] Model initialized on device: cuda:0
[2026-01-26 08:16:43,327] [INFO] [CLIENT INIT] Mode=SH | Sparsity=ON (UsedSparsity=0.6) | Clusters=OFF (UsedClusters=-) | EnvSparsityCfg={'Conv': 0.6, 'Linear': 0.6, 'Bias': 0.0, 'BatchNorm': 0.0} | EnvNClusters=3
[2026-01-26 08:18:25,744] [INFO] [TRAIN] Epoch 5 Loss: 0.9415
[2026-01-26 08:18:25,745] [INFO] [FIT] Local training finished. Avg Loss: 0.9448
[2026-01-26 08:19:13,817] [INFO] Model initialized on device: cuda:0
[2026-01-26 08:19:13,817] [INFO] [CLIENT INIT] Mode=SH | Sparsity=ON (UsedSparsity=0.6) | Clusters=OFF (UsedClusters=-) | EnvSparsityCfg={'Conv': 0.6, 'Linear': 0.6, 'Bias': 0.0, 'BatchNorm': 0.0} | EnvNClusters=3
[2026-01-26 08:19:14,314] [INFO] Model initialized on device: cuda:0
[2026-01-26 08:19:14,314] [INFO] [CLIENT INIT] Mode=SH | Sparsity=ON (UsedSparsity=0.6) | Clusters=OFF (UsedClusters=-) | EnvSparsityCfg={'Conv': 0.6, 'Linear': 0.6, 'Bias': 0.0, 'BatchNorm': 0.0} | EnvNClusters=3
[2026-01-26 08:19:14,545] [INFO] Model initialized on device: cuda:0
[2026-01-26 08:19:14,545] [INFO] [CLIENT INIT] Mode=SH | Sparsity=ON (UsedSparsity=0.6) | Clusters=OFF (UsedClusters=-) | EnvSparsityCfg={'Conv': 0.6, 'Linear': 0.6, 'Bias': 0.0, 'BatchNorm': 0.0} | EnvNClusters=3
[2026-01-26 08:19:14,711] [INFO] Model initialized on device: cuda:0
[2026-01-26 08:19:14,711] [INFO] [CLIENT INIT] Mode=SH | Sparsity=ON (UsedSparsity=0.6) | Clusters=OFF (UsedClusters=-) | EnvSparsityCfg={'Conv': 0.6, 'Linear': 0.6, 'Bias': 0.0, 'BatchNorm': 0.0} | EnvNClusters=3
[2026-01-26 08:19:14,812] [INFO] Model initialized on device: cuda:0
[2026-01-26 08:19:14,813] [INFO] [CLIENT INIT] Mode=SH | Sparsity=ON (UsedSparsity=0.6) | Clusters=OFF (UsedClusters=-) | EnvSparsityCfg={'Conv': 0.6, 'Linear': 0.6, 'Bias': 0.0, 'BatchNorm': 0.0} | EnvNClusters=3
[2026-01-26 08:19:15,038] [INFO] Model initialized on device: cuda:0
[2026-01-26 08:19:15,038] [INFO] [CLIENT INIT] Mode=SH | Sparsity=ON (UsedSparsity=0.6) | Clusters=OFF (UsedClusters=-) | EnvSparsityCfg={'Conv': 0.6, 'Linear': 0.6, 'Bias': 0.0, 'BatchNorm': 0.0} | EnvNClusters=3
[2026-01-26 08:19:15,046] [INFO] Model initialized on device: cuda:0
[2026-01-26 08:19:15,046] [INFO] [CLIENT INIT] Mode=SH | Sparsity=ON (UsedSparsity=0.6) | Clusters=OFF (UsedClusters=-) | EnvSparsityCfg={'Conv': 0.6, 'Linear': 0.6, 'Bias': 0.0, 'BatchNorm': 0.0} | EnvNClusters=3
[2026-01-26 08:19:15,046] [INFO] Model initialized on device: cuda:0
[2026-01-26 08:19:15,046] [INFO] [CLIENT INIT] Mode=SH | Sparsity=ON (UsedSparsity=0.6) | Clusters=OFF (UsedClusters=-) | EnvSparsityCfg={'Conv': 0.6, 'Linear': 0.6, 'Bias': 0.0, 'BatchNorm': 0.0} | EnvNClusters=3
[2026-01-26 08:19:15,150] [INFO] Model initialized on device: cuda:0
[2026-01-26 08:19:15,150] [INFO] [CLIENT INIT] Mode=SH | Sparsity=ON (UsedSparsity=0.6) | Clusters=OFF (UsedClusters=-) | EnvSparsityCfg={'Conv': 0.6, 'Linear': 0.6, 'Bias': 0.0, 'BatchNorm': 0.0} | EnvNClusters=3
[2026-01-26 08:19:15,232] [INFO] Model initialized on device: cuda:0
[2026-01-26 08:19:15,232] [INFO] [CLIENT INIT] Mode=SH | Sparsity=ON (UsedSparsity=0.6) | Clusters=OFF (UsedClusters=-) | EnvSparsityCfg={'Conv': 0.6, 'Linear': 0.6, 'Bias': 0.0, 'BatchNorm': 0.0} | EnvNClusters=3
[2026-01-26 08:19:21,216] [DEBUG] [TEST] Batch 1 | Pred shape: torch.Size([256, 256, 160]) | Label shape: torch.Size([256, 256, 160])
[2026-01-26 08:19:21,409] [DEBUG] [TEST] Batch 2 | Pred shape: torch.Size([256, 256, 160]) | Label shape: torch.Size([256, 256, 160])
[2026-01-26 08:19:22,514] [DEBUG] [TEST] Batch 3 | Pred shape: torch.Size([256, 256, 160]) | Label shape: torch.Size([256, 256, 160])
[2026-01-26 08:19:23,356] [DEBUG] [TEST] Batch 4 | Pred shape: torch.Size([256, 256, 160]) | Label shape: torch.Size([256, 256, 160])
[2026-01-26 08:19:23,547] [DEBUG] [TEST] Batch 5 | Pred shape: torch.Size([256, 256, 160]) | Label shape: torch.Size([256, 256, 160])
[2026-01-26 08:19:23,745] [DEBUG] [TEST] Batch 6 | Pred shape: torch.Size([256, 256, 160]) | Label shape: torch.Size([256, 256, 160])
[2026-01-26 08:19:23,941] [DEBUG] [TEST] Batch 7 | Pred shape: torch.Size([256, 256, 160]) | Label shape: torch.Size([256, 256, 160])
[2026-01-26 08:19:24,113] [DEBUG] [TEST] Batch 8 | Pred shape: torch.Size([256, 256, 160]) | Label shape: torch.Size([256, 256, 160])
[2026-01-26 08:19:24,215] [DEBUG] [TEST] Batch 9 | Pred shape: torch.Size([256, 256, 160]) | Label shape: torch.Size([256, 256, 160])
[2026-01-26 08:19:24,413] [DEBUG] [TEST] Batch 10 | Pred shape: torch.Size([256, 256, 160]) | Label shape: torch.Size([256, 256, 160])
[2026-01-26 08:19:26,412] [DEBUG] [TEST] Batch 11 | Pred shape: torch.Size([256, 256, 160]) | Label shape: torch.Size([256, 256, 160])
[2026-01-26 08:19:26,628] [DEBUG] [TEST] Batch 12 | Pred shape: torch.Size([256, 256, 160]) | Label shape: torch.Size([256, 256, 160])
[2026-01-26 08:19:27,318] [DEBUG] [TEST] Batch 13 | Pred shape: torch.Size([256, 256, 160]) | Label shape: torch.Size([256, 256, 160])
[2026-01-26 08:19:29,008] [DEBUG] [TEST] Batch 14 | Pred shape: torch.Size([256, 256, 160]) | Label shape: torch.Size([256, 256, 160])
[2026-01-26 08:19:29,066] [DEBUG] [TEST] Batch 15 | Pred shape: torch.Size([256, 256, 160]) | Label shape: torch.Size([256, 256, 160])
[2026-01-26 08:19:29,157] [DEBUG] [TEST] Batch 16 | Pred shape: torch.Size([256, 256, 160]) | Label shape: torch.Size([256, 256, 160])
[2026-01-26 08:19:35,649] [INFO] [FIT] Final model saved to: Revision2/Run_UNET_NonIID_SH_20260126/Client3/model_final.pth
[2026-01-26 08:20:35,238] [INFO] [COMM][CLIENT] Round=-1 Mode=SH UsedSparsity=0.6 UsedClusters=- BaselineBits=154016352.0 CompressedBits=159709091.3 CR=0.964
[2026-01-26 08:28:55,455] [INFO] [EVALUATE] Starting evaluation...
[2026-01-26 08:28:57,409] [INFO] [DEBUG] Loaded compressed decoded weights.
[2026-01-26 08:29:41,550] [INFO] Model initialized on device: cuda:0
[2026-01-26 08:29:41,550] [INFO] [CLIENT INIT] Mode=SH | Sparsity=ON (UsedSparsity=0.6) | Clusters=OFF (UsedClusters=-) | EnvSparsityCfg={'Conv': 0.6, 'Linear': 0.6, 'Bias': 0.0, 'BatchNorm': 0.0} | EnvNClusters=3
[2026-01-26 08:29:42,944] [INFO] Model initialized on device: cuda:0
[2026-01-26 08:29:42,944] [INFO] [CLIENT INIT] Mode=SH | Sparsity=ON (UsedSparsity=0.6) | Clusters=OFF (UsedClusters=-) | EnvSparsityCfg={'Conv': 0.6, 'Linear': 0.6, 'Bias': 0.0, 'BatchNorm': 0.0} | EnvNClusters=3
[2026-01-26 08:29:44,542] [INFO] Model initialized on device: cuda:0
[2026-01-26 08:29:44,542] [INFO] [CLIENT INIT] Mode=SH | Sparsity=ON (UsedSparsity=0.6) | Clusters=OFF (UsedClusters=-) | EnvSparsityCfg={'Conv': 0.6, 'Linear': 0.6, 'Bias': 0.0, 'BatchNorm': 0.0} | EnvNClusters=3
[2026-01-26 08:29:46,422] [INFO] Model initialized on device: cuda:0
[2026-01-26 08:29:46,422] [INFO] [CLIENT INIT] Mode=SH | Sparsity=ON (UsedSparsity=0.6) | Clusters=OFF (UsedClusters=-) | EnvSparsityCfg={'Conv': 0.6, 'Linear': 0.6, 'Bias': 0.0, 'BatchNorm': 0.0} | EnvNClusters=3
[2026-01-26 08:29:47,060] [INFO] Model initialized on device: cuda:0
[2026-01-26 08:29:47,060] [INFO] [CLIENT INIT] Mode=SH | Sparsity=ON (UsedSparsity=0.6) | Clusters=OFF (UsedClusters=-) | EnvSparsityCfg={'Conv': 0.6, 'Linear': 0.6, 'Bias': 0.0, 'BatchNorm': 0.0} | EnvNClusters=3
[2026-01-26 08:29:47,154] [INFO] Model initialized on device: cuda:0
[2026-01-26 08:29:47,154] [INFO] [CLIENT INIT] Mode=SH | Sparsity=ON (UsedSparsity=0.6) | Clusters=OFF (UsedClusters=-) | EnvSparsityCfg={'Conv': 0.6, 'Linear': 0.6, 'Bias': 0.0, 'BatchNorm': 0.0} | EnvNClusters=3
[2026-01-26 08:29:47,929] [INFO] Model initialized on device: cuda:0
[2026-01-26 08:29:47,929] [INFO] [CLIENT INIT] Mode=SH | Sparsity=ON (UsedSparsity=0.6) | Clusters=OFF (UsedClusters=-) | EnvSparsityCfg={'Conv': 0.6, 'Linear': 0.6, 'Bias': 0.0, 'BatchNorm': 0.0} | EnvNClusters=3
[2026-01-26 08:29:47,971] [INFO] Model initialized on device: cuda:0
[2026-01-26 08:29:47,971] [INFO] [CLIENT INIT] Mode=SH | Sparsity=ON (UsedSparsity=0.6) | Clusters=OFF (UsedClusters=-) | EnvSparsityCfg={'Conv': 0.6, 'Linear': 0.6, 'Bias': 0.0, 'BatchNorm': 0.0} | EnvNClusters=3
[2026-01-26 08:29:47,972] [INFO] Model initialized on device: cuda:0
[2026-01-26 08:29:47,973] [INFO] [CLIENT INIT] Mode=SH | Sparsity=ON (UsedSparsity=0.6) | Clusters=OFF (UsedClusters=-) | EnvSparsityCfg={'Conv': 0.6, 'Linear': 0.6, 'Bias': 0.0, 'BatchNorm': 0.0} | EnvNClusters=3
[2026-01-26 08:29:51,426] [DEBUG] [TEST] Batch 1 | Pred shape: torch.Size([256, 256, 160]) | Label shape: torch.Size([256, 256, 160])
[2026-01-26 08:29:52,031] [INFO] Model initialized on device: cuda:0
[2026-01-26 08:29:52,031] [INFO] [CLIENT INIT] Mode=SH | Sparsity=ON (UsedSparsity=0.6) | Clusters=OFF (UsedClusters=-) | EnvSparsityCfg={'Conv': 0.6, 'Linear': 0.6, 'Bias': 0.0, 'BatchNorm': 0.0} | EnvNClusters=3
[2026-01-26 08:29:54,341] [DEBUG] [TEST] Batch 2 | Pred shape: torch.Size([256, 256, 160]) | Label shape: torch.Size([256, 256, 160])
[2026-01-26 08:29:54,402] [DEBUG] [TEST] Batch 3 | Pred shape: torch.Size([256, 256, 160]) | Label shape: torch.Size([256, 256, 160])
[2026-01-26 08:29:54,461] [DEBUG] [TEST] Batch 4 | Pred shape: torch.Size([256, 256, 160]) | Label shape: torch.Size([256, 256, 160])
[2026-01-26 08:29:54,516] [DEBUG] [TEST] Batch 5 | Pred shape: torch.Size([256, 256, 160]) | Label shape: torch.Size([256, 256, 160])
[2026-01-26 08:29:54,575] [DEBUG] [TEST] Batch 6 | Pred shape: torch.Size([256, 256, 160]) | Label shape: torch.Size([256, 256, 160])
[2026-01-26 08:29:54,643] [DEBUG] [TEST] Batch 7 | Pred shape: torch.Size([256, 256, 160]) | Label shape: torch.Size([256, 256, 160])
[2026-01-26 08:29:54,698] [DEBUG] [TEST] Batch 8 | Pred shape: torch.Size([256, 256, 160]) | Label shape: torch.Size([256, 256, 160])
[2026-01-26 08:29:54,791] [DEBUG] [TEST] Batch 9 | Pred shape: torch.Size([256, 256, 160]) | Label shape: torch.Size([256, 256, 160])
[2026-01-26 08:29:54,856] [DEBUG] [TEST] Batch 10 | Pred shape: torch.Size([256, 256, 160]) | Label shape: torch.Size([256, 256, 160])
[2026-01-26 08:29:54,912] [DEBUG] [TEST] Batch 11 | Pred shape: torch.Size([256, 256, 160]) | Label shape: torch.Size([256, 256, 160])
[2026-01-26 08:29:57,237] [DEBUG] [TEST] Batch 12 | Pred shape: torch.Size([256, 256, 160]) | Label shape: torch.Size([256, 256, 160])
[2026-01-26 08:29:57,359] [DEBUG] [TEST] Batch 13 | Pred shape: torch.Size([256, 256, 160]) | Label shape: torch.Size([256, 256, 160])
[2026-01-26 08:29:57,415] [DEBUG] [TEST] Batch 14 | Pred shape: torch.Size([256, 256, 160]) | Label shape: torch.Size([256, 256, 160])
[2026-01-26 08:29:57,471] [DEBUG] [TEST] Batch 15 | Pred shape: torch.Size([256, 256, 160]) | Label shape: torch.Size([256, 256, 160])
[2026-01-26 08:29:57,526] [DEBUG] [TEST] Batch 16 | Pred shape: torch.Size([256, 256, 160]) | Label shape: torch.Size([256, 256, 160])
[2026-01-26 08:30:03,656] [INFO] [EVALUATE] Dice WT: 0.8124
[2026-01-26 08:30:30,323] [INFO] [FIT] Received parameters. Starting local training...
[2026-01-26 08:30:34,127] [INFO] [DEBUG] Loaded compressed decoded weights.
[2026-01-26 08:31:36,374] [INFO] Model initialized on device: cuda:0
[2026-01-26 08:31:36,374] [INFO] [CLIENT INIT] Mode=SH | Sparsity=ON (UsedSparsity=0.6) | Clusters=OFF (UsedClusters=-) | EnvSparsityCfg={'Conv': 0.6, 'Linear': 0.6, 'Bias': 0.0, 'BatchNorm': 0.0} | EnvNClusters=3
[2026-01-26 08:31:36,860] [INFO] Model initialized on device: cuda:0
[2026-01-26 08:31:36,860] [INFO] [CLIENT INIT] Mode=SH | Sparsity=ON (UsedSparsity=0.6) | Clusters=OFF (UsedClusters=-) | EnvSparsityCfg={'Conv': 0.6, 'Linear': 0.6, 'Bias': 0.0, 'BatchNorm': 0.0} | EnvNClusters=3
[2026-01-26 08:31:37,013] [INFO] Model initialized on device: cuda:0
[2026-01-26 08:31:37,013] [INFO] [CLIENT INIT] Mode=SH | Sparsity=ON (UsedSparsity=0.6) | Clusters=OFF (UsedClusters=-) | EnvSparsityCfg={'Conv': 0.6, 'Linear': 0.6, 'Bias': 0.0, 'BatchNorm': 0.0} | EnvNClusters=3
[2026-01-26 08:31:37,226] [INFO] Model initialized on device: cuda:0
[2026-01-26 08:31:37,226] [INFO] [CLIENT INIT] Mode=SH | Sparsity=ON (UsedSparsity=0.6) | Clusters=OFF (UsedClusters=-) | EnvSparsityCfg={'Conv': 0.6, 'Linear': 0.6, 'Bias': 0.0, 'BatchNorm': 0.0} | EnvNClusters=3
[2026-01-26 08:31:37,250] [INFO] Model initialized on device: cuda:0
[2026-01-26 08:31:37,251] [INFO] [CLIENT INIT] Mode=SH | Sparsity=ON (UsedSparsity=0.6) | Clusters=OFF (UsedClusters=-) | EnvSparsityCfg={'Conv': 0.6, 'Linear': 0.6, 'Bias': 0.0, 'BatchNorm': 0.0} | EnvNClusters=3
[2026-01-26 08:31:37,413] [INFO] Model initialized on device: cuda:0
[2026-01-26 08:31:37,413] [INFO] Model initialized on device: cuda:0
[2026-01-26 08:31:37,414] [INFO] [CLIENT INIT] Mode=SH | Sparsity=ON (UsedSparsity=0.6) | Clusters=OFF (UsedClusters=-) | EnvSparsityCfg={'Conv': 0.6, 'Linear': 0.6, 'Bias': 0.0, 'BatchNorm': 0.0} | EnvNClusters=3
[2026-01-26 08:31:37,414] [INFO] [CLIENT INIT] Mode=SH | Sparsity=ON (UsedSparsity=0.6) | Clusters=OFF (UsedClusters=-) | EnvSparsityCfg={'Conv': 0.6, 'Linear': 0.6, 'Bias': 0.0, 'BatchNorm': 0.0} | EnvNClusters=3
[2026-01-26 08:31:37,439] [INFO] Model initialized on device: cuda:0
[2026-01-26 08:31:37,439] [INFO] [CLIENT INIT] Mode=SH | Sparsity=ON (UsedSparsity=0.6) | Clusters=OFF (UsedClusters=-) | EnvSparsityCfg={'Conv': 0.6, 'Linear': 0.6, 'Bias': 0.0, 'BatchNorm': 0.0} | EnvNClusters=3
[2026-01-26 08:31:37,446] [INFO] Model initialized on device: cuda:0
[2026-01-26 08:31:37,446] [INFO] [CLIENT INIT] Mode=SH | Sparsity=ON (UsedSparsity=0.6) | Clusters=OFF (UsedClusters=-) | EnvSparsityCfg={'Conv': 0.6, 'Linear': 0.6, 'Bias': 0.0, 'BatchNorm': 0.0} | EnvNClusters=3
[2026-01-26 08:31:37,548] [INFO] Model initialized on device: cuda:0
[2026-01-26 08:31:37,548] [INFO] [CLIENT INIT] Mode=SH | Sparsity=ON (UsedSparsity=0.6) | Clusters=OFF (UsedClusters=-) | EnvSparsityCfg={'Conv': 0.6, 'Linear': 0.6, 'Bias': 0.0, 'BatchNorm': 0.0} | EnvNClusters=3
[2026-01-26 08:33:27,912] [INFO] [TRAIN] Epoch 1 Loss: 0.9085
[2026-01-26 08:34:23,860] [INFO] Model initialized on device: cuda:0
[2026-01-26 08:34:23,860] [INFO] [CLIENT INIT] Mode=SH | Sparsity=ON (UsedSparsity=0.6) | Clusters=OFF (UsedClusters=-) | EnvSparsityCfg={'Conv': 0.6, 'Linear': 0.6, 'Bias': 0.0, 'BatchNorm': 0.0} | EnvNClusters=3
[2026-01-26 08:34:24,416] [INFO] Model initialized on device: cuda:0
[2026-01-26 08:34:24,416] [INFO] [CLIENT INIT] Mode=SH | Sparsity=ON (UsedSparsity=0.6) | Clusters=OFF (UsedClusters=-) | EnvSparsityCfg={'Conv': 0.6, 'Linear': 0.6, 'Bias': 0.0, 'BatchNorm': 0.0} | EnvNClusters=3
[2026-01-26 08:34:24,741] [INFO] Model initialized on device: cuda:0
[2026-01-26 08:34:24,741] [INFO] [CLIENT INIT] Mode=SH | Sparsity=ON (UsedSparsity=0.6) | Clusters=OFF (UsedClusters=-) | EnvSparsityCfg={'Conv': 0.6, 'Linear': 0.6, 'Bias': 0.0, 'BatchNorm': 0.0} | EnvNClusters=3
[2026-01-26 08:34:24,812] [INFO] Model initialized on device: cuda:0
[2026-01-26 08:34:24,812] [INFO] [CLIENT INIT] Mode=SH | Sparsity=ON (UsedSparsity=0.6) | Clusters=OFF (UsedClusters=-) | EnvSparsityCfg={'Conv': 0.6, 'Linear': 0.6, 'Bias': 0.0, 'BatchNorm': 0.0} | EnvNClusters=3
[2026-01-26 08:34:24,834] [INFO] Model initialized on device: cuda:0
[2026-01-26 08:34:24,834] [INFO] [CLIENT INIT] Mode=SH | Sparsity=ON (UsedSparsity=0.6) | Clusters=OFF (UsedClusters=-) | EnvSparsityCfg={'Conv': 0.6, 'Linear': 0.6, 'Bias': 0.0, 'BatchNorm': 0.0} | EnvNClusters=3
[2026-01-26 08:34:24,834] [INFO] Model initialized on device: cuda:0
[2026-01-26 08:34:24,834] [INFO] [CLIENT INIT] Mode=SH | Sparsity=ON (UsedSparsity=0.6) | Clusters=OFF (UsedClusters=-) | EnvSparsityCfg={'Conv': 0.6, 'Linear': 0.6, 'Bias': 0.0, 'BatchNorm': 0.0} | EnvNClusters=3
[2026-01-26 08:34:25,625] [INFO] Model initialized on device: cuda:0
[2026-01-26 08:34:25,625] [INFO] [CLIENT INIT] Mode=SH | Sparsity=ON (UsedSparsity=0.6) | Clusters=OFF (UsedClusters=-) | EnvSparsityCfg={'Conv': 0.6, 'Linear': 0.6, 'Bias': 0.0, 'BatchNorm': 0.0} | EnvNClusters=3
[2026-01-26 08:34:25,713] [INFO] Model initialized on device: cuda:0
[2026-01-26 08:34:25,713] [INFO] [CLIENT INIT] Mode=SH | Sparsity=ON (UsedSparsity=0.6) | Clusters=OFF (UsedClusters=-) | EnvSparsityCfg={'Conv': 0.6, 'Linear': 0.6, 'Bias': 0.0, 'BatchNorm': 0.0} | EnvNClusters=3
[2026-01-26 08:34:25,727] [INFO] Model initialized on device: cuda:0
[2026-01-26 08:34:25,727] [INFO] [CLIENT INIT] Mode=SH | Sparsity=ON (UsedSparsity=0.6) | Clusters=OFF (UsedClusters=-) | EnvSparsityCfg={'Conv': 0.6, 'Linear': 0.6, 'Bias': 0.0, 'BatchNorm': 0.0} | EnvNClusters=3
[2026-01-26 08:34:25,817] [INFO] Model initialized on device: cuda:0
[2026-01-26 08:34:25,817] [INFO] [CLIENT INIT] Mode=SH | Sparsity=ON (UsedSparsity=0.6) | Clusters=OFF (UsedClusters=-) | EnvSparsityCfg={'Conv': 0.6, 'Linear': 0.6, 'Bias': 0.0, 'BatchNorm': 0.0} | EnvNClusters=3
[2026-01-26 08:36:08,553] [INFO] [TRAIN] Epoch 2 Loss: 0.8983
[2026-01-26 08:36:41,746] [INFO] Model initialized on device: cuda:0
[2026-01-26 08:36:41,746] [INFO] [CLIENT INIT] Mode=SH | Sparsity=ON (UsedSparsity=0.6) | Clusters=OFF (UsedClusters=-) | EnvSparsityCfg={'Conv': 0.6, 'Linear': 0.6, 'Bias': 0.0, 'BatchNorm': 0.0} | EnvNClusters=3
[2026-01-26 08:36:44,429] [INFO] Model initialized on device: cuda:0
[2026-01-26 08:36:44,430] [INFO] [CLIENT INIT] Mode=SH | Sparsity=ON (UsedSparsity=0.6) | Clusters=OFF (UsedClusters=-) | EnvSparsityCfg={'Conv': 0.6, 'Linear': 0.6, 'Bias': 0.0, 'BatchNorm': 0.0} | EnvNClusters=3
[2026-01-26 08:36:47,828] [INFO] Model initialized on device: cuda:0
[2026-01-26 08:36:47,828] [INFO] [CLIENT INIT] Mode=SH | Sparsity=ON (UsedSparsity=0.6) | Clusters=OFF (UsedClusters=-) | EnvSparsityCfg={'Conv': 0.6, 'Linear': 0.6, 'Bias': 0.0, 'BatchNorm': 0.0} | EnvNClusters=3
[2026-01-26 08:36:50,026] [INFO] Model initialized on device: cuda:0
[2026-01-26 08:36:50,026] [INFO] [CLIENT INIT] Mode=SH | Sparsity=ON (UsedSparsity=0.6) | Clusters=OFF (UsedClusters=-) | EnvSparsityCfg={'Conv': 0.6, 'Linear': 0.6, 'Bias': 0.0, 'BatchNorm': 0.0} | EnvNClusters=3
[2026-01-26 08:36:54,320] [INFO] Model initialized on device: cuda:0
[2026-01-26 08:36:54,321] [INFO] [CLIENT INIT] Mode=SH | Sparsity=ON (UsedSparsity=0.6) | Clusters=OFF (UsedClusters=-) | EnvSparsityCfg={'Conv': 0.6, 'Linear': 0.6, 'Bias': 0.0, 'BatchNorm': 0.0} | EnvNClusters=3
[2026-01-26 08:36:54,527] [INFO] Model initialized on device: cuda:0
[2026-01-26 08:36:54,527] [INFO] [CLIENT INIT] Mode=SH | Sparsity=ON (UsedSparsity=0.6) | Clusters=OFF (UsedClusters=-) | EnvSparsityCfg={'Conv': 0.6, 'Linear': 0.6, 'Bias': 0.0, 'BatchNorm': 0.0} | EnvNClusters=3
[2026-01-26 08:36:57,124] [INFO] Model initialized on device: cuda:0
[2026-01-26 08:36:57,124] [INFO] [CLIENT INIT] Mode=SH | Sparsity=ON (UsedSparsity=0.6) | Clusters=OFF (UsedClusters=-) | EnvSparsityCfg={'Conv': 0.6, 'Linear': 0.6, 'Bias': 0.0, 'BatchNorm': 0.0} | EnvNClusters=3
[2026-01-26 08:36:58,013] [INFO] Model initialized on device: cuda:0
[2026-01-26 08:36:58,013] [INFO] [CLIENT INIT] Mode=SH | Sparsity=ON (UsedSparsity=0.6) | Clusters=OFF (UsedClusters=-) | EnvSparsityCfg={'Conv': 0.6, 'Linear': 0.6, 'Bias': 0.0, 'BatchNorm': 0.0} | EnvNClusters=3
[2026-01-26 08:36:58,015] [INFO] Model initialized on device: cuda:0
[2026-01-26 08:36:58,015] [INFO] [CLIENT INIT] Mode=SH | Sparsity=ON (UsedSparsity=0.6) | Clusters=OFF (UsedClusters=-) | EnvSparsityCfg={'Conv': 0.6, 'Linear': 0.6, 'Bias': 0.0, 'BatchNorm': 0.0} | EnvNClusters=3
[2026-01-26 08:36:58,025] [INFO] Model initialized on device: cuda:0
[2026-01-26 08:36:58,025] [INFO] [CLIENT INIT] Mode=SH | Sparsity=ON (UsedSparsity=0.6) | Clusters=OFF (UsedClusters=-) | EnvSparsityCfg={'Conv': 0.6, 'Linear': 0.6, 'Bias': 0.0, 'BatchNorm': 0.0} | EnvNClusters=3
[2026-01-26 08:38:38,409] [INFO] [TRAIN] Epoch 3 Loss: 0.8893
[2026-01-26 08:39:38,637] [INFO] Model initialized on device: cuda:0
[2026-01-26 08:39:38,638] [INFO] [CLIENT INIT] Mode=SH | Sparsity=ON (UsedSparsity=0.6) | Clusters=OFF (UsedClusters=-) | EnvSparsityCfg={'Conv': 0.6, 'Linear': 0.6, 'Bias': 0.0, 'BatchNorm': 0.0} | EnvNClusters=3
[2026-01-26 08:39:39,422] [INFO] Model initialized on device: cuda:0
[2026-01-26 08:39:39,423] [INFO] [CLIENT INIT] Mode=SH | Sparsity=ON (UsedSparsity=0.6) | Clusters=OFF (UsedClusters=-) | EnvSparsityCfg={'Conv': 0.6, 'Linear': 0.6, 'Bias': 0.0, 'BatchNorm': 0.0} | EnvNClusters=3
[2026-01-26 08:39:39,432] [INFO] Model initialized on device: cuda:0
[2026-01-26 08:39:39,433] [INFO] [CLIENT INIT] Mode=SH | Sparsity=ON (UsedSparsity=0.6) | Clusters=OFF (UsedClusters=-) | EnvSparsityCfg={'Conv': 0.6, 'Linear': 0.6, 'Bias': 0.0, 'BatchNorm': 0.0} | EnvNClusters=3
[2026-01-26 08:39:39,544] [INFO] Model initialized on device: cuda:0
[2026-01-26 08:39:39,544] [INFO] [CLIENT INIT] Mode=SH | Sparsity=ON (UsedSparsity=0.6) | Clusters=OFF (UsedClusters=-) | EnvSparsityCfg={'Conv': 0.6, 'Linear': 0.6, 'Bias': 0.0, 'BatchNorm': 0.0} | EnvNClusters=3
[2026-01-26 08:39:40,212] [INFO] Model initialized on device: cuda:0
[2026-01-26 08:39:40,212] [INFO] [CLIENT INIT] Mode=SH | Sparsity=ON (UsedSparsity=0.6) | Clusters=OFF (UsedClusters=-) | EnvSparsityCfg={'Conv': 0.6, 'Linear': 0.6, 'Bias': 0.0, 'BatchNorm': 0.0} | EnvNClusters=3
[2026-01-26 08:39:40,622] [INFO] Model initialized on device: cuda:0
[2026-01-26 08:39:40,622] [INFO] [CLIENT INIT] Mode=SH | Sparsity=ON (UsedSparsity=0.6) | Clusters=OFF (UsedClusters=-) | EnvSparsityCfg={'Conv': 0.6, 'Linear': 0.6, 'Bias': 0.0, 'BatchNorm': 0.0} | EnvNClusters=3
[2026-01-26 08:39:40,632] [INFO] Model initialized on device: cuda:0
[2026-01-26 08:39:40,632] [INFO] [CLIENT INIT] Mode=SH | Sparsity=ON (UsedSparsity=0.6) | Clusters=OFF (UsedClusters=-) | EnvSparsityCfg={'Conv': 0.6, 'Linear': 0.6, 'Bias': 0.0, 'BatchNorm': 0.0} | EnvNClusters=3
[2026-01-26 08:39:40,734] [INFO] Model initialized on device: cuda:0
[2026-01-26 08:39:40,734] [INFO] [CLIENT INIT] Mode=SH | Sparsity=ON (UsedSparsity=0.6) | Clusters=OFF (UsedClusters=-) | EnvSparsityCfg={'Conv': 0.6, 'Linear': 0.6, 'Bias': 0.0, 'BatchNorm': 0.0} | EnvNClusters=3
[2026-01-26 08:39:40,735] [INFO] Model initialized on device: cuda:0
[2026-01-26 08:39:40,735] [INFO] [CLIENT INIT] Mode=SH | Sparsity=ON (UsedSparsity=0.6) | Clusters=OFF (UsedClusters=-) | EnvSparsityCfg={'Conv': 0.6, 'Linear': 0.6, 'Bias': 0.0, 'BatchNorm': 0.0} | EnvNClusters=3
[2026-01-26 08:39:40,739] [INFO] Model initialized on device: cuda:0
[2026-01-26 08:39:40,740] [INFO] [CLIENT INIT] Mode=SH | Sparsity=ON (UsedSparsity=0.6) | Clusters=OFF (UsedClusters=-) | EnvSparsityCfg={'Conv': 0.6, 'Linear': 0.6, 'Bias': 0.0, 'BatchNorm': 0.0} | EnvNClusters=3
[2026-01-26 08:41:25,817] [INFO] [TRAIN] Epoch 4 Loss: 0.8802
[2026-01-26 08:42:12,952] [INFO] Model initialized on device: cuda:0
[2026-01-26 08:42:12,952] [INFO] [CLIENT INIT] Mode=SH | Sparsity=ON (UsedSparsity=0.6) | Clusters=OFF (UsedClusters=-) | EnvSparsityCfg={'Conv': 0.6, 'Linear': 0.6, 'Bias': 0.0, 'BatchNorm': 0.0} | EnvNClusters=3
[2026-01-26 08:42:13,210] [INFO] Model initialized on device: cuda:0
[2026-01-26 08:42:13,210] [INFO] [CLIENT INIT] Mode=SH | Sparsity=ON (UsedSparsity=0.6) | Clusters=OFF (UsedClusters=-) | EnvSparsityCfg={'Conv': 0.6, 'Linear': 0.6, 'Bias': 0.0, 'BatchNorm': 0.0} | EnvNClusters=3
[2026-01-26 08:42:14,320] [INFO] Model initialized on device: cuda:0
[2026-01-26 08:42:14,320] [INFO] [CLIENT INIT] Mode=SH | Sparsity=ON (UsedSparsity=0.6) | Clusters=OFF (UsedClusters=-) | EnvSparsityCfg={'Conv': 0.6, 'Linear': 0.6, 'Bias': 0.0, 'BatchNorm': 0.0} | EnvNClusters=3
[2026-01-26 08:42:14,417] [INFO] Model initialized on device: cuda:0
[2026-01-26 08:42:14,418] [INFO] [CLIENT INIT] Mode=SH | Sparsity=ON (UsedSparsity=0.6) | Clusters=OFF (UsedClusters=-) | EnvSparsityCfg={'Conv': 0.6, 'Linear': 0.6, 'Bias': 0.0, 'BatchNorm': 0.0} | EnvNClusters=3
[2026-01-26 08:42:16,414] [INFO] Model initialized on device: cuda:0
[2026-01-26 08:42:16,414] [INFO] [CLIENT INIT] Mode=SH | Sparsity=ON (UsedSparsity=0.6) | Clusters=OFF (UsedClusters=-) | EnvSparsityCfg={'Conv': 0.6, 'Linear': 0.6, 'Bias': 0.0, 'BatchNorm': 0.0} | EnvNClusters=3
[2026-01-26 08:42:16,835] [INFO] Model initialized on device: cuda:0
[2026-01-26 08:42:16,835] [INFO] [CLIENT INIT] Mode=SH | Sparsity=ON (UsedSparsity=0.6) | Clusters=OFF (UsedClusters=-) | EnvSparsityCfg={'Conv': 0.6, 'Linear': 0.6, 'Bias': 0.0, 'BatchNorm': 0.0} | EnvNClusters=3
[2026-01-26 08:42:16,926] [INFO] Model initialized on device: cuda:0
[2026-01-26 08:42:16,926] [INFO] [CLIENT INIT] Mode=SH | Sparsity=ON (UsedSparsity=0.6) | Clusters=OFF (UsedClusters=-) | EnvSparsityCfg={'Conv': 0.6, 'Linear': 0.6, 'Bias': 0.0, 'BatchNorm': 0.0} | EnvNClusters=3
[2026-01-26 08:42:16,930] [INFO] Model initialized on device: cuda:0
[2026-01-26 08:42:16,931] [INFO] [CLIENT INIT] Mode=SH | Sparsity=ON (UsedSparsity=0.6) | Clusters=OFF (UsedClusters=-) | EnvSparsityCfg={'Conv': 0.6, 'Linear': 0.6, 'Bias': 0.0, 'BatchNorm': 0.0} | EnvNClusters=3
[2026-01-26 08:42:17,019] [INFO] Model initialized on device: cuda:0
[2026-01-26 08:42:17,020] [INFO] [CLIENT INIT] Mode=SH | Sparsity=ON (UsedSparsity=0.6) | Clusters=OFF (UsedClusters=-) | EnvSparsityCfg={'Conv': 0.6, 'Linear': 0.6, 'Bias': 0.0, 'BatchNorm': 0.0} | EnvNClusters=3
[2026-01-26 08:42:17,025] [INFO] Model initialized on device: cuda:0
[2026-01-26 08:42:17,025] [INFO] [CLIENT INIT] Mode=SH | Sparsity=ON (UsedSparsity=0.6) | Clusters=OFF (UsedClusters=-) | EnvSparsityCfg={'Conv': 0.6, 'Linear': 0.6, 'Bias': 0.0, 'BatchNorm': 0.0} | EnvNClusters=3
[2026-01-26 08:44:06,615] [INFO] [TRAIN] Epoch 5 Loss: 0.8704
[2026-01-26 08:44:06,616] [INFO] [FIT] Local training finished. Avg Loss: 0.8894
[2026-01-26 08:44:50,910] [INFO] Model initialized on device: cuda:0
[2026-01-26 08:44:50,910] [INFO] [CLIENT INIT] Mode=SH | Sparsity=ON (UsedSparsity=0.6) | Clusters=OFF (UsedClusters=-) | EnvSparsityCfg={'Conv': 0.6, 'Linear': 0.6, 'Bias': 0.0, 'BatchNorm': 0.0} | EnvNClusters=3
[2026-01-26 08:44:51,111] [INFO] Model initialized on device: cuda:0
[2026-01-26 08:44:51,111] [INFO] [CLIENT INIT] Mode=SH | Sparsity=ON (UsedSparsity=0.6) | Clusters=OFF (UsedClusters=-) | EnvSparsityCfg={'Conv': 0.6, 'Linear': 0.6, 'Bias': 0.0, 'BatchNorm': 0.0} | EnvNClusters=3
[2026-01-26 08:44:51,126] [INFO] Model initialized on device: cuda:0
[2026-01-26 08:44:51,126] [INFO] [CLIENT INIT] Mode=SH | Sparsity=ON (UsedSparsity=0.6) | Clusters=OFF (UsedClusters=-) | EnvSparsityCfg={'Conv': 0.6, 'Linear': 0.6, 'Bias': 0.0, 'BatchNorm': 0.0} | EnvNClusters=3
[2026-01-26 08:44:51,208] [INFO] Model initialized on device: cuda:0
[2026-01-26 08:44:51,208] [INFO] [CLIENT INIT] Mode=SH | Sparsity=ON (UsedSparsity=0.6) | Clusters=OFF (UsedClusters=-) | EnvSparsityCfg={'Conv': 0.6, 'Linear': 0.6, 'Bias': 0.0, 'BatchNorm': 0.0} | EnvNClusters=3
[2026-01-26 08:44:51,214] [INFO] Model initialized on device: cuda:0
[2026-01-26 08:44:51,214] [INFO] [CLIENT INIT] Mode=SH | Sparsity=ON (UsedSparsity=0.6) | Clusters=OFF (UsedClusters=-) | EnvSparsityCfg={'Conv': 0.6, 'Linear': 0.6, 'Bias': 0.0, 'BatchNorm': 0.0} | EnvNClusters=3
[2026-01-26 08:44:51,234] [INFO] Model initialized on device: cuda:0
[2026-01-26 08:44:51,234] [INFO] [CLIENT INIT] Mode=SH | Sparsity=ON (UsedSparsity=0.6) | Clusters=OFF (UsedClusters=-) | EnvSparsityCfg={'Conv': 0.6, 'Linear': 0.6, 'Bias': 0.0, 'BatchNorm': 0.0} | EnvNClusters=3
[2026-01-26 08:44:51,242] [INFO] Model initialized on device: cuda:0
[2026-01-26 08:44:51,242] [INFO] [CLIENT INIT] Mode=SH | Sparsity=ON (UsedSparsity=0.6) | Clusters=OFF (UsedClusters=-) | EnvSparsityCfg={'Conv': 0.6, 'Linear': 0.6, 'Bias': 0.0, 'BatchNorm': 0.0} | EnvNClusters=3
[2026-01-26 08:44:51,244] [INFO] Model initialized on device: cuda:0
[2026-01-26 08:44:51,244] [INFO] [CLIENT INIT] Mode=SH | Sparsity=ON (UsedSparsity=0.6) | Clusters=OFF (UsedClusters=-) | EnvSparsityCfg={'Conv': 0.6, 'Linear': 0.6, 'Bias': 0.0, 'BatchNorm': 0.0} | EnvNClusters=3
[2026-01-26 08:44:51,244] [INFO] Model initialized on device: cuda:0
[2026-01-26 08:44:51,244] [INFO] [CLIENT INIT] Mode=SH | Sparsity=ON (UsedSparsity=0.6) | Clusters=OFF (UsedClusters=-) | EnvSparsityCfg={'Conv': 0.6, 'Linear': 0.6, 'Bias': 0.0, 'BatchNorm': 0.0} | EnvNClusters=3
[2026-01-26 08:44:51,244] [INFO] Model initialized on device: cuda:0
[2026-01-26 08:44:51,244] [INFO] [CLIENT INIT] Mode=SH | Sparsity=ON (UsedSparsity=0.6) | Clusters=OFF (UsedClusters=-) | EnvSparsityCfg={'Conv': 0.6, 'Linear': 0.6, 'Bias': 0.0, 'BatchNorm': 0.0} | EnvNClusters=3
[2026-01-26 08:44:58,817] [DEBUG] [TEST] Batch 1 | Pred shape: torch.Size([256, 256, 160]) | Label shape: torch.Size([256, 256, 160])
[2026-01-26 08:45:00,915] [DEBUG] [TEST] Batch 2 | Pred shape: torch.Size([256, 256, 160]) | Label shape: torch.Size([256, 256, 160])
[2026-01-26 08:45:01,149] [DEBUG] [TEST] Batch 3 | Pred shape: torch.Size([256, 256, 160]) | Label shape: torch.Size([256, 256, 160])
[2026-01-26 08:45:01,259] [DEBUG] [TEST] Batch 4 | Pred shape: torch.Size([256, 256, 160]) | Label shape: torch.Size([256, 256, 160])
[2026-01-26 08:45:01,358] [DEBUG] [TEST] Batch 5 | Pred shape: torch.Size([256, 256, 160]) | Label shape: torch.Size([256, 256, 160])
[2026-01-26 08:45:01,460] [DEBUG] [TEST] Batch 6 | Pred shape: torch.Size([256, 256, 160]) | Label shape: torch.Size([256, 256, 160])
[2026-01-26 08:45:01,557] [DEBUG] [TEST] Batch 7 | Pred shape: torch.Size([256, 256, 160]) | Label shape: torch.Size([256, 256, 160])
[2026-01-26 08:45:01,660] [DEBUG] [TEST] Batch 8 | Pred shape: torch.Size([256, 256, 160]) | Label shape: torch.Size([256, 256, 160])
[2026-01-26 08:45:01,758] [DEBUG] [TEST] Batch 9 | Pred shape: torch.Size([256, 256, 160]) | Label shape: torch.Size([256, 256, 160])
[2026-01-26 08:45:01,859] [DEBUG] [TEST] Batch 10 | Pred shape: torch.Size([256, 256, 160]) | Label shape: torch.Size([256, 256, 160])
[2026-01-26 08:45:04,117] [DEBUG] [TEST] Batch 11 | Pred shape: torch.Size([256, 256, 160]) | Label shape: torch.Size([256, 256, 160])
[2026-01-26 08:45:04,174] [DEBUG] [TEST] Batch 12 | Pred shape: torch.Size([256, 256, 160]) | Label shape: torch.Size([256, 256, 160])
[2026-01-26 08:45:04,314] [DEBUG] [TEST] Batch 13 | Pred shape: torch.Size([256, 256, 160]) | Label shape: torch.Size([256, 256, 160])
[2026-01-26 08:45:04,370] [DEBUG] [TEST] Batch 14 | Pred shape: torch.Size([256, 256, 160]) | Label shape: torch.Size([256, 256, 160])
[2026-01-26 08:45:04,425] [DEBUG] [TEST] Batch 15 | Pred shape: torch.Size([256, 256, 160]) | Label shape: torch.Size([256, 256, 160])
[2026-01-26 08:45:04,609] [DEBUG] [TEST] Batch 16 | Pred shape: torch.Size([256, 256, 160]) | Label shape: torch.Size([256, 256, 160])
[2026-01-26 08:45:09,507] [INFO] [FIT] Final model saved to: Revision2/Run_UNET_NonIID_SH_20260126/Client3/model_final.pth
[2026-01-26 08:46:11,210] [INFO] [COMM][CLIENT] Round=-1 Mode=SH UsedSparsity=0.6 UsedClusters=- BaselineBits=154016352.0 CompressedBits=161730153.4 CR=0.952
[2026-01-26 08:54:11,040] [INFO] [EVALUATE] Starting evaluation...
[2026-01-26 08:54:13,919] [INFO] [DEBUG] Loaded compressed decoded weights.
[2026-01-26 08:55:24,630] [INFO] Model initialized on device: cuda:0
[2026-01-26 08:55:24,630] [INFO] [CLIENT INIT] Mode=SH | Sparsity=ON (UsedSparsity=0.6) | Clusters=OFF (UsedClusters=-) | EnvSparsityCfg={'Conv': 0.6, 'Linear': 0.6, 'Bias': 0.0, 'BatchNorm': 0.0} | EnvNClusters=3
[2026-01-26 08:55:24,712] [INFO] Model initialized on device: cuda:0
[2026-01-26 08:55:24,712] [INFO] [CLIENT INIT] Mode=SH | Sparsity=ON (UsedSparsity=0.6) | Clusters=OFF (UsedClusters=-) | EnvSparsityCfg={'Conv': 0.6, 'Linear': 0.6, 'Bias': 0.0, 'BatchNorm': 0.0} | EnvNClusters=3
[2026-01-26 08:55:25,115] [INFO] Model initialized on device: cuda:0
[2026-01-26 08:55:25,115] [INFO] [CLIENT INIT] Mode=SH | Sparsity=ON (UsedSparsity=0.6) | Clusters=OFF (UsedClusters=-) | EnvSparsityCfg={'Conv': 0.6, 'Linear': 0.6, 'Bias': 0.0, 'BatchNorm': 0.0} | EnvNClusters=3
[2026-01-26 08:55:25,125] [INFO] Model initialized on device: cuda:0
[2026-01-26 08:55:25,126] [INFO] [CLIENT INIT] Mode=SH | Sparsity=ON (UsedSparsity=0.6) | Clusters=OFF (UsedClusters=-) | EnvSparsityCfg={'Conv': 0.6, 'Linear': 0.6, 'Bias': 0.0, 'BatchNorm': 0.0} | EnvNClusters=3
[2026-01-26 08:55:25,529] [INFO] Model initialized on device: cuda:0
[2026-01-26 08:55:25,529] [INFO] [CLIENT INIT] Mode=SH | Sparsity=ON (UsedSparsity=0.6) | Clusters=OFF (UsedClusters=-) | EnvSparsityCfg={'Conv': 0.6, 'Linear': 0.6, 'Bias': 0.0, 'BatchNorm': 0.0} | EnvNClusters=3
[2026-01-26 08:55:25,619] [INFO] Model initialized on device: cuda:0
[2026-01-26 08:55:25,620] [INFO] [CLIENT INIT] Mode=SH | Sparsity=ON (UsedSparsity=0.6) | Clusters=OFF (UsedClusters=-) | EnvSparsityCfg={'Conv': 0.6, 'Linear': 0.6, 'Bias': 0.0, 'BatchNorm': 0.0} | EnvNClusters=3
[2026-01-26 08:55:25,819] [INFO] Model initialized on device: cuda:0
[2026-01-26 08:55:25,819] [INFO] [CLIENT INIT] Mode=SH | Sparsity=ON (UsedSparsity=0.6) | Clusters=OFF (UsedClusters=-) | EnvSparsityCfg={'Conv': 0.6, 'Linear': 0.6, 'Bias': 0.0, 'BatchNorm': 0.0} | EnvNClusters=3
[2026-01-26 08:55:25,822] [INFO] Model initialized on device: cuda:0
[2026-01-26 08:55:25,823] [INFO] [CLIENT INIT] Mode=SH | Sparsity=ON (UsedSparsity=0.6) | Clusters=OFF (UsedClusters=-) | EnvSparsityCfg={'Conv': 0.6, 'Linear': 0.6, 'Bias': 0.0, 'BatchNorm': 0.0} | EnvNClusters=3
[2026-01-26 08:55:25,832] [INFO] Model initialized on device: cuda:0
[2026-01-26 08:55:25,833] [INFO] [CLIENT INIT] Mode=SH | Sparsity=ON (UsedSparsity=0.6) | Clusters=OFF (UsedClusters=-) | EnvSparsityCfg={'Conv': 0.6, 'Linear': 0.6, 'Bias': 0.0, 'BatchNorm': 0.0} | EnvNClusters=3
[2026-01-26 08:55:25,836] [INFO] Model initialized on device: cuda:0
[2026-01-26 08:55:25,836] [INFO] [CLIENT INIT] Mode=SH | Sparsity=ON (UsedSparsity=0.6) | Clusters=OFF (UsedClusters=-) | EnvSparsityCfg={'Conv': 0.6, 'Linear': 0.6, 'Bias': 0.0, 'BatchNorm': 0.0} | EnvNClusters=3
[2026-01-26 08:55:33,517] [DEBUG] [TEST] Batch 1 | Pred shape: torch.Size([256, 256, 160]) | Label shape: torch.Size([256, 256, 160])
[2026-01-26 08:55:33,639] [DEBUG] [TEST] Batch 2 | Pred shape: torch.Size([256, 256, 160]) | Label shape: torch.Size([256, 256, 160])
[2026-01-26 08:55:33,714] [DEBUG] [TEST] Batch 3 | Pred shape: torch.Size([256, 256, 160]) | Label shape: torch.Size([256, 256, 160])
[2026-01-26 08:55:35,134] [DEBUG] [TEST] Batch 4 | Pred shape: torch.Size([256, 256, 160]) | Label shape: torch.Size([256, 256, 160])
[2026-01-26 08:55:35,410] [DEBUG] [TEST] Batch 5 | Pred shape: torch.Size([256, 256, 160]) | Label shape: torch.Size([256, 256, 160])
[2026-01-26 08:55:35,628] [DEBUG] [TEST] Batch 6 | Pred shape: torch.Size([256, 256, 160]) | Label shape: torch.Size([256, 256, 160])
[2026-01-26 08:55:35,809] [DEBUG] [TEST] Batch 7 | Pred shape: torch.Size([256, 256, 160]) | Label shape: torch.Size([256, 256, 160])
[2026-01-26 08:55:36,009] [DEBUG] [TEST] Batch 8 | Pred shape: torch.Size([256, 256, 160]) | Label shape: torch.Size([256, 256, 160])
[2026-01-26 08:55:36,124] [DEBUG] [TEST] Batch 9 | Pred shape: torch.Size([256, 256, 160]) | Label shape: torch.Size([256, 256, 160])
[2026-01-26 08:55:36,347] [DEBUG] [TEST] Batch 10 | Pred shape: torch.Size([256, 256, 160]) | Label shape: torch.Size([256, 256, 160])
[2026-01-26 08:55:38,211] [DEBUG] [TEST] Batch 11 | Pred shape: torch.Size([256, 256, 160]) | Label shape: torch.Size([256, 256, 160])
[2026-01-26 08:55:38,314] [DEBUG] [TEST] Batch 12 | Pred shape: torch.Size([256, 256, 160]) | Label shape: torch.Size([256, 256, 160])
[2026-01-26 08:55:39,145] [DEBUG] [TEST] Batch 13 | Pred shape: torch.Size([256, 256, 160]) | Label shape: torch.Size([256, 256, 160])
[2026-01-26 08:55:39,448] [DEBUG] [TEST] Batch 14 | Pred shape: torch.Size([256, 256, 160]) | Label shape: torch.Size([256, 256, 160])
[2026-01-26 08:55:39,617] [DEBUG] [TEST] Batch 15 | Pred shape: torch.Size([256, 256, 160]) | Label shape: torch.Size([256, 256, 160])
[2026-01-26 08:55:39,810] [DEBUG] [TEST] Batch 16 | Pred shape: torch.Size([256, 256, 160]) | Label shape: torch.Size([256, 256, 160])
[2026-01-26 08:55:48,015] [INFO] [EVALUATE] Dice WT: 0.4115
[2026-01-26 08:56:01,964] [INFO] [FIT] Received parameters. Starting local training...
[2026-01-26 08:56:05,019] [INFO] [DEBUG] Loaded compressed decoded weights.
[2026-01-26 08:57:10,219] [INFO] Model initialized on device: cuda:0
[2026-01-26 08:57:10,219] [INFO] [CLIENT INIT] Mode=SH | Sparsity=ON (UsedSparsity=0.6) | Clusters=OFF (UsedClusters=-) | EnvSparsityCfg={'Conv': 0.6, 'Linear': 0.6, 'Bias': 0.0, 'BatchNorm': 0.0} | EnvNClusters=3
[2026-01-26 08:57:10,919] [INFO] Model initialized on device: cuda:0
[2026-01-26 08:57:10,919] [INFO] [CLIENT INIT] Mode=SH | Sparsity=ON (UsedSparsity=0.6) | Clusters=OFF (UsedClusters=-) | EnvSparsityCfg={'Conv': 0.6, 'Linear': 0.6, 'Bias': 0.0, 'BatchNorm': 0.0} | EnvNClusters=3
[2026-01-26 08:57:11,126] [INFO] Model initialized on device: cuda:0
[2026-01-26 08:57:11,126] [INFO] [CLIENT INIT] Mode=SH | Sparsity=ON (UsedSparsity=0.6) | Clusters=OFF (UsedClusters=-) | EnvSparsityCfg={'Conv': 0.6, 'Linear': 0.6, 'Bias': 0.0, 'BatchNorm': 0.0} | EnvNClusters=3
[2026-01-26 08:57:11,319] [INFO] Model initialized on device: cuda:0
[2026-01-26 08:57:11,319] [INFO] [CLIENT INIT] Mode=SH | Sparsity=ON (UsedSparsity=0.6) | Clusters=OFF (UsedClusters=-) | EnvSparsityCfg={'Conv': 0.6, 'Linear': 0.6, 'Bias': 0.0, 'BatchNorm': 0.0} | EnvNClusters=3
[2026-01-26 08:57:11,415] [INFO] Model initialized on device: cuda:0
[2026-01-26 08:57:11,415] [INFO] [CLIENT INIT] Mode=SH | Sparsity=ON (UsedSparsity=0.6) | Clusters=OFF (UsedClusters=-) | EnvSparsityCfg={'Conv': 0.6, 'Linear': 0.6, 'Bias': 0.0, 'BatchNorm': 0.0} | EnvNClusters=3
[2026-01-26 08:57:11,418] [INFO] Model initialized on device: cuda:0
[2026-01-26 08:57:11,418] [INFO] Model initialized on device: cuda:0
[2026-01-26 08:57:11,418] [INFO] [CLIENT INIT] Mode=SH | Sparsity=ON (UsedSparsity=0.6) | Clusters=OFF (UsedClusters=-) | EnvSparsityCfg={'Conv': 0.6, 'Linear': 0.6, 'Bias': 0.0, 'BatchNorm': 0.0} | EnvNClusters=3
[2026-01-26 08:57:11,418] [INFO] [CLIENT INIT] Mode=SH | Sparsity=ON (UsedSparsity=0.6) | Clusters=OFF (UsedClusters=-) | EnvSparsityCfg={'Conv': 0.6, 'Linear': 0.6, 'Bias': 0.0, 'BatchNorm': 0.0} | EnvNClusters=3
[2026-01-26 08:57:11,421] [INFO] Model initialized on device: cuda:0
[2026-01-26 08:57:11,421] [INFO] [CLIENT INIT] Mode=SH | Sparsity=ON (UsedSparsity=0.6) | Clusters=OFF (UsedClusters=-) | EnvSparsityCfg={'Conv': 0.6, 'Linear': 0.6, 'Bias': 0.0, 'BatchNorm': 0.0} | EnvNClusters=3
[2026-01-26 08:57:11,431] [INFO] Model initialized on device: cuda:0
[2026-01-26 08:57:11,431] [INFO] [CLIENT INIT] Mode=SH | Sparsity=ON (UsedSparsity=0.6) | Clusters=OFF (UsedClusters=-) | EnvSparsityCfg={'Conv': 0.6, 'Linear': 0.6, 'Bias': 0.0, 'BatchNorm': 0.0} | EnvNClusters=3
[2026-01-26 08:57:11,431] [INFO] Model initialized on device: cuda:0
[2026-01-26 08:57:11,432] [INFO] [CLIENT INIT] Mode=SH | Sparsity=ON (UsedSparsity=0.6) | Clusters=OFF (UsedClusters=-) | EnvSparsityCfg={'Conv': 0.6, 'Linear': 0.6, 'Bias': 0.0, 'BatchNorm': 0.0} | EnvNClusters=3
[2026-01-26 08:59:03,515] [INFO] [TRAIN] Epoch 1 Loss: 0.7961
[2026-01-26 08:59:52,022] [INFO] Model initialized on device: cuda:0
[2026-01-26 08:59:52,022] [INFO] [CLIENT INIT] Mode=SH | Sparsity=ON (UsedSparsity=0.6) | Clusters=OFF (UsedClusters=-) | EnvSparsityCfg={'Conv': 0.6, 'Linear': 0.6, 'Bias': 0.0, 'BatchNorm': 0.0} | EnvNClusters=3
[2026-01-26 08:59:52,116] [INFO] Model initialized on device: cuda:0
[2026-01-26 08:59:52,116] [INFO] [CLIENT INIT] Mode=SH | Sparsity=ON (UsedSparsity=0.6) | Clusters=OFF (UsedClusters=-) | EnvSparsityCfg={'Conv': 0.6, 'Linear': 0.6, 'Bias': 0.0, 'BatchNorm': 0.0} | EnvNClusters=3
[2026-01-26 08:59:52,439] [INFO] Model initialized on device: cuda:0
[2026-01-26 08:59:52,439] [INFO] [CLIENT INIT] Mode=SH | Sparsity=ON (UsedSparsity=0.6) | Clusters=OFF (UsedClusters=-) | EnvSparsityCfg={'Conv': 0.6, 'Linear': 0.6, 'Bias': 0.0, 'BatchNorm': 0.0} | EnvNClusters=3
[2026-01-26 08:59:52,715] [INFO] Model initialized on device: cuda:0
[2026-01-26 08:59:52,715] [INFO] [CLIENT INIT] Mode=SH | Sparsity=ON (UsedSparsity=0.6) | Clusters=OFF (UsedClusters=-) | EnvSparsityCfg={'Conv': 0.6, 'Linear': 0.6, 'Bias': 0.0, 'BatchNorm': 0.0} | EnvNClusters=3
[2026-01-26 08:59:52,722] [INFO] Model initialized on device: cuda:0
[2026-01-26 08:59:52,722] [INFO] [CLIENT INIT] Mode=SH | Sparsity=ON (UsedSparsity=0.6) | Clusters=OFF (UsedClusters=-) | EnvSparsityCfg={'Conv': 0.6, 'Linear': 0.6, 'Bias': 0.0, 'BatchNorm': 0.0} | EnvNClusters=3
[2026-01-26 08:59:52,912] [INFO] Model initialized on device: cuda:0
[2026-01-26 08:59:52,912] [INFO] [CLIENT INIT] Mode=SH | Sparsity=ON (UsedSparsity=0.6) | Clusters=OFF (UsedClusters=-) | EnvSparsityCfg={'Conv': 0.6, 'Linear': 0.6, 'Bias': 0.0, 'BatchNorm': 0.0} | EnvNClusters=3
[2026-01-26 08:59:52,925] [INFO] Model initialized on device: cuda:0
[2026-01-26 08:59:52,925] [INFO] [CLIENT INIT] Mode=SH | Sparsity=ON (UsedSparsity=0.6) | Clusters=OFF (UsedClusters=-) | EnvSparsityCfg={'Conv': 0.6, 'Linear': 0.6, 'Bias': 0.0, 'BatchNorm': 0.0} | EnvNClusters=3
[2026-01-26 08:59:52,931] [INFO] Model initialized on device: cuda:0
[2026-01-26 08:59:52,931] [INFO] [CLIENT INIT] Mode=SH | Sparsity=ON (UsedSparsity=0.6) | Clusters=OFF (UsedClusters=-) | EnvSparsityCfg={'Conv': 0.6, 'Linear': 0.6, 'Bias': 0.0, 'BatchNorm': 0.0} | EnvNClusters=3
[2026-01-26 08:59:53,119] [INFO] Model initialized on device: cuda:0
[2026-01-26 08:59:53,119] [INFO] [CLIENT INIT] Mode=SH | Sparsity=ON (UsedSparsity=0.6) | Clusters=OFF (UsedClusters=-) | EnvSparsityCfg={'Conv': 0.6, 'Linear': 0.6, 'Bias': 0.0, 'BatchNorm': 0.0} | EnvNClusters=3
[2026-01-26 08:59:53,131] [INFO] Model initialized on device: cuda:0
[2026-01-26 08:59:53,131] [INFO] [CLIENT INIT] Mode=SH | Sparsity=ON (UsedSparsity=0.6) | Clusters=OFF (UsedClusters=-) | EnvSparsityCfg={'Conv': 0.6, 'Linear': 0.6, 'Bias': 0.0, 'BatchNorm': 0.0} | EnvNClusters=3
[2026-01-26 09:01:37,915] [INFO] [TRAIN] Epoch 2 Loss: 0.7590
[2026-01-26 09:02:23,722] [INFO] Model initialized on device: cuda:0
[2026-01-26 09:02:23,723] [INFO] [CLIENT INIT] Mode=SH | Sparsity=ON (UsedSparsity=0.6) | Clusters=OFF (UsedClusters=-) | EnvSparsityCfg={'Conv': 0.6, 'Linear': 0.6, 'Bias': 0.0, 'BatchNorm': 0.0} | EnvNClusters=3
[2026-01-26 09:02:23,926] [INFO] Model initialized on device: cuda:0
[2026-01-26 09:02:23,926] [INFO] [CLIENT INIT] Mode=SH | Sparsity=ON (UsedSparsity=0.6) | Clusters=OFF (UsedClusters=-) | EnvSparsityCfg={'Conv': 0.6, 'Linear': 0.6, 'Bias': 0.0, 'BatchNorm': 0.0} | EnvNClusters=3
[2026-01-26 09:02:24,029] [INFO] Model initialized on device: cuda:0
[2026-01-26 09:02:24,029] [INFO] [CLIENT INIT] Mode=SH | Sparsity=ON (UsedSparsity=0.6) | Clusters=OFF (UsedClusters=-) | EnvSparsityCfg={'Conv': 0.6, 'Linear': 0.6, 'Bias': 0.0, 'BatchNorm': 0.0} | EnvNClusters=3
[2026-01-26 09:02:24,511] [INFO] Model initialized on device: cuda:0
[2026-01-26 09:02:24,511] [INFO] [CLIENT INIT] Mode=SH | Sparsity=ON (UsedSparsity=0.6) | Clusters=OFF (UsedClusters=-) | EnvSparsityCfg={'Conv': 0.6, 'Linear': 0.6, 'Bias': 0.0, 'BatchNorm': 0.0} | EnvNClusters=3
[2026-01-26 09:02:24,611] [INFO] Model initialized on device: cuda:0
[2026-01-26 09:02:24,611] [INFO] [CLIENT INIT] Mode=SH | Sparsity=ON (UsedSparsity=0.6) | Clusters=OFF (UsedClusters=-) | EnvSparsityCfg={'Conv': 0.6, 'Linear': 0.6, 'Bias': 0.0, 'BatchNorm': 0.0} | EnvNClusters=3
[2026-01-26 09:02:24,716] [INFO] Model initialized on device: cuda:0
[2026-01-26 09:02:24,716] [INFO] [CLIENT INIT] Mode=SH | Sparsity=ON (UsedSparsity=0.6) | Clusters=OFF (UsedClusters=-) | EnvSparsityCfg={'Conv': 0.6, 'Linear': 0.6, 'Bias': 0.0, 'BatchNorm': 0.0} | EnvNClusters=3
[2026-01-26 09:02:24,741] [INFO] Model initialized on device: cuda:0
[2026-01-26 09:02:24,741] [INFO] [CLIENT INIT] Mode=SH | Sparsity=ON (UsedSparsity=0.6) | Clusters=OFF (UsedClusters=-) | EnvSparsityCfg={'Conv': 0.6, 'Linear': 0.6, 'Bias': 0.0, 'BatchNorm': 0.0} | EnvNClusters=3
[2026-01-26 09:02:24,815] [INFO] Model initialized on device: cuda:0
[2026-01-26 09:02:24,815] [INFO] Model initialized on device: cuda:0
[2026-01-26 09:02:24,815] [INFO] [CLIENT INIT] Mode=SH | Sparsity=ON (UsedSparsity=0.6) | Clusters=OFF (UsedClusters=-) | EnvSparsityCfg={'Conv': 0.6, 'Linear': 0.6, 'Bias': 0.0, 'BatchNorm': 0.0} | EnvNClusters=3
[2026-01-26 09:02:24,816] [INFO] [CLIENT INIT] Mode=SH | Sparsity=ON (UsedSparsity=0.6) | Clusters=OFF (UsedClusters=-) | EnvSparsityCfg={'Conv': 0.6, 'Linear': 0.6, 'Bias': 0.0, 'BatchNorm': 0.0} | EnvNClusters=3
[2026-01-26 09:02:24,818] [INFO] Model initialized on device: cuda:0
[2026-01-26 09:02:24,818] [INFO] [CLIENT INIT] Mode=SH | Sparsity=ON (UsedSparsity=0.6) | Clusters=OFF (UsedClusters=-) | EnvSparsityCfg={'Conv': 0.6, 'Linear': 0.6, 'Bias': 0.0, 'BatchNorm': 0.0} | EnvNClusters=3
[2026-01-26 09:04:11,446] [INFO] [TRAIN] Epoch 3 Loss: 0.7323
[2026-01-26 09:04:57,518] [INFO] Model initialized on device: cuda:0
[2026-01-26 09:04:57,519] [INFO] [CLIENT INIT] Mode=SH | Sparsity=ON (UsedSparsity=0.6) | Clusters=OFF (UsedClusters=-) | EnvSparsityCfg={'Conv': 0.6, 'Linear': 0.6, 'Bias': 0.0, 'BatchNorm': 0.0} | EnvNClusters=3
[2026-01-26 09:04:58,919] [INFO] Model initialized on device: cuda:0
[2026-01-26 09:04:58,919] [INFO] [CLIENT INIT] Mode=SH | Sparsity=ON (UsedSparsity=0.6) | Clusters=OFF (UsedClusters=-) | EnvSparsityCfg={'Conv': 0.6, 'Linear': 0.6, 'Bias': 0.0, 'BatchNorm': 0.0} | EnvNClusters=3
[2026-01-26 09:04:59,243] [INFO] Model initialized on device: cuda:0
[2026-01-26 09:04:59,244] [INFO] [CLIENT INIT] Mode=SH | Sparsity=ON (UsedSparsity=0.6) | Clusters=OFF (UsedClusters=-) | EnvSparsityCfg={'Conv': 0.6, 'Linear': 0.6, 'Bias': 0.0, 'BatchNorm': 0.0} | EnvNClusters=3
[2026-01-26 09:04:59,347] [INFO] Model initialized on device: cuda:0
[2026-01-26 09:04:59,347] [INFO] [CLIENT INIT] Mode=SH | Sparsity=ON (UsedSparsity=0.6) | Clusters=OFF (UsedClusters=-) | EnvSparsityCfg={'Conv': 0.6, 'Linear': 0.6, 'Bias': 0.0, 'BatchNorm': 0.0} | EnvNClusters=3
[2026-01-26 09:04:59,826] [INFO] Model initialized on device: cuda:0
[2026-01-26 09:04:59,826] [INFO] [CLIENT INIT] Mode=SH | Sparsity=ON (UsedSparsity=0.6) | Clusters=OFF (UsedClusters=-) | EnvSparsityCfg={'Conv': 0.6, 'Linear': 0.6, 'Bias': 0.0, 'BatchNorm': 0.0} | EnvNClusters=3
[2026-01-26 09:04:59,918] [INFO] Model initialized on device: cuda:0
[2026-01-26 09:04:59,919] [INFO] [CLIENT INIT] Mode=SH | Sparsity=ON (UsedSparsity=0.6) | Clusters=OFF (UsedClusters=-) | EnvSparsityCfg={'Conv': 0.6, 'Linear': 0.6, 'Bias': 0.0, 'BatchNorm': 0.0} | EnvNClusters=3
[2026-01-26 09:05:00,117] [INFO] Model initialized on device: cuda:0
[2026-01-26 09:05:00,117] [INFO] [CLIENT INIT] Mode=SH | Sparsity=ON (UsedSparsity=0.6) | Clusters=OFF (UsedClusters=-) | EnvSparsityCfg={'Conv': 0.6, 'Linear': 0.6, 'Bias': 0.0, 'BatchNorm': 0.0} | EnvNClusters=3
[2026-01-26 09:05:00,332] [INFO] Model initialized on device: cuda:0
[2026-01-26 09:05:00,332] [INFO] [CLIENT INIT] Mode=SH | Sparsity=ON (UsedSparsity=0.6) | Clusters=OFF (UsedClusters=-) | EnvSparsityCfg={'Conv': 0.6, 'Linear': 0.6, 'Bias': 0.0, 'BatchNorm': 0.0} | EnvNClusters=3
[2026-01-26 09:05:00,414] [INFO] Model initialized on device: cuda:0
[2026-01-26 09:05:00,414] [INFO] [CLIENT INIT] Mode=SH | Sparsity=ON (UsedSparsity=0.6) | Clusters=OFF (UsedClusters=-) | EnvSparsityCfg={'Conv': 0.6, 'Linear': 0.6, 'Bias': 0.0, 'BatchNorm': 0.0} | EnvNClusters=3
[2026-01-26 09:05:00,415] [INFO] Model initialized on device: cuda:0
[2026-01-26 09:05:00,416] [INFO] [CLIENT INIT] Mode=SH | Sparsity=ON (UsedSparsity=0.6) | Clusters=OFF (UsedClusters=-) | EnvSparsityCfg={'Conv': 0.6, 'Linear': 0.6, 'Bias': 0.0, 'BatchNorm': 0.0} | EnvNClusters=3
[2026-01-26 09:06:48,317] [INFO] [TRAIN] Epoch 4 Loss: 0.7030
[2026-01-26 09:07:39,715] [INFO] Model initialized on device: cuda:0
[2026-01-26 09:07:39,715] [INFO] [CLIENT INIT] Mode=SH | Sparsity=ON (UsedSparsity=0.6) | Clusters=OFF (UsedClusters=-) | EnvSparsityCfg={'Conv': 0.6, 'Linear': 0.6, 'Bias': 0.0, 'BatchNorm': 0.0} | EnvNClusters=3
[2026-01-26 09:07:39,716] [INFO] Model initialized on device: cuda:0
[2026-01-26 09:07:39,717] [INFO] [CLIENT INIT] Mode=SH | Sparsity=ON (UsedSparsity=0.6) | Clusters=OFF (UsedClusters=-) | EnvSparsityCfg={'Conv': 0.6, 'Linear': 0.6, 'Bias': 0.0, 'BatchNorm': 0.0} | EnvNClusters=3
[2026-01-26 09:07:39,913] [INFO] Model initialized on device: cuda:0
[2026-01-26 09:07:39,913] [INFO] [CLIENT INIT] Mode=SH | Sparsity=ON (UsedSparsity=0.6) | Clusters=OFF (UsedClusters=-) | EnvSparsityCfg={'Conv': 0.6, 'Linear': 0.6, 'Bias': 0.0, 'BatchNorm': 0.0} | EnvNClusters=3
[2026-01-26 09:07:40,014] [INFO] Model initialized on device: cuda:0
[2026-01-26 09:07:40,014] [INFO] [CLIENT INIT] Mode=SH | Sparsity=ON (UsedSparsity=0.6) | Clusters=OFF (UsedClusters=-) | EnvSparsityCfg={'Conv': 0.6, 'Linear': 0.6, 'Bias': 0.0, 'BatchNorm': 0.0} | EnvNClusters=3
[2026-01-26 09:07:40,018] [INFO] Model initialized on device: cuda:0
[2026-01-26 09:07:40,018] [INFO] [CLIENT INIT] Mode=SH | Sparsity=ON (UsedSparsity=0.6) | Clusters=OFF (UsedClusters=-) | EnvSparsityCfg={'Conv': 0.6, 'Linear': 0.6, 'Bias': 0.0, 'BatchNorm': 0.0} | EnvNClusters=3
[2026-01-26 09:07:40,321] [INFO] Model initialized on device: cuda:0
[2026-01-26 09:07:40,322] [INFO] [CLIENT INIT] Mode=SH | Sparsity=ON (UsedSparsity=0.6) | Clusters=OFF (UsedClusters=-) | EnvSparsityCfg={'Conv': 0.6, 'Linear': 0.6, 'Bias': 0.0, 'BatchNorm': 0.0} | EnvNClusters=3
[2026-01-26 09:07:40,322] [INFO] Model initialized on device: cuda:0
[2026-01-26 09:07:40,322] [INFO] [CLIENT INIT] Mode=SH | Sparsity=ON (UsedSparsity=0.6) | Clusters=OFF (UsedClusters=-) | EnvSparsityCfg={'Conv': 0.6, 'Linear': 0.6, 'Bias': 0.0, 'BatchNorm': 0.0} | EnvNClusters=3
[2026-01-26 09:07:40,325] [INFO] Model initialized on device: cuda:0
[2026-01-26 09:07:40,325] [INFO] [CLIENT INIT] Mode=SH | Sparsity=ON (UsedSparsity=0.6) | Clusters=OFF (UsedClusters=-) | EnvSparsityCfg={'Conv': 0.6, 'Linear': 0.6, 'Bias': 0.0, 'BatchNorm': 0.0} | EnvNClusters=3
[2026-01-26 09:07:40,328] [INFO] Model initialized on device: cuda:0
[2026-01-26 09:07:40,328] [INFO] [CLIENT INIT] Mode=SH | Sparsity=ON (UsedSparsity=0.6) | Clusters=OFF (UsedClusters=-) | EnvSparsityCfg={'Conv': 0.6, 'Linear': 0.6, 'Bias': 0.0, 'BatchNorm': 0.0} | EnvNClusters=3
[2026-01-26 09:07:40,338] [INFO] Model initialized on device: cuda:0
[2026-01-26 09:07:40,338] [INFO] [CLIENT INIT] Mode=SH | Sparsity=ON (UsedSparsity=0.6) | Clusters=OFF (UsedClusters=-) | EnvSparsityCfg={'Conv': 0.6, 'Linear': 0.6, 'Bias': 0.0, 'BatchNorm': 0.0} | EnvNClusters=3
[2026-01-26 09:09:32,010] [INFO] [TRAIN] Epoch 5 Loss: 0.6730
[2026-01-26 09:09:32,011] [INFO] [FIT] Local training finished. Avg Loss: 0.7327
[2026-01-26 09:10:10,834] [INFO] Model initialized on device: cuda:0
[2026-01-26 09:10:10,834] [INFO] [CLIENT INIT] Mode=SH | Sparsity=ON (UsedSparsity=0.6) | Clusters=OFF (UsedClusters=-) | EnvSparsityCfg={'Conv': 0.6, 'Linear': 0.6, 'Bias': 0.0, 'BatchNorm': 0.0} | EnvNClusters=3
[2026-01-26 09:10:14,138] [INFO] Model initialized on device: cuda:0
[2026-01-26 09:10:14,138] [INFO] [CLIENT INIT] Mode=SH | Sparsity=ON (UsedSparsity=0.6) | Clusters=OFF (UsedClusters=-) | EnvSparsityCfg={'Conv': 0.6, 'Linear': 0.6, 'Bias': 0.0, 'BatchNorm': 0.0} | EnvNClusters=3
[2026-01-26 09:10:15,237] [INFO] Model initialized on device: cuda:0
[2026-01-26 09:10:15,237] [INFO] [CLIENT INIT] Mode=SH | Sparsity=ON (UsedSparsity=0.6) | Clusters=OFF (UsedClusters=-) | EnvSparsityCfg={'Conv': 0.6, 'Linear': 0.6, 'Bias': 0.0, 'BatchNorm': 0.0} | EnvNClusters=3
[2026-01-26 09:10:15,415] [INFO] Model initialized on device: cuda:0
[2026-01-26 09:10:15,416] [INFO] [CLIENT INIT] Mode=SH | Sparsity=ON (UsedSparsity=0.6) | Clusters=OFF (UsedClusters=-) | EnvSparsityCfg={'Conv': 0.6, 'Linear': 0.6, 'Bias': 0.0, 'BatchNorm': 0.0} | EnvNClusters=3
[2026-01-26 09:10:15,433] [INFO] Model initialized on device: cuda:0
[2026-01-26 09:10:15,433] [INFO] [CLIENT INIT] Mode=SH | Sparsity=ON (UsedSparsity=0.6) | Clusters=OFF (UsedClusters=-) | EnvSparsityCfg={'Conv': 0.6, 'Linear': 0.6, 'Bias': 0.0, 'BatchNorm': 0.0} | EnvNClusters=3
[2026-01-26 09:10:15,437] [INFO] Model initialized on device: cuda:0
[2026-01-26 09:10:15,437] [INFO] [CLIENT INIT] Mode=SH | Sparsity=ON (UsedSparsity=0.6) | Clusters=OFF (UsedClusters=-) | EnvSparsityCfg={'Conv': 0.6, 'Linear': 0.6, 'Bias': 0.0, 'BatchNorm': 0.0} | EnvNClusters=3
[2026-01-26 09:10:15,443] [INFO] Model initialized on device: cuda:0
[2026-01-26 09:10:15,443] [INFO] [CLIENT INIT] Mode=SH | Sparsity=ON (UsedSparsity=0.6) | Clusters=OFF (UsedClusters=-) | EnvSparsityCfg={'Conv': 0.6, 'Linear': 0.6, 'Bias': 0.0, 'BatchNorm': 0.0} | EnvNClusters=3
[2026-01-26 09:10:15,513] [INFO] Model initialized on device: cuda:0
[2026-01-26 09:10:15,513] [INFO] [CLIENT INIT] Mode=SH | Sparsity=ON (UsedSparsity=0.6) | Clusters=OFF (UsedClusters=-) | EnvSparsityCfg={'Conv': 0.6, 'Linear': 0.6, 'Bias': 0.0, 'BatchNorm': 0.0} | EnvNClusters=3
[2026-01-26 09:10:15,519] [INFO] Model initialized on device: cuda:0
[2026-01-26 09:10:15,520] [INFO] [CLIENT INIT] Mode=SH | Sparsity=ON (UsedSparsity=0.6) | Clusters=OFF (UsedClusters=-) | EnvSparsityCfg={'Conv': 0.6, 'Linear': 0.6, 'Bias': 0.0, 'BatchNorm': 0.0} | EnvNClusters=3
[2026-01-26 09:10:15,524] [INFO] Model initialized on device: cuda:0
[2026-01-26 09:10:15,524] [INFO] [CLIENT INIT] Mode=SH | Sparsity=ON (UsedSparsity=0.6) | Clusters=OFF (UsedClusters=-) | EnvSparsityCfg={'Conv': 0.6, 'Linear': 0.6, 'Bias': 0.0, 'BatchNorm': 0.0} | EnvNClusters=3
[2026-01-26 09:10:20,221] [DEBUG] [TEST] Batch 1 | Pred shape: torch.Size([256, 256, 160]) | Label shape: torch.Size([256, 256, 160])
[2026-01-26 09:10:21,717] [DEBUG] [TEST] Batch 2 | Pred shape: torch.Size([256, 256, 160]) | Label shape: torch.Size([256, 256, 160])
[2026-01-26 09:10:23,010] [DEBUG] [TEST] Batch 3 | Pred shape: torch.Size([256, 256, 160]) | Label shape: torch.Size([256, 256, 160])
[2026-01-26 09:10:23,211] [DEBUG] [TEST] Batch 4 | Pred shape: torch.Size([256, 256, 160]) | Label shape: torch.Size([256, 256, 160])
[2026-01-26 09:10:23,411] [DEBUG] [TEST] Batch 5 | Pred shape: torch.Size([256, 256, 160]) | Label shape: torch.Size([256, 256, 160])
[2026-01-26 09:10:23,622] [DEBUG] [TEST] Batch 6 | Pred shape: torch.Size([256, 256, 160]) | Label shape: torch.Size([256, 256, 160])
[2026-01-26 09:10:23,920] [DEBUG] [TEST] Batch 7 | Pred shape: torch.Size([256, 256, 160]) | Label shape: torch.Size([256, 256, 160])
[2026-01-26 09:10:24,118] [DEBUG] [TEST] Batch 8 | Pred shape: torch.Size([256, 256, 160]) | Label shape: torch.Size([256, 256, 160])
[2026-01-26 09:10:24,311] [DEBUG] [TEST] Batch 9 | Pred shape: torch.Size([256, 256, 160]) | Label shape: torch.Size([256, 256, 160])
[2026-01-26 09:10:24,511] [DEBUG] [TEST] Batch 10 | Pred shape: torch.Size([256, 256, 160]) | Label shape: torch.Size([256, 256, 160])
[2026-01-26 09:10:25,415] [DEBUG] [TEST] Batch 11 | Pred shape: torch.Size([256, 256, 160]) | Label shape: torch.Size([256, 256, 160])
[2026-01-26 09:10:26,816] [DEBUG] [TEST] Batch 12 | Pred shape: torch.Size([256, 256, 160]) | Label shape: torch.Size([256, 256, 160])
[2026-01-26 09:10:27,514] [DEBUG] [TEST] Batch 13 | Pred shape: torch.Size([256, 256, 160]) | Label shape: torch.Size([256, 256, 160])
[2026-01-26 09:10:27,610] [DEBUG] [TEST] Batch 14 | Pred shape: torch.Size([256, 256, 160]) | Label shape: torch.Size([256, 256, 160])
[2026-01-26 09:10:27,668] [DEBUG] [TEST] Batch 15 | Pred shape: torch.Size([256, 256, 160]) | Label shape: torch.Size([256, 256, 160])
[2026-01-26 09:10:27,842] [DEBUG] [TEST] Batch 16 | Pred shape: torch.Size([256, 256, 160]) | Label shape: torch.Size([256, 256, 160])
[2026-01-26 09:10:34,507] [INFO] [FIT] Final model saved to: Revision2/Run_UNET_NonIID_SH_20260126/Client3/model_final.pth
[2026-01-26 09:11:43,177] [INFO] [COMM][CLIENT] Round=-1 Mode=SH UsedSparsity=0.6 UsedClusters=- BaselineBits=154016352.0 CompressedBits=163740186.0 CR=0.941
[2026-01-26 09:20:04,724] [INFO] [EVALUATE] Starting evaluation...
[2026-01-26 09:20:06,829] [INFO] [DEBUG] Loaded compressed decoded weights.
[2026-01-26 09:21:00,936] [INFO] Model initialized on device: cuda:0
[2026-01-26 09:21:00,936] [INFO] [CLIENT INIT] Mode=SH | Sparsity=ON (UsedSparsity=0.6) | Clusters=OFF (UsedClusters=-) | EnvSparsityCfg={'Conv': 0.6, 'Linear': 0.6, 'Bias': 0.0, 'BatchNorm': 0.0} | EnvNClusters=3
[2026-01-26 09:21:01,218] [INFO] Model initialized on device: cuda:0
[2026-01-26 09:21:01,218] [INFO] [CLIENT INIT] Mode=SH | Sparsity=ON (UsedSparsity=0.6) | Clusters=OFF (UsedClusters=-) | EnvSparsityCfg={'Conv': 0.6, 'Linear': 0.6, 'Bias': 0.0, 'BatchNorm': 0.0} | EnvNClusters=3
[2026-01-26 09:21:01,238] [INFO] Model initialized on device: cuda:0
[2026-01-26 09:21:01,238] [INFO] [CLIENT INIT] Mode=SH | Sparsity=ON (UsedSparsity=0.6) | Clusters=OFF (UsedClusters=-) | EnvSparsityCfg={'Conv': 0.6, 'Linear': 0.6, 'Bias': 0.0, 'BatchNorm': 0.0} | EnvNClusters=3
[2026-01-26 09:21:01,312] [INFO] Model initialized on device: cuda:0
[2026-01-26 09:21:01,312] [INFO] [CLIENT INIT] Mode=SH | Sparsity=ON (UsedSparsity=0.6) | Clusters=OFF (UsedClusters=-) | EnvSparsityCfg={'Conv': 0.6, 'Linear': 0.6, 'Bias': 0.0, 'BatchNorm': 0.0} | EnvNClusters=3
[2026-01-26 09:21:01,520] [INFO] Model initialized on device: cuda:0
[2026-01-26 09:21:01,521] [INFO] [CLIENT INIT] Mode=SH | Sparsity=ON (UsedSparsity=0.6) | Clusters=OFF (UsedClusters=-) | EnvSparsityCfg={'Conv': 0.6, 'Linear': 0.6, 'Bias': 0.0, 'BatchNorm': 0.0} | EnvNClusters=3
[2026-01-26 09:21:01,583] [INFO] Model initialized on device: cuda:0
[2026-01-26 09:21:01,583] [INFO] [CLIENT INIT] Mode=SH | Sparsity=ON (UsedSparsity=0.6) | Clusters=OFF (UsedClusters=-) | EnvSparsityCfg={'Conv': 0.6, 'Linear': 0.6, 'Bias': 0.0, 'BatchNorm': 0.0} | EnvNClusters=3
[2026-01-26 09:21:01,623] [INFO] Model initialized on device: cuda:0
[2026-01-26 09:21:01,623] [INFO] [CLIENT INIT] Mode=SH | Sparsity=ON (UsedSparsity=0.6) | Clusters=OFF (UsedClusters=-) | EnvSparsityCfg={'Conv': 0.6, 'Linear': 0.6, 'Bias': 0.0, 'BatchNorm': 0.0} | EnvNClusters=3
[2026-01-26 09:21:01,649] [INFO] Model initialized on device: cuda:0
[2026-01-26 09:21:01,649] [INFO] [CLIENT INIT] Mode=SH | Sparsity=ON (UsedSparsity=0.6) | Clusters=OFF (UsedClusters=-) | EnvSparsityCfg={'Conv': 0.6, 'Linear': 0.6, 'Bias': 0.0, 'BatchNorm': 0.0} | EnvNClusters=3
[2026-01-26 09:21:01,843] [INFO] Model initialized on device: cuda:0
[2026-01-26 09:21:01,843] [INFO] [CLIENT INIT] Mode=SH | Sparsity=ON (UsedSparsity=0.6) | Clusters=OFF (UsedClusters=-) | EnvSparsityCfg={'Conv': 0.6, 'Linear': 0.6, 'Bias': 0.0, 'BatchNorm': 0.0} | EnvNClusters=3
[2026-01-26 09:21:01,888] [INFO] Model initialized on device: cuda:0
[2026-01-26 09:21:01,888] [INFO] [CLIENT INIT] Mode=SH | Sparsity=ON (UsedSparsity=0.6) | Clusters=OFF (UsedClusters=-) | EnvSparsityCfg={'Conv': 0.6, 'Linear': 0.6, 'Bias': 0.0, 'BatchNorm': 0.0} | EnvNClusters=3
[2026-01-26 09:21:06,221] [DEBUG] [TEST] Batch 1 | Pred shape: torch.Size([256, 256, 160]) | Label shape: torch.Size([256, 256, 160])
[2026-01-26 09:21:06,327] [DEBUG] [TEST] Batch 2 | Pred shape: torch.Size([256, 256, 160]) | Label shape: torch.Size([256, 256, 160])
[2026-01-26 09:21:06,412] [DEBUG] [TEST] Batch 3 | Pred shape: torch.Size([256, 256, 160]) | Label shape: torch.Size([256, 256, 160])
[2026-01-26 09:21:06,652] [DEBUG] [TEST] Batch 4 | Pred shape: torch.Size([256, 256, 160]) | Label shape: torch.Size([256, 256, 160])
[2026-01-26 09:21:06,713] [DEBUG] [TEST] Batch 5 | Pred shape: torch.Size([256, 256, 160]) | Label shape: torch.Size([256, 256, 160])
[2026-01-26 09:21:06,812] [DEBUG] [TEST] Batch 6 | Pred shape: torch.Size([256, 256, 160]) | Label shape: torch.Size([256, 256, 160])
[2026-01-26 09:21:06,869] [DEBUG] [TEST] Batch 7 | Pred shape: torch.Size([256, 256, 160]) | Label shape: torch.Size([256, 256, 160])
[2026-01-26 09:21:06,961] [DEBUG] [TEST] Batch 8 | Pred shape: torch.Size([256, 256, 160]) | Label shape: torch.Size([256, 256, 160])
[2026-01-26 09:21:07,046] [DEBUG] [TEST] Batch 9 | Pred shape: torch.Size([256, 256, 160]) | Label shape: torch.Size([256, 256, 160])
[2026-01-26 09:21:07,114] [DEBUG] [TEST] Batch 10 | Pred shape: torch.Size([256, 256, 160]) | Label shape: torch.Size([256, 256, 160])
[2026-01-26 09:21:09,729] [DEBUG] [TEST] Batch 11 | Pred shape: torch.Size([256, 256, 160]) | Label shape: torch.Size([256, 256, 160])
[2026-01-26 09:21:09,811] [DEBUG] [TEST] Batch 12 | Pred shape: torch.Size([256, 256, 160]) | Label shape: torch.Size([256, 256, 160])
[2026-01-26 09:21:09,870] [DEBUG] [TEST] Batch 13 | Pred shape: torch.Size([256, 256, 160]) | Label shape: torch.Size([256, 256, 160])
[2026-01-26 09:21:09,978] [DEBUG] [TEST] Batch 14 | Pred shape: torch.Size([256, 256, 160]) | Label shape: torch.Size([256, 256, 160])
[2026-01-26 09:21:10,138] [DEBUG] [TEST] Batch 15 | Pred shape: torch.Size([256, 256, 160]) | Label shape: torch.Size([256, 256, 160])
[2026-01-26 09:21:10,214] [DEBUG] [TEST] Batch 16 | Pred shape: torch.Size([256, 256, 160]) | Label shape: torch.Size([256, 256, 160])
[2026-01-26 09:21:16,362] [INFO] [EVALUATE] Dice WT: 0.9286
[2026-01-26 09:21:47,611] [INFO] [FIT] Received parameters. Starting local training...
[2026-01-26 09:21:51,515] [INFO] [DEBUG] Loaded compressed decoded weights.
[2026-01-26 09:22:45,693] [INFO] Model initialized on device: cuda:0
[2026-01-26 09:22:45,693] [INFO] [CLIENT INIT] Mode=SH | Sparsity=ON (UsedSparsity=0.6) | Clusters=OFF (UsedClusters=-) | EnvSparsityCfg={'Conv': 0.6, 'Linear': 0.6, 'Bias': 0.0, 'BatchNorm': 0.0} | EnvNClusters=3
[2026-01-26 09:22:49,134] [INFO] Model initialized on device: cuda:0
[2026-01-26 09:22:49,135] [INFO] [CLIENT INIT] Mode=SH | Sparsity=ON (UsedSparsity=0.6) | Clusters=OFF (UsedClusters=-) | EnvSparsityCfg={'Conv': 0.6, 'Linear': 0.6, 'Bias': 0.0, 'BatchNorm': 0.0} | EnvNClusters=3
[2026-01-26 09:22:49,415] [INFO] Model initialized on device: cuda:0
[2026-01-26 09:22:49,415] [INFO] [CLIENT INIT] Mode=SH | Sparsity=ON (UsedSparsity=0.6) | Clusters=OFF (UsedClusters=-) | EnvSparsityCfg={'Conv': 0.6, 'Linear': 0.6, 'Bias': 0.0, 'BatchNorm': 0.0} | EnvNClusters=3
[2026-01-26 09:22:50,549] [INFO] Model initialized on device: cuda:0
[2026-01-26 09:22:50,549] [INFO] [CLIENT INIT] Mode=SH | Sparsity=ON (UsedSparsity=0.6) | Clusters=OFF (UsedClusters=-) | EnvSparsityCfg={'Conv': 0.6, 'Linear': 0.6, 'Bias': 0.0, 'BatchNorm': 0.0} | EnvNClusters=3
[2026-01-26 09:22:50,550] [INFO] Model initialized on device: cuda:0
[2026-01-26 09:22:50,551] [INFO] [CLIENT INIT] Mode=SH | Sparsity=ON (UsedSparsity=0.6) | Clusters=OFF (UsedClusters=-) | EnvSparsityCfg={'Conv': 0.6, 'Linear': 0.6, 'Bias': 0.0, 'BatchNorm': 0.0} | EnvNClusters=3
[2026-01-26 09:22:50,617] [INFO] Model initialized on device: cuda:0
[2026-01-26 09:22:50,617] [INFO] [CLIENT INIT] Mode=SH | Sparsity=ON (UsedSparsity=0.6) | Clusters=OFF (UsedClusters=-) | EnvSparsityCfg={'Conv': 0.6, 'Linear': 0.6, 'Bias': 0.0, 'BatchNorm': 0.0} | EnvNClusters=3
[2026-01-26 09:22:50,716] [INFO] Model initialized on device: cuda:0
[2026-01-26 09:22:50,716] [INFO] [CLIENT INIT] Mode=SH | Sparsity=ON (UsedSparsity=0.6) | Clusters=OFF (UsedClusters=-) | EnvSparsityCfg={'Conv': 0.6, 'Linear': 0.6, 'Bias': 0.0, 'BatchNorm': 0.0} | EnvNClusters=3
[2026-01-26 09:22:50,833] [INFO] Model initialized on device: cuda:0
[2026-01-26 09:22:50,833] [INFO] [CLIENT INIT] Mode=SH | Sparsity=ON (UsedSparsity=0.6) | Clusters=OFF (UsedClusters=-) | EnvSparsityCfg={'Conv': 0.6, 'Linear': 0.6, 'Bias': 0.0, 'BatchNorm': 0.0} | EnvNClusters=3
[2026-01-26 09:22:50,911] [INFO] Model initialized on device: cuda:0
[2026-01-26 09:22:50,911] [INFO] [CLIENT INIT] Mode=SH | Sparsity=ON (UsedSparsity=0.6) | Clusters=OFF (UsedClusters=-) | EnvSparsityCfg={'Conv': 0.6, 'Linear': 0.6, 'Bias': 0.0, 'BatchNorm': 0.0} | EnvNClusters=3
[2026-01-26 09:22:50,926] [INFO] Model initialized on device: cuda:0
[2026-01-26 09:22:50,927] [INFO] [CLIENT INIT] Mode=SH | Sparsity=ON (UsedSparsity=0.6) | Clusters=OFF (UsedClusters=-) | EnvSparsityCfg={'Conv': 0.6, 'Linear': 0.6, 'Bias': 0.0, 'BatchNorm': 0.0} | EnvNClusters=3
[2026-01-26 09:24:41,840] [INFO] [TRAIN] Epoch 1 Loss: 0.5275
[2026-01-26 09:25:30,910] [INFO] Model initialized on device: cuda:0
[2026-01-26 09:25:30,910] [INFO] [CLIENT INIT] Mode=SH | Sparsity=ON (UsedSparsity=0.6) | Clusters=OFF (UsedClusters=-) | EnvSparsityCfg={'Conv': 0.6, 'Linear': 0.6, 'Bias': 0.0, 'BatchNorm': 0.0} | EnvNClusters=3
[2026-01-26 09:25:30,915] [INFO] Model initialized on device: cuda:0
[2026-01-26 09:25:30,915] [INFO] [CLIENT INIT] Mode=SH | Sparsity=ON (UsedSparsity=0.6) | Clusters=OFF (UsedClusters=-) | EnvSparsityCfg={'Conv': 0.6, 'Linear': 0.6, 'Bias': 0.0, 'BatchNorm': 0.0} | EnvNClusters=3
[2026-01-26 09:25:30,931] [INFO] Model initialized on device: cuda:0
[2026-01-26 09:25:30,932] [INFO] [CLIENT INIT] Mode=SH | Sparsity=ON (UsedSparsity=0.6) | Clusters=OFF (UsedClusters=-) | EnvSparsityCfg={'Conv': 0.6, 'Linear': 0.6, 'Bias': 0.0, 'BatchNorm': 0.0} | EnvNClusters=3
[2026-01-26 09:25:30,939] [INFO] Model initialized on device: cuda:0
[2026-01-26 09:25:30,939] [INFO] [CLIENT INIT] Mode=SH | Sparsity=ON (UsedSparsity=0.6) | Clusters=OFF (UsedClusters=-) | EnvSparsityCfg={'Conv': 0.6, 'Linear': 0.6, 'Bias': 0.0, 'BatchNorm': 0.0} | EnvNClusters=3
[2026-01-26 09:25:31,028] [INFO] Model initialized on device: cuda:0
[2026-01-26 09:25:31,028] [INFO] [CLIENT INIT] Mode=SH | Sparsity=ON (UsedSparsity=0.6) | Clusters=OFF (UsedClusters=-) | EnvSparsityCfg={'Conv': 0.6, 'Linear': 0.6, 'Bias': 0.0, 'BatchNorm': 0.0} | EnvNClusters=3
[2026-01-26 09:25:31,131] [INFO] Model initialized on device: cuda:0
[2026-01-26 09:25:31,131] [INFO] [CLIENT INIT] Mode=SH | Sparsity=ON (UsedSparsity=0.6) | Clusters=OFF (UsedClusters=-) | EnvSparsityCfg={'Conv': 0.6, 'Linear': 0.6, 'Bias': 0.0, 'BatchNorm': 0.0} | EnvNClusters=3
[2026-01-26 09:25:31,139] [INFO] Model initialized on device: cuda:0
[2026-01-26 09:25:31,140] [INFO] [CLIENT INIT] Mode=SH | Sparsity=ON (UsedSparsity=0.6) | Clusters=OFF (UsedClusters=-) | EnvSparsityCfg={'Conv': 0.6, 'Linear': 0.6, 'Bias': 0.0, 'BatchNorm': 0.0} | EnvNClusters=3
[2026-01-26 09:25:31,209] [INFO] Model initialized on device: cuda:0
[2026-01-26 09:25:31,209] [INFO] [CLIENT INIT] Mode=SH | Sparsity=ON (UsedSparsity=0.6) | Clusters=OFF (UsedClusters=-) | EnvSparsityCfg={'Conv': 0.6, 'Linear': 0.6, 'Bias': 0.0, 'BatchNorm': 0.0} | EnvNClusters=3
[2026-01-26 09:25:31,212] [INFO] Model initialized on device: cuda:0
[2026-01-26 09:25:31,212] [INFO] [CLIENT INIT] Mode=SH | Sparsity=ON (UsedSparsity=0.6) | Clusters=OFF (UsedClusters=-) | EnvSparsityCfg={'Conv': 0.6, 'Linear': 0.6, 'Bias': 0.0, 'BatchNorm': 0.0} | EnvNClusters=3
[2026-01-26 09:25:31,216] [INFO] Model initialized on device: cuda:0
[2026-01-26 09:25:31,216] [INFO] [CLIENT INIT] Mode=SH | Sparsity=ON (UsedSparsity=0.6) | Clusters=OFF (UsedClusters=-) | EnvSparsityCfg={'Conv': 0.6, 'Linear': 0.6, 'Bias': 0.0, 'BatchNorm': 0.0} | EnvNClusters=3
[2026-01-26 09:27:22,314] [INFO] [TRAIN] Epoch 2 Loss: 0.4660
[2026-01-26 09:28:09,812] [INFO] Model initialized on device: cuda:0
[2026-01-26 09:28:09,813] [INFO] [CLIENT INIT] Mode=SH | Sparsity=ON (UsedSparsity=0.6) | Clusters=OFF (UsedClusters=-) | EnvSparsityCfg={'Conv': 0.6, 'Linear': 0.6, 'Bias': 0.0, 'BatchNorm': 0.0} | EnvNClusters=3
[2026-01-26 09:28:10,217] [INFO] Model initialized on device: cuda:0
[2026-01-26 09:28:10,217] [INFO] [CLIENT INIT] Mode=SH | Sparsity=ON (UsedSparsity=0.6) | Clusters=OFF (UsedClusters=-) | EnvSparsityCfg={'Conv': 0.6, 'Linear': 0.6, 'Bias': 0.0, 'BatchNorm': 0.0} | EnvNClusters=3
[2026-01-26 09:28:10,326] [INFO] Model initialized on device: cuda:0
[2026-01-26 09:28:10,327] [INFO] [CLIENT INIT] Mode=SH | Sparsity=ON (UsedSparsity=0.6) | Clusters=OFF (UsedClusters=-) | EnvSparsityCfg={'Conv': 0.6, 'Linear': 0.6, 'Bias': 0.0, 'BatchNorm': 0.0} | EnvNClusters=3
[2026-01-26 09:28:10,611] [INFO] Model initialized on device: cuda:0
[2026-01-26 09:28:10,611] [INFO] [CLIENT INIT] Mode=SH | Sparsity=ON (UsedSparsity=0.6) | Clusters=OFF (UsedClusters=-) | EnvSparsityCfg={'Conv': 0.6, 'Linear': 0.6, 'Bias': 0.0, 'BatchNorm': 0.0} | EnvNClusters=3
[2026-01-26 09:28:10,644] [INFO] Model initialized on device: cuda:0
[2026-01-26 09:28:10,644] [INFO] [CLIENT INIT] Mode=SH | Sparsity=ON (UsedSparsity=0.6) | Clusters=OFF (UsedClusters=-) | EnvSparsityCfg={'Conv': 0.6, 'Linear': 0.6, 'Bias': 0.0, 'BatchNorm': 0.0} | EnvNClusters=3
[2026-01-26 09:28:10,721] [INFO] Model initialized on device: cuda:0
[2026-01-26 09:28:10,721] [INFO] [CLIENT INIT] Mode=SH | Sparsity=ON (UsedSparsity=0.6) | Clusters=OFF (UsedClusters=-) | EnvSparsityCfg={'Conv': 0.6, 'Linear': 0.6, 'Bias': 0.0, 'BatchNorm': 0.0} | EnvNClusters=3
[2026-01-26 09:28:10,722] [INFO] Model initialized on device: cuda:0
[2026-01-26 09:28:10,722] [INFO] [CLIENT INIT] Mode=SH | Sparsity=ON (UsedSparsity=0.6) | Clusters=OFF (UsedClusters=-) | EnvSparsityCfg={'Conv': 0.6, 'Linear': 0.6, 'Bias': 0.0, 'BatchNorm': 0.0} | EnvNClusters=3
[2026-01-26 09:28:10,820] [INFO] Model initialized on device: cuda:0
[2026-01-26 09:28:10,820] [INFO] [CLIENT INIT] Mode=SH | Sparsity=ON (UsedSparsity=0.6) | Clusters=OFF (UsedClusters=-) | EnvSparsityCfg={'Conv': 0.6, 'Linear': 0.6, 'Bias': 0.0, 'BatchNorm': 0.0} | EnvNClusters=3
[2026-01-26 09:28:10,831] [INFO] Model initialized on device: cuda:0
[2026-01-26 09:28:10,831] [INFO] [CLIENT INIT] Mode=SH | Sparsity=ON (UsedSparsity=0.6) | Clusters=OFF (UsedClusters=-) | EnvSparsityCfg={'Conv': 0.6, 'Linear': 0.6, 'Bias': 0.0, 'BatchNorm': 0.0} | EnvNClusters=3
[2026-01-26 09:28:10,832] [INFO] Model initialized on device: cuda:0
[2026-01-26 09:28:10,833] [INFO] [CLIENT INIT] Mode=SH | Sparsity=ON (UsedSparsity=0.6) | Clusters=OFF (UsedClusters=-) | EnvSparsityCfg={'Conv': 0.6, 'Linear': 0.6, 'Bias': 0.0, 'BatchNorm': 0.0} | EnvNClusters=3
[2026-01-26 09:29:59,414] [INFO] [TRAIN] Epoch 3 Loss: 0.4325
[2026-01-26 09:30:47,737] [INFO] Model initialized on device: cuda:0
[2026-01-26 09:30:47,737] [INFO] [CLIENT INIT] Mode=SH | Sparsity=ON (UsedSparsity=0.6) | Clusters=OFF (UsedClusters=-) | EnvSparsityCfg={'Conv': 0.6, 'Linear': 0.6, 'Bias': 0.0, 'BatchNorm': 0.0} | EnvNClusters=3
[2026-01-26 09:30:48,421] [INFO] Model initialized on device: cuda:0
[2026-01-26 09:30:48,422] [INFO] [CLIENT INIT] Mode=SH | Sparsity=ON (UsedSparsity=0.6) | Clusters=OFF (UsedClusters=-) | EnvSparsityCfg={'Conv': 0.6, 'Linear': 0.6, 'Bias': 0.0, 'BatchNorm': 0.0} | EnvNClusters=3
[2026-01-26 09:30:48,423] [INFO] Model initialized on device: cuda:0
[2026-01-26 09:30:48,423] [INFO] [CLIENT INIT] Mode=SH | Sparsity=ON (UsedSparsity=0.6) | Clusters=OFF (UsedClusters=-) | EnvSparsityCfg={'Conv': 0.6, 'Linear': 0.6, 'Bias': 0.0, 'BatchNorm': 0.0} | EnvNClusters=3
[2026-01-26 09:30:48,440] [INFO] Model initialized on device: cuda:0
[2026-01-26 09:30:48,440] [INFO] [CLIENT INIT] Mode=SH | Sparsity=ON (UsedSparsity=0.6) | Clusters=OFF (UsedClusters=-) | EnvSparsityCfg={'Conv': 0.6, 'Linear': 0.6, 'Bias': 0.0, 'BatchNorm': 0.0} | EnvNClusters=3
[2026-01-26 09:30:48,611] [INFO] Model initialized on device: cuda:0
[2026-01-26 09:30:48,611] [INFO] [CLIENT INIT] Mode=SH | Sparsity=ON (UsedSparsity=0.6) | Clusters=OFF (UsedClusters=-) | EnvSparsityCfg={'Conv': 0.6, 'Linear': 0.6, 'Bias': 0.0, 'BatchNorm': 0.0} | EnvNClusters=3
[2026-01-26 09:30:48,736] [INFO] Model initialized on device: cuda:0
[2026-01-26 09:30:48,736] [INFO] [CLIENT INIT] Mode=SH | Sparsity=ON (UsedSparsity=0.6) | Clusters=OFF (UsedClusters=-) | EnvSparsityCfg={'Conv': 0.6, 'Linear': 0.6, 'Bias': 0.0, 'BatchNorm': 0.0} | EnvNClusters=3
[2026-01-26 09:30:48,818] [INFO] Model initialized on device: cuda:0
[2026-01-26 09:30:48,818] [INFO] [CLIENT INIT] Mode=SH | Sparsity=ON (UsedSparsity=0.6) | Clusters=OFF (UsedClusters=-) | EnvSparsityCfg={'Conv': 0.6, 'Linear': 0.6, 'Bias': 0.0, 'BatchNorm': 0.0} | EnvNClusters=3
[2026-01-26 09:30:48,819] [INFO] Model initialized on device: cuda:0
[2026-01-26 09:30:48,819] [INFO] [CLIENT INIT] Mode=SH | Sparsity=ON (UsedSparsity=0.6) | Clusters=OFF (UsedClusters=-) | EnvSparsityCfg={'Conv': 0.6, 'Linear': 0.6, 'Bias': 0.0, 'BatchNorm': 0.0} | EnvNClusters=3
[2026-01-26 09:30:48,820] [INFO] Model initialized on device: cuda:0
[2026-01-26 09:30:48,820] [INFO] [CLIENT INIT] Mode=SH | Sparsity=ON (UsedSparsity=0.6) | Clusters=OFF (UsedClusters=-) | EnvSparsityCfg={'Conv': 0.6, 'Linear': 0.6, 'Bias': 0.0, 'BatchNorm': 0.0} | EnvNClusters=3
[2026-01-26 09:30:48,820] [INFO] Model initialized on device: cuda:0
[2026-01-26 09:30:48,820] [INFO] [CLIENT INIT] Mode=SH | Sparsity=ON (UsedSparsity=0.6) | Clusters=OFF (UsedClusters=-) | EnvSparsityCfg={'Conv': 0.6, 'Linear': 0.6, 'Bias': 0.0, 'BatchNorm': 0.0} | EnvNClusters=3
[2026-01-26 09:32:34,914] [INFO] [TRAIN] Epoch 4 Loss: 0.3975
[2026-01-26 09:33:15,215] [INFO] Model initialized on device: cuda:0
[2026-01-26 09:33:15,215] [INFO] [CLIENT INIT] Mode=SH | Sparsity=ON (UsedSparsity=0.6) | Clusters=OFF (UsedClusters=-) | EnvSparsityCfg={'Conv': 0.6, 'Linear': 0.6, 'Bias': 0.0, 'BatchNorm': 0.0} | EnvNClusters=3
[2026-01-26 09:33:16,219] [INFO] Model initialized on device: cuda:0
[2026-01-26 09:33:16,219] [INFO] [CLIENT INIT] Mode=SH | Sparsity=ON (UsedSparsity=0.6) | Clusters=OFF (UsedClusters=-) | EnvSparsityCfg={'Conv': 0.6, 'Linear': 0.6, 'Bias': 0.0, 'BatchNorm': 0.0} | EnvNClusters=3
[2026-01-26 09:33:17,410] [INFO] Model initialized on device: cuda:0
[2026-01-26 09:33:17,410] [INFO] [CLIENT INIT] Mode=SH | Sparsity=ON (UsedSparsity=0.6) | Clusters=OFF (UsedClusters=-) | EnvSparsityCfg={'Conv': 0.6, 'Linear': 0.6, 'Bias': 0.0, 'BatchNorm': 0.0} | EnvNClusters=3
[2026-01-26 09:33:17,923] [INFO] Model initialized on device: cuda:0
[2026-01-26 09:33:17,923] [INFO] [CLIENT INIT] Mode=SH | Sparsity=ON (UsedSparsity=0.6) | Clusters=OFF (UsedClusters=-) | EnvSparsityCfg={'Conv': 0.6, 'Linear': 0.6, 'Bias': 0.0, 'BatchNorm': 0.0} | EnvNClusters=3
[2026-01-26 09:33:18,115] [INFO] Model initialized on device: cuda:0
[2026-01-26 09:33:18,115] [INFO] [CLIENT INIT] Mode=SH | Sparsity=ON (UsedSparsity=0.6) | Clusters=OFF (UsedClusters=-) | EnvSparsityCfg={'Conv': 0.6, 'Linear': 0.6, 'Bias': 0.0, 'BatchNorm': 0.0} | EnvNClusters=3
[2026-01-26 09:33:20,323] [INFO] Model initialized on device: cuda:0
[2026-01-26 09:33:20,324] [INFO] [CLIENT INIT] Mode=SH | Sparsity=ON (UsedSparsity=0.6) | Clusters=OFF (UsedClusters=-) | EnvSparsityCfg={'Conv': 0.6, 'Linear': 0.6, 'Bias': 0.0, 'BatchNorm': 0.0} | EnvNClusters=3
[2026-01-26 09:33:22,228] [INFO] Model initialized on device: cuda:0
[2026-01-26 09:33:22,228] [INFO] [CLIENT INIT] Mode=SH | Sparsity=ON (UsedSparsity=0.6) | Clusters=OFF (UsedClusters=-) | EnvSparsityCfg={'Conv': 0.6, 'Linear': 0.6, 'Bias': 0.0, 'BatchNorm': 0.0} | EnvNClusters=3
[2026-01-26 09:33:22,309] [INFO] Model initialized on device: cuda:0
[2026-01-26 09:33:22,310] [INFO] [CLIENT INIT] Mode=SH | Sparsity=ON (UsedSparsity=0.6) | Clusters=OFF (UsedClusters=-) | EnvSparsityCfg={'Conv': 0.6, 'Linear': 0.6, 'Bias': 0.0, 'BatchNorm': 0.0} | EnvNClusters=3
[2026-01-26 09:33:22,329] [INFO] Model initialized on device: cuda:0
[2026-01-26 09:33:22,330] [INFO] [CLIENT INIT] Mode=SH | Sparsity=ON (UsedSparsity=0.6) | Clusters=OFF (UsedClusters=-) | EnvSparsityCfg={'Conv': 0.6, 'Linear': 0.6, 'Bias': 0.0, 'BatchNorm': 0.0} | EnvNClusters=3
[2026-01-26 09:33:22,339] [INFO] Model initialized on device: cuda:0
[2026-01-26 09:33:22,339] [INFO] [CLIENT INIT] Mode=SH | Sparsity=ON (UsedSparsity=0.6) | Clusters=OFF (UsedClusters=-) | EnvSparsityCfg={'Conv': 0.6, 'Linear': 0.6, 'Bias': 0.0, 'BatchNorm': 0.0} | EnvNClusters=3
[2026-01-26 09:35:02,412] [INFO] [TRAIN] Epoch 5 Loss: 0.3656
[2026-01-26 09:35:02,414] [INFO] [FIT] Local training finished. Avg Loss: 0.4378
[2026-01-26 09:35:53,625] [INFO] Model initialized on device: cuda:0
[2026-01-26 09:35:53,625] [INFO] [CLIENT INIT] Mode=SH | Sparsity=ON (UsedSparsity=0.6) | Clusters=OFF (UsedClusters=-) | EnvSparsityCfg={'Conv': 0.6, 'Linear': 0.6, 'Bias': 0.0, 'BatchNorm': 0.0} | EnvNClusters=3
[2026-01-26 09:35:54,012] [INFO] Model initialized on device: cuda:0
[2026-01-26 09:35:54,012] [INFO] [CLIENT INIT] Mode=SH | Sparsity=ON (UsedSparsity=0.6) | Clusters=OFF (UsedClusters=-) | EnvSparsityCfg={'Conv': 0.6, 'Linear': 0.6, 'Bias': 0.0, 'BatchNorm': 0.0} | EnvNClusters=3
[2026-01-26 09:35:54,013] [INFO] Model initialized on device: cuda:0
[2026-01-26 09:35:54,014] [INFO] [CLIENT INIT] Mode=SH | Sparsity=ON (UsedSparsity=0.6) | Clusters=OFF (UsedClusters=-) | EnvSparsityCfg={'Conv': 0.6, 'Linear': 0.6, 'Bias': 0.0, 'BatchNorm': 0.0} | EnvNClusters=3
[2026-01-26 09:35:54,110] [INFO] Model initialized on device: cuda:0
[2026-01-26 09:35:54,110] [INFO] [CLIENT INIT] Mode=SH | Sparsity=ON (UsedSparsity=0.6) | Clusters=OFF (UsedClusters=-) | EnvSparsityCfg={'Conv': 0.6, 'Linear': 0.6, 'Bias': 0.0, 'BatchNorm': 0.0} | EnvNClusters=3
[2026-01-26 09:35:54,325] [INFO] Model initialized on device: cuda:0
[2026-01-26 09:35:54,325] [INFO] [CLIENT INIT] Mode=SH | Sparsity=ON (UsedSparsity=0.6) | Clusters=OFF (UsedClusters=-) | EnvSparsityCfg={'Conv': 0.6, 'Linear': 0.6, 'Bias': 0.0, 'BatchNorm': 0.0} | EnvNClusters=3
[2026-01-26 09:35:55,137] [INFO] Model initialized on device: cuda:0
[2026-01-26 09:35:55,137] [INFO] [CLIENT INIT] Mode=SH | Sparsity=ON (UsedSparsity=0.6) | Clusters=OFF (UsedClusters=-) | EnvSparsityCfg={'Conv': 0.6, 'Linear': 0.6, 'Bias': 0.0, 'BatchNorm': 0.0} | EnvNClusters=3
[2026-01-26 09:35:55,425] [INFO] Model initialized on device: cuda:0
[2026-01-26 09:35:55,425] [INFO] [CLIENT INIT] Mode=SH | Sparsity=ON (UsedSparsity=0.6) | Clusters=OFF (UsedClusters=-) | EnvSparsityCfg={'Conv': 0.6, 'Linear': 0.6, 'Bias': 0.0, 'BatchNorm': 0.0} | EnvNClusters=3
[2026-01-26 09:35:56,536] [INFO] Model initialized on device: cuda:0
[2026-01-26 09:35:56,537] [INFO] [CLIENT INIT] Mode=SH | Sparsity=ON (UsedSparsity=0.6) | Clusters=OFF (UsedClusters=-) | EnvSparsityCfg={'Conv': 0.6, 'Linear': 0.6, 'Bias': 0.0, 'BatchNorm': 0.0} | EnvNClusters=3
[2026-01-26 09:35:56,616] [INFO] Model initialized on device: cuda:0
[2026-01-26 09:35:56,616] [INFO] [CLIENT INIT] Mode=SH | Sparsity=ON (UsedSparsity=0.6) | Clusters=OFF (UsedClusters=-) | EnvSparsityCfg={'Conv': 0.6, 'Linear': 0.6, 'Bias': 0.0, 'BatchNorm': 0.0} | EnvNClusters=3
[2026-01-26 09:35:56,629] [INFO] Model initialized on device: cuda:0
[2026-01-26 09:35:56,629] [INFO] [CLIENT INIT] Mode=SH | Sparsity=ON (UsedSparsity=0.6) | Clusters=OFF (UsedClusters=-) | EnvSparsityCfg={'Conv': 0.6, 'Linear': 0.6, 'Bias': 0.0, 'BatchNorm': 0.0} | EnvNClusters=3
[2026-01-26 09:36:01,413] [DEBUG] [TEST] Batch 1 | Pred shape: torch.Size([256, 256, 160]) | Label shape: torch.Size([256, 256, 160])
[2026-01-26 09:36:03,247] [DEBUG] [TEST] Batch 2 | Pred shape: torch.Size([256, 256, 160]) | Label shape: torch.Size([256, 256, 160])
[2026-01-26 09:36:03,357] [DEBUG] [TEST] Batch 3 | Pred shape: torch.Size([256, 256, 160]) | Label shape: torch.Size([256, 256, 160])
[2026-01-26 09:36:03,458] [DEBUG] [TEST] Batch 4 | Pred shape: torch.Size([256, 256, 160]) | Label shape: torch.Size([256, 256, 160])
[2026-01-26 09:36:03,629] [DEBUG] [TEST] Batch 5 | Pred shape: torch.Size([256, 256, 160]) | Label shape: torch.Size([256, 256, 160])
[2026-01-26 09:36:03,808] [DEBUG] [TEST] Batch 6 | Pred shape: torch.Size([256, 256, 160]) | Label shape: torch.Size([256, 256, 160])
[2026-01-26 09:36:04,008] [DEBUG] [TEST] Batch 7 | Pred shape: torch.Size([256, 256, 160]) | Label shape: torch.Size([256, 256, 160])
[2026-01-26 09:36:04,210] [DEBUG] [TEST] Batch 8 | Pred shape: torch.Size([256, 256, 160]) | Label shape: torch.Size([256, 256, 160])
[2026-01-26 09:36:04,410] [DEBUG] [TEST] Batch 9 | Pred shape: torch.Size([256, 256, 160]) | Label shape: torch.Size([256, 256, 160])
[2026-01-26 09:36:04,710] [DEBUG] [TEST] Batch 10 | Pred shape: torch.Size([256, 256, 160]) | Label shape: torch.Size([256, 256, 160])
[2026-01-26 09:36:06,562] [DEBUG] [TEST] Batch 11 | Pred shape: torch.Size([256, 256, 160]) | Label shape: torch.Size([256, 256, 160])
[2026-01-26 09:36:07,315] [DEBUG] [TEST] Batch 12 | Pred shape: torch.Size([256, 256, 160]) | Label shape: torch.Size([256, 256, 160])
[2026-01-26 09:36:07,410] [DEBUG] [TEST] Batch 13 | Pred shape: torch.Size([256, 256, 160]) | Label shape: torch.Size([256, 256, 160])
[2026-01-26 09:36:07,507] [DEBUG] [TEST] Batch 14 | Pred shape: torch.Size([256, 256, 160]) | Label shape: torch.Size([256, 256, 160])
[2026-01-26 09:36:07,564] [DEBUG] [TEST] Batch 15 | Pred shape: torch.Size([256, 256, 160]) | Label shape: torch.Size([256, 256, 160])
[2026-01-26 09:36:07,656] [DEBUG] [TEST] Batch 16 | Pred shape: torch.Size([256, 256, 160]) | Label shape: torch.Size([256, 256, 160])
[2026-01-26 09:36:14,540] [INFO] [FIT] Final model saved to: Revision2/Run_UNET_NonIID_SH_20260126/Client3/model_final.pth
[2026-01-26 09:37:17,058] [INFO] [COMM][CLIENT] Round=-1 Mode=SH UsedSparsity=0.6 UsedClusters=- BaselineBits=154016352.0 CompressedBits=163903162.9 CR=0.940
[2026-01-26 09:45:25,286] [INFO] [EVALUATE] Starting evaluation...
[2026-01-26 09:45:27,510] [INFO] [DEBUG] Loaded compressed decoded weights.
[2026-01-26 09:46:27,538] [INFO] Model initialized on device: cuda:0
[2026-01-26 09:46:27,538] [INFO] [CLIENT INIT] Mode=SH | Sparsity=ON (UsedSparsity=0.6) | Clusters=OFF (UsedClusters=-) | EnvSparsityCfg={'Conv': 0.6, 'Linear': 0.6, 'Bias': 0.0, 'BatchNorm': 0.0} | EnvNClusters=3
[2026-01-26 09:46:27,947] [INFO] Model initialized on device: cuda:0
[2026-01-26 09:46:27,948] [INFO] [CLIENT INIT] Mode=SH | Sparsity=ON (UsedSparsity=0.6) | Clusters=OFF (UsedClusters=-) | EnvSparsityCfg={'Conv': 0.6, 'Linear': 0.6, 'Bias': 0.0, 'BatchNorm': 0.0} | EnvNClusters=3
[2026-01-26 09:46:28,029] [INFO] Model initialized on device: cuda:0
[2026-01-26 09:46:28,029] [INFO] [CLIENT INIT] Mode=SH | Sparsity=ON (UsedSparsity=0.6) | Clusters=OFF (UsedClusters=-) | EnvSparsityCfg={'Conv': 0.6, 'Linear': 0.6, 'Bias': 0.0, 'BatchNorm': 0.0} | EnvNClusters=3
[2026-01-26 09:46:30,686] [DEBUG] [TEST] Batch 1 | Pred shape: torch.Size([256, 256, 160]) | Label shape: torch.Size([256, 256, 160])
[2026-01-26 09:46:31,648] [INFO] Model initialized on device: cuda:0
[2026-01-26 09:46:31,648] [INFO] [CLIENT INIT] Mode=SH | Sparsity=ON (UsedSparsity=0.6) | Clusters=OFF (UsedClusters=-) | EnvSparsityCfg={'Conv': 0.6, 'Linear': 0.6, 'Bias': 0.0, 'BatchNorm': 0.0} | EnvNClusters=3
[2026-01-26 09:46:31,919] [INFO] Model initialized on device: cuda:0
[2026-01-26 09:46:31,919] [INFO] [CLIENT INIT] Mode=SH | Sparsity=ON (UsedSparsity=0.6) | Clusters=OFF (UsedClusters=-) | EnvSparsityCfg={'Conv': 0.6, 'Linear': 0.6, 'Bias': 0.0, 'BatchNorm': 0.0} | EnvNClusters=3
[2026-01-26 09:46:31,934] [INFO] Model initialized on device: cuda:0
[2026-01-26 09:46:31,934] [INFO] [CLIENT INIT] Mode=SH | Sparsity=ON (UsedSparsity=0.6) | Clusters=OFF (UsedClusters=-) | EnvSparsityCfg={'Conv': 0.6, 'Linear': 0.6, 'Bias': 0.0, 'BatchNorm': 0.0} | EnvNClusters=3
[2026-01-26 09:46:31,956] [INFO] Model initialized on device: cuda:0
[2026-01-26 09:46:31,956] [INFO] [CLIENT INIT] Mode=SH | Sparsity=ON (UsedSparsity=0.6) | Clusters=OFF (UsedClusters=-) | EnvSparsityCfg={'Conv': 0.6, 'Linear': 0.6, 'Bias': 0.0, 'BatchNorm': 0.0} | EnvNClusters=3
[2026-01-26 09:46:32,039] [INFO] Model initialized on device: cuda:0
[2026-01-26 09:46:32,039] [INFO] [CLIENT INIT] Mode=SH | Sparsity=ON (UsedSparsity=0.6) | Clusters=OFF (UsedClusters=-) | EnvSparsityCfg={'Conv': 0.6, 'Linear': 0.6, 'Bias': 0.0, 'BatchNorm': 0.0} | EnvNClusters=3
[2026-01-26 09:46:32,051] [INFO] Model initialized on device: cuda:0
[2026-01-26 09:46:32,051] [INFO] [CLIENT INIT] Mode=SH | Sparsity=ON (UsedSparsity=0.6) | Clusters=OFF (UsedClusters=-) | EnvSparsityCfg={'Conv': 0.6, 'Linear': 0.6, 'Bias': 0.0, 'BatchNorm': 0.0} | EnvNClusters=3
[2026-01-26 09:46:32,058] [INFO] Model initialized on device: cuda:0
[2026-01-26 09:46:32,058] [INFO] [CLIENT INIT] Mode=SH | Sparsity=ON (UsedSparsity=0.6) | Clusters=OFF (UsedClusters=-) | EnvSparsityCfg={'Conv': 0.6, 'Linear': 0.6, 'Bias': 0.0, 'BatchNorm': 0.0} | EnvNClusters=3
[2026-01-26 09:46:38,415] [DEBUG] [TEST] Batch 2 | Pred shape: torch.Size([256, 256, 160]) | Label shape: torch.Size([256, 256, 160])
[2026-01-26 09:46:38,474] [DEBUG] [TEST] Batch 3 | Pred shape: torch.Size([256, 256, 160]) | Label shape: torch.Size([256, 256, 160])
[2026-01-26 09:46:38,565] [DEBUG] [TEST] Batch 4 | Pred shape: torch.Size([256, 256, 160]) | Label shape: torch.Size([256, 256, 160])
[2026-01-26 09:46:38,772] [DEBUG] [TEST] Batch 5 | Pred shape: torch.Size([256, 256, 160]) | Label shape: torch.Size([256, 256, 160])
[2026-01-26 09:46:38,922] [DEBUG] [TEST] Batch 6 | Pred shape: torch.Size([256, 256, 160]) | Label shape: torch.Size([256, 256, 160])
[2026-01-26 09:46:39,044] [DEBUG] [TEST] Batch 7 | Pred shape: torch.Size([256, 256, 160]) | Label shape: torch.Size([256, 256, 160])
[2026-01-26 09:46:39,167] [DEBUG] [TEST] Batch 8 | Pred shape: torch.Size([256, 256, 160]) | Label shape: torch.Size([256, 256, 160])
[2026-01-26 09:46:39,321] [DEBUG] [TEST] Batch 9 | Pred shape: torch.Size([256, 256, 160]) | Label shape: torch.Size([256, 256, 160])
[2026-01-26 09:46:39,445] [DEBUG] [TEST] Batch 10 | Pred shape: torch.Size([256, 256, 160]) | Label shape: torch.Size([256, 256, 160])
[2026-01-26 09:46:39,620] [DEBUG] [TEST] Batch 11 | Pred shape: torch.Size([256, 256, 160]) | Label shape: torch.Size([256, 256, 160])
[2026-01-26 09:46:41,381] [DEBUG] [TEST] Batch 12 | Pred shape: torch.Size([256, 256, 160]) | Label shape: torch.Size([256, 256, 160])
[2026-01-26 09:46:41,489] [DEBUG] [TEST] Batch 13 | Pred shape: torch.Size([256, 256, 160]) | Label shape: torch.Size([256, 256, 160])
[2026-01-26 09:46:41,654] [DEBUG] [TEST] Batch 14 | Pred shape: torch.Size([256, 256, 160]) | Label shape: torch.Size([256, 256, 160])
[2026-01-26 09:46:41,725] [DEBUG] [TEST] Batch 15 | Pred shape: torch.Size([256, 256, 160]) | Label shape: torch.Size([256, 256, 160])
[2026-01-26 09:46:41,782] [DEBUG] [TEST] Batch 16 | Pred shape: torch.Size([256, 256, 160]) | Label shape: torch.Size([256, 256, 160])
[2026-01-26 09:46:46,457] [INFO] [EVALUATE] Dice WT: 0.9479
[2026-01-26 09:46:59,390] [INFO] [FIT] Received parameters. Starting local training...
[2026-01-26 09:47:01,015] [INFO] [DEBUG] Loaded compressed decoded weights.
[2026-01-26 09:47:59,930] [INFO] Model initialized on device: cuda:0
[2026-01-26 09:47:59,930] [INFO] [CLIENT INIT] Mode=SH | Sparsity=ON (UsedSparsity=0.6) | Clusters=OFF (UsedClusters=-) | EnvSparsityCfg={'Conv': 0.6, 'Linear': 0.6, 'Bias': 0.0, 'BatchNorm': 0.0} | EnvNClusters=3
[2026-01-26 09:48:00,965] [INFO] Model initialized on device: cuda:0
[2026-01-26 09:48:00,965] [INFO] [CLIENT INIT] Mode=SH | Sparsity=ON (UsedSparsity=0.6) | Clusters=OFF (UsedClusters=-) | EnvSparsityCfg={'Conv': 0.6, 'Linear': 0.6, 'Bias': 0.0, 'BatchNorm': 0.0} | EnvNClusters=3
[2026-01-26 09:48:01,165] [INFO] Model initialized on device: cuda:0
[2026-01-26 09:48:01,165] [INFO] [CLIENT INIT] Mode=SH | Sparsity=ON (UsedSparsity=0.6) | Clusters=OFF (UsedClusters=-) | EnvSparsityCfg={'Conv': 0.6, 'Linear': 0.6, 'Bias': 0.0, 'BatchNorm': 0.0} | EnvNClusters=3
[2026-01-26 09:48:01,187] [INFO] Model initialized on device: cuda:0
[2026-01-26 09:48:01,187] [INFO] [CLIENT INIT] Mode=SH | Sparsity=ON (UsedSparsity=0.6) | Clusters=OFF (UsedClusters=-) | EnvSparsityCfg={'Conv': 0.6, 'Linear': 0.6, 'Bias': 0.0, 'BatchNorm': 0.0} | EnvNClusters=3
[2026-01-26 09:48:01,884] [INFO] Model initialized on device: cuda:0
[2026-01-26 09:48:01,884] [INFO] [CLIENT INIT] Mode=SH | Sparsity=ON (UsedSparsity=0.6) | Clusters=OFF (UsedClusters=-) | EnvSparsityCfg={'Conv': 0.6, 'Linear': 0.6, 'Bias': 0.0, 'BatchNorm': 0.0} | EnvNClusters=3
[2026-01-26 09:48:01,992] [INFO] Model initialized on device: cuda:0
[2026-01-26 09:48:01,992] [INFO] Model initialized on device: cuda:0
[2026-01-26 09:48:01,992] [INFO] [CLIENT INIT] Mode=SH | Sparsity=ON (UsedSparsity=0.6) | Clusters=OFF (UsedClusters=-) | EnvSparsityCfg={'Conv': 0.6, 'Linear': 0.6, 'Bias': 0.0, 'BatchNorm': 0.0} | EnvNClusters=3
[2026-01-26 09:48:01,992] [INFO] [CLIENT INIT] Mode=SH | Sparsity=ON (UsedSparsity=0.6) | Clusters=OFF (UsedClusters=-) | EnvSparsityCfg={'Conv': 0.6, 'Linear': 0.6, 'Bias': 0.0, 'BatchNorm': 0.0} | EnvNClusters=3
[2026-01-26 09:48:02,572] [INFO] Model initialized on device: cuda:0
[2026-01-26 09:48:02,573] [INFO] [CLIENT INIT] Mode=SH | Sparsity=ON (UsedSparsity=0.6) | Clusters=OFF (UsedClusters=-) | EnvSparsityCfg={'Conv': 0.6, 'Linear': 0.6, 'Bias': 0.0, 'BatchNorm': 0.0} | EnvNClusters=3
[2026-01-26 09:48:02,757] [INFO] Model initialized on device: cuda:0
[2026-01-26 09:48:02,757] [INFO] [CLIENT INIT] Mode=SH | Sparsity=ON (UsedSparsity=0.6) | Clusters=OFF (UsedClusters=-) | EnvSparsityCfg={'Conv': 0.6, 'Linear': 0.6, 'Bias': 0.0, 'BatchNorm': 0.0} | EnvNClusters=3
[2026-01-26 09:48:03,043] [INFO] Model initialized on device: cuda:0
[2026-01-26 09:48:03,043] [INFO] [CLIENT INIT] Mode=SH | Sparsity=ON (UsedSparsity=0.6) | Clusters=OFF (UsedClusters=-) | EnvSparsityCfg={'Conv': 0.6, 'Linear': 0.6, 'Bias': 0.0, 'BatchNorm': 0.0} | EnvNClusters=3
[2026-01-26 09:49:50,108] [INFO] [TRAIN] Epoch 1 Loss: 0.3053
[2026-01-26 09:50:50,031] [INFO] Model initialized on device: cuda:0
[2026-01-26 09:50:50,031] [INFO] [CLIENT INIT] Mode=SH | Sparsity=ON (UsedSparsity=0.6) | Clusters=OFF (UsedClusters=-) | EnvSparsityCfg={'Conv': 0.6, 'Linear': 0.6, 'Bias': 0.0, 'BatchNorm': 0.0} | EnvNClusters=3
[2026-01-26 09:50:51,525] [INFO] Model initialized on device: cuda:0
[2026-01-26 09:50:51,525] [INFO] [CLIENT INIT] Mode=SH | Sparsity=ON (UsedSparsity=0.6) | Clusters=OFF (UsedClusters=-) | EnvSparsityCfg={'Conv': 0.6, 'Linear': 0.6, 'Bias': 0.0, 'BatchNorm': 0.0} | EnvNClusters=3
[2026-01-26 09:50:51,526] [INFO] Model initialized on device: cuda:0
[2026-01-26 09:50:51,527] [INFO] [CLIENT INIT] Mode=SH | Sparsity=ON (UsedSparsity=0.6) | Clusters=OFF (UsedClusters=-) | EnvSparsityCfg={'Conv': 0.6, 'Linear': 0.6, 'Bias': 0.0, 'BatchNorm': 0.0} | EnvNClusters=3
[2026-01-26 09:50:52,431] [INFO] Model initialized on device: cuda:0
[2026-01-26 09:50:52,432] [INFO] [CLIENT INIT] Mode=SH | Sparsity=ON (UsedSparsity=0.6) | Clusters=OFF (UsedClusters=-) | EnvSparsityCfg={'Conv': 0.6, 'Linear': 0.6, 'Bias': 0.0, 'BatchNorm': 0.0} | EnvNClusters=3
[2026-01-26 09:50:52,517] [INFO] Model initialized on device: cuda:0
[2026-01-26 09:50:52,517] [INFO] [CLIENT INIT] Mode=SH | Sparsity=ON (UsedSparsity=0.6) | Clusters=OFF (UsedClusters=-) | EnvSparsityCfg={'Conv': 0.6, 'Linear': 0.6, 'Bias': 0.0, 'BatchNorm': 0.0} | EnvNClusters=3
[2026-01-26 09:50:52,616] [INFO] Model initialized on device: cuda:0
[2026-01-26 09:50:52,617] [INFO] [CLIENT INIT] Mode=SH | Sparsity=ON (UsedSparsity=0.6) | Clusters=OFF (UsedClusters=-) | EnvSparsityCfg={'Conv': 0.6, 'Linear': 0.6, 'Bias': 0.0, 'BatchNorm': 0.0} | EnvNClusters=3
[2026-01-26 09:50:52,625] [INFO] Model initialized on device: cuda:0
[2026-01-26 09:50:52,625] [INFO] [CLIENT INIT] Mode=SH | Sparsity=ON (UsedSparsity=0.6) | Clusters=OFF (UsedClusters=-) | EnvSparsityCfg={'Conv': 0.6, 'Linear': 0.6, 'Bias': 0.0, 'BatchNorm': 0.0} | EnvNClusters=3
[2026-01-26 09:50:52,712] [INFO] Model initialized on device: cuda:0
[2026-01-26 09:50:52,712] [INFO] [CLIENT INIT] Mode=SH | Sparsity=ON (UsedSparsity=0.6) | Clusters=OFF (UsedClusters=-) | EnvSparsityCfg={'Conv': 0.6, 'Linear': 0.6, 'Bias': 0.0, 'BatchNorm': 0.0} | EnvNClusters=3
[2026-01-26 09:50:52,808] [INFO] Model initialized on device: cuda:0
[2026-01-26 09:50:52,808] [INFO] [CLIENT INIT] Mode=SH | Sparsity=ON (UsedSparsity=0.6) | Clusters=OFF (UsedClusters=-) | EnvSparsityCfg={'Conv': 0.6, 'Linear': 0.6, 'Bias': 0.0, 'BatchNorm': 0.0} | EnvNClusters=3
[2026-01-26 09:50:52,922] [INFO] Model initialized on device: cuda:0
[2026-01-26 09:50:52,922] [INFO] [CLIENT INIT] Mode=SH | Sparsity=ON (UsedSparsity=0.6) | Clusters=OFF (UsedClusters=-) | EnvSparsityCfg={'Conv': 0.6, 'Linear': 0.6, 'Bias': 0.0, 'BatchNorm': 0.0} | EnvNClusters=3
[2026-01-26 09:52:35,319] [INFO] [TRAIN] Epoch 2 Loss: 0.2589
[2026-01-26 09:53:19,948] [INFO] Model initialized on device: cuda:0
[2026-01-26 09:53:19,948] [INFO] [CLIENT INIT] Mode=SH | Sparsity=ON (UsedSparsity=0.6) | Clusters=OFF (UsedClusters=-) | EnvSparsityCfg={'Conv': 0.6, 'Linear': 0.6, 'Bias': 0.0, 'BatchNorm': 0.0} | EnvNClusters=3
[2026-01-26 09:53:20,430] [INFO] Model initialized on device: cuda:0
[2026-01-26 09:53:20,431] [INFO] [CLIENT INIT] Mode=SH | Sparsity=ON (UsedSparsity=0.6) | Clusters=OFF (UsedClusters=-) | EnvSparsityCfg={'Conv': 0.6, 'Linear': 0.6, 'Bias': 0.0, 'BatchNorm': 0.0} | EnvNClusters=3
[2026-01-26 09:53:20,533] [INFO] Model initialized on device: cuda:0
[2026-01-26 09:53:20,534] [INFO] [CLIENT INIT] Mode=SH | Sparsity=ON (UsedSparsity=0.6) | Clusters=OFF (UsedClusters=-) | EnvSparsityCfg={'Conv': 0.6, 'Linear': 0.6, 'Bias': 0.0, 'BatchNorm': 0.0} | EnvNClusters=3
[2026-01-26 09:53:20,541] [INFO] Model initialized on device: cuda:0
[2026-01-26 09:53:20,541] [INFO] [CLIENT INIT] Mode=SH | Sparsity=ON (UsedSparsity=0.6) | Clusters=OFF (UsedClusters=-) | EnvSparsityCfg={'Conv': 0.6, 'Linear': 0.6, 'Bias': 0.0, 'BatchNorm': 0.0} | EnvNClusters=3
[2026-01-26 09:53:20,543] [INFO] Model initialized on device: cuda:0
[2026-01-26 09:53:20,543] [INFO] [CLIENT INIT] Mode=SH | Sparsity=ON (UsedSparsity=0.6) | Clusters=OFF (UsedClusters=-) | EnvSparsityCfg={'Conv': 0.6, 'Linear': 0.6, 'Bias': 0.0, 'BatchNorm': 0.0} | EnvNClusters=3
[2026-01-26 09:53:20,613] [INFO] Model initialized on device: cuda:0
[2026-01-26 09:53:20,613] [INFO] [CLIENT INIT] Mode=SH | Sparsity=ON (UsedSparsity=0.6) | Clusters=OFF (UsedClusters=-) | EnvSparsityCfg={'Conv': 0.6, 'Linear': 0.6, 'Bias': 0.0, 'BatchNorm': 0.0} | EnvNClusters=3
[2026-01-26 09:53:20,636] [INFO] Model initialized on device: cuda:0
[2026-01-26 09:53:20,636] [INFO] [CLIENT INIT] Mode=SH | Sparsity=ON (UsedSparsity=0.6) | Clusters=OFF (UsedClusters=-) | EnvSparsityCfg={'Conv': 0.6, 'Linear': 0.6, 'Bias': 0.0, 'BatchNorm': 0.0} | EnvNClusters=3
[2026-01-26 09:53:20,712] [INFO] Model initialized on device: cuda:0
[2026-01-26 09:53:20,712] [INFO] Model initialized on device: cuda:0
[2026-01-26 09:53:20,712] [INFO] [CLIENT INIT] Mode=SH | Sparsity=ON (UsedSparsity=0.6) | Clusters=OFF (UsedClusters=-) | EnvSparsityCfg={'Conv': 0.6, 'Linear': 0.6, 'Bias': 0.0, 'BatchNorm': 0.0} | EnvNClusters=3
[2026-01-26 09:53:20,712] [INFO] [CLIENT INIT] Mode=SH | Sparsity=ON (UsedSparsity=0.6) | Clusters=OFF (UsedClusters=-) | EnvSparsityCfg={'Conv': 0.6, 'Linear': 0.6, 'Bias': 0.0, 'BatchNorm': 0.0} | EnvNClusters=3
[2026-01-26 09:53:20,712] [INFO] Model initialized on device: cuda:0
[2026-01-26 09:53:20,712] [INFO] [CLIENT INIT] Mode=SH | Sparsity=ON (UsedSparsity=0.6) | Clusters=OFF (UsedClusters=-) | EnvSparsityCfg={'Conv': 0.6, 'Linear': 0.6, 'Bias': 0.0, 'BatchNorm': 0.0} | EnvNClusters=3
[2026-01-26 09:55:09,015] [INFO] [TRAIN] Epoch 3 Loss: 0.2337
[2026-01-26 09:55:45,114] [INFO] Model initialized on device: cuda:0
[2026-01-26 09:55:45,115] [INFO] [CLIENT INIT] Mode=SH | Sparsity=ON (UsedSparsity=0.6) | Clusters=OFF (UsedClusters=-) | EnvSparsityCfg={'Conv': 0.6, 'Linear': 0.6, 'Bias': 0.0, 'BatchNorm': 0.0} | EnvNClusters=3
[2026-01-26 09:55:45,712] [INFO] Model initialized on device: cuda:0
[2026-01-26 09:55:45,712] [INFO] [CLIENT INIT] Mode=SH | Sparsity=ON (UsedSparsity=0.6) | Clusters=OFF (UsedClusters=-) | EnvSparsityCfg={'Conv': 0.6, 'Linear': 0.6, 'Bias': 0.0, 'BatchNorm': 0.0} | EnvNClusters=3
[2026-01-26 09:55:52,715] [INFO] Model initialized on device: cuda:0
[2026-01-26 09:55:52,716] [INFO] [CLIENT INIT] Mode=SH | Sparsity=ON (UsedSparsity=0.6) | Clusters=OFF (UsedClusters=-) | EnvSparsityCfg={'Conv': 0.6, 'Linear': 0.6, 'Bias': 0.0, 'BatchNorm': 0.0} | EnvNClusters=3
[2026-01-26 09:55:53,540] [INFO] Model initialized on device: cuda:0
[2026-01-26 09:55:53,541] [INFO] [CLIENT INIT] Mode=SH | Sparsity=ON (UsedSparsity=0.6) | Clusters=OFF (UsedClusters=-) | EnvSparsityCfg={'Conv': 0.6, 'Linear': 0.6, 'Bias': 0.0, 'BatchNorm': 0.0} | EnvNClusters=3
[2026-01-26 09:55:54,014] [INFO] Model initialized on device: cuda:0
[2026-01-26 09:55:54,014] [INFO] [CLIENT INIT] Mode=SH | Sparsity=ON (UsedSparsity=0.6) | Clusters=OFF (UsedClusters=-) | EnvSparsityCfg={'Conv': 0.6, 'Linear': 0.6, 'Bias': 0.0, 'BatchNorm': 0.0} | EnvNClusters=3
[2026-01-26 09:55:54,822] [INFO] Model initialized on device: cuda:0
[2026-01-26 09:55:54,822] [INFO] [CLIENT INIT] Mode=SH | Sparsity=ON (UsedSparsity=0.6) | Clusters=OFF (UsedClusters=-) | EnvSparsityCfg={'Conv': 0.6, 'Linear': 0.6, 'Bias': 0.0, 'BatchNorm': 0.0} | EnvNClusters=3
[2026-01-26 09:55:55,517] [INFO] Model initialized on device: cuda:0
[2026-01-26 09:55:55,517] [INFO] [CLIENT INIT] Mode=SH | Sparsity=ON (UsedSparsity=0.6) | Clusters=OFF (UsedClusters=-) | EnvSparsityCfg={'Conv': 0.6, 'Linear': 0.6, 'Bias': 0.0, 'BatchNorm': 0.0} | EnvNClusters=3
[2026-01-26 09:55:56,117] [INFO] Model initialized on device: cuda:0
[2026-01-26 09:55:56,117] [INFO] [CLIENT INIT] Mode=SH | Sparsity=ON (UsedSparsity=0.6) | Clusters=OFF (UsedClusters=-) | EnvSparsityCfg={'Conv': 0.6, 'Linear': 0.6, 'Bias': 0.0, 'BatchNorm': 0.0} | EnvNClusters=3
[2026-01-26 09:55:56,225] [INFO] Model initialized on device: cuda:0
[2026-01-26 09:55:56,226] [INFO] [CLIENT INIT] Mode=SH | Sparsity=ON (UsedSparsity=0.6) | Clusters=OFF (UsedClusters=-) | EnvSparsityCfg={'Conv': 0.6, 'Linear': 0.6, 'Bias': 0.0, 'BatchNorm': 0.0} | EnvNClusters=3
[2026-01-26 09:55:56,322] [INFO] Model initialized on device: cuda:0
[2026-01-26 09:55:56,322] [INFO] [CLIENT INIT] Mode=SH | Sparsity=ON (UsedSparsity=0.6) | Clusters=OFF (UsedClusters=-) | EnvSparsityCfg={'Conv': 0.6, 'Linear': 0.6, 'Bias': 0.0, 'BatchNorm': 0.0} | EnvNClusters=3
[2026-01-26 09:57:39,014] [INFO] [TRAIN] Epoch 4 Loss: 0.2266
[2026-01-26 09:58:22,536] [INFO] Model initialized on device: cuda:0
[2026-01-26 09:58:22,536] [INFO] [CLIENT INIT] Mode=SH | Sparsity=ON (UsedSparsity=0.6) | Clusters=OFF (UsedClusters=-) | EnvSparsityCfg={'Conv': 0.6, 'Linear': 0.6, 'Bias': 0.0, 'BatchNorm': 0.0} | EnvNClusters=3
[2026-01-26 09:58:22,838] [INFO] Model initialized on device: cuda:0
[2026-01-26 09:58:22,839] [INFO] [CLIENT INIT] Mode=SH | Sparsity=ON (UsedSparsity=0.6) | Clusters=OFF (UsedClusters=-) | EnvSparsityCfg={'Conv': 0.6, 'Linear': 0.6, 'Bias': 0.0, 'BatchNorm': 0.0} | EnvNClusters=3
[2026-01-26 09:58:27,837] [INFO] Model initialized on device: cuda:0
[2026-01-26 09:58:27,838] [INFO] [CLIENT INIT] Mode=SH | Sparsity=ON (UsedSparsity=0.6) | Clusters=OFF (UsedClusters=-) | EnvSparsityCfg={'Conv': 0.6, 'Linear': 0.6, 'Bias': 0.0, 'BatchNorm': 0.0} | EnvNClusters=3
[2026-01-26 09:58:31,630] [INFO] Model initialized on device: cuda:0
[2026-01-26 09:58:31,630] [INFO] [CLIENT INIT] Mode=SH | Sparsity=ON (UsedSparsity=0.6) | Clusters=OFF (UsedClusters=-) | EnvSparsityCfg={'Conv': 0.6, 'Linear': 0.6, 'Bias': 0.0, 'BatchNorm': 0.0} | EnvNClusters=3
[2026-01-26 09:58:32,510] [INFO] Model initialized on device: cuda:0
[2026-01-26 09:58:32,510] [INFO] [CLIENT INIT] Mode=SH | Sparsity=ON (UsedSparsity=0.6) | Clusters=OFF (UsedClusters=-) | EnvSparsityCfg={'Conv': 0.6, 'Linear': 0.6, 'Bias': 0.0, 'BatchNorm': 0.0} | EnvNClusters=3
[2026-01-26 09:58:32,514] [INFO] Model initialized on device: cuda:0
[2026-01-26 09:58:32,514] [INFO] [CLIENT INIT] Mode=SH | Sparsity=ON (UsedSparsity=0.6) | Clusters=OFF (UsedClusters=-) | EnvSparsityCfg={'Conv': 0.6, 'Linear': 0.6, 'Bias': 0.0, 'BatchNorm': 0.0} | EnvNClusters=3
[2026-01-26 09:58:32,623] [INFO] Model initialized on device: cuda:0
[2026-01-26 09:58:32,623] [INFO] [CLIENT INIT] Mode=SH | Sparsity=ON (UsedSparsity=0.6) | Clusters=OFF (UsedClusters=-) | EnvSparsityCfg={'Conv': 0.6, 'Linear': 0.6, 'Bias': 0.0, 'BatchNorm': 0.0} | EnvNClusters=3
[2026-01-26 09:58:32,624] [INFO] Model initialized on device: cuda:0
[2026-01-26 09:58:32,624] [INFO] [CLIENT INIT] Mode=SH | Sparsity=ON (UsedSparsity=0.6) | Clusters=OFF (UsedClusters=-) | EnvSparsityCfg={'Conv': 0.6, 'Linear': 0.6, 'Bias': 0.0, 'BatchNorm': 0.0} | EnvNClusters=3
[2026-01-26 09:58:32,631] [INFO] Model initialized on device: cuda:0
[2026-01-26 09:58:32,631] [INFO] [CLIENT INIT] Mode=SH | Sparsity=ON (UsedSparsity=0.6) | Clusters=OFF (UsedClusters=-) | EnvSparsityCfg={'Conv': 0.6, 'Linear': 0.6, 'Bias': 0.0, 'BatchNorm': 0.0} | EnvNClusters=3
[2026-01-26 09:58:32,631] [INFO] Model initialized on device: cuda:0
[2026-01-26 09:58:32,631] [INFO] [CLIENT INIT] Mode=SH | Sparsity=ON (UsedSparsity=0.6) | Clusters=OFF (UsedClusters=-) | EnvSparsityCfg={'Conv': 0.6, 'Linear': 0.6, 'Bias': 0.0, 'BatchNorm': 0.0} | EnvNClusters=3
[2026-01-26 10:00:10,617] [INFO] [TRAIN] Epoch 5 Loss: 0.2176
[2026-01-26 10:00:10,618] [INFO] [FIT] Local training finished. Avg Loss: 0.2484
[2026-01-26 10:00:46,254] [INFO] Model initialized on device: cuda:0
[2026-01-26 10:00:46,254] [INFO] [CLIENT INIT] Mode=SH | Sparsity=ON (UsedSparsity=0.6) | Clusters=OFF (UsedClusters=-) | EnvSparsityCfg={'Conv': 0.6, 'Linear': 0.6, 'Bias': 0.0, 'BatchNorm': 0.0} | EnvNClusters=3
[2026-01-26 10:00:50,041] [INFO] Model initialized on device: cuda:0
[2026-01-26 10:00:50,041] [INFO] [CLIENT INIT] Mode=SH | Sparsity=ON (UsedSparsity=0.6) | Clusters=OFF (UsedClusters=-) | EnvSparsityCfg={'Conv': 0.6, 'Linear': 0.6, 'Bias': 0.0, 'BatchNorm': 0.0} | EnvNClusters=3
[2026-01-26 10:00:51,610] [INFO] Model initialized on device: cuda:0
[2026-01-26 10:00:51,610] [INFO] [CLIENT INIT] Mode=SH | Sparsity=ON (UsedSparsity=0.6) | Clusters=OFF (UsedClusters=-) | EnvSparsityCfg={'Conv': 0.6, 'Linear': 0.6, 'Bias': 0.0, 'BatchNorm': 0.0} | EnvNClusters=3
[2026-01-26 10:00:51,637] [INFO] Model initialized on device: cuda:0
[2026-01-26 10:00:51,637] [INFO] [CLIENT INIT] Mode=SH | Sparsity=ON (UsedSparsity=0.6) | Clusters=OFF (UsedClusters=-) | EnvSparsityCfg={'Conv': 0.6, 'Linear': 0.6, 'Bias': 0.0, 'BatchNorm': 0.0} | EnvNClusters=3
[2026-01-26 10:00:51,714] [INFO] Model initialized on device: cuda:0
[2026-01-26 10:00:51,714] [INFO] [CLIENT INIT] Mode=SH | Sparsity=ON (UsedSparsity=0.6) | Clusters=OFF (UsedClusters=-) | EnvSparsityCfg={'Conv': 0.6, 'Linear': 0.6, 'Bias': 0.0, 'BatchNorm': 0.0} | EnvNClusters=3
[2026-01-26 10:00:51,751] [INFO] Model initialized on device: cuda:0
[2026-01-26 10:00:51,751] [INFO] [CLIENT INIT] Mode=SH | Sparsity=ON (UsedSparsity=0.6) | Clusters=OFF (UsedClusters=-) | EnvSparsityCfg={'Conv': 0.6, 'Linear': 0.6, 'Bias': 0.0, 'BatchNorm': 0.0} | EnvNClusters=3
[2026-01-26 10:00:51,808] [INFO] Model initialized on device: cuda:0
[2026-01-26 10:00:51,808] [INFO] [CLIENT INIT] Mode=SH | Sparsity=ON (UsedSparsity=0.6) | Clusters=OFF (UsedClusters=-) | EnvSparsityCfg={'Conv': 0.6, 'Linear': 0.6, 'Bias': 0.0, 'BatchNorm': 0.0} | EnvNClusters=3
[2026-01-26 10:00:51,811] [INFO] Model initialized on device: cuda:0
[2026-01-26 10:00:51,812] [INFO] [CLIENT INIT] Mode=SH | Sparsity=ON (UsedSparsity=0.6) | Clusters=OFF (UsedClusters=-) | EnvSparsityCfg={'Conv': 0.6, 'Linear': 0.6, 'Bias': 0.0, 'BatchNorm': 0.0} | EnvNClusters=3
[2026-01-26 10:00:51,813] [INFO] Model initialized on device: cuda:0
[2026-01-26 10:00:51,813] [INFO] [CLIENT INIT] Mode=SH | Sparsity=ON (UsedSparsity=0.6) | Clusters=OFF (UsedClusters=-) | EnvSparsityCfg={'Conv': 0.6, 'Linear': 0.6, 'Bias': 0.0, 'BatchNorm': 0.0} | EnvNClusters=3
[2026-01-26 10:00:51,815] [INFO] Model initialized on device: cuda:0
[2026-01-26 10:00:51,816] [INFO] [CLIENT INIT] Mode=SH | Sparsity=ON (UsedSparsity=0.6) | Clusters=OFF (UsedClusters=-) | EnvSparsityCfg={'Conv': 0.6, 'Linear': 0.6, 'Bias': 0.0, 'BatchNorm': 0.0} | EnvNClusters=3
[2026-01-26 10:00:58,911] [DEBUG] [TEST] Batch 1 | Pred shape: torch.Size([256, 256, 160]) | Label shape: torch.Size([256, 256, 160])
[2026-01-26 10:00:59,208] [DEBUG] [TEST] Batch 2 | Pred shape: torch.Size([256, 256, 160]) | Label shape: torch.Size([256, 256, 160])
[2026-01-26 10:00:59,643] [DEBUG] [TEST] Batch 3 | Pred shape: torch.Size([256, 256, 160]) | Label shape: torch.Size([256, 256, 160])
[2026-01-26 10:01:00,012] [DEBUG] [TEST] Batch 4 | Pred shape: torch.Size([256, 256, 160]) | Label shape: torch.Size([256, 256, 160])
[2026-01-26 10:01:00,223] [DEBUG] [TEST] Batch 5 | Pred shape: torch.Size([256, 256, 160]) | Label shape: torch.Size([256, 256, 160])
[2026-01-26 10:01:00,354] [DEBUG] [TEST] Batch 6 | Pred shape: torch.Size([256, 256, 160]) | Label shape: torch.Size([256, 256, 160])
[2026-01-26 10:01:00,545] [DEBUG] [TEST] Batch 7 | Pred shape: torch.Size([256, 256, 160]) | Label shape: torch.Size([256, 256, 160])
[2026-01-26 10:01:00,748] [DEBUG] [TEST] Batch 8 | Pred shape: torch.Size([256, 256, 160]) | Label shape: torch.Size([256, 256, 160])
[2026-01-26 10:01:01,009] [DEBUG] [TEST] Batch 9 | Pred shape: torch.Size([256, 256, 160]) | Label shape: torch.Size([256, 256, 160])
[2026-01-26 10:01:01,211] [DEBUG] [TEST] Batch 10 | Pred shape: torch.Size([256, 256, 160]) | Label shape: torch.Size([256, 256, 160])
[2026-01-26 10:01:03,049] [DEBUG] [TEST] Batch 11 | Pred shape: torch.Size([256, 256, 160]) | Label shape: torch.Size([256, 256, 160])
[2026-01-26 10:01:03,252] [DEBUG] [TEST] Batch 12 | Pred shape: torch.Size([256, 256, 160]) | Label shape: torch.Size([256, 256, 160])
[2026-01-26 10:01:03,442] [DEBUG] [TEST] Batch 13 | Pred shape: torch.Size([256, 256, 160]) | Label shape: torch.Size([256, 256, 160])
[2026-01-26 10:01:03,612] [DEBUG] [TEST] Batch 14 | Pred shape: torch.Size([256, 256, 160]) | Label shape: torch.Size([256, 256, 160])
[2026-01-26 10:01:03,808] [DEBUG] [TEST] Batch 15 | Pred shape: torch.Size([256, 256, 160]) | Label shape: torch.Size([256, 256, 160])
[2026-01-26 10:01:04,011] [DEBUG] [TEST] Batch 16 | Pred shape: torch.Size([256, 256, 160]) | Label shape: torch.Size([256, 256, 160])
[2026-01-26 10:01:09,931] [INFO] [FIT] Final model saved to: Revision2/Run_UNET_NonIID_SH_20260126/Client3/model_final.pth
[2026-01-26 10:02:09,670] [INFO] [COMM][CLIENT] Round=-1 Mode=SH UsedSparsity=0.6 UsedClusters=- BaselineBits=154016352.0 CompressedBits=161249136.5 CR=0.955
[2026-01-26 10:10:17,645] [INFO] [EVALUATE] Starting evaluation...
[2026-01-26 10:10:19,314] [INFO] [DEBUG] Loaded compressed decoded weights.
[2026-01-26 10:11:21,357] [INFO] Model initialized on device: cuda:0
[2026-01-26 10:11:21,357] [INFO] [CLIENT INIT] Mode=SH | Sparsity=ON (UsedSparsity=0.6) | Clusters=OFF (UsedClusters=-) | EnvSparsityCfg={'Conv': 0.6, 'Linear': 0.6, 'Bias': 0.0, 'BatchNorm': 0.0} | EnvNClusters=3
[2026-01-26 10:11:21,826] [INFO] Model initialized on device: cuda:0
[2026-01-26 10:11:21,826] [INFO] [CLIENT INIT] Mode=SH | Sparsity=ON (UsedSparsity=0.6) | Clusters=OFF (UsedClusters=-) | EnvSparsityCfg={'Conv': 0.6, 'Linear': 0.6, 'Bias': 0.0, 'BatchNorm': 0.0} | EnvNClusters=3
[2026-01-26 10:11:21,836] [INFO] Model initialized on device: cuda:0
[2026-01-26 10:11:21,836] [INFO] [CLIENT INIT] Mode=SH | Sparsity=ON (UsedSparsity=0.6) | Clusters=OFF (UsedClusters=-) | EnvSparsityCfg={'Conv': 0.6, 'Linear': 0.6, 'Bias': 0.0, 'BatchNorm': 0.0} | EnvNClusters=3
[2026-01-26 10:11:21,844] [INFO] Model initialized on device: cuda:0
[2026-01-26 10:11:21,844] [INFO] [CLIENT INIT] Mode=SH | Sparsity=ON (UsedSparsity=0.6) | Clusters=OFF (UsedClusters=-) | EnvSparsityCfg={'Conv': 0.6, 'Linear': 0.6, 'Bias': 0.0, 'BatchNorm': 0.0} | EnvNClusters=3
[2026-01-26 10:11:22,516] [INFO] Model initialized on device: cuda:0
[2026-01-26 10:11:22,516] [INFO] [CLIENT INIT] Mode=SH | Sparsity=ON (UsedSparsity=0.6) | Clusters=OFF (UsedClusters=-) | EnvSparsityCfg={'Conv': 0.6, 'Linear': 0.6, 'Bias': 0.0, 'BatchNorm': 0.0} | EnvNClusters=3
[2026-01-26 10:11:22,521] [INFO] Model initialized on device: cuda:0
[2026-01-26 10:11:22,521] [INFO] [CLIENT INIT] Mode=SH | Sparsity=ON (UsedSparsity=0.6) | Clusters=OFF (UsedClusters=-) | EnvSparsityCfg={'Conv': 0.6, 'Linear': 0.6, 'Bias': 0.0, 'BatchNorm': 0.0} | EnvNClusters=3
[2026-01-26 10:11:22,522] [INFO] Model initialized on device: cuda:0
[2026-01-26 10:11:22,522] [INFO] [CLIENT INIT] Mode=SH | Sparsity=ON (UsedSparsity=0.6) | Clusters=OFF (UsedClusters=-) | EnvSparsityCfg={'Conv': 0.6, 'Linear': 0.6, 'Bias': 0.0, 'BatchNorm': 0.0} | EnvNClusters=3
[2026-01-26 10:11:22,609] [INFO] Model initialized on device: cuda:0
[2026-01-26 10:11:22,609] [INFO] [CLIENT INIT] Mode=SH | Sparsity=ON (UsedSparsity=0.6) | Clusters=OFF (UsedClusters=-) | EnvSparsityCfg={'Conv': 0.6, 'Linear': 0.6, 'Bias': 0.0, 'BatchNorm': 0.0} | EnvNClusters=3
[2026-01-26 10:11:22,613] [INFO] Model initialized on device: cuda:0
[2026-01-26 10:11:22,613] [INFO] [CLIENT INIT] Mode=SH | Sparsity=ON (UsedSparsity=0.6) | Clusters=OFF (UsedClusters=-) | EnvSparsityCfg={'Conv': 0.6, 'Linear': 0.6, 'Bias': 0.0, 'BatchNorm': 0.0} | EnvNClusters=3
[2026-01-26 10:11:22,614] [INFO] Model initialized on device: cuda:0
[2026-01-26 10:11:22,614] [INFO] [CLIENT INIT] Mode=SH | Sparsity=ON (UsedSparsity=0.6) | Clusters=OFF (UsedClusters=-) | EnvSparsityCfg={'Conv': 0.6, 'Linear': 0.6, 'Bias': 0.0, 'BatchNorm': 0.0} | EnvNClusters=3
[2026-01-26 10:11:30,317] [DEBUG] [TEST] Batch 1 | Pred shape: torch.Size([256, 256, 160]) | Label shape: torch.Size([256, 256, 160])
[2026-01-26 10:11:31,016] [DEBUG] [TEST] Batch 2 | Pred shape: torch.Size([256, 256, 160]) | Label shape: torch.Size([256, 256, 160])
[2026-01-26 10:11:31,134] [DEBUG] [TEST] Batch 3 | Pred shape: torch.Size([256, 256, 160]) | Label shape: torch.Size([256, 256, 160])
[2026-01-26 10:11:31,413] [DEBUG] [TEST] Batch 4 | Pred shape: torch.Size([256, 256, 160]) | Label shape: torch.Size([256, 256, 160])
[2026-01-26 10:11:31,712] [DEBUG] [TEST] Batch 5 | Pred shape: torch.Size([256, 256, 160]) | Label shape: torch.Size([256, 256, 160])
[2026-01-26 10:11:31,939] [DEBUG] [TEST] Batch 6 | Pred shape: torch.Size([256, 256, 160]) | Label shape: torch.Size([256, 256, 160])
[2026-01-26 10:11:32,236] [DEBUG] [TEST] Batch 7 | Pred shape: torch.Size([256, 256, 160]) | Label shape: torch.Size([256, 256, 160])
[2026-01-26 10:11:32,413] [DEBUG] [TEST] Batch 8 | Pred shape: torch.Size([256, 256, 160]) | Label shape: torch.Size([256, 256, 160])
[2026-01-26 10:11:32,530] [DEBUG] [TEST] Batch 9 | Pred shape: torch.Size([256, 256, 160]) | Label shape: torch.Size([256, 256, 160])
[2026-01-26 10:11:32,714] [DEBUG] [TEST] Batch 10 | Pred shape: torch.Size([256, 256, 160]) | Label shape: torch.Size([256, 256, 160])
[2026-01-26 10:11:35,158] [DEBUG] [TEST] Batch 11 | Pred shape: torch.Size([256, 256, 160]) | Label shape: torch.Size([256, 256, 160])
[2026-01-26 10:11:35,517] [DEBUG] [TEST] Batch 12 | Pred shape: torch.Size([256, 256, 160]) | Label shape: torch.Size([256, 256, 160])
[2026-01-26 10:11:35,747] [DEBUG] [TEST] Batch 13 | Pred shape: torch.Size([256, 256, 160]) | Label shape: torch.Size([256, 256, 160])
[2026-01-26 10:11:36,035] [DEBUG] [TEST] Batch 14 | Pred shape: torch.Size([256, 256, 160]) | Label shape: torch.Size([256, 256, 160])
[2026-01-26 10:11:36,324] [DEBUG] [TEST] Batch 15 | Pred shape: torch.Size([256, 256, 160]) | Label shape: torch.Size([256, 256, 160])
[2026-01-26 10:11:36,522] [DEBUG] [TEST] Batch 16 | Pred shape: torch.Size([256, 256, 160]) | Label shape: torch.Size([256, 256, 160])
[2026-01-26 10:11:45,363] [INFO] [EVALUATE] Dice WT: 0.9110
[2026-01-26 10:12:03,609] [INFO] [FIT] Received parameters. Starting local training...
[2026-01-26 10:12:05,715] [INFO] [DEBUG] Loaded compressed decoded weights.
[2026-01-26 10:13:03,842] [INFO] Model initialized on device: cuda:0
[2026-01-26 10:13:03,842] [INFO] [CLIENT INIT] Mode=SH | Sparsity=ON (UsedSparsity=0.6) | Clusters=OFF (UsedClusters=-) | EnvSparsityCfg={'Conv': 0.6, 'Linear': 0.6, 'Bias': 0.0, 'BatchNorm': 0.0} | EnvNClusters=3
[2026-01-26 10:13:05,713] [INFO] Model initialized on device: cuda:0
[2026-01-26 10:13:05,713] [INFO] [CLIENT INIT] Mode=SH | Sparsity=ON (UsedSparsity=0.6) | Clusters=OFF (UsedClusters=-) | EnvSparsityCfg={'Conv': 0.6, 'Linear': 0.6, 'Bias': 0.0, 'BatchNorm': 0.0} | EnvNClusters=3
[2026-01-26 10:13:06,737] [INFO] Model initialized on device: cuda:0
[2026-01-26 10:13:06,737] [INFO] [CLIENT INIT] Mode=SH | Sparsity=ON (UsedSparsity=0.6) | Clusters=OFF (UsedClusters=-) | EnvSparsityCfg={'Conv': 0.6, 'Linear': 0.6, 'Bias': 0.0, 'BatchNorm': 0.0} | EnvNClusters=3
[2026-01-26 10:13:07,020] [INFO] Model initialized on device: cuda:0
[2026-01-26 10:13:07,020] [INFO] [CLIENT INIT] Mode=SH | Sparsity=ON (UsedSparsity=0.6) | Clusters=OFF (UsedClusters=-) | EnvSparsityCfg={'Conv': 0.6, 'Linear': 0.6, 'Bias': 0.0, 'BatchNorm': 0.0} | EnvNClusters=3
[2026-01-26 10:13:07,113] [INFO] Model initialized on device: cuda:0
[2026-01-26 10:13:07,113] [INFO] [CLIENT INIT] Mode=SH | Sparsity=ON (UsedSparsity=0.6) | Clusters=OFF (UsedClusters=-) | EnvSparsityCfg={'Conv': 0.6, 'Linear': 0.6, 'Bias': 0.0, 'BatchNorm': 0.0} | EnvNClusters=3
[2026-01-26 10:13:07,114] [INFO] Model initialized on device: cuda:0
[2026-01-26 10:13:07,114] [INFO] [CLIENT INIT] Mode=SH | Sparsity=ON (UsedSparsity=0.6) | Clusters=OFF (UsedClusters=-) | EnvSparsityCfg={'Conv': 0.6, 'Linear': 0.6, 'Bias': 0.0, 'BatchNorm': 0.0} | EnvNClusters=3
[2026-01-26 10:13:07,513] [INFO] Model initialized on device: cuda:0
[2026-01-26 10:13:07,513] [INFO] [CLIENT INIT] Mode=SH | Sparsity=ON (UsedSparsity=0.6) | Clusters=OFF (UsedClusters=-) | EnvSparsityCfg={'Conv': 0.6, 'Linear': 0.6, 'Bias': 0.0, 'BatchNorm': 0.0} | EnvNClusters=3
[2026-01-26 10:13:07,522] [INFO] Model initialized on device: cuda:0
[2026-01-26 10:13:07,522] [INFO] [CLIENT INIT] Mode=SH | Sparsity=ON (UsedSparsity=0.6) | Clusters=OFF (UsedClusters=-) | EnvSparsityCfg={'Conv': 0.6, 'Linear': 0.6, 'Bias': 0.0, 'BatchNorm': 0.0} | EnvNClusters=3
[2026-01-26 10:13:07,526] [INFO] Model initialized on device: cuda:0
[2026-01-26 10:13:07,526] [INFO] [CLIENT INIT] Mode=SH | Sparsity=ON (UsedSparsity=0.6) | Clusters=OFF (UsedClusters=-) | EnvSparsityCfg={'Conv': 0.6, 'Linear': 0.6, 'Bias': 0.0, 'BatchNorm': 0.0} | EnvNClusters=3
[2026-01-26 10:13:07,528] [INFO] Model initialized on device: cuda:0
[2026-01-26 10:13:07,528] [INFO] [CLIENT INIT] Mode=SH | Sparsity=ON (UsedSparsity=0.6) | Clusters=OFF (UsedClusters=-) | EnvSparsityCfg={'Conv': 0.6, 'Linear': 0.6, 'Bias': 0.0, 'BatchNorm': 0.0} | EnvNClusters=3
[2026-01-26 10:14:57,037] [INFO] [TRAIN] Epoch 1 Loss: 0.1997
[2026-01-26 10:15:50,537] [INFO] Model initialized on device: cuda:0
[2026-01-26 10:15:50,538] [INFO] [CLIENT INIT] Mode=SH | Sparsity=ON (UsedSparsity=0.6) | Clusters=OFF (UsedClusters=-) | EnvSparsityCfg={'Conv': 0.6, 'Linear': 0.6, 'Bias': 0.0, 'BatchNorm': 0.0} | EnvNClusters=3
[2026-01-26 10:15:50,815] [INFO] Model initialized on device: cuda:0
[2026-01-26 10:15:50,815] [INFO] [CLIENT INIT] Mode=SH | Sparsity=ON (UsedSparsity=0.6) | Clusters=OFF (UsedClusters=-) | EnvSparsityCfg={'Conv': 0.6, 'Linear': 0.6, 'Bias': 0.0, 'BatchNorm': 0.0} | EnvNClusters=3
[2026-01-26 10:15:50,819] [INFO] Model initialized on device: cuda:0
[2026-01-26 10:15:50,819] [INFO] [CLIENT INIT] Mode=SH | Sparsity=ON (UsedSparsity=0.6) | Clusters=OFF (UsedClusters=-) | EnvSparsityCfg={'Conv': 0.6, 'Linear': 0.6, 'Bias': 0.0, 'BatchNorm': 0.0} | EnvNClusters=3
[2026-01-26 10:15:50,920] [INFO] Model initialized on device: cuda:0
[2026-01-26 10:15:50,920] [INFO] [CLIENT INIT] Mode=SH | Sparsity=ON (UsedSparsity=0.6) | Clusters=OFF (UsedClusters=-) | EnvSparsityCfg={'Conv': 0.6, 'Linear': 0.6, 'Bias': 0.0, 'BatchNorm': 0.0} | EnvNClusters=3
[2026-01-26 10:15:51,243] [INFO] Model initialized on device: cuda:0
[2026-01-26 10:15:51,243] [INFO] [CLIENT INIT] Mode=SH | Sparsity=ON (UsedSparsity=0.6) | Clusters=OFF (UsedClusters=-) | EnvSparsityCfg={'Conv': 0.6, 'Linear': 0.6, 'Bias': 0.0, 'BatchNorm': 0.0} | EnvNClusters=3
[2026-01-26 10:15:51,419] [INFO] Model initialized on device: cuda:0
[2026-01-26 10:15:51,419] [INFO] [CLIENT INIT] Mode=SH | Sparsity=ON (UsedSparsity=0.6) | Clusters=OFF (UsedClusters=-) | EnvSparsityCfg={'Conv': 0.6, 'Linear': 0.6, 'Bias': 0.0, 'BatchNorm': 0.0} | EnvNClusters=3
[2026-01-26 10:15:51,419] [INFO] Model initialized on device: cuda:0
[2026-01-26 10:15:51,419] [INFO] [CLIENT INIT] Mode=SH | Sparsity=ON (UsedSparsity=0.6) | Clusters=OFF (UsedClusters=-) | EnvSparsityCfg={'Conv': 0.6, 'Linear': 0.6, 'Bias': 0.0, 'BatchNorm': 0.0} | EnvNClusters=3
[2026-01-26 10:15:51,428] [INFO] Model initialized on device: cuda:0
[2026-01-26 10:15:51,428] [INFO] [CLIENT INIT] Mode=SH | Sparsity=ON (UsedSparsity=0.6) | Clusters=OFF (UsedClusters=-) | EnvSparsityCfg={'Conv': 0.6, 'Linear': 0.6, 'Bias': 0.0, 'BatchNorm': 0.0} | EnvNClusters=3
[2026-01-26 10:15:51,511] [INFO] Model initialized on device: cuda:0
[2026-01-26 10:15:51,511] [INFO] [CLIENT INIT] Mode=SH | Sparsity=ON (UsedSparsity=0.6) | Clusters=OFF (UsedClusters=-) | EnvSparsityCfg={'Conv': 0.6, 'Linear': 0.6, 'Bias': 0.0, 'BatchNorm': 0.0} | EnvNClusters=3
[2026-01-26 10:15:51,524] [INFO] Model initialized on device: cuda:0
[2026-01-26 10:15:51,524] [INFO] [CLIENT INIT] Mode=SH | Sparsity=ON (UsedSparsity=0.6) | Clusters=OFF (UsedClusters=-) | EnvSparsityCfg={'Conv': 0.6, 'Linear': 0.6, 'Bias': 0.0, 'BatchNorm': 0.0} | EnvNClusters=3
[2026-01-26 10:17:37,138] [INFO] [TRAIN] Epoch 2 Loss: 0.1791
[2026-01-26 10:18:19,447] [INFO] Model initialized on device: cuda:0
[2026-01-26 10:18:19,447] [INFO] [CLIENT INIT] Mode=SH | Sparsity=ON (UsedSparsity=0.6) | Clusters=OFF (UsedClusters=-) | EnvSparsityCfg={'Conv': 0.6, 'Linear': 0.6, 'Bias': 0.0, 'BatchNorm': 0.0} | EnvNClusters=3
[2026-01-26 10:18:19,613] [INFO] Model initialized on device: cuda:0
[2026-01-26 10:18:19,613] [INFO] [CLIENT INIT] Mode=SH | Sparsity=ON (UsedSparsity=0.6) | Clusters=OFF (UsedClusters=-) | EnvSparsityCfg={'Conv': 0.6, 'Linear': 0.6, 'Bias': 0.0, 'BatchNorm': 0.0} | EnvNClusters=3
[2026-01-26 10:18:19,814] [INFO] Model initialized on device: cuda:0
[2026-01-26 10:18:19,815] [INFO] [CLIENT INIT] Mode=SH | Sparsity=ON (UsedSparsity=0.6) | Clusters=OFF (UsedClusters=-) | EnvSparsityCfg={'Conv': 0.6, 'Linear': 0.6, 'Bias': 0.0, 'BatchNorm': 0.0} | EnvNClusters=3
[2026-01-26 10:18:19,926] [INFO] Model initialized on device: cuda:0
[2026-01-26 10:18:20,007] [INFO] [CLIENT INIT] Mode=SH | Sparsity=ON (UsedSparsity=0.6) | Clusters=OFF (UsedClusters=-) | EnvSparsityCfg={'Conv': 0.6, 'Linear': 0.6, 'Bias': 0.0, 'BatchNorm': 0.0} | EnvNClusters=3
[2026-01-26 10:18:20,120] [INFO] Model initialized on device: cuda:0
[2026-01-26 10:18:20,121] [INFO] [CLIENT INIT] Mode=SH | Sparsity=ON (UsedSparsity=0.6) | Clusters=OFF (UsedClusters=-) | EnvSparsityCfg={'Conv': 0.6, 'Linear': 0.6, 'Bias': 0.0, 'BatchNorm': 0.0} | EnvNClusters=3
[2026-01-26 10:18:20,219] [INFO] Model initialized on device: cuda:0
[2026-01-26 10:18:20,219] [INFO] Model initialized on device: cuda:0
[2026-01-26 10:18:20,219] [INFO] [CLIENT INIT] Mode=SH | Sparsity=ON (UsedSparsity=0.6) | Clusters=OFF (UsedClusters=-) | EnvSparsityCfg={'Conv': 0.6, 'Linear': 0.6, 'Bias': 0.0, 'BatchNorm': 0.0} | EnvNClusters=3
[2026-01-26 10:18:20,219] [INFO] [CLIENT INIT] Mode=SH | Sparsity=ON (UsedSparsity=0.6) | Clusters=OFF (UsedClusters=-) | EnvSparsityCfg={'Conv': 0.6, 'Linear': 0.6, 'Bias': 0.0, 'BatchNorm': 0.0} | EnvNClusters=3
[2026-01-26 10:18:20,235] [INFO] Model initialized on device: cuda:0
[2026-01-26 10:18:20,235] [INFO] [CLIENT INIT] Mode=SH | Sparsity=ON (UsedSparsity=0.6) | Clusters=OFF (UsedClusters=-) | EnvSparsityCfg={'Conv': 0.6, 'Linear': 0.6, 'Bias': 0.0, 'BatchNorm': 0.0} | EnvNClusters=3
[2026-01-26 10:18:20,236] [INFO] Model initialized on device: cuda:0
[2026-01-26 10:18:20,236] [INFO] [CLIENT INIT] Mode=SH | Sparsity=ON (UsedSparsity=0.6) | Clusters=OFF (UsedClusters=-) | EnvSparsityCfg={'Conv': 0.6, 'Linear': 0.6, 'Bias': 0.0, 'BatchNorm': 0.0} | EnvNClusters=3
[2026-01-26 10:18:20,245] [INFO] Model initialized on device: cuda:0
[2026-01-26 10:18:20,245] [INFO] [CLIENT INIT] Mode=SH | Sparsity=ON (UsedSparsity=0.6) | Clusters=OFF (UsedClusters=-) | EnvSparsityCfg={'Conv': 0.6, 'Linear': 0.6, 'Bias': 0.0, 'BatchNorm': 0.0} | EnvNClusters=3
[2026-01-26 10:20:03,248] [INFO] [TRAIN] Epoch 3 Loss: 0.1655
[2026-01-26 10:20:53,025] [INFO] Model initialized on device: cuda:0
[2026-01-26 10:20:53,025] [INFO] [CLIENT INIT] Mode=SH | Sparsity=ON (UsedSparsity=0.6) | Clusters=OFF (UsedClusters=-) | EnvSparsityCfg={'Conv': 0.6, 'Linear': 0.6, 'Bias': 0.0, 'BatchNorm': 0.0} | EnvNClusters=3
[2026-01-26 10:20:53,026] [INFO] Model initialized on device: cuda:0
[2026-01-26 10:20:53,026] [INFO] [CLIENT INIT] Mode=SH | Sparsity=ON (UsedSparsity=0.6) | Clusters=OFF (UsedClusters=-) | EnvSparsityCfg={'Conv': 0.6, 'Linear': 0.6, 'Bias': 0.0, 'BatchNorm': 0.0} | EnvNClusters=3
[2026-01-26 10:20:54,031] [INFO] Model initialized on device: cuda:0
[2026-01-26 10:20:54,031] [INFO] [CLIENT INIT] Mode=SH | Sparsity=ON (UsedSparsity=0.6) | Clusters=OFF (UsedClusters=-) | EnvSparsityCfg={'Conv': 0.6, 'Linear': 0.6, 'Bias': 0.0, 'BatchNorm': 0.0} | EnvNClusters=3
[2026-01-26 10:20:54,321] [INFO] Model initialized on device: cuda:0
[2026-01-26 10:20:54,321] [INFO] [CLIENT INIT] Mode=SH | Sparsity=ON (UsedSparsity=0.6) | Clusters=OFF (UsedClusters=-) | EnvSparsityCfg={'Conv': 0.6, 'Linear': 0.6, 'Bias': 0.0, 'BatchNorm': 0.0} | EnvNClusters=3
[2026-01-26 10:20:54,412] [INFO] Model initialized on device: cuda:0
[2026-01-26 10:20:54,412] [INFO] [CLIENT INIT] Mode=SH | Sparsity=ON (UsedSparsity=0.6) | Clusters=OFF (UsedClusters=-) | EnvSparsityCfg={'Conv': 0.6, 'Linear': 0.6, 'Bias': 0.0, 'BatchNorm': 0.0} | EnvNClusters=3
[2026-01-26 10:20:54,421] [INFO] Model initialized on device: cuda:0
[2026-01-26 10:20:54,422] [INFO] [CLIENT INIT] Mode=SH | Sparsity=ON (UsedSparsity=0.6) | Clusters=OFF (UsedClusters=-) | EnvSparsityCfg={'Conv': 0.6, 'Linear': 0.6, 'Bias': 0.0, 'BatchNorm': 0.0} | EnvNClusters=3
[2026-01-26 10:20:54,443] [INFO] Model initialized on device: cuda:0
[2026-01-26 10:20:54,443] [INFO] [CLIENT INIT] Mode=SH | Sparsity=ON (UsedSparsity=0.6) | Clusters=OFF (UsedClusters=-) | EnvSparsityCfg={'Conv': 0.6, 'Linear': 0.6, 'Bias': 0.0, 'BatchNorm': 0.0} | EnvNClusters=3
[2026-01-26 10:20:54,513] [INFO] Model initialized on device: cuda:0
[2026-01-26 10:20:54,513] [INFO] [CLIENT INIT] Mode=SH | Sparsity=ON (UsedSparsity=0.6) | Clusters=OFF (UsedClusters=-) | EnvSparsityCfg={'Conv': 0.6, 'Linear': 0.6, 'Bias': 0.0, 'BatchNorm': 0.0} | EnvNClusters=3
[2026-01-26 10:20:54,513] [INFO] Model initialized on device: cuda:0
[2026-01-26 10:20:54,513] [INFO] [CLIENT INIT] Mode=SH | Sparsity=ON (UsedSparsity=0.6) | Clusters=OFF (UsedClusters=-) | EnvSparsityCfg={'Conv': 0.6, 'Linear': 0.6, 'Bias': 0.0, 'BatchNorm': 0.0} | EnvNClusters=3
[2026-01-26 10:20:54,513] [INFO] Model initialized on device: cuda:0
[2026-01-26 10:20:54,514] [INFO] [CLIENT INIT] Mode=SH | Sparsity=ON (UsedSparsity=0.6) | Clusters=OFF (UsedClusters=-) | EnvSparsityCfg={'Conv': 0.6, 'Linear': 0.6, 'Bias': 0.0, 'BatchNorm': 0.0} | EnvNClusters=3
[2026-01-26 10:22:37,318] [INFO] [TRAIN] Epoch 4 Loss: 0.1596
[2026-01-26 10:23:32,114] [INFO] Model initialized on device: cuda:0
[2026-01-26 10:23:32,114] [INFO] [CLIENT INIT] Mode=SH | Sparsity=ON (UsedSparsity=0.6) | Clusters=OFF (UsedClusters=-) | EnvSparsityCfg={'Conv': 0.6, 'Linear': 0.6, 'Bias': 0.0, 'BatchNorm': 0.0} | EnvNClusters=3
[2026-01-26 10:23:32,337] [INFO] Model initialized on device: cuda:0
[2026-01-26 10:23:32,338] [INFO] [CLIENT INIT] Mode=SH | Sparsity=ON (UsedSparsity=0.6) | Clusters=OFF (UsedClusters=-) | EnvSparsityCfg={'Conv': 0.6, 'Linear': 0.6, 'Bias': 0.0, 'BatchNorm': 0.0} | EnvNClusters=3
[2026-01-26 10:23:32,613] [INFO] Model initialized on device: cuda:0
[2026-01-26 10:23:32,613] [INFO] [CLIENT INIT] Mode=SH | Sparsity=ON (UsedSparsity=0.6) | Clusters=OFF (UsedClusters=-) | EnvSparsityCfg={'Conv': 0.6, 'Linear': 0.6, 'Bias': 0.0, 'BatchNorm': 0.0} | EnvNClusters=3
[2026-01-26 10:23:32,742] [INFO] Model initialized on device: cuda:0
[2026-01-26 10:23:32,743] [INFO] [CLIENT INIT] Mode=SH | Sparsity=ON (UsedSparsity=0.6) | Clusters=OFF (UsedClusters=-) | EnvSparsityCfg={'Conv': 0.6, 'Linear': 0.6, 'Bias': 0.0, 'BatchNorm': 0.0} | EnvNClusters=3
[2026-01-26 10:23:32,746] [INFO] Model initialized on device: cuda:0
[2026-01-26 10:23:32,746] [INFO] [CLIENT INIT] Mode=SH | Sparsity=ON (UsedSparsity=0.6) | Clusters=OFF (UsedClusters=-) | EnvSparsityCfg={'Conv': 0.6, 'Linear': 0.6, 'Bias': 0.0, 'BatchNorm': 0.0} | EnvNClusters=3
[2026-01-26 10:23:32,814] [INFO] Model initialized on device: cuda:0
[2026-01-26 10:23:32,814] [INFO] [CLIENT INIT] Mode=SH | Sparsity=ON (UsedSparsity=0.6) | Clusters=OFF (UsedClusters=-) | EnvSparsityCfg={'Conv': 0.6, 'Linear': 0.6, 'Bias': 0.0, 'BatchNorm': 0.0} | EnvNClusters=3
[2026-01-26 10:23:32,908] [INFO] Model initialized on device: cuda:0
[2026-01-26 10:23:32,908] [INFO] [CLIENT INIT] Mode=SH | Sparsity=ON (UsedSparsity=0.6) | Clusters=OFF (UsedClusters=-) | EnvSparsityCfg={'Conv': 0.6, 'Linear': 0.6, 'Bias': 0.0, 'BatchNorm': 0.0} | EnvNClusters=3
[2026-01-26 10:23:32,913] [INFO] Model initialized on device: cuda:0
[2026-01-26 10:23:32,914] [INFO] [CLIENT INIT] Mode=SH | Sparsity=ON (UsedSparsity=0.6) | Clusters=OFF (UsedClusters=-) | EnvSparsityCfg={'Conv': 0.6, 'Linear': 0.6, 'Bias': 0.0, 'BatchNorm': 0.0} | EnvNClusters=3
[2026-01-26 10:23:32,918] [INFO] Model initialized on device: cuda:0
[2026-01-26 10:23:32,919] [INFO] [CLIENT INIT] Mode=SH | Sparsity=ON (UsedSparsity=0.6) | Clusters=OFF (UsedClusters=-) | EnvSparsityCfg={'Conv': 0.6, 'Linear': 0.6, 'Bias': 0.0, 'BatchNorm': 0.0} | EnvNClusters=3
[2026-01-26 10:23:32,926] [INFO] Model initialized on device: cuda:0
[2026-01-26 10:23:32,926] [INFO] [CLIENT INIT] Mode=SH | Sparsity=ON (UsedSparsity=0.6) | Clusters=OFF (UsedClusters=-) | EnvSparsityCfg={'Conv': 0.6, 'Linear': 0.6, 'Bias': 0.0, 'BatchNorm': 0.0} | EnvNClusters=3
[2026-01-26 10:25:22,118] [INFO] [TRAIN] Epoch 5 Loss: 0.1588
[2026-01-26 10:25:22,120] [INFO] [FIT] Local training finished. Avg Loss: 0.1725
[2026-01-26 10:25:55,941] [INFO] Model initialized on device: cuda:0
[2026-01-26 10:25:55,941] [INFO] [CLIENT INIT] Mode=SH | Sparsity=ON (UsedSparsity=0.6) | Clusters=OFF (UsedClusters=-) | EnvSparsityCfg={'Conv': 0.6, 'Linear': 0.6, 'Bias': 0.0, 'BatchNorm': 0.0} | EnvNClusters=3
[2026-01-26 10:25:58,721] [INFO] Model initialized on device: cuda:0
[2026-01-26 10:25:58,721] [INFO] [CLIENT INIT] Mode=SH | Sparsity=ON (UsedSparsity=0.6) | Clusters=OFF (UsedClusters=-) | EnvSparsityCfg={'Conv': 0.6, 'Linear': 0.6, 'Bias': 0.0, 'BatchNorm': 0.0} | EnvNClusters=3
[2026-01-26 10:25:58,911] [INFO] Model initialized on device: cuda:0
[2026-01-26 10:25:58,911] [INFO] [CLIENT INIT] Mode=SH | Sparsity=ON (UsedSparsity=0.6) | Clusters=OFF (UsedClusters=-) | EnvSparsityCfg={'Conv': 0.6, 'Linear': 0.6, 'Bias': 0.0, 'BatchNorm': 0.0} | EnvNClusters=3
[2026-01-26 10:26:04,924] [INFO] Model initialized on device: cuda:0
[2026-01-26 10:26:04,925] [INFO] [CLIENT INIT] Mode=SH | Sparsity=ON (UsedSparsity=0.6) | Clusters=OFF (UsedClusters=-) | EnvSparsityCfg={'Conv': 0.6, 'Linear': 0.6, 'Bias': 0.0, 'BatchNorm': 0.0} | EnvNClusters=3
[2026-01-26 10:26:05,011] [INFO] Model initialized on device: cuda:0
[2026-01-26 10:26:05,012] [INFO] [CLIENT INIT] Mode=SH | Sparsity=ON (UsedSparsity=0.6) | Clusters=OFF (UsedClusters=-) | EnvSparsityCfg={'Conv': 0.6, 'Linear': 0.6, 'Bias': 0.0, 'BatchNorm': 0.0} | EnvNClusters=3
[2026-01-26 10:26:05,111] [INFO] Model initialized on device: cuda:0
[2026-01-26 10:26:05,111] [INFO] [CLIENT INIT] Mode=SH | Sparsity=ON (UsedSparsity=0.6) | Clusters=OFF (UsedClusters=-) | EnvSparsityCfg={'Conv': 0.6, 'Linear': 0.6, 'Bias': 0.0, 'BatchNorm': 0.0} | EnvNClusters=3
[2026-01-26 10:26:05,130] [INFO] Model initialized on device: cuda:0
[2026-01-26 10:26:05,131] [INFO] [CLIENT INIT] Mode=SH | Sparsity=ON (UsedSparsity=0.6) | Clusters=OFF (UsedClusters=-) | EnvSparsityCfg={'Conv': 0.6, 'Linear': 0.6, 'Bias': 0.0, 'BatchNorm': 0.0} | EnvNClusters=3
[2026-01-26 10:26:05,137] [INFO] Model initialized on device: cuda:0
[2026-01-26 10:26:05,138] [INFO] [CLIENT INIT] Mode=SH | Sparsity=ON (UsedSparsity=0.6) | Clusters=OFF (UsedClusters=-) | EnvSparsityCfg={'Conv': 0.6, 'Linear': 0.6, 'Bias': 0.0, 'BatchNorm': 0.0} | EnvNClusters=3
[2026-01-26 10:26:05,207] [INFO] Model initialized on device: cuda:0
[2026-01-26 10:26:05,208] [INFO] [CLIENT INIT] Mode=SH | Sparsity=ON (UsedSparsity=0.6) | Clusters=OFF (UsedClusters=-) | EnvSparsityCfg={'Conv': 0.6, 'Linear': 0.6, 'Bias': 0.0, 'BatchNorm': 0.0} | EnvNClusters=3
[2026-01-26 10:26:05,208] [INFO] Model initialized on device: cuda:0
[2026-01-26 10:26:05,208] [INFO] [CLIENT INIT] Mode=SH | Sparsity=ON (UsedSparsity=0.6) | Clusters=OFF (UsedClusters=-) | EnvSparsityCfg={'Conv': 0.6, 'Linear': 0.6, 'Bias': 0.0, 'BatchNorm': 0.0} | EnvNClusters=3
[2026-01-26 10:26:12,957] [DEBUG] [TEST] Batch 1 | Pred shape: torch.Size([256, 256, 160]) | Label shape: torch.Size([256, 256, 160])
[2026-01-26 10:26:13,115] [DEBUG] [TEST] Batch 2 | Pred shape: torch.Size([256, 256, 160]) | Label shape: torch.Size([256, 256, 160])
[2026-01-26 10:26:13,238] [DEBUG] [TEST] Batch 3 | Pred shape: torch.Size([256, 256, 160]) | Label shape: torch.Size([256, 256, 160])
[2026-01-26 10:26:13,729] [DEBUG] [TEST] Batch 4 | Pred shape: torch.Size([256, 256, 160]) | Label shape: torch.Size([256, 256, 160])
[2026-01-26 10:26:13,847] [DEBUG] [TEST] Batch 5 | Pred shape: torch.Size([256, 256, 160]) | Label shape: torch.Size([256, 256, 160])
[2026-01-26 10:26:14,014] [DEBUG] [TEST] Batch 6 | Pred shape: torch.Size([256, 256, 160]) | Label shape: torch.Size([256, 256, 160])
[2026-01-26 10:26:14,209] [DEBUG] [TEST] Batch 7 | Pred shape: torch.Size([256, 256, 160]) | Label shape: torch.Size([256, 256, 160])
[2026-01-26 10:26:14,411] [DEBUG] [TEST] Batch 8 | Pred shape: torch.Size([256, 256, 160]) | Label shape: torch.Size([256, 256, 160])
[2026-01-26 10:26:14,708] [DEBUG] [TEST] Batch 9 | Pred shape: torch.Size([256, 256, 160]) | Label shape: torch.Size([256, 256, 160])
[2026-01-26 10:26:15,025] [DEBUG] [TEST] Batch 10 | Pred shape: torch.Size([256, 256, 160]) | Label shape: torch.Size([256, 256, 160])
[2026-01-26 10:26:16,609] [DEBUG] [TEST] Batch 11 | Pred shape: torch.Size([256, 256, 160]) | Label shape: torch.Size([256, 256, 160])
[2026-01-26 10:26:16,666] [DEBUG] [TEST] Batch 12 | Pred shape: torch.Size([256, 256, 160]) | Label shape: torch.Size([256, 256, 160])
[2026-01-26 10:26:16,757] [DEBUG] [TEST] Batch 13 | Pred shape: torch.Size([256, 256, 160]) | Label shape: torch.Size([256, 256, 160])
[2026-01-26 10:26:17,647] [DEBUG] [TEST] Batch 14 | Pred shape: torch.Size([256, 256, 160]) | Label shape: torch.Size([256, 256, 160])
[2026-01-26 10:26:17,713] [DEBUG] [TEST] Batch 15 | Pred shape: torch.Size([256, 256, 160]) | Label shape: torch.Size([256, 256, 160])
[2026-01-26 10:26:17,771] [DEBUG] [TEST] Batch 16 | Pred shape: torch.Size([256, 256, 160]) | Label shape: torch.Size([256, 256, 160])
[2026-01-26 10:26:23,650] [INFO] [FIT] Final model saved to: Revision2/Run_UNET_NonIID_SH_20260126/Client3/model_final.pth
[2026-01-26 10:27:25,551] [INFO] [COMM][CLIENT] Round=-1 Mode=SH UsedSparsity=0.6 UsedClusters=- BaselineBits=154016352.0 CompressedBits=164199955.6 CR=0.938
[2026-01-26 10:35:28,880] [INFO] [EVALUATE] Starting evaluation...
[2026-01-26 10:35:31,118] [INFO] [DEBUG] Loaded compressed decoded weights.
[2026-01-26 10:36:32,635] [INFO] Model initialized on device: cuda:0
[2026-01-26 10:36:32,635] [INFO] [CLIENT INIT] Mode=SH | Sparsity=ON (UsedSparsity=0.6) | Clusters=OFF (UsedClusters=-) | EnvSparsityCfg={'Conv': 0.6, 'Linear': 0.6, 'Bias': 0.0, 'BatchNorm': 0.0} | EnvNClusters=3
[2026-01-26 10:36:32,677] [INFO] Model initialized on device: cuda:0
[2026-01-26 10:36:32,677] [INFO] [CLIENT INIT] Mode=SH | Sparsity=ON (UsedSparsity=0.6) | Clusters=OFF (UsedClusters=-) | EnvSparsityCfg={'Conv': 0.6, 'Linear': 0.6, 'Bias': 0.0, 'BatchNorm': 0.0} | EnvNClusters=3
[2026-01-26 10:36:32,719] [INFO] Model initialized on device: cuda:0
[2026-01-26 10:36:32,719] [INFO] [CLIENT INIT] Mode=SH | Sparsity=ON (UsedSparsity=0.6) | Clusters=OFF (UsedClusters=-) | EnvSparsityCfg={'Conv': 0.6, 'Linear': 0.6, 'Bias': 0.0, 'BatchNorm': 0.0} | EnvNClusters=3
[2026-01-26 10:36:32,734] [INFO] Model initialized on device: cuda:0
[2026-01-26 10:36:32,734] [INFO] [CLIENT INIT] Mode=SH | Sparsity=ON (UsedSparsity=0.6) | Clusters=OFF (UsedClusters=-) | EnvSparsityCfg={'Conv': 0.6, 'Linear': 0.6, 'Bias': 0.0, 'BatchNorm': 0.0} | EnvNClusters=3
[2026-01-26 10:36:32,872] [INFO] Model initialized on device: cuda:0
[2026-01-26 10:36:32,872] [INFO] [CLIENT INIT] Mode=SH | Sparsity=ON (UsedSparsity=0.6) | Clusters=OFF (UsedClusters=-) | EnvSparsityCfg={'Conv': 0.6, 'Linear': 0.6, 'Bias': 0.0, 'BatchNorm': 0.0} | EnvNClusters=3
[2026-01-26 10:36:32,916] [INFO] Model initialized on device: cuda:0
[2026-01-26 10:36:32,916] [INFO] [CLIENT INIT] Mode=SH | Sparsity=ON (UsedSparsity=0.6) | Clusters=OFF (UsedClusters=-) | EnvSparsityCfg={'Conv': 0.6, 'Linear': 0.6, 'Bias': 0.0, 'BatchNorm': 0.0} | EnvNClusters=3
[2026-01-26 10:36:32,939] [INFO] Model initialized on device: cuda:0
[2026-01-26 10:36:32,939] [INFO] [CLIENT INIT] Mode=SH | Sparsity=ON (UsedSparsity=0.6) | Clusters=OFF (UsedClusters=-) | EnvSparsityCfg={'Conv': 0.6, 'Linear': 0.6, 'Bias': 0.0, 'BatchNorm': 0.0} | EnvNClusters=3
[2026-01-26 10:36:33,338] [INFO] Model initialized on device: cuda:0
[2026-01-26 10:36:33,338] [INFO] [CLIENT INIT] Mode=SH | Sparsity=ON (UsedSparsity=0.6) | Clusters=OFF (UsedClusters=-) | EnvSparsityCfg={'Conv': 0.6, 'Linear': 0.6, 'Bias': 0.0, 'BatchNorm': 0.0} | EnvNClusters=3
[2026-01-26 10:36:33,516] [INFO] Model initialized on device: cuda:0
[2026-01-26 10:36:33,516] [INFO] [CLIENT INIT] Mode=SH | Sparsity=ON (UsedSparsity=0.6) | Clusters=OFF (UsedClusters=-) | EnvSparsityCfg={'Conv': 0.6, 'Linear': 0.6, 'Bias': 0.0, 'BatchNorm': 0.0} | EnvNClusters=3
[2026-01-26 10:36:33,555] [INFO] Model initialized on device: cuda:0
[2026-01-26 10:36:33,555] [INFO] [CLIENT INIT] Mode=SH | Sparsity=ON (UsedSparsity=0.6) | Clusters=OFF (UsedClusters=-) | EnvSparsityCfg={'Conv': 0.6, 'Linear': 0.6, 'Bias': 0.0, 'BatchNorm': 0.0} | EnvNClusters=3
[2026-01-26 10:36:38,023] [DEBUG] [TEST] Batch 1 | Pred shape: torch.Size([256, 256, 160]) | Label shape: torch.Size([256, 256, 160])
[2026-01-26 10:36:40,218] [DEBUG] [TEST] Batch 2 | Pred shape: torch.Size([256, 256, 160]) | Label shape: torch.Size([256, 256, 160])
[2026-01-26 10:36:42,116] [DEBUG] [TEST] Batch 3 | Pred shape: torch.Size([256, 256, 160]) | Label shape: torch.Size([256, 256, 160])
[2026-01-26 10:36:42,220] [DEBUG] [TEST] Batch 4 | Pred shape: torch.Size([256, 256, 160]) | Label shape: torch.Size([256, 256, 160])
[2026-01-26 10:36:42,319] [DEBUG] [TEST] Batch 5 | Pred shape: torch.Size([256, 256, 160]) | Label shape: torch.Size([256, 256, 160])
[2026-01-26 10:36:42,422] [DEBUG] [TEST] Batch 6 | Pred shape: torch.Size([256, 256, 160]) | Label shape: torch.Size([256, 256, 160])
[2026-01-26 10:36:42,515] [DEBUG] [TEST] Batch 7 | Pred shape: torch.Size([256, 256, 160]) | Label shape: torch.Size([256, 256, 160])
[2026-01-26 10:36:42,615] [DEBUG] [TEST] Batch 8 | Pred shape: torch.Size([256, 256, 160]) | Label shape: torch.Size([256, 256, 160])
[2026-01-26 10:36:42,714] [DEBUG] [TEST] Batch 9 | Pred shape: torch.Size([256, 256, 160]) | Label shape: torch.Size([256, 256, 160])
[2026-01-26 10:36:42,828] [DEBUG] [TEST] Batch 10 | Pred shape: torch.Size([256, 256, 160]) | Label shape: torch.Size([256, 256, 160])
[2026-01-26 10:36:44,910] [DEBUG] [TEST] Batch 11 | Pred shape: torch.Size([256, 256, 160]) | Label shape: torch.Size([256, 256, 160])
[2026-01-26 10:36:45,626] [DEBUG] [TEST] Batch 12 | Pred shape: torch.Size([256, 256, 160]) | Label shape: torch.Size([256, 256, 160])
[2026-01-26 10:36:46,913] [DEBUG] [TEST] Batch 13 | Pred shape: torch.Size([256, 256, 160]) | Label shape: torch.Size([256, 256, 160])
[2026-01-26 10:36:47,014] [DEBUG] [TEST] Batch 14 | Pred shape: torch.Size([256, 256, 160]) | Label shape: torch.Size([256, 256, 160])
[2026-01-26 10:36:47,114] [DEBUG] [TEST] Batch 15 | Pred shape: torch.Size([256, 256, 160]) | Label shape: torch.Size([256, 256, 160])
[2026-01-26 10:36:47,212] [DEBUG] [TEST] Batch 16 | Pred shape: torch.Size([256, 256, 160]) | Label shape: torch.Size([256, 256, 160])
[2026-01-26 10:36:53,749] [INFO] [EVALUATE] Dice WT: 0.8761
[2026-01-26 10:37:13,593] [INFO] [FIT] Received parameters. Starting local training...
[2026-01-26 10:37:15,617] [INFO] [DEBUG] Loaded compressed decoded weights.
[2026-01-26 10:38:00,222] [INFO] Model initialized on device: cuda:0
[2026-01-26 10:38:00,222] [INFO] [CLIENT INIT] Mode=SH | Sparsity=ON (UsedSparsity=0.6) | Clusters=OFF (UsedClusters=-) | EnvSparsityCfg={'Conv': 0.6, 'Linear': 0.6, 'Bias': 0.0, 'BatchNorm': 0.0} | EnvNClusters=3
[2026-01-26 10:38:01,256] [INFO] Model initialized on device: cuda:0
[2026-01-26 10:38:01,256] [INFO] [CLIENT INIT] Mode=SH | Sparsity=ON (UsedSparsity=0.6) | Clusters=OFF (UsedClusters=-) | EnvSparsityCfg={'Conv': 0.6, 'Linear': 0.6, 'Bias': 0.0, 'BatchNorm': 0.0} | EnvNClusters=3
[2026-01-26 10:38:03,823] [INFO] Model initialized on device: cuda:0
[2026-01-26 10:38:03,823] [INFO] [CLIENT INIT] Mode=SH | Sparsity=ON (UsedSparsity=0.6) | Clusters=OFF (UsedClusters=-) | EnvSparsityCfg={'Conv': 0.6, 'Linear': 0.6, 'Bias': 0.0, 'BatchNorm': 0.0} | EnvNClusters=3
[2026-01-26 10:38:05,618] [INFO] Model initialized on device: cuda:0
[2026-01-26 10:38:05,618] [INFO] [CLIENT INIT] Mode=SH | Sparsity=ON (UsedSparsity=0.6) | Clusters=OFF (UsedClusters=-) | EnvSparsityCfg={'Conv': 0.6, 'Linear': 0.6, 'Bias': 0.0, 'BatchNorm': 0.0} | EnvNClusters=3
[2026-01-26 10:38:06,171] [INFO] Model initialized on device: cuda:0
[2026-01-26 10:38:06,171] [INFO] [CLIENT INIT] Mode=SH | Sparsity=ON (UsedSparsity=0.6) | Clusters=OFF (UsedClusters=-) | EnvSparsityCfg={'Conv': 0.6, 'Linear': 0.6, 'Bias': 0.0, 'BatchNorm': 0.0} | EnvNClusters=3
[2026-01-26 10:38:06,313] [INFO] Model initialized on device: cuda:0
[2026-01-26 10:38:06,313] [INFO] [CLIENT INIT] Mode=SH | Sparsity=ON (UsedSparsity=0.6) | Clusters=OFF (UsedClusters=-) | EnvSparsityCfg={'Conv': 0.6, 'Linear': 0.6, 'Bias': 0.0, 'BatchNorm': 0.0} | EnvNClusters=3
[2026-01-26 10:38:06,519] [INFO] Model initialized on device: cuda:0
[2026-01-26 10:38:06,519] [INFO] [CLIENT INIT] Mode=SH | Sparsity=ON (UsedSparsity=0.6) | Clusters=OFF (UsedClusters=-) | EnvSparsityCfg={'Conv': 0.6, 'Linear': 0.6, 'Bias': 0.0, 'BatchNorm': 0.0} | EnvNClusters=3
[2026-01-26 10:38:06,613] [INFO] Model initialized on device: cuda:0
[2026-01-26 10:38:06,614] [INFO] [CLIENT INIT] Mode=SH | Sparsity=ON (UsedSparsity=0.6) | Clusters=OFF (UsedClusters=-) | EnvSparsityCfg={'Conv': 0.6, 'Linear': 0.6, 'Bias': 0.0, 'BatchNorm': 0.0} | EnvNClusters=3
[2026-01-26 10:38:08,563] [INFO] Model initialized on device: cuda:0
[2026-01-26 10:38:08,564] [INFO] [CLIENT INIT] Mode=SH | Sparsity=ON (UsedSparsity=0.6) | Clusters=OFF (UsedClusters=-) | EnvSparsityCfg={'Conv': 0.6, 'Linear': 0.6, 'Bias': 0.0, 'BatchNorm': 0.0} | EnvNClusters=3
[2026-01-26 10:38:10,874] [INFO] Model initialized on device: cuda:0
[2026-01-26 10:38:10,874] [INFO] [CLIENT INIT] Mode=SH | Sparsity=ON (UsedSparsity=0.6) | Clusters=OFF (UsedClusters=-) | EnvSparsityCfg={'Conv': 0.6, 'Linear': 0.6, 'Bias': 0.0, 'BatchNorm': 0.0} | EnvNClusters=3
[2026-01-26 10:39:53,317] [INFO] [TRAIN] Epoch 1 Loss: 0.2120
[2026-01-26 10:40:40,018] [INFO] Model initialized on device: cuda:0
[2026-01-26 10:40:40,018] [INFO] [CLIENT INIT] Mode=SH | Sparsity=ON (UsedSparsity=0.6) | Clusters=OFF (UsedClusters=-) | EnvSparsityCfg={'Conv': 0.6, 'Linear': 0.6, 'Bias': 0.0, 'BatchNorm': 0.0} | EnvNClusters=3
[2026-01-26 10:40:40,623] [INFO] Model initialized on device: cuda:0
[2026-01-26 10:40:40,623] [INFO] [CLIENT INIT] Mode=SH | Sparsity=ON (UsedSparsity=0.6) | Clusters=OFF (UsedClusters=-) | EnvSparsityCfg={'Conv': 0.6, 'Linear': 0.6, 'Bias': 0.0, 'BatchNorm': 0.0} | EnvNClusters=3
[2026-01-26 10:40:40,623] [INFO] Model initialized on device: cuda:0
[2026-01-26 10:40:40,623] [INFO] [CLIENT INIT] Mode=SH | Sparsity=ON (UsedSparsity=0.6) | Clusters=OFF (UsedClusters=-) | EnvSparsityCfg={'Conv': 0.6, 'Linear': 0.6, 'Bias': 0.0, 'BatchNorm': 0.0} | EnvNClusters=3
[2026-01-26 10:40:40,623] [INFO] Model initialized on device: cuda:0
[2026-01-26 10:40:40,624] [INFO] [CLIENT INIT] Mode=SH | Sparsity=ON (UsedSparsity=0.6) | Clusters=OFF (UsedClusters=-) | EnvSparsityCfg={'Conv': 0.6, 'Linear': 0.6, 'Bias': 0.0, 'BatchNorm': 0.0} | EnvNClusters=3
[2026-01-26 10:40:40,815] [INFO] Model initialized on device: cuda:0
[2026-01-26 10:40:40,816] [INFO] [CLIENT INIT] Mode=SH | Sparsity=ON (UsedSparsity=0.6) | Clusters=OFF (UsedClusters=-) | EnvSparsityCfg={'Conv': 0.6, 'Linear': 0.6, 'Bias': 0.0, 'BatchNorm': 0.0} | EnvNClusters=3
[2026-01-26 10:40:40,818] [INFO] Model initialized on device: cuda:0
[2026-01-26 10:40:40,818] [INFO] [CLIENT INIT] Mode=SH | Sparsity=ON (UsedSparsity=0.6) | Clusters=OFF (UsedClusters=-) | EnvSparsityCfg={'Conv': 0.6, 'Linear': 0.6, 'Bias': 0.0, 'BatchNorm': 0.0} | EnvNClusters=3
[2026-01-26 10:40:41,116] [INFO] Model initialized on device: cuda:0
[2026-01-26 10:40:41,116] [INFO] [CLIENT INIT] Mode=SH | Sparsity=ON (UsedSparsity=0.6) | Clusters=OFF (UsedClusters=-) | EnvSparsityCfg={'Conv': 0.6, 'Linear': 0.6, 'Bias': 0.0, 'BatchNorm': 0.0} | EnvNClusters=3
[2026-01-26 10:40:41,214] [INFO] Model initialized on device: cuda:0
[2026-01-26 10:40:41,214] [INFO] [CLIENT INIT] Mode=SH | Sparsity=ON (UsedSparsity=0.6) | Clusters=OFF (UsedClusters=-) | EnvSparsityCfg={'Conv': 0.6, 'Linear': 0.6, 'Bias': 0.0, 'BatchNorm': 0.0} | EnvNClusters=3
[2026-01-26 10:40:41,613] [INFO] Model initialized on device: cuda:0
[2026-01-26 10:40:41,613] [INFO] [CLIENT INIT] Mode=SH | Sparsity=ON (UsedSparsity=0.6) | Clusters=OFF (UsedClusters=-) | EnvSparsityCfg={'Conv': 0.6, 'Linear': 0.6, 'Bias': 0.0, 'BatchNorm': 0.0} | EnvNClusters=3
[2026-01-26 10:40:42,528] [INFO] Model initialized on device: cuda:0
[2026-01-26 10:40:42,528] [INFO] [CLIENT INIT] Mode=SH | Sparsity=ON (UsedSparsity=0.6) | Clusters=OFF (UsedClusters=-) | EnvSparsityCfg={'Conv': 0.6, 'Linear': 0.6, 'Bias': 0.0, 'BatchNorm': 0.0} | EnvNClusters=3
[2026-01-26 10:42:26,961] [INFO] [TRAIN] Epoch 2 Loss: 0.1615
[2026-01-26 10:43:14,922] [INFO] Model initialized on device: cuda:0
[2026-01-26 10:43:14,922] [INFO] [CLIENT INIT] Mode=SH | Sparsity=ON (UsedSparsity=0.6) | Clusters=OFF (UsedClusters=-) | EnvSparsityCfg={'Conv': 0.6, 'Linear': 0.6, 'Bias': 0.0, 'BatchNorm': 0.0} | EnvNClusters=3
[2026-01-26 10:43:15,463] [INFO] Model initialized on device: cuda:0
[2026-01-26 10:43:15,463] [INFO] [CLIENT INIT] Mode=SH | Sparsity=ON (UsedSparsity=0.6) | Clusters=OFF (UsedClusters=-) | EnvSparsityCfg={'Conv': 0.6, 'Linear': 0.6, 'Bias': 0.0, 'BatchNorm': 0.0} | EnvNClusters=3
[2026-01-26 10:43:15,516] [INFO] Model initialized on device: cuda:0
[2026-01-26 10:43:15,516] [INFO] [CLIENT INIT] Mode=SH | Sparsity=ON (UsedSparsity=0.6) | Clusters=OFF (UsedClusters=-) | EnvSparsityCfg={'Conv': 0.6, 'Linear': 0.6, 'Bias': 0.0, 'BatchNorm': 0.0} | EnvNClusters=3
[2026-01-26 10:43:15,543] [INFO] Model initialized on device: cuda:0
[2026-01-26 10:43:15,543] [INFO] [CLIENT INIT] Mode=SH | Sparsity=ON (UsedSparsity=0.6) | Clusters=OFF (UsedClusters=-) | EnvSparsityCfg={'Conv': 0.6, 'Linear': 0.6, 'Bias': 0.0, 'BatchNorm': 0.0} | EnvNClusters=3
[2026-01-26 10:43:15,621] [INFO] Model initialized on device: cuda:0
[2026-01-26 10:43:15,622] [INFO] [CLIENT INIT] Mode=SH | Sparsity=ON (UsedSparsity=0.6) | Clusters=OFF (UsedClusters=-) | EnvSparsityCfg={'Conv': 0.6, 'Linear': 0.6, 'Bias': 0.0, 'BatchNorm': 0.0} | EnvNClusters=3
[2026-01-26 10:43:15,641] [INFO] Model initialized on device: cuda:0
[2026-01-26 10:43:15,641] [INFO] [CLIENT INIT] Mode=SH | Sparsity=ON (UsedSparsity=0.6) | Clusters=OFF (UsedClusters=-) | EnvSparsityCfg={'Conv': 0.6, 'Linear': 0.6, 'Bias': 0.0, 'BatchNorm': 0.0} | EnvNClusters=3
[2026-01-26 10:43:15,650] [INFO] Model initialized on device: cuda:0
[2026-01-26 10:43:15,650] [INFO] [CLIENT INIT] Mode=SH | Sparsity=ON (UsedSparsity=0.6) | Clusters=OFF (UsedClusters=-) | EnvSparsityCfg={'Conv': 0.6, 'Linear': 0.6, 'Bias': 0.0, 'BatchNorm': 0.0} | EnvNClusters=3
[2026-01-26 10:43:15,813] [INFO] Model initialized on device: cuda:0
[2026-01-26 10:43:15,814] [INFO] [CLIENT INIT] Mode=SH | Sparsity=ON (UsedSparsity=0.6) | Clusters=OFF (UsedClusters=-) | EnvSparsityCfg={'Conv': 0.6, 'Linear': 0.6, 'Bias': 0.0, 'BatchNorm': 0.0} | EnvNClusters=3
[2026-01-26 10:43:15,814] [INFO] Model initialized on device: cuda:0
[2026-01-26 10:43:15,814] [INFO] [CLIENT INIT] Mode=SH | Sparsity=ON (UsedSparsity=0.6) | Clusters=OFF (UsedClusters=-) | EnvSparsityCfg={'Conv': 0.6, 'Linear': 0.6, 'Bias': 0.0, 'BatchNorm': 0.0} | EnvNClusters=3
[2026-01-26 10:43:15,814] [INFO] Model initialized on device: cuda:0
[2026-01-26 10:43:15,814] [INFO] [CLIENT INIT] Mode=SH | Sparsity=ON (UsedSparsity=0.6) | Clusters=OFF (UsedClusters=-) | EnvSparsityCfg={'Conv': 0.6, 'Linear': 0.6, 'Bias': 0.0, 'BatchNorm': 0.0} | EnvNClusters=3
[2026-01-26 10:45:01,519] [INFO] [TRAIN] Epoch 3 Loss: 0.1529
[2026-01-26 10:45:55,737] [INFO] Model initialized on device: cuda:0
[2026-01-26 10:45:55,737] [INFO] [CLIENT INIT] Mode=SH | Sparsity=ON (UsedSparsity=0.6) | Clusters=OFF (UsedClusters=-) | EnvSparsityCfg={'Conv': 0.6, 'Linear': 0.6, 'Bias': 0.0, 'BatchNorm': 0.0} | EnvNClusters=3
[2026-01-26 10:45:56,116] [INFO] Model initialized on device: cuda:0
[2026-01-26 10:45:56,116] [INFO] [CLIENT INIT] Mode=SH | Sparsity=ON (UsedSparsity=0.6) | Clusters=OFF (UsedClusters=-) | EnvSparsityCfg={'Conv': 0.6, 'Linear': 0.6, 'Bias': 0.0, 'BatchNorm': 0.0} | EnvNClusters=3
[2026-01-26 10:45:56,508] [INFO] Model initialized on device: cuda:0
[2026-01-26 10:45:56,508] [INFO] [CLIENT INIT] Mode=SH | Sparsity=ON (UsedSparsity=0.6) | Clusters=OFF (UsedClusters=-) | EnvSparsityCfg={'Conv': 0.6, 'Linear': 0.6, 'Bias': 0.0, 'BatchNorm': 0.0} | EnvNClusters=3
[2026-01-26 10:45:56,515] [INFO] Model initialized on device: cuda:0
[2026-01-26 10:45:56,515] [INFO] [CLIENT INIT] Mode=SH | Sparsity=ON (UsedSparsity=0.6) | Clusters=OFF (UsedClusters=-) | EnvSparsityCfg={'Conv': 0.6, 'Linear': 0.6, 'Bias': 0.0, 'BatchNorm': 0.0} | EnvNClusters=3
[2026-01-26 10:45:56,518] [INFO] Model initialized on device: cuda:0
[2026-01-26 10:45:56,518] [INFO] [CLIENT INIT] Mode=SH | Sparsity=ON (UsedSparsity=0.6) | Clusters=OFF (UsedClusters=-) | EnvSparsityCfg={'Conv': 0.6, 'Linear': 0.6, 'Bias': 0.0, 'BatchNorm': 0.0} | EnvNClusters=3
[2026-01-26 10:45:56,724] [INFO] Model initialized on device: cuda:0
[2026-01-26 10:45:56,724] [INFO] Model initialized on device: cuda:0
[2026-01-26 10:45:56,724] [INFO] [CLIENT INIT] Mode=SH | Sparsity=ON (UsedSparsity=0.6) | Clusters=OFF (UsedClusters=-) | EnvSparsityCfg={'Conv': 0.6, 'Linear': 0.6, 'Bias': 0.0, 'BatchNorm': 0.0} | EnvNClusters=3
[2026-01-26 10:45:56,724] [INFO] [CLIENT INIT] Mode=SH | Sparsity=ON (UsedSparsity=0.6) | Clusters=OFF (UsedClusters=-) | EnvSparsityCfg={'Conv': 0.6, 'Linear': 0.6, 'Bias': 0.0, 'BatchNorm': 0.0} | EnvNClusters=3
[2026-01-26 10:45:56,729] [INFO] Model initialized on device: cuda:0
[2026-01-26 10:45:56,729] [INFO] [CLIENT INIT] Mode=SH | Sparsity=ON (UsedSparsity=0.6) | Clusters=OFF (UsedClusters=-) | EnvSparsityCfg={'Conv': 0.6, 'Linear': 0.6, 'Bias': 0.0, 'BatchNorm': 0.0} | EnvNClusters=3
[2026-01-26 10:45:56,812] [INFO] Model initialized on device: cuda:0
[2026-01-26 10:45:56,812] [INFO] [CLIENT INIT] Mode=SH | Sparsity=ON (UsedSparsity=0.6) | Clusters=OFF (UsedClusters=-) | EnvSparsityCfg={'Conv': 0.6, 'Linear': 0.6, 'Bias': 0.0, 'BatchNorm': 0.0} | EnvNClusters=3
[2026-01-26 10:45:56,813] [INFO] Model initialized on device: cuda:0
[2026-01-26 10:45:56,813] [INFO] [CLIENT INIT] Mode=SH | Sparsity=ON (UsedSparsity=0.6) | Clusters=OFF (UsedClusters=-) | EnvSparsityCfg={'Conv': 0.6, 'Linear': 0.6, 'Bias': 0.0, 'BatchNorm': 0.0} | EnvNClusters=3
[2026-01-26 10:47:47,750] [INFO] [TRAIN] Epoch 4 Loss: 0.1494
[2026-01-26 10:48:44,219] [INFO] Model initialized on device: cuda:0
[2026-01-26 10:48:44,219] [INFO] [CLIENT INIT] Mode=SH | Sparsity=ON (UsedSparsity=0.6) | Clusters=OFF (UsedClusters=-) | EnvSparsityCfg={'Conv': 0.6, 'Linear': 0.6, 'Bias': 0.0, 'BatchNorm': 0.0} | EnvNClusters=3
[2026-01-26 10:48:44,328] [INFO] Model initialized on device: cuda:0
[2026-01-26 10:48:44,328] [INFO] [CLIENT INIT] Mode=SH | Sparsity=ON (UsedSparsity=0.6) | Clusters=OFF (UsedClusters=-) | EnvSparsityCfg={'Conv': 0.6, 'Linear': 0.6, 'Bias': 0.0, 'BatchNorm': 0.0} | EnvNClusters=3
[2026-01-26 10:48:44,610] [INFO] Model initialized on device: cuda:0
[2026-01-26 10:48:44,610] [INFO] [CLIENT INIT] Mode=SH | Sparsity=ON (UsedSparsity=0.6) | Clusters=OFF (UsedClusters=-) | EnvSparsityCfg={'Conv': 0.6, 'Linear': 0.6, 'Bias': 0.0, 'BatchNorm': 0.0} | EnvNClusters=3
[2026-01-26 10:48:44,716] [INFO] Model initialized on device: cuda:0
[2026-01-26 10:48:44,716] [INFO] [CLIENT INIT] Mode=SH | Sparsity=ON (UsedSparsity=0.6) | Clusters=OFF (UsedClusters=-) | EnvSparsityCfg={'Conv': 0.6, 'Linear': 0.6, 'Bias': 0.0, 'BatchNorm': 0.0} | EnvNClusters=3
[2026-01-26 10:48:44,824] [INFO] Model initialized on device: cuda:0
[2026-01-26 10:48:44,824] [INFO] [CLIENT INIT] Mode=SH | Sparsity=ON (UsedSparsity=0.6) | Clusters=OFF (UsedClusters=-) | EnvSparsityCfg={'Conv': 0.6, 'Linear': 0.6, 'Bias': 0.0, 'BatchNorm': 0.0} | EnvNClusters=3
[2026-01-26 10:48:44,916] [INFO] Model initialized on device: cuda:0
[2026-01-26 10:48:44,917] [INFO] [CLIENT INIT] Mode=SH | Sparsity=ON (UsedSparsity=0.6) | Clusters=OFF (UsedClusters=-) | EnvSparsityCfg={'Conv': 0.6, 'Linear': 0.6, 'Bias': 0.0, 'BatchNorm': 0.0} | EnvNClusters=3
[2026-01-26 10:48:44,921] [INFO] Model initialized on device: cuda:0
[2026-01-26 10:48:44,921] [INFO] [CLIENT INIT] Mode=SH | Sparsity=ON (UsedSparsity=0.6) | Clusters=OFF (UsedClusters=-) | EnvSparsityCfg={'Conv': 0.6, 'Linear': 0.6, 'Bias': 0.0, 'BatchNorm': 0.0} | EnvNClusters=3
[2026-01-26 10:48:44,923] [INFO] Model initialized on device: cuda:0
[2026-01-26 10:48:44,923] [INFO] [CLIENT INIT] Mode=SH | Sparsity=ON (UsedSparsity=0.6) | Clusters=OFF (UsedClusters=-) | EnvSparsityCfg={'Conv': 0.6, 'Linear': 0.6, 'Bias': 0.0, 'BatchNorm': 0.0} | EnvNClusters=3
[2026-01-26 10:48:44,927] [INFO] Model initialized on device: cuda:0
[2026-01-26 10:48:44,927] [INFO] [CLIENT INIT] Mode=SH | Sparsity=ON (UsedSparsity=0.6) | Clusters=OFF (UsedClusters=-) | EnvSparsityCfg={'Conv': 0.6, 'Linear': 0.6, 'Bias': 0.0, 'BatchNorm': 0.0} | EnvNClusters=3
[2026-01-26 10:48:44,929] [INFO] Model initialized on device: cuda:0
[2026-01-26 10:48:44,930] [INFO] [CLIENT INIT] Mode=SH | Sparsity=ON (UsedSparsity=0.6) | Clusters=OFF (UsedClusters=-) | EnvSparsityCfg={'Conv': 0.6, 'Linear': 0.6, 'Bias': 0.0, 'BatchNorm': 0.0} | EnvNClusters=3
[2026-01-26 10:50:31,748] [INFO] [TRAIN] Epoch 5 Loss: 0.1373
[2026-01-26 10:50:31,749] [INFO] [FIT] Local training finished. Avg Loss: 0.1626
[2026-01-26 10:51:02,646] [INFO] Model initialized on device: cuda:0
[2026-01-26 10:51:02,646] [INFO] [CLIENT INIT] Mode=SH | Sparsity=ON (UsedSparsity=0.6) | Clusters=OFF (UsedClusters=-) | EnvSparsityCfg={'Conv': 0.6, 'Linear': 0.6, 'Bias': 0.0, 'BatchNorm': 0.0} | EnvNClusters=3
[2026-01-26 10:51:04,124] [INFO] Model initialized on device: cuda:0
[2026-01-26 10:51:04,124] [INFO] [CLIENT INIT] Mode=SH | Sparsity=ON (UsedSparsity=0.6) | Clusters=OFF (UsedClusters=-) | EnvSparsityCfg={'Conv': 0.6, 'Linear': 0.6, 'Bias': 0.0, 'BatchNorm': 0.0} | EnvNClusters=3
[2026-01-26 10:51:06,713] [INFO] Model initialized on device: cuda:0
[2026-01-26 10:51:06,713] [INFO] [CLIENT INIT] Mode=SH | Sparsity=ON (UsedSparsity=0.6) | Clusters=OFF (UsedClusters=-) | EnvSparsityCfg={'Conv': 0.6, 'Linear': 0.6, 'Bias': 0.0, 'BatchNorm': 0.0} | EnvNClusters=3
[2026-01-26 10:51:10,707] [INFO] Model initialized on device: cuda:0
[2026-01-26 10:51:10,707] [INFO] [CLIENT INIT] Mode=SH | Sparsity=ON (UsedSparsity=0.6) | Clusters=OFF (UsedClusters=-) | EnvSparsityCfg={'Conv': 0.6, 'Linear': 0.6, 'Bias': 0.0, 'BatchNorm': 0.0} | EnvNClusters=3
[2026-01-26 10:51:10,911] [INFO] Model initialized on device: cuda:0
[2026-01-26 10:51:10,911] [INFO] [CLIENT INIT] Mode=SH | Sparsity=ON (UsedSparsity=0.6) | Clusters=OFF (UsedClusters=-) | EnvSparsityCfg={'Conv': 0.6, 'Linear': 0.6, 'Bias': 0.0, 'BatchNorm': 0.0} | EnvNClusters=3
[2026-01-26 10:51:11,218] [INFO] Model initialized on device: cuda:0
[2026-01-26 10:51:11,218] [INFO] [CLIENT INIT] Mode=SH | Sparsity=ON (UsedSparsity=0.6) | Clusters=OFF (UsedClusters=-) | EnvSparsityCfg={'Conv': 0.6, 'Linear': 0.6, 'Bias': 0.0, 'BatchNorm': 0.0} | EnvNClusters=3
[2026-01-26 10:51:11,707] [INFO] Model initialized on device: cuda:0
[2026-01-26 10:51:11,708] [INFO] [CLIENT INIT] Mode=SH | Sparsity=ON (UsedSparsity=0.6) | Clusters=OFF (UsedClusters=-) | EnvSparsityCfg={'Conv': 0.6, 'Linear': 0.6, 'Bias': 0.0, 'BatchNorm': 0.0} | EnvNClusters=3
[2026-01-26 10:51:11,725] [INFO] Model initialized on device: cuda:0
[2026-01-26 10:51:11,726] [INFO] [CLIENT INIT] Mode=SH | Sparsity=ON (UsedSparsity=0.6) | Clusters=OFF (UsedClusters=-) | EnvSparsityCfg={'Conv': 0.6, 'Linear': 0.6, 'Bias': 0.0, 'BatchNorm': 0.0} | EnvNClusters=3
[2026-01-26 10:51:12,334] [INFO] Model initialized on device: cuda:0
[2026-01-26 10:51:12,334] [INFO] [CLIENT INIT] Mode=SH | Sparsity=ON (UsedSparsity=0.6) | Clusters=OFF (UsedClusters=-) | EnvSparsityCfg={'Conv': 0.6, 'Linear': 0.6, 'Bias': 0.0, 'BatchNorm': 0.0} | EnvNClusters=3
[2026-01-26 10:51:15,017] [INFO] Model initialized on device: cuda:0
[2026-01-26 10:51:15,017] [INFO] [CLIENT INIT] Mode=SH | Sparsity=ON (UsedSparsity=0.6) | Clusters=OFF (UsedClusters=-) | EnvSparsityCfg={'Conv': 0.6, 'Linear': 0.6, 'Bias': 0.0, 'BatchNorm': 0.0} | EnvNClusters=3
[2026-01-26 10:51:21,318] [DEBUG] [TEST] Batch 1 | Pred shape: torch.Size([256, 256, 160]) | Label shape: torch.Size([256, 256, 160])
[2026-01-26 10:51:21,414] [DEBUG] [TEST] Batch 2 | Pred shape: torch.Size([256, 256, 160]) | Label shape: torch.Size([256, 256, 160])
[2026-01-26 10:51:21,517] [DEBUG] [TEST] Batch 3 | Pred shape: torch.Size([256, 256, 160]) | Label shape: torch.Size([256, 256, 160])
[2026-01-26 10:51:21,615] [DEBUG] [TEST] Batch 4 | Pred shape: torch.Size([256, 256, 160]) | Label shape: torch.Size([256, 256, 160])
[2026-01-26 10:51:21,714] [DEBUG] [TEST] Batch 5 | Pred shape: torch.Size([256, 256, 160]) | Label shape: torch.Size([256, 256, 160])
[2026-01-26 10:51:21,814] [DEBUG] [TEST] Batch 6 | Pred shape: torch.Size([256, 256, 160]) | Label shape: torch.Size([256, 256, 160])
[2026-01-26 10:51:21,914] [DEBUG] [TEST] Batch 7 | Pred shape: torch.Size([256, 256, 160]) | Label shape: torch.Size([256, 256, 160])
[2026-01-26 10:51:22,011] [DEBUG] [TEST] Batch 8 | Pred shape: torch.Size([256, 256, 160]) | Label shape: torch.Size([256, 256, 160])
[2026-01-26 10:51:22,070] [DEBUG] [TEST] Batch 9 | Pred shape: torch.Size([256, 256, 160]) | Label shape: torch.Size([256, 256, 160])
[2026-01-26 10:51:22,125] [DEBUG] [TEST] Batch 10 | Pred shape: torch.Size([256, 256, 160]) | Label shape: torch.Size([256, 256, 160])
[2026-01-26 10:51:25,814] [DEBUG] [TEST] Batch 11 | Pred shape: torch.Size([256, 256, 160]) | Label shape: torch.Size([256, 256, 160])
[2026-01-26 10:51:25,911] [DEBUG] [TEST] Batch 12 | Pred shape: torch.Size([256, 256, 160]) | Label shape: torch.Size([256, 256, 160])
[2026-01-26 10:51:25,966] [DEBUG] [TEST] Batch 13 | Pred shape: torch.Size([256, 256, 160]) | Label shape: torch.Size([256, 256, 160])
[2026-01-26 10:51:26,107] [DEBUG] [TEST] Batch 14 | Pred shape: torch.Size([256, 256, 160]) | Label shape: torch.Size([256, 256, 160])
[2026-01-26 10:51:26,165] [DEBUG] [TEST] Batch 15 | Pred shape: torch.Size([256, 256, 160]) | Label shape: torch.Size([256, 256, 160])
[2026-01-26 10:51:26,256] [DEBUG] [TEST] Batch 16 | Pred shape: torch.Size([256, 256, 160]) | Label shape: torch.Size([256, 256, 160])
[2026-01-26 10:51:31,707] [INFO] [FIT] Final model saved to: Revision2/Run_UNET_NonIID_SH_20260126/Client3/model_final.pth
[2026-01-26 10:52:32,893] [INFO] [COMM][CLIENT] Round=-1 Mode=SH UsedSparsity=0.6 UsedClusters=- BaselineBits=154016352.0 CompressedBits=161045589.3 CR=0.956
[2026-01-26 11:00:32,316] [INFO] [EVALUATE] Starting evaluation...
[2026-01-26 11:00:36,020] [INFO] [DEBUG] Loaded compressed decoded weights.
[2026-01-26 11:01:34,716] [INFO] Model initialized on device: cuda:0
[2026-01-26 11:01:34,717] [INFO] [CLIENT INIT] Mode=SH | Sparsity=ON (UsedSparsity=0.6) | Clusters=OFF (UsedClusters=-) | EnvSparsityCfg={'Conv': 0.6, 'Linear': 0.6, 'Bias': 0.0, 'BatchNorm': 0.0} | EnvNClusters=3
[2026-01-26 11:01:36,758] [INFO] Model initialized on device: cuda:0
[2026-01-26 11:01:36,758] [INFO] [CLIENT INIT] Mode=SH | Sparsity=ON (UsedSparsity=0.6) | Clusters=OFF (UsedClusters=-) | EnvSparsityCfg={'Conv': 0.6, 'Linear': 0.6, 'Bias': 0.0, 'BatchNorm': 0.0} | EnvNClusters=3
[2026-01-26 11:01:36,824] [INFO] Model initialized on device: cuda:0
[2026-01-26 11:01:36,824] [INFO] [CLIENT INIT] Mode=SH | Sparsity=ON (UsedSparsity=0.6) | Clusters=OFF (UsedClusters=-) | EnvSparsityCfg={'Conv': 0.6, 'Linear': 0.6, 'Bias': 0.0, 'BatchNorm': 0.0} | EnvNClusters=3
[2026-01-26 11:01:36,937] [INFO] Model initialized on device: cuda:0
[2026-01-26 11:01:36,937] [INFO] [CLIENT INIT] Mode=SH | Sparsity=ON (UsedSparsity=0.6) | Clusters=OFF (UsedClusters=-) | EnvSparsityCfg={'Conv': 0.6, 'Linear': 0.6, 'Bias': 0.0, 'BatchNorm': 0.0} | EnvNClusters=3
[2026-01-26 11:01:37,357] [INFO] Model initialized on device: cuda:0
[2026-01-26 11:01:37,357] [INFO] [CLIENT INIT] Mode=SH | Sparsity=ON (UsedSparsity=0.6) | Clusters=OFF (UsedClusters=-) | EnvSparsityCfg={'Conv': 0.6, 'Linear': 0.6, 'Bias': 0.0, 'BatchNorm': 0.0} | EnvNClusters=3
[2026-01-26 11:01:37,409] [INFO] Model initialized on device: cuda:0
[2026-01-26 11:01:37,410] [INFO] [CLIENT INIT] Mode=SH | Sparsity=ON (UsedSparsity=0.6) | Clusters=OFF (UsedClusters=-) | EnvSparsityCfg={'Conv': 0.6, 'Linear': 0.6, 'Bias': 0.0, 'BatchNorm': 0.0} | EnvNClusters=3
[2026-01-26 11:01:37,414] [INFO] Model initialized on device: cuda:0
[2026-01-26 11:01:37,415] [INFO] [CLIENT INIT] Mode=SH | Sparsity=ON (UsedSparsity=0.6) | Clusters=OFF (UsedClusters=-) | EnvSparsityCfg={'Conv': 0.6, 'Linear': 0.6, 'Bias': 0.0, 'BatchNorm': 0.0} | EnvNClusters=3
[2026-01-26 11:01:37,520] [INFO] Model initialized on device: cuda:0
[2026-01-26 11:01:37,521] [INFO] [CLIENT INIT] Mode=SH | Sparsity=ON (UsedSparsity=0.6) | Clusters=OFF (UsedClusters=-) | EnvSparsityCfg={'Conv': 0.6, 'Linear': 0.6, 'Bias': 0.0, 'BatchNorm': 0.0} | EnvNClusters=3
[2026-01-26 11:01:37,536] [INFO] Model initialized on device: cuda:0
[2026-01-26 11:01:37,536] [INFO] [CLIENT INIT] Mode=SH | Sparsity=ON (UsedSparsity=0.6) | Clusters=OFF (UsedClusters=-) | EnvSparsityCfg={'Conv': 0.6, 'Linear': 0.6, 'Bias': 0.0, 'BatchNorm': 0.0} | EnvNClusters=3
[2026-01-26 11:01:37,537] [INFO] Model initialized on device: cuda:0
[2026-01-26 11:01:37,537] [INFO] [CLIENT INIT] Mode=SH | Sparsity=ON (UsedSparsity=0.6) | Clusters=OFF (UsedClusters=-) | EnvSparsityCfg={'Conv': 0.6, 'Linear': 0.6, 'Bias': 0.0, 'BatchNorm': 0.0} | EnvNClusters=3
[2026-01-26 11:01:42,548] [DEBUG] [TEST] Batch 1 | Pred shape: torch.Size([256, 256, 160]) | Label shape: torch.Size([256, 256, 160])
[2026-01-26 11:01:42,766] [DEBUG] [TEST] Batch 2 | Pred shape: torch.Size([256, 256, 160]) | Label shape: torch.Size([256, 256, 160])
[2026-01-26 11:01:43,129] [DEBUG] [TEST] Batch 3 | Pred shape: torch.Size([256, 256, 160]) | Label shape: torch.Size([256, 256, 160])
[2026-01-26 11:01:43,332] [DEBUG] [TEST] Batch 4 | Pred shape: torch.Size([256, 256, 160]) | Label shape: torch.Size([256, 256, 160])
[2026-01-26 11:01:43,529] [DEBUG] [TEST] Batch 5 | Pred shape: torch.Size([256, 256, 160]) | Label shape: torch.Size([256, 256, 160])
[2026-01-26 11:01:43,726] [DEBUG] [TEST] Batch 6 | Pred shape: torch.Size([256, 256, 160]) | Label shape: torch.Size([256, 256, 160])
[2026-01-26 11:01:43,924] [DEBUG] [TEST] Batch 7 | Pred shape: torch.Size([256, 256, 160]) | Label shape: torch.Size([256, 256, 160])
[2026-01-26 11:01:44,125] [DEBUG] [TEST] Batch 8 | Pred shape: torch.Size([256, 256, 160]) | Label shape: torch.Size([256, 256, 160])
[2026-01-26 11:01:44,328] [DEBUG] [TEST] Batch 9 | Pred shape: torch.Size([256, 256, 160]) | Label shape: torch.Size([256, 256, 160])
[2026-01-26 11:01:44,414] [DEBUG] [TEST] Batch 10 | Pred shape: torch.Size([256, 256, 160]) | Label shape: torch.Size([256, 256, 160])
[2026-01-26 11:01:46,245] [DEBUG] [TEST] Batch 11 | Pred shape: torch.Size([256, 256, 160]) | Label shape: torch.Size([256, 256, 160])
[2026-01-26 11:01:46,314] [DEBUG] [TEST] Batch 12 | Pred shape: torch.Size([256, 256, 160]) | Label shape: torch.Size([256, 256, 160])
[2026-01-26 11:01:46,371] [DEBUG] [TEST] Batch 13 | Pred shape: torch.Size([256, 256, 160]) | Label shape: torch.Size([256, 256, 160])
[2026-01-26 11:01:46,454] [DEBUG] [TEST] Batch 14 | Pred shape: torch.Size([256, 256, 160]) | Label shape: torch.Size([256, 256, 160])
[2026-01-26 11:01:46,514] [DEBUG] [TEST] Batch 15 | Pred shape: torch.Size([256, 256, 160]) | Label shape: torch.Size([256, 256, 160])
[2026-01-26 11:01:46,569] [DEBUG] [TEST] Batch 16 | Pred shape: torch.Size([256, 256, 160]) | Label shape: torch.Size([256, 256, 160])
[2026-01-26 11:01:51,966] [INFO] [EVALUATE] Dice WT: 0.8879
[2026-01-26 11:02:03,906] [INFO] [FIT] Received parameters. Starting local training...
[2026-01-26 11:02:05,527] [INFO] [DEBUG] Loaded compressed decoded weights.
[2026-01-26 11:02:50,549] [INFO] Model initialized on device: cuda:0
[2026-01-26 11:02:50,549] [INFO] [CLIENT INIT] Mode=SH | Sparsity=ON (UsedSparsity=0.6) | Clusters=OFF (UsedClusters=-) | EnvSparsityCfg={'Conv': 0.6, 'Linear': 0.6, 'Bias': 0.0, 'BatchNorm': 0.0} | EnvNClusters=3
[2026-01-26 11:02:52,423] [INFO] Model initialized on device: cuda:0
[2026-01-26 11:02:52,423] [INFO] [CLIENT INIT] Mode=SH | Sparsity=ON (UsedSparsity=0.6) | Clusters=OFF (UsedClusters=-) | EnvSparsityCfg={'Conv': 0.6, 'Linear': 0.6, 'Bias': 0.0, 'BatchNorm': 0.0} | EnvNClusters=3
[2026-01-26 11:02:52,574] [INFO] Model initialized on device: cuda:0
[2026-01-26 11:02:52,574] [INFO] [CLIENT INIT] Mode=SH | Sparsity=ON (UsedSparsity=0.6) | Clusters=OFF (UsedClusters=-) | EnvSparsityCfg={'Conv': 0.6, 'Linear': 0.6, 'Bias': 0.0, 'BatchNorm': 0.0} | EnvNClusters=3
[2026-01-26 11:02:52,608] [INFO] Model initialized on device: cuda:0
[2026-01-26 11:02:52,608] [INFO] [CLIENT INIT] Mode=SH | Sparsity=ON (UsedSparsity=0.6) | Clusters=OFF (UsedClusters=-) | EnvSparsityCfg={'Conv': 0.6, 'Linear': 0.6, 'Bias': 0.0, 'BatchNorm': 0.0} | EnvNClusters=3
[2026-01-26 11:02:52,659] [INFO] Model initialized on device: cuda:0
[2026-01-26 11:02:52,660] [INFO] [CLIENT INIT] Mode=SH | Sparsity=ON (UsedSparsity=0.6) | Clusters=OFF (UsedClusters=-) | EnvSparsityCfg={'Conv': 0.6, 'Linear': 0.6, 'Bias': 0.0, 'BatchNorm': 0.0} | EnvNClusters=3
[2026-01-26 11:02:52,718] [INFO] Model initialized on device: cuda:0
[2026-01-26 11:02:52,718] [INFO] [CLIENT INIT] Mode=SH | Sparsity=ON (UsedSparsity=0.6) | Clusters=OFF (UsedClusters=-) | EnvSparsityCfg={'Conv': 0.6, 'Linear': 0.6, 'Bias': 0.0, 'BatchNorm': 0.0} | EnvNClusters=3
[2026-01-26 11:02:52,735] [INFO] Model initialized on device: cuda:0
[2026-01-26 11:02:52,735] [INFO] [CLIENT INIT] Mode=SH | Sparsity=ON (UsedSparsity=0.6) | Clusters=OFF (UsedClusters=-) | EnvSparsityCfg={'Conv': 0.6, 'Linear': 0.6, 'Bias': 0.0, 'BatchNorm': 0.0} | EnvNClusters=3
[2026-01-26 11:02:53,011] [INFO] Model initialized on device: cuda:0
[2026-01-26 11:02:53,011] [INFO] [CLIENT INIT] Mode=SH | Sparsity=ON (UsedSparsity=0.6) | Clusters=OFF (UsedClusters=-) | EnvSparsityCfg={'Conv': 0.6, 'Linear': 0.6, 'Bias': 0.0, 'BatchNorm': 0.0} | EnvNClusters=3
[2026-01-26 11:02:53,013] [INFO] Model initialized on device: cuda:0
[2026-01-26 11:02:53,014] [INFO] [CLIENT INIT] Mode=SH | Sparsity=ON (UsedSparsity=0.6) | Clusters=OFF (UsedClusters=-) | EnvSparsityCfg={'Conv': 0.6, 'Linear': 0.6, 'Bias': 0.0, 'BatchNorm': 0.0} | EnvNClusters=3
[2026-01-26 11:02:53,041] [INFO] Model initialized on device: cuda:0
[2026-01-26 11:02:53,041] [INFO] [CLIENT INIT] Mode=SH | Sparsity=ON (UsedSparsity=0.6) | Clusters=OFF (UsedClusters=-) | EnvSparsityCfg={'Conv': 0.6, 'Linear': 0.6, 'Bias': 0.0, 'BatchNorm': 0.0} | EnvNClusters=3
[2026-01-26 11:04:32,345] [INFO] [TRAIN] Epoch 1 Loss: 0.1560
[2026-01-26 11:05:19,916] [INFO] Model initialized on device: cuda:0
[2026-01-26 11:05:19,916] [INFO] [CLIENT INIT] Mode=SH | Sparsity=ON (UsedSparsity=0.6) | Clusters=OFF (UsedClusters=-) | EnvSparsityCfg={'Conv': 0.6, 'Linear': 0.6, 'Bias': 0.0, 'BatchNorm': 0.0} | EnvNClusters=3
[2026-01-26 11:05:23,114] [INFO] Model initialized on device: cuda:0
[2026-01-26 11:05:23,114] [INFO] [CLIENT INIT] Mode=SH | Sparsity=ON (UsedSparsity=0.6) | Clusters=OFF (UsedClusters=-) | EnvSparsityCfg={'Conv': 0.6, 'Linear': 0.6, 'Bias': 0.0, 'BatchNorm': 0.0} | EnvNClusters=3
[2026-01-26 11:05:23,839] [INFO] Model initialized on device: cuda:0
[2026-01-26 11:05:23,839] [INFO] [CLIENT INIT] Mode=SH | Sparsity=ON (UsedSparsity=0.6) | Clusters=OFF (UsedClusters=-) | EnvSparsityCfg={'Conv': 0.6, 'Linear': 0.6, 'Bias': 0.0, 'BatchNorm': 0.0} | EnvNClusters=3
[2026-01-26 11:05:24,423] [INFO] Model initialized on device: cuda:0
[2026-01-26 11:05:24,423] [INFO] [CLIENT INIT] Mode=SH | Sparsity=ON (UsedSparsity=0.6) | Clusters=OFF (UsedClusters=-) | EnvSparsityCfg={'Conv': 0.6, 'Linear': 0.6, 'Bias': 0.0, 'BatchNorm': 0.0} | EnvNClusters=3
[2026-01-26 11:05:24,517] [INFO] Model initialized on device: cuda:0
[2026-01-26 11:05:24,517] [INFO] [CLIENT INIT] Mode=SH | Sparsity=ON (UsedSparsity=0.6) | Clusters=OFF (UsedClusters=-) | EnvSparsityCfg={'Conv': 0.6, 'Linear': 0.6, 'Bias': 0.0, 'BatchNorm': 0.0} | EnvNClusters=3
[2026-01-26 11:05:24,518] [INFO] Model initialized on device: cuda:0
[2026-01-26 11:05:24,518] [INFO] [CLIENT INIT] Mode=SH | Sparsity=ON (UsedSparsity=0.6) | Clusters=OFF (UsedClusters=-) | EnvSparsityCfg={'Conv': 0.6, 'Linear': 0.6, 'Bias': 0.0, 'BatchNorm': 0.0} | EnvNClusters=3
[2026-01-26 11:05:24,523] [INFO] Model initialized on device: cuda:0
[2026-01-26 11:05:24,523] [INFO] [CLIENT INIT] Mode=SH | Sparsity=ON (UsedSparsity=0.6) | Clusters=OFF (UsedClusters=-) | EnvSparsityCfg={'Conv': 0.6, 'Linear': 0.6, 'Bias': 0.0, 'BatchNorm': 0.0} | EnvNClusters=3
[2026-01-26 11:05:24,620] [INFO] Model initialized on device: cuda:0
[2026-01-26 11:05:24,621] [INFO] [CLIENT INIT] Mode=SH | Sparsity=ON (UsedSparsity=0.6) | Clusters=OFF (UsedClusters=-) | EnvSparsityCfg={'Conv': 0.6, 'Linear': 0.6, 'Bias': 0.0, 'BatchNorm': 0.0} | EnvNClusters=3
[2026-01-26 11:05:24,629] [INFO] Model initialized on device: cuda:0
[2026-01-26 11:05:24,629] [INFO] [CLIENT INIT] Mode=SH | Sparsity=ON (UsedSparsity=0.6) | Clusters=OFF (UsedClusters=-) | EnvSparsityCfg={'Conv': 0.6, 'Linear': 0.6, 'Bias': 0.0, 'BatchNorm': 0.0} | EnvNClusters=3
[2026-01-26 11:05:24,634] [INFO] Model initialized on device: cuda:0
[2026-01-26 11:05:24,634] [INFO] [CLIENT INIT] Mode=SH | Sparsity=ON (UsedSparsity=0.6) | Clusters=OFF (UsedClusters=-) | EnvSparsityCfg={'Conv': 0.6, 'Linear': 0.6, 'Bias': 0.0, 'BatchNorm': 0.0} | EnvNClusters=3
[2026-01-26 11:07:16,808] [INFO] [TRAIN] Epoch 2 Loss: 0.1377
[2026-01-26 11:08:00,138] [INFO] Model initialized on device: cuda:0
[2026-01-26 11:08:00,138] [INFO] [CLIENT INIT] Mode=SH | Sparsity=ON (UsedSparsity=0.6) | Clusters=OFF (UsedClusters=-) | EnvSparsityCfg={'Conv': 0.6, 'Linear': 0.6, 'Bias': 0.0, 'BatchNorm': 0.0} | EnvNClusters=3
[2026-01-26 11:08:06,177] [INFO] Model initialized on device: cuda:0
[2026-01-26 11:08:06,178] [INFO] [CLIENT INIT] Mode=SH | Sparsity=ON (UsedSparsity=0.6) | Clusters=OFF (UsedClusters=-) | EnvSparsityCfg={'Conv': 0.6, 'Linear': 0.6, 'Bias': 0.0, 'BatchNorm': 0.0} | EnvNClusters=3
[2026-01-26 11:08:06,714] [INFO] Model initialized on device: cuda:0
[2026-01-26 11:08:06,715] [INFO] [CLIENT INIT] Mode=SH | Sparsity=ON (UsedSparsity=0.6) | Clusters=OFF (UsedClusters=-) | EnvSparsityCfg={'Conv': 0.6, 'Linear': 0.6, 'Bias': 0.0, 'BatchNorm': 0.0} | EnvNClusters=3
[2026-01-26 11:08:11,022] [INFO] Model initialized on device: cuda:0
[2026-01-26 11:08:11,022] [INFO] [CLIENT INIT] Mode=SH | Sparsity=ON (UsedSparsity=0.6) | Clusters=OFF (UsedClusters=-) | EnvSparsityCfg={'Conv': 0.6, 'Linear': 0.6, 'Bias': 0.0, 'BatchNorm': 0.0} | EnvNClusters=3
[2026-01-26 11:08:11,411] [INFO] Model initialized on device: cuda:0
[2026-01-26 11:08:11,412] [INFO] [CLIENT INIT] Mode=SH | Sparsity=ON (UsedSparsity=0.6) | Clusters=OFF (UsedClusters=-) | EnvSparsityCfg={'Conv': 0.6, 'Linear': 0.6, 'Bias': 0.0, 'BatchNorm': 0.0} | EnvNClusters=3
[2026-01-26 11:08:12,252] [INFO] Model initialized on device: cuda:0
[2026-01-26 11:08:12,253] [INFO] [CLIENT INIT] Mode=SH | Sparsity=ON (UsedSparsity=0.6) | Clusters=OFF (UsedClusters=-) | EnvSparsityCfg={'Conv': 0.6, 'Linear': 0.6, 'Bias': 0.0, 'BatchNorm': 0.0} | EnvNClusters=3
[2026-01-26 11:08:12,342] [INFO] Model initialized on device: cuda:0
[2026-01-26 11:08:12,342] [INFO] [CLIENT INIT] Mode=SH | Sparsity=ON (UsedSparsity=0.6) | Clusters=OFF (UsedClusters=-) | EnvSparsityCfg={'Conv': 0.6, 'Linear': 0.6, 'Bias': 0.0, 'BatchNorm': 0.0} | EnvNClusters=3
[2026-01-26 11:08:12,927] [INFO] Model initialized on device: cuda:0
[2026-01-26 11:08:12,927] [INFO] [CLIENT INIT] Mode=SH | Sparsity=ON (UsedSparsity=0.6) | Clusters=OFF (UsedClusters=-) | EnvSparsityCfg={'Conv': 0.6, 'Linear': 0.6, 'Bias': 0.0, 'BatchNorm': 0.0} | EnvNClusters=3
[2026-01-26 11:08:14,055] [INFO] Model initialized on device: cuda:0
[2026-01-26 11:08:14,055] [INFO] [CLIENT INIT] Mode=SH | Sparsity=ON (UsedSparsity=0.6) | Clusters=OFF (UsedClusters=-) | EnvSparsityCfg={'Conv': 0.6, 'Linear': 0.6, 'Bias': 0.0, 'BatchNorm': 0.0} | EnvNClusters=3
[2026-01-26 11:08:14,108] [INFO] Model initialized on device: cuda:0
[2026-01-26 11:08:14,109] [INFO] [CLIENT INIT] Mode=SH | Sparsity=ON (UsedSparsity=0.6) | Clusters=OFF (UsedClusters=-) | EnvSparsityCfg={'Conv': 0.6, 'Linear': 0.6, 'Bias': 0.0, 'BatchNorm': 0.0} | EnvNClusters=3
[2026-01-26 11:09:52,418] [INFO] [TRAIN] Epoch 3 Loss: 0.1385
[2026-01-26 11:10:44,117] [INFO] Model initialized on device: cuda:0
[2026-01-26 11:10:44,117] [INFO] [CLIENT INIT] Mode=SH | Sparsity=ON (UsedSparsity=0.6) | Clusters=OFF (UsedClusters=-) | EnvSparsityCfg={'Conv': 0.6, 'Linear': 0.6, 'Bias': 0.0, 'BatchNorm': 0.0} | EnvNClusters=3
[2026-01-26 11:10:44,619] [INFO] Model initialized on device: cuda:0
[2026-01-26 11:10:44,619] [INFO] [CLIENT INIT] Mode=SH | Sparsity=ON (UsedSparsity=0.6) | Clusters=OFF (UsedClusters=-) | EnvSparsityCfg={'Conv': 0.6, 'Linear': 0.6, 'Bias': 0.0, 'BatchNorm': 0.0} | EnvNClusters=3
[2026-01-26 11:10:44,837] [INFO] Model initialized on device: cuda:0
[2026-01-26 11:10:44,838] [INFO] [CLIENT INIT] Mode=SH | Sparsity=ON (UsedSparsity=0.6) | Clusters=OFF (UsedClusters=-) | EnvSparsityCfg={'Conv': 0.6, 'Linear': 0.6, 'Bias': 0.0, 'BatchNorm': 0.0} | EnvNClusters=3
[2026-01-26 11:10:45,014] [INFO] Model initialized on device: cuda:0
[2026-01-26 11:10:45,015] [INFO] [CLIENT INIT] Mode=SH | Sparsity=ON (UsedSparsity=0.6) | Clusters=OFF (UsedClusters=-) | EnvSparsityCfg={'Conv': 0.6, 'Linear': 0.6, 'Bias': 0.0, 'BatchNorm': 0.0} | EnvNClusters=3
[2026-01-26 11:10:45,134] [INFO] Model initialized on device: cuda:0
[2026-01-26 11:10:45,134] [INFO] [CLIENT INIT] Mode=SH | Sparsity=ON (UsedSparsity=0.6) | Clusters=OFF (UsedClusters=-) | EnvSparsityCfg={'Conv': 0.6, 'Linear': 0.6, 'Bias': 0.0, 'BatchNorm': 0.0} | EnvNClusters=3
[2026-01-26 11:10:45,230] [INFO] Model initialized on device: cuda:0
[2026-01-26 11:10:45,230] [INFO] [CLIENT INIT] Mode=SH | Sparsity=ON (UsedSparsity=0.6) | Clusters=OFF (UsedClusters=-) | EnvSparsityCfg={'Conv': 0.6, 'Linear': 0.6, 'Bias': 0.0, 'BatchNorm': 0.0} | EnvNClusters=3
[2026-01-26 11:10:45,313] [INFO] Model initialized on device: cuda:0
[2026-01-26 11:10:45,313] [INFO] [CLIENT INIT] Mode=SH | Sparsity=ON (UsedSparsity=0.6) | Clusters=OFF (UsedClusters=-) | EnvSparsityCfg={'Conv': 0.6, 'Linear': 0.6, 'Bias': 0.0, 'BatchNorm': 0.0} | EnvNClusters=3
[2026-01-26 11:10:45,320] [INFO] Model initialized on device: cuda:0
[2026-01-26 11:10:45,321] [INFO] [CLIENT INIT] Mode=SH | Sparsity=ON (UsedSparsity=0.6) | Clusters=OFF (UsedClusters=-) | EnvSparsityCfg={'Conv': 0.6, 'Linear': 0.6, 'Bias': 0.0, 'BatchNorm': 0.0} | EnvNClusters=3
[2026-01-26 11:10:45,332] [INFO] Model initialized on device: cuda:0
[2026-01-26 11:10:45,332] [INFO] [CLIENT INIT] Mode=SH | Sparsity=ON (UsedSparsity=0.6) | Clusters=OFF (UsedClusters=-) | EnvSparsityCfg={'Conv': 0.6, 'Linear': 0.6, 'Bias': 0.0, 'BatchNorm': 0.0} | EnvNClusters=3
[2026-01-26 11:10:45,334] [INFO] Model initialized on device: cuda:0
[2026-01-26 11:10:45,335] [INFO] [CLIENT INIT] Mode=SH | Sparsity=ON (UsedSparsity=0.6) | Clusters=OFF (UsedClusters=-) | EnvSparsityCfg={'Conv': 0.6, 'Linear': 0.6, 'Bias': 0.0, 'BatchNorm': 0.0} | EnvNClusters=3
[2026-01-26 11:12:17,919] [INFO] [TRAIN] Epoch 4 Loss: 0.1335
[2026-01-26 11:12:55,741] [INFO] Model initialized on device: cuda:0
[2026-01-26 11:12:55,741] [INFO] [CLIENT INIT] Mode=SH | Sparsity=ON (UsedSparsity=0.6) | Clusters=OFF (UsedClusters=-) | EnvSparsityCfg={'Conv': 0.6, 'Linear': 0.6, 'Bias': 0.0, 'BatchNorm': 0.0} | EnvNClusters=3
[2026-01-26 11:12:55,821] [INFO] Model initialized on device: cuda:0
[2026-01-26 11:12:55,821] [INFO] [CLIENT INIT] Mode=SH | Sparsity=ON (UsedSparsity=0.6) | Clusters=OFF (UsedClusters=-) | EnvSparsityCfg={'Conv': 0.6, 'Linear': 0.6, 'Bias': 0.0, 'BatchNorm': 0.0} | EnvNClusters=3
[2026-01-26 11:12:59,017] [INFO] Model initialized on device: cuda:0
[2026-01-26 11:12:59,017] [INFO] [CLIENT INIT] Mode=SH | Sparsity=ON (UsedSparsity=0.6) | Clusters=OFF (UsedClusters=-) | EnvSparsityCfg={'Conv': 0.6, 'Linear': 0.6, 'Bias': 0.0, 'BatchNorm': 0.0} | EnvNClusters=3
[2026-01-26 11:13:00,637] [INFO] Model initialized on device: cuda:0
[2026-01-26 11:13:00,638] [INFO] [CLIENT INIT] Mode=SH | Sparsity=ON (UsedSparsity=0.6) | Clusters=OFF (UsedClusters=-) | EnvSparsityCfg={'Conv': 0.6, 'Linear': 0.6, 'Bias': 0.0, 'BatchNorm': 0.0} | EnvNClusters=3
[2026-01-26 11:13:06,923] [INFO] Model initialized on device: cuda:0
[2026-01-26 11:13:06,923] [INFO] [CLIENT INIT] Mode=SH | Sparsity=ON (UsedSparsity=0.6) | Clusters=OFF (UsedClusters=-) | EnvSparsityCfg={'Conv': 0.6, 'Linear': 0.6, 'Bias': 0.0, 'BatchNorm': 0.0} | EnvNClusters=3
[2026-01-26 11:13:07,114] [INFO] Model initialized on device: cuda:0
[2026-01-26 11:13:07,114] [INFO] [CLIENT INIT] Mode=SH | Sparsity=ON (UsedSparsity=0.6) | Clusters=OFF (UsedClusters=-) | EnvSparsityCfg={'Conv': 0.6, 'Linear': 0.6, 'Bias': 0.0, 'BatchNorm': 0.0} | EnvNClusters=3
[2026-01-26 11:13:07,128] [INFO] Model initialized on device: cuda:0
[2026-01-26 11:13:07,129] [INFO] [CLIENT INIT] Mode=SH | Sparsity=ON (UsedSparsity=0.6) | Clusters=OFF (UsedClusters=-) | EnvSparsityCfg={'Conv': 0.6, 'Linear': 0.6, 'Bias': 0.0, 'BatchNorm': 0.0} | EnvNClusters=3
[2026-01-26 11:13:07,138] [INFO] Model initialized on device: cuda:0
[2026-01-26 11:13:07,138] [INFO] [CLIENT INIT] Mode=SH | Sparsity=ON (UsedSparsity=0.6) | Clusters=OFF (UsedClusters=-) | EnvSparsityCfg={'Conv': 0.6, 'Linear': 0.6, 'Bias': 0.0, 'BatchNorm': 0.0} | EnvNClusters=3
[2026-01-26 11:13:07,217] [INFO] Model initialized on device: cuda:0
[2026-01-26 11:13:07,217] [INFO] [CLIENT INIT] Mode=SH | Sparsity=ON (UsedSparsity=0.6) | Clusters=OFF (UsedClusters=-) | EnvSparsityCfg={'Conv': 0.6, 'Linear': 0.6, 'Bias': 0.0, 'BatchNorm': 0.0} | EnvNClusters=3
[2026-01-26 11:13:07,229] [INFO] Model initialized on device: cuda:0
[2026-01-26 11:13:07,230] [INFO] [CLIENT INIT] Mode=SH | Sparsity=ON (UsedSparsity=0.6) | Clusters=OFF (UsedClusters=-) | EnvSparsityCfg={'Conv': 0.6, 'Linear': 0.6, 'Bias': 0.0, 'BatchNorm': 0.0} | EnvNClusters=3
[2026-01-26 11:14:48,813] [INFO] [TRAIN] Epoch 5 Loss: 0.1250
[2026-01-26 11:14:48,814] [INFO] [FIT] Local training finished. Avg Loss: 0.1381
[2026-01-26 11:15:13,023] [INFO] Model initialized on device: cuda:0
[2026-01-26 11:15:13,023] [INFO] [CLIENT INIT] Mode=SH | Sparsity=ON (UsedSparsity=0.6) | Clusters=OFF (UsedClusters=-) | EnvSparsityCfg={'Conv': 0.6, 'Linear': 0.6, 'Bias': 0.0, 'BatchNorm': 0.0} | EnvNClusters=3
[2026-01-26 11:15:13,035] [INFO] Model initialized on device: cuda:0
[2026-01-26 11:15:13,036] [INFO] [CLIENT INIT] Mode=SH | Sparsity=ON (UsedSparsity=0.6) | Clusters=OFF (UsedClusters=-) | EnvSparsityCfg={'Conv': 0.6, 'Linear': 0.6, 'Bias': 0.0, 'BatchNorm': 0.0} | EnvNClusters=3
[2026-01-26 11:15:13,432] [INFO] Model initialized on device: cuda:0
[2026-01-26 11:15:13,432] [INFO] [CLIENT INIT] Mode=SH | Sparsity=ON (UsedSparsity=0.6) | Clusters=OFF (UsedClusters=-) | EnvSparsityCfg={'Conv': 0.6, 'Linear': 0.6, 'Bias': 0.0, 'BatchNorm': 0.0} | EnvNClusters=3
[2026-01-26 11:15:17,650] [INFO] Model initialized on device: cuda:0
[2026-01-26 11:15:17,651] [INFO] [CLIENT INIT] Mode=SH | Sparsity=ON (UsedSparsity=0.6) | Clusters=OFF (UsedClusters=-) | EnvSparsityCfg={'Conv': 0.6, 'Linear': 0.6, 'Bias': 0.0, 'BatchNorm': 0.0} | EnvNClusters=3
[2026-01-26 11:15:17,815] [INFO] Model initialized on device: cuda:0
[2026-01-26 11:15:17,815] [INFO] [CLIENT INIT] Mode=SH | Sparsity=ON (UsedSparsity=0.6) | Clusters=OFF (UsedClusters=-) | EnvSparsityCfg={'Conv': 0.6, 'Linear': 0.6, 'Bias': 0.0, 'BatchNorm': 0.0} | EnvNClusters=3
[2026-01-26 11:15:18,017] [INFO] Model initialized on device: cuda:0
[2026-01-26 11:15:18,017] [INFO] [CLIENT INIT] Mode=SH | Sparsity=ON (UsedSparsity=0.6) | Clusters=OFF (UsedClusters=-) | EnvSparsityCfg={'Conv': 0.6, 'Linear': 0.6, 'Bias': 0.0, 'BatchNorm': 0.0} | EnvNClusters=3
[2026-01-26 11:15:18,141] [INFO] Model initialized on device: cuda:0
[2026-01-26 11:15:18,142] [INFO] [CLIENT INIT] Mode=SH | Sparsity=ON (UsedSparsity=0.6) | Clusters=OFF (UsedClusters=-) | EnvSparsityCfg={'Conv': 0.6, 'Linear': 0.6, 'Bias': 0.0, 'BatchNorm': 0.0} | EnvNClusters=3
[2026-01-26 11:15:18,214] [INFO] Model initialized on device: cuda:0
[2026-01-26 11:15:18,215] [INFO] [CLIENT INIT] Mode=SH | Sparsity=ON (UsedSparsity=0.6) | Clusters=OFF (UsedClusters=-) | EnvSparsityCfg={'Conv': 0.6, 'Linear': 0.6, 'Bias': 0.0, 'BatchNorm': 0.0} | EnvNClusters=3
[2026-01-26 11:15:19,225] [INFO] Model initialized on device: cuda:0
[2026-01-26 11:15:19,225] [INFO] [CLIENT INIT] Mode=SH | Sparsity=ON (UsedSparsity=0.6) | Clusters=OFF (UsedClusters=-) | EnvSparsityCfg={'Conv': 0.6, 'Linear': 0.6, 'Bias': 0.0, 'BatchNorm': 0.0} | EnvNClusters=3
[2026-01-26 11:15:19,319] [INFO] Model initialized on device: cuda:0
[2026-01-26 11:15:19,319] [INFO] [CLIENT INIT] Mode=SH | Sparsity=ON (UsedSparsity=0.6) | Clusters=OFF (UsedClusters=-) | EnvSparsityCfg={'Conv': 0.6, 'Linear': 0.6, 'Bias': 0.0, 'BatchNorm': 0.0} | EnvNClusters=3
[2026-01-26 11:15:25,635] [DEBUG] [TEST] Batch 1 | Pred shape: torch.Size([256, 256, 160]) | Label shape: torch.Size([256, 256, 160])
[2026-01-26 11:15:25,746] [DEBUG] [TEST] Batch 2 | Pred shape: torch.Size([256, 256, 160]) | Label shape: torch.Size([256, 256, 160])
[2026-01-26 11:15:25,912] [DEBUG] [TEST] Batch 3 | Pred shape: torch.Size([256, 256, 160]) | Label shape: torch.Size([256, 256, 160])
[2026-01-26 11:15:26,144] [DEBUG] [TEST] Batch 4 | Pred shape: torch.Size([256, 256, 160]) | Label shape: torch.Size([256, 256, 160])
[2026-01-26 11:15:26,317] [DEBUG] [TEST] Batch 5 | Pred shape: torch.Size([256, 256, 160]) | Label shape: torch.Size([256, 256, 160])
[2026-01-26 11:15:26,511] [DEBUG] [TEST] Batch 6 | Pred shape: torch.Size([256, 256, 160]) | Label shape: torch.Size([256, 256, 160])
[2026-01-26 11:15:26,708] [DEBUG] [TEST] Batch 7 | Pred shape: torch.Size([256, 256, 160]) | Label shape: torch.Size([256, 256, 160])
[2026-01-26 11:15:26,908] [DEBUG] [TEST] Batch 8 | Pred shape: torch.Size([256, 256, 160]) | Label shape: torch.Size([256, 256, 160])
[2026-01-26 11:15:26,966] [DEBUG] [TEST] Batch 9 | Pred shape: torch.Size([256, 256, 160]) | Label shape: torch.Size([256, 256, 160])
[2026-01-26 11:15:27,116] [DEBUG] [TEST] Batch 10 | Pred shape: torch.Size([256, 256, 160]) | Label shape: torch.Size([256, 256, 160])
[2026-01-26 11:15:29,215] [DEBUG] [TEST] Batch 11 | Pred shape: torch.Size([256, 256, 160]) | Label shape: torch.Size([256, 256, 160])
[2026-01-26 11:15:29,313] [DEBUG] [TEST] Batch 12 | Pred shape: torch.Size([256, 256, 160]) | Label shape: torch.Size([256, 256, 160])
[2026-01-26 11:15:29,368] [DEBUG] [TEST] Batch 13 | Pred shape: torch.Size([256, 256, 160]) | Label shape: torch.Size([256, 256, 160])
[2026-01-26 11:15:29,456] [DEBUG] [TEST] Batch 14 | Pred shape: torch.Size([256, 256, 160]) | Label shape: torch.Size([256, 256, 160])
[2026-01-26 11:15:29,545] [DEBUG] [TEST] Batch 15 | Pred shape: torch.Size([256, 256, 160]) | Label shape: torch.Size([256, 256, 160])
[2026-01-26 11:15:29,614] [DEBUG] [TEST] Batch 16 | Pred shape: torch.Size([256, 256, 160]) | Label shape: torch.Size([256, 256, 160])
[2026-01-26 11:15:35,207] [INFO] [FIT] Final model saved to: Revision2/Run_UNET_NonIID_SH_20260126/Client3/model_final.pth
[2026-01-26 11:16:42,837] [INFO] [COMM][CLIENT] Round=-1 Mode=SH UsedSparsity=0.6 UsedClusters=- BaselineBits=154016352.0 CompressedBits=159815024.5 CR=0.964
[2026-01-26 11:25:25,523] [INFO] [EVALUATE] Starting evaluation...
[2026-01-26 11:25:29,325] [INFO] [DEBUG] Loaded compressed decoded weights.
[2026-01-26 11:26:28,150] [INFO] Model initialized on device: cuda:0
[2026-01-26 11:26:28,150] [INFO] [CLIENT INIT] Mode=SH | Sparsity=ON (UsedSparsity=0.6) | Clusters=OFF (UsedClusters=-) | EnvSparsityCfg={'Conv': 0.6, 'Linear': 0.6, 'Bias': 0.0, 'BatchNorm': 0.0} | EnvNClusters=3
[2026-01-26 11:26:29,220] [INFO] Model initialized on device: cuda:0
[2026-01-26 11:26:29,221] [INFO] [CLIENT INIT] Mode=SH | Sparsity=ON (UsedSparsity=0.6) | Clusters=OFF (UsedClusters=-) | EnvSparsityCfg={'Conv': 0.6, 'Linear': 0.6, 'Bias': 0.0, 'BatchNorm': 0.0} | EnvNClusters=3
[2026-01-26 11:26:29,513] [INFO] Model initialized on device: cuda:0
[2026-01-26 11:26:29,513] [INFO] [CLIENT INIT] Mode=SH | Sparsity=ON (UsedSparsity=0.6) | Clusters=OFF (UsedClusters=-) | EnvSparsityCfg={'Conv': 0.6, 'Linear': 0.6, 'Bias': 0.0, 'BatchNorm': 0.0} | EnvNClusters=3
[2026-01-26 11:26:29,626] [INFO] Model initialized on device: cuda:0
[2026-01-26 11:26:29,626] [INFO] [CLIENT INIT] Mode=SH | Sparsity=ON (UsedSparsity=0.6) | Clusters=OFF (UsedClusters=-) | EnvSparsityCfg={'Conv': 0.6, 'Linear': 0.6, 'Bias': 0.0, 'BatchNorm': 0.0} | EnvNClusters=3
[2026-01-26 11:26:29,633] [INFO] Model initialized on device: cuda:0
[2026-01-26 11:26:29,633] [INFO] [CLIENT INIT] Mode=SH | Sparsity=ON (UsedSparsity=0.6) | Clusters=OFF (UsedClusters=-) | EnvSparsityCfg={'Conv': 0.6, 'Linear': 0.6, 'Bias': 0.0, 'BatchNorm': 0.0} | EnvNClusters=3
[2026-01-26 11:26:29,635] [INFO] Model initialized on device: cuda:0
[2026-01-26 11:26:29,635] [INFO] [CLIENT INIT] Mode=SH | Sparsity=ON (UsedSparsity=0.6) | Clusters=OFF (UsedClusters=-) | EnvSparsityCfg={'Conv': 0.6, 'Linear': 0.6, 'Bias': 0.0, 'BatchNorm': 0.0} | EnvNClusters=3
[2026-01-26 11:26:29,635] [INFO] Model initialized on device: cuda:0
[2026-01-26 11:26:29,636] [INFO] [CLIENT INIT] Mode=SH | Sparsity=ON (UsedSparsity=0.6) | Clusters=OFF (UsedClusters=-) | EnvSparsityCfg={'Conv': 0.6, 'Linear': 0.6, 'Bias': 0.0, 'BatchNorm': 0.0} | EnvNClusters=3
[2026-01-26 11:26:29,637] [INFO] Model initialized on device: cuda:0
[2026-01-26 11:26:29,638] [INFO] [CLIENT INIT] Mode=SH | Sparsity=ON (UsedSparsity=0.6) | Clusters=OFF (UsedClusters=-) | EnvSparsityCfg={'Conv': 0.6, 'Linear': 0.6, 'Bias': 0.0, 'BatchNorm': 0.0} | EnvNClusters=3
[2026-01-26 11:26:29,638] [INFO] Model initialized on device: cuda:0
[2026-01-26 11:26:29,639] [INFO] [CLIENT INIT] Mode=SH | Sparsity=ON (UsedSparsity=0.6) | Clusters=OFF (UsedClusters=-) | EnvSparsityCfg={'Conv': 0.6, 'Linear': 0.6, 'Bias': 0.0, 'BatchNorm': 0.0} | EnvNClusters=3
[2026-01-26 11:26:29,639] [INFO] Model initialized on device: cuda:0
[2026-01-26 11:26:29,639] [INFO] [CLIENT INIT] Mode=SH | Sparsity=ON (UsedSparsity=0.6) | Clusters=OFF (UsedClusters=-) | EnvSparsityCfg={'Conv': 0.6, 'Linear': 0.6, 'Bias': 0.0, 'BatchNorm': 0.0} | EnvNClusters=3
[2026-01-26 11:26:39,858] [DEBUG] [TEST] Batch 1 | Pred shape: torch.Size([256, 256, 160]) | Label shape: torch.Size([256, 256, 160])
[2026-01-26 11:26:40,211] [DEBUG] [TEST] Batch 2 | Pred shape: torch.Size([256, 256, 160]) | Label shape: torch.Size([256, 256, 160])
[2026-01-26 11:26:40,511] [DEBUG] [TEST] Batch 3 | Pred shape: torch.Size([256, 256, 160]) | Label shape: torch.Size([256, 256, 160])
[2026-01-26 11:26:40,729] [DEBUG] [TEST] Batch 4 | Pred shape: torch.Size([256, 256, 160]) | Label shape: torch.Size([256, 256, 160])
[2026-01-26 11:26:40,815] [DEBUG] [TEST] Batch 5 | Pred shape: torch.Size([256, 256, 160]) | Label shape: torch.Size([256, 256, 160])
[2026-01-26 11:26:40,916] [DEBUG] [TEST] Batch 6 | Pred shape: torch.Size([256, 256, 160]) | Label shape: torch.Size([256, 256, 160])
[2026-01-26 11:26:41,015] [DEBUG] [TEST] Batch 7 | Pred shape: torch.Size([256, 256, 160]) | Label shape: torch.Size([256, 256, 160])
[2026-01-26 11:26:41,116] [DEBUG] [TEST] Batch 8 | Pred shape: torch.Size([256, 256, 160]) | Label shape: torch.Size([256, 256, 160])
[2026-01-26 11:26:41,217] [DEBUG] [TEST] Batch 9 | Pred shape: torch.Size([256, 256, 160]) | Label shape: torch.Size([256, 256, 160])
[2026-01-26 11:26:41,411] [DEBUG] [TEST] Batch 10 | Pred shape: torch.Size([256, 256, 160]) | Label shape: torch.Size([256, 256, 160])
[2026-01-26 11:26:43,348] [DEBUG] [TEST] Batch 11 | Pred shape: torch.Size([256, 256, 160]) | Label shape: torch.Size([256, 256, 160])
[2026-01-26 11:26:43,618] [DEBUG] [TEST] Batch 12 | Pred shape: torch.Size([256, 256, 160]) | Label shape: torch.Size([256, 256, 160])
[2026-01-26 11:26:43,813] [DEBUG] [TEST] Batch 13 | Pred shape: torch.Size([256, 256, 160]) | Label shape: torch.Size([256, 256, 160])
[2026-01-26 11:26:44,121] [DEBUG] [TEST] Batch 14 | Pred shape: torch.Size([256, 256, 160]) | Label shape: torch.Size([256, 256, 160])
[2026-01-26 11:26:44,239] [DEBUG] [TEST] Batch 15 | Pred shape: torch.Size([256, 256, 160]) | Label shape: torch.Size([256, 256, 160])
[2026-01-26 11:26:44,422] [DEBUG] [TEST] Batch 16 | Pred shape: torch.Size([256, 256, 160]) | Label shape: torch.Size([256, 256, 160])
[2026-01-26 11:26:51,120] [INFO] [EVALUATE] Dice WT: 0.9731
[2026-01-26 11:27:09,605] [INFO] [FIT] Received parameters. Starting local training...
[2026-01-26 11:27:12,524] [INFO] [DEBUG] Loaded compressed decoded weights.
[2026-01-26 11:28:14,111] [INFO] Model initialized on device: cuda:0
[2026-01-26 11:28:14,112] [INFO] [CLIENT INIT] Mode=SH | Sparsity=ON (UsedSparsity=0.6) | Clusters=OFF (UsedClusters=-) | EnvSparsityCfg={'Conv': 0.6, 'Linear': 0.6, 'Bias': 0.0, 'BatchNorm': 0.0} | EnvNClusters=3
[2026-01-26 11:28:14,814] [INFO] Model initialized on device: cuda:0
[2026-01-26 11:28:14,814] [INFO] [CLIENT INIT] Mode=SH | Sparsity=ON (UsedSparsity=0.6) | Clusters=OFF (UsedClusters=-) | EnvSparsityCfg={'Conv': 0.6, 'Linear': 0.6, 'Bias': 0.0, 'BatchNorm': 0.0} | EnvNClusters=3
[2026-01-26 11:28:14,919] [INFO] Model initialized on device: cuda:0
[2026-01-26 11:28:14,919] [INFO] [CLIENT INIT] Mode=SH | Sparsity=ON (UsedSparsity=0.6) | Clusters=OFF (UsedClusters=-) | EnvSparsityCfg={'Conv': 0.6, 'Linear': 0.6, 'Bias': 0.0, 'BatchNorm': 0.0} | EnvNClusters=3
[2026-01-26 11:28:16,712] [INFO] Model initialized on device: cuda:0
[2026-01-26 11:28:16,712] [INFO] [CLIENT INIT] Mode=SH | Sparsity=ON (UsedSparsity=0.6) | Clusters=OFF (UsedClusters=-) | EnvSparsityCfg={'Conv': 0.6, 'Linear': 0.6, 'Bias': 0.0, 'BatchNorm': 0.0} | EnvNClusters=3
[2026-01-26 11:28:19,227] [INFO] Model initialized on device: cuda:0
[2026-01-26 11:28:19,227] [INFO] [CLIENT INIT] Mode=SH | Sparsity=ON (UsedSparsity=0.6) | Clusters=OFF (UsedClusters=-) | EnvSparsityCfg={'Conv': 0.6, 'Linear': 0.6, 'Bias': 0.0, 'BatchNorm': 0.0} | EnvNClusters=3
[2026-01-26 11:28:20,251] [INFO] Model initialized on device: cuda:0
[2026-01-26 11:28:20,252] [INFO] [CLIENT INIT] Mode=SH | Sparsity=ON (UsedSparsity=0.6) | Clusters=OFF (UsedClusters=-) | EnvSparsityCfg={'Conv': 0.6, 'Linear': 0.6, 'Bias': 0.0, 'BatchNorm': 0.0} | EnvNClusters=3
[2026-01-26 11:28:20,511] [INFO] Model initialized on device: cuda:0
[2026-01-26 11:28:20,511] [INFO] [CLIENT INIT] Mode=SH | Sparsity=ON (UsedSparsity=0.6) | Clusters=OFF (UsedClusters=-) | EnvSparsityCfg={'Conv': 0.6, 'Linear': 0.6, 'Bias': 0.0, 'BatchNorm': 0.0} | EnvNClusters=3
[2026-01-26 11:28:20,514] [INFO] Model initialized on device: cuda:0
[2026-01-26 11:28:20,515] [INFO] [CLIENT INIT] Mode=SH | Sparsity=ON (UsedSparsity=0.6) | Clusters=OFF (UsedClusters=-) | EnvSparsityCfg={'Conv': 0.6, 'Linear': 0.6, 'Bias': 0.0, 'BatchNorm': 0.0} | EnvNClusters=3
[2026-01-26 11:28:20,520] [INFO] Model initialized on device: cuda:0
[2026-01-26 11:28:20,520] [INFO] [CLIENT INIT] Mode=SH | Sparsity=ON (UsedSparsity=0.6) | Clusters=OFF (UsedClusters=-) | EnvSparsityCfg={'Conv': 0.6, 'Linear': 0.6, 'Bias': 0.0, 'BatchNorm': 0.0} | EnvNClusters=3
[2026-01-26 11:28:20,549] [INFO] Model initialized on device: cuda:0
[2026-01-26 11:28:20,550] [INFO] [CLIENT INIT] Mode=SH | Sparsity=ON (UsedSparsity=0.6) | Clusters=OFF (UsedClusters=-) | EnvSparsityCfg={'Conv': 0.6, 'Linear': 0.6, 'Bias': 0.0, 'BatchNorm': 0.0} | EnvNClusters=3
[2026-01-26 11:30:08,822] [INFO] [TRAIN] Epoch 1 Loss: 0.1448
[2026-01-26 11:31:04,011] [INFO] Model initialized on device: cuda:0
[2026-01-26 11:31:04,011] [INFO] [CLIENT INIT] Mode=SH | Sparsity=ON (UsedSparsity=0.6) | Clusters=OFF (UsedClusters=-) | EnvSparsityCfg={'Conv': 0.6, 'Linear': 0.6, 'Bias': 0.0, 'BatchNorm': 0.0} | EnvNClusters=3
[2026-01-26 11:31:04,627] [INFO] Model initialized on device: cuda:0
[2026-01-26 11:31:04,627] [INFO] [CLIENT INIT] Mode=SH | Sparsity=ON (UsedSparsity=0.6) | Clusters=OFF (UsedClusters=-) | EnvSparsityCfg={'Conv': 0.6, 'Linear': 0.6, 'Bias': 0.0, 'BatchNorm': 0.0} | EnvNClusters=3
[2026-01-26 11:31:04,723] [INFO] Model initialized on device: cuda:0
[2026-01-26 11:31:04,723] [INFO] [CLIENT INIT] Mode=SH | Sparsity=ON (UsedSparsity=0.6) | Clusters=OFF (UsedClusters=-) | EnvSparsityCfg={'Conv': 0.6, 'Linear': 0.6, 'Bias': 0.0, 'BatchNorm': 0.0} | EnvNClusters=3
[2026-01-26 11:31:04,738] [INFO] Model initialized on device: cuda:0
[2026-01-26 11:31:04,739] [INFO] [CLIENT INIT] Mode=SH | Sparsity=ON (UsedSparsity=0.6) | Clusters=OFF (UsedClusters=-) | EnvSparsityCfg={'Conv': 0.6, 'Linear': 0.6, 'Bias': 0.0, 'BatchNorm': 0.0} | EnvNClusters=3
[2026-01-26 11:31:04,808] [INFO] Model initialized on device: cuda:0
[2026-01-26 11:31:04,808] [INFO] [CLIENT INIT] Mode=SH | Sparsity=ON (UsedSparsity=0.6) | Clusters=OFF (UsedClusters=-) | EnvSparsityCfg={'Conv': 0.6, 'Linear': 0.6, 'Bias': 0.0, 'BatchNorm': 0.0} | EnvNClusters=3
[2026-01-26 11:31:05,008] [INFO] Model initialized on device: cuda:0
[2026-01-26 11:31:05,008] [INFO] [CLIENT INIT] Mode=SH | Sparsity=ON (UsedSparsity=0.6) | Clusters=OFF (UsedClusters=-) | EnvSparsityCfg={'Conv': 0.6, 'Linear': 0.6, 'Bias': 0.0, 'BatchNorm': 0.0} | EnvNClusters=3
[2026-01-26 11:31:05,008] [INFO] Model initialized on device: cuda:0
[2026-01-26 11:31:05,008] [INFO] [CLIENT INIT] Mode=SH | Sparsity=ON (UsedSparsity=0.6) | Clusters=OFF (UsedClusters=-) | EnvSparsityCfg={'Conv': 0.6, 'Linear': 0.6, 'Bias': 0.0, 'BatchNorm': 0.0} | EnvNClusters=3
[2026-01-26 11:31:05,012] [INFO] Model initialized on device: cuda:0
[2026-01-26 11:31:05,012] [INFO] [CLIENT INIT] Mode=SH | Sparsity=ON (UsedSparsity=0.6) | Clusters=OFF (UsedClusters=-) | EnvSparsityCfg={'Conv': 0.6, 'Linear': 0.6, 'Bias': 0.0, 'BatchNorm': 0.0} | EnvNClusters=3
[2026-01-26 11:31:05,015] [INFO] Model initialized on device: cuda:0
[2026-01-26 11:31:05,015] [INFO] [CLIENT INIT] Mode=SH | Sparsity=ON (UsedSparsity=0.6) | Clusters=OFF (UsedClusters=-) | EnvSparsityCfg={'Conv': 0.6, 'Linear': 0.6, 'Bias': 0.0, 'BatchNorm': 0.0} | EnvNClusters=3
[2026-01-26 11:31:05,016] [INFO] Model initialized on device: cuda:0
[2026-01-26 11:31:05,017] [INFO] [CLIENT INIT] Mode=SH | Sparsity=ON (UsedSparsity=0.6) | Clusters=OFF (UsedClusters=-) | EnvSparsityCfg={'Conv': 0.6, 'Linear': 0.6, 'Bias': 0.0, 'BatchNorm': 0.0} | EnvNClusters=3
[2026-01-26 11:32:46,689] [INFO] [TRAIN] Epoch 2 Loss: 0.1290
[2026-01-26 11:33:32,412] [INFO] Model initialized on device: cuda:0
[2026-01-26 11:33:32,412] [INFO] [CLIENT INIT] Mode=SH | Sparsity=ON (UsedSparsity=0.6) | Clusters=OFF (UsedClusters=-) | EnvSparsityCfg={'Conv': 0.6, 'Linear': 0.6, 'Bias': 0.0, 'BatchNorm': 0.0} | EnvNClusters=3
[2026-01-26 11:33:32,547] [INFO] Model initialized on device: cuda:0
[2026-01-26 11:33:32,548] [INFO] [CLIENT INIT] Mode=SH | Sparsity=ON (UsedSparsity=0.6) | Clusters=OFF (UsedClusters=-) | EnvSparsityCfg={'Conv': 0.6, 'Linear': 0.6, 'Bias': 0.0, 'BatchNorm': 0.0} | EnvNClusters=3
[2026-01-26 11:33:42,325] [INFO] Model initialized on device: cuda:0
[2026-01-26 11:33:42,326] [INFO] [CLIENT INIT] Mode=SH | Sparsity=ON (UsedSparsity=0.6) | Clusters=OFF (UsedClusters=-) | EnvSparsityCfg={'Conv': 0.6, 'Linear': 0.6, 'Bias': 0.0, 'BatchNorm': 0.0} | EnvNClusters=3
[2026-01-26 11:33:42,528] [INFO] Model initialized on device: cuda:0
[2026-01-26 11:33:42,528] [INFO] [CLIENT INIT] Mode=SH | Sparsity=ON (UsedSparsity=0.6) | Clusters=OFF (UsedClusters=-) | EnvSparsityCfg={'Conv': 0.6, 'Linear': 0.6, 'Bias': 0.0, 'BatchNorm': 0.0} | EnvNClusters=3
[2026-01-26 11:33:42,715] [INFO] Model initialized on device: cuda:0
[2026-01-26 11:33:42,715] [INFO] [CLIENT INIT] Mode=SH | Sparsity=ON (UsedSparsity=0.6) | Clusters=OFF (UsedClusters=-) | EnvSparsityCfg={'Conv': 0.6, 'Linear': 0.6, 'Bias': 0.0, 'BatchNorm': 0.0} | EnvNClusters=3
[2026-01-26 11:33:43,618] [INFO] Model initialized on device: cuda:0
[2026-01-26 11:33:43,619] [INFO] [CLIENT INIT] Mode=SH | Sparsity=ON (UsedSparsity=0.6) | Clusters=OFF (UsedClusters=-) | EnvSparsityCfg={'Conv': 0.6, 'Linear': 0.6, 'Bias': 0.0, 'BatchNorm': 0.0} | EnvNClusters=3
[2026-01-26 11:33:43,729] [INFO] Model initialized on device: cuda:0
[2026-01-26 11:33:43,729] [INFO] [CLIENT INIT] Mode=SH | Sparsity=ON (UsedSparsity=0.6) | Clusters=OFF (UsedClusters=-) | EnvSparsityCfg={'Conv': 0.6, 'Linear': 0.6, 'Bias': 0.0, 'BatchNorm': 0.0} | EnvNClusters=3
[2026-01-26 11:33:43,816] [INFO] Model initialized on device: cuda:0
[2026-01-26 11:33:43,817] [INFO] [CLIENT INIT] Mode=SH | Sparsity=ON (UsedSparsity=0.6) | Clusters=OFF (UsedClusters=-) | EnvSparsityCfg={'Conv': 0.6, 'Linear': 0.6, 'Bias': 0.0, 'BatchNorm': 0.0} | EnvNClusters=3
[2026-01-26 11:33:43,824] [INFO] Model initialized on device: cuda:0
[2026-01-26 11:33:43,824] [INFO] [CLIENT INIT] Mode=SH | Sparsity=ON (UsedSparsity=0.6) | Clusters=OFF (UsedClusters=-) | EnvSparsityCfg={'Conv': 0.6, 'Linear': 0.6, 'Bias': 0.0, 'BatchNorm': 0.0} | EnvNClusters=3
[2026-01-26 11:33:43,832] [INFO] Model initialized on device: cuda:0
[2026-01-26 11:33:43,832] [INFO] [CLIENT INIT] Mode=SH | Sparsity=ON (UsedSparsity=0.6) | Clusters=OFF (UsedClusters=-) | EnvSparsityCfg={'Conv': 0.6, 'Linear': 0.6, 'Bias': 0.0, 'BatchNorm': 0.0} | EnvNClusters=3
[2026-01-26 11:35:37,357] [INFO] [TRAIN] Epoch 3 Loss: 0.1310
[2026-01-26 11:36:09,739] [INFO] Model initialized on device: cuda:0
[2026-01-26 11:36:09,739] [INFO] [CLIENT INIT] Mode=SH | Sparsity=ON (UsedSparsity=0.6) | Clusters=OFF (UsedClusters=-) | EnvSparsityCfg={'Conv': 0.6, 'Linear': 0.6, 'Bias': 0.0, 'BatchNorm': 0.0} | EnvNClusters=3
[2026-01-26 11:36:12,614] [INFO] Model initialized on device: cuda:0
[2026-01-26 11:36:12,615] [INFO] [CLIENT INIT] Mode=SH | Sparsity=ON (UsedSparsity=0.6) | Clusters=OFF (UsedClusters=-) | EnvSparsityCfg={'Conv': 0.6, 'Linear': 0.6, 'Bias': 0.0, 'BatchNorm': 0.0} | EnvNClusters=3
[2026-01-26 11:36:18,812] [INFO] Model initialized on device: cuda:0
[2026-01-26 11:36:18,812] [INFO] [CLIENT INIT] Mode=SH | Sparsity=ON (UsedSparsity=0.6) | Clusters=OFF (UsedClusters=-) | EnvSparsityCfg={'Conv': 0.6, 'Linear': 0.6, 'Bias': 0.0, 'BatchNorm': 0.0} | EnvNClusters=3
[2026-01-26 11:36:20,722] [INFO] Model initialized on device: cuda:0
[2026-01-26 11:36:20,723] [INFO] [CLIENT INIT] Mode=SH | Sparsity=ON (UsedSparsity=0.6) | Clusters=OFF (UsedClusters=-) | EnvSparsityCfg={'Conv': 0.6, 'Linear': 0.6, 'Bias': 0.0, 'BatchNorm': 0.0} | EnvNClusters=3
[2026-01-26 11:36:23,022] [INFO] Model initialized on device: cuda:0
[2026-01-26 11:36:23,022] [INFO] [CLIENT INIT] Mode=SH | Sparsity=ON (UsedSparsity=0.6) | Clusters=OFF (UsedClusters=-) | EnvSparsityCfg={'Conv': 0.6, 'Linear': 0.6, 'Bias': 0.0, 'BatchNorm': 0.0} | EnvNClusters=3
[2026-01-26 11:36:23,424] [INFO] Model initialized on device: cuda:0
[2026-01-26 11:36:23,424] [INFO] [CLIENT INIT] Mode=SH | Sparsity=ON (UsedSparsity=0.6) | Clusters=OFF (UsedClusters=-) | EnvSparsityCfg={'Conv': 0.6, 'Linear': 0.6, 'Bias': 0.0, 'BatchNorm': 0.0} | EnvNClusters=3
[2026-01-26 11:36:23,524] [INFO] Model initialized on device: cuda:0
[2026-01-26 11:36:23,524] [INFO] [CLIENT INIT] Mode=SH | Sparsity=ON (UsedSparsity=0.6) | Clusters=OFF (UsedClusters=-) | EnvSparsityCfg={'Conv': 0.6, 'Linear': 0.6, 'Bias': 0.0, 'BatchNorm': 0.0} | EnvNClusters=3
[2026-01-26 11:36:23,719] [INFO] Model initialized on device: cuda:0
[2026-01-26 11:36:23,719] [INFO] [CLIENT INIT] Mode=SH | Sparsity=ON (UsedSparsity=0.6) | Clusters=OFF (UsedClusters=-) | EnvSparsityCfg={'Conv': 0.6, 'Linear': 0.6, 'Bias': 0.0, 'BatchNorm': 0.0} | EnvNClusters=3
[2026-01-26 11:36:23,721] [INFO] Model initialized on device: cuda:0
[2026-01-26 11:36:23,721] [INFO] [CLIENT INIT] Mode=SH | Sparsity=ON (UsedSparsity=0.6) | Clusters=OFF (UsedClusters=-) | EnvSparsityCfg={'Conv': 0.6, 'Linear': 0.6, 'Bias': 0.0, 'BatchNorm': 0.0} | EnvNClusters=3
[2026-01-26 11:36:23,730] [INFO] Model initialized on device: cuda:0
[2026-01-26 11:36:23,730] [INFO] [CLIENT INIT] Mode=SH | Sparsity=ON (UsedSparsity=0.6) | Clusters=OFF (UsedClusters=-) | EnvSparsityCfg={'Conv': 0.6, 'Linear': 0.6, 'Bias': 0.0, 'BatchNorm': 0.0} | EnvNClusters=3
[2026-01-26 11:38:00,707] [INFO] [TRAIN] Epoch 4 Loss: 0.1220
[2026-01-26 11:38:42,319] [INFO] Model initialized on device: cuda:0
[2026-01-26 11:38:42,319] [INFO] [CLIENT INIT] Mode=SH | Sparsity=ON (UsedSparsity=0.6) | Clusters=OFF (UsedClusters=-) | EnvSparsityCfg={'Conv': 0.6, 'Linear': 0.6, 'Bias': 0.0, 'BatchNorm': 0.0} | EnvNClusters=3
[2026-01-26 11:38:42,349] [INFO] Model initialized on device: cuda:0
[2026-01-26 11:38:42,349] [INFO] [CLIENT INIT] Mode=SH | Sparsity=ON (UsedSparsity=0.6) | Clusters=OFF (UsedClusters=-) | EnvSparsityCfg={'Conv': 0.6, 'Linear': 0.6, 'Bias': 0.0, 'BatchNorm': 0.0} | EnvNClusters=3
[2026-01-26 11:38:46,233] [INFO] Model initialized on device: cuda:0
[2026-01-26 11:38:46,234] [INFO] [CLIENT INIT] Mode=SH | Sparsity=ON (UsedSparsity=0.6) | Clusters=OFF (UsedClusters=-) | EnvSparsityCfg={'Conv': 0.6, 'Linear': 0.6, 'Bias': 0.0, 'BatchNorm': 0.0} | EnvNClusters=3
[2026-01-26 11:38:46,520] [INFO] Model initialized on device: cuda:0
[2026-01-26 11:38:46,520] [INFO] [CLIENT INIT] Mode=SH | Sparsity=ON (UsedSparsity=0.6) | Clusters=OFF (UsedClusters=-) | EnvSparsityCfg={'Conv': 0.6, 'Linear': 0.6, 'Bias': 0.0, 'BatchNorm': 0.0} | EnvNClusters=3
[2026-01-26 11:38:46,530] [INFO] Model initialized on device: cuda:0
[2026-01-26 11:38:46,530] [INFO] [CLIENT INIT] Mode=SH | Sparsity=ON (UsedSparsity=0.6) | Clusters=OFF (UsedClusters=-) | EnvSparsityCfg={'Conv': 0.6, 'Linear': 0.6, 'Bias': 0.0, 'BatchNorm': 0.0} | EnvNClusters=3
[2026-01-26 11:38:46,539] [INFO] Model initialized on device: cuda:0
[2026-01-26 11:38:46,539] [INFO] [CLIENT INIT] Mode=SH | Sparsity=ON (UsedSparsity=0.6) | Clusters=OFF (UsedClusters=-) | EnvSparsityCfg={'Conv': 0.6, 'Linear': 0.6, 'Bias': 0.0, 'BatchNorm': 0.0} | EnvNClusters=3
[2026-01-26 11:38:46,544] [INFO] Model initialized on device: cuda:0
[2026-01-26 11:38:46,545] [INFO] [CLIENT INIT] Mode=SH | Sparsity=ON (UsedSparsity=0.6) | Clusters=OFF (UsedClusters=-) | EnvSparsityCfg={'Conv': 0.6, 'Linear': 0.6, 'Bias': 0.0, 'BatchNorm': 0.0} | EnvNClusters=3
[2026-01-26 11:38:46,545] [INFO] Model initialized on device: cuda:0
[2026-01-26 11:38:46,545] [INFO] [CLIENT INIT] Mode=SH | Sparsity=ON (UsedSparsity=0.6) | Clusters=OFF (UsedClusters=-) | EnvSparsityCfg={'Conv': 0.6, 'Linear': 0.6, 'Bias': 0.0, 'BatchNorm': 0.0} | EnvNClusters=3
[2026-01-26 11:38:46,613] [INFO] Model initialized on device: cuda:0
[2026-01-26 11:38:46,613] [INFO] [CLIENT INIT] Mode=SH | Sparsity=ON (UsedSparsity=0.6) | Clusters=OFF (UsedClusters=-) | EnvSparsityCfg={'Conv': 0.6, 'Linear': 0.6, 'Bias': 0.0, 'BatchNorm': 0.0} | EnvNClusters=3
[2026-01-26 11:38:46,615] [INFO] Model initialized on device: cuda:0
[2026-01-26 11:38:46,616] [INFO] [CLIENT INIT] Mode=SH | Sparsity=ON (UsedSparsity=0.6) | Clusters=OFF (UsedClusters=-) | EnvSparsityCfg={'Conv': 0.6, 'Linear': 0.6, 'Bias': 0.0, 'BatchNorm': 0.0} | EnvNClusters=3
[2026-01-26 11:40:31,213] [INFO] [TRAIN] Epoch 5 Loss: 0.1221
[2026-01-26 11:40:31,215] [INFO] [FIT] Local training finished. Avg Loss: 0.1298
[2026-01-26 11:41:00,917] [INFO] Model initialized on device: cuda:0
[2026-01-26 11:41:00,917] [INFO] [CLIENT INIT] Mode=SH | Sparsity=ON (UsedSparsity=0.6) | Clusters=OFF (UsedClusters=-) | EnvSparsityCfg={'Conv': 0.6, 'Linear': 0.6, 'Bias': 0.0, 'BatchNorm': 0.0} | EnvNClusters=3
[2026-01-26 11:41:02,622] [INFO] Model initialized on device: cuda:0
[2026-01-26 11:41:02,622] [INFO] [CLIENT INIT] Mode=SH | Sparsity=ON (UsedSparsity=0.6) | Clusters=OFF (UsedClusters=-) | EnvSparsityCfg={'Conv': 0.6, 'Linear': 0.6, 'Bias': 0.0, 'BatchNorm': 0.0} | EnvNClusters=3
[2026-01-26 11:41:02,747] [INFO] Model initialized on device: cuda:0
[2026-01-26 11:41:02,747] [INFO] [CLIENT INIT] Mode=SH | Sparsity=ON (UsedSparsity=0.6) | Clusters=OFF (UsedClusters=-) | EnvSparsityCfg={'Conv': 0.6, 'Linear': 0.6, 'Bias': 0.0, 'BatchNorm': 0.0} | EnvNClusters=3
[2026-01-26 11:41:03,143] [INFO] Model initialized on device: cuda:0
[2026-01-26 11:41:03,143] [INFO] [CLIENT INIT] Mode=SH | Sparsity=ON (UsedSparsity=0.6) | Clusters=OFF (UsedClusters=-) | EnvSparsityCfg={'Conv': 0.6, 'Linear': 0.6, 'Bias': 0.0, 'BatchNorm': 0.0} | EnvNClusters=3
[2026-01-26 11:41:06,322] [INFO] Model initialized on device: cuda:0
[2026-01-26 11:41:06,322] [INFO] [CLIENT INIT] Mode=SH | Sparsity=ON (UsedSparsity=0.6) | Clusters=OFF (UsedClusters=-) | EnvSparsityCfg={'Conv': 0.6, 'Linear': 0.6, 'Bias': 0.0, 'BatchNorm': 0.0} | EnvNClusters=3
[2026-01-26 11:41:07,025] [INFO] Model initialized on device: cuda:0
[2026-01-26 11:41:07,025] [INFO] [CLIENT INIT] Mode=SH | Sparsity=ON (UsedSparsity=0.6) | Clusters=OFF (UsedClusters=-) | EnvSparsityCfg={'Conv': 0.6, 'Linear': 0.6, 'Bias': 0.0, 'BatchNorm': 0.0} | EnvNClusters=3
[2026-01-26 11:41:07,027] [INFO] Model initialized on device: cuda:0
[2026-01-26 11:41:07,027] [INFO] [CLIENT INIT] Mode=SH | Sparsity=ON (UsedSparsity=0.6) | Clusters=OFF (UsedClusters=-) | EnvSparsityCfg={'Conv': 0.6, 'Linear': 0.6, 'Bias': 0.0, 'BatchNorm': 0.0} | EnvNClusters=3
[2026-01-26 11:41:07,112] [INFO] Model initialized on device: cuda:0
[2026-01-26 11:41:07,113] [INFO] [CLIENT INIT] Mode=SH | Sparsity=ON (UsedSparsity=0.6) | Clusters=OFF (UsedClusters=-) | EnvSparsityCfg={'Conv': 0.6, 'Linear': 0.6, 'Bias': 0.0, 'BatchNorm': 0.0} | EnvNClusters=3
[2026-01-26 11:41:07,122] [INFO] Model initialized on device: cuda:0
[2026-01-26 11:41:07,122] [INFO] [CLIENT INIT] Mode=SH | Sparsity=ON (UsedSparsity=0.6) | Clusters=OFF (UsedClusters=-) | EnvSparsityCfg={'Conv': 0.6, 'Linear': 0.6, 'Bias': 0.0, 'BatchNorm': 0.0} | EnvNClusters=3
[2026-01-26 11:41:07,133] [INFO] Model initialized on device: cuda:0
[2026-01-26 11:41:07,133] [INFO] [CLIENT INIT] Mode=SH | Sparsity=ON (UsedSparsity=0.6) | Clusters=OFF (UsedClusters=-) | EnvSparsityCfg={'Conv': 0.6, 'Linear': 0.6, 'Bias': 0.0, 'BatchNorm': 0.0} | EnvNClusters=3
[2026-01-26 11:41:08,717] [DEBUG] [TEST] Batch 1 | Pred shape: torch.Size([256, 256, 160]) | Label shape: torch.Size([256, 256, 160])
[2026-01-26 11:41:08,911] [DEBUG] [TEST] Batch 2 | Pred shape: torch.Size([256, 256, 160]) | Label shape: torch.Size([256, 256, 160])
[2026-01-26 11:41:11,815] [DEBUG] [TEST] Batch 3 | Pred shape: torch.Size([256, 256, 160]) | Label shape: torch.Size([256, 256, 160])
[2026-01-26 11:41:12,909] [DEBUG] [TEST] Batch 4 | Pred shape: torch.Size([256, 256, 160]) | Label shape: torch.Size([256, 256, 160])
[2026-01-26 11:41:13,111] [DEBUG] [TEST] Batch 5 | Pred shape: torch.Size([256, 256, 160]) | Label shape: torch.Size([256, 256, 160])
[2026-01-26 11:41:13,214] [DEBUG] [TEST] Batch 6 | Pred shape: torch.Size([256, 256, 160]) | Label shape: torch.Size([256, 256, 160])
[2026-01-26 11:41:13,315] [DEBUG] [TEST] Batch 7 | Pred shape: torch.Size([256, 256, 160]) | Label shape: torch.Size([256, 256, 160])
[2026-01-26 11:41:13,442] [DEBUG] [TEST] Batch 8 | Pred shape: torch.Size([256, 256, 160]) | Label shape: torch.Size([256, 256, 160])
[2026-01-26 11:41:13,513] [DEBUG] [TEST] Batch 9 | Pred shape: torch.Size([256, 256, 160]) | Label shape: torch.Size([256, 256, 160])
[2026-01-26 11:41:13,614] [DEBUG] [TEST] Batch 10 | Pred shape: torch.Size([256, 256, 160]) | Label shape: torch.Size([256, 256, 160])
[2026-01-26 11:41:13,710] [DEBUG] [TEST] Batch 11 | Pred shape: torch.Size([256, 256, 160]) | Label shape: torch.Size([256, 256, 160])
[2026-01-26 11:41:14,154] [DEBUG] [TEST] Batch 12 | Pred shape: torch.Size([256, 256, 160]) | Label shape: torch.Size([256, 256, 160])
[2026-01-26 11:41:15,967] [DEBUG] [TEST] Batch 13 | Pred shape: torch.Size([256, 256, 160]) | Label shape: torch.Size([256, 256, 160])
[2026-01-26 11:41:17,023] [DEBUG] [TEST] Batch 14 | Pred shape: torch.Size([256, 256, 160]) | Label shape: torch.Size([256, 256, 160])
[2026-01-26 11:41:17,154] [DEBUG] [TEST] Batch 15 | Pred shape: torch.Size([256, 256, 160]) | Label shape: torch.Size([256, 256, 160])
[2026-01-26 11:41:17,314] [DEBUG] [TEST] Batch 16 | Pred shape: torch.Size([256, 256, 160]) | Label shape: torch.Size([256, 256, 160])
[2026-01-26 11:41:23,709] [INFO] [FIT] Final model saved to: Revision2/Run_UNET_NonIID_SH_20260126/Client3/model_final.pth
[2026-01-26 11:42:25,360] [INFO] [COMM][CLIENT] Round=-1 Mode=SH UsedSparsity=0.6 UsedClusters=- BaselineBits=154016352.0 CompressedBits=159601970.9 CR=0.965
[2026-01-26 11:50:20,571] [INFO] [EVALUATE] Starting evaluation...
[2026-01-26 11:50:24,020] [INFO] [DEBUG] Loaded compressed decoded weights.
[2026-01-26 11:51:11,614] [INFO] Model initialized on device: cuda:0
[2026-01-26 11:51:11,614] [INFO] [CLIENT INIT] Mode=SH | Sparsity=ON (UsedSparsity=0.6) | Clusters=OFF (UsedClusters=-) | EnvSparsityCfg={'Conv': 0.6, 'Linear': 0.6, 'Bias': 0.0, 'BatchNorm': 0.0} | EnvNClusters=3
[2026-01-26 11:51:12,317] [INFO] Model initialized on device: cuda:0
[2026-01-26 11:51:12,317] [INFO] [CLIENT INIT] Mode=SH | Sparsity=ON (UsedSparsity=0.6) | Clusters=OFF (UsedClusters=-) | EnvSparsityCfg={'Conv': 0.6, 'Linear': 0.6, 'Bias': 0.0, 'BatchNorm': 0.0} | EnvNClusters=3
[2026-01-26 11:51:18,518] [INFO] Model initialized on device: cuda:0
[2026-01-26 11:51:18,518] [INFO] [CLIENT INIT] Mode=SH | Sparsity=ON (UsedSparsity=0.6) | Clusters=OFF (UsedClusters=-) | EnvSparsityCfg={'Conv': 0.6, 'Linear': 0.6, 'Bias': 0.0, 'BatchNorm': 0.0} | EnvNClusters=3
[2026-01-26 11:51:21,908] [INFO] Model initialized on device: cuda:0
[2026-01-26 11:51:21,909] [INFO] [CLIENT INIT] Mode=SH | Sparsity=ON (UsedSparsity=0.6) | Clusters=OFF (UsedClusters=-) | EnvSparsityCfg={'Conv': 0.6, 'Linear': 0.6, 'Bias': 0.0, 'BatchNorm': 0.0} | EnvNClusters=3
[2026-01-26 11:51:22,060] [INFO] Model initialized on device: cuda:0
[2026-01-26 11:51:22,060] [INFO] [CLIENT INIT] Mode=SH | Sparsity=ON (UsedSparsity=0.6) | Clusters=OFF (UsedClusters=-) | EnvSparsityCfg={'Conv': 0.6, 'Linear': 0.6, 'Bias': 0.0, 'BatchNorm': 0.0} | EnvNClusters=3
[2026-01-26 11:51:22,346] [INFO] Model initialized on device: cuda:0
[2026-01-26 11:51:22,346] [INFO] [CLIENT INIT] Mode=SH | Sparsity=ON (UsedSparsity=0.6) | Clusters=OFF (UsedClusters=-) | EnvSparsityCfg={'Conv': 0.6, 'Linear': 0.6, 'Bias': 0.0, 'BatchNorm': 0.0} | EnvNClusters=3
[2026-01-26 11:51:24,948] [INFO] Model initialized on device: cuda:0
[2026-01-26 11:51:24,948] [INFO] [CLIENT INIT] Mode=SH | Sparsity=ON (UsedSparsity=0.6) | Clusters=OFF (UsedClusters=-) | EnvSparsityCfg={'Conv': 0.6, 'Linear': 0.6, 'Bias': 0.0, 'BatchNorm': 0.0} | EnvNClusters=3
[2026-01-26 11:51:25,240] [INFO] Model initialized on device: cuda:0
[2026-01-26 11:51:25,241] [INFO] [CLIENT INIT] Mode=SH | Sparsity=ON (UsedSparsity=0.6) | Clusters=OFF (UsedClusters=-) | EnvSparsityCfg={'Conv': 0.6, 'Linear': 0.6, 'Bias': 0.0, 'BatchNorm': 0.0} | EnvNClusters=3
[2026-01-26 11:51:25,241] [INFO] Model initialized on device: cuda:0
[2026-01-26 11:51:25,241] [INFO] [CLIENT INIT] Mode=SH | Sparsity=ON (UsedSparsity=0.6) | Clusters=OFF (UsedClusters=-) | EnvSparsityCfg={'Conv': 0.6, 'Linear': 0.6, 'Bias': 0.0, 'BatchNorm': 0.0} | EnvNClusters=3
[2026-01-26 11:51:25,296] [INFO] Model initialized on device: cuda:0
[2026-01-26 11:51:25,296] [INFO] [CLIENT INIT] Mode=SH | Sparsity=ON (UsedSparsity=0.6) | Clusters=OFF (UsedClusters=-) | EnvSparsityCfg={'Conv': 0.6, 'Linear': 0.6, 'Bias': 0.0, 'BatchNorm': 0.0} | EnvNClusters=3
[2026-01-26 11:51:28,616] [DEBUG] [TEST] Batch 1 | Pred shape: torch.Size([256, 256, 160]) | Label shape: torch.Size([256, 256, 160])
[2026-01-26 11:51:29,422] [DEBUG] [TEST] Batch 2 | Pred shape: torch.Size([256, 256, 160]) | Label shape: torch.Size([256, 256, 160])
[2026-01-26 11:51:29,546] [DEBUG] [TEST] Batch 3 | Pred shape: torch.Size([256, 256, 160]) | Label shape: torch.Size([256, 256, 160])
[2026-01-26 11:51:29,602] [DEBUG] [TEST] Batch 4 | Pred shape: torch.Size([256, 256, 160]) | Label shape: torch.Size([256, 256, 160])
[2026-01-26 11:51:29,657] [DEBUG] [TEST] Batch 5 | Pred shape: torch.Size([256, 256, 160]) | Label shape: torch.Size([256, 256, 160])
[2026-01-26 11:51:29,712] [DEBUG] [TEST] Batch 6 | Pred shape: torch.Size([256, 256, 160]) | Label shape: torch.Size([256, 256, 160])
[2026-01-26 11:51:29,767] [DEBUG] [TEST] Batch 7 | Pred shape: torch.Size([256, 256, 160]) | Label shape: torch.Size([256, 256, 160])
[2026-01-26 11:51:29,823] [DEBUG] [TEST] Batch 8 | Pred shape: torch.Size([256, 256, 160]) | Label shape: torch.Size([256, 256, 160])
[2026-01-26 11:51:29,934] [DEBUG] [TEST] Batch 9 | Pred shape: torch.Size([256, 256, 160]) | Label shape: torch.Size([256, 256, 160])
[2026-01-26 11:51:30,052] [DEBUG] [TEST] Batch 10 | Pred shape: torch.Size([256, 256, 160]) | Label shape: torch.Size([256, 256, 160])
[2026-01-26 11:51:31,012] [DEBUG] [TEST] Batch 11 | Pred shape: torch.Size([256, 256, 160]) | Label shape: torch.Size([256, 256, 160])
[2026-01-26 11:51:31,641] [DEBUG] [TEST] Batch 12 | Pred shape: torch.Size([256, 256, 160]) | Label shape: torch.Size([256, 256, 160])
[2026-01-26 11:51:31,765] [DEBUG] [TEST] Batch 13 | Pred shape: torch.Size([256, 256, 160]) | Label shape: torch.Size([256, 256, 160])
[2026-01-26 11:51:31,892] [DEBUG] [TEST] Batch 14 | Pred shape: torch.Size([256, 256, 160]) | Label shape: torch.Size([256, 256, 160])
[2026-01-26 11:51:32,010] [DEBUG] [TEST] Batch 15 | Pred shape: torch.Size([256, 256, 160]) | Label shape: torch.Size([256, 256, 160])
[2026-01-26 11:51:32,123] [DEBUG] [TEST] Batch 16 | Pred shape: torch.Size([256, 256, 160]) | Label shape: torch.Size([256, 256, 160])
[2026-01-26 11:51:35,328] [INFO] [EVALUATE] Dice WT: 0.9893
[2026-01-26 11:51:52,443] [INFO] [FIT] Received parameters. Starting local training...
[2026-01-26 11:51:55,319] [INFO] [DEBUG] Loaded compressed decoded weights.
[2026-01-26 11:52:57,718] [INFO] Model initialized on device: cuda:0
[2026-01-26 11:52:57,718] [INFO] [CLIENT INIT] Mode=SH | Sparsity=ON (UsedSparsity=0.6) | Clusters=OFF (UsedClusters=-) | EnvSparsityCfg={'Conv': 0.6, 'Linear': 0.6, 'Bias': 0.0, 'BatchNorm': 0.0} | EnvNClusters=3
[2026-01-26 11:52:57,720] [INFO] Model initialized on device: cuda:0
[2026-01-26 11:52:57,720] [INFO] [CLIENT INIT] Mode=SH | Sparsity=ON (UsedSparsity=0.6) | Clusters=OFF (UsedClusters=-) | EnvSparsityCfg={'Conv': 0.6, 'Linear': 0.6, 'Bias': 0.0, 'BatchNorm': 0.0} | EnvNClusters=3
[2026-01-26 11:52:58,012] [INFO] Model initialized on device: cuda:0
[2026-01-26 11:52:58,013] [INFO] [CLIENT INIT] Mode=SH | Sparsity=ON (UsedSparsity=0.6) | Clusters=OFF (UsedClusters=-) | EnvSparsityCfg={'Conv': 0.6, 'Linear': 0.6, 'Bias': 0.0, 'BatchNorm': 0.0} | EnvNClusters=3
[2026-01-26 11:52:58,028] [INFO] Model initialized on device: cuda:0
[2026-01-26 11:52:58,028] [INFO] [CLIENT INIT] Mode=SH | Sparsity=ON (UsedSparsity=0.6) | Clusters=OFF (UsedClusters=-) | EnvSparsityCfg={'Conv': 0.6, 'Linear': 0.6, 'Bias': 0.0, 'BatchNorm': 0.0} | EnvNClusters=3
[2026-01-26 11:52:58,210] [INFO] Model initialized on device: cuda:0
[2026-01-26 11:52:58,210] [INFO] [CLIENT INIT] Mode=SH | Sparsity=ON (UsedSparsity=0.6) | Clusters=OFF (UsedClusters=-) | EnvSparsityCfg={'Conv': 0.6, 'Linear': 0.6, 'Bias': 0.0, 'BatchNorm': 0.0} | EnvNClusters=3
[2026-01-26 11:52:58,323] [INFO] Model initialized on device: cuda:0
[2026-01-26 11:52:58,323] [INFO] [CLIENT INIT] Mode=SH | Sparsity=ON (UsedSparsity=0.6) | Clusters=OFF (UsedClusters=-) | EnvSparsityCfg={'Conv': 0.6, 'Linear': 0.6, 'Bias': 0.0, 'BatchNorm': 0.0} | EnvNClusters=3
[2026-01-26 11:52:58,326] [INFO] Model initialized on device: cuda:0
[2026-01-26 11:52:58,326] [INFO] [CLIENT INIT] Mode=SH | Sparsity=ON (UsedSparsity=0.6) | Clusters=OFF (UsedClusters=-) | EnvSparsityCfg={'Conv': 0.6, 'Linear': 0.6, 'Bias': 0.0, 'BatchNorm': 0.0} | EnvNClusters=3
[2026-01-26 11:52:58,326] [INFO] Model initialized on device: cuda:0
[2026-01-26 11:52:58,326] [INFO] [CLIENT INIT] Mode=SH | Sparsity=ON (UsedSparsity=0.6) | Clusters=OFF (UsedClusters=-) | EnvSparsityCfg={'Conv': 0.6, 'Linear': 0.6, 'Bias': 0.0, 'BatchNorm': 0.0} | EnvNClusters=3
[2026-01-26 11:52:58,326] [INFO] Model initialized on device: cuda:0
[2026-01-26 11:52:58,327] [INFO] [CLIENT INIT] Mode=SH | Sparsity=ON (UsedSparsity=0.6) | Clusters=OFF (UsedClusters=-) | EnvSparsityCfg={'Conv': 0.6, 'Linear': 0.6, 'Bias': 0.0, 'BatchNorm': 0.0} | EnvNClusters=3
[2026-01-26 11:52:58,333] [INFO] Model initialized on device: cuda:0
[2026-01-26 11:52:58,333] [INFO] [CLIENT INIT] Mode=SH | Sparsity=ON (UsedSparsity=0.6) | Clusters=OFF (UsedClusters=-) | EnvSparsityCfg={'Conv': 0.6, 'Linear': 0.6, 'Bias': 0.0, 'BatchNorm': 0.0} | EnvNClusters=3
[2026-01-26 11:54:49,434] [INFO] [TRAIN] Epoch 1 Loss: 0.1319
[2026-01-26 11:55:23,027] [INFO] Model initialized on device: cuda:0
[2026-01-26 11:55:23,028] [INFO] [CLIENT INIT] Mode=SH | Sparsity=ON (UsedSparsity=0.6) | Clusters=OFF (UsedClusters=-) | EnvSparsityCfg={'Conv': 0.6, 'Linear': 0.6, 'Bias': 0.0, 'BatchNorm': 0.0} | EnvNClusters=3
[2026-01-26 11:55:24,624] [INFO] Model initialized on device: cuda:0
[2026-01-26 11:55:24,624] [INFO] [CLIENT INIT] Mode=SH | Sparsity=ON (UsedSparsity=0.6) | Clusters=OFF (UsedClusters=-) | EnvSparsityCfg={'Conv': 0.6, 'Linear': 0.6, 'Bias': 0.0, 'BatchNorm': 0.0} | EnvNClusters=3
[2026-01-26 11:55:31,316] [INFO] Model initialized on device: cuda:0
[2026-01-26 11:55:31,317] [INFO] [CLIENT INIT] Mode=SH | Sparsity=ON (UsedSparsity=0.6) | Clusters=OFF (UsedClusters=-) | EnvSparsityCfg={'Conv': 0.6, 'Linear': 0.6, 'Bias': 0.0, 'BatchNorm': 0.0} | EnvNClusters=3
[2026-01-26 11:55:31,820] [INFO] Model initialized on device: cuda:0
[2026-01-26 11:55:31,820] [INFO] [CLIENT INIT] Mode=SH | Sparsity=ON (UsedSparsity=0.6) | Clusters=OFF (UsedClusters=-) | EnvSparsityCfg={'Conv': 0.6, 'Linear': 0.6, 'Bias': 0.0, 'BatchNorm': 0.0} | EnvNClusters=3
[2026-01-26 11:55:32,619] [INFO] Model initialized on device: cuda:0
[2026-01-26 11:55:32,619] [INFO] [CLIENT INIT] Mode=SH | Sparsity=ON (UsedSparsity=0.6) | Clusters=OFF (UsedClusters=-) | EnvSparsityCfg={'Conv': 0.6, 'Linear': 0.6, 'Bias': 0.0, 'BatchNorm': 0.0} | EnvNClusters=3
[2026-01-26 11:55:32,621] [INFO] Model initialized on device: cuda:0
[2026-01-26 11:55:32,622] [INFO] [CLIENT INIT] Mode=SH | Sparsity=ON (UsedSparsity=0.6) | Clusters=OFF (UsedClusters=-) | EnvSparsityCfg={'Conv': 0.6, 'Linear': 0.6, 'Bias': 0.0, 'BatchNorm': 0.0} | EnvNClusters=3
[2026-01-26 11:55:32,922] [INFO] Model initialized on device: cuda:0
[2026-01-26 11:55:32,922] [INFO] [CLIENT INIT] Mode=SH | Sparsity=ON (UsedSparsity=0.6) | Clusters=OFF (UsedClusters=-) | EnvSparsityCfg={'Conv': 0.6, 'Linear': 0.6, 'Bias': 0.0, 'BatchNorm': 0.0} | EnvNClusters=3
[2026-01-26 11:55:33,220] [INFO] Model initialized on device: cuda:0
[2026-01-26 11:55:33,221] [INFO] [CLIENT INIT] Mode=SH | Sparsity=ON (UsedSparsity=0.6) | Clusters=OFF (UsedClusters=-) | EnvSparsityCfg={'Conv': 0.6, 'Linear': 0.6, 'Bias': 0.0, 'BatchNorm': 0.0} | EnvNClusters=3
[2026-01-26 11:55:33,407] [INFO] Model initialized on device: cuda:0
[2026-01-26 11:55:33,408] [INFO] [CLIENT INIT] Mode=SH | Sparsity=ON (UsedSparsity=0.6) | Clusters=OFF (UsedClusters=-) | EnvSparsityCfg={'Conv': 0.6, 'Linear': 0.6, 'Bias': 0.0, 'BatchNorm': 0.0} | EnvNClusters=3
[2026-01-26 11:55:33,420] [INFO] Model initialized on device: cuda:0
[2026-01-26 11:55:33,421] [INFO] [CLIENT INIT] Mode=SH | Sparsity=ON (UsedSparsity=0.6) | Clusters=OFF (UsedClusters=-) | EnvSparsityCfg={'Conv': 0.6, 'Linear': 0.6, 'Bias': 0.0, 'BatchNorm': 0.0} | EnvNClusters=3
[2026-01-26 11:57:18,416] [INFO] [TRAIN] Epoch 2 Loss: 0.1241
[2026-01-26 11:58:03,717] [INFO] Model initialized on device: cuda:0
[2026-01-26 11:58:03,717] [INFO] [CLIENT INIT] Mode=SH | Sparsity=ON (UsedSparsity=0.6) | Clusters=OFF (UsedClusters=-) | EnvSparsityCfg={'Conv': 0.6, 'Linear': 0.6, 'Bias': 0.0, 'BatchNorm': 0.0} | EnvNClusters=3
[2026-01-26 11:58:03,908] [INFO] Model initialized on device: cuda:0
[2026-01-26 11:58:03,908] [INFO] [CLIENT INIT] Mode=SH | Sparsity=ON (UsedSparsity=0.6) | Clusters=OFF (UsedClusters=-) | EnvSparsityCfg={'Conv': 0.6, 'Linear': 0.6, 'Bias': 0.0, 'BatchNorm': 0.0} | EnvNClusters=3
[2026-01-26 11:58:04,013] [INFO] Model initialized on device: cuda:0
[2026-01-26 11:58:04,013] [INFO] [CLIENT INIT] Mode=SH | Sparsity=ON (UsedSparsity=0.6) | Clusters=OFF (UsedClusters=-) | EnvSparsityCfg={'Conv': 0.6, 'Linear': 0.6, 'Bias': 0.0, 'BatchNorm': 0.0} | EnvNClusters=3
[2026-01-26 11:58:04,525] [INFO] Model initialized on device: cuda:0
[2026-01-26 11:58:04,525] [INFO] Model initialized on device: cuda:0
[2026-01-26 11:58:04,525] [INFO] [CLIENT INIT] Mode=SH | Sparsity=ON (UsedSparsity=0.6) | Clusters=OFF (UsedClusters=-) | EnvSparsityCfg={'Conv': 0.6, 'Linear': 0.6, 'Bias': 0.0, 'BatchNorm': 0.0} | EnvNClusters=3
[2026-01-26 11:58:04,525] [INFO] [CLIENT INIT] Mode=SH | Sparsity=ON (UsedSparsity=0.6) | Clusters=OFF (UsedClusters=-) | EnvSparsityCfg={'Conv': 0.6, 'Linear': 0.6, 'Bias': 0.0, 'BatchNorm': 0.0} | EnvNClusters=3
[2026-01-26 11:58:04,529] [INFO] Model initialized on device: cuda:0
[2026-01-26 11:58:04,529] [INFO] [CLIENT INIT] Mode=SH | Sparsity=ON (UsedSparsity=0.6) | Clusters=OFF (UsedClusters=-) | EnvSparsityCfg={'Conv': 0.6, 'Linear': 0.6, 'Bias': 0.0, 'BatchNorm': 0.0} | EnvNClusters=3
[2026-01-26 11:58:04,529] [INFO] Model initialized on device: cuda:0
[2026-01-26 11:58:04,529] [INFO] [CLIENT INIT] Mode=SH | Sparsity=ON (UsedSparsity=0.6) | Clusters=OFF (UsedClusters=-) | EnvSparsityCfg={'Conv': 0.6, 'Linear': 0.6, 'Bias': 0.0, 'BatchNorm': 0.0} | EnvNClusters=3
[2026-01-26 11:58:04,541] [INFO] Model initialized on device: cuda:0
[2026-01-26 11:58:04,541] [INFO] [CLIENT INIT] Mode=SH | Sparsity=ON (UsedSparsity=0.6) | Clusters=OFF (UsedClusters=-) | EnvSparsityCfg={'Conv': 0.6, 'Linear': 0.6, 'Bias': 0.0, 'BatchNorm': 0.0} | EnvNClusters=3
[2026-01-26 11:58:04,615] [INFO] Model initialized on device: cuda:0
[2026-01-26 11:58:04,616] [INFO] [CLIENT INIT] Mode=SH | Sparsity=ON (UsedSparsity=0.6) | Clusters=OFF (UsedClusters=-) | EnvSparsityCfg={'Conv': 0.6, 'Linear': 0.6, 'Bias': 0.0, 'BatchNorm': 0.0} | EnvNClusters=3
[2026-01-26 11:58:04,623] [INFO] Model initialized on device: cuda:0
[2026-01-26 11:58:04,624] [INFO] [CLIENT INIT] Mode=SH | Sparsity=ON (UsedSparsity=0.6) | Clusters=OFF (UsedClusters=-) | EnvSparsityCfg={'Conv': 0.6, 'Linear': 0.6, 'Bias': 0.0, 'BatchNorm': 0.0} | EnvNClusters=3
[2026-01-26 11:59:50,462] [INFO] [TRAIN] Epoch 3 Loss: 0.1217
[2026-01-26 12:00:23,511] [INFO] Model initialized on device: cuda:0
[2026-01-26 12:00:23,511] [INFO] [CLIENT INIT] Mode=SH | Sparsity=ON (UsedSparsity=0.6) | Clusters=OFF (UsedClusters=-) | EnvSparsityCfg={'Conv': 0.6, 'Linear': 0.6, 'Bias': 0.0, 'BatchNorm': 0.0} | EnvNClusters=3
[2026-01-26 12:00:27,216] [INFO] Model initialized on device: cuda:0
[2026-01-26 12:00:27,216] [INFO] [CLIENT INIT] Mode=SH | Sparsity=ON (UsedSparsity=0.6) | Clusters=OFF (UsedClusters=-) | EnvSparsityCfg={'Conv': 0.6, 'Linear': 0.6, 'Bias': 0.0, 'BatchNorm': 0.0} | EnvNClusters=3
[2026-01-26 12:00:29,712] [INFO] Model initialized on device: cuda:0
[2026-01-26 12:00:29,713] [INFO] [CLIENT INIT] Mode=SH | Sparsity=ON (UsedSparsity=0.6) | Clusters=OFF (UsedClusters=-) | EnvSparsityCfg={'Conv': 0.6, 'Linear': 0.6, 'Bias': 0.0, 'BatchNorm': 0.0} | EnvNClusters=3
[2026-01-26 12:00:33,725] [INFO] Model initialized on device: cuda:0
[2026-01-26 12:00:33,726] [INFO] [CLIENT INIT] Mode=SH | Sparsity=ON (UsedSparsity=0.6) | Clusters=OFF (UsedClusters=-) | EnvSparsityCfg={'Conv': 0.6, 'Linear': 0.6, 'Bias': 0.0, 'BatchNorm': 0.0} | EnvNClusters=3
[2026-01-26 12:00:34,810] [INFO] Model initialized on device: cuda:0
[2026-01-26 12:00:34,810] [INFO] [CLIENT INIT] Mode=SH | Sparsity=ON (UsedSparsity=0.6) | Clusters=OFF (UsedClusters=-) | EnvSparsityCfg={'Conv': 0.6, 'Linear': 0.6, 'Bias': 0.0, 'BatchNorm': 0.0} | EnvNClusters=3
[2026-01-26 12:00:34,914] [INFO] Model initialized on device: cuda:0
[2026-01-26 12:00:34,914] [INFO] [CLIENT INIT] Mode=SH | Sparsity=ON (UsedSparsity=0.6) | Clusters=OFF (UsedClusters=-) | EnvSparsityCfg={'Conv': 0.6, 'Linear': 0.6, 'Bias': 0.0, 'BatchNorm': 0.0} | EnvNClusters=3
[2026-01-26 12:00:34,915] [INFO] Model initialized on device: cuda:0
[2026-01-26 12:00:34,915] [INFO] [CLIENT INIT] Mode=SH | Sparsity=ON (UsedSparsity=0.6) | Clusters=OFF (UsedClusters=-) | EnvSparsityCfg={'Conv': 0.6, 'Linear': 0.6, 'Bias': 0.0, 'BatchNorm': 0.0} | EnvNClusters=3
[2026-01-26 12:00:34,932] [INFO] Model initialized on device: cuda:0
[2026-01-26 12:00:34,933] [INFO] [CLIENT INIT] Mode=SH | Sparsity=ON (UsedSparsity=0.6) | Clusters=OFF (UsedClusters=-) | EnvSparsityCfg={'Conv': 0.6, 'Linear': 0.6, 'Bias': 0.0, 'BatchNorm': 0.0} | EnvNClusters=3
[2026-01-26 12:00:35,009] [INFO] Model initialized on device: cuda:0
[2026-01-26 12:00:35,009] [INFO] [CLIENT INIT] Mode=SH | Sparsity=ON (UsedSparsity=0.6) | Clusters=OFF (UsedClusters=-) | EnvSparsityCfg={'Conv': 0.6, 'Linear': 0.6, 'Bias': 0.0, 'BatchNorm': 0.0} | EnvNClusters=3
[2026-01-26 12:00:35,019] [INFO] Model initialized on device: cuda:0
[2026-01-26 12:00:35,019] [INFO] [CLIENT INIT] Mode=SH | Sparsity=ON (UsedSparsity=0.6) | Clusters=OFF (UsedClusters=-) | EnvSparsityCfg={'Conv': 0.6, 'Linear': 0.6, 'Bias': 0.0, 'BatchNorm': 0.0} | EnvNClusters=3
[2026-01-26 12:02:15,012] [INFO] [TRAIN] Epoch 4 Loss: 0.1208
[2026-01-26 12:02:46,320] [INFO] Model initialized on device: cuda:0
[2026-01-26 12:02:46,320] [INFO] [CLIENT INIT] Mode=SH | Sparsity=ON (UsedSparsity=0.6) | Clusters=OFF (UsedClusters=-) | EnvSparsityCfg={'Conv': 0.6, 'Linear': 0.6, 'Bias': 0.0, 'BatchNorm': 0.0} | EnvNClusters=3
[2026-01-26 12:02:49,147] [INFO] Model initialized on device: cuda:0
[2026-01-26 12:02:49,147] [INFO] [CLIENT INIT] Mode=SH | Sparsity=ON (UsedSparsity=0.6) | Clusters=OFF (UsedClusters=-) | EnvSparsityCfg={'Conv': 0.6, 'Linear': 0.6, 'Bias': 0.0, 'BatchNorm': 0.0} | EnvNClusters=3
[2026-01-26 12:02:54,217] [INFO] Model initialized on device: cuda:0
[2026-01-26 12:02:54,217] [INFO] [CLIENT INIT] Mode=SH | Sparsity=ON (UsedSparsity=0.6) | Clusters=OFF (UsedClusters=-) | EnvSparsityCfg={'Conv': 0.6, 'Linear': 0.6, 'Bias': 0.0, 'BatchNorm': 0.0} | EnvNClusters=3
[2026-01-26 12:02:54,427] [INFO] Model initialized on device: cuda:0
[2026-01-26 12:02:54,428] [INFO] [CLIENT INIT] Mode=SH | Sparsity=ON (UsedSparsity=0.6) | Clusters=OFF (UsedClusters=-) | EnvSparsityCfg={'Conv': 0.6, 'Linear': 0.6, 'Bias': 0.0, 'BatchNorm': 0.0} | EnvNClusters=3
[2026-01-26 12:02:56,325] [INFO] Model initialized on device: cuda:0
[2026-01-26 12:02:56,325] [INFO] [CLIENT INIT] Mode=SH | Sparsity=ON (UsedSparsity=0.6) | Clusters=OFF (UsedClusters=-) | EnvSparsityCfg={'Conv': 0.6, 'Linear': 0.6, 'Bias': 0.0, 'BatchNorm': 0.0} | EnvNClusters=3
[2026-01-26 12:02:57,023] [INFO] Model initialized on device: cuda:0
[2026-01-26 12:02:57,023] [INFO] [CLIENT INIT] Mode=SH | Sparsity=ON (UsedSparsity=0.6) | Clusters=OFF (UsedClusters=-) | EnvSparsityCfg={'Conv': 0.6, 'Linear': 0.6, 'Bias': 0.0, 'BatchNorm': 0.0} | EnvNClusters=3
[2026-01-26 12:02:57,219] [INFO] Model initialized on device: cuda:0
[2026-01-26 12:02:57,219] [INFO] [CLIENT INIT] Mode=SH | Sparsity=ON (UsedSparsity=0.6) | Clusters=OFF (UsedClusters=-) | EnvSparsityCfg={'Conv': 0.6, 'Linear': 0.6, 'Bias': 0.0, 'BatchNorm': 0.0} | EnvNClusters=3
[2026-01-26 12:02:57,224] [INFO] Model initialized on device: cuda:0
[2026-01-26 12:02:57,225] [INFO] [CLIENT INIT] Mode=SH | Sparsity=ON (UsedSparsity=0.6) | Clusters=OFF (UsedClusters=-) | EnvSparsityCfg={'Conv': 0.6, 'Linear': 0.6, 'Bias': 0.0, 'BatchNorm': 0.0} | EnvNClusters=3
[2026-01-26 12:02:57,309] [INFO] Model initialized on device: cuda:0
[2026-01-26 12:02:57,309] [INFO] [CLIENT INIT] Mode=SH | Sparsity=ON (UsedSparsity=0.6) | Clusters=OFF (UsedClusters=-) | EnvSparsityCfg={'Conv': 0.6, 'Linear': 0.6, 'Bias': 0.0, 'BatchNorm': 0.0} | EnvNClusters=3
[2026-01-26 12:02:57,318] [INFO] Model initialized on device: cuda:0
[2026-01-26 12:02:57,318] [INFO] [CLIENT INIT] Mode=SH | Sparsity=ON (UsedSparsity=0.6) | Clusters=OFF (UsedClusters=-) | EnvSparsityCfg={'Conv': 0.6, 'Linear': 0.6, 'Bias': 0.0, 'BatchNorm': 0.0} | EnvNClusters=3
[2026-01-26 12:04:35,617] [INFO] [TRAIN] Epoch 5 Loss: 0.1247
[2026-01-26 12:04:35,618] [INFO] [FIT] Local training finished. Avg Loss: 0.1246
[2026-01-26 12:05:07,214] [INFO] Model initialized on device: cuda:0
[2026-01-26 12:05:07,214] [INFO] [CLIENT INIT] Mode=SH | Sparsity=ON (UsedSparsity=0.6) | Clusters=OFF (UsedClusters=-) | EnvSparsityCfg={'Conv': 0.6, 'Linear': 0.6, 'Bias': 0.0, 'BatchNorm': 0.0} | EnvNClusters=3
[2026-01-26 12:05:13,016] [INFO] Model initialized on device: cuda:0
[2026-01-26 12:05:13,016] [INFO] [CLIENT INIT] Mode=SH | Sparsity=ON (UsedSparsity=0.6) | Clusters=OFF (UsedClusters=-) | EnvSparsityCfg={'Conv': 0.6, 'Linear': 0.6, 'Bias': 0.0, 'BatchNorm': 0.0} | EnvNClusters=3
[2026-01-26 12:05:13,233] [INFO] Model initialized on device: cuda:0
[2026-01-26 12:05:13,233] [INFO] [CLIENT INIT] Mode=SH | Sparsity=ON (UsedSparsity=0.6) | Clusters=OFF (UsedClusters=-) | EnvSparsityCfg={'Conv': 0.6, 'Linear': 0.6, 'Bias': 0.0, 'BatchNorm': 0.0} | EnvNClusters=3
[2026-01-26 12:05:13,408] [INFO] Model initialized on device: cuda:0
[2026-01-26 12:05:13,408] [INFO] [CLIENT INIT] Mode=SH | Sparsity=ON (UsedSparsity=0.6) | Clusters=OFF (UsedClusters=-) | EnvSparsityCfg={'Conv': 0.6, 'Linear': 0.6, 'Bias': 0.0, 'BatchNorm': 0.0} | EnvNClusters=3
[2026-01-26 12:05:13,616] [INFO] Model initialized on device: cuda:0
[2026-01-26 12:05:13,616] [INFO] [CLIENT INIT] Mode=SH | Sparsity=ON (UsedSparsity=0.6) | Clusters=OFF (UsedClusters=-) | EnvSparsityCfg={'Conv': 0.6, 'Linear': 0.6, 'Bias': 0.0, 'BatchNorm': 0.0} | EnvNClusters=3
[2026-01-26 12:05:13,708] [INFO] Model initialized on device: cuda:0
[2026-01-26 12:05:13,708] [INFO] [CLIENT INIT] Mode=SH | Sparsity=ON (UsedSparsity=0.6) | Clusters=OFF (UsedClusters=-) | EnvSparsityCfg={'Conv': 0.6, 'Linear': 0.6, 'Bias': 0.0, 'BatchNorm': 0.0} | EnvNClusters=3
[2026-01-26 12:05:13,708] [INFO] Model initialized on device: cuda:0
[2026-01-26 12:05:13,708] [INFO] [CLIENT INIT] Mode=SH | Sparsity=ON (UsedSparsity=0.6) | Clusters=OFF (UsedClusters=-) | EnvSparsityCfg={'Conv': 0.6, 'Linear': 0.6, 'Bias': 0.0, 'BatchNorm': 0.0} | EnvNClusters=3
[2026-01-26 12:05:15,017] [INFO] Model initialized on device: cuda:0
[2026-01-26 12:05:15,017] [INFO] [CLIENT INIT] Mode=SH | Sparsity=ON (UsedSparsity=0.6) | Clusters=OFF (UsedClusters=-) | EnvSparsityCfg={'Conv': 0.6, 'Linear': 0.6, 'Bias': 0.0, 'BatchNorm': 0.0} | EnvNClusters=3
[2026-01-26 12:05:15,021] [INFO] Model initialized on device: cuda:0
[2026-01-26 12:05:15,021] [INFO] [CLIENT INIT] Mode=SH | Sparsity=ON (UsedSparsity=0.6) | Clusters=OFF (UsedClusters=-) | EnvSparsityCfg={'Conv': 0.6, 'Linear': 0.6, 'Bias': 0.0, 'BatchNorm': 0.0} | EnvNClusters=3
[2026-01-26 12:05:15,021] [INFO] Model initialized on device: cuda:0
[2026-01-26 12:05:15,021] [INFO] [CLIENT INIT] Mode=SH | Sparsity=ON (UsedSparsity=0.6) | Clusters=OFF (UsedClusters=-) | EnvSparsityCfg={'Conv': 0.6, 'Linear': 0.6, 'Bias': 0.0, 'BatchNorm': 0.0} | EnvNClusters=3
[2026-01-26 12:05:19,608] [DEBUG] [TEST] Batch 1 | Pred shape: torch.Size([256, 256, 160]) | Label shape: torch.Size([256, 256, 160])
[2026-01-26 12:05:22,007] [DEBUG] [TEST] Batch 2 | Pred shape: torch.Size([256, 256, 160]) | Label shape: torch.Size([256, 256, 160])
[2026-01-26 12:05:22,116] [DEBUG] [TEST] Batch 3 | Pred shape: torch.Size([256, 256, 160]) | Label shape: torch.Size([256, 256, 160])
[2026-01-26 12:05:22,308] [DEBUG] [TEST] Batch 4 | Pred shape: torch.Size([256, 256, 160]) | Label shape: torch.Size([256, 256, 160])
[2026-01-26 12:05:22,413] [DEBUG] [TEST] Batch 5 | Pred shape: torch.Size([256, 256, 160]) | Label shape: torch.Size([256, 256, 160])
[2026-01-26 12:05:22,514] [DEBUG] [TEST] Batch 6 | Pred shape: torch.Size([256, 256, 160]) | Label shape: torch.Size([256, 256, 160])
[2026-01-26 12:05:22,613] [DEBUG] [TEST] Batch 7 | Pred shape: torch.Size([256, 256, 160]) | Label shape: torch.Size([256, 256, 160])
[2026-01-26 12:05:22,714] [DEBUG] [TEST] Batch 8 | Pred shape: torch.Size([256, 256, 160]) | Label shape: torch.Size([256, 256, 160])
[2026-01-26 12:05:22,814] [DEBUG] [TEST] Batch 9 | Pred shape: torch.Size([256, 256, 160]) | Label shape: torch.Size([256, 256, 160])
[2026-01-26 12:05:22,914] [DEBUG] [TEST] Batch 10 | Pred shape: torch.Size([256, 256, 160]) | Label shape: torch.Size([256, 256, 160])
[2026-01-26 12:05:25,217] [DEBUG] [TEST] Batch 11 | Pred shape: torch.Size([256, 256, 160]) | Label shape: torch.Size([256, 256, 160])
[2026-01-26 12:05:25,414] [DEBUG] [TEST] Batch 12 | Pred shape: torch.Size([256, 256, 160]) | Label shape: torch.Size([256, 256, 160])
[2026-01-26 12:05:25,712] [DEBUG] [TEST] Batch 13 | Pred shape: torch.Size([256, 256, 160]) | Label shape: torch.Size([256, 256, 160])
[2026-01-26 12:05:25,856] [DEBUG] [TEST] Batch 14 | Pred shape: torch.Size([256, 256, 160]) | Label shape: torch.Size([256, 256, 160])
[2026-01-26 12:05:25,948] [DEBUG] [TEST] Batch 15 | Pred shape: torch.Size([256, 256, 160]) | Label shape: torch.Size([256, 256, 160])
[2026-01-26 12:05:26,054] [DEBUG] [TEST] Batch 16 | Pred shape: torch.Size([256, 256, 160]) | Label shape: torch.Size([256, 256, 160])
[2026-01-26 12:05:32,707] [INFO] [FIT] Final model saved to: Revision2/Run_UNET_NonIID_SH_20260126/Client3/model_final.pth
[2026-01-26 12:06:28,932] [INFO] [COMM][CLIENT] Round=-1 Mode=SH UsedSparsity=0.6 UsedClusters=- BaselineBits=154016352.0 CompressedBits=161393252.5 CR=0.954
[2026-01-26 12:14:53,258] [INFO] [EVALUATE] Starting evaluation...
[2026-01-26 12:14:56,512] [INFO] [DEBUG] Loaded compressed decoded weights.
[2026-01-26 12:16:00,025] [INFO] Model initialized on device: cuda:0
[2026-01-26 12:16:00,025] [INFO] [CLIENT INIT] Mode=SH | Sparsity=ON (UsedSparsity=0.6) | Clusters=OFF (UsedClusters=-) | EnvSparsityCfg={'Conv': 0.6, 'Linear': 0.6, 'Bias': 0.0, 'BatchNorm': 0.0} | EnvNClusters=3
[2026-01-26 12:16:00,032] [INFO] Model initialized on device: cuda:0
[2026-01-26 12:16:00,032] [INFO] [CLIENT INIT] Mode=SH | Sparsity=ON (UsedSparsity=0.6) | Clusters=OFF (UsedClusters=-) | EnvSparsityCfg={'Conv': 0.6, 'Linear': 0.6, 'Bias': 0.0, 'BatchNorm': 0.0} | EnvNClusters=3
[2026-01-26 12:16:00,217] [INFO] Model initialized on device: cuda:0
[2026-01-26 12:16:00,218] [INFO] [CLIENT INIT] Mode=SH | Sparsity=ON (UsedSparsity=0.6) | Clusters=OFF (UsedClusters=-) | EnvSparsityCfg={'Conv': 0.6, 'Linear': 0.6, 'Bias': 0.0, 'BatchNorm': 0.0} | EnvNClusters=3
[2026-01-26 12:16:00,521] [INFO] Model initialized on device: cuda:0
[2026-01-26 12:16:00,522] [INFO] [CLIENT INIT] Mode=SH | Sparsity=ON (UsedSparsity=0.6) | Clusters=OFF (UsedClusters=-) | EnvSparsityCfg={'Conv': 0.6, 'Linear': 0.6, 'Bias': 0.0, 'BatchNorm': 0.0} | EnvNClusters=3
[2026-01-26 12:16:00,716] [INFO] Model initialized on device: cuda:0
[2026-01-26 12:16:00,717] [INFO] [CLIENT INIT] Mode=SH | Sparsity=ON (UsedSparsity=0.6) | Clusters=OFF (UsedClusters=-) | EnvSparsityCfg={'Conv': 0.6, 'Linear': 0.6, 'Bias': 0.0, 'BatchNorm': 0.0} | EnvNClusters=3
[2026-01-26 12:16:00,812] [INFO] Model initialized on device: cuda:0
[2026-01-26 12:16:00,812] [INFO] [CLIENT INIT] Mode=SH | Sparsity=ON (UsedSparsity=0.6) | Clusters=OFF (UsedClusters=-) | EnvSparsityCfg={'Conv': 0.6, 'Linear': 0.6, 'Bias': 0.0, 'BatchNorm': 0.0} | EnvNClusters=3
[2026-01-26 12:16:00,912] [INFO] Model initialized on device: cuda:0
[2026-01-26 12:16:00,912] [INFO] [CLIENT INIT] Mode=SH | Sparsity=ON (UsedSparsity=0.6) | Clusters=OFF (UsedClusters=-) | EnvSparsityCfg={'Conv': 0.6, 'Linear': 0.6, 'Bias': 0.0, 'BatchNorm': 0.0} | EnvNClusters=3
[2026-01-26 12:16:00,926] [INFO] Model initialized on device: cuda:0
[2026-01-26 12:16:00,927] [INFO] [CLIENT INIT] Mode=SH | Sparsity=ON (UsedSparsity=0.6) | Clusters=OFF (UsedClusters=-) | EnvSparsityCfg={'Conv': 0.6, 'Linear': 0.6, 'Bias': 0.0, 'BatchNorm': 0.0} | EnvNClusters=3
[2026-01-26 12:16:01,035] [INFO] Model initialized on device: cuda:0
[2026-01-26 12:16:01,035] [INFO] [CLIENT INIT] Mode=SH | Sparsity=ON (UsedSparsity=0.6) | Clusters=OFF (UsedClusters=-) | EnvSparsityCfg={'Conv': 0.6, 'Linear': 0.6, 'Bias': 0.0, 'BatchNorm': 0.0} | EnvNClusters=3
[2026-01-26 12:16:01,117] [INFO] Model initialized on device: cuda:0
[2026-01-26 12:16:01,117] [INFO] [CLIENT INIT] Mode=SH | Sparsity=ON (UsedSparsity=0.6) | Clusters=OFF (UsedClusters=-) | EnvSparsityCfg={'Conv': 0.6, 'Linear': 0.6, 'Bias': 0.0, 'BatchNorm': 0.0} | EnvNClusters=3
[2026-01-26 12:16:10,636] [DEBUG] [TEST] Batch 1 | Pred shape: torch.Size([256, 256, 160]) | Label shape: torch.Size([256, 256, 160])
[2026-01-26 12:16:10,823] [DEBUG] [TEST] Batch 2 | Pred shape: torch.Size([256, 256, 160]) | Label shape: torch.Size([256, 256, 160])
[2026-01-26 12:16:10,915] [DEBUG] [TEST] Batch 3 | Pred shape: torch.Size([256, 256, 160]) | Label shape: torch.Size([256, 256, 160])
[2026-01-26 12:16:11,016] [DEBUG] [TEST] Batch 4 | Pred shape: torch.Size([256, 256, 160]) | Label shape: torch.Size([256, 256, 160])
[2026-01-26 12:16:11,115] [DEBUG] [TEST] Batch 5 | Pred shape: torch.Size([256, 256, 160]) | Label shape: torch.Size([256, 256, 160])
[2026-01-26 12:16:11,215] [DEBUG] [TEST] Batch 6 | Pred shape: torch.Size([256, 256, 160]) | Label shape: torch.Size([256, 256, 160])
[2026-01-26 12:16:11,315] [DEBUG] [TEST] Batch 7 | Pred shape: torch.Size([256, 256, 160]) | Label shape: torch.Size([256, 256, 160])
[2026-01-26 12:16:11,414] [DEBUG] [TEST] Batch 8 | Pred shape: torch.Size([256, 256, 160]) | Label shape: torch.Size([256, 256, 160])
[2026-01-26 12:16:11,516] [DEBUG] [TEST] Batch 9 | Pred shape: torch.Size([256, 256, 160]) | Label shape: torch.Size([256, 256, 160])
[2026-01-26 12:16:11,614] [DEBUG] [TEST] Batch 10 | Pred shape: torch.Size([256, 256, 160]) | Label shape: torch.Size([256, 256, 160])
[2026-01-26 12:16:14,428] [DEBUG] [TEST] Batch 11 | Pred shape: torch.Size([256, 256, 160]) | Label shape: torch.Size([256, 256, 160])
[2026-01-26 12:16:14,629] [DEBUG] [TEST] Batch 12 | Pred shape: torch.Size([256, 256, 160]) | Label shape: torch.Size([256, 256, 160])
[2026-01-26 12:16:14,828] [DEBUG] [TEST] Batch 13 | Pred shape: torch.Size([256, 256, 160]) | Label shape: torch.Size([256, 256, 160])
[2026-01-26 12:16:14,951] [DEBUG] [TEST] Batch 14 | Pred shape: torch.Size([256, 256, 160]) | Label shape: torch.Size([256, 256, 160])
[2026-01-26 12:16:15,065] [DEBUG] [TEST] Batch 15 | Pred shape: torch.Size([256, 256, 160]) | Label shape: torch.Size([256, 256, 160])
[2026-01-26 12:16:15,216] [DEBUG] [TEST] Batch 16 | Pred shape: torch.Size([256, 256, 160]) | Label shape: torch.Size([256, 256, 160])
[2026-01-26 12:16:18,716] [INFO] [EVALUATE] Dice WT: 0.9854
[2026-01-26 12:16:30,720] [INFO] [FIT] Received parameters. Starting local training...
[2026-01-26 12:16:33,508] [INFO] [DEBUG] Loaded compressed decoded weights.
[2026-01-26 12:17:35,020] [INFO] Model initialized on device: cuda:0
[2026-01-26 12:17:35,021] [INFO] [CLIENT INIT] Mode=SH | Sparsity=ON (UsedSparsity=0.6) | Clusters=OFF (UsedClusters=-) | EnvSparsityCfg={'Conv': 0.6, 'Linear': 0.6, 'Bias': 0.0, 'BatchNorm': 0.0} | EnvNClusters=3
[2026-01-26 12:17:36,961] [INFO] Model initialized on device: cuda:0
[2026-01-26 12:17:36,961] [INFO] [CLIENT INIT] Mode=SH | Sparsity=ON (UsedSparsity=0.6) | Clusters=OFF (UsedClusters=-) | EnvSparsityCfg={'Conv': 0.6, 'Linear': 0.6, 'Bias': 0.0, 'BatchNorm': 0.0} | EnvNClusters=3
[2026-01-26 12:17:37,209] [INFO] Model initialized on device: cuda:0
[2026-01-26 12:17:37,210] [INFO] [CLIENT INIT] Mode=SH | Sparsity=ON (UsedSparsity=0.6) | Clusters=OFF (UsedClusters=-) | EnvSparsityCfg={'Conv': 0.6, 'Linear': 0.6, 'Bias': 0.0, 'BatchNorm': 0.0} | EnvNClusters=3
[2026-01-26 12:17:37,564] [INFO] Model initialized on device: cuda:0
[2026-01-26 12:17:37,564] [INFO] [CLIENT INIT] Mode=SH | Sparsity=ON (UsedSparsity=0.6) | Clusters=OFF (UsedClusters=-) | EnvSparsityCfg={'Conv': 0.6, 'Linear': 0.6, 'Bias': 0.0, 'BatchNorm': 0.0} | EnvNClusters=3
[2026-01-26 12:17:38,330] [INFO] Model initialized on device: cuda:0
[2026-01-26 12:17:38,330] [INFO] [CLIENT INIT] Mode=SH | Sparsity=ON (UsedSparsity=0.6) | Clusters=OFF (UsedClusters=-) | EnvSparsityCfg={'Conv': 0.6, 'Linear': 0.6, 'Bias': 0.0, 'BatchNorm': 0.0} | EnvNClusters=3
[2026-01-26 12:17:38,515] [INFO] Model initialized on device: cuda:0
[2026-01-26 12:17:38,515] [INFO] [CLIENT INIT] Mode=SH | Sparsity=ON (UsedSparsity=0.6) | Clusters=OFF (UsedClusters=-) | EnvSparsityCfg={'Conv': 0.6, 'Linear': 0.6, 'Bias': 0.0, 'BatchNorm': 0.0} | EnvNClusters=3
[2026-01-26 12:17:39,220] [INFO] Model initialized on device: cuda:0
[2026-01-26 12:17:39,220] [INFO] [CLIENT INIT] Mode=SH | Sparsity=ON (UsedSparsity=0.6) | Clusters=OFF (UsedClusters=-) | EnvSparsityCfg={'Conv': 0.6, 'Linear': 0.6, 'Bias': 0.0, 'BatchNorm': 0.0} | EnvNClusters=3
[2026-01-26 12:17:39,318] [INFO] Model initialized on device: cuda:0
[2026-01-26 12:17:39,318] [INFO] [CLIENT INIT] Mode=SH | Sparsity=ON (UsedSparsity=0.6) | Clusters=OFF (UsedClusters=-) | EnvSparsityCfg={'Conv': 0.6, 'Linear': 0.6, 'Bias': 0.0, 'BatchNorm': 0.0} | EnvNClusters=3
[2026-01-26 12:17:40,925] [INFO] Model initialized on device: cuda:0
[2026-01-26 12:17:40,925] [INFO] [CLIENT INIT] Mode=SH | Sparsity=ON (UsedSparsity=0.6) | Clusters=OFF (UsedClusters=-) | EnvSparsityCfg={'Conv': 0.6, 'Linear': 0.6, 'Bias': 0.0, 'BatchNorm': 0.0} | EnvNClusters=3
[2026-01-26 12:17:41,242] [INFO] Model initialized on device: cuda:0
[2026-01-26 12:17:41,242] [INFO] [CLIENT INIT] Mode=SH | Sparsity=ON (UsedSparsity=0.6) | Clusters=OFF (UsedClusters=-) | EnvSparsityCfg={'Conv': 0.6, 'Linear': 0.6, 'Bias': 0.0, 'BatchNorm': 0.0} | EnvNClusters=3
[2026-01-26 12:19:26,150] [INFO] [TRAIN] Epoch 1 Loss: 0.1325
[2026-01-26 12:20:30,435] [INFO] Model initialized on device: cuda:0
[2026-01-26 12:20:30,436] [INFO] [CLIENT INIT] Mode=SH | Sparsity=ON (UsedSparsity=0.6) | Clusters=OFF (UsedClusters=-) | EnvSparsityCfg={'Conv': 0.6, 'Linear': 0.6, 'Bias': 0.0, 'BatchNorm': 0.0} | EnvNClusters=3
[2026-01-26 12:20:30,541] [INFO] Model initialized on device: cuda:0
[2026-01-26 12:20:30,541] [INFO] [CLIENT INIT] Mode=SH | Sparsity=ON (UsedSparsity=0.6) | Clusters=OFF (UsedClusters=-) | EnvSparsityCfg={'Conv': 0.6, 'Linear': 0.6, 'Bias': 0.0, 'BatchNorm': 0.0} | EnvNClusters=3
[2026-01-26 12:20:30,541] [INFO] Model initialized on device: cuda:0
[2026-01-26 12:20:30,541] [INFO] [CLIENT INIT] Mode=SH | Sparsity=ON (UsedSparsity=0.6) | Clusters=OFF (UsedClusters=-) | EnvSparsityCfg={'Conv': 0.6, 'Linear': 0.6, 'Bias': 0.0, 'BatchNorm': 0.0} | EnvNClusters=3
[2026-01-26 12:20:30,739] [INFO] Model initialized on device: cuda:0
[2026-01-26 12:20:30,739] [INFO] [CLIENT INIT] Mode=SH | Sparsity=ON (UsedSparsity=0.6) | Clusters=OFF (UsedClusters=-) | EnvSparsityCfg={'Conv': 0.6, 'Linear': 0.6, 'Bias': 0.0, 'BatchNorm': 0.0} | EnvNClusters=3
[2026-01-26 12:20:30,811] [INFO] Model initialized on device: cuda:0
[2026-01-26 12:20:30,811] [INFO] [CLIENT INIT] Mode=SH | Sparsity=ON (UsedSparsity=0.6) | Clusters=OFF (UsedClusters=-) | EnvSparsityCfg={'Conv': 0.6, 'Linear': 0.6, 'Bias': 0.0, 'BatchNorm': 0.0} | EnvNClusters=3
[2026-01-26 12:20:30,823] [INFO] Model initialized on device: cuda:0
[2026-01-26 12:20:30,823] [INFO] [CLIENT INIT] Mode=SH | Sparsity=ON (UsedSparsity=0.6) | Clusters=OFF (UsedClusters=-) | EnvSparsityCfg={'Conv': 0.6, 'Linear': 0.6, 'Bias': 0.0, 'BatchNorm': 0.0} | EnvNClusters=3
[2026-01-26 12:20:30,824] [INFO] Model initialized on device: cuda:0
[2026-01-26 12:20:30,824] [INFO] [CLIENT INIT] Mode=SH | Sparsity=ON (UsedSparsity=0.6) | Clusters=OFF (UsedClusters=-) | EnvSparsityCfg={'Conv': 0.6, 'Linear': 0.6, 'Bias': 0.0, 'BatchNorm': 0.0} | EnvNClusters=3
[2026-01-26 12:20:30,827] [INFO] Model initialized on device: cuda:0
[2026-01-26 12:20:30,827] [INFO] [CLIENT INIT] Mode=SH | Sparsity=ON (UsedSparsity=0.6) | Clusters=OFF (UsedClusters=-) | EnvSparsityCfg={'Conv': 0.6, 'Linear': 0.6, 'Bias': 0.0, 'BatchNorm': 0.0} | EnvNClusters=3
[2026-01-26 12:20:30,827] [INFO] Model initialized on device: cuda:0
[2026-01-26 12:20:30,827] [INFO] [CLIENT INIT] Mode=SH | Sparsity=ON (UsedSparsity=0.6) | Clusters=OFF (UsedClusters=-) | EnvSparsityCfg={'Conv': 0.6, 'Linear': 0.6, 'Bias': 0.0, 'BatchNorm': 0.0} | EnvNClusters=3
[2026-01-26 12:20:30,836] [INFO] Model initialized on device: cuda:0
[2026-01-26 12:20:30,836] [INFO] [CLIENT INIT] Mode=SH | Sparsity=ON (UsedSparsity=0.6) | Clusters=OFF (UsedClusters=-) | EnvSparsityCfg={'Conv': 0.6, 'Linear': 0.6, 'Bias': 0.0, 'BatchNorm': 0.0} | EnvNClusters=3
[2026-01-26 12:22:11,710] [INFO] [TRAIN] Epoch 2 Loss: 0.1247
[2026-01-26 12:23:00,647] [INFO] Model initialized on device: cuda:0
[2026-01-26 12:23:00,647] [INFO] [CLIENT INIT] Mode=SH | Sparsity=ON (UsedSparsity=0.6) | Clusters=OFF (UsedClusters=-) | EnvSparsityCfg={'Conv': 0.6, 'Linear': 0.6, 'Bias': 0.0, 'BatchNorm': 0.0} | EnvNClusters=3
[2026-01-26 12:23:04,158] [INFO] Model initialized on device: cuda:0
[2026-01-26 12:23:04,158] [INFO] [CLIENT INIT] Mode=SH | Sparsity=ON (UsedSparsity=0.6) | Clusters=OFF (UsedClusters=-) | EnvSparsityCfg={'Conv': 0.6, 'Linear': 0.6, 'Bias': 0.0, 'BatchNorm': 0.0} | EnvNClusters=3
[2026-01-26 12:23:08,232] [INFO] Model initialized on device: cuda:0
[2026-01-26 12:23:08,232] [INFO] [CLIENT INIT] Mode=SH | Sparsity=ON (UsedSparsity=0.6) | Clusters=OFF (UsedClusters=-) | EnvSparsityCfg={'Conv': 0.6, 'Linear': 0.6, 'Bias': 0.0, 'BatchNorm': 0.0} | EnvNClusters=3
[2026-01-26 12:23:08,627] [INFO] Model initialized on device: cuda:0
[2026-01-26 12:23:08,627] [INFO] [CLIENT INIT] Mode=SH | Sparsity=ON (UsedSparsity=0.6) | Clusters=OFF (UsedClusters=-) | EnvSparsityCfg={'Conv': 0.6, 'Linear': 0.6, 'Bias': 0.0, 'BatchNorm': 0.0} | EnvNClusters=3
[2026-01-26 12:23:08,749] [INFO] Model initialized on device: cuda:0
[2026-01-26 12:23:08,749] [INFO] [CLIENT INIT] Mode=SH | Sparsity=ON (UsedSparsity=0.6) | Clusters=OFF (UsedClusters=-) | EnvSparsityCfg={'Conv': 0.6, 'Linear': 0.6, 'Bias': 0.0, 'BatchNorm': 0.0} | EnvNClusters=3
[2026-01-26 12:23:09,113] [INFO] Model initialized on device: cuda:0
[2026-01-26 12:23:09,114] [INFO] [CLIENT INIT] Mode=SH | Sparsity=ON (UsedSparsity=0.6) | Clusters=OFF (UsedClusters=-) | EnvSparsityCfg={'Conv': 0.6, 'Linear': 0.6, 'Bias': 0.0, 'BatchNorm': 0.0} | EnvNClusters=3
[2026-01-26 12:23:09,133] [INFO] Model initialized on device: cuda:0
[2026-01-26 12:23:09,133] [INFO] [CLIENT INIT] Mode=SH | Sparsity=ON (UsedSparsity=0.6) | Clusters=OFF (UsedClusters=-) | EnvSparsityCfg={'Conv': 0.6, 'Linear': 0.6, 'Bias': 0.0, 'BatchNorm': 0.0} | EnvNClusters=3
[2026-01-26 12:23:09,142] [INFO] Model initialized on device: cuda:0
[2026-01-26 12:23:09,142] [INFO] [CLIENT INIT] Mode=SH | Sparsity=ON (UsedSparsity=0.6) | Clusters=OFF (UsedClusters=-) | EnvSparsityCfg={'Conv': 0.6, 'Linear': 0.6, 'Bias': 0.0, 'BatchNorm': 0.0} | EnvNClusters=3
[2026-01-26 12:23:09,212] [INFO] Model initialized on device: cuda:0
[2026-01-26 12:23:09,212] [INFO] [CLIENT INIT] Mode=SH | Sparsity=ON (UsedSparsity=0.6) | Clusters=OFF (UsedClusters=-) | EnvSparsityCfg={'Conv': 0.6, 'Linear': 0.6, 'Bias': 0.0, 'BatchNorm': 0.0} | EnvNClusters=3
[2026-01-26 12:23:09,230] [INFO] Model initialized on device: cuda:0
[2026-01-26 12:23:09,230] [INFO] [CLIENT INIT] Mode=SH | Sparsity=ON (UsedSparsity=0.6) | Clusters=OFF (UsedClusters=-) | EnvSparsityCfg={'Conv': 0.6, 'Linear': 0.6, 'Bias': 0.0, 'BatchNorm': 0.0} | EnvNClusters=3
[2026-01-26 12:24:59,312] [INFO] [TRAIN] Epoch 3 Loss: 0.1291
[2026-01-26 12:25:31,816] [INFO] Model initialized on device: cuda:0
[2026-01-26 12:25:31,816] [INFO] [CLIENT INIT] Mode=SH | Sparsity=ON (UsedSparsity=0.6) | Clusters=OFF (UsedClusters=-) | EnvSparsityCfg={'Conv': 0.6, 'Linear': 0.6, 'Bias': 0.0, 'BatchNorm': 0.0} | EnvNClusters=3
[2026-01-26 12:25:34,222] [INFO] Model initialized on device: cuda:0
[2026-01-26 12:25:34,222] [INFO] [CLIENT INIT] Mode=SH | Sparsity=ON (UsedSparsity=0.6) | Clusters=OFF (UsedClusters=-) | EnvSparsityCfg={'Conv': 0.6, 'Linear': 0.6, 'Bias': 0.0, 'BatchNorm': 0.0} | EnvNClusters=3
[2026-01-26 12:25:35,329] [INFO] Model initialized on device: cuda:0
[2026-01-26 12:25:35,329] [INFO] [CLIENT INIT] Mode=SH | Sparsity=ON (UsedSparsity=0.6) | Clusters=OFF (UsedClusters=-) | EnvSparsityCfg={'Conv': 0.6, 'Linear': 0.6, 'Bias': 0.0, 'BatchNorm': 0.0} | EnvNClusters=3
[2026-01-26 12:25:41,111] [INFO] Model initialized on device: cuda:0
[2026-01-26 12:25:41,112] [INFO] [CLIENT INIT] Mode=SH | Sparsity=ON (UsedSparsity=0.6) | Clusters=OFF (UsedClusters=-) | EnvSparsityCfg={'Conv': 0.6, 'Linear': 0.6, 'Bias': 0.0, 'BatchNorm': 0.0} | EnvNClusters=3
[2026-01-26 12:25:41,714] [INFO] Model initialized on device: cuda:0
[2026-01-26 12:25:41,714] [INFO] [CLIENT INIT] Mode=SH | Sparsity=ON (UsedSparsity=0.6) | Clusters=OFF (UsedClusters=-) | EnvSparsityCfg={'Conv': 0.6, 'Linear': 0.6, 'Bias': 0.0, 'BatchNorm': 0.0} | EnvNClusters=3
[2026-01-26 12:25:42,518] [INFO] Model initialized on device: cuda:0
[2026-01-26 12:25:42,518] [INFO] [CLIENT INIT] Mode=SH | Sparsity=ON (UsedSparsity=0.6) | Clusters=OFF (UsedClusters=-) | EnvSparsityCfg={'Conv': 0.6, 'Linear': 0.6, 'Bias': 0.0, 'BatchNorm': 0.0} | EnvNClusters=3
[2026-01-26 12:25:42,627] [INFO] Model initialized on device: cuda:0
[2026-01-26 12:25:42,627] [INFO] [CLIENT INIT] Mode=SH | Sparsity=ON (UsedSparsity=0.6) | Clusters=OFF (UsedClusters=-) | EnvSparsityCfg={'Conv': 0.6, 'Linear': 0.6, 'Bias': 0.0, 'BatchNorm': 0.0} | EnvNClusters=3
[2026-01-26 12:25:42,713] [INFO] Model initialized on device: cuda:0
[2026-01-26 12:25:42,713] [INFO] [CLIENT INIT] Mode=SH | Sparsity=ON (UsedSparsity=0.6) | Clusters=OFF (UsedClusters=-) | EnvSparsityCfg={'Conv': 0.6, 'Linear': 0.6, 'Bias': 0.0, 'BatchNorm': 0.0} | EnvNClusters=3
[2026-01-26 12:25:42,718] [INFO] Model initialized on device: cuda:0
[2026-01-26 12:25:42,718] [INFO] [CLIENT INIT] Mode=SH | Sparsity=ON (UsedSparsity=0.6) | Clusters=OFF (UsedClusters=-) | EnvSparsityCfg={'Conv': 0.6, 'Linear': 0.6, 'Bias': 0.0, 'BatchNorm': 0.0} | EnvNClusters=3
[2026-01-26 12:25:42,727] [INFO] Model initialized on device: cuda:0
[2026-01-26 12:25:42,727] [INFO] [CLIENT INIT] Mode=SH | Sparsity=ON (UsedSparsity=0.6) | Clusters=OFF (UsedClusters=-) | EnvSparsityCfg={'Conv': 0.6, 'Linear': 0.6, 'Bias': 0.0, 'BatchNorm': 0.0} | EnvNClusters=3
[2026-01-26 12:27:18,917] [INFO] [TRAIN] Epoch 4 Loss: 0.1185
[2026-01-26 12:28:05,015] [INFO] Model initialized on device: cuda:0
[2026-01-26 12:28:05,016] [INFO] [CLIENT INIT] Mode=SH | Sparsity=ON (UsedSparsity=0.6) | Clusters=OFF (UsedClusters=-) | EnvSparsityCfg={'Conv': 0.6, 'Linear': 0.6, 'Bias': 0.0, 'BatchNorm': 0.0} | EnvNClusters=3
[2026-01-26 12:28:05,135] [INFO] Model initialized on device: cuda:0
[2026-01-26 12:28:05,136] [INFO] [CLIENT INIT] Mode=SH | Sparsity=ON (UsedSparsity=0.6) | Clusters=OFF (UsedClusters=-) | EnvSparsityCfg={'Conv': 0.6, 'Linear': 0.6, 'Bias': 0.0, 'BatchNorm': 0.0} | EnvNClusters=3
[2026-01-26 12:28:05,650] [INFO] Model initialized on device: cuda:0
[2026-01-26 12:28:05,650] [INFO] [CLIENT INIT] Mode=SH | Sparsity=ON (UsedSparsity=0.6) | Clusters=OFF (UsedClusters=-) | EnvSparsityCfg={'Conv': 0.6, 'Linear': 0.6, 'Bias': 0.0, 'BatchNorm': 0.0} | EnvNClusters=3
[2026-01-26 12:28:05,708] [INFO] Model initialized on device: cuda:0
[2026-01-26 12:28:05,708] [INFO] [CLIENT INIT] Mode=SH | Sparsity=ON (UsedSparsity=0.6) | Clusters=OFF (UsedClusters=-) | EnvSparsityCfg={'Conv': 0.6, 'Linear': 0.6, 'Bias': 0.0, 'BatchNorm': 0.0} | EnvNClusters=3
[2026-01-26 12:28:05,711] [INFO] Model initialized on device: cuda:0
[2026-01-26 12:28:05,711] [INFO] [CLIENT INIT] Mode=SH | Sparsity=ON (UsedSparsity=0.6) | Clusters=OFF (UsedClusters=-) | EnvSparsityCfg={'Conv': 0.6, 'Linear': 0.6, 'Bias': 0.0, 'BatchNorm': 0.0} | EnvNClusters=3
[2026-01-26 12:28:05,711] [INFO] Model initialized on device: cuda:0
[2026-01-26 12:28:05,711] [INFO] [CLIENT INIT] Mode=SH | Sparsity=ON (UsedSparsity=0.6) | Clusters=OFF (UsedClusters=-) | EnvSparsityCfg={'Conv': 0.6, 'Linear': 0.6, 'Bias': 0.0, 'BatchNorm': 0.0} | EnvNClusters=3
[2026-01-26 12:28:05,711] [INFO] Model initialized on device: cuda:0
[2026-01-26 12:28:05,711] [INFO] [CLIENT INIT] Mode=SH | Sparsity=ON (UsedSparsity=0.6) | Clusters=OFF (UsedClusters=-) | EnvSparsityCfg={'Conv': 0.6, 'Linear': 0.6, 'Bias': 0.0, 'BatchNorm': 0.0} | EnvNClusters=3
[2026-01-26 12:28:05,729] [INFO] Model initialized on device: cuda:0
[2026-01-26 12:28:05,729] [INFO] [CLIENT INIT] Mode=SH | Sparsity=ON (UsedSparsity=0.6) | Clusters=OFF (UsedClusters=-) | EnvSparsityCfg={'Conv': 0.6, 'Linear': 0.6, 'Bias': 0.0, 'BatchNorm': 0.0} | EnvNClusters=3
[2026-01-26 12:28:05,736] [INFO] Model initialized on device: cuda:0
[2026-01-26 12:28:05,736] [INFO] Model initialized on device: cuda:0
[2026-01-26 12:28:05,736] [INFO] [CLIENT INIT] Mode=SH | Sparsity=ON (UsedSparsity=0.6) | Clusters=OFF (UsedClusters=-) | EnvSparsityCfg={'Conv': 0.6, 'Linear': 0.6, 'Bias': 0.0, 'BatchNorm': 0.0} | EnvNClusters=3
[2026-01-26 12:28:05,737] [INFO] [CLIENT INIT] Mode=SH | Sparsity=ON (UsedSparsity=0.6) | Clusters=OFF (UsedClusters=-) | EnvSparsityCfg={'Conv': 0.6, 'Linear': 0.6, 'Bias': 0.0, 'BatchNorm': 0.0} | EnvNClusters=3
[2026-01-26 12:29:46,553] [INFO] [TRAIN] Epoch 5 Loss: 0.1166
[2026-01-26 12:29:46,554] [INFO] [FIT] Local training finished. Avg Loss: 0.1243
[2026-01-26 12:30:23,913] [INFO] Model initialized on device: cuda:0
[2026-01-26 12:30:23,913] [INFO] [CLIENT INIT] Mode=SH | Sparsity=ON (UsedSparsity=0.6) | Clusters=OFF (UsedClusters=-) | EnvSparsityCfg={'Conv': 0.6, 'Linear': 0.6, 'Bias': 0.0, 'BatchNorm': 0.0} | EnvNClusters=3
[2026-01-26 12:30:24,108] [INFO] Model initialized on device: cuda:0
[2026-01-26 12:30:24,108] [INFO] [CLIENT INIT] Mode=SH | Sparsity=ON (UsedSparsity=0.6) | Clusters=OFF (UsedClusters=-) | EnvSparsityCfg={'Conv': 0.6, 'Linear': 0.6, 'Bias': 0.0, 'BatchNorm': 0.0} | EnvNClusters=3
[2026-01-26 12:30:25,546] [INFO] Model initialized on device: cuda:0
[2026-01-26 12:30:25,546] [INFO] [CLIENT INIT] Mode=SH | Sparsity=ON (UsedSparsity=0.6) | Clusters=OFF (UsedClusters=-) | EnvSparsityCfg={'Conv': 0.6, 'Linear': 0.6, 'Bias': 0.0, 'BatchNorm': 0.0} | EnvNClusters=3
[2026-01-26 12:30:25,714] [INFO] Model initialized on device: cuda:0
[2026-01-26 12:30:25,714] [INFO] [CLIENT INIT] Mode=SH | Sparsity=ON (UsedSparsity=0.6) | Clusters=OFF (UsedClusters=-) | EnvSparsityCfg={'Conv': 0.6, 'Linear': 0.6, 'Bias': 0.0, 'BatchNorm': 0.0} | EnvNClusters=3
[2026-01-26 12:30:25,824] [INFO] Model initialized on device: cuda:0
[2026-01-26 12:30:25,825] [INFO] [CLIENT INIT] Mode=SH | Sparsity=ON (UsedSparsity=0.6) | Clusters=OFF (UsedClusters=-) | EnvSparsityCfg={'Conv': 0.6, 'Linear': 0.6, 'Bias': 0.0, 'BatchNorm': 0.0} | EnvNClusters=3
[2026-01-26 12:30:26,247] [INFO] Model initialized on device: cuda:0
[2026-01-26 12:30:26,247] [INFO] [CLIENT INIT] Mode=SH | Sparsity=ON (UsedSparsity=0.6) | Clusters=OFF (UsedClusters=-) | EnvSparsityCfg={'Conv': 0.6, 'Linear': 0.6, 'Bias': 0.0, 'BatchNorm': 0.0} | EnvNClusters=3
[2026-01-26 12:30:26,822] [INFO] Model initialized on device: cuda:0
[2026-01-26 12:30:26,822] [INFO] [CLIENT INIT] Mode=SH | Sparsity=ON (UsedSparsity=0.6) | Clusters=OFF (UsedClusters=-) | EnvSparsityCfg={'Conv': 0.6, 'Linear': 0.6, 'Bias': 0.0, 'BatchNorm': 0.0} | EnvNClusters=3
[2026-01-26 12:30:26,930] [INFO] Model initialized on device: cuda:0
[2026-01-26 12:30:26,930] [INFO] [CLIENT INIT] Mode=SH | Sparsity=ON (UsedSparsity=0.6) | Clusters=OFF (UsedClusters=-) | EnvSparsityCfg={'Conv': 0.6, 'Linear': 0.6, 'Bias': 0.0, 'BatchNorm': 0.0} | EnvNClusters=3
[2026-01-26 12:30:27,215] [INFO] Model initialized on device: cuda:0
[2026-01-26 12:30:27,215] [INFO] [CLIENT INIT] Mode=SH | Sparsity=ON (UsedSparsity=0.6) | Clusters=OFF (UsedClusters=-) | EnvSparsityCfg={'Conv': 0.6, 'Linear': 0.6, 'Bias': 0.0, 'BatchNorm': 0.0} | EnvNClusters=3
[2026-01-26 12:30:27,235] [INFO] Model initialized on device: cuda:0
[2026-01-26 12:30:27,235] [INFO] [CLIENT INIT] Mode=SH | Sparsity=ON (UsedSparsity=0.6) | Clusters=OFF (UsedClusters=-) | EnvSparsityCfg={'Conv': 0.6, 'Linear': 0.6, 'Bias': 0.0, 'BatchNorm': 0.0} | EnvNClusters=3
[2026-01-26 12:30:31,860] [DEBUG] [TEST] Batch 1 | Pred shape: torch.Size([256, 256, 160]) | Label shape: torch.Size([256, 256, 160])
[2026-01-26 12:30:32,009] [DEBUG] [TEST] Batch 2 | Pred shape: torch.Size([256, 256, 160]) | Label shape: torch.Size([256, 256, 160])
[2026-01-26 12:30:32,716] [DEBUG] [TEST] Batch 3 | Pred shape: torch.Size([256, 256, 160]) | Label shape: torch.Size([256, 256, 160])
[2026-01-26 12:30:32,816] [DEBUG] [TEST] Batch 4 | Pred shape: torch.Size([256, 256, 160]) | Label shape: torch.Size([256, 256, 160])
[2026-01-26 12:30:32,872] [DEBUG] [TEST] Batch 5 | Pred shape: torch.Size([256, 256, 160]) | Label shape: torch.Size([256, 256, 160])
[2026-01-26 12:30:32,928] [DEBUG] [TEST] Batch 6 | Pred shape: torch.Size([256, 256, 160]) | Label shape: torch.Size([256, 256, 160])
[2026-01-26 12:30:33,007] [DEBUG] [TEST] Batch 7 | Pred shape: torch.Size([256, 256, 160]) | Label shape: torch.Size([256, 256, 160])
[2026-01-26 12:30:33,064] [DEBUG] [TEST] Batch 8 | Pred shape: torch.Size([256, 256, 160]) | Label shape: torch.Size([256, 256, 160])
[2026-01-26 12:30:33,120] [DEBUG] [TEST] Batch 9 | Pred shape: torch.Size([256, 256, 160]) | Label shape: torch.Size([256, 256, 160])
[2026-01-26 12:30:33,179] [DEBUG] [TEST] Batch 10 | Pred shape: torch.Size([256, 256, 160]) | Label shape: torch.Size([256, 256, 160])
[2026-01-26 12:30:35,215] [DEBUG] [TEST] Batch 11 | Pred shape: torch.Size([256, 256, 160]) | Label shape: torch.Size([256, 256, 160])
[2026-01-26 12:30:35,316] [DEBUG] [TEST] Batch 12 | Pred shape: torch.Size([256, 256, 160]) | Label shape: torch.Size([256, 256, 160])
[2026-01-26 12:30:36,214] [DEBUG] [TEST] Batch 13 | Pred shape: torch.Size([256, 256, 160]) | Label shape: torch.Size([256, 256, 160])
[2026-01-26 12:30:36,312] [DEBUG] [TEST] Batch 14 | Pred shape: torch.Size([256, 256, 160]) | Label shape: torch.Size([256, 256, 160])
[2026-01-26 12:30:36,368] [DEBUG] [TEST] Batch 15 | Pred shape: torch.Size([256, 256, 160]) | Label shape: torch.Size([256, 256, 160])
[2026-01-26 12:30:36,424] [DEBUG] [TEST] Batch 16 | Pred shape: torch.Size([256, 256, 160]) | Label shape: torch.Size([256, 256, 160])
[2026-01-26 12:30:42,307] [INFO] [FIT] Final model saved to: Revision2/Run_UNET_NonIID_SH_20260126/Client3/model_final.pth
[2026-01-26 12:31:45,865] [INFO] [COMM][CLIENT] Round=-1 Mode=SH UsedSparsity=0.6 UsedClusters=- BaselineBits=154016352.0 CompressedBits=160970549.3 CR=0.957
[2026-01-26 12:39:50,648] [INFO] [EVALUATE] Starting evaluation...
[2026-01-26 12:39:53,727] [INFO] [DEBUG] Loaded compressed decoded weights.
[2026-01-26 12:40:55,990] [INFO] Model initialized on device: cuda:0
[2026-01-26 12:40:55,990] [INFO] [CLIENT INIT] Mode=SH | Sparsity=ON (UsedSparsity=0.6) | Clusters=OFF (UsedClusters=-) | EnvSparsityCfg={'Conv': 0.6, 'Linear': 0.6, 'Bias': 0.0, 'BatchNorm': 0.0} | EnvNClusters=3
[2026-01-26 12:40:57,962] [INFO] Model initialized on device: cuda:0
[2026-01-26 12:40:57,962] [INFO] [CLIENT INIT] Mode=SH | Sparsity=ON (UsedSparsity=0.6) | Clusters=OFF (UsedClusters=-) | EnvSparsityCfg={'Conv': 0.6, 'Linear': 0.6, 'Bias': 0.0, 'BatchNorm': 0.0} | EnvNClusters=3
[2026-01-26 12:40:59,126] [INFO] Model initialized on device: cuda:0
[2026-01-26 12:40:59,126] [INFO] Model initialized on device: cuda:0
[2026-01-26 12:40:59,126] [INFO] [CLIENT INIT] Mode=SH | Sparsity=ON (UsedSparsity=0.6) | Clusters=OFF (UsedClusters=-) | EnvSparsityCfg={'Conv': 0.6, 'Linear': 0.6, 'Bias': 0.0, 'BatchNorm': 0.0} | EnvNClusters=3
[2026-01-26 12:40:59,126] [INFO] [CLIENT INIT] Mode=SH | Sparsity=ON (UsedSparsity=0.6) | Clusters=OFF (UsedClusters=-) | EnvSparsityCfg={'Conv': 0.6, 'Linear': 0.6, 'Bias': 0.0, 'BatchNorm': 0.0} | EnvNClusters=3
[2026-01-26 12:40:59,130] [INFO] Model initialized on device: cuda:0
[2026-01-26 12:40:59,130] [INFO] [CLIENT INIT] Mode=SH | Sparsity=ON (UsedSparsity=0.6) | Clusters=OFF (UsedClusters=-) | EnvSparsityCfg={'Conv': 0.6, 'Linear': 0.6, 'Bias': 0.0, 'BatchNorm': 0.0} | EnvNClusters=3
[2026-01-26 12:40:59,133] [INFO] Model initialized on device: cuda:0
[2026-01-26 12:40:59,134] [INFO] [CLIENT INIT] Mode=SH | Sparsity=ON (UsedSparsity=0.6) | Clusters=OFF (UsedClusters=-) | EnvSparsityCfg={'Conv': 0.6, 'Linear': 0.6, 'Bias': 0.0, 'BatchNorm': 0.0} | EnvNClusters=3
[2026-01-26 12:40:59,137] [INFO] Model initialized on device: cuda:0
[2026-01-26 12:40:59,138] [INFO] [CLIENT INIT] Mode=SH | Sparsity=ON (UsedSparsity=0.6) | Clusters=OFF (UsedClusters=-) | EnvSparsityCfg={'Conv': 0.6, 'Linear': 0.6, 'Bias': 0.0, 'BatchNorm': 0.0} | EnvNClusters=3
[2026-01-26 12:40:59,215] [INFO] Model initialized on device: cuda:0
[2026-01-26 12:40:59,215] [INFO] [CLIENT INIT] Mode=SH | Sparsity=ON (UsedSparsity=0.6) | Clusters=OFF (UsedClusters=-) | EnvSparsityCfg={'Conv': 0.6, 'Linear': 0.6, 'Bias': 0.0, 'BatchNorm': 0.0} | EnvNClusters=3
[2026-01-26 12:40:59,412] [INFO] Model initialized on device: cuda:0
[2026-01-26 12:40:59,412] [INFO] [CLIENT INIT] Mode=SH | Sparsity=ON (UsedSparsity=0.6) | Clusters=OFF (UsedClusters=-) | EnvSparsityCfg={'Conv': 0.6, 'Linear': 0.6, 'Bias': 0.0, 'BatchNorm': 0.0} | EnvNClusters=3
[2026-01-26 12:40:59,542] [INFO] Model initialized on device: cuda:0
[2026-01-26 12:40:59,542] [INFO] [CLIENT INIT] Mode=SH | Sparsity=ON (UsedSparsity=0.6) | Clusters=OFF (UsedClusters=-) | EnvSparsityCfg={'Conv': 0.6, 'Linear': 0.6, 'Bias': 0.0, 'BatchNorm': 0.0} | EnvNClusters=3
[2026-01-26 12:41:06,118] [DEBUG] [TEST] Batch 1 | Pred shape: torch.Size([256, 256, 160]) | Label shape: torch.Size([256, 256, 160])
[2026-01-26 12:41:06,715] [DEBUG] [TEST] Batch 2 | Pred shape: torch.Size([256, 256, 160]) | Label shape: torch.Size([256, 256, 160])
[2026-01-26 12:41:07,636] [DEBUG] [TEST] Batch 3 | Pred shape: torch.Size([256, 256, 160]) | Label shape: torch.Size([256, 256, 160])
[2026-01-26 12:41:07,719] [DEBUG] [TEST] Batch 4 | Pred shape: torch.Size([256, 256, 160]) | Label shape: torch.Size([256, 256, 160])
[2026-01-26 12:41:07,815] [DEBUG] [TEST] Batch 5 | Pred shape: torch.Size([256, 256, 160]) | Label shape: torch.Size([256, 256, 160])
[2026-01-26 12:41:07,914] [DEBUG] [TEST] Batch 6 | Pred shape: torch.Size([256, 256, 160]) | Label shape: torch.Size([256, 256, 160])
[2026-01-26 12:41:08,023] [DEBUG] [TEST] Batch 7 | Pred shape: torch.Size([256, 256, 160]) | Label shape: torch.Size([256, 256, 160])
[2026-01-26 12:41:08,220] [DEBUG] [TEST] Batch 8 | Pred shape: torch.Size([256, 256, 160]) | Label shape: torch.Size([256, 256, 160])
[2026-01-26 12:41:08,422] [DEBUG] [TEST] Batch 9 | Pred shape: torch.Size([256, 256, 160]) | Label shape: torch.Size([256, 256, 160])
[2026-01-26 12:41:08,625] [DEBUG] [TEST] Batch 10 | Pred shape: torch.Size([256, 256, 160]) | Label shape: torch.Size([256, 256, 160])
[2026-01-26 12:41:10,710] [DEBUG] [TEST] Batch 11 | Pred shape: torch.Size([256, 256, 160]) | Label shape: torch.Size([256, 256, 160])
[2026-01-26 12:41:11,716] [DEBUG] [TEST] Batch 12 | Pred shape: torch.Size([256, 256, 160]) | Label shape: torch.Size([256, 256, 160])
[2026-01-26 12:41:11,815] [DEBUG] [TEST] Batch 13 | Pred shape: torch.Size([256, 256, 160]) | Label shape: torch.Size([256, 256, 160])
[2026-01-26 12:41:11,915] [DEBUG] [TEST] Batch 14 | Pred shape: torch.Size([256, 256, 160]) | Label shape: torch.Size([256, 256, 160])
[2026-01-26 12:41:12,012] [DEBUG] [TEST] Batch 15 | Pred shape: torch.Size([256, 256, 160]) | Label shape: torch.Size([256, 256, 160])
[2026-01-26 12:41:12,069] [DEBUG] [TEST] Batch 16 | Pred shape: torch.Size([256, 256, 160]) | Label shape: torch.Size([256, 256, 160])
[2026-01-26 12:41:18,546] [INFO] [EVALUATE] Dice WT: 0.9939
[2026-01-26 12:41:36,270] [INFO] [FIT] Received parameters. Starting local training...
[2026-01-26 12:41:37,918] [INFO] [DEBUG] Loaded compressed decoded weights.
[2026-01-26 12:42:34,839] [INFO] Model initialized on device: cuda:0
[2026-01-26 12:42:34,839] [INFO] [CLIENT INIT] Mode=SH | Sparsity=ON (UsedSparsity=0.6) | Clusters=OFF (UsedClusters=-) | EnvSparsityCfg={'Conv': 0.6, 'Linear': 0.6, 'Bias': 0.0, 'BatchNorm': 0.0} | EnvNClusters=3
[2026-01-26 12:42:34,899] [INFO] Model initialized on device: cuda:0
[2026-01-26 12:42:34,900] [INFO] [CLIENT INIT] Mode=SH | Sparsity=ON (UsedSparsity=0.6) | Clusters=OFF (UsedClusters=-) | EnvSparsityCfg={'Conv': 0.6, 'Linear': 0.6, 'Bias': 0.0, 'BatchNorm': 0.0} | EnvNClusters=3
[2026-01-26 12:42:35,295] [INFO] Model initialized on device: cuda:0
[2026-01-26 12:42:35,296] [INFO] [CLIENT INIT] Mode=SH | Sparsity=ON (UsedSparsity=0.6) | Clusters=OFF (UsedClusters=-) | EnvSparsityCfg={'Conv': 0.6, 'Linear': 0.6, 'Bias': 0.0, 'BatchNorm': 0.0} | EnvNClusters=3
[2026-01-26 12:42:35,437] [INFO] Model initialized on device: cuda:0
[2026-01-26 12:42:35,437] [INFO] [CLIENT INIT] Mode=SH | Sparsity=ON (UsedSparsity=0.6) | Clusters=OFF (UsedClusters=-) | EnvSparsityCfg={'Conv': 0.6, 'Linear': 0.6, 'Bias': 0.0, 'BatchNorm': 0.0} | EnvNClusters=3
[2026-01-26 12:42:35,444] [INFO] Model initialized on device: cuda:0
[2026-01-26 12:42:35,444] [INFO] [CLIENT INIT] Mode=SH | Sparsity=ON (UsedSparsity=0.6) | Clusters=OFF (UsedClusters=-) | EnvSparsityCfg={'Conv': 0.6, 'Linear': 0.6, 'Bias': 0.0, 'BatchNorm': 0.0} | EnvNClusters=3
[2026-01-26 12:42:35,495] [INFO] Model initialized on device: cuda:0
[2026-01-26 12:42:35,495] [INFO] [CLIENT INIT] Mode=SH | Sparsity=ON (UsedSparsity=0.6) | Clusters=OFF (UsedClusters=-) | EnvSparsityCfg={'Conv': 0.6, 'Linear': 0.6, 'Bias': 0.0, 'BatchNorm': 0.0} | EnvNClusters=3
[2026-01-26 12:42:37,189] [INFO] Model initialized on device: cuda:0
[2026-01-26 12:42:37,189] [INFO] [CLIENT INIT] Mode=SH | Sparsity=ON (UsedSparsity=0.6) | Clusters=OFF (UsedClusters=-) | EnvSparsityCfg={'Conv': 0.6, 'Linear': 0.6, 'Bias': 0.0, 'BatchNorm': 0.0} | EnvNClusters=3
[2026-01-26 12:42:37,325] [INFO] Model initialized on device: cuda:0
[2026-01-26 12:42:37,325] [INFO] [CLIENT INIT] Mode=SH | Sparsity=ON (UsedSparsity=0.6) | Clusters=OFF (UsedClusters=-) | EnvSparsityCfg={'Conv': 0.6, 'Linear': 0.6, 'Bias': 0.0, 'BatchNorm': 0.0} | EnvNClusters=3
[2026-01-26 12:42:37,447] [INFO] Model initialized on device: cuda:0
[2026-01-26 12:42:37,447] [INFO] [CLIENT INIT] Mode=SH | Sparsity=ON (UsedSparsity=0.6) | Clusters=OFF (UsedClusters=-) | EnvSparsityCfg={'Conv': 0.6, 'Linear': 0.6, 'Bias': 0.0, 'BatchNorm': 0.0} | EnvNClusters=3
[2026-01-26 12:42:37,536] [INFO] Model initialized on device: cuda:0
[2026-01-26 12:42:37,536] [INFO] [CLIENT INIT] Mode=SH | Sparsity=ON (UsedSparsity=0.6) | Clusters=OFF (UsedClusters=-) | EnvSparsityCfg={'Conv': 0.6, 'Linear': 0.6, 'Bias': 0.0, 'BatchNorm': 0.0} | EnvNClusters=3
[2026-01-26 12:44:14,414] [INFO] [TRAIN] Epoch 1 Loss: 0.1277
[2026-01-26 12:45:00,024] [INFO] Model initialized on device: cuda:0
[2026-01-26 12:45:00,024] [INFO] [CLIENT INIT] Mode=SH | Sparsity=ON (UsedSparsity=0.6) | Clusters=OFF (UsedClusters=-) | EnvSparsityCfg={'Conv': 0.6, 'Linear': 0.6, 'Bias': 0.0, 'BatchNorm': 0.0} | EnvNClusters=3
[2026-01-26 12:45:00,040] [INFO] Model initialized on device: cuda:0
[2026-01-26 12:45:00,040] [INFO] [CLIENT INIT] Mode=SH | Sparsity=ON (UsedSparsity=0.6) | Clusters=OFF (UsedClusters=-) | EnvSparsityCfg={'Conv': 0.6, 'Linear': 0.6, 'Bias': 0.0, 'BatchNorm': 0.0} | EnvNClusters=3
[2026-01-26 12:45:00,110] [INFO] Model initialized on device: cuda:0
[2026-01-26 12:45:00,110] [INFO] [CLIENT INIT] Mode=SH | Sparsity=ON (UsedSparsity=0.6) | Clusters=OFF (UsedClusters=-) | EnvSparsityCfg={'Conv': 0.6, 'Linear': 0.6, 'Bias': 0.0, 'BatchNorm': 0.0} | EnvNClusters=3
[2026-01-26 12:45:00,111] [INFO] Model initialized on device: cuda:0
[2026-01-26 12:45:00,111] [INFO] [CLIENT INIT] Mode=SH | Sparsity=ON (UsedSparsity=0.6) | Clusters=OFF (UsedClusters=-) | EnvSparsityCfg={'Conv': 0.6, 'Linear': 0.6, 'Bias': 0.0, 'BatchNorm': 0.0} | EnvNClusters=3
[2026-01-26 12:45:00,112] [INFO] Model initialized on device: cuda:0
[2026-01-26 12:45:00,112] [INFO] Model initialized on device: cuda:0
[2026-01-26 12:45:00,112] [INFO] [CLIENT INIT] Mode=SH | Sparsity=ON (UsedSparsity=0.6) | Clusters=OFF (UsedClusters=-) | EnvSparsityCfg={'Conv': 0.6, 'Linear': 0.6, 'Bias': 0.0, 'BatchNorm': 0.0} | EnvNClusters=3
[2026-01-26 12:45:00,112] [INFO] [CLIENT INIT] Mode=SH | Sparsity=ON (UsedSparsity=0.6) | Clusters=OFF (UsedClusters=-) | EnvSparsityCfg={'Conv': 0.6, 'Linear': 0.6, 'Bias': 0.0, 'BatchNorm': 0.0} | EnvNClusters=3
[2026-01-26 12:45:00,123] [INFO] Model initialized on device: cuda:0
[2026-01-26 12:45:00,124] [INFO] [CLIENT INIT] Mode=SH | Sparsity=ON (UsedSparsity=0.6) | Clusters=OFF (UsedClusters=-) | EnvSparsityCfg={'Conv': 0.6, 'Linear': 0.6, 'Bias': 0.0, 'BatchNorm': 0.0} | EnvNClusters=3
[2026-01-26 12:45:00,133] [INFO] Model initialized on device: cuda:0
[2026-01-26 12:45:00,134] [INFO] [CLIENT INIT] Mode=SH | Sparsity=ON (UsedSparsity=0.6) | Clusters=OFF (UsedClusters=-) | EnvSparsityCfg={'Conv': 0.6, 'Linear': 0.6, 'Bias': 0.0, 'BatchNorm': 0.0} | EnvNClusters=3
[2026-01-26 12:45:00,138] [INFO] Model initialized on device: cuda:0
[2026-01-26 12:45:00,138] [INFO] Model initialized on device: cuda:0
[2026-01-26 12:45:00,138] [INFO] [CLIENT INIT] Mode=SH | Sparsity=ON (UsedSparsity=0.6) | Clusters=OFF (UsedClusters=-) | EnvSparsityCfg={'Conv': 0.6, 'Linear': 0.6, 'Bias': 0.0, 'BatchNorm': 0.0} | EnvNClusters=3
[2026-01-26 12:45:00,139] [INFO] [CLIENT INIT] Mode=SH | Sparsity=ON (UsedSparsity=0.6) | Clusters=OFF (UsedClusters=-) | EnvSparsityCfg={'Conv': 0.6, 'Linear': 0.6, 'Bias': 0.0, 'BatchNorm': 0.0} | EnvNClusters=3
[2026-01-26 12:46:48,039] [INFO] [TRAIN] Epoch 2 Loss: 0.1197
[2026-01-26 12:47:33,114] [INFO] Model initialized on device: cuda:0
[2026-01-26 12:47:33,115] [INFO] [CLIENT INIT] Mode=SH | Sparsity=ON (UsedSparsity=0.6) | Clusters=OFF (UsedClusters=-) | EnvSparsityCfg={'Conv': 0.6, 'Linear': 0.6, 'Bias': 0.0, 'BatchNorm': 0.0} | EnvNClusters=3
[2026-01-26 12:47:33,115] [INFO] Model initialized on device: cuda:0
[2026-01-26 12:47:33,115] [INFO] [CLIENT INIT] Mode=SH | Sparsity=ON (UsedSparsity=0.6) | Clusters=OFF (UsedClusters=-) | EnvSparsityCfg={'Conv': 0.6, 'Linear': 0.6, 'Bias': 0.0, 'BatchNorm': 0.0} | EnvNClusters=3
[2026-01-26 12:47:33,124] [INFO] Model initialized on device: cuda:0
[2026-01-26 12:47:33,124] [INFO] [CLIENT INIT] Mode=SH | Sparsity=ON (UsedSparsity=0.6) | Clusters=OFF (UsedClusters=-) | EnvSparsityCfg={'Conv': 0.6, 'Linear': 0.6, 'Bias': 0.0, 'BatchNorm': 0.0} | EnvNClusters=3
[2026-01-26 12:47:33,128] [INFO] Model initialized on device: cuda:0
[2026-01-26 12:47:33,129] [INFO] [CLIENT INIT] Mode=SH | Sparsity=ON (UsedSparsity=0.6) | Clusters=OFF (UsedClusters=-) | EnvSparsityCfg={'Conv': 0.6, 'Linear': 0.6, 'Bias': 0.0, 'BatchNorm': 0.0} | EnvNClusters=3
[2026-01-26 12:47:33,134] [INFO] Model initialized on device: cuda:0
[2026-01-26 12:47:33,134] [INFO] [CLIENT INIT] Mode=SH | Sparsity=ON (UsedSparsity=0.6) | Clusters=OFF (UsedClusters=-) | EnvSparsityCfg={'Conv': 0.6, 'Linear': 0.6, 'Bias': 0.0, 'BatchNorm': 0.0} | EnvNClusters=3
[2026-01-26 12:47:33,137] [INFO] Model initialized on device: cuda:0
[2026-01-26 12:47:33,137] [INFO] [CLIENT INIT] Mode=SH | Sparsity=ON (UsedSparsity=0.6) | Clusters=OFF (UsedClusters=-) | EnvSparsityCfg={'Conv': 0.6, 'Linear': 0.6, 'Bias': 0.0, 'BatchNorm': 0.0} | EnvNClusters=3
[2026-01-26 12:47:33,139] [INFO] Model initialized on device: cuda:0
[2026-01-26 12:47:33,140] [INFO] [CLIENT INIT] Mode=SH | Sparsity=ON (UsedSparsity=0.6) | Clusters=OFF (UsedClusters=-) | EnvSparsityCfg={'Conv': 0.6, 'Linear': 0.6, 'Bias': 0.0, 'BatchNorm': 0.0} | EnvNClusters=3
[2026-01-26 12:47:33,146] [INFO] Model initialized on device: cuda:0
[2026-01-26 12:47:33,147] [INFO] [CLIENT INIT] Mode=SH | Sparsity=ON (UsedSparsity=0.6) | Clusters=OFF (UsedClusters=-) | EnvSparsityCfg={'Conv': 0.6, 'Linear': 0.6, 'Bias': 0.0, 'BatchNorm': 0.0} | EnvNClusters=3
[2026-01-26 12:47:33,211] [INFO] Model initialized on device: cuda:0
[2026-01-26 12:47:33,211] [INFO] [CLIENT INIT] Mode=SH | Sparsity=ON (UsedSparsity=0.6) | Clusters=OFF (UsedClusters=-) | EnvSparsityCfg={'Conv': 0.6, 'Linear': 0.6, 'Bias': 0.0, 'BatchNorm': 0.0} | EnvNClusters=3
[2026-01-26 12:47:33,213] [INFO] Model initialized on device: cuda:0
[2026-01-26 12:47:33,213] [INFO] [CLIENT INIT] Mode=SH | Sparsity=ON (UsedSparsity=0.6) | Clusters=OFF (UsedClusters=-) | EnvSparsityCfg={'Conv': 0.6, 'Linear': 0.6, 'Bias': 0.0, 'BatchNorm': 0.0} | EnvNClusters=3
[2026-01-26 12:49:04,314] [INFO] [TRAIN] Epoch 3 Loss: 0.1193
[2026-01-26 12:49:47,817] [INFO] Model initialized on device: cuda:0
[2026-01-26 12:49:47,818] [INFO] [CLIENT INIT] Mode=SH | Sparsity=ON (UsedSparsity=0.6) | Clusters=OFF (UsedClusters=-) | EnvSparsityCfg={'Conv': 0.6, 'Linear': 0.6, 'Bias': 0.0, 'BatchNorm': 0.0} | EnvNClusters=3
[2026-01-26 12:49:48,033] [INFO] Model initialized on device: cuda:0
[2026-01-26 12:49:48,033] [INFO] [CLIENT INIT] Mode=SH | Sparsity=ON (UsedSparsity=0.6) | Clusters=OFF (UsedClusters=-) | EnvSparsityCfg={'Conv': 0.6, 'Linear': 0.6, 'Bias': 0.0, 'BatchNorm': 0.0} | EnvNClusters=3
[2026-01-26 12:49:48,035] [INFO] Model initialized on device: cuda:0
[2026-01-26 12:49:48,035] [INFO] [CLIENT INIT] Mode=SH | Sparsity=ON (UsedSparsity=0.6) | Clusters=OFF (UsedClusters=-) | EnvSparsityCfg={'Conv': 0.6, 'Linear': 0.6, 'Bias': 0.0, 'BatchNorm': 0.0} | EnvNClusters=3
[2026-01-26 12:49:48,114] [INFO] Model initialized on device: cuda:0
[2026-01-26 12:49:48,115] [INFO] [CLIENT INIT] Mode=SH | Sparsity=ON (UsedSparsity=0.6) | Clusters=OFF (UsedClusters=-) | EnvSparsityCfg={'Conv': 0.6, 'Linear': 0.6, 'Bias': 0.0, 'BatchNorm': 0.0} | EnvNClusters=3
[2026-01-26 12:49:48,236] [INFO] Model initialized on device: cuda:0
[2026-01-26 12:49:48,236] [INFO] [CLIENT INIT] Mode=SH | Sparsity=ON (UsedSparsity=0.6) | Clusters=OFF (UsedClusters=-) | EnvSparsityCfg={'Conv': 0.6, 'Linear': 0.6, 'Bias': 0.0, 'BatchNorm': 0.0} | EnvNClusters=3
[2026-01-26 12:49:48,238] [INFO] Model initialized on device: cuda:0
[2026-01-26 12:49:48,238] [INFO] [CLIENT INIT] Mode=SH | Sparsity=ON (UsedSparsity=0.6) | Clusters=OFF (UsedClusters=-) | EnvSparsityCfg={'Conv': 0.6, 'Linear': 0.6, 'Bias': 0.0, 'BatchNorm': 0.0} | EnvNClusters=3
[2026-01-26 12:49:48,239] [INFO] Model initialized on device: cuda:0
[2026-01-26 12:49:48,239] [INFO] Model initialized on device: cuda:0
[2026-01-26 12:49:48,239] [INFO] [CLIENT INIT] Mode=SH | Sparsity=ON (UsedSparsity=0.6) | Clusters=OFF (UsedClusters=-) | EnvSparsityCfg={'Conv': 0.6, 'Linear': 0.6, 'Bias': 0.0, 'BatchNorm': 0.0} | EnvNClusters=3
[2026-01-26 12:49:48,239] [INFO] [CLIENT INIT] Mode=SH | Sparsity=ON (UsedSparsity=0.6) | Clusters=OFF (UsedClusters=-) | EnvSparsityCfg={'Conv': 0.6, 'Linear': 0.6, 'Bias': 0.0, 'BatchNorm': 0.0} | EnvNClusters=3
[2026-01-26 12:49:48,241] [INFO] Model initialized on device: cuda:0
[2026-01-26 12:49:48,242] [INFO] [CLIENT INIT] Mode=SH | Sparsity=ON (UsedSparsity=0.6) | Clusters=OFF (UsedClusters=-) | EnvSparsityCfg={'Conv': 0.6, 'Linear': 0.6, 'Bias': 0.0, 'BatchNorm': 0.0} | EnvNClusters=3
[2026-01-26 12:49:48,242] [INFO] Model initialized on device: cuda:0
[2026-01-26 12:49:48,242] [INFO] [CLIENT INIT] Mode=SH | Sparsity=ON (UsedSparsity=0.6) | Clusters=OFF (UsedClusters=-) | EnvSparsityCfg={'Conv': 0.6, 'Linear': 0.6, 'Bias': 0.0, 'BatchNorm': 0.0} | EnvNClusters=3
[2026-01-26 12:51:38,723] [INFO] [TRAIN] Epoch 4 Loss: 0.1185
[2026-01-26 12:52:28,119] [INFO] Model initialized on device: cuda:0
[2026-01-26 12:52:28,119] [INFO] [CLIENT INIT] Mode=SH | Sparsity=ON (UsedSparsity=0.6) | Clusters=OFF (UsedClusters=-) | EnvSparsityCfg={'Conv': 0.6, 'Linear': 0.6, 'Bias': 0.0, 'BatchNorm': 0.0} | EnvNClusters=3
[2026-01-26 12:52:28,331] [INFO] Model initialized on device: cuda:0
[2026-01-26 12:52:28,331] [INFO] [CLIENT INIT] Mode=SH | Sparsity=ON (UsedSparsity=0.6) | Clusters=OFF (UsedClusters=-) | EnvSparsityCfg={'Conv': 0.6, 'Linear': 0.6, 'Bias': 0.0, 'BatchNorm': 0.0} | EnvNClusters=3
[2026-01-26 12:52:28,423] [INFO] Model initialized on device: cuda:0
[2026-01-26 12:52:28,423] [INFO] [CLIENT INIT] Mode=SH | Sparsity=ON (UsedSparsity=0.6) | Clusters=OFF (UsedClusters=-) | EnvSparsityCfg={'Conv': 0.6, 'Linear': 0.6, 'Bias': 0.0, 'BatchNorm': 0.0} | EnvNClusters=3
[2026-01-26 12:52:28,610] [INFO] Model initialized on device: cuda:0
[2026-01-26 12:52:28,610] [INFO] [CLIENT INIT] Mode=SH | Sparsity=ON (UsedSparsity=0.6) | Clusters=OFF (UsedClusters=-) | EnvSparsityCfg={'Conv': 0.6, 'Linear': 0.6, 'Bias': 0.0, 'BatchNorm': 0.0} | EnvNClusters=3
[2026-01-26 12:52:28,708] [INFO] Model initialized on device: cuda:0
[2026-01-26 12:52:28,708] [INFO] [CLIENT INIT] Mode=SH | Sparsity=ON (UsedSparsity=0.6) | Clusters=OFF (UsedClusters=-) | EnvSparsityCfg={'Conv': 0.6, 'Linear': 0.6, 'Bias': 0.0, 'BatchNorm': 0.0} | EnvNClusters=3
[2026-01-26 12:52:28,826] [INFO] Model initialized on device: cuda:0
[2026-01-26 12:52:28,826] [INFO] [CLIENT INIT] Mode=SH | Sparsity=ON (UsedSparsity=0.6) | Clusters=OFF (UsedClusters=-) | EnvSparsityCfg={'Conv': 0.6, 'Linear': 0.6, 'Bias': 0.0, 'BatchNorm': 0.0} | EnvNClusters=3
[2026-01-26 12:52:28,923] [INFO] Model initialized on device: cuda:0
[2026-01-26 12:52:28,923] [INFO] [CLIENT INIT] Mode=SH | Sparsity=ON (UsedSparsity=0.6) | Clusters=OFF (UsedClusters=-) | EnvSparsityCfg={'Conv': 0.6, 'Linear': 0.6, 'Bias': 0.0, 'BatchNorm': 0.0} | EnvNClusters=3
[2026-01-26 12:52:28,924] [INFO] Model initialized on device: cuda:0
[2026-01-26 12:52:28,924] [INFO] [CLIENT INIT] Mode=SH | Sparsity=ON (UsedSparsity=0.6) | Clusters=OFF (UsedClusters=-) | EnvSparsityCfg={'Conv': 0.6, 'Linear': 0.6, 'Bias': 0.0, 'BatchNorm': 0.0} | EnvNClusters=3
[2026-01-26 12:52:28,925] [INFO] Model initialized on device: cuda:0
[2026-01-26 12:52:28,925] [INFO] [CLIENT INIT] Mode=SH | Sparsity=ON (UsedSparsity=0.6) | Clusters=OFF (UsedClusters=-) | EnvSparsityCfg={'Conv': 0.6, 'Linear': 0.6, 'Bias': 0.0, 'BatchNorm': 0.0} | EnvNClusters=3
[2026-01-26 12:52:29,013] [INFO] Model initialized on device: cuda:0
[2026-01-26 12:52:29,013] [INFO] [CLIENT INIT] Mode=SH | Sparsity=ON (UsedSparsity=0.6) | Clusters=OFF (UsedClusters=-) | EnvSparsityCfg={'Conv': 0.6, 'Linear': 0.6, 'Bias': 0.0, 'BatchNorm': 0.0} | EnvNClusters=3
[2026-01-26 12:54:07,946] [INFO] [TRAIN] Epoch 5 Loss: 0.1174
[2026-01-26 12:54:07,947] [INFO] [FIT] Local training finished. Avg Loss: 0.1205
[2026-01-26 12:54:45,997] [INFO] Model initialized on device: cuda:0
[2026-01-26 12:54:45,998] [INFO] [CLIENT INIT] Mode=SH | Sparsity=ON (UsedSparsity=0.6) | Clusters=OFF (UsedClusters=-) | EnvSparsityCfg={'Conv': 0.6, 'Linear': 0.6, 'Bias': 0.0, 'BatchNorm': 0.0} | EnvNClusters=3
[2026-01-26 12:54:47,825] [INFO] Model initialized on device: cuda:0
[2026-01-26 12:54:47,826] [INFO] [CLIENT INIT] Mode=SH | Sparsity=ON (UsedSparsity=0.6) | Clusters=OFF (UsedClusters=-) | EnvSparsityCfg={'Conv': 0.6, 'Linear': 0.6, 'Bias': 0.0, 'BatchNorm': 0.0} | EnvNClusters=3
[2026-01-26 12:54:49,715] [INFO] Model initialized on device: cuda:0
[2026-01-26 12:54:49,715] [INFO] [CLIENT INIT] Mode=SH | Sparsity=ON (UsedSparsity=0.6) | Clusters=OFF (UsedClusters=-) | EnvSparsityCfg={'Conv': 0.6, 'Linear': 0.6, 'Bias': 0.0, 'BatchNorm': 0.0} | EnvNClusters=3
[2026-01-26 12:54:50,129] [INFO] Model initialized on device: cuda:0
[2026-01-26 12:54:50,130] [INFO] [CLIENT INIT] Mode=SH | Sparsity=ON (UsedSparsity=0.6) | Clusters=OFF (UsedClusters=-) | EnvSparsityCfg={'Conv': 0.6, 'Linear': 0.6, 'Bias': 0.0, 'BatchNorm': 0.0} | EnvNClusters=3
[2026-01-26 12:54:50,411] [INFO] Model initialized on device: cuda:0
[2026-01-26 12:54:50,411] [INFO] [CLIENT INIT] Mode=SH | Sparsity=ON (UsedSparsity=0.6) | Clusters=OFF (UsedClusters=-) | EnvSparsityCfg={'Conv': 0.6, 'Linear': 0.6, 'Bias': 0.0, 'BatchNorm': 0.0} | EnvNClusters=3
[2026-01-26 12:54:50,435] [INFO] Model initialized on device: cuda:0
[2026-01-26 12:54:50,435] [INFO] [CLIENT INIT] Mode=SH | Sparsity=ON (UsedSparsity=0.6) | Clusters=OFF (UsedClusters=-) | EnvSparsityCfg={'Conv': 0.6, 'Linear': 0.6, 'Bias': 0.0, 'BatchNorm': 0.0} | EnvNClusters=3
[2026-01-26 12:54:50,542] [INFO] Model initialized on device: cuda:0
[2026-01-26 12:54:50,542] [INFO] [CLIENT INIT] Mode=SH | Sparsity=ON (UsedSparsity=0.6) | Clusters=OFF (UsedClusters=-) | EnvSparsityCfg={'Conv': 0.6, 'Linear': 0.6, 'Bias': 0.0, 'BatchNorm': 0.0} | EnvNClusters=3
[2026-01-26 12:54:50,621] [INFO] Model initialized on device: cuda:0
[2026-01-26 12:54:50,621] [INFO] [CLIENT INIT] Mode=SH | Sparsity=ON (UsedSparsity=0.6) | Clusters=OFF (UsedClusters=-) | EnvSparsityCfg={'Conv': 0.6, 'Linear': 0.6, 'Bias': 0.0, 'BatchNorm': 0.0} | EnvNClusters=3
[2026-01-26 12:54:50,622] [INFO] Model initialized on device: cuda:0
[2026-01-26 12:54:50,623] [INFO] [CLIENT INIT] Mode=SH | Sparsity=ON (UsedSparsity=0.6) | Clusters=OFF (UsedClusters=-) | EnvSparsityCfg={'Conv': 0.6, 'Linear': 0.6, 'Bias': 0.0, 'BatchNorm': 0.0} | EnvNClusters=3
[2026-01-26 12:54:50,624] [INFO] Model initialized on device: cuda:0
[2026-01-26 12:54:50,624] [INFO] [CLIENT INIT] Mode=SH | Sparsity=ON (UsedSparsity=0.6) | Clusters=OFF (UsedClusters=-) | EnvSparsityCfg={'Conv': 0.6, 'Linear': 0.6, 'Bias': 0.0, 'BatchNorm': 0.0} | EnvNClusters=3
[2026-01-26 12:54:55,716] [DEBUG] [TEST] Batch 1 | Pred shape: torch.Size([256, 256, 160]) | Label shape: torch.Size([256, 256, 160])
[2026-01-26 12:54:59,628] [DEBUG] [TEST] Batch 2 | Pred shape: torch.Size([256, 256, 160]) | Label shape: torch.Size([256, 256, 160])
[2026-01-26 12:54:59,817] [DEBUG] [TEST] Batch 3 | Pred shape: torch.Size([256, 256, 160]) | Label shape: torch.Size([256, 256, 160])
[2026-01-26 12:54:59,920] [DEBUG] [TEST] Batch 4 | Pred shape: torch.Size([256, 256, 160]) | Label shape: torch.Size([256, 256, 160])
[2026-01-26 12:55:00,020] [DEBUG] [TEST] Batch 5 | Pred shape: torch.Size([256, 256, 160]) | Label shape: torch.Size([256, 256, 160])
[2026-01-26 12:55:00,127] [DEBUG] [TEST] Batch 6 | Pred shape: torch.Size([256, 256, 160]) | Label shape: torch.Size([256, 256, 160])
[2026-01-26 12:55:00,214] [DEBUG] [TEST] Batch 7 | Pred shape: torch.Size([256, 256, 160]) | Label shape: torch.Size([256, 256, 160])
[2026-01-26 12:55:00,315] [DEBUG] [TEST] Batch 8 | Pred shape: torch.Size([256, 256, 160]) | Label shape: torch.Size([256, 256, 160])
[2026-01-26 12:55:00,415] [DEBUG] [TEST] Batch 9 | Pred shape: torch.Size([256, 256, 160]) | Label shape: torch.Size([256, 256, 160])
[2026-01-26 12:55:00,515] [DEBUG] [TEST] Batch 10 | Pred shape: torch.Size([256, 256, 160]) | Label shape: torch.Size([256, 256, 160])
[2026-01-26 12:55:03,553] [DEBUG] [TEST] Batch 11 | Pred shape: torch.Size([256, 256, 160]) | Label shape: torch.Size([256, 256, 160])
[2026-01-26 12:55:05,210] [DEBUG] [TEST] Batch 12 | Pred shape: torch.Size([256, 256, 160]) | Label shape: torch.Size([256, 256, 160])
[2026-01-26 12:55:05,308] [DEBUG] [TEST] Batch 13 | Pred shape: torch.Size([256, 256, 160]) | Label shape: torch.Size([256, 256, 160])
[2026-01-26 12:55:05,415] [DEBUG] [TEST] Batch 14 | Pred shape: torch.Size([256, 256, 160]) | Label shape: torch.Size([256, 256, 160])
[2026-01-26 12:55:05,514] [DEBUG] [TEST] Batch 15 | Pred shape: torch.Size([256, 256, 160]) | Label shape: torch.Size([256, 256, 160])
[2026-01-26 12:55:05,709] [DEBUG] [TEST] Batch 16 | Pred shape: torch.Size([256, 256, 160]) | Label shape: torch.Size([256, 256, 160])
[2026-01-26 12:55:13,608] [INFO] [FIT] Final model saved to: Revision2/Run_UNET_NonIID_SH_20260126/Client3/model_final.pth
[2026-01-26 12:56:19,467] [INFO] [COMM][CLIENT] Round=-1 Mode=SH UsedSparsity=0.6 UsedClusters=- BaselineBits=154016352.0 CompressedBits=162334398.1 CR=0.949
[2026-01-26 13:04:53,771] [INFO] [EVALUATE] Starting evaluation...
[2026-01-26 13:04:55,516] [INFO] [DEBUG] Loaded compressed decoded weights.
[2026-01-26 13:05:42,322] [INFO] Model initialized on device: cuda:0
[2026-01-26 13:05:42,322] [INFO] [CLIENT INIT] Mode=SH | Sparsity=ON (UsedSparsity=0.6) | Clusters=OFF (UsedClusters=-) | EnvSparsityCfg={'Conv': 0.6, 'Linear': 0.6, 'Bias': 0.0, 'BatchNorm': 0.0} | EnvNClusters=3
[2026-01-26 13:05:42,444] [INFO] Model initialized on device: cuda:0
[2026-01-26 13:05:42,444] [INFO] [CLIENT INIT] Mode=SH | Sparsity=ON (UsedSparsity=0.6) | Clusters=OFF (UsedClusters=-) | EnvSparsityCfg={'Conv': 0.6, 'Linear': 0.6, 'Bias': 0.0, 'BatchNorm': 0.0} | EnvNClusters=3
[2026-01-26 13:05:42,527] [INFO] Model initialized on device: cuda:0
[2026-01-26 13:05:42,528] [INFO] [CLIENT INIT] Mode=SH | Sparsity=ON (UsedSparsity=0.6) | Clusters=OFF (UsedClusters=-) | EnvSparsityCfg={'Conv': 0.6, 'Linear': 0.6, 'Bias': 0.0, 'BatchNorm': 0.0} | EnvNClusters=3
[2026-01-26 13:05:42,547] [INFO] Model initialized on device: cuda:0
[2026-01-26 13:05:42,548] [INFO] [CLIENT INIT] Mode=SH | Sparsity=ON (UsedSparsity=0.6) | Clusters=OFF (UsedClusters=-) | EnvSparsityCfg={'Conv': 0.6, 'Linear': 0.6, 'Bias': 0.0, 'BatchNorm': 0.0} | EnvNClusters=3
[2026-01-26 13:05:42,549] [INFO] Model initialized on device: cuda:0
[2026-01-26 13:05:42,549] [INFO] [CLIENT INIT] Mode=SH | Sparsity=ON (UsedSparsity=0.6) | Clusters=OFF (UsedClusters=-) | EnvSparsityCfg={'Conv': 0.6, 'Linear': 0.6, 'Bias': 0.0, 'BatchNorm': 0.0} | EnvNClusters=3
[2026-01-26 13:05:42,715] [INFO] Model initialized on device: cuda:0
[2026-01-26 13:05:42,715] [INFO] [CLIENT INIT] Mode=SH | Sparsity=ON (UsedSparsity=0.6) | Clusters=OFF (UsedClusters=-) | EnvSparsityCfg={'Conv': 0.6, 'Linear': 0.6, 'Bias': 0.0, 'BatchNorm': 0.0} | EnvNClusters=3
[2026-01-26 13:05:42,928] [INFO] Model initialized on device: cuda:0
[2026-01-26 13:05:42,928] [INFO] [CLIENT INIT] Mode=SH | Sparsity=ON (UsedSparsity=0.6) | Clusters=OFF (UsedClusters=-) | EnvSparsityCfg={'Conv': 0.6, 'Linear': 0.6, 'Bias': 0.0, 'BatchNorm': 0.0} | EnvNClusters=3
[2026-01-26 13:05:42,929] [INFO] Model initialized on device: cuda:0
[2026-01-26 13:05:42,929] [INFO] [CLIENT INIT] Mode=SH | Sparsity=ON (UsedSparsity=0.6) | Clusters=OFF (UsedClusters=-) | EnvSparsityCfg={'Conv': 0.6, 'Linear': 0.6, 'Bias': 0.0, 'BatchNorm': 0.0} | EnvNClusters=3
[2026-01-26 13:05:42,929] [INFO] Model initialized on device: cuda:0
[2026-01-26 13:05:42,929] [INFO] [CLIENT INIT] Mode=SH | Sparsity=ON (UsedSparsity=0.6) | Clusters=OFF (UsedClusters=-) | EnvSparsityCfg={'Conv': 0.6, 'Linear': 0.6, 'Bias': 0.0, 'BatchNorm': 0.0} | EnvNClusters=3
[2026-01-26 13:05:43,331] [INFO] Model initialized on device: cuda:0
[2026-01-26 13:05:43,331] [INFO] [CLIENT INIT] Mode=SH | Sparsity=ON (UsedSparsity=0.6) | Clusters=OFF (UsedClusters=-) | EnvSparsityCfg={'Conv': 0.6, 'Linear': 0.6, 'Bias': 0.0, 'BatchNorm': 0.0} | EnvNClusters=3
[2026-01-26 13:05:48,558] [DEBUG] [TEST] Batch 1 | Pred shape: torch.Size([256, 256, 160]) | Label shape: torch.Size([256, 256, 160])
[2026-01-26 13:05:48,622] [DEBUG] [TEST] Batch 2 | Pred shape: torch.Size([256, 256, 160]) | Label shape: torch.Size([256, 256, 160])
[2026-01-26 13:05:48,958] [DEBUG] [TEST] Batch 3 | Pred shape: torch.Size([256, 256, 160]) | Label shape: torch.Size([256, 256, 160])
[2026-01-26 13:05:49,014] [DEBUG] [TEST] Batch 4 | Pred shape: torch.Size([256, 256, 160]) | Label shape: torch.Size([256, 256, 160])
[2026-01-26 13:05:49,071] [DEBUG] [TEST] Batch 5 | Pred shape: torch.Size([256, 256, 160]) | Label shape: torch.Size([256, 256, 160])
[2026-01-26 13:05:49,157] [DEBUG] [TEST] Batch 6 | Pred shape: torch.Size([256, 256, 160]) | Label shape: torch.Size([256, 256, 160])
[2026-01-26 13:05:49,217] [DEBUG] [TEST] Batch 7 | Pred shape: torch.Size([256, 256, 160]) | Label shape: torch.Size([256, 256, 160])
[2026-01-26 13:05:49,274] [DEBUG] [TEST] Batch 8 | Pred shape: torch.Size([256, 256, 160]) | Label shape: torch.Size([256, 256, 160])
[2026-01-26 13:05:49,355] [DEBUG] [TEST] Batch 9 | Pred shape: torch.Size([256, 256, 160]) | Label shape: torch.Size([256, 256, 160])
[2026-01-26 13:05:49,415] [DEBUG] [TEST] Batch 10 | Pred shape: torch.Size([256, 256, 160]) | Label shape: torch.Size([256, 256, 160])
[2026-01-26 13:05:51,642] [DEBUG] [TEST] Batch 11 | Pred shape: torch.Size([256, 256, 160]) | Label shape: torch.Size([256, 256, 160])
[2026-01-26 13:05:51,731] [DEBUG] [TEST] Batch 12 | Pred shape: torch.Size([256, 256, 160]) | Label shape: torch.Size([256, 256, 160])
[2026-01-26 13:05:51,792] [DEBUG] [TEST] Batch 13 | Pred shape: torch.Size([256, 256, 160]) | Label shape: torch.Size([256, 256, 160])
[2026-01-26 13:05:51,848] [DEBUG] [TEST] Batch 14 | Pred shape: torch.Size([256, 256, 160]) | Label shape: torch.Size([256, 256, 160])
[2026-01-26 13:05:51,904] [DEBUG] [TEST] Batch 15 | Pred shape: torch.Size([256, 256, 160]) | Label shape: torch.Size([256, 256, 160])
[2026-01-26 13:05:51,962] [DEBUG] [TEST] Batch 16 | Pred shape: torch.Size([256, 256, 160]) | Label shape: torch.Size([256, 256, 160])
[2026-01-26 13:05:59,620] [INFO] [EVALUATE] Dice WT: 0.9994
[2026-01-26 13:06:31,312] [INFO] [FIT] Received parameters. Starting local training...
[2026-01-26 13:06:34,614] [INFO] [DEBUG] Loaded compressed decoded weights.
[2026-01-26 13:07:34,523] [INFO] Model initialized on device: cuda:0
[2026-01-26 13:07:34,523] [INFO] [CLIENT INIT] Mode=SH | Sparsity=ON (UsedSparsity=0.6) | Clusters=OFF (UsedClusters=-) | EnvSparsityCfg={'Conv': 0.6, 'Linear': 0.6, 'Bias': 0.0, 'BatchNorm': 0.0} | EnvNClusters=3
[2026-01-26 13:07:34,529] [INFO] Model initialized on device: cuda:0
[2026-01-26 13:07:34,530] [INFO] [CLIENT INIT] Mode=SH | Sparsity=ON (UsedSparsity=0.6) | Clusters=OFF (UsedClusters=-) | EnvSparsityCfg={'Conv': 0.6, 'Linear': 0.6, 'Bias': 0.0, 'BatchNorm': 0.0} | EnvNClusters=3
[2026-01-26 13:07:34,729] [INFO] Model initialized on device: cuda:0
[2026-01-26 13:07:34,730] [INFO] [CLIENT INIT] Mode=SH | Sparsity=ON (UsedSparsity=0.6) | Clusters=OFF (UsedClusters=-) | EnvSparsityCfg={'Conv': 0.6, 'Linear': 0.6, 'Bias': 0.0, 'BatchNorm': 0.0} | EnvNClusters=3
[2026-01-26 13:07:35,018] [INFO] Model initialized on device: cuda:0
[2026-01-26 13:07:35,018] [INFO] Model initialized on device: cuda:0
[2026-01-26 13:07:35,019] [INFO] [CLIENT INIT] Mode=SH | Sparsity=ON (UsedSparsity=0.6) | Clusters=OFF (UsedClusters=-) | EnvSparsityCfg={'Conv': 0.6, 'Linear': 0.6, 'Bias': 0.0, 'BatchNorm': 0.0} | EnvNClusters=3
[2026-01-26 13:07:35,019] [INFO] [CLIENT INIT] Mode=SH | Sparsity=ON (UsedSparsity=0.6) | Clusters=OFF (UsedClusters=-) | EnvSparsityCfg={'Conv': 0.6, 'Linear': 0.6, 'Bias': 0.0, 'BatchNorm': 0.0} | EnvNClusters=3
[2026-01-26 13:07:35,121] [INFO] Model initialized on device: cuda:0
[2026-01-26 13:07:35,121] [INFO] [CLIENT INIT] Mode=SH | Sparsity=ON (UsedSparsity=0.6) | Clusters=OFF (UsedClusters=-) | EnvSparsityCfg={'Conv': 0.6, 'Linear': 0.6, 'Bias': 0.0, 'BatchNorm': 0.0} | EnvNClusters=3
[2026-01-26 13:07:35,213] [INFO] Model initialized on device: cuda:0
[2026-01-26 13:07:35,214] [INFO] [CLIENT INIT] Mode=SH | Sparsity=ON (UsedSparsity=0.6) | Clusters=OFF (UsedClusters=-) | EnvSparsityCfg={'Conv': 0.6, 'Linear': 0.6, 'Bias': 0.0, 'BatchNorm': 0.0} | EnvNClusters=3
[2026-01-26 13:07:35,231] [INFO] Model initialized on device: cuda:0
[2026-01-26 13:07:35,231] [INFO] Model initialized on device: cuda:0
[2026-01-26 13:07:35,231] [INFO] [CLIENT INIT] Mode=SH | Sparsity=ON (UsedSparsity=0.6) | Clusters=OFF (UsedClusters=-) | EnvSparsityCfg={'Conv': 0.6, 'Linear': 0.6, 'Bias': 0.0, 'BatchNorm': 0.0} | EnvNClusters=3
[2026-01-26 13:07:35,231] [INFO] [CLIENT INIT] Mode=SH | Sparsity=ON (UsedSparsity=0.6) | Clusters=OFF (UsedClusters=-) | EnvSparsityCfg={'Conv': 0.6, 'Linear': 0.6, 'Bias': 0.0, 'BatchNorm': 0.0} | EnvNClusters=3
[2026-01-26 13:07:35,232] [INFO] Model initialized on device: cuda:0
[2026-01-26 13:07:35,232] [INFO] [CLIENT INIT] Mode=SH | Sparsity=ON (UsedSparsity=0.6) | Clusters=OFF (UsedClusters=-) | EnvSparsityCfg={'Conv': 0.6, 'Linear': 0.6, 'Bias': 0.0, 'BatchNorm': 0.0} | EnvNClusters=3
[2026-01-26 13:09:29,822] [INFO] [TRAIN] Epoch 1 Loss: 0.1268
[2026-01-26 13:10:19,128] [INFO] Model initialized on device: cuda:0
[2026-01-26 13:10:19,128] [INFO] [CLIENT INIT] Mode=SH | Sparsity=ON (UsedSparsity=0.6) | Clusters=OFF (UsedClusters=-) | EnvSparsityCfg={'Conv': 0.6, 'Linear': 0.6, 'Bias': 0.0, 'BatchNorm': 0.0} | EnvNClusters=3
[2026-01-26 13:10:19,412] [INFO] Model initialized on device: cuda:0
[2026-01-26 13:10:19,412] [INFO] [CLIENT INIT] Mode=SH | Sparsity=ON (UsedSparsity=0.6) | Clusters=OFF (UsedClusters=-) | EnvSparsityCfg={'Conv': 0.6, 'Linear': 0.6, 'Bias': 0.0, 'BatchNorm': 0.0} | EnvNClusters=3
[2026-01-26 13:10:19,618] [INFO] Model initialized on device: cuda:0
[2026-01-26 13:10:19,618] [INFO] [CLIENT INIT] Mode=SH | Sparsity=ON (UsedSparsity=0.6) | Clusters=OFF (UsedClusters=-) | EnvSparsityCfg={'Conv': 0.6, 'Linear': 0.6, 'Bias': 0.0, 'BatchNorm': 0.0} | EnvNClusters=3
[2026-01-26 13:10:19,814] [INFO] Model initialized on device: cuda:0
[2026-01-26 13:10:19,814] [INFO] [CLIENT INIT] Mode=SH | Sparsity=ON (UsedSparsity=0.6) | Clusters=OFF (UsedClusters=-) | EnvSparsityCfg={'Conv': 0.6, 'Linear': 0.6, 'Bias': 0.0, 'BatchNorm': 0.0} | EnvNClusters=3
[2026-01-26 13:10:19,817] [INFO] Model initialized on device: cuda:0
[2026-01-26 13:10:19,817] [INFO] [CLIENT INIT] Mode=SH | Sparsity=ON (UsedSparsity=0.6) | Clusters=OFF (UsedClusters=-) | EnvSparsityCfg={'Conv': 0.6, 'Linear': 0.6, 'Bias': 0.0, 'BatchNorm': 0.0} | EnvNClusters=3
[2026-01-26 13:10:19,818] [INFO] Model initialized on device: cuda:0
[2026-01-26 13:10:19,818] [INFO] [CLIENT INIT] Mode=SH | Sparsity=ON (UsedSparsity=0.6) | Clusters=OFF (UsedClusters=-) | EnvSparsityCfg={'Conv': 0.6, 'Linear': 0.6, 'Bias': 0.0, 'BatchNorm': 0.0} | EnvNClusters=3
[2026-01-26 13:10:19,822] [INFO] Model initialized on device: cuda:0
[2026-01-26 13:10:19,822] [INFO] [CLIENT INIT] Mode=SH | Sparsity=ON (UsedSparsity=0.6) | Clusters=OFF (UsedClusters=-) | EnvSparsityCfg={'Conv': 0.6, 'Linear': 0.6, 'Bias': 0.0, 'BatchNorm': 0.0} | EnvNClusters=3
[2026-01-26 13:10:19,830] [INFO] Model initialized on device: cuda:0
[2026-01-26 13:10:19,830] [INFO] [CLIENT INIT] Mode=SH | Sparsity=ON (UsedSparsity=0.6) | Clusters=OFF (UsedClusters=-) | EnvSparsityCfg={'Conv': 0.6, 'Linear': 0.6, 'Bias': 0.0, 'BatchNorm': 0.0} | EnvNClusters=3
[2026-01-26 13:10:19,830] [INFO] Model initialized on device: cuda:0
[2026-01-26 13:10:19,830] [INFO] [CLIENT INIT] Mode=SH | Sparsity=ON (UsedSparsity=0.6) | Clusters=OFF (UsedClusters=-) | EnvSparsityCfg={'Conv': 0.6, 'Linear': 0.6, 'Bias': 0.0, 'BatchNorm': 0.0} | EnvNClusters=3
[2026-01-26 13:10:19,911] [INFO] Model initialized on device: cuda:0
[2026-01-26 13:10:19,911] [INFO] [CLIENT INIT] Mode=SH | Sparsity=ON (UsedSparsity=0.6) | Clusters=OFF (UsedClusters=-) | EnvSparsityCfg={'Conv': 0.6, 'Linear': 0.6, 'Bias': 0.0, 'BatchNorm': 0.0} | EnvNClusters=3
[2026-01-26 13:12:01,240] [INFO] [TRAIN] Epoch 2 Loss: 0.1228
[2026-01-26 13:12:33,829] [INFO] Model initialized on device: cuda:0
[2026-01-26 13:12:33,829] [INFO] [CLIENT INIT] Mode=SH | Sparsity=ON (UsedSparsity=0.6) | Clusters=OFF (UsedClusters=-) | EnvSparsityCfg={'Conv': 0.6, 'Linear': 0.6, 'Bias': 0.0, 'BatchNorm': 0.0} | EnvNClusters=3
[2026-01-26 13:12:36,607] [INFO] Model initialized on device: cuda:0
[2026-01-26 13:12:36,607] [INFO] [CLIENT INIT] Mode=SH | Sparsity=ON (UsedSparsity=0.6) | Clusters=OFF (UsedClusters=-) | EnvSparsityCfg={'Conv': 0.6, 'Linear': 0.6, 'Bias': 0.0, 'BatchNorm': 0.0} | EnvNClusters=3
[2026-01-26 13:12:40,223] [INFO] Model initialized on device: cuda:0
[2026-01-26 13:12:40,223] [INFO] [CLIENT INIT] Mode=SH | Sparsity=ON (UsedSparsity=0.6) | Clusters=OFF (UsedClusters=-) | EnvSparsityCfg={'Conv': 0.6, 'Linear': 0.6, 'Bias': 0.0, 'BatchNorm': 0.0} | EnvNClusters=3
[2026-01-26 13:12:40,910] [INFO] Model initialized on device: cuda:0
[2026-01-26 13:12:40,910] [INFO] [CLIENT INIT] Mode=SH | Sparsity=ON (UsedSparsity=0.6) | Clusters=OFF (UsedClusters=-) | EnvSparsityCfg={'Conv': 0.6, 'Linear': 0.6, 'Bias': 0.0, 'BatchNorm': 0.0} | EnvNClusters=3
[2026-01-26 13:12:41,119] [INFO] Model initialized on device: cuda:0
[2026-01-26 13:12:41,119] [INFO] [CLIENT INIT] Mode=SH | Sparsity=ON (UsedSparsity=0.6) | Clusters=OFF (UsedClusters=-) | EnvSparsityCfg={'Conv': 0.6, 'Linear': 0.6, 'Bias': 0.0, 'BatchNorm': 0.0} | EnvNClusters=3
[2026-01-26 13:12:41,419] [INFO] Model initialized on device: cuda:0
[2026-01-26 13:12:41,420] [INFO] [CLIENT INIT] Mode=SH | Sparsity=ON (UsedSparsity=0.6) | Clusters=OFF (UsedClusters=-) | EnvSparsityCfg={'Conv': 0.6, 'Linear': 0.6, 'Bias': 0.0, 'BatchNorm': 0.0} | EnvNClusters=3
[2026-01-26 13:12:43,845] [INFO] Model initialized on device: cuda:0
[2026-01-26 13:12:43,845] [INFO] [CLIENT INIT] Mode=SH | Sparsity=ON (UsedSparsity=0.6) | Clusters=OFF (UsedClusters=-) | EnvSparsityCfg={'Conv': 0.6, 'Linear': 0.6, 'Bias': 0.0, 'BatchNorm': 0.0} | EnvNClusters=3
[2026-01-26 13:12:43,912] [INFO] Model initialized on device: cuda:0
[2026-01-26 13:12:43,912] [INFO] [CLIENT INIT] Mode=SH | Sparsity=ON (UsedSparsity=0.6) | Clusters=OFF (UsedClusters=-) | EnvSparsityCfg={'Conv': 0.6, 'Linear': 0.6, 'Bias': 0.0, 'BatchNorm': 0.0} | EnvNClusters=3
[2026-01-26 13:12:43,932] [INFO] Model initialized on device: cuda:0
[2026-01-26 13:12:43,932] [INFO] [CLIENT INIT] Mode=SH | Sparsity=ON (UsedSparsity=0.6) | Clusters=OFF (UsedClusters=-) | EnvSparsityCfg={'Conv': 0.6, 'Linear': 0.6, 'Bias': 0.0, 'BatchNorm': 0.0} | EnvNClusters=3
[2026-01-26 13:12:43,935] [INFO] Model initialized on device: cuda:0
[2026-01-26 13:12:43,936] [INFO] [CLIENT INIT] Mode=SH | Sparsity=ON (UsedSparsity=0.6) | Clusters=OFF (UsedClusters=-) | EnvSparsityCfg={'Conv': 0.6, 'Linear': 0.6, 'Bias': 0.0, 'BatchNorm': 0.0} | EnvNClusters=3
[2026-01-26 13:14:27,218] [INFO] [TRAIN] Epoch 3 Loss: 0.1188
[2026-01-26 13:14:59,713] [INFO] Model initialized on device: cuda:0
[2026-01-26 13:14:59,713] [INFO] [CLIENT INIT] Mode=SH | Sparsity=ON (UsedSparsity=0.6) | Clusters=OFF (UsedClusters=-) | EnvSparsityCfg={'Conv': 0.6, 'Linear': 0.6, 'Bias': 0.0, 'BatchNorm': 0.0} | EnvNClusters=3
[2026-01-26 13:15:05,116] [INFO] Model initialized on device: cuda:0
[2026-01-26 13:15:05,116] [INFO] [CLIENT INIT] Mode=SH | Sparsity=ON (UsedSparsity=0.6) | Clusters=OFF (UsedClusters=-) | EnvSparsityCfg={'Conv': 0.6, 'Linear': 0.6, 'Bias': 0.0, 'BatchNorm': 0.0} | EnvNClusters=3
[2026-01-26 13:15:08,221] [INFO] Model initialized on device: cuda:0
[2026-01-26 13:15:08,221] [INFO] [CLIENT INIT] Mode=SH | Sparsity=ON (UsedSparsity=0.6) | Clusters=OFF (UsedClusters=-) | EnvSparsityCfg={'Conv': 0.6, 'Linear': 0.6, 'Bias': 0.0, 'BatchNorm': 0.0} | EnvNClusters=3
[2026-01-26 13:15:09,015] [INFO] Model initialized on device: cuda:0
[2026-01-26 13:15:09,015] [INFO] [CLIENT INIT] Mode=SH | Sparsity=ON (UsedSparsity=0.6) | Clusters=OFF (UsedClusters=-) | EnvSparsityCfg={'Conv': 0.6, 'Linear': 0.6, 'Bias': 0.0, 'BatchNorm': 0.0} | EnvNClusters=3
[2026-01-26 13:15:10,840] [INFO] Model initialized on device: cuda:0
[2026-01-26 13:15:10,840] [INFO] [CLIENT INIT] Mode=SH | Sparsity=ON (UsedSparsity=0.6) | Clusters=OFF (UsedClusters=-) | EnvSparsityCfg={'Conv': 0.6, 'Linear': 0.6, 'Bias': 0.0, 'BatchNorm': 0.0} | EnvNClusters=3
[2026-01-26 13:15:10,908] [INFO] Model initialized on device: cuda:0
[2026-01-26 13:15:10,909] [INFO] [CLIENT INIT] Mode=SH | Sparsity=ON (UsedSparsity=0.6) | Clusters=OFF (UsedClusters=-) | EnvSparsityCfg={'Conv': 0.6, 'Linear': 0.6, 'Bias': 0.0, 'BatchNorm': 0.0} | EnvNClusters=3
[2026-01-26 13:15:11,029] [INFO] Model initialized on device: cuda:0
[2026-01-26 13:15:11,029] [INFO] [CLIENT INIT] Mode=SH | Sparsity=ON (UsedSparsity=0.6) | Clusters=OFF (UsedClusters=-) | EnvSparsityCfg={'Conv': 0.6, 'Linear': 0.6, 'Bias': 0.0, 'BatchNorm': 0.0} | EnvNClusters=3
[2026-01-26 13:15:11,034] [INFO] Model initialized on device: cuda:0
[2026-01-26 13:15:11,034] [INFO] [CLIENT INIT] Mode=SH | Sparsity=ON (UsedSparsity=0.6) | Clusters=OFF (UsedClusters=-) | EnvSparsityCfg={'Conv': 0.6, 'Linear': 0.6, 'Bias': 0.0, 'BatchNorm': 0.0} | EnvNClusters=3
[2026-01-26 13:15:11,108] [INFO] Model initialized on device: cuda:0
[2026-01-26 13:15:11,108] [INFO] Model initialized on device: cuda:0
[2026-01-26 13:15:11,108] [INFO] [CLIENT INIT] Mode=SH | Sparsity=ON (UsedSparsity=0.6) | Clusters=OFF (UsedClusters=-) | EnvSparsityCfg={'Conv': 0.6, 'Linear': 0.6, 'Bias': 0.0, 'BatchNorm': 0.0} | EnvNClusters=3
[2026-01-26 13:15:11,108] [INFO] [CLIENT INIT] Mode=SH | Sparsity=ON (UsedSparsity=0.6) | Clusters=OFF (UsedClusters=-) | EnvSparsityCfg={'Conv': 0.6, 'Linear': 0.6, 'Bias': 0.0, 'BatchNorm': 0.0} | EnvNClusters=3
[2026-01-26 13:16:50,434] [INFO] [TRAIN] Epoch 4 Loss: 0.1139
[2026-01-26 13:17:29,510] [INFO] Model initialized on device: cuda:0
[2026-01-26 13:17:29,510] [INFO] [CLIENT INIT] Mode=SH | Sparsity=ON (UsedSparsity=0.6) | Clusters=OFF (UsedClusters=-) | EnvSparsityCfg={'Conv': 0.6, 'Linear': 0.6, 'Bias': 0.0, 'BatchNorm': 0.0} | EnvNClusters=3
[2026-01-26 13:17:39,138] [INFO] Model initialized on device: cuda:0
[2026-01-26 13:17:39,138] [INFO] [CLIENT INIT] Mode=SH | Sparsity=ON (UsedSparsity=0.6) | Clusters=OFF (UsedClusters=-) | EnvSparsityCfg={'Conv': 0.6, 'Linear': 0.6, 'Bias': 0.0, 'BatchNorm': 0.0} | EnvNClusters=3
[2026-01-26 13:17:39,217] [INFO] Model initialized on device: cuda:0
[2026-01-26 13:17:39,217] [INFO] [CLIENT INIT] Mode=SH | Sparsity=ON (UsedSparsity=0.6) | Clusters=OFF (UsedClusters=-) | EnvSparsityCfg={'Conv': 0.6, 'Linear': 0.6, 'Bias': 0.0, 'BatchNorm': 0.0} | EnvNClusters=3
[2026-01-26 13:17:39,217] [INFO] Model initialized on device: cuda:0
[2026-01-26 13:17:39,217] [INFO] [CLIENT INIT] Mode=SH | Sparsity=ON (UsedSparsity=0.6) | Clusters=OFF (UsedClusters=-) | EnvSparsityCfg={'Conv': 0.6, 'Linear': 0.6, 'Bias': 0.0, 'BatchNorm': 0.0} | EnvNClusters=3
[2026-01-26 13:17:39,218] [INFO] Model initialized on device: cuda:0
[2026-01-26 13:17:39,218] [INFO] [CLIENT INIT] Mode=SH | Sparsity=ON (UsedSparsity=0.6) | Clusters=OFF (UsedClusters=-) | EnvSparsityCfg={'Conv': 0.6, 'Linear': 0.6, 'Bias': 0.0, 'BatchNorm': 0.0} | EnvNClusters=3
[2026-01-26 13:17:39,229] [INFO] Model initialized on device: cuda:0
[2026-01-26 13:17:39,229] [INFO] [CLIENT INIT] Mode=SH | Sparsity=ON (UsedSparsity=0.6) | Clusters=OFF (UsedClusters=-) | EnvSparsityCfg={'Conv': 0.6, 'Linear': 0.6, 'Bias': 0.0, 'BatchNorm': 0.0} | EnvNClusters=3
[2026-01-26 13:17:39,309] [INFO] Model initialized on device: cuda:0
[2026-01-26 13:17:39,309] [INFO] [CLIENT INIT] Mode=SH | Sparsity=ON (UsedSparsity=0.6) | Clusters=OFF (UsedClusters=-) | EnvSparsityCfg={'Conv': 0.6, 'Linear': 0.6, 'Bias': 0.0, 'BatchNorm': 0.0} | EnvNClusters=3
[2026-01-26 13:17:39,315] [INFO] Model initialized on device: cuda:0
[2026-01-26 13:17:39,315] [INFO] [CLIENT INIT] Mode=SH | Sparsity=ON (UsedSparsity=0.6) | Clusters=OFF (UsedClusters=-) | EnvSparsityCfg={'Conv': 0.6, 'Linear': 0.6, 'Bias': 0.0, 'BatchNorm': 0.0} | EnvNClusters=3
[2026-01-26 13:17:39,336] [INFO] Model initialized on device: cuda:0
[2026-01-26 13:17:39,336] [INFO] [CLIENT INIT] Mode=SH | Sparsity=ON (UsedSparsity=0.6) | Clusters=OFF (UsedClusters=-) | EnvSparsityCfg={'Conv': 0.6, 'Linear': 0.6, 'Bias': 0.0, 'BatchNorm': 0.0} | EnvNClusters=3
[2026-01-26 13:17:39,337] [INFO] Model initialized on device: cuda:0
[2026-01-26 13:17:39,337] [INFO] [CLIENT INIT] Mode=SH | Sparsity=ON (UsedSparsity=0.6) | Clusters=OFF (UsedClusters=-) | EnvSparsityCfg={'Conv': 0.6, 'Linear': 0.6, 'Bias': 0.0, 'BatchNorm': 0.0} | EnvNClusters=3
[2026-01-26 13:19:23,610] [INFO] [TRAIN] Epoch 5 Loss: 0.1148
[2026-01-26 13:19:23,611] [INFO] [FIT] Local training finished. Avg Loss: 0.1194
[2026-01-26 13:20:00,633] [INFO] Model initialized on device: cuda:0
[2026-01-26 13:20:00,633] [INFO] [CLIENT INIT] Mode=SH | Sparsity=ON (UsedSparsity=0.6) | Clusters=OFF (UsedClusters=-) | EnvSparsityCfg={'Conv': 0.6, 'Linear': 0.6, 'Bias': 0.0, 'BatchNorm': 0.0} | EnvNClusters=3
[2026-01-26 13:20:00,828] [INFO] Model initialized on device: cuda:0
[2026-01-26 13:20:00,828] [INFO] [CLIENT INIT] Mode=SH | Sparsity=ON (UsedSparsity=0.6) | Clusters=OFF (UsedClusters=-) | EnvSparsityCfg={'Conv': 0.6, 'Linear': 0.6, 'Bias': 0.0, 'BatchNorm': 0.0} | EnvNClusters=3
[2026-01-26 13:20:01,149] [INFO] Model initialized on device: cuda:0
[2026-01-26 13:20:01,149] [INFO] [CLIENT INIT] Mode=SH | Sparsity=ON (UsedSparsity=0.6) | Clusters=OFF (UsedClusters=-) | EnvSparsityCfg={'Conv': 0.6, 'Linear': 0.6, 'Bias': 0.0, 'BatchNorm': 0.0} | EnvNClusters=3
[2026-01-26 13:20:01,613] [INFO] Model initialized on device: cuda:0
[2026-01-26 13:20:01,613] [INFO] [CLIENT INIT] Mode=SH | Sparsity=ON (UsedSparsity=0.6) | Clusters=OFF (UsedClusters=-) | EnvSparsityCfg={'Conv': 0.6, 'Linear': 0.6, 'Bias': 0.0, 'BatchNorm': 0.0} | EnvNClusters=3
[2026-01-26 13:20:02,048] [INFO] Model initialized on device: cuda:0
[2026-01-26 13:20:02,048] [INFO] [CLIENT INIT] Mode=SH | Sparsity=ON (UsedSparsity=0.6) | Clusters=OFF (UsedClusters=-) | EnvSparsityCfg={'Conv': 0.6, 'Linear': 0.6, 'Bias': 0.0, 'BatchNorm': 0.0} | EnvNClusters=3
[2026-01-26 13:20:02,838] [INFO] Model initialized on device: cuda:0
[2026-01-26 13:20:02,838] [INFO] [CLIENT INIT] Mode=SH | Sparsity=ON (UsedSparsity=0.6) | Clusters=OFF (UsedClusters=-) | EnvSparsityCfg={'Conv': 0.6, 'Linear': 0.6, 'Bias': 0.0, 'BatchNorm': 0.0} | EnvNClusters=3
[2026-01-26 13:20:03,115] [INFO] Model initialized on device: cuda:0
[2026-01-26 13:20:03,116] [INFO] [CLIENT INIT] Mode=SH | Sparsity=ON (UsedSparsity=0.6) | Clusters=OFF (UsedClusters=-) | EnvSparsityCfg={'Conv': 0.6, 'Linear': 0.6, 'Bias': 0.0, 'BatchNorm': 0.0} | EnvNClusters=3
[2026-01-26 13:20:03,116] [INFO] Model initialized on device: cuda:0
[2026-01-26 13:20:03,116] [INFO] [CLIENT INIT] Mode=SH | Sparsity=ON (UsedSparsity=0.6) | Clusters=OFF (UsedClusters=-) | EnvSparsityCfg={'Conv': 0.6, 'Linear': 0.6, 'Bias': 0.0, 'BatchNorm': 0.0} | EnvNClusters=3
[2026-01-26 13:20:03,135] [INFO] Model initialized on device: cuda:0
[2026-01-26 13:20:03,135] [INFO] [CLIENT INIT] Mode=SH | Sparsity=ON (UsedSparsity=0.6) | Clusters=OFF (UsedClusters=-) | EnvSparsityCfg={'Conv': 0.6, 'Linear': 0.6, 'Bias': 0.0, 'BatchNorm': 0.0} | EnvNClusters=3
[2026-01-26 13:20:03,215] [INFO] Model initialized on device: cuda:0
[2026-01-26 13:20:03,215] [INFO] [CLIENT INIT] Mode=SH | Sparsity=ON (UsedSparsity=0.6) | Clusters=OFF (UsedClusters=-) | EnvSparsityCfg={'Conv': 0.6, 'Linear': 0.6, 'Bias': 0.0, 'BatchNorm': 0.0} | EnvNClusters=3
[2026-01-26 13:20:07,856] [DEBUG] [TEST] Batch 1 | Pred shape: torch.Size([256, 256, 160]) | Label shape: torch.Size([256, 256, 160])
[2026-01-26 13:20:08,110] [DEBUG] [TEST] Batch 2 | Pred shape: torch.Size([256, 256, 160]) | Label shape: torch.Size([256, 256, 160])
[2026-01-26 13:20:08,272] [DEBUG] [TEST] Batch 3 | Pred shape: torch.Size([256, 256, 160]) | Label shape: torch.Size([256, 256, 160])
[2026-01-26 13:20:08,456] [DEBUG] [TEST] Batch 4 | Pred shape: torch.Size([256, 256, 160]) | Label shape: torch.Size([256, 256, 160])
[2026-01-26 13:20:08,514] [DEBUG] [TEST] Batch 5 | Pred shape: torch.Size([256, 256, 160]) | Label shape: torch.Size([256, 256, 160])
[2026-01-26 13:20:08,615] [DEBUG] [TEST] Batch 6 | Pred shape: torch.Size([256, 256, 160]) | Label shape: torch.Size([256, 256, 160])
[2026-01-26 13:20:08,715] [DEBUG] [TEST] Batch 7 | Pred shape: torch.Size([256, 256, 160]) | Label shape: torch.Size([256, 256, 160])
[2026-01-26 13:20:08,815] [DEBUG] [TEST] Batch 8 | Pred shape: torch.Size([256, 256, 160]) | Label shape: torch.Size([256, 256, 160])
[2026-01-26 13:20:08,915] [DEBUG] [TEST] Batch 9 | Pred shape: torch.Size([256, 256, 160]) | Label shape: torch.Size([256, 256, 160])
[2026-01-26 13:20:09,109] [DEBUG] [TEST] Batch 10 | Pred shape: torch.Size([256, 256, 160]) | Label shape: torch.Size([256, 256, 160])
[2026-01-26 13:20:11,444] [DEBUG] [TEST] Batch 11 | Pred shape: torch.Size([256, 256, 160]) | Label shape: torch.Size([256, 256, 160])
[2026-01-26 13:20:11,610] [DEBUG] [TEST] Batch 12 | Pred shape: torch.Size([256, 256, 160]) | Label shape: torch.Size([256, 256, 160])
[2026-01-26 13:20:11,667] [DEBUG] [TEST] Batch 13 | Pred shape: torch.Size([256, 256, 160]) | Label shape: torch.Size([256, 256, 160])
[2026-01-26 13:20:12,229] [DEBUG] [TEST] Batch 14 | Pred shape: torch.Size([256, 256, 160]) | Label shape: torch.Size([256, 256, 160])
[2026-01-26 13:20:12,381] [DEBUG] [TEST] Batch 15 | Pred shape: torch.Size([256, 256, 160]) | Label shape: torch.Size([256, 256, 160])
[2026-01-26 13:20:12,440] [DEBUG] [TEST] Batch 16 | Pred shape: torch.Size([256, 256, 160]) | Label shape: torch.Size([256, 256, 160])
[2026-01-26 13:20:18,289] [INFO] [FIT] Final model saved to: Revision2/Run_UNET_NonIID_SH_20260126/Client3/model_final.pth
[2026-01-26 13:21:21,046] [INFO] [COMM][CLIENT] Round=-1 Mode=SH UsedSparsity=0.6 UsedClusters=- BaselineBits=154016352.0 CompressedBits=161383052.6 CR=0.954
[2026-01-26 13:29:24,337] [INFO] [EVALUATE] Starting evaluation...
[2026-01-26 13:29:27,526] [INFO] [DEBUG] Loaded compressed decoded weights.
[2026-01-26 13:30:25,838] [INFO] Model initialized on device: cuda:0
[2026-01-26 13:30:25,838] [INFO] [CLIENT INIT] Mode=SH | Sparsity=ON (UsedSparsity=0.6) | Clusters=OFF (UsedClusters=-) | EnvSparsityCfg={'Conv': 0.6, 'Linear': 0.6, 'Bias': 0.0, 'BatchNorm': 0.0} | EnvNClusters=3
[2026-01-26 13:30:26,516] [INFO] Model initialized on device: cuda:0
[2026-01-26 13:30:26,516] [INFO] [CLIENT INIT] Mode=SH | Sparsity=ON (UsedSparsity=0.6) | Clusters=OFF (UsedClusters=-) | EnvSparsityCfg={'Conv': 0.6, 'Linear': 0.6, 'Bias': 0.0, 'BatchNorm': 0.0} | EnvNClusters=3
[2026-01-26 13:30:26,642] [INFO] Model initialized on device: cuda:0
[2026-01-26 13:30:26,642] [INFO] [CLIENT INIT] Mode=SH | Sparsity=ON (UsedSparsity=0.6) | Clusters=OFF (UsedClusters=-) | EnvSparsityCfg={'Conv': 0.6, 'Linear': 0.6, 'Bias': 0.0, 'BatchNorm': 0.0} | EnvNClusters=3
[2026-01-26 13:30:26,712] [INFO] Model initialized on device: cuda:0
[2026-01-26 13:30:26,712] [INFO] [CLIENT INIT] Mode=SH | Sparsity=ON (UsedSparsity=0.6) | Clusters=OFF (UsedClusters=-) | EnvSparsityCfg={'Conv': 0.6, 'Linear': 0.6, 'Bias': 0.0, 'BatchNorm': 0.0} | EnvNClusters=3
[2026-01-26 13:30:26,943] [INFO] Model initialized on device: cuda:0
[2026-01-26 13:30:26,943] [INFO] [CLIENT INIT] Mode=SH | Sparsity=ON (UsedSparsity=0.6) | Clusters=OFF (UsedClusters=-) | EnvSparsityCfg={'Conv': 0.6, 'Linear': 0.6, 'Bias': 0.0, 'BatchNorm': 0.0} | EnvNClusters=3
[2026-01-26 13:30:27,339] [INFO] Model initialized on device: cuda:0
[2026-01-26 13:30:27,339] [INFO] [CLIENT INIT] Mode=SH | Sparsity=ON (UsedSparsity=0.6) | Clusters=OFF (UsedClusters=-) | EnvSparsityCfg={'Conv': 0.6, 'Linear': 0.6, 'Bias': 0.0, 'BatchNorm': 0.0} | EnvNClusters=3
[2026-01-26 13:30:27,508] [INFO] Model initialized on device: cuda:0
[2026-01-26 13:30:27,508] [INFO] [CLIENT INIT] Mode=SH | Sparsity=ON (UsedSparsity=0.6) | Clusters=OFF (UsedClusters=-) | EnvSparsityCfg={'Conv': 0.6, 'Linear': 0.6, 'Bias': 0.0, 'BatchNorm': 0.0} | EnvNClusters=3
[2026-01-26 13:30:28,643] [INFO] Model initialized on device: cuda:0
[2026-01-26 13:30:28,644] [INFO] [CLIENT INIT] Mode=SH | Sparsity=ON (UsedSparsity=0.6) | Clusters=OFF (UsedClusters=-) | EnvSparsityCfg={'Conv': 0.6, 'Linear': 0.6, 'Bias': 0.0, 'BatchNorm': 0.0} | EnvNClusters=3
[2026-01-26 13:30:28,920] [INFO] Model initialized on device: cuda:0
[2026-01-26 13:30:28,921] [INFO] [CLIENT INIT] Mode=SH | Sparsity=ON (UsedSparsity=0.6) | Clusters=OFF (UsedClusters=-) | EnvSparsityCfg={'Conv': 0.6, 'Linear': 0.6, 'Bias': 0.0, 'BatchNorm': 0.0} | EnvNClusters=3
[2026-01-26 13:30:28,945] [INFO] Model initialized on device: cuda:0
[2026-01-26 13:30:28,946] [INFO] [CLIENT INIT] Mode=SH | Sparsity=ON (UsedSparsity=0.6) | Clusters=OFF (UsedClusters=-) | EnvSparsityCfg={'Conv': 0.6, 'Linear': 0.6, 'Bias': 0.0, 'BatchNorm': 0.0} | EnvNClusters=3
[2026-01-26 13:30:34,023] [DEBUG] [TEST] Batch 1 | Pred shape: torch.Size([256, 256, 160]) | Label shape: torch.Size([256, 256, 160])
[2026-01-26 13:30:34,131] [DEBUG] [TEST] Batch 2 | Pred shape: torch.Size([256, 256, 160]) | Label shape: torch.Size([256, 256, 160])
[2026-01-26 13:30:34,322] [DEBUG] [TEST] Batch 3 | Pred shape: torch.Size([256, 256, 160]) | Label shape: torch.Size([256, 256, 160])
[2026-01-26 13:30:34,519] [DEBUG] [TEST] Batch 4 | Pred shape: torch.Size([256, 256, 160]) | Label shape: torch.Size([256, 256, 160])
[2026-01-26 13:30:34,710] [DEBUG] [TEST] Batch 5 | Pred shape: torch.Size([256, 256, 160]) | Label shape: torch.Size([256, 256, 160])
[2026-01-26 13:30:34,912] [DEBUG] [TEST] Batch 6 | Pred shape: torch.Size([256, 256, 160]) | Label shape: torch.Size([256, 256, 160])
[2026-01-26 13:30:35,085] [DEBUG] [TEST] Batch 7 | Pred shape: torch.Size([256, 256, 160]) | Label shape: torch.Size([256, 256, 160])
[2026-01-26 13:30:35,272] [DEBUG] [TEST] Batch 8 | Pred shape: torch.Size([256, 256, 160]) | Label shape: torch.Size([256, 256, 160])
[2026-01-26 13:30:35,460] [DEBUG] [TEST] Batch 9 | Pred shape: torch.Size([256, 256, 160]) | Label shape: torch.Size([256, 256, 160])
[2026-01-26 13:30:35,645] [DEBUG] [TEST] Batch 10 | Pred shape: torch.Size([256, 256, 160]) | Label shape: torch.Size([256, 256, 160])
[2026-01-26 13:30:36,346] [DEBUG] [TEST] Batch 11 | Pred shape: torch.Size([256, 256, 160]) | Label shape: torch.Size([256, 256, 160])
[2026-01-26 13:30:36,401] [DEBUG] [TEST] Batch 12 | Pred shape: torch.Size([256, 256, 160]) | Label shape: torch.Size([256, 256, 160])
[2026-01-26 13:30:36,457] [DEBUG] [TEST] Batch 13 | Pred shape: torch.Size([256, 256, 160]) | Label shape: torch.Size([256, 256, 160])
[2026-01-26 13:30:36,512] [DEBUG] [TEST] Batch 14 | Pred shape: torch.Size([256, 256, 160]) | Label shape: torch.Size([256, 256, 160])
[2026-01-26 13:30:36,567] [DEBUG] [TEST] Batch 15 | Pred shape: torch.Size([256, 256, 160]) | Label shape: torch.Size([256, 256, 160])
[2026-01-26 13:30:36,634] [DEBUG] [TEST] Batch 16 | Pred shape: torch.Size([256, 256, 160]) | Label shape: torch.Size([256, 256, 160])
[2026-01-26 13:30:40,938] [INFO] [EVALUATE] Dice WT: 0.0316
[2026-01-26 13:30:47,284] [INFO] [FIT] Received parameters. Starting local training...
[2026-01-26 13:30:49,022] [INFO] [DEBUG] Loaded compressed decoded weights.
[2026-01-26 13:31:53,704] [INFO] Model initialized on device: cuda:0
[2026-01-26 13:31:53,704] [INFO] [CLIENT INIT] Mode=SH | Sparsity=ON (UsedSparsity=0.6) | Clusters=OFF (UsedClusters=-) | EnvSparsityCfg={'Conv': 0.6, 'Linear': 0.6, 'Bias': 0.0, 'BatchNorm': 0.0} | EnvNClusters=3
[2026-01-26 13:31:53,750] [INFO] Model initialized on device: cuda:0
[2026-01-26 13:31:53,751] [INFO] [CLIENT INIT] Mode=SH | Sparsity=ON (UsedSparsity=0.6) | Clusters=OFF (UsedClusters=-) | EnvSparsityCfg={'Conv': 0.6, 'Linear': 0.6, 'Bias': 0.0, 'BatchNorm': 0.0} | EnvNClusters=3
[2026-01-26 13:31:54,043] [INFO] Model initialized on device: cuda:0
[2026-01-26 13:31:54,043] [INFO] [CLIENT INIT] Mode=SH | Sparsity=ON (UsedSparsity=0.6) | Clusters=OFF (UsedClusters=-) | EnvSparsityCfg={'Conv': 0.6, 'Linear': 0.6, 'Bias': 0.0, 'BatchNorm': 0.0} | EnvNClusters=3
[2026-01-26 13:31:54,290] [INFO] Model initialized on device: cuda:0
[2026-01-26 13:31:54,290] [INFO] [CLIENT INIT] Mode=SH | Sparsity=ON (UsedSparsity=0.6) | Clusters=OFF (UsedClusters=-) | EnvSparsityCfg={'Conv': 0.6, 'Linear': 0.6, 'Bias': 0.0, 'BatchNorm': 0.0} | EnvNClusters=3
[2026-01-26 13:31:54,315] [INFO] Model initialized on device: cuda:0
[2026-01-26 13:31:54,315] [INFO] [CLIENT INIT] Mode=SH | Sparsity=ON (UsedSparsity=0.6) | Clusters=OFF (UsedClusters=-) | EnvSparsityCfg={'Conv': 0.6, 'Linear': 0.6, 'Bias': 0.0, 'BatchNorm': 0.0} | EnvNClusters=3
[2026-01-26 13:31:55,948] [INFO] Model initialized on device: cuda:0
[2026-01-26 13:31:55,948] [INFO] [CLIENT INIT] Mode=SH | Sparsity=ON (UsedSparsity=0.6) | Clusters=OFF (UsedClusters=-) | EnvSparsityCfg={'Conv': 0.6, 'Linear': 0.6, 'Bias': 0.0, 'BatchNorm': 0.0} | EnvNClusters=3
[2026-01-26 13:31:56,025] [INFO] Model initialized on device: cuda:0
[2026-01-26 13:31:56,026] [INFO] [CLIENT INIT] Mode=SH | Sparsity=ON (UsedSparsity=0.6) | Clusters=OFF (UsedClusters=-) | EnvSparsityCfg={'Conv': 0.6, 'Linear': 0.6, 'Bias': 0.0, 'BatchNorm': 0.0} | EnvNClusters=3
[2026-01-26 13:31:56,229] [INFO] Model initialized on device: cuda:0
[2026-01-26 13:31:56,229] [INFO] [CLIENT INIT] Mode=SH | Sparsity=ON (UsedSparsity=0.6) | Clusters=OFF (UsedClusters=-) | EnvSparsityCfg={'Conv': 0.6, 'Linear': 0.6, 'Bias': 0.0, 'BatchNorm': 0.0} | EnvNClusters=3
[2026-01-26 13:31:56,229] [INFO] Model initialized on device: cuda:0
[2026-01-26 13:31:56,229] [INFO] [CLIENT INIT] Mode=SH | Sparsity=ON (UsedSparsity=0.6) | Clusters=OFF (UsedClusters=-) | EnvSparsityCfg={'Conv': 0.6, 'Linear': 0.6, 'Bias': 0.0, 'BatchNorm': 0.0} | EnvNClusters=3
[2026-01-26 13:31:56,550] [INFO] Model initialized on device: cuda:0
[2026-01-26 13:31:56,550] [INFO] [CLIENT INIT] Mode=SH | Sparsity=ON (UsedSparsity=0.6) | Clusters=OFF (UsedClusters=-) | EnvSparsityCfg={'Conv': 0.6, 'Linear': 0.6, 'Bias': 0.0, 'BatchNorm': 0.0} | EnvNClusters=3
[2026-01-26 13:33:49,917] [INFO] [TRAIN] Epoch 1 Loss: 0.1246
[2026-01-26 13:34:37,917] [INFO] Model initialized on device: cuda:0
[2026-01-26 13:34:37,917] [INFO] [CLIENT INIT] Mode=SH | Sparsity=ON (UsedSparsity=0.6) | Clusters=OFF (UsedClusters=-) | EnvSparsityCfg={'Conv': 0.6, 'Linear': 0.6, 'Bias': 0.0, 'BatchNorm': 0.0} | EnvNClusters=3
[2026-01-26 13:34:42,515] [INFO] Model initialized on device: cuda:0
[2026-01-26 13:34:42,515] [INFO] [CLIENT INIT] Mode=SH | Sparsity=ON (UsedSparsity=0.6) | Clusters=OFF (UsedClusters=-) | EnvSparsityCfg={'Conv': 0.6, 'Linear': 0.6, 'Bias': 0.0, 'BatchNorm': 0.0} | EnvNClusters=3
[2026-01-26 13:34:42,516] [INFO] Model initialized on device: cuda:0
[2026-01-26 13:34:42,516] [INFO] [CLIENT INIT] Mode=SH | Sparsity=ON (UsedSparsity=0.6) | Clusters=OFF (UsedClusters=-) | EnvSparsityCfg={'Conv': 0.6, 'Linear': 0.6, 'Bias': 0.0, 'BatchNorm': 0.0} | EnvNClusters=3
[2026-01-26 13:34:42,817] [INFO] Model initialized on device: cuda:0
[2026-01-26 13:34:42,817] [INFO] [CLIENT INIT] Mode=SH | Sparsity=ON (UsedSparsity=0.6) | Clusters=OFF (UsedClusters=-) | EnvSparsityCfg={'Conv': 0.6, 'Linear': 0.6, 'Bias': 0.0, 'BatchNorm': 0.0} | EnvNClusters=3
[2026-01-26 13:34:43,017] [INFO] Model initialized on device: cuda:0
[2026-01-26 13:34:43,017] [INFO] [CLIENT INIT] Mode=SH | Sparsity=ON (UsedSparsity=0.6) | Clusters=OFF (UsedClusters=-) | EnvSparsityCfg={'Conv': 0.6, 'Linear': 0.6, 'Bias': 0.0, 'BatchNorm': 0.0} | EnvNClusters=3
[2026-01-26 13:34:43,115] [INFO] Model initialized on device: cuda:0
[2026-01-26 13:34:43,116] [INFO] [CLIENT INIT] Mode=SH | Sparsity=ON (UsedSparsity=0.6) | Clusters=OFF (UsedClusters=-) | EnvSparsityCfg={'Conv': 0.6, 'Linear': 0.6, 'Bias': 0.0, 'BatchNorm': 0.0} | EnvNClusters=3
[2026-01-26 13:34:43,120] [INFO] Model initialized on device: cuda:0
[2026-01-26 13:34:43,120] [INFO] [CLIENT INIT] Mode=SH | Sparsity=ON (UsedSparsity=0.6) | Clusters=OFF (UsedClusters=-) | EnvSparsityCfg={'Conv': 0.6, 'Linear': 0.6, 'Bias': 0.0, 'BatchNorm': 0.0} | EnvNClusters=3
[2026-01-26 13:34:43,217] [INFO] Model initialized on device: cuda:0
[2026-01-26 13:34:43,217] [INFO] [CLIENT INIT] Mode=SH | Sparsity=ON (UsedSparsity=0.6) | Clusters=OFF (UsedClusters=-) | EnvSparsityCfg={'Conv': 0.6, 'Linear': 0.6, 'Bias': 0.0, 'BatchNorm': 0.0} | EnvNClusters=3
[2026-01-26 13:34:43,219] [INFO] Model initialized on device: cuda:0
[2026-01-26 13:34:43,219] [INFO] [CLIENT INIT] Mode=SH | Sparsity=ON (UsedSparsity=0.6) | Clusters=OFF (UsedClusters=-) | EnvSparsityCfg={'Conv': 0.6, 'Linear': 0.6, 'Bias': 0.0, 'BatchNorm': 0.0} | EnvNClusters=3
[2026-01-26 13:34:43,222] [INFO] Model initialized on device: cuda:0
[2026-01-26 13:34:43,222] [INFO] [CLIENT INIT] Mode=SH | Sparsity=ON (UsedSparsity=0.6) | Clusters=OFF (UsedClusters=-) | EnvSparsityCfg={'Conv': 0.6, 'Linear': 0.6, 'Bias': 0.0, 'BatchNorm': 0.0} | EnvNClusters=3
[2026-01-26 13:36:28,520] [INFO] [TRAIN] Epoch 2 Loss: 0.1338
[2026-01-26 13:37:11,812] [INFO] Model initialized on device: cuda:0
[2026-01-26 13:37:11,813] [INFO] [CLIENT INIT] Mode=SH | Sparsity=ON (UsedSparsity=0.6) | Clusters=OFF (UsedClusters=-) | EnvSparsityCfg={'Conv': 0.6, 'Linear': 0.6, 'Bias': 0.0, 'BatchNorm': 0.0} | EnvNClusters=3
[2026-01-26 13:37:12,224] [INFO] Model initialized on device: cuda:0
[2026-01-26 13:37:12,225] [INFO] [CLIENT INIT] Mode=SH | Sparsity=ON (UsedSparsity=0.6) | Clusters=OFF (UsedClusters=-) | EnvSparsityCfg={'Conv': 0.6, 'Linear': 0.6, 'Bias': 0.0, 'BatchNorm': 0.0} | EnvNClusters=3
[2026-01-26 13:37:12,225] [INFO] Model initialized on device: cuda:0
[2026-01-26 13:37:12,225] [INFO] [CLIENT INIT] Mode=SH | Sparsity=ON (UsedSparsity=0.6) | Clusters=OFF (UsedClusters=-) | EnvSparsityCfg={'Conv': 0.6, 'Linear': 0.6, 'Bias': 0.0, 'BatchNorm': 0.0} | EnvNClusters=3
[2026-01-26 13:37:12,408] [INFO] Model initialized on device: cuda:0
[2026-01-26 13:37:12,408] [INFO] [CLIENT INIT] Mode=SH | Sparsity=ON (UsedSparsity=0.6) | Clusters=OFF (UsedClusters=-) | EnvSparsityCfg={'Conv': 0.6, 'Linear': 0.6, 'Bias': 0.0, 'BatchNorm': 0.0} | EnvNClusters=3
[2026-01-26 13:37:12,412] [INFO] Model initialized on device: cuda:0
[2026-01-26 13:37:12,412] [INFO] [CLIENT INIT] Mode=SH | Sparsity=ON (UsedSparsity=0.6) | Clusters=OFF (UsedClusters=-) | EnvSparsityCfg={'Conv': 0.6, 'Linear': 0.6, 'Bias': 0.0, 'BatchNorm': 0.0} | EnvNClusters=3
[2026-01-26 13:37:12,512] [INFO] Model initialized on device: cuda:0
[2026-01-26 13:37:12,512] [INFO] [CLIENT INIT] Mode=SH | Sparsity=ON (UsedSparsity=0.6) | Clusters=OFF (UsedClusters=-) | EnvSparsityCfg={'Conv': 0.6, 'Linear': 0.6, 'Bias': 0.0, 'BatchNorm': 0.0} | EnvNClusters=3
[2026-01-26 13:37:12,613] [INFO] Model initialized on device: cuda:0
[2026-01-26 13:37:12,614] [INFO] [CLIENT INIT] Mode=SH | Sparsity=ON (UsedSparsity=0.6) | Clusters=OFF (UsedClusters=-) | EnvSparsityCfg={'Conv': 0.6, 'Linear': 0.6, 'Bias': 0.0, 'BatchNorm': 0.0} | EnvNClusters=3
[2026-01-26 13:37:12,622] [INFO] Model initialized on device: cuda:0
[2026-01-26 13:37:12,623] [INFO] [CLIENT INIT] Mode=SH | Sparsity=ON (UsedSparsity=0.6) | Clusters=OFF (UsedClusters=-) | EnvSparsityCfg={'Conv': 0.6, 'Linear': 0.6, 'Bias': 0.0, 'BatchNorm': 0.0} | EnvNClusters=3
[2026-01-26 13:37:12,624] [INFO] Model initialized on device: cuda:0
[2026-01-26 13:37:12,625] [INFO] [CLIENT INIT] Mode=SH | Sparsity=ON (UsedSparsity=0.6) | Clusters=OFF (UsedClusters=-) | EnvSparsityCfg={'Conv': 0.6, 'Linear': 0.6, 'Bias': 0.0, 'BatchNorm': 0.0} | EnvNClusters=3
[2026-01-26 13:37:12,625] [INFO] Model initialized on device: cuda:0
[2026-01-26 13:37:12,625] [INFO] [CLIENT INIT] Mode=SH | Sparsity=ON (UsedSparsity=0.6) | Clusters=OFF (UsedClusters=-) | EnvSparsityCfg={'Conv': 0.6, 'Linear': 0.6, 'Bias': 0.0, 'BatchNorm': 0.0} | EnvNClusters=3
[2026-01-26 13:39:04,209] [INFO] [TRAIN] Epoch 3 Loss: 0.1166
[2026-01-26 13:39:38,132] [INFO] Model initialized on device: cuda:0
[2026-01-26 13:39:38,132] [INFO] [CLIENT INIT] Mode=SH | Sparsity=ON (UsedSparsity=0.6) | Clusters=OFF (UsedClusters=-) | EnvSparsityCfg={'Conv': 0.6, 'Linear': 0.6, 'Bias': 0.0, 'BatchNorm': 0.0} | EnvNClusters=3
[2026-01-26 13:39:38,538] [INFO] Model initialized on device: cuda:0
[2026-01-26 13:39:38,538] [INFO] [CLIENT INIT] Mode=SH | Sparsity=ON (UsedSparsity=0.6) | Clusters=OFF (UsedClusters=-) | EnvSparsityCfg={'Conv': 0.6, 'Linear': 0.6, 'Bias': 0.0, 'BatchNorm': 0.0} | EnvNClusters=3
[2026-01-26 13:39:41,532] [INFO] Model initialized on device: cuda:0
[2026-01-26 13:39:41,532] [INFO] [CLIENT INIT] Mode=SH | Sparsity=ON (UsedSparsity=0.6) | Clusters=OFF (UsedClusters=-) | EnvSparsityCfg={'Conv': 0.6, 'Linear': 0.6, 'Bias': 0.0, 'BatchNorm': 0.0} | EnvNClusters=3
[2026-01-26 13:39:46,431] [INFO] Model initialized on device: cuda:0
[2026-01-26 13:39:46,431] [INFO] [CLIENT INIT] Mode=SH | Sparsity=ON (UsedSparsity=0.6) | Clusters=OFF (UsedClusters=-) | EnvSparsityCfg={'Conv': 0.6, 'Linear': 0.6, 'Bias': 0.0, 'BatchNorm': 0.0} | EnvNClusters=3
[2026-01-26 13:39:47,625] [INFO] Model initialized on device: cuda:0
[2026-01-26 13:39:47,625] [INFO] [CLIENT INIT] Mode=SH | Sparsity=ON (UsedSparsity=0.6) | Clusters=OFF (UsedClusters=-) | EnvSparsityCfg={'Conv': 0.6, 'Linear': 0.6, 'Bias': 0.0, 'BatchNorm': 0.0} | EnvNClusters=3
[2026-01-26 13:39:47,714] [INFO] Model initialized on device: cuda:0
[2026-01-26 13:39:47,714] [INFO] [CLIENT INIT] Mode=SH | Sparsity=ON (UsedSparsity=0.6) | Clusters=OFF (UsedClusters=-) | EnvSparsityCfg={'Conv': 0.6, 'Linear': 0.6, 'Bias': 0.0, 'BatchNorm': 0.0} | EnvNClusters=3
[2026-01-26 13:39:48,023] [INFO] Model initialized on device: cuda:0
[2026-01-26 13:39:48,023] [INFO] [CLIENT INIT] Mode=SH | Sparsity=ON (UsedSparsity=0.6) | Clusters=OFF (UsedClusters=-) | EnvSparsityCfg={'Conv': 0.6, 'Linear': 0.6, 'Bias': 0.0, 'BatchNorm': 0.0} | EnvNClusters=3
[2026-01-26 13:39:48,523] [INFO] Model initialized on device: cuda:0
[2026-01-26 13:39:48,523] [INFO] [CLIENT INIT] Mode=SH | Sparsity=ON (UsedSparsity=0.6) | Clusters=OFF (UsedClusters=-) | EnvSparsityCfg={'Conv': 0.6, 'Linear': 0.6, 'Bias': 0.0, 'BatchNorm': 0.0} | EnvNClusters=3
[2026-01-26 13:39:48,631] [INFO] Model initialized on device: cuda:0
[2026-01-26 13:39:48,631] [INFO] [CLIENT INIT] Mode=SH | Sparsity=ON (UsedSparsity=0.6) | Clusters=OFF (UsedClusters=-) | EnvSparsityCfg={'Conv': 0.6, 'Linear': 0.6, 'Bias': 0.0, 'BatchNorm': 0.0} | EnvNClusters=3
[2026-01-26 13:39:48,717] [INFO] Model initialized on device: cuda:0
[2026-01-26 13:39:48,717] [INFO] [CLIENT INIT] Mode=SH | Sparsity=ON (UsedSparsity=0.6) | Clusters=OFF (UsedClusters=-) | EnvSparsityCfg={'Conv': 0.6, 'Linear': 0.6, 'Bias': 0.0, 'BatchNorm': 0.0} | EnvNClusters=3
[2026-01-26 13:41:29,251] [INFO] [TRAIN] Epoch 4 Loss: 0.1175
[2026-01-26 13:42:16,523] [INFO] Model initialized on device: cuda:0
[2026-01-26 13:42:16,524] [INFO] [CLIENT INIT] Mode=SH | Sparsity=ON (UsedSparsity=0.6) | Clusters=OFF (UsedClusters=-) | EnvSparsityCfg={'Conv': 0.6, 'Linear': 0.6, 'Bias': 0.0, 'BatchNorm': 0.0} | EnvNClusters=3
[2026-01-26 13:42:16,618] [INFO] Model initialized on device: cuda:0
[2026-01-26 13:42:16,618] [INFO] [CLIENT INIT] Mode=SH | Sparsity=ON (UsedSparsity=0.6) | Clusters=OFF (UsedClusters=-) | EnvSparsityCfg={'Conv': 0.6, 'Linear': 0.6, 'Bias': 0.0, 'BatchNorm': 0.0} | EnvNClusters=3
[2026-01-26 13:42:17,108] [INFO] Model initialized on device: cuda:0
[2026-01-26 13:42:17,109] [INFO] [CLIENT INIT] Mode=SH | Sparsity=ON (UsedSparsity=0.6) | Clusters=OFF (UsedClusters=-) | EnvSparsityCfg={'Conv': 0.6, 'Linear': 0.6, 'Bias': 0.0, 'BatchNorm': 0.0} | EnvNClusters=3
[2026-01-26 13:42:17,135] [INFO] Model initialized on device: cuda:0
[2026-01-26 13:42:17,135] [INFO] Model initialized on device: cuda:0
[2026-01-26 13:42:17,135] [INFO] [CLIENT INIT] Mode=SH | Sparsity=ON (UsedSparsity=0.6) | Clusters=OFF (UsedClusters=-) | EnvSparsityCfg={'Conv': 0.6, 'Linear': 0.6, 'Bias': 0.0, 'BatchNorm': 0.0} | EnvNClusters=3
[2026-01-26 13:42:17,135] [INFO] [CLIENT INIT] Mode=SH | Sparsity=ON (UsedSparsity=0.6) | Clusters=OFF (UsedClusters=-) | EnvSparsityCfg={'Conv': 0.6, 'Linear': 0.6, 'Bias': 0.0, 'BatchNorm': 0.0} | EnvNClusters=3
[2026-01-26 13:42:17,138] [INFO] Model initialized on device: cuda:0
[2026-01-26 13:42:17,138] [INFO] [CLIENT INIT] Mode=SH | Sparsity=ON (UsedSparsity=0.6) | Clusters=OFF (UsedClusters=-) | EnvSparsityCfg={'Conv': 0.6, 'Linear': 0.6, 'Bias': 0.0, 'BatchNorm': 0.0} | EnvNClusters=3
[2026-01-26 13:42:17,213] [INFO] Model initialized on device: cuda:0
[2026-01-26 13:42:17,213] [INFO] [CLIENT INIT] Mode=SH | Sparsity=ON (UsedSparsity=0.6) | Clusters=OFF (UsedClusters=-) | EnvSparsityCfg={'Conv': 0.6, 'Linear': 0.6, 'Bias': 0.0, 'BatchNorm': 0.0} | EnvNClusters=3
[2026-01-26 13:42:17,222] [INFO] Model initialized on device: cuda:0
[2026-01-26 13:42:17,222] [INFO] [CLIENT INIT] Mode=SH | Sparsity=ON (UsedSparsity=0.6) | Clusters=OFF (UsedClusters=-) | EnvSparsityCfg={'Conv': 0.6, 'Linear': 0.6, 'Bias': 0.0, 'BatchNorm': 0.0} | EnvNClusters=3
[2026-01-26 13:42:17,232] [INFO] Model initialized on device: cuda:0
[2026-01-26 13:42:17,233] [INFO] Model initialized on device: cuda:0
[2026-01-26 13:42:17,233] [INFO] [CLIENT INIT] Mode=SH | Sparsity=ON (UsedSparsity=0.6) | Clusters=OFF (UsedClusters=-) | EnvSparsityCfg={'Conv': 0.6, 'Linear': 0.6, 'Bias': 0.0, 'BatchNorm': 0.0} | EnvNClusters=3
[2026-01-26 13:42:17,233] [INFO] [CLIENT INIT] Mode=SH | Sparsity=ON (UsedSparsity=0.6) | Clusters=OFF (UsedClusters=-) | EnvSparsityCfg={'Conv': 0.6, 'Linear': 0.6, 'Bias': 0.0, 'BatchNorm': 0.0} | EnvNClusters=3
[2026-01-26 13:44:03,552] [INFO] [TRAIN] Epoch 5 Loss: 0.1111
[2026-01-26 13:44:03,555] [INFO] [FIT] Local training finished. Avg Loss: 0.1207
[2026-01-26 13:44:36,118] [INFO] Model initialized on device: cuda:0
[2026-01-26 13:44:36,118] [INFO] [CLIENT INIT] Mode=SH | Sparsity=ON (UsedSparsity=0.6) | Clusters=OFF (UsedClusters=-) | EnvSparsityCfg={'Conv': 0.6, 'Linear': 0.6, 'Bias': 0.0, 'BatchNorm': 0.0} | EnvNClusters=3
[2026-01-26 13:44:40,047] [INFO] Model initialized on device: cuda:0
[2026-01-26 13:44:40,048] [INFO] [CLIENT INIT] Mode=SH | Sparsity=ON (UsedSparsity=0.6) | Clusters=OFF (UsedClusters=-) | EnvSparsityCfg={'Conv': 0.6, 'Linear': 0.6, 'Bias': 0.0, 'BatchNorm': 0.0} | EnvNClusters=3
[2026-01-26 13:44:41,036] [INFO] Model initialized on device: cuda:0
[2026-01-26 13:44:41,037] [INFO] [CLIENT INIT] Mode=SH | Sparsity=ON (UsedSparsity=0.6) | Clusters=OFF (UsedClusters=-) | EnvSparsityCfg={'Conv': 0.6, 'Linear': 0.6, 'Bias': 0.0, 'BatchNorm': 0.0} | EnvNClusters=3
[2026-01-26 13:44:45,638] [INFO] Model initialized on device: cuda:0
[2026-01-26 13:44:45,638] [INFO] [CLIENT INIT] Mode=SH | Sparsity=ON (UsedSparsity=0.6) | Clusters=OFF (UsedClusters=-) | EnvSparsityCfg={'Conv': 0.6, 'Linear': 0.6, 'Bias': 0.0, 'BatchNorm': 0.0} | EnvNClusters=3
[2026-01-26 13:44:45,723] [INFO] Model initialized on device: cuda:0
[2026-01-26 13:44:45,723] [INFO] [CLIENT INIT] Mode=SH | Sparsity=ON (UsedSparsity=0.6) | Clusters=OFF (UsedClusters=-) | EnvSparsityCfg={'Conv': 0.6, 'Linear': 0.6, 'Bias': 0.0, 'BatchNorm': 0.0} | EnvNClusters=3
[2026-01-26 13:44:45,939] [INFO] Model initialized on device: cuda:0
[2026-01-26 13:44:45,939] [INFO] [CLIENT INIT] Mode=SH | Sparsity=ON (UsedSparsity=0.6) | Clusters=OFF (UsedClusters=-) | EnvSparsityCfg={'Conv': 0.6, 'Linear': 0.6, 'Bias': 0.0, 'BatchNorm': 0.0} | EnvNClusters=3
[2026-01-26 13:44:46,135] [INFO] Model initialized on device: cuda:0
[2026-01-26 13:44:46,135] [INFO] [CLIENT INIT] Mode=SH | Sparsity=ON (UsedSparsity=0.6) | Clusters=OFF (UsedClusters=-) | EnvSparsityCfg={'Conv': 0.6, 'Linear': 0.6, 'Bias': 0.0, 'BatchNorm': 0.0} | EnvNClusters=3
[2026-01-26 13:44:46,518] [INFO] Model initialized on device: cuda:0
[2026-01-26 13:44:46,518] [INFO] [CLIENT INIT] Mode=SH | Sparsity=ON (UsedSparsity=0.6) | Clusters=OFF (UsedClusters=-) | EnvSparsityCfg={'Conv': 0.6, 'Linear': 0.6, 'Bias': 0.0, 'BatchNorm': 0.0} | EnvNClusters=3
[2026-01-26 13:44:46,612] [INFO] Model initialized on device: cuda:0
[2026-01-26 13:44:46,612] [INFO] [CLIENT INIT] Mode=SH | Sparsity=ON (UsedSparsity=0.6) | Clusters=OFF (UsedClusters=-) | EnvSparsityCfg={'Conv': 0.6, 'Linear': 0.6, 'Bias': 0.0, 'BatchNorm': 0.0} | EnvNClusters=3
[2026-01-26 13:44:47,615] [DEBUG] [TEST] Batch 1 | Pred shape: torch.Size([256, 256, 160]) | Label shape: torch.Size([256, 256, 160])
[2026-01-26 13:44:48,109] [INFO] Model initialized on device: cuda:0
[2026-01-26 13:44:48,110] [INFO] [CLIENT INIT] Mode=SH | Sparsity=ON (UsedSparsity=0.6) | Clusters=OFF (UsedClusters=-) | EnvSparsityCfg={'Conv': 0.6, 'Linear': 0.6, 'Bias': 0.0, 'BatchNorm': 0.0} | EnvNClusters=3
[2026-01-26 13:44:52,047] [DEBUG] [TEST] Batch 2 | Pred shape: torch.Size([256, 256, 160]) | Label shape: torch.Size([256, 256, 160])
[2026-01-26 13:44:53,757] [DEBUG] [TEST] Batch 3 | Pred shape: torch.Size([256, 256, 160]) | Label shape: torch.Size([256, 256, 160])
[2026-01-26 13:44:53,858] [DEBUG] [TEST] Batch 4 | Pred shape: torch.Size([256, 256, 160]) | Label shape: torch.Size([256, 256, 160])
[2026-01-26 13:44:54,015] [DEBUG] [TEST] Batch 5 | Pred shape: torch.Size([256, 256, 160]) | Label shape: torch.Size([256, 256, 160])
[2026-01-26 13:44:54,116] [DEBUG] [TEST] Batch 6 | Pred shape: torch.Size([256, 256, 160]) | Label shape: torch.Size([256, 256, 160])
[2026-01-26 13:44:54,216] [DEBUG] [TEST] Batch 7 | Pred shape: torch.Size([256, 256, 160]) | Label shape: torch.Size([256, 256, 160])
[2026-01-26 13:44:54,314] [DEBUG] [TEST] Batch 8 | Pred shape: torch.Size([256, 256, 160]) | Label shape: torch.Size([256, 256, 160])
[2026-01-26 13:44:54,410] [DEBUG] [TEST] Batch 9 | Pred shape: torch.Size([256, 256, 160]) | Label shape: torch.Size([256, 256, 160])
[2026-01-26 13:44:54,508] [DEBUG] [TEST] Batch 10 | Pred shape: torch.Size([256, 256, 160]) | Label shape: torch.Size([256, 256, 160])
[2026-01-26 13:44:54,707] [DEBUG] [TEST] Batch 11 | Pred shape: torch.Size([256, 256, 160]) | Label shape: torch.Size([256, 256, 160])
[2026-01-26 13:44:56,547] [DEBUG] [TEST] Batch 12 | Pred shape: torch.Size([256, 256, 160]) | Label shape: torch.Size([256, 256, 160])
[2026-01-26 13:44:57,754] [DEBUG] [TEST] Batch 13 | Pred shape: torch.Size([256, 256, 160]) | Label shape: torch.Size([256, 256, 160])
[2026-01-26 13:44:57,814] [DEBUG] [TEST] Batch 14 | Pred shape: torch.Size([256, 256, 160]) | Label shape: torch.Size([256, 256, 160])
[2026-01-26 13:44:57,870] [DEBUG] [TEST] Batch 15 | Pred shape: torch.Size([256, 256, 160]) | Label shape: torch.Size([256, 256, 160])
[2026-01-26 13:44:57,965] [DEBUG] [TEST] Batch 16 | Pred shape: torch.Size([256, 256, 160]) | Label shape: torch.Size([256, 256, 160])
[2026-01-26 13:45:04,807] [INFO] [FIT] Final model saved to: Revision2/Run_UNET_NonIID_SH_20260126/Client3/model_final.pth
[2026-01-26 13:45:59,533] [INFO] [COMM][CLIENT] Round=-1 Mode=SH UsedSparsity=0.6 UsedClusters=- BaselineBits=154016352.0 CompressedBits=162986403.0 CR=0.945
[2026-01-26 13:54:00,970] [INFO] [EVALUATE] Starting evaluation...
[2026-01-26 13:54:02,918] [INFO] [DEBUG] Loaded compressed decoded weights.
[2026-01-26 13:54:49,120] [INFO] Model initialized on device: cuda:0
[2026-01-26 13:54:49,120] [INFO] [CLIENT INIT] Mode=SH | Sparsity=ON (UsedSparsity=0.6) | Clusters=OFF (UsedClusters=-) | EnvSparsityCfg={'Conv': 0.6, 'Linear': 0.6, 'Bias': 0.0, 'BatchNorm': 0.0} | EnvNClusters=3
[2026-01-26 13:54:50,510] [INFO] Model initialized on device: cuda:0
[2026-01-26 13:54:50,511] [INFO] [CLIENT INIT] Mode=SH | Sparsity=ON (UsedSparsity=0.6) | Clusters=OFF (UsedClusters=-) | EnvSparsityCfg={'Conv': 0.6, 'Linear': 0.6, 'Bias': 0.0, 'BatchNorm': 0.0} | EnvNClusters=3
[2026-01-26 13:54:50,732] [INFO] Model initialized on device: cuda:0
[2026-01-26 13:54:50,732] [INFO] [CLIENT INIT] Mode=SH | Sparsity=ON (UsedSparsity=0.6) | Clusters=OFF (UsedClusters=-) | EnvSparsityCfg={'Conv': 0.6, 'Linear': 0.6, 'Bias': 0.0, 'BatchNorm': 0.0} | EnvNClusters=3
[2026-01-26 13:54:52,411] [INFO] Model initialized on device: cuda:0
[2026-01-26 13:54:52,411] [INFO] [CLIENT INIT] Mode=SH | Sparsity=ON (UsedSparsity=0.6) | Clusters=OFF (UsedClusters=-) | EnvSparsityCfg={'Conv': 0.6, 'Linear': 0.6, 'Bias': 0.0, 'BatchNorm': 0.0} | EnvNClusters=3
[2026-01-26 13:54:52,754] [INFO] Model initialized on device: cuda:0
[2026-01-26 13:54:52,755] [INFO] [CLIENT INIT] Mode=SH | Sparsity=ON (UsedSparsity=0.6) | Clusters=OFF (UsedClusters=-) | EnvSparsityCfg={'Conv': 0.6, 'Linear': 0.6, 'Bias': 0.0, 'BatchNorm': 0.0} | EnvNClusters=3
[2026-01-26 13:54:53,413] [INFO] Model initialized on device: cuda:0
[2026-01-26 13:54:53,413] [INFO] [CLIENT INIT] Mode=SH | Sparsity=ON (UsedSparsity=0.6) | Clusters=OFF (UsedClusters=-) | EnvSparsityCfg={'Conv': 0.6, 'Linear': 0.6, 'Bias': 0.0, 'BatchNorm': 0.0} | EnvNClusters=3
[2026-01-26 13:54:54,019] [INFO] Model initialized on device: cuda:0
[2026-01-26 13:54:54,019] [INFO] [CLIENT INIT] Mode=SH | Sparsity=ON (UsedSparsity=0.6) | Clusters=OFF (UsedClusters=-) | EnvSparsityCfg={'Conv': 0.6, 'Linear': 0.6, 'Bias': 0.0, 'BatchNorm': 0.0} | EnvNClusters=3
[2026-01-26 13:54:54,024] [INFO] Model initialized on device: cuda:0
[2026-01-26 13:54:54,024] [INFO] [CLIENT INIT] Mode=SH | Sparsity=ON (UsedSparsity=0.6) | Clusters=OFF (UsedClusters=-) | EnvSparsityCfg={'Conv': 0.6, 'Linear': 0.6, 'Bias': 0.0, 'BatchNorm': 0.0} | EnvNClusters=3
[2026-01-26 13:54:55,358] [INFO] Model initialized on device: cuda:0
[2026-01-26 13:54:55,358] [INFO] [CLIENT INIT] Mode=SH | Sparsity=ON (UsedSparsity=0.6) | Clusters=OFF (UsedClusters=-) | EnvSparsityCfg={'Conv': 0.6, 'Linear': 0.6, 'Bias': 0.0, 'BatchNorm': 0.0} | EnvNClusters=3
[2026-01-26 13:54:55,759] [INFO] Model initialized on device: cuda:0
[2026-01-26 13:54:55,759] [INFO] [CLIENT INIT] Mode=SH | Sparsity=ON (UsedSparsity=0.6) | Clusters=OFF (UsedClusters=-) | EnvSparsityCfg={'Conv': 0.6, 'Linear': 0.6, 'Bias': 0.0, 'BatchNorm': 0.0} | EnvNClusters=3
[2026-01-26 13:54:56,919] [DEBUG] [TEST] Batch 1 | Pred shape: torch.Size([256, 256, 160]) | Label shape: torch.Size([256, 256, 160])
[2026-01-26 13:54:57,054] [DEBUG] [TEST] Batch 2 | Pred shape: torch.Size([256, 256, 160]) | Label shape: torch.Size([256, 256, 160])
[2026-01-26 13:54:57,422] [DEBUG] [TEST] Batch 3 | Pred shape: torch.Size([256, 256, 160]) | Label shape: torch.Size([256, 256, 160])
[2026-01-26 13:54:57,553] [DEBUG] [TEST] Batch 4 | Pred shape: torch.Size([256, 256, 160]) | Label shape: torch.Size([256, 256, 160])
[2026-01-26 13:54:57,725] [DEBUG] [TEST] Batch 5 | Pred shape: torch.Size([256, 256, 160]) | Label shape: torch.Size([256, 256, 160])
[2026-01-26 13:54:57,915] [DEBUG] [TEST] Batch 6 | Pred shape: torch.Size([256, 256, 160]) | Label shape: torch.Size([256, 256, 160])
[2026-01-26 13:54:59,453] [DEBUG] [TEST] Batch 7 | Pred shape: torch.Size([256, 256, 160]) | Label shape: torch.Size([256, 256, 160])
[2026-01-26 13:54:59,514] [DEBUG] [TEST] Batch 8 | Pred shape: torch.Size([256, 256, 160]) | Label shape: torch.Size([256, 256, 160])
[2026-01-26 13:55:00,541] [DEBUG] [TEST] Batch 9 | Pred shape: torch.Size([256, 256, 160]) | Label shape: torch.Size([256, 256, 160])
[2026-01-26 13:55:00,729] [DEBUG] [TEST] Batch 10 | Pred shape: torch.Size([256, 256, 160]) | Label shape: torch.Size([256, 256, 160])
[2026-01-26 13:55:00,853] [DEBUG] [TEST] Batch 11 | Pred shape: torch.Size([256, 256, 160]) | Label shape: torch.Size([256, 256, 160])
[2026-01-26 13:55:01,018] [DEBUG] [TEST] Batch 12 | Pred shape: torch.Size([256, 256, 160]) | Label shape: torch.Size([256, 256, 160])
[2026-01-26 13:55:01,142] [DEBUG] [TEST] Batch 13 | Pred shape: torch.Size([256, 256, 160]) | Label shape: torch.Size([256, 256, 160])
[2026-01-26 13:55:01,214] [DEBUG] [TEST] Batch 14 | Pred shape: torch.Size([256, 256, 160]) | Label shape: torch.Size([256, 256, 160])
[2026-01-26 13:55:01,455] [DEBUG] [TEST] Batch 15 | Pred shape: torch.Size([256, 256, 160]) | Label shape: torch.Size([256, 256, 160])
[2026-01-26 13:55:01,514] [DEBUG] [TEST] Batch 16 | Pred shape: torch.Size([256, 256, 160]) | Label shape: torch.Size([256, 256, 160])
[2026-01-26 13:55:07,274] [INFO] [EVALUATE] Dice WT: 0.1205
[2026-01-26 13:55:34,223] [INFO] [FIT] Received parameters. Starting local training...
[2026-01-26 13:55:37,518] [INFO] [DEBUG] Loaded compressed decoded weights.
[2026-01-26 13:56:37,844] [INFO] Model initialized on device: cuda:0
[2026-01-26 13:56:37,844] [INFO] [CLIENT INIT] Mode=SH | Sparsity=ON (UsedSparsity=0.6) | Clusters=OFF (UsedClusters=-) | EnvSparsityCfg={'Conv': 0.6, 'Linear': 0.6, 'Bias': 0.0, 'BatchNorm': 0.0} | EnvNClusters=3
[2026-01-26 13:56:37,857] [INFO] Model initialized on device: cuda:0
[2026-01-26 13:56:37,858] [INFO] [CLIENT INIT] Mode=SH | Sparsity=ON (UsedSparsity=0.6) | Clusters=OFF (UsedClusters=-) | EnvSparsityCfg={'Conv': 0.6, 'Linear': 0.6, 'Bias': 0.0, 'BatchNorm': 0.0} | EnvNClusters=3
[2026-01-26 13:56:37,887] [INFO] Model initialized on device: cuda:0
[2026-01-26 13:56:37,887] [INFO] [CLIENT INIT] Mode=SH | Sparsity=ON (UsedSparsity=0.6) | Clusters=OFF (UsedClusters=-) | EnvSparsityCfg={'Conv': 0.6, 'Linear': 0.6, 'Bias': 0.0, 'BatchNorm': 0.0} | EnvNClusters=3
[2026-01-26 13:56:37,969] [INFO] Model initialized on device: cuda:0
[2026-01-26 13:56:37,970] [INFO] [CLIENT INIT] Mode=SH | Sparsity=ON (UsedSparsity=0.6) | Clusters=OFF (UsedClusters=-) | EnvSparsityCfg={'Conv': 0.6, 'Linear': 0.6, 'Bias': 0.0, 'BatchNorm': 0.0} | EnvNClusters=3
[2026-01-26 13:56:38,145] [INFO] Model initialized on device: cuda:0
[2026-01-26 13:56:38,145] [INFO] [CLIENT INIT] Mode=SH | Sparsity=ON (UsedSparsity=0.6) | Clusters=OFF (UsedClusters=-) | EnvSparsityCfg={'Conv': 0.6, 'Linear': 0.6, 'Bias': 0.0, 'BatchNorm': 0.0} | EnvNClusters=3
[2026-01-26 13:56:38,317] [INFO] Model initialized on device: cuda:0
[2026-01-26 13:56:38,317] [INFO] [CLIENT INIT] Mode=SH | Sparsity=ON (UsedSparsity=0.6) | Clusters=OFF (UsedClusters=-) | EnvSparsityCfg={'Conv': 0.6, 'Linear': 0.6, 'Bias': 0.0, 'BatchNorm': 0.0} | EnvNClusters=3
[2026-01-26 13:56:39,132] [INFO] Model initialized on device: cuda:0
[2026-01-26 13:56:39,132] [INFO] [CLIENT INIT] Mode=SH | Sparsity=ON (UsedSparsity=0.6) | Clusters=OFF (UsedClusters=-) | EnvSparsityCfg={'Conv': 0.6, 'Linear': 0.6, 'Bias': 0.0, 'BatchNorm': 0.0} | EnvNClusters=3
[2026-01-26 13:56:39,230] [INFO] Model initialized on device: cuda:0
[2026-01-26 13:56:39,230] [INFO] [CLIENT INIT] Mode=SH | Sparsity=ON (UsedSparsity=0.6) | Clusters=OFF (UsedClusters=-) | EnvSparsityCfg={'Conv': 0.6, 'Linear': 0.6, 'Bias': 0.0, 'BatchNorm': 0.0} | EnvNClusters=3
[2026-01-26 13:56:39,516] [INFO] Model initialized on device: cuda:0
[2026-01-26 13:56:39,516] [INFO] [CLIENT INIT] Mode=SH | Sparsity=ON (UsedSparsity=0.6) | Clusters=OFF (UsedClusters=-) | EnvSparsityCfg={'Conv': 0.6, 'Linear': 0.6, 'Bias': 0.0, 'BatchNorm': 0.0} | EnvNClusters=3
[2026-01-26 13:56:39,519] [INFO] Model initialized on device: cuda:0
[2026-01-26 13:56:39,519] [INFO] [CLIENT INIT] Mode=SH | Sparsity=ON (UsedSparsity=0.6) | Clusters=OFF (UsedClusters=-) | EnvSparsityCfg={'Conv': 0.6, 'Linear': 0.6, 'Bias': 0.0, 'BatchNorm': 0.0} | EnvNClusters=3
[2026-01-26 13:58:30,021] [INFO] [TRAIN] Epoch 1 Loss: 0.1206
[2026-01-26 13:59:26,119] [INFO] Model initialized on device: cuda:0
[2026-01-26 13:59:26,119] [INFO] [CLIENT INIT] Mode=SH | Sparsity=ON (UsedSparsity=0.6) | Clusters=OFF (UsedClusters=-) | EnvSparsityCfg={'Conv': 0.6, 'Linear': 0.6, 'Bias': 0.0, 'BatchNorm': 0.0} | EnvNClusters=3
[2026-01-26 13:59:27,312] [INFO] Model initialized on device: cuda:0
[2026-01-26 13:59:27,312] [INFO] [CLIENT INIT] Mode=SH | Sparsity=ON (UsedSparsity=0.6) | Clusters=OFF (UsedClusters=-) | EnvSparsityCfg={'Conv': 0.6, 'Linear': 0.6, 'Bias': 0.0, 'BatchNorm': 0.0} | EnvNClusters=3
[2026-01-26 13:59:27,430] [INFO] Model initialized on device: cuda:0
[2026-01-26 13:59:27,431] [INFO] [CLIENT INIT] Mode=SH | Sparsity=ON (UsedSparsity=0.6) | Clusters=OFF (UsedClusters=-) | EnvSparsityCfg={'Conv': 0.6, 'Linear': 0.6, 'Bias': 0.0, 'BatchNorm': 0.0} | EnvNClusters=3
[2026-01-26 13:59:27,810] [INFO] Model initialized on device: cuda:0
[2026-01-26 13:59:27,810] [INFO] [CLIENT INIT] Mode=SH | Sparsity=ON (UsedSparsity=0.6) | Clusters=OFF (UsedClusters=-) | EnvSparsityCfg={'Conv': 0.6, 'Linear': 0.6, 'Bias': 0.0, 'BatchNorm': 0.0} | EnvNClusters=3
[2026-01-26 13:59:27,812] [INFO] Model initialized on device: cuda:0
[2026-01-26 13:59:27,812] [INFO] [CLIENT INIT] Mode=SH | Sparsity=ON (UsedSparsity=0.6) | Clusters=OFF (UsedClusters=-) | EnvSparsityCfg={'Conv': 0.6, 'Linear': 0.6, 'Bias': 0.0, 'BatchNorm': 0.0} | EnvNClusters=3
[2026-01-26 13:59:27,820] [INFO] Model initialized on device: cuda:0
[2026-01-26 13:59:27,820] [INFO] [CLIENT INIT] Mode=SH | Sparsity=ON (UsedSparsity=0.6) | Clusters=OFF (UsedClusters=-) | EnvSparsityCfg={'Conv': 0.6, 'Linear': 0.6, 'Bias': 0.0, 'BatchNorm': 0.0} | EnvNClusters=3
[2026-01-26 13:59:27,836] [INFO] Model initialized on device: cuda:0
[2026-01-26 13:59:27,837] [INFO] [CLIENT INIT] Mode=SH | Sparsity=ON (UsedSparsity=0.6) | Clusters=OFF (UsedClusters=-) | EnvSparsityCfg={'Conv': 0.6, 'Linear': 0.6, 'Bias': 0.0, 'BatchNorm': 0.0} | EnvNClusters=3
[2026-01-26 13:59:27,842] [INFO] Model initialized on device: cuda:0
[2026-01-26 13:59:27,843] [INFO] [CLIENT INIT] Mode=SH | Sparsity=ON (UsedSparsity=0.6) | Clusters=OFF (UsedClusters=-) | EnvSparsityCfg={'Conv': 0.6, 'Linear': 0.6, 'Bias': 0.0, 'BatchNorm': 0.0} | EnvNClusters=3
[2026-01-26 13:59:28,114] [INFO] Model initialized on device: cuda:0
[2026-01-26 13:59:28,114] [INFO] [CLIENT INIT] Mode=SH | Sparsity=ON (UsedSparsity=0.6) | Clusters=OFF (UsedClusters=-) | EnvSparsityCfg={'Conv': 0.6, 'Linear': 0.6, 'Bias': 0.0, 'BatchNorm': 0.0} | EnvNClusters=3
[2026-01-26 13:59:28,209] [INFO] Model initialized on device: cuda:0
[2026-01-26 13:59:28,209] [INFO] [CLIENT INIT] Mode=SH | Sparsity=ON (UsedSparsity=0.6) | Clusters=OFF (UsedClusters=-) | EnvSparsityCfg={'Conv': 0.6, 'Linear': 0.6, 'Bias': 0.0, 'BatchNorm': 0.0} | EnvNClusters=3
[2026-01-26 14:01:14,615] [INFO] [TRAIN] Epoch 2 Loss: 0.1215
[2026-01-26 14:02:00,433] [INFO] Model initialized on device: cuda:0
[2026-01-26 14:02:00,433] [INFO] [CLIENT INIT] Mode=SH | Sparsity=ON (UsedSparsity=0.6) | Clusters=OFF (UsedClusters=-) | EnvSparsityCfg={'Conv': 0.6, 'Linear': 0.6, 'Bias': 0.0, 'BatchNorm': 0.0} | EnvNClusters=3
[2026-01-26 14:02:01,023] [INFO] Model initialized on device: cuda:0
[2026-01-26 14:02:01,023] [INFO] [CLIENT INIT] Mode=SH | Sparsity=ON (UsedSparsity=0.6) | Clusters=OFF (UsedClusters=-) | EnvSparsityCfg={'Conv': 0.6, 'Linear': 0.6, 'Bias': 0.0, 'BatchNorm': 0.0} | EnvNClusters=3
[2026-01-26 14:02:01,512] [INFO] Model initialized on device: cuda:0
[2026-01-26 14:02:01,512] [INFO] [CLIENT INIT] Mode=SH | Sparsity=ON (UsedSparsity=0.6) | Clusters=OFF (UsedClusters=-) | EnvSparsityCfg={'Conv': 0.6, 'Linear': 0.6, 'Bias': 0.0, 'BatchNorm': 0.0} | EnvNClusters=3
[2026-01-26 14:02:01,620] [INFO] Model initialized on device: cuda:0
[2026-01-26 14:02:01,620] [INFO] [CLIENT INIT] Mode=SH | Sparsity=ON (UsedSparsity=0.6) | Clusters=OFF (UsedClusters=-) | EnvSparsityCfg={'Conv': 0.6, 'Linear': 0.6, 'Bias': 0.0, 'BatchNorm': 0.0} | EnvNClusters=3
[2026-01-26 14:02:01,733] [INFO] Model initialized on device: cuda:0
[2026-01-26 14:02:01,733] [INFO] [CLIENT INIT] Mode=SH | Sparsity=ON (UsedSparsity=0.6) | Clusters=OFF (UsedClusters=-) | EnvSparsityCfg={'Conv': 0.6, 'Linear': 0.6, 'Bias': 0.0, 'BatchNorm': 0.0} | EnvNClusters=3
[2026-01-26 14:02:01,733] [INFO] Model initialized on device: cuda:0
[2026-01-26 14:02:01,733] [INFO] [CLIENT INIT] Mode=SH | Sparsity=ON (UsedSparsity=0.6) | Clusters=OFF (UsedClusters=-) | EnvSparsityCfg={'Conv': 0.6, 'Linear': 0.6, 'Bias': 0.0, 'BatchNorm': 0.0} | EnvNClusters=3
[2026-01-26 14:02:01,830] [INFO] Model initialized on device: cuda:0
[2026-01-26 14:02:01,830] [INFO] [CLIENT INIT] Mode=SH | Sparsity=ON (UsedSparsity=0.6) | Clusters=OFF (UsedClusters=-) | EnvSparsityCfg={'Conv': 0.6, 'Linear': 0.6, 'Bias': 0.0, 'BatchNorm': 0.0} | EnvNClusters=3
[2026-01-26 14:02:01,842] [INFO] Model initialized on device: cuda:0
[2026-01-26 14:02:01,842] [INFO] [CLIENT INIT] Mode=SH | Sparsity=ON (UsedSparsity=0.6) | Clusters=OFF (UsedClusters=-) | EnvSparsityCfg={'Conv': 0.6, 'Linear': 0.6, 'Bias': 0.0, 'BatchNorm': 0.0} | EnvNClusters=3
[2026-01-26 14:02:01,843] [INFO] Model initialized on device: cuda:0
[2026-01-26 14:02:01,843] [INFO] [CLIENT INIT] Mode=SH | Sparsity=ON (UsedSparsity=0.6) | Clusters=OFF (UsedClusters=-) | EnvSparsityCfg={'Conv': 0.6, 'Linear': 0.6, 'Bias': 0.0, 'BatchNorm': 0.0} | EnvNClusters=3
[2026-01-26 14:02:01,908] [INFO] Model initialized on device: cuda:0
[2026-01-26 14:02:01,908] [INFO] [CLIENT INIT] Mode=SH | Sparsity=ON (UsedSparsity=0.6) | Clusters=OFF (UsedClusters=-) | EnvSparsityCfg={'Conv': 0.6, 'Linear': 0.6, 'Bias': 0.0, 'BatchNorm': 0.0} | EnvNClusters=3
[2026-01-26 14:03:48,039] [INFO] [TRAIN] Epoch 3 Loss: 0.1222
[2026-01-26 14:04:23,030] [INFO] Model initialized on device: cuda:0
[2026-01-26 14:04:23,031] [INFO] [CLIENT INIT] Mode=SH | Sparsity=ON (UsedSparsity=0.6) | Clusters=OFF (UsedClusters=-) | EnvSparsityCfg={'Conv': 0.6, 'Linear': 0.6, 'Bias': 0.0, 'BatchNorm': 0.0} | EnvNClusters=3
[2026-01-26 14:04:27,616] [INFO] Model initialized on device: cuda:0
[2026-01-26 14:04:27,617] [INFO] [CLIENT INIT] Mode=SH | Sparsity=ON (UsedSparsity=0.6) | Clusters=OFF (UsedClusters=-) | EnvSparsityCfg={'Conv': 0.6, 'Linear': 0.6, 'Bias': 0.0, 'BatchNorm': 0.0} | EnvNClusters=3
[2026-01-26 14:04:31,338] [INFO] Model initialized on device: cuda:0
[2026-01-26 14:04:31,338] [INFO] [CLIENT INIT] Mode=SH | Sparsity=ON (UsedSparsity=0.6) | Clusters=OFF (UsedClusters=-) | EnvSparsityCfg={'Conv': 0.6, 'Linear': 0.6, 'Bias': 0.0, 'BatchNorm': 0.0} | EnvNClusters=3
[2026-01-26 14:04:32,926] [INFO] Model initialized on device: cuda:0
[2026-01-26 14:04:32,926] [INFO] [CLIENT INIT] Mode=SH | Sparsity=ON (UsedSparsity=0.6) | Clusters=OFF (UsedClusters=-) | EnvSparsityCfg={'Conv': 0.6, 'Linear': 0.6, 'Bias': 0.0, 'BatchNorm': 0.0} | EnvNClusters=3
[2026-01-26 14:04:34,515] [INFO] Model initialized on device: cuda:0
[2026-01-26 14:04:34,515] [INFO] [CLIENT INIT] Mode=SH | Sparsity=ON (UsedSparsity=0.6) | Clusters=OFF (UsedClusters=-) | EnvSparsityCfg={'Conv': 0.6, 'Linear': 0.6, 'Bias': 0.0, 'BatchNorm': 0.0} | EnvNClusters=3
[2026-01-26 14:04:34,620] [INFO] Model initialized on device: cuda:0
[2026-01-26 14:04:34,621] [INFO] [CLIENT INIT] Mode=SH | Sparsity=ON (UsedSparsity=0.6) | Clusters=OFF (UsedClusters=-) | EnvSparsityCfg={'Conv': 0.6, 'Linear': 0.6, 'Bias': 0.0, 'BatchNorm': 0.0} | EnvNClusters=3
[2026-01-26 14:04:34,739] [INFO] Model initialized on device: cuda:0
[2026-01-26 14:04:34,739] [INFO] [CLIENT INIT] Mode=SH | Sparsity=ON (UsedSparsity=0.6) | Clusters=OFF (UsedClusters=-) | EnvSparsityCfg={'Conv': 0.6, 'Linear': 0.6, 'Bias': 0.0, 'BatchNorm': 0.0} | EnvNClusters=3
[2026-01-26 14:04:34,811] [INFO] Model initialized on device: cuda:0
[2026-01-26 14:04:34,812] [INFO] [CLIENT INIT] Mode=SH | Sparsity=ON (UsedSparsity=0.6) | Clusters=OFF (UsedClusters=-) | EnvSparsityCfg={'Conv': 0.6, 'Linear': 0.6, 'Bias': 0.0, 'BatchNorm': 0.0} | EnvNClusters=3
[2026-01-26 14:04:34,821] [INFO] Model initialized on device: cuda:0
[2026-01-26 14:04:34,821] [INFO] [CLIENT INIT] Mode=SH | Sparsity=ON (UsedSparsity=0.6) | Clusters=OFF (UsedClusters=-) | EnvSparsityCfg={'Conv': 0.6, 'Linear': 0.6, 'Bias': 0.0, 'BatchNorm': 0.0} | EnvNClusters=3
[2026-01-26 14:04:34,822] [INFO] Model initialized on device: cuda:0
[2026-01-26 14:04:34,823] [INFO] [CLIENT INIT] Mode=SH | Sparsity=ON (UsedSparsity=0.6) | Clusters=OFF (UsedClusters=-) | EnvSparsityCfg={'Conv': 0.6, 'Linear': 0.6, 'Bias': 0.0, 'BatchNorm': 0.0} | EnvNClusters=3
[2026-01-26 14:06:12,417] [INFO] [TRAIN] Epoch 4 Loss: 0.1135
[2026-01-26 14:06:48,413] [INFO] Model initialized on device: cuda:0
[2026-01-26 14:06:48,413] [INFO] [CLIENT INIT] Mode=SH | Sparsity=ON (UsedSparsity=0.6) | Clusters=OFF (UsedClusters=-) | EnvSparsityCfg={'Conv': 0.6, 'Linear': 0.6, 'Bias': 0.0, 'BatchNorm': 0.0} | EnvNClusters=3
[2026-01-26 14:06:53,437] [INFO] Model initialized on device: cuda:0
[2026-01-26 14:06:53,437] [INFO] [CLIENT INIT] Mode=SH | Sparsity=ON (UsedSparsity=0.6) | Clusters=OFF (UsedClusters=-) | EnvSparsityCfg={'Conv': 0.6, 'Linear': 0.6, 'Bias': 0.0, 'BatchNorm': 0.0} | EnvNClusters=3
[2026-01-26 14:06:57,517] [INFO] Model initialized on device: cuda:0
[2026-01-26 14:06:57,518] [INFO] [CLIENT INIT] Mode=SH | Sparsity=ON (UsedSparsity=0.6) | Clusters=OFF (UsedClusters=-) | EnvSparsityCfg={'Conv': 0.6, 'Linear': 0.6, 'Bias': 0.0, 'BatchNorm': 0.0} | EnvNClusters=3
[2026-01-26 14:06:57,740] [INFO] Model initialized on device: cuda:0
[2026-01-26 14:06:57,740] [INFO] [CLIENT INIT] Mode=SH | Sparsity=ON (UsedSparsity=0.6) | Clusters=OFF (UsedClusters=-) | EnvSparsityCfg={'Conv': 0.6, 'Linear': 0.6, 'Bias': 0.0, 'BatchNorm': 0.0} | EnvNClusters=3
[2026-01-26 14:06:57,819] [INFO] Model initialized on device: cuda:0
[2026-01-26 14:06:57,819] [INFO] [CLIENT INIT] Mode=SH | Sparsity=ON (UsedSparsity=0.6) | Clusters=OFF (UsedClusters=-) | EnvSparsityCfg={'Conv': 0.6, 'Linear': 0.6, 'Bias': 0.0, 'BatchNorm': 0.0} | EnvNClusters=3
[2026-01-26 14:06:58,333] [INFO] Model initialized on device: cuda:0
[2026-01-26 14:06:58,334] [INFO] [CLIENT INIT] Mode=SH | Sparsity=ON (UsedSparsity=0.6) | Clusters=OFF (UsedClusters=-) | EnvSparsityCfg={'Conv': 0.6, 'Linear': 0.6, 'Bias': 0.0, 'BatchNorm': 0.0} | EnvNClusters=3
[2026-01-26 14:06:59,020] [INFO] Model initialized on device: cuda:0
[2026-01-26 14:06:59,021] [INFO] [CLIENT INIT] Mode=SH | Sparsity=ON (UsedSparsity=0.6) | Clusters=OFF (UsedClusters=-) | EnvSparsityCfg={'Conv': 0.6, 'Linear': 0.6, 'Bias': 0.0, 'BatchNorm': 0.0} | EnvNClusters=3
[2026-01-26 14:06:59,225] [INFO] Model initialized on device: cuda:0
[2026-01-26 14:06:59,225] [INFO] [CLIENT INIT] Mode=SH | Sparsity=ON (UsedSparsity=0.6) | Clusters=OFF (UsedClusters=-) | EnvSparsityCfg={'Conv': 0.6, 'Linear': 0.6, 'Bias': 0.0, 'BatchNorm': 0.0} | EnvNClusters=3
[2026-01-26 14:06:59,525] [INFO] Model initialized on device: cuda:0
[2026-01-26 14:06:59,526] [INFO] [CLIENT INIT] Mode=SH | Sparsity=ON (UsedSparsity=0.6) | Clusters=OFF (UsedClusters=-) | EnvSparsityCfg={'Conv': 0.6, 'Linear': 0.6, 'Bias': 0.0, 'BatchNorm': 0.0} | EnvNClusters=3
[2026-01-26 14:06:59,617] [INFO] Model initialized on device: cuda:0
[2026-01-26 14:06:59,617] [INFO] [CLIENT INIT] Mode=SH | Sparsity=ON (UsedSparsity=0.6) | Clusters=OFF (UsedClusters=-) | EnvSparsityCfg={'Conv': 0.6, 'Linear': 0.6, 'Bias': 0.0, 'BatchNorm': 0.0} | EnvNClusters=3
[2026-01-26 14:08:38,913] [INFO] [TRAIN] Epoch 5 Loss: 0.1120
[2026-01-26 14:08:38,914] [INFO] [FIT] Local training finished. Avg Loss: 0.1180
[2026-01-26 14:09:16,535] [INFO] Model initialized on device: cuda:0
[2026-01-26 14:09:16,535] [INFO] [CLIENT INIT] Mode=SH | Sparsity=ON (UsedSparsity=0.6) | Clusters=OFF (UsedClusters=-) | EnvSparsityCfg={'Conv': 0.6, 'Linear': 0.6, 'Bias': 0.0, 'BatchNorm': 0.0} | EnvNClusters=3
[2026-01-26 14:09:16,552] [INFO] Model initialized on device: cuda:0
[2026-01-26 14:09:16,552] [INFO] [CLIENT INIT] Mode=SH | Sparsity=ON (UsedSparsity=0.6) | Clusters=OFF (UsedClusters=-) | EnvSparsityCfg={'Conv': 0.6, 'Linear': 0.6, 'Bias': 0.0, 'BatchNorm': 0.0} | EnvNClusters=3
[2026-01-26 14:09:16,736] [INFO] Model initialized on device: cuda:0
[2026-01-26 14:09:16,737] [INFO] [CLIENT INIT] Mode=SH | Sparsity=ON (UsedSparsity=0.6) | Clusters=OFF (UsedClusters=-) | EnvSparsityCfg={'Conv': 0.6, 'Linear': 0.6, 'Bias': 0.0, 'BatchNorm': 0.0} | EnvNClusters=3
[2026-01-26 14:09:20,915] [INFO] Model initialized on device: cuda:0
[2026-01-26 14:09:20,915] [INFO] [CLIENT INIT] Mode=SH | Sparsity=ON (UsedSparsity=0.6) | Clusters=OFF (UsedClusters=-) | EnvSparsityCfg={'Conv': 0.6, 'Linear': 0.6, 'Bias': 0.0, 'BatchNorm': 0.0} | EnvNClusters=3
[2026-01-26 14:09:20,915] [INFO] Model initialized on device: cuda:0
[2026-01-26 14:09:20,915] [INFO] [CLIENT INIT] Mode=SH | Sparsity=ON (UsedSparsity=0.6) | Clusters=OFF (UsedClusters=-) | EnvSparsityCfg={'Conv': 0.6, 'Linear': 0.6, 'Bias': 0.0, 'BatchNorm': 0.0} | EnvNClusters=3
[2026-01-26 14:09:21,011] [INFO] Model initialized on device: cuda:0
[2026-01-26 14:09:21,011] [INFO] [CLIENT INIT] Mode=SH | Sparsity=ON (UsedSparsity=0.6) | Clusters=OFF (UsedClusters=-) | EnvSparsityCfg={'Conv': 0.6, 'Linear': 0.6, 'Bias': 0.0, 'BatchNorm': 0.0} | EnvNClusters=3
[2026-01-26 14:09:21,011] [INFO] Model initialized on device: cuda:0
[2026-01-26 14:09:21,011] [INFO] [CLIENT INIT] Mode=SH | Sparsity=ON (UsedSparsity=0.6) | Clusters=OFF (UsedClusters=-) | EnvSparsityCfg={'Conv': 0.6, 'Linear': 0.6, 'Bias': 0.0, 'BatchNorm': 0.0} | EnvNClusters=3
[2026-01-26 14:09:21,018] [INFO] Model initialized on device: cuda:0
[2026-01-26 14:09:21,018] [INFO] Model initialized on device: cuda:0
[2026-01-26 14:09:21,018] [INFO] [CLIENT INIT] Mode=SH | Sparsity=ON (UsedSparsity=0.6) | Clusters=OFF (UsedClusters=-) | EnvSparsityCfg={'Conv': 0.6, 'Linear': 0.6, 'Bias': 0.0, 'BatchNorm': 0.0} | EnvNClusters=3
[2026-01-26 14:09:21,018] [INFO] [CLIENT INIT] Mode=SH | Sparsity=ON (UsedSparsity=0.6) | Clusters=OFF (UsedClusters=-) | EnvSparsityCfg={'Conv': 0.6, 'Linear': 0.6, 'Bias': 0.0, 'BatchNorm': 0.0} | EnvNClusters=3
[2026-01-26 14:09:21,020] [INFO] Model initialized on device: cuda:0
[2026-01-26 14:09:21,020] [INFO] [CLIENT INIT] Mode=SH | Sparsity=ON (UsedSparsity=0.6) | Clusters=OFF (UsedClusters=-) | EnvSparsityCfg={'Conv': 0.6, 'Linear': 0.6, 'Bias': 0.0, 'BatchNorm': 0.0} | EnvNClusters=3
[2026-01-26 14:09:28,540] [DEBUG] [TEST] Batch 1 | Pred shape: torch.Size([256, 256, 160]) | Label shape: torch.Size([256, 256, 160])
[2026-01-26 14:09:28,819] [DEBUG] [TEST] Batch 2 | Pred shape: torch.Size([256, 256, 160]) | Label shape: torch.Size([256, 256, 160])
[2026-01-26 14:09:29,033] [DEBUG] [TEST] Batch 3 | Pred shape: torch.Size([256, 256, 160]) | Label shape: torch.Size([256, 256, 160])
[2026-01-26 14:09:29,212] [DEBUG] [TEST] Batch 4 | Pred shape: torch.Size([256, 256, 160]) | Label shape: torch.Size([256, 256, 160])
[2026-01-26 14:09:29,410] [DEBUG] [TEST] Batch 5 | Pred shape: torch.Size([256, 256, 160]) | Label shape: torch.Size([256, 256, 160])
[2026-01-26 14:09:29,608] [DEBUG] [TEST] Batch 6 | Pred shape: torch.Size([256, 256, 160]) | Label shape: torch.Size([256, 256, 160])
[2026-01-26 14:09:29,811] [DEBUG] [TEST] Batch 7 | Pred shape: torch.Size([256, 256, 160]) | Label shape: torch.Size([256, 256, 160])
[2026-01-26 14:09:29,908] [DEBUG] [TEST] Batch 8 | Pred shape: torch.Size([256, 256, 160]) | Label shape: torch.Size([256, 256, 160])
[2026-01-26 14:09:29,964] [DEBUG] [TEST] Batch 9 | Pred shape: torch.Size([256, 256, 160]) | Label shape: torch.Size([256, 256, 160])
[2026-01-26 14:09:30,056] [DEBUG] [TEST] Batch 10 | Pred shape: torch.Size([256, 256, 160]) | Label shape: torch.Size([256, 256, 160])
[2026-01-26 14:09:31,907] [DEBUG] [TEST] Batch 11 | Pred shape: torch.Size([256, 256, 160]) | Label shape: torch.Size([256, 256, 160])
[2026-01-26 14:09:31,963] [DEBUG] [TEST] Batch 12 | Pred shape: torch.Size([256, 256, 160]) | Label shape: torch.Size([256, 256, 160])
[2026-01-26 14:09:32,457] [DEBUG] [TEST] Batch 13 | Pred shape: torch.Size([256, 256, 160]) | Label shape: torch.Size([256, 256, 160])
[2026-01-26 14:09:32,514] [DEBUG] [TEST] Batch 14 | Pred shape: torch.Size([256, 256, 160]) | Label shape: torch.Size([256, 256, 160])
[2026-01-26 14:09:32,658] [DEBUG] [TEST] Batch 15 | Pred shape: torch.Size([256, 256, 160]) | Label shape: torch.Size([256, 256, 160])
[2026-01-26 14:09:32,844] [DEBUG] [TEST] Batch 16 | Pred shape: torch.Size([256, 256, 160]) | Label shape: torch.Size([256, 256, 160])
[2026-01-26 14:09:39,127] [INFO] [FIT] Final model saved to: Revision2/Run_UNET_NonIID_SH_20260126/Client3/model_final.pth
[2026-01-26 14:10:33,539] [INFO] [COMM][CLIENT] Round=-1 Mode=SH UsedSparsity=0.6 UsedClusters=- BaselineBits=154016352.0 CompressedBits=162327502.7 CR=0.949
[2026-01-26 14:18:47,112] [INFO] [EVALUATE] Starting evaluation...
[2026-01-26 14:18:49,510] [INFO] [DEBUG] Loaded compressed decoded weights.
[2026-01-26 14:19:51,079] [INFO] Model initialized on device: cuda:0
[2026-01-26 14:19:51,079] [INFO] [CLIENT INIT] Mode=SH | Sparsity=ON (UsedSparsity=0.6) | Clusters=OFF (UsedClusters=-) | EnvSparsityCfg={'Conv': 0.6, 'Linear': 0.6, 'Bias': 0.0, 'BatchNorm': 0.0} | EnvNClusters=3
[2026-01-26 14:19:51,468] [INFO] Model initialized on device: cuda:0
[2026-01-26 14:19:51,468] [INFO] [CLIENT INIT] Mode=SH | Sparsity=ON (UsedSparsity=0.6) | Clusters=OFF (UsedClusters=-) | EnvSparsityCfg={'Conv': 0.6, 'Linear': 0.6, 'Bias': 0.0, 'BatchNorm': 0.0} | EnvNClusters=3
[2026-01-26 14:19:51,507] [INFO] Model initialized on device: cuda:0
[2026-01-26 14:19:51,507] [INFO] [CLIENT INIT] Mode=SH | Sparsity=ON (UsedSparsity=0.6) | Clusters=OFF (UsedClusters=-) | EnvSparsityCfg={'Conv': 0.6, 'Linear': 0.6, 'Bias': 0.0, 'BatchNorm': 0.0} | EnvNClusters=3
[2026-01-26 14:19:51,652] [INFO] Model initialized on device: cuda:0
[2026-01-26 14:19:51,653] [INFO] [CLIENT INIT] Mode=SH | Sparsity=ON (UsedSparsity=0.6) | Clusters=OFF (UsedClusters=-) | EnvSparsityCfg={'Conv': 0.6, 'Linear': 0.6, 'Bias': 0.0, 'BatchNorm': 0.0} | EnvNClusters=3
[2026-01-26 14:19:52,157] [INFO] Model initialized on device: cuda:0
[2026-01-26 14:19:52,157] [INFO] [CLIENT INIT] Mode=SH | Sparsity=ON (UsedSparsity=0.6) | Clusters=OFF (UsedClusters=-) | EnvSparsityCfg={'Conv': 0.6, 'Linear': 0.6, 'Bias': 0.0, 'BatchNorm': 0.0} | EnvNClusters=3
[2026-01-26 14:19:52,532] [INFO] Model initialized on device: cuda:0
[2026-01-26 14:19:52,532] [INFO] [CLIENT INIT] Mode=SH | Sparsity=ON (UsedSparsity=0.6) | Clusters=OFF (UsedClusters=-) | EnvSparsityCfg={'Conv': 0.6, 'Linear': 0.6, 'Bias': 0.0, 'BatchNorm': 0.0} | EnvNClusters=3
[2026-01-26 14:19:52,639] [INFO] Model initialized on device: cuda:0
[2026-01-26 14:19:52,639] [INFO] [CLIENT INIT] Mode=SH | Sparsity=ON (UsedSparsity=0.6) | Clusters=OFF (UsedClusters=-) | EnvSparsityCfg={'Conv': 0.6, 'Linear': 0.6, 'Bias': 0.0, 'BatchNorm': 0.0} | EnvNClusters=3
[2026-01-26 14:19:52,654] [INFO] Model initialized on device: cuda:0
[2026-01-26 14:19:52,654] [INFO] [CLIENT INIT] Mode=SH | Sparsity=ON (UsedSparsity=0.6) | Clusters=OFF (UsedClusters=-) | EnvSparsityCfg={'Conv': 0.6, 'Linear': 0.6, 'Bias': 0.0, 'BatchNorm': 0.0} | EnvNClusters=3
[2026-01-26 14:19:52,656] [INFO] Model initialized on device: cuda:0
[2026-01-26 14:19:52,656] [INFO] [CLIENT INIT] Mode=SH | Sparsity=ON (UsedSparsity=0.6) | Clusters=OFF (UsedClusters=-) | EnvSparsityCfg={'Conv': 0.6, 'Linear': 0.6, 'Bias': 0.0, 'BatchNorm': 0.0} | EnvNClusters=3
[2026-01-26 14:19:53,140] [INFO] Model initialized on device: cuda:0
[2026-01-26 14:19:53,140] [INFO] [CLIENT INIT] Mode=SH | Sparsity=ON (UsedSparsity=0.6) | Clusters=OFF (UsedClusters=-) | EnvSparsityCfg={'Conv': 0.6, 'Linear': 0.6, 'Bias': 0.0, 'BatchNorm': 0.0} | EnvNClusters=3
[2026-01-26 14:19:56,934] [DEBUG] [TEST] Batch 1 | Pred shape: torch.Size([256, 256, 160]) | Label shape: torch.Size([256, 256, 160])
[2026-01-26 14:19:57,060] [DEBUG] [TEST] Batch 2 | Pred shape: torch.Size([256, 256, 160]) | Label shape: torch.Size([256, 256, 160])
[2026-01-26 14:19:57,707] [DEBUG] [TEST] Batch 3 | Pred shape: torch.Size([256, 256, 160]) | Label shape: torch.Size([256, 256, 160])
[2026-01-26 14:19:58,018] [DEBUG] [TEST] Batch 4 | Pred shape: torch.Size([256, 256, 160]) | Label shape: torch.Size([256, 256, 160])
[2026-01-26 14:19:58,229] [DEBUG] [TEST] Batch 5 | Pred shape: torch.Size([256, 256, 160]) | Label shape: torch.Size([256, 256, 160])
[2026-01-26 14:19:58,420] [DEBUG] [TEST] Batch 6 | Pred shape: torch.Size([256, 256, 160]) | Label shape: torch.Size([256, 256, 160])
[2026-01-26 14:19:58,528] [DEBUG] [TEST] Batch 7 | Pred shape: torch.Size([256, 256, 160]) | Label shape: torch.Size([256, 256, 160])
[2026-01-26 14:19:58,637] [DEBUG] [TEST] Batch 8 | Pred shape: torch.Size([256, 256, 160]) | Label shape: torch.Size([256, 256, 160])
[2026-01-26 14:19:58,714] [DEBUG] [TEST] Batch 9 | Pred shape: torch.Size([256, 256, 160]) | Label shape: torch.Size([256, 256, 160])
[2026-01-26 14:19:58,815] [DEBUG] [TEST] Batch 10 | Pred shape: torch.Size([256, 256, 160]) | Label shape: torch.Size([256, 256, 160])
[2026-01-26 14:20:01,015] [DEBUG] [TEST] Batch 11 | Pred shape: torch.Size([256, 256, 160]) | Label shape: torch.Size([256, 256, 160])
[2026-01-26 14:20:01,118] [DEBUG] [TEST] Batch 12 | Pred shape: torch.Size([256, 256, 160]) | Label shape: torch.Size([256, 256, 160])
[2026-01-26 14:20:01,315] [DEBUG] [TEST] Batch 13 | Pred shape: torch.Size([256, 256, 160]) | Label shape: torch.Size([256, 256, 160])
[2026-01-26 14:20:01,416] [DEBUG] [TEST] Batch 14 | Pred shape: torch.Size([256, 256, 160]) | Label shape: torch.Size([256, 256, 160])
[2026-01-26 14:20:01,515] [DEBUG] [TEST] Batch 15 | Pred shape: torch.Size([256, 256, 160]) | Label shape: torch.Size([256, 256, 160])
[2026-01-26 14:20:01,619] [DEBUG] [TEST] Batch 16 | Pred shape: torch.Size([256, 256, 160]) | Label shape: torch.Size([256, 256, 160])
[2026-01-26 14:20:10,013] [INFO] [EVALUATE] Dice WT: 1.0000
[2026-01-26 14:20:28,845] [INFO] [FIT] Received parameters. Starting local training...
[2026-01-26 14:20:30,511] [INFO] [DEBUG] Loaded compressed decoded weights.
[2026-01-26 14:21:37,870] [INFO] Model initialized on device: cuda:0
[2026-01-26 14:21:37,870] [INFO] [CLIENT INIT] Mode=SH | Sparsity=ON (UsedSparsity=0.6) | Clusters=OFF (UsedClusters=-) | EnvSparsityCfg={'Conv': 0.6, 'Linear': 0.6, 'Bias': 0.0, 'BatchNorm': 0.0} | EnvNClusters=3
[2026-01-26 14:21:38,064] [INFO] Model initialized on device: cuda:0
[2026-01-26 14:21:38,064] [INFO] [CLIENT INIT] Mode=SH | Sparsity=ON (UsedSparsity=0.6) | Clusters=OFF (UsedClusters=-) | EnvSparsityCfg={'Conv': 0.6, 'Linear': 0.6, 'Bias': 0.0, 'BatchNorm': 0.0} | EnvNClusters=3
[2026-01-26 14:21:38,074] [INFO] Model initialized on device: cuda:0
[2026-01-26 14:21:38,074] [INFO] [CLIENT INIT] Mode=SH | Sparsity=ON (UsedSparsity=0.6) | Clusters=OFF (UsedClusters=-) | EnvSparsityCfg={'Conv': 0.6, 'Linear': 0.6, 'Bias': 0.0, 'BatchNorm': 0.0} | EnvNClusters=3
[2026-01-26 14:21:38,425] [INFO] Model initialized on device: cuda:0
[2026-01-26 14:21:38,425] [INFO] [CLIENT INIT] Mode=SH | Sparsity=ON (UsedSparsity=0.6) | Clusters=OFF (UsedClusters=-) | EnvSparsityCfg={'Conv': 0.6, 'Linear': 0.6, 'Bias': 0.0, 'BatchNorm': 0.0} | EnvNClusters=3
[2026-01-26 14:21:38,516] [INFO] Model initialized on device: cuda:0
[2026-01-26 14:21:38,516] [INFO] [CLIENT INIT] Mode=SH | Sparsity=ON (UsedSparsity=0.6) | Clusters=OFF (UsedClusters=-) | EnvSparsityCfg={'Conv': 0.6, 'Linear': 0.6, 'Bias': 0.0, 'BatchNorm': 0.0} | EnvNClusters=3
[2026-01-26 14:21:39,029] [INFO] Model initialized on device: cuda:0
[2026-01-26 14:21:39,029] [INFO] [CLIENT INIT] Mode=SH | Sparsity=ON (UsedSparsity=0.6) | Clusters=OFF (UsedClusters=-) | EnvSparsityCfg={'Conv': 0.6, 'Linear': 0.6, 'Bias': 0.0, 'BatchNorm': 0.0} | EnvNClusters=3
[2026-01-26 14:21:39,029] [INFO] Model initialized on device: cuda:0
[2026-01-26 14:21:39,030] [INFO] [CLIENT INIT] Mode=SH | Sparsity=ON (UsedSparsity=0.6) | Clusters=OFF (UsedClusters=-) | EnvSparsityCfg={'Conv': 0.6, 'Linear': 0.6, 'Bias': 0.0, 'BatchNorm': 0.0} | EnvNClusters=3
[2026-01-26 14:21:39,427] [INFO] Model initialized on device: cuda:0
[2026-01-26 14:21:39,427] [INFO] [CLIENT INIT] Mode=SH | Sparsity=ON (UsedSparsity=0.6) | Clusters=OFF (UsedClusters=-) | EnvSparsityCfg={'Conv': 0.6, 'Linear': 0.6, 'Bias': 0.0, 'BatchNorm': 0.0} | EnvNClusters=3
[2026-01-26 14:21:39,519] [INFO] Model initialized on device: cuda:0
[2026-01-26 14:21:39,519] [INFO] [CLIENT INIT] Mode=SH | Sparsity=ON (UsedSparsity=0.6) | Clusters=OFF (UsedClusters=-) | EnvSparsityCfg={'Conv': 0.6, 'Linear': 0.6, 'Bias': 0.0, 'BatchNorm': 0.0} | EnvNClusters=3
[2026-01-26 14:21:39,522] [INFO] Model initialized on device: cuda:0
[2026-01-26 14:21:39,522] [INFO] [CLIENT INIT] Mode=SH | Sparsity=ON (UsedSparsity=0.6) | Clusters=OFF (UsedClusters=-) | EnvSparsityCfg={'Conv': 0.6, 'Linear': 0.6, 'Bias': 0.0, 'BatchNorm': 0.0} | EnvNClusters=3
[2026-01-26 14:23:28,862] [INFO] [TRAIN] Epoch 1 Loss: 0.1288
[2026-01-26 14:24:32,349] [INFO] Model initialized on device: cuda:0
[2026-01-26 14:24:32,349] [INFO] [CLIENT INIT] Mode=SH | Sparsity=ON (UsedSparsity=0.6) | Clusters=OFF (UsedClusters=-) | EnvSparsityCfg={'Conv': 0.6, 'Linear': 0.6, 'Bias': 0.0, 'BatchNorm': 0.0} | EnvNClusters=3
[2026-01-26 14:24:32,924] [INFO] Model initialized on device: cuda:0
[2026-01-26 14:24:32,925] [INFO] [CLIENT INIT] Mode=SH | Sparsity=ON (UsedSparsity=0.6) | Clusters=OFF (UsedClusters=-) | EnvSparsityCfg={'Conv': 0.6, 'Linear': 0.6, 'Bias': 0.0, 'BatchNorm': 0.0} | EnvNClusters=3
[2026-01-26 14:24:32,933] [INFO] Model initialized on device: cuda:0
[2026-01-26 14:24:32,933] [INFO] [CLIENT INIT] Mode=SH | Sparsity=ON (UsedSparsity=0.6) | Clusters=OFF (UsedClusters=-) | EnvSparsityCfg={'Conv': 0.6, 'Linear': 0.6, 'Bias': 0.0, 'BatchNorm': 0.0} | EnvNClusters=3
[2026-01-26 14:24:33,012] [INFO] Model initialized on device: cuda:0
[2026-01-26 14:24:33,013] [INFO] [CLIENT INIT] Mode=SH | Sparsity=ON (UsedSparsity=0.6) | Clusters=OFF (UsedClusters=-) | EnvSparsityCfg={'Conv': 0.6, 'Linear': 0.6, 'Bias': 0.0, 'BatchNorm': 0.0} | EnvNClusters=3
[2026-01-26 14:24:33,013] [INFO] Model initialized on device: cuda:0
[2026-01-26 14:24:33,013] [INFO] [CLIENT INIT] Mode=SH | Sparsity=ON (UsedSparsity=0.6) | Clusters=OFF (UsedClusters=-) | EnvSparsityCfg={'Conv': 0.6, 'Linear': 0.6, 'Bias': 0.0, 'BatchNorm': 0.0} | EnvNClusters=3
[2026-01-26 14:24:33,018] [INFO] Model initialized on device: cuda:0
[2026-01-26 14:24:33,019] [INFO] [CLIENT INIT] Mode=SH | Sparsity=ON (UsedSparsity=0.6) | Clusters=OFF (UsedClusters=-) | EnvSparsityCfg={'Conv': 0.6, 'Linear': 0.6, 'Bias': 0.0, 'BatchNorm': 0.0} | EnvNClusters=3
[2026-01-26 14:24:33,026] [INFO] Model initialized on device: cuda:0
[2026-01-26 14:24:33,026] [INFO] [CLIENT INIT] Mode=SH | Sparsity=ON (UsedSparsity=0.6) | Clusters=OFF (UsedClusters=-) | EnvSparsityCfg={'Conv': 0.6, 'Linear': 0.6, 'Bias': 0.0, 'BatchNorm': 0.0} | EnvNClusters=3
[2026-01-26 14:24:33,428] [INFO] Model initialized on device: cuda:0
[2026-01-26 14:24:33,428] [INFO] [CLIENT INIT] Mode=SH | Sparsity=ON (UsedSparsity=0.6) | Clusters=OFF (UsedClusters=-) | EnvSparsityCfg={'Conv': 0.6, 'Linear': 0.6, 'Bias': 0.0, 'BatchNorm': 0.0} | EnvNClusters=3
[2026-01-26 14:24:33,717] [INFO] Model initialized on device: cuda:0
[2026-01-26 14:24:33,717] [INFO] [CLIENT INIT] Mode=SH | Sparsity=ON (UsedSparsity=0.6) | Clusters=OFF (UsedClusters=-) | EnvSparsityCfg={'Conv': 0.6, 'Linear': 0.6, 'Bias': 0.0, 'BatchNorm': 0.0} | EnvNClusters=3
[2026-01-26 14:24:33,723] [INFO] Model initialized on device: cuda:0
[2026-01-26 14:24:33,723] [INFO] [CLIENT INIT] Mode=SH | Sparsity=ON (UsedSparsity=0.6) | Clusters=OFF (UsedClusters=-) | EnvSparsityCfg={'Conv': 0.6, 'Linear': 0.6, 'Bias': 0.0, 'BatchNorm': 0.0} | EnvNClusters=3
[2026-01-26 14:26:15,108] [INFO] [TRAIN] Epoch 2 Loss: 0.1210
[2026-01-26 14:26:50,557] [INFO] Model initialized on device: cuda:0
[2026-01-26 14:26:50,557] [INFO] [CLIENT INIT] Mode=SH | Sparsity=ON (UsedSparsity=0.6) | Clusters=OFF (UsedClusters=-) | EnvSparsityCfg={'Conv': 0.6, 'Linear': 0.6, 'Bias': 0.0, 'BatchNorm': 0.0} | EnvNClusters=3
[2026-01-26 14:26:53,339] [INFO] Model initialized on device: cuda:0
[2026-01-26 14:26:53,339] [INFO] [CLIENT INIT] Mode=SH | Sparsity=ON (UsedSparsity=0.6) | Clusters=OFF (UsedClusters=-) | EnvSparsityCfg={'Conv': 0.6, 'Linear': 0.6, 'Bias': 0.0, 'BatchNorm': 0.0} | EnvNClusters=3
[2026-01-26 14:26:55,921] [INFO] Model initialized on device: cuda:0
[2026-01-26 14:26:55,921] [INFO] [CLIENT INIT] Mode=SH | Sparsity=ON (UsedSparsity=0.6) | Clusters=OFF (UsedClusters=-) | EnvSparsityCfg={'Conv': 0.6, 'Linear': 0.6, 'Bias': 0.0, 'BatchNorm': 0.0} | EnvNClusters=3
[2026-01-26 14:26:56,421] [INFO] Model initialized on device: cuda:0
[2026-01-26 14:26:56,421] [INFO] [CLIENT INIT] Mode=SH | Sparsity=ON (UsedSparsity=0.6) | Clusters=OFF (UsedClusters=-) | EnvSparsityCfg={'Conv': 0.6, 'Linear': 0.6, 'Bias': 0.0, 'BatchNorm': 0.0} | EnvNClusters=3
[2026-01-26 14:27:00,025] [INFO] Model initialized on device: cuda:0
[2026-01-26 14:27:00,025] [INFO] [CLIENT INIT] Mode=SH | Sparsity=ON (UsedSparsity=0.6) | Clusters=OFF (UsedClusters=-) | EnvSparsityCfg={'Conv': 0.6, 'Linear': 0.6, 'Bias': 0.0, 'BatchNorm': 0.0} | EnvNClusters=3
[2026-01-26 14:27:00,207] [INFO] Model initialized on device: cuda:0
[2026-01-26 14:27:00,207] [INFO] [CLIENT INIT] Mode=SH | Sparsity=ON (UsedSparsity=0.6) | Clusters=OFF (UsedClusters=-) | EnvSparsityCfg={'Conv': 0.6, 'Linear': 0.6, 'Bias': 0.0, 'BatchNorm': 0.0} | EnvNClusters=3
[2026-01-26 14:27:01,927] [INFO] Model initialized on device: cuda:0
[2026-01-26 14:27:01,927] [INFO] [CLIENT INIT] Mode=SH | Sparsity=ON (UsedSparsity=0.6) | Clusters=OFF (UsedClusters=-) | EnvSparsityCfg={'Conv': 0.6, 'Linear': 0.6, 'Bias': 0.0, 'BatchNorm': 0.0} | EnvNClusters=3
[2026-01-26 14:27:02,010] [INFO] Model initialized on device: cuda:0
[2026-01-26 14:27:02,010] [INFO] [CLIENT INIT] Mode=SH | Sparsity=ON (UsedSparsity=0.6) | Clusters=OFF (UsedClusters=-) | EnvSparsityCfg={'Conv': 0.6, 'Linear': 0.6, 'Bias': 0.0, 'BatchNorm': 0.0} | EnvNClusters=3
[2026-01-26 14:27:02,623] [INFO] Model initialized on device: cuda:0
[2026-01-26 14:27:02,624] [INFO] [CLIENT INIT] Mode=SH | Sparsity=ON (UsedSparsity=0.6) | Clusters=OFF (UsedClusters=-) | EnvSparsityCfg={'Conv': 0.6, 'Linear': 0.6, 'Bias': 0.0, 'BatchNorm': 0.0} | EnvNClusters=3
[2026-01-26 14:27:09,512] [INFO] Model initialized on device: cuda:0
[2026-01-26 14:27:09,512] [INFO] [CLIENT INIT] Mode=SH | Sparsity=ON (UsedSparsity=0.6) | Clusters=OFF (UsedClusters=-) | EnvSparsityCfg={'Conv': 0.6, 'Linear': 0.6, 'Bias': 0.0, 'BatchNorm': 0.0} | EnvNClusters=3
[2026-01-26 14:28:50,320] [INFO] [TRAIN] Epoch 3 Loss: 0.1160
[2026-01-26 14:29:45,611] [INFO] Model initialized on device: cuda:0
[2026-01-26 14:29:45,611] [INFO] [CLIENT INIT] Mode=SH | Sparsity=ON (UsedSparsity=0.6) | Clusters=OFF (UsedClusters=-) | EnvSparsityCfg={'Conv': 0.6, 'Linear': 0.6, 'Bias': 0.0, 'BatchNorm': 0.0} | EnvNClusters=3
[2026-01-26 14:29:45,810] [INFO] Model initialized on device: cuda:0
[2026-01-26 14:29:45,810] [INFO] [CLIENT INIT] Mode=SH | Sparsity=ON (UsedSparsity=0.6) | Clusters=OFF (UsedClusters=-) | EnvSparsityCfg={'Conv': 0.6, 'Linear': 0.6, 'Bias': 0.0, 'BatchNorm': 0.0} | EnvNClusters=3
[2026-01-26 14:29:46,226] [INFO] Model initialized on device: cuda:0
[2026-01-26 14:29:46,228] [INFO] [CLIENT INIT] Mode=SH | Sparsity=ON (UsedSparsity=0.6) | Clusters=OFF (UsedClusters=-) | EnvSparsityCfg={'Conv': 0.6, 'Linear': 0.6, 'Bias': 0.0, 'BatchNorm': 0.0} | EnvNClusters=3
[2026-01-26 14:29:46,412] [INFO] Model initialized on device: cuda:0
[2026-01-26 14:29:46,413] [INFO] [CLIENT INIT] Mode=SH | Sparsity=ON (UsedSparsity=0.6) | Clusters=OFF (UsedClusters=-) | EnvSparsityCfg={'Conv': 0.6, 'Linear': 0.6, 'Bias': 0.0, 'BatchNorm': 0.0} | EnvNClusters=3
[2026-01-26 14:29:46,423] [INFO] Model initialized on device: cuda:0
[2026-01-26 14:29:46,423] [INFO] [CLIENT INIT] Mode=SH | Sparsity=ON (UsedSparsity=0.6) | Clusters=OFF (UsedClusters=-) | EnvSparsityCfg={'Conv': 0.6, 'Linear': 0.6, 'Bias': 0.0, 'BatchNorm': 0.0} | EnvNClusters=3
[2026-01-26 14:29:46,529] [INFO] Model initialized on device: cuda:0
[2026-01-26 14:29:46,530] [INFO] [CLIENT INIT] Mode=SH | Sparsity=ON (UsedSparsity=0.6) | Clusters=OFF (UsedClusters=-) | EnvSparsityCfg={'Conv': 0.6, 'Linear': 0.6, 'Bias': 0.0, 'BatchNorm': 0.0} | EnvNClusters=3
[2026-01-26 14:29:46,608] [INFO] Model initialized on device: cuda:0
[2026-01-26 14:29:46,608] [INFO] [CLIENT INIT] Mode=SH | Sparsity=ON (UsedSparsity=0.6) | Clusters=OFF (UsedClusters=-) | EnvSparsityCfg={'Conv': 0.6, 'Linear': 0.6, 'Bias': 0.0, 'BatchNorm': 0.0} | EnvNClusters=3
[2026-01-26 14:29:46,617] [INFO] Model initialized on device: cuda:0
[2026-01-26 14:29:46,617] [INFO] [CLIENT INIT] Mode=SH | Sparsity=ON (UsedSparsity=0.6) | Clusters=OFF (UsedClusters=-) | EnvSparsityCfg={'Conv': 0.6, 'Linear': 0.6, 'Bias': 0.0, 'BatchNorm': 0.0} | EnvNClusters=3
[2026-01-26 14:29:46,617] [INFO] Model initialized on device: cuda:0
[2026-01-26 14:29:46,618] [INFO] [CLIENT INIT] Mode=SH | Sparsity=ON (UsedSparsity=0.6) | Clusters=OFF (UsedClusters=-) | EnvSparsityCfg={'Conv': 0.6, 'Linear': 0.6, 'Bias': 0.0, 'BatchNorm': 0.0} | EnvNClusters=3
[2026-01-26 14:29:46,721] [INFO] Model initialized on device: cuda:0
[2026-01-26 14:29:46,721] [INFO] [CLIENT INIT] Mode=SH | Sparsity=ON (UsedSparsity=0.6) | Clusters=OFF (UsedClusters=-) | EnvSparsityCfg={'Conv': 0.6, 'Linear': 0.6, 'Bias': 0.0, 'BatchNorm': 0.0} | EnvNClusters=3
[2026-01-26 14:31:29,538] [INFO] [TRAIN] Epoch 4 Loss: 0.1140
[2026-01-26 14:32:21,429] [INFO] Model initialized on device: cuda:0
[2026-01-26 14:32:21,430] [INFO] [CLIENT INIT] Mode=SH | Sparsity=ON (UsedSparsity=0.6) | Clusters=OFF (UsedClusters=-) | EnvSparsityCfg={'Conv': 0.6, 'Linear': 0.6, 'Bias': 0.0, 'BatchNorm': 0.0} | EnvNClusters=3
[2026-01-26 14:32:21,630] [INFO] Model initialized on device: cuda:0
[2026-01-26 14:32:21,631] [INFO] [CLIENT INIT] Mode=SH | Sparsity=ON (UsedSparsity=0.6) | Clusters=OFF (UsedClusters=-) | EnvSparsityCfg={'Conv': 0.6, 'Linear': 0.6, 'Bias': 0.0, 'BatchNorm': 0.0} | EnvNClusters=3
[2026-01-26 14:32:21,634] [INFO] Model initialized on device: cuda:0
[2026-01-26 14:32:21,634] [INFO] [CLIENT INIT] Mode=SH | Sparsity=ON (UsedSparsity=0.6) | Clusters=OFF (UsedClusters=-) | EnvSparsityCfg={'Conv': 0.6, 'Linear': 0.6, 'Bias': 0.0, 'BatchNorm': 0.0} | EnvNClusters=3
[2026-01-26 14:32:21,734] [INFO] Model initialized on device: cuda:0
[2026-01-26 14:32:21,734] [INFO] [CLIENT INIT] Mode=SH | Sparsity=ON (UsedSparsity=0.6) | Clusters=OFF (UsedClusters=-) | EnvSparsityCfg={'Conv': 0.6, 'Linear': 0.6, 'Bias': 0.0, 'BatchNorm': 0.0} | EnvNClusters=3
[2026-01-26 14:32:21,811] [INFO] Model initialized on device: cuda:0
[2026-01-26 14:32:21,811] [INFO] [CLIENT INIT] Mode=SH | Sparsity=ON (UsedSparsity=0.6) | Clusters=OFF (UsedClusters=-) | EnvSparsityCfg={'Conv': 0.6, 'Linear': 0.6, 'Bias': 0.0, 'BatchNorm': 0.0} | EnvNClusters=3
[2026-01-26 14:32:21,910] [INFO] Model initialized on device: cuda:0
[2026-01-26 14:32:21,910] [INFO] Model initialized on device: cuda:0
[2026-01-26 14:32:21,910] [INFO] [CLIENT INIT] Mode=SH | Sparsity=ON (UsedSparsity=0.6) | Clusters=OFF (UsedClusters=-) | EnvSparsityCfg={'Conv': 0.6, 'Linear': 0.6, 'Bias': 0.0, 'BatchNorm': 0.0} | EnvNClusters=3
[2026-01-26 14:32:21,910] [INFO] [CLIENT INIT] Mode=SH | Sparsity=ON (UsedSparsity=0.6) | Clusters=OFF (UsedClusters=-) | EnvSparsityCfg={'Conv': 0.6, 'Linear': 0.6, 'Bias': 0.0, 'BatchNorm': 0.0} | EnvNClusters=3
[2026-01-26 14:32:21,913] [INFO] Model initialized on device: cuda:0
[2026-01-26 14:32:21,913] [INFO] [CLIENT INIT] Mode=SH | Sparsity=ON (UsedSparsity=0.6) | Clusters=OFF (UsedClusters=-) | EnvSparsityCfg={'Conv': 0.6, 'Linear': 0.6, 'Bias': 0.0, 'BatchNorm': 0.0} | EnvNClusters=3
[2026-01-26 14:32:21,920] [INFO] Model initialized on device: cuda:0
[2026-01-26 14:32:21,920] [INFO] [CLIENT INIT] Mode=SH | Sparsity=ON (UsedSparsity=0.6) | Clusters=OFF (UsedClusters=-) | EnvSparsityCfg={'Conv': 0.6, 'Linear': 0.6, 'Bias': 0.0, 'BatchNorm': 0.0} | EnvNClusters=3
[2026-01-26 14:32:21,921] [INFO] Model initialized on device: cuda:0
[2026-01-26 14:32:21,921] [INFO] [CLIENT INIT] Mode=SH | Sparsity=ON (UsedSparsity=0.6) | Clusters=OFF (UsedClusters=-) | EnvSparsityCfg={'Conv': 0.6, 'Linear': 0.6, 'Bias': 0.0, 'BatchNorm': 0.0} | EnvNClusters=3
[2026-01-26 14:34:05,014] [INFO] [TRAIN] Epoch 5 Loss: 0.1158
[2026-01-26 14:34:05,016] [INFO] [FIT] Local training finished. Avg Loss: 0.1191
[2026-01-26 14:34:41,322] [INFO] Model initialized on device: cuda:0
[2026-01-26 14:34:41,322] [INFO] [CLIENT INIT] Mode=SH | Sparsity=ON (UsedSparsity=0.6) | Clusters=OFF (UsedClusters=-) | EnvSparsityCfg={'Conv': 0.6, 'Linear': 0.6, 'Bias': 0.0, 'BatchNorm': 0.0} | EnvNClusters=3
[2026-01-26 14:34:42,713] [INFO] Model initialized on device: cuda:0
[2026-01-26 14:34:42,714] [INFO] [CLIENT INIT] Mode=SH | Sparsity=ON (UsedSparsity=0.6) | Clusters=OFF (UsedClusters=-) | EnvSparsityCfg={'Conv': 0.6, 'Linear': 0.6, 'Bias': 0.0, 'BatchNorm': 0.0} | EnvNClusters=3
[2026-01-26 14:34:46,214] [INFO] Model initialized on device: cuda:0
[2026-01-26 14:34:46,214] [INFO] [CLIENT INIT] Mode=SH | Sparsity=ON (UsedSparsity=0.6) | Clusters=OFF (UsedClusters=-) | EnvSparsityCfg={'Conv': 0.6, 'Linear': 0.6, 'Bias': 0.0, 'BatchNorm': 0.0} | EnvNClusters=3
[2026-01-26 14:34:46,322] [INFO] Model initialized on device: cuda:0
[2026-01-26 14:34:46,323] [INFO] [CLIENT INIT] Mode=SH | Sparsity=ON (UsedSparsity=0.6) | Clusters=OFF (UsedClusters=-) | EnvSparsityCfg={'Conv': 0.6, 'Linear': 0.6, 'Bias': 0.0, 'BatchNorm': 0.0} | EnvNClusters=3
[2026-01-26 14:34:46,509] [INFO] Model initialized on device: cuda:0
[2026-01-26 14:34:46,509] [INFO] [CLIENT INIT] Mode=SH | Sparsity=ON (UsedSparsity=0.6) | Clusters=OFF (UsedClusters=-) | EnvSparsityCfg={'Conv': 0.6, 'Linear': 0.6, 'Bias': 0.0, 'BatchNorm': 0.0} | EnvNClusters=3
[2026-01-26 14:34:46,512] [INFO] Model initialized on device: cuda:0
[2026-01-26 14:34:46,512] [INFO] [CLIENT INIT] Mode=SH | Sparsity=ON (UsedSparsity=0.6) | Clusters=OFF (UsedClusters=-) | EnvSparsityCfg={'Conv': 0.6, 'Linear': 0.6, 'Bias': 0.0, 'BatchNorm': 0.0} | EnvNClusters=3
[2026-01-26 14:34:46,521] [INFO] Model initialized on device: cuda:0
[2026-01-26 14:34:46,521] [INFO] [CLIENT INIT] Mode=SH | Sparsity=ON (UsedSparsity=0.6) | Clusters=OFF (UsedClusters=-) | EnvSparsityCfg={'Conv': 0.6, 'Linear': 0.6, 'Bias': 0.0, 'BatchNorm': 0.0} | EnvNClusters=3
[2026-01-26 14:34:46,523] [INFO] Model initialized on device: cuda:0
[2026-01-26 14:34:46,524] [INFO] [CLIENT INIT] Mode=SH | Sparsity=ON (UsedSparsity=0.6) | Clusters=OFF (UsedClusters=-) | EnvSparsityCfg={'Conv': 0.6, 'Linear': 0.6, 'Bias': 0.0, 'BatchNorm': 0.0} | EnvNClusters=3
[2026-01-26 14:34:46,527] [INFO] Model initialized on device: cuda:0
[2026-01-26 14:34:46,527] [INFO] [CLIENT INIT] Mode=SH | Sparsity=ON (UsedSparsity=0.6) | Clusters=OFF (UsedClusters=-) | EnvSparsityCfg={'Conv': 0.6, 'Linear': 0.6, 'Bias': 0.0, 'BatchNorm': 0.0} | EnvNClusters=3
[2026-01-26 14:34:46,527] [INFO] Model initialized on device: cuda:0
[2026-01-26 14:34:46,527] [INFO] [CLIENT INIT] Mode=SH | Sparsity=ON (UsedSparsity=0.6) | Clusters=OFF (UsedClusters=-) | EnvSparsityCfg={'Conv': 0.6, 'Linear': 0.6, 'Bias': 0.0, 'BatchNorm': 0.0} | EnvNClusters=3
[2026-01-26 14:34:54,023] [DEBUG] [TEST] Batch 1 | Pred shape: torch.Size([256, 256, 160]) | Label shape: torch.Size([256, 256, 160])
[2026-01-26 14:34:54,216] [DEBUG] [TEST] Batch 2 | Pred shape: torch.Size([256, 256, 160]) | Label shape: torch.Size([256, 256, 160])
[2026-01-26 14:34:54,354] [DEBUG] [TEST] Batch 3 | Pred shape: torch.Size([256, 256, 160]) | Label shape: torch.Size([256, 256, 160])
[2026-01-26 14:34:54,415] [DEBUG] [TEST] Batch 4 | Pred shape: torch.Size([256, 256, 160]) | Label shape: torch.Size([256, 256, 160])
[2026-01-26 14:34:54,514] [DEBUG] [TEST] Batch 5 | Pred shape: torch.Size([256, 256, 160]) | Label shape: torch.Size([256, 256, 160])
[2026-01-26 14:34:54,617] [DEBUG] [TEST] Batch 6 | Pred shape: torch.Size([256, 256, 160]) | Label shape: torch.Size([256, 256, 160])
[2026-01-26 14:34:54,734] [DEBUG] [TEST] Batch 7 | Pred shape: torch.Size([256, 256, 160]) | Label shape: torch.Size([256, 256, 160])
[2026-01-26 14:34:54,819] [DEBUG] [TEST] Batch 8 | Pred shape: torch.Size([256, 256, 160]) | Label shape: torch.Size([256, 256, 160])
[2026-01-26 14:34:55,115] [DEBUG] [TEST] Batch 9 | Pred shape: torch.Size([256, 256, 160]) | Label shape: torch.Size([256, 256, 160])
[2026-01-26 14:34:55,215] [DEBUG] [TEST] Batch 10 | Pred shape: torch.Size([256, 256, 160]) | Label shape: torch.Size([256, 256, 160])
[2026-01-26 14:34:58,146] [DEBUG] [TEST] Batch 11 | Pred shape: torch.Size([256, 256, 160]) | Label shape: torch.Size([256, 256, 160])
[2026-01-26 14:34:58,214] [DEBUG] [TEST] Batch 12 | Pred shape: torch.Size([256, 256, 160]) | Label shape: torch.Size([256, 256, 160])
[2026-01-26 14:34:58,311] [DEBUG] [TEST] Batch 13 | Pred shape: torch.Size([256, 256, 160]) | Label shape: torch.Size([256, 256, 160])
[2026-01-26 14:34:58,372] [DEBUG] [TEST] Batch 14 | Pred shape: torch.Size([256, 256, 160]) | Label shape: torch.Size([256, 256, 160])
[2026-01-26 14:34:58,446] [DEBUG] [TEST] Batch 15 | Pred shape: torch.Size([256, 256, 160]) | Label shape: torch.Size([256, 256, 160])
[2026-01-26 14:34:58,514] [DEBUG] [TEST] Batch 16 | Pred shape: torch.Size([256, 256, 160]) | Label shape: torch.Size([256, 256, 160])
[2026-01-26 14:35:03,407] [INFO] [FIT] Final model saved to: Revision2/Run_UNET_NonIID_SH_20260126/Client3/model_final.pth
[2026-01-26 14:36:05,243] [INFO] [COMM][CLIENT] Round=-1 Mode=SH UsedSparsity=0.6 UsedClusters=- BaselineBits=154016352.0 CompressedBits=163207474.7 CR=0.944
[2026-01-26 14:43:59,644] [INFO] [EVALUATE] Starting evaluation...
[2026-01-26 14:44:01,514] [INFO] [DEBUG] Loaded compressed decoded weights.
[2026-01-26 14:45:04,760] [INFO] Model initialized on device: cuda:0
[2026-01-26 14:45:04,760] [INFO] [CLIENT INIT] Mode=SH | Sparsity=ON (UsedSparsity=0.6) | Clusters=OFF (UsedClusters=-) | EnvSparsityCfg={'Conv': 0.6, 'Linear': 0.6, 'Bias': 0.0, 'BatchNorm': 0.0} | EnvNClusters=3
[2026-01-26 14:45:05,076] [INFO] Model initialized on device: cuda:0
[2026-01-26 14:45:05,077] [INFO] [CLIENT INIT] Mode=SH | Sparsity=ON (UsedSparsity=0.6) | Clusters=OFF (UsedClusters=-) | EnvSparsityCfg={'Conv': 0.6, 'Linear': 0.6, 'Bias': 0.0, 'BatchNorm': 0.0} | EnvNClusters=3
[2026-01-26 14:45:06,555] [INFO] Model initialized on device: cuda:0
[2026-01-26 14:45:06,555] [INFO] [CLIENT INIT] Mode=SH | Sparsity=ON (UsedSparsity=0.6) | Clusters=OFF (UsedClusters=-) | EnvSparsityCfg={'Conv': 0.6, 'Linear': 0.6, 'Bias': 0.0, 'BatchNorm': 0.0} | EnvNClusters=3
[2026-01-26 14:45:06,555] [INFO] Model initialized on device: cuda:0
[2026-01-26 14:45:06,555] [INFO] [CLIENT INIT] Mode=SH | Sparsity=ON (UsedSparsity=0.6) | Clusters=OFF (UsedClusters=-) | EnvSparsityCfg={'Conv': 0.6, 'Linear': 0.6, 'Bias': 0.0, 'BatchNorm': 0.0} | EnvNClusters=3
[2026-01-26 14:45:06,638] [INFO] Model initialized on device: cuda:0
[2026-01-26 14:45:06,638] [INFO] [CLIENT INIT] Mode=SH | Sparsity=ON (UsedSparsity=0.6) | Clusters=OFF (UsedClusters=-) | EnvSparsityCfg={'Conv': 0.6, 'Linear': 0.6, 'Bias': 0.0, 'BatchNorm': 0.0} | EnvNClusters=3
[2026-01-26 14:45:06,642] [INFO] Model initialized on device: cuda:0
[2026-01-26 14:45:06,642] [INFO] [CLIENT INIT] Mode=SH | Sparsity=ON (UsedSparsity=0.6) | Clusters=OFF (UsedClusters=-) | EnvSparsityCfg={'Conv': 0.6, 'Linear': 0.6, 'Bias': 0.0, 'BatchNorm': 0.0} | EnvNClusters=3
[2026-01-26 14:45:06,848] [INFO] Model initialized on device: cuda:0
[2026-01-26 14:45:06,848] [INFO] [CLIENT INIT] Mode=SH | Sparsity=ON (UsedSparsity=0.6) | Clusters=OFF (UsedClusters=-) | EnvSparsityCfg={'Conv': 0.6, 'Linear': 0.6, 'Bias': 0.0, 'BatchNorm': 0.0} | EnvNClusters=3
[2026-01-26 14:45:06,952] [INFO] Model initialized on device: cuda:0
[2026-01-26 14:45:06,953] [INFO] [CLIENT INIT] Mode=SH | Sparsity=ON (UsedSparsity=0.6) | Clusters=OFF (UsedClusters=-) | EnvSparsityCfg={'Conv': 0.6, 'Linear': 0.6, 'Bias': 0.0, 'BatchNorm': 0.0} | EnvNClusters=3
[2026-01-26 14:45:07,465] [INFO] Model initialized on device: cuda:0
[2026-01-26 14:45:07,465] [INFO] [CLIENT INIT] Mode=SH | Sparsity=ON (UsedSparsity=0.6) | Clusters=OFF (UsedClusters=-) | EnvSparsityCfg={'Conv': 0.6, 'Linear': 0.6, 'Bias': 0.0, 'BatchNorm': 0.0} | EnvNClusters=3
[2026-01-26 14:45:07,832] [INFO] Model initialized on device: cuda:0
[2026-01-26 14:45:07,833] [INFO] [CLIENT INIT] Mode=SH | Sparsity=ON (UsedSparsity=0.6) | Clusters=OFF (UsedClusters=-) | EnvSparsityCfg={'Conv': 0.6, 'Linear': 0.6, 'Bias': 0.0, 'BatchNorm': 0.0} | EnvNClusters=3
[2026-01-26 14:45:13,523] [DEBUG] [TEST] Batch 1 | Pred shape: torch.Size([256, 256, 160]) | Label shape: torch.Size([256, 256, 160])
[2026-01-26 14:45:13,723] [DEBUG] [TEST] Batch 2 | Pred shape: torch.Size([256, 256, 160]) | Label shape: torch.Size([256, 256, 160])
[2026-01-26 14:45:13,846] [DEBUG] [TEST] Batch 3 | Pred shape: torch.Size([256, 256, 160]) | Label shape: torch.Size([256, 256, 160])
[2026-01-26 14:45:14,715] [DEBUG] [TEST] Batch 4 | Pred shape: torch.Size([256, 256, 160]) | Label shape: torch.Size([256, 256, 160])
[2026-01-26 14:45:14,814] [DEBUG] [TEST] Batch 5 | Pred shape: torch.Size([256, 256, 160]) | Label shape: torch.Size([256, 256, 160])
[2026-01-26 14:45:14,914] [DEBUG] [TEST] Batch 6 | Pred shape: torch.Size([256, 256, 160]) | Label shape: torch.Size([256, 256, 160])
[2026-01-26 14:45:15,014] [DEBUG] [TEST] Batch 7 | Pred shape: torch.Size([256, 256, 160]) | Label shape: torch.Size([256, 256, 160])
[2026-01-26 14:45:15,115] [DEBUG] [TEST] Batch 8 | Pred shape: torch.Size([256, 256, 160]) | Label shape: torch.Size([256, 256, 160])
[2026-01-26 14:45:15,214] [DEBUG] [TEST] Batch 9 | Pred shape: torch.Size([256, 256, 160]) | Label shape: torch.Size([256, 256, 160])
[2026-01-26 14:45:15,314] [DEBUG] [TEST] Batch 10 | Pred shape: torch.Size([256, 256, 160]) | Label shape: torch.Size([256, 256, 160])
[2026-01-26 14:45:18,727] [DEBUG] [TEST] Batch 11 | Pred shape: torch.Size([256, 256, 160]) | Label shape: torch.Size([256, 256, 160])
[2026-01-26 14:45:18,927] [DEBUG] [TEST] Batch 12 | Pred shape: torch.Size([256, 256, 160]) | Label shape: torch.Size([256, 256, 160])
[2026-01-26 14:45:19,128] [DEBUG] [TEST] Batch 13 | Pred shape: torch.Size([256, 256, 160]) | Label shape: torch.Size([256, 256, 160])
[2026-01-26 14:45:20,121] [DEBUG] [TEST] Batch 14 | Pred shape: torch.Size([256, 256, 160]) | Label shape: torch.Size([256, 256, 160])
[2026-01-26 14:45:20,241] [DEBUG] [TEST] Batch 15 | Pred shape: torch.Size([256, 256, 160]) | Label shape: torch.Size([256, 256, 160])
[2026-01-26 14:45:20,423] [DEBUG] [TEST] Batch 16 | Pred shape: torch.Size([256, 256, 160]) | Label shape: torch.Size([256, 256, 160])
[2026-01-26 14:45:26,839] [INFO] [EVALUATE] Dice WT: 0.1353
[2026-01-26 14:45:43,793] [INFO] [FIT] Received parameters. Starting local training...
[2026-01-26 14:45:46,415] [INFO] [DEBUG] Loaded compressed decoded weights.
[2026-01-26 14:46:53,975] [INFO] Model initialized on device: cuda:0
[2026-01-26 14:46:53,975] [INFO] [CLIENT INIT] Mode=SH | Sparsity=ON (UsedSparsity=0.6) | Clusters=OFF (UsedClusters=-) | EnvSparsityCfg={'Conv': 0.6, 'Linear': 0.6, 'Bias': 0.0, 'BatchNorm': 0.0} | EnvNClusters=3
[2026-01-26 14:46:54,122] [INFO] Model initialized on device: cuda:0
[2026-01-26 14:46:54,122] [INFO] [CLIENT INIT] Mode=SH | Sparsity=ON (UsedSparsity=0.6) | Clusters=OFF (UsedClusters=-) | EnvSparsityCfg={'Conv': 0.6, 'Linear': 0.6, 'Bias': 0.0, 'BatchNorm': 0.0} | EnvNClusters=3
[2026-01-26 14:46:54,277] [INFO] Model initialized on device: cuda:0
[2026-01-26 14:46:54,277] [INFO] [CLIENT INIT] Mode=SH | Sparsity=ON (UsedSparsity=0.6) | Clusters=OFF (UsedClusters=-) | EnvSparsityCfg={'Conv': 0.6, 'Linear': 0.6, 'Bias': 0.0, 'BatchNorm': 0.0} | EnvNClusters=3
[2026-01-26 14:46:55,009] [INFO] Model initialized on device: cuda:0
[2026-01-26 14:46:55,009] [INFO] [CLIENT INIT] Mode=SH | Sparsity=ON (UsedSparsity=0.6) | Clusters=OFF (UsedClusters=-) | EnvSparsityCfg={'Conv': 0.6, 'Linear': 0.6, 'Bias': 0.0, 'BatchNorm': 0.0} | EnvNClusters=3
[2026-01-26 14:46:55,434] [INFO] Model initialized on device: cuda:0
[2026-01-26 14:46:55,434] [INFO] [CLIENT INIT] Mode=SH | Sparsity=ON (UsedSparsity=0.6) | Clusters=OFF (UsedClusters=-) | EnvSparsityCfg={'Conv': 0.6, 'Linear': 0.6, 'Bias': 0.0, 'BatchNorm': 0.0} | EnvNClusters=3
[2026-01-26 14:46:55,439] [INFO] Model initialized on device: cuda:0
[2026-01-26 14:46:55,439] [INFO] [CLIENT INIT] Mode=SH | Sparsity=ON (UsedSparsity=0.6) | Clusters=OFF (UsedClusters=-) | EnvSparsityCfg={'Conv': 0.6, 'Linear': 0.6, 'Bias': 0.0, 'BatchNorm': 0.0} | EnvNClusters=3
[2026-01-26 14:46:55,513] [INFO] Model initialized on device: cuda:0
[2026-01-26 14:46:55,514] [INFO] [CLIENT INIT] Mode=SH | Sparsity=ON (UsedSparsity=0.6) | Clusters=OFF (UsedClusters=-) | EnvSparsityCfg={'Conv': 0.6, 'Linear': 0.6, 'Bias': 0.0, 'BatchNorm': 0.0} | EnvNClusters=3
[2026-01-26 14:46:55,641] [INFO] Model initialized on device: cuda:0
[2026-01-26 14:46:55,641] [INFO] [CLIENT INIT] Mode=SH | Sparsity=ON (UsedSparsity=0.6) | Clusters=OFF (UsedClusters=-) | EnvSparsityCfg={'Conv': 0.6, 'Linear': 0.6, 'Bias': 0.0, 'BatchNorm': 0.0} | EnvNClusters=3
[2026-01-26 14:46:55,810] [INFO] Model initialized on device: cuda:0
[2026-01-26 14:46:55,810] [INFO] [CLIENT INIT] Mode=SH | Sparsity=ON (UsedSparsity=0.6) | Clusters=OFF (UsedClusters=-) | EnvSparsityCfg={'Conv': 0.6, 'Linear': 0.6, 'Bias': 0.0, 'BatchNorm': 0.0} | EnvNClusters=3
[2026-01-26 14:46:55,812] [INFO] Model initialized on device: cuda:0
[2026-01-26 14:46:55,813] [INFO] [CLIENT INIT] Mode=SH | Sparsity=ON (UsedSparsity=0.6) | Clusters=OFF (UsedClusters=-) | EnvSparsityCfg={'Conv': 0.6, 'Linear': 0.6, 'Bias': 0.0, 'BatchNorm': 0.0} | EnvNClusters=3
[2026-01-26 14:48:45,217] [INFO] [TRAIN] Epoch 1 Loss: 0.1232
[2026-01-26 14:49:47,444] [INFO] Model initialized on device: cuda:0
[2026-01-26 14:49:47,444] [INFO] [CLIENT INIT] Mode=SH | Sparsity=ON (UsedSparsity=0.6) | Clusters=OFF (UsedClusters=-) | EnvSparsityCfg={'Conv': 0.6, 'Linear': 0.6, 'Bias': 0.0, 'BatchNorm': 0.0} | EnvNClusters=3
[2026-01-26 14:49:48,022] [INFO] Model initialized on device: cuda:0
[2026-01-26 14:49:48,022] [INFO] [CLIENT INIT] Mode=SH | Sparsity=ON (UsedSparsity=0.6) | Clusters=OFF (UsedClusters=-) | EnvSparsityCfg={'Conv': 0.6, 'Linear': 0.6, 'Bias': 0.0, 'BatchNorm': 0.0} | EnvNClusters=3
[2026-01-26 14:49:48,026] [INFO] Model initialized on device: cuda:0
[2026-01-26 14:49:48,027] [INFO] [CLIENT INIT] Mode=SH | Sparsity=ON (UsedSparsity=0.6) | Clusters=OFF (UsedClusters=-) | EnvSparsityCfg={'Conv': 0.6, 'Linear': 0.6, 'Bias': 0.0, 'BatchNorm': 0.0} | EnvNClusters=3
[2026-01-26 14:49:48,140] [INFO] Model initialized on device: cuda:0
[2026-01-26 14:49:48,140] [INFO] [CLIENT INIT] Mode=SH | Sparsity=ON (UsedSparsity=0.6) | Clusters=OFF (UsedClusters=-) | EnvSparsityCfg={'Conv': 0.6, 'Linear': 0.6, 'Bias': 0.0, 'BatchNorm': 0.0} | EnvNClusters=3
[2026-01-26 14:49:48,339] [INFO] Model initialized on device: cuda:0
[2026-01-26 14:49:48,340] [INFO] [CLIENT INIT] Mode=SH | Sparsity=ON (UsedSparsity=0.6) | Clusters=OFF (UsedClusters=-) | EnvSparsityCfg={'Conv': 0.6, 'Linear': 0.6, 'Bias': 0.0, 'BatchNorm': 0.0} | EnvNClusters=3
[2026-01-26 14:49:48,417] [INFO] Model initialized on device: cuda:0
[2026-01-26 14:49:48,417] [INFO] [CLIENT INIT] Mode=SH | Sparsity=ON (UsedSparsity=0.6) | Clusters=OFF (UsedClusters=-) | EnvSparsityCfg={'Conv': 0.6, 'Linear': 0.6, 'Bias': 0.0, 'BatchNorm': 0.0} | EnvNClusters=3
[2026-01-26 14:49:48,432] [INFO] Model initialized on device: cuda:0
[2026-01-26 14:49:48,432] [INFO] [CLIENT INIT] Mode=SH | Sparsity=ON (UsedSparsity=0.6) | Clusters=OFF (UsedClusters=-) | EnvSparsityCfg={'Conv': 0.6, 'Linear': 0.6, 'Bias': 0.0, 'BatchNorm': 0.0} | EnvNClusters=3
[2026-01-26 14:49:48,721] [INFO] Model initialized on device: cuda:0
[2026-01-26 14:49:48,722] [INFO] [CLIENT INIT] Mode=SH | Sparsity=ON (UsedSparsity=0.6) | Clusters=OFF (UsedClusters=-) | EnvSparsityCfg={'Conv': 0.6, 'Linear': 0.6, 'Bias': 0.0, 'BatchNorm': 0.0} | EnvNClusters=3
[2026-01-26 14:49:48,811] [INFO] Model initialized on device: cuda:0
[2026-01-26 14:49:48,811] [INFO] [CLIENT INIT] Mode=SH | Sparsity=ON (UsedSparsity=0.6) | Clusters=OFF (UsedClusters=-) | EnvSparsityCfg={'Conv': 0.6, 'Linear': 0.6, 'Bias': 0.0, 'BatchNorm': 0.0} | EnvNClusters=3
[2026-01-26 14:49:48,824] [INFO] Model initialized on device: cuda:0
[2026-01-26 14:49:48,824] [INFO] [CLIENT INIT] Mode=SH | Sparsity=ON (UsedSparsity=0.6) | Clusters=OFF (UsedClusters=-) | EnvSparsityCfg={'Conv': 0.6, 'Linear': 0.6, 'Bias': 0.0, 'BatchNorm': 0.0} | EnvNClusters=3
[2026-01-26 14:51:32,208] [INFO] [TRAIN] Epoch 2 Loss: 0.1143
[2026-01-26 14:52:13,817] [INFO] Model initialized on device: cuda:0
[2026-01-26 14:52:13,818] [INFO] [CLIENT INIT] Mode=SH | Sparsity=ON (UsedSparsity=0.6) | Clusters=OFF (UsedClusters=-) | EnvSparsityCfg={'Conv': 0.6, 'Linear': 0.6, 'Bias': 0.0, 'BatchNorm': 0.0} | EnvNClusters=3
[2026-01-26 14:52:15,219] [INFO] Model initialized on device: cuda:0
[2026-01-26 14:52:15,219] [INFO] [CLIENT INIT] Mode=SH | Sparsity=ON (UsedSparsity=0.6) | Clusters=OFF (UsedClusters=-) | EnvSparsityCfg={'Conv': 0.6, 'Linear': 0.6, 'Bias': 0.0, 'BatchNorm': 0.0} | EnvNClusters=3
[2026-01-26 14:52:17,917] [INFO] Model initialized on device: cuda:0
[2026-01-26 14:52:17,918] [INFO] [CLIENT INIT] Mode=SH | Sparsity=ON (UsedSparsity=0.6) | Clusters=OFF (UsedClusters=-) | EnvSparsityCfg={'Conv': 0.6, 'Linear': 0.6, 'Bias': 0.0, 'BatchNorm': 0.0} | EnvNClusters=3
[2026-01-26 14:52:17,919] [INFO] Model initialized on device: cuda:0
[2026-01-26 14:52:17,919] [INFO] [CLIENT INIT] Mode=SH | Sparsity=ON (UsedSparsity=0.6) | Clusters=OFF (UsedClusters=-) | EnvSparsityCfg={'Conv': 0.6, 'Linear': 0.6, 'Bias': 0.0, 'BatchNorm': 0.0} | EnvNClusters=3
[2026-01-26 14:52:17,921] [INFO] Model initialized on device: cuda:0
[2026-01-26 14:52:17,921] [INFO] [CLIENT INIT] Mode=SH | Sparsity=ON (UsedSparsity=0.6) | Clusters=OFF (UsedClusters=-) | EnvSparsityCfg={'Conv': 0.6, 'Linear': 0.6, 'Bias': 0.0, 'BatchNorm': 0.0} | EnvNClusters=3
[2026-01-26 14:52:17,925] [INFO] Model initialized on device: cuda:0
[2026-01-26 14:52:17,925] [INFO] [CLIENT INIT] Mode=SH | Sparsity=ON (UsedSparsity=0.6) | Clusters=OFF (UsedClusters=-) | EnvSparsityCfg={'Conv': 0.6, 'Linear': 0.6, 'Bias': 0.0, 'BatchNorm': 0.0} | EnvNClusters=3
[2026-01-26 14:52:18,012] [INFO] Model initialized on device: cuda:0
[2026-01-26 14:52:18,013] [INFO] [CLIENT INIT] Mode=SH | Sparsity=ON (UsedSparsity=0.6) | Clusters=OFF (UsedClusters=-) | EnvSparsityCfg={'Conv': 0.6, 'Linear': 0.6, 'Bias': 0.0, 'BatchNorm': 0.0} | EnvNClusters=3
[2026-01-26 14:52:18,016] [INFO] Model initialized on device: cuda:0
[2026-01-26 14:52:18,016] [INFO] [CLIENT INIT] Mode=SH | Sparsity=ON (UsedSparsity=0.6) | Clusters=OFF (UsedClusters=-) | EnvSparsityCfg={'Conv': 0.6, 'Linear': 0.6, 'Bias': 0.0, 'BatchNorm': 0.0} | EnvNClusters=3
[2026-01-26 14:52:18,017] [INFO] Model initialized on device: cuda:0
[2026-01-26 14:52:18,018] [INFO] [CLIENT INIT] Mode=SH | Sparsity=ON (UsedSparsity=0.6) | Clusters=OFF (UsedClusters=-) | EnvSparsityCfg={'Conv': 0.6, 'Linear': 0.6, 'Bias': 0.0, 'BatchNorm': 0.0} | EnvNClusters=3
[2026-01-26 14:52:18,028] [INFO] Model initialized on device: cuda:0
[2026-01-26 14:52:18,029] [INFO] [CLIENT INIT] Mode=SH | Sparsity=ON (UsedSparsity=0.6) | Clusters=OFF (UsedClusters=-) | EnvSparsityCfg={'Conv': 0.6, 'Linear': 0.6, 'Bias': 0.0, 'BatchNorm': 0.0} | EnvNClusters=3
[2026-01-26 14:54:02,016] [INFO] [TRAIN] Epoch 3 Loss: 0.1140
[2026-01-26 14:54:37,215] [INFO] Model initialized on device: cuda:0
[2026-01-26 14:54:37,215] [INFO] [CLIENT INIT] Mode=SH | Sparsity=ON (UsedSparsity=0.6) | Clusters=OFF (UsedClusters=-) | EnvSparsityCfg={'Conv': 0.6, 'Linear': 0.6, 'Bias': 0.0, 'BatchNorm': 0.0} | EnvNClusters=3
[2026-01-26 14:54:45,613] [INFO] Model initialized on device: cuda:0
[2026-01-26 14:54:45,613] [INFO] [CLIENT INIT] Mode=SH | Sparsity=ON (UsedSparsity=0.6) | Clusters=OFF (UsedClusters=-) | EnvSparsityCfg={'Conv': 0.6, 'Linear': 0.6, 'Bias': 0.0, 'BatchNorm': 0.0} | EnvNClusters=3
[2026-01-26 14:54:46,435] [INFO] Model initialized on device: cuda:0
[2026-01-26 14:54:46,435] [INFO] [CLIENT INIT] Mode=SH | Sparsity=ON (UsedSparsity=0.6) | Clusters=OFF (UsedClusters=-) | EnvSparsityCfg={'Conv': 0.6, 'Linear': 0.6, 'Bias': 0.0, 'BatchNorm': 0.0} | EnvNClusters=3
[2026-01-26 14:54:46,812] [INFO] Model initialized on device: cuda:0
[2026-01-26 14:54:46,812] [INFO] [CLIENT INIT] Mode=SH | Sparsity=ON (UsedSparsity=0.6) | Clusters=OFF (UsedClusters=-) | EnvSparsityCfg={'Conv': 0.6, 'Linear': 0.6, 'Bias': 0.0, 'BatchNorm': 0.0} | EnvNClusters=3
[2026-01-26 14:54:47,938] [INFO] Model initialized on device: cuda:0
[2026-01-26 14:54:47,938] [INFO] [CLIENT INIT] Mode=SH | Sparsity=ON (UsedSparsity=0.6) | Clusters=OFF (UsedClusters=-) | EnvSparsityCfg={'Conv': 0.6, 'Linear': 0.6, 'Bias': 0.0, 'BatchNorm': 0.0} | EnvNClusters=3
[2026-01-26 14:54:48,013] [INFO] Model initialized on device: cuda:0
[2026-01-26 14:54:48,013] [INFO] [CLIENT INIT] Mode=SH | Sparsity=ON (UsedSparsity=0.6) | Clusters=OFF (UsedClusters=-) | EnvSparsityCfg={'Conv': 0.6, 'Linear': 0.6, 'Bias': 0.0, 'BatchNorm': 0.0} | EnvNClusters=3
[2026-01-26 14:54:48,141] [INFO] Model initialized on device: cuda:0
[2026-01-26 14:54:48,142] [INFO] [CLIENT INIT] Mode=SH | Sparsity=ON (UsedSparsity=0.6) | Clusters=OFF (UsedClusters=-) | EnvSparsityCfg={'Conv': 0.6, 'Linear': 0.6, 'Bias': 0.0, 'BatchNorm': 0.0} | EnvNClusters=3
[2026-01-26 14:54:48,235] [INFO] Model initialized on device: cuda:0
[2026-01-26 14:54:48,236] [INFO] [CLIENT INIT] Mode=SH | Sparsity=ON (UsedSparsity=0.6) | Clusters=OFF (UsedClusters=-) | EnvSparsityCfg={'Conv': 0.6, 'Linear': 0.6, 'Bias': 0.0, 'BatchNorm': 0.0} | EnvNClusters=3
[2026-01-26 14:54:48,313] [INFO] Model initialized on device: cuda:0
[2026-01-26 14:54:48,314] [INFO] [CLIENT INIT] Mode=SH | Sparsity=ON (UsedSparsity=0.6) | Clusters=OFF (UsedClusters=-) | EnvSparsityCfg={'Conv': 0.6, 'Linear': 0.6, 'Bias': 0.0, 'BatchNorm': 0.0} | EnvNClusters=3
[2026-01-26 14:54:48,417] [INFO] Model initialized on device: cuda:0
[2026-01-26 14:54:48,418] [INFO] [CLIENT INIT] Mode=SH | Sparsity=ON (UsedSparsity=0.6) | Clusters=OFF (UsedClusters=-) | EnvSparsityCfg={'Conv': 0.6, 'Linear': 0.6, 'Bias': 0.0, 'BatchNorm': 0.0} | EnvNClusters=3
[2026-01-26 14:56:30,556] [INFO] [TRAIN] Epoch 4 Loss: 0.1108
[2026-01-26 14:57:06,537] [INFO] Model initialized on device: cuda:0
[2026-01-26 14:57:06,537] [INFO] [CLIENT INIT] Mode=SH | Sparsity=ON (UsedSparsity=0.6) | Clusters=OFF (UsedClusters=-) | EnvSparsityCfg={'Conv': 0.6, 'Linear': 0.6, 'Bias': 0.0, 'BatchNorm': 0.0} | EnvNClusters=3
[2026-01-26 14:57:15,243] [INFO] Model initialized on device: cuda:0
[2026-01-26 14:57:15,244] [INFO] [CLIENT INIT] Mode=SH | Sparsity=ON (UsedSparsity=0.6) | Clusters=OFF (UsedClusters=-) | EnvSparsityCfg={'Conv': 0.6, 'Linear': 0.6, 'Bias': 0.0, 'BatchNorm': 0.0} | EnvNClusters=3
[2026-01-26 14:57:15,430] [INFO] Model initialized on device: cuda:0
[2026-01-26 14:57:15,431] [INFO] [CLIENT INIT] Mode=SH | Sparsity=ON (UsedSparsity=0.6) | Clusters=OFF (UsedClusters=-) | EnvSparsityCfg={'Conv': 0.6, 'Linear': 0.6, 'Bias': 0.0, 'BatchNorm': 0.0} | EnvNClusters=3
[2026-01-26 14:57:16,233] [INFO] Model initialized on device: cuda:0
[2026-01-26 14:57:16,233] [INFO] [CLIENT INIT] Mode=SH | Sparsity=ON (UsedSparsity=0.6) | Clusters=OFF (UsedClusters=-) | EnvSparsityCfg={'Conv': 0.6, 'Linear': 0.6, 'Bias': 0.0, 'BatchNorm': 0.0} | EnvNClusters=3
[2026-01-26 14:57:16,630] [INFO] Model initialized on device: cuda:0
[2026-01-26 14:57:16,630] [INFO] [CLIENT INIT] Mode=SH | Sparsity=ON (UsedSparsity=0.6) | Clusters=OFF (UsedClusters=-) | EnvSparsityCfg={'Conv': 0.6, 'Linear': 0.6, 'Bias': 0.0, 'BatchNorm': 0.0} | EnvNClusters=3
[2026-01-26 14:57:16,717] [INFO] Model initialized on device: cuda:0
[2026-01-26 14:57:16,717] [INFO] [CLIENT INIT] Mode=SH | Sparsity=ON (UsedSparsity=0.6) | Clusters=OFF (UsedClusters=-) | EnvSparsityCfg={'Conv': 0.6, 'Linear': 0.6, 'Bias': 0.0, 'BatchNorm': 0.0} | EnvNClusters=3
[2026-01-26 14:57:16,735] [INFO] Model initialized on device: cuda:0
[2026-01-26 14:57:16,735] [INFO] [CLIENT INIT] Mode=SH | Sparsity=ON (UsedSparsity=0.6) | Clusters=OFF (UsedClusters=-) | EnvSparsityCfg={'Conv': 0.6, 'Linear': 0.6, 'Bias': 0.0, 'BatchNorm': 0.0} | EnvNClusters=3
[2026-01-26 14:57:16,818] [INFO] Model initialized on device: cuda:0
[2026-01-26 14:57:16,818] [INFO] Model initialized on device: cuda:0
[2026-01-26 14:57:16,818] [INFO] [CLIENT INIT] Mode=SH | Sparsity=ON (UsedSparsity=0.6) | Clusters=OFF (UsedClusters=-) | EnvSparsityCfg={'Conv': 0.6, 'Linear': 0.6, 'Bias': 0.0, 'BatchNorm': 0.0} | EnvNClusters=3
[2026-01-26 14:57:16,818] [INFO] [CLIENT INIT] Mode=SH | Sparsity=ON (UsedSparsity=0.6) | Clusters=OFF (UsedClusters=-) | EnvSparsityCfg={'Conv': 0.6, 'Linear': 0.6, 'Bias': 0.0, 'BatchNorm': 0.0} | EnvNClusters=3
[2026-01-26 14:57:16,819] [INFO] Model initialized on device: cuda:0
[2026-01-26 14:57:16,819] [INFO] [CLIENT INIT] Mode=SH | Sparsity=ON (UsedSparsity=0.6) | Clusters=OFF (UsedClusters=-) | EnvSparsityCfg={'Conv': 0.6, 'Linear': 0.6, 'Bias': 0.0, 'BatchNorm': 0.0} | EnvNClusters=3
[2026-01-26 14:58:55,014] [INFO] [TRAIN] Epoch 5 Loss: 0.1120
[2026-01-26 14:58:55,015] [INFO] [FIT] Local training finished. Avg Loss: 0.1148
[2026-01-26 14:59:36,526] [INFO] Model initialized on device: cuda:0
[2026-01-26 14:59:36,526] [INFO] [CLIENT INIT] Mode=SH | Sparsity=ON (UsedSparsity=0.6) | Clusters=OFF (UsedClusters=-) | EnvSparsityCfg={'Conv': 0.6, 'Linear': 0.6, 'Bias': 0.0, 'BatchNorm': 0.0} | EnvNClusters=3
[2026-01-26 14:59:37,050] [INFO] Model initialized on device: cuda:0
[2026-01-26 14:59:37,050] [INFO] [CLIENT INIT] Mode=SH | Sparsity=ON (UsedSparsity=0.6) | Clusters=OFF (UsedClusters=-) | EnvSparsityCfg={'Conv': 0.6, 'Linear': 0.6, 'Bias': 0.0, 'BatchNorm': 0.0} | EnvNClusters=3
[2026-01-26 14:59:37,210] [INFO] Model initialized on device: cuda:0
[2026-01-26 14:59:37,210] [INFO] [CLIENT INIT] Mode=SH | Sparsity=ON (UsedSparsity=0.6) | Clusters=OFF (UsedClusters=-) | EnvSparsityCfg={'Conv': 0.6, 'Linear': 0.6, 'Bias': 0.0, 'BatchNorm': 0.0} | EnvNClusters=3
[2026-01-26 14:59:37,213] [INFO] Model initialized on device: cuda:0
[2026-01-26 14:59:37,213] [INFO] [CLIENT INIT] Mode=SH | Sparsity=ON (UsedSparsity=0.6) | Clusters=OFF (UsedClusters=-) | EnvSparsityCfg={'Conv': 0.6, 'Linear': 0.6, 'Bias': 0.0, 'BatchNorm': 0.0} | EnvNClusters=3
[2026-01-26 14:59:37,228] [INFO] Model initialized on device: cuda:0
[2026-01-26 14:59:37,228] [INFO] [CLIENT INIT] Mode=SH | Sparsity=ON (UsedSparsity=0.6) | Clusters=OFF (UsedClusters=-) | EnvSparsityCfg={'Conv': 0.6, 'Linear': 0.6, 'Bias': 0.0, 'BatchNorm': 0.0} | EnvNClusters=3
[2026-01-26 14:59:37,235] [INFO] Model initialized on device: cuda:0
[2026-01-26 14:59:37,235] [INFO] [CLIENT INIT] Mode=SH | Sparsity=ON (UsedSparsity=0.6) | Clusters=OFF (UsedClusters=-) | EnvSparsityCfg={'Conv': 0.6, 'Linear': 0.6, 'Bias': 0.0, 'BatchNorm': 0.0} | EnvNClusters=3
[2026-01-26 14:59:37,237] [INFO] Model initialized on device: cuda:0
[2026-01-26 14:59:37,237] [INFO] [CLIENT INIT] Mode=SH | Sparsity=ON (UsedSparsity=0.6) | Clusters=OFF (UsedClusters=-) | EnvSparsityCfg={'Conv': 0.6, 'Linear': 0.6, 'Bias': 0.0, 'BatchNorm': 0.0} | EnvNClusters=3
[2026-01-26 14:59:37,241] [INFO] Model initialized on device: cuda:0
[2026-01-26 14:59:37,241] [INFO] [CLIENT INIT] Mode=SH | Sparsity=ON (UsedSparsity=0.6) | Clusters=OFF (UsedClusters=-) | EnvSparsityCfg={'Conv': 0.6, 'Linear': 0.6, 'Bias': 0.0, 'BatchNorm': 0.0} | EnvNClusters=3
[2026-01-26 14:59:37,244] [INFO] Model initialized on device: cuda:0
[2026-01-26 14:59:37,244] [INFO] [CLIENT INIT] Mode=SH | Sparsity=ON (UsedSparsity=0.6) | Clusters=OFF (UsedClusters=-) | EnvSparsityCfg={'Conv': 0.6, 'Linear': 0.6, 'Bias': 0.0, 'BatchNorm': 0.0} | EnvNClusters=3
[2026-01-26 14:59:37,248] [INFO] Model initialized on device: cuda:0
[2026-01-26 14:59:37,248] [INFO] [CLIENT INIT] Mode=SH | Sparsity=ON (UsedSparsity=0.6) | Clusters=OFF (UsedClusters=-) | EnvSparsityCfg={'Conv': 0.6, 'Linear': 0.6, 'Bias': 0.0, 'BatchNorm': 0.0} | EnvNClusters=3
[2026-01-26 14:59:42,315] [DEBUG] [TEST] Batch 1 | Pred shape: torch.Size([256, 256, 160]) | Label shape: torch.Size([256, 256, 160])
[2026-01-26 14:59:44,216] [DEBUG] [TEST] Batch 2 | Pred shape: torch.Size([256, 256, 160]) | Label shape: torch.Size([256, 256, 160])
[2026-01-26 14:59:44,314] [DEBUG] [TEST] Batch 3 | Pred shape: torch.Size([256, 256, 160]) | Label shape: torch.Size([256, 256, 160])
[2026-01-26 14:59:45,035] [DEBUG] [TEST] Batch 4 | Pred shape: torch.Size([256, 256, 160]) | Label shape: torch.Size([256, 256, 160])
[2026-01-26 14:59:45,114] [DEBUG] [TEST] Batch 5 | Pred shape: torch.Size([256, 256, 160]) | Label shape: torch.Size([256, 256, 160])
[2026-01-26 14:59:45,210] [DEBUG] [TEST] Batch 6 | Pred shape: torch.Size([256, 256, 160]) | Label shape: torch.Size([256, 256, 160])
[2026-01-26 14:59:45,410] [DEBUG] [TEST] Batch 7 | Pred shape: torch.Size([256, 256, 160]) | Label shape: torch.Size([256, 256, 160])
[2026-01-26 14:59:45,611] [DEBUG] [TEST] Batch 8 | Pred shape: torch.Size([256, 256, 160]) | Label shape: torch.Size([256, 256, 160])
[2026-01-26 14:59:45,811] [DEBUG] [TEST] Batch 9 | Pred shape: torch.Size([256, 256, 160]) | Label shape: torch.Size([256, 256, 160])
[2026-01-26 14:59:46,011] [DEBUG] [TEST] Batch 10 | Pred shape: torch.Size([256, 256, 160]) | Label shape: torch.Size([256, 256, 160])
[2026-01-26 14:59:46,815] [DEBUG] [TEST] Batch 11 | Pred shape: torch.Size([256, 256, 160]) | Label shape: torch.Size([256, 256, 160])
[2026-01-26 14:59:48,515] [DEBUG] [TEST] Batch 12 | Pred shape: torch.Size([256, 256, 160]) | Label shape: torch.Size([256, 256, 160])
[2026-01-26 14:59:48,613] [DEBUG] [TEST] Batch 13 | Pred shape: torch.Size([256, 256, 160]) | Label shape: torch.Size([256, 256, 160])
[2026-01-26 14:59:48,760] [DEBUG] [TEST] Batch 14 | Pred shape: torch.Size([256, 256, 160]) | Label shape: torch.Size([256, 256, 160])
[2026-01-26 14:59:48,817] [DEBUG] [TEST] Batch 15 | Pred shape: torch.Size([256, 256, 160]) | Label shape: torch.Size([256, 256, 160])
[2026-01-26 14:59:48,914] [DEBUG] [TEST] Batch 16 | Pred shape: torch.Size([256, 256, 160]) | Label shape: torch.Size([256, 256, 160])
[2026-01-26 14:59:55,067] [INFO] [FIT] Final model saved to: Revision2/Run_UNET_NonIID_SH_20260126/Client3/model_final.pth
[2026-01-26 15:00:52,114] [INFO] [COMM][CLIENT] Round=-1 Mode=SH UsedSparsity=0.6 UsedClusters=- BaselineBits=154016352.0 CompressedBits=162861319.6 CR=0.946
[2026-01-26 15:09:10,914] [INFO] [EVALUATE] Starting evaluation...
[2026-01-26 15:09:14,317] [INFO] [DEBUG] Loaded compressed decoded weights.
[2026-01-26 15:10:15,113] [INFO] Model initialized on device: cuda:0
[2026-01-26 15:10:15,113] [INFO] [CLIENT INIT] Mode=SH | Sparsity=ON (UsedSparsity=0.6) | Clusters=OFF (UsedClusters=-) | EnvSparsityCfg={'Conv': 0.6, 'Linear': 0.6, 'Bias': 0.0, 'BatchNorm': 0.0} | EnvNClusters=3
[2026-01-26 15:10:15,253] [INFO] Model initialized on device: cuda:0
[2026-01-26 15:10:15,253] [INFO] [CLIENT INIT] Mode=SH | Sparsity=ON (UsedSparsity=0.6) | Clusters=OFF (UsedClusters=-) | EnvSparsityCfg={'Conv': 0.6, 'Linear': 0.6, 'Bias': 0.0, 'BatchNorm': 0.0} | EnvNClusters=3
[2026-01-26 15:10:15,253] [INFO] Model initialized on device: cuda:0
[2026-01-26 15:10:15,253] [INFO] [CLIENT INIT] Mode=SH | Sparsity=ON (UsedSparsity=0.6) | Clusters=OFF (UsedClusters=-) | EnvSparsityCfg={'Conv': 0.6, 'Linear': 0.6, 'Bias': 0.0, 'BatchNorm': 0.0} | EnvNClusters=3
[2026-01-26 15:10:15,315] [INFO] Model initialized on device: cuda:0
[2026-01-26 15:10:15,315] [INFO] Model initialized on device: cuda:0
[2026-01-26 15:10:15,315] [INFO] [CLIENT INIT] Mode=SH | Sparsity=ON (UsedSparsity=0.6) | Clusters=OFF (UsedClusters=-) | EnvSparsityCfg={'Conv': 0.6, 'Linear': 0.6, 'Bias': 0.0, 'BatchNorm': 0.0} | EnvNClusters=3
[2026-01-26 15:10:15,315] [INFO] [CLIENT INIT] Mode=SH | Sparsity=ON (UsedSparsity=0.6) | Clusters=OFF (UsedClusters=-) | EnvSparsityCfg={'Conv': 0.6, 'Linear': 0.6, 'Bias': 0.0, 'BatchNorm': 0.0} | EnvNClusters=3
[2026-01-26 15:10:15,508] [INFO] Model initialized on device: cuda:0
[2026-01-26 15:10:15,508] [INFO] [CLIENT INIT] Mode=SH | Sparsity=ON (UsedSparsity=0.6) | Clusters=OFF (UsedClusters=-) | EnvSparsityCfg={'Conv': 0.6, 'Linear': 0.6, 'Bias': 0.0, 'BatchNorm': 0.0} | EnvNClusters=3
[2026-01-26 15:10:15,537] [INFO] Model initialized on device: cuda:0
[2026-01-26 15:10:15,537] [INFO] [CLIENT INIT] Mode=SH | Sparsity=ON (UsedSparsity=0.6) | Clusters=OFF (UsedClusters=-) | EnvSparsityCfg={'Conv': 0.6, 'Linear': 0.6, 'Bias': 0.0, 'BatchNorm': 0.0} | EnvNClusters=3
[2026-01-26 15:10:15,544] [INFO] Model initialized on device: cuda:0
[2026-01-26 15:10:15,544] [INFO] [CLIENT INIT] Mode=SH | Sparsity=ON (UsedSparsity=0.6) | Clusters=OFF (UsedClusters=-) | EnvSparsityCfg={'Conv': 0.6, 'Linear': 0.6, 'Bias': 0.0, 'BatchNorm': 0.0} | EnvNClusters=3
[2026-01-26 15:10:15,560] [INFO] Model initialized on device: cuda:0
[2026-01-26 15:10:15,560] [INFO] [CLIENT INIT] Mode=SH | Sparsity=ON (UsedSparsity=0.6) | Clusters=OFF (UsedClusters=-) | EnvSparsityCfg={'Conv': 0.6, 'Linear': 0.6, 'Bias': 0.0, 'BatchNorm': 0.0} | EnvNClusters=3
[2026-01-26 15:10:15,561] [INFO] Model initialized on device: cuda:0
[2026-01-26 15:10:15,561] [INFO] [CLIENT INIT] Mode=SH | Sparsity=ON (UsedSparsity=0.6) | Clusters=OFF (UsedClusters=-) | EnvSparsityCfg={'Conv': 0.6, 'Linear': 0.6, 'Bias': 0.0, 'BatchNorm': 0.0} | EnvNClusters=3
[2026-01-26 15:10:22,317] [DEBUG] [TEST] Batch 1 | Pred shape: torch.Size([256, 256, 160]) | Label shape: torch.Size([256, 256, 160])
[2026-01-26 15:10:22,424] [DEBUG] [TEST] Batch 2 | Pred shape: torch.Size([256, 256, 160]) | Label shape: torch.Size([256, 256, 160])
[2026-01-26 15:10:22,615] [DEBUG] [TEST] Batch 3 | Pred shape: torch.Size([256, 256, 160]) | Label shape: torch.Size([256, 256, 160])
[2026-01-26 15:10:22,726] [DEBUG] [TEST] Batch 4 | Pred shape: torch.Size([256, 256, 160]) | Label shape: torch.Size([256, 256, 160])
[2026-01-26 15:10:22,815] [DEBUG] [TEST] Batch 5 | Pred shape: torch.Size([256, 256, 160]) | Label shape: torch.Size([256, 256, 160])
[2026-01-26 15:10:22,915] [DEBUG] [TEST] Batch 6 | Pred shape: torch.Size([256, 256, 160]) | Label shape: torch.Size([256, 256, 160])
[2026-01-26 15:10:23,012] [DEBUG] [TEST] Batch 7 | Pred shape: torch.Size([256, 256, 160]) | Label shape: torch.Size([256, 256, 160])
[2026-01-26 15:10:23,115] [DEBUG] [TEST] Batch 8 | Pred shape: torch.Size([256, 256, 160]) | Label shape: torch.Size([256, 256, 160])
[2026-01-26 15:10:23,214] [DEBUG] [TEST] Batch 9 | Pred shape: torch.Size([256, 256, 160]) | Label shape: torch.Size([256, 256, 160])
[2026-01-26 15:10:23,315] [DEBUG] [TEST] Batch 10 | Pred shape: torch.Size([256, 256, 160]) | Label shape: torch.Size([256, 256, 160])
[2026-01-26 15:10:26,520] [DEBUG] [TEST] Batch 11 | Pred shape: torch.Size([256, 256, 160]) | Label shape: torch.Size([256, 256, 160])
[2026-01-26 15:10:26,615] [DEBUG] [TEST] Batch 12 | Pred shape: torch.Size([256, 256, 160]) | Label shape: torch.Size([256, 256, 160])
[2026-01-26 15:10:26,715] [DEBUG] [TEST] Batch 13 | Pred shape: torch.Size([256, 256, 160]) | Label shape: torch.Size([256, 256, 160])
[2026-01-26 15:10:26,808] [DEBUG] [TEST] Batch 14 | Pred shape: torch.Size([256, 256, 160]) | Label shape: torch.Size([256, 256, 160])
[2026-01-26 15:10:26,866] [DEBUG] [TEST] Batch 15 | Pred shape: torch.Size([256, 256, 160]) | Label shape: torch.Size([256, 256, 160])
[2026-01-26 15:10:26,924] [DEBUG] [TEST] Batch 16 | Pred shape: torch.Size([256, 256, 160]) | Label shape: torch.Size([256, 256, 160])
[2026-01-26 15:10:31,952] [INFO] [EVALUATE] Dice WT: 1.0000
[2026-01-26 15:10:47,863] [INFO] [FIT] Received parameters. Starting local training...
[2026-01-26 15:10:51,007] [INFO] [DEBUG] Loaded compressed decoded weights.
[2026-01-26 15:11:52,589] [INFO] Model initialized on device: cuda:0
[2026-01-26 15:11:52,589] [INFO] [CLIENT INIT] Mode=SH | Sparsity=ON (UsedSparsity=0.6) | Clusters=OFF (UsedClusters=-) | EnvSparsityCfg={'Conv': 0.6, 'Linear': 0.6, 'Bias': 0.0, 'BatchNorm': 0.0} | EnvNClusters=3
[2026-01-26 15:11:53,053] [INFO] Model initialized on device: cuda:0
[2026-01-26 15:11:53,053] [INFO] [CLIENT INIT] Mode=SH | Sparsity=ON (UsedSparsity=0.6) | Clusters=OFF (UsedClusters=-) | EnvSparsityCfg={'Conv': 0.6, 'Linear': 0.6, 'Bias': 0.0, 'BatchNorm': 0.0} | EnvNClusters=3
[2026-01-26 15:11:55,238] [INFO] Model initialized on device: cuda:0
[2026-01-26 15:11:55,238] [INFO] [CLIENT INIT] Mode=SH | Sparsity=ON (UsedSparsity=0.6) | Clusters=OFF (UsedClusters=-) | EnvSparsityCfg={'Conv': 0.6, 'Linear': 0.6, 'Bias': 0.0, 'BatchNorm': 0.0} | EnvNClusters=3
[2026-01-26 15:11:55,523] [INFO] Model initialized on device: cuda:0
[2026-01-26 15:11:55,523] [INFO] [CLIENT INIT] Mode=SH | Sparsity=ON (UsedSparsity=0.6) | Clusters=OFF (UsedClusters=-) | EnvSparsityCfg={'Conv': 0.6, 'Linear': 0.6, 'Bias': 0.0, 'BatchNorm': 0.0} | EnvNClusters=3
[2026-01-26 15:11:55,525] [INFO] Model initialized on device: cuda:0
[2026-01-26 15:11:55,525] [INFO] [CLIENT INIT] Mode=SH | Sparsity=ON (UsedSparsity=0.6) | Clusters=OFF (UsedClusters=-) | EnvSparsityCfg={'Conv': 0.6, 'Linear': 0.6, 'Bias': 0.0, 'BatchNorm': 0.0} | EnvNClusters=3
[2026-01-26 15:11:55,822] [INFO] Model initialized on device: cuda:0
[2026-01-26 15:11:55,822] [INFO] [CLIENT INIT] Mode=SH | Sparsity=ON (UsedSparsity=0.6) | Clusters=OFF (UsedClusters=-) | EnvSparsityCfg={'Conv': 0.6, 'Linear': 0.6, 'Bias': 0.0, 'BatchNorm': 0.0} | EnvNClusters=3
[2026-01-26 15:11:56,240] [INFO] Model initialized on device: cuda:0
[2026-01-26 15:11:56,240] [INFO] [CLIENT INIT] Mode=SH | Sparsity=ON (UsedSparsity=0.6) | Clusters=OFF (UsedClusters=-) | EnvSparsityCfg={'Conv': 0.6, 'Linear': 0.6, 'Bias': 0.0, 'BatchNorm': 0.0} | EnvNClusters=3
[2026-01-26 15:11:56,319] [INFO] Model initialized on device: cuda:0
[2026-01-26 15:11:56,319] [INFO] Model initialized on device: cuda:0
[2026-01-26 15:11:56,319] [INFO] [CLIENT INIT] Mode=SH | Sparsity=ON (UsedSparsity=0.6) | Clusters=OFF (UsedClusters=-) | EnvSparsityCfg={'Conv': 0.6, 'Linear': 0.6, 'Bias': 0.0, 'BatchNorm': 0.0} | EnvNClusters=3
[2026-01-26 15:11:56,319] [INFO] [CLIENT INIT] Mode=SH | Sparsity=ON (UsedSparsity=0.6) | Clusters=OFF (UsedClusters=-) | EnvSparsityCfg={'Conv': 0.6, 'Linear': 0.6, 'Bias': 0.0, 'BatchNorm': 0.0} | EnvNClusters=3
[2026-01-26 15:11:56,322] [INFO] Model initialized on device: cuda:0
[2026-01-26 15:11:56,323] [INFO] [CLIENT INIT] Mode=SH | Sparsity=ON (UsedSparsity=0.6) | Clusters=OFF (UsedClusters=-) | EnvSparsityCfg={'Conv': 0.6, 'Linear': 0.6, 'Bias': 0.0, 'BatchNorm': 0.0} | EnvNClusters=3
[2026-01-26 15:13:45,441] [INFO] [TRAIN] Epoch 1 Loss: 0.1215
[2026-01-26 15:14:40,416] [INFO] Model initialized on device: cuda:0
[2026-01-26 15:14:40,416] [INFO] [CLIENT INIT] Mode=SH | Sparsity=ON (UsedSparsity=0.6) | Clusters=OFF (UsedClusters=-) | EnvSparsityCfg={'Conv': 0.6, 'Linear': 0.6, 'Bias': 0.0, 'BatchNorm': 0.0} | EnvNClusters=3
[2026-01-26 15:14:40,432] [INFO] Model initialized on device: cuda:0
[2026-01-26 15:14:40,432] [INFO] [CLIENT INIT] Mode=SH | Sparsity=ON (UsedSparsity=0.6) | Clusters=OFF (UsedClusters=-) | EnvSparsityCfg={'Conv': 0.6, 'Linear': 0.6, 'Bias': 0.0, 'BatchNorm': 0.0} | EnvNClusters=3
[2026-01-26 15:14:40,515] [INFO] Model initialized on device: cuda:0
[2026-01-26 15:14:40,516] [INFO] [CLIENT INIT] Mode=SH | Sparsity=ON (UsedSparsity=0.6) | Clusters=OFF (UsedClusters=-) | EnvSparsityCfg={'Conv': 0.6, 'Linear': 0.6, 'Bias': 0.0, 'BatchNorm': 0.0} | EnvNClusters=3
[2026-01-26 15:14:41,018] [INFO] Model initialized on device: cuda:0
[2026-01-26 15:14:41,018] [INFO] [CLIENT INIT] Mode=SH | Sparsity=ON (UsedSparsity=0.6) | Clusters=OFF (UsedClusters=-) | EnvSparsityCfg={'Conv': 0.6, 'Linear': 0.6, 'Bias': 0.0, 'BatchNorm': 0.0} | EnvNClusters=3
[2026-01-26 15:14:41,110] [INFO] Model initialized on device: cuda:0
[2026-01-26 15:14:41,110] [INFO] [CLIENT INIT] Mode=SH | Sparsity=ON (UsedSparsity=0.6) | Clusters=OFF (UsedClusters=-) | EnvSparsityCfg={'Conv': 0.6, 'Linear': 0.6, 'Bias': 0.0, 'BatchNorm': 0.0} | EnvNClusters=3
[2026-01-26 15:14:41,318] [INFO] Model initialized on device: cuda:0
[2026-01-26 15:14:41,319] [INFO] [CLIENT INIT] Mode=SH | Sparsity=ON (UsedSparsity=0.6) | Clusters=OFF (UsedClusters=-) | EnvSparsityCfg={'Conv': 0.6, 'Linear': 0.6, 'Bias': 0.0, 'BatchNorm': 0.0} | EnvNClusters=3
[2026-01-26 15:14:41,320] [INFO] Model initialized on device: cuda:0
[2026-01-26 15:14:41,320] [INFO] [CLIENT INIT] Mode=SH | Sparsity=ON (UsedSparsity=0.6) | Clusters=OFF (UsedClusters=-) | EnvSparsityCfg={'Conv': 0.6, 'Linear': 0.6, 'Bias': 0.0, 'BatchNorm': 0.0} | EnvNClusters=3
[2026-01-26 15:14:41,622] [INFO] Model initialized on device: cuda:0
[2026-01-26 15:14:41,622] [INFO] [CLIENT INIT] Mode=SH | Sparsity=ON (UsedSparsity=0.6) | Clusters=OFF (UsedClusters=-) | EnvSparsityCfg={'Conv': 0.6, 'Linear': 0.6, 'Bias': 0.0, 'BatchNorm': 0.0} | EnvNClusters=3
[2026-01-26 15:14:41,642] [INFO] Model initialized on device: cuda:0
[2026-01-26 15:14:41,642] [INFO] [CLIENT INIT] Mode=SH | Sparsity=ON (UsedSparsity=0.6) | Clusters=OFF (UsedClusters=-) | EnvSparsityCfg={'Conv': 0.6, 'Linear': 0.6, 'Bias': 0.0, 'BatchNorm': 0.0} | EnvNClusters=3
[2026-01-26 15:14:42,711] [INFO] Model initialized on device: cuda:0
[2026-01-26 15:14:42,711] [INFO] [CLIENT INIT] Mode=SH | Sparsity=ON (UsedSparsity=0.6) | Clusters=OFF (UsedClusters=-) | EnvSparsityCfg={'Conv': 0.6, 'Linear': 0.6, 'Bias': 0.0, 'BatchNorm': 0.0} | EnvNClusters=3
[2026-01-26 15:16:26,812] [INFO] [TRAIN] Epoch 2 Loss: 0.1158
[2026-01-26 15:17:09,441] [INFO] Model initialized on device: cuda:0
[2026-01-26 15:17:09,441] [INFO] [CLIENT INIT] Mode=SH | Sparsity=ON (UsedSparsity=0.6) | Clusters=OFF (UsedClusters=-) | EnvSparsityCfg={'Conv': 0.6, 'Linear': 0.6, 'Bias': 0.0, 'BatchNorm': 0.0} | EnvNClusters=3
[2026-01-26 15:17:09,507] [INFO] Model initialized on device: cuda:0
[2026-01-26 15:17:09,508] [INFO] [CLIENT INIT] Mode=SH | Sparsity=ON (UsedSparsity=0.6) | Clusters=OFF (UsedClusters=-) | EnvSparsityCfg={'Conv': 0.6, 'Linear': 0.6, 'Bias': 0.0, 'BatchNorm': 0.0} | EnvNClusters=3
[2026-01-26 15:17:09,543] [INFO] Model initialized on device: cuda:0
[2026-01-26 15:17:09,544] [INFO] [CLIENT INIT] Mode=SH | Sparsity=ON (UsedSparsity=0.6) | Clusters=OFF (UsedClusters=-) | EnvSparsityCfg={'Conv': 0.6, 'Linear': 0.6, 'Bias': 0.0, 'BatchNorm': 0.0} | EnvNClusters=3
[2026-01-26 15:17:11,616] [INFO] Model initialized on device: cuda:0
[2026-01-26 15:17:11,616] [INFO] [CLIENT INIT] Mode=SH | Sparsity=ON (UsedSparsity=0.6) | Clusters=OFF (UsedClusters=-) | EnvSparsityCfg={'Conv': 0.6, 'Linear': 0.6, 'Bias': 0.0, 'BatchNorm': 0.0} | EnvNClusters=3
[2026-01-26 15:17:12,022] [INFO] Model initialized on device: cuda:0
[2026-01-26 15:17:12,022] [INFO] [CLIENT INIT] Mode=SH | Sparsity=ON (UsedSparsity=0.6) | Clusters=OFF (UsedClusters=-) | EnvSparsityCfg={'Conv': 0.6, 'Linear': 0.6, 'Bias': 0.0, 'BatchNorm': 0.0} | EnvNClusters=3
[2026-01-26 15:17:12,034] [INFO] Model initialized on device: cuda:0
[2026-01-26 15:17:12,034] [INFO] [CLIENT INIT] Mode=SH | Sparsity=ON (UsedSparsity=0.6) | Clusters=OFF (UsedClusters=-) | EnvSparsityCfg={'Conv': 0.6, 'Linear': 0.6, 'Bias': 0.0, 'BatchNorm': 0.0} | EnvNClusters=3
[2026-01-26 15:17:12,111] [INFO] Model initialized on device: cuda:0
[2026-01-26 15:17:12,111] [INFO] [CLIENT INIT] Mode=SH | Sparsity=ON (UsedSparsity=0.6) | Clusters=OFF (UsedClusters=-) | EnvSparsityCfg={'Conv': 0.6, 'Linear': 0.6, 'Bias': 0.0, 'BatchNorm': 0.0} | EnvNClusters=3
[2026-01-26 15:17:12,128] [INFO] Model initialized on device: cuda:0
[2026-01-26 15:17:12,128] [INFO] [CLIENT INIT] Mode=SH | Sparsity=ON (UsedSparsity=0.6) | Clusters=OFF (UsedClusters=-) | EnvSparsityCfg={'Conv': 0.6, 'Linear': 0.6, 'Bias': 0.0, 'BatchNorm': 0.0} | EnvNClusters=3
[2026-01-26 15:17:12,132] [INFO] Model initialized on device: cuda:0
[2026-01-26 15:17:12,133] [INFO] [CLIENT INIT] Mode=SH | Sparsity=ON (UsedSparsity=0.6) | Clusters=OFF (UsedClusters=-) | EnvSparsityCfg={'Conv': 0.6, 'Linear': 0.6, 'Bias': 0.0, 'BatchNorm': 0.0} | EnvNClusters=3
[2026-01-26 15:17:12,212] [INFO] Model initialized on device: cuda:0
[2026-01-26 15:17:12,212] [INFO] [CLIENT INIT] Mode=SH | Sparsity=ON (UsedSparsity=0.6) | Clusters=OFF (UsedClusters=-) | EnvSparsityCfg={'Conv': 0.6, 'Linear': 0.6, 'Bias': 0.0, 'BatchNorm': 0.0} | EnvNClusters=3
[2026-01-26 15:18:56,016] [INFO] [TRAIN] Epoch 3 Loss: 0.1110
[2026-01-26 15:19:47,229] [INFO] Model initialized on device: cuda:0
[2026-01-26 15:19:47,229] [INFO] [CLIENT INIT] Mode=SH | Sparsity=ON (UsedSparsity=0.6) | Clusters=OFF (UsedClusters=-) | EnvSparsityCfg={'Conv': 0.6, 'Linear': 0.6, 'Bias': 0.0, 'BatchNorm': 0.0} | EnvNClusters=3
[2026-01-26 15:19:47,230] [INFO] Model initialized on device: cuda:0
[2026-01-26 15:19:47,230] [INFO] [CLIENT INIT] Mode=SH | Sparsity=ON (UsedSparsity=0.6) | Clusters=OFF (UsedClusters=-) | EnvSparsityCfg={'Conv': 0.6, 'Linear': 0.6, 'Bias': 0.0, 'BatchNorm': 0.0} | EnvNClusters=3
[2026-01-26 15:19:47,241] [INFO] Model initialized on device: cuda:0
[2026-01-26 15:19:47,242] [INFO] [CLIENT INIT] Mode=SH | Sparsity=ON (UsedSparsity=0.6) | Clusters=OFF (UsedClusters=-) | EnvSparsityCfg={'Conv': 0.6, 'Linear': 0.6, 'Bias': 0.0, 'BatchNorm': 0.0} | EnvNClusters=3
[2026-01-26 15:19:47,241] [INFO] Model initialized on device: cuda:0
[2026-01-26 15:19:47,241] [INFO] Model initialized on device: cuda:0
[2026-01-26 15:19:47,242] [INFO] [CLIENT INIT] Mode=SH | Sparsity=ON (UsedSparsity=0.6) | Clusters=OFF (UsedClusters=-) | EnvSparsityCfg={'Conv': 0.6, 'Linear': 0.6, 'Bias': 0.0, 'BatchNorm': 0.0} | EnvNClusters=3
[2026-01-26 15:19:47,242] [INFO] [CLIENT INIT] Mode=SH | Sparsity=ON (UsedSparsity=0.6) | Clusters=OFF (UsedClusters=-) | EnvSparsityCfg={'Conv': 0.6, 'Linear': 0.6, 'Bias': 0.0, 'BatchNorm': 0.0} | EnvNClusters=3
[2026-01-26 15:19:47,308] [INFO] Model initialized on device: cuda:0
[2026-01-26 15:19:47,309] [INFO] [CLIENT INIT] Mode=SH | Sparsity=ON (UsedSparsity=0.6) | Clusters=OFF (UsedClusters=-) | EnvSparsityCfg={'Conv': 0.6, 'Linear': 0.6, 'Bias': 0.0, 'BatchNorm': 0.0} | EnvNClusters=3
[2026-01-26 15:19:47,520] [INFO] Model initialized on device: cuda:0
[2026-01-26 15:19:47,520] [INFO] [CLIENT INIT] Mode=SH | Sparsity=ON (UsedSparsity=0.6) | Clusters=OFF (UsedClusters=-) | EnvSparsityCfg={'Conv': 0.6, 'Linear': 0.6, 'Bias': 0.0, 'BatchNorm': 0.0} | EnvNClusters=3
[2026-01-26 15:19:47,521] [INFO] Model initialized on device: cuda:0
[2026-01-26 15:19:47,521] [INFO] [CLIENT INIT] Mode=SH | Sparsity=ON (UsedSparsity=0.6) | Clusters=OFF (UsedClusters=-) | EnvSparsityCfg={'Conv': 0.6, 'Linear': 0.6, 'Bias': 0.0, 'BatchNorm': 0.0} | EnvNClusters=3
[2026-01-26 15:19:47,522] [INFO] Model initialized on device: cuda:0
[2026-01-26 15:19:47,523] [INFO] [CLIENT INIT] Mode=SH | Sparsity=ON (UsedSparsity=0.6) | Clusters=OFF (UsedClusters=-) | EnvSparsityCfg={'Conv': 0.6, 'Linear': 0.6, 'Bias': 0.0, 'BatchNorm': 0.0} | EnvNClusters=3
[2026-01-26 15:19:47,523] [INFO] Model initialized on device: cuda:0
[2026-01-26 15:19:47,523] [INFO] [CLIENT INIT] Mode=SH | Sparsity=ON (UsedSparsity=0.6) | Clusters=OFF (UsedClusters=-) | EnvSparsityCfg={'Conv': 0.6, 'Linear': 0.6, 'Bias': 0.0, 'BatchNorm': 0.0} | EnvNClusters=3
[2026-01-26 15:21:22,819] [INFO] [TRAIN] Epoch 4 Loss: 0.1106
[2026-01-26 15:22:03,839] [INFO] Model initialized on device: cuda:0
[2026-01-26 15:22:03,839] [INFO] [CLIENT INIT] Mode=SH | Sparsity=ON (UsedSparsity=0.6) | Clusters=OFF (UsedClusters=-) | EnvSparsityCfg={'Conv': 0.6, 'Linear': 0.6, 'Bias': 0.0, 'BatchNorm': 0.0} | EnvNClusters=3
[2026-01-26 15:22:05,411] [INFO] Model initialized on device: cuda:0
[2026-01-26 15:22:05,412] [INFO] [CLIENT INIT] Mode=SH | Sparsity=ON (UsedSparsity=0.6) | Clusters=OFF (UsedClusters=-) | EnvSparsityCfg={'Conv': 0.6, 'Linear': 0.6, 'Bias': 0.0, 'BatchNorm': 0.0} | EnvNClusters=3
[2026-01-26 15:22:05,412] [INFO] Model initialized on device: cuda:0
[2026-01-26 15:22:05,412] [INFO] [CLIENT INIT] Mode=SH | Sparsity=ON (UsedSparsity=0.6) | Clusters=OFF (UsedClusters=-) | EnvSparsityCfg={'Conv': 0.6, 'Linear': 0.6, 'Bias': 0.0, 'BatchNorm': 0.0} | EnvNClusters=3
[2026-01-26 15:22:05,517] [INFO] Model initialized on device: cuda:0
[2026-01-26 15:22:05,517] [INFO] [CLIENT INIT] Mode=SH | Sparsity=ON (UsedSparsity=0.6) | Clusters=OFF (UsedClusters=-) | EnvSparsityCfg={'Conv': 0.6, 'Linear': 0.6, 'Bias': 0.0, 'BatchNorm': 0.0} | EnvNClusters=3
[2026-01-26 15:22:07,039] [INFO] Model initialized on device: cuda:0
[2026-01-26 15:22:07,040] [INFO] [CLIENT INIT] Mode=SH | Sparsity=ON (UsedSparsity=0.6) | Clusters=OFF (UsedClusters=-) | EnvSparsityCfg={'Conv': 0.6, 'Linear': 0.6, 'Bias': 0.0, 'BatchNorm': 0.0} | EnvNClusters=3
[2026-01-26 15:22:08,936] [INFO] Model initialized on device: cuda:0
[2026-01-26 15:22:08,936] [INFO] [CLIENT INIT] Mode=SH | Sparsity=ON (UsedSparsity=0.6) | Clusters=OFF (UsedClusters=-) | EnvSparsityCfg={'Conv': 0.6, 'Linear': 0.6, 'Bias': 0.0, 'BatchNorm': 0.0} | EnvNClusters=3
[2026-01-26 15:22:08,937] [INFO] Model initialized on device: cuda:0
[2026-01-26 15:22:08,937] [INFO] [CLIENT INIT] Mode=SH | Sparsity=ON (UsedSparsity=0.6) | Clusters=OFF (UsedClusters=-) | EnvSparsityCfg={'Conv': 0.6, 'Linear': 0.6, 'Bias': 0.0, 'BatchNorm': 0.0} | EnvNClusters=3
[2026-01-26 15:22:09,026] [INFO] Model initialized on device: cuda:0
[2026-01-26 15:22:09,026] [INFO] [CLIENT INIT] Mode=SH | Sparsity=ON (UsedSparsity=0.6) | Clusters=OFF (UsedClusters=-) | EnvSparsityCfg={'Conv': 0.6, 'Linear': 0.6, 'Bias': 0.0, 'BatchNorm': 0.0} | EnvNClusters=3
[2026-01-26 15:22:09,029] [INFO] Model initialized on device: cuda:0
[2026-01-26 15:22:09,030] [INFO] [CLIENT INIT] Mode=SH | Sparsity=ON (UsedSparsity=0.6) | Clusters=OFF (UsedClusters=-) | EnvSparsityCfg={'Conv': 0.6, 'Linear': 0.6, 'Bias': 0.0, 'BatchNorm': 0.0} | EnvNClusters=3
[2026-01-26 15:22:09,030] [INFO] Model initialized on device: cuda:0
[2026-01-26 15:22:09,031] [INFO] [CLIENT INIT] Mode=SH | Sparsity=ON (UsedSparsity=0.6) | Clusters=OFF (UsedClusters=-) | EnvSparsityCfg={'Conv': 0.6, 'Linear': 0.6, 'Bias': 0.0, 'BatchNorm': 0.0} | EnvNClusters=3
[2026-01-26 15:23:46,838] [INFO] [TRAIN] Epoch 5 Loss: 0.1102
[2026-01-26 15:23:46,839] [INFO] [FIT] Local training finished. Avg Loss: 0.1138
[2026-01-26 15:24:23,810] [INFO] Model initialized on device: cuda:0
[2026-01-26 15:24:23,810] [INFO] [CLIENT INIT] Mode=SH | Sparsity=ON (UsedSparsity=0.6) | Clusters=OFF (UsedClusters=-) | EnvSparsityCfg={'Conv': 0.6, 'Linear': 0.6, 'Bias': 0.0, 'BatchNorm': 0.0} | EnvNClusters=3
[2026-01-26 15:24:32,747] [INFO] Model initialized on device: cuda:0
[2026-01-26 15:24:32,747] [INFO] [CLIENT INIT] Mode=SH | Sparsity=ON (UsedSparsity=0.6) | Clusters=OFF (UsedClusters=-) | EnvSparsityCfg={'Conv': 0.6, 'Linear': 0.6, 'Bias': 0.0, 'BatchNorm': 0.0} | EnvNClusters=3
[2026-01-26 15:24:33,610] [INFO] Model initialized on device: cuda:0
[2026-01-26 15:24:33,610] [INFO] [CLIENT INIT] Mode=SH | Sparsity=ON (UsedSparsity=0.6) | Clusters=OFF (UsedClusters=-) | EnvSparsityCfg={'Conv': 0.6, 'Linear': 0.6, 'Bias': 0.0, 'BatchNorm': 0.0} | EnvNClusters=3
[2026-01-26 15:24:33,944] [INFO] Model initialized on device: cuda:0
[2026-01-26 15:24:33,944] [INFO] [CLIENT INIT] Mode=SH | Sparsity=ON (UsedSparsity=0.6) | Clusters=OFF (UsedClusters=-) | EnvSparsityCfg={'Conv': 0.6, 'Linear': 0.6, 'Bias': 0.0, 'BatchNorm': 0.0} | EnvNClusters=3
[2026-01-26 15:24:34,127] [INFO] Model initialized on device: cuda:0
[2026-01-26 15:24:34,127] [INFO] [CLIENT INIT] Mode=SH | Sparsity=ON (UsedSparsity=0.6) | Clusters=OFF (UsedClusters=-) | EnvSparsityCfg={'Conv': 0.6, 'Linear': 0.6, 'Bias': 0.0, 'BatchNorm': 0.0} | EnvNClusters=3
[2026-01-26 15:24:34,252] [INFO] Model initialized on device: cuda:0
[2026-01-26 15:24:34,252] [INFO] [CLIENT INIT] Mode=SH | Sparsity=ON (UsedSparsity=0.6) | Clusters=OFF (UsedClusters=-) | EnvSparsityCfg={'Conv': 0.6, 'Linear': 0.6, 'Bias': 0.0, 'BatchNorm': 0.0} | EnvNClusters=3
[2026-01-26 15:24:34,308] [INFO] Model initialized on device: cuda:0
[2026-01-26 15:24:34,308] [INFO] Model initialized on device: cuda:0
[2026-01-26 15:24:34,308] [INFO] [CLIENT INIT] Mode=SH | Sparsity=ON (UsedSparsity=0.6) | Clusters=OFF (UsedClusters=-) | EnvSparsityCfg={'Conv': 0.6, 'Linear': 0.6, 'Bias': 0.0, 'BatchNorm': 0.0} | EnvNClusters=3
[2026-01-26 15:24:34,308] [INFO] [CLIENT INIT] Mode=SH | Sparsity=ON (UsedSparsity=0.6) | Clusters=OFF (UsedClusters=-) | EnvSparsityCfg={'Conv': 0.6, 'Linear': 0.6, 'Bias': 0.0, 'BatchNorm': 0.0} | EnvNClusters=3
[2026-01-26 15:24:34,309] [INFO] Model initialized on device: cuda:0
[2026-01-26 15:24:34,310] [INFO] [CLIENT INIT] Mode=SH | Sparsity=ON (UsedSparsity=0.6) | Clusters=OFF (UsedClusters=-) | EnvSparsityCfg={'Conv': 0.6, 'Linear': 0.6, 'Bias': 0.0, 'BatchNorm': 0.0} | EnvNClusters=3
[2026-01-26 15:24:34,311] [INFO] Model initialized on device: cuda:0
[2026-01-26 15:24:34,311] [INFO] [CLIENT INIT] Mode=SH | Sparsity=ON (UsedSparsity=0.6) | Clusters=OFF (UsedClusters=-) | EnvSparsityCfg={'Conv': 0.6, 'Linear': 0.6, 'Bias': 0.0, 'BatchNorm': 0.0} | EnvNClusters=3
[2026-01-26 15:24:39,916] [DEBUG] [TEST] Batch 1 | Pred shape: torch.Size([256, 256, 160]) | Label shape: torch.Size([256, 256, 160])
[2026-01-26 15:24:41,853] [DEBUG] [TEST] Batch 2 | Pred shape: torch.Size([256, 256, 160]) | Label shape: torch.Size([256, 256, 160])
[2026-01-26 15:24:41,956] [DEBUG] [TEST] Batch 3 | Pred shape: torch.Size([256, 256, 160]) | Label shape: torch.Size([256, 256, 160])
[2026-01-26 15:24:42,057] [DEBUG] [TEST] Batch 4 | Pred shape: torch.Size([256, 256, 160]) | Label shape: torch.Size([256, 256, 160])
[2026-01-26 15:24:42,157] [DEBUG] [TEST] Batch 5 | Pred shape: torch.Size([256, 256, 160]) | Label shape: torch.Size([256, 256, 160])
[2026-01-26 15:24:42,248] [DEBUG] [TEST] Batch 6 | Pred shape: torch.Size([256, 256, 160]) | Label shape: torch.Size([256, 256, 160])
[2026-01-26 15:24:42,357] [DEBUG] [TEST] Batch 7 | Pred shape: torch.Size([256, 256, 160]) | Label shape: torch.Size([256, 256, 160])
[2026-01-26 15:24:42,451] [DEBUG] [TEST] Batch 8 | Pred shape: torch.Size([256, 256, 160]) | Label shape: torch.Size([256, 256, 160])
[2026-01-26 15:24:42,612] [DEBUG] [TEST] Batch 9 | Pred shape: torch.Size([256, 256, 160]) | Label shape: torch.Size([256, 256, 160])
[2026-01-26 15:24:42,714] [DEBUG] [TEST] Batch 10 | Pred shape: torch.Size([256, 256, 160]) | Label shape: torch.Size([256, 256, 160])
[2026-01-26 15:24:43,874] [DEBUG] [TEST] Batch 11 | Pred shape: torch.Size([256, 256, 160]) | Label shape: torch.Size([256, 256, 160])
[2026-01-26 15:24:45,407] [DEBUG] [TEST] Batch 12 | Pred shape: torch.Size([256, 256, 160]) | Label shape: torch.Size([256, 256, 160])
[2026-01-26 15:24:45,570] [DEBUG] [TEST] Batch 13 | Pred shape: torch.Size([256, 256, 160]) | Label shape: torch.Size([256, 256, 160])
[2026-01-26 15:24:45,721] [DEBUG] [TEST] Batch 14 | Pred shape: torch.Size([256, 256, 160]) | Label shape: torch.Size([256, 256, 160])
[2026-01-26 15:24:45,885] [DEBUG] [TEST] Batch 15 | Pred shape: torch.Size([256, 256, 160]) | Label shape: torch.Size([256, 256, 160])
[2026-01-26 15:24:46,053] [DEBUG] [TEST] Batch 16 | Pred shape: torch.Size([256, 256, 160]) | Label shape: torch.Size([256, 256, 160])
[2026-01-26 15:24:50,507] [INFO] [FIT] Final model saved to: Revision2/Run_UNET_NonIID_SH_20260126/Client3/model_final.pth
[2026-01-26 15:25:50,054] [INFO] [COMM][CLIENT] Round=-1 Mode=SH UsedSparsity=0.6 UsedClusters=- BaselineBits=154016352.0 CompressedBits=162072347.2 CR=0.950
[2026-01-26 15:34:03,597] [INFO] [EVALUATE] Starting evaluation...
[2026-01-26 15:34:05,418] [INFO] [DEBUG] Loaded compressed decoded weights.
[2026-01-26 15:35:02,600] [INFO] Model initialized on device: cuda:0
[2026-01-26 15:35:02,601] [INFO] [CLIENT INIT] Mode=SH | Sparsity=ON (UsedSparsity=0.6) | Clusters=OFF (UsedClusters=-) | EnvSparsityCfg={'Conv': 0.6, 'Linear': 0.6, 'Bias': 0.0, 'BatchNorm': 0.0} | EnvNClusters=3
[2026-01-26 15:35:04,312] [INFO] Model initialized on device: cuda:0
[2026-01-26 15:35:04,312] [INFO] [CLIENT INIT] Mode=SH | Sparsity=ON (UsedSparsity=0.6) | Clusters=OFF (UsedClusters=-) | EnvSparsityCfg={'Conv': 0.6, 'Linear': 0.6, 'Bias': 0.0, 'BatchNorm': 0.0} | EnvNClusters=3
[2026-01-26 15:35:04,337] [INFO] Model initialized on device: cuda:0
[2026-01-26 15:35:04,337] [INFO] [CLIENT INIT] Mode=SH | Sparsity=ON (UsedSparsity=0.6) | Clusters=OFF (UsedClusters=-) | EnvSparsityCfg={'Conv': 0.6, 'Linear': 0.6, 'Bias': 0.0, 'BatchNorm': 0.0} | EnvNClusters=3
[2026-01-26 15:35:05,413] [INFO] Model initialized on device: cuda:0
[2026-01-26 15:35:05,414] [INFO] [CLIENT INIT] Mode=SH | Sparsity=ON (UsedSparsity=0.6) | Clusters=OFF (UsedClusters=-) | EnvSparsityCfg={'Conv': 0.6, 'Linear': 0.6, 'Bias': 0.0, 'BatchNorm': 0.0} | EnvNClusters=3
[2026-01-26 15:35:07,098] [DEBUG] [TEST] Batch 1 | Pred shape: torch.Size([256, 256, 160]) | Label shape: torch.Size([256, 256, 160])
[2026-01-26 15:35:07,510] [INFO] Model initialized on device: cuda:0
[2026-01-26 15:35:07,510] [INFO] [CLIENT INIT] Mode=SH | Sparsity=ON (UsedSparsity=0.6) | Clusters=OFF (UsedClusters=-) | EnvSparsityCfg={'Conv': 0.6, 'Linear': 0.6, 'Bias': 0.0, 'BatchNorm': 0.0} | EnvNClusters=3
[2026-01-26 15:35:07,643] [INFO] Model initialized on device: cuda:0
[2026-01-26 15:35:07,643] [INFO] [CLIENT INIT] Mode=SH | Sparsity=ON (UsedSparsity=0.6) | Clusters=OFF (UsedClusters=-) | EnvSparsityCfg={'Conv': 0.6, 'Linear': 0.6, 'Bias': 0.0, 'BatchNorm': 0.0} | EnvNClusters=3
[2026-01-26 15:35:07,903] [INFO] Model initialized on device: cuda:0
[2026-01-26 15:35:07,903] [INFO] [CLIENT INIT] Mode=SH | Sparsity=ON (UsedSparsity=0.6) | Clusters=OFF (UsedClusters=-) | EnvSparsityCfg={'Conv': 0.6, 'Linear': 0.6, 'Bias': 0.0, 'BatchNorm': 0.0} | EnvNClusters=3
[2026-01-26 15:35:10,749] [INFO] Model initialized on device: cuda:0
[2026-01-26 15:35:10,749] [INFO] [CLIENT INIT] Mode=SH | Sparsity=ON (UsedSparsity=0.6) | Clusters=OFF (UsedClusters=-) | EnvSparsityCfg={'Conv': 0.6, 'Linear': 0.6, 'Bias': 0.0, 'BatchNorm': 0.0} | EnvNClusters=3
[2026-01-26 15:35:11,024] [DEBUG] [TEST] Batch 2 | Pred shape: torch.Size([256, 256, 160]) | Label shape: torch.Size([256, 256, 160])
[2026-01-26 15:35:11,088] [DEBUG] [TEST] Batch 3 | Pred shape: torch.Size([256, 256, 160]) | Label shape: torch.Size([256, 256, 160])
[2026-01-26 15:35:11,858] [INFO] Model initialized on device: cuda:0
[2026-01-26 15:35:11,858] [INFO] [CLIENT INIT] Mode=SH | Sparsity=ON (UsedSparsity=0.6) | Clusters=OFF (UsedClusters=-) | EnvSparsityCfg={'Conv': 0.6, 'Linear': 0.6, 'Bias': 0.0, 'BatchNorm': 0.0} | EnvNClusters=3
[2026-01-26 15:35:12,262] [INFO] Model initialized on device: cuda:0
[2026-01-26 15:35:12,262] [INFO] [CLIENT INIT] Mode=SH | Sparsity=ON (UsedSparsity=0.6) | Clusters=OFF (UsedClusters=-) | EnvSparsityCfg={'Conv': 0.6, 'Linear': 0.6, 'Bias': 0.0, 'BatchNorm': 0.0} | EnvNClusters=3
[2026-01-26 15:35:16,109] [DEBUG] [TEST] Batch 4 | Pred shape: torch.Size([256, 256, 160]) | Label shape: torch.Size([256, 256, 160])
[2026-01-26 15:35:16,166] [DEBUG] [TEST] Batch 5 | Pred shape: torch.Size([256, 256, 160]) | Label shape: torch.Size([256, 256, 160])
[2026-01-26 15:35:16,257] [DEBUG] [TEST] Batch 6 | Pred shape: torch.Size([256, 256, 160]) | Label shape: torch.Size([256, 256, 160])
[2026-01-26 15:35:16,351] [DEBUG] [TEST] Batch 7 | Pred shape: torch.Size([256, 256, 160]) | Label shape: torch.Size([256, 256, 160])
[2026-01-26 15:35:16,414] [DEBUG] [TEST] Batch 8 | Pred shape: torch.Size([256, 256, 160]) | Label shape: torch.Size([256, 256, 160])
[2026-01-26 15:35:16,537] [DEBUG] [TEST] Batch 9 | Pred shape: torch.Size([256, 256, 160]) | Label shape: torch.Size([256, 256, 160])
[2026-01-26 15:35:16,651] [DEBUG] [TEST] Batch 10 | Pred shape: torch.Size([256, 256, 160]) | Label shape: torch.Size([256, 256, 160])
[2026-01-26 15:35:16,762] [DEBUG] [TEST] Batch 11 | Pred shape: torch.Size([256, 256, 160]) | Label shape: torch.Size([256, 256, 160])
[2026-01-26 15:35:16,910] [DEBUG] [TEST] Batch 12 | Pred shape: torch.Size([256, 256, 160]) | Label shape: torch.Size([256, 256, 160])
[2026-01-26 15:35:17,007] [DEBUG] [TEST] Batch 13 | Pred shape: torch.Size([256, 256, 160]) | Label shape: torch.Size([256, 256, 160])
[2026-01-26 15:35:19,414] [DEBUG] [TEST] Batch 14 | Pred shape: torch.Size([256, 256, 160]) | Label shape: torch.Size([256, 256, 160])
[2026-01-26 15:35:19,515] [DEBUG] [TEST] Batch 15 | Pred shape: torch.Size([256, 256, 160]) | Label shape: torch.Size([256, 256, 160])
[2026-01-26 15:35:19,610] [DEBUG] [TEST] Batch 16 | Pred shape: torch.Size([256, 256, 160]) | Label shape: torch.Size([256, 256, 160])
[2026-01-26 15:35:24,952] [INFO] [EVALUATE] Dice WT: 1.0000
[2026-01-26 15:35:42,009] [INFO] [FIT] Received parameters. Starting local training...
[2026-01-26 15:35:44,721] [INFO] [DEBUG] Loaded compressed decoded weights.
[2026-01-26 15:36:52,559] [INFO] Model initialized on device: cuda:0
[2026-01-26 15:36:52,559] [INFO] [CLIENT INIT] Mode=SH | Sparsity=ON (UsedSparsity=0.6) | Clusters=OFF (UsedClusters=-) | EnvSparsityCfg={'Conv': 0.6, 'Linear': 0.6, 'Bias': 0.0, 'BatchNorm': 0.0} | EnvNClusters=3
[2026-01-26 15:36:52,742] [INFO] Model initialized on device: cuda:0
[2026-01-26 15:36:52,742] [INFO] [CLIENT INIT] Mode=SH | Sparsity=ON (UsedSparsity=0.6) | Clusters=OFF (UsedClusters=-) | EnvSparsityCfg={'Conv': 0.6, 'Linear': 0.6, 'Bias': 0.0, 'BatchNorm': 0.0} | EnvNClusters=3
[2026-01-26 15:36:53,015] [INFO] Model initialized on device: cuda:0
[2026-01-26 15:36:53,015] [INFO] [CLIENT INIT] Mode=SH | Sparsity=ON (UsedSparsity=0.6) | Clusters=OFF (UsedClusters=-) | EnvSparsityCfg={'Conv': 0.6, 'Linear': 0.6, 'Bias': 0.0, 'BatchNorm': 0.0} | EnvNClusters=3
[2026-01-26 15:36:53,243] [INFO] Model initialized on device: cuda:0
[2026-01-26 15:36:53,243] [INFO] [CLIENT INIT] Mode=SH | Sparsity=ON (UsedSparsity=0.6) | Clusters=OFF (UsedClusters=-) | EnvSparsityCfg={'Conv': 0.6, 'Linear': 0.6, 'Bias': 0.0, 'BatchNorm': 0.0} | EnvNClusters=3
[2026-01-26 15:36:53,643] [INFO] Model initialized on device: cuda:0
[2026-01-26 15:36:53,643] [INFO] [CLIENT INIT] Mode=SH | Sparsity=ON (UsedSparsity=0.6) | Clusters=OFF (UsedClusters=-) | EnvSparsityCfg={'Conv': 0.6, 'Linear': 0.6, 'Bias': 0.0, 'BatchNorm': 0.0} | EnvNClusters=3
[2026-01-26 15:36:54,011] [INFO] Model initialized on device: cuda:0
[2026-01-26 15:36:54,011] [INFO] [CLIENT INIT] Mode=SH | Sparsity=ON (UsedSparsity=0.6) | Clusters=OFF (UsedClusters=-) | EnvSparsityCfg={'Conv': 0.6, 'Linear': 0.6, 'Bias': 0.0, 'BatchNorm': 0.0} | EnvNClusters=3
[2026-01-26 15:36:54,042] [INFO] Model initialized on device: cuda:0
[2026-01-26 15:36:54,042] [INFO] [CLIENT INIT] Mode=SH | Sparsity=ON (UsedSparsity=0.6) | Clusters=OFF (UsedClusters=-) | EnvSparsityCfg={'Conv': 0.6, 'Linear': 0.6, 'Bias': 0.0, 'BatchNorm': 0.0} | EnvNClusters=3
[2026-01-26 15:36:54,327] [INFO] Model initialized on device: cuda:0
[2026-01-26 15:36:54,327] [INFO] [CLIENT INIT] Mode=SH | Sparsity=ON (UsedSparsity=0.6) | Clusters=OFF (UsedClusters=-) | EnvSparsityCfg={'Conv': 0.6, 'Linear': 0.6, 'Bias': 0.0, 'BatchNorm': 0.0} | EnvNClusters=3
[2026-01-26 15:36:54,331] [INFO] Model initialized on device: cuda:0
[2026-01-26 15:36:54,331] [INFO] [CLIENT INIT] Mode=SH | Sparsity=ON (UsedSparsity=0.6) | Clusters=OFF (UsedClusters=-) | EnvSparsityCfg={'Conv': 0.6, 'Linear': 0.6, 'Bias': 0.0, 'BatchNorm': 0.0} | EnvNClusters=3
[2026-01-26 15:36:54,429] [INFO] Model initialized on device: cuda:0
[2026-01-26 15:36:54,429] [INFO] [CLIENT INIT] Mode=SH | Sparsity=ON (UsedSparsity=0.6) | Clusters=OFF (UsedClusters=-) | EnvSparsityCfg={'Conv': 0.6, 'Linear': 0.6, 'Bias': 0.0, 'BatchNorm': 0.0} | EnvNClusters=3
[2026-01-26 15:38:47,117] [INFO] [TRAIN] Epoch 1 Loss: 0.1207
[2026-01-26 15:39:35,812] [INFO] Model initialized on device: cuda:0
[2026-01-26 15:39:35,812] [INFO] [CLIENT INIT] Mode=SH | Sparsity=ON (UsedSparsity=0.6) | Clusters=OFF (UsedClusters=-) | EnvSparsityCfg={'Conv': 0.6, 'Linear': 0.6, 'Bias': 0.0, 'BatchNorm': 0.0} | EnvNClusters=3
[2026-01-26 15:39:36,813] [INFO] Model initialized on device: cuda:0
[2026-01-26 15:39:36,814] [INFO] [CLIENT INIT] Mode=SH | Sparsity=ON (UsedSparsity=0.6) | Clusters=OFF (UsedClusters=-) | EnvSparsityCfg={'Conv': 0.6, 'Linear': 0.6, 'Bias': 0.0, 'BatchNorm': 0.0} | EnvNClusters=3
[2026-01-26 15:39:36,938] [INFO] Model initialized on device: cuda:0
[2026-01-26 15:39:36,938] [INFO] [CLIENT INIT] Mode=SH | Sparsity=ON (UsedSparsity=0.6) | Clusters=OFF (UsedClusters=-) | EnvSparsityCfg={'Conv': 0.6, 'Linear': 0.6, 'Bias': 0.0, 'BatchNorm': 0.0} | EnvNClusters=3
[2026-01-26 15:39:39,624] [INFO] Model initialized on device: cuda:0
[2026-01-26 15:39:39,625] [INFO] [CLIENT INIT] Mode=SH | Sparsity=ON (UsedSparsity=0.6) | Clusters=OFF (UsedClusters=-) | EnvSparsityCfg={'Conv': 0.6, 'Linear': 0.6, 'Bias': 0.0, 'BatchNorm': 0.0} | EnvNClusters=3
[2026-01-26 15:39:40,013] [INFO] Model initialized on device: cuda:0
[2026-01-26 15:39:40,013] [INFO] [CLIENT INIT] Mode=SH | Sparsity=ON (UsedSparsity=0.6) | Clusters=OFF (UsedClusters=-) | EnvSparsityCfg={'Conv': 0.6, 'Linear': 0.6, 'Bias': 0.0, 'BatchNorm': 0.0} | EnvNClusters=3
[2026-01-26 15:39:40,113] [INFO] Model initialized on device: cuda:0
[2026-01-26 15:39:40,113] [INFO] [CLIENT INIT] Mode=SH | Sparsity=ON (UsedSparsity=0.6) | Clusters=OFF (UsedClusters=-) | EnvSparsityCfg={'Conv': 0.6, 'Linear': 0.6, 'Bias': 0.0, 'BatchNorm': 0.0} | EnvNClusters=3
[2026-01-26 15:39:40,121] [INFO] Model initialized on device: cuda:0
[2026-01-26 15:39:40,121] [INFO] [CLIENT INIT] Mode=SH | Sparsity=ON (UsedSparsity=0.6) | Clusters=OFF (UsedClusters=-) | EnvSparsityCfg={'Conv': 0.6, 'Linear': 0.6, 'Bias': 0.0, 'BatchNorm': 0.0} | EnvNClusters=3
[2026-01-26 15:39:40,221] [INFO] Model initialized on device: cuda:0
[2026-01-26 15:39:40,222] [INFO] [CLIENT INIT] Mode=SH | Sparsity=ON (UsedSparsity=0.6) | Clusters=OFF (UsedClusters=-) | EnvSparsityCfg={'Conv': 0.6, 'Linear': 0.6, 'Bias': 0.0, 'BatchNorm': 0.0} | EnvNClusters=3
[2026-01-26 15:39:40,227] [INFO] Model initialized on device: cuda:0
[2026-01-26 15:39:40,227] [INFO] [CLIENT INIT] Mode=SH | Sparsity=ON (UsedSparsity=0.6) | Clusters=OFF (UsedClusters=-) | EnvSparsityCfg={'Conv': 0.6, 'Linear': 0.6, 'Bias': 0.0, 'BatchNorm': 0.0} | EnvNClusters=3
[2026-01-26 15:39:40,231] [INFO] Model initialized on device: cuda:0
[2026-01-26 15:39:40,231] [INFO] [CLIENT INIT] Mode=SH | Sparsity=ON (UsedSparsity=0.6) | Clusters=OFF (UsedClusters=-) | EnvSparsityCfg={'Conv': 0.6, 'Linear': 0.6, 'Bias': 0.0, 'BatchNorm': 0.0} | EnvNClusters=3
[2026-01-26 15:41:21,708] [INFO] [TRAIN] Epoch 2 Loss: 0.1154
[2026-01-26 15:42:09,413] [INFO] Model initialized on device: cuda:0
[2026-01-26 15:42:09,413] [INFO] [CLIENT INIT] Mode=SH | Sparsity=ON (UsedSparsity=0.6) | Clusters=OFF (UsedClusters=-) | EnvSparsityCfg={'Conv': 0.6, 'Linear': 0.6, 'Bias': 0.0, 'BatchNorm': 0.0} | EnvNClusters=3
[2026-01-26 15:42:09,419] [INFO] Model initialized on device: cuda:0
[2026-01-26 15:42:09,419] [INFO] [CLIENT INIT] Mode=SH | Sparsity=ON (UsedSparsity=0.6) | Clusters=OFF (UsedClusters=-) | EnvSparsityCfg={'Conv': 0.6, 'Linear': 0.6, 'Bias': 0.0, 'BatchNorm': 0.0} | EnvNClusters=3
[2026-01-26 15:42:09,712] [INFO] Model initialized on device: cuda:0
[2026-01-26 15:42:09,713] [INFO] [CLIENT INIT] Mode=SH | Sparsity=ON (UsedSparsity=0.6) | Clusters=OFF (UsedClusters=-) | EnvSparsityCfg={'Conv': 0.6, 'Linear': 0.6, 'Bias': 0.0, 'BatchNorm': 0.0} | EnvNClusters=3
[2026-01-26 15:42:09,722] [INFO] Model initialized on device: cuda:0
[2026-01-26 15:42:09,723] [INFO] [CLIENT INIT] Mode=SH | Sparsity=ON (UsedSparsity=0.6) | Clusters=OFF (UsedClusters=-) | EnvSparsityCfg={'Conv': 0.6, 'Linear': 0.6, 'Bias': 0.0, 'BatchNorm': 0.0} | EnvNClusters=3
[2026-01-26 15:42:09,810] [INFO] Model initialized on device: cuda:0
[2026-01-26 15:42:09,810] [INFO] [CLIENT INIT] Mode=SH | Sparsity=ON (UsedSparsity=0.6) | Clusters=OFF (UsedClusters=-) | EnvSparsityCfg={'Conv': 0.6, 'Linear': 0.6, 'Bias': 0.0, 'BatchNorm': 0.0} | EnvNClusters=3
[2026-01-26 15:42:09,817] [INFO] Model initialized on device: cuda:0
[2026-01-26 15:42:09,818] [INFO] [CLIENT INIT] Mode=SH | Sparsity=ON (UsedSparsity=0.6) | Clusters=OFF (UsedClusters=-) | EnvSparsityCfg={'Conv': 0.6, 'Linear': 0.6, 'Bias': 0.0, 'BatchNorm': 0.0} | EnvNClusters=3
[2026-01-26 15:42:09,818] [INFO] Model initialized on device: cuda:0
[2026-01-26 15:42:09,818] [INFO] [CLIENT INIT] Mode=SH | Sparsity=ON (UsedSparsity=0.6) | Clusters=OFF (UsedClusters=-) | EnvSparsityCfg={'Conv': 0.6, 'Linear': 0.6, 'Bias': 0.0, 'BatchNorm': 0.0} | EnvNClusters=3
[2026-01-26 15:42:09,819] [INFO] Model initialized on device: cuda:0
[2026-01-26 15:42:09,819] [INFO] [CLIENT INIT] Mode=SH | Sparsity=ON (UsedSparsity=0.6) | Clusters=OFF (UsedClusters=-) | EnvSparsityCfg={'Conv': 0.6, 'Linear': 0.6, 'Bias': 0.0, 'BatchNorm': 0.0} | EnvNClusters=3
[2026-01-26 15:42:09,820] [INFO] Model initialized on device: cuda:0
[2026-01-26 15:42:09,821] [INFO] [CLIENT INIT] Mode=SH | Sparsity=ON (UsedSparsity=0.6) | Clusters=OFF (UsedClusters=-) | EnvSparsityCfg={'Conv': 0.6, 'Linear': 0.6, 'Bias': 0.0, 'BatchNorm': 0.0} | EnvNClusters=3
[2026-01-26 15:42:09,820] [INFO] Model initialized on device: cuda:0
[2026-01-26 15:42:09,821] [INFO] [CLIENT INIT] Mode=SH | Sparsity=ON (UsedSparsity=0.6) | Clusters=OFF (UsedClusters=-) | EnvSparsityCfg={'Conv': 0.6, 'Linear': 0.6, 'Bias': 0.0, 'BatchNorm': 0.0} | EnvNClusters=3
[2026-01-26 15:43:58,717] [INFO] [TRAIN] Epoch 3 Loss: 0.1152
[2026-01-26 15:44:38,811] [INFO] Model initialized on device: cuda:0
[2026-01-26 15:44:38,812] [INFO] [CLIENT INIT] Mode=SH | Sparsity=ON (UsedSparsity=0.6) | Clusters=OFF (UsedClusters=-) | EnvSparsityCfg={'Conv': 0.6, 'Linear': 0.6, 'Bias': 0.0, 'BatchNorm': 0.0} | EnvNClusters=3
[2026-01-26 15:44:44,236] [INFO] Model initialized on device: cuda:0
[2026-01-26 15:44:44,236] [INFO] [CLIENT INIT] Mode=SH | Sparsity=ON (UsedSparsity=0.6) | Clusters=OFF (UsedClusters=-) | EnvSparsityCfg={'Conv': 0.6, 'Linear': 0.6, 'Bias': 0.0, 'BatchNorm': 0.0} | EnvNClusters=3
[2026-01-26 15:44:47,908] [INFO] Model initialized on device: cuda:0
[2026-01-26 15:44:47,908] [INFO] [CLIENT INIT] Mode=SH | Sparsity=ON (UsedSparsity=0.6) | Clusters=OFF (UsedClusters=-) | EnvSparsityCfg={'Conv': 0.6, 'Linear': 0.6, 'Bias': 0.0, 'BatchNorm': 0.0} | EnvNClusters=3
[2026-01-26 15:44:47,912] [INFO] Model initialized on device: cuda:0
[2026-01-26 15:44:47,912] [INFO] [CLIENT INIT] Mode=SH | Sparsity=ON (UsedSparsity=0.6) | Clusters=OFF (UsedClusters=-) | EnvSparsityCfg={'Conv': 0.6, 'Linear': 0.6, 'Bias': 0.0, 'BatchNorm': 0.0} | EnvNClusters=3
[2026-01-26 15:44:47,921] [INFO] Model initialized on device: cuda:0
[2026-01-26 15:44:47,921] [INFO] [CLIENT INIT] Mode=SH | Sparsity=ON (UsedSparsity=0.6) | Clusters=OFF (UsedClusters=-) | EnvSparsityCfg={'Conv': 0.6, 'Linear': 0.6, 'Bias': 0.0, 'BatchNorm': 0.0} | EnvNClusters=3
[2026-01-26 15:44:48,008] [INFO] Model initialized on device: cuda:0
[2026-01-26 15:44:48,008] [INFO] Model initialized on device: cuda:0
[2026-01-26 15:44:48,008] [INFO] [CLIENT INIT] Mode=SH | Sparsity=ON (UsedSparsity=0.6) | Clusters=OFF (UsedClusters=-) | EnvSparsityCfg={'Conv': 0.6, 'Linear': 0.6, 'Bias': 0.0, 'BatchNorm': 0.0} | EnvNClusters=3
[2026-01-26 15:44:48,008] [INFO] [CLIENT INIT] Mode=SH | Sparsity=ON (UsedSparsity=0.6) | Clusters=OFF (UsedClusters=-) | EnvSparsityCfg={'Conv': 0.6, 'Linear': 0.6, 'Bias': 0.0, 'BatchNorm': 0.0} | EnvNClusters=3
[2026-01-26 15:44:48,010] [INFO] Model initialized on device: cuda:0
[2026-01-26 15:44:48,010] [INFO] [CLIENT INIT] Mode=SH | Sparsity=ON (UsedSparsity=0.6) | Clusters=OFF (UsedClusters=-) | EnvSparsityCfg={'Conv': 0.6, 'Linear': 0.6, 'Bias': 0.0, 'BatchNorm': 0.0} | EnvNClusters=3
[2026-01-26 15:44:48,011] [INFO] Model initialized on device: cuda:0
[2026-01-26 15:44:48,012] [INFO] Model initialized on device: cuda:0
[2026-01-26 15:44:48,012] [INFO] [CLIENT INIT] Mode=SH | Sparsity=ON (UsedSparsity=0.6) | Clusters=OFF (UsedClusters=-) | EnvSparsityCfg={'Conv': 0.6, 'Linear': 0.6, 'Bias': 0.0, 'BatchNorm': 0.0} | EnvNClusters=3
[2026-01-26 15:44:48,012] [INFO] [CLIENT INIT] Mode=SH | Sparsity=ON (UsedSparsity=0.6) | Clusters=OFF (UsedClusters=-) | EnvSparsityCfg={'Conv': 0.6, 'Linear': 0.6, 'Bias': 0.0, 'BatchNorm': 0.0} | EnvNClusters=3
[2026-01-26 15:46:37,420] [INFO] [TRAIN] Epoch 4 Loss: 0.1129
[2026-01-26 15:47:20,713] [INFO] Model initialized on device: cuda:0
[2026-01-26 15:47:20,713] [INFO] [CLIENT INIT] Mode=SH | Sparsity=ON (UsedSparsity=0.6) | Clusters=OFF (UsedClusters=-) | EnvSparsityCfg={'Conv': 0.6, 'Linear': 0.6, 'Bias': 0.0, 'BatchNorm': 0.0} | EnvNClusters=3
[2026-01-26 15:47:21,344] [INFO] Model initialized on device: cuda:0
[2026-01-26 15:47:21,344] [INFO] [CLIENT INIT] Mode=SH | Sparsity=ON (UsedSparsity=0.6) | Clusters=OFF (UsedClusters=-) | EnvSparsityCfg={'Conv': 0.6, 'Linear': 0.6, 'Bias': 0.0, 'BatchNorm': 0.0} | EnvNClusters=3
[2026-01-26 15:47:22,332] [INFO] Model initialized on device: cuda:0
[2026-01-26 15:47:22,332] [INFO] [CLIENT INIT] Mode=SH | Sparsity=ON (UsedSparsity=0.6) | Clusters=OFF (UsedClusters=-) | EnvSparsityCfg={'Conv': 0.6, 'Linear': 0.6, 'Bias': 0.0, 'BatchNorm': 0.0} | EnvNClusters=3
[2026-01-26 15:47:22,340] [INFO] Model initialized on device: cuda:0
[2026-01-26 15:47:22,340] [INFO] [CLIENT INIT] Mode=SH | Sparsity=ON (UsedSparsity=0.6) | Clusters=OFF (UsedClusters=-) | EnvSparsityCfg={'Conv': 0.6, 'Linear': 0.6, 'Bias': 0.0, 'BatchNorm': 0.0} | EnvNClusters=3
[2026-01-26 15:47:22,725] [INFO] Model initialized on device: cuda:0
[2026-01-26 15:47:22,725] [INFO] Model initialized on device: cuda:0
[2026-01-26 15:47:22,725] [INFO] [CLIENT INIT] Mode=SH | Sparsity=ON (UsedSparsity=0.6) | Clusters=OFF (UsedClusters=-) | EnvSparsityCfg={'Conv': 0.6, 'Linear': 0.6, 'Bias': 0.0, 'BatchNorm': 0.0} | EnvNClusters=3
[2026-01-26 15:47:22,725] [INFO] [CLIENT INIT] Mode=SH | Sparsity=ON (UsedSparsity=0.6) | Clusters=OFF (UsedClusters=-) | EnvSparsityCfg={'Conv': 0.6, 'Linear': 0.6, 'Bias': 0.0, 'BatchNorm': 0.0} | EnvNClusters=3
[2026-01-26 15:47:22,726] [INFO] Model initialized on device: cuda:0
[2026-01-26 15:47:22,726] [INFO] [CLIENT INIT] Mode=SH | Sparsity=ON (UsedSparsity=0.6) | Clusters=OFF (UsedClusters=-) | EnvSparsityCfg={'Conv': 0.6, 'Linear': 0.6, 'Bias': 0.0, 'BatchNorm': 0.0} | EnvNClusters=3
[2026-01-26 15:47:22,727] [INFO] Model initialized on device: cuda:0
[2026-01-26 15:47:22,727] [INFO] [CLIENT INIT] Mode=SH | Sparsity=ON (UsedSparsity=0.6) | Clusters=OFF (UsedClusters=-) | EnvSparsityCfg={'Conv': 0.6, 'Linear': 0.6, 'Bias': 0.0, 'BatchNorm': 0.0} | EnvNClusters=3
[2026-01-26 15:47:22,728] [INFO] Model initialized on device: cuda:0
[2026-01-26 15:47:22,728] [INFO] [CLIENT INIT] Mode=SH | Sparsity=ON (UsedSparsity=0.6) | Clusters=OFF (UsedClusters=-) | EnvSparsityCfg={'Conv': 0.6, 'Linear': 0.6, 'Bias': 0.0, 'BatchNorm': 0.0} | EnvNClusters=3
[2026-01-26 15:47:22,728] [INFO] Model initialized on device: cuda:0
[2026-01-26 15:47:22,729] [INFO] [CLIENT INIT] Mode=SH | Sparsity=ON (UsedSparsity=0.6) | Clusters=OFF (UsedClusters=-) | EnvSparsityCfg={'Conv': 0.6, 'Linear': 0.6, 'Bias': 0.0, 'BatchNorm': 0.0} | EnvNClusters=3
[2026-01-26 15:49:13,544] [INFO] [TRAIN] Epoch 5 Loss: 0.1147
[2026-01-26 15:49:13,546] [INFO] [FIT] Local training finished. Avg Loss: 0.1158
[2026-01-26 15:49:47,112] [INFO] Model initialized on device: cuda:0
[2026-01-26 15:49:47,112] [INFO] [CLIENT INIT] Mode=SH | Sparsity=ON (UsedSparsity=0.6) | Clusters=OFF (UsedClusters=-) | EnvSparsityCfg={'Conv': 0.6, 'Linear': 0.6, 'Bias': 0.0, 'BatchNorm': 0.0} | EnvNClusters=3
[2026-01-26 15:49:48,809] [INFO] Model initialized on device: cuda:0
[2026-01-26 15:49:48,809] [INFO] [CLIENT INIT] Mode=SH | Sparsity=ON (UsedSparsity=0.6) | Clusters=OFF (UsedClusters=-) | EnvSparsityCfg={'Conv': 0.6, 'Linear': 0.6, 'Bias': 0.0, 'BatchNorm': 0.0} | EnvNClusters=3
[2026-01-26 15:49:54,316] [DEBUG] [TEST] Batch 1 | Pred shape: torch.Size([256, 256, 160]) | Label shape: torch.Size([256, 256, 160])
[2026-01-26 15:49:55,217] [INFO] Model initialized on device: cuda:0
[2026-01-26 15:49:55,217] [INFO] [CLIENT INIT] Mode=SH | Sparsity=ON (UsedSparsity=0.6) | Clusters=OFF (UsedClusters=-) | EnvSparsityCfg={'Conv': 0.6, 'Linear': 0.6, 'Bias': 0.0, 'BatchNorm': 0.0} | EnvNClusters=3
[2026-01-26 15:49:56,842] [INFO] Model initialized on device: cuda:0
[2026-01-26 15:49:56,843] [INFO] [CLIENT INIT] Mode=SH | Sparsity=ON (UsedSparsity=0.6) | Clusters=OFF (UsedClusters=-) | EnvSparsityCfg={'Conv': 0.6, 'Linear': 0.6, 'Bias': 0.0, 'BatchNorm': 0.0} | EnvNClusters=3
[2026-01-26 15:49:56,933] [INFO] Model initialized on device: cuda:0
[2026-01-26 15:49:56,933] [INFO] [CLIENT INIT] Mode=SH | Sparsity=ON (UsedSparsity=0.6) | Clusters=OFF (UsedClusters=-) | EnvSparsityCfg={'Conv': 0.6, 'Linear': 0.6, 'Bias': 0.0, 'BatchNorm': 0.0} | EnvNClusters=3
[2026-01-26 15:49:57,132] [INFO] Model initialized on device: cuda:0
[2026-01-26 15:49:57,132] [INFO] [CLIENT INIT] Mode=SH | Sparsity=ON (UsedSparsity=0.6) | Clusters=OFF (UsedClusters=-) | EnvSparsityCfg={'Conv': 0.6, 'Linear': 0.6, 'Bias': 0.0, 'BatchNorm': 0.0} | EnvNClusters=3
[2026-01-26 15:49:57,315] [INFO] Model initialized on device: cuda:0
[2026-01-26 15:49:57,315] [INFO] [CLIENT INIT] Mode=SH | Sparsity=ON (UsedSparsity=0.6) | Clusters=OFF (UsedClusters=-) | EnvSparsityCfg={'Conv': 0.6, 'Linear': 0.6, 'Bias': 0.0, 'BatchNorm': 0.0} | EnvNClusters=3
[2026-01-26 15:49:58,037] [INFO] Model initialized on device: cuda:0
[2026-01-26 15:49:58,037] [INFO] [CLIENT INIT] Mode=SH | Sparsity=ON (UsedSparsity=0.6) | Clusters=OFF (UsedClusters=-) | EnvSparsityCfg={'Conv': 0.6, 'Linear': 0.6, 'Bias': 0.0, 'BatchNorm': 0.0} | EnvNClusters=3
[2026-01-26 15:49:58,737] [INFO] Model initialized on device: cuda:0
[2026-01-26 15:49:58,737] [INFO] [CLIENT INIT] Mode=SH | Sparsity=ON (UsedSparsity=0.6) | Clusters=OFF (UsedClusters=-) | EnvSparsityCfg={'Conv': 0.6, 'Linear': 0.6, 'Bias': 0.0, 'BatchNorm': 0.0} | EnvNClusters=3
[2026-01-26 15:49:58,814] [INFO] Model initialized on device: cuda:0
[2026-01-26 15:49:58,814] [INFO] [CLIENT INIT] Mode=SH | Sparsity=ON (UsedSparsity=0.6) | Clusters=OFF (UsedClusters=-) | EnvSparsityCfg={'Conv': 0.6, 'Linear': 0.6, 'Bias': 0.0, 'BatchNorm': 0.0} | EnvNClusters=3
[2026-01-26 15:50:01,711] [DEBUG] [TEST] Batch 2 | Pred shape: torch.Size([256, 256, 160]) | Label shape: torch.Size([256, 256, 160])
[2026-01-26 15:50:03,917] [DEBUG] [TEST] Batch 3 | Pred shape: torch.Size([256, 256, 160]) | Label shape: torch.Size([256, 256, 160])
[2026-01-26 15:50:04,118] [DEBUG] [TEST] Batch 4 | Pred shape: torch.Size([256, 256, 160]) | Label shape: torch.Size([256, 256, 160])
[2026-01-26 15:50:04,248] [DEBUG] [TEST] Batch 5 | Pred shape: torch.Size([256, 256, 160]) | Label shape: torch.Size([256, 256, 160])
[2026-01-26 15:50:05,417] [DEBUG] [TEST] Batch 6 | Pred shape: torch.Size([256, 256, 160]) | Label shape: torch.Size([256, 256, 160])
[2026-01-26 15:50:05,714] [DEBUG] [TEST] Batch 7 | Pred shape: torch.Size([256, 256, 160]) | Label shape: torch.Size([256, 256, 160])
[2026-01-26 15:50:05,814] [DEBUG] [TEST] Batch 8 | Pred shape: torch.Size([256, 256, 160]) | Label shape: torch.Size([256, 256, 160])
[2026-01-26 15:50:05,914] [DEBUG] [TEST] Batch 9 | Pred shape: torch.Size([256, 256, 160]) | Label shape: torch.Size([256, 256, 160])
[2026-01-26 15:50:06,014] [DEBUG] [TEST] Batch 10 | Pred shape: torch.Size([256, 256, 160]) | Label shape: torch.Size([256, 256, 160])
[2026-01-26 15:50:06,115] [DEBUG] [TEST] Batch 11 | Pred shape: torch.Size([256, 256, 160]) | Label shape: torch.Size([256, 256, 160])
[2026-01-26 15:50:06,214] [DEBUG] [TEST] Batch 12 | Pred shape: torch.Size([256, 256, 160]) | Label shape: torch.Size([256, 256, 160])
[2026-01-26 15:50:08,259] [DEBUG] [TEST] Batch 13 | Pred shape: torch.Size([256, 256, 160]) | Label shape: torch.Size([256, 256, 160])
[2026-01-26 15:50:08,450] [DEBUG] [TEST] Batch 14 | Pred shape: torch.Size([256, 256, 160]) | Label shape: torch.Size([256, 256, 160])
[2026-01-26 15:50:08,637] [DEBUG] [TEST] Batch 15 | Pred shape: torch.Size([256, 256, 160]) | Label shape: torch.Size([256, 256, 160])
[2026-01-26 15:50:09,414] [DEBUG] [TEST] Batch 16 | Pred shape: torch.Size([256, 256, 160]) | Label shape: torch.Size([256, 256, 160])
[2026-01-26 15:50:15,475] [INFO] [FIT] Final model saved to: Revision2/Run_UNET_NonIID_SH_20260126/Client3/model_final.pth
[2026-01-26 15:51:14,257] [INFO] [COMM][CLIENT] Round=-1 Mode=SH UsedSparsity=0.6 UsedClusters=- BaselineBits=154016352.0 CompressedBits=163763310.5 CR=0.940
[2026-01-26 15:59:24,619] [INFO] [EVALUATE] Starting evaluation...
[2026-01-26 15:59:28,023] [INFO] [DEBUG] Loaded compressed decoded weights.
[2026-01-26 16:00:28,130] [INFO] Model initialized on device: cuda:0
[2026-01-26 16:00:28,131] [INFO] [CLIENT INIT] Mode=SH | Sparsity=ON (UsedSparsity=0.6) | Clusters=OFF (UsedClusters=-) | EnvSparsityCfg={'Conv': 0.6, 'Linear': 0.6, 'Bias': 0.0, 'BatchNorm': 0.0} | EnvNClusters=3
[2026-01-26 16:00:28,323] [INFO] Model initialized on device: cuda:0
[2026-01-26 16:00:28,323] [INFO] [CLIENT INIT] Mode=SH | Sparsity=ON (UsedSparsity=0.6) | Clusters=OFF (UsedClusters=-) | EnvSparsityCfg={'Conv': 0.6, 'Linear': 0.6, 'Bias': 0.0, 'BatchNorm': 0.0} | EnvNClusters=3
[2026-01-26 16:00:28,324] [INFO] Model initialized on device: cuda:0
[2026-01-26 16:00:28,324] [INFO] [CLIENT INIT] Mode=SH | Sparsity=ON (UsedSparsity=0.6) | Clusters=OFF (UsedClusters=-) | EnvSparsityCfg={'Conv': 0.6, 'Linear': 0.6, 'Bias': 0.0, 'BatchNorm': 0.0} | EnvNClusters=3
[2026-01-26 16:00:28,618] [INFO] Model initialized on device: cuda:0
[2026-01-26 16:00:28,618] [INFO] [CLIENT INIT] Mode=SH | Sparsity=ON (UsedSparsity=0.6) | Clusters=OFF (UsedClusters=-) | EnvSparsityCfg={'Conv': 0.6, 'Linear': 0.6, 'Bias': 0.0, 'BatchNorm': 0.0} | EnvNClusters=3
[2026-01-26 16:00:28,710] [INFO] Model initialized on device: cuda:0
[2026-01-26 16:00:28,710] [INFO] [CLIENT INIT] Mode=SH | Sparsity=ON (UsedSparsity=0.6) | Clusters=OFF (UsedClusters=-) | EnvSparsityCfg={'Conv': 0.6, 'Linear': 0.6, 'Bias': 0.0, 'BatchNorm': 0.0} | EnvNClusters=3
[2026-01-26 16:00:28,711] [INFO] Model initialized on device: cuda:0
[2026-01-26 16:00:28,711] [INFO] [CLIENT INIT] Mode=SH | Sparsity=ON (UsedSparsity=0.6) | Clusters=OFF (UsedClusters=-) | EnvSparsityCfg={'Conv': 0.6, 'Linear': 0.6, 'Bias': 0.0, 'BatchNorm': 0.0} | EnvNClusters=3
[2026-01-26 16:00:28,832] [INFO] Model initialized on device: cuda:0
[2026-01-26 16:00:28,832] [INFO] [CLIENT INIT] Mode=SH | Sparsity=ON (UsedSparsity=0.6) | Clusters=OFF (UsedClusters=-) | EnvSparsityCfg={'Conv': 0.6, 'Linear': 0.6, 'Bias': 0.0, 'BatchNorm': 0.0} | EnvNClusters=3
[2026-01-26 16:00:28,931] [INFO] Model initialized on device: cuda:0
[2026-01-26 16:00:28,931] [INFO] [CLIENT INIT] Mode=SH | Sparsity=ON (UsedSparsity=0.6) | Clusters=OFF (UsedClusters=-) | EnvSparsityCfg={'Conv': 0.6, 'Linear': 0.6, 'Bias': 0.0, 'BatchNorm': 0.0} | EnvNClusters=3
[2026-01-26 16:00:28,931] [INFO] Model initialized on device: cuda:0
[2026-01-26 16:00:28,932] [INFO] [CLIENT INIT] Mode=SH | Sparsity=ON (UsedSparsity=0.6) | Clusters=OFF (UsedClusters=-) | EnvSparsityCfg={'Conv': 0.6, 'Linear': 0.6, 'Bias': 0.0, 'BatchNorm': 0.0} | EnvNClusters=3
[2026-01-26 16:00:28,938] [INFO] Model initialized on device: cuda:0
[2026-01-26 16:00:28,938] [INFO] [CLIENT INIT] Mode=SH | Sparsity=ON (UsedSparsity=0.6) | Clusters=OFF (UsedClusters=-) | EnvSparsityCfg={'Conv': 0.6, 'Linear': 0.6, 'Bias': 0.0, 'BatchNorm': 0.0} | EnvNClusters=3
[2026-01-26 16:00:37,815] [DEBUG] [TEST] Batch 1 | Pred shape: torch.Size([256, 256, 160]) | Label shape: torch.Size([256, 256, 160])
[2026-01-26 16:00:38,018] [DEBUG] [TEST] Batch 2 | Pred shape: torch.Size([256, 256, 160]) | Label shape: torch.Size([256, 256, 160])
[2026-01-26 16:00:38,114] [DEBUG] [TEST] Batch 3 | Pred shape: torch.Size([256, 256, 160]) | Label shape: torch.Size([256, 256, 160])
[2026-01-26 16:00:38,225] [DEBUG] [TEST] Batch 4 | Pred shape: torch.Size([256, 256, 160]) | Label shape: torch.Size([256, 256, 160])
[2026-01-26 16:00:38,319] [DEBUG] [TEST] Batch 5 | Pred shape: torch.Size([256, 256, 160]) | Label shape: torch.Size([256, 256, 160])
[2026-01-26 16:00:38,508] [DEBUG] [TEST] Batch 6 | Pred shape: torch.Size([256, 256, 160]) | Label shape: torch.Size([256, 256, 160])
[2026-01-26 16:00:38,618] [DEBUG] [TEST] Batch 7 | Pred shape: torch.Size([256, 256, 160]) | Label shape: torch.Size([256, 256, 160])
[2026-01-26 16:00:38,809] [DEBUG] [TEST] Batch 8 | Pred shape: torch.Size([256, 256, 160]) | Label shape: torch.Size([256, 256, 160])
[2026-01-26 16:00:38,923] [DEBUG] [TEST] Batch 9 | Pred shape: torch.Size([256, 256, 160]) | Label shape: torch.Size([256, 256, 160])
[2026-01-26 16:00:39,120] [DEBUG] [TEST] Batch 10 | Pred shape: torch.Size([256, 256, 160]) | Label shape: torch.Size([256, 256, 160])
[2026-01-26 16:00:43,015] [DEBUG] [TEST] Batch 11 | Pred shape: torch.Size([256, 256, 160]) | Label shape: torch.Size([256, 256, 160])
[2026-01-26 16:00:43,109] [DEBUG] [TEST] Batch 12 | Pred shape: torch.Size([256, 256, 160]) | Label shape: torch.Size([256, 256, 160])
[2026-01-26 16:00:43,166] [DEBUG] [TEST] Batch 13 | Pred shape: torch.Size([256, 256, 160]) | Label shape: torch.Size([256, 256, 160])
[2026-01-26 16:00:43,256] [DEBUG] [TEST] Batch 14 | Pred shape: torch.Size([256, 256, 160]) | Label shape: torch.Size([256, 256, 160])
[2026-01-26 16:00:43,346] [DEBUG] [TEST] Batch 15 | Pred shape: torch.Size([256, 256, 160]) | Label shape: torch.Size([256, 256, 160])
[2026-01-26 16:00:43,415] [DEBUG] [TEST] Batch 16 | Pred shape: torch.Size([256, 256, 160]) | Label shape: torch.Size([256, 256, 160])
[2026-01-26 16:00:48,901] [INFO] [EVALUATE] Dice WT: 1.0000
[2026-01-26 16:01:09,445] [INFO] [FIT] Received parameters. Starting local training...
[2026-01-26 16:01:12,524] [INFO] [DEBUG] Loaded compressed decoded weights.
[2026-01-26 16:02:10,312] [INFO] Model initialized on device: cuda:0
[2026-01-26 16:02:10,312] [INFO] [CLIENT INIT] Mode=SH | Sparsity=ON (UsedSparsity=0.6) | Clusters=OFF (UsedClusters=-) | EnvSparsityCfg={'Conv': 0.6, 'Linear': 0.6, 'Bias': 0.0, 'BatchNorm': 0.0} | EnvNClusters=3
[2026-01-26 16:02:10,508] [INFO] Model initialized on device: cuda:0
[2026-01-26 16:02:10,508] [INFO] [CLIENT INIT] Mode=SH | Sparsity=ON (UsedSparsity=0.6) | Clusters=OFF (UsedClusters=-) | EnvSparsityCfg={'Conv': 0.6, 'Linear': 0.6, 'Bias': 0.0, 'BatchNorm': 0.0} | EnvNClusters=3
[2026-01-26 16:02:10,559] [INFO] Model initialized on device: cuda:0
[2026-01-26 16:02:10,560] [INFO] [CLIENT INIT] Mode=SH | Sparsity=ON (UsedSparsity=0.6) | Clusters=OFF (UsedClusters=-) | EnvSparsityCfg={'Conv': 0.6, 'Linear': 0.6, 'Bias': 0.0, 'BatchNorm': 0.0} | EnvNClusters=3
[2026-01-26 16:02:10,646] [INFO] Model initialized on device: cuda:0
[2026-01-26 16:02:10,646] [INFO] [CLIENT INIT] Mode=SH | Sparsity=ON (UsedSparsity=0.6) | Clusters=OFF (UsedClusters=-) | EnvSparsityCfg={'Conv': 0.6, 'Linear': 0.6, 'Bias': 0.0, 'BatchNorm': 0.0} | EnvNClusters=3
[2026-01-26 16:02:10,721] [INFO] Model initialized on device: cuda:0
[2026-01-26 16:02:10,721] [INFO] [CLIENT INIT] Mode=SH | Sparsity=ON (UsedSparsity=0.6) | Clusters=OFF (UsedClusters=-) | EnvSparsityCfg={'Conv': 0.6, 'Linear': 0.6, 'Bias': 0.0, 'BatchNorm': 0.0} | EnvNClusters=3
[2026-01-26 16:02:11,427] [INFO] Model initialized on device: cuda:0
[2026-01-26 16:02:11,427] [INFO] [CLIENT INIT] Mode=SH | Sparsity=ON (UsedSparsity=0.6) | Clusters=OFF (UsedClusters=-) | EnvSparsityCfg={'Conv': 0.6, 'Linear': 0.6, 'Bias': 0.0, 'BatchNorm': 0.0} | EnvNClusters=3
[2026-01-26 16:02:11,626] [INFO] Model initialized on device: cuda:0
[2026-01-26 16:02:11,626] [INFO] [CLIENT INIT] Mode=SH | Sparsity=ON (UsedSparsity=0.6) | Clusters=OFF (UsedClusters=-) | EnvSparsityCfg={'Conv': 0.6, 'Linear': 0.6, 'Bias': 0.0, 'BatchNorm': 0.0} | EnvNClusters=3
[2026-01-26 16:02:11,743] [INFO] Model initialized on device: cuda:0
[2026-01-26 16:02:11,744] [INFO] [CLIENT INIT] Mode=SH | Sparsity=ON (UsedSparsity=0.6) | Clusters=OFF (UsedClusters=-) | EnvSparsityCfg={'Conv': 0.6, 'Linear': 0.6, 'Bias': 0.0, 'BatchNorm': 0.0} | EnvNClusters=3
[2026-01-26 16:02:11,808] [INFO] Model initialized on device: cuda:0
[2026-01-26 16:02:11,808] [INFO] [CLIENT INIT] Mode=SH | Sparsity=ON (UsedSparsity=0.6) | Clusters=OFF (UsedClusters=-) | EnvSparsityCfg={'Conv': 0.6, 'Linear': 0.6, 'Bias': 0.0, 'BatchNorm': 0.0} | EnvNClusters=3
[2026-01-26 16:02:11,821] [INFO] Model initialized on device: cuda:0
[2026-01-26 16:02:11,821] [INFO] [CLIENT INIT] Mode=SH | Sparsity=ON (UsedSparsity=0.6) | Clusters=OFF (UsedClusters=-) | EnvSparsityCfg={'Conv': 0.6, 'Linear': 0.6, 'Bias': 0.0, 'BatchNorm': 0.0} | EnvNClusters=3
[2026-01-26 16:04:01,436] [INFO] [TRAIN] Epoch 1 Loss: 0.1183
[2026-01-26 16:04:57,854] [INFO] Model initialized on device: cuda:0
[2026-01-26 16:04:57,854] [INFO] [CLIENT INIT] Mode=SH | Sparsity=ON (UsedSparsity=0.6) | Clusters=OFF (UsedClusters=-) | EnvSparsityCfg={'Conv': 0.6, 'Linear': 0.6, 'Bias': 0.0, 'BatchNorm': 0.0} | EnvNClusters=3
[2026-01-26 16:04:57,917] [INFO] Model initialized on device: cuda:0
[2026-01-26 16:04:57,917] [INFO] [CLIENT INIT] Mode=SH | Sparsity=ON (UsedSparsity=0.6) | Clusters=OFF (UsedClusters=-) | EnvSparsityCfg={'Conv': 0.6, 'Linear': 0.6, 'Bias': 0.0, 'BatchNorm': 0.0} | EnvNClusters=3
[2026-01-26 16:04:58,517] [INFO] Model initialized on device: cuda:0
[2026-01-26 16:04:58,517] [INFO] [CLIENT INIT] Mode=SH | Sparsity=ON (UsedSparsity=0.6) | Clusters=OFF (UsedClusters=-) | EnvSparsityCfg={'Conv': 0.6, 'Linear': 0.6, 'Bias': 0.0, 'BatchNorm': 0.0} | EnvNClusters=3
[2026-01-26 16:05:00,729] [INFO] Model initialized on device: cuda:0
[2026-01-26 16:05:00,729] [INFO] [CLIENT INIT] Mode=SH | Sparsity=ON (UsedSparsity=0.6) | Clusters=OFF (UsedClusters=-) | EnvSparsityCfg={'Conv': 0.6, 'Linear': 0.6, 'Bias': 0.0, 'BatchNorm': 0.0} | EnvNClusters=3
[2026-01-26 16:05:00,811] [INFO] Model initialized on device: cuda:0
[2026-01-26 16:05:00,812] [INFO] [CLIENT INIT] Mode=SH | Sparsity=ON (UsedSparsity=0.6) | Clusters=OFF (UsedClusters=-) | EnvSparsityCfg={'Conv': 0.6, 'Linear': 0.6, 'Bias': 0.0, 'BatchNorm': 0.0} | EnvNClusters=3
[2026-01-26 16:05:00,819] [INFO] Model initialized on device: cuda:0
[2026-01-26 16:05:00,819] [INFO] [CLIENT INIT] Mode=SH | Sparsity=ON (UsedSparsity=0.6) | Clusters=OFF (UsedClusters=-) | EnvSparsityCfg={'Conv': 0.6, 'Linear': 0.6, 'Bias': 0.0, 'BatchNorm': 0.0} | EnvNClusters=3
[2026-01-26 16:05:00,833] [INFO] Model initialized on device: cuda:0
[2026-01-26 16:05:00,833] [INFO] [CLIENT INIT] Mode=SH | Sparsity=ON (UsedSparsity=0.6) | Clusters=OFF (UsedClusters=-) | EnvSparsityCfg={'Conv': 0.6, 'Linear': 0.6, 'Bias': 0.0, 'BatchNorm': 0.0} | EnvNClusters=3
[2026-01-26 16:05:00,833] [INFO] Model initialized on device: cuda:0
[2026-01-26 16:05:00,834] [INFO] [CLIENT INIT] Mode=SH | Sparsity=ON (UsedSparsity=0.6) | Clusters=OFF (UsedClusters=-) | EnvSparsityCfg={'Conv': 0.6, 'Linear': 0.6, 'Bias': 0.0, 'BatchNorm': 0.0} | EnvNClusters=3
[2026-01-26 16:05:00,834] [INFO] Model initialized on device: cuda:0
[2026-01-26 16:05:00,834] [INFO] [CLIENT INIT] Mode=SH | Sparsity=ON (UsedSparsity=0.6) | Clusters=OFF (UsedClusters=-) | EnvSparsityCfg={'Conv': 0.6, 'Linear': 0.6, 'Bias': 0.0, 'BatchNorm': 0.0} | EnvNClusters=3
[2026-01-26 16:05:00,840] [INFO] Model initialized on device: cuda:0
[2026-01-26 16:05:00,840] [INFO] [CLIENT INIT] Mode=SH | Sparsity=ON (UsedSparsity=0.6) | Clusters=OFF (UsedClusters=-) | EnvSparsityCfg={'Conv': 0.6, 'Linear': 0.6, 'Bias': 0.0, 'BatchNorm': 0.0} | EnvNClusters=3
[2026-01-26 16:06:42,046] [INFO] [TRAIN] Epoch 2 Loss: 0.1085
[2026-01-26 16:07:27,814] [INFO] Model initialized on device: cuda:0
[2026-01-26 16:07:27,814] [INFO] [CLIENT INIT] Mode=SH | Sparsity=ON (UsedSparsity=0.6) | Clusters=OFF (UsedClusters=-) | EnvSparsityCfg={'Conv': 0.6, 'Linear': 0.6, 'Bias': 0.0, 'BatchNorm': 0.0} | EnvNClusters=3
[2026-01-26 16:07:29,920] [INFO] Model initialized on device: cuda:0
[2026-01-26 16:07:29,920] [INFO] [CLIENT INIT] Mode=SH | Sparsity=ON (UsedSparsity=0.6) | Clusters=OFF (UsedClusters=-) | EnvSparsityCfg={'Conv': 0.6, 'Linear': 0.6, 'Bias': 0.0, 'BatchNorm': 0.0} | EnvNClusters=3
[2026-01-26 16:07:30,712] [INFO] Model initialized on device: cuda:0
[2026-01-26 16:07:30,712] [INFO] [CLIENT INIT] Mode=SH | Sparsity=ON (UsedSparsity=0.6) | Clusters=OFF (UsedClusters=-) | EnvSparsityCfg={'Conv': 0.6, 'Linear': 0.6, 'Bias': 0.0, 'BatchNorm': 0.0} | EnvNClusters=3
[2026-01-26 16:07:30,727] [INFO] Model initialized on device: cuda:0
[2026-01-26 16:07:30,727] [INFO] [CLIENT INIT] Mode=SH | Sparsity=ON (UsedSparsity=0.6) | Clusters=OFF (UsedClusters=-) | EnvSparsityCfg={'Conv': 0.6, 'Linear': 0.6, 'Bias': 0.0, 'BatchNorm': 0.0} | EnvNClusters=3
[2026-01-26 16:07:30,739] [INFO] Model initialized on device: cuda:0
[2026-01-26 16:07:30,739] [INFO] [CLIENT INIT] Mode=SH | Sparsity=ON (UsedSparsity=0.6) | Clusters=OFF (UsedClusters=-) | EnvSparsityCfg={'Conv': 0.6, 'Linear': 0.6, 'Bias': 0.0, 'BatchNorm': 0.0} | EnvNClusters=3
[2026-01-26 16:07:30,810] [INFO] Model initialized on device: cuda:0
[2026-01-26 16:07:30,811] [INFO] [CLIENT INIT] Mode=SH | Sparsity=ON (UsedSparsity=0.6) | Clusters=OFF (UsedClusters=-) | EnvSparsityCfg={'Conv': 0.6, 'Linear': 0.6, 'Bias': 0.0, 'BatchNorm': 0.0} | EnvNClusters=3
[2026-01-26 16:07:30,818] [INFO] Model initialized on device: cuda:0
[2026-01-26 16:07:30,818] [INFO] [CLIENT INIT] Mode=SH | Sparsity=ON (UsedSparsity=0.6) | Clusters=OFF (UsedClusters=-) | EnvSparsityCfg={'Conv': 0.6, 'Linear': 0.6, 'Bias': 0.0, 'BatchNorm': 0.0} | EnvNClusters=3
[2026-01-26 16:07:30,820] [INFO] Model initialized on device: cuda:0
[2026-01-26 16:07:30,821] [INFO] [CLIENT INIT] Mode=SH | Sparsity=ON (UsedSparsity=0.6) | Clusters=OFF (UsedClusters=-) | EnvSparsityCfg={'Conv': 0.6, 'Linear': 0.6, 'Bias': 0.0, 'BatchNorm': 0.0} | EnvNClusters=3
[2026-01-26 16:07:30,820] [INFO] Model initialized on device: cuda:0
[2026-01-26 16:07:30,821] [INFO] [CLIENT INIT] Mode=SH | Sparsity=ON (UsedSparsity=0.6) | Clusters=OFF (UsedClusters=-) | EnvSparsityCfg={'Conv': 0.6, 'Linear': 0.6, 'Bias': 0.0, 'BatchNorm': 0.0} | EnvNClusters=3
[2026-01-26 16:07:30,821] [INFO] Model initialized on device: cuda:0
[2026-01-26 16:07:30,821] [INFO] [CLIENT INIT] Mode=SH | Sparsity=ON (UsedSparsity=0.6) | Clusters=OFF (UsedClusters=-) | EnvSparsityCfg={'Conv': 0.6, 'Linear': 0.6, 'Bias': 0.0, 'BatchNorm': 0.0} | EnvNClusters=3
[2026-01-26 16:09:17,218] [INFO] [TRAIN] Epoch 3 Loss: 0.1121
[2026-01-26 16:09:54,343] [INFO] Model initialized on device: cuda:0
[2026-01-26 16:09:54,344] [INFO] [CLIENT INIT] Mode=SH | Sparsity=ON (UsedSparsity=0.6) | Clusters=OFF (UsedClusters=-) | EnvSparsityCfg={'Conv': 0.6, 'Linear': 0.6, 'Bias': 0.0, 'BatchNorm': 0.0} | EnvNClusters=3
[2026-01-26 16:10:00,039] [INFO] Model initialized on device: cuda:0
[2026-01-26 16:10:00,039] [INFO] [CLIENT INIT] Mode=SH | Sparsity=ON (UsedSparsity=0.6) | Clusters=OFF (UsedClusters=-) | EnvSparsityCfg={'Conv': 0.6, 'Linear': 0.6, 'Bias': 0.0, 'BatchNorm': 0.0} | EnvNClusters=3
[2026-01-26 16:10:00,711] [INFO] Model initialized on device: cuda:0
[2026-01-26 16:10:00,711] [INFO] [CLIENT INIT] Mode=SH | Sparsity=ON (UsedSparsity=0.6) | Clusters=OFF (UsedClusters=-) | EnvSparsityCfg={'Conv': 0.6, 'Linear': 0.6, 'Bias': 0.0, 'BatchNorm': 0.0} | EnvNClusters=3
[2026-01-26 16:10:04,637] [INFO] Model initialized on device: cuda:0
[2026-01-26 16:10:04,638] [INFO] [CLIENT INIT] Mode=SH | Sparsity=ON (UsedSparsity=0.6) | Clusters=OFF (UsedClusters=-) | EnvSparsityCfg={'Conv': 0.6, 'Linear': 0.6, 'Bias': 0.0, 'BatchNorm': 0.0} | EnvNClusters=3
[2026-01-26 16:10:05,108] [INFO] Model initialized on device: cuda:0
[2026-01-26 16:10:05,108] [INFO] [CLIENT INIT] Mode=SH | Sparsity=ON (UsedSparsity=0.6) | Clusters=OFF (UsedClusters=-) | EnvSparsityCfg={'Conv': 0.6, 'Linear': 0.6, 'Bias': 0.0, 'BatchNorm': 0.0} | EnvNClusters=3
[2026-01-26 16:10:05,323] [INFO] Model initialized on device: cuda:0
[2026-01-26 16:10:05,323] [INFO] [CLIENT INIT] Mode=SH | Sparsity=ON (UsedSparsity=0.6) | Clusters=OFF (UsedClusters=-) | EnvSparsityCfg={'Conv': 0.6, 'Linear': 0.6, 'Bias': 0.0, 'BatchNorm': 0.0} | EnvNClusters=3
[2026-01-26 16:10:05,329] [INFO] Model initialized on device: cuda:0
[2026-01-26 16:10:05,330] [INFO] [CLIENT INIT] Mode=SH | Sparsity=ON (UsedSparsity=0.6) | Clusters=OFF (UsedClusters=-) | EnvSparsityCfg={'Conv': 0.6, 'Linear': 0.6, 'Bias': 0.0, 'BatchNorm': 0.0} | EnvNClusters=3
[2026-01-26 16:10:05,411] [INFO] Model initialized on device: cuda:0
[2026-01-26 16:10:05,411] [INFO] Model initialized on device: cuda:0
[2026-01-26 16:10:05,411] [INFO] [CLIENT INIT] Mode=SH | Sparsity=ON (UsedSparsity=0.6) | Clusters=OFF (UsedClusters=-) | EnvSparsityCfg={'Conv': 0.6, 'Linear': 0.6, 'Bias': 0.0, 'BatchNorm': 0.0} | EnvNClusters=3
[2026-01-26 16:10:05,411] [INFO] [CLIENT INIT] Mode=SH | Sparsity=ON (UsedSparsity=0.6) | Clusters=OFF (UsedClusters=-) | EnvSparsityCfg={'Conv': 0.6, 'Linear': 0.6, 'Bias': 0.0, 'BatchNorm': 0.0} | EnvNClusters=3
[2026-01-26 16:10:05,412] [INFO] Model initialized on device: cuda:0
[2026-01-26 16:10:05,413] [INFO] [CLIENT INIT] Mode=SH | Sparsity=ON (UsedSparsity=0.6) | Clusters=OFF (UsedClusters=-) | EnvSparsityCfg={'Conv': 0.6, 'Linear': 0.6, 'Bias': 0.0, 'BatchNorm': 0.0} | EnvNClusters=3
[2026-01-26 16:11:47,743] [INFO] [TRAIN] Epoch 4 Loss: 0.1085
[2026-01-26 16:12:21,916] [INFO] Model initialized on device: cuda:0
[2026-01-26 16:12:21,916] [INFO] [CLIENT INIT] Mode=SH | Sparsity=ON (UsedSparsity=0.6) | Clusters=OFF (UsedClusters=-) | EnvSparsityCfg={'Conv': 0.6, 'Linear': 0.6, 'Bias': 0.0, 'BatchNorm': 0.0} | EnvNClusters=3
[2026-01-26 16:12:23,135] [INFO] Model initialized on device: cuda:0
[2026-01-26 16:12:23,135] [INFO] [CLIENT INIT] Mode=SH | Sparsity=ON (UsedSparsity=0.6) | Clusters=OFF (UsedClusters=-) | EnvSparsityCfg={'Conv': 0.6, 'Linear': 0.6, 'Bias': 0.0, 'BatchNorm': 0.0} | EnvNClusters=3
[2026-01-26 16:12:31,025] [INFO] Model initialized on device: cuda:0
[2026-01-26 16:12:31,025] [INFO] [CLIENT INIT] Mode=SH | Sparsity=ON (UsedSparsity=0.6) | Clusters=OFF (UsedClusters=-) | EnvSparsityCfg={'Conv': 0.6, 'Linear': 0.6, 'Bias': 0.0, 'BatchNorm': 0.0} | EnvNClusters=3
[2026-01-26 16:12:31,127] [INFO] Model initialized on device: cuda:0
[2026-01-26 16:12:31,127] [INFO] [CLIENT INIT] Mode=SH | Sparsity=ON (UsedSparsity=0.6) | Clusters=OFF (UsedClusters=-) | EnvSparsityCfg={'Conv': 0.6, 'Linear': 0.6, 'Bias': 0.0, 'BatchNorm': 0.0} | EnvNClusters=3
[2026-01-26 16:12:31,620] [INFO] Model initialized on device: cuda:0
[2026-01-26 16:12:31,620] [INFO] [CLIENT INIT] Mode=SH | Sparsity=ON (UsedSparsity=0.6) | Clusters=OFF (UsedClusters=-) | EnvSparsityCfg={'Conv': 0.6, 'Linear': 0.6, 'Bias': 0.0, 'BatchNorm': 0.0} | EnvNClusters=3
[2026-01-26 16:12:32,418] [INFO] Model initialized on device: cuda:0
[2026-01-26 16:12:32,418] [INFO] [CLIENT INIT] Mode=SH | Sparsity=ON (UsedSparsity=0.6) | Clusters=OFF (UsedClusters=-) | EnvSparsityCfg={'Conv': 0.6, 'Linear': 0.6, 'Bias': 0.0, 'BatchNorm': 0.0} | EnvNClusters=3
[2026-01-26 16:12:32,420] [INFO] Model initialized on device: cuda:0
[2026-01-26 16:12:32,420] [INFO] [CLIENT INIT] Mode=SH | Sparsity=ON (UsedSparsity=0.6) | Clusters=OFF (UsedClusters=-) | EnvSparsityCfg={'Conv': 0.6, 'Linear': 0.6, 'Bias': 0.0, 'BatchNorm': 0.0} | EnvNClusters=3
[2026-01-26 16:12:32,516] [INFO] Model initialized on device: cuda:0
[2026-01-26 16:12:32,516] [INFO] [CLIENT INIT] Mode=SH | Sparsity=ON (UsedSparsity=0.6) | Clusters=OFF (UsedClusters=-) | EnvSparsityCfg={'Conv': 0.6, 'Linear': 0.6, 'Bias': 0.0, 'BatchNorm': 0.0} | EnvNClusters=3
[2026-01-26 16:12:32,516] [INFO] Model initialized on device: cuda:0
[2026-01-26 16:12:32,516] [INFO] [CLIENT INIT] Mode=SH | Sparsity=ON (UsedSparsity=0.6) | Clusters=OFF (UsedClusters=-) | EnvSparsityCfg={'Conv': 0.6, 'Linear': 0.6, 'Bias': 0.0, 'BatchNorm': 0.0} | EnvNClusters=3
[2026-01-26 16:12:32,518] [INFO] Model initialized on device: cuda:0
[2026-01-26 16:12:32,519] [INFO] [CLIENT INIT] Mode=SH | Sparsity=ON (UsedSparsity=0.6) | Clusters=OFF (UsedClusters=-) | EnvSparsityCfg={'Conv': 0.6, 'Linear': 0.6, 'Bias': 0.0, 'BatchNorm': 0.0} | EnvNClusters=3
[2026-01-26 16:14:10,411] [INFO] [TRAIN] Epoch 5 Loss: 0.1085
[2026-01-26 16:14:10,412] [INFO] [FIT] Local training finished. Avg Loss: 0.1112
[2026-01-26 16:14:48,211] [INFO] Model initialized on device: cuda:0
[2026-01-26 16:14:48,211] [INFO] [CLIENT INIT] Mode=SH | Sparsity=ON (UsedSparsity=0.6) | Clusters=OFF (UsedClusters=-) | EnvSparsityCfg={'Conv': 0.6, 'Linear': 0.6, 'Bias': 0.0, 'BatchNorm': 0.0} | EnvNClusters=3
[2026-01-26 16:14:49,707] [INFO] Model initialized on device: cuda:0
[2026-01-26 16:14:49,707] [INFO] [CLIENT INIT] Mode=SH | Sparsity=ON (UsedSparsity=0.6) | Clusters=OFF (UsedClusters=-) | EnvSparsityCfg={'Conv': 0.6, 'Linear': 0.6, 'Bias': 0.0, 'BatchNorm': 0.0} | EnvNClusters=3
[2026-01-26 16:14:50,152] [INFO] Model initialized on device: cuda:0
[2026-01-26 16:14:50,152] [INFO] [CLIENT INIT] Mode=SH | Sparsity=ON (UsedSparsity=0.6) | Clusters=OFF (UsedClusters=-) | EnvSparsityCfg={'Conv': 0.6, 'Linear': 0.6, 'Bias': 0.0, 'BatchNorm': 0.0} | EnvNClusters=3
[2026-01-26 16:14:50,414] [INFO] Model initialized on device: cuda:0
[2026-01-26 16:14:50,414] [INFO] [CLIENT INIT] Mode=SH | Sparsity=ON (UsedSparsity=0.6) | Clusters=OFF (UsedClusters=-) | EnvSparsityCfg={'Conv': 0.6, 'Linear': 0.6, 'Bias': 0.0, 'BatchNorm': 0.0} | EnvNClusters=3
[2026-01-26 16:14:50,533] [INFO] Model initialized on device: cuda:0
[2026-01-26 16:14:50,533] [INFO] [CLIENT INIT] Mode=SH | Sparsity=ON (UsedSparsity=0.6) | Clusters=OFF (UsedClusters=-) | EnvSparsityCfg={'Conv': 0.6, 'Linear': 0.6, 'Bias': 0.0, 'BatchNorm': 0.0} | EnvNClusters=3
[2026-01-26 16:14:50,546] [INFO] Model initialized on device: cuda:0
[2026-01-26 16:14:50,547] [INFO] [CLIENT INIT] Mode=SH | Sparsity=ON (UsedSparsity=0.6) | Clusters=OFF (UsedClusters=-) | EnvSparsityCfg={'Conv': 0.6, 'Linear': 0.6, 'Bias': 0.0, 'BatchNorm': 0.0} | EnvNClusters=3
[2026-01-26 16:14:50,611] [INFO] Model initialized on device: cuda:0
[2026-01-26 16:14:50,611] [INFO] [CLIENT INIT] Mode=SH | Sparsity=ON (UsedSparsity=0.6) | Clusters=OFF (UsedClusters=-) | EnvSparsityCfg={'Conv': 0.6, 'Linear': 0.6, 'Bias': 0.0, 'BatchNorm': 0.0} | EnvNClusters=3
[2026-01-26 16:14:50,615] [INFO] Model initialized on device: cuda:0
[2026-01-26 16:14:50,615] [INFO] [CLIENT INIT] Mode=SH | Sparsity=ON (UsedSparsity=0.6) | Clusters=OFF (UsedClusters=-) | EnvSparsityCfg={'Conv': 0.6, 'Linear': 0.6, 'Bias': 0.0, 'BatchNorm': 0.0} | EnvNClusters=3
[2026-01-26 16:14:50,623] [INFO] Model initialized on device: cuda:0
[2026-01-26 16:14:50,623] [INFO] [CLIENT INIT] Mode=SH | Sparsity=ON (UsedSparsity=0.6) | Clusters=OFF (UsedClusters=-) | EnvSparsityCfg={'Conv': 0.6, 'Linear': 0.6, 'Bias': 0.0, 'BatchNorm': 0.0} | EnvNClusters=3
[2026-01-26 16:14:50,628] [INFO] Model initialized on device: cuda:0
[2026-01-26 16:14:50,628] [INFO] [CLIENT INIT] Mode=SH | Sparsity=ON (UsedSparsity=0.6) | Clusters=OFF (UsedClusters=-) | EnvSparsityCfg={'Conv': 0.6, 'Linear': 0.6, 'Bias': 0.0, 'BatchNorm': 0.0} | EnvNClusters=3
[2026-01-26 16:14:57,623] [DEBUG] [TEST] Batch 1 | Pred shape: torch.Size([256, 256, 160]) | Label shape: torch.Size([256, 256, 160])
[2026-01-26 16:14:57,715] [DEBUG] [TEST] Batch 2 | Pred shape: torch.Size([256, 256, 160]) | Label shape: torch.Size([256, 256, 160])
[2026-01-26 16:14:57,828] [DEBUG] [TEST] Batch 3 | Pred shape: torch.Size([256, 256, 160]) | Label shape: torch.Size([256, 256, 160])
[2026-01-26 16:14:57,915] [DEBUG] [TEST] Batch 4 | Pred shape: torch.Size([256, 256, 160]) | Label shape: torch.Size([256, 256, 160])
[2026-01-26 16:14:58,015] [DEBUG] [TEST] Batch 5 | Pred shape: torch.Size([256, 256, 160]) | Label shape: torch.Size([256, 256, 160])
[2026-01-26 16:14:58,114] [DEBUG] [TEST] Batch 6 | Pred shape: torch.Size([256, 256, 160]) | Label shape: torch.Size([256, 256, 160])
[2026-01-26 16:14:58,508] [DEBUG] [TEST] Batch 7 | Pred shape: torch.Size([256, 256, 160]) | Label shape: torch.Size([256, 256, 160])
[2026-01-26 16:14:58,742] [DEBUG] [TEST] Batch 8 | Pred shape: torch.Size([256, 256, 160]) | Label shape: torch.Size([256, 256, 160])
[2026-01-26 16:14:58,913] [DEBUG] [TEST] Batch 9 | Pred shape: torch.Size([256, 256, 160]) | Label shape: torch.Size([256, 256, 160])
[2026-01-26 16:14:59,016] [DEBUG] [TEST] Batch 10 | Pred shape: torch.Size([256, 256, 160]) | Label shape: torch.Size([256, 256, 160])
[2026-01-26 16:15:01,964] [DEBUG] [TEST] Batch 11 | Pred shape: torch.Size([256, 256, 160]) | Label shape: torch.Size([256, 256, 160])
[2026-01-26 16:15:02,057] [DEBUG] [TEST] Batch 12 | Pred shape: torch.Size([256, 256, 160]) | Label shape: torch.Size([256, 256, 160])
[2026-01-26 16:15:02,114] [DEBUG] [TEST] Batch 13 | Pred shape: torch.Size([256, 256, 160]) | Label shape: torch.Size([256, 256, 160])
[2026-01-26 16:15:02,207] [DEBUG] [TEST] Batch 14 | Pred shape: torch.Size([256, 256, 160]) | Label shape: torch.Size([256, 256, 160])
[2026-01-26 16:15:02,264] [DEBUG] [TEST] Batch 15 | Pred shape: torch.Size([256, 256, 160]) | Label shape: torch.Size([256, 256, 160])
[2026-01-26 16:15:02,442] [DEBUG] [TEST] Batch 16 | Pred shape: torch.Size([256, 256, 160]) | Label shape: torch.Size([256, 256, 160])
[2026-01-26 16:15:08,764] [INFO] [FIT] Final model saved to: Revision2/Run_UNET_NonIID_SH_20260126/Client3/model_final.pth
[2026-01-26 16:16:06,954] [INFO] [COMM][CLIENT] Round=-1 Mode=SH UsedSparsity=0.6 UsedClusters=- BaselineBits=154016352.0 CompressedBits=162883428.7 CR=0.946
[2026-01-26 16:24:10,755] [INFO] [EVALUATE] Starting evaluation...
[2026-01-26 16:24:12,412] [INFO] [DEBUG] Loaded compressed decoded weights.
[2026-01-26 16:25:10,987] [INFO] Model initialized on device: cuda:0
[2026-01-26 16:25:10,987] [INFO] [CLIENT INIT] Mode=SH | Sparsity=ON (UsedSparsity=0.6) | Clusters=OFF (UsedClusters=-) | EnvSparsityCfg={'Conv': 0.6, 'Linear': 0.6, 'Bias': 0.0, 'BatchNorm': 0.0} | EnvNClusters=3
[2026-01-26 16:25:11,003] [INFO] Model initialized on device: cuda:0
[2026-01-26 16:25:11,003] [INFO] [CLIENT INIT] Mode=SH | Sparsity=ON (UsedSparsity=0.6) | Clusters=OFF (UsedClusters=-) | EnvSparsityCfg={'Conv': 0.6, 'Linear': 0.6, 'Bias': 0.0, 'BatchNorm': 0.0} | EnvNClusters=3
[2026-01-26 16:25:11,038] [INFO] Model initialized on device: cuda:0
[2026-01-26 16:25:11,038] [INFO] [CLIENT INIT] Mode=SH | Sparsity=ON (UsedSparsity=0.6) | Clusters=OFF (UsedClusters=-) | EnvSparsityCfg={'Conv': 0.6, 'Linear': 0.6, 'Bias': 0.0, 'BatchNorm': 0.0} | EnvNClusters=3
[2026-01-26 16:25:11,049] [INFO] Model initialized on device: cuda:0
[2026-01-26 16:25:11,049] [INFO] [CLIENT INIT] Mode=SH | Sparsity=ON (UsedSparsity=0.6) | Clusters=OFF (UsedClusters=-) | EnvSparsityCfg={'Conv': 0.6, 'Linear': 0.6, 'Bias': 0.0, 'BatchNorm': 0.0} | EnvNClusters=3
[2026-01-26 16:25:11,100] [INFO] Model initialized on device: cuda:0
[2026-01-26 16:25:11,100] [INFO] [CLIENT INIT] Mode=SH | Sparsity=ON (UsedSparsity=0.6) | Clusters=OFF (UsedClusters=-) | EnvSparsityCfg={'Conv': 0.6, 'Linear': 0.6, 'Bias': 0.0, 'BatchNorm': 0.0} | EnvNClusters=3
[2026-01-26 16:25:11,171] [INFO] Model initialized on device: cuda:0
[2026-01-26 16:25:11,171] [INFO] [CLIENT INIT] Mode=SH | Sparsity=ON (UsedSparsity=0.6) | Clusters=OFF (UsedClusters=-) | EnvSparsityCfg={'Conv': 0.6, 'Linear': 0.6, 'Bias': 0.0, 'BatchNorm': 0.0} | EnvNClusters=3
[2026-01-26 16:25:13,196] [INFO] Model initialized on device: cuda:0
[2026-01-26 16:25:13,196] [INFO] [CLIENT INIT] Mode=SH | Sparsity=ON (UsedSparsity=0.6) | Clusters=OFF (UsedClusters=-) | EnvSparsityCfg={'Conv': 0.6, 'Linear': 0.6, 'Bias': 0.0, 'BatchNorm': 0.0} | EnvNClusters=3
[2026-01-26 16:25:13,631] [INFO] Model initialized on device: cuda:0
[2026-01-26 16:25:13,631] [INFO] [CLIENT INIT] Mode=SH | Sparsity=ON (UsedSparsity=0.6) | Clusters=OFF (UsedClusters=-) | EnvSparsityCfg={'Conv': 0.6, 'Linear': 0.6, 'Bias': 0.0, 'BatchNorm': 0.0} | EnvNClusters=3
[2026-01-26 16:25:13,645] [INFO] Model initialized on device: cuda:0
[2026-01-26 16:25:13,646] [INFO] [CLIENT INIT] Mode=SH | Sparsity=ON (UsedSparsity=0.6) | Clusters=OFF (UsedClusters=-) | EnvSparsityCfg={'Conv': 0.6, 'Linear': 0.6, 'Bias': 0.0, 'BatchNorm': 0.0} | EnvNClusters=3
[2026-01-26 16:25:13,710] [INFO] Model initialized on device: cuda:0
[2026-01-26 16:25:13,710] [INFO] [CLIENT INIT] Mode=SH | Sparsity=ON (UsedSparsity=0.6) | Clusters=OFF (UsedClusters=-) | EnvSparsityCfg={'Conv': 0.6, 'Linear': 0.6, 'Bias': 0.0, 'BatchNorm': 0.0} | EnvNClusters=3
[2026-01-26 16:25:13,944] [DEBUG] [TEST] Batch 1 | Pred shape: torch.Size([256, 256, 160]) | Label shape: torch.Size([256, 256, 160])
[2026-01-26 16:25:14,008] [DEBUG] [TEST] Batch 2 | Pred shape: torch.Size([256, 256, 160]) | Label shape: torch.Size([256, 256, 160])
[2026-01-26 16:25:14,065] [DEBUG] [TEST] Batch 3 | Pred shape: torch.Size([256, 256, 160]) | Label shape: torch.Size([256, 256, 160])
[2026-01-26 16:25:14,125] [DEBUG] [TEST] Batch 4 | Pred shape: torch.Size([256, 256, 160]) | Label shape: torch.Size([256, 256, 160])
[2026-01-26 16:25:16,411] [DEBUG] [TEST] Batch 5 | Pred shape: torch.Size([256, 256, 160]) | Label shape: torch.Size([256, 256, 160])
[2026-01-26 16:25:16,493] [DEBUG] [TEST] Batch 6 | Pred shape: torch.Size([256, 256, 160]) | Label shape: torch.Size([256, 256, 160])
[2026-01-26 16:25:16,549] [DEBUG] [TEST] Batch 7 | Pred shape: torch.Size([256, 256, 160]) | Label shape: torch.Size([256, 256, 160])
[2026-01-26 16:25:16,608] [DEBUG] [TEST] Batch 8 | Pred shape: torch.Size([256, 256, 160]) | Label shape: torch.Size([256, 256, 160])
[2026-01-26 16:25:16,679] [DEBUG] [TEST] Batch 9 | Pred shape: torch.Size([256, 256, 160]) | Label shape: torch.Size([256, 256, 160])
[2026-01-26 16:25:16,736] [DEBUG] [TEST] Batch 10 | Pred shape: torch.Size([256, 256, 160]) | Label shape: torch.Size([256, 256, 160])
[2026-01-26 16:25:16,934] [DEBUG] [TEST] Batch 11 | Pred shape: torch.Size([256, 256, 160]) | Label shape: torch.Size([256, 256, 160])
[2026-01-26 16:25:16,989] [DEBUG] [TEST] Batch 12 | Pred shape: torch.Size([256, 256, 160]) | Label shape: torch.Size([256, 256, 160])
[2026-01-26 16:25:17,045] [DEBUG] [TEST] Batch 13 | Pred shape: torch.Size([256, 256, 160]) | Label shape: torch.Size([256, 256, 160])
[2026-01-26 16:25:17,102] [DEBUG] [TEST] Batch 14 | Pred shape: torch.Size([256, 256, 160]) | Label shape: torch.Size([256, 256, 160])
[2026-01-26 16:25:18,494] [DEBUG] [TEST] Batch 15 | Pred shape: torch.Size([256, 256, 160]) | Label shape: torch.Size([256, 256, 160])
[2026-01-26 16:25:18,550] [DEBUG] [TEST] Batch 16 | Pred shape: torch.Size([256, 256, 160]) | Label shape: torch.Size([256, 256, 160])
[2026-01-26 16:25:23,262] [INFO] [EVALUATE] Dice WT: 1.0000
[2026-01-26 16:25:53,758] [INFO] [FIT] Received parameters. Starting local training...
[2026-01-26 16:25:56,929] [INFO] [DEBUG] Loaded compressed decoded weights.
[2026-01-26 16:26:59,553] [INFO] Model initialized on device: cuda:0
[2026-01-26 16:26:59,553] [INFO] [CLIENT INIT] Mode=SH | Sparsity=ON (UsedSparsity=0.6) | Clusters=OFF (UsedClusters=-) | EnvSparsityCfg={'Conv': 0.6, 'Linear': 0.6, 'Bias': 0.0, 'BatchNorm': 0.0} | EnvNClusters=3
[2026-01-26 16:26:59,913] [INFO] Model initialized on device: cuda:0
[2026-01-26 16:26:59,914] [INFO] [CLIENT INIT] Mode=SH | Sparsity=ON (UsedSparsity=0.6) | Clusters=OFF (UsedClusters=-) | EnvSparsityCfg={'Conv': 0.6, 'Linear': 0.6, 'Bias': 0.0, 'BatchNorm': 0.0} | EnvNClusters=3
[2026-01-26 16:27:00,315] [INFO] Model initialized on device: cuda:0
[2026-01-26 16:27:00,315] [INFO] [CLIENT INIT] Mode=SH | Sparsity=ON (UsedSparsity=0.6) | Clusters=OFF (UsedClusters=-) | EnvSparsityCfg={'Conv': 0.6, 'Linear': 0.6, 'Bias': 0.0, 'BatchNorm': 0.0} | EnvNClusters=3
[2026-01-26 16:27:00,511] [INFO] Model initialized on device: cuda:0
[2026-01-26 16:27:00,512] [INFO] [CLIENT INIT] Mode=SH | Sparsity=ON (UsedSparsity=0.6) | Clusters=OFF (UsedClusters=-) | EnvSparsityCfg={'Conv': 0.6, 'Linear': 0.6, 'Bias': 0.0, 'BatchNorm': 0.0} | EnvNClusters=3
[2026-01-26 16:27:00,519] [INFO] Model initialized on device: cuda:0
[2026-01-26 16:27:00,520] [INFO] [CLIENT INIT] Mode=SH | Sparsity=ON (UsedSparsity=0.6) | Clusters=OFF (UsedClusters=-) | EnvSparsityCfg={'Conv': 0.6, 'Linear': 0.6, 'Bias': 0.0, 'BatchNorm': 0.0} | EnvNClusters=3
[2026-01-26 16:27:00,608] [INFO] Model initialized on device: cuda:0
[2026-01-26 16:27:00,608] [INFO] Model initialized on device: cuda:0
[2026-01-26 16:27:00,608] [INFO] [CLIENT INIT] Mode=SH | Sparsity=ON (UsedSparsity=0.6) | Clusters=OFF (UsedClusters=-) | EnvSparsityCfg={'Conv': 0.6, 'Linear': 0.6, 'Bias': 0.0, 'BatchNorm': 0.0} | EnvNClusters=3
[2026-01-26 16:27:00,608] [INFO] [CLIENT INIT] Mode=SH | Sparsity=ON (UsedSparsity=0.6) | Clusters=OFF (UsedClusters=-) | EnvSparsityCfg={'Conv': 0.6, 'Linear': 0.6, 'Bias': 0.0, 'BatchNorm': 0.0} | EnvNClusters=3
[2026-01-26 16:27:00,622] [INFO] Model initialized on device: cuda:0
[2026-01-26 16:27:00,623] [INFO] [CLIENT INIT] Mode=SH | Sparsity=ON (UsedSparsity=0.6) | Clusters=OFF (UsedClusters=-) | EnvSparsityCfg={'Conv': 0.6, 'Linear': 0.6, 'Bias': 0.0, 'BatchNorm': 0.0} | EnvNClusters=3
[2026-01-26 16:27:00,913] [INFO] Model initialized on device: cuda:0
[2026-01-26 16:27:00,914] [INFO] [CLIENT INIT] Mode=SH | Sparsity=ON (UsedSparsity=0.6) | Clusters=OFF (UsedClusters=-) | EnvSparsityCfg={'Conv': 0.6, 'Linear': 0.6, 'Bias': 0.0, 'BatchNorm': 0.0} | EnvNClusters=3
[2026-01-26 16:27:00,933] [INFO] Model initialized on device: cuda:0
[2026-01-26 16:27:00,934] [INFO] [CLIENT INIT] Mode=SH | Sparsity=ON (UsedSparsity=0.6) | Clusters=OFF (UsedClusters=-) | EnvSparsityCfg={'Conv': 0.6, 'Linear': 0.6, 'Bias': 0.0, 'BatchNorm': 0.0} | EnvNClusters=3
[2026-01-26 16:28:51,714] [INFO] [TRAIN] Epoch 1 Loss: 0.1205
[2026-01-26 16:29:45,414] [INFO] Model initialized on device: cuda:0
[2026-01-26 16:29:45,415] [INFO] [CLIENT INIT] Mode=SH | Sparsity=ON (UsedSparsity=0.6) | Clusters=OFF (UsedClusters=-) | EnvSparsityCfg={'Conv': 0.6, 'Linear': 0.6, 'Bias': 0.0, 'BatchNorm': 0.0} | EnvNClusters=3
[2026-01-26 16:29:46,416] [INFO] Model initialized on device: cuda:0
[2026-01-26 16:29:46,416] [INFO] [CLIENT INIT] Mode=SH | Sparsity=ON (UsedSparsity=0.6) | Clusters=OFF (UsedClusters=-) | EnvSparsityCfg={'Conv': 0.6, 'Linear': 0.6, 'Bias': 0.0, 'BatchNorm': 0.0} | EnvNClusters=3
[2026-01-26 16:29:47,116] [INFO] Model initialized on device: cuda:0
[2026-01-26 16:29:47,117] [INFO] [CLIENT INIT] Mode=SH | Sparsity=ON (UsedSparsity=0.6) | Clusters=OFF (UsedClusters=-) | EnvSparsityCfg={'Conv': 0.6, 'Linear': 0.6, 'Bias': 0.0, 'BatchNorm': 0.0} | EnvNClusters=3
[2026-01-26 16:29:47,338] [INFO] Model initialized on device: cuda:0
[2026-01-26 16:29:47,339] [INFO] [CLIENT INIT] Mode=SH | Sparsity=ON (UsedSparsity=0.6) | Clusters=OFF (UsedClusters=-) | EnvSparsityCfg={'Conv': 0.6, 'Linear': 0.6, 'Bias': 0.0, 'BatchNorm': 0.0} | EnvNClusters=3
[2026-01-26 16:29:47,527] [INFO] Model initialized on device: cuda:0
[2026-01-26 16:29:47,527] [INFO] [CLIENT INIT] Mode=SH | Sparsity=ON (UsedSparsity=0.6) | Clusters=OFF (UsedClusters=-) | EnvSparsityCfg={'Conv': 0.6, 'Linear': 0.6, 'Bias': 0.0, 'BatchNorm': 0.0} | EnvNClusters=3
[2026-01-26 16:29:47,538] [INFO] Model initialized on device: cuda:0
[2026-01-26 16:29:47,538] [INFO] [CLIENT INIT] Mode=SH | Sparsity=ON (UsedSparsity=0.6) | Clusters=OFF (UsedClusters=-) | EnvSparsityCfg={'Conv': 0.6, 'Linear': 0.6, 'Bias': 0.0, 'BatchNorm': 0.0} | EnvNClusters=3
[2026-01-26 16:29:47,542] [INFO] Model initialized on device: cuda:0
[2026-01-26 16:29:47,542] [INFO] [CLIENT INIT] Mode=SH | Sparsity=ON (UsedSparsity=0.6) | Clusters=OFF (UsedClusters=-) | EnvSparsityCfg={'Conv': 0.6, 'Linear': 0.6, 'Bias': 0.0, 'BatchNorm': 0.0} | EnvNClusters=3
[2026-01-26 16:29:47,619] [INFO] Model initialized on device: cuda:0
[2026-01-26 16:29:47,620] [INFO] [CLIENT INIT] Mode=SH | Sparsity=ON (UsedSparsity=0.6) | Clusters=OFF (UsedClusters=-) | EnvSparsityCfg={'Conv': 0.6, 'Linear': 0.6, 'Bias': 0.0, 'BatchNorm': 0.0} | EnvNClusters=3
[2026-01-26 16:29:47,622] [INFO] Model initialized on device: cuda:0
[2026-01-26 16:29:47,622] [INFO] [CLIENT INIT] Mode=SH | Sparsity=ON (UsedSparsity=0.6) | Clusters=OFF (UsedClusters=-) | EnvSparsityCfg={'Conv': 0.6, 'Linear': 0.6, 'Bias': 0.0, 'BatchNorm': 0.0} | EnvNClusters=3
[2026-01-26 16:29:47,623] [INFO] Model initialized on device: cuda:0
[2026-01-26 16:29:47,623] [INFO] [CLIENT INIT] Mode=SH | Sparsity=ON (UsedSparsity=0.6) | Clusters=OFF (UsedClusters=-) | EnvSparsityCfg={'Conv': 0.6, 'Linear': 0.6, 'Bias': 0.0, 'BatchNorm': 0.0} | EnvNClusters=3
[2026-01-26 16:31:36,248] [INFO] [TRAIN] Epoch 2 Loss: 0.1179
[2026-01-26 16:32:21,009] [INFO] Model initialized on device: cuda:0
[2026-01-26 16:32:21,009] [INFO] [CLIENT INIT] Mode=SH | Sparsity=ON (UsedSparsity=0.6) | Clusters=OFF (UsedClusters=-) | EnvSparsityCfg={'Conv': 0.6, 'Linear': 0.6, 'Bias': 0.0, 'BatchNorm': 0.0} | EnvNClusters=3
[2026-01-26 16:32:21,042] [INFO] Model initialized on device: cuda:0
[2026-01-26 16:32:21,042] [INFO] [CLIENT INIT] Mode=SH | Sparsity=ON (UsedSparsity=0.6) | Clusters=OFF (UsedClusters=-) | EnvSparsityCfg={'Conv': 0.6, 'Linear': 0.6, 'Bias': 0.0, 'BatchNorm': 0.0} | EnvNClusters=3
[2026-01-26 16:32:21,419] [INFO] Model initialized on device: cuda:0
[2026-01-26 16:32:21,419] [INFO] [CLIENT INIT] Mode=SH | Sparsity=ON (UsedSparsity=0.6) | Clusters=OFF (UsedClusters=-) | EnvSparsityCfg={'Conv': 0.6, 'Linear': 0.6, 'Bias': 0.0, 'BatchNorm': 0.0} | EnvNClusters=3
[2026-01-26 16:32:21,717] [INFO] Model initialized on device: cuda:0
[2026-01-26 16:32:21,717] [INFO] [CLIENT INIT] Mode=SH | Sparsity=ON (UsedSparsity=0.6) | Clusters=OFF (UsedClusters=-) | EnvSparsityCfg={'Conv': 0.6, 'Linear': 0.6, 'Bias': 0.0, 'BatchNorm': 0.0} | EnvNClusters=3
[2026-01-26 16:32:21,720] [INFO] Model initialized on device: cuda:0
[2026-01-26 16:32:21,720] [INFO] [CLIENT INIT] Mode=SH | Sparsity=ON (UsedSparsity=0.6) | Clusters=OFF (UsedClusters=-) | EnvSparsityCfg={'Conv': 0.6, 'Linear': 0.6, 'Bias': 0.0, 'BatchNorm': 0.0} | EnvNClusters=3
[2026-01-26 16:32:21,739] [INFO] Model initialized on device: cuda:0
[2026-01-26 16:32:21,739] [INFO] [CLIENT INIT] Mode=SH | Sparsity=ON (UsedSparsity=0.6) | Clusters=OFF (UsedClusters=-) | EnvSparsityCfg={'Conv': 0.6, 'Linear': 0.6, 'Bias': 0.0, 'BatchNorm': 0.0} | EnvNClusters=3
[2026-01-26 16:32:21,807] [INFO] Model initialized on device: cuda:0
[2026-01-26 16:32:21,808] [INFO] [CLIENT INIT] Mode=SH | Sparsity=ON (UsedSparsity=0.6) | Clusters=OFF (UsedClusters=-) | EnvSparsityCfg={'Conv': 0.6, 'Linear': 0.6, 'Bias': 0.0, 'BatchNorm': 0.0} | EnvNClusters=3
[2026-01-26 16:32:21,829] [INFO] Model initialized on device: cuda:0
[2026-01-26 16:32:21,829] [INFO] [CLIENT INIT] Mode=SH | Sparsity=ON (UsedSparsity=0.6) | Clusters=OFF (UsedClusters=-) | EnvSparsityCfg={'Conv': 0.6, 'Linear': 0.6, 'Bias': 0.0, 'BatchNorm': 0.0} | EnvNClusters=3
[2026-01-26 16:32:21,843] [INFO] Model initialized on device: cuda:0
[2026-01-26 16:32:21,843] [INFO] [CLIENT INIT] Mode=SH | Sparsity=ON (UsedSparsity=0.6) | Clusters=OFF (UsedClusters=-) | EnvSparsityCfg={'Conv': 0.6, 'Linear': 0.6, 'Bias': 0.0, 'BatchNorm': 0.0} | EnvNClusters=3
[2026-01-26 16:32:21,911] [INFO] Model initialized on device: cuda:0
[2026-01-26 16:32:21,912] [INFO] [CLIENT INIT] Mode=SH | Sparsity=ON (UsedSparsity=0.6) | Clusters=OFF (UsedClusters=-) | EnvSparsityCfg={'Conv': 0.6, 'Linear': 0.6, 'Bias': 0.0, 'BatchNorm': 0.0} | EnvNClusters=3
[2026-01-26 16:34:10,514] [INFO] [TRAIN] Epoch 3 Loss: 0.1136
[2026-01-26 16:34:42,423] [INFO] Model initialized on device: cuda:0
[2026-01-26 16:34:42,423] [INFO] [CLIENT INIT] Mode=SH | Sparsity=ON (UsedSparsity=0.6) | Clusters=OFF (UsedClusters=-) | EnvSparsityCfg={'Conv': 0.6, 'Linear': 0.6, 'Bias': 0.0, 'BatchNorm': 0.0} | EnvNClusters=3
[2026-01-26 16:34:45,231] [INFO] Model initialized on device: cuda:0
[2026-01-26 16:34:45,231] [INFO] [CLIENT INIT] Mode=SH | Sparsity=ON (UsedSparsity=0.6) | Clusters=OFF (UsedClusters=-) | EnvSparsityCfg={'Conv': 0.6, 'Linear': 0.6, 'Bias': 0.0, 'BatchNorm': 0.0} | EnvNClusters=3
[2026-01-26 16:34:52,017] [INFO] Model initialized on device: cuda:0
[2026-01-26 16:34:52,017] [INFO] [CLIENT INIT] Mode=SH | Sparsity=ON (UsedSparsity=0.6) | Clusters=OFF (UsedClusters=-) | EnvSparsityCfg={'Conv': 0.6, 'Linear': 0.6, 'Bias': 0.0, 'BatchNorm': 0.0} | EnvNClusters=3
[2026-01-26 16:34:54,120] [INFO] Model initialized on device: cuda:0
[2026-01-26 16:34:54,120] [INFO] Model initialized on device: cuda:0
[2026-01-26 16:34:54,120] [INFO] Model initialized on device: cuda:0
[2026-01-26 16:34:54,121] [INFO] [CLIENT INIT] Mode=SH | Sparsity=ON (UsedSparsity=0.6) | Clusters=OFF (UsedClusters=-) | EnvSparsityCfg={'Conv': 0.6, 'Linear': 0.6, 'Bias': 0.0, 'BatchNorm': 0.0} | EnvNClusters=3
[2026-01-26 16:34:54,121] [INFO] [CLIENT INIT] Mode=SH | Sparsity=ON (UsedSparsity=0.6) | Clusters=OFF (UsedClusters=-) | EnvSparsityCfg={'Conv': 0.6, 'Linear': 0.6, 'Bias': 0.0, 'BatchNorm': 0.0} | EnvNClusters=3
[2026-01-26 16:34:54,121] [INFO] [CLIENT INIT] Mode=SH | Sparsity=ON (UsedSparsity=0.6) | Clusters=OFF (UsedClusters=-) | EnvSparsityCfg={'Conv': 0.6, 'Linear': 0.6, 'Bias': 0.0, 'BatchNorm': 0.0} | EnvNClusters=3
[2026-01-26 16:34:54,211] [INFO] Model initialized on device: cuda:0
[2026-01-26 16:34:54,211] [INFO] [CLIENT INIT] Mode=SH | Sparsity=ON (UsedSparsity=0.6) | Clusters=OFF (UsedClusters=-) | EnvSparsityCfg={'Conv': 0.6, 'Linear': 0.6, 'Bias': 0.0, 'BatchNorm': 0.0} | EnvNClusters=3
[2026-01-26 16:34:54,213] [INFO] Model initialized on device: cuda:0
[2026-01-26 16:34:54,213] [INFO] [CLIENT INIT] Mode=SH | Sparsity=ON (UsedSparsity=0.6) | Clusters=OFF (UsedClusters=-) | EnvSparsityCfg={'Conv': 0.6, 'Linear': 0.6, 'Bias': 0.0, 'BatchNorm': 0.0} | EnvNClusters=3
[2026-01-26 16:34:54,233] [INFO] Model initialized on device: cuda:0
[2026-01-26 16:34:54,233] [INFO] [CLIENT INIT] Mode=SH | Sparsity=ON (UsedSparsity=0.6) | Clusters=OFF (UsedClusters=-) | EnvSparsityCfg={'Conv': 0.6, 'Linear': 0.6, 'Bias': 0.0, 'BatchNorm': 0.0} | EnvNClusters=3
[2026-01-26 16:34:54,328] [INFO] Model initialized on device: cuda:0
[2026-01-26 16:34:54,329] [INFO] [CLIENT INIT] Mode=SH | Sparsity=ON (UsedSparsity=0.6) | Clusters=OFF (UsedClusters=-) | EnvSparsityCfg={'Conv': 0.6, 'Linear': 0.6, 'Bias': 0.0, 'BatchNorm': 0.0} | EnvNClusters=3
[2026-01-26 16:36:36,951] [INFO] [TRAIN] Epoch 4 Loss: 0.1108
[2026-01-26 16:37:10,045] [INFO] Model initialized on device: cuda:0
[2026-01-26 16:37:10,045] [INFO] [CLIENT INIT] Mode=SH | Sparsity=ON (UsedSparsity=0.6) | Clusters=OFF (UsedClusters=-) | EnvSparsityCfg={'Conv': 0.6, 'Linear': 0.6, 'Bias': 0.0, 'BatchNorm': 0.0} | EnvNClusters=3
[2026-01-26 16:37:11,615] [INFO] Model initialized on device: cuda:0
[2026-01-26 16:37:11,615] [INFO] [CLIENT INIT] Mode=SH | Sparsity=ON (UsedSparsity=0.6) | Clusters=OFF (UsedClusters=-) | EnvSparsityCfg={'Conv': 0.6, 'Linear': 0.6, 'Bias': 0.0, 'BatchNorm': 0.0} | EnvNClusters=3
[2026-01-26 16:37:17,125] [INFO] Model initialized on device: cuda:0
[2026-01-26 16:37:17,125] [INFO] [CLIENT INIT] Mode=SH | Sparsity=ON (UsedSparsity=0.6) | Clusters=OFF (UsedClusters=-) | EnvSparsityCfg={'Conv': 0.6, 'Linear': 0.6, 'Bias': 0.0, 'BatchNorm': 0.0} | EnvNClusters=3
[2026-01-26 16:37:19,519] [INFO] Model initialized on device: cuda:0
[2026-01-26 16:37:19,520] [INFO] [CLIENT INIT] Mode=SH | Sparsity=ON (UsedSparsity=0.6) | Clusters=OFF (UsedClusters=-) | EnvSparsityCfg={'Conv': 0.6, 'Linear': 0.6, 'Bias': 0.0, 'BatchNorm': 0.0} | EnvNClusters=3
[2026-01-26 16:37:20,024] [INFO] Model initialized on device: cuda:0
[2026-01-26 16:37:20,025] [INFO] [CLIENT INIT] Mode=SH | Sparsity=ON (UsedSparsity=0.6) | Clusters=OFF (UsedClusters=-) | EnvSparsityCfg={'Conv': 0.6, 'Linear': 0.6, 'Bias': 0.0, 'BatchNorm': 0.0} | EnvNClusters=3
[2026-01-26 16:37:20,437] [INFO] Model initialized on device: cuda:0
[2026-01-26 16:37:20,438] [INFO] [CLIENT INIT] Mode=SH | Sparsity=ON (UsedSparsity=0.6) | Clusters=OFF (UsedClusters=-) | EnvSparsityCfg={'Conv': 0.6, 'Linear': 0.6, 'Bias': 0.0, 'BatchNorm': 0.0} | EnvNClusters=3
[2026-01-26 16:37:20,616] [INFO] Model initialized on device: cuda:0
[2026-01-26 16:37:20,616] [INFO] [CLIENT INIT] Mode=SH | Sparsity=ON (UsedSparsity=0.6) | Clusters=OFF (UsedClusters=-) | EnvSparsityCfg={'Conv': 0.6, 'Linear': 0.6, 'Bias': 0.0, 'BatchNorm': 0.0} | EnvNClusters=3
[2026-01-26 16:37:20,633] [INFO] Model initialized on device: cuda:0
[2026-01-26 16:37:20,633] [INFO] [CLIENT INIT] Mode=SH | Sparsity=ON (UsedSparsity=0.6) | Clusters=OFF (UsedClusters=-) | EnvSparsityCfg={'Conv': 0.6, 'Linear': 0.6, 'Bias': 0.0, 'BatchNorm': 0.0} | EnvNClusters=3
[2026-01-26 16:37:20,713] [INFO] Model initialized on device: cuda:0
[2026-01-26 16:37:20,714] [INFO] [CLIENT INIT] Mode=SH | Sparsity=ON (UsedSparsity=0.6) | Clusters=OFF (UsedClusters=-) | EnvSparsityCfg={'Conv': 0.6, 'Linear': 0.6, 'Bias': 0.0, 'BatchNorm': 0.0} | EnvNClusters=3
[2026-01-26 16:37:20,717] [INFO] Model initialized on device: cuda:0
[2026-01-26 16:37:20,717] [INFO] [CLIENT INIT] Mode=SH | Sparsity=ON (UsedSparsity=0.6) | Clusters=OFF (UsedClusters=-) | EnvSparsityCfg={'Conv': 0.6, 'Linear': 0.6, 'Bias': 0.0, 'BatchNorm': 0.0} | EnvNClusters=3
[2026-01-26 16:38:59,707] [INFO] [TRAIN] Epoch 5 Loss: 0.1037
[2026-01-26 16:38:59,709] [INFO] [FIT] Local training finished. Avg Loss: 0.1133
[2026-01-26 16:39:37,359] [INFO] Model initialized on device: cuda:0
[2026-01-26 16:39:37,359] [INFO] [CLIENT INIT] Mode=SH | Sparsity=ON (UsedSparsity=0.6) | Clusters=OFF (UsedClusters=-) | EnvSparsityCfg={'Conv': 0.6, 'Linear': 0.6, 'Bias': 0.0, 'BatchNorm': 0.0} | EnvNClusters=3
[2026-01-26 16:39:41,513] [INFO] Model initialized on device: cuda:0
[2026-01-26 16:39:41,514] [INFO] [CLIENT INIT] Mode=SH | Sparsity=ON (UsedSparsity=0.6) | Clusters=OFF (UsedClusters=-) | EnvSparsityCfg={'Conv': 0.6, 'Linear': 0.6, 'Bias': 0.0, 'BatchNorm': 0.0} | EnvNClusters=3
[2026-01-26 16:39:41,515] [INFO] Model initialized on device: cuda:0
[2026-01-26 16:39:41,515] [INFO] [CLIENT INIT] Mode=SH | Sparsity=ON (UsedSparsity=0.6) | Clusters=OFF (UsedClusters=-) | EnvSparsityCfg={'Conv': 0.6, 'Linear': 0.6, 'Bias': 0.0, 'BatchNorm': 0.0} | EnvNClusters=3
[2026-01-26 16:39:41,743] [INFO] Model initialized on device: cuda:0
[2026-01-26 16:39:41,743] [INFO] [CLIENT INIT] Mode=SH | Sparsity=ON (UsedSparsity=0.6) | Clusters=OFF (UsedClusters=-) | EnvSparsityCfg={'Conv': 0.6, 'Linear': 0.6, 'Bias': 0.0, 'BatchNorm': 0.0} | EnvNClusters=3
[2026-01-26 16:39:41,814] [INFO] Model initialized on device: cuda:0
[2026-01-26 16:39:41,814] [INFO] [CLIENT INIT] Mode=SH | Sparsity=ON (UsedSparsity=0.6) | Clusters=OFF (UsedClusters=-) | EnvSparsityCfg={'Conv': 0.6, 'Linear': 0.6, 'Bias': 0.0, 'BatchNorm': 0.0} | EnvNClusters=3
[2026-01-26 16:39:41,915] [INFO] Model initialized on device: cuda:0
[2026-01-26 16:39:41,916] [INFO] [CLIENT INIT] Mode=SH | Sparsity=ON (UsedSparsity=0.6) | Clusters=OFF (UsedClusters=-) | EnvSparsityCfg={'Conv': 0.6, 'Linear': 0.6, 'Bias': 0.0, 'BatchNorm': 0.0} | EnvNClusters=3
[2026-01-26 16:39:41,919] [INFO] Model initialized on device: cuda:0
[2026-01-26 16:39:41,919] [INFO] [CLIENT INIT] Mode=SH | Sparsity=ON (UsedSparsity=0.6) | Clusters=OFF (UsedClusters=-) | EnvSparsityCfg={'Conv': 0.6, 'Linear': 0.6, 'Bias': 0.0, 'BatchNorm': 0.0} | EnvNClusters=3
[2026-01-26 16:39:41,919] [INFO] Model initialized on device: cuda:0
[2026-01-26 16:39:41,919] [INFO] Model initialized on device: cuda:0
[2026-01-26 16:39:41,919] [INFO] [CLIENT INIT] Mode=SH | Sparsity=ON (UsedSparsity=0.6) | Clusters=OFF (UsedClusters=-) | EnvSparsityCfg={'Conv': 0.6, 'Linear': 0.6, 'Bias': 0.0, 'BatchNorm': 0.0} | EnvNClusters=3
[2026-01-26 16:39:41,919] [INFO] [CLIENT INIT] Mode=SH | Sparsity=ON (UsedSparsity=0.6) | Clusters=OFF (UsedClusters=-) | EnvSparsityCfg={'Conv': 0.6, 'Linear': 0.6, 'Bias': 0.0, 'BatchNorm': 0.0} | EnvNClusters=3
[2026-01-26 16:39:41,919] [INFO] Model initialized on device: cuda:0
[2026-01-26 16:39:41,919] [INFO] [CLIENT INIT] Mode=SH | Sparsity=ON (UsedSparsity=0.6) | Clusters=OFF (UsedClusters=-) | EnvSparsityCfg={'Conv': 0.6, 'Linear': 0.6, 'Bias': 0.0, 'BatchNorm': 0.0} | EnvNClusters=3
[2026-01-26 16:39:49,561] [DEBUG] [TEST] Batch 1 | Pred shape: torch.Size([256, 256, 160]) | Label shape: torch.Size([256, 256, 160])
[2026-01-26 16:39:49,658] [DEBUG] [TEST] Batch 2 | Pred shape: torch.Size([256, 256, 160]) | Label shape: torch.Size([256, 256, 160])
[2026-01-26 16:39:49,757] [DEBUG] [TEST] Batch 3 | Pred shape: torch.Size([256, 256, 160]) | Label shape: torch.Size([256, 256, 160])
[2026-01-26 16:39:49,857] [DEBUG] [TEST] Batch 4 | Pred shape: torch.Size([256, 256, 160]) | Label shape: torch.Size([256, 256, 160])
[2026-01-26 16:39:50,008] [DEBUG] [TEST] Batch 5 | Pred shape: torch.Size([256, 256, 160]) | Label shape: torch.Size([256, 256, 160])
[2026-01-26 16:39:50,114] [DEBUG] [TEST] Batch 6 | Pred shape: torch.Size([256, 256, 160]) | Label shape: torch.Size([256, 256, 160])
[2026-01-26 16:39:50,215] [DEBUG] [TEST] Batch 7 | Pred shape: torch.Size([256, 256, 160]) | Label shape: torch.Size([256, 256, 160])
[2026-01-26 16:39:50,315] [DEBUG] [TEST] Batch 8 | Pred shape: torch.Size([256, 256, 160]) | Label shape: torch.Size([256, 256, 160])
[2026-01-26 16:39:50,414] [DEBUG] [TEST] Batch 9 | Pred shape: torch.Size([256, 256, 160]) | Label shape: torch.Size([256, 256, 160])
[2026-01-26 16:39:50,512] [DEBUG] [TEST] Batch 10 | Pred shape: torch.Size([256, 256, 160]) | Label shape: torch.Size([256, 256, 160])
[2026-01-26 16:39:53,014] [DEBUG] [TEST] Batch 11 | Pred shape: torch.Size([256, 256, 160]) | Label shape: torch.Size([256, 256, 160])
[2026-01-26 16:39:53,111] [DEBUG] [TEST] Batch 12 | Pred shape: torch.Size([256, 256, 160]) | Label shape: torch.Size([256, 256, 160])
[2026-01-26 16:39:53,345] [DEBUG] [TEST] Batch 13 | Pred shape: torch.Size([256, 256, 160]) | Label shape: torch.Size([256, 256, 160])
[2026-01-26 16:39:53,612] [DEBUG] [TEST] Batch 14 | Pred shape: torch.Size([256, 256, 160]) | Label shape: torch.Size([256, 256, 160])
[2026-01-26 16:39:53,741] [DEBUG] [TEST] Batch 15 | Pred shape: torch.Size([256, 256, 160]) | Label shape: torch.Size([256, 256, 160])
[2026-01-26 16:39:53,912] [DEBUG] [TEST] Batch 16 | Pred shape: torch.Size([256, 256, 160]) | Label shape: torch.Size([256, 256, 160])
[2026-01-26 16:39:59,845] [INFO] [FIT] Final model saved to: Revision2/Run_UNET_NonIID_SH_20260126/Client3/model_final.pth
[2026-01-26 16:40:57,720] [INFO] [COMM][CLIENT] Round=-1 Mode=SH UsedSparsity=0.6 UsedClusters=- BaselineBits=154016352.0 CompressedBits=163433720.9 CR=0.942
[2026-01-26 16:49:05,701] [INFO] [EVALUATE] Starting evaluation...
[2026-01-26 16:49:09,322] [INFO] [DEBUG] Loaded compressed decoded weights.
[2026-01-26 16:50:13,220] [INFO] Model initialized on device: cuda:0
[2026-01-26 16:50:13,221] [INFO] [CLIENT INIT] Mode=SH | Sparsity=ON (UsedSparsity=0.6) | Clusters=OFF (UsedClusters=-) | EnvSparsityCfg={'Conv': 0.6, 'Linear': 0.6, 'Bias': 0.0, 'BatchNorm': 0.0} | EnvNClusters=3
[2026-01-26 16:50:16,117] [INFO] Model initialized on device: cuda:0
[2026-01-26 16:50:16,117] [INFO] [CLIENT INIT] Mode=SH | Sparsity=ON (UsedSparsity=0.6) | Clusters=OFF (UsedClusters=-) | EnvSparsityCfg={'Conv': 0.6, 'Linear': 0.6, 'Bias': 0.0, 'BatchNorm': 0.0} | EnvNClusters=3
[2026-01-26 16:50:16,260] [INFO] Model initialized on device: cuda:0
[2026-01-26 16:50:16,260] [INFO] [CLIENT INIT] Mode=SH | Sparsity=ON (UsedSparsity=0.6) | Clusters=OFF (UsedClusters=-) | EnvSparsityCfg={'Conv': 0.6, 'Linear': 0.6, 'Bias': 0.0, 'BatchNorm': 0.0} | EnvNClusters=3
[2026-01-26 16:50:16,265] [INFO] Model initialized on device: cuda:0
[2026-01-26 16:50:16,265] [INFO] [CLIENT INIT] Mode=SH | Sparsity=ON (UsedSparsity=0.6) | Clusters=OFF (UsedClusters=-) | EnvSparsityCfg={'Conv': 0.6, 'Linear': 0.6, 'Bias': 0.0, 'BatchNorm': 0.0} | EnvNClusters=3
[2026-01-26 16:50:16,713] [INFO] Model initialized on device: cuda:0
[2026-01-26 16:50:16,713] [INFO] [CLIENT INIT] Mode=SH | Sparsity=ON (UsedSparsity=0.6) | Clusters=OFF (UsedClusters=-) | EnvSparsityCfg={'Conv': 0.6, 'Linear': 0.6, 'Bias': 0.0, 'BatchNorm': 0.0} | EnvNClusters=3
[2026-01-26 16:50:16,720] [INFO] Model initialized on device: cuda:0
[2026-01-26 16:50:16,721] [INFO] [CLIENT INIT] Mode=SH | Sparsity=ON (UsedSparsity=0.6) | Clusters=OFF (UsedClusters=-) | EnvSparsityCfg={'Conv': 0.6, 'Linear': 0.6, 'Bias': 0.0, 'BatchNorm': 0.0} | EnvNClusters=3
[2026-01-26 16:50:17,110] [INFO] Model initialized on device: cuda:0
[2026-01-26 16:50:17,110] [INFO] [CLIENT INIT] Mode=SH | Sparsity=ON (UsedSparsity=0.6) | Clusters=OFF (UsedClusters=-) | EnvSparsityCfg={'Conv': 0.6, 'Linear': 0.6, 'Bias': 0.0, 'BatchNorm': 0.0} | EnvNClusters=3
[2026-01-26 16:50:17,336] [INFO] Model initialized on device: cuda:0
[2026-01-26 16:50:17,337] [INFO] [CLIENT INIT] Mode=SH | Sparsity=ON (UsedSparsity=0.6) | Clusters=OFF (UsedClusters=-) | EnvSparsityCfg={'Conv': 0.6, 'Linear': 0.6, 'Bias': 0.0, 'BatchNorm': 0.0} | EnvNClusters=3
[2026-01-26 16:50:17,631] [INFO] Model initialized on device: cuda:0
[2026-01-26 16:50:17,631] [INFO] [CLIENT INIT] Mode=SH | Sparsity=ON (UsedSparsity=0.6) | Clusters=OFF (UsedClusters=-) | EnvSparsityCfg={'Conv': 0.6, 'Linear': 0.6, 'Bias': 0.0, 'BatchNorm': 0.0} | EnvNClusters=3
[2026-01-26 16:50:17,635] [INFO] Model initialized on device: cuda:0
[2026-01-26 16:50:17,636] [INFO] [CLIENT INIT] Mode=SH | Sparsity=ON (UsedSparsity=0.6) | Clusters=OFF (UsedClusters=-) | EnvSparsityCfg={'Conv': 0.6, 'Linear': 0.6, 'Bias': 0.0, 'BatchNorm': 0.0} | EnvNClusters=3
[2026-01-26 16:50:22,516] [DEBUG] [TEST] Batch 1 | Pred shape: torch.Size([256, 256, 160]) | Label shape: torch.Size([256, 256, 160])
[2026-01-26 16:50:23,014] [DEBUG] [TEST] Batch 2 | Pred shape: torch.Size([256, 256, 160]) | Label shape: torch.Size([256, 256, 160])
[2026-01-26 16:50:23,615] [DEBUG] [TEST] Batch 3 | Pred shape: torch.Size([256, 256, 160]) | Label shape: torch.Size([256, 256, 160])
[2026-01-26 16:50:24,514] [DEBUG] [TEST] Batch 4 | Pred shape: torch.Size([256, 256, 160]) | Label shape: torch.Size([256, 256, 160])
[2026-01-26 16:50:24,629] [DEBUG] [TEST] Batch 5 | Pred shape: torch.Size([256, 256, 160]) | Label shape: torch.Size([256, 256, 160])
[2026-01-26 16:50:24,814] [DEBUG] [TEST] Batch 6 | Pred shape: torch.Size([256, 256, 160]) | Label shape: torch.Size([256, 256, 160])
[2026-01-26 16:50:25,620] [DEBUG] [TEST] Batch 7 | Pred shape: torch.Size([256, 256, 160]) | Label shape: torch.Size([256, 256, 160])
[2026-01-26 16:50:25,738] [DEBUG] [TEST] Batch 8 | Pred shape: torch.Size([256, 256, 160]) | Label shape: torch.Size([256, 256, 160])
[2026-01-26 16:50:25,926] [DEBUG] [TEST] Batch 9 | Pred shape: torch.Size([256, 256, 160]) | Label shape: torch.Size([256, 256, 160])
[2026-01-26 16:50:26,128] [DEBUG] [TEST] Batch 10 | Pred shape: torch.Size([256, 256, 160]) | Label shape: torch.Size([256, 256, 160])
[2026-01-26 16:50:27,418] [DEBUG] [TEST] Batch 11 | Pred shape: torch.Size([256, 256, 160]) | Label shape: torch.Size([256, 256, 160])
[2026-01-26 16:50:28,214] [DEBUG] [TEST] Batch 12 | Pred shape: torch.Size([256, 256, 160]) | Label shape: torch.Size([256, 256, 160])
[2026-01-26 16:50:28,615] [DEBUG] [TEST] Batch 13 | Pred shape: torch.Size([256, 256, 160]) | Label shape: torch.Size([256, 256, 160])
[2026-01-26 16:50:29,317] [DEBUG] [TEST] Batch 14 | Pred shape: torch.Size([256, 256, 160]) | Label shape: torch.Size([256, 256, 160])
[2026-01-26 16:50:29,410] [DEBUG] [TEST] Batch 15 | Pred shape: torch.Size([256, 256, 160]) | Label shape: torch.Size([256, 256, 160])
[2026-01-26 16:50:29,764] [DEBUG] [TEST] Batch 16 | Pred shape: torch.Size([256, 256, 160]) | Label shape: torch.Size([256, 256, 160])
[2026-01-26 16:50:38,357] [INFO] [EVALUATE] Dice WT: 1.0000
[2026-01-26 16:50:52,963] [INFO] [FIT] Received parameters. Starting local training...
[2026-01-26 16:50:54,529] [INFO] [DEBUG] Loaded compressed decoded weights.
[2026-01-26 16:51:42,918] [INFO] Model initialized on device: cuda:0
[2026-01-26 16:51:42,919] [INFO] [CLIENT INIT] Mode=SH | Sparsity=ON (UsedSparsity=0.6) | Clusters=OFF (UsedClusters=-) | EnvSparsityCfg={'Conv': 0.6, 'Linear': 0.6, 'Bias': 0.0, 'BatchNorm': 0.0} | EnvNClusters=3
[2026-01-26 16:51:42,921] [INFO] Model initialized on device: cuda:0
[2026-01-26 16:51:42,921] [INFO] [CLIENT INIT] Mode=SH | Sparsity=ON (UsedSparsity=0.6) | Clusters=OFF (UsedClusters=-) | EnvSparsityCfg={'Conv': 0.6, 'Linear': 0.6, 'Bias': 0.0, 'BatchNorm': 0.0} | EnvNClusters=3
[2026-01-26 16:51:43,134] [INFO] Model initialized on device: cuda:0
[2026-01-26 16:51:43,134] [INFO] [CLIENT INIT] Mode=SH | Sparsity=ON (UsedSparsity=0.6) | Clusters=OFF (UsedClusters=-) | EnvSparsityCfg={'Conv': 0.6, 'Linear': 0.6, 'Bias': 0.0, 'BatchNorm': 0.0} | EnvNClusters=3
[2026-01-26 16:51:43,139] [INFO] Model initialized on device: cuda:0
[2026-01-26 16:51:43,140] [INFO] [CLIENT INIT] Mode=SH | Sparsity=ON (UsedSparsity=0.6) | Clusters=OFF (UsedClusters=-) | EnvSparsityCfg={'Conv': 0.6, 'Linear': 0.6, 'Bias': 0.0, 'BatchNorm': 0.0} | EnvNClusters=3
[2026-01-26 16:51:43,145] [INFO] Model initialized on device: cuda:0
[2026-01-26 16:51:43,145] [INFO] [CLIENT INIT] Mode=SH | Sparsity=ON (UsedSparsity=0.6) | Clusters=OFF (UsedClusters=-) | EnvSparsityCfg={'Conv': 0.6, 'Linear': 0.6, 'Bias': 0.0, 'BatchNorm': 0.0} | EnvNClusters=3
[2026-01-26 16:51:43,212] [INFO] Model initialized on device: cuda:0
[2026-01-26 16:51:43,212] [INFO] [CLIENT INIT] Mode=SH | Sparsity=ON (UsedSparsity=0.6) | Clusters=OFF (UsedClusters=-) | EnvSparsityCfg={'Conv': 0.6, 'Linear': 0.6, 'Bias': 0.0, 'BatchNorm': 0.0} | EnvNClusters=3
[2026-01-26 16:51:43,255] [INFO] Model initialized on device: cuda:0
[2026-01-26 16:51:43,255] [INFO] [CLIENT INIT] Mode=SH | Sparsity=ON (UsedSparsity=0.6) | Clusters=OFF (UsedClusters=-) | EnvSparsityCfg={'Conv': 0.6, 'Linear': 0.6, 'Bias': 0.0, 'BatchNorm': 0.0} | EnvNClusters=3
[2026-01-26 16:51:43,265] [INFO] Model initialized on device: cuda:0
[2026-01-26 16:51:43,265] [INFO] [CLIENT INIT] Mode=SH | Sparsity=ON (UsedSparsity=0.6) | Clusters=OFF (UsedClusters=-) | EnvSparsityCfg={'Conv': 0.6, 'Linear': 0.6, 'Bias': 0.0, 'BatchNorm': 0.0} | EnvNClusters=3
[2026-01-26 16:51:43,265] [INFO] Model initialized on device: cuda:0
[2026-01-26 16:51:43,266] [INFO] [CLIENT INIT] Mode=SH | Sparsity=ON (UsedSparsity=0.6) | Clusters=OFF (UsedClusters=-) | EnvSparsityCfg={'Conv': 0.6, 'Linear': 0.6, 'Bias': 0.0, 'BatchNorm': 0.0} | EnvNClusters=3
[2026-01-26 16:51:43,410] [INFO] Model initialized on device: cuda:0
[2026-01-26 16:51:43,410] [INFO] [CLIENT INIT] Mode=SH | Sparsity=ON (UsedSparsity=0.6) | Clusters=OFF (UsedClusters=-) | EnvSparsityCfg={'Conv': 0.6, 'Linear': 0.6, 'Bias': 0.0, 'BatchNorm': 0.0} | EnvNClusters=3
[2026-01-26 16:53:12,218] [INFO] [TRAIN] Epoch 1 Loss: 0.1153
[2026-01-26 16:53:56,717] [INFO] Model initialized on device: cuda:0
[2026-01-26 16:53:56,718] [INFO] [CLIENT INIT] Mode=SH | Sparsity=ON (UsedSparsity=0.6) | Clusters=OFF (UsedClusters=-) | EnvSparsityCfg={'Conv': 0.6, 'Linear': 0.6, 'Bias': 0.0, 'BatchNorm': 0.0} | EnvNClusters=3
[2026-01-26 16:53:57,041] [INFO] Model initialized on device: cuda:0
[2026-01-26 16:53:57,042] [INFO] [CLIENT INIT] Mode=SH | Sparsity=ON (UsedSparsity=0.6) | Clusters=OFF (UsedClusters=-) | EnvSparsityCfg={'Conv': 0.6, 'Linear': 0.6, 'Bias': 0.0, 'BatchNorm': 0.0} | EnvNClusters=3
[2026-01-26 16:53:57,133] [INFO] Model initialized on device: cuda:0
[2026-01-26 16:53:57,133] [INFO] [CLIENT INIT] Mode=SH | Sparsity=ON (UsedSparsity=0.6) | Clusters=OFF (UsedClusters=-) | EnvSparsityCfg={'Conv': 0.6, 'Linear': 0.6, 'Bias': 0.0, 'BatchNorm': 0.0} | EnvNClusters=3
[2026-01-26 16:53:57,427] [INFO] Model initialized on device: cuda:0
[2026-01-26 16:53:57,427] [INFO] [CLIENT INIT] Mode=SH | Sparsity=ON (UsedSparsity=0.6) | Clusters=OFF (UsedClusters=-) | EnvSparsityCfg={'Conv': 0.6, 'Linear': 0.6, 'Bias': 0.0, 'BatchNorm': 0.0} | EnvNClusters=3
[2026-01-26 16:53:57,509] [INFO] Model initialized on device: cuda:0
[2026-01-26 16:53:57,509] [INFO] [CLIENT INIT] Mode=SH | Sparsity=ON (UsedSparsity=0.6) | Clusters=OFF (UsedClusters=-) | EnvSparsityCfg={'Conv': 0.6, 'Linear': 0.6, 'Bias': 0.0, 'BatchNorm': 0.0} | EnvNClusters=3
[2026-01-26 16:53:57,512] [INFO] Model initialized on device: cuda:0
[2026-01-26 16:53:57,512] [INFO] [CLIENT INIT] Mode=SH | Sparsity=ON (UsedSparsity=0.6) | Clusters=OFF (UsedClusters=-) | EnvSparsityCfg={'Conv': 0.6, 'Linear': 0.6, 'Bias': 0.0, 'BatchNorm': 0.0} | EnvNClusters=3
[2026-01-26 16:53:57,614] [INFO] Model initialized on device: cuda:0
[2026-01-26 16:53:57,614] [INFO] [CLIENT INIT] Mode=SH | Sparsity=ON (UsedSparsity=0.6) | Clusters=OFF (UsedClusters=-) | EnvSparsityCfg={'Conv': 0.6, 'Linear': 0.6, 'Bias': 0.0, 'BatchNorm': 0.0} | EnvNClusters=3
[2026-01-26 16:53:57,632] [INFO] Model initialized on device: cuda:0
[2026-01-26 16:53:57,632] [INFO] [CLIENT INIT] Mode=SH | Sparsity=ON (UsedSparsity=0.6) | Clusters=OFF (UsedClusters=-) | EnvSparsityCfg={'Conv': 0.6, 'Linear': 0.6, 'Bias': 0.0, 'BatchNorm': 0.0} | EnvNClusters=3
[2026-01-26 16:53:57,634] [INFO] Model initialized on device: cuda:0
[2026-01-26 16:53:57,634] [INFO] [CLIENT INIT] Mode=SH | Sparsity=ON (UsedSparsity=0.6) | Clusters=OFF (UsedClusters=-) | EnvSparsityCfg={'Conv': 0.6, 'Linear': 0.6, 'Bias': 0.0, 'BatchNorm': 0.0} | EnvNClusters=3
[2026-01-26 16:53:57,634] [INFO] Model initialized on device: cuda:0
[2026-01-26 16:53:57,635] [INFO] [CLIENT INIT] Mode=SH | Sparsity=ON (UsedSparsity=0.6) | Clusters=OFF (UsedClusters=-) | EnvSparsityCfg={'Conv': 0.6, 'Linear': 0.6, 'Bias': 0.0, 'BatchNorm': 0.0} | EnvNClusters=3
[2026-01-26 16:55:47,922] [INFO] [TRAIN] Epoch 2 Loss: 0.1135
[2026-01-26 16:56:31,033] [INFO] Model initialized on device: cuda:0
[2026-01-26 16:56:31,033] [INFO] [CLIENT INIT] Mode=SH | Sparsity=ON (UsedSparsity=0.6) | Clusters=OFF (UsedClusters=-) | EnvSparsityCfg={'Conv': 0.6, 'Linear': 0.6, 'Bias': 0.0, 'BatchNorm': 0.0} | EnvNClusters=3
[2026-01-26 16:56:31,041] [INFO] Model initialized on device: cuda:0
[2026-01-26 16:56:31,041] [INFO] [CLIENT INIT] Mode=SH | Sparsity=ON (UsedSparsity=0.6) | Clusters=OFF (UsedClusters=-) | EnvSparsityCfg={'Conv': 0.6, 'Linear': 0.6, 'Bias': 0.0, 'BatchNorm': 0.0} | EnvNClusters=3
[2026-01-26 16:56:31,228] [INFO] Model initialized on device: cuda:0
[2026-01-26 16:56:31,228] [INFO] [CLIENT INIT] Mode=SH | Sparsity=ON (UsedSparsity=0.6) | Clusters=OFF (UsedClusters=-) | EnvSparsityCfg={'Conv': 0.6, 'Linear': 0.6, 'Bias': 0.0, 'BatchNorm': 0.0} | EnvNClusters=3
[2026-01-26 16:56:31,242] [INFO] Model initialized on device: cuda:0
[2026-01-26 16:56:31,243] [INFO] [CLIENT INIT] Mode=SH | Sparsity=ON (UsedSparsity=0.6) | Clusters=OFF (UsedClusters=-) | EnvSparsityCfg={'Conv': 0.6, 'Linear': 0.6, 'Bias': 0.0, 'BatchNorm': 0.0} | EnvNClusters=3
[2026-01-26 16:56:31,345] [INFO] Model initialized on device: cuda:0
[2026-01-26 16:56:31,345] [INFO] [CLIENT INIT] Mode=SH | Sparsity=ON (UsedSparsity=0.6) | Clusters=OFF (UsedClusters=-) | EnvSparsityCfg={'Conv': 0.6, 'Linear': 0.6, 'Bias': 0.0, 'BatchNorm': 0.0} | EnvNClusters=3
[2026-01-26 16:56:31,411] [INFO] Model initialized on device: cuda:0
[2026-01-26 16:56:31,411] [INFO] [CLIENT INIT] Mode=SH | Sparsity=ON (UsedSparsity=0.6) | Clusters=OFF (UsedClusters=-) | EnvSparsityCfg={'Conv': 0.6, 'Linear': 0.6, 'Bias': 0.0, 'BatchNorm': 0.0} | EnvNClusters=3
[2026-01-26 16:56:31,426] [INFO] Model initialized on device: cuda:0
[2026-01-26 16:56:31,426] [INFO] [CLIENT INIT] Mode=SH | Sparsity=ON (UsedSparsity=0.6) | Clusters=OFF (UsedClusters=-) | EnvSparsityCfg={'Conv': 0.6, 'Linear': 0.6, 'Bias': 0.0, 'BatchNorm': 0.0} | EnvNClusters=3
[2026-01-26 16:56:31,428] [INFO] Model initialized on device: cuda:0
[2026-01-26 16:56:31,428] [INFO] Model initialized on device: cuda:0
[2026-01-26 16:56:31,428] [INFO] [CLIENT INIT] Mode=SH | Sparsity=ON (UsedSparsity=0.6) | Clusters=OFF (UsedClusters=-) | EnvSparsityCfg={'Conv': 0.6, 'Linear': 0.6, 'Bias': 0.0, 'BatchNorm': 0.0} | EnvNClusters=3
[2026-01-26 16:56:31,428] [INFO] [CLIENT INIT] Mode=SH | Sparsity=ON (UsedSparsity=0.6) | Clusters=OFF (UsedClusters=-) | EnvSparsityCfg={'Conv': 0.6, 'Linear': 0.6, 'Bias': 0.0, 'BatchNorm': 0.0} | EnvNClusters=3
[2026-01-26 16:56:31,430] [INFO] Model initialized on device: cuda:0
[2026-01-26 16:56:31,430] [INFO] [CLIENT INIT] Mode=SH | Sparsity=ON (UsedSparsity=0.6) | Clusters=OFF (UsedClusters=-) | EnvSparsityCfg={'Conv': 0.6, 'Linear': 0.6, 'Bias': 0.0, 'BatchNorm': 0.0} | EnvNClusters=3
[2026-01-26 16:58:09,715] [INFO] [TRAIN] Epoch 3 Loss: 0.1054
[2026-01-26 16:58:52,407] [INFO] Model initialized on device: cuda:0
[2026-01-26 16:58:52,407] [INFO] [CLIENT INIT] Mode=SH | Sparsity=ON (UsedSparsity=0.6) | Clusters=OFF (UsedClusters=-) | EnvSparsityCfg={'Conv': 0.6, 'Linear': 0.6, 'Bias': 0.0, 'BatchNorm': 0.0} | EnvNClusters=3
[2026-01-26 16:58:52,519] [INFO] Model initialized on device: cuda:0
[2026-01-26 16:58:52,519] [INFO] [CLIENT INIT] Mode=SH | Sparsity=ON (UsedSparsity=0.6) | Clusters=OFF (UsedClusters=-) | EnvSparsityCfg={'Conv': 0.6, 'Linear': 0.6, 'Bias': 0.0, 'BatchNorm': 0.0} | EnvNClusters=3
[2026-01-26 16:58:53,126] [INFO] Model initialized on device: cuda:0
[2026-01-26 16:58:53,126] [INFO] [CLIENT INIT] Mode=SH | Sparsity=ON (UsedSparsity=0.6) | Clusters=OFF (UsedClusters=-) | EnvSparsityCfg={'Conv': 0.6, 'Linear': 0.6, 'Bias': 0.0, 'BatchNorm': 0.0} | EnvNClusters=3
[2026-01-26 16:58:53,324] [INFO] Model initialized on device: cuda:0
[2026-01-26 16:58:53,324] [INFO] [CLIENT INIT] Mode=SH | Sparsity=ON (UsedSparsity=0.6) | Clusters=OFF (UsedClusters=-) | EnvSparsityCfg={'Conv': 0.6, 'Linear': 0.6, 'Bias': 0.0, 'BatchNorm': 0.0} | EnvNClusters=3
[2026-01-26 16:58:55,815] [INFO] Model initialized on device: cuda:0
[2026-01-26 16:58:55,815] [INFO] [CLIENT INIT] Mode=SH | Sparsity=ON (UsedSparsity=0.6) | Clusters=OFF (UsedClusters=-) | EnvSparsityCfg={'Conv': 0.6, 'Linear': 0.6, 'Bias': 0.0, 'BatchNorm': 0.0} | EnvNClusters=3
[2026-01-26 16:58:55,821] [INFO] Model initialized on device: cuda:0
[2026-01-26 16:58:55,821] [INFO] [CLIENT INIT] Mode=SH | Sparsity=ON (UsedSparsity=0.6) | Clusters=OFF (UsedClusters=-) | EnvSparsityCfg={'Conv': 0.6, 'Linear': 0.6, 'Bias': 0.0, 'BatchNorm': 0.0} | EnvNClusters=3
[2026-01-26 16:58:55,834] [INFO] Model initialized on device: cuda:0
[2026-01-26 16:58:55,835] [INFO] [CLIENT INIT] Mode=SH | Sparsity=ON (UsedSparsity=0.6) | Clusters=OFF (UsedClusters=-) | EnvSparsityCfg={'Conv': 0.6, 'Linear': 0.6, 'Bias': 0.0, 'BatchNorm': 0.0} | EnvNClusters=3
[2026-01-26 16:58:56,016] [INFO] Model initialized on device: cuda:0
[2026-01-26 16:58:56,016] [INFO] [CLIENT INIT] Mode=SH | Sparsity=ON (UsedSparsity=0.6) | Clusters=OFF (UsedClusters=-) | EnvSparsityCfg={'Conv': 0.6, 'Linear': 0.6, 'Bias': 0.0, 'BatchNorm': 0.0} | EnvNClusters=3
[2026-01-26 16:58:56,121] [INFO] Model initialized on device: cuda:0
[2026-01-26 16:58:56,122] [INFO] [CLIENT INIT] Mode=SH | Sparsity=ON (UsedSparsity=0.6) | Clusters=OFF (UsedClusters=-) | EnvSparsityCfg={'Conv': 0.6, 'Linear': 0.6, 'Bias': 0.0, 'BatchNorm': 0.0} | EnvNClusters=3
[2026-01-26 16:58:56,122] [INFO] Model initialized on device: cuda:0
[2026-01-26 16:58:56,122] [INFO] [CLIENT INIT] Mode=SH | Sparsity=ON (UsedSparsity=0.6) | Clusters=OFF (UsedClusters=-) | EnvSparsityCfg={'Conv': 0.6, 'Linear': 0.6, 'Bias': 0.0, 'BatchNorm': 0.0} | EnvNClusters=3
[2026-01-26 17:00:45,414] [INFO] [TRAIN] Epoch 4 Loss: 0.1083
[2026-01-26 17:01:31,342] [INFO] Model initialized on device: cuda:0
[2026-01-26 17:01:31,342] [INFO] [CLIENT INIT] Mode=SH | Sparsity=ON (UsedSparsity=0.6) | Clusters=OFF (UsedClusters=-) | EnvSparsityCfg={'Conv': 0.6, 'Linear': 0.6, 'Bias': 0.0, 'BatchNorm': 0.0} | EnvNClusters=3
[2026-01-26 17:01:31,612] [INFO] Model initialized on device: cuda:0
[2026-01-26 17:01:31,612] [INFO] [CLIENT INIT] Mode=SH | Sparsity=ON (UsedSparsity=0.6) | Clusters=OFF (UsedClusters=-) | EnvSparsityCfg={'Conv': 0.6, 'Linear': 0.6, 'Bias': 0.0, 'BatchNorm': 0.0} | EnvNClusters=3
[2026-01-26 17:01:31,712] [INFO] Model initialized on device: cuda:0
[2026-01-26 17:01:31,712] [INFO] [CLIENT INIT] Mode=SH | Sparsity=ON (UsedSparsity=0.6) | Clusters=OFF (UsedClusters=-) | EnvSparsityCfg={'Conv': 0.6, 'Linear': 0.6, 'Bias': 0.0, 'BatchNorm': 0.0} | EnvNClusters=3
[2026-01-26 17:01:31,728] [INFO] Model initialized on device: cuda:0
[2026-01-26 17:01:31,728] [INFO] [CLIENT INIT] Mode=SH | Sparsity=ON (UsedSparsity=0.6) | Clusters=OFF (UsedClusters=-) | EnvSparsityCfg={'Conv': 0.6, 'Linear': 0.6, 'Bias': 0.0, 'BatchNorm': 0.0} | EnvNClusters=3
[2026-01-26 17:01:31,748] [INFO] Model initialized on device: cuda:0
[2026-01-26 17:01:31,748] [INFO] [CLIENT INIT] Mode=SH | Sparsity=ON (UsedSparsity=0.6) | Clusters=OFF (UsedClusters=-) | EnvSparsityCfg={'Conv': 0.6, 'Linear': 0.6, 'Bias': 0.0, 'BatchNorm': 0.0} | EnvNClusters=3
[2026-01-26 17:01:31,838] [INFO] Model initialized on device: cuda:0
[2026-01-26 17:01:31,838] [INFO] [CLIENT INIT] Mode=SH | Sparsity=ON (UsedSparsity=0.6) | Clusters=OFF (UsedClusters=-) | EnvSparsityCfg={'Conv': 0.6, 'Linear': 0.6, 'Bias': 0.0, 'BatchNorm': 0.0} | EnvNClusters=3
[2026-01-26 17:01:31,912] [INFO] Model initialized on device: cuda:0
[2026-01-26 17:01:31,912] [INFO] [CLIENT INIT] Mode=SH | Sparsity=ON (UsedSparsity=0.6) | Clusters=OFF (UsedClusters=-) | EnvSparsityCfg={'Conv': 0.6, 'Linear': 0.6, 'Bias': 0.0, 'BatchNorm': 0.0} | EnvNClusters=3
[2026-01-26 17:01:31,943] [INFO] Model initialized on device: cuda:0
[2026-01-26 17:01:31,943] [INFO] [CLIENT INIT] Mode=SH | Sparsity=ON (UsedSparsity=0.6) | Clusters=OFF (UsedClusters=-) | EnvSparsityCfg={'Conv': 0.6, 'Linear': 0.6, 'Bias': 0.0, 'BatchNorm': 0.0} | EnvNClusters=3
[2026-01-26 17:01:31,944] [INFO] Model initialized on device: cuda:0
[2026-01-26 17:01:31,944] [INFO] [CLIENT INIT] Mode=SH | Sparsity=ON (UsedSparsity=0.6) | Clusters=OFF (UsedClusters=-) | EnvSparsityCfg={'Conv': 0.6, 'Linear': 0.6, 'Bias': 0.0, 'BatchNorm': 0.0} | EnvNClusters=3
[2026-01-26 17:01:32,116] [INFO] Model initialized on device: cuda:0
[2026-01-26 17:01:32,116] [INFO] [CLIENT INIT] Mode=SH | Sparsity=ON (UsedSparsity=0.6) | Clusters=OFF (UsedClusters=-) | EnvSparsityCfg={'Conv': 0.6, 'Linear': 0.6, 'Bias': 0.0, 'BatchNorm': 0.0} | EnvNClusters=3
[2026-01-26 17:03:10,415] [INFO] [TRAIN] Epoch 5 Loss: 0.1107
[2026-01-26 17:03:10,417] [INFO] [FIT] Local training finished. Avg Loss: 0.1106
[2026-01-26 17:03:44,938] [INFO] Model initialized on device: cuda:0
[2026-01-26 17:03:44,939] [INFO] [CLIENT INIT] Mode=SH | Sparsity=ON (UsedSparsity=0.6) | Clusters=OFF (UsedClusters=-) | EnvSparsityCfg={'Conv': 0.6, 'Linear': 0.6, 'Bias': 0.0, 'BatchNorm': 0.0} | EnvNClusters=3
[2026-01-26 17:03:46,133] [INFO] Model initialized on device: cuda:0
[2026-01-26 17:03:46,134] [INFO] [CLIENT INIT] Mode=SH | Sparsity=ON (UsedSparsity=0.6) | Clusters=OFF (UsedClusters=-) | EnvSparsityCfg={'Conv': 0.6, 'Linear': 0.6, 'Bias': 0.0, 'BatchNorm': 0.0} | EnvNClusters=3
[2026-01-26 17:03:46,812] [INFO] Model initialized on device: cuda:0
[2026-01-26 17:03:46,812] [INFO] [CLIENT INIT] Mode=SH | Sparsity=ON (UsedSparsity=0.6) | Clusters=OFF (UsedClusters=-) | EnvSparsityCfg={'Conv': 0.6, 'Linear': 0.6, 'Bias': 0.0, 'BatchNorm': 0.0} | EnvNClusters=3
[2026-01-26 17:03:50,615] [DEBUG] [TEST] Batch 1 | Pred shape: torch.Size([256, 256, 160]) | Label shape: torch.Size([256, 256, 160])
[2026-01-26 17:03:52,138] [INFO] Model initialized on device: cuda:0
[2026-01-26 17:03:52,138] [INFO] [CLIENT INIT] Mode=SH | Sparsity=ON (UsedSparsity=0.6) | Clusters=OFF (UsedClusters=-) | EnvSparsityCfg={'Conv': 0.6, 'Linear': 0.6, 'Bias': 0.0, 'BatchNorm': 0.0} | EnvNClusters=3
[2026-01-26 17:03:52,313] [INFO] Model initialized on device: cuda:0
[2026-01-26 17:03:52,313] [INFO] [CLIENT INIT] Mode=SH | Sparsity=ON (UsedSparsity=0.6) | Clusters=OFF (UsedClusters=-) | EnvSparsityCfg={'Conv': 0.6, 'Linear': 0.6, 'Bias': 0.0, 'BatchNorm': 0.0} | EnvNClusters=3
[2026-01-26 17:03:52,322] [INFO] Model initialized on device: cuda:0
[2026-01-26 17:03:52,322] [INFO] [CLIENT INIT] Mode=SH | Sparsity=ON (UsedSparsity=0.6) | Clusters=OFF (UsedClusters=-) | EnvSparsityCfg={'Conv': 0.6, 'Linear': 0.6, 'Bias': 0.0, 'BatchNorm': 0.0} | EnvNClusters=3
[2026-01-26 17:03:52,617] [INFO] Model initialized on device: cuda:0
[2026-01-26 17:03:52,617] [INFO] [CLIENT INIT] Mode=SH | Sparsity=ON (UsedSparsity=0.6) | Clusters=OFF (UsedClusters=-) | EnvSparsityCfg={'Conv': 0.6, 'Linear': 0.6, 'Bias': 0.0, 'BatchNorm': 0.0} | EnvNClusters=3
[2026-01-26 17:03:52,937] [INFO] Model initialized on device: cuda:0
[2026-01-26 17:03:52,937] [INFO] [CLIENT INIT] Mode=SH | Sparsity=ON (UsedSparsity=0.6) | Clusters=OFF (UsedClusters=-) | EnvSparsityCfg={'Conv': 0.6, 'Linear': 0.6, 'Bias': 0.0, 'BatchNorm': 0.0} | EnvNClusters=3
[2026-01-26 17:03:53,350] [INFO] Model initialized on device: cuda:0
[2026-01-26 17:03:53,350] [INFO] [CLIENT INIT] Mode=SH | Sparsity=ON (UsedSparsity=0.6) | Clusters=OFF (UsedClusters=-) | EnvSparsityCfg={'Conv': 0.6, 'Linear': 0.6, 'Bias': 0.0, 'BatchNorm': 0.0} | EnvNClusters=3
[2026-01-26 17:03:53,936] [INFO] Model initialized on device: cuda:0
[2026-01-26 17:03:53,936] [INFO] [CLIENT INIT] Mode=SH | Sparsity=ON (UsedSparsity=0.6) | Clusters=OFF (UsedClusters=-) | EnvSparsityCfg={'Conv': 0.6, 'Linear': 0.6, 'Bias': 0.0, 'BatchNorm': 0.0} | EnvNClusters=3
[2026-01-26 17:03:59,812] [DEBUG] [TEST] Batch 2 | Pred shape: torch.Size([256, 256, 160]) | Label shape: torch.Size([256, 256, 160])
[2026-01-26 17:03:59,912] [DEBUG] [TEST] Batch 3 | Pred shape: torch.Size([256, 256, 160]) | Label shape: torch.Size([256, 256, 160])
[2026-01-26 17:04:00,014] [DEBUG] [TEST] Batch 4 | Pred shape: torch.Size([256, 256, 160]) | Label shape: torch.Size([256, 256, 160])
[2026-01-26 17:04:00,114] [DEBUG] [TEST] Batch 5 | Pred shape: torch.Size([256, 256, 160]) | Label shape: torch.Size([256, 256, 160])
[2026-01-26 17:04:00,354] [DEBUG] [TEST] Batch 6 | Pred shape: torch.Size([256, 256, 160]) | Label shape: torch.Size([256, 256, 160])
[2026-01-26 17:04:00,507] [DEBUG] [TEST] Batch 7 | Pred shape: torch.Size([256, 256, 160]) | Label shape: torch.Size([256, 256, 160])
[2026-01-26 17:04:00,708] [DEBUG] [TEST] Batch 8 | Pred shape: torch.Size([256, 256, 160]) | Label shape: torch.Size([256, 256, 160])
[2026-01-26 17:04:00,912] [DEBUG] [TEST] Batch 9 | Pred shape: torch.Size([256, 256, 160]) | Label shape: torch.Size([256, 256, 160])
[2026-01-26 17:04:01,110] [DEBUG] [TEST] Batch 10 | Pred shape: torch.Size([256, 256, 160]) | Label shape: torch.Size([256, 256, 160])
[2026-01-26 17:04:01,311] [DEBUG] [TEST] Batch 11 | Pred shape: torch.Size([256, 256, 160]) | Label shape: torch.Size([256, 256, 160])
[2026-01-26 17:04:04,310] [DEBUG] [TEST] Batch 12 | Pred shape: torch.Size([256, 256, 160]) | Label shape: torch.Size([256, 256, 160])
[2026-01-26 17:04:04,609] [DEBUG] [TEST] Batch 13 | Pred shape: torch.Size([256, 256, 160]) | Label shape: torch.Size([256, 256, 160])
[2026-01-26 17:04:04,809] [DEBUG] [TEST] Batch 14 | Pred shape: torch.Size([256, 256, 160]) | Label shape: torch.Size([256, 256, 160])
[2026-01-26 17:04:05,012] [DEBUG] [TEST] Batch 15 | Pred shape: torch.Size([256, 256, 160]) | Label shape: torch.Size([256, 256, 160])
[2026-01-26 17:04:05,115] [DEBUG] [TEST] Batch 16 | Pred shape: torch.Size([256, 256, 160]) | Label shape: torch.Size([256, 256, 160])
[2026-01-26 17:04:13,237] [INFO] [FIT] Final model saved to: Revision2/Run_UNET_NonIID_SH_20260126/Client3/model_final.pth
[2026-01-26 17:05:15,824] [INFO] [COMM][CLIENT] Round=-1 Mode=SH UsedSparsity=0.6 UsedClusters=- BaselineBits=154016352.0 CompressedBits=163428321.7 CR=0.942
[2026-01-26 17:14:08,787] [INFO] [EVALUATE] Starting evaluation...
[2026-01-26 17:14:12,617] [INFO] [DEBUG] Loaded compressed decoded weights.
[2026-01-26 17:15:07,320] [INFO] Model initialized on device: cuda:0
[2026-01-26 17:15:07,320] [INFO] [CLIENT INIT] Mode=SH | Sparsity=ON (UsedSparsity=0.6) | Clusters=OFF (UsedClusters=-) | EnvSparsityCfg={'Conv': 0.6, 'Linear': 0.6, 'Bias': 0.0, 'BatchNorm': 0.0} | EnvNClusters=3
[2026-01-26 17:15:09,026] [INFO] Model initialized on device: cuda:0
[2026-01-26 17:15:09,026] [INFO] [CLIENT INIT] Mode=SH | Sparsity=ON (UsedSparsity=0.6) | Clusters=OFF (UsedClusters=-) | EnvSparsityCfg={'Conv': 0.6, 'Linear': 0.6, 'Bias': 0.0, 'BatchNorm': 0.0} | EnvNClusters=3
[2026-01-26 17:15:09,337] [INFO] Model initialized on device: cuda:0
[2026-01-26 17:15:09,337] [INFO] [CLIENT INIT] Mode=SH | Sparsity=ON (UsedSparsity=0.6) | Clusters=OFF (UsedClusters=-) | EnvSparsityCfg={'Conv': 0.6, 'Linear': 0.6, 'Bias': 0.0, 'BatchNorm': 0.0} | EnvNClusters=3
[2026-01-26 17:15:09,411] [INFO] Model initialized on device: cuda:0
[2026-01-26 17:15:09,411] [INFO] [CLIENT INIT] Mode=SH | Sparsity=ON (UsedSparsity=0.6) | Clusters=OFF (UsedClusters=-) | EnvSparsityCfg={'Conv': 0.6, 'Linear': 0.6, 'Bias': 0.0, 'BatchNorm': 0.0} | EnvNClusters=3
[2026-01-26 17:15:09,534] [INFO] Model initialized on device: cuda:0
[2026-01-26 17:15:09,535] [INFO] [CLIENT INIT] Mode=SH | Sparsity=ON (UsedSparsity=0.6) | Clusters=OFF (UsedClusters=-) | EnvSparsityCfg={'Conv': 0.6, 'Linear': 0.6, 'Bias': 0.0, 'BatchNorm': 0.0} | EnvNClusters=3
[2026-01-26 17:15:09,947] [INFO] Model initialized on device: cuda:0
[2026-01-26 17:15:09,948] [INFO] [CLIENT INIT] Mode=SH | Sparsity=ON (UsedSparsity=0.6) | Clusters=OFF (UsedClusters=-) | EnvSparsityCfg={'Conv': 0.6, 'Linear': 0.6, 'Bias': 0.0, 'BatchNorm': 0.0} | EnvNClusters=3
[2026-01-26 17:15:10,326] [INFO] Model initialized on device: cuda:0
[2026-01-26 17:15:10,327] [INFO] [CLIENT INIT] Mode=SH | Sparsity=ON (UsedSparsity=0.6) | Clusters=OFF (UsedClusters=-) | EnvSparsityCfg={'Conv': 0.6, 'Linear': 0.6, 'Bias': 0.0, 'BatchNorm': 0.0} | EnvNClusters=3
[2026-01-26 17:15:10,334] [INFO] Model initialized on device: cuda:0
[2026-01-26 17:15:10,334] [INFO] [CLIENT INIT] Mode=SH | Sparsity=ON (UsedSparsity=0.6) | Clusters=OFF (UsedClusters=-) | EnvSparsityCfg={'Conv': 0.6, 'Linear': 0.6, 'Bias': 0.0, 'BatchNorm': 0.0} | EnvNClusters=3
[2026-01-26 17:15:10,428] [INFO] Model initialized on device: cuda:0
[2026-01-26 17:15:10,428] [INFO] [CLIENT INIT] Mode=SH | Sparsity=ON (UsedSparsity=0.6) | Clusters=OFF (UsedClusters=-) | EnvSparsityCfg={'Conv': 0.6, 'Linear': 0.6, 'Bias': 0.0, 'BatchNorm': 0.0} | EnvNClusters=3
[2026-01-26 17:15:10,631] [INFO] Model initialized on device: cuda:0
[2026-01-26 17:15:10,631] [INFO] [CLIENT INIT] Mode=SH | Sparsity=ON (UsedSparsity=0.6) | Clusters=OFF (UsedClusters=-) | EnvSparsityCfg={'Conv': 0.6, 'Linear': 0.6, 'Bias': 0.0, 'BatchNorm': 0.0} | EnvNClusters=3
[2026-01-26 17:15:18,216] [DEBUG] [TEST] Batch 1 | Pred shape: torch.Size([256, 256, 160]) | Label shape: torch.Size([256, 256, 160])
[2026-01-26 17:15:19,710] [DEBUG] [TEST] Batch 2 | Pred shape: torch.Size([256, 256, 160]) | Label shape: torch.Size([256, 256, 160])
[2026-01-26 17:15:19,815] [DEBUG] [TEST] Batch 3 | Pred shape: torch.Size([256, 256, 160]) | Label shape: torch.Size([256, 256, 160])
[2026-01-26 17:15:19,915] [DEBUG] [TEST] Batch 4 | Pred shape: torch.Size([256, 256, 160]) | Label shape: torch.Size([256, 256, 160])
[2026-01-26 17:15:20,025] [DEBUG] [TEST] Batch 5 | Pred shape: torch.Size([256, 256, 160]) | Label shape: torch.Size([256, 256, 160])
[2026-01-26 17:15:20,210] [DEBUG] [TEST] Batch 6 | Pred shape: torch.Size([256, 256, 160]) | Label shape: torch.Size([256, 256, 160])
[2026-01-26 17:15:20,319] [DEBUG] [TEST] Batch 7 | Pred shape: torch.Size([256, 256, 160]) | Label shape: torch.Size([256, 256, 160])
[2026-01-26 17:15:20,529] [DEBUG] [TEST] Batch 8 | Pred shape: torch.Size([256, 256, 160]) | Label shape: torch.Size([256, 256, 160])
[2026-01-26 17:15:20,807] [DEBUG] [TEST] Batch 9 | Pred shape: torch.Size([256, 256, 160]) | Label shape: torch.Size([256, 256, 160])
[2026-01-26 17:15:21,026] [DEBUG] [TEST] Batch 10 | Pred shape: torch.Size([256, 256, 160]) | Label shape: torch.Size([256, 256, 160])
[2026-01-26 17:15:22,414] [DEBUG] [TEST] Batch 11 | Pred shape: torch.Size([256, 256, 160]) | Label shape: torch.Size([256, 256, 160])
[2026-01-26 17:15:23,819] [DEBUG] [TEST] Batch 12 | Pred shape: torch.Size([256, 256, 160]) | Label shape: torch.Size([256, 256, 160])
[2026-01-26 17:15:24,028] [DEBUG] [TEST] Batch 13 | Pred shape: torch.Size([256, 256, 160]) | Label shape: torch.Size([256, 256, 160])
[2026-01-26 17:15:24,229] [DEBUG] [TEST] Batch 14 | Pred shape: torch.Size([256, 256, 160]) | Label shape: torch.Size([256, 256, 160])
[2026-01-26 17:15:24,353] [DEBUG] [TEST] Batch 15 | Pred shape: torch.Size([256, 256, 160]) | Label shape: torch.Size([256, 256, 160])
[2026-01-26 17:15:24,522] [DEBUG] [TEST] Batch 16 | Pred shape: torch.Size([256, 256, 160]) | Label shape: torch.Size([256, 256, 160])
[2026-01-26 17:15:28,815] [INFO] [EVALUATE] Dice WT: 0.0248
[2026-01-26 17:15:48,518] [INFO] [FIT] Received parameters. Starting local training...
[2026-01-26 17:15:51,512] [INFO] [DEBUG] Loaded compressed decoded weights.
[2026-01-26 17:16:48,639] [INFO] Model initialized on device: cuda:0
[2026-01-26 17:16:48,639] [INFO] [CLIENT INIT] Mode=SH | Sparsity=ON (UsedSparsity=0.6) | Clusters=OFF (UsedClusters=-) | EnvSparsityCfg={'Conv': 0.6, 'Linear': 0.6, 'Bias': 0.0, 'BatchNorm': 0.0} | EnvNClusters=3
[2026-01-26 17:16:48,640] [INFO] Model initialized on device: cuda:0
[2026-01-26 17:16:48,640] [INFO] [CLIENT INIT] Mode=SH | Sparsity=ON (UsedSparsity=0.6) | Clusters=OFF (UsedClusters=-) | EnvSparsityCfg={'Conv': 0.6, 'Linear': 0.6, 'Bias': 0.0, 'BatchNorm': 0.0} | EnvNClusters=3
[2026-01-26 17:16:48,640] [INFO] Model initialized on device: cuda:0
[2026-01-26 17:16:48,640] [INFO] [CLIENT INIT] Mode=SH | Sparsity=ON (UsedSparsity=0.6) | Clusters=OFF (UsedClusters=-) | EnvSparsityCfg={'Conv': 0.6, 'Linear': 0.6, 'Bias': 0.0, 'BatchNorm': 0.0} | EnvNClusters=3
[2026-01-26 17:16:48,711] [INFO] Model initialized on device: cuda:0
[2026-01-26 17:16:48,711] [INFO] [CLIENT INIT] Mode=SH | Sparsity=ON (UsedSparsity=0.6) | Clusters=OFF (UsedClusters=-) | EnvSparsityCfg={'Conv': 0.6, 'Linear': 0.6, 'Bias': 0.0, 'BatchNorm': 0.0} | EnvNClusters=3
[2026-01-26 17:16:48,716] [INFO] Model initialized on device: cuda:0
[2026-01-26 17:16:48,716] [INFO] [CLIENT INIT] Mode=SH | Sparsity=ON (UsedSparsity=0.6) | Clusters=OFF (UsedClusters=-) | EnvSparsityCfg={'Conv': 0.6, 'Linear': 0.6, 'Bias': 0.0, 'BatchNorm': 0.0} | EnvNClusters=3
[2026-01-26 17:16:48,809] [INFO] Model initialized on device: cuda:0
[2026-01-26 17:16:48,809] [INFO] [CLIENT INIT] Mode=SH | Sparsity=ON (UsedSparsity=0.6) | Clusters=OFF (UsedClusters=-) | EnvSparsityCfg={'Conv': 0.6, 'Linear': 0.6, 'Bias': 0.0, 'BatchNorm': 0.0} | EnvNClusters=3
[2026-01-26 17:16:48,812] [INFO] Model initialized on device: cuda:0
[2026-01-26 17:16:48,812] [INFO] [CLIENT INIT] Mode=SH | Sparsity=ON (UsedSparsity=0.6) | Clusters=OFF (UsedClusters=-) | EnvSparsityCfg={'Conv': 0.6, 'Linear': 0.6, 'Bias': 0.0, 'BatchNorm': 0.0} | EnvNClusters=3
[2026-01-26 17:16:48,818] [INFO] Model initialized on device: cuda:0
[2026-01-26 17:16:48,818] [INFO] [CLIENT INIT] Mode=SH | Sparsity=ON (UsedSparsity=0.6) | Clusters=OFF (UsedClusters=-) | EnvSparsityCfg={'Conv': 0.6, 'Linear': 0.6, 'Bias': 0.0, 'BatchNorm': 0.0} | EnvNClusters=3
[2026-01-26 17:16:49,018] [INFO] Model initialized on device: cuda:0
[2026-01-26 17:16:49,018] [INFO] [CLIENT INIT] Mode=SH | Sparsity=ON (UsedSparsity=0.6) | Clusters=OFF (UsedClusters=-) | EnvSparsityCfg={'Conv': 0.6, 'Linear': 0.6, 'Bias': 0.0, 'BatchNorm': 0.0} | EnvNClusters=3
[2026-01-26 17:16:49,020] [INFO] Model initialized on device: cuda:0
[2026-01-26 17:16:49,020] [INFO] [CLIENT INIT] Mode=SH | Sparsity=ON (UsedSparsity=0.6) | Clusters=OFF (UsedClusters=-) | EnvSparsityCfg={'Conv': 0.6, 'Linear': 0.6, 'Bias': 0.0, 'BatchNorm': 0.0} | EnvNClusters=3
[2026-01-26 17:18:44,554] [INFO] [TRAIN] Epoch 1 Loss: 0.1333
[2026-01-26 17:19:26,622] [INFO] Model initialized on device: cuda:0
[2026-01-26 17:19:26,622] [INFO] [CLIENT INIT] Mode=SH | Sparsity=ON (UsedSparsity=0.6) | Clusters=OFF (UsedClusters=-) | EnvSparsityCfg={'Conv': 0.6, 'Linear': 0.6, 'Bias': 0.0, 'BatchNorm': 0.0} | EnvNClusters=3
[2026-01-26 17:19:26,709] [INFO] Model initialized on device: cuda:0
[2026-01-26 17:19:26,710] [INFO] [CLIENT INIT] Mode=SH | Sparsity=ON (UsedSparsity=0.6) | Clusters=OFF (UsedClusters=-) | EnvSparsityCfg={'Conv': 0.6, 'Linear': 0.6, 'Bias': 0.0, 'BatchNorm': 0.0} | EnvNClusters=3
[2026-01-26 17:19:28,312] [INFO] Model initialized on device: cuda:0
[2026-01-26 17:19:28,312] [INFO] [CLIENT INIT] Mode=SH | Sparsity=ON (UsedSparsity=0.6) | Clusters=OFF (UsedClusters=-) | EnvSparsityCfg={'Conv': 0.6, 'Linear': 0.6, 'Bias': 0.0, 'BatchNorm': 0.0} | EnvNClusters=3
[2026-01-26 17:19:33,117] [INFO] Model initialized on device: cuda:0
[2026-01-26 17:19:33,117] [INFO] [CLIENT INIT] Mode=SH | Sparsity=ON (UsedSparsity=0.6) | Clusters=OFF (UsedClusters=-) | EnvSparsityCfg={'Conv': 0.6, 'Linear': 0.6, 'Bias': 0.0, 'BatchNorm': 0.0} | EnvNClusters=3
[2026-01-26 17:19:33,414] [INFO] Model initialized on device: cuda:0
[2026-01-26 17:19:33,414] [INFO] [CLIENT INIT] Mode=SH | Sparsity=ON (UsedSparsity=0.6) | Clusters=OFF (UsedClusters=-) | EnvSparsityCfg={'Conv': 0.6, 'Linear': 0.6, 'Bias': 0.0, 'BatchNorm': 0.0} | EnvNClusters=3
[2026-01-26 17:19:33,520] [INFO] Model initialized on device: cuda:0
[2026-01-26 17:19:33,521] [INFO] [CLIENT INIT] Mode=SH | Sparsity=ON (UsedSparsity=0.6) | Clusters=OFF (UsedClusters=-) | EnvSparsityCfg={'Conv': 0.6, 'Linear': 0.6, 'Bias': 0.0, 'BatchNorm': 0.0} | EnvNClusters=3
[2026-01-26 17:19:33,521] [INFO] Model initialized on device: cuda:0
[2026-01-26 17:19:33,521] [INFO] [CLIENT INIT] Mode=SH | Sparsity=ON (UsedSparsity=0.6) | Clusters=OFF (UsedClusters=-) | EnvSparsityCfg={'Conv': 0.6, 'Linear': 0.6, 'Bias': 0.0, 'BatchNorm': 0.0} | EnvNClusters=3
[2026-01-26 17:19:33,614] [INFO] Model initialized on device: cuda:0
[2026-01-26 17:19:33,615] [INFO] [CLIENT INIT] Mode=SH | Sparsity=ON (UsedSparsity=0.6) | Clusters=OFF (UsedClusters=-) | EnvSparsityCfg={'Conv': 0.6, 'Linear': 0.6, 'Bias': 0.0, 'BatchNorm': 0.0} | EnvNClusters=3
[2026-01-26 17:19:33,810] [INFO] Model initialized on device: cuda:0
[2026-01-26 17:19:33,810] [INFO] [CLIENT INIT] Mode=SH | Sparsity=ON (UsedSparsity=0.6) | Clusters=OFF (UsedClusters=-) | EnvSparsityCfg={'Conv': 0.6, 'Linear': 0.6, 'Bias': 0.0, 'BatchNorm': 0.0} | EnvNClusters=3
[2026-01-26 17:19:33,814] [INFO] Model initialized on device: cuda:0
[2026-01-26 17:19:33,814] [INFO] [CLIENT INIT] Mode=SH | Sparsity=ON (UsedSparsity=0.6) | Clusters=OFF (UsedClusters=-) | EnvSparsityCfg={'Conv': 0.6, 'Linear': 0.6, 'Bias': 0.0, 'BatchNorm': 0.0} | EnvNClusters=3
[2026-01-26 17:21:23,715] [INFO] [TRAIN] Epoch 2 Loss: 0.1199
[2026-01-26 17:21:54,433] [INFO] Model initialized on device: cuda:0
[2026-01-26 17:21:54,434] [INFO] [CLIENT INIT] Mode=SH | Sparsity=ON (UsedSparsity=0.6) | Clusters=OFF (UsedClusters=-) | EnvSparsityCfg={'Conv': 0.6, 'Linear': 0.6, 'Bias': 0.0, 'BatchNorm': 0.0} | EnvNClusters=3
[2026-01-26 17:21:58,812] [INFO] Model initialized on device: cuda:0
[2026-01-26 17:21:58,812] [INFO] [CLIENT INIT] Mode=SH | Sparsity=ON (UsedSparsity=0.6) | Clusters=OFF (UsedClusters=-) | EnvSparsityCfg={'Conv': 0.6, 'Linear': 0.6, 'Bias': 0.0, 'BatchNorm': 0.0} | EnvNClusters=3
[2026-01-26 17:21:59,511] [INFO] Model initialized on device: cuda:0
[2026-01-26 17:21:59,512] [INFO] [CLIENT INIT] Mode=SH | Sparsity=ON (UsedSparsity=0.6) | Clusters=OFF (UsedClusters=-) | EnvSparsityCfg={'Conv': 0.6, 'Linear': 0.6, 'Bias': 0.0, 'BatchNorm': 0.0} | EnvNClusters=3
[2026-01-26 17:22:00,913] [INFO] Model initialized on device: cuda:0
[2026-01-26 17:22:00,913] [INFO] [CLIENT INIT] Mode=SH | Sparsity=ON (UsedSparsity=0.6) | Clusters=OFF (UsedClusters=-) | EnvSparsityCfg={'Conv': 0.6, 'Linear': 0.6, 'Bias': 0.0, 'BatchNorm': 0.0} | EnvNClusters=3
[2026-01-26 17:22:01,632] [INFO] Model initialized on device: cuda:0
[2026-01-26 17:22:01,632] [INFO] [CLIENT INIT] Mode=SH | Sparsity=ON (UsedSparsity=0.6) | Clusters=OFF (UsedClusters=-) | EnvSparsityCfg={'Conv': 0.6, 'Linear': 0.6, 'Bias': 0.0, 'BatchNorm': 0.0} | EnvNClusters=3
[2026-01-26 17:22:01,912] [INFO] Model initialized on device: cuda:0
[2026-01-26 17:22:01,912] [INFO] [CLIENT INIT] Mode=SH | Sparsity=ON (UsedSparsity=0.6) | Clusters=OFF (UsedClusters=-) | EnvSparsityCfg={'Conv': 0.6, 'Linear': 0.6, 'Bias': 0.0, 'BatchNorm': 0.0} | EnvNClusters=3
[2026-01-26 17:22:02,415] [INFO] Model initialized on device: cuda:0
[2026-01-26 17:22:02,415] [INFO] [CLIENT INIT] Mode=SH | Sparsity=ON (UsedSparsity=0.6) | Clusters=OFF (UsedClusters=-) | EnvSparsityCfg={'Conv': 0.6, 'Linear': 0.6, 'Bias': 0.0, 'BatchNorm': 0.0} | EnvNClusters=3
[2026-01-26 17:22:02,622] [INFO] Model initialized on device: cuda:0
[2026-01-26 17:22:02,622] [INFO] [CLIENT INIT] Mode=SH | Sparsity=ON (UsedSparsity=0.6) | Clusters=OFF (UsedClusters=-) | EnvSparsityCfg={'Conv': 0.6, 'Linear': 0.6, 'Bias': 0.0, 'BatchNorm': 0.0} | EnvNClusters=3
[2026-01-26 17:22:02,625] [INFO] Model initialized on device: cuda:0
[2026-01-26 17:22:02,625] [INFO] [CLIENT INIT] Mode=SH | Sparsity=ON (UsedSparsity=0.6) | Clusters=OFF (UsedClusters=-) | EnvSparsityCfg={'Conv': 0.6, 'Linear': 0.6, 'Bias': 0.0, 'BatchNorm': 0.0} | EnvNClusters=3
[2026-01-26 17:22:03,020] [INFO] Model initialized on device: cuda:0
[2026-01-26 17:22:03,020] [INFO] [CLIENT INIT] Mode=SH | Sparsity=ON (UsedSparsity=0.6) | Clusters=OFF (UsedClusters=-) | EnvSparsityCfg={'Conv': 0.6, 'Linear': 0.6, 'Bias': 0.0, 'BatchNorm': 0.0} | EnvNClusters=3
[2026-01-26 17:23:52,416] [INFO] [TRAIN] Epoch 3 Loss: 0.1154
[2026-01-26 17:24:41,917] [INFO] Model initialized on device: cuda:0
[2026-01-26 17:24:41,917] [INFO] [CLIENT INIT] Mode=SH | Sparsity=ON (UsedSparsity=0.6) | Clusters=OFF (UsedClusters=-) | EnvSparsityCfg={'Conv': 0.6, 'Linear': 0.6, 'Bias': 0.0, 'BatchNorm': 0.0} | EnvNClusters=3
[2026-01-26 17:24:41,924] [INFO] Model initialized on device: cuda:0
[2026-01-26 17:24:41,925] [INFO] [CLIENT INIT] Mode=SH | Sparsity=ON (UsedSparsity=0.6) | Clusters=OFF (UsedClusters=-) | EnvSparsityCfg={'Conv': 0.6, 'Linear': 0.6, 'Bias': 0.0, 'BatchNorm': 0.0} | EnvNClusters=3
[2026-01-26 17:24:42,217] [INFO] Model initialized on device: cuda:0
[2026-01-26 17:24:42,217] [INFO] [CLIENT INIT] Mode=SH | Sparsity=ON (UsedSparsity=0.6) | Clusters=OFF (UsedClusters=-) | EnvSparsityCfg={'Conv': 0.6, 'Linear': 0.6, 'Bias': 0.0, 'BatchNorm': 0.0} | EnvNClusters=3
[2026-01-26 17:24:42,222] [INFO] Model initialized on device: cuda:0
[2026-01-26 17:24:42,222] [INFO] [CLIENT INIT] Mode=SH | Sparsity=ON (UsedSparsity=0.6) | Clusters=OFF (UsedClusters=-) | EnvSparsityCfg={'Conv': 0.6, 'Linear': 0.6, 'Bias': 0.0, 'BatchNorm': 0.0} | EnvNClusters=3
[2026-01-26 17:24:42,225] [INFO] Model initialized on device: cuda:0
[2026-01-26 17:24:42,225] [INFO] [CLIENT INIT] Mode=SH | Sparsity=ON (UsedSparsity=0.6) | Clusters=OFF (UsedClusters=-) | EnvSparsityCfg={'Conv': 0.6, 'Linear': 0.6, 'Bias': 0.0, 'BatchNorm': 0.0} | EnvNClusters=3
[2026-01-26 17:24:42,225] [INFO] Model initialized on device: cuda:0
[2026-01-26 17:24:42,225] [INFO] [CLIENT INIT] Mode=SH | Sparsity=ON (UsedSparsity=0.6) | Clusters=OFF (UsedClusters=-) | EnvSparsityCfg={'Conv': 0.6, 'Linear': 0.6, 'Bias': 0.0, 'BatchNorm': 0.0} | EnvNClusters=3
[2026-01-26 17:24:42,228] [INFO] Model initialized on device: cuda:0
[2026-01-26 17:24:42,228] [INFO] [CLIENT INIT] Mode=SH | Sparsity=ON (UsedSparsity=0.6) | Clusters=OFF (UsedClusters=-) | EnvSparsityCfg={'Conv': 0.6, 'Linear': 0.6, 'Bias': 0.0, 'BatchNorm': 0.0} | EnvNClusters=3
[2026-01-26 17:24:42,229] [INFO] Model initialized on device: cuda:0
[2026-01-26 17:24:42,229] [INFO] [CLIENT INIT] Mode=SH | Sparsity=ON (UsedSparsity=0.6) | Clusters=OFF (UsedClusters=-) | EnvSparsityCfg={'Conv': 0.6, 'Linear': 0.6, 'Bias': 0.0, 'BatchNorm': 0.0} | EnvNClusters=3
[2026-01-26 17:24:42,232] [INFO] Model initialized on device: cuda:0
[2026-01-26 17:24:42,232] [INFO] [CLIENT INIT] Mode=SH | Sparsity=ON (UsedSparsity=0.6) | Clusters=OFF (UsedClusters=-) | EnvSparsityCfg={'Conv': 0.6, 'Linear': 0.6, 'Bias': 0.0, 'BatchNorm': 0.0} | EnvNClusters=3
[2026-01-26 17:24:42,232] [INFO] Model initialized on device: cuda:0
[2026-01-26 17:24:42,232] [INFO] [CLIENT INIT] Mode=SH | Sparsity=ON (UsedSparsity=0.6) | Clusters=OFF (UsedClusters=-) | EnvSparsityCfg={'Conv': 0.6, 'Linear': 0.6, 'Bias': 0.0, 'BatchNorm': 0.0} | EnvNClusters=3
[2026-01-26 17:26:27,919] [INFO] [TRAIN] Epoch 4 Loss: 0.1133
[2026-01-26 17:27:07,112] [INFO] Model initialized on device: cuda:0
[2026-01-26 17:27:07,112] [INFO] [CLIENT INIT] Mode=SH | Sparsity=ON (UsedSparsity=0.6) | Clusters=OFF (UsedClusters=-) | EnvSparsityCfg={'Conv': 0.6, 'Linear': 0.6, 'Bias': 0.0, 'BatchNorm': 0.0} | EnvNClusters=3
[2026-01-26 17:27:10,917] [INFO] Model initialized on device: cuda:0
[2026-01-26 17:27:10,917] [INFO] [CLIENT INIT] Mode=SH | Sparsity=ON (UsedSparsity=0.6) | Clusters=OFF (UsedClusters=-) | EnvSparsityCfg={'Conv': 0.6, 'Linear': 0.6, 'Bias': 0.0, 'BatchNorm': 0.0} | EnvNClusters=3
[2026-01-26 17:27:13,538] [INFO] Model initialized on device: cuda:0
[2026-01-26 17:27:13,538] [INFO] [CLIENT INIT] Mode=SH | Sparsity=ON (UsedSparsity=0.6) | Clusters=OFF (UsedClusters=-) | EnvSparsityCfg={'Conv': 0.6, 'Linear': 0.6, 'Bias': 0.0, 'BatchNorm': 0.0} | EnvNClusters=3
[2026-01-26 17:27:14,520] [INFO] Model initialized on device: cuda:0
[2026-01-26 17:27:14,520] [INFO] Model initialized on device: cuda:0
[2026-01-26 17:27:14,520] [INFO] [CLIENT INIT] Mode=SH | Sparsity=ON (UsedSparsity=0.6) | Clusters=OFF (UsedClusters=-) | EnvSparsityCfg={'Conv': 0.6, 'Linear': 0.6, 'Bias': 0.0, 'BatchNorm': 0.0} | EnvNClusters=3
[2026-01-26 17:27:14,521] [INFO] [CLIENT INIT] Mode=SH | Sparsity=ON (UsedSparsity=0.6) | Clusters=OFF (UsedClusters=-) | EnvSparsityCfg={'Conv': 0.6, 'Linear': 0.6, 'Bias': 0.0, 'BatchNorm': 0.0} | EnvNClusters=3
[2026-01-26 17:27:14,521] [INFO] Model initialized on device: cuda:0
[2026-01-26 17:27:14,521] [INFO] [CLIENT INIT] Mode=SH | Sparsity=ON (UsedSparsity=0.6) | Clusters=OFF (UsedClusters=-) | EnvSparsityCfg={'Conv': 0.6, 'Linear': 0.6, 'Bias': 0.0, 'BatchNorm': 0.0} | EnvNClusters=3
[2026-01-26 17:27:14,532] [INFO] Model initialized on device: cuda:0
[2026-01-26 17:27:14,532] [INFO] Model initialized on device: cuda:0
[2026-01-26 17:27:14,532] [INFO] [CLIENT INIT] Mode=SH | Sparsity=ON (UsedSparsity=0.6) | Clusters=OFF (UsedClusters=-) | EnvSparsityCfg={'Conv': 0.6, 'Linear': 0.6, 'Bias': 0.0, 'BatchNorm': 0.0} | EnvNClusters=3
[2026-01-26 17:27:14,532] [INFO] [CLIENT INIT] Mode=SH | Sparsity=ON (UsedSparsity=0.6) | Clusters=OFF (UsedClusters=-) | EnvSparsityCfg={'Conv': 0.6, 'Linear': 0.6, 'Bias': 0.0, 'BatchNorm': 0.0} | EnvNClusters=3
[2026-01-26 17:27:14,532] [INFO] Model initialized on device: cuda:0
[2026-01-26 17:27:14,532] [INFO] [CLIENT INIT] Mode=SH | Sparsity=ON (UsedSparsity=0.6) | Clusters=OFF (UsedClusters=-) | EnvSparsityCfg={'Conv': 0.6, 'Linear': 0.6, 'Bias': 0.0, 'BatchNorm': 0.0} | EnvNClusters=3
[2026-01-26 17:27:14,542] [INFO] Model initialized on device: cuda:0
[2026-01-26 17:27:14,543] [INFO] [CLIENT INIT] Mode=SH | Sparsity=ON (UsedSparsity=0.6) | Clusters=OFF (UsedClusters=-) | EnvSparsityCfg={'Conv': 0.6, 'Linear': 0.6, 'Bias': 0.0, 'BatchNorm': 0.0} | EnvNClusters=3
[2026-01-26 17:28:54,715] [INFO] [TRAIN] Epoch 5 Loss: 0.1111
[2026-01-26 17:28:54,716] [INFO] [FIT] Local training finished. Avg Loss: 0.1186
[2026-01-26 17:29:31,433] [INFO] Model initialized on device: cuda:0
[2026-01-26 17:29:31,433] [INFO] [CLIENT INIT] Mode=SH | Sparsity=ON (UsedSparsity=0.6) | Clusters=OFF (UsedClusters=-) | EnvSparsityCfg={'Conv': 0.6, 'Linear': 0.6, 'Bias': 0.0, 'BatchNorm': 0.0} | EnvNClusters=3
[2026-01-26 17:29:38,317] [INFO] Model initialized on device: cuda:0
[2026-01-26 17:29:38,317] [INFO] [CLIENT INIT] Mode=SH | Sparsity=ON (UsedSparsity=0.6) | Clusters=OFF (UsedClusters=-) | EnvSparsityCfg={'Conv': 0.6, 'Linear': 0.6, 'Bias': 0.0, 'BatchNorm': 0.0} | EnvNClusters=3
[2026-01-26 17:29:38,621] [INFO] Model initialized on device: cuda:0
[2026-01-26 17:29:38,622] [INFO] [CLIENT INIT] Mode=SH | Sparsity=ON (UsedSparsity=0.6) | Clusters=OFF (UsedClusters=-) | EnvSparsityCfg={'Conv': 0.6, 'Linear': 0.6, 'Bias': 0.0, 'BatchNorm': 0.0} | EnvNClusters=3
[2026-01-26 17:29:38,940] [INFO] Model initialized on device: cuda:0
[2026-01-26 17:29:38,941] [INFO] [CLIENT INIT] Mode=SH | Sparsity=ON (UsedSparsity=0.6) | Clusters=OFF (UsedClusters=-) | EnvSparsityCfg={'Conv': 0.6, 'Linear': 0.6, 'Bias': 0.0, 'BatchNorm': 0.0} | EnvNClusters=3
[2026-01-26 17:29:38,943] [INFO] Model initialized on device: cuda:0
[2026-01-26 17:29:38,943] [INFO] [CLIENT INIT] Mode=SH | Sparsity=ON (UsedSparsity=0.6) | Clusters=OFF (UsedClusters=-) | EnvSparsityCfg={'Conv': 0.6, 'Linear': 0.6, 'Bias': 0.0, 'BatchNorm': 0.0} | EnvNClusters=3
[2026-01-26 17:29:39,638] [INFO] Model initialized on device: cuda:0
[2026-01-26 17:29:39,638] [INFO] [CLIENT INIT] Mode=SH | Sparsity=ON (UsedSparsity=0.6) | Clusters=OFF (UsedClusters=-) | EnvSparsityCfg={'Conv': 0.6, 'Linear': 0.6, 'Bias': 0.0, 'BatchNorm': 0.0} | EnvNClusters=3
[2026-01-26 17:29:40,024] [INFO] Model initialized on device: cuda:0
[2026-01-26 17:29:40,024] [INFO] [CLIENT INIT] Mode=SH | Sparsity=ON (UsedSparsity=0.6) | Clusters=OFF (UsedClusters=-) | EnvSparsityCfg={'Conv': 0.6, 'Linear': 0.6, 'Bias': 0.0, 'BatchNorm': 0.0} | EnvNClusters=3
[2026-01-26 17:29:40,124] [INFO] Model initialized on device: cuda:0
[2026-01-26 17:29:40,125] [INFO] [CLIENT INIT] Mode=SH | Sparsity=ON (UsedSparsity=0.6) | Clusters=OFF (UsedClusters=-) | EnvSparsityCfg={'Conv': 0.6, 'Linear': 0.6, 'Bias': 0.0, 'BatchNorm': 0.0} | EnvNClusters=3
[2026-01-26 17:29:40,137] [INFO] Model initialized on device: cuda:0
[2026-01-26 17:29:40,138] [INFO] [CLIENT INIT] Mode=SH | Sparsity=ON (UsedSparsity=0.6) | Clusters=OFF (UsedClusters=-) | EnvSparsityCfg={'Conv': 0.6, 'Linear': 0.6, 'Bias': 0.0, 'BatchNorm': 0.0} | EnvNClusters=3
[2026-01-26 17:29:40,215] [INFO] Model initialized on device: cuda:0
[2026-01-26 17:29:40,215] [INFO] [CLIENT INIT] Mode=SH | Sparsity=ON (UsedSparsity=0.6) | Clusters=OFF (UsedClusters=-) | EnvSparsityCfg={'Conv': 0.6, 'Linear': 0.6, 'Bias': 0.0, 'BatchNorm': 0.0} | EnvNClusters=3
[2026-01-26 17:29:48,252] [DEBUG] [TEST] Batch 1 | Pred shape: torch.Size([256, 256, 160]) | Label shape: torch.Size([256, 256, 160])
[2026-01-26 17:29:48,653] [DEBUG] [TEST] Batch 2 | Pred shape: torch.Size([256, 256, 160]) | Label shape: torch.Size([256, 256, 160])
[2026-01-26 17:29:49,011] [DEBUG] [TEST] Batch 3 | Pred shape: torch.Size([256, 256, 160]) | Label shape: torch.Size([256, 256, 160])
[2026-01-26 17:29:49,313] [DEBUG] [TEST] Batch 4 | Pred shape: torch.Size([256, 256, 160]) | Label shape: torch.Size([256, 256, 160])
[2026-01-26 17:29:49,612] [DEBUG] [TEST] Batch 5 | Pred shape: torch.Size([256, 256, 160]) | Label shape: torch.Size([256, 256, 160])
[2026-01-26 17:29:49,912] [DEBUG] [TEST] Batch 6 | Pred shape: torch.Size([256, 256, 160]) | Label shape: torch.Size([256, 256, 160])
[2026-01-26 17:29:50,110] [DEBUG] [TEST] Batch 7 | Pred shape: torch.Size([256, 256, 160]) | Label shape: torch.Size([256, 256, 160])
[2026-01-26 17:29:50,311] [DEBUG] [TEST] Batch 8 | Pred shape: torch.Size([256, 256, 160]) | Label shape: torch.Size([256, 256, 160])
[2026-01-26 17:29:50,416] [DEBUG] [TEST] Batch 9 | Pred shape: torch.Size([256, 256, 160]) | Label shape: torch.Size([256, 256, 160])
[2026-01-26 17:29:50,536] [DEBUG] [TEST] Batch 10 | Pred shape: torch.Size([256, 256, 160]) | Label shape: torch.Size([256, 256, 160])
[2026-01-26 17:29:51,715] [DEBUG] [TEST] Batch 11 | Pred shape: torch.Size([256, 256, 160]) | Label shape: torch.Size([256, 256, 160])
[2026-01-26 17:29:51,816] [DEBUG] [TEST] Batch 12 | Pred shape: torch.Size([256, 256, 160]) | Label shape: torch.Size([256, 256, 160])
[2026-01-26 17:29:51,915] [DEBUG] [TEST] Batch 13 | Pred shape: torch.Size([256, 256, 160]) | Label shape: torch.Size([256, 256, 160])
[2026-01-26 17:29:52,169] [DEBUG] [TEST] Batch 14 | Pred shape: torch.Size([256, 256, 160]) | Label shape: torch.Size([256, 256, 160])
[2026-01-26 17:29:52,257] [DEBUG] [TEST] Batch 15 | Pred shape: torch.Size([256, 256, 160]) | Label shape: torch.Size([256, 256, 160])
[2026-01-26 17:29:52,358] [DEBUG] [TEST] Batch 16 | Pred shape: torch.Size([256, 256, 160]) | Label shape: torch.Size([256, 256, 160])
[2026-01-26 17:29:58,307] [INFO] [FIT] Final model saved to: Revision2/Run_UNET_NonIID_SH_20260126/Client3/model_final.pth
[2026-01-26 17:31:10,407] [INFO] [COMM][CLIENT] Round=-1 Mode=SH UsedSparsity=0.6 UsedClusters=- BaselineBits=154016352.0 CompressedBits=164297643.1 CR=0.937
[2026-01-26 17:39:16,885] [INFO] [EVALUATE] Starting evaluation...
[2026-01-26 17:39:18,831] [INFO] [DEBUG] Loaded compressed decoded weights.
[2026-01-26 17:40:23,287] [INFO] Model initialized on device: cuda:0
[2026-01-26 17:40:23,287] [INFO] [CLIENT INIT] Mode=SH | Sparsity=ON (UsedSparsity=0.6) | Clusters=OFF (UsedClusters=-) | EnvSparsityCfg={'Conv': 0.6, 'Linear': 0.6, 'Bias': 0.0, 'BatchNorm': 0.0} | EnvNClusters=3
[2026-01-26 17:40:25,418] [INFO] Model initialized on device: cuda:0
[2026-01-26 17:40:25,418] [INFO] [CLIENT INIT] Mode=SH | Sparsity=ON (UsedSparsity=0.6) | Clusters=OFF (UsedClusters=-) | EnvSparsityCfg={'Conv': 0.6, 'Linear': 0.6, 'Bias': 0.0, 'BatchNorm': 0.0} | EnvNClusters=3
[2026-01-26 17:40:25,521] [INFO] Model initialized on device: cuda:0
[2026-01-26 17:40:25,521] [INFO] [CLIENT INIT] Mode=SH | Sparsity=ON (UsedSparsity=0.6) | Clusters=OFF (UsedClusters=-) | EnvSparsityCfg={'Conv': 0.6, 'Linear': 0.6, 'Bias': 0.0, 'BatchNorm': 0.0} | EnvNClusters=3
[2026-01-26 17:40:26,440] [INFO] Model initialized on device: cuda:0
[2026-01-26 17:40:26,440] [INFO] [CLIENT INIT] Mode=SH | Sparsity=ON (UsedSparsity=0.6) | Clusters=OFF (UsedClusters=-) | EnvSparsityCfg={'Conv': 0.6, 'Linear': 0.6, 'Bias': 0.0, 'BatchNorm': 0.0} | EnvNClusters=3
[2026-01-26 17:40:26,817] [INFO] Model initialized on device: cuda:0
[2026-01-26 17:40:26,817] [INFO] [CLIENT INIT] Mode=SH | Sparsity=ON (UsedSparsity=0.6) | Clusters=OFF (UsedClusters=-) | EnvSparsityCfg={'Conv': 0.6, 'Linear': 0.6, 'Bias': 0.0, 'BatchNorm': 0.0} | EnvNClusters=3
[2026-01-26 17:40:27,141] [INFO] Model initialized on device: cuda:0
[2026-01-26 17:40:27,141] [INFO] [CLIENT INIT] Mode=SH | Sparsity=ON (UsedSparsity=0.6) | Clusters=OFF (UsedClusters=-) | EnvSparsityCfg={'Conv': 0.6, 'Linear': 0.6, 'Bias': 0.0, 'BatchNorm': 0.0} | EnvNClusters=3
[2026-01-26 17:40:27,210] [INFO] Model initialized on device: cuda:0
[2026-01-26 17:40:27,210] [INFO] [CLIENT INIT] Mode=SH | Sparsity=ON (UsedSparsity=0.6) | Clusters=OFF (UsedClusters=-) | EnvSparsityCfg={'Conv': 0.6, 'Linear': 0.6, 'Bias': 0.0, 'BatchNorm': 0.0} | EnvNClusters=3
[2026-01-26 17:40:27,211] [INFO] Model initialized on device: cuda:0
[2026-01-26 17:40:27,212] [INFO] [CLIENT INIT] Mode=SH | Sparsity=ON (UsedSparsity=0.6) | Clusters=OFF (UsedClusters=-) | EnvSparsityCfg={'Conv': 0.6, 'Linear': 0.6, 'Bias': 0.0, 'BatchNorm': 0.0} | EnvNClusters=3
[2026-01-26 17:40:27,310] [INFO] Model initialized on device: cuda:0
[2026-01-26 17:40:27,310] [INFO] [CLIENT INIT] Mode=SH | Sparsity=ON (UsedSparsity=0.6) | Clusters=OFF (UsedClusters=-) | EnvSparsityCfg={'Conv': 0.6, 'Linear': 0.6, 'Bias': 0.0, 'BatchNorm': 0.0} | EnvNClusters=3
[2026-01-26 17:40:27,330] [INFO] Model initialized on device: cuda:0
[2026-01-26 17:40:27,330] [INFO] [CLIENT INIT] Mode=SH | Sparsity=ON (UsedSparsity=0.6) | Clusters=OFF (UsedClusters=-) | EnvSparsityCfg={'Conv': 0.6, 'Linear': 0.6, 'Bias': 0.0, 'BatchNorm': 0.0} | EnvNClusters=3
[2026-01-26 17:40:33,654] [DEBUG] [TEST] Batch 1 | Pred shape: torch.Size([256, 256, 160]) | Label shape: torch.Size([256, 256, 160])
[2026-01-26 17:40:35,651] [DEBUG] [TEST] Batch 2 | Pred shape: torch.Size([256, 256, 160]) | Label shape: torch.Size([256, 256, 160])
[2026-01-26 17:40:35,911] [DEBUG] [TEST] Batch 3 | Pred shape: torch.Size([256, 256, 160]) | Label shape: torch.Size([256, 256, 160])
[2026-01-26 17:40:36,123] [DEBUG] [TEST] Batch 4 | Pred shape: torch.Size([256, 256, 160]) | Label shape: torch.Size([256, 256, 160])
[2026-01-26 17:40:36,321] [DEBUG] [TEST] Batch 5 | Pred shape: torch.Size([256, 256, 160]) | Label shape: torch.Size([256, 256, 160])
[2026-01-26 17:40:36,528] [DEBUG] [TEST] Batch 6 | Pred shape: torch.Size([256, 256, 160]) | Label shape: torch.Size([256, 256, 160])
[2026-01-26 17:40:36,719] [DEBUG] [TEST] Batch 7 | Pred shape: torch.Size([256, 256, 160]) | Label shape: torch.Size([256, 256, 160])
[2026-01-26 17:40:36,838] [DEBUG] [TEST] Batch 8 | Pred shape: torch.Size([256, 256, 160]) | Label shape: torch.Size([256, 256, 160])
[2026-01-26 17:40:37,022] [DEBUG] [TEST] Batch 9 | Pred shape: torch.Size([256, 256, 160]) | Label shape: torch.Size([256, 256, 160])
[2026-01-26 17:40:37,143] [DEBUG] [TEST] Batch 10 | Pred shape: torch.Size([256, 256, 160]) | Label shape: torch.Size([256, 256, 160])
[2026-01-26 17:40:38,723] [DEBUG] [TEST] Batch 11 | Pred shape: torch.Size([256, 256, 160]) | Label shape: torch.Size([256, 256, 160])
[2026-01-26 17:40:40,115] [DEBUG] [TEST] Batch 12 | Pred shape: torch.Size([256, 256, 160]) | Label shape: torch.Size([256, 256, 160])
[2026-01-26 17:40:40,226] [DEBUG] [TEST] Batch 13 | Pred shape: torch.Size([256, 256, 160]) | Label shape: torch.Size([256, 256, 160])
[2026-01-26 17:40:40,350] [DEBUG] [TEST] Batch 14 | Pred shape: torch.Size([256, 256, 160]) | Label shape: torch.Size([256, 256, 160])
[2026-01-26 17:40:40,620] [DEBUG] [TEST] Batch 15 | Pred shape: torch.Size([256, 256, 160]) | Label shape: torch.Size([256, 256, 160])
[2026-01-26 17:40:40,820] [DEBUG] [TEST] Batch 16 | Pred shape: torch.Size([256, 256, 160]) | Label shape: torch.Size([256, 256, 160])
[2026-01-26 17:40:47,869] [INFO] [EVALUATE] Dice WT: 1.0000
[2026-01-26 17:41:02,496] [INFO] [FIT] Received parameters. Starting local training...
[2026-01-26 17:41:05,719] [INFO] [DEBUG] Loaded compressed decoded weights.
[2026-01-26 17:42:06,829] [INFO] Model initialized on device: cuda:0
[2026-01-26 17:42:06,829] [INFO] [CLIENT INIT] Mode=SH | Sparsity=ON (UsedSparsity=0.6) | Clusters=OFF (UsedClusters=-) | EnvSparsityCfg={'Conv': 0.6, 'Linear': 0.6, 'Bias': 0.0, 'BatchNorm': 0.0} | EnvNClusters=3
[2026-01-26 17:42:07,332] [INFO] Model initialized on device: cuda:0
[2026-01-26 17:42:07,332] [INFO] [CLIENT INIT] Mode=SH | Sparsity=ON (UsedSparsity=0.6) | Clusters=OFF (UsedClusters=-) | EnvSparsityCfg={'Conv': 0.6, 'Linear': 0.6, 'Bias': 0.0, 'BatchNorm': 0.0} | EnvNClusters=3
[2026-01-26 17:42:07,537] [INFO] Model initialized on device: cuda:0
[2026-01-26 17:42:07,537] [INFO] [CLIENT INIT] Mode=SH | Sparsity=ON (UsedSparsity=0.6) | Clusters=OFF (UsedClusters=-) | EnvSparsityCfg={'Conv': 0.6, 'Linear': 0.6, 'Bias': 0.0, 'BatchNorm': 0.0} | EnvNClusters=3
[2026-01-26 17:42:07,783] [INFO] Model initialized on device: cuda:0
[2026-01-26 17:42:07,784] [INFO] [CLIENT INIT] Mode=SH | Sparsity=ON (UsedSparsity=0.6) | Clusters=OFF (UsedClusters=-) | EnvSparsityCfg={'Conv': 0.6, 'Linear': 0.6, 'Bias': 0.0, 'BatchNorm': 0.0} | EnvNClusters=3
[2026-01-26 17:42:07,820] [INFO] Model initialized on device: cuda:0
[2026-01-26 17:42:07,820] [INFO] [CLIENT INIT] Mode=SH | Sparsity=ON (UsedSparsity=0.6) | Clusters=OFF (UsedClusters=-) | EnvSparsityCfg={'Conv': 0.6, 'Linear': 0.6, 'Bias': 0.0, 'BatchNorm': 0.0} | EnvNClusters=3
[2026-01-26 17:42:07,833] [INFO] Model initialized on device: cuda:0
[2026-01-26 17:42:07,833] [INFO] [CLIENT INIT] Mode=SH | Sparsity=ON (UsedSparsity=0.6) | Clusters=OFF (UsedClusters=-) | EnvSparsityCfg={'Conv': 0.6, 'Linear': 0.6, 'Bias': 0.0, 'BatchNorm': 0.0} | EnvNClusters=3
[2026-01-26 17:42:07,914] [INFO] Model initialized on device: cuda:0
[2026-01-26 17:42:07,915] [INFO] [CLIENT INIT] Mode=SH | Sparsity=ON (UsedSparsity=0.6) | Clusters=OFF (UsedClusters=-) | EnvSparsityCfg={'Conv': 0.6, 'Linear': 0.6, 'Bias': 0.0, 'BatchNorm': 0.0} | EnvNClusters=3
[2026-01-26 17:42:08,036] [INFO] Model initialized on device: cuda:0
[2026-01-26 17:42:08,036] [INFO] [CLIENT INIT] Mode=SH | Sparsity=ON (UsedSparsity=0.6) | Clusters=OFF (UsedClusters=-) | EnvSparsityCfg={'Conv': 0.6, 'Linear': 0.6, 'Bias': 0.0, 'BatchNorm': 0.0} | EnvNClusters=3
[2026-01-26 17:42:08,166] [INFO] Model initialized on device: cuda:0
[2026-01-26 17:42:08,166] [INFO] [CLIENT INIT] Mode=SH | Sparsity=ON (UsedSparsity=0.6) | Clusters=OFF (UsedClusters=-) | EnvSparsityCfg={'Conv': 0.6, 'Linear': 0.6, 'Bias': 0.0, 'BatchNorm': 0.0} | EnvNClusters=3
[2026-01-26 17:42:08,221] [INFO] Model initialized on device: cuda:0
[2026-01-26 17:42:08,221] [INFO] [CLIENT INIT] Mode=SH | Sparsity=ON (UsedSparsity=0.6) | Clusters=OFF (UsedClusters=-) | EnvSparsityCfg={'Conv': 0.6, 'Linear': 0.6, 'Bias': 0.0, 'BatchNorm': 0.0} | EnvNClusters=3
[2026-01-26 17:43:57,711] [INFO] [TRAIN] Epoch 1 Loss: 0.1180
[2026-01-26 17:44:59,923] [INFO] Model initialized on device: cuda:0
[2026-01-26 17:44:59,923] [INFO] [CLIENT INIT] Mode=SH | Sparsity=ON (UsedSparsity=0.6) | Clusters=OFF (UsedClusters=-) | EnvSparsityCfg={'Conv': 0.6, 'Linear': 0.6, 'Bias': 0.0, 'BatchNorm': 0.0} | EnvNClusters=3
[2026-01-26 17:44:59,950] [INFO] Model initialized on device: cuda:0
[2026-01-26 17:44:59,951] [INFO] [CLIENT INIT] Mode=SH | Sparsity=ON (UsedSparsity=0.6) | Clusters=OFF (UsedClusters=-) | EnvSparsityCfg={'Conv': 0.6, 'Linear': 0.6, 'Bias': 0.0, 'BatchNorm': 0.0} | EnvNClusters=3
[2026-01-26 17:45:00,533] [INFO] Model initialized on device: cuda:0
[2026-01-26 17:45:00,533] [INFO] [CLIENT INIT] Mode=SH | Sparsity=ON (UsedSparsity=0.6) | Clusters=OFF (UsedClusters=-) | EnvSparsityCfg={'Conv': 0.6, 'Linear': 0.6, 'Bias': 0.0, 'BatchNorm': 0.0} | EnvNClusters=3
[2026-01-26 17:45:00,617] [INFO] Model initialized on device: cuda:0
[2026-01-26 17:45:00,617] [INFO] [CLIENT INIT] Mode=SH | Sparsity=ON (UsedSparsity=0.6) | Clusters=OFF (UsedClusters=-) | EnvSparsityCfg={'Conv': 0.6, 'Linear': 0.6, 'Bias': 0.0, 'BatchNorm': 0.0} | EnvNClusters=3
[2026-01-26 17:45:00,730] [INFO] Model initialized on device: cuda:0
[2026-01-26 17:45:00,730] [INFO] [CLIENT INIT] Mode=SH | Sparsity=ON (UsedSparsity=0.6) | Clusters=OFF (UsedClusters=-) | EnvSparsityCfg={'Conv': 0.6, 'Linear': 0.6, 'Bias': 0.0, 'BatchNorm': 0.0} | EnvNClusters=3
[2026-01-26 17:45:01,024] [INFO] Model initialized on device: cuda:0
[2026-01-26 17:45:01,025] [INFO] [CLIENT INIT] Mode=SH | Sparsity=ON (UsedSparsity=0.6) | Clusters=OFF (UsedClusters=-) | EnvSparsityCfg={'Conv': 0.6, 'Linear': 0.6, 'Bias': 0.0, 'BatchNorm': 0.0} | EnvNClusters=3
[2026-01-26 17:45:01,629] [INFO] Model initialized on device: cuda:0
[2026-01-26 17:45:01,630] [INFO] [CLIENT INIT] Mode=SH | Sparsity=ON (UsedSparsity=0.6) | Clusters=OFF (UsedClusters=-) | EnvSparsityCfg={'Conv': 0.6, 'Linear': 0.6, 'Bias': 0.0, 'BatchNorm': 0.0} | EnvNClusters=3
[2026-01-26 17:45:02,111] [INFO] Model initialized on device: cuda:0
[2026-01-26 17:45:02,111] [INFO] Model initialized on device: cuda:0
[2026-01-26 17:45:02,112] [INFO] [CLIENT INIT] Mode=SH | Sparsity=ON (UsedSparsity=0.6) | Clusters=OFF (UsedClusters=-) | EnvSparsityCfg={'Conv': 0.6, 'Linear': 0.6, 'Bias': 0.0, 'BatchNorm': 0.0} | EnvNClusters=3
[2026-01-26 17:45:02,112] [INFO] [CLIENT INIT] Mode=SH | Sparsity=ON (UsedSparsity=0.6) | Clusters=OFF (UsedClusters=-) | EnvSparsityCfg={'Conv': 0.6, 'Linear': 0.6, 'Bias': 0.0, 'BatchNorm': 0.0} | EnvNClusters=3
[2026-01-26 17:45:02,114] [INFO] Model initialized on device: cuda:0
[2026-01-26 17:45:02,115] [INFO] [CLIENT INIT] Mode=SH | Sparsity=ON (UsedSparsity=0.6) | Clusters=OFF (UsedClusters=-) | EnvSparsityCfg={'Conv': 0.6, 'Linear': 0.6, 'Bias': 0.0, 'BatchNorm': 0.0} | EnvNClusters=3
[2026-01-26 17:46:43,881] [INFO] [TRAIN] Epoch 2 Loss: 0.1134
[2026-01-26 17:47:32,012] [INFO] Model initialized on device: cuda:0
[2026-01-26 17:47:32,012] [INFO] [CLIENT INIT] Mode=SH | Sparsity=ON (UsedSparsity=0.6) | Clusters=OFF (UsedClusters=-) | EnvSparsityCfg={'Conv': 0.6, 'Linear': 0.6, 'Bias': 0.0, 'BatchNorm': 0.0} | EnvNClusters=3
[2026-01-26 17:47:32,025] [INFO] Model initialized on device: cuda:0
[2026-01-26 17:47:32,025] [INFO] [CLIENT INIT] Mode=SH | Sparsity=ON (UsedSparsity=0.6) | Clusters=OFF (UsedClusters=-) | EnvSparsityCfg={'Conv': 0.6, 'Linear': 0.6, 'Bias': 0.0, 'BatchNorm': 0.0} | EnvNClusters=3
[2026-01-26 17:47:32,029] [INFO] Model initialized on device: cuda:0
[2026-01-26 17:47:32,030] [INFO] [CLIENT INIT] Mode=SH | Sparsity=ON (UsedSparsity=0.6) | Clusters=OFF (UsedClusters=-) | EnvSparsityCfg={'Conv': 0.6, 'Linear': 0.6, 'Bias': 0.0, 'BatchNorm': 0.0} | EnvNClusters=3
[2026-01-26 17:47:32,033] [INFO] Model initialized on device: cuda:0
[2026-01-26 17:47:32,033] [INFO] [CLIENT INIT] Mode=SH | Sparsity=ON (UsedSparsity=0.6) | Clusters=OFF (UsedClusters=-) | EnvSparsityCfg={'Conv': 0.6, 'Linear': 0.6, 'Bias': 0.0, 'BatchNorm': 0.0} | EnvNClusters=3
[2026-01-26 17:47:32,040] [INFO] Model initialized on device: cuda:0
[2026-01-26 17:47:32,040] [INFO] [CLIENT INIT] Mode=SH | Sparsity=ON (UsedSparsity=0.6) | Clusters=OFF (UsedClusters=-) | EnvSparsityCfg={'Conv': 0.6, 'Linear': 0.6, 'Bias': 0.0, 'BatchNorm': 0.0} | EnvNClusters=3
[2026-01-26 17:47:32,227] [INFO] Model initialized on device: cuda:0
[2026-01-26 17:47:32,227] [INFO] [CLIENT INIT] Mode=SH | Sparsity=ON (UsedSparsity=0.6) | Clusters=OFF (UsedClusters=-) | EnvSparsityCfg={'Conv': 0.6, 'Linear': 0.6, 'Bias': 0.0, 'BatchNorm': 0.0} | EnvNClusters=3
[2026-01-26 17:47:32,229] [INFO] Model initialized on device: cuda:0
[2026-01-26 17:47:32,229] [INFO] [CLIENT INIT] Mode=SH | Sparsity=ON (UsedSparsity=0.6) | Clusters=OFF (UsedClusters=-) | EnvSparsityCfg={'Conv': 0.6, 'Linear': 0.6, 'Bias': 0.0, 'BatchNorm': 0.0} | EnvNClusters=3
[2026-01-26 17:47:32,317] [INFO] Model initialized on device: cuda:0
[2026-01-26 17:47:32,317] [INFO] [CLIENT INIT] Mode=SH | Sparsity=ON (UsedSparsity=0.6) | Clusters=OFF (UsedClusters=-) | EnvSparsityCfg={'Conv': 0.6, 'Linear': 0.6, 'Bias': 0.0, 'BatchNorm': 0.0} | EnvNClusters=3
[2026-01-26 17:47:32,319] [INFO] Model initialized on device: cuda:0
[2026-01-26 17:47:32,319] [INFO] [CLIENT INIT] Mode=SH | Sparsity=ON (UsedSparsity=0.6) | Clusters=OFF (UsedClusters=-) | EnvSparsityCfg={'Conv': 0.6, 'Linear': 0.6, 'Bias': 0.0, 'BatchNorm': 0.0} | EnvNClusters=3
[2026-01-26 17:47:32,320] [INFO] Model initialized on device: cuda:0
[2026-01-26 17:47:32,320] [INFO] [CLIENT INIT] Mode=SH | Sparsity=ON (UsedSparsity=0.6) | Clusters=OFF (UsedClusters=-) | EnvSparsityCfg={'Conv': 0.6, 'Linear': 0.6, 'Bias': 0.0, 'BatchNorm': 0.0} | EnvNClusters=3
[2026-01-26 17:49:20,244] [INFO] [TRAIN] Epoch 3 Loss: 0.1214
[2026-01-26 17:49:55,809] [INFO] Model initialized on device: cuda:0
[2026-01-26 17:49:55,809] [INFO] [CLIENT INIT] Mode=SH | Sparsity=ON (UsedSparsity=0.6) | Clusters=OFF (UsedClusters=-) | EnvSparsityCfg={'Conv': 0.6, 'Linear': 0.6, 'Bias': 0.0, 'BatchNorm': 0.0} | EnvNClusters=3
[2026-01-26 17:49:56,415] [INFO] Model initialized on device: cuda:0
[2026-01-26 17:49:56,415] [INFO] [CLIENT INIT] Mode=SH | Sparsity=ON (UsedSparsity=0.6) | Clusters=OFF (UsedClusters=-) | EnvSparsityCfg={'Conv': 0.6, 'Linear': 0.6, 'Bias': 0.0, 'BatchNorm': 0.0} | EnvNClusters=3
[2026-01-26 17:49:58,941] [INFO] Model initialized on device: cuda:0
[2026-01-26 17:49:58,941] [INFO] [CLIENT INIT] Mode=SH | Sparsity=ON (UsedSparsity=0.6) | Clusters=OFF (UsedClusters=-) | EnvSparsityCfg={'Conv': 0.6, 'Linear': 0.6, 'Bias': 0.0, 'BatchNorm': 0.0} | EnvNClusters=3
[2026-01-26 17:50:04,115] [INFO] Model initialized on device: cuda:0
[2026-01-26 17:50:04,116] [INFO] [CLIENT INIT] Mode=SH | Sparsity=ON (UsedSparsity=0.6) | Clusters=OFF (UsedClusters=-) | EnvSparsityCfg={'Conv': 0.6, 'Linear': 0.6, 'Bias': 0.0, 'BatchNorm': 0.0} | EnvNClusters=3
[2026-01-26 17:50:05,514] [INFO] Model initialized on device: cuda:0
[2026-01-26 17:50:05,516] [INFO] [CLIENT INIT] Mode=SH | Sparsity=ON (UsedSparsity=0.6) | Clusters=OFF (UsedClusters=-) | EnvSparsityCfg={'Conv': 0.6, 'Linear': 0.6, 'Bias': 0.0, 'BatchNorm': 0.0} | EnvNClusters=3
[2026-01-26 17:50:05,636] [INFO] Model initialized on device: cuda:0
[2026-01-26 17:50:05,636] [INFO] [CLIENT INIT] Mode=SH | Sparsity=ON (UsedSparsity=0.6) | Clusters=OFF (UsedClusters=-) | EnvSparsityCfg={'Conv': 0.6, 'Linear': 0.6, 'Bias': 0.0, 'BatchNorm': 0.0} | EnvNClusters=3
[2026-01-26 17:50:05,833] [INFO] Model initialized on device: cuda:0
[2026-01-26 17:50:05,834] [INFO] [CLIENT INIT] Mode=SH | Sparsity=ON (UsedSparsity=0.6) | Clusters=OFF (UsedClusters=-) | EnvSparsityCfg={'Conv': 0.6, 'Linear': 0.6, 'Bias': 0.0, 'BatchNorm': 0.0} | EnvNClusters=3
[2026-01-26 17:50:05,914] [INFO] Model initialized on device: cuda:0
[2026-01-26 17:50:05,914] [INFO] [CLIENT INIT] Mode=SH | Sparsity=ON (UsedSparsity=0.6) | Clusters=OFF (UsedClusters=-) | EnvSparsityCfg={'Conv': 0.6, 'Linear': 0.6, 'Bias': 0.0, 'BatchNorm': 0.0} | EnvNClusters=3
[2026-01-26 17:50:05,925] [INFO] Model initialized on device: cuda:0
[2026-01-26 17:50:05,925] [INFO] Model initialized on device: cuda:0
[2026-01-26 17:50:05,925] [INFO] [CLIENT INIT] Mode=SH | Sparsity=ON (UsedSparsity=0.6) | Clusters=OFF (UsedClusters=-) | EnvSparsityCfg={'Conv': 0.6, 'Linear': 0.6, 'Bias': 0.0, 'BatchNorm': 0.0} | EnvNClusters=3
[2026-01-26 17:50:05,925] [INFO] [CLIENT INIT] Mode=SH | Sparsity=ON (UsedSparsity=0.6) | Clusters=OFF (UsedClusters=-) | EnvSparsityCfg={'Conv': 0.6, 'Linear': 0.6, 'Bias': 0.0, 'BatchNorm': 0.0} | EnvNClusters=3
[2026-01-26 17:51:42,646] [INFO] [TRAIN] Epoch 4 Loss: 0.1122
[2026-01-26 17:52:28,636] [INFO] Model initialized on device: cuda:0
[2026-01-26 17:52:28,636] [INFO] [CLIENT INIT] Mode=SH | Sparsity=ON (UsedSparsity=0.6) | Clusters=OFF (UsedClusters=-) | EnvSparsityCfg={'Conv': 0.6, 'Linear': 0.6, 'Bias': 0.0, 'BatchNorm': 0.0} | EnvNClusters=3
[2026-01-26 17:52:31,113] [INFO] Model initialized on device: cuda:0
[2026-01-26 17:52:31,113] [INFO] [CLIENT INIT] Mode=SH | Sparsity=ON (UsedSparsity=0.6) | Clusters=OFF (UsedClusters=-) | EnvSparsityCfg={'Conv': 0.6, 'Linear': 0.6, 'Bias': 0.0, 'BatchNorm': 0.0} | EnvNClusters=3
[2026-01-26 17:52:31,429] [INFO] Model initialized on device: cuda:0
[2026-01-26 17:52:31,429] [INFO] [CLIENT INIT] Mode=SH | Sparsity=ON (UsedSparsity=0.6) | Clusters=OFF (UsedClusters=-) | EnvSparsityCfg={'Conv': 0.6, 'Linear': 0.6, 'Bias': 0.0, 'BatchNorm': 0.0} | EnvNClusters=3
[2026-01-26 17:52:31,528] [INFO] Model initialized on device: cuda:0
[2026-01-26 17:52:31,529] [INFO] [CLIENT INIT] Mode=SH | Sparsity=ON (UsedSparsity=0.6) | Clusters=OFF (UsedClusters=-) | EnvSparsityCfg={'Conv': 0.6, 'Linear': 0.6, 'Bias': 0.0, 'BatchNorm': 0.0} | EnvNClusters=3
[2026-01-26 17:52:32,223] [INFO] Model initialized on device: cuda:0
[2026-01-26 17:52:32,223] [INFO] [CLIENT INIT] Mode=SH | Sparsity=ON (UsedSparsity=0.6) | Clusters=OFF (UsedClusters=-) | EnvSparsityCfg={'Conv': 0.6, 'Linear': 0.6, 'Bias': 0.0, 'BatchNorm': 0.0} | EnvNClusters=3
[2026-01-26 17:52:33,033] [INFO] Model initialized on device: cuda:0
[2026-01-26 17:52:33,033] [INFO] [CLIENT INIT] Mode=SH | Sparsity=ON (UsedSparsity=0.6) | Clusters=OFF (UsedClusters=-) | EnvSparsityCfg={'Conv': 0.6, 'Linear': 0.6, 'Bias': 0.0, 'BatchNorm': 0.0} | EnvNClusters=3
[2026-01-26 17:52:33,040] [INFO] Model initialized on device: cuda:0
[2026-01-26 17:52:33,040] [INFO] [CLIENT INIT] Mode=SH | Sparsity=ON (UsedSparsity=0.6) | Clusters=OFF (UsedClusters=-) | EnvSparsityCfg={'Conv': 0.6, 'Linear': 0.6, 'Bias': 0.0, 'BatchNorm': 0.0} | EnvNClusters=3
[2026-01-26 17:52:33,115] [INFO] Model initialized on device: cuda:0
[2026-01-26 17:52:33,116] [INFO] [CLIENT INIT] Mode=SH | Sparsity=ON (UsedSparsity=0.6) | Clusters=OFF (UsedClusters=-) | EnvSparsityCfg={'Conv': 0.6, 'Linear': 0.6, 'Bias': 0.0, 'BatchNorm': 0.0} | EnvNClusters=3
[2026-01-26 17:52:33,119] [INFO] Model initialized on device: cuda:0
[2026-01-26 17:52:33,119] [INFO] [CLIENT INIT] Mode=SH | Sparsity=ON (UsedSparsity=0.6) | Clusters=OFF (UsedClusters=-) | EnvSparsityCfg={'Conv': 0.6, 'Linear': 0.6, 'Bias': 0.0, 'BatchNorm': 0.0} | EnvNClusters=3
[2026-01-26 17:52:33,121] [INFO] Model initialized on device: cuda:0
[2026-01-26 17:52:33,122] [INFO] [CLIENT INIT] Mode=SH | Sparsity=ON (UsedSparsity=0.6) | Clusters=OFF (UsedClusters=-) | EnvSparsityCfg={'Conv': 0.6, 'Linear': 0.6, 'Bias': 0.0, 'BatchNorm': 0.0} | EnvNClusters=3
[2026-01-26 17:54:12,516] [INFO] [TRAIN] Epoch 5 Loss: 0.1125
[2026-01-26 17:54:12,519] [INFO] [FIT] Local training finished. Avg Loss: 0.1155
[2026-01-26 17:54:53,218] [INFO] Model initialized on device: cuda:0
[2026-01-26 17:54:53,218] [INFO] [CLIENT INIT] Mode=SH | Sparsity=ON (UsedSparsity=0.6) | Clusters=OFF (UsedClusters=-) | EnvSparsityCfg={'Conv': 0.6, 'Linear': 0.6, 'Bias': 0.0, 'BatchNorm': 0.0} | EnvNClusters=3
[2026-01-26 17:54:53,219] [INFO] Model initialized on device: cuda:0
[2026-01-26 17:54:53,219] [INFO] [CLIENT INIT] Mode=SH | Sparsity=ON (UsedSparsity=0.6) | Clusters=OFF (UsedClusters=-) | EnvSparsityCfg={'Conv': 0.6, 'Linear': 0.6, 'Bias': 0.0, 'BatchNorm': 0.0} | EnvNClusters=3
[2026-01-26 17:54:53,330] [INFO] Model initialized on device: cuda:0
[2026-01-26 17:54:53,330] [INFO] [CLIENT INIT] Mode=SH | Sparsity=ON (UsedSparsity=0.6) | Clusters=OFF (UsedClusters=-) | EnvSparsityCfg={'Conv': 0.6, 'Linear': 0.6, 'Bias': 0.0, 'BatchNorm': 0.0} | EnvNClusters=3
[2026-01-26 17:54:53,412] [INFO] Model initialized on device: cuda:0
[2026-01-26 17:54:53,413] [INFO] [CLIENT INIT] Mode=SH | Sparsity=ON (UsedSparsity=0.6) | Clusters=OFF (UsedClusters=-) | EnvSparsityCfg={'Conv': 0.6, 'Linear': 0.6, 'Bias': 0.0, 'BatchNorm': 0.0} | EnvNClusters=3
[2026-01-26 17:54:53,414] [INFO] Model initialized on device: cuda:0
[2026-01-26 17:54:53,414] [INFO] [CLIENT INIT] Mode=SH | Sparsity=ON (UsedSparsity=0.6) | Clusters=OFF (UsedClusters=-) | EnvSparsityCfg={'Conv': 0.6, 'Linear': 0.6, 'Bias': 0.0, 'BatchNorm': 0.0} | EnvNClusters=3
[2026-01-26 17:54:53,627] [INFO] Model initialized on device: cuda:0
[2026-01-26 17:54:53,627] [INFO] [CLIENT INIT] Mode=SH | Sparsity=ON (UsedSparsity=0.6) | Clusters=OFF (UsedClusters=-) | EnvSparsityCfg={'Conv': 0.6, 'Linear': 0.6, 'Bias': 0.0, 'BatchNorm': 0.0} | EnvNClusters=3
[2026-01-26 17:54:53,632] [INFO] Model initialized on device: cuda:0
[2026-01-26 17:54:53,632] [INFO] [CLIENT INIT] Mode=SH | Sparsity=ON (UsedSparsity=0.6) | Clusters=OFF (UsedClusters=-) | EnvSparsityCfg={'Conv': 0.6, 'Linear': 0.6, 'Bias': 0.0, 'BatchNorm': 0.0} | EnvNClusters=3
[2026-01-26 17:54:53,634] [INFO] Model initialized on device: cuda:0
[2026-01-26 17:54:53,634] [INFO] [CLIENT INIT] Mode=SH | Sparsity=ON (UsedSparsity=0.6) | Clusters=OFF (UsedClusters=-) | EnvSparsityCfg={'Conv': 0.6, 'Linear': 0.6, 'Bias': 0.0, 'BatchNorm': 0.0} | EnvNClusters=3
[2026-01-26 17:54:53,645] [INFO] Model initialized on device: cuda:0
[2026-01-26 17:54:53,646] [INFO] [CLIENT INIT] Mode=SH | Sparsity=ON (UsedSparsity=0.6) | Clusters=OFF (UsedClusters=-) | EnvSparsityCfg={'Conv': 0.6, 'Linear': 0.6, 'Bias': 0.0, 'BatchNorm': 0.0} | EnvNClusters=3
[2026-01-26 17:54:53,646] [INFO] Model initialized on device: cuda:0
[2026-01-26 17:54:53,646] [INFO] [CLIENT INIT] Mode=SH | Sparsity=ON (UsedSparsity=0.6) | Clusters=OFF (UsedClusters=-) | EnvSparsityCfg={'Conv': 0.6, 'Linear': 0.6, 'Bias': 0.0, 'BatchNorm': 0.0} | EnvNClusters=3
[2026-01-26 17:54:58,857] [DEBUG] [TEST] Batch 1 | Pred shape: torch.Size([256, 256, 160]) | Label shape: torch.Size([256, 256, 160])
[2026-01-26 17:55:01,155] [DEBUG] [TEST] Batch 2 | Pred shape: torch.Size([256, 256, 160]) | Label shape: torch.Size([256, 256, 160])
[2026-01-26 17:55:01,244] [DEBUG] [TEST] Batch 3 | Pred shape: torch.Size([256, 256, 160]) | Label shape: torch.Size([256, 256, 160])
[2026-01-26 17:55:01,318] [DEBUG] [TEST] Batch 4 | Pred shape: torch.Size([256, 256, 160]) | Label shape: torch.Size([256, 256, 160])
[2026-01-26 17:55:01,410] [DEBUG] [TEST] Batch 5 | Pred shape: torch.Size([256, 256, 160]) | Label shape: torch.Size([256, 256, 160])
[2026-01-26 17:55:01,466] [DEBUG] [TEST] Batch 6 | Pred shape: torch.Size([256, 256, 160]) | Label shape: torch.Size([256, 256, 160])
[2026-01-26 17:55:01,612] [DEBUG] [TEST] Batch 7 | Pred shape: torch.Size([256, 256, 160]) | Label shape: torch.Size([256, 256, 160])
[2026-01-26 17:55:01,670] [DEBUG] [TEST] Batch 8 | Pred shape: torch.Size([256, 256, 160]) | Label shape: torch.Size([256, 256, 160])
[2026-01-26 17:55:01,758] [DEBUG] [TEST] Batch 9 | Pred shape: torch.Size([256, 256, 160]) | Label shape: torch.Size([256, 256, 160])
[2026-01-26 17:55:01,828] [DEBUG] [TEST] Batch 10 | Pred shape: torch.Size([256, 256, 160]) | Label shape: torch.Size([256, 256, 160])
[2026-01-26 17:55:04,025] [DEBUG] [TEST] Batch 11 | Pred shape: torch.Size([256, 256, 160]) | Label shape: torch.Size([256, 256, 160])
[2026-01-26 17:55:04,115] [DEBUG] [TEST] Batch 12 | Pred shape: torch.Size([256, 256, 160]) | Label shape: torch.Size([256, 256, 160])
[2026-01-26 17:55:04,173] [DEBUG] [TEST] Batch 13 | Pred shape: torch.Size([256, 256, 160]) | Label shape: torch.Size([256, 256, 160])
[2026-01-26 17:55:04,230] [DEBUG] [TEST] Batch 14 | Pred shape: torch.Size([256, 256, 160]) | Label shape: torch.Size([256, 256, 160])
[2026-01-26 17:55:04,287] [DEBUG] [TEST] Batch 15 | Pred shape: torch.Size([256, 256, 160]) | Label shape: torch.Size([256, 256, 160])
[2026-01-26 17:55:04,343] [DEBUG] [TEST] Batch 16 | Pred shape: torch.Size([256, 256, 160]) | Label shape: torch.Size([256, 256, 160])
[2026-01-26 17:55:09,017] [INFO] [FIT] Final model saved to: Revision2/Run_UNET_NonIID_SH_20260126/Client3/model_final.pth
[2026-01-26 17:56:17,845] [INFO] [COMM][CLIENT] Round=-1 Mode=SH UsedSparsity=0.6 UsedClusters=- BaselineBits=154016352.0 CompressedBits=163982727.8 CR=0.939
[2026-01-26 18:05:27,255] [INFO] [EVALUATE] Starting evaluation...
[2026-01-26 18:05:29,712] [INFO] [DEBUG] Loaded compressed decoded weights.
[2026-01-26 18:06:21,551] [INFO] Model initialized on device: cuda:0
[2026-01-26 18:06:21,551] [INFO] [CLIENT INIT] Mode=SH | Sparsity=ON (UsedSparsity=0.6) | Clusters=OFF (UsedClusters=-) | EnvSparsityCfg={'Conv': 0.6, 'Linear': 0.6, 'Bias': 0.0, 'BatchNorm': 0.0} | EnvNClusters=3
[2026-01-26 18:06:24,825] [INFO] Model initialized on device: cuda:0
[2026-01-26 18:06:24,825] [INFO] [CLIENT INIT] Mode=SH | Sparsity=ON (UsedSparsity=0.6) | Clusters=OFF (UsedClusters=-) | EnvSparsityCfg={'Conv': 0.6, 'Linear': 0.6, 'Bias': 0.0, 'BatchNorm': 0.0} | EnvNClusters=3
[2026-01-26 18:06:24,860] [INFO] Model initialized on device: cuda:0
[2026-01-26 18:06:24,860] [INFO] [CLIENT INIT] Mode=SH | Sparsity=ON (UsedSparsity=0.6) | Clusters=OFF (UsedClusters=-) | EnvSparsityCfg={'Conv': 0.6, 'Linear': 0.6, 'Bias': 0.0, 'BatchNorm': 0.0} | EnvNClusters=3
[2026-01-26 18:06:25,048] [INFO] Model initialized on device: cuda:0
[2026-01-26 18:06:25,048] [INFO] [CLIENT INIT] Mode=SH | Sparsity=ON (UsedSparsity=0.6) | Clusters=OFF (UsedClusters=-) | EnvSparsityCfg={'Conv': 0.6, 'Linear': 0.6, 'Bias': 0.0, 'BatchNorm': 0.0} | EnvNClusters=3
[2026-01-26 18:06:26,150] [INFO] Model initialized on device: cuda:0
[2026-01-26 18:06:26,150] [INFO] [CLIENT INIT] Mode=SH | Sparsity=ON (UsedSparsity=0.6) | Clusters=OFF (UsedClusters=-) | EnvSparsityCfg={'Conv': 0.6, 'Linear': 0.6, 'Bias': 0.0, 'BatchNorm': 0.0} | EnvNClusters=3
[2026-01-26 18:06:29,016] [INFO] Model initialized on device: cuda:0
[2026-01-26 18:06:29,016] [INFO] [CLIENT INIT] Mode=SH | Sparsity=ON (UsedSparsity=0.6) | Clusters=OFF (UsedClusters=-) | EnvSparsityCfg={'Conv': 0.6, 'Linear': 0.6, 'Bias': 0.0, 'BatchNorm': 0.0} | EnvNClusters=3
[2026-01-26 18:06:29,359] [DEBUG] [TEST] Batch 1 | Pred shape: torch.Size([256, 256, 160]) | Label shape: torch.Size([256, 256, 160])
[2026-01-26 18:06:29,426] [DEBUG] [TEST] Batch 2 | Pred shape: torch.Size([256, 256, 160]) | Label shape: torch.Size([256, 256, 160])
[2026-01-26 18:06:29,426] [INFO] Model initialized on device: cuda:0
[2026-01-26 18:06:29,427] [INFO] [CLIENT INIT] Mode=SH | Sparsity=ON (UsedSparsity=0.6) | Clusters=OFF (UsedClusters=-) | EnvSparsityCfg={'Conv': 0.6, 'Linear': 0.6, 'Bias': 0.0, 'BatchNorm': 0.0} | EnvNClusters=3
[2026-01-26 18:06:29,541] [DEBUG] [TEST] Batch 3 | Pred shape: torch.Size([256, 256, 160]) | Label shape: torch.Size([256, 256, 160])
[2026-01-26 18:06:29,651] [INFO] Model initialized on device: cuda:0
[2026-01-26 18:06:29,651] [INFO] [CLIENT INIT] Mode=SH | Sparsity=ON (UsedSparsity=0.6) | Clusters=OFF (UsedClusters=-) | EnvSparsityCfg={'Conv': 0.6, 'Linear': 0.6, 'Bias': 0.0, 'BatchNorm': 0.0} | EnvNClusters=3
[2026-01-26 18:06:29,668] [INFO] Model initialized on device: cuda:0
[2026-01-26 18:06:29,669] [INFO] [CLIENT INIT] Mode=SH | Sparsity=ON (UsedSparsity=0.6) | Clusters=OFF (UsedClusters=-) | EnvSparsityCfg={'Conv': 0.6, 'Linear': 0.6, 'Bias': 0.0, 'BatchNorm': 0.0} | EnvNClusters=3
[2026-01-26 18:06:29,850] [INFO] Model initialized on device: cuda:0
[2026-01-26 18:06:29,850] [INFO] [CLIENT INIT] Mode=SH | Sparsity=ON (UsedSparsity=0.6) | Clusters=OFF (UsedClusters=-) | EnvSparsityCfg={'Conv': 0.6, 'Linear': 0.6, 'Bias': 0.0, 'BatchNorm': 0.0} | EnvNClusters=3
[2026-01-26 18:06:32,136] [DEBUG] [TEST] Batch 4 | Pred shape: torch.Size([256, 256, 160]) | Label shape: torch.Size([256, 256, 160])
[2026-01-26 18:06:32,216] [DEBUG] [TEST] Batch 5 | Pred shape: torch.Size([256, 256, 160]) | Label shape: torch.Size([256, 256, 160])
[2026-01-26 18:06:32,515] [DEBUG] [TEST] Batch 6 | Pred shape: torch.Size([256, 256, 160]) | Label shape: torch.Size([256, 256, 160])
[2026-01-26 18:06:32,577] [DEBUG] [TEST] Batch 7 | Pred shape: torch.Size([256, 256, 160]) | Label shape: torch.Size([256, 256, 160])
[2026-01-26 18:06:32,858] [DEBUG] [TEST] Batch 8 | Pred shape: torch.Size([256, 256, 160]) | Label shape: torch.Size([256, 256, 160])
[2026-01-26 18:06:32,915] [DEBUG] [TEST] Batch 9 | Pred shape: torch.Size([256, 256, 160]) | Label shape: torch.Size([256, 256, 160])
[2026-01-26 18:06:33,011] [DEBUG] [TEST] Batch 10 | Pred shape: torch.Size([256, 256, 160]) | Label shape: torch.Size([256, 256, 160])
[2026-01-26 18:06:33,069] [DEBUG] [TEST] Batch 11 | Pred shape: torch.Size([256, 256, 160]) | Label shape: torch.Size([256, 256, 160])
[2026-01-26 18:06:33,157] [DEBUG] [TEST] Batch 12 | Pred shape: torch.Size([256, 256, 160]) | Label shape: torch.Size([256, 256, 160])
[2026-01-26 18:06:33,213] [DEBUG] [TEST] Batch 13 | Pred shape: torch.Size([256, 256, 160]) | Label shape: torch.Size([256, 256, 160])
[2026-01-26 18:06:34,606] [DEBUG] [TEST] Batch 14 | Pred shape: torch.Size([256, 256, 160]) | Label shape: torch.Size([256, 256, 160])
[2026-01-26 18:06:34,663] [DEBUG] [TEST] Batch 15 | Pred shape: torch.Size([256, 256, 160]) | Label shape: torch.Size([256, 256, 160])
[2026-01-26 18:06:34,721] [DEBUG] [TEST] Batch 16 | Pred shape: torch.Size([256, 256, 160]) | Label shape: torch.Size([256, 256, 160])
[2026-01-26 18:06:38,169] [INFO] [EVALUATE] Dice WT: 1.0000
