[2026-01-29 09:53:28,247] [INFO] Model initialized on device: cuda:0
[2026-01-29 09:53:28,248] [INFO] [CLIENT INIT] Mode=SH | Sparsity=ON (UsedSparsity=0.2) | Clusters=OFF (UsedClusters=-) | EnvSparsityCfg={'Conv': 0.2, 'Linear': 0.2, 'Bias': 0.0, 'BatchNorm': 0.0} | EnvNClusters=3
[2026-01-29 09:53:43,045] [INFO] [FIT] Received parameters. Starting local training...
[2026-01-29 09:53:45,516] [INFO] [DEBUG] Loaded uncompressed weights.
[2026-01-29 09:54:33,713] [INFO] Model initialized on device: cuda:0
[2026-01-29 09:54:33,713] [INFO] [CLIENT INIT] Mode=SH | Sparsity=ON (UsedSparsity=0.2) | Clusters=OFF (UsedClusters=-) | EnvSparsityCfg={'Conv': 0.2, 'Linear': 0.2, 'Bias': 0.0, 'BatchNorm': 0.0} | EnvNClusters=3
[2026-01-29 09:54:35,972] [INFO] Model initialized on device: cuda:0
[2026-01-29 09:54:35,972] [INFO] [CLIENT INIT] Mode=SH | Sparsity=ON (UsedSparsity=0.2) | Clusters=OFF (UsedClusters=-) | EnvSparsityCfg={'Conv': 0.2, 'Linear': 0.2, 'Bias': 0.0, 'BatchNorm': 0.0} | EnvNClusters=3
[2026-01-29 09:54:44,057] [INFO] Model initialized on device: cuda:0
[2026-01-29 09:54:44,057] [INFO] [CLIENT INIT] Mode=SH | Sparsity=ON (UsedSparsity=0.2) | Clusters=OFF (UsedClusters=-) | EnvSparsityCfg={'Conv': 0.2, 'Linear': 0.2, 'Bias': 0.0, 'BatchNorm': 0.0} | EnvNClusters=3
[2026-01-29 09:54:44,153] [INFO] Model initialized on device: cuda:0
[2026-01-29 09:54:44,153] [INFO] [CLIENT INIT] Mode=SH | Sparsity=ON (UsedSparsity=0.2) | Clusters=OFF (UsedClusters=-) | EnvSparsityCfg={'Conv': 0.2, 'Linear': 0.2, 'Bias': 0.0, 'BatchNorm': 0.0} | EnvNClusters=3
[2026-01-29 09:54:44,451] [INFO] Model initialized on device: cuda:0
[2026-01-29 09:54:44,451] [INFO] [CLIENT INIT] Mode=SH | Sparsity=ON (UsedSparsity=0.2) | Clusters=OFF (UsedClusters=-) | EnvSparsityCfg={'Conv': 0.2, 'Linear': 0.2, 'Bias': 0.0, 'BatchNorm': 0.0} | EnvNClusters=3
[2026-01-29 09:54:44,639] [INFO] Model initialized on device: cuda:0
[2026-01-29 09:54:44,639] [INFO] [CLIENT INIT] Mode=SH | Sparsity=ON (UsedSparsity=0.2) | Clusters=OFF (UsedClusters=-) | EnvSparsityCfg={'Conv': 0.2, 'Linear': 0.2, 'Bias': 0.0, 'BatchNorm': 0.0} | EnvNClusters=3
[2026-01-29 09:54:44,817] [INFO] Model initialized on device: cuda:0
[2026-01-29 09:54:44,818] [INFO] [CLIENT INIT] Mode=SH | Sparsity=ON (UsedSparsity=0.2) | Clusters=OFF (UsedClusters=-) | EnvSparsityCfg={'Conv': 0.2, 'Linear': 0.2, 'Bias': 0.0, 'BatchNorm': 0.0} | EnvNClusters=3
[2026-01-29 09:54:44,821] [INFO] Model initialized on device: cuda:0
[2026-01-29 09:54:44,822] [INFO] [CLIENT INIT] Mode=SH | Sparsity=ON (UsedSparsity=0.2) | Clusters=OFF (UsedClusters=-) | EnvSparsityCfg={'Conv': 0.2, 'Linear': 0.2, 'Bias': 0.0, 'BatchNorm': 0.0} | EnvNClusters=3
[2026-01-29 09:54:44,843] [INFO] Model initialized on device: cuda:0
[2026-01-29 09:54:44,843] [INFO] [CLIENT INIT] Mode=SH | Sparsity=ON (UsedSparsity=0.2) | Clusters=OFF (UsedClusters=-) | EnvSparsityCfg={'Conv': 0.2, 'Linear': 0.2, 'Bias': 0.0, 'BatchNorm': 0.0} | EnvNClusters=3
[2026-01-29 09:54:44,917] [INFO] Model initialized on device: cuda:0
[2026-01-29 09:54:44,918] [INFO] [CLIENT INIT] Mode=SH | Sparsity=ON (UsedSparsity=0.2) | Clusters=OFF (UsedClusters=-) | EnvSparsityCfg={'Conv': 0.2, 'Linear': 0.2, 'Bias': 0.0, 'BatchNorm': 0.0} | EnvNClusters=3
[2026-01-29 09:56:43,319] [INFO] [TRAIN] Epoch 1 Loss: 0.9598
[2026-01-29 09:57:21,923] [INFO] Model initialized on device: cuda:0
[2026-01-29 09:57:21,923] [INFO] [CLIENT INIT] Mode=SH | Sparsity=ON (UsedSparsity=0.2) | Clusters=OFF (UsedClusters=-) | EnvSparsityCfg={'Conv': 0.2, 'Linear': 0.2, 'Bias': 0.0, 'BatchNorm': 0.0} | EnvNClusters=3
[2026-01-29 09:57:28,619] [INFO] Model initialized on device: cuda:0
[2026-01-29 09:57:28,619] [INFO] [CLIENT INIT] Mode=SH | Sparsity=ON (UsedSparsity=0.2) | Clusters=OFF (UsedClusters=-) | EnvSparsityCfg={'Conv': 0.2, 'Linear': 0.2, 'Bias': 0.0, 'BatchNorm': 0.0} | EnvNClusters=3
[2026-01-29 09:57:29,408] [INFO] Model initialized on device: cuda:0
[2026-01-29 09:57:29,408] [INFO] [CLIENT INIT] Mode=SH | Sparsity=ON (UsedSparsity=0.2) | Clusters=OFF (UsedClusters=-) | EnvSparsityCfg={'Conv': 0.2, 'Linear': 0.2, 'Bias': 0.0, 'BatchNorm': 0.0} | EnvNClusters=3
[2026-01-29 09:57:29,721] [INFO] Model initialized on device: cuda:0
[2026-01-29 09:57:29,721] [INFO] [CLIENT INIT] Mode=SH | Sparsity=ON (UsedSparsity=0.2) | Clusters=OFF (UsedClusters=-) | EnvSparsityCfg={'Conv': 0.2, 'Linear': 0.2, 'Bias': 0.0, 'BatchNorm': 0.0} | EnvNClusters=3
[2026-01-29 09:57:30,440] [INFO] Model initialized on device: cuda:0
[2026-01-29 09:57:30,440] [INFO] [CLIENT INIT] Mode=SH | Sparsity=ON (UsedSparsity=0.2) | Clusters=OFF (UsedClusters=-) | EnvSparsityCfg={'Conv': 0.2, 'Linear': 0.2, 'Bias': 0.0, 'BatchNorm': 0.0} | EnvNClusters=3
[2026-01-29 09:57:31,710] [INFO] Model initialized on device: cuda:0
[2026-01-29 09:57:31,710] [INFO] [CLIENT INIT] Mode=SH | Sparsity=ON (UsedSparsity=0.2) | Clusters=OFF (UsedClusters=-) | EnvSparsityCfg={'Conv': 0.2, 'Linear': 0.2, 'Bias': 0.0, 'BatchNorm': 0.0} | EnvNClusters=3
[2026-01-29 09:57:31,834] [INFO] Model initialized on device: cuda:0
[2026-01-29 09:57:31,834] [INFO] [CLIENT INIT] Mode=SH | Sparsity=ON (UsedSparsity=0.2) | Clusters=OFF (UsedClusters=-) | EnvSparsityCfg={'Conv': 0.2, 'Linear': 0.2, 'Bias': 0.0, 'BatchNorm': 0.0} | EnvNClusters=3
[2026-01-29 09:57:31,908] [INFO] Model initialized on device: cuda:0
[2026-01-29 09:57:31,908] [INFO] [CLIENT INIT] Mode=SH | Sparsity=ON (UsedSparsity=0.2) | Clusters=OFF (UsedClusters=-) | EnvSparsityCfg={'Conv': 0.2, 'Linear': 0.2, 'Bias': 0.0, 'BatchNorm': 0.0} | EnvNClusters=3
[2026-01-29 09:57:31,915] [INFO] Model initialized on device: cuda:0
[2026-01-29 09:57:31,915] [INFO] [CLIENT INIT] Mode=SH | Sparsity=ON (UsedSparsity=0.2) | Clusters=OFF (UsedClusters=-) | EnvSparsityCfg={'Conv': 0.2, 'Linear': 0.2, 'Bias': 0.0, 'BatchNorm': 0.0} | EnvNClusters=3
[2026-01-29 09:57:31,915] [INFO] Model initialized on device: cuda:0
[2026-01-29 09:57:31,916] [INFO] [CLIENT INIT] Mode=SH | Sparsity=ON (UsedSparsity=0.2) | Clusters=OFF (UsedClusters=-) | EnvSparsityCfg={'Conv': 0.2, 'Linear': 0.2, 'Bias': 0.0, 'BatchNorm': 0.0} | EnvNClusters=3
[2026-01-29 09:59:18,553] [INFO] [TRAIN] Epoch 2 Loss: 0.9557
[2026-01-29 09:59:56,114] [INFO] Model initialized on device: cuda:0
[2026-01-29 09:59:56,114] [INFO] [CLIENT INIT] Mode=SH | Sparsity=ON (UsedSparsity=0.2) | Clusters=OFF (UsedClusters=-) | EnvSparsityCfg={'Conv': 0.2, 'Linear': 0.2, 'Bias': 0.0, 'BatchNorm': 0.0} | EnvNClusters=3
[2026-01-29 09:59:56,127] [INFO] Model initialized on device: cuda:0
[2026-01-29 09:59:56,127] [INFO] [CLIENT INIT] Mode=SH | Sparsity=ON (UsedSparsity=0.2) | Clusters=OFF (UsedClusters=-) | EnvSparsityCfg={'Conv': 0.2, 'Linear': 0.2, 'Bias': 0.0, 'BatchNorm': 0.0} | EnvNClusters=3
[2026-01-29 10:00:04,214] [INFO] Model initialized on device: cuda:0
[2026-01-29 10:00:04,214] [INFO] [CLIENT INIT] Mode=SH | Sparsity=ON (UsedSparsity=0.2) | Clusters=OFF (UsedClusters=-) | EnvSparsityCfg={'Conv': 0.2, 'Linear': 0.2, 'Bias': 0.0, 'BatchNorm': 0.0} | EnvNClusters=3
[2026-01-29 10:00:04,311] [INFO] Model initialized on device: cuda:0
[2026-01-29 10:00:04,312] [INFO] [CLIENT INIT] Mode=SH | Sparsity=ON (UsedSparsity=0.2) | Clusters=OFF (UsedClusters=-) | EnvSparsityCfg={'Conv': 0.2, 'Linear': 0.2, 'Bias': 0.0, 'BatchNorm': 0.0} | EnvNClusters=3
[2026-01-29 10:00:04,508] [INFO] Model initialized on device: cuda:0
[2026-01-29 10:00:04,508] [INFO] [CLIENT INIT] Mode=SH | Sparsity=ON (UsedSparsity=0.2) | Clusters=OFF (UsedClusters=-) | EnvSparsityCfg={'Conv': 0.2, 'Linear': 0.2, 'Bias': 0.0, 'BatchNorm': 0.0} | EnvNClusters=3
[2026-01-29 10:00:04,509] [INFO] Model initialized on device: cuda:0
[2026-01-29 10:00:04,510] [INFO] [CLIENT INIT] Mode=SH | Sparsity=ON (UsedSparsity=0.2) | Clusters=OFF (UsedClusters=-) | EnvSparsityCfg={'Conv': 0.2, 'Linear': 0.2, 'Bias': 0.0, 'BatchNorm': 0.0} | EnvNClusters=3
[2026-01-29 10:00:04,610] [INFO] Model initialized on device: cuda:0
[2026-01-29 10:00:04,610] [INFO] [CLIENT INIT] Mode=SH | Sparsity=ON (UsedSparsity=0.2) | Clusters=OFF (UsedClusters=-) | EnvSparsityCfg={'Conv': 0.2, 'Linear': 0.2, 'Bias': 0.0, 'BatchNorm': 0.0} | EnvNClusters=3
[2026-01-29 10:00:04,611] [INFO] Model initialized on device: cuda:0
[2026-01-29 10:00:04,611] [INFO] [CLIENT INIT] Mode=SH | Sparsity=ON (UsedSparsity=0.2) | Clusters=OFF (UsedClusters=-) | EnvSparsityCfg={'Conv': 0.2, 'Linear': 0.2, 'Bias': 0.0, 'BatchNorm': 0.0} | EnvNClusters=3
[2026-01-29 10:00:04,626] [INFO] Model initialized on device: cuda:0
[2026-01-29 10:00:04,627] [INFO] [CLIENT INIT] Mode=SH | Sparsity=ON (UsedSparsity=0.2) | Clusters=OFF (UsedClusters=-) | EnvSparsityCfg={'Conv': 0.2, 'Linear': 0.2, 'Bias': 0.0, 'BatchNorm': 0.0} | EnvNClusters=3
[2026-01-29 10:00:04,626] [INFO] Model initialized on device: cuda:0
[2026-01-29 10:00:04,627] [INFO] [CLIENT INIT] Mode=SH | Sparsity=ON (UsedSparsity=0.2) | Clusters=OFF (UsedClusters=-) | EnvSparsityCfg={'Conv': 0.2, 'Linear': 0.2, 'Bias': 0.0, 'BatchNorm': 0.0} | EnvNClusters=3
[2026-01-29 10:01:52,418] [INFO] [TRAIN] Epoch 3 Loss: 0.9547
[2026-01-29 10:02:27,112] [INFO] Model initialized on device: cuda:0
[2026-01-29 10:02:27,112] [INFO] [CLIENT INIT] Mode=SH | Sparsity=ON (UsedSparsity=0.2) | Clusters=OFF (UsedClusters=-) | EnvSparsityCfg={'Conv': 0.2, 'Linear': 0.2, 'Bias': 0.0, 'BatchNorm': 0.0} | EnvNClusters=3
[2026-01-29 10:02:28,910] [INFO] Model initialized on device: cuda:0
[2026-01-29 10:02:28,910] [INFO] [CLIENT INIT] Mode=SH | Sparsity=ON (UsedSparsity=0.2) | Clusters=OFF (UsedClusters=-) | EnvSparsityCfg={'Conv': 0.2, 'Linear': 0.2, 'Bias': 0.0, 'BatchNorm': 0.0} | EnvNClusters=3
[2026-01-29 10:02:37,321] [INFO] Model initialized on device: cuda:0
[2026-01-29 10:02:37,321] [INFO] [CLIENT INIT] Mode=SH | Sparsity=ON (UsedSparsity=0.2) | Clusters=OFF (UsedClusters=-) | EnvSparsityCfg={'Conv': 0.2, 'Linear': 0.2, 'Bias': 0.0, 'BatchNorm': 0.0} | EnvNClusters=3
[2026-01-29 10:02:38,418] [INFO] Model initialized on device: cuda:0
[2026-01-29 10:02:38,418] [INFO] [CLIENT INIT] Mode=SH | Sparsity=ON (UsedSparsity=0.2) | Clusters=OFF (UsedClusters=-) | EnvSparsityCfg={'Conv': 0.2, 'Linear': 0.2, 'Bias': 0.0, 'BatchNorm': 0.0} | EnvNClusters=3
[2026-01-29 10:02:39,216] [INFO] Model initialized on device: cuda:0
[2026-01-29 10:02:39,216] [INFO] [CLIENT INIT] Mode=SH | Sparsity=ON (UsedSparsity=0.2) | Clusters=OFF (UsedClusters=-) | EnvSparsityCfg={'Conv': 0.2, 'Linear': 0.2, 'Bias': 0.0, 'BatchNorm': 0.0} | EnvNClusters=3
[2026-01-29 10:02:39,224] [INFO] Model initialized on device: cuda:0
[2026-01-29 10:02:39,224] [INFO] [CLIENT INIT] Mode=SH | Sparsity=ON (UsedSparsity=0.2) | Clusters=OFF (UsedClusters=-) | EnvSparsityCfg={'Conv': 0.2, 'Linear': 0.2, 'Bias': 0.0, 'BatchNorm': 0.0} | EnvNClusters=3
[2026-01-29 10:02:39,234] [INFO] Model initialized on device: cuda:0
[2026-01-29 10:02:39,234] [INFO] [CLIENT INIT] Mode=SH | Sparsity=ON (UsedSparsity=0.2) | Clusters=OFF (UsedClusters=-) | EnvSparsityCfg={'Conv': 0.2, 'Linear': 0.2, 'Bias': 0.0, 'BatchNorm': 0.0} | EnvNClusters=3
[2026-01-29 10:02:39,315] [INFO] Model initialized on device: cuda:0
[2026-01-29 10:02:39,315] [INFO] [CLIENT INIT] Mode=SH | Sparsity=ON (UsedSparsity=0.2) | Clusters=OFF (UsedClusters=-) | EnvSparsityCfg={'Conv': 0.2, 'Linear': 0.2, 'Bias': 0.0, 'BatchNorm': 0.0} | EnvNClusters=3
[2026-01-29 10:02:39,316] [INFO] Model initialized on device: cuda:0
[2026-01-29 10:02:39,316] [INFO] Model initialized on device: cuda:0
[2026-01-29 10:02:39,316] [INFO] [CLIENT INIT] Mode=SH | Sparsity=ON (UsedSparsity=0.2) | Clusters=OFF (UsedClusters=-) | EnvSparsityCfg={'Conv': 0.2, 'Linear': 0.2, 'Bias': 0.0, 'BatchNorm': 0.0} | EnvNClusters=3
[2026-01-29 10:02:39,316] [INFO] [CLIENT INIT] Mode=SH | Sparsity=ON (UsedSparsity=0.2) | Clusters=OFF (UsedClusters=-) | EnvSparsityCfg={'Conv': 0.2, 'Linear': 0.2, 'Bias': 0.0, 'BatchNorm': 0.0} | EnvNClusters=3
[2026-01-29 10:04:19,749] [INFO] [TRAIN] Epoch 4 Loss: 0.9541
[2026-01-29 10:05:08,213] [INFO] Model initialized on device: cuda:0
[2026-01-29 10:05:08,213] [INFO] [CLIENT INIT] Mode=SH | Sparsity=ON (UsedSparsity=0.2) | Clusters=OFF (UsedClusters=-) | EnvSparsityCfg={'Conv': 0.2, 'Linear': 0.2, 'Bias': 0.0, 'BatchNorm': 0.0} | EnvNClusters=3
[2026-01-29 10:05:08,616] [INFO] Model initialized on device: cuda:0
[2026-01-29 10:05:08,616] [INFO] [CLIENT INIT] Mode=SH | Sparsity=ON (UsedSparsity=0.2) | Clusters=OFF (UsedClusters=-) | EnvSparsityCfg={'Conv': 0.2, 'Linear': 0.2, 'Bias': 0.0, 'BatchNorm': 0.0} | EnvNClusters=3
[2026-01-29 10:05:09,220] [INFO] Model initialized on device: cuda:0
[2026-01-29 10:05:09,220] [INFO] [CLIENT INIT] Mode=SH | Sparsity=ON (UsedSparsity=0.2) | Clusters=OFF (UsedClusters=-) | EnvSparsityCfg={'Conv': 0.2, 'Linear': 0.2, 'Bias': 0.0, 'BatchNorm': 0.0} | EnvNClusters=3
[2026-01-29 10:05:09,319] [INFO] Model initialized on device: cuda:0
[2026-01-29 10:05:09,319] [INFO] [CLIENT INIT] Mode=SH | Sparsity=ON (UsedSparsity=0.2) | Clusters=OFF (UsedClusters=-) | EnvSparsityCfg={'Conv': 0.2, 'Linear': 0.2, 'Bias': 0.0, 'BatchNorm': 0.0} | EnvNClusters=3
[2026-01-29 10:05:09,323] [INFO] Model initialized on device: cuda:0
[2026-01-29 10:05:09,323] [INFO] [CLIENT INIT] Mode=SH | Sparsity=ON (UsedSparsity=0.2) | Clusters=OFF (UsedClusters=-) | EnvSparsityCfg={'Conv': 0.2, 'Linear': 0.2, 'Bias': 0.0, 'BatchNorm': 0.0} | EnvNClusters=3
[2026-01-29 10:05:09,426] [INFO] Model initialized on device: cuda:0
[2026-01-29 10:05:09,426] [INFO] [CLIENT INIT] Mode=SH | Sparsity=ON (UsedSparsity=0.2) | Clusters=OFF (UsedClusters=-) | EnvSparsityCfg={'Conv': 0.2, 'Linear': 0.2, 'Bias': 0.0, 'BatchNorm': 0.0} | EnvNClusters=3
[2026-01-29 10:05:09,511] [INFO] Model initialized on device: cuda:0
[2026-01-29 10:05:09,511] [INFO] [CLIENT INIT] Mode=SH | Sparsity=ON (UsedSparsity=0.2) | Clusters=OFF (UsedClusters=-) | EnvSparsityCfg={'Conv': 0.2, 'Linear': 0.2, 'Bias': 0.0, 'BatchNorm': 0.0} | EnvNClusters=3
[2026-01-29 10:05:09,520] [INFO] Model initialized on device: cuda:0
[2026-01-29 10:05:09,520] [INFO] [CLIENT INIT] Mode=SH | Sparsity=ON (UsedSparsity=0.2) | Clusters=OFF (UsedClusters=-) | EnvSparsityCfg={'Conv': 0.2, 'Linear': 0.2, 'Bias': 0.0, 'BatchNorm': 0.0} | EnvNClusters=3
[2026-01-29 10:05:09,528] [INFO] Model initialized on device: cuda:0
[2026-01-29 10:05:09,528] [INFO] [CLIENT INIT] Mode=SH | Sparsity=ON (UsedSparsity=0.2) | Clusters=OFF (UsedClusters=-) | EnvSparsityCfg={'Conv': 0.2, 'Linear': 0.2, 'Bias': 0.0, 'BatchNorm': 0.0} | EnvNClusters=3
[2026-01-29 10:05:09,538] [INFO] Model initialized on device: cuda:0
[2026-01-29 10:05:09,539] [INFO] [CLIENT INIT] Mode=SH | Sparsity=ON (UsedSparsity=0.2) | Clusters=OFF (UsedClusters=-) | EnvSparsityCfg={'Conv': 0.2, 'Linear': 0.2, 'Bias': 0.0, 'BatchNorm': 0.0} | EnvNClusters=3
[2026-01-29 10:06:54,546] [INFO] [TRAIN] Epoch 5 Loss: 0.9533
[2026-01-29 10:06:54,548] [INFO] [FIT] Local training finished. Avg Loss: 0.9555
[2026-01-29 10:07:23,916] [INFO] Model initialized on device: cuda:0
[2026-01-29 10:07:23,916] [INFO] [CLIENT INIT] Mode=SH | Sparsity=ON (UsedSparsity=0.2) | Clusters=OFF (UsedClusters=-) | EnvSparsityCfg={'Conv': 0.2, 'Linear': 0.2, 'Bias': 0.0, 'BatchNorm': 0.0} | EnvNClusters=3
[2026-01-29 10:07:27,910] [INFO] Model initialized on device: cuda:0
[2026-01-29 10:07:27,910] [INFO] [CLIENT INIT] Mode=SH | Sparsity=ON (UsedSparsity=0.2) | Clusters=OFF (UsedClusters=-) | EnvSparsityCfg={'Conv': 0.2, 'Linear': 0.2, 'Bias': 0.0, 'BatchNorm': 0.0} | EnvNClusters=3
[2026-01-29 10:07:30,713] [INFO] Model initialized on device: cuda:0
[2026-01-29 10:07:30,713] [INFO] [CLIENT INIT] Mode=SH | Sparsity=ON (UsedSparsity=0.2) | Clusters=OFF (UsedClusters=-) | EnvSparsityCfg={'Conv': 0.2, 'Linear': 0.2, 'Bias': 0.0, 'BatchNorm': 0.0} | EnvNClusters=3
[2026-01-29 10:07:32,419] [INFO] Model initialized on device: cuda:0
[2026-01-29 10:07:32,419] [INFO] [CLIENT INIT] Mode=SH | Sparsity=ON (UsedSparsity=0.2) | Clusters=OFF (UsedClusters=-) | EnvSparsityCfg={'Conv': 0.2, 'Linear': 0.2, 'Bias': 0.0, 'BatchNorm': 0.0} | EnvNClusters=3
[2026-01-29 10:07:33,113] [INFO] Model initialized on device: cuda:0
[2026-01-29 10:07:33,114] [INFO] [CLIENT INIT] Mode=SH | Sparsity=ON (UsedSparsity=0.2) | Clusters=OFF (UsedClusters=-) | EnvSparsityCfg={'Conv': 0.2, 'Linear': 0.2, 'Bias': 0.0, 'BatchNorm': 0.0} | EnvNClusters=3
[2026-01-29 10:07:34,314] [INFO] Model initialized on device: cuda:0
[2026-01-29 10:07:34,314] [INFO] [CLIENT INIT] Mode=SH | Sparsity=ON (UsedSparsity=0.2) | Clusters=OFF (UsedClusters=-) | EnvSparsityCfg={'Conv': 0.2, 'Linear': 0.2, 'Bias': 0.0, 'BatchNorm': 0.0} | EnvNClusters=3
[2026-01-29 10:07:34,345] [INFO] Model initialized on device: cuda:0
[2026-01-29 10:07:34,345] [INFO] [CLIENT INIT] Mode=SH | Sparsity=ON (UsedSparsity=0.2) | Clusters=OFF (UsedClusters=-) | EnvSparsityCfg={'Conv': 0.2, 'Linear': 0.2, 'Bias': 0.0, 'BatchNorm': 0.0} | EnvNClusters=3
[2026-01-29 10:07:34,509] [INFO] Model initialized on device: cuda:0
[2026-01-29 10:07:34,509] [INFO] [CLIENT INIT] Mode=SH | Sparsity=ON (UsedSparsity=0.2) | Clusters=OFF (UsedClusters=-) | EnvSparsityCfg={'Conv': 0.2, 'Linear': 0.2, 'Bias': 0.0, 'BatchNorm': 0.0} | EnvNClusters=3
[2026-01-29 10:07:34,525] [INFO] Model initialized on device: cuda:0
[2026-01-29 10:07:34,526] [INFO] [CLIENT INIT] Mode=SH | Sparsity=ON (UsedSparsity=0.2) | Clusters=OFF (UsedClusters=-) | EnvSparsityCfg={'Conv': 0.2, 'Linear': 0.2, 'Bias': 0.0, 'BatchNorm': 0.0} | EnvNClusters=3
[2026-01-29 10:07:34,538] [INFO] Model initialized on device: cuda:0
[2026-01-29 10:07:34,538] [INFO] [CLIENT INIT] Mode=SH | Sparsity=ON (UsedSparsity=0.2) | Clusters=OFF (UsedClusters=-) | EnvSparsityCfg={'Conv': 0.2, 'Linear': 0.2, 'Bias': 0.0, 'BatchNorm': 0.0} | EnvNClusters=3
[2026-01-29 10:07:40,344] [DEBUG] [TEST] Batch 1 | Pred shape: torch.Size([256, 256, 160]) | Label shape: torch.Size([256, 256, 160])
[2026-01-29 10:07:40,414] [DEBUG] [TEST] Batch 2 | Pred shape: torch.Size([256, 256, 160]) | Label shape: torch.Size([256, 256, 160])
[2026-01-29 10:07:40,513] [DEBUG] [TEST] Batch 3 | Pred shape: torch.Size([256, 256, 160]) | Label shape: torch.Size([256, 256, 160])
[2026-01-29 10:07:40,612] [DEBUG] [TEST] Batch 4 | Pred shape: torch.Size([256, 256, 160]) | Label shape: torch.Size([256, 256, 160])
[2026-01-29 10:07:40,721] [DEBUG] [TEST] Batch 5 | Pred shape: torch.Size([256, 256, 160]) | Label shape: torch.Size([256, 256, 160])
[2026-01-29 10:07:40,814] [DEBUG] [TEST] Batch 6 | Pred shape: torch.Size([256, 256, 160]) | Label shape: torch.Size([256, 256, 160])
[2026-01-29 10:07:40,914] [DEBUG] [TEST] Batch 7 | Pred shape: torch.Size([256, 256, 160]) | Label shape: torch.Size([256, 256, 160])
[2026-01-29 10:07:41,036] [DEBUG] [TEST] Batch 8 | Pred shape: torch.Size([256, 256, 160]) | Label shape: torch.Size([256, 256, 160])
[2026-01-29 10:07:41,115] [DEBUG] [TEST] Batch 9 | Pred shape: torch.Size([256, 256, 160]) | Label shape: torch.Size([256, 256, 160])
[2026-01-29 10:07:41,215] [DEBUG] [TEST] Batch 10 | Pred shape: torch.Size([256, 256, 160]) | Label shape: torch.Size([256, 256, 160])
[2026-01-29 10:07:43,714] [DEBUG] [TEST] Batch 11 | Pred shape: torch.Size([256, 256, 160]) | Label shape: torch.Size([256, 256, 160])
[2026-01-29 10:07:43,813] [DEBUG] [TEST] Batch 12 | Pred shape: torch.Size([256, 256, 160]) | Label shape: torch.Size([256, 256, 160])
[2026-01-29 10:07:43,914] [DEBUG] [TEST] Batch 13 | Pred shape: torch.Size([256, 256, 160]) | Label shape: torch.Size([256, 256, 160])
[2026-01-29 10:07:43,969] [DEBUG] [TEST] Batch 14 | Pred shape: torch.Size([256, 256, 160]) | Label shape: torch.Size([256, 256, 160])
[2026-01-29 10:07:44,056] [DEBUG] [TEST] Batch 15 | Pred shape: torch.Size([256, 256, 160]) | Label shape: torch.Size([256, 256, 160])
[2026-01-29 10:07:44,116] [DEBUG] [TEST] Batch 16 | Pred shape: torch.Size([256, 256, 160]) | Label shape: torch.Size([256, 256, 160])
[2026-01-29 10:07:49,843] [INFO] [FIT] Final model saved to: Revision2/Run_UNET_NonIID_SH20_20260129/Client3/model_final.pth
[2026-01-29 10:08:09,114] [INFO] [COMM][CLIENT] Round=-1 Mode=SH UsedSparsity=0.2 UsedClusters=- BaselineBits=154016352.0 CompressedBits=158174081.9 CR=0.974
[2026-01-29 10:16:00,565] [INFO] [EVALUATE] Starting evaluation...
[2026-01-29 10:16:03,010] [INFO] [DEBUG] Loaded compressed decoded weights.
[2026-01-29 10:17:03,478] [INFO] Model initialized on device: cuda:0
[2026-01-29 10:17:03,478] [INFO] [CLIENT INIT] Mode=SH | Sparsity=ON (UsedSparsity=0.2) | Clusters=OFF (UsedClusters=-) | EnvSparsityCfg={'Conv': 0.2, 'Linear': 0.2, 'Bias': 0.0, 'BatchNorm': 0.0} | EnvNClusters=3
[2026-01-29 10:17:08,242] [INFO] Model initialized on device: cuda:0
[2026-01-29 10:17:08,243] [INFO] [CLIENT INIT] Mode=SH | Sparsity=ON (UsedSparsity=0.2) | Clusters=OFF (UsedClusters=-) | EnvSparsityCfg={'Conv': 0.2, 'Linear': 0.2, 'Bias': 0.0, 'BatchNorm': 0.0} | EnvNClusters=3
[2026-01-29 10:17:08,553] [INFO] Model initialized on device: cuda:0
[2026-01-29 10:17:08,553] [INFO] [CLIENT INIT] Mode=SH | Sparsity=ON (UsedSparsity=0.2) | Clusters=OFF (UsedClusters=-) | EnvSparsityCfg={'Conv': 0.2, 'Linear': 0.2, 'Bias': 0.0, 'BatchNorm': 0.0} | EnvNClusters=3
[2026-01-29 10:17:08,713] [INFO] Model initialized on device: cuda:0
[2026-01-29 10:17:08,713] [INFO] [CLIENT INIT] Mode=SH | Sparsity=ON (UsedSparsity=0.2) | Clusters=OFF (UsedClusters=-) | EnvSparsityCfg={'Conv': 0.2, 'Linear': 0.2, 'Bias': 0.0, 'BatchNorm': 0.0} | EnvNClusters=3
[2026-01-29 10:17:08,811] [INFO] Model initialized on device: cuda:0
[2026-01-29 10:17:08,812] [INFO] [CLIENT INIT] Mode=SH | Sparsity=ON (UsedSparsity=0.2) | Clusters=OFF (UsedClusters=-) | EnvSparsityCfg={'Conv': 0.2, 'Linear': 0.2, 'Bias': 0.0, 'BatchNorm': 0.0} | EnvNClusters=3
[2026-01-29 10:17:09,810] [INFO] Model initialized on device: cuda:0
[2026-01-29 10:17:09,810] [INFO] [CLIENT INIT] Mode=SH | Sparsity=ON (UsedSparsity=0.2) | Clusters=OFF (UsedClusters=-) | EnvSparsityCfg={'Conv': 0.2, 'Linear': 0.2, 'Bias': 0.0, 'BatchNorm': 0.0} | EnvNClusters=3
[2026-01-29 10:17:09,815] [INFO] Model initialized on device: cuda:0
[2026-01-29 10:17:09,816] [INFO] [CLIENT INIT] Mode=SH | Sparsity=ON (UsedSparsity=0.2) | Clusters=OFF (UsedClusters=-) | EnvSparsityCfg={'Conv': 0.2, 'Linear': 0.2, 'Bias': 0.0, 'BatchNorm': 0.0} | EnvNClusters=3
[2026-01-29 10:17:09,820] [INFO] Model initialized on device: cuda:0
[2026-01-29 10:17:09,820] [INFO] [CLIENT INIT] Mode=SH | Sparsity=ON (UsedSparsity=0.2) | Clusters=OFF (UsedClusters=-) | EnvSparsityCfg={'Conv': 0.2, 'Linear': 0.2, 'Bias': 0.0, 'BatchNorm': 0.0} | EnvNClusters=3
[2026-01-29 10:17:09,919] [INFO] Model initialized on device: cuda:0
[2026-01-29 10:17:09,919] [INFO] [CLIENT INIT] Mode=SH | Sparsity=ON (UsedSparsity=0.2) | Clusters=OFF (UsedClusters=-) | EnvSparsityCfg={'Conv': 0.2, 'Linear': 0.2, 'Bias': 0.0, 'BatchNorm': 0.0} | EnvNClusters=3
[2026-01-29 10:17:09,928] [INFO] Model initialized on device: cuda:0
[2026-01-29 10:17:09,928] [INFO] [CLIENT INIT] Mode=SH | Sparsity=ON (UsedSparsity=0.2) | Clusters=OFF (UsedClusters=-) | EnvSparsityCfg={'Conv': 0.2, 'Linear': 0.2, 'Bias': 0.0, 'BatchNorm': 0.0} | EnvNClusters=3
[2026-01-29 10:17:14,818] [DEBUG] [TEST] Batch 1 | Pred shape: torch.Size([256, 256, 160]) | Label shape: torch.Size([256, 256, 160])
[2026-01-29 10:17:15,522] [DEBUG] [TEST] Batch 2 | Pred shape: torch.Size([256, 256, 160]) | Label shape: torch.Size([256, 256, 160])
[2026-01-29 10:17:18,415] [DEBUG] [TEST] Batch 3 | Pred shape: torch.Size([256, 256, 160]) | Label shape: torch.Size([256, 256, 160])
[2026-01-29 10:17:18,514] [DEBUG] [TEST] Batch 4 | Pred shape: torch.Size([256, 256, 160]) | Label shape: torch.Size([256, 256, 160])
[2026-01-29 10:17:18,624] [DEBUG] [TEST] Batch 5 | Pred shape: torch.Size([256, 256, 160]) | Label shape: torch.Size([256, 256, 160])
[2026-01-29 10:17:18,716] [DEBUG] [TEST] Batch 6 | Pred shape: torch.Size([256, 256, 160]) | Label shape: torch.Size([256, 256, 160])
[2026-01-29 10:17:18,814] [DEBUG] [TEST] Batch 7 | Pred shape: torch.Size([256, 256, 160]) | Label shape: torch.Size([256, 256, 160])
[2026-01-29 10:17:18,914] [DEBUG] [TEST] Batch 8 | Pred shape: torch.Size([256, 256, 160]) | Label shape: torch.Size([256, 256, 160])
[2026-01-29 10:17:19,127] [DEBUG] [TEST] Batch 9 | Pred shape: torch.Size([256, 256, 160]) | Label shape: torch.Size([256, 256, 160])
[2026-01-29 10:17:19,328] [DEBUG] [TEST] Batch 10 | Pred shape: torch.Size([256, 256, 160]) | Label shape: torch.Size([256, 256, 160])
[2026-01-29 10:17:20,327] [DEBUG] [TEST] Batch 11 | Pred shape: torch.Size([256, 256, 160]) | Label shape: torch.Size([256, 256, 160])
[2026-01-29 10:17:21,057] [DEBUG] [TEST] Batch 12 | Pred shape: torch.Size([256, 256, 160]) | Label shape: torch.Size([256, 256, 160])
[2026-01-29 10:17:22,715] [DEBUG] [TEST] Batch 13 | Pred shape: torch.Size([256, 256, 160]) | Label shape: torch.Size([256, 256, 160])
[2026-01-29 10:17:22,812] [DEBUG] [TEST] Batch 14 | Pred shape: torch.Size([256, 256, 160]) | Label shape: torch.Size([256, 256, 160])
[2026-01-29 10:17:22,911] [DEBUG] [TEST] Batch 15 | Pred shape: torch.Size([256, 256, 160]) | Label shape: torch.Size([256, 256, 160])
[2026-01-29 10:17:23,013] [DEBUG] [TEST] Batch 16 | Pred shape: torch.Size([256, 256, 160]) | Label shape: torch.Size([256, 256, 160])
[2026-01-29 10:17:30,082] [INFO] [EVALUATE] Dice WT: 0.0209
[2026-01-29 10:17:42,701] [INFO] [FIT] Received parameters. Starting local training...
[2026-01-29 10:17:44,818] [INFO] [DEBUG] Loaded compressed decoded weights.
[2026-01-29 10:18:46,604] [INFO] Model initialized on device: cuda:0
[2026-01-29 10:18:46,604] [INFO] [CLIENT INIT] Mode=SH | Sparsity=ON (UsedSparsity=0.2) | Clusters=OFF (UsedClusters=-) | EnvSparsityCfg={'Conv': 0.2, 'Linear': 0.2, 'Bias': 0.0, 'BatchNorm': 0.0} | EnvNClusters=3
[2026-01-29 10:18:49,984] [INFO] Model initialized on device: cuda:0
[2026-01-29 10:18:49,984] [INFO] [CLIENT INIT] Mode=SH | Sparsity=ON (UsedSparsity=0.2) | Clusters=OFF (UsedClusters=-) | EnvSparsityCfg={'Conv': 0.2, 'Linear': 0.2, 'Bias': 0.0, 'BatchNorm': 0.0} | EnvNClusters=3
[2026-01-29 10:18:50,509] [INFO] Model initialized on device: cuda:0
[2026-01-29 10:18:50,509] [INFO] [CLIENT INIT] Mode=SH | Sparsity=ON (UsedSparsity=0.2) | Clusters=OFF (UsedClusters=-) | EnvSparsityCfg={'Conv': 0.2, 'Linear': 0.2, 'Bias': 0.0, 'BatchNorm': 0.0} | EnvNClusters=3
[2026-01-29 10:18:51,135] [INFO] Model initialized on device: cuda:0
[2026-01-29 10:18:51,135] [INFO] [CLIENT INIT] Mode=SH | Sparsity=ON (UsedSparsity=0.2) | Clusters=OFF (UsedClusters=-) | EnvSparsityCfg={'Conv': 0.2, 'Linear': 0.2, 'Bias': 0.0, 'BatchNorm': 0.0} | EnvNClusters=3
[2026-01-29 10:18:51,814] [INFO] Model initialized on device: cuda:0
[2026-01-29 10:18:51,814] [INFO] [CLIENT INIT] Mode=SH | Sparsity=ON (UsedSparsity=0.2) | Clusters=OFF (UsedClusters=-) | EnvSparsityCfg={'Conv': 0.2, 'Linear': 0.2, 'Bias': 0.0, 'BatchNorm': 0.0} | EnvNClusters=3
[2026-01-29 10:18:51,908] [INFO] Model initialized on device: cuda:0
[2026-01-29 10:18:51,908] [INFO] [CLIENT INIT] Mode=SH | Sparsity=ON (UsedSparsity=0.2) | Clusters=OFF (UsedClusters=-) | EnvSparsityCfg={'Conv': 0.2, 'Linear': 0.2, 'Bias': 0.0, 'BatchNorm': 0.0} | EnvNClusters=3
[2026-01-29 10:18:51,913] [INFO] Model initialized on device: cuda:0
[2026-01-29 10:18:51,913] [INFO] [CLIENT INIT] Mode=SH | Sparsity=ON (UsedSparsity=0.2) | Clusters=OFF (UsedClusters=-) | EnvSparsityCfg={'Conv': 0.2, 'Linear': 0.2, 'Bias': 0.0, 'BatchNorm': 0.0} | EnvNClusters=3
[2026-01-29 10:18:51,926] [INFO] Model initialized on device: cuda:0
[2026-01-29 10:18:51,926] [INFO] [CLIENT INIT] Mode=SH | Sparsity=ON (UsedSparsity=0.2) | Clusters=OFF (UsedClusters=-) | EnvSparsityCfg={'Conv': 0.2, 'Linear': 0.2, 'Bias': 0.0, 'BatchNorm': 0.0} | EnvNClusters=3
[2026-01-29 10:18:51,929] [INFO] Model initialized on device: cuda:0
[2026-01-29 10:18:51,929] [INFO] [CLIENT INIT] Mode=SH | Sparsity=ON (UsedSparsity=0.2) | Clusters=OFF (UsedClusters=-) | EnvSparsityCfg={'Conv': 0.2, 'Linear': 0.2, 'Bias': 0.0, 'BatchNorm': 0.0} | EnvNClusters=3
[2026-01-29 10:18:51,935] [INFO] Model initialized on device: cuda:0
[2026-01-29 10:18:51,935] [INFO] [CLIENT INIT] Mode=SH | Sparsity=ON (UsedSparsity=0.2) | Clusters=OFF (UsedClusters=-) | EnvSparsityCfg={'Conv': 0.2, 'Linear': 0.2, 'Bias': 0.0, 'BatchNorm': 0.0} | EnvNClusters=3
[2026-01-29 10:20:44,319] [INFO] [TRAIN] Epoch 1 Loss: 0.9488
[2026-01-29 10:21:33,340] [INFO] Model initialized on device: cuda:0
[2026-01-29 10:21:33,340] [INFO] [CLIENT INIT] Mode=SH | Sparsity=ON (UsedSparsity=0.2) | Clusters=OFF (UsedClusters=-) | EnvSparsityCfg={'Conv': 0.2, 'Linear': 0.2, 'Bias': 0.0, 'BatchNorm': 0.0} | EnvNClusters=3
[2026-01-29 10:21:36,728] [INFO] Model initialized on device: cuda:0
[2026-01-29 10:21:36,728] [INFO] [CLIENT INIT] Mode=SH | Sparsity=ON (UsedSparsity=0.2) | Clusters=OFF (UsedClusters=-) | EnvSparsityCfg={'Conv': 0.2, 'Linear': 0.2, 'Bias': 0.0, 'BatchNorm': 0.0} | EnvNClusters=3
[2026-01-29 10:21:36,834] [INFO] Model initialized on device: cuda:0
[2026-01-29 10:21:36,834] [INFO] [CLIENT INIT] Mode=SH | Sparsity=ON (UsedSparsity=0.2) | Clusters=OFF (UsedClusters=-) | EnvSparsityCfg={'Conv': 0.2, 'Linear': 0.2, 'Bias': 0.0, 'BatchNorm': 0.0} | EnvNClusters=3
[2026-01-29 10:21:37,421] [INFO] Model initialized on device: cuda:0
[2026-01-29 10:21:37,421] [INFO] [CLIENT INIT] Mode=SH | Sparsity=ON (UsedSparsity=0.2) | Clusters=OFF (UsedClusters=-) | EnvSparsityCfg={'Conv': 0.2, 'Linear': 0.2, 'Bias': 0.0, 'BatchNorm': 0.0} | EnvNClusters=3
[2026-01-29 10:21:37,427] [INFO] Model initialized on device: cuda:0
[2026-01-29 10:21:37,427] [INFO] [CLIENT INIT] Mode=SH | Sparsity=ON (UsedSparsity=0.2) | Clusters=OFF (UsedClusters=-) | EnvSparsityCfg={'Conv': 0.2, 'Linear': 0.2, 'Bias': 0.0, 'BatchNorm': 0.0} | EnvNClusters=3
[2026-01-29 10:21:37,429] [INFO] Model initialized on device: cuda:0
[2026-01-29 10:21:37,429] [INFO] [CLIENT INIT] Mode=SH | Sparsity=ON (UsedSparsity=0.2) | Clusters=OFF (UsedClusters=-) | EnvSparsityCfg={'Conv': 0.2, 'Linear': 0.2, 'Bias': 0.0, 'BatchNorm': 0.0} | EnvNClusters=3
[2026-01-29 10:21:37,721] [INFO] Model initialized on device: cuda:0
[2026-01-29 10:21:37,721] [INFO] [CLIENT INIT] Mode=SH | Sparsity=ON (UsedSparsity=0.2) | Clusters=OFF (UsedClusters=-) | EnvSparsityCfg={'Conv': 0.2, 'Linear': 0.2, 'Bias': 0.0, 'BatchNorm': 0.0} | EnvNClusters=3
[2026-01-29 10:21:37,730] [INFO] Model initialized on device: cuda:0
[2026-01-29 10:21:37,730] [INFO] [CLIENT INIT] Mode=SH | Sparsity=ON (UsedSparsity=0.2) | Clusters=OFF (UsedClusters=-) | EnvSparsityCfg={'Conv': 0.2, 'Linear': 0.2, 'Bias': 0.0, 'BatchNorm': 0.0} | EnvNClusters=3
[2026-01-29 10:21:37,731] [INFO] Model initialized on device: cuda:0
[2026-01-29 10:21:37,731] [INFO] [CLIENT INIT] Mode=SH | Sparsity=ON (UsedSparsity=0.2) | Clusters=OFF (UsedClusters=-) | EnvSparsityCfg={'Conv': 0.2, 'Linear': 0.2, 'Bias': 0.0, 'BatchNorm': 0.0} | EnvNClusters=3
[2026-01-29 10:21:37,731] [INFO] Model initialized on device: cuda:0
[2026-01-29 10:21:37,731] [INFO] [CLIENT INIT] Mode=SH | Sparsity=ON (UsedSparsity=0.2) | Clusters=OFF (UsedClusters=-) | EnvSparsityCfg={'Conv': 0.2, 'Linear': 0.2, 'Bias': 0.0, 'BatchNorm': 0.0} | EnvNClusters=3
[2026-01-29 10:23:21,814] [INFO] [TRAIN] Epoch 2 Loss: 0.9471
[2026-01-29 10:24:03,118] [INFO] Model initialized on device: cuda:0
[2026-01-29 10:24:03,118] [INFO] [CLIENT INIT] Mode=SH | Sparsity=ON (UsedSparsity=0.2) | Clusters=OFF (UsedClusters=-) | EnvSparsityCfg={'Conv': 0.2, 'Linear': 0.2, 'Bias': 0.0, 'BatchNorm': 0.0} | EnvNClusters=3
[2026-01-29 10:24:03,520] [INFO] Model initialized on device: cuda:0
[2026-01-29 10:24:03,520] [INFO] [CLIENT INIT] Mode=SH | Sparsity=ON (UsedSparsity=0.2) | Clusters=OFF (UsedClusters=-) | EnvSparsityCfg={'Conv': 0.2, 'Linear': 0.2, 'Bias': 0.0, 'BatchNorm': 0.0} | EnvNClusters=3
[2026-01-29 10:24:03,721] [INFO] Model initialized on device: cuda:0
[2026-01-29 10:24:03,722] [INFO] [CLIENT INIT] Mode=SH | Sparsity=ON (UsedSparsity=0.2) | Clusters=OFF (UsedClusters=-) | EnvSparsityCfg={'Conv': 0.2, 'Linear': 0.2, 'Bias': 0.0, 'BatchNorm': 0.0} | EnvNClusters=3
[2026-01-29 10:24:03,818] [INFO] Model initialized on device: cuda:0
[2026-01-29 10:24:03,818] [INFO] [CLIENT INIT] Mode=SH | Sparsity=ON (UsedSparsity=0.2) | Clusters=OFF (UsedClusters=-) | EnvSparsityCfg={'Conv': 0.2, 'Linear': 0.2, 'Bias': 0.0, 'BatchNorm': 0.0} | EnvNClusters=3
[2026-01-29 10:24:03,820] [INFO] Model initialized on device: cuda:0
[2026-01-29 10:24:03,821] [INFO] [CLIENT INIT] Mode=SH | Sparsity=ON (UsedSparsity=0.2) | Clusters=OFF (UsedClusters=-) | EnvSparsityCfg={'Conv': 0.2, 'Linear': 0.2, 'Bias': 0.0, 'BatchNorm': 0.0} | EnvNClusters=3
[2026-01-29 10:24:03,908] [INFO] Model initialized on device: cuda:0
[2026-01-29 10:24:03,908] [INFO] [CLIENT INIT] Mode=SH | Sparsity=ON (UsedSparsity=0.2) | Clusters=OFF (UsedClusters=-) | EnvSparsityCfg={'Conv': 0.2, 'Linear': 0.2, 'Bias': 0.0, 'BatchNorm': 0.0} | EnvNClusters=3
[2026-01-29 10:24:03,930] [INFO] Model initialized on device: cuda:0
[2026-01-29 10:24:03,930] [INFO] [CLIENT INIT] Mode=SH | Sparsity=ON (UsedSparsity=0.2) | Clusters=OFF (UsedClusters=-) | EnvSparsityCfg={'Conv': 0.2, 'Linear': 0.2, 'Bias': 0.0, 'BatchNorm': 0.0} | EnvNClusters=3
[2026-01-29 10:24:04,013] [INFO] Model initialized on device: cuda:0
[2026-01-29 10:24:04,014] [INFO] [CLIENT INIT] Mode=SH | Sparsity=ON (UsedSparsity=0.2) | Clusters=OFF (UsedClusters=-) | EnvSparsityCfg={'Conv': 0.2, 'Linear': 0.2, 'Bias': 0.0, 'BatchNorm': 0.0} | EnvNClusters=3
[2026-01-29 10:24:04,219] [INFO] Model initialized on device: cuda:0
[2026-01-29 10:24:04,219] [INFO] [CLIENT INIT] Mode=SH | Sparsity=ON (UsedSparsity=0.2) | Clusters=OFF (UsedClusters=-) | EnvSparsityCfg={'Conv': 0.2, 'Linear': 0.2, 'Bias': 0.0, 'BatchNorm': 0.0} | EnvNClusters=3
[2026-01-29 10:24:04,221] [INFO] Model initialized on device: cuda:0
[2026-01-29 10:24:04,221] [INFO] [CLIENT INIT] Mode=SH | Sparsity=ON (UsedSparsity=0.2) | Clusters=OFF (UsedClusters=-) | EnvSparsityCfg={'Conv': 0.2, 'Linear': 0.2, 'Bias': 0.0, 'BatchNorm': 0.0} | EnvNClusters=3
[2026-01-29 10:25:55,914] [INFO] [TRAIN] Epoch 3 Loss: 0.9456
[2026-01-29 10:26:27,840] [INFO] Model initialized on device: cuda:0
[2026-01-29 10:26:27,840] [INFO] [CLIENT INIT] Mode=SH | Sparsity=ON (UsedSparsity=0.2) | Clusters=OFF (UsedClusters=-) | EnvSparsityCfg={'Conv': 0.2, 'Linear': 0.2, 'Bias': 0.0, 'BatchNorm': 0.0} | EnvNClusters=3
[2026-01-29 10:26:31,011] [INFO] Model initialized on device: cuda:0
[2026-01-29 10:26:31,011] [INFO] [CLIENT INIT] Mode=SH | Sparsity=ON (UsedSparsity=0.2) | Clusters=OFF (UsedClusters=-) | EnvSparsityCfg={'Conv': 0.2, 'Linear': 0.2, 'Bias': 0.0, 'BatchNorm': 0.0} | EnvNClusters=3
[2026-01-29 10:26:38,011] [INFO] Model initialized on device: cuda:0
[2026-01-29 10:26:38,011] [INFO] [CLIENT INIT] Mode=SH | Sparsity=ON (UsedSparsity=0.2) | Clusters=OFF (UsedClusters=-) | EnvSparsityCfg={'Conv': 0.2, 'Linear': 0.2, 'Bias': 0.0, 'BatchNorm': 0.0} | EnvNClusters=3
[2026-01-29 10:26:38,421] [INFO] Model initialized on device: cuda:0
[2026-01-29 10:26:38,421] [INFO] [CLIENT INIT] Mode=SH | Sparsity=ON (UsedSparsity=0.2) | Clusters=OFF (UsedClusters=-) | EnvSparsityCfg={'Conv': 0.2, 'Linear': 0.2, 'Bias': 0.0, 'BatchNorm': 0.0} | EnvNClusters=3
[2026-01-29 10:26:38,544] [INFO] Model initialized on device: cuda:0
[2026-01-29 10:26:38,544] [INFO] [CLIENT INIT] Mode=SH | Sparsity=ON (UsedSparsity=0.2) | Clusters=OFF (UsedClusters=-) | EnvSparsityCfg={'Conv': 0.2, 'Linear': 0.2, 'Bias': 0.0, 'BatchNorm': 0.0} | EnvNClusters=3
[2026-01-29 10:26:38,637] [INFO] Model initialized on device: cuda:0
[2026-01-29 10:26:38,637] [INFO] [CLIENT INIT] Mode=SH | Sparsity=ON (UsedSparsity=0.2) | Clusters=OFF (UsedClusters=-) | EnvSparsityCfg={'Conv': 0.2, 'Linear': 0.2, 'Bias': 0.0, 'BatchNorm': 0.0} | EnvNClusters=3
[2026-01-29 10:26:38,712] [INFO] Model initialized on device: cuda:0
[2026-01-29 10:26:38,713] [INFO] [CLIENT INIT] Mode=SH | Sparsity=ON (UsedSparsity=0.2) | Clusters=OFF (UsedClusters=-) | EnvSparsityCfg={'Conv': 0.2, 'Linear': 0.2, 'Bias': 0.0, 'BatchNorm': 0.0} | EnvNClusters=3
[2026-01-29 10:26:38,737] [INFO] Model initialized on device: cuda:0
[2026-01-29 10:26:38,737] [INFO] [CLIENT INIT] Mode=SH | Sparsity=ON (UsedSparsity=0.2) | Clusters=OFF (UsedClusters=-) | EnvSparsityCfg={'Conv': 0.2, 'Linear': 0.2, 'Bias': 0.0, 'BatchNorm': 0.0} | EnvNClusters=3
[2026-01-29 10:26:38,738] [INFO] Model initialized on device: cuda:0
[2026-01-29 10:26:38,738] [INFO] [CLIENT INIT] Mode=SH | Sparsity=ON (UsedSparsity=0.2) | Clusters=OFF (UsedClusters=-) | EnvSparsityCfg={'Conv': 0.2, 'Linear': 0.2, 'Bias': 0.0, 'BatchNorm': 0.0} | EnvNClusters=3
[2026-01-29 10:26:38,738] [INFO] Model initialized on device: cuda:0
[2026-01-29 10:26:38,738] [INFO] [CLIENT INIT] Mode=SH | Sparsity=ON (UsedSparsity=0.2) | Clusters=OFF (UsedClusters=-) | EnvSparsityCfg={'Conv': 0.2, 'Linear': 0.2, 'Bias': 0.0, 'BatchNorm': 0.0} | EnvNClusters=3
[2026-01-29 10:28:20,712] [INFO] [TRAIN] Epoch 4 Loss: 0.9441
[2026-01-29 10:29:06,412] [INFO] Model initialized on device: cuda:0
[2026-01-29 10:29:06,412] [INFO] [CLIENT INIT] Mode=SH | Sparsity=ON (UsedSparsity=0.2) | Clusters=OFF (UsedClusters=-) | EnvSparsityCfg={'Conv': 0.2, 'Linear': 0.2, 'Bias': 0.0, 'BatchNorm': 0.0} | EnvNClusters=3
[2026-01-29 10:29:06,420] [INFO] Model initialized on device: cuda:0
[2026-01-29 10:29:06,421] [INFO] [CLIENT INIT] Mode=SH | Sparsity=ON (UsedSparsity=0.2) | Clusters=OFF (UsedClusters=-) | EnvSparsityCfg={'Conv': 0.2, 'Linear': 0.2, 'Bias': 0.0, 'BatchNorm': 0.0} | EnvNClusters=3
[2026-01-29 10:29:06,442] [INFO] Model initialized on device: cuda:0
[2026-01-29 10:29:06,443] [INFO] [CLIENT INIT] Mode=SH | Sparsity=ON (UsedSparsity=0.2) | Clusters=OFF (UsedClusters=-) | EnvSparsityCfg={'Conv': 0.2, 'Linear': 0.2, 'Bias': 0.0, 'BatchNorm': 0.0} | EnvNClusters=3
[2026-01-29 10:29:06,444] [INFO] Model initialized on device: cuda:0
[2026-01-29 10:29:06,444] [INFO] [CLIENT INIT] Mode=SH | Sparsity=ON (UsedSparsity=0.2) | Clusters=OFF (UsedClusters=-) | EnvSparsityCfg={'Conv': 0.2, 'Linear': 0.2, 'Bias': 0.0, 'BatchNorm': 0.0} | EnvNClusters=3
[2026-01-29 10:29:06,509] [INFO] Model initialized on device: cuda:0
[2026-01-29 10:29:06,509] [INFO] [CLIENT INIT] Mode=SH | Sparsity=ON (UsedSparsity=0.2) | Clusters=OFF (UsedClusters=-) | EnvSparsityCfg={'Conv': 0.2, 'Linear': 0.2, 'Bias': 0.0, 'BatchNorm': 0.0} | EnvNClusters=3
[2026-01-29 10:29:06,536] [INFO] Model initialized on device: cuda:0
[2026-01-29 10:29:06,536] [INFO] [CLIENT INIT] Mode=SH | Sparsity=ON (UsedSparsity=0.2) | Clusters=OFF (UsedClusters=-) | EnvSparsityCfg={'Conv': 0.2, 'Linear': 0.2, 'Bias': 0.0, 'BatchNorm': 0.0} | EnvNClusters=3
[2026-01-29 10:29:06,537] [INFO] Model initialized on device: cuda:0
[2026-01-29 10:29:06,537] [INFO] [CLIENT INIT] Mode=SH | Sparsity=ON (UsedSparsity=0.2) | Clusters=OFF (UsedClusters=-) | EnvSparsityCfg={'Conv': 0.2, 'Linear': 0.2, 'Bias': 0.0, 'BatchNorm': 0.0} | EnvNClusters=3
[2026-01-29 10:29:06,540] [INFO] Model initialized on device: cuda:0
[2026-01-29 10:29:06,540] [INFO] [CLIENT INIT] Mode=SH | Sparsity=ON (UsedSparsity=0.2) | Clusters=OFF (UsedClusters=-) | EnvSparsityCfg={'Conv': 0.2, 'Linear': 0.2, 'Bias': 0.0, 'BatchNorm': 0.0} | EnvNClusters=3
[2026-01-29 10:29:06,541] [INFO] Model initialized on device: cuda:0
[2026-01-29 10:29:06,541] [INFO] [CLIENT INIT] Mode=SH | Sparsity=ON (UsedSparsity=0.2) | Clusters=OFF (UsedClusters=-) | EnvSparsityCfg={'Conv': 0.2, 'Linear': 0.2, 'Bias': 0.0, 'BatchNorm': 0.0} | EnvNClusters=3
[2026-01-29 10:29:06,541] [INFO] Model initialized on device: cuda:0
[2026-01-29 10:29:06,541] [INFO] [CLIENT INIT] Mode=SH | Sparsity=ON (UsedSparsity=0.2) | Clusters=OFF (UsedClusters=-) | EnvSparsityCfg={'Conv': 0.2, 'Linear': 0.2, 'Bias': 0.0, 'BatchNorm': 0.0} | EnvNClusters=3
[2026-01-29 10:30:48,914] [INFO] [TRAIN] Epoch 5 Loss: 0.9424
[2026-01-29 10:30:48,915] [INFO] [FIT] Local training finished. Avg Loss: 0.9456
[2026-01-29 10:31:21,133] [INFO] Model initialized on device: cuda:0
[2026-01-29 10:31:21,133] [INFO] [CLIENT INIT] Mode=SH | Sparsity=ON (UsedSparsity=0.2) | Clusters=OFF (UsedClusters=-) | EnvSparsityCfg={'Conv': 0.2, 'Linear': 0.2, 'Bias': 0.0, 'BatchNorm': 0.0} | EnvNClusters=3
[2026-01-29 10:31:25,315] [INFO] Model initialized on device: cuda:0
[2026-01-29 10:31:25,315] [INFO] [CLIENT INIT] Mode=SH | Sparsity=ON (UsedSparsity=0.2) | Clusters=OFF (UsedClusters=-) | EnvSparsityCfg={'Conv': 0.2, 'Linear': 0.2, 'Bias': 0.0, 'BatchNorm': 0.0} | EnvNClusters=3
[2026-01-29 10:31:26,049] [INFO] Model initialized on device: cuda:0
[2026-01-29 10:31:26,049] [INFO] [CLIENT INIT] Mode=SH | Sparsity=ON (UsedSparsity=0.2) | Clusters=OFF (UsedClusters=-) | EnvSparsityCfg={'Conv': 0.2, 'Linear': 0.2, 'Bias': 0.0, 'BatchNorm': 0.0} | EnvNClusters=3
[2026-01-29 10:31:29,340] [INFO] Model initialized on device: cuda:0
[2026-01-29 10:31:29,340] [INFO] [CLIENT INIT] Mode=SH | Sparsity=ON (UsedSparsity=0.2) | Clusters=OFF (UsedClusters=-) | EnvSparsityCfg={'Conv': 0.2, 'Linear': 0.2, 'Bias': 0.0, 'BatchNorm': 0.0} | EnvNClusters=3
[2026-01-29 10:31:30,133] [INFO] Model initialized on device: cuda:0
[2026-01-29 10:31:30,133] [INFO] [CLIENT INIT] Mode=SH | Sparsity=ON (UsedSparsity=0.2) | Clusters=OFF (UsedClusters=-) | EnvSparsityCfg={'Conv': 0.2, 'Linear': 0.2, 'Bias': 0.0, 'BatchNorm': 0.0} | EnvNClusters=3
[2026-01-29 10:31:30,612] [INFO] Model initialized on device: cuda:0
[2026-01-29 10:31:30,612] [INFO] [CLIENT INIT] Mode=SH | Sparsity=ON (UsedSparsity=0.2) | Clusters=OFF (UsedClusters=-) | EnvSparsityCfg={'Conv': 0.2, 'Linear': 0.2, 'Bias': 0.0, 'BatchNorm': 0.0} | EnvNClusters=3
[2026-01-29 10:31:32,123] [INFO] Model initialized on device: cuda:0
[2026-01-29 10:31:32,123] [INFO] Model initialized on device: cuda:0
[2026-01-29 10:31:32,123] [INFO] [CLIENT INIT] Mode=SH | Sparsity=ON (UsedSparsity=0.2) | Clusters=OFF (UsedClusters=-) | EnvSparsityCfg={'Conv': 0.2, 'Linear': 0.2, 'Bias': 0.0, 'BatchNorm': 0.0} | EnvNClusters=3
[2026-01-29 10:31:32,123] [INFO] [CLIENT INIT] Mode=SH | Sparsity=ON (UsedSparsity=0.2) | Clusters=OFF (UsedClusters=-) | EnvSparsityCfg={'Conv': 0.2, 'Linear': 0.2, 'Bias': 0.0, 'BatchNorm': 0.0} | EnvNClusters=3
[2026-01-29 10:31:32,217] [INFO] Model initialized on device: cuda:0
[2026-01-29 10:31:32,217] [INFO] [CLIENT INIT] Mode=SH | Sparsity=ON (UsedSparsity=0.2) | Clusters=OFF (UsedClusters=-) | EnvSparsityCfg={'Conv': 0.2, 'Linear': 0.2, 'Bias': 0.0, 'BatchNorm': 0.0} | EnvNClusters=3
[2026-01-29 10:31:32,313] [INFO] Model initialized on device: cuda:0
[2026-01-29 10:31:32,313] [INFO] [CLIENT INIT] Mode=SH | Sparsity=ON (UsedSparsity=0.2) | Clusters=OFF (UsedClusters=-) | EnvSparsityCfg={'Conv': 0.2, 'Linear': 0.2, 'Bias': 0.0, 'BatchNorm': 0.0} | EnvNClusters=3
[2026-01-29 10:31:32,313] [DEBUG] [TEST] Batch 1 | Pred shape: torch.Size([256, 256, 160]) | Label shape: torch.Size([256, 256, 160])
[2026-01-29 10:31:36,115] [DEBUG] [TEST] Batch 2 | Pred shape: torch.Size([256, 256, 160]) | Label shape: torch.Size([256, 256, 160])
[2026-01-29 10:31:36,249] [DEBUG] [TEST] Batch 3 | Pred shape: torch.Size([256, 256, 160]) | Label shape: torch.Size([256, 256, 160])
[2026-01-29 10:31:36,358] [DEBUG] [TEST] Batch 4 | Pred shape: torch.Size([256, 256, 160]) | Label shape: torch.Size([256, 256, 160])
[2026-01-29 10:31:37,829] [DEBUG] [TEST] Batch 5 | Pred shape: torch.Size([256, 256, 160]) | Label shape: torch.Size([256, 256, 160])
[2026-01-29 10:31:38,013] [DEBUG] [TEST] Batch 6 | Pred shape: torch.Size([256, 256, 160]) | Label shape: torch.Size([256, 256, 160])
[2026-01-29 10:31:38,347] [DEBUG] [TEST] Batch 7 | Pred shape: torch.Size([256, 256, 160]) | Label shape: torch.Size([256, 256, 160])
[2026-01-29 10:31:38,539] [DEBUG] [TEST] Batch 8 | Pred shape: torch.Size([256, 256, 160]) | Label shape: torch.Size([256, 256, 160])
[2026-01-29 10:31:38,614] [DEBUG] [TEST] Batch 9 | Pred shape: torch.Size([256, 256, 160]) | Label shape: torch.Size([256, 256, 160])
[2026-01-29 10:31:38,918] [DEBUG] [TEST] Batch 10 | Pred shape: torch.Size([256, 256, 160]) | Label shape: torch.Size([256, 256, 160])
[2026-01-29 10:31:39,012] [DEBUG] [TEST] Batch 11 | Pred shape: torch.Size([256, 256, 160]) | Label shape: torch.Size([256, 256, 160])
[2026-01-29 10:31:40,813] [DEBUG] [TEST] Batch 12 | Pred shape: torch.Size([256, 256, 160]) | Label shape: torch.Size([256, 256, 160])
[2026-01-29 10:31:40,911] [DEBUG] [TEST] Batch 13 | Pred shape: torch.Size([256, 256, 160]) | Label shape: torch.Size([256, 256, 160])
[2026-01-29 10:31:41,008] [DEBUG] [TEST] Batch 14 | Pred shape: torch.Size([256, 256, 160]) | Label shape: torch.Size([256, 256, 160])
[2026-01-29 10:31:41,522] [DEBUG] [TEST] Batch 15 | Pred shape: torch.Size([256, 256, 160]) | Label shape: torch.Size([256, 256, 160])
[2026-01-29 10:31:41,743] [DEBUG] [TEST] Batch 16 | Pred shape: torch.Size([256, 256, 160]) | Label shape: torch.Size([256, 256, 160])
[2026-01-29 10:31:47,407] [INFO] [FIT] Final model saved to: Revision2/Run_UNET_NonIID_SH20_20260129/Client3/model_final.pth
[2026-01-29 10:32:07,328] [INFO] [COMM][CLIENT] Round=-1 Mode=SH UsedSparsity=0.2 UsedClusters=- BaselineBits=154016352.0 CompressedBits=166462079.7 CR=0.925
[2026-01-29 10:39:59,823] [INFO] [EVALUATE] Starting evaluation...
[2026-01-29 10:40:01,427] [INFO] [DEBUG] Loaded compressed decoded weights.
[2026-01-29 10:41:07,007] [INFO] Model initialized on device: cuda:0
[2026-01-29 10:41:07,007] [INFO] [CLIENT INIT] Mode=SH | Sparsity=ON (UsedSparsity=0.2) | Clusters=OFF (UsedClusters=-) | EnvSparsityCfg={'Conv': 0.2, 'Linear': 0.2, 'Bias': 0.0, 'BatchNorm': 0.0} | EnvNClusters=3
[2026-01-29 10:41:07,026] [INFO] Model initialized on device: cuda:0
[2026-01-29 10:41:07,026] [INFO] [CLIENT INIT] Mode=SH | Sparsity=ON (UsedSparsity=0.2) | Clusters=OFF (UsedClusters=-) | EnvSparsityCfg={'Conv': 0.2, 'Linear': 0.2, 'Bias': 0.0, 'BatchNorm': 0.0} | EnvNClusters=3
[2026-01-29 10:41:07,537] [INFO] Model initialized on device: cuda:0
[2026-01-29 10:41:07,537] [INFO] [CLIENT INIT] Mode=SH | Sparsity=ON (UsedSparsity=0.2) | Clusters=OFF (UsedClusters=-) | EnvSparsityCfg={'Conv': 0.2, 'Linear': 0.2, 'Bias': 0.0, 'BatchNorm': 0.0} | EnvNClusters=3
[2026-01-29 10:41:08,043] [INFO] Model initialized on device: cuda:0
[2026-01-29 10:41:08,043] [INFO] [CLIENT INIT] Mode=SH | Sparsity=ON (UsedSparsity=0.2) | Clusters=OFF (UsedClusters=-) | EnvSparsityCfg={'Conv': 0.2, 'Linear': 0.2, 'Bias': 0.0, 'BatchNorm': 0.0} | EnvNClusters=3
[2026-01-29 10:41:08,116] [INFO] Model initialized on device: cuda:0
[2026-01-29 10:41:08,116] [INFO] [CLIENT INIT] Mode=SH | Sparsity=ON (UsedSparsity=0.2) | Clusters=OFF (UsedClusters=-) | EnvSparsityCfg={'Conv': 0.2, 'Linear': 0.2, 'Bias': 0.0, 'BatchNorm': 0.0} | EnvNClusters=3
[2026-01-29 10:41:08,238] [INFO] Model initialized on device: cuda:0
[2026-01-29 10:41:08,238] [INFO] Model initialized on device: cuda:0
[2026-01-29 10:41:08,239] [INFO] [CLIENT INIT] Mode=SH | Sparsity=ON (UsedSparsity=0.2) | Clusters=OFF (UsedClusters=-) | EnvSparsityCfg={'Conv': 0.2, 'Linear': 0.2, 'Bias': 0.0, 'BatchNorm': 0.0} | EnvNClusters=3
[2026-01-29 10:41:08,239] [INFO] [CLIENT INIT] Mode=SH | Sparsity=ON (UsedSparsity=0.2) | Clusters=OFF (UsedClusters=-) | EnvSparsityCfg={'Conv': 0.2, 'Linear': 0.2, 'Bias': 0.0, 'BatchNorm': 0.0} | EnvNClusters=3
[2026-01-29 10:41:08,339] [INFO] Model initialized on device: cuda:0
[2026-01-29 10:41:08,340] [INFO] [CLIENT INIT] Mode=SH | Sparsity=ON (UsedSparsity=0.2) | Clusters=OFF (UsedClusters=-) | EnvSparsityCfg={'Conv': 0.2, 'Linear': 0.2, 'Bias': 0.0, 'BatchNorm': 0.0} | EnvNClusters=3
[2026-01-29 10:41:08,412] [INFO] Model initialized on device: cuda:0
[2026-01-29 10:41:08,412] [INFO] [CLIENT INIT] Mode=SH | Sparsity=ON (UsedSparsity=0.2) | Clusters=OFF (UsedClusters=-) | EnvSparsityCfg={'Conv': 0.2, 'Linear': 0.2, 'Bias': 0.0, 'BatchNorm': 0.0} | EnvNClusters=3
[2026-01-29 10:41:08,412] [INFO] Model initialized on device: cuda:0
[2026-01-29 10:41:08,412] [INFO] [CLIENT INIT] Mode=SH | Sparsity=ON (UsedSparsity=0.2) | Clusters=OFF (UsedClusters=-) | EnvSparsityCfg={'Conv': 0.2, 'Linear': 0.2, 'Bias': 0.0, 'BatchNorm': 0.0} | EnvNClusters=3
[2026-01-29 10:41:16,717] [DEBUG] [TEST] Batch 1 | Pred shape: torch.Size([256, 256, 160]) | Label shape: torch.Size([256, 256, 160])
[2026-01-29 10:41:16,841] [DEBUG] [TEST] Batch 2 | Pred shape: torch.Size([256, 256, 160]) | Label shape: torch.Size([256, 256, 160])
[2026-01-29 10:41:17,148] [DEBUG] [TEST] Batch 3 | Pred shape: torch.Size([256, 256, 160]) | Label shape: torch.Size([256, 256, 160])
[2026-01-29 10:41:17,437] [DEBUG] [TEST] Batch 4 | Pred shape: torch.Size([256, 256, 160]) | Label shape: torch.Size([256, 256, 160])
[2026-01-29 10:41:17,648] [DEBUG] [TEST] Batch 5 | Pred shape: torch.Size([256, 256, 160]) | Label shape: torch.Size([256, 256, 160])
[2026-01-29 10:41:17,937] [DEBUG] [TEST] Batch 6 | Pred shape: torch.Size([256, 256, 160]) | Label shape: torch.Size([256, 256, 160])
[2026-01-29 10:41:18,226] [DEBUG] [TEST] Batch 7 | Pred shape: torch.Size([256, 256, 160]) | Label shape: torch.Size([256, 256, 160])
[2026-01-29 10:41:18,522] [DEBUG] [TEST] Batch 8 | Pred shape: torch.Size([256, 256, 160]) | Label shape: torch.Size([256, 256, 160])
[2026-01-29 10:41:18,728] [DEBUG] [TEST] Batch 9 | Pred shape: torch.Size([256, 256, 160]) | Label shape: torch.Size([256, 256, 160])
[2026-01-29 10:41:19,027] [DEBUG] [TEST] Batch 10 | Pred shape: torch.Size([256, 256, 160]) | Label shape: torch.Size([256, 256, 160])
[2026-01-29 10:41:21,439] [DEBUG] [TEST] Batch 11 | Pred shape: torch.Size([256, 256, 160]) | Label shape: torch.Size([256, 256, 160])
[2026-01-29 10:41:21,619] [DEBUG] [TEST] Batch 12 | Pred shape: torch.Size([256, 256, 160]) | Label shape: torch.Size([256, 256, 160])
[2026-01-29 10:41:21,717] [DEBUG] [TEST] Batch 13 | Pred shape: torch.Size([256, 256, 160]) | Label shape: torch.Size([256, 256, 160])
[2026-01-29 10:41:21,927] [DEBUG] [TEST] Batch 14 | Pred shape: torch.Size([256, 256, 160]) | Label shape: torch.Size([256, 256, 160])
[2026-01-29 10:41:22,120] [DEBUG] [TEST] Batch 15 | Pred shape: torch.Size([256, 256, 160]) | Label shape: torch.Size([256, 256, 160])
[2026-01-29 10:41:22,315] [DEBUG] [TEST] Batch 16 | Pred shape: torch.Size([256, 256, 160]) | Label shape: torch.Size([256, 256, 160])
[2026-01-29 10:41:30,210] [INFO] [EVALUATE] Dice WT: 0.0225
[2026-01-29 10:41:44,375] [INFO] [FIT] Received parameters. Starting local training...
[2026-01-29 10:41:45,924] [INFO] [DEBUG] Loaded compressed decoded weights.
[2026-01-29 10:42:46,927] [INFO] Model initialized on device: cuda:0
[2026-01-29 10:42:46,928] [INFO] [CLIENT INIT] Mode=SH | Sparsity=ON (UsedSparsity=0.2) | Clusters=OFF (UsedClusters=-) | EnvSparsityCfg={'Conv': 0.2, 'Linear': 0.2, 'Bias': 0.0, 'BatchNorm': 0.0} | EnvNClusters=3
[2026-01-29 10:42:47,029] [INFO] Model initialized on device: cuda:0
[2026-01-29 10:42:47,029] [INFO] [CLIENT INIT] Mode=SH | Sparsity=ON (UsedSparsity=0.2) | Clusters=OFF (UsedClusters=-) | EnvSparsityCfg={'Conv': 0.2, 'Linear': 0.2, 'Bias': 0.0, 'BatchNorm': 0.0} | EnvNClusters=3
[2026-01-29 10:42:47,153] [INFO] Model initialized on device: cuda:0
[2026-01-29 10:42:47,154] [INFO] [CLIENT INIT] Mode=SH | Sparsity=ON (UsedSparsity=0.2) | Clusters=OFF (UsedClusters=-) | EnvSparsityCfg={'Conv': 0.2, 'Linear': 0.2, 'Bias': 0.0, 'BatchNorm': 0.0} | EnvNClusters=3
[2026-01-29 10:42:50,209] [INFO] Model initialized on device: cuda:0
[2026-01-29 10:42:50,210] [INFO] [CLIENT INIT] Mode=SH | Sparsity=ON (UsedSparsity=0.2) | Clusters=OFF (UsedClusters=-) | EnvSparsityCfg={'Conv': 0.2, 'Linear': 0.2, 'Bias': 0.0, 'BatchNorm': 0.0} | EnvNClusters=3
[2026-01-29 10:42:50,217] [INFO] Model initialized on device: cuda:0
[2026-01-29 10:42:50,217] [INFO] [CLIENT INIT] Mode=SH | Sparsity=ON (UsedSparsity=0.2) | Clusters=OFF (UsedClusters=-) | EnvSparsityCfg={'Conv': 0.2, 'Linear': 0.2, 'Bias': 0.0, 'BatchNorm': 0.0} | EnvNClusters=3
[2026-01-29 10:42:50,623] [INFO] Model initialized on device: cuda:0
[2026-01-29 10:42:50,623] [INFO] [CLIENT INIT] Mode=SH | Sparsity=ON (UsedSparsity=0.2) | Clusters=OFF (UsedClusters=-) | EnvSparsityCfg={'Conv': 0.2, 'Linear': 0.2, 'Bias': 0.0, 'BatchNorm': 0.0} | EnvNClusters=3
[2026-01-29 10:42:50,625] [INFO] Model initialized on device: cuda:0
[2026-01-29 10:42:50,626] [INFO] [CLIENT INIT] Mode=SH | Sparsity=ON (UsedSparsity=0.2) | Clusters=OFF (UsedClusters=-) | EnvSparsityCfg={'Conv': 0.2, 'Linear': 0.2, 'Bias': 0.0, 'BatchNorm': 0.0} | EnvNClusters=3
[2026-01-29 10:42:50,636] [INFO] Model initialized on device: cuda:0
[2026-01-29 10:42:50,637] [INFO] [CLIENT INIT] Mode=SH | Sparsity=ON (UsedSparsity=0.2) | Clusters=OFF (UsedClusters=-) | EnvSparsityCfg={'Conv': 0.2, 'Linear': 0.2, 'Bias': 0.0, 'BatchNorm': 0.0} | EnvNClusters=3
[2026-01-29 10:42:50,638] [INFO] Model initialized on device: cuda:0
[2026-01-29 10:42:50,638] [INFO] [CLIENT INIT] Mode=SH | Sparsity=ON (UsedSparsity=0.2) | Clusters=OFF (UsedClusters=-) | EnvSparsityCfg={'Conv': 0.2, 'Linear': 0.2, 'Bias': 0.0, 'BatchNorm': 0.0} | EnvNClusters=3
[2026-01-29 10:42:50,641] [INFO] Model initialized on device: cuda:0
[2026-01-29 10:42:50,641] [INFO] [CLIENT INIT] Mode=SH | Sparsity=ON (UsedSparsity=0.2) | Clusters=OFF (UsedClusters=-) | EnvSparsityCfg={'Conv': 0.2, 'Linear': 0.2, 'Bias': 0.0, 'BatchNorm': 0.0} | EnvNClusters=3
[2026-01-29 10:44:41,617] [INFO] [TRAIN] Epoch 1 Loss: 0.9308
[2026-01-29 10:45:30,232] [INFO] Model initialized on device: cuda:0
[2026-01-29 10:45:30,232] [INFO] [CLIENT INIT] Mode=SH | Sparsity=ON (UsedSparsity=0.2) | Clusters=OFF (UsedClusters=-) | EnvSparsityCfg={'Conv': 0.2, 'Linear': 0.2, 'Bias': 0.0, 'BatchNorm': 0.0} | EnvNClusters=3
[2026-01-29 10:45:30,235] [INFO] Model initialized on device: cuda:0
[2026-01-29 10:45:30,235] [INFO] [CLIENT INIT] Mode=SH | Sparsity=ON (UsedSparsity=0.2) | Clusters=OFF (UsedClusters=-) | EnvSparsityCfg={'Conv': 0.2, 'Linear': 0.2, 'Bias': 0.0, 'BatchNorm': 0.0} | EnvNClusters=3
[2026-01-29 10:45:30,424] [INFO] Model initialized on device: cuda:0
[2026-01-29 10:45:30,425] [INFO] [CLIENT INIT] Mode=SH | Sparsity=ON (UsedSparsity=0.2) | Clusters=OFF (UsedClusters=-) | EnvSparsityCfg={'Conv': 0.2, 'Linear': 0.2, 'Bias': 0.0, 'BatchNorm': 0.0} | EnvNClusters=3
[2026-01-29 10:45:30,519] [INFO] Model initialized on device: cuda:0
[2026-01-29 10:45:30,520] [INFO] [CLIENT INIT] Mode=SH | Sparsity=ON (UsedSparsity=0.2) | Clusters=OFF (UsedClusters=-) | EnvSparsityCfg={'Conv': 0.2, 'Linear': 0.2, 'Bias': 0.0, 'BatchNorm': 0.0} | EnvNClusters=3
[2026-01-29 10:45:30,542] [INFO] Model initialized on device: cuda:0
[2026-01-29 10:45:30,542] [INFO] [CLIENT INIT] Mode=SH | Sparsity=ON (UsedSparsity=0.2) | Clusters=OFF (UsedClusters=-) | EnvSparsityCfg={'Conv': 0.2, 'Linear': 0.2, 'Bias': 0.0, 'BatchNorm': 0.0} | EnvNClusters=3
[2026-01-29 10:45:30,615] [INFO] Model initialized on device: cuda:0
[2026-01-29 10:45:30,615] [INFO] [CLIENT INIT] Mode=SH | Sparsity=ON (UsedSparsity=0.2) | Clusters=OFF (UsedClusters=-) | EnvSparsityCfg={'Conv': 0.2, 'Linear': 0.2, 'Bias': 0.0, 'BatchNorm': 0.0} | EnvNClusters=3
[2026-01-29 10:45:30,616] [INFO] Model initialized on device: cuda:0
[2026-01-29 10:45:30,616] [INFO] [CLIENT INIT] Mode=SH | Sparsity=ON (UsedSparsity=0.2) | Clusters=OFF (UsedClusters=-) | EnvSparsityCfg={'Conv': 0.2, 'Linear': 0.2, 'Bias': 0.0, 'BatchNorm': 0.0} | EnvNClusters=3
[2026-01-29 10:45:30,628] [INFO] Model initialized on device: cuda:0
[2026-01-29 10:45:30,628] [INFO] [CLIENT INIT] Mode=SH | Sparsity=ON (UsedSparsity=0.2) | Clusters=OFF (UsedClusters=-) | EnvSparsityCfg={'Conv': 0.2, 'Linear': 0.2, 'Bias': 0.0, 'BatchNorm': 0.0} | EnvNClusters=3
[2026-01-29 10:45:30,634] [INFO] Model initialized on device: cuda:0
[2026-01-29 10:45:30,634] [INFO] [CLIENT INIT] Mode=SH | Sparsity=ON (UsedSparsity=0.2) | Clusters=OFF (UsedClusters=-) | EnvSparsityCfg={'Conv': 0.2, 'Linear': 0.2, 'Bias': 0.0, 'BatchNorm': 0.0} | EnvNClusters=3
[2026-01-29 10:45:30,637] [INFO] Model initialized on device: cuda:0
[2026-01-29 10:45:30,637] [INFO] [CLIENT INIT] Mode=SH | Sparsity=ON (UsedSparsity=0.2) | Clusters=OFF (UsedClusters=-) | EnvSparsityCfg={'Conv': 0.2, 'Linear': 0.2, 'Bias': 0.0, 'BatchNorm': 0.0} | EnvNClusters=3
[2026-01-29 10:47:22,313] [INFO] [TRAIN] Epoch 2 Loss: 0.9250
[2026-01-29 10:48:00,720] [INFO] Model initialized on device: cuda:0
[2026-01-29 10:48:00,720] [INFO] [CLIENT INIT] Mode=SH | Sparsity=ON (UsedSparsity=0.2) | Clusters=OFF (UsedClusters=-) | EnvSparsityCfg={'Conv': 0.2, 'Linear': 0.2, 'Bias': 0.0, 'BatchNorm': 0.0} | EnvNClusters=3
[2026-01-29 10:48:00,927] [INFO] Model initialized on device: cuda:0
[2026-01-29 10:48:00,927] [INFO] [CLIENT INIT] Mode=SH | Sparsity=ON (UsedSparsity=0.2) | Clusters=OFF (UsedClusters=-) | EnvSparsityCfg={'Conv': 0.2, 'Linear': 0.2, 'Bias': 0.0, 'BatchNorm': 0.0} | EnvNClusters=3
[2026-01-29 10:48:01,122] [INFO] Model initialized on device: cuda:0
[2026-01-29 10:48:01,122] [INFO] [CLIENT INIT] Mode=SH | Sparsity=ON (UsedSparsity=0.2) | Clusters=OFF (UsedClusters=-) | EnvSparsityCfg={'Conv': 0.2, 'Linear': 0.2, 'Bias': 0.0, 'BatchNorm': 0.0} | EnvNClusters=3
[2026-01-29 10:48:01,229] [INFO] Model initialized on device: cuda:0
[2026-01-29 10:48:01,229] [INFO] [CLIENT INIT] Mode=SH | Sparsity=ON (UsedSparsity=0.2) | Clusters=OFF (UsedClusters=-) | EnvSparsityCfg={'Conv': 0.2, 'Linear': 0.2, 'Bias': 0.0, 'BatchNorm': 0.0} | EnvNClusters=3
[2026-01-29 10:48:01,507] [INFO] Model initialized on device: cuda:0
[2026-01-29 10:48:01,507] [INFO] [CLIENT INIT] Mode=SH | Sparsity=ON (UsedSparsity=0.2) | Clusters=OFF (UsedClusters=-) | EnvSparsityCfg={'Conv': 0.2, 'Linear': 0.2, 'Bias': 0.0, 'BatchNorm': 0.0} | EnvNClusters=3
[2026-01-29 10:48:01,612] [INFO] Model initialized on device: cuda:0
[2026-01-29 10:48:01,612] [INFO] [CLIENT INIT] Mode=SH | Sparsity=ON (UsedSparsity=0.2) | Clusters=OFF (UsedClusters=-) | EnvSparsityCfg={'Conv': 0.2, 'Linear': 0.2, 'Bias': 0.0, 'BatchNorm': 0.0} | EnvNClusters=3
[2026-01-29 10:48:01,722] [INFO] Model initialized on device: cuda:0
[2026-01-29 10:48:01,723] [INFO] [CLIENT INIT] Mode=SH | Sparsity=ON (UsedSparsity=0.2) | Clusters=OFF (UsedClusters=-) | EnvSparsityCfg={'Conv': 0.2, 'Linear': 0.2, 'Bias': 0.0, 'BatchNorm': 0.0} | EnvNClusters=3
[2026-01-29 10:48:01,726] [INFO] Model initialized on device: cuda:0
[2026-01-29 10:48:01,726] [INFO] [CLIENT INIT] Mode=SH | Sparsity=ON (UsedSparsity=0.2) | Clusters=OFF (UsedClusters=-) | EnvSparsityCfg={'Conv': 0.2, 'Linear': 0.2, 'Bias': 0.0, 'BatchNorm': 0.0} | EnvNClusters=3
[2026-01-29 10:48:01,828] [INFO] Model initialized on device: cuda:0
[2026-01-29 10:48:01,828] [INFO] [CLIENT INIT] Mode=SH | Sparsity=ON (UsedSparsity=0.2) | Clusters=OFF (UsedClusters=-) | EnvSparsityCfg={'Conv': 0.2, 'Linear': 0.2, 'Bias': 0.0, 'BatchNorm': 0.0} | EnvNClusters=3
[2026-01-29 10:48:01,829] [INFO] Model initialized on device: cuda:0
[2026-01-29 10:48:01,829] [INFO] [CLIENT INIT] Mode=SH | Sparsity=ON (UsedSparsity=0.2) | Clusters=OFF (UsedClusters=-) | EnvSparsityCfg={'Conv': 0.2, 'Linear': 0.2, 'Bias': 0.0, 'BatchNorm': 0.0} | EnvNClusters=3
[2026-01-29 10:49:52,912] [INFO] [TRAIN] Epoch 3 Loss: 0.9198
[2026-01-29 10:50:26,635] [INFO] Model initialized on device: cuda:0
[2026-01-29 10:50:26,635] [INFO] [CLIENT INIT] Mode=SH | Sparsity=ON (UsedSparsity=0.2) | Clusters=OFF (UsedClusters=-) | EnvSparsityCfg={'Conv': 0.2, 'Linear': 0.2, 'Bias': 0.0, 'BatchNorm': 0.0} | EnvNClusters=3
[2026-01-29 10:50:29,938] [INFO] Model initialized on device: cuda:0
[2026-01-29 10:50:29,938] [INFO] [CLIENT INIT] Mode=SH | Sparsity=ON (UsedSparsity=0.2) | Clusters=OFF (UsedClusters=-) | EnvSparsityCfg={'Conv': 0.2, 'Linear': 0.2, 'Bias': 0.0, 'BatchNorm': 0.0} | EnvNClusters=3
[2026-01-29 10:50:38,514] [INFO] Model initialized on device: cuda:0
[2026-01-29 10:50:38,514] [INFO] [CLIENT INIT] Mode=SH | Sparsity=ON (UsedSparsity=0.2) | Clusters=OFF (UsedClusters=-) | EnvSparsityCfg={'Conv': 0.2, 'Linear': 0.2, 'Bias': 0.0, 'BatchNorm': 0.0} | EnvNClusters=3
[2026-01-29 10:50:39,718] [INFO] Model initialized on device: cuda:0
[2026-01-29 10:50:39,718] [INFO] [CLIENT INIT] Mode=SH | Sparsity=ON (UsedSparsity=0.2) | Clusters=OFF (UsedClusters=-) | EnvSparsityCfg={'Conv': 0.2, 'Linear': 0.2, 'Bias': 0.0, 'BatchNorm': 0.0} | EnvNClusters=3
[2026-01-29 10:50:41,415] [INFO] Model initialized on device: cuda:0
[2026-01-29 10:50:41,416] [INFO] [CLIENT INIT] Mode=SH | Sparsity=ON (UsedSparsity=0.2) | Clusters=OFF (UsedClusters=-) | EnvSparsityCfg={'Conv': 0.2, 'Linear': 0.2, 'Bias': 0.0, 'BatchNorm': 0.0} | EnvNClusters=3
[2026-01-29 10:50:41,528] [INFO] Model initialized on device: cuda:0
[2026-01-29 10:50:41,528] [INFO] [CLIENT INIT] Mode=SH | Sparsity=ON (UsedSparsity=0.2) | Clusters=OFF (UsedClusters=-) | EnvSparsityCfg={'Conv': 0.2, 'Linear': 0.2, 'Bias': 0.0, 'BatchNorm': 0.0} | EnvNClusters=3
[2026-01-29 10:50:41,609] [INFO] Model initialized on device: cuda:0
[2026-01-29 10:50:41,609] [INFO] [CLIENT INIT] Mode=SH | Sparsity=ON (UsedSparsity=0.2) | Clusters=OFF (UsedClusters=-) | EnvSparsityCfg={'Conv': 0.2, 'Linear': 0.2, 'Bias': 0.0, 'BatchNorm': 0.0} | EnvNClusters=3
[2026-01-29 10:50:41,613] [INFO] Model initialized on device: cuda:0
[2026-01-29 10:50:41,614] [INFO] [CLIENT INIT] Mode=SH | Sparsity=ON (UsedSparsity=0.2) | Clusters=OFF (UsedClusters=-) | EnvSparsityCfg={'Conv': 0.2, 'Linear': 0.2, 'Bias': 0.0, 'BatchNorm': 0.0} | EnvNClusters=3
[2026-01-29 10:50:41,616] [INFO] Model initialized on device: cuda:0
[2026-01-29 10:50:41,616] [INFO] [CLIENT INIT] Mode=SH | Sparsity=ON (UsedSparsity=0.2) | Clusters=OFF (UsedClusters=-) | EnvSparsityCfg={'Conv': 0.2, 'Linear': 0.2, 'Bias': 0.0, 'BatchNorm': 0.0} | EnvNClusters=3
[2026-01-29 10:50:41,622] [INFO] Model initialized on device: cuda:0
[2026-01-29 10:50:41,622] [INFO] [CLIENT INIT] Mode=SH | Sparsity=ON (UsedSparsity=0.2) | Clusters=OFF (UsedClusters=-) | EnvSparsityCfg={'Conv': 0.2, 'Linear': 0.2, 'Bias': 0.0, 'BatchNorm': 0.0} | EnvNClusters=3
[2026-01-29 10:52:27,318] [INFO] [TRAIN] Epoch 4 Loss: 0.9141
[2026-01-29 10:53:10,015] [INFO] Model initialized on device: cuda:0
[2026-01-29 10:53:10,015] [INFO] [CLIENT INIT] Mode=SH | Sparsity=ON (UsedSparsity=0.2) | Clusters=OFF (UsedClusters=-) | EnvSparsityCfg={'Conv': 0.2, 'Linear': 0.2, 'Bias': 0.0, 'BatchNorm': 0.0} | EnvNClusters=3
[2026-01-29 10:53:11,732] [INFO] Model initialized on device: cuda:0
[2026-01-29 10:53:11,732] [INFO] [CLIENT INIT] Mode=SH | Sparsity=ON (UsedSparsity=0.2) | Clusters=OFF (UsedClusters=-) | EnvSparsityCfg={'Conv': 0.2, 'Linear': 0.2, 'Bias': 0.0, 'BatchNorm': 0.0} | EnvNClusters=3
[2026-01-29 10:53:11,733] [INFO] Model initialized on device: cuda:0
[2026-01-29 10:53:11,733] [INFO] [CLIENT INIT] Mode=SH | Sparsity=ON (UsedSparsity=0.2) | Clusters=OFF (UsedClusters=-) | EnvSparsityCfg={'Conv': 0.2, 'Linear': 0.2, 'Bias': 0.0, 'BatchNorm': 0.0} | EnvNClusters=3
[2026-01-29 10:53:12,108] [INFO] Model initialized on device: cuda:0
[2026-01-29 10:53:12,108] [INFO] [CLIENT INIT] Mode=SH | Sparsity=ON (UsedSparsity=0.2) | Clusters=OFF (UsedClusters=-) | EnvSparsityCfg={'Conv': 0.2, 'Linear': 0.2, 'Bias': 0.0, 'BatchNorm': 0.0} | EnvNClusters=3
[2026-01-29 10:53:12,122] [INFO] Model initialized on device: cuda:0
[2026-01-29 10:53:12,123] [INFO] [CLIENT INIT] Mode=SH | Sparsity=ON (UsedSparsity=0.2) | Clusters=OFF (UsedClusters=-) | EnvSparsityCfg={'Conv': 0.2, 'Linear': 0.2, 'Bias': 0.0, 'BatchNorm': 0.0} | EnvNClusters=3
[2026-01-29 10:53:12,123] [INFO] Model initialized on device: cuda:0
[2026-01-29 10:53:12,123] [INFO] [CLIENT INIT] Mode=SH | Sparsity=ON (UsedSparsity=0.2) | Clusters=OFF (UsedClusters=-) | EnvSparsityCfg={'Conv': 0.2, 'Linear': 0.2, 'Bias': 0.0, 'BatchNorm': 0.0} | EnvNClusters=3
[2026-01-29 10:53:12,127] [INFO] Model initialized on device: cuda:0
[2026-01-29 10:53:12,127] [INFO] [CLIENT INIT] Mode=SH | Sparsity=ON (UsedSparsity=0.2) | Clusters=OFF (UsedClusters=-) | EnvSparsityCfg={'Conv': 0.2, 'Linear': 0.2, 'Bias': 0.0, 'BatchNorm': 0.0} | EnvNClusters=3
[2026-01-29 10:53:12,248] [INFO] Model initialized on device: cuda:0
[2026-01-29 10:53:12,248] [INFO] [CLIENT INIT] Mode=SH | Sparsity=ON (UsedSparsity=0.2) | Clusters=OFF (UsedClusters=-) | EnvSparsityCfg={'Conv': 0.2, 'Linear': 0.2, 'Bias': 0.0, 'BatchNorm': 0.0} | EnvNClusters=3
[2026-01-29 10:53:12,250] [INFO] Model initialized on device: cuda:0
[2026-01-29 10:53:12,250] [INFO] [CLIENT INIT] Mode=SH | Sparsity=ON (UsedSparsity=0.2) | Clusters=OFF (UsedClusters=-) | EnvSparsityCfg={'Conv': 0.2, 'Linear': 0.2, 'Bias': 0.0, 'BatchNorm': 0.0} | EnvNClusters=3
[2026-01-29 10:53:12,308] [INFO] Model initialized on device: cuda:0
[2026-01-29 10:53:12,308] [INFO] [CLIENT INIT] Mode=SH | Sparsity=ON (UsedSparsity=0.2) | Clusters=OFF (UsedClusters=-) | EnvSparsityCfg={'Conv': 0.2, 'Linear': 0.2, 'Bias': 0.0, 'BatchNorm': 0.0} | EnvNClusters=3
[2026-01-29 10:54:55,221] [INFO] [TRAIN] Epoch 5 Loss: 0.9084
[2026-01-29 10:54:55,222] [INFO] [FIT] Local training finished. Avg Loss: 0.9196
[2026-01-29 10:55:31,921] [INFO] Model initialized on device: cuda:0
[2026-01-29 10:55:31,921] [INFO] [CLIENT INIT] Mode=SH | Sparsity=ON (UsedSparsity=0.2) | Clusters=OFF (UsedClusters=-) | EnvSparsityCfg={'Conv': 0.2, 'Linear': 0.2, 'Bias': 0.0, 'BatchNorm': 0.0} | EnvNClusters=3
[2026-01-29 10:55:35,236] [INFO] Model initialized on device: cuda:0
[2026-01-29 10:55:35,236] [INFO] [CLIENT INIT] Mode=SH | Sparsity=ON (UsedSparsity=0.2) | Clusters=OFF (UsedClusters=-) | EnvSparsityCfg={'Conv': 0.2, 'Linear': 0.2, 'Bias': 0.0, 'BatchNorm': 0.0} | EnvNClusters=3
[2026-01-29 10:55:36,739] [INFO] Model initialized on device: cuda:0
[2026-01-29 10:55:36,739] [INFO] [CLIENT INIT] Mode=SH | Sparsity=ON (UsedSparsity=0.2) | Clusters=OFF (UsedClusters=-) | EnvSparsityCfg={'Conv': 0.2, 'Linear': 0.2, 'Bias': 0.0, 'BatchNorm': 0.0} | EnvNClusters=3
[2026-01-29 10:55:41,537] [INFO] Model initialized on device: cuda:0
[2026-01-29 10:55:41,537] [INFO] [CLIENT INIT] Mode=SH | Sparsity=ON (UsedSparsity=0.2) | Clusters=OFF (UsedClusters=-) | EnvSparsityCfg={'Conv': 0.2, 'Linear': 0.2, 'Bias': 0.0, 'BatchNorm': 0.0} | EnvNClusters=3
[2026-01-29 10:55:41,744] [INFO] Model initialized on device: cuda:0
[2026-01-29 10:55:41,744] [INFO] [CLIENT INIT] Mode=SH | Sparsity=ON (UsedSparsity=0.2) | Clusters=OFF (UsedClusters=-) | EnvSparsityCfg={'Conv': 0.2, 'Linear': 0.2, 'Bias': 0.0, 'BatchNorm': 0.0} | EnvNClusters=3
[2026-01-29 10:55:41,748] [INFO] Model initialized on device: cuda:0
[2026-01-29 10:55:41,748] [INFO] [CLIENT INIT] Mode=SH | Sparsity=ON (UsedSparsity=0.2) | Clusters=OFF (UsedClusters=-) | EnvSparsityCfg={'Conv': 0.2, 'Linear': 0.2, 'Bias': 0.0, 'BatchNorm': 0.0} | EnvNClusters=3
[2026-01-29 10:55:41,816] [INFO] Model initialized on device: cuda:0
[2026-01-29 10:55:41,816] [INFO] [CLIENT INIT] Mode=SH | Sparsity=ON (UsedSparsity=0.2) | Clusters=OFF (UsedClusters=-) | EnvSparsityCfg={'Conv': 0.2, 'Linear': 0.2, 'Bias': 0.0, 'BatchNorm': 0.0} | EnvNClusters=3
[2026-01-29 10:55:41,911] [INFO] Model initialized on device: cuda:0
[2026-01-29 10:55:41,911] [INFO] [CLIENT INIT] Mode=SH | Sparsity=ON (UsedSparsity=0.2) | Clusters=OFF (UsedClusters=-) | EnvSparsityCfg={'Conv': 0.2, 'Linear': 0.2, 'Bias': 0.0, 'BatchNorm': 0.0} | EnvNClusters=3
[2026-01-29 10:55:41,916] [INFO] Model initialized on device: cuda:0
[2026-01-29 10:55:41,916] [INFO] [CLIENT INIT] Mode=SH | Sparsity=ON (UsedSparsity=0.2) | Clusters=OFF (UsedClusters=-) | EnvSparsityCfg={'Conv': 0.2, 'Linear': 0.2, 'Bias': 0.0, 'BatchNorm': 0.0} | EnvNClusters=3
[2026-01-29 10:55:41,916] [INFO] Model initialized on device: cuda:0
[2026-01-29 10:55:41,916] [INFO] [CLIENT INIT] Mode=SH | Sparsity=ON (UsedSparsity=0.2) | Clusters=OFF (UsedClusters=-) | EnvSparsityCfg={'Conv': 0.2, 'Linear': 0.2, 'Bias': 0.0, 'BatchNorm': 0.0} | EnvNClusters=3
[2026-01-29 10:55:49,519] [DEBUG] [TEST] Batch 1 | Pred shape: torch.Size([256, 256, 160]) | Label shape: torch.Size([256, 256, 160])
[2026-01-29 10:55:50,057] [DEBUG] [TEST] Batch 2 | Pred shape: torch.Size([256, 256, 160]) | Label shape: torch.Size([256, 256, 160])
[2026-01-29 10:55:50,158] [DEBUG] [TEST] Batch 3 | Pred shape: torch.Size([256, 256, 160]) | Label shape: torch.Size([256, 256, 160])
[2026-01-29 10:55:50,257] [DEBUG] [TEST] Batch 4 | Pred shape: torch.Size([256, 256, 160]) | Label shape: torch.Size([256, 256, 160])
[2026-01-29 10:55:50,447] [DEBUG] [TEST] Batch 5 | Pred shape: torch.Size([256, 256, 160]) | Label shape: torch.Size([256, 256, 160])
[2026-01-29 10:55:50,628] [DEBUG] [TEST] Batch 6 | Pred shape: torch.Size([256, 256, 160]) | Label shape: torch.Size([256, 256, 160])
[2026-01-29 10:55:50,716] [DEBUG] [TEST] Batch 7 | Pred shape: torch.Size([256, 256, 160]) | Label shape: torch.Size([256, 256, 160])
[2026-01-29 10:55:50,817] [DEBUG] [TEST] Batch 8 | Pred shape: torch.Size([256, 256, 160]) | Label shape: torch.Size([256, 256, 160])
[2026-01-29 10:55:50,915] [DEBUG] [TEST] Batch 9 | Pred shape: torch.Size([256, 256, 160]) | Label shape: torch.Size([256, 256, 160])
[2026-01-29 10:55:51,012] [DEBUG] [TEST] Batch 10 | Pred shape: torch.Size([256, 256, 160]) | Label shape: torch.Size([256, 256, 160])
[2026-01-29 10:55:54,420] [DEBUG] [TEST] Batch 11 | Pred shape: torch.Size([256, 256, 160]) | Label shape: torch.Size([256, 256, 160])
[2026-01-29 10:55:54,508] [DEBUG] [TEST] Batch 12 | Pred shape: torch.Size([256, 256, 160]) | Label shape: torch.Size([256, 256, 160])
[2026-01-29 10:55:54,565] [DEBUG] [TEST] Batch 13 | Pred shape: torch.Size([256, 256, 160]) | Label shape: torch.Size([256, 256, 160])
[2026-01-29 10:55:54,647] [DEBUG] [TEST] Batch 14 | Pred shape: torch.Size([256, 256, 160]) | Label shape: torch.Size([256, 256, 160])
[2026-01-29 10:55:54,713] [DEBUG] [TEST] Batch 15 | Pred shape: torch.Size([256, 256, 160]) | Label shape: torch.Size([256, 256, 160])
[2026-01-29 10:55:54,811] [DEBUG] [TEST] Batch 16 | Pred shape: torch.Size([256, 256, 160]) | Label shape: torch.Size([256, 256, 160])
[2026-01-29 10:56:00,851] [INFO] [FIT] Final model saved to: Revision2/Run_UNET_NonIID_SH20_20260129/Client3/model_final.pth
[2026-01-29 10:56:22,976] [INFO] [COMM][CLIENT] Round=-1 Mode=SH UsedSparsity=0.2 UsedClusters=- BaselineBits=154016352.0 CompressedBits=166560312.1 CR=0.925
[2026-01-29 11:04:16,409] [INFO] [EVALUATE] Starting evaluation...
[2026-01-29 11:04:18,326] [INFO] [DEBUG] Loaded compressed decoded weights.
[2026-01-29 11:05:20,873] [INFO] Model initialized on device: cuda:0
[2026-01-29 11:05:20,873] [INFO] [CLIENT INIT] Mode=SH | Sparsity=ON (UsedSparsity=0.2) | Clusters=OFF (UsedClusters=-) | EnvSparsityCfg={'Conv': 0.2, 'Linear': 0.2, 'Bias': 0.0, 'BatchNorm': 0.0} | EnvNClusters=3
[2026-01-29 11:05:21,113] [INFO] Model initialized on device: cuda:0
[2026-01-29 11:05:21,113] [INFO] [CLIENT INIT] Mode=SH | Sparsity=ON (UsedSparsity=0.2) | Clusters=OFF (UsedClusters=-) | EnvSparsityCfg={'Conv': 0.2, 'Linear': 0.2, 'Bias': 0.0, 'BatchNorm': 0.0} | EnvNClusters=3
[2026-01-29 11:05:21,267] [INFO] Model initialized on device: cuda:0
[2026-01-29 11:05:21,267] [INFO] [CLIENT INIT] Mode=SH | Sparsity=ON (UsedSparsity=0.2) | Clusters=OFF (UsedClusters=-) | EnvSparsityCfg={'Conv': 0.2, 'Linear': 0.2, 'Bias': 0.0, 'BatchNorm': 0.0} | EnvNClusters=3
[2026-01-29 11:05:21,335] [INFO] Model initialized on device: cuda:0
[2026-01-29 11:05:21,336] [INFO] [CLIENT INIT] Mode=SH | Sparsity=ON (UsedSparsity=0.2) | Clusters=OFF (UsedClusters=-) | EnvSparsityCfg={'Conv': 0.2, 'Linear': 0.2, 'Bias': 0.0, 'BatchNorm': 0.0} | EnvNClusters=3
[2026-01-29 11:05:21,517] [INFO] Model initialized on device: cuda:0
[2026-01-29 11:05:21,517] [INFO] [CLIENT INIT] Mode=SH | Sparsity=ON (UsedSparsity=0.2) | Clusters=OFF (UsedClusters=-) | EnvSparsityCfg={'Conv': 0.2, 'Linear': 0.2, 'Bias': 0.0, 'BatchNorm': 0.0} | EnvNClusters=3
[2026-01-29 11:05:22,118] [INFO] Model initialized on device: cuda:0
[2026-01-29 11:05:22,118] [INFO] [CLIENT INIT] Mode=SH | Sparsity=ON (UsedSparsity=0.2) | Clusters=OFF (UsedClusters=-) | EnvSparsityCfg={'Conv': 0.2, 'Linear': 0.2, 'Bias': 0.0, 'BatchNorm': 0.0} | EnvNClusters=3
[2026-01-29 11:05:22,414] [INFO] Model initialized on device: cuda:0
[2026-01-29 11:05:22,414] [INFO] [CLIENT INIT] Mode=SH | Sparsity=ON (UsedSparsity=0.2) | Clusters=OFF (UsedClusters=-) | EnvSparsityCfg={'Conv': 0.2, 'Linear': 0.2, 'Bias': 0.0, 'BatchNorm': 0.0} | EnvNClusters=3
[2026-01-29 11:05:22,510] [INFO] Model initialized on device: cuda:0
[2026-01-29 11:05:22,511] [INFO] [CLIENT INIT] Mode=SH | Sparsity=ON (UsedSparsity=0.2) | Clusters=OFF (UsedClusters=-) | EnvSparsityCfg={'Conv': 0.2, 'Linear': 0.2, 'Bias': 0.0, 'BatchNorm': 0.0} | EnvNClusters=3
[2026-01-29 11:05:22,528] [INFO] Model initialized on device: cuda:0
[2026-01-29 11:05:22,528] [INFO] [CLIENT INIT] Mode=SH | Sparsity=ON (UsedSparsity=0.2) | Clusters=OFF (UsedClusters=-) | EnvSparsityCfg={'Conv': 0.2, 'Linear': 0.2, 'Bias': 0.0, 'BatchNorm': 0.0} | EnvNClusters=3
[2026-01-29 11:05:22,624] [INFO] Model initialized on device: cuda:0
[2026-01-29 11:05:22,625] [INFO] [CLIENT INIT] Mode=SH | Sparsity=ON (UsedSparsity=0.2) | Clusters=OFF (UsedClusters=-) | EnvSparsityCfg={'Conv': 0.2, 'Linear': 0.2, 'Bias': 0.0, 'BatchNorm': 0.0} | EnvNClusters=3
[2026-01-29 11:05:30,019] [DEBUG] [TEST] Batch 1 | Pred shape: torch.Size([256, 256, 160]) | Label shape: torch.Size([256, 256, 160])
[2026-01-29 11:05:31,432] [DEBUG] [TEST] Batch 2 | Pred shape: torch.Size([256, 256, 160]) | Label shape: torch.Size([256, 256, 160])
[2026-01-29 11:05:31,554] [DEBUG] [TEST] Batch 3 | Pred shape: torch.Size([256, 256, 160]) | Label shape: torch.Size([256, 256, 160])
[2026-01-29 11:05:31,723] [DEBUG] [TEST] Batch 4 | Pred shape: torch.Size([256, 256, 160]) | Label shape: torch.Size([256, 256, 160])
[2026-01-29 11:05:31,908] [DEBUG] [TEST] Batch 5 | Pred shape: torch.Size([256, 256, 160]) | Label shape: torch.Size([256, 256, 160])
[2026-01-29 11:05:32,025] [DEBUG] [TEST] Batch 6 | Pred shape: torch.Size([256, 256, 160]) | Label shape: torch.Size([256, 256, 160])
[2026-01-29 11:05:32,114] [DEBUG] [TEST] Batch 7 | Pred shape: torch.Size([256, 256, 160]) | Label shape: torch.Size([256, 256, 160])
[2026-01-29 11:05:32,233] [DEBUG] [TEST] Batch 8 | Pred shape: torch.Size([256, 256, 160]) | Label shape: torch.Size([256, 256, 160])
[2026-01-29 11:05:32,425] [DEBUG] [TEST] Batch 9 | Pred shape: torch.Size([256, 256, 160]) | Label shape: torch.Size([256, 256, 160])
[2026-01-29 11:05:32,628] [DEBUG] [TEST] Batch 10 | Pred shape: torch.Size([256, 256, 160]) | Label shape: torch.Size([256, 256, 160])
[2026-01-29 11:05:35,307] [DEBUG] [TEST] Batch 11 | Pred shape: torch.Size([256, 256, 160]) | Label shape: torch.Size([256, 256, 160])
[2026-01-29 11:05:36,224] [DEBUG] [TEST] Batch 12 | Pred shape: torch.Size([256, 256, 160]) | Label shape: torch.Size([256, 256, 160])
[2026-01-29 11:05:36,915] [DEBUG] [TEST] Batch 13 | Pred shape: torch.Size([256, 256, 160]) | Label shape: torch.Size([256, 256, 160])
[2026-01-29 11:05:37,015] [DEBUG] [TEST] Batch 14 | Pred shape: torch.Size([256, 256, 160]) | Label shape: torch.Size([256, 256, 160])
[2026-01-29 11:05:37,116] [DEBUG] [TEST] Batch 15 | Pred shape: torch.Size([256, 256, 160]) | Label shape: torch.Size([256, 256, 160])
[2026-01-29 11:05:37,235] [DEBUG] [TEST] Batch 16 | Pred shape: torch.Size([256, 256, 160]) | Label shape: torch.Size([256, 256, 160])
[2026-01-29 11:05:45,690] [INFO] [EVALUATE] Dice WT: 0.8452
[2026-01-29 11:05:56,761] [INFO] [FIT] Received parameters. Starting local training...
[2026-01-29 11:05:58,219] [INFO] [DEBUG] Loaded compressed decoded weights.
[2026-01-29 11:07:06,607] [INFO] Model initialized on device: cuda:0
[2026-01-29 11:07:06,608] [INFO] [CLIENT INIT] Mode=SH | Sparsity=ON (UsedSparsity=0.2) | Clusters=OFF (UsedClusters=-) | EnvSparsityCfg={'Conv': 0.2, 'Linear': 0.2, 'Bias': 0.0, 'BatchNorm': 0.0} | EnvNClusters=3
[2026-01-29 11:07:06,613] [INFO] Model initialized on device: cuda:0
[2026-01-29 11:07:06,613] [INFO] [CLIENT INIT] Mode=SH | Sparsity=ON (UsedSparsity=0.2) | Clusters=OFF (UsedClusters=-) | EnvSparsityCfg={'Conv': 0.2, 'Linear': 0.2, 'Bias': 0.0, 'BatchNorm': 0.0} | EnvNClusters=3
[2026-01-29 11:07:06,616] [INFO] Model initialized on device: cuda:0
[2026-01-29 11:07:06,616] [INFO] [CLIENT INIT] Mode=SH | Sparsity=ON (UsedSparsity=0.2) | Clusters=OFF (UsedClusters=-) | EnvSparsityCfg={'Conv': 0.2, 'Linear': 0.2, 'Bias': 0.0, 'BatchNorm': 0.0} | EnvNClusters=3
[2026-01-29 11:07:06,941] [INFO] Model initialized on device: cuda:0
[2026-01-29 11:07:06,941] [INFO] [CLIENT INIT] Mode=SH | Sparsity=ON (UsedSparsity=0.2) | Clusters=OFF (UsedClusters=-) | EnvSparsityCfg={'Conv': 0.2, 'Linear': 0.2, 'Bias': 0.0, 'BatchNorm': 0.0} | EnvNClusters=3
[2026-01-29 11:07:06,946] [INFO] Model initialized on device: cuda:0
[2026-01-29 11:07:06,946] [INFO] [CLIENT INIT] Mode=SH | Sparsity=ON (UsedSparsity=0.2) | Clusters=OFF (UsedClusters=-) | EnvSparsityCfg={'Conv': 0.2, 'Linear': 0.2, 'Bias': 0.0, 'BatchNorm': 0.0} | EnvNClusters=3
[2026-01-29 11:07:07,012] [INFO] Model initialized on device: cuda:0
[2026-01-29 11:07:07,013] [INFO] [CLIENT INIT] Mode=SH | Sparsity=ON (UsedSparsity=0.2) | Clusters=OFF (UsedClusters=-) | EnvSparsityCfg={'Conv': 0.2, 'Linear': 0.2, 'Bias': 0.0, 'BatchNorm': 0.0} | EnvNClusters=3
[2026-01-29 11:07:07,242] [INFO] Model initialized on device: cuda:0
[2026-01-29 11:07:07,242] [INFO] [CLIENT INIT] Mode=SH | Sparsity=ON (UsedSparsity=0.2) | Clusters=OFF (UsedClusters=-) | EnvSparsityCfg={'Conv': 0.2, 'Linear': 0.2, 'Bias': 0.0, 'BatchNorm': 0.0} | EnvNClusters=3
[2026-01-29 11:07:07,244] [INFO] Model initialized on device: cuda:0
[2026-01-29 11:07:07,244] [INFO] [CLIENT INIT] Mode=SH | Sparsity=ON (UsedSparsity=0.2) | Clusters=OFF (UsedClusters=-) | EnvSparsityCfg={'Conv': 0.2, 'Linear': 0.2, 'Bias': 0.0, 'BatchNorm': 0.0} | EnvNClusters=3
[2026-01-29 11:07:07,618] [INFO] Model initialized on device: cuda:0
[2026-01-29 11:07:07,618] [INFO] [CLIENT INIT] Mode=SH | Sparsity=ON (UsedSparsity=0.2) | Clusters=OFF (UsedClusters=-) | EnvSparsityCfg={'Conv': 0.2, 'Linear': 0.2, 'Bias': 0.0, 'BatchNorm': 0.0} | EnvNClusters=3
[2026-01-29 11:07:07,637] [INFO] Model initialized on device: cuda:0
[2026-01-29 11:07:07,638] [INFO] [CLIENT INIT] Mode=SH | Sparsity=ON (UsedSparsity=0.2) | Clusters=OFF (UsedClusters=-) | EnvSparsityCfg={'Conv': 0.2, 'Linear': 0.2, 'Bias': 0.0, 'BatchNorm': 0.0} | EnvNClusters=3
[2026-01-29 11:09:07,741] [INFO] [TRAIN] Epoch 1 Loss: 0.8942
[2026-01-29 11:10:02,710] [INFO] Model initialized on device: cuda:0
[2026-01-29 11:10:02,710] [INFO] [CLIENT INIT] Mode=SH | Sparsity=ON (UsedSparsity=0.2) | Clusters=OFF (UsedClusters=-) | EnvSparsityCfg={'Conv': 0.2, 'Linear': 0.2, 'Bias': 0.0, 'BatchNorm': 0.0} | EnvNClusters=3
[2026-01-29 11:10:03,215] [INFO] Model initialized on device: cuda:0
[2026-01-29 11:10:03,216] [INFO] [CLIENT INIT] Mode=SH | Sparsity=ON (UsedSparsity=0.2) | Clusters=OFF (UsedClusters=-) | EnvSparsityCfg={'Conv': 0.2, 'Linear': 0.2, 'Bias': 0.0, 'BatchNorm': 0.0} | EnvNClusters=3
[2026-01-29 11:10:03,234] [INFO] Model initialized on device: cuda:0
[2026-01-29 11:10:03,234] [INFO] [CLIENT INIT] Mode=SH | Sparsity=ON (UsedSparsity=0.2) | Clusters=OFF (UsedClusters=-) | EnvSparsityCfg={'Conv': 0.2, 'Linear': 0.2, 'Bias': 0.0, 'BatchNorm': 0.0} | EnvNClusters=3
[2026-01-29 11:10:03,234] [INFO] Model initialized on device: cuda:0
[2026-01-29 11:10:03,235] [INFO] [CLIENT INIT] Mode=SH | Sparsity=ON (UsedSparsity=0.2) | Clusters=OFF (UsedClusters=-) | EnvSparsityCfg={'Conv': 0.2, 'Linear': 0.2, 'Bias': 0.0, 'BatchNorm': 0.0} | EnvNClusters=3
[2026-01-29 11:10:03,235] [INFO] Model initialized on device: cuda:0
[2026-01-29 11:10:03,235] [INFO] [CLIENT INIT] Mode=SH | Sparsity=ON (UsedSparsity=0.2) | Clusters=OFF (UsedClusters=-) | EnvSparsityCfg={'Conv': 0.2, 'Linear': 0.2, 'Bias': 0.0, 'BatchNorm': 0.0} | EnvNClusters=3
[2026-01-29 11:10:03,237] [INFO] Model initialized on device: cuda:0
[2026-01-29 11:10:03,237] [INFO] [CLIENT INIT] Mode=SH | Sparsity=ON (UsedSparsity=0.2) | Clusters=OFF (UsedClusters=-) | EnvSparsityCfg={'Conv': 0.2, 'Linear': 0.2, 'Bias': 0.0, 'BatchNorm': 0.0} | EnvNClusters=3
[2026-01-29 11:10:03,238] [INFO] Model initialized on device: cuda:0
[2026-01-29 11:10:03,238] [INFO] [CLIENT INIT] Mode=SH | Sparsity=ON (UsedSparsity=0.2) | Clusters=OFF (UsedClusters=-) | EnvSparsityCfg={'Conv': 0.2, 'Linear': 0.2, 'Bias': 0.0, 'BatchNorm': 0.0} | EnvNClusters=3
[2026-01-29 11:10:03,239] [INFO] Model initialized on device: cuda:0
[2026-01-29 11:10:03,240] [INFO] [CLIENT INIT] Mode=SH | Sparsity=ON (UsedSparsity=0.2) | Clusters=OFF (UsedClusters=-) | EnvSparsityCfg={'Conv': 0.2, 'Linear': 0.2, 'Bias': 0.0, 'BatchNorm': 0.0} | EnvNClusters=3
[2026-01-29 11:10:03,241] [INFO] Model initialized on device: cuda:0
[2026-01-29 11:10:03,241] [INFO] Model initialized on device: cuda:0
[2026-01-29 11:10:03,241] [INFO] [CLIENT INIT] Mode=SH | Sparsity=ON (UsedSparsity=0.2) | Clusters=OFF (UsedClusters=-) | EnvSparsityCfg={'Conv': 0.2, 'Linear': 0.2, 'Bias': 0.0, 'BatchNorm': 0.0} | EnvNClusters=3
[2026-01-29 11:10:03,241] [INFO] [CLIENT INIT] Mode=SH | Sparsity=ON (UsedSparsity=0.2) | Clusters=OFF (UsedClusters=-) | EnvSparsityCfg={'Conv': 0.2, 'Linear': 0.2, 'Bias': 0.0, 'BatchNorm': 0.0} | EnvNClusters=3
[2026-01-29 11:11:53,815] [INFO] [TRAIN] Epoch 2 Loss: 0.8825
[2026-01-29 11:12:28,221] [INFO] Model initialized on device: cuda:0
[2026-01-29 11:12:28,221] [INFO] [CLIENT INIT] Mode=SH | Sparsity=ON (UsedSparsity=0.2) | Clusters=OFF (UsedClusters=-) | EnvSparsityCfg={'Conv': 0.2, 'Linear': 0.2, 'Bias': 0.0, 'BatchNorm': 0.0} | EnvNClusters=3
[2026-01-29 11:12:29,316] [INFO] Model initialized on device: cuda:0
[2026-01-29 11:12:29,316] [INFO] [CLIENT INIT] Mode=SH | Sparsity=ON (UsedSparsity=0.2) | Clusters=OFF (UsedClusters=-) | EnvSparsityCfg={'Conv': 0.2, 'Linear': 0.2, 'Bias': 0.0, 'BatchNorm': 0.0} | EnvNClusters=3
[2026-01-29 11:12:33,615] [INFO] Model initialized on device: cuda:0
[2026-01-29 11:12:33,616] [INFO] [CLIENT INIT] Mode=SH | Sparsity=ON (UsedSparsity=0.2) | Clusters=OFF (UsedClusters=-) | EnvSparsityCfg={'Conv': 0.2, 'Linear': 0.2, 'Bias': 0.0, 'BatchNorm': 0.0} | EnvNClusters=3
[2026-01-29 11:12:34,425] [INFO] Model initialized on device: cuda:0
[2026-01-29 11:12:34,425] [INFO] [CLIENT INIT] Mode=SH | Sparsity=ON (UsedSparsity=0.2) | Clusters=OFF (UsedClusters=-) | EnvSparsityCfg={'Conv': 0.2, 'Linear': 0.2, 'Bias': 0.0, 'BatchNorm': 0.0} | EnvNClusters=3
[2026-01-29 11:12:35,414] [INFO] Model initialized on device: cuda:0
[2026-01-29 11:12:35,415] [INFO] [CLIENT INIT] Mode=SH | Sparsity=ON (UsedSparsity=0.2) | Clusters=OFF (UsedClusters=-) | EnvSparsityCfg={'Conv': 0.2, 'Linear': 0.2, 'Bias': 0.0, 'BatchNorm': 0.0} | EnvNClusters=3
[2026-01-29 11:12:35,928] [INFO] Model initialized on device: cuda:0
[2026-01-29 11:12:35,928] [INFO] [CLIENT INIT] Mode=SH | Sparsity=ON (UsedSparsity=0.2) | Clusters=OFF (UsedClusters=-) | EnvSparsityCfg={'Conv': 0.2, 'Linear': 0.2, 'Bias': 0.0, 'BatchNorm': 0.0} | EnvNClusters=3
[2026-01-29 11:12:36,209] [INFO] Model initialized on device: cuda:0
[2026-01-29 11:12:36,209] [INFO] [CLIENT INIT] Mode=SH | Sparsity=ON (UsedSparsity=0.2) | Clusters=OFF (UsedClusters=-) | EnvSparsityCfg={'Conv': 0.2, 'Linear': 0.2, 'Bias': 0.0, 'BatchNorm': 0.0} | EnvNClusters=3
[2026-01-29 11:12:36,233] [INFO] Model initialized on device: cuda:0
[2026-01-29 11:12:36,234] [INFO] [CLIENT INIT] Mode=SH | Sparsity=ON (UsedSparsity=0.2) | Clusters=OFF (UsedClusters=-) | EnvSparsityCfg={'Conv': 0.2, 'Linear': 0.2, 'Bias': 0.0, 'BatchNorm': 0.0} | EnvNClusters=3
[2026-01-29 11:12:36,423] [INFO] Model initialized on device: cuda:0
[2026-01-29 11:12:36,423] [INFO] [CLIENT INIT] Mode=SH | Sparsity=ON (UsedSparsity=0.2) | Clusters=OFF (UsedClusters=-) | EnvSparsityCfg={'Conv': 0.2, 'Linear': 0.2, 'Bias': 0.0, 'BatchNorm': 0.0} | EnvNClusters=3
[2026-01-29 11:12:36,626] [INFO] Model initialized on device: cuda:0
[2026-01-29 11:12:36,626] [INFO] [CLIENT INIT] Mode=SH | Sparsity=ON (UsedSparsity=0.2) | Clusters=OFF (UsedClusters=-) | EnvSparsityCfg={'Conv': 0.2, 'Linear': 0.2, 'Bias': 0.0, 'BatchNorm': 0.0} | EnvNClusters=3
[2026-01-29 11:14:23,815] [INFO] [TRAIN] Epoch 3 Loss: 0.8713
[2026-01-29 11:15:05,713] [INFO] Model initialized on device: cuda:0
[2026-01-29 11:15:05,714] [INFO] [CLIENT INIT] Mode=SH | Sparsity=ON (UsedSparsity=0.2) | Clusters=OFF (UsedClusters=-) | EnvSparsityCfg={'Conv': 0.2, 'Linear': 0.2, 'Bias': 0.0, 'BatchNorm': 0.0} | EnvNClusters=3
[2026-01-29 11:15:07,015] [INFO] Model initialized on device: cuda:0
[2026-01-29 11:15:07,015] [INFO] [CLIENT INIT] Mode=SH | Sparsity=ON (UsedSparsity=0.2) | Clusters=OFF (UsedClusters=-) | EnvSparsityCfg={'Conv': 0.2, 'Linear': 0.2, 'Bias': 0.0, 'BatchNorm': 0.0} | EnvNClusters=3
[2026-01-29 11:15:07,429] [INFO] Model initialized on device: cuda:0
[2026-01-29 11:15:07,430] [INFO] [CLIENT INIT] Mode=SH | Sparsity=ON (UsedSparsity=0.2) | Clusters=OFF (UsedClusters=-) | EnvSparsityCfg={'Conv': 0.2, 'Linear': 0.2, 'Bias': 0.0, 'BatchNorm': 0.0} | EnvNClusters=3
[2026-01-29 11:15:08,423] [INFO] Model initialized on device: cuda:0
[2026-01-29 11:15:08,423] [INFO] [CLIENT INIT] Mode=SH | Sparsity=ON (UsedSparsity=0.2) | Clusters=OFF (UsedClusters=-) | EnvSparsityCfg={'Conv': 0.2, 'Linear': 0.2, 'Bias': 0.0, 'BatchNorm': 0.0} | EnvNClusters=3
[2026-01-29 11:15:11,818] [INFO] Model initialized on device: cuda:0
[2026-01-29 11:15:11,819] [INFO] [CLIENT INIT] Mode=SH | Sparsity=ON (UsedSparsity=0.2) | Clusters=OFF (UsedClusters=-) | EnvSparsityCfg={'Conv': 0.2, 'Linear': 0.2, 'Bias': 0.0, 'BatchNorm': 0.0} | EnvNClusters=3
[2026-01-29 11:15:11,830] [INFO] Model initialized on device: cuda:0
[2026-01-29 11:15:11,830] [INFO] Model initialized on device: cuda:0
[2026-01-29 11:15:11,830] [INFO] [CLIENT INIT] Mode=SH | Sparsity=ON (UsedSparsity=0.2) | Clusters=OFF (UsedClusters=-) | EnvSparsityCfg={'Conv': 0.2, 'Linear': 0.2, 'Bias': 0.0, 'BatchNorm': 0.0} | EnvNClusters=3
[2026-01-29 11:15:11,830] [INFO] [CLIENT INIT] Mode=SH | Sparsity=ON (UsedSparsity=0.2) | Clusters=OFF (UsedClusters=-) | EnvSparsityCfg={'Conv': 0.2, 'Linear': 0.2, 'Bias': 0.0, 'BatchNorm': 0.0} | EnvNClusters=3
[2026-01-29 11:15:11,914] [INFO] Model initialized on device: cuda:0
[2026-01-29 11:15:11,914] [INFO] [CLIENT INIT] Mode=SH | Sparsity=ON (UsedSparsity=0.2) | Clusters=OFF (UsedClusters=-) | EnvSparsityCfg={'Conv': 0.2, 'Linear': 0.2, 'Bias': 0.0, 'BatchNorm': 0.0} | EnvNClusters=3
[2026-01-29 11:15:11,924] [INFO] Model initialized on device: cuda:0
[2026-01-29 11:15:11,924] [INFO] [CLIENT INIT] Mode=SH | Sparsity=ON (UsedSparsity=0.2) | Clusters=OFF (UsedClusters=-) | EnvSparsityCfg={'Conv': 0.2, 'Linear': 0.2, 'Bias': 0.0, 'BatchNorm': 0.0} | EnvNClusters=3
[2026-01-29 11:15:11,927] [INFO] Model initialized on device: cuda:0
[2026-01-29 11:15:11,927] [INFO] [CLIENT INIT] Mode=SH | Sparsity=ON (UsedSparsity=0.2) | Clusters=OFF (UsedClusters=-) | EnvSparsityCfg={'Conv': 0.2, 'Linear': 0.2, 'Bias': 0.0, 'BatchNorm': 0.0} | EnvNClusters=3
[2026-01-29 11:16:53,615] [INFO] [TRAIN] Epoch 4 Loss: 0.8597
[2026-01-29 11:17:30,128] [INFO] Model initialized on device: cuda:0
[2026-01-29 11:17:30,129] [INFO] [CLIENT INIT] Mode=SH | Sparsity=ON (UsedSparsity=0.2) | Clusters=OFF (UsedClusters=-) | EnvSparsityCfg={'Conv': 0.2, 'Linear': 0.2, 'Bias': 0.0, 'BatchNorm': 0.0} | EnvNClusters=3
[2026-01-29 11:17:35,812] [INFO] Model initialized on device: cuda:0
[2026-01-29 11:17:35,812] [INFO] [CLIENT INIT] Mode=SH | Sparsity=ON (UsedSparsity=0.2) | Clusters=OFF (UsedClusters=-) | EnvSparsityCfg={'Conv': 0.2, 'Linear': 0.2, 'Bias': 0.0, 'BatchNorm': 0.0} | EnvNClusters=3
[2026-01-29 11:17:35,919] [INFO] Model initialized on device: cuda:0
[2026-01-29 11:17:35,919] [INFO] [CLIENT INIT] Mode=SH | Sparsity=ON (UsedSparsity=0.2) | Clusters=OFF (UsedClusters=-) | EnvSparsityCfg={'Conv': 0.2, 'Linear': 0.2, 'Bias': 0.0, 'BatchNorm': 0.0} | EnvNClusters=3
[2026-01-29 11:17:39,520] [INFO] Model initialized on device: cuda:0
[2026-01-29 11:17:39,520] [INFO] Model initialized on device: cuda:0
[2026-01-29 11:17:39,520] [INFO] [CLIENT INIT] Mode=SH | Sparsity=ON (UsedSparsity=0.2) | Clusters=OFF (UsedClusters=-) | EnvSparsityCfg={'Conv': 0.2, 'Linear': 0.2, 'Bias': 0.0, 'BatchNorm': 0.0} | EnvNClusters=3
[2026-01-29 11:17:39,520] [INFO] [CLIENT INIT] Mode=SH | Sparsity=ON (UsedSparsity=0.2) | Clusters=OFF (UsedClusters=-) | EnvSparsityCfg={'Conv': 0.2, 'Linear': 0.2, 'Bias': 0.0, 'BatchNorm': 0.0} | EnvNClusters=3
[2026-01-29 11:17:40,613] [INFO] Model initialized on device: cuda:0
[2026-01-29 11:17:40,613] [INFO] [CLIENT INIT] Mode=SH | Sparsity=ON (UsedSparsity=0.2) | Clusters=OFF (UsedClusters=-) | EnvSparsityCfg={'Conv': 0.2, 'Linear': 0.2, 'Bias': 0.0, 'BatchNorm': 0.0} | EnvNClusters=3
[2026-01-29 11:17:40,728] [INFO] Model initialized on device: cuda:0
[2026-01-29 11:17:40,728] [INFO] [CLIENT INIT] Mode=SH | Sparsity=ON (UsedSparsity=0.2) | Clusters=OFF (UsedClusters=-) | EnvSparsityCfg={'Conv': 0.2, 'Linear': 0.2, 'Bias': 0.0, 'BatchNorm': 0.0} | EnvNClusters=3
[2026-01-29 11:17:40,729] [INFO] Model initialized on device: cuda:0
[2026-01-29 11:17:40,729] [INFO] [CLIENT INIT] Mode=SH | Sparsity=ON (UsedSparsity=0.2) | Clusters=OFF (UsedClusters=-) | EnvSparsityCfg={'Conv': 0.2, 'Linear': 0.2, 'Bias': 0.0, 'BatchNorm': 0.0} | EnvNClusters=3
[2026-01-29 11:17:41,012] [INFO] Model initialized on device: cuda:0
[2026-01-29 11:17:41,012] [INFO] [CLIENT INIT] Mode=SH | Sparsity=ON (UsedSparsity=0.2) | Clusters=OFF (UsedClusters=-) | EnvSparsityCfg={'Conv': 0.2, 'Linear': 0.2, 'Bias': 0.0, 'BatchNorm': 0.0} | EnvNClusters=3
[2026-01-29 11:17:41,325] [INFO] Model initialized on device: cuda:0
[2026-01-29 11:17:41,325] [INFO] [CLIENT INIT] Mode=SH | Sparsity=ON (UsedSparsity=0.2) | Clusters=OFF (UsedClusters=-) | EnvSparsityCfg={'Conv': 0.2, 'Linear': 0.2, 'Bias': 0.0, 'BatchNorm': 0.0} | EnvNClusters=3
[2026-01-29 11:19:20,015] [INFO] [TRAIN] Epoch 5 Loss: 0.8467
[2026-01-29 11:19:20,016] [INFO] [FIT] Local training finished. Avg Loss: 0.8709
[2026-01-29 11:20:07,451] [INFO] Model initialized on device: cuda:0
[2026-01-29 11:20:07,451] [INFO] [CLIENT INIT] Mode=SH | Sparsity=ON (UsedSparsity=0.2) | Clusters=OFF (UsedClusters=-) | EnvSparsityCfg={'Conv': 0.2, 'Linear': 0.2, 'Bias': 0.0, 'BatchNorm': 0.0} | EnvNClusters=3
[2026-01-29 11:20:08,048] [INFO] Model initialized on device: cuda:0
[2026-01-29 11:20:08,048] [INFO] [CLIENT INIT] Mode=SH | Sparsity=ON (UsedSparsity=0.2) | Clusters=OFF (UsedClusters=-) | EnvSparsityCfg={'Conv': 0.2, 'Linear': 0.2, 'Bias': 0.0, 'BatchNorm': 0.0} | EnvNClusters=3
[2026-01-29 11:20:08,517] [INFO] Model initialized on device: cuda:0
[2026-01-29 11:20:08,517] [INFO] [CLIENT INIT] Mode=SH | Sparsity=ON (UsedSparsity=0.2) | Clusters=OFF (UsedClusters=-) | EnvSparsityCfg={'Conv': 0.2, 'Linear': 0.2, 'Bias': 0.0, 'BatchNorm': 0.0} | EnvNClusters=3
[2026-01-29 11:20:08,545] [INFO] Model initialized on device: cuda:0
[2026-01-29 11:20:08,545] [INFO] [CLIENT INIT] Mode=SH | Sparsity=ON (UsedSparsity=0.2) | Clusters=OFF (UsedClusters=-) | EnvSparsityCfg={'Conv': 0.2, 'Linear': 0.2, 'Bias': 0.0, 'BatchNorm': 0.0} | EnvNClusters=3
[2026-01-29 11:20:08,610] [INFO] Model initialized on device: cuda:0
[2026-01-29 11:20:08,610] [INFO] [CLIENT INIT] Mode=SH | Sparsity=ON (UsedSparsity=0.2) | Clusters=OFF (UsedClusters=-) | EnvSparsityCfg={'Conv': 0.2, 'Linear': 0.2, 'Bias': 0.0, 'BatchNorm': 0.0} | EnvNClusters=3
[2026-01-29 11:20:08,850] [INFO] Model initialized on device: cuda:0
[2026-01-29 11:20:08,850] [INFO] [CLIENT INIT] Mode=SH | Sparsity=ON (UsedSparsity=0.2) | Clusters=OFF (UsedClusters=-) | EnvSparsityCfg={'Conv': 0.2, 'Linear': 0.2, 'Bias': 0.0, 'BatchNorm': 0.0} | EnvNClusters=3
[2026-01-29 11:20:08,913] [INFO] Model initialized on device: cuda:0
[2026-01-29 11:20:08,913] [INFO] [CLIENT INIT] Mode=SH | Sparsity=ON (UsedSparsity=0.2) | Clusters=OFF (UsedClusters=-) | EnvSparsityCfg={'Conv': 0.2, 'Linear': 0.2, 'Bias': 0.0, 'BatchNorm': 0.0} | EnvNClusters=3
[2026-01-29 11:20:08,946] [INFO] Model initialized on device: cuda:0
[2026-01-29 11:20:08,946] [INFO] [CLIENT INIT] Mode=SH | Sparsity=ON (UsedSparsity=0.2) | Clusters=OFF (UsedClusters=-) | EnvSparsityCfg={'Conv': 0.2, 'Linear': 0.2, 'Bias': 0.0, 'BatchNorm': 0.0} | EnvNClusters=3
[2026-01-29 11:20:09,011] [INFO] Model initialized on device: cuda:0
[2026-01-29 11:20:09,011] [INFO] [CLIENT INIT] Mode=SH | Sparsity=ON (UsedSparsity=0.2) | Clusters=OFF (UsedClusters=-) | EnvSparsityCfg={'Conv': 0.2, 'Linear': 0.2, 'Bias': 0.0, 'BatchNorm': 0.0} | EnvNClusters=3
[2026-01-29 11:20:09,013] [INFO] Model initialized on device: cuda:0
[2026-01-29 11:20:09,013] [INFO] [CLIENT INIT] Mode=SH | Sparsity=ON (UsedSparsity=0.2) | Clusters=OFF (UsedClusters=-) | EnvSparsityCfg={'Conv': 0.2, 'Linear': 0.2, 'Bias': 0.0, 'BatchNorm': 0.0} | EnvNClusters=3
[2026-01-29 11:20:13,925] [DEBUG] [TEST] Batch 1 | Pred shape: torch.Size([256, 256, 160]) | Label shape: torch.Size([256, 256, 160])
[2026-01-29 11:20:16,413] [DEBUG] [TEST] Batch 2 | Pred shape: torch.Size([256, 256, 160]) | Label shape: torch.Size([256, 256, 160])
[2026-01-29 11:20:16,734] [DEBUG] [TEST] Batch 3 | Pred shape: torch.Size([256, 256, 160]) | Label shape: torch.Size([256, 256, 160])
[2026-01-29 11:20:16,944] [DEBUG] [TEST] Batch 4 | Pred shape: torch.Size([256, 256, 160]) | Label shape: torch.Size([256, 256, 160])
[2026-01-29 11:20:17,209] [DEBUG] [TEST] Batch 5 | Pred shape: torch.Size([256, 256, 160]) | Label shape: torch.Size([256, 256, 160])
[2026-01-29 11:20:17,518] [DEBUG] [TEST] Batch 6 | Pred shape: torch.Size([256, 256, 160]) | Label shape: torch.Size([256, 256, 160])
[2026-01-29 11:20:17,809] [DEBUG] [TEST] Batch 7 | Pred shape: torch.Size([256, 256, 160]) | Label shape: torch.Size([256, 256, 160])
[2026-01-29 11:20:18,012] [DEBUG] [TEST] Batch 8 | Pred shape: torch.Size([256, 256, 160]) | Label shape: torch.Size([256, 256, 160])
[2026-01-29 11:20:18,115] [DEBUG] [TEST] Batch 9 | Pred shape: torch.Size([256, 256, 160]) | Label shape: torch.Size([256, 256, 160])
[2026-01-29 11:20:18,216] [DEBUG] [TEST] Batch 10 | Pred shape: torch.Size([256, 256, 160]) | Label shape: torch.Size([256, 256, 160])
[2026-01-29 11:20:18,713] [DEBUG] [TEST] Batch 11 | Pred shape: torch.Size([256, 256, 160]) | Label shape: torch.Size([256, 256, 160])
[2026-01-29 11:20:20,411] [DEBUG] [TEST] Batch 12 | Pred shape: torch.Size([256, 256, 160]) | Label shape: torch.Size([256, 256, 160])
[2026-01-29 11:20:21,144] [DEBUG] [TEST] Batch 13 | Pred shape: torch.Size([256, 256, 160]) | Label shape: torch.Size([256, 256, 160])
[2026-01-29 11:20:21,516] [DEBUG] [TEST] Batch 14 | Pred shape: torch.Size([256, 256, 160]) | Label shape: torch.Size([256, 256, 160])
[2026-01-29 11:20:21,825] [DEBUG] [TEST] Batch 15 | Pred shape: torch.Size([256, 256, 160]) | Label shape: torch.Size([256, 256, 160])
[2026-01-29 11:20:22,112] [DEBUG] [TEST] Batch 16 | Pred shape: torch.Size([256, 256, 160]) | Label shape: torch.Size([256, 256, 160])
[2026-01-29 11:20:28,307] [INFO] [FIT] Final model saved to: Revision2/Run_UNET_NonIID_SH20_20260129/Client3/model_final.pth
[2026-01-29 11:20:50,438] [INFO] [COMM][CLIENT] Round=-1 Mode=SH UsedSparsity=0.2 UsedClusters=- BaselineBits=154016352.0 CompressedBits=167365520.9 CR=0.920
[2026-01-29 11:28:36,973] [INFO] [EVALUATE] Starting evaluation...
[2026-01-29 11:28:38,411] [INFO] [DEBUG] Loaded compressed decoded weights.
[2026-01-29 11:29:32,428] [INFO] Model initialized on device: cuda:0
[2026-01-29 11:29:32,429] [INFO] [CLIENT INIT] Mode=SH | Sparsity=ON (UsedSparsity=0.2) | Clusters=OFF (UsedClusters=-) | EnvSparsityCfg={'Conv': 0.2, 'Linear': 0.2, 'Bias': 0.0, 'BatchNorm': 0.0} | EnvNClusters=3
[2026-01-29 11:29:37,524] [INFO] Model initialized on device: cuda:0
[2026-01-29 11:29:37,524] [INFO] [CLIENT INIT] Mode=SH | Sparsity=ON (UsedSparsity=0.2) | Clusters=OFF (UsedClusters=-) | EnvSparsityCfg={'Conv': 0.2, 'Linear': 0.2, 'Bias': 0.0, 'BatchNorm': 0.0} | EnvNClusters=3
[2026-01-29 11:29:37,823] [INFO] Model initialized on device: cuda:0
[2026-01-29 11:29:37,823] [INFO] [CLIENT INIT] Mode=SH | Sparsity=ON (UsedSparsity=0.2) | Clusters=OFF (UsedClusters=-) | EnvSparsityCfg={'Conv': 0.2, 'Linear': 0.2, 'Bias': 0.0, 'BatchNorm': 0.0} | EnvNClusters=3
[2026-01-29 11:29:38,018] [INFO] Model initialized on device: cuda:0
[2026-01-29 11:29:38,018] [INFO] Model initialized on device: cuda:0
[2026-01-29 11:29:38,019] [INFO] [CLIENT INIT] Mode=SH | Sparsity=ON (UsedSparsity=0.2) | Clusters=OFF (UsedClusters=-) | EnvSparsityCfg={'Conv': 0.2, 'Linear': 0.2, 'Bias': 0.0, 'BatchNorm': 0.0} | EnvNClusters=3
[2026-01-29 11:29:38,019] [INFO] [CLIENT INIT] Mode=SH | Sparsity=ON (UsedSparsity=0.2) | Clusters=OFF (UsedClusters=-) | EnvSparsityCfg={'Conv': 0.2, 'Linear': 0.2, 'Bias': 0.0, 'BatchNorm': 0.0} | EnvNClusters=3
[2026-01-29 11:29:38,612] [INFO] Model initialized on device: cuda:0
[2026-01-29 11:29:38,612] [INFO] [CLIENT INIT] Mode=SH | Sparsity=ON (UsedSparsity=0.2) | Clusters=OFF (UsedClusters=-) | EnvSparsityCfg={'Conv': 0.2, 'Linear': 0.2, 'Bias': 0.0, 'BatchNorm': 0.0} | EnvNClusters=3
[2026-01-29 11:29:38,620] [INFO] Model initialized on device: cuda:0
[2026-01-29 11:29:38,620] [INFO] [CLIENT INIT] Mode=SH | Sparsity=ON (UsedSparsity=0.2) | Clusters=OFF (UsedClusters=-) | EnvSparsityCfg={'Conv': 0.2, 'Linear': 0.2, 'Bias': 0.0, 'BatchNorm': 0.0} | EnvNClusters=3
[2026-01-29 11:29:38,712] [INFO] Model initialized on device: cuda:0
[2026-01-29 11:29:38,712] [INFO] [CLIENT INIT] Mode=SH | Sparsity=ON (UsedSparsity=0.2) | Clusters=OFF (UsedClusters=-) | EnvSparsityCfg={'Conv': 0.2, 'Linear': 0.2, 'Bias': 0.0, 'BatchNorm': 0.0} | EnvNClusters=3
[2026-01-29 11:29:38,743] [INFO] Model initialized on device: cuda:0
[2026-01-29 11:29:38,744] [INFO] [CLIENT INIT] Mode=SH | Sparsity=ON (UsedSparsity=0.2) | Clusters=OFF (UsedClusters=-) | EnvSparsityCfg={'Conv': 0.2, 'Linear': 0.2, 'Bias': 0.0, 'BatchNorm': 0.0} | EnvNClusters=3
[2026-01-29 11:29:38,932] [INFO] Model initialized on device: cuda:0
[2026-01-29 11:29:38,932] [INFO] [CLIENT INIT] Mode=SH | Sparsity=ON (UsedSparsity=0.2) | Clusters=OFF (UsedClusters=-) | EnvSparsityCfg={'Conv': 0.2, 'Linear': 0.2, 'Bias': 0.0, 'BatchNorm': 0.0} | EnvNClusters=3
[2026-01-29 11:29:44,417] [DEBUG] [TEST] Batch 1 | Pred shape: torch.Size([256, 256, 160]) | Label shape: torch.Size([256, 256, 160])
[2026-01-29 11:29:44,557] [DEBUG] [TEST] Batch 2 | Pred shape: torch.Size([256, 256, 160]) | Label shape: torch.Size([256, 256, 160])
[2026-01-29 11:29:44,657] [DEBUG] [TEST] Batch 3 | Pred shape: torch.Size([256, 256, 160]) | Label shape: torch.Size([256, 256, 160])
[2026-01-29 11:29:44,915] [DEBUG] [TEST] Batch 4 | Pred shape: torch.Size([256, 256, 160]) | Label shape: torch.Size([256, 256, 160])
[2026-01-29 11:29:45,012] [DEBUG] [TEST] Batch 5 | Pred shape: torch.Size([256, 256, 160]) | Label shape: torch.Size([256, 256, 160])
[2026-01-29 11:29:45,110] [DEBUG] [TEST] Batch 6 | Pred shape: torch.Size([256, 256, 160]) | Label shape: torch.Size([256, 256, 160])
[2026-01-29 11:29:45,211] [DEBUG] [TEST] Batch 7 | Pred shape: torch.Size([256, 256, 160]) | Label shape: torch.Size([256, 256, 160])
[2026-01-29 11:29:45,313] [DEBUG] [TEST] Batch 8 | Pred shape: torch.Size([256, 256, 160]) | Label shape: torch.Size([256, 256, 160])
[2026-01-29 11:29:45,410] [DEBUG] [TEST] Batch 9 | Pred shape: torch.Size([256, 256, 160]) | Label shape: torch.Size([256, 256, 160])
[2026-01-29 11:29:45,521] [DEBUG] [TEST] Batch 10 | Pred shape: torch.Size([256, 256, 160]) | Label shape: torch.Size([256, 256, 160])
[2026-01-29 11:29:48,243] [DEBUG] [TEST] Batch 11 | Pred shape: torch.Size([256, 256, 160]) | Label shape: torch.Size([256, 256, 160])
[2026-01-29 11:29:48,300] [DEBUG] [TEST] Batch 12 | Pred shape: torch.Size([256, 256, 160]) | Label shape: torch.Size([256, 256, 160])
[2026-01-29 11:29:48,365] [DEBUG] [TEST] Batch 13 | Pred shape: torch.Size([256, 256, 160]) | Label shape: torch.Size([256, 256, 160])
[2026-01-29 11:29:48,564] [DEBUG] [TEST] Batch 14 | Pred shape: torch.Size([256, 256, 160]) | Label shape: torch.Size([256, 256, 160])
[2026-01-29 11:29:48,625] [DEBUG] [TEST] Batch 15 | Pred shape: torch.Size([256, 256, 160]) | Label shape: torch.Size([256, 256, 160])
[2026-01-29 11:29:48,682] [DEBUG] [TEST] Batch 16 | Pred shape: torch.Size([256, 256, 160]) | Label shape: torch.Size([256, 256, 160])
[2026-01-29 11:29:52,195] [INFO] [EVALUATE] Dice WT: 0.0256
[2026-01-29 11:29:59,219] [INFO] [FIT] Received parameters. Starting local training...
[2026-01-29 11:30:00,412] [INFO] [DEBUG] Loaded compressed decoded weights.
[2026-01-29 11:30:56,032] [INFO] Model initialized on device: cuda:0
[2026-01-29 11:30:56,032] [INFO] [CLIENT INIT] Mode=SH | Sparsity=ON (UsedSparsity=0.2) | Clusters=OFF (UsedClusters=-) | EnvSparsityCfg={'Conv': 0.2, 'Linear': 0.2, 'Bias': 0.0, 'BatchNorm': 0.0} | EnvNClusters=3
[2026-01-29 11:30:56,111] [INFO] Model initialized on device: cuda:0
[2026-01-29 11:30:56,111] [INFO] [CLIENT INIT] Mode=SH | Sparsity=ON (UsedSparsity=0.2) | Clusters=OFF (UsedClusters=-) | EnvSparsityCfg={'Conv': 0.2, 'Linear': 0.2, 'Bias': 0.0, 'BatchNorm': 0.0} | EnvNClusters=3
[2026-01-29 11:30:56,113] [INFO] Model initialized on device: cuda:0
[2026-01-29 11:30:56,113] [INFO] [CLIENT INIT] Mode=SH | Sparsity=ON (UsedSparsity=0.2) | Clusters=OFF (UsedClusters=-) | EnvSparsityCfg={'Conv': 0.2, 'Linear': 0.2, 'Bias': 0.0, 'BatchNorm': 0.0} | EnvNClusters=3
[2026-01-29 11:30:56,313] [INFO] Model initialized on device: cuda:0
[2026-01-29 11:30:56,313] [INFO] [CLIENT INIT] Mode=SH | Sparsity=ON (UsedSparsity=0.2) | Clusters=OFF (UsedClusters=-) | EnvSparsityCfg={'Conv': 0.2, 'Linear': 0.2, 'Bias': 0.0, 'BatchNorm': 0.0} | EnvNClusters=3
[2026-01-29 11:30:56,412] [INFO] Model initialized on device: cuda:0
[2026-01-29 11:30:56,412] [INFO] [CLIENT INIT] Mode=SH | Sparsity=ON (UsedSparsity=0.2) | Clusters=OFF (UsedClusters=-) | EnvSparsityCfg={'Conv': 0.2, 'Linear': 0.2, 'Bias': 0.0, 'BatchNorm': 0.0} | EnvNClusters=3
[2026-01-29 11:30:56,418] [INFO] Model initialized on device: cuda:0
[2026-01-29 11:30:56,418] [INFO] [CLIENT INIT] Mode=SH | Sparsity=ON (UsedSparsity=0.2) | Clusters=OFF (UsedClusters=-) | EnvSparsityCfg={'Conv': 0.2, 'Linear': 0.2, 'Bias': 0.0, 'BatchNorm': 0.0} | EnvNClusters=3
[2026-01-29 11:30:56,418] [INFO] Model initialized on device: cuda:0
[2026-01-29 11:30:56,418] [INFO] [CLIENT INIT] Mode=SH | Sparsity=ON (UsedSparsity=0.2) | Clusters=OFF (UsedClusters=-) | EnvSparsityCfg={'Conv': 0.2, 'Linear': 0.2, 'Bias': 0.0, 'BatchNorm': 0.0} | EnvNClusters=3
[2026-01-29 11:30:56,419] [INFO] Model initialized on device: cuda:0
[2026-01-29 11:30:56,419] [INFO] [CLIENT INIT] Mode=SH | Sparsity=ON (UsedSparsity=0.2) | Clusters=OFF (UsedClusters=-) | EnvSparsityCfg={'Conv': 0.2, 'Linear': 0.2, 'Bias': 0.0, 'BatchNorm': 0.0} | EnvNClusters=3
[2026-01-29 11:30:56,435] [INFO] Model initialized on device: cuda:0
[2026-01-29 11:30:56,436] [INFO] [CLIENT INIT] Mode=SH | Sparsity=ON (UsedSparsity=0.2) | Clusters=OFF (UsedClusters=-) | EnvSparsityCfg={'Conv': 0.2, 'Linear': 0.2, 'Bias': 0.0, 'BatchNorm': 0.0} | EnvNClusters=3
[2026-01-29 11:30:56,438] [INFO] Model initialized on device: cuda:0
[2026-01-29 11:30:56,438] [INFO] [CLIENT INIT] Mode=SH | Sparsity=ON (UsedSparsity=0.2) | Clusters=OFF (UsedClusters=-) | EnvSparsityCfg={'Conv': 0.2, 'Linear': 0.2, 'Bias': 0.0, 'BatchNorm': 0.0} | EnvNClusters=3
[2026-01-29 11:32:25,909] [INFO] [TRAIN] Epoch 1 Loss: 0.8145
[2026-01-29 11:33:14,130] [INFO] Model initialized on device: cuda:0
[2026-01-29 11:33:14,130] [INFO] [CLIENT INIT] Mode=SH | Sparsity=ON (UsedSparsity=0.2) | Clusters=OFF (UsedClusters=-) | EnvSparsityCfg={'Conv': 0.2, 'Linear': 0.2, 'Bias': 0.0, 'BatchNorm': 0.0} | EnvNClusters=3
[2026-01-29 11:33:14,512] [INFO] Model initialized on device: cuda:0
[2026-01-29 11:33:14,512] [INFO] [CLIENT INIT] Mode=SH | Sparsity=ON (UsedSparsity=0.2) | Clusters=OFF (UsedClusters=-) | EnvSparsityCfg={'Conv': 0.2, 'Linear': 0.2, 'Bias': 0.0, 'BatchNorm': 0.0} | EnvNClusters=3
[2026-01-29 11:33:14,514] [INFO] Model initialized on device: cuda:0
[2026-01-29 11:33:14,515] [INFO] [CLIENT INIT] Mode=SH | Sparsity=ON (UsedSparsity=0.2) | Clusters=OFF (UsedClusters=-) | EnvSparsityCfg={'Conv': 0.2, 'Linear': 0.2, 'Bias': 0.0, 'BatchNorm': 0.0} | EnvNClusters=3
[2026-01-29 11:33:14,515] [INFO] Model initialized on device: cuda:0
[2026-01-29 11:33:14,515] [INFO] [CLIENT INIT] Mode=SH | Sparsity=ON (UsedSparsity=0.2) | Clusters=OFF (UsedClusters=-) | EnvSparsityCfg={'Conv': 0.2, 'Linear': 0.2, 'Bias': 0.0, 'BatchNorm': 0.0} | EnvNClusters=3
[2026-01-29 11:33:14,621] [INFO] Model initialized on device: cuda:0
[2026-01-29 11:33:14,621] [INFO] [CLIENT INIT] Mode=SH | Sparsity=ON (UsedSparsity=0.2) | Clusters=OFF (UsedClusters=-) | EnvSparsityCfg={'Conv': 0.2, 'Linear': 0.2, 'Bias': 0.0, 'BatchNorm': 0.0} | EnvNClusters=3
[2026-01-29 11:33:14,716] [INFO] Model initialized on device: cuda:0
[2026-01-29 11:33:14,716] [INFO] [CLIENT INIT] Mode=SH | Sparsity=ON (UsedSparsity=0.2) | Clusters=OFF (UsedClusters=-) | EnvSparsityCfg={'Conv': 0.2, 'Linear': 0.2, 'Bias': 0.0, 'BatchNorm': 0.0} | EnvNClusters=3
[2026-01-29 11:33:14,726] [INFO] Model initialized on device: cuda:0
[2026-01-29 11:33:14,726] [INFO] [CLIENT INIT] Mode=SH | Sparsity=ON (UsedSparsity=0.2) | Clusters=OFF (UsedClusters=-) | EnvSparsityCfg={'Conv': 0.2, 'Linear': 0.2, 'Bias': 0.0, 'BatchNorm': 0.0} | EnvNClusters=3
[2026-01-29 11:33:14,815] [INFO] Model initialized on device: cuda:0
[2026-01-29 11:33:14,815] [INFO] [CLIENT INIT] Mode=SH | Sparsity=ON (UsedSparsity=0.2) | Clusters=OFF (UsedClusters=-) | EnvSparsityCfg={'Conv': 0.2, 'Linear': 0.2, 'Bias': 0.0, 'BatchNorm': 0.0} | EnvNClusters=3
[2026-01-29 11:33:14,816] [INFO] Model initialized on device: cuda:0
[2026-01-29 11:33:14,816] [INFO] [CLIENT INIT] Mode=SH | Sparsity=ON (UsedSparsity=0.2) | Clusters=OFF (UsedClusters=-) | EnvSparsityCfg={'Conv': 0.2, 'Linear': 0.2, 'Bias': 0.0, 'BatchNorm': 0.0} | EnvNClusters=3
[2026-01-29 11:33:14,818] [INFO] Model initialized on device: cuda:0
[2026-01-29 11:33:14,818] [INFO] [CLIENT INIT] Mode=SH | Sparsity=ON (UsedSparsity=0.2) | Clusters=OFF (UsedClusters=-) | EnvSparsityCfg={'Conv': 0.2, 'Linear': 0.2, 'Bias': 0.0, 'BatchNorm': 0.0} | EnvNClusters=3
[2026-01-29 11:35:05,659] [INFO] [TRAIN] Epoch 2 Loss: 0.7870
[2026-01-29 11:35:48,508] [INFO] Model initialized on device: cuda:0
[2026-01-29 11:35:48,508] [INFO] [CLIENT INIT] Mode=SH | Sparsity=ON (UsedSparsity=0.2) | Clusters=OFF (UsedClusters=-) | EnvSparsityCfg={'Conv': 0.2, 'Linear': 0.2, 'Bias': 0.0, 'BatchNorm': 0.0} | EnvNClusters=3
[2026-01-29 11:35:48,815] [INFO] Model initialized on device: cuda:0
[2026-01-29 11:35:48,815] [INFO] [CLIENT INIT] Mode=SH | Sparsity=ON (UsedSparsity=0.2) | Clusters=OFF (UsedClusters=-) | EnvSparsityCfg={'Conv': 0.2, 'Linear': 0.2, 'Bias': 0.0, 'BatchNorm': 0.0} | EnvNClusters=3
[2026-01-29 11:35:48,927] [INFO] Model initialized on device: cuda:0
[2026-01-29 11:35:48,927] [INFO] [CLIENT INIT] Mode=SH | Sparsity=ON (UsedSparsity=0.2) | Clusters=OFF (UsedClusters=-) | EnvSparsityCfg={'Conv': 0.2, 'Linear': 0.2, 'Bias': 0.0, 'BatchNorm': 0.0} | EnvNClusters=3
[2026-01-29 11:35:49,014] [INFO] Model initialized on device: cuda:0
[2026-01-29 11:35:49,014] [INFO] [CLIENT INIT] Mode=SH | Sparsity=ON (UsedSparsity=0.2) | Clusters=OFF (UsedClusters=-) | EnvSparsityCfg={'Conv': 0.2, 'Linear': 0.2, 'Bias': 0.0, 'BatchNorm': 0.0} | EnvNClusters=3
[2026-01-29 11:35:49,226] [INFO] Model initialized on device: cuda:0
[2026-01-29 11:35:49,226] [INFO] [CLIENT INIT] Mode=SH | Sparsity=ON (UsedSparsity=0.2) | Clusters=OFF (UsedClusters=-) | EnvSparsityCfg={'Conv': 0.2, 'Linear': 0.2, 'Bias': 0.0, 'BatchNorm': 0.0} | EnvNClusters=3
[2026-01-29 11:35:49,325] [INFO] Model initialized on device: cuda:0
[2026-01-29 11:35:49,326] [INFO] [CLIENT INIT] Mode=SH | Sparsity=ON (UsedSparsity=0.2) | Clusters=OFF (UsedClusters=-) | EnvSparsityCfg={'Conv': 0.2, 'Linear': 0.2, 'Bias': 0.0, 'BatchNorm': 0.0} | EnvNClusters=3
[2026-01-29 11:35:49,331] [INFO] Model initialized on device: cuda:0
[2026-01-29 11:35:49,331] [INFO] [CLIENT INIT] Mode=SH | Sparsity=ON (UsedSparsity=0.2) | Clusters=OFF (UsedClusters=-) | EnvSparsityCfg={'Conv': 0.2, 'Linear': 0.2, 'Bias': 0.0, 'BatchNorm': 0.0} | EnvNClusters=3
[2026-01-29 11:35:49,340] [INFO] Model initialized on device: cuda:0
[2026-01-29 11:35:49,340] [INFO] [CLIENT INIT] Mode=SH | Sparsity=ON (UsedSparsity=0.2) | Clusters=OFF (UsedClusters=-) | EnvSparsityCfg={'Conv': 0.2, 'Linear': 0.2, 'Bias': 0.0, 'BatchNorm': 0.0} | EnvNClusters=3
[2026-01-29 11:35:49,418] [INFO] Model initialized on device: cuda:0
[2026-01-29 11:35:49,418] [INFO] [CLIENT INIT] Mode=SH | Sparsity=ON (UsedSparsity=0.2) | Clusters=OFF (UsedClusters=-) | EnvSparsityCfg={'Conv': 0.2, 'Linear': 0.2, 'Bias': 0.0, 'BatchNorm': 0.0} | EnvNClusters=3
[2026-01-29 11:35:49,421] [INFO] Model initialized on device: cuda:0
[2026-01-29 11:35:49,421] [INFO] [CLIENT INIT] Mode=SH | Sparsity=ON (UsedSparsity=0.2) | Clusters=OFF (UsedClusters=-) | EnvSparsityCfg={'Conv': 0.2, 'Linear': 0.2, 'Bias': 0.0, 'BatchNorm': 0.0} | EnvNClusters=3
[2026-01-29 11:37:19,911] [INFO] [TRAIN] Epoch 3 Loss: 0.7619
[2026-01-29 11:38:06,536] [INFO] Model initialized on device: cuda:0
[2026-01-29 11:38:06,536] [INFO] [CLIENT INIT] Mode=SH | Sparsity=ON (UsedSparsity=0.2) | Clusters=OFF (UsedClusters=-) | EnvSparsityCfg={'Conv': 0.2, 'Linear': 0.2, 'Bias': 0.0, 'BatchNorm': 0.0} | EnvNClusters=3
[2026-01-29 11:38:06,715] [INFO] Model initialized on device: cuda:0
[2026-01-29 11:38:06,715] [INFO] [CLIENT INIT] Mode=SH | Sparsity=ON (UsedSparsity=0.2) | Clusters=OFF (UsedClusters=-) | EnvSparsityCfg={'Conv': 0.2, 'Linear': 0.2, 'Bias': 0.0, 'BatchNorm': 0.0} | EnvNClusters=3
[2026-01-29 11:38:06,823] [INFO] Model initialized on device: cuda:0
[2026-01-29 11:38:06,823] [INFO] [CLIENT INIT] Mode=SH | Sparsity=ON (UsedSparsity=0.2) | Clusters=OFF (UsedClusters=-) | EnvSparsityCfg={'Conv': 0.2, 'Linear': 0.2, 'Bias': 0.0, 'BatchNorm': 0.0} | EnvNClusters=3
[2026-01-29 11:38:06,920] [INFO] Model initialized on device: cuda:0
[2026-01-29 11:38:06,920] [INFO] Model initialized on device: cuda:0
[2026-01-29 11:38:06,920] [INFO] [CLIENT INIT] Mode=SH | Sparsity=ON (UsedSparsity=0.2) | Clusters=OFF (UsedClusters=-) | EnvSparsityCfg={'Conv': 0.2, 'Linear': 0.2, 'Bias': 0.0, 'BatchNorm': 0.0} | EnvNClusters=3
[2026-01-29 11:38:06,920] [INFO] [CLIENT INIT] Mode=SH | Sparsity=ON (UsedSparsity=0.2) | Clusters=OFF (UsedClusters=-) | EnvSparsityCfg={'Conv': 0.2, 'Linear': 0.2, 'Bias': 0.0, 'BatchNorm': 0.0} | EnvNClusters=3
[2026-01-29 11:38:06,939] [INFO] Model initialized on device: cuda:0
[2026-01-29 11:38:06,939] [INFO] [CLIENT INIT] Mode=SH | Sparsity=ON (UsedSparsity=0.2) | Clusters=OFF (UsedClusters=-) | EnvSparsityCfg={'Conv': 0.2, 'Linear': 0.2, 'Bias': 0.0, 'BatchNorm': 0.0} | EnvNClusters=3
[2026-01-29 11:38:07,118] [INFO] Model initialized on device: cuda:0
[2026-01-29 11:38:07,118] [INFO] [CLIENT INIT] Mode=SH | Sparsity=ON (UsedSparsity=0.2) | Clusters=OFF (UsedClusters=-) | EnvSparsityCfg={'Conv': 0.2, 'Linear': 0.2, 'Bias': 0.0, 'BatchNorm': 0.0} | EnvNClusters=3
[2026-01-29 11:38:07,134] [INFO] Model initialized on device: cuda:0
[2026-01-29 11:38:07,134] [INFO] Model initialized on device: cuda:0
[2026-01-29 11:38:07,135] [INFO] [CLIENT INIT] Mode=SH | Sparsity=ON (UsedSparsity=0.2) | Clusters=OFF (UsedClusters=-) | EnvSparsityCfg={'Conv': 0.2, 'Linear': 0.2, 'Bias': 0.0, 'BatchNorm': 0.0} | EnvNClusters=3
[2026-01-29 11:38:07,135] [INFO] [CLIENT INIT] Mode=SH | Sparsity=ON (UsedSparsity=0.2) | Clusters=OFF (UsedClusters=-) | EnvSparsityCfg={'Conv': 0.2, 'Linear': 0.2, 'Bias': 0.0, 'BatchNorm': 0.0} | EnvNClusters=3
[2026-01-29 11:38:07,138] [INFO] Model initialized on device: cuda:0
[2026-01-29 11:38:07,138] [INFO] [CLIENT INIT] Mode=SH | Sparsity=ON (UsedSparsity=0.2) | Clusters=OFF (UsedClusters=-) | EnvSparsityCfg={'Conv': 0.2, 'Linear': 0.2, 'Bias': 0.0, 'BatchNorm': 0.0} | EnvNClusters=3
[2026-01-29 11:39:58,724] [INFO] [TRAIN] Epoch 4 Loss: 0.7362
[2026-01-29 11:40:47,061] [INFO] Model initialized on device: cuda:0
[2026-01-29 11:40:47,061] [INFO] [CLIENT INIT] Mode=SH | Sparsity=ON (UsedSparsity=0.2) | Clusters=OFF (UsedClusters=-) | EnvSparsityCfg={'Conv': 0.2, 'Linear': 0.2, 'Bias': 0.0, 'BatchNorm': 0.0} | EnvNClusters=3
[2026-01-29 11:40:47,227] [INFO] Model initialized on device: cuda:0
[2026-01-29 11:40:47,227] [INFO] [CLIENT INIT] Mode=SH | Sparsity=ON (UsedSparsity=0.2) | Clusters=OFF (UsedClusters=-) | EnvSparsityCfg={'Conv': 0.2, 'Linear': 0.2, 'Bias': 0.0, 'BatchNorm': 0.0} | EnvNClusters=3
[2026-01-29 11:40:47,317] [INFO] Model initialized on device: cuda:0
[2026-01-29 11:40:47,317] [INFO] Model initialized on device: cuda:0
[2026-01-29 11:40:47,317] [INFO] [CLIENT INIT] Mode=SH | Sparsity=ON (UsedSparsity=0.2) | Clusters=OFF (UsedClusters=-) | EnvSparsityCfg={'Conv': 0.2, 'Linear': 0.2, 'Bias': 0.0, 'BatchNorm': 0.0} | EnvNClusters=3
[2026-01-29 11:40:47,317] [INFO] [CLIENT INIT] Mode=SH | Sparsity=ON (UsedSparsity=0.2) | Clusters=OFF (UsedClusters=-) | EnvSparsityCfg={'Conv': 0.2, 'Linear': 0.2, 'Bias': 0.0, 'BatchNorm': 0.0} | EnvNClusters=3
[2026-01-29 11:40:47,412] [INFO] Model initialized on device: cuda:0
[2026-01-29 11:40:47,412] [INFO] [CLIENT INIT] Mode=SH | Sparsity=ON (UsedSparsity=0.2) | Clusters=OFF (UsedClusters=-) | EnvSparsityCfg={'Conv': 0.2, 'Linear': 0.2, 'Bias': 0.0, 'BatchNorm': 0.0} | EnvNClusters=3
[2026-01-29 11:40:47,830] [INFO] Model initialized on device: cuda:0
[2026-01-29 11:40:47,830] [INFO] [CLIENT INIT] Mode=SH | Sparsity=ON (UsedSparsity=0.2) | Clusters=OFF (UsedClusters=-) | EnvSparsityCfg={'Conv': 0.2, 'Linear': 0.2, 'Bias': 0.0, 'BatchNorm': 0.0} | EnvNClusters=3
[2026-01-29 11:40:47,832] [INFO] Model initialized on device: cuda:0
[2026-01-29 11:40:47,832] [INFO] [CLIENT INIT] Mode=SH | Sparsity=ON (UsedSparsity=0.2) | Clusters=OFF (UsedClusters=-) | EnvSparsityCfg={'Conv': 0.2, 'Linear': 0.2, 'Bias': 0.0, 'BatchNorm': 0.0} | EnvNClusters=3
[2026-01-29 11:40:47,848] [INFO] Model initialized on device: cuda:0
[2026-01-29 11:40:47,848] [INFO] [CLIENT INIT] Mode=SH | Sparsity=ON (UsedSparsity=0.2) | Clusters=OFF (UsedClusters=-) | EnvSparsityCfg={'Conv': 0.2, 'Linear': 0.2, 'Bias': 0.0, 'BatchNorm': 0.0} | EnvNClusters=3
[2026-01-29 11:40:48,221] [INFO] Model initialized on device: cuda:0
[2026-01-29 11:40:48,222] [INFO] [CLIENT INIT] Mode=SH | Sparsity=ON (UsedSparsity=0.2) | Clusters=OFF (UsedClusters=-) | EnvSparsityCfg={'Conv': 0.2, 'Linear': 0.2, 'Bias': 0.0, 'BatchNorm': 0.0} | EnvNClusters=3
[2026-01-29 11:40:48,722] [INFO] Model initialized on device: cuda:0
[2026-01-29 11:40:48,722] [INFO] [CLIENT INIT] Mode=SH | Sparsity=ON (UsedSparsity=0.2) | Clusters=OFF (UsedClusters=-) | EnvSparsityCfg={'Conv': 0.2, 'Linear': 0.2, 'Bias': 0.0, 'BatchNorm': 0.0} | EnvNClusters=3
[2026-01-29 11:42:27,907] [INFO] [TRAIN] Epoch 5 Loss: 0.7101
[2026-01-29 11:42:27,908] [INFO] [FIT] Local training finished. Avg Loss: 0.7619
[2026-01-29 11:43:03,619] [INFO] Model initialized on device: cuda:0
[2026-01-29 11:43:03,619] [INFO] [CLIENT INIT] Mode=SH | Sparsity=ON (UsedSparsity=0.2) | Clusters=OFF (UsedClusters=-) | EnvSparsityCfg={'Conv': 0.2, 'Linear': 0.2, 'Bias': 0.0, 'BatchNorm': 0.0} | EnvNClusters=3
[2026-01-29 11:43:04,138] [INFO] Model initialized on device: cuda:0
[2026-01-29 11:43:04,138] [INFO] [CLIENT INIT] Mode=SH | Sparsity=ON (UsedSparsity=0.2) | Clusters=OFF (UsedClusters=-) | EnvSparsityCfg={'Conv': 0.2, 'Linear': 0.2, 'Bias': 0.0, 'BatchNorm': 0.0} | EnvNClusters=3
[2026-01-29 11:43:05,141] [INFO] Model initialized on device: cuda:0
[2026-01-29 11:43:05,141] [INFO] [CLIENT INIT] Mode=SH | Sparsity=ON (UsedSparsity=0.2) | Clusters=OFF (UsedClusters=-) | EnvSparsityCfg={'Conv': 0.2, 'Linear': 0.2, 'Bias': 0.0, 'BatchNorm': 0.0} | EnvNClusters=3
[2026-01-29 11:43:06,523] [INFO] Model initialized on device: cuda:0
[2026-01-29 11:43:06,524] [INFO] [CLIENT INIT] Mode=SH | Sparsity=ON (UsedSparsity=0.2) | Clusters=OFF (UsedClusters=-) | EnvSparsityCfg={'Conv': 0.2, 'Linear': 0.2, 'Bias': 0.0, 'BatchNorm': 0.0} | EnvNClusters=3
[2026-01-29 11:43:07,519] [INFO] Model initialized on device: cuda:0
[2026-01-29 11:43:07,520] [INFO] [CLIENT INIT] Mode=SH | Sparsity=ON (UsedSparsity=0.2) | Clusters=OFF (UsedClusters=-) | EnvSparsityCfg={'Conv': 0.2, 'Linear': 0.2, 'Bias': 0.0, 'BatchNorm': 0.0} | EnvNClusters=3
[2026-01-29 11:43:13,113] [INFO] Model initialized on device: cuda:0
[2026-01-29 11:43:13,113] [INFO] [CLIENT INIT] Mode=SH | Sparsity=ON (UsedSparsity=0.2) | Clusters=OFF (UsedClusters=-) | EnvSparsityCfg={'Conv': 0.2, 'Linear': 0.2, 'Bias': 0.0, 'BatchNorm': 0.0} | EnvNClusters=3
[2026-01-29 11:43:15,812] [INFO] Model initialized on device: cuda:0
[2026-01-29 11:43:15,812] [INFO] [CLIENT INIT] Mode=SH | Sparsity=ON (UsedSparsity=0.2) | Clusters=OFF (UsedClusters=-) | EnvSparsityCfg={'Conv': 0.2, 'Linear': 0.2, 'Bias': 0.0, 'BatchNorm': 0.0} | EnvNClusters=3
[2026-01-29 11:43:17,317] [INFO] Model initialized on device: cuda:0
[2026-01-29 11:43:17,317] [INFO] [CLIENT INIT] Mode=SH | Sparsity=ON (UsedSparsity=0.2) | Clusters=OFF (UsedClusters=-) | EnvSparsityCfg={'Conv': 0.2, 'Linear': 0.2, 'Bias': 0.0, 'BatchNorm': 0.0} | EnvNClusters=3
[2026-01-29 11:43:22,243] [INFO] Model initialized on device: cuda:0
[2026-01-29 11:43:22,243] [INFO] [CLIENT INIT] Mode=SH | Sparsity=ON (UsedSparsity=0.2) | Clusters=OFF (UsedClusters=-) | EnvSparsityCfg={'Conv': 0.2, 'Linear': 0.2, 'Bias': 0.0, 'BatchNorm': 0.0} | EnvNClusters=3
[2026-01-29 11:43:22,313] [INFO] Model initialized on device: cuda:0
[2026-01-29 11:43:22,314] [INFO] [CLIENT INIT] Mode=SH | Sparsity=ON (UsedSparsity=0.2) | Clusters=OFF (UsedClusters=-) | EnvSparsityCfg={'Conv': 0.2, 'Linear': 0.2, 'Bias': 0.0, 'BatchNorm': 0.0} | EnvNClusters=3
[2026-01-29 11:43:22,918] [DEBUG] [TEST] Batch 1 | Pred shape: torch.Size([256, 256, 160]) | Label shape: torch.Size([256, 256, 160])
[2026-01-29 11:43:23,015] [DEBUG] [TEST] Batch 2 | Pred shape: torch.Size([256, 256, 160]) | Label shape: torch.Size([256, 256, 160])
[2026-01-29 11:43:28,607] [DEBUG] [TEST] Batch 3 | Pred shape: torch.Size([256, 256, 160]) | Label shape: torch.Size([256, 256, 160])
[2026-01-29 11:43:28,809] [DEBUG] [TEST] Batch 4 | Pred shape: torch.Size([256, 256, 160]) | Label shape: torch.Size([256, 256, 160])
[2026-01-29 11:43:28,922] [DEBUG] [TEST] Batch 5 | Pred shape: torch.Size([256, 256, 160]) | Label shape: torch.Size([256, 256, 160])
[2026-01-29 11:43:29,722] [DEBUG] [TEST] Batch 6 | Pred shape: torch.Size([256, 256, 160]) | Label shape: torch.Size([256, 256, 160])
[2026-01-29 11:43:29,845] [DEBUG] [TEST] Batch 7 | Pred shape: torch.Size([256, 256, 160]) | Label shape: torch.Size([256, 256, 160])
[2026-01-29 11:43:30,023] [DEBUG] [TEST] Batch 8 | Pred shape: torch.Size([256, 256, 160]) | Label shape: torch.Size([256, 256, 160])
[2026-01-29 11:43:30,148] [DEBUG] [TEST] Batch 9 | Pred shape: torch.Size([256, 256, 160]) | Label shape: torch.Size([256, 256, 160])
[2026-01-29 11:43:30,322] [DEBUG] [TEST] Batch 10 | Pred shape: torch.Size([256, 256, 160]) | Label shape: torch.Size([256, 256, 160])
[2026-01-29 11:43:30,444] [DEBUG] [TEST] Batch 11 | Pred shape: torch.Size([256, 256, 160]) | Label shape: torch.Size([256, 256, 160])
[2026-01-29 11:43:30,622] [DEBUG] [TEST] Batch 12 | Pred shape: torch.Size([256, 256, 160]) | Label shape: torch.Size([256, 256, 160])
[2026-01-29 11:43:33,414] [DEBUG] [TEST] Batch 13 | Pred shape: torch.Size([256, 256, 160]) | Label shape: torch.Size([256, 256, 160])
[2026-01-29 11:43:33,746] [DEBUG] [TEST] Batch 14 | Pred shape: torch.Size([256, 256, 160]) | Label shape: torch.Size([256, 256, 160])
[2026-01-29 11:43:34,166] [DEBUG] [TEST] Batch 15 | Pred shape: torch.Size([256, 256, 160]) | Label shape: torch.Size([256, 256, 160])
[2026-01-29 11:43:34,409] [DEBUG] [TEST] Batch 16 | Pred shape: torch.Size([256, 256, 160]) | Label shape: torch.Size([256, 256, 160])
[2026-01-29 11:43:44,007] [INFO] [FIT] Final model saved to: Revision2/Run_UNET_NonIID_SH20_20260129/Client3/model_final.pth
[2026-01-29 11:44:05,219] [INFO] [COMM][CLIENT] Round=-1 Mode=SH UsedSparsity=0.2 UsedClusters=- BaselineBits=154016352.0 CompressedBits=167096179.4 CR=0.922
[2026-01-29 11:52:18,741] [INFO] [EVALUATE] Starting evaluation...
[2026-01-29 11:52:20,108] [INFO] [DEBUG] Loaded compressed decoded weights.
[2026-01-29 11:53:15,546] [INFO] Model initialized on device: cuda:0
[2026-01-29 11:53:15,546] [INFO] [CLIENT INIT] Mode=SH | Sparsity=ON (UsedSparsity=0.2) | Clusters=OFF (UsedClusters=-) | EnvSparsityCfg={'Conv': 0.2, 'Linear': 0.2, 'Bias': 0.0, 'BatchNorm': 0.0} | EnvNClusters=3
[2026-01-29 11:53:15,627] [INFO] Model initialized on device: cuda:0
[2026-01-29 11:53:15,627] [INFO] [CLIENT INIT] Mode=SH | Sparsity=ON (UsedSparsity=0.2) | Clusters=OFF (UsedClusters=-) | EnvSparsityCfg={'Conv': 0.2, 'Linear': 0.2, 'Bias': 0.0, 'BatchNorm': 0.0} | EnvNClusters=3
[2026-01-29 11:53:15,784] [INFO] Model initialized on device: cuda:0
[2026-01-29 11:53:15,784] [INFO] [CLIENT INIT] Mode=SH | Sparsity=ON (UsedSparsity=0.2) | Clusters=OFF (UsedClusters=-) | EnvSparsityCfg={'Conv': 0.2, 'Linear': 0.2, 'Bias': 0.0, 'BatchNorm': 0.0} | EnvNClusters=3
[2026-01-29 11:53:21,072] [INFO] Model initialized on device: cuda:0
[2026-01-29 11:53:21,072] [INFO] [CLIENT INIT] Mode=SH | Sparsity=ON (UsedSparsity=0.2) | Clusters=OFF (UsedClusters=-) | EnvSparsityCfg={'Conv': 0.2, 'Linear': 0.2, 'Bias': 0.0, 'BatchNorm': 0.0} | EnvNClusters=3
[2026-01-29 11:53:21,947] [INFO] Model initialized on device: cuda:0
[2026-01-29 11:53:21,947] [INFO] [CLIENT INIT] Mode=SH | Sparsity=ON (UsedSparsity=0.2) | Clusters=OFF (UsedClusters=-) | EnvSparsityCfg={'Conv': 0.2, 'Linear': 0.2, 'Bias': 0.0, 'BatchNorm': 0.0} | EnvNClusters=3
[2026-01-29 11:53:22,575] [INFO] Model initialized on device: cuda:0
[2026-01-29 11:53:22,575] [INFO] [CLIENT INIT] Mode=SH | Sparsity=ON (UsedSparsity=0.2) | Clusters=OFF (UsedClusters=-) | EnvSparsityCfg={'Conv': 0.2, 'Linear': 0.2, 'Bias': 0.0, 'BatchNorm': 0.0} | EnvNClusters=3
[2026-01-29 11:53:22,673] [INFO] Model initialized on device: cuda:0
[2026-01-29 11:53:22,673] [INFO] [CLIENT INIT] Mode=SH | Sparsity=ON (UsedSparsity=0.2) | Clusters=OFF (UsedClusters=-) | EnvSparsityCfg={'Conv': 0.2, 'Linear': 0.2, 'Bias': 0.0, 'BatchNorm': 0.0} | EnvNClusters=3
[2026-01-29 11:53:23,011] [INFO] Model initialized on device: cuda:0
[2026-01-29 11:53:23,011] [INFO] [CLIENT INIT] Mode=SH | Sparsity=ON (UsedSparsity=0.2) | Clusters=OFF (UsedClusters=-) | EnvSparsityCfg={'Conv': 0.2, 'Linear': 0.2, 'Bias': 0.0, 'BatchNorm': 0.0} | EnvNClusters=3
[2026-01-29 11:53:23,014] [INFO] Model initialized on device: cuda:0
[2026-01-29 11:53:23,014] [INFO] [CLIENT INIT] Mode=SH | Sparsity=ON (UsedSparsity=0.2) | Clusters=OFF (UsedClusters=-) | EnvSparsityCfg={'Conv': 0.2, 'Linear': 0.2, 'Bias': 0.0, 'BatchNorm': 0.0} | EnvNClusters=3
[2026-01-29 11:53:23,350] [INFO] Model initialized on device: cuda:0
[2026-01-29 11:53:23,350] [INFO] [CLIENT INIT] Mode=SH | Sparsity=ON (UsedSparsity=0.2) | Clusters=OFF (UsedClusters=-) | EnvSparsityCfg={'Conv': 0.2, 'Linear': 0.2, 'Bias': 0.0, 'BatchNorm': 0.0} | EnvNClusters=3
[2026-01-29 11:53:25,631] [DEBUG] [TEST] Batch 1 | Pred shape: torch.Size([256, 256, 160]) | Label shape: torch.Size([256, 256, 160])
[2026-01-29 11:53:25,692] [DEBUG] [TEST] Batch 2 | Pred shape: torch.Size([256, 256, 160]) | Label shape: torch.Size([256, 256, 160])
[2026-01-29 11:53:25,783] [DEBUG] [TEST] Batch 3 | Pred shape: torch.Size([256, 256, 160]) | Label shape: torch.Size([256, 256, 160])
[2026-01-29 11:53:25,841] [DEBUG] [TEST] Batch 4 | Pred shape: torch.Size([256, 256, 160]) | Label shape: torch.Size([256, 256, 160])
[2026-01-29 11:53:25,903] [DEBUG] [TEST] Batch 5 | Pred shape: torch.Size([256, 256, 160]) | Label shape: torch.Size([256, 256, 160])
[2026-01-29 11:53:25,992] [DEBUG] [TEST] Batch 6 | Pred shape: torch.Size([256, 256, 160]) | Label shape: torch.Size([256, 256, 160])
[2026-01-29 11:53:26,392] [DEBUG] [TEST] Batch 7 | Pred shape: torch.Size([256, 256, 160]) | Label shape: torch.Size([256, 256, 160])
[2026-01-29 11:53:26,453] [DEBUG] [TEST] Batch 8 | Pred shape: torch.Size([256, 256, 160]) | Label shape: torch.Size([256, 256, 160])
[2026-01-29 11:53:26,578] [DEBUG] [TEST] Batch 9 | Pred shape: torch.Size([256, 256, 160]) | Label shape: torch.Size([256, 256, 160])
[2026-01-29 11:53:26,644] [DEBUG] [TEST] Batch 10 | Pred shape: torch.Size([256, 256, 160]) | Label shape: torch.Size([256, 256, 160])
[2026-01-29 11:53:28,153] [DEBUG] [TEST] Batch 11 | Pred shape: torch.Size([256, 256, 160]) | Label shape: torch.Size([256, 256, 160])
[2026-01-29 11:53:28,216] [DEBUG] [TEST] Batch 12 | Pred shape: torch.Size([256, 256, 160]) | Label shape: torch.Size([256, 256, 160])
[2026-01-29 11:53:28,273] [DEBUG] [TEST] Batch 13 | Pred shape: torch.Size([256, 256, 160]) | Label shape: torch.Size([256, 256, 160])
[2026-01-29 11:53:28,359] [DEBUG] [TEST] Batch 14 | Pred shape: torch.Size([256, 256, 160]) | Label shape: torch.Size([256, 256, 160])
[2026-01-29 11:53:28,416] [DEBUG] [TEST] Batch 15 | Pred shape: torch.Size([256, 256, 160]) | Label shape: torch.Size([256, 256, 160])
[2026-01-29 11:53:28,474] [DEBUG] [TEST] Batch 16 | Pred shape: torch.Size([256, 256, 160]) | Label shape: torch.Size([256, 256, 160])
[2026-01-29 11:53:33,659] [INFO] [EVALUATE] Dice WT: 0.3365
[2026-01-29 11:53:55,722] [INFO] [FIT] Received parameters. Starting local training...
[2026-01-29 11:53:57,407] [INFO] [DEBUG] Loaded compressed decoded weights.
[2026-01-29 11:55:05,477] [INFO] Model initialized on device: cuda:0
[2026-01-29 11:55:05,477] [INFO] [CLIENT INIT] Mode=SH | Sparsity=ON (UsedSparsity=0.2) | Clusters=OFF (UsedClusters=-) | EnvSparsityCfg={'Conv': 0.2, 'Linear': 0.2, 'Bias': 0.0, 'BatchNorm': 0.0} | EnvNClusters=3
[2026-01-29 11:55:05,581] [INFO] Model initialized on device: cuda:0
[2026-01-29 11:55:05,582] [INFO] [CLIENT INIT] Mode=SH | Sparsity=ON (UsedSparsity=0.2) | Clusters=OFF (UsedClusters=-) | EnvSparsityCfg={'Conv': 0.2, 'Linear': 0.2, 'Bias': 0.0, 'BatchNorm': 0.0} | EnvNClusters=3
[2026-01-29 11:55:05,787] [INFO] Model initialized on device: cuda:0
[2026-01-29 11:55:05,787] [INFO] [CLIENT INIT] Mode=SH | Sparsity=ON (UsedSparsity=0.2) | Clusters=OFF (UsedClusters=-) | EnvSparsityCfg={'Conv': 0.2, 'Linear': 0.2, 'Bias': 0.0, 'BatchNorm': 0.0} | EnvNClusters=3
[2026-01-29 11:55:05,810] [INFO] Model initialized on device: cuda:0
[2026-01-29 11:55:05,811] [INFO] [CLIENT INIT] Mode=SH | Sparsity=ON (UsedSparsity=0.2) | Clusters=OFF (UsedClusters=-) | EnvSparsityCfg={'Conv': 0.2, 'Linear': 0.2, 'Bias': 0.0, 'BatchNorm': 0.0} | EnvNClusters=3
[2026-01-29 11:55:06,315] [INFO] Model initialized on device: cuda:0
[2026-01-29 11:55:06,315] [INFO] [CLIENT INIT] Mode=SH | Sparsity=ON (UsedSparsity=0.2) | Clusters=OFF (UsedClusters=-) | EnvSparsityCfg={'Conv': 0.2, 'Linear': 0.2, 'Bias': 0.0, 'BatchNorm': 0.0} | EnvNClusters=3
[2026-01-29 11:55:06,642] [INFO] Model initialized on device: cuda:0
[2026-01-29 11:55:06,642] [INFO] [CLIENT INIT] Mode=SH | Sparsity=ON (UsedSparsity=0.2) | Clusters=OFF (UsedClusters=-) | EnvSparsityCfg={'Conv': 0.2, 'Linear': 0.2, 'Bias': 0.0, 'BatchNorm': 0.0} | EnvNClusters=3
[2026-01-29 11:55:06,731] [INFO] Model initialized on device: cuda:0
[2026-01-29 11:55:06,731] [INFO] [CLIENT INIT] Mode=SH | Sparsity=ON (UsedSparsity=0.2) | Clusters=OFF (UsedClusters=-) | EnvSparsityCfg={'Conv': 0.2, 'Linear': 0.2, 'Bias': 0.0, 'BatchNorm': 0.0} | EnvNClusters=3
[2026-01-29 11:55:06,810] [INFO] Model initialized on device: cuda:0
[2026-01-29 11:55:06,810] [INFO] [CLIENT INIT] Mode=SH | Sparsity=ON (UsedSparsity=0.2) | Clusters=OFF (UsedClusters=-) | EnvSparsityCfg={'Conv': 0.2, 'Linear': 0.2, 'Bias': 0.0, 'BatchNorm': 0.0} | EnvNClusters=3
[2026-01-29 11:55:06,941] [INFO] Model initialized on device: cuda:0
[2026-01-29 11:55:06,942] [INFO] [CLIENT INIT] Mode=SH | Sparsity=ON (UsedSparsity=0.2) | Clusters=OFF (UsedClusters=-) | EnvSparsityCfg={'Conv': 0.2, 'Linear': 0.2, 'Bias': 0.0, 'BatchNorm': 0.0} | EnvNClusters=3
[2026-01-29 11:55:07,037] [INFO] Model initialized on device: cuda:0
[2026-01-29 11:55:07,037] [INFO] [CLIENT INIT] Mode=SH | Sparsity=ON (UsedSparsity=0.2) | Clusters=OFF (UsedClusters=-) | EnvSparsityCfg={'Conv': 0.2, 'Linear': 0.2, 'Bias': 0.0, 'BatchNorm': 0.0} | EnvNClusters=3
[2026-01-29 11:56:58,413] [INFO] [TRAIN] Epoch 1 Loss: 0.6711
[2026-01-29 11:57:54,950] [INFO] Model initialized on device: cuda:0
[2026-01-29 11:57:54,950] [INFO] [CLIENT INIT] Mode=SH | Sparsity=ON (UsedSparsity=0.2) | Clusters=OFF (UsedClusters=-) | EnvSparsityCfg={'Conv': 0.2, 'Linear': 0.2, 'Bias': 0.0, 'BatchNorm': 0.0} | EnvNClusters=3
[2026-01-29 11:57:55,235] [INFO] Model initialized on device: cuda:0
[2026-01-29 11:57:55,235] [INFO] [CLIENT INIT] Mode=SH | Sparsity=ON (UsedSparsity=0.2) | Clusters=OFF (UsedClusters=-) | EnvSparsityCfg={'Conv': 0.2, 'Linear': 0.2, 'Bias': 0.0, 'BatchNorm': 0.0} | EnvNClusters=3
[2026-01-29 11:57:55,508] [INFO] Model initialized on device: cuda:0
[2026-01-29 11:57:55,508] [INFO] [CLIENT INIT] Mode=SH | Sparsity=ON (UsedSparsity=0.2) | Clusters=OFF (UsedClusters=-) | EnvSparsityCfg={'Conv': 0.2, 'Linear': 0.2, 'Bias': 0.0, 'BatchNorm': 0.0} | EnvNClusters=3
[2026-01-29 11:57:55,511] [INFO] Model initialized on device: cuda:0
[2026-01-29 11:57:55,511] [INFO] [CLIENT INIT] Mode=SH | Sparsity=ON (UsedSparsity=0.2) | Clusters=OFF (UsedClusters=-) | EnvSparsityCfg={'Conv': 0.2, 'Linear': 0.2, 'Bias': 0.0, 'BatchNorm': 0.0} | EnvNClusters=3
[2026-01-29 11:57:55,512] [INFO] Model initialized on device: cuda:0
[2026-01-29 11:57:55,512] [INFO] [CLIENT INIT] Mode=SH | Sparsity=ON (UsedSparsity=0.2) | Clusters=OFF (UsedClusters=-) | EnvSparsityCfg={'Conv': 0.2, 'Linear': 0.2, 'Bias': 0.0, 'BatchNorm': 0.0} | EnvNClusters=3
[2026-01-29 11:57:55,908] [INFO] Model initialized on device: cuda:0
[2026-01-29 11:57:55,908] [INFO] [CLIENT INIT] Mode=SH | Sparsity=ON (UsedSparsity=0.2) | Clusters=OFF (UsedClusters=-) | EnvSparsityCfg={'Conv': 0.2, 'Linear': 0.2, 'Bias': 0.0, 'BatchNorm': 0.0} | EnvNClusters=3
[2026-01-29 11:57:55,911] [INFO] Model initialized on device: cuda:0
[2026-01-29 11:57:55,911] [INFO] [CLIENT INIT] Mode=SH | Sparsity=ON (UsedSparsity=0.2) | Clusters=OFF (UsedClusters=-) | EnvSparsityCfg={'Conv': 0.2, 'Linear': 0.2, 'Bias': 0.0, 'BatchNorm': 0.0} | EnvNClusters=3
[2026-01-29 11:57:56,021] [INFO] Model initialized on device: cuda:0
[2026-01-29 11:57:56,021] [INFO] [CLIENT INIT] Mode=SH | Sparsity=ON (UsedSparsity=0.2) | Clusters=OFF (UsedClusters=-) | EnvSparsityCfg={'Conv': 0.2, 'Linear': 0.2, 'Bias': 0.0, 'BatchNorm': 0.0} | EnvNClusters=3
[2026-01-29 11:57:56,212] [INFO] Model initialized on device: cuda:0
[2026-01-29 11:57:56,212] [INFO] [CLIENT INIT] Mode=SH | Sparsity=ON (UsedSparsity=0.2) | Clusters=OFF (UsedClusters=-) | EnvSparsityCfg={'Conv': 0.2, 'Linear': 0.2, 'Bias': 0.0, 'BatchNorm': 0.0} | EnvNClusters=3
[2026-01-29 11:57:56,224] [INFO] Model initialized on device: cuda:0
[2026-01-29 11:57:56,224] [INFO] [CLIENT INIT] Mode=SH | Sparsity=ON (UsedSparsity=0.2) | Clusters=OFF (UsedClusters=-) | EnvSparsityCfg={'Conv': 0.2, 'Linear': 0.2, 'Bias': 0.0, 'BatchNorm': 0.0} | EnvNClusters=3
[2026-01-29 11:59:42,411] [INFO] [TRAIN] Epoch 2 Loss: 0.6242
[2026-01-29 12:00:28,626] [INFO] Model initialized on device: cuda:0
[2026-01-29 12:00:28,626] [INFO] [CLIENT INIT] Mode=SH | Sparsity=ON (UsedSparsity=0.2) | Clusters=OFF (UsedClusters=-) | EnvSparsityCfg={'Conv': 0.2, 'Linear': 0.2, 'Bias': 0.0, 'BatchNorm': 0.0} | EnvNClusters=3
[2026-01-29 12:00:29,319] [INFO] Model initialized on device: cuda:0
[2026-01-29 12:00:29,320] [INFO] [CLIENT INIT] Mode=SH | Sparsity=ON (UsedSparsity=0.2) | Clusters=OFF (UsedClusters=-) | EnvSparsityCfg={'Conv': 0.2, 'Linear': 0.2, 'Bias': 0.0, 'BatchNorm': 0.0} | EnvNClusters=3
[2026-01-29 12:00:29,322] [INFO] Model initialized on device: cuda:0
[2026-01-29 12:00:29,323] [INFO] [CLIENT INIT] Mode=SH | Sparsity=ON (UsedSparsity=0.2) | Clusters=OFF (UsedClusters=-) | EnvSparsityCfg={'Conv': 0.2, 'Linear': 0.2, 'Bias': 0.0, 'BatchNorm': 0.0} | EnvNClusters=3
[2026-01-29 12:00:29,338] [INFO] Model initialized on device: cuda:0
[2026-01-29 12:00:29,338] [INFO] [CLIENT INIT] Mode=SH | Sparsity=ON (UsedSparsity=0.2) | Clusters=OFF (UsedClusters=-) | EnvSparsityCfg={'Conv': 0.2, 'Linear': 0.2, 'Bias': 0.0, 'BatchNorm': 0.0} | EnvNClusters=3
[2026-01-29 12:00:29,429] [INFO] Model initialized on device: cuda:0
[2026-01-29 12:00:29,429] [INFO] [CLIENT INIT] Mode=SH | Sparsity=ON (UsedSparsity=0.2) | Clusters=OFF (UsedClusters=-) | EnvSparsityCfg={'Conv': 0.2, 'Linear': 0.2, 'Bias': 0.0, 'BatchNorm': 0.0} | EnvNClusters=3
[2026-01-29 12:00:29,523] [INFO] Model initialized on device: cuda:0
[2026-01-29 12:00:29,523] [INFO] [CLIENT INIT] Mode=SH | Sparsity=ON (UsedSparsity=0.2) | Clusters=OFF (UsedClusters=-) | EnvSparsityCfg={'Conv': 0.2, 'Linear': 0.2, 'Bias': 0.0, 'BatchNorm': 0.0} | EnvNClusters=3
[2026-01-29 12:00:29,533] [INFO] Model initialized on device: cuda:0
[2026-01-29 12:00:29,533] [INFO] [CLIENT INIT] Mode=SH | Sparsity=ON (UsedSparsity=0.2) | Clusters=OFF (UsedClusters=-) | EnvSparsityCfg={'Conv': 0.2, 'Linear': 0.2, 'Bias': 0.0, 'BatchNorm': 0.0} | EnvNClusters=3
[2026-01-29 12:00:29,533] [INFO] Model initialized on device: cuda:0
[2026-01-29 12:00:29,533] [INFO] [CLIENT INIT] Mode=SH | Sparsity=ON (UsedSparsity=0.2) | Clusters=OFF (UsedClusters=-) | EnvSparsityCfg={'Conv': 0.2, 'Linear': 0.2, 'Bias': 0.0, 'BatchNorm': 0.0} | EnvNClusters=3
[2026-01-29 12:00:29,537] [INFO] Model initialized on device: cuda:0
[2026-01-29 12:00:29,537] [INFO] [CLIENT INIT] Mode=SH | Sparsity=ON (UsedSparsity=0.2) | Clusters=OFF (UsedClusters=-) | EnvSparsityCfg={'Conv': 0.2, 'Linear': 0.2, 'Bias': 0.0, 'BatchNorm': 0.0} | EnvNClusters=3
[2026-01-29 12:00:29,538] [INFO] Model initialized on device: cuda:0
[2026-01-29 12:00:29,538] [INFO] [CLIENT INIT] Mode=SH | Sparsity=ON (UsedSparsity=0.2) | Clusters=OFF (UsedClusters=-) | EnvSparsityCfg={'Conv': 0.2, 'Linear': 0.2, 'Bias': 0.0, 'BatchNorm': 0.0} | EnvNClusters=3
[2026-01-29 12:02:15,014] [INFO] [TRAIN] Epoch 3 Loss: 0.5810
[2026-01-29 12:03:04,533] [INFO] Model initialized on device: cuda:0
[2026-01-29 12:03:04,533] [INFO] [CLIENT INIT] Mode=SH | Sparsity=ON (UsedSparsity=0.2) | Clusters=OFF (UsedClusters=-) | EnvSparsityCfg={'Conv': 0.2, 'Linear': 0.2, 'Bias': 0.0, 'BatchNorm': 0.0} | EnvNClusters=3
[2026-01-29 12:03:04,740] [INFO] Model initialized on device: cuda:0
[2026-01-29 12:03:04,740] [INFO] [CLIENT INIT] Mode=SH | Sparsity=ON (UsedSparsity=0.2) | Clusters=OFF (UsedClusters=-) | EnvSparsityCfg={'Conv': 0.2, 'Linear': 0.2, 'Bias': 0.0, 'BatchNorm': 0.0} | EnvNClusters=3
[2026-01-29 12:03:04,824] [INFO] Model initialized on device: cuda:0
[2026-01-29 12:03:04,824] [INFO] [CLIENT INIT] Mode=SH | Sparsity=ON (UsedSparsity=0.2) | Clusters=OFF (UsedClusters=-) | EnvSparsityCfg={'Conv': 0.2, 'Linear': 0.2, 'Bias': 0.0, 'BatchNorm': 0.0} | EnvNClusters=3
[2026-01-29 12:03:05,240] [INFO] Model initialized on device: cuda:0
[2026-01-29 12:03:05,240] [INFO] [CLIENT INIT] Mode=SH | Sparsity=ON (UsedSparsity=0.2) | Clusters=OFF (UsedClusters=-) | EnvSparsityCfg={'Conv': 0.2, 'Linear': 0.2, 'Bias': 0.0, 'BatchNorm': 0.0} | EnvNClusters=3
[2026-01-29 12:03:05,319] [INFO] Model initialized on device: cuda:0
[2026-01-29 12:03:05,319] [INFO] [CLIENT INIT] Mode=SH | Sparsity=ON (UsedSparsity=0.2) | Clusters=OFF (UsedClusters=-) | EnvSparsityCfg={'Conv': 0.2, 'Linear': 0.2, 'Bias': 0.0, 'BatchNorm': 0.0} | EnvNClusters=3
[2026-01-29 12:03:05,414] [INFO] Model initialized on device: cuda:0
[2026-01-29 12:03:05,414] [INFO] [CLIENT INIT] Mode=SH | Sparsity=ON (UsedSparsity=0.2) | Clusters=OFF (UsedClusters=-) | EnvSparsityCfg={'Conv': 0.2, 'Linear': 0.2, 'Bias': 0.0, 'BatchNorm': 0.0} | EnvNClusters=3
[2026-01-29 12:03:05,427] [INFO] Model initialized on device: cuda:0
[2026-01-29 12:03:05,427] [INFO] [CLIENT INIT] Mode=SH | Sparsity=ON (UsedSparsity=0.2) | Clusters=OFF (UsedClusters=-) | EnvSparsityCfg={'Conv': 0.2, 'Linear': 0.2, 'Bias': 0.0, 'BatchNorm': 0.0} | EnvNClusters=3
[2026-01-29 12:03:05,427] [INFO] Model initialized on device: cuda:0
[2026-01-29 12:03:05,427] [INFO] [CLIENT INIT] Mode=SH | Sparsity=ON (UsedSparsity=0.2) | Clusters=OFF (UsedClusters=-) | EnvSparsityCfg={'Conv': 0.2, 'Linear': 0.2, 'Bias': 0.0, 'BatchNorm': 0.0} | EnvNClusters=3
[2026-01-29 12:03:05,429] [INFO] Model initialized on device: cuda:0
[2026-01-29 12:03:05,429] [INFO] [CLIENT INIT] Mode=SH | Sparsity=ON (UsedSparsity=0.2) | Clusters=OFF (UsedClusters=-) | EnvSparsityCfg={'Conv': 0.2, 'Linear': 0.2, 'Bias': 0.0, 'BatchNorm': 0.0} | EnvNClusters=3
[2026-01-29 12:03:05,438] [INFO] Model initialized on device: cuda:0
[2026-01-29 12:03:05,438] [INFO] [CLIENT INIT] Mode=SH | Sparsity=ON (UsedSparsity=0.2) | Clusters=OFF (UsedClusters=-) | EnvSparsityCfg={'Conv': 0.2, 'Linear': 0.2, 'Bias': 0.0, 'BatchNorm': 0.0} | EnvNClusters=3
[2026-01-29 12:04:46,107] [INFO] [TRAIN] Epoch 4 Loss: 0.5460
[2026-01-29 12:05:25,431] [INFO] Model initialized on device: cuda:0
[2026-01-29 12:05:25,432] [INFO] [CLIENT INIT] Mode=SH | Sparsity=ON (UsedSparsity=0.2) | Clusters=OFF (UsedClusters=-) | EnvSparsityCfg={'Conv': 0.2, 'Linear': 0.2, 'Bias': 0.0, 'BatchNorm': 0.0} | EnvNClusters=3
[2026-01-29 12:05:25,835] [INFO] Model initialized on device: cuda:0
[2026-01-29 12:05:25,835] [INFO] [CLIENT INIT] Mode=SH | Sparsity=ON (UsedSparsity=0.2) | Clusters=OFF (UsedClusters=-) | EnvSparsityCfg={'Conv': 0.2, 'Linear': 0.2, 'Bias': 0.0, 'BatchNorm': 0.0} | EnvNClusters=3
[2026-01-29 12:05:26,119] [INFO] Model initialized on device: cuda:0
[2026-01-29 12:05:26,119] [INFO] [CLIENT INIT] Mode=SH | Sparsity=ON (UsedSparsity=0.2) | Clusters=OFF (UsedClusters=-) | EnvSparsityCfg={'Conv': 0.2, 'Linear': 0.2, 'Bias': 0.0, 'BatchNorm': 0.0} | EnvNClusters=3
[2026-01-29 12:05:26,207] [INFO] Model initialized on device: cuda:0
[2026-01-29 12:05:26,208] [INFO] [CLIENT INIT] Mode=SH | Sparsity=ON (UsedSparsity=0.2) | Clusters=OFF (UsedClusters=-) | EnvSparsityCfg={'Conv': 0.2, 'Linear': 0.2, 'Bias': 0.0, 'BatchNorm': 0.0} | EnvNClusters=3
[2026-01-29 12:05:30,214] [INFO] Model initialized on device: cuda:0
[2026-01-29 12:05:30,214] [INFO] [CLIENT INIT] Mode=SH | Sparsity=ON (UsedSparsity=0.2) | Clusters=OFF (UsedClusters=-) | EnvSparsityCfg={'Conv': 0.2, 'Linear': 0.2, 'Bias': 0.0, 'BatchNorm': 0.0} | EnvNClusters=3
[2026-01-29 12:05:32,027] [INFO] Model initialized on device: cuda:0
[2026-01-29 12:05:32,028] [INFO] [CLIENT INIT] Mode=SH | Sparsity=ON (UsedSparsity=0.2) | Clusters=OFF (UsedClusters=-) | EnvSparsityCfg={'Conv': 0.2, 'Linear': 0.2, 'Bias': 0.0, 'BatchNorm': 0.0} | EnvNClusters=3
[2026-01-29 12:05:32,211] [INFO] Model initialized on device: cuda:0
[2026-01-29 12:05:32,212] [INFO] Model initialized on device: cuda:0
[2026-01-29 12:05:32,212] [INFO] [CLIENT INIT] Mode=SH | Sparsity=ON (UsedSparsity=0.2) | Clusters=OFF (UsedClusters=-) | EnvSparsityCfg={'Conv': 0.2, 'Linear': 0.2, 'Bias': 0.0, 'BatchNorm': 0.0} | EnvNClusters=3
[2026-01-29 12:05:32,212] [INFO] [CLIENT INIT] Mode=SH | Sparsity=ON (UsedSparsity=0.2) | Clusters=OFF (UsedClusters=-) | EnvSparsityCfg={'Conv': 0.2, 'Linear': 0.2, 'Bias': 0.0, 'BatchNorm': 0.0} | EnvNClusters=3
[2026-01-29 12:05:32,214] [INFO] Model initialized on device: cuda:0
[2026-01-29 12:05:32,214] [INFO] [CLIENT INIT] Mode=SH | Sparsity=ON (UsedSparsity=0.2) | Clusters=OFF (UsedClusters=-) | EnvSparsityCfg={'Conv': 0.2, 'Linear': 0.2, 'Bias': 0.0, 'BatchNorm': 0.0} | EnvNClusters=3
[2026-01-29 12:05:32,216] [INFO] Model initialized on device: cuda:0
[2026-01-29 12:05:32,216] [INFO] [CLIENT INIT] Mode=SH | Sparsity=ON (UsedSparsity=0.2) | Clusters=OFF (UsedClusters=-) | EnvSparsityCfg={'Conv': 0.2, 'Linear': 0.2, 'Bias': 0.0, 'BatchNorm': 0.0} | EnvNClusters=3
[2026-01-29 12:07:13,719] [INFO] [TRAIN] Epoch 5 Loss: 0.5096
[2026-01-29 12:07:13,720] [INFO] [FIT] Local training finished. Avg Loss: 0.5864
[2026-01-29 12:07:49,116] [INFO] Model initialized on device: cuda:0
[2026-01-29 12:07:49,116] [INFO] [CLIENT INIT] Mode=SH | Sparsity=ON (UsedSparsity=0.2) | Clusters=OFF (UsedClusters=-) | EnvSparsityCfg={'Conv': 0.2, 'Linear': 0.2, 'Bias': 0.0, 'BatchNorm': 0.0} | EnvNClusters=3
[2026-01-29 12:07:49,331] [INFO] Model initialized on device: cuda:0
[2026-01-29 12:07:49,331] [INFO] [CLIENT INIT] Mode=SH | Sparsity=ON (UsedSparsity=0.2) | Clusters=OFF (UsedClusters=-) | EnvSparsityCfg={'Conv': 0.2, 'Linear': 0.2, 'Bias': 0.0, 'BatchNorm': 0.0} | EnvNClusters=3
[2026-01-29 12:07:57,218] [INFO] Model initialized on device: cuda:0
[2026-01-29 12:07:57,218] [INFO] [CLIENT INIT] Mode=SH | Sparsity=ON (UsedSparsity=0.2) | Clusters=OFF (UsedClusters=-) | EnvSparsityCfg={'Conv': 0.2, 'Linear': 0.2, 'Bias': 0.0, 'BatchNorm': 0.0} | EnvNClusters=3
[2026-01-29 12:07:57,447] [INFO] Model initialized on device: cuda:0
[2026-01-29 12:07:57,447] [INFO] [CLIENT INIT] Mode=SH | Sparsity=ON (UsedSparsity=0.2) | Clusters=OFF (UsedClusters=-) | EnvSparsityCfg={'Conv': 0.2, 'Linear': 0.2, 'Bias': 0.0, 'BatchNorm': 0.0} | EnvNClusters=3
[2026-01-29 12:07:57,746] [INFO] Model initialized on device: cuda:0
[2026-01-29 12:07:57,746] [INFO] Model initialized on device: cuda:0
[2026-01-29 12:07:57,746] [INFO] [CLIENT INIT] Mode=SH | Sparsity=ON (UsedSparsity=0.2) | Clusters=OFF (UsedClusters=-) | EnvSparsityCfg={'Conv': 0.2, 'Linear': 0.2, 'Bias': 0.0, 'BatchNorm': 0.0} | EnvNClusters=3
[2026-01-29 12:07:57,746] [INFO] [CLIENT INIT] Mode=SH | Sparsity=ON (UsedSparsity=0.2) | Clusters=OFF (UsedClusters=-) | EnvSparsityCfg={'Conv': 0.2, 'Linear': 0.2, 'Bias': 0.0, 'BatchNorm': 0.0} | EnvNClusters=3
[2026-01-29 12:07:57,842] [INFO] Model initialized on device: cuda:0
[2026-01-29 12:07:57,842] [INFO] [CLIENT INIT] Mode=SH | Sparsity=ON (UsedSparsity=0.2) | Clusters=OFF (UsedClusters=-) | EnvSparsityCfg={'Conv': 0.2, 'Linear': 0.2, 'Bias': 0.0, 'BatchNorm': 0.0} | EnvNClusters=3
[2026-01-29 12:07:57,850] [INFO] Model initialized on device: cuda:0
[2026-01-29 12:07:57,850] [INFO] [CLIENT INIT] Mode=SH | Sparsity=ON (UsedSparsity=0.2) | Clusters=OFF (UsedClusters=-) | EnvSparsityCfg={'Conv': 0.2, 'Linear': 0.2, 'Bias': 0.0, 'BatchNorm': 0.0} | EnvNClusters=3
[2026-01-29 12:07:57,924] [INFO] Model initialized on device: cuda:0
[2026-01-29 12:07:57,924] [INFO] [CLIENT INIT] Mode=SH | Sparsity=ON (UsedSparsity=0.2) | Clusters=OFF (UsedClusters=-) | EnvSparsityCfg={'Conv': 0.2, 'Linear': 0.2, 'Bias': 0.0, 'BatchNorm': 0.0} | EnvNClusters=3
[2026-01-29 12:07:57,931] [INFO] Model initialized on device: cuda:0
[2026-01-29 12:07:57,931] [INFO] [CLIENT INIT] Mode=SH | Sparsity=ON (UsedSparsity=0.2) | Clusters=OFF (UsedClusters=-) | EnvSparsityCfg={'Conv': 0.2, 'Linear': 0.2, 'Bias': 0.0, 'BatchNorm': 0.0} | EnvNClusters=3
[2026-01-29 12:08:04,217] [DEBUG] [TEST] Batch 1 | Pred shape: torch.Size([256, 256, 160]) | Label shape: torch.Size([256, 256, 160])
[2026-01-29 12:08:04,315] [DEBUG] [TEST] Batch 2 | Pred shape: torch.Size([256, 256, 160]) | Label shape: torch.Size([256, 256, 160])
[2026-01-29 12:08:04,416] [DEBUG] [TEST] Batch 3 | Pred shape: torch.Size([256, 256, 160]) | Label shape: torch.Size([256, 256, 160])
[2026-01-29 12:08:04,514] [DEBUG] [TEST] Batch 4 | Pred shape: torch.Size([256, 256, 160]) | Label shape: torch.Size([256, 256, 160])
[2026-01-29 12:08:05,114] [DEBUG] [TEST] Batch 5 | Pred shape: torch.Size([256, 256, 160]) | Label shape: torch.Size([256, 256, 160])
[2026-01-29 12:08:05,214] [DEBUG] [TEST] Batch 6 | Pred shape: torch.Size([256, 256, 160]) | Label shape: torch.Size([256, 256, 160])
[2026-01-29 12:08:05,335] [DEBUG] [TEST] Batch 7 | Pred shape: torch.Size([256, 256, 160]) | Label shape: torch.Size([256, 256, 160])
[2026-01-29 12:08:05,457] [DEBUG] [TEST] Batch 8 | Pred shape: torch.Size([256, 256, 160]) | Label shape: torch.Size([256, 256, 160])
[2026-01-29 12:08:05,654] [DEBUG] [TEST] Batch 9 | Pred shape: torch.Size([256, 256, 160]) | Label shape: torch.Size([256, 256, 160])
[2026-01-29 12:08:05,910] [DEBUG] [TEST] Batch 10 | Pred shape: torch.Size([256, 256, 160]) | Label shape: torch.Size([256, 256, 160])
[2026-01-29 12:08:08,750] [DEBUG] [TEST] Batch 11 | Pred shape: torch.Size([256, 256, 160]) | Label shape: torch.Size([256, 256, 160])
[2026-01-29 12:08:08,854] [DEBUG] [TEST] Batch 12 | Pred shape: torch.Size([256, 256, 160]) | Label shape: torch.Size([256, 256, 160])
[2026-01-29 12:08:08,914] [DEBUG] [TEST] Batch 13 | Pred shape: torch.Size([256, 256, 160]) | Label shape: torch.Size([256, 256, 160])
[2026-01-29 12:08:09,014] [DEBUG] [TEST] Batch 14 | Pred shape: torch.Size([256, 256, 160]) | Label shape: torch.Size([256, 256, 160])
[2026-01-29 12:08:09,070] [DEBUG] [TEST] Batch 15 | Pred shape: torch.Size([256, 256, 160]) | Label shape: torch.Size([256, 256, 160])
[2026-01-29 12:08:09,156] [DEBUG] [TEST] Batch 16 | Pred shape: torch.Size([256, 256, 160]) | Label shape: torch.Size([256, 256, 160])
[2026-01-29 12:08:14,907] [INFO] [FIT] Final model saved to: Revision2/Run_UNET_NonIID_SH20_20260129/Client3/model_final.pth
[2026-01-29 12:08:33,668] [INFO] [COMM][CLIENT] Round=-1 Mode=SH UsedSparsity=0.2 UsedClusters=- BaselineBits=154016352.0 CompressedBits=166984940.2 CR=0.922
[2026-01-29 12:16:43,194] [INFO] [EVALUATE] Starting evaluation...
[2026-01-29 12:16:44,433] [INFO] [DEBUG] Loaded compressed decoded weights.
[2026-01-29 12:17:50,231] [INFO] Model initialized on device: cuda:0
[2026-01-29 12:17:50,232] [INFO] [CLIENT INIT] Mode=SH | Sparsity=ON (UsedSparsity=0.2) | Clusters=OFF (UsedClusters=-) | EnvSparsityCfg={'Conv': 0.2, 'Linear': 0.2, 'Bias': 0.0, 'BatchNorm': 0.0} | EnvNClusters=3
[2026-01-29 12:17:51,143] [INFO] Model initialized on device: cuda:0
[2026-01-29 12:17:51,143] [INFO] [CLIENT INIT] Mode=SH | Sparsity=ON (UsedSparsity=0.2) | Clusters=OFF (UsedClusters=-) | EnvSparsityCfg={'Conv': 0.2, 'Linear': 0.2, 'Bias': 0.0, 'BatchNorm': 0.0} | EnvNClusters=3
[2026-01-29 12:17:51,224] [INFO] Model initialized on device: cuda:0
[2026-01-29 12:17:51,225] [INFO] [CLIENT INIT] Mode=SH | Sparsity=ON (UsedSparsity=0.2) | Clusters=OFF (UsedClusters=-) | EnvSparsityCfg={'Conv': 0.2, 'Linear': 0.2, 'Bias': 0.0, 'BatchNorm': 0.0} | EnvNClusters=3
[2026-01-29 12:17:51,314] [INFO] Model initialized on device: cuda:0
[2026-01-29 12:17:51,314] [INFO] [CLIENT INIT] Mode=SH | Sparsity=ON (UsedSparsity=0.2) | Clusters=OFF (UsedClusters=-) | EnvSparsityCfg={'Conv': 0.2, 'Linear': 0.2, 'Bias': 0.0, 'BatchNorm': 0.0} | EnvNClusters=3
[2026-01-29 12:17:51,339] [INFO] Model initialized on device: cuda:0
[2026-01-29 12:17:51,339] [INFO] [CLIENT INIT] Mode=SH | Sparsity=ON (UsedSparsity=0.2) | Clusters=OFF (UsedClusters=-) | EnvSparsityCfg={'Conv': 0.2, 'Linear': 0.2, 'Bias': 0.0, 'BatchNorm': 0.0} | EnvNClusters=3
[2026-01-29 12:17:51,341] [INFO] Model initialized on device: cuda:0
[2026-01-29 12:17:51,341] [INFO] [CLIENT INIT] Mode=SH | Sparsity=ON (UsedSparsity=0.2) | Clusters=OFF (UsedClusters=-) | EnvSparsityCfg={'Conv': 0.2, 'Linear': 0.2, 'Bias': 0.0, 'BatchNorm': 0.0} | EnvNClusters=3
[2026-01-29 12:17:51,432] [INFO] Model initialized on device: cuda:0
[2026-01-29 12:17:51,432] [INFO] [CLIENT INIT] Mode=SH | Sparsity=ON (UsedSparsity=0.2) | Clusters=OFF (UsedClusters=-) | EnvSparsityCfg={'Conv': 0.2, 'Linear': 0.2, 'Bias': 0.0, 'BatchNorm': 0.0} | EnvNClusters=3
[2026-01-29 12:17:51,435] [INFO] Model initialized on device: cuda:0
[2026-01-29 12:17:51,435] [INFO] [CLIENT INIT] Mode=SH | Sparsity=ON (UsedSparsity=0.2) | Clusters=OFF (UsedClusters=-) | EnvSparsityCfg={'Conv': 0.2, 'Linear': 0.2, 'Bias': 0.0, 'BatchNorm': 0.0} | EnvNClusters=3
[2026-01-29 12:17:51,522] [INFO] Model initialized on device: cuda:0
[2026-01-29 12:17:51,522] [INFO] Model initialized on device: cuda:0
[2026-01-29 12:17:51,522] [INFO] [CLIENT INIT] Mode=SH | Sparsity=ON (UsedSparsity=0.2) | Clusters=OFF (UsedClusters=-) | EnvSparsityCfg={'Conv': 0.2, 'Linear': 0.2, 'Bias': 0.0, 'BatchNorm': 0.0} | EnvNClusters=3
[2026-01-29 12:17:51,522] [INFO] [CLIENT INIT] Mode=SH | Sparsity=ON (UsedSparsity=0.2) | Clusters=OFF (UsedClusters=-) | EnvSparsityCfg={'Conv': 0.2, 'Linear': 0.2, 'Bias': 0.0, 'BatchNorm': 0.0} | EnvNClusters=3
[2026-01-29 12:18:00,152] [DEBUG] [TEST] Batch 1 | Pred shape: torch.Size([256, 256, 160]) | Label shape: torch.Size([256, 256, 160])
[2026-01-29 12:18:00,425] [DEBUG] [TEST] Batch 2 | Pred shape: torch.Size([256, 256, 160]) | Label shape: torch.Size([256, 256, 160])
[2026-01-29 12:18:00,813] [DEBUG] [TEST] Batch 3 | Pred shape: torch.Size([256, 256, 160]) | Label shape: torch.Size([256, 256, 160])
[2026-01-29 12:18:01,048] [DEBUG] [TEST] Batch 4 | Pred shape: torch.Size([256, 256, 160]) | Label shape: torch.Size([256, 256, 160])
[2026-01-29 12:18:01,416] [DEBUG] [TEST] Batch 5 | Pred shape: torch.Size([256, 256, 160]) | Label shape: torch.Size([256, 256, 160])
[2026-01-29 12:18:01,733] [DEBUG] [TEST] Batch 6 | Pred shape: torch.Size([256, 256, 160]) | Label shape: torch.Size([256, 256, 160])
[2026-01-29 12:18:02,017] [DEBUG] [TEST] Batch 7 | Pred shape: torch.Size([256, 256, 160]) | Label shape: torch.Size([256, 256, 160])
[2026-01-29 12:18:02,219] [DEBUG] [TEST] Batch 8 | Pred shape: torch.Size([256, 256, 160]) | Label shape: torch.Size([256, 256, 160])
[2026-01-29 12:18:02,424] [DEBUG] [TEST] Batch 9 | Pred shape: torch.Size([256, 256, 160]) | Label shape: torch.Size([256, 256, 160])
[2026-01-29 12:18:02,620] [DEBUG] [TEST] Batch 10 | Pred shape: torch.Size([256, 256, 160]) | Label shape: torch.Size([256, 256, 160])
[2026-01-29 12:18:04,811] [DEBUG] [TEST] Batch 11 | Pred shape: torch.Size([256, 256, 160]) | Label shape: torch.Size([256, 256, 160])
[2026-01-29 12:18:05,033] [DEBUG] [TEST] Batch 12 | Pred shape: torch.Size([256, 256, 160]) | Label shape: torch.Size([256, 256, 160])
[2026-01-29 12:18:05,326] [DEBUG] [TEST] Batch 13 | Pred shape: torch.Size([256, 256, 160]) | Label shape: torch.Size([256, 256, 160])
[2026-01-29 12:18:05,512] [DEBUG] [TEST] Batch 14 | Pred shape: torch.Size([256, 256, 160]) | Label shape: torch.Size([256, 256, 160])
[2026-01-29 12:18:05,636] [DEBUG] [TEST] Batch 15 | Pred shape: torch.Size([256, 256, 160]) | Label shape: torch.Size([256, 256, 160])
[2026-01-29 12:18:05,822] [DEBUG] [TEST] Batch 16 | Pred shape: torch.Size([256, 256, 160]) | Label shape: torch.Size([256, 256, 160])
[2026-01-29 12:18:14,066] [INFO] [EVALUATE] Dice WT: 0.8225
[2026-01-29 12:18:29,047] [INFO] [FIT] Received parameters. Starting local training...
[2026-01-29 12:18:31,814] [INFO] [DEBUG] Loaded compressed decoded weights.
[2026-01-29 12:19:34,434] [INFO] Model initialized on device: cuda:0
[2026-01-29 12:19:34,434] [INFO] [CLIENT INIT] Mode=SH | Sparsity=ON (UsedSparsity=0.2) | Clusters=OFF (UsedClusters=-) | EnvSparsityCfg={'Conv': 0.2, 'Linear': 0.2, 'Bias': 0.0, 'BatchNorm': 0.0} | EnvNClusters=3
[2026-01-29 12:19:34,442] [INFO] Model initialized on device: cuda:0
[2026-01-29 12:19:34,442] [INFO] [CLIENT INIT] Mode=SH | Sparsity=ON (UsedSparsity=0.2) | Clusters=OFF (UsedClusters=-) | EnvSparsityCfg={'Conv': 0.2, 'Linear': 0.2, 'Bias': 0.0, 'BatchNorm': 0.0} | EnvNClusters=3
[2026-01-29 12:19:35,121] [INFO] Model initialized on device: cuda:0
[2026-01-29 12:19:35,121] [INFO] [CLIENT INIT] Mode=SH | Sparsity=ON (UsedSparsity=0.2) | Clusters=OFF (UsedClusters=-) | EnvSparsityCfg={'Conv': 0.2, 'Linear': 0.2, 'Bias': 0.0, 'BatchNorm': 0.0} | EnvNClusters=3
[2026-01-29 12:19:35,211] [INFO] Model initialized on device: cuda:0
[2026-01-29 12:19:35,211] [INFO] [CLIENT INIT] Mode=SH | Sparsity=ON (UsedSparsity=0.2) | Clusters=OFF (UsedClusters=-) | EnvSparsityCfg={'Conv': 0.2, 'Linear': 0.2, 'Bias': 0.0, 'BatchNorm': 0.0} | EnvNClusters=3
[2026-01-29 12:19:35,218] [INFO] Model initialized on device: cuda:0
[2026-01-29 12:19:35,218] [INFO] [CLIENT INIT] Mode=SH | Sparsity=ON (UsedSparsity=0.2) | Clusters=OFF (UsedClusters=-) | EnvSparsityCfg={'Conv': 0.2, 'Linear': 0.2, 'Bias': 0.0, 'BatchNorm': 0.0} | EnvNClusters=3
[2026-01-29 12:19:35,312] [INFO] Model initialized on device: cuda:0
[2026-01-29 12:19:35,312] [INFO] [CLIENT INIT] Mode=SH | Sparsity=ON (UsedSparsity=0.2) | Clusters=OFF (UsedClusters=-) | EnvSparsityCfg={'Conv': 0.2, 'Linear': 0.2, 'Bias': 0.0, 'BatchNorm': 0.0} | EnvNClusters=3
[2026-01-29 12:19:35,317] [INFO] Model initialized on device: cuda:0
[2026-01-29 12:19:35,317] [INFO] [CLIENT INIT] Mode=SH | Sparsity=ON (UsedSparsity=0.2) | Clusters=OFF (UsedClusters=-) | EnvSparsityCfg={'Conv': 0.2, 'Linear': 0.2, 'Bias': 0.0, 'BatchNorm': 0.0} | EnvNClusters=3
[2026-01-29 12:19:35,326] [INFO] Model initialized on device: cuda:0
[2026-01-29 12:19:35,326] [INFO] [CLIENT INIT] Mode=SH | Sparsity=ON (UsedSparsity=0.2) | Clusters=OFF (UsedClusters=-) | EnvSparsityCfg={'Conv': 0.2, 'Linear': 0.2, 'Bias': 0.0, 'BatchNorm': 0.0} | EnvNClusters=3
[2026-01-29 12:19:35,411] [INFO] Model initialized on device: cuda:0
[2026-01-29 12:19:35,412] [INFO] [CLIENT INIT] Mode=SH | Sparsity=ON (UsedSparsity=0.2) | Clusters=OFF (UsedClusters=-) | EnvSparsityCfg={'Conv': 0.2, 'Linear': 0.2, 'Bias': 0.0, 'BatchNorm': 0.0} | EnvNClusters=3
[2026-01-29 12:19:35,412] [INFO] Model initialized on device: cuda:0
[2026-01-29 12:19:35,412] [INFO] [CLIENT INIT] Mode=SH | Sparsity=ON (UsedSparsity=0.2) | Clusters=OFF (UsedClusters=-) | EnvSparsityCfg={'Conv': 0.2, 'Linear': 0.2, 'Bias': 0.0, 'BatchNorm': 0.0} | EnvNClusters=3
[2026-01-29 12:21:26,142] [INFO] [TRAIN] Epoch 1 Loss: 0.5135
[2026-01-29 12:22:09,827] [INFO] Model initialized on device: cuda:0
[2026-01-29 12:22:09,827] [INFO] [CLIENT INIT] Mode=SH | Sparsity=ON (UsedSparsity=0.2) | Clusters=OFF (UsedClusters=-) | EnvSparsityCfg={'Conv': 0.2, 'Linear': 0.2, 'Bias': 0.0, 'BatchNorm': 0.0} | EnvNClusters=3
[2026-01-29 12:22:13,431] [INFO] Model initialized on device: cuda:0
[2026-01-29 12:22:13,431] [INFO] [CLIENT INIT] Mode=SH | Sparsity=ON (UsedSparsity=0.2) | Clusters=OFF (UsedClusters=-) | EnvSparsityCfg={'Conv': 0.2, 'Linear': 0.2, 'Bias': 0.0, 'BatchNorm': 0.0} | EnvNClusters=3
[2026-01-29 12:22:13,534] [INFO] Model initialized on device: cuda:0
[2026-01-29 12:22:13,534] [INFO] [CLIENT INIT] Mode=SH | Sparsity=ON (UsedSparsity=0.2) | Clusters=OFF (UsedClusters=-) | EnvSparsityCfg={'Conv': 0.2, 'Linear': 0.2, 'Bias': 0.0, 'BatchNorm': 0.0} | EnvNClusters=3
[2026-01-29 12:22:13,619] [INFO] Model initialized on device: cuda:0
[2026-01-29 12:22:13,619] [INFO] [CLIENT INIT] Mode=SH | Sparsity=ON (UsedSparsity=0.2) | Clusters=OFF (UsedClusters=-) | EnvSparsityCfg={'Conv': 0.2, 'Linear': 0.2, 'Bias': 0.0, 'BatchNorm': 0.0} | EnvNClusters=3
[2026-01-29 12:22:13,718] [INFO] Model initialized on device: cuda:0
[2026-01-29 12:22:13,719] [INFO] [CLIENT INIT] Mode=SH | Sparsity=ON (UsedSparsity=0.2) | Clusters=OFF (UsedClusters=-) | EnvSparsityCfg={'Conv': 0.2, 'Linear': 0.2, 'Bias': 0.0, 'BatchNorm': 0.0} | EnvNClusters=3
[2026-01-29 12:22:13,814] [INFO] Model initialized on device: cuda:0
[2026-01-29 12:22:13,814] [INFO] [CLIENT INIT] Mode=SH | Sparsity=ON (UsedSparsity=0.2) | Clusters=OFF (UsedClusters=-) | EnvSparsityCfg={'Conv': 0.2, 'Linear': 0.2, 'Bias': 0.0, 'BatchNorm': 0.0} | EnvNClusters=3
[2026-01-29 12:22:13,815] [INFO] Model initialized on device: cuda:0
[2026-01-29 12:22:13,816] [INFO] [CLIENT INIT] Mode=SH | Sparsity=ON (UsedSparsity=0.2) | Clusters=OFF (UsedClusters=-) | EnvSparsityCfg={'Conv': 0.2, 'Linear': 0.2, 'Bias': 0.0, 'BatchNorm': 0.0} | EnvNClusters=3
[2026-01-29 12:22:13,827] [INFO] Model initialized on device: cuda:0
[2026-01-29 12:22:13,827] [INFO] [CLIENT INIT] Mode=SH | Sparsity=ON (UsedSparsity=0.2) | Clusters=OFF (UsedClusters=-) | EnvSparsityCfg={'Conv': 0.2, 'Linear': 0.2, 'Bias': 0.0, 'BatchNorm': 0.0} | EnvNClusters=3
[2026-01-29 12:22:13,827] [INFO] Model initialized on device: cuda:0
[2026-01-29 12:22:13,828] [INFO] [CLIENT INIT] Mode=SH | Sparsity=ON (UsedSparsity=0.2) | Clusters=OFF (UsedClusters=-) | EnvSparsityCfg={'Conv': 0.2, 'Linear': 0.2, 'Bias': 0.0, 'BatchNorm': 0.0} | EnvNClusters=3
[2026-01-29 12:22:13,834] [INFO] Model initialized on device: cuda:0
[2026-01-29 12:22:13,834] [INFO] [CLIENT INIT] Mode=SH | Sparsity=ON (UsedSparsity=0.2) | Clusters=OFF (UsedClusters=-) | EnvSparsityCfg={'Conv': 0.2, 'Linear': 0.2, 'Bias': 0.0, 'BatchNorm': 0.0} | EnvNClusters=3
[2026-01-29 12:24:02,734] [INFO] [TRAIN] Epoch 2 Loss: 0.4456
[2026-01-29 12:24:36,519] [INFO] Model initialized on device: cuda:0
[2026-01-29 12:24:36,519] [INFO] [CLIENT INIT] Mode=SH | Sparsity=ON (UsedSparsity=0.2) | Clusters=OFF (UsedClusters=-) | EnvSparsityCfg={'Conv': 0.2, 'Linear': 0.2, 'Bias': 0.0, 'BatchNorm': 0.0} | EnvNClusters=3
[2026-01-29 12:24:43,425] [INFO] Model initialized on device: cuda:0
[2026-01-29 12:24:43,425] [INFO] [CLIENT INIT] Mode=SH | Sparsity=ON (UsedSparsity=0.2) | Clusters=OFF (UsedClusters=-) | EnvSparsityCfg={'Conv': 0.2, 'Linear': 0.2, 'Bias': 0.0, 'BatchNorm': 0.0} | EnvNClusters=3
[2026-01-29 12:24:48,750] [INFO] Model initialized on device: cuda:0
[2026-01-29 12:24:48,750] [INFO] [CLIENT INIT] Mode=SH | Sparsity=ON (UsedSparsity=0.2) | Clusters=OFF (UsedClusters=-) | EnvSparsityCfg={'Conv': 0.2, 'Linear': 0.2, 'Bias': 0.0, 'BatchNorm': 0.0} | EnvNClusters=3
[2026-01-29 12:24:48,920] [INFO] Model initialized on device: cuda:0
[2026-01-29 12:24:48,920] [INFO] [CLIENT INIT] Mode=SH | Sparsity=ON (UsedSparsity=0.2) | Clusters=OFF (UsedClusters=-) | EnvSparsityCfg={'Conv': 0.2, 'Linear': 0.2, 'Bias': 0.0, 'BatchNorm': 0.0} | EnvNClusters=3
[2026-01-29 12:24:48,927] [INFO] Model initialized on device: cuda:0
[2026-01-29 12:24:48,927] [INFO] [CLIENT INIT] Mode=SH | Sparsity=ON (UsedSparsity=0.2) | Clusters=OFF (UsedClusters=-) | EnvSparsityCfg={'Conv': 0.2, 'Linear': 0.2, 'Bias': 0.0, 'BatchNorm': 0.0} | EnvNClusters=3
[2026-01-29 12:24:49,049] [INFO] Model initialized on device: cuda:0
[2026-01-29 12:24:49,049] [INFO] [CLIENT INIT] Mode=SH | Sparsity=ON (UsedSparsity=0.2) | Clusters=OFF (UsedClusters=-) | EnvSparsityCfg={'Conv': 0.2, 'Linear': 0.2, 'Bias': 0.0, 'BatchNorm': 0.0} | EnvNClusters=3
[2026-01-29 12:24:49,121] [INFO] Model initialized on device: cuda:0
[2026-01-29 12:24:49,121] [INFO] [CLIENT INIT] Mode=SH | Sparsity=ON (UsedSparsity=0.2) | Clusters=OFF (UsedClusters=-) | EnvSparsityCfg={'Conv': 0.2, 'Linear': 0.2, 'Bias': 0.0, 'BatchNorm': 0.0} | EnvNClusters=3
[2026-01-29 12:24:49,125] [INFO] Model initialized on device: cuda:0
[2026-01-29 12:24:49,125] [INFO] [CLIENT INIT] Mode=SH | Sparsity=ON (UsedSparsity=0.2) | Clusters=OFF (UsedClusters=-) | EnvSparsityCfg={'Conv': 0.2, 'Linear': 0.2, 'Bias': 0.0, 'BatchNorm': 0.0} | EnvNClusters=3
[2026-01-29 12:24:49,127] [INFO] Model initialized on device: cuda:0
[2026-01-29 12:24:49,127] [INFO] [CLIENT INIT] Mode=SH | Sparsity=ON (UsedSparsity=0.2) | Clusters=OFF (UsedClusters=-) | EnvSparsityCfg={'Conv': 0.2, 'Linear': 0.2, 'Bias': 0.0, 'BatchNorm': 0.0} | EnvNClusters=3
[2026-01-29 12:24:49,128] [INFO] Model initialized on device: cuda:0
[2026-01-29 12:24:49,128] [INFO] [CLIENT INIT] Mode=SH | Sparsity=ON (UsedSparsity=0.2) | Clusters=OFF (UsedClusters=-) | EnvSparsityCfg={'Conv': 0.2, 'Linear': 0.2, 'Bias': 0.0, 'BatchNorm': 0.0} | EnvNClusters=3
[2026-01-29 12:26:30,514] [INFO] [TRAIN] Epoch 3 Loss: 0.4089
[2026-01-29 12:27:04,127] [INFO] Model initialized on device: cuda:0
[2026-01-29 12:27:04,127] [INFO] [CLIENT INIT] Mode=SH | Sparsity=ON (UsedSparsity=0.2) | Clusters=OFF (UsedClusters=-) | EnvSparsityCfg={'Conv': 0.2, 'Linear': 0.2, 'Bias': 0.0, 'BatchNorm': 0.0} | EnvNClusters=3
[2026-01-29 12:27:10,846] [INFO] Model initialized on device: cuda:0
[2026-01-29 12:27:10,846] [INFO] [CLIENT INIT] Mode=SH | Sparsity=ON (UsedSparsity=0.2) | Clusters=OFF (UsedClusters=-) | EnvSparsityCfg={'Conv': 0.2, 'Linear': 0.2, 'Bias': 0.0, 'BatchNorm': 0.0} | EnvNClusters=3
[2026-01-29 12:27:11,036] [INFO] Model initialized on device: cuda:0
[2026-01-29 12:27:11,036] [INFO] [CLIENT INIT] Mode=SH | Sparsity=ON (UsedSparsity=0.2) | Clusters=OFF (UsedClusters=-) | EnvSparsityCfg={'Conv': 0.2, 'Linear': 0.2, 'Bias': 0.0, 'BatchNorm': 0.0} | EnvNClusters=3
[2026-01-29 12:27:13,927] [INFO] Model initialized on device: cuda:0
[2026-01-29 12:27:13,927] [INFO] [CLIENT INIT] Mode=SH | Sparsity=ON (UsedSparsity=0.2) | Clusters=OFF (UsedClusters=-) | EnvSparsityCfg={'Conv': 0.2, 'Linear': 0.2, 'Bias': 0.0, 'BatchNorm': 0.0} | EnvNClusters=3
[2026-01-29 12:27:15,912] [INFO] Model initialized on device: cuda:0
[2026-01-29 12:27:15,912] [INFO] [CLIENT INIT] Mode=SH | Sparsity=ON (UsedSparsity=0.2) | Clusters=OFF (UsedClusters=-) | EnvSparsityCfg={'Conv': 0.2, 'Linear': 0.2, 'Bias': 0.0, 'BatchNorm': 0.0} | EnvNClusters=3
[2026-01-29 12:27:15,915] [INFO] Model initialized on device: cuda:0
[2026-01-29 12:27:15,916] [INFO] [CLIENT INIT] Mode=SH | Sparsity=ON (UsedSparsity=0.2) | Clusters=OFF (UsedClusters=-) | EnvSparsityCfg={'Conv': 0.2, 'Linear': 0.2, 'Bias': 0.0, 'BatchNorm': 0.0} | EnvNClusters=3
[2026-01-29 12:27:16,015] [INFO] Model initialized on device: cuda:0
[2026-01-29 12:27:16,015] [INFO] [CLIENT INIT] Mode=SH | Sparsity=ON (UsedSparsity=0.2) | Clusters=OFF (UsedClusters=-) | EnvSparsityCfg={'Conv': 0.2, 'Linear': 0.2, 'Bias': 0.0, 'BatchNorm': 0.0} | EnvNClusters=3
[2026-01-29 12:27:16,030] [INFO] Model initialized on device: cuda:0
[2026-01-29 12:27:16,030] [INFO] [CLIENT INIT] Mode=SH | Sparsity=ON (UsedSparsity=0.2) | Clusters=OFF (UsedClusters=-) | EnvSparsityCfg={'Conv': 0.2, 'Linear': 0.2, 'Bias': 0.0, 'BatchNorm': 0.0} | EnvNClusters=3
[2026-01-29 12:27:16,030] [INFO] Model initialized on device: cuda:0
[2026-01-29 12:27:16,031] [INFO] [CLIENT INIT] Mode=SH | Sparsity=ON (UsedSparsity=0.2) | Clusters=OFF (UsedClusters=-) | EnvSparsityCfg={'Conv': 0.2, 'Linear': 0.2, 'Bias': 0.0, 'BatchNorm': 0.0} | EnvNClusters=3
[2026-01-29 12:27:16,032] [INFO] Model initialized on device: cuda:0
[2026-01-29 12:27:16,032] [INFO] [CLIENT INIT] Mode=SH | Sparsity=ON (UsedSparsity=0.2) | Clusters=OFF (UsedClusters=-) | EnvSparsityCfg={'Conv': 0.2, 'Linear': 0.2, 'Bias': 0.0, 'BatchNorm': 0.0} | EnvNClusters=3
[2026-01-29 12:29:01,917] [INFO] [TRAIN] Epoch 4 Loss: 0.3791
[2026-01-29 12:29:31,413] [INFO] Model initialized on device: cuda:0
[2026-01-29 12:29:31,413] [INFO] [CLIENT INIT] Mode=SH | Sparsity=ON (UsedSparsity=0.2) | Clusters=OFF (UsedClusters=-) | EnvSparsityCfg={'Conv': 0.2, 'Linear': 0.2, 'Bias': 0.0, 'BatchNorm': 0.0} | EnvNClusters=3
[2026-01-29 12:29:40,330] [INFO] Model initialized on device: cuda:0
[2026-01-29 12:29:40,330] [INFO] [CLIENT INIT] Mode=SH | Sparsity=ON (UsedSparsity=0.2) | Clusters=OFF (UsedClusters=-) | EnvSparsityCfg={'Conv': 0.2, 'Linear': 0.2, 'Bias': 0.0, 'BatchNorm': 0.0} | EnvNClusters=3
[2026-01-29 12:29:40,716] [INFO] Model initialized on device: cuda:0
[2026-01-29 12:29:40,717] [INFO] [CLIENT INIT] Mode=SH | Sparsity=ON (UsedSparsity=0.2) | Clusters=OFF (UsedClusters=-) | EnvSparsityCfg={'Conv': 0.2, 'Linear': 0.2, 'Bias': 0.0, 'BatchNorm': 0.0} | EnvNClusters=3
[2026-01-29 12:29:40,723] [INFO] Model initialized on device: cuda:0
[2026-01-29 12:29:40,723] [INFO] [CLIENT INIT] Mode=SH | Sparsity=ON (UsedSparsity=0.2) | Clusters=OFF (UsedClusters=-) | EnvSparsityCfg={'Conv': 0.2, 'Linear': 0.2, 'Bias': 0.0, 'BatchNorm': 0.0} | EnvNClusters=3
[2026-01-29 12:29:42,520] [INFO] Model initialized on device: cuda:0
[2026-01-29 12:29:42,520] [INFO] [CLIENT INIT] Mode=SH | Sparsity=ON (UsedSparsity=0.2) | Clusters=OFF (UsedClusters=-) | EnvSparsityCfg={'Conv': 0.2, 'Linear': 0.2, 'Bias': 0.0, 'BatchNorm': 0.0} | EnvNClusters=3
[2026-01-29 12:29:42,621] [INFO] Model initialized on device: cuda:0
[2026-01-29 12:29:42,621] [INFO] [CLIENT INIT] Mode=SH | Sparsity=ON (UsedSparsity=0.2) | Clusters=OFF (UsedClusters=-) | EnvSparsityCfg={'Conv': 0.2, 'Linear': 0.2, 'Bias': 0.0, 'BatchNorm': 0.0} | EnvNClusters=3
[2026-01-29 12:29:42,734] [INFO] Model initialized on device: cuda:0
[2026-01-29 12:29:42,734] [INFO] [CLIENT INIT] Mode=SH | Sparsity=ON (UsedSparsity=0.2) | Clusters=OFF (UsedClusters=-) | EnvSparsityCfg={'Conv': 0.2, 'Linear': 0.2, 'Bias': 0.0, 'BatchNorm': 0.0} | EnvNClusters=3
[2026-01-29 12:29:43,021] [INFO] Model initialized on device: cuda:0
[2026-01-29 12:29:43,021] [INFO] [CLIENT INIT] Mode=SH | Sparsity=ON (UsedSparsity=0.2) | Clusters=OFF (UsedClusters=-) | EnvSparsityCfg={'Conv': 0.2, 'Linear': 0.2, 'Bias': 0.0, 'BatchNorm': 0.0} | EnvNClusters=3
[2026-01-29 12:29:43,031] [INFO] Model initialized on device: cuda:0
[2026-01-29 12:29:43,031] [INFO] [CLIENT INIT] Mode=SH | Sparsity=ON (UsedSparsity=0.2) | Clusters=OFF (UsedClusters=-) | EnvSparsityCfg={'Conv': 0.2, 'Linear': 0.2, 'Bias': 0.0, 'BatchNorm': 0.0} | EnvNClusters=3
[2026-01-29 12:29:43,143] [INFO] Model initialized on device: cuda:0
[2026-01-29 12:29:43,143] [INFO] [CLIENT INIT] Mode=SH | Sparsity=ON (UsedSparsity=0.2) | Clusters=OFF (UsedClusters=-) | EnvSparsityCfg={'Conv': 0.2, 'Linear': 0.2, 'Bias': 0.0, 'BatchNorm': 0.0} | EnvNClusters=3
[2026-01-29 12:31:30,816] [INFO] [TRAIN] Epoch 5 Loss: 0.3503
[2026-01-29 12:31:30,818] [INFO] [FIT] Local training finished. Avg Loss: 0.4194
[2026-01-29 12:32:03,126] [INFO] Model initialized on device: cuda:0
[2026-01-29 12:32:03,127] [INFO] [CLIENT INIT] Mode=SH | Sparsity=ON (UsedSparsity=0.2) | Clusters=OFF (UsedClusters=-) | EnvSparsityCfg={'Conv': 0.2, 'Linear': 0.2, 'Bias': 0.0, 'BatchNorm': 0.0} | EnvNClusters=3
[2026-01-29 12:32:06,022] [INFO] Model initialized on device: cuda:0
[2026-01-29 12:32:06,023] [INFO] [CLIENT INIT] Mode=SH | Sparsity=ON (UsedSparsity=0.2) | Clusters=OFF (UsedClusters=-) | EnvSparsityCfg={'Conv': 0.2, 'Linear': 0.2, 'Bias': 0.0, 'BatchNorm': 0.0} | EnvNClusters=3
[2026-01-29 12:32:06,629] [INFO] Model initialized on device: cuda:0
[2026-01-29 12:32:06,629] [INFO] [CLIENT INIT] Mode=SH | Sparsity=ON (UsedSparsity=0.2) | Clusters=OFF (UsedClusters=-) | EnvSparsityCfg={'Conv': 0.2, 'Linear': 0.2, 'Bias': 0.0, 'BatchNorm': 0.0} | EnvNClusters=3
[2026-01-29 12:32:06,912] [INFO] Model initialized on device: cuda:0
[2026-01-29 12:32:06,912] [INFO] [CLIENT INIT] Mode=SH | Sparsity=ON (UsedSparsity=0.2) | Clusters=OFF (UsedClusters=-) | EnvSparsityCfg={'Conv': 0.2, 'Linear': 0.2, 'Bias': 0.0, 'BatchNorm': 0.0} | EnvNClusters=3
[2026-01-29 12:32:08,548] [INFO] Model initialized on device: cuda:0
[2026-01-29 12:32:08,548] [INFO] [CLIENT INIT] Mode=SH | Sparsity=ON (UsedSparsity=0.2) | Clusters=OFF (UsedClusters=-) | EnvSparsityCfg={'Conv': 0.2, 'Linear': 0.2, 'Bias': 0.0, 'BatchNorm': 0.0} | EnvNClusters=3
[2026-01-29 12:32:08,611] [INFO] Model initialized on device: cuda:0
[2026-01-29 12:32:08,611] [INFO] [CLIENT INIT] Mode=SH | Sparsity=ON (UsedSparsity=0.2) | Clusters=OFF (UsedClusters=-) | EnvSparsityCfg={'Conv': 0.2, 'Linear': 0.2, 'Bias': 0.0, 'BatchNorm': 0.0} | EnvNClusters=3
[2026-01-29 12:32:08,613] [INFO] Model initialized on device: cuda:0
[2026-01-29 12:32:08,613] [INFO] [CLIENT INIT] Mode=SH | Sparsity=ON (UsedSparsity=0.2) | Clusters=OFF (UsedClusters=-) | EnvSparsityCfg={'Conv': 0.2, 'Linear': 0.2, 'Bias': 0.0, 'BatchNorm': 0.0} | EnvNClusters=3
[2026-01-29 12:32:08,638] [INFO] Model initialized on device: cuda:0
[2026-01-29 12:32:08,638] [INFO] [CLIENT INIT] Mode=SH | Sparsity=ON (UsedSparsity=0.2) | Clusters=OFF (UsedClusters=-) | EnvSparsityCfg={'Conv': 0.2, 'Linear': 0.2, 'Bias': 0.0, 'BatchNorm': 0.0} | EnvNClusters=3
[2026-01-29 12:32:08,641] [INFO] Model initialized on device: cuda:0
[2026-01-29 12:32:08,641] [INFO] [CLIENT INIT] Mode=SH | Sparsity=ON (UsedSparsity=0.2) | Clusters=OFF (UsedClusters=-) | EnvSparsityCfg={'Conv': 0.2, 'Linear': 0.2, 'Bias': 0.0, 'BatchNorm': 0.0} | EnvNClusters=3
[2026-01-29 12:32:08,646] [INFO] Model initialized on device: cuda:0
[2026-01-29 12:32:08,646] [INFO] [CLIENT INIT] Mode=SH | Sparsity=ON (UsedSparsity=0.2) | Clusters=OFF (UsedClusters=-) | EnvSparsityCfg={'Conv': 0.2, 'Linear': 0.2, 'Bias': 0.0, 'BatchNorm': 0.0} | EnvNClusters=3
[2026-01-29 12:32:14,923] [DEBUG] [TEST] Batch 1 | Pred shape: torch.Size([256, 256, 160]) | Label shape: torch.Size([256, 256, 160])
[2026-01-29 12:32:15,130] [DEBUG] [TEST] Batch 2 | Pred shape: torch.Size([256, 256, 160]) | Label shape: torch.Size([256, 256, 160])
[2026-01-29 12:32:15,215] [DEBUG] [TEST] Batch 3 | Pred shape: torch.Size([256, 256, 160]) | Label shape: torch.Size([256, 256, 160])
[2026-01-29 12:32:15,329] [DEBUG] [TEST] Batch 4 | Pred shape: torch.Size([256, 256, 160]) | Label shape: torch.Size([256, 256, 160])
[2026-01-29 12:32:16,816] [DEBUG] [TEST] Batch 5 | Pred shape: torch.Size([256, 256, 160]) | Label shape: torch.Size([256, 256, 160])
[2026-01-29 12:32:17,112] [DEBUG] [TEST] Batch 6 | Pred shape: torch.Size([256, 256, 160]) | Label shape: torch.Size([256, 256, 160])
[2026-01-29 12:32:17,410] [DEBUG] [TEST] Batch 7 | Pred shape: torch.Size([256, 256, 160]) | Label shape: torch.Size([256, 256, 160])
[2026-01-29 12:32:17,711] [DEBUG] [TEST] Batch 8 | Pred shape: torch.Size([256, 256, 160]) | Label shape: torch.Size([256, 256, 160])
[2026-01-29 12:32:17,911] [DEBUG] [TEST] Batch 9 | Pred shape: torch.Size([256, 256, 160]) | Label shape: torch.Size([256, 256, 160])
[2026-01-29 12:32:18,112] [DEBUG] [TEST] Batch 10 | Pred shape: torch.Size([256, 256, 160]) | Label shape: torch.Size([256, 256, 160])
[2026-01-29 12:32:19,416] [DEBUG] [TEST] Batch 11 | Pred shape: torch.Size([256, 256, 160]) | Label shape: torch.Size([256, 256, 160])
[2026-01-29 12:32:19,521] [DEBUG] [TEST] Batch 12 | Pred shape: torch.Size([256, 256, 160]) | Label shape: torch.Size([256, 256, 160])
[2026-01-29 12:32:19,616] [DEBUG] [TEST] Batch 13 | Pred shape: torch.Size([256, 256, 160]) | Label shape: torch.Size([256, 256, 160])
[2026-01-29 12:32:19,717] [DEBUG] [TEST] Batch 14 | Pred shape: torch.Size([256, 256, 160]) | Label shape: torch.Size([256, 256, 160])
[2026-01-29 12:32:20,807] [DEBUG] [TEST] Batch 15 | Pred shape: torch.Size([256, 256, 160]) | Label shape: torch.Size([256, 256, 160])
[2026-01-29 12:32:20,971] [DEBUG] [TEST] Batch 16 | Pred shape: torch.Size([256, 256, 160]) | Label shape: torch.Size([256, 256, 160])
[2026-01-29 12:32:26,945] [INFO] [FIT] Final model saved to: Revision2/Run_UNET_NonIID_SH20_20260129/Client3/model_final.pth
[2026-01-29 12:32:49,812] [INFO] [COMM][CLIENT] Round=-1 Mode=SH UsedSparsity=0.2 UsedClusters=- BaselineBits=154016352.0 CompressedBits=166819321.4 CR=0.923
[2026-01-29 12:41:24,318] [INFO] [EVALUATE] Starting evaluation...
[2026-01-29 12:41:25,729] [INFO] [DEBUG] Loaded compressed decoded weights.
[2026-01-29 12:42:25,194] [INFO] Model initialized on device: cuda:0
[2026-01-29 12:42:25,194] [INFO] [CLIENT INIT] Mode=SH | Sparsity=ON (UsedSparsity=0.2) | Clusters=OFF (UsedClusters=-) | EnvSparsityCfg={'Conv': 0.2, 'Linear': 0.2, 'Bias': 0.0, 'BatchNorm': 0.0} | EnvNClusters=3
[2026-01-29 12:42:25,658] [INFO] Model initialized on device: cuda:0
[2026-01-29 12:42:25,658] [INFO] [CLIENT INIT] Mode=SH | Sparsity=ON (UsedSparsity=0.2) | Clusters=OFF (UsedClusters=-) | EnvSparsityCfg={'Conv': 0.2, 'Linear': 0.2, 'Bias': 0.0, 'BatchNorm': 0.0} | EnvNClusters=3
[2026-01-29 12:42:26,116] [INFO] Model initialized on device: cuda:0
[2026-01-29 12:42:26,116] [INFO] [CLIENT INIT] Mode=SH | Sparsity=ON (UsedSparsity=0.2) | Clusters=OFF (UsedClusters=-) | EnvSparsityCfg={'Conv': 0.2, 'Linear': 0.2, 'Bias': 0.0, 'BatchNorm': 0.0} | EnvNClusters=3
[2026-01-29 12:42:26,212] [INFO] Model initialized on device: cuda:0
[2026-01-29 12:42:26,213] [INFO] [CLIENT INIT] Mode=SH | Sparsity=ON (UsedSparsity=0.2) | Clusters=OFF (UsedClusters=-) | EnvSparsityCfg={'Conv': 0.2, 'Linear': 0.2, 'Bias': 0.0, 'BatchNorm': 0.0} | EnvNClusters=3
[2026-01-29 12:42:26,263] [INFO] Model initialized on device: cuda:0
[2026-01-29 12:42:26,263] [INFO] [CLIENT INIT] Mode=SH | Sparsity=ON (UsedSparsity=0.2) | Clusters=OFF (UsedClusters=-) | EnvSparsityCfg={'Conv': 0.2, 'Linear': 0.2, 'Bias': 0.0, 'BatchNorm': 0.0} | EnvNClusters=3
[2026-01-29 12:42:26,713] [INFO] Model initialized on device: cuda:0
[2026-01-29 12:42:26,714] [INFO] [CLIENT INIT] Mode=SH | Sparsity=ON (UsedSparsity=0.2) | Clusters=OFF (UsedClusters=-) | EnvSparsityCfg={'Conv': 0.2, 'Linear': 0.2, 'Bias': 0.0, 'BatchNorm': 0.0} | EnvNClusters=3
[2026-01-29 12:42:26,714] [INFO] Model initialized on device: cuda:0
[2026-01-29 12:42:26,714] [INFO] [CLIENT INIT] Mode=SH | Sparsity=ON (UsedSparsity=0.2) | Clusters=OFF (UsedClusters=-) | EnvSparsityCfg={'Conv': 0.2, 'Linear': 0.2, 'Bias': 0.0, 'BatchNorm': 0.0} | EnvNClusters=3
[2026-01-29 12:42:27,920] [INFO] Model initialized on device: cuda:0
[2026-01-29 12:42:27,920] [INFO] [CLIENT INIT] Mode=SH | Sparsity=ON (UsedSparsity=0.2) | Clusters=OFF (UsedClusters=-) | EnvSparsityCfg={'Conv': 0.2, 'Linear': 0.2, 'Bias': 0.0, 'BatchNorm': 0.0} | EnvNClusters=3
[2026-01-29 12:42:27,922] [INFO] Model initialized on device: cuda:0
[2026-01-29 12:42:27,922] [INFO] [CLIENT INIT] Mode=SH | Sparsity=ON (UsedSparsity=0.2) | Clusters=OFF (UsedClusters=-) | EnvSparsityCfg={'Conv': 0.2, 'Linear': 0.2, 'Bias': 0.0, 'BatchNorm': 0.0} | EnvNClusters=3
[2026-01-29 12:42:28,227] [INFO] Model initialized on device: cuda:0
[2026-01-29 12:42:28,227] [INFO] [CLIENT INIT] Mode=SH | Sparsity=ON (UsedSparsity=0.2) | Clusters=OFF (UsedClusters=-) | EnvSparsityCfg={'Conv': 0.2, 'Linear': 0.2, 'Bias': 0.0, 'BatchNorm': 0.0} | EnvNClusters=3
[2026-01-29 12:42:36,519] [DEBUG] [TEST] Batch 1 | Pred shape: torch.Size([256, 256, 160]) | Label shape: torch.Size([256, 256, 160])
[2026-01-29 12:42:36,615] [DEBUG] [TEST] Batch 2 | Pred shape: torch.Size([256, 256, 160]) | Label shape: torch.Size([256, 256, 160])
[2026-01-29 12:42:37,416] [DEBUG] [TEST] Batch 3 | Pred shape: torch.Size([256, 256, 160]) | Label shape: torch.Size([256, 256, 160])
[2026-01-29 12:42:37,519] [DEBUG] [TEST] Batch 4 | Pred shape: torch.Size([256, 256, 160]) | Label shape: torch.Size([256, 256, 160])
[2026-01-29 12:42:37,614] [DEBUG] [TEST] Batch 5 | Pred shape: torch.Size([256, 256, 160]) | Label shape: torch.Size([256, 256, 160])
[2026-01-29 12:42:37,715] [DEBUG] [TEST] Batch 6 | Pred shape: torch.Size([256, 256, 160]) | Label shape: torch.Size([256, 256, 160])
[2026-01-29 12:42:37,824] [DEBUG] [TEST] Batch 7 | Pred shape: torch.Size([256, 256, 160]) | Label shape: torch.Size([256, 256, 160])
[2026-01-29 12:42:37,918] [DEBUG] [TEST] Batch 8 | Pred shape: torch.Size([256, 256, 160]) | Label shape: torch.Size([256, 256, 160])
[2026-01-29 12:42:38,016] [DEBUG] [TEST] Batch 9 | Pred shape: torch.Size([256, 256, 160]) | Label shape: torch.Size([256, 256, 160])
[2026-01-29 12:42:38,124] [DEBUG] [TEST] Batch 10 | Pred shape: torch.Size([256, 256, 160]) | Label shape: torch.Size([256, 256, 160])
[2026-01-29 12:42:41,334] [DEBUG] [TEST] Batch 11 | Pred shape: torch.Size([256, 256, 160]) | Label shape: torch.Size([256, 256, 160])
[2026-01-29 12:42:41,633] [DEBUG] [TEST] Batch 12 | Pred shape: torch.Size([256, 256, 160]) | Label shape: torch.Size([256, 256, 160])
[2026-01-29 12:42:41,828] [DEBUG] [TEST] Batch 13 | Pred shape: torch.Size([256, 256, 160]) | Label shape: torch.Size([256, 256, 160])
[2026-01-29 12:42:41,950] [DEBUG] [TEST] Batch 14 | Pred shape: torch.Size([256, 256, 160]) | Label shape: torch.Size([256, 256, 160])
[2026-01-29 12:42:42,123] [DEBUG] [TEST] Batch 15 | Pred shape: torch.Size([256, 256, 160]) | Label shape: torch.Size([256, 256, 160])
[2026-01-29 12:42:42,216] [DEBUG] [TEST] Batch 16 | Pred shape: torch.Size([256, 256, 160]) | Label shape: torch.Size([256, 256, 160])
[2026-01-29 12:42:50,521] [INFO] [EVALUATE] Dice WT: 0.6719
[2026-01-29 12:43:03,917] [INFO] [FIT] Received parameters. Starting local training...
[2026-01-29 12:43:05,523] [INFO] [DEBUG] Loaded compressed decoded weights.
[2026-01-29 12:44:03,857] [INFO] Model initialized on device: cuda:0
[2026-01-29 12:44:03,857] [INFO] [CLIENT INIT] Mode=SH | Sparsity=ON (UsedSparsity=0.2) | Clusters=OFF (UsedClusters=-) | EnvSparsityCfg={'Conv': 0.2, 'Linear': 0.2, 'Bias': 0.0, 'BatchNorm': 0.0} | EnvNClusters=3
[2026-01-29 12:44:03,863] [INFO] Model initialized on device: cuda:0
[2026-01-29 12:44:03,863] [INFO] [CLIENT INIT] Mode=SH | Sparsity=ON (UsedSparsity=0.2) | Clusters=OFF (UsedClusters=-) | EnvSparsityCfg={'Conv': 0.2, 'Linear': 0.2, 'Bias': 0.0, 'BatchNorm': 0.0} | EnvNClusters=3
[2026-01-29 12:44:04,283] [INFO] Model initialized on device: cuda:0
[2026-01-29 12:44:04,284] [INFO] [CLIENT INIT] Mode=SH | Sparsity=ON (UsedSparsity=0.2) | Clusters=OFF (UsedClusters=-) | EnvSparsityCfg={'Conv': 0.2, 'Linear': 0.2, 'Bias': 0.0, 'BatchNorm': 0.0} | EnvNClusters=3
[2026-01-29 12:44:04,398] [INFO] Model initialized on device: cuda:0
[2026-01-29 12:44:04,398] [INFO] [CLIENT INIT] Mode=SH | Sparsity=ON (UsedSparsity=0.2) | Clusters=OFF (UsedClusters=-) | EnvSparsityCfg={'Conv': 0.2, 'Linear': 0.2, 'Bias': 0.0, 'BatchNorm': 0.0} | EnvNClusters=3
[2026-01-29 12:44:04,422] [INFO] Model initialized on device: cuda:0
[2026-01-29 12:44:04,422] [INFO] [CLIENT INIT] Mode=SH | Sparsity=ON (UsedSparsity=0.2) | Clusters=OFF (UsedClusters=-) | EnvSparsityCfg={'Conv': 0.2, 'Linear': 0.2, 'Bias': 0.0, 'BatchNorm': 0.0} | EnvNClusters=3
[2026-01-29 12:44:04,908] [INFO] Model initialized on device: cuda:0
[2026-01-29 12:44:04,908] [INFO] [CLIENT INIT] Mode=SH | Sparsity=ON (UsedSparsity=0.2) | Clusters=OFF (UsedClusters=-) | EnvSparsityCfg={'Conv': 0.2, 'Linear': 0.2, 'Bias': 0.0, 'BatchNorm': 0.0} | EnvNClusters=3
[2026-01-29 12:44:05,048] [INFO] Model initialized on device: cuda:0
[2026-01-29 12:44:05,048] [INFO] [CLIENT INIT] Mode=SH | Sparsity=ON (UsedSparsity=0.2) | Clusters=OFF (UsedClusters=-) | EnvSparsityCfg={'Conv': 0.2, 'Linear': 0.2, 'Bias': 0.0, 'BatchNorm': 0.0} | EnvNClusters=3
[2026-01-29 12:44:05,076] [INFO] Model initialized on device: cuda:0
[2026-01-29 12:44:05,077] [INFO] [CLIENT INIT] Mode=SH | Sparsity=ON (UsedSparsity=0.2) | Clusters=OFF (UsedClusters=-) | EnvSparsityCfg={'Conv': 0.2, 'Linear': 0.2, 'Bias': 0.0, 'BatchNorm': 0.0} | EnvNClusters=3
[2026-01-29 12:44:07,809] [INFO] Model initialized on device: cuda:0
[2026-01-29 12:44:07,809] [INFO] [CLIENT INIT] Mode=SH | Sparsity=ON (UsedSparsity=0.2) | Clusters=OFF (UsedClusters=-) | EnvSparsityCfg={'Conv': 0.2, 'Linear': 0.2, 'Bias': 0.0, 'BatchNorm': 0.0} | EnvNClusters=3
[2026-01-29 12:44:08,624] [INFO] Model initialized on device: cuda:0
[2026-01-29 12:44:08,624] [INFO] [CLIENT INIT] Mode=SH | Sparsity=ON (UsedSparsity=0.2) | Clusters=OFF (UsedClusters=-) | EnvSparsityCfg={'Conv': 0.2, 'Linear': 0.2, 'Bias': 0.0, 'BatchNorm': 0.0} | EnvNClusters=3
[2026-01-29 12:45:56,823] [INFO] [TRAIN] Epoch 1 Loss: 0.3763
[2026-01-29 12:46:51,329] [INFO] Model initialized on device: cuda:0
[2026-01-29 12:46:51,329] [INFO] [CLIENT INIT] Mode=SH | Sparsity=ON (UsedSparsity=0.2) | Clusters=OFF (UsedClusters=-) | EnvSparsityCfg={'Conv': 0.2, 'Linear': 0.2, 'Bias': 0.0, 'BatchNorm': 0.0} | EnvNClusters=3
[2026-01-29 12:46:51,329] [INFO] Model initialized on device: cuda:0
[2026-01-29 12:46:51,330] [INFO] [CLIENT INIT] Mode=SH | Sparsity=ON (UsedSparsity=0.2) | Clusters=OFF (UsedClusters=-) | EnvSparsityCfg={'Conv': 0.2, 'Linear': 0.2, 'Bias': 0.0, 'BatchNorm': 0.0} | EnvNClusters=3
[2026-01-29 12:46:52,435] [INFO] Model initialized on device: cuda:0
[2026-01-29 12:46:52,435] [INFO] [CLIENT INIT] Mode=SH | Sparsity=ON (UsedSparsity=0.2) | Clusters=OFF (UsedClusters=-) | EnvSparsityCfg={'Conv': 0.2, 'Linear': 0.2, 'Bias': 0.0, 'BatchNorm': 0.0} | EnvNClusters=3
[2026-01-29 12:46:52,525] [INFO] Model initialized on device: cuda:0
[2026-01-29 12:46:52,526] [INFO] [CLIENT INIT] Mode=SH | Sparsity=ON (UsedSparsity=0.2) | Clusters=OFF (UsedClusters=-) | EnvSparsityCfg={'Conv': 0.2, 'Linear': 0.2, 'Bias': 0.0, 'BatchNorm': 0.0} | EnvNClusters=3
[2026-01-29 12:46:52,613] [INFO] Model initialized on device: cuda:0
[2026-01-29 12:46:52,613] [INFO] [CLIENT INIT] Mode=SH | Sparsity=ON (UsedSparsity=0.2) | Clusters=OFF (UsedClusters=-) | EnvSparsityCfg={'Conv': 0.2, 'Linear': 0.2, 'Bias': 0.0, 'BatchNorm': 0.0} | EnvNClusters=3
[2026-01-29 12:46:52,617] [INFO] Model initialized on device: cuda:0
[2026-01-29 12:46:52,618] [INFO] [CLIENT INIT] Mode=SH | Sparsity=ON (UsedSparsity=0.2) | Clusters=OFF (UsedClusters=-) | EnvSparsityCfg={'Conv': 0.2, 'Linear': 0.2, 'Bias': 0.0, 'BatchNorm': 0.0} | EnvNClusters=3
[2026-01-29 12:46:52,631] [INFO] Model initialized on device: cuda:0
[2026-01-29 12:46:52,631] [INFO] [CLIENT INIT] Mode=SH | Sparsity=ON (UsedSparsity=0.2) | Clusters=OFF (UsedClusters=-) | EnvSparsityCfg={'Conv': 0.2, 'Linear': 0.2, 'Bias': 0.0, 'BatchNorm': 0.0} | EnvNClusters=3
[2026-01-29 12:46:52,710] [INFO] Model initialized on device: cuda:0
[2026-01-29 12:46:52,710] [INFO] [CLIENT INIT] Mode=SH | Sparsity=ON (UsedSparsity=0.2) | Clusters=OFF (UsedClusters=-) | EnvSparsityCfg={'Conv': 0.2, 'Linear': 0.2, 'Bias': 0.0, 'BatchNorm': 0.0} | EnvNClusters=3
[2026-01-29 12:46:52,720] [INFO] Model initialized on device: cuda:0
[2026-01-29 12:46:52,721] [INFO] [CLIENT INIT] Mode=SH | Sparsity=ON (UsedSparsity=0.2) | Clusters=OFF (UsedClusters=-) | EnvSparsityCfg={'Conv': 0.2, 'Linear': 0.2, 'Bias': 0.0, 'BatchNorm': 0.0} | EnvNClusters=3
[2026-01-29 12:46:52,738] [INFO] Model initialized on device: cuda:0
[2026-01-29 12:46:52,739] [INFO] [CLIENT INIT] Mode=SH | Sparsity=ON (UsedSparsity=0.2) | Clusters=OFF (UsedClusters=-) | EnvSparsityCfg={'Conv': 0.2, 'Linear': 0.2, 'Bias': 0.0, 'BatchNorm': 0.0} | EnvNClusters=3
[2026-01-29 12:48:37,513] [INFO] [TRAIN] Epoch 2 Loss: 0.3199
[2026-01-29 12:49:23,936] [INFO] Model initialized on device: cuda:0
[2026-01-29 12:49:23,936] [INFO] [CLIENT INIT] Mode=SH | Sparsity=ON (UsedSparsity=0.2) | Clusters=OFF (UsedClusters=-) | EnvSparsityCfg={'Conv': 0.2, 'Linear': 0.2, 'Bias': 0.0, 'BatchNorm': 0.0} | EnvNClusters=3
[2026-01-29 12:49:24,217] [INFO] Model initialized on device: cuda:0
[2026-01-29 12:49:24,217] [INFO] [CLIENT INIT] Mode=SH | Sparsity=ON (UsedSparsity=0.2) | Clusters=OFF (UsedClusters=-) | EnvSparsityCfg={'Conv': 0.2, 'Linear': 0.2, 'Bias': 0.0, 'BatchNorm': 0.0} | EnvNClusters=3
[2026-01-29 12:49:24,217] [INFO] Model initialized on device: cuda:0
[2026-01-29 12:49:24,217] [INFO] Model initialized on device: cuda:0
[2026-01-29 12:49:24,218] [INFO] [CLIENT INIT] Mode=SH | Sparsity=ON (UsedSparsity=0.2) | Clusters=OFF (UsedClusters=-) | EnvSparsityCfg={'Conv': 0.2, 'Linear': 0.2, 'Bias': 0.0, 'BatchNorm': 0.0} | EnvNClusters=3
[2026-01-29 12:49:24,218] [INFO] [CLIENT INIT] Mode=SH | Sparsity=ON (UsedSparsity=0.2) | Clusters=OFF (UsedClusters=-) | EnvSparsityCfg={'Conv': 0.2, 'Linear': 0.2, 'Bias': 0.0, 'BatchNorm': 0.0} | EnvNClusters=3
[2026-01-29 12:49:24,836] [INFO] Model initialized on device: cuda:0
[2026-01-29 12:49:24,836] [INFO] [CLIENT INIT] Mode=SH | Sparsity=ON (UsedSparsity=0.2) | Clusters=OFF (UsedClusters=-) | EnvSparsityCfg={'Conv': 0.2, 'Linear': 0.2, 'Bias': 0.0, 'BatchNorm': 0.0} | EnvNClusters=3
[2026-01-29 12:49:24,930] [INFO] Model initialized on device: cuda:0
[2026-01-29 12:49:24,930] [INFO] [CLIENT INIT] Mode=SH | Sparsity=ON (UsedSparsity=0.2) | Clusters=OFF (UsedClusters=-) | EnvSparsityCfg={'Conv': 0.2, 'Linear': 0.2, 'Bias': 0.0, 'BatchNorm': 0.0} | EnvNClusters=3
[2026-01-29 12:49:25,412] [INFO] Model initialized on device: cuda:0
[2026-01-29 12:49:25,412] [INFO] [CLIENT INIT] Mode=SH | Sparsity=ON (UsedSparsity=0.2) | Clusters=OFF (UsedClusters=-) | EnvSparsityCfg={'Conv': 0.2, 'Linear': 0.2, 'Bias': 0.0, 'BatchNorm': 0.0} | EnvNClusters=3
[2026-01-29 12:49:25,429] [INFO] Model initialized on device: cuda:0
[2026-01-29 12:49:25,429] [INFO] [CLIENT INIT] Mode=SH | Sparsity=ON (UsedSparsity=0.2) | Clusters=OFF (UsedClusters=-) | EnvSparsityCfg={'Conv': 0.2, 'Linear': 0.2, 'Bias': 0.0, 'BatchNorm': 0.0} | EnvNClusters=3
[2026-01-29 12:49:25,433] [INFO] Model initialized on device: cuda:0
[2026-01-29 12:49:25,433] [INFO] [CLIENT INIT] Mode=SH | Sparsity=ON (UsedSparsity=0.2) | Clusters=OFF (UsedClusters=-) | EnvSparsityCfg={'Conv': 0.2, 'Linear': 0.2, 'Bias': 0.0, 'BatchNorm': 0.0} | EnvNClusters=3
[2026-01-29 12:49:25,434] [INFO] Model initialized on device: cuda:0
[2026-01-29 12:49:25,434] [INFO] [CLIENT INIT] Mode=SH | Sparsity=ON (UsedSparsity=0.2) | Clusters=OFF (UsedClusters=-) | EnvSparsityCfg={'Conv': 0.2, 'Linear': 0.2, 'Bias': 0.0, 'BatchNorm': 0.0} | EnvNClusters=3
[2026-01-29 12:51:15,251] [INFO] [TRAIN] Epoch 3 Loss: 0.2974
[2026-01-29 12:51:53,753] [INFO] Model initialized on device: cuda:0
[2026-01-29 12:51:53,753] [INFO] [CLIENT INIT] Mode=SH | Sparsity=ON (UsedSparsity=0.2) | Clusters=OFF (UsedClusters=-) | EnvSparsityCfg={'Conv': 0.2, 'Linear': 0.2, 'Bias': 0.0, 'BatchNorm': 0.0} | EnvNClusters=3
[2026-01-29 12:52:02,430] [INFO] Model initialized on device: cuda:0
[2026-01-29 12:52:02,431] [INFO] [CLIENT INIT] Mode=SH | Sparsity=ON (UsedSparsity=0.2) | Clusters=OFF (UsedClusters=-) | EnvSparsityCfg={'Conv': 0.2, 'Linear': 0.2, 'Bias': 0.0, 'BatchNorm': 0.0} | EnvNClusters=3
[2026-01-29 12:52:02,642] [INFO] Model initialized on device: cuda:0
[2026-01-29 12:52:02,642] [INFO] [CLIENT INIT] Mode=SH | Sparsity=ON (UsedSparsity=0.2) | Clusters=OFF (UsedClusters=-) | EnvSparsityCfg={'Conv': 0.2, 'Linear': 0.2, 'Bias': 0.0, 'BatchNorm': 0.0} | EnvNClusters=3
[2026-01-29 12:52:02,712] [INFO] Model initialized on device: cuda:0
[2026-01-29 12:52:02,712] [INFO] [CLIENT INIT] Mode=SH | Sparsity=ON (UsedSparsity=0.2) | Clusters=OFF (UsedClusters=-) | EnvSparsityCfg={'Conv': 0.2, 'Linear': 0.2, 'Bias': 0.0, 'BatchNorm': 0.0} | EnvNClusters=3
[2026-01-29 12:52:02,740] [INFO] Model initialized on device: cuda:0
[2026-01-29 12:52:02,741] [INFO] [CLIENT INIT] Mode=SH | Sparsity=ON (UsedSparsity=0.2) | Clusters=OFF (UsedClusters=-) | EnvSparsityCfg={'Conv': 0.2, 'Linear': 0.2, 'Bias': 0.0, 'BatchNorm': 0.0} | EnvNClusters=3
[2026-01-29 12:52:02,742] [INFO] Model initialized on device: cuda:0
[2026-01-29 12:52:02,742] [INFO] [CLIENT INIT] Mode=SH | Sparsity=ON (UsedSparsity=0.2) | Clusters=OFF (UsedClusters=-) | EnvSparsityCfg={'Conv': 0.2, 'Linear': 0.2, 'Bias': 0.0, 'BatchNorm': 0.0} | EnvNClusters=3
[2026-01-29 12:52:02,808] [INFO] Model initialized on device: cuda:0
[2026-01-29 12:52:02,808] [INFO] [CLIENT INIT] Mode=SH | Sparsity=ON (UsedSparsity=0.2) | Clusters=OFF (UsedClusters=-) | EnvSparsityCfg={'Conv': 0.2, 'Linear': 0.2, 'Bias': 0.0, 'BatchNorm': 0.0} | EnvNClusters=3
[2026-01-29 12:52:02,810] [INFO] Model initialized on device: cuda:0
[2026-01-29 12:52:02,810] [INFO] [CLIENT INIT] Mode=SH | Sparsity=ON (UsedSparsity=0.2) | Clusters=OFF (UsedClusters=-) | EnvSparsityCfg={'Conv': 0.2, 'Linear': 0.2, 'Bias': 0.0, 'BatchNorm': 0.0} | EnvNClusters=3
[2026-01-29 12:52:02,811] [INFO] Model initialized on device: cuda:0
[2026-01-29 12:52:02,811] [INFO] [CLIENT INIT] Mode=SH | Sparsity=ON (UsedSparsity=0.2) | Clusters=OFF (UsedClusters=-) | EnvSparsityCfg={'Conv': 0.2, 'Linear': 0.2, 'Bias': 0.0, 'BatchNorm': 0.0} | EnvNClusters=3
[2026-01-29 12:52:02,916] [INFO] Model initialized on device: cuda:0
[2026-01-29 12:52:02,917] [INFO] [CLIENT INIT] Mode=SH | Sparsity=ON (UsedSparsity=0.2) | Clusters=OFF (UsedClusters=-) | EnvSparsityCfg={'Conv': 0.2, 'Linear': 0.2, 'Bias': 0.0, 'BatchNorm': 0.0} | EnvNClusters=3
[2026-01-29 12:53:49,225] [INFO] [TRAIN] Epoch 4 Loss: 0.2722
[2026-01-29 12:54:22,031] [INFO] Model initialized on device: cuda:0
[2026-01-29 12:54:22,032] [INFO] [CLIENT INIT] Mode=SH | Sparsity=ON (UsedSparsity=0.2) | Clusters=OFF (UsedClusters=-) | EnvSparsityCfg={'Conv': 0.2, 'Linear': 0.2, 'Bias': 0.0, 'BatchNorm': 0.0} | EnvNClusters=3
[2026-01-29 12:54:23,431] [INFO] Model initialized on device: cuda:0
[2026-01-29 12:54:23,432] [INFO] [CLIENT INIT] Mode=SH | Sparsity=ON (UsedSparsity=0.2) | Clusters=OFF (UsedClusters=-) | EnvSparsityCfg={'Conv': 0.2, 'Linear': 0.2, 'Bias': 0.0, 'BatchNorm': 0.0} | EnvNClusters=3
[2026-01-29 12:54:27,934] [INFO] Model initialized on device: cuda:0
[2026-01-29 12:54:27,934] [INFO] [CLIENT INIT] Mode=SH | Sparsity=ON (UsedSparsity=0.2) | Clusters=OFF (UsedClusters=-) | EnvSparsityCfg={'Conv': 0.2, 'Linear': 0.2, 'Bias': 0.0, 'BatchNorm': 0.0} | EnvNClusters=3
[2026-01-29 12:54:28,211] [INFO] Model initialized on device: cuda:0
[2026-01-29 12:54:28,211] [INFO] [CLIENT INIT] Mode=SH | Sparsity=ON (UsedSparsity=0.2) | Clusters=OFF (UsedClusters=-) | EnvSparsityCfg={'Conv': 0.2, 'Linear': 0.2, 'Bias': 0.0, 'BatchNorm': 0.0} | EnvNClusters=3
[2026-01-29 12:54:33,827] [INFO] Model initialized on device: cuda:0
[2026-01-29 12:54:33,827] [INFO] [CLIENT INIT] Mode=SH | Sparsity=ON (UsedSparsity=0.2) | Clusters=OFF (UsedClusters=-) | EnvSparsityCfg={'Conv': 0.2, 'Linear': 0.2, 'Bias': 0.0, 'BatchNorm': 0.0} | EnvNClusters=3
[2026-01-29 12:54:34,338] [INFO] Model initialized on device: cuda:0
[2026-01-29 12:54:34,338] [INFO] [CLIENT INIT] Mode=SH | Sparsity=ON (UsedSparsity=0.2) | Clusters=OFF (UsedClusters=-) | EnvSparsityCfg={'Conv': 0.2, 'Linear': 0.2, 'Bias': 0.0, 'BatchNorm': 0.0} | EnvNClusters=3
[2026-01-29 12:54:34,425] [INFO] Model initialized on device: cuda:0
[2026-01-29 12:54:34,425] [INFO] [CLIENT INIT] Mode=SH | Sparsity=ON (UsedSparsity=0.2) | Clusters=OFF (UsedClusters=-) | EnvSparsityCfg={'Conv': 0.2, 'Linear': 0.2, 'Bias': 0.0, 'BatchNorm': 0.0} | EnvNClusters=3
[2026-01-29 12:54:34,427] [INFO] Model initialized on device: cuda:0
[2026-01-29 12:54:34,427] [INFO] [CLIENT INIT] Mode=SH | Sparsity=ON (UsedSparsity=0.2) | Clusters=OFF (UsedClusters=-) | EnvSparsityCfg={'Conv': 0.2, 'Linear': 0.2, 'Bias': 0.0, 'BatchNorm': 0.0} | EnvNClusters=3
[2026-01-29 12:54:34,510] [INFO] Model initialized on device: cuda:0
[2026-01-29 12:54:34,510] [INFO] [CLIENT INIT] Mode=SH | Sparsity=ON (UsedSparsity=0.2) | Clusters=OFF (UsedClusters=-) | EnvSparsityCfg={'Conv': 0.2, 'Linear': 0.2, 'Bias': 0.0, 'BatchNorm': 0.0} | EnvNClusters=3
[2026-01-29 12:54:34,512] [INFO] Model initialized on device: cuda:0
[2026-01-29 12:54:34,512] [INFO] [CLIENT INIT] Mode=SH | Sparsity=ON (UsedSparsity=0.2) | Clusters=OFF (UsedClusters=-) | EnvSparsityCfg={'Conv': 0.2, 'Linear': 0.2, 'Bias': 0.0, 'BatchNorm': 0.0} | EnvNClusters=3
[2026-01-29 12:56:20,117] [INFO] [TRAIN] Epoch 5 Loss: 0.2647
[2026-01-29 12:56:20,119] [INFO] [FIT] Local training finished. Avg Loss: 0.3061
[2026-01-29 12:56:58,927] [INFO] Model initialized on device: cuda:0
[2026-01-29 12:56:58,928] [INFO] [CLIENT INIT] Mode=SH | Sparsity=ON (UsedSparsity=0.2) | Clusters=OFF (UsedClusters=-) | EnvSparsityCfg={'Conv': 0.2, 'Linear': 0.2, 'Bias': 0.0, 'BatchNorm': 0.0} | EnvNClusters=3
[2026-01-29 12:56:59,013] [INFO] Model initialized on device: cuda:0
[2026-01-29 12:56:59,013] [INFO] [CLIENT INIT] Mode=SH | Sparsity=ON (UsedSparsity=0.2) | Clusters=OFF (UsedClusters=-) | EnvSparsityCfg={'Conv': 0.2, 'Linear': 0.2, 'Bias': 0.0, 'BatchNorm': 0.0} | EnvNClusters=3
[2026-01-29 12:57:00,213] [INFO] Model initialized on device: cuda:0
[2026-01-29 12:57:00,213] [INFO] [CLIENT INIT] Mode=SH | Sparsity=ON (UsedSparsity=0.2) | Clusters=OFF (UsedClusters=-) | EnvSparsityCfg={'Conv': 0.2, 'Linear': 0.2, 'Bias': 0.0, 'BatchNorm': 0.0} | EnvNClusters=3
[2026-01-29 12:57:01,022] [INFO] Model initialized on device: cuda:0
[2026-01-29 12:57:01,022] [INFO] [CLIENT INIT] Mode=SH | Sparsity=ON (UsedSparsity=0.2) | Clusters=OFF (UsedClusters=-) | EnvSparsityCfg={'Conv': 0.2, 'Linear': 0.2, 'Bias': 0.0, 'BatchNorm': 0.0} | EnvNClusters=3
[2026-01-29 12:57:01,424] [INFO] Model initialized on device: cuda:0
[2026-01-29 12:57:01,424] [INFO] [CLIENT INIT] Mode=SH | Sparsity=ON (UsedSparsity=0.2) | Clusters=OFF (UsedClusters=-) | EnvSparsityCfg={'Conv': 0.2, 'Linear': 0.2, 'Bias': 0.0, 'BatchNorm': 0.0} | EnvNClusters=3
[2026-01-29 12:57:01,439] [INFO] Model initialized on device: cuda:0
[2026-01-29 12:57:01,439] [INFO] [CLIENT INIT] Mode=SH | Sparsity=ON (UsedSparsity=0.2) | Clusters=OFF (UsedClusters=-) | EnvSparsityCfg={'Conv': 0.2, 'Linear': 0.2, 'Bias': 0.0, 'BatchNorm': 0.0} | EnvNClusters=3
[2026-01-29 12:57:01,531] [INFO] Model initialized on device: cuda:0
[2026-01-29 12:57:01,532] [INFO] [CLIENT INIT] Mode=SH | Sparsity=ON (UsedSparsity=0.2) | Clusters=OFF (UsedClusters=-) | EnvSparsityCfg={'Conv': 0.2, 'Linear': 0.2, 'Bias': 0.0, 'BatchNorm': 0.0} | EnvNClusters=3
[2026-01-29 12:57:01,614] [INFO] Model initialized on device: cuda:0
[2026-01-29 12:57:01,614] [INFO] [CLIENT INIT] Mode=SH | Sparsity=ON (UsedSparsity=0.2) | Clusters=OFF (UsedClusters=-) | EnvSparsityCfg={'Conv': 0.2, 'Linear': 0.2, 'Bias': 0.0, 'BatchNorm': 0.0} | EnvNClusters=3
[2026-01-29 12:57:01,617] [INFO] Model initialized on device: cuda:0
[2026-01-29 12:57:01,617] [INFO] [CLIENT INIT] Mode=SH | Sparsity=ON (UsedSparsity=0.2) | Clusters=OFF (UsedClusters=-) | EnvSparsityCfg={'Conv': 0.2, 'Linear': 0.2, 'Bias': 0.0, 'BatchNorm': 0.0} | EnvNClusters=3
[2026-01-29 12:57:01,620] [INFO] Model initialized on device: cuda:0
[2026-01-29 12:57:01,620] [INFO] [CLIENT INIT] Mode=SH | Sparsity=ON (UsedSparsity=0.2) | Clusters=OFF (UsedClusters=-) | EnvSparsityCfg={'Conv': 0.2, 'Linear': 0.2, 'Bias': 0.0, 'BatchNorm': 0.0} | EnvNClusters=3
[2026-01-29 12:57:06,517] [DEBUG] [TEST] Batch 1 | Pred shape: torch.Size([256, 256, 160]) | Label shape: torch.Size([256, 256, 160])
[2026-01-29 12:57:07,718] [DEBUG] [TEST] Batch 2 | Pred shape: torch.Size([256, 256, 160]) | Label shape: torch.Size([256, 256, 160])
[2026-01-29 12:57:08,023] [DEBUG] [TEST] Batch 3 | Pred shape: torch.Size([256, 256, 160]) | Label shape: torch.Size([256, 256, 160])
[2026-01-29 12:57:08,514] [DEBUG] [TEST] Batch 4 | Pred shape: torch.Size([256, 256, 160]) | Label shape: torch.Size([256, 256, 160])
[2026-01-29 12:57:08,614] [DEBUG] [TEST] Batch 5 | Pred shape: torch.Size([256, 256, 160]) | Label shape: torch.Size([256, 256, 160])
[2026-01-29 12:57:08,714] [DEBUG] [TEST] Batch 6 | Pred shape: torch.Size([256, 256, 160]) | Label shape: torch.Size([256, 256, 160])
[2026-01-29 12:57:08,810] [DEBUG] [TEST] Batch 7 | Pred shape: torch.Size([256, 256, 160]) | Label shape: torch.Size([256, 256, 160])
[2026-01-29 12:57:08,907] [DEBUG] [TEST] Batch 8 | Pred shape: torch.Size([256, 256, 160]) | Label shape: torch.Size([256, 256, 160])
[2026-01-29 12:57:09,011] [DEBUG] [TEST] Batch 9 | Pred shape: torch.Size([256, 256, 160]) | Label shape: torch.Size([256, 256, 160])
[2026-01-29 12:57:09,113] [DEBUG] [TEST] Batch 10 | Pred shape: torch.Size([256, 256, 160]) | Label shape: torch.Size([256, 256, 160])
[2026-01-29 12:57:12,410] [DEBUG] [TEST] Batch 11 | Pred shape: torch.Size([256, 256, 160]) | Label shape: torch.Size([256, 256, 160])
[2026-01-29 12:57:12,642] [DEBUG] [TEST] Batch 12 | Pred shape: torch.Size([256, 256, 160]) | Label shape: torch.Size([256, 256, 160])
[2026-01-29 12:57:12,917] [DEBUG] [TEST] Batch 13 | Pred shape: torch.Size([256, 256, 160]) | Label shape: torch.Size([256, 256, 160])
[2026-01-29 12:57:13,019] [DEBUG] [TEST] Batch 14 | Pred shape: torch.Size([256, 256, 160]) | Label shape: torch.Size([256, 256, 160])
[2026-01-29 12:57:13,120] [DEBUG] [TEST] Batch 15 | Pred shape: torch.Size([256, 256, 160]) | Label shape: torch.Size([256, 256, 160])
[2026-01-29 12:57:13,211] [DEBUG] [TEST] Batch 16 | Pred shape: torch.Size([256, 256, 160]) | Label shape: torch.Size([256, 256, 160])
[2026-01-29 12:57:18,646] [INFO] [FIT] Final model saved to: Revision2/Run_UNET_NonIID_SH20_20260129/Client3/model_final.pth
[2026-01-29 12:57:37,178] [INFO] [COMM][CLIENT] Round=-1 Mode=SH UsedSparsity=0.2 UsedClusters=- BaselineBits=154016352.0 CompressedBits=166769753.0 CR=0.924
[2026-01-29 13:05:34,623] [INFO] [EVALUATE] Starting evaluation...
[2026-01-29 13:05:38,235] [INFO] [DEBUG] Loaded compressed decoded weights.
[2026-01-29 13:06:38,369] [INFO] Model initialized on device: cuda:0
[2026-01-29 13:06:38,369] [INFO] [CLIENT INIT] Mode=SH | Sparsity=ON (UsedSparsity=0.2) | Clusters=OFF (UsedClusters=-) | EnvSparsityCfg={'Conv': 0.2, 'Linear': 0.2, 'Bias': 0.0, 'BatchNorm': 0.0} | EnvNClusters=3
[2026-01-29 13:06:39,595] [INFO] Model initialized on device: cuda:0
[2026-01-29 13:06:39,595] [INFO] [CLIENT INIT] Mode=SH | Sparsity=ON (UsedSparsity=0.2) | Clusters=OFF (UsedClusters=-) | EnvSparsityCfg={'Conv': 0.2, 'Linear': 0.2, 'Bias': 0.0, 'BatchNorm': 0.0} | EnvNClusters=3
[2026-01-29 13:06:42,436] [INFO] Model initialized on device: cuda:0
[2026-01-29 13:06:42,436] [INFO] [CLIENT INIT] Mode=SH | Sparsity=ON (UsedSparsity=0.2) | Clusters=OFF (UsedClusters=-) | EnvSparsityCfg={'Conv': 0.2, 'Linear': 0.2, 'Bias': 0.0, 'BatchNorm': 0.0} | EnvNClusters=3
[2026-01-29 13:06:42,926] [INFO] Model initialized on device: cuda:0
[2026-01-29 13:06:42,926] [INFO] [CLIENT INIT] Mode=SH | Sparsity=ON (UsedSparsity=0.2) | Clusters=OFF (UsedClusters=-) | EnvSparsityCfg={'Conv': 0.2, 'Linear': 0.2, 'Bias': 0.0, 'BatchNorm': 0.0} | EnvNClusters=3
[2026-01-29 13:06:43,013] [INFO] Model initialized on device: cuda:0
[2026-01-29 13:06:43,014] [INFO] [CLIENT INIT] Mode=SH | Sparsity=ON (UsedSparsity=0.2) | Clusters=OFF (UsedClusters=-) | EnvSparsityCfg={'Conv': 0.2, 'Linear': 0.2, 'Bias': 0.0, 'BatchNorm': 0.0} | EnvNClusters=3
[2026-01-29 13:06:43,139] [INFO] Model initialized on device: cuda:0
[2026-01-29 13:06:43,139] [INFO] [CLIENT INIT] Mode=SH | Sparsity=ON (UsedSparsity=0.2) | Clusters=OFF (UsedClusters=-) | EnvSparsityCfg={'Conv': 0.2, 'Linear': 0.2, 'Bias': 0.0, 'BatchNorm': 0.0} | EnvNClusters=3
[2026-01-29 13:06:43,312] [INFO] Model initialized on device: cuda:0
[2026-01-29 13:06:43,312] [INFO] [CLIENT INIT] Mode=SH | Sparsity=ON (UsedSparsity=0.2) | Clusters=OFF (UsedClusters=-) | EnvSparsityCfg={'Conv': 0.2, 'Linear': 0.2, 'Bias': 0.0, 'BatchNorm': 0.0} | EnvNClusters=3
[2026-01-29 13:06:43,326] [INFO] Model initialized on device: cuda:0
[2026-01-29 13:06:43,326] [INFO] [CLIENT INIT] Mode=SH | Sparsity=ON (UsedSparsity=0.2) | Clusters=OFF (UsedClusters=-) | EnvSparsityCfg={'Conv': 0.2, 'Linear': 0.2, 'Bias': 0.0, 'BatchNorm': 0.0} | EnvNClusters=3
[2026-01-29 13:06:43,436] [INFO] Model initialized on device: cuda:0
[2026-01-29 13:06:43,436] [INFO] [CLIENT INIT] Mode=SH | Sparsity=ON (UsedSparsity=0.2) | Clusters=OFF (UsedClusters=-) | EnvSparsityCfg={'Conv': 0.2, 'Linear': 0.2, 'Bias': 0.0, 'BatchNorm': 0.0} | EnvNClusters=3
[2026-01-29 13:06:43,446] [INFO] Model initialized on device: cuda:0
[2026-01-29 13:06:43,446] [INFO] [CLIENT INIT] Mode=SH | Sparsity=ON (UsedSparsity=0.2) | Clusters=OFF (UsedClusters=-) | EnvSparsityCfg={'Conv': 0.2, 'Linear': 0.2, 'Bias': 0.0, 'BatchNorm': 0.0} | EnvNClusters=3
[2026-01-29 13:06:53,435] [DEBUG] [TEST] Batch 1 | Pred shape: torch.Size([256, 256, 160]) | Label shape: torch.Size([256, 256, 160])
[2026-01-29 13:06:53,558] [DEBUG] [TEST] Batch 2 | Pred shape: torch.Size([256, 256, 160]) | Label shape: torch.Size([256, 256, 160])
[2026-01-29 13:06:53,734] [DEBUG] [TEST] Batch 3 | Pred shape: torch.Size([256, 256, 160]) | Label shape: torch.Size([256, 256, 160])
[2026-01-29 13:06:53,816] [DEBUG] [TEST] Batch 4 | Pred shape: torch.Size([256, 256, 160]) | Label shape: torch.Size([256, 256, 160])
[2026-01-29 13:06:53,944] [DEBUG] [TEST] Batch 5 | Pred shape: torch.Size([256, 256, 160]) | Label shape: torch.Size([256, 256, 160])
[2026-01-29 13:06:54,228] [DEBUG] [TEST] Batch 6 | Pred shape: torch.Size([256, 256, 160]) | Label shape: torch.Size([256, 256, 160])
[2026-01-29 13:06:54,423] [DEBUG] [TEST] Batch 7 | Pred shape: torch.Size([256, 256, 160]) | Label shape: torch.Size([256, 256, 160])
[2026-01-29 13:06:54,712] [DEBUG] [TEST] Batch 8 | Pred shape: torch.Size([256, 256, 160]) | Label shape: torch.Size([256, 256, 160])
[2026-01-29 13:06:54,945] [DEBUG] [TEST] Batch 9 | Pred shape: torch.Size([256, 256, 160]) | Label shape: torch.Size([256, 256, 160])
[2026-01-29 13:06:55,230] [DEBUG] [TEST] Batch 10 | Pred shape: torch.Size([256, 256, 160]) | Label shape: torch.Size([256, 256, 160])
[2026-01-29 13:06:58,557] [DEBUG] [TEST] Batch 11 | Pred shape: torch.Size([256, 256, 160]) | Label shape: torch.Size([256, 256, 160])
[2026-01-29 13:06:58,714] [DEBUG] [TEST] Batch 12 | Pred shape: torch.Size([256, 256, 160]) | Label shape: torch.Size([256, 256, 160])
[2026-01-29 13:06:58,815] [DEBUG] [TEST] Batch 13 | Pred shape: torch.Size([256, 256, 160]) | Label shape: torch.Size([256, 256, 160])
[2026-01-29 13:06:58,935] [DEBUG] [TEST] Batch 14 | Pred shape: torch.Size([256, 256, 160]) | Label shape: torch.Size([256, 256, 160])
[2026-01-29 13:06:59,321] [DEBUG] [TEST] Batch 15 | Pred shape: torch.Size([256, 256, 160]) | Label shape: torch.Size([256, 256, 160])
[2026-01-29 13:06:59,450] [DEBUG] [TEST] Batch 16 | Pred shape: torch.Size([256, 256, 160]) | Label shape: torch.Size([256, 256, 160])
[2026-01-29 13:07:07,160] [INFO] [EVALUATE] Dice WT: 0.8087
[2026-01-29 13:07:21,516] [INFO] [FIT] Received parameters. Starting local training...
[2026-01-29 13:07:24,124] [INFO] [DEBUG] Loaded compressed decoded weights.
[2026-01-29 13:08:29,583] [INFO] Model initialized on device: cuda:0
[2026-01-29 13:08:29,584] [INFO] [CLIENT INIT] Mode=SH | Sparsity=ON (UsedSparsity=0.2) | Clusters=OFF (UsedClusters=-) | EnvSparsityCfg={'Conv': 0.2, 'Linear': 0.2, 'Bias': 0.0, 'BatchNorm': 0.0} | EnvNClusters=3
[2026-01-29 13:08:29,676] [INFO] Model initialized on device: cuda:0
[2026-01-29 13:08:29,676] [INFO] [CLIENT INIT] Mode=SH | Sparsity=ON (UsedSparsity=0.2) | Clusters=OFF (UsedClusters=-) | EnvSparsityCfg={'Conv': 0.2, 'Linear': 0.2, 'Bias': 0.0, 'BatchNorm': 0.0} | EnvNClusters=3
[2026-01-29 13:08:29,742] [INFO] Model initialized on device: cuda:0
[2026-01-29 13:08:29,742] [INFO] [CLIENT INIT] Mode=SH | Sparsity=ON (UsedSparsity=0.2) | Clusters=OFF (UsedClusters=-) | EnvSparsityCfg={'Conv': 0.2, 'Linear': 0.2, 'Bias': 0.0, 'BatchNorm': 0.0} | EnvNClusters=3
[2026-01-29 13:08:31,119] [INFO] Model initialized on device: cuda:0
[2026-01-29 13:08:31,119] [INFO] [CLIENT INIT] Mode=SH | Sparsity=ON (UsedSparsity=0.2) | Clusters=OFF (UsedClusters=-) | EnvSparsityCfg={'Conv': 0.2, 'Linear': 0.2, 'Bias': 0.0, 'BatchNorm': 0.0} | EnvNClusters=3
[2026-01-29 13:08:31,519] [INFO] Model initialized on device: cuda:0
[2026-01-29 13:08:31,519] [INFO] [CLIENT INIT] Mode=SH | Sparsity=ON (UsedSparsity=0.2) | Clusters=OFF (UsedClusters=-) | EnvSparsityCfg={'Conv': 0.2, 'Linear': 0.2, 'Bias': 0.0, 'BatchNorm': 0.0} | EnvNClusters=3
[2026-01-29 13:08:31,530] [INFO] Model initialized on device: cuda:0
[2026-01-29 13:08:31,530] [INFO] [CLIENT INIT] Mode=SH | Sparsity=ON (UsedSparsity=0.2) | Clusters=OFF (UsedClusters=-) | EnvSparsityCfg={'Conv': 0.2, 'Linear': 0.2, 'Bias': 0.0, 'BatchNorm': 0.0} | EnvNClusters=3
[2026-01-29 13:08:31,621] [INFO] Model initialized on device: cuda:0
[2026-01-29 13:08:31,621] [INFO] [CLIENT INIT] Mode=SH | Sparsity=ON (UsedSparsity=0.2) | Clusters=OFF (UsedClusters=-) | EnvSparsityCfg={'Conv': 0.2, 'Linear': 0.2, 'Bias': 0.0, 'BatchNorm': 0.0} | EnvNClusters=3
[2026-01-29 13:08:31,622] [INFO] Model initialized on device: cuda:0
[2026-01-29 13:08:31,622] [INFO] [CLIENT INIT] Mode=SH | Sparsity=ON (UsedSparsity=0.2) | Clusters=OFF (UsedClusters=-) | EnvSparsityCfg={'Conv': 0.2, 'Linear': 0.2, 'Bias': 0.0, 'BatchNorm': 0.0} | EnvNClusters=3
[2026-01-29 13:08:31,622] [INFO] Model initialized on device: cuda:0
[2026-01-29 13:08:31,622] [INFO] [CLIENT INIT] Mode=SH | Sparsity=ON (UsedSparsity=0.2) | Clusters=OFF (UsedClusters=-) | EnvSparsityCfg={'Conv': 0.2, 'Linear': 0.2, 'Bias': 0.0, 'BatchNorm': 0.0} | EnvNClusters=3
[2026-01-29 13:08:31,624] [INFO] Model initialized on device: cuda:0
[2026-01-29 13:08:31,624] [INFO] [CLIENT INIT] Mode=SH | Sparsity=ON (UsedSparsity=0.2) | Clusters=OFF (UsedClusters=-) | EnvSparsityCfg={'Conv': 0.2, 'Linear': 0.2, 'Bias': 0.0, 'BatchNorm': 0.0} | EnvNClusters=3
[2026-01-29 13:10:30,550] [INFO] [TRAIN] Epoch 1 Loss: 0.3034
[2026-01-29 13:11:18,542] [INFO] Model initialized on device: cuda:0
[2026-01-29 13:11:18,542] [INFO] [CLIENT INIT] Mode=SH | Sparsity=ON (UsedSparsity=0.2) | Clusters=OFF (UsedClusters=-) | EnvSparsityCfg={'Conv': 0.2, 'Linear': 0.2, 'Bias': 0.0, 'BatchNorm': 0.0} | EnvNClusters=3
[2026-01-29 13:11:21,244] [INFO] Model initialized on device: cuda:0
[2026-01-29 13:11:21,245] [INFO] [CLIENT INIT] Mode=SH | Sparsity=ON (UsedSparsity=0.2) | Clusters=OFF (UsedClusters=-) | EnvSparsityCfg={'Conv': 0.2, 'Linear': 0.2, 'Bias': 0.0, 'BatchNorm': 0.0} | EnvNClusters=3
[2026-01-29 13:11:21,247] [INFO] Model initialized on device: cuda:0
[2026-01-29 13:11:21,247] [INFO] [CLIENT INIT] Mode=SH | Sparsity=ON (UsedSparsity=0.2) | Clusters=OFF (UsedClusters=-) | EnvSparsityCfg={'Conv': 0.2, 'Linear': 0.2, 'Bias': 0.0, 'BatchNorm': 0.0} | EnvNClusters=3
[2026-01-29 13:11:21,344] [INFO] Model initialized on device: cuda:0
[2026-01-29 13:11:21,344] [INFO] [CLIENT INIT] Mode=SH | Sparsity=ON (UsedSparsity=0.2) | Clusters=OFF (UsedClusters=-) | EnvSparsityCfg={'Conv': 0.2, 'Linear': 0.2, 'Bias': 0.0, 'BatchNorm': 0.0} | EnvNClusters=3
[2026-01-29 13:11:21,813] [INFO] Model initialized on device: cuda:0
[2026-01-29 13:11:21,813] [INFO] [CLIENT INIT] Mode=SH | Sparsity=ON (UsedSparsity=0.2) | Clusters=OFF (UsedClusters=-) | EnvSparsityCfg={'Conv': 0.2, 'Linear': 0.2, 'Bias': 0.0, 'BatchNorm': 0.0} | EnvNClusters=3
[2026-01-29 13:11:21,830] [INFO] Model initialized on device: cuda:0
[2026-01-29 13:11:21,830] [INFO] [CLIENT INIT] Mode=SH | Sparsity=ON (UsedSparsity=0.2) | Clusters=OFF (UsedClusters=-) | EnvSparsityCfg={'Conv': 0.2, 'Linear': 0.2, 'Bias': 0.0, 'BatchNorm': 0.0} | EnvNClusters=3
[2026-01-29 13:11:22,017] [INFO] Model initialized on device: cuda:0
[2026-01-29 13:11:22,017] [INFO] [CLIENT INIT] Mode=SH | Sparsity=ON (UsedSparsity=0.2) | Clusters=OFF (UsedClusters=-) | EnvSparsityCfg={'Conv': 0.2, 'Linear': 0.2, 'Bias': 0.0, 'BatchNorm': 0.0} | EnvNClusters=3
[2026-01-29 13:11:22,029] [INFO] Model initialized on device: cuda:0
[2026-01-29 13:11:22,029] [INFO] [CLIENT INIT] Mode=SH | Sparsity=ON (UsedSparsity=0.2) | Clusters=OFF (UsedClusters=-) | EnvSparsityCfg={'Conv': 0.2, 'Linear': 0.2, 'Bias': 0.0, 'BatchNorm': 0.0} | EnvNClusters=3
[2026-01-29 13:11:22,038] [INFO] Model initialized on device: cuda:0
[2026-01-29 13:11:22,038] [INFO] [CLIENT INIT] Mode=SH | Sparsity=ON (UsedSparsity=0.2) | Clusters=OFF (UsedClusters=-) | EnvSparsityCfg={'Conv': 0.2, 'Linear': 0.2, 'Bias': 0.0, 'BatchNorm': 0.0} | EnvNClusters=3
[2026-01-29 13:11:22,125] [INFO] Model initialized on device: cuda:0
[2026-01-29 13:11:22,125] [INFO] [CLIENT INIT] Mode=SH | Sparsity=ON (UsedSparsity=0.2) | Clusters=OFF (UsedClusters=-) | EnvSparsityCfg={'Conv': 0.2, 'Linear': 0.2, 'Bias': 0.0, 'BatchNorm': 0.0} | EnvNClusters=3
[2026-01-29 13:13:11,353] [INFO] [TRAIN] Epoch 2 Loss: 0.2509
[2026-01-29 13:13:51,816] [INFO] Model initialized on device: cuda:0
[2026-01-29 13:13:51,816] [INFO] [CLIENT INIT] Mode=SH | Sparsity=ON (UsedSparsity=0.2) | Clusters=OFF (UsedClusters=-) | EnvSparsityCfg={'Conv': 0.2, 'Linear': 0.2, 'Bias': 0.0, 'BatchNorm': 0.0} | EnvNClusters=3
[2026-01-29 13:13:52,016] [INFO] Model initialized on device: cuda:0
[2026-01-29 13:13:52,017] [INFO] [CLIENT INIT] Mode=SH | Sparsity=ON (UsedSparsity=0.2) | Clusters=OFF (UsedClusters=-) | EnvSparsityCfg={'Conv': 0.2, 'Linear': 0.2, 'Bias': 0.0, 'BatchNorm': 0.0} | EnvNClusters=3
[2026-01-29 13:13:52,042] [INFO] Model initialized on device: cuda:0
[2026-01-29 13:13:52,042] [INFO] [CLIENT INIT] Mode=SH | Sparsity=ON (UsedSparsity=0.2) | Clusters=OFF (UsedClusters=-) | EnvSparsityCfg={'Conv': 0.2, 'Linear': 0.2, 'Bias': 0.0, 'BatchNorm': 0.0} | EnvNClusters=3
[2026-01-29 13:13:52,523] [INFO] Model initialized on device: cuda:0
[2026-01-29 13:13:52,523] [INFO] [CLIENT INIT] Mode=SH | Sparsity=ON (UsedSparsity=0.2) | Clusters=OFF (UsedClusters=-) | EnvSparsityCfg={'Conv': 0.2, 'Linear': 0.2, 'Bias': 0.0, 'BatchNorm': 0.0} | EnvNClusters=3
[2026-01-29 13:13:52,811] [INFO] Model initialized on device: cuda:0
[2026-01-29 13:13:52,812] [INFO] [CLIENT INIT] Mode=SH | Sparsity=ON (UsedSparsity=0.2) | Clusters=OFF (UsedClusters=-) | EnvSparsityCfg={'Conv': 0.2, 'Linear': 0.2, 'Bias': 0.0, 'BatchNorm': 0.0} | EnvNClusters=3
[2026-01-29 13:13:52,926] [INFO] Model initialized on device: cuda:0
[2026-01-29 13:13:52,926] [INFO] [CLIENT INIT] Mode=SH | Sparsity=ON (UsedSparsity=0.2) | Clusters=OFF (UsedClusters=-) | EnvSparsityCfg={'Conv': 0.2, 'Linear': 0.2, 'Bias': 0.0, 'BatchNorm': 0.0} | EnvNClusters=3
[2026-01-29 13:13:52,926] [INFO] Model initialized on device: cuda:0
[2026-01-29 13:13:52,926] [INFO] [CLIENT INIT] Mode=SH | Sparsity=ON (UsedSparsity=0.2) | Clusters=OFF (UsedClusters=-) | EnvSparsityCfg={'Conv': 0.2, 'Linear': 0.2, 'Bias': 0.0, 'BatchNorm': 0.0} | EnvNClusters=3
[2026-01-29 13:13:52,928] [INFO] Model initialized on device: cuda:0
[2026-01-29 13:13:52,928] [INFO] [CLIENT INIT] Mode=SH | Sparsity=ON (UsedSparsity=0.2) | Clusters=OFF (UsedClusters=-) | EnvSparsityCfg={'Conv': 0.2, 'Linear': 0.2, 'Bias': 0.0, 'BatchNorm': 0.0} | EnvNClusters=3
[2026-01-29 13:13:52,933] [INFO] Model initialized on device: cuda:0
[2026-01-29 13:13:52,933] [INFO] [CLIENT INIT] Mode=SH | Sparsity=ON (UsedSparsity=0.2) | Clusters=OFF (UsedClusters=-) | EnvSparsityCfg={'Conv': 0.2, 'Linear': 0.2, 'Bias': 0.0, 'BatchNorm': 0.0} | EnvNClusters=3
[2026-01-29 13:13:53,030] [INFO] Model initialized on device: cuda:0
[2026-01-29 13:13:53,031] [INFO] [CLIENT INIT] Mode=SH | Sparsity=ON (UsedSparsity=0.2) | Clusters=OFF (UsedClusters=-) | EnvSparsityCfg={'Conv': 0.2, 'Linear': 0.2, 'Bias': 0.0, 'BatchNorm': 0.0} | EnvNClusters=3
[2026-01-29 13:15:45,758] [INFO] [TRAIN] Epoch 3 Loss: 0.2514
[2026-01-29 13:16:19,922] [INFO] Model initialized on device: cuda:0
[2026-01-29 13:16:19,922] [INFO] [CLIENT INIT] Mode=SH | Sparsity=ON (UsedSparsity=0.2) | Clusters=OFF (UsedClusters=-) | EnvSparsityCfg={'Conv': 0.2, 'Linear': 0.2, 'Bias': 0.0, 'BatchNorm': 0.0} | EnvNClusters=3
[2026-01-29 13:16:21,020] [INFO] Model initialized on device: cuda:0
[2026-01-29 13:16:21,020] [INFO] [CLIENT INIT] Mode=SH | Sparsity=ON (UsedSparsity=0.2) | Clusters=OFF (UsedClusters=-) | EnvSparsityCfg={'Conv': 0.2, 'Linear': 0.2, 'Bias': 0.0, 'BatchNorm': 0.0} | EnvNClusters=3
[2026-01-29 13:16:24,242] [INFO] Model initialized on device: cuda:0
[2026-01-29 13:16:24,242] [INFO] [CLIENT INIT] Mode=SH | Sparsity=ON (UsedSparsity=0.2) | Clusters=OFF (UsedClusters=-) | EnvSparsityCfg={'Conv': 0.2, 'Linear': 0.2, 'Bias': 0.0, 'BatchNorm': 0.0} | EnvNClusters=3
[2026-01-29 13:16:26,021] [INFO] Model initialized on device: cuda:0
[2026-01-29 13:16:26,022] [INFO] [CLIENT INIT] Mode=SH | Sparsity=ON (UsedSparsity=0.2) | Clusters=OFF (UsedClusters=-) | EnvSparsityCfg={'Conv': 0.2, 'Linear': 0.2, 'Bias': 0.0, 'BatchNorm': 0.0} | EnvNClusters=3
[2026-01-29 13:16:30,030] [INFO] Model initialized on device: cuda:0
[2026-01-29 13:16:30,030] [INFO] [CLIENT INIT] Mode=SH | Sparsity=ON (UsedSparsity=0.2) | Clusters=OFF (UsedClusters=-) | EnvSparsityCfg={'Conv': 0.2, 'Linear': 0.2, 'Bias': 0.0, 'BatchNorm': 0.0} | EnvNClusters=3
[2026-01-29 13:16:30,039] [INFO] Model initialized on device: cuda:0
[2026-01-29 13:16:30,039] [INFO] [CLIENT INIT] Mode=SH | Sparsity=ON (UsedSparsity=0.2) | Clusters=OFF (UsedClusters=-) | EnvSparsityCfg={'Conv': 0.2, 'Linear': 0.2, 'Bias': 0.0, 'BatchNorm': 0.0} | EnvNClusters=3
[2026-01-29 13:16:30,221] [INFO] Model initialized on device: cuda:0
[2026-01-29 13:16:30,221] [INFO] [CLIENT INIT] Mode=SH | Sparsity=ON (UsedSparsity=0.2) | Clusters=OFF (UsedClusters=-) | EnvSparsityCfg={'Conv': 0.2, 'Linear': 0.2, 'Bias': 0.0, 'BatchNorm': 0.0} | EnvNClusters=3
[2026-01-29 13:16:30,236] [INFO] Model initialized on device: cuda:0
[2026-01-29 13:16:30,236] [INFO] [CLIENT INIT] Mode=SH | Sparsity=ON (UsedSparsity=0.2) | Clusters=OFF (UsedClusters=-) | EnvSparsityCfg={'Conv': 0.2, 'Linear': 0.2, 'Bias': 0.0, 'BatchNorm': 0.0} | EnvNClusters=3
[2026-01-29 13:16:30,313] [INFO] Model initialized on device: cuda:0
[2026-01-29 13:16:30,313] [INFO] [CLIENT INIT] Mode=SH | Sparsity=ON (UsedSparsity=0.2) | Clusters=OFF (UsedClusters=-) | EnvSparsityCfg={'Conv': 0.2, 'Linear': 0.2, 'Bias': 0.0, 'BatchNorm': 0.0} | EnvNClusters=3
[2026-01-29 13:16:30,321] [INFO] Model initialized on device: cuda:0
[2026-01-29 13:16:30,321] [INFO] [CLIENT INIT] Mode=SH | Sparsity=ON (UsedSparsity=0.2) | Clusters=OFF (UsedClusters=-) | EnvSparsityCfg={'Conv': 0.2, 'Linear': 0.2, 'Bias': 0.0, 'BatchNorm': 0.0} | EnvNClusters=3
[2026-01-29 13:18:19,917] [INFO] [TRAIN] Epoch 4 Loss: 0.2421
[2026-01-29 13:19:08,655] [INFO] Model initialized on device: cuda:0
[2026-01-29 13:19:08,655] [INFO] [CLIENT INIT] Mode=SH | Sparsity=ON (UsedSparsity=0.2) | Clusters=OFF (UsedClusters=-) | EnvSparsityCfg={'Conv': 0.2, 'Linear': 0.2, 'Bias': 0.0, 'BatchNorm': 0.0} | EnvNClusters=3
[2026-01-29 13:19:09,225] [INFO] Model initialized on device: cuda:0
[2026-01-29 13:19:09,226] [INFO] [CLIENT INIT] Mode=SH | Sparsity=ON (UsedSparsity=0.2) | Clusters=OFF (UsedClusters=-) | EnvSparsityCfg={'Conv': 0.2, 'Linear': 0.2, 'Bias': 0.0, 'BatchNorm': 0.0} | EnvNClusters=3
[2026-01-29 13:19:09,750] [INFO] Model initialized on device: cuda:0
[2026-01-29 13:19:09,751] [INFO] [CLIENT INIT] Mode=SH | Sparsity=ON (UsedSparsity=0.2) | Clusters=OFF (UsedClusters=-) | EnvSparsityCfg={'Conv': 0.2, 'Linear': 0.2, 'Bias': 0.0, 'BatchNorm': 0.0} | EnvNClusters=3
[2026-01-29 13:19:09,934] [INFO] Model initialized on device: cuda:0
[2026-01-29 13:19:09,934] [INFO] [CLIENT INIT] Mode=SH | Sparsity=ON (UsedSparsity=0.2) | Clusters=OFF (UsedClusters=-) | EnvSparsityCfg={'Conv': 0.2, 'Linear': 0.2, 'Bias': 0.0, 'BatchNorm': 0.0} | EnvNClusters=3
[2026-01-29 13:19:10,218] [INFO] Model initialized on device: cuda:0
[2026-01-29 13:19:10,218] [INFO] [CLIENT INIT] Mode=SH | Sparsity=ON (UsedSparsity=0.2) | Clusters=OFF (UsedClusters=-) | EnvSparsityCfg={'Conv': 0.2, 'Linear': 0.2, 'Bias': 0.0, 'BatchNorm': 0.0} | EnvNClusters=3
[2026-01-29 13:19:10,334] [INFO] Model initialized on device: cuda:0
[2026-01-29 13:19:10,335] [INFO] [CLIENT INIT] Mode=SH | Sparsity=ON (UsedSparsity=0.2) | Clusters=OFF (UsedClusters=-) | EnvSparsityCfg={'Conv': 0.2, 'Linear': 0.2, 'Bias': 0.0, 'BatchNorm': 0.0} | EnvNClusters=3
[2026-01-29 13:19:10,339] [INFO] Model initialized on device: cuda:0
[2026-01-29 13:19:10,339] [INFO] [CLIENT INIT] Mode=SH | Sparsity=ON (UsedSparsity=0.2) | Clusters=OFF (UsedClusters=-) | EnvSparsityCfg={'Conv': 0.2, 'Linear': 0.2, 'Bias': 0.0, 'BatchNorm': 0.0} | EnvNClusters=3
[2026-01-29 13:19:10,419] [INFO] Model initialized on device: cuda:0
[2026-01-29 13:19:10,419] [INFO] [CLIENT INIT] Mode=SH | Sparsity=ON (UsedSparsity=0.2) | Clusters=OFF (UsedClusters=-) | EnvSparsityCfg={'Conv': 0.2, 'Linear': 0.2, 'Bias': 0.0, 'BatchNorm': 0.0} | EnvNClusters=3
[2026-01-29 13:19:10,424] [INFO] Model initialized on device: cuda:0
[2026-01-29 13:19:10,424] [INFO] [CLIENT INIT] Mode=SH | Sparsity=ON (UsedSparsity=0.2) | Clusters=OFF (UsedClusters=-) | EnvSparsityCfg={'Conv': 0.2, 'Linear': 0.2, 'Bias': 0.0, 'BatchNorm': 0.0} | EnvNClusters=3
[2026-01-29 13:19:10,432] [INFO] Model initialized on device: cuda:0
[2026-01-29 13:19:10,432] [INFO] [CLIENT INIT] Mode=SH | Sparsity=ON (UsedSparsity=0.2) | Clusters=OFF (UsedClusters=-) | EnvSparsityCfg={'Conv': 0.2, 'Linear': 0.2, 'Bias': 0.0, 'BatchNorm': 0.0} | EnvNClusters=3
[2026-01-29 13:20:57,020] [INFO] [TRAIN] Epoch 5 Loss: 0.2101
[2026-01-29 13:20:57,024] [INFO] [FIT] Local training finished. Avg Loss: 0.2516
[2026-01-29 13:21:31,722] [INFO] Model initialized on device: cuda:0
[2026-01-29 13:21:31,722] [INFO] [CLIENT INIT] Mode=SH | Sparsity=ON (UsedSparsity=0.2) | Clusters=OFF (UsedClusters=-) | EnvSparsityCfg={'Conv': 0.2, 'Linear': 0.2, 'Bias': 0.0, 'BatchNorm': 0.0} | EnvNClusters=3
[2026-01-29 13:21:34,025] [INFO] Model initialized on device: cuda:0
[2026-01-29 13:21:34,025] [INFO] [CLIENT INIT] Mode=SH | Sparsity=ON (UsedSparsity=0.2) | Clusters=OFF (UsedClusters=-) | EnvSparsityCfg={'Conv': 0.2, 'Linear': 0.2, 'Bias': 0.0, 'BatchNorm': 0.0} | EnvNClusters=3
[2026-01-29 13:21:36,246] [INFO] Model initialized on device: cuda:0
[2026-01-29 13:21:36,246] [INFO] [CLIENT INIT] Mode=SH | Sparsity=ON (UsedSparsity=0.2) | Clusters=OFF (UsedClusters=-) | EnvSparsityCfg={'Conv': 0.2, 'Linear': 0.2, 'Bias': 0.0, 'BatchNorm': 0.0} | EnvNClusters=3
[2026-01-29 13:21:37,034] [INFO] Model initialized on device: cuda:0
[2026-01-29 13:21:37,035] [INFO] [CLIENT INIT] Mode=SH | Sparsity=ON (UsedSparsity=0.2) | Clusters=OFF (UsedClusters=-) | EnvSparsityCfg={'Conv': 0.2, 'Linear': 0.2, 'Bias': 0.0, 'BatchNorm': 0.0} | EnvNClusters=3
[2026-01-29 13:21:41,711] [INFO] Model initialized on device: cuda:0
[2026-01-29 13:21:41,711] [INFO] [CLIENT INIT] Mode=SH | Sparsity=ON (UsedSparsity=0.2) | Clusters=OFF (UsedClusters=-) | EnvSparsityCfg={'Conv': 0.2, 'Linear': 0.2, 'Bias': 0.0, 'BatchNorm': 0.0} | EnvNClusters=3
[2026-01-29 13:21:42,217] [INFO] Model initialized on device: cuda:0
[2026-01-29 13:21:42,217] [INFO] [CLIENT INIT] Mode=SH | Sparsity=ON (UsedSparsity=0.2) | Clusters=OFF (UsedClusters=-) | EnvSparsityCfg={'Conv': 0.2, 'Linear': 0.2, 'Bias': 0.0, 'BatchNorm': 0.0} | EnvNClusters=3
[2026-01-29 13:21:42,342] [INFO] Model initialized on device: cuda:0
[2026-01-29 13:21:42,342] [INFO] [CLIENT INIT] Mode=SH | Sparsity=ON (UsedSparsity=0.2) | Clusters=OFF (UsedClusters=-) | EnvSparsityCfg={'Conv': 0.2, 'Linear': 0.2, 'Bias': 0.0, 'BatchNorm': 0.0} | EnvNClusters=3
[2026-01-29 13:21:42,540] [INFO] Model initialized on device: cuda:0
[2026-01-29 13:21:42,540] [INFO] [CLIENT INIT] Mode=SH | Sparsity=ON (UsedSparsity=0.2) | Clusters=OFF (UsedClusters=-) | EnvSparsityCfg={'Conv': 0.2, 'Linear': 0.2, 'Bias': 0.0, 'BatchNorm': 0.0} | EnvNClusters=3
[2026-01-29 13:21:42,645] [INFO] Model initialized on device: cuda:0
[2026-01-29 13:21:42,646] [INFO] [CLIENT INIT] Mode=SH | Sparsity=ON (UsedSparsity=0.2) | Clusters=OFF (UsedClusters=-) | EnvSparsityCfg={'Conv': 0.2, 'Linear': 0.2, 'Bias': 0.0, 'BatchNorm': 0.0} | EnvNClusters=3
[2026-01-29 13:21:42,647] [INFO] Model initialized on device: cuda:0
[2026-01-29 13:21:42,647] [INFO] [CLIENT INIT] Mode=SH | Sparsity=ON (UsedSparsity=0.2) | Clusters=OFF (UsedClusters=-) | EnvSparsityCfg={'Conv': 0.2, 'Linear': 0.2, 'Bias': 0.0, 'BatchNorm': 0.0} | EnvNClusters=3
[2026-01-29 13:21:48,818] [DEBUG] [TEST] Batch 1 | Pred shape: torch.Size([256, 256, 160]) | Label shape: torch.Size([256, 256, 160])
[2026-01-29 13:21:48,914] [DEBUG] [TEST] Batch 2 | Pred shape: torch.Size([256, 256, 160]) | Label shape: torch.Size([256, 256, 160])
[2026-01-29 13:21:49,011] [DEBUG] [TEST] Batch 3 | Pred shape: torch.Size([256, 256, 160]) | Label shape: torch.Size([256, 256, 160])
[2026-01-29 13:21:49,107] [DEBUG] [TEST] Batch 4 | Pred shape: torch.Size([256, 256, 160]) | Label shape: torch.Size([256, 256, 160])
[2026-01-29 13:21:49,252] [DEBUG] [TEST] Batch 5 | Pred shape: torch.Size([256, 256, 160]) | Label shape: torch.Size([256, 256, 160])
[2026-01-29 13:21:49,438] [DEBUG] [TEST] Batch 6 | Pred shape: torch.Size([256, 256, 160]) | Label shape: torch.Size([256, 256, 160])
[2026-01-29 13:21:49,615] [DEBUG] [TEST] Batch 7 | Pred shape: torch.Size([256, 256, 160]) | Label shape: torch.Size([256, 256, 160])
[2026-01-29 13:21:49,810] [DEBUG] [TEST] Batch 8 | Pred shape: torch.Size([256, 256, 160]) | Label shape: torch.Size([256, 256, 160])
[2026-01-29 13:21:50,112] [DEBUG] [TEST] Batch 9 | Pred shape: torch.Size([256, 256, 160]) | Label shape: torch.Size([256, 256, 160])
[2026-01-29 13:21:50,412] [DEBUG] [TEST] Batch 10 | Pred shape: torch.Size([256, 256, 160]) | Label shape: torch.Size([256, 256, 160])
[2026-01-29 13:21:52,616] [DEBUG] [TEST] Batch 11 | Pred shape: torch.Size([256, 256, 160]) | Label shape: torch.Size([256, 256, 160])
[2026-01-29 13:21:52,709] [DEBUG] [TEST] Batch 12 | Pred shape: torch.Size([256, 256, 160]) | Label shape: torch.Size([256, 256, 160])
[2026-01-29 13:21:52,765] [DEBUG] [TEST] Batch 13 | Pred shape: torch.Size([256, 256, 160]) | Label shape: torch.Size([256, 256, 160])
[2026-01-29 13:21:52,857] [DEBUG] [TEST] Batch 14 | Pred shape: torch.Size([256, 256, 160]) | Label shape: torch.Size([256, 256, 160])
[2026-01-29 13:21:52,947] [DEBUG] [TEST] Batch 15 | Pred shape: torch.Size([256, 256, 160]) | Label shape: torch.Size([256, 256, 160])
[2026-01-29 13:21:53,015] [DEBUG] [TEST] Batch 16 | Pred shape: torch.Size([256, 256, 160]) | Label shape: torch.Size([256, 256, 160])
[2026-01-29 13:21:59,355] [INFO] [FIT] Final model saved to: Revision2/Run_UNET_NonIID_SH20_20260129/Client3/model_final.pth
[2026-01-29 13:22:21,915] [INFO] [COMM][CLIENT] Round=-1 Mode=SH UsedSparsity=0.2 UsedClusters=- BaselineBits=154016352.0 CompressedBits=166307249.8 CR=0.926
[2026-01-29 13:30:14,622] [INFO] [EVALUATE] Starting evaluation...
[2026-01-29 13:30:16,326] [INFO] [DEBUG] Loaded compressed decoded weights.
[2026-01-29 13:31:18,090] [INFO] Model initialized on device: cuda:0
[2026-01-29 13:31:18,091] [INFO] [CLIENT INIT] Mode=SH | Sparsity=ON (UsedSparsity=0.2) | Clusters=OFF (UsedClusters=-) | EnvSparsityCfg={'Conv': 0.2, 'Linear': 0.2, 'Bias': 0.0, 'BatchNorm': 0.0} | EnvNClusters=3
[2026-01-29 13:31:18,587] [INFO] Model initialized on device: cuda:0
[2026-01-29 13:31:18,587] [INFO] [CLIENT INIT] Mode=SH | Sparsity=ON (UsedSparsity=0.2) | Clusters=OFF (UsedClusters=-) | EnvSparsityCfg={'Conv': 0.2, 'Linear': 0.2, 'Bias': 0.0, 'BatchNorm': 0.0} | EnvNClusters=3
[2026-01-29 13:31:19,026] [INFO] Model initialized on device: cuda:0
[2026-01-29 13:31:19,027] [INFO] [CLIENT INIT] Mode=SH | Sparsity=ON (UsedSparsity=0.2) | Clusters=OFF (UsedClusters=-) | EnvSparsityCfg={'Conv': 0.2, 'Linear': 0.2, 'Bias': 0.0, 'BatchNorm': 0.0} | EnvNClusters=3
[2026-01-29 13:31:19,717] [INFO] Model initialized on device: cuda:0
[2026-01-29 13:31:19,717] [INFO] [CLIENT INIT] Mode=SH | Sparsity=ON (UsedSparsity=0.2) | Clusters=OFF (UsedClusters=-) | EnvSparsityCfg={'Conv': 0.2, 'Linear': 0.2, 'Bias': 0.0, 'BatchNorm': 0.0} | EnvNClusters=3
[2026-01-29 13:31:19,727] [INFO] Model initialized on device: cuda:0
[2026-01-29 13:31:19,728] [INFO] [CLIENT INIT] Mode=SH | Sparsity=ON (UsedSparsity=0.2) | Clusters=OFF (UsedClusters=-) | EnvSparsityCfg={'Conv': 0.2, 'Linear': 0.2, 'Bias': 0.0, 'BatchNorm': 0.0} | EnvNClusters=3
[2026-01-29 13:31:19,729] [INFO] Model initialized on device: cuda:0
[2026-01-29 13:31:19,729] [INFO] [CLIENT INIT] Mode=SH | Sparsity=ON (UsedSparsity=0.2) | Clusters=OFF (UsedClusters=-) | EnvSparsityCfg={'Conv': 0.2, 'Linear': 0.2, 'Bias': 0.0, 'BatchNorm': 0.0} | EnvNClusters=3
[2026-01-29 13:31:19,835] [INFO] Model initialized on device: cuda:0
[2026-01-29 13:31:19,835] [INFO] [CLIENT INIT] Mode=SH | Sparsity=ON (UsedSparsity=0.2) | Clusters=OFF (UsedClusters=-) | EnvSparsityCfg={'Conv': 0.2, 'Linear': 0.2, 'Bias': 0.0, 'BatchNorm': 0.0} | EnvNClusters=3
[2026-01-29 13:31:19,911] [INFO] Model initialized on device: cuda:0
[2026-01-29 13:31:19,912] [INFO] [CLIENT INIT] Mode=SH | Sparsity=ON (UsedSparsity=0.2) | Clusters=OFF (UsedClusters=-) | EnvSparsityCfg={'Conv': 0.2, 'Linear': 0.2, 'Bias': 0.0, 'BatchNorm': 0.0} | EnvNClusters=3
[2026-01-29 13:31:19,912] [INFO] Model initialized on device: cuda:0
[2026-01-29 13:31:19,912] [INFO] [CLIENT INIT] Mode=SH | Sparsity=ON (UsedSparsity=0.2) | Clusters=OFF (UsedClusters=-) | EnvSparsityCfg={'Conv': 0.2, 'Linear': 0.2, 'Bias': 0.0, 'BatchNorm': 0.0} | EnvNClusters=3
[2026-01-29 13:31:19,926] [INFO] Model initialized on device: cuda:0
[2026-01-29 13:31:19,926] [INFO] [CLIENT INIT] Mode=SH | Sparsity=ON (UsedSparsity=0.2) | Clusters=OFF (UsedClusters=-) | EnvSparsityCfg={'Conv': 0.2, 'Linear': 0.2, 'Bias': 0.0, 'BatchNorm': 0.0} | EnvNClusters=3
[2026-01-29 13:31:24,620] [DEBUG] [TEST] Batch 1 | Pred shape: torch.Size([256, 256, 160]) | Label shape: torch.Size([256, 256, 160])
[2026-01-29 13:31:28,907] [DEBUG] [TEST] Batch 2 | Pred shape: torch.Size([256, 256, 160]) | Label shape: torch.Size([256, 256, 160])
[2026-01-29 13:31:29,228] [DEBUG] [TEST] Batch 3 | Pred shape: torch.Size([256, 256, 160]) | Label shape: torch.Size([256, 256, 160])
[2026-01-29 13:31:30,213] [DEBUG] [TEST] Batch 4 | Pred shape: torch.Size([256, 256, 160]) | Label shape: torch.Size([256, 256, 160])
[2026-01-29 13:31:30,415] [DEBUG] [TEST] Batch 5 | Pred shape: torch.Size([256, 256, 160]) | Label shape: torch.Size([256, 256, 160])
[2026-01-29 13:31:30,515] [DEBUG] [TEST] Batch 6 | Pred shape: torch.Size([256, 256, 160]) | Label shape: torch.Size([256, 256, 160])
[2026-01-29 13:31:30,724] [DEBUG] [TEST] Batch 7 | Pred shape: torch.Size([256, 256, 160]) | Label shape: torch.Size([256, 256, 160])
[2026-01-29 13:31:30,928] [DEBUG] [TEST] Batch 8 | Pred shape: torch.Size([256, 256, 160]) | Label shape: torch.Size([256, 256, 160])
[2026-01-29 13:31:31,212] [DEBUG] [TEST] Batch 9 | Pred shape: torch.Size([256, 256, 160]) | Label shape: torch.Size([256, 256, 160])
[2026-01-29 13:31:31,511] [DEBUG] [TEST] Batch 10 | Pred shape: torch.Size([256, 256, 160]) | Label shape: torch.Size([256, 256, 160])
[2026-01-29 13:31:31,639] [DEBUG] [TEST] Batch 11 | Pred shape: torch.Size([256, 256, 160]) | Label shape: torch.Size([256, 256, 160])
[2026-01-29 13:31:34,623] [DEBUG] [TEST] Batch 12 | Pred shape: torch.Size([256, 256, 160]) | Label shape: torch.Size([256, 256, 160])
[2026-01-29 13:31:34,832] [DEBUG] [TEST] Batch 13 | Pred shape: torch.Size([256, 256, 160]) | Label shape: torch.Size([256, 256, 160])
[2026-01-29 13:31:35,817] [DEBUG] [TEST] Batch 14 | Pred shape: torch.Size([256, 256, 160]) | Label shape: torch.Size([256, 256, 160])
[2026-01-29 13:31:35,945] [DEBUG] [TEST] Batch 15 | Pred shape: torch.Size([256, 256, 160]) | Label shape: torch.Size([256, 256, 160])
[2026-01-29 13:31:36,228] [DEBUG] [TEST] Batch 16 | Pred shape: torch.Size([256, 256, 160]) | Label shape: torch.Size([256, 256, 160])
[2026-01-29 13:31:43,059] [INFO] [EVALUATE] Dice WT: 0.7122
[2026-01-29 13:31:55,040] [INFO] [FIT] Received parameters. Starting local training...
[2026-01-29 13:31:57,310] [INFO] [DEBUG] Loaded compressed decoded weights.
[2026-01-29 13:33:02,402] [INFO] Model initialized on device: cuda:0
[2026-01-29 13:33:02,402] [INFO] [CLIENT INIT] Mode=SH | Sparsity=ON (UsedSparsity=0.2) | Clusters=OFF (UsedClusters=-) | EnvSparsityCfg={'Conv': 0.2, 'Linear': 0.2, 'Bias': 0.0, 'BatchNorm': 0.0} | EnvNClusters=3
[2026-01-29 13:33:02,847] [INFO] Model initialized on device: cuda:0
[2026-01-29 13:33:02,847] [INFO] [CLIENT INIT] Mode=SH | Sparsity=ON (UsedSparsity=0.2) | Clusters=OFF (UsedClusters=-) | EnvSparsityCfg={'Conv': 0.2, 'Linear': 0.2, 'Bias': 0.0, 'BatchNorm': 0.0} | EnvNClusters=3
[2026-01-29 13:33:03,724] [INFO] Model initialized on device: cuda:0
[2026-01-29 13:33:03,724] [INFO] [CLIENT INIT] Mode=SH | Sparsity=ON (UsedSparsity=0.2) | Clusters=OFF (UsedClusters=-) | EnvSparsityCfg={'Conv': 0.2, 'Linear': 0.2, 'Bias': 0.0, 'BatchNorm': 0.0} | EnvNClusters=3
[2026-01-29 13:33:04,123] [INFO] Model initialized on device: cuda:0
[2026-01-29 13:33:04,124] [INFO] [CLIENT INIT] Mode=SH | Sparsity=ON (UsedSparsity=0.2) | Clusters=OFF (UsedClusters=-) | EnvSparsityCfg={'Conv': 0.2, 'Linear': 0.2, 'Bias': 0.0, 'BatchNorm': 0.0} | EnvNClusters=3
[2026-01-29 13:33:04,132] [INFO] Model initialized on device: cuda:0
[2026-01-29 13:33:04,132] [INFO] [CLIENT INIT] Mode=SH | Sparsity=ON (UsedSparsity=0.2) | Clusters=OFF (UsedClusters=-) | EnvSparsityCfg={'Conv': 0.2, 'Linear': 0.2, 'Bias': 0.0, 'BatchNorm': 0.0} | EnvNClusters=3
[2026-01-29 13:33:04,140] [INFO] Model initialized on device: cuda:0
[2026-01-29 13:33:04,140] [INFO] [CLIENT INIT] Mode=SH | Sparsity=ON (UsedSparsity=0.2) | Clusters=OFF (UsedClusters=-) | EnvSparsityCfg={'Conv': 0.2, 'Linear': 0.2, 'Bias': 0.0, 'BatchNorm': 0.0} | EnvNClusters=3
[2026-01-29 13:33:04,210] [INFO] Model initialized on device: cuda:0
[2026-01-29 13:33:04,210] [INFO] [CLIENT INIT] Mode=SH | Sparsity=ON (UsedSparsity=0.2) | Clusters=OFF (UsedClusters=-) | EnvSparsityCfg={'Conv': 0.2, 'Linear': 0.2, 'Bias': 0.0, 'BatchNorm': 0.0} | EnvNClusters=3
[2026-01-29 13:33:04,245] [INFO] Model initialized on device: cuda:0
[2026-01-29 13:33:04,245] [INFO] [CLIENT INIT] Mode=SH | Sparsity=ON (UsedSparsity=0.2) | Clusters=OFF (UsedClusters=-) | EnvSparsityCfg={'Conv': 0.2, 'Linear': 0.2, 'Bias': 0.0, 'BatchNorm': 0.0} | EnvNClusters=3
[2026-01-29 13:33:04,312] [INFO] Model initialized on device: cuda:0
[2026-01-29 13:33:04,313] [INFO] [CLIENT INIT] Mode=SH | Sparsity=ON (UsedSparsity=0.2) | Clusters=OFF (UsedClusters=-) | EnvSparsityCfg={'Conv': 0.2, 'Linear': 0.2, 'Bias': 0.0, 'BatchNorm': 0.0} | EnvNClusters=3
[2026-01-29 13:33:04,334] [INFO] Model initialized on device: cuda:0
[2026-01-29 13:33:04,335] [INFO] [CLIENT INIT] Mode=SH | Sparsity=ON (UsedSparsity=0.2) | Clusters=OFF (UsedClusters=-) | EnvSparsityCfg={'Conv': 0.2, 'Linear': 0.2, 'Bias': 0.0, 'BatchNorm': 0.0} | EnvNClusters=3
[2026-01-29 13:35:06,821] [INFO] [TRAIN] Epoch 1 Loss: 0.2772
[2026-01-29 13:35:41,518] [INFO] Model initialized on device: cuda:0
[2026-01-29 13:35:41,518] [INFO] [CLIENT INIT] Mode=SH | Sparsity=ON (UsedSparsity=0.2) | Clusters=OFF (UsedClusters=-) | EnvSparsityCfg={'Conv': 0.2, 'Linear': 0.2, 'Bias': 0.0, 'BatchNorm': 0.0} | EnvNClusters=3
[2026-01-29 13:35:44,612] [INFO] Model initialized on device: cuda:0
[2026-01-29 13:35:44,613] [INFO] [CLIENT INIT] Mode=SH | Sparsity=ON (UsedSparsity=0.2) | Clusters=OFF (UsedClusters=-) | EnvSparsityCfg={'Conv': 0.2, 'Linear': 0.2, 'Bias': 0.0, 'BatchNorm': 0.0} | EnvNClusters=3
[2026-01-29 13:35:52,024] [INFO] Model initialized on device: cuda:0
[2026-01-29 13:35:52,024] [INFO] [CLIENT INIT] Mode=SH | Sparsity=ON (UsedSparsity=0.2) | Clusters=OFF (UsedClusters=-) | EnvSparsityCfg={'Conv': 0.2, 'Linear': 0.2, 'Bias': 0.0, 'BatchNorm': 0.0} | EnvNClusters=3
[2026-01-29 13:35:52,309] [INFO] Model initialized on device: cuda:0
[2026-01-29 13:35:52,309] [INFO] [CLIENT INIT] Mode=SH | Sparsity=ON (UsedSparsity=0.2) | Clusters=OFF (UsedClusters=-) | EnvSparsityCfg={'Conv': 0.2, 'Linear': 0.2, 'Bias': 0.0, 'BatchNorm': 0.0} | EnvNClusters=3
[2026-01-29 13:35:52,409] [INFO] Model initialized on device: cuda:0
[2026-01-29 13:35:52,409] [INFO] [CLIENT INIT] Mode=SH | Sparsity=ON (UsedSparsity=0.2) | Clusters=OFF (UsedClusters=-) | EnvSparsityCfg={'Conv': 0.2, 'Linear': 0.2, 'Bias': 0.0, 'BatchNorm': 0.0} | EnvNClusters=3
[2026-01-29 13:35:52,522] [INFO] Model initialized on device: cuda:0
[2026-01-29 13:35:52,522] [INFO] [CLIENT INIT] Mode=SH | Sparsity=ON (UsedSparsity=0.2) | Clusters=OFF (UsedClusters=-) | EnvSparsityCfg={'Conv': 0.2, 'Linear': 0.2, 'Bias': 0.0, 'BatchNorm': 0.0} | EnvNClusters=3
[2026-01-29 13:35:52,529] [INFO] Model initialized on device: cuda:0
[2026-01-29 13:35:52,529] [INFO] [CLIENT INIT] Mode=SH | Sparsity=ON (UsedSparsity=0.2) | Clusters=OFF (UsedClusters=-) | EnvSparsityCfg={'Conv': 0.2, 'Linear': 0.2, 'Bias': 0.0, 'BatchNorm': 0.0} | EnvNClusters=3
[2026-01-29 13:35:52,617] [INFO] Model initialized on device: cuda:0
[2026-01-29 13:35:52,617] [INFO] [CLIENT INIT] Mode=SH | Sparsity=ON (UsedSparsity=0.2) | Clusters=OFF (UsedClusters=-) | EnvSparsityCfg={'Conv': 0.2, 'Linear': 0.2, 'Bias': 0.0, 'BatchNorm': 0.0} | EnvNClusters=3
[2026-01-29 13:35:52,711] [INFO] Model initialized on device: cuda:0
[2026-01-29 13:35:52,711] [INFO] [CLIENT INIT] Mode=SH | Sparsity=ON (UsedSparsity=0.2) | Clusters=OFF (UsedClusters=-) | EnvSparsityCfg={'Conv': 0.2, 'Linear': 0.2, 'Bias': 0.0, 'BatchNorm': 0.0} | EnvNClusters=3
[2026-01-29 13:35:52,716] [INFO] Model initialized on device: cuda:0
[2026-01-29 13:35:52,717] [INFO] [CLIENT INIT] Mode=SH | Sparsity=ON (UsedSparsity=0.2) | Clusters=OFF (UsedClusters=-) | EnvSparsityCfg={'Conv': 0.2, 'Linear': 0.2, 'Bias': 0.0, 'BatchNorm': 0.0} | EnvNClusters=3
[2026-01-29 13:37:45,415] [INFO] [TRAIN] Epoch 2 Loss: 0.2224
[2026-01-29 13:38:24,922] [INFO] Model initialized on device: cuda:0
[2026-01-29 13:38:24,922] [INFO] [CLIENT INIT] Mode=SH | Sparsity=ON (UsedSparsity=0.2) | Clusters=OFF (UsedClusters=-) | EnvSparsityCfg={'Conv': 0.2, 'Linear': 0.2, 'Bias': 0.0, 'BatchNorm': 0.0} | EnvNClusters=3
[2026-01-29 13:38:26,211] [INFO] Model initialized on device: cuda:0
[2026-01-29 13:38:26,211] [INFO] [CLIENT INIT] Mode=SH | Sparsity=ON (UsedSparsity=0.2) | Clusters=OFF (UsedClusters=-) | EnvSparsityCfg={'Conv': 0.2, 'Linear': 0.2, 'Bias': 0.0, 'BatchNorm': 0.0} | EnvNClusters=3
[2026-01-29 13:38:27,050] [INFO] Model initialized on device: cuda:0
[2026-01-29 13:38:27,050] [INFO] [CLIENT INIT] Mode=SH | Sparsity=ON (UsedSparsity=0.2) | Clusters=OFF (UsedClusters=-) | EnvSparsityCfg={'Conv': 0.2, 'Linear': 0.2, 'Bias': 0.0, 'BatchNorm': 0.0} | EnvNClusters=3
[2026-01-29 13:38:27,713] [INFO] Model initialized on device: cuda:0
[2026-01-29 13:38:27,713] [INFO] [CLIENT INIT] Mode=SH | Sparsity=ON (UsedSparsity=0.2) | Clusters=OFF (UsedClusters=-) | EnvSparsityCfg={'Conv': 0.2, 'Linear': 0.2, 'Bias': 0.0, 'BatchNorm': 0.0} | EnvNClusters=3
[2026-01-29 13:38:31,427] [INFO] Model initialized on device: cuda:0
[2026-01-29 13:38:31,427] [INFO] [CLIENT INIT] Mode=SH | Sparsity=ON (UsedSparsity=0.2) | Clusters=OFF (UsedClusters=-) | EnvSparsityCfg={'Conv': 0.2, 'Linear': 0.2, 'Bias': 0.0, 'BatchNorm': 0.0} | EnvNClusters=3
[2026-01-29 13:38:31,436] [INFO] Model initialized on device: cuda:0
[2026-01-29 13:38:31,436] [INFO] [CLIENT INIT] Mode=SH | Sparsity=ON (UsedSparsity=0.2) | Clusters=OFF (UsedClusters=-) | EnvSparsityCfg={'Conv': 0.2, 'Linear': 0.2, 'Bias': 0.0, 'BatchNorm': 0.0} | EnvNClusters=3
[2026-01-29 13:38:31,630] [INFO] Model initialized on device: cuda:0
[2026-01-29 13:38:31,630] [INFO] [CLIENT INIT] Mode=SH | Sparsity=ON (UsedSparsity=0.2) | Clusters=OFF (UsedClusters=-) | EnvSparsityCfg={'Conv': 0.2, 'Linear': 0.2, 'Bias': 0.0, 'BatchNorm': 0.0} | EnvNClusters=3
[2026-01-29 13:38:31,820] [INFO] Model initialized on device: cuda:0
[2026-01-29 13:38:31,820] [INFO] [CLIENT INIT] Mode=SH | Sparsity=ON (UsedSparsity=0.2) | Clusters=OFF (UsedClusters=-) | EnvSparsityCfg={'Conv': 0.2, 'Linear': 0.2, 'Bias': 0.0, 'BatchNorm': 0.0} | EnvNClusters=3
[2026-01-29 13:38:31,834] [INFO] Model initialized on device: cuda:0
[2026-01-29 13:38:31,834] [INFO] [CLIENT INIT] Mode=SH | Sparsity=ON (UsedSparsity=0.2) | Clusters=OFF (UsedClusters=-) | EnvSparsityCfg={'Conv': 0.2, 'Linear': 0.2, 'Bias': 0.0, 'BatchNorm': 0.0} | EnvNClusters=3
[2026-01-29 13:38:32,026] [INFO] Model initialized on device: cuda:0
[2026-01-29 13:38:32,026] [INFO] [CLIENT INIT] Mode=SH | Sparsity=ON (UsedSparsity=0.2) | Clusters=OFF (UsedClusters=-) | EnvSparsityCfg={'Conv': 0.2, 'Linear': 0.2, 'Bias': 0.0, 'BatchNorm': 0.0} | EnvNClusters=3
[2026-01-29 13:40:14,122] [INFO] [TRAIN] Epoch 3 Loss: 0.2252
[2026-01-29 13:41:03,518] [INFO] Model initialized on device: cuda:0
[2026-01-29 13:41:03,519] [INFO] [CLIENT INIT] Mode=SH | Sparsity=ON (UsedSparsity=0.2) | Clusters=OFF (UsedClusters=-) | EnvSparsityCfg={'Conv': 0.2, 'Linear': 0.2, 'Bias': 0.0, 'BatchNorm': 0.0} | EnvNClusters=3
[2026-01-29 13:41:03,522] [INFO] Model initialized on device: cuda:0
[2026-01-29 13:41:03,523] [INFO] [CLIENT INIT] Mode=SH | Sparsity=ON (UsedSparsity=0.2) | Clusters=OFF (UsedClusters=-) | EnvSparsityCfg={'Conv': 0.2, 'Linear': 0.2, 'Bias': 0.0, 'BatchNorm': 0.0} | EnvNClusters=3
[2026-01-29 13:41:03,710] [INFO] Model initialized on device: cuda:0
[2026-01-29 13:41:03,710] [INFO] [CLIENT INIT] Mode=SH | Sparsity=ON (UsedSparsity=0.2) | Clusters=OFF (UsedClusters=-) | EnvSparsityCfg={'Conv': 0.2, 'Linear': 0.2, 'Bias': 0.0, 'BatchNorm': 0.0} | EnvNClusters=3
[2026-01-29 13:41:03,732] [INFO] Model initialized on device: cuda:0
[2026-01-29 13:41:03,733] [INFO] [CLIENT INIT] Mode=SH | Sparsity=ON (UsedSparsity=0.2) | Clusters=OFF (UsedClusters=-) | EnvSparsityCfg={'Conv': 0.2, 'Linear': 0.2, 'Bias': 0.0, 'BatchNorm': 0.0} | EnvNClusters=3
[2026-01-29 13:41:03,809] [INFO] Model initialized on device: cuda:0
[2026-01-29 13:41:03,809] [INFO] [CLIENT INIT] Mode=SH | Sparsity=ON (UsedSparsity=0.2) | Clusters=OFF (UsedClusters=-) | EnvSparsityCfg={'Conv': 0.2, 'Linear': 0.2, 'Bias': 0.0, 'BatchNorm': 0.0} | EnvNClusters=3
[2026-01-29 13:41:03,822] [INFO] Model initialized on device: cuda:0
[2026-01-29 13:41:03,822] [INFO] [CLIENT INIT] Mode=SH | Sparsity=ON (UsedSparsity=0.2) | Clusters=OFF (UsedClusters=-) | EnvSparsityCfg={'Conv': 0.2, 'Linear': 0.2, 'Bias': 0.0, 'BatchNorm': 0.0} | EnvNClusters=3
[2026-01-29 13:41:03,837] [INFO] Model initialized on device: cuda:0
[2026-01-29 13:41:03,837] [INFO] [CLIENT INIT] Mode=SH | Sparsity=ON (UsedSparsity=0.2) | Clusters=OFF (UsedClusters=-) | EnvSparsityCfg={'Conv': 0.2, 'Linear': 0.2, 'Bias': 0.0, 'BatchNorm': 0.0} | EnvNClusters=3
[2026-01-29 13:41:03,838] [INFO] Model initialized on device: cuda:0
[2026-01-29 13:41:03,838] [INFO] [CLIENT INIT] Mode=SH | Sparsity=ON (UsedSparsity=0.2) | Clusters=OFF (UsedClusters=-) | EnvSparsityCfg={'Conv': 0.2, 'Linear': 0.2, 'Bias': 0.0, 'BatchNorm': 0.0} | EnvNClusters=3
[2026-01-29 13:41:03,839] [INFO] Model initialized on device: cuda:0
[2026-01-29 13:41:03,839] [INFO] [CLIENT INIT] Mode=SH | Sparsity=ON (UsedSparsity=0.2) | Clusters=OFF (UsedClusters=-) | EnvSparsityCfg={'Conv': 0.2, 'Linear': 0.2, 'Bias': 0.0, 'BatchNorm': 0.0} | EnvNClusters=3
[2026-01-29 13:41:03,839] [INFO] Model initialized on device: cuda:0
[2026-01-29 13:41:03,839] [INFO] [CLIENT INIT] Mode=SH | Sparsity=ON (UsedSparsity=0.2) | Clusters=OFF (UsedClusters=-) | EnvSparsityCfg={'Conv': 0.2, 'Linear': 0.2, 'Bias': 0.0, 'BatchNorm': 0.0} | EnvNClusters=3
[2026-01-29 13:42:50,120] [INFO] [TRAIN] Epoch 4 Loss: 0.1953
[2026-01-29 13:43:38,910] [INFO] Model initialized on device: cuda:0
[2026-01-29 13:43:38,910] [INFO] [CLIENT INIT] Mode=SH | Sparsity=ON (UsedSparsity=0.2) | Clusters=OFF (UsedClusters=-) | EnvSparsityCfg={'Conv': 0.2, 'Linear': 0.2, 'Bias': 0.0, 'BatchNorm': 0.0} | EnvNClusters=3
[2026-01-29 13:43:39,315] [INFO] Model initialized on device: cuda:0
[2026-01-29 13:43:39,316] [INFO] [CLIENT INIT] Mode=SH | Sparsity=ON (UsedSparsity=0.2) | Clusters=OFF (UsedClusters=-) | EnvSparsityCfg={'Conv': 0.2, 'Linear': 0.2, 'Bias': 0.0, 'BatchNorm': 0.0} | EnvNClusters=3
[2026-01-29 13:43:39,432] [INFO] Model initialized on device: cuda:0
[2026-01-29 13:43:39,432] [INFO] [CLIENT INIT] Mode=SH | Sparsity=ON (UsedSparsity=0.2) | Clusters=OFF (UsedClusters=-) | EnvSparsityCfg={'Conv': 0.2, 'Linear': 0.2, 'Bias': 0.0, 'BatchNorm': 0.0} | EnvNClusters=3
[2026-01-29 13:43:39,437] [INFO] Model initialized on device: cuda:0
[2026-01-29 13:43:39,437] [INFO] [CLIENT INIT] Mode=SH | Sparsity=ON (UsedSparsity=0.2) | Clusters=OFF (UsedClusters=-) | EnvSparsityCfg={'Conv': 0.2, 'Linear': 0.2, 'Bias': 0.0, 'BatchNorm': 0.0} | EnvNClusters=3
[2026-01-29 13:43:39,513] [INFO] Model initialized on device: cuda:0
[2026-01-29 13:43:39,513] [INFO] [CLIENT INIT] Mode=SH | Sparsity=ON (UsedSparsity=0.2) | Clusters=OFF (UsedClusters=-) | EnvSparsityCfg={'Conv': 0.2, 'Linear': 0.2, 'Bias': 0.0, 'BatchNorm': 0.0} | EnvNClusters=3
[2026-01-29 13:43:39,537] [INFO] Model initialized on device: cuda:0
[2026-01-29 13:43:39,538] [INFO] [CLIENT INIT] Mode=SH | Sparsity=ON (UsedSparsity=0.2) | Clusters=OFF (UsedClusters=-) | EnvSparsityCfg={'Conv': 0.2, 'Linear': 0.2, 'Bias': 0.0, 'BatchNorm': 0.0} | EnvNClusters=3
[2026-01-29 13:43:39,544] [INFO] Model initialized on device: cuda:0
[2026-01-29 13:43:39,544] [INFO] [CLIENT INIT] Mode=SH | Sparsity=ON (UsedSparsity=0.2) | Clusters=OFF (UsedClusters=-) | EnvSparsityCfg={'Conv': 0.2, 'Linear': 0.2, 'Bias': 0.0, 'BatchNorm': 0.0} | EnvNClusters=3
[2026-01-29 13:43:39,608] [INFO] Model initialized on device: cuda:0
[2026-01-29 13:43:39,608] [INFO] [CLIENT INIT] Mode=SH | Sparsity=ON (UsedSparsity=0.2) | Clusters=OFF (UsedClusters=-) | EnvSparsityCfg={'Conv': 0.2, 'Linear': 0.2, 'Bias': 0.0, 'BatchNorm': 0.0} | EnvNClusters=3
[2026-01-29 13:43:39,609] [INFO] Model initialized on device: cuda:0
[2026-01-29 13:43:39,609] [INFO] [CLIENT INIT] Mode=SH | Sparsity=ON (UsedSparsity=0.2) | Clusters=OFF (UsedClusters=-) | EnvSparsityCfg={'Conv': 0.2, 'Linear': 0.2, 'Bias': 0.0, 'BatchNorm': 0.0} | EnvNClusters=3
[2026-01-29 13:43:39,620] [INFO] Model initialized on device: cuda:0
[2026-01-29 13:43:39,620] [INFO] [CLIENT INIT] Mode=SH | Sparsity=ON (UsedSparsity=0.2) | Clusters=OFF (UsedClusters=-) | EnvSparsityCfg={'Conv': 0.2, 'Linear': 0.2, 'Bias': 0.0, 'BatchNorm': 0.0} | EnvNClusters=3
[2026-01-29 13:45:14,430] [INFO] [TRAIN] Epoch 5 Loss: 0.1972
[2026-01-29 13:45:14,431] [INFO] [FIT] Local training finished. Avg Loss: 0.2235
[2026-01-29 13:45:47,916] [INFO] Model initialized on device: cuda:0
[2026-01-29 13:45:47,916] [INFO] [CLIENT INIT] Mode=SH | Sparsity=ON (UsedSparsity=0.2) | Clusters=OFF (UsedClusters=-) | EnvSparsityCfg={'Conv': 0.2, 'Linear': 0.2, 'Bias': 0.0, 'BatchNorm': 0.0} | EnvNClusters=3
[2026-01-29 13:45:48,043] [INFO] Model initialized on device: cuda:0
[2026-01-29 13:45:48,043] [INFO] [CLIENT INIT] Mode=SH | Sparsity=ON (UsedSparsity=0.2) | Clusters=OFF (UsedClusters=-) | EnvSparsityCfg={'Conv': 0.2, 'Linear': 0.2, 'Bias': 0.0, 'BatchNorm': 0.0} | EnvNClusters=3
[2026-01-29 13:45:48,414] [INFO] Model initialized on device: cuda:0
[2026-01-29 13:45:48,414] [INFO] [CLIENT INIT] Mode=SH | Sparsity=ON (UsedSparsity=0.2) | Clusters=OFF (UsedClusters=-) | EnvSparsityCfg={'Conv': 0.2, 'Linear': 0.2, 'Bias': 0.0, 'BatchNorm': 0.0} | EnvNClusters=3
[2026-01-29 13:45:48,429] [INFO] Model initialized on device: cuda:0
[2026-01-29 13:45:48,429] [INFO] [CLIENT INIT] Mode=SH | Sparsity=ON (UsedSparsity=0.2) | Clusters=OFF (UsedClusters=-) | EnvSparsityCfg={'Conv': 0.2, 'Linear': 0.2, 'Bias': 0.0, 'BatchNorm': 0.0} | EnvNClusters=3
[2026-01-29 13:45:48,433] [INFO] Model initialized on device: cuda:0
[2026-01-29 13:45:48,433] [INFO] [CLIENT INIT] Mode=SH | Sparsity=ON (UsedSparsity=0.2) | Clusters=OFF (UsedClusters=-) | EnvSparsityCfg={'Conv': 0.2, 'Linear': 0.2, 'Bias': 0.0, 'BatchNorm': 0.0} | EnvNClusters=3
[2026-01-29 13:45:48,635] [INFO] Model initialized on device: cuda:0
[2026-01-29 13:45:48,635] [INFO] [CLIENT INIT] Mode=SH | Sparsity=ON (UsedSparsity=0.2) | Clusters=OFF (UsedClusters=-) | EnvSparsityCfg={'Conv': 0.2, 'Linear': 0.2, 'Bias': 0.0, 'BatchNorm': 0.0} | EnvNClusters=3
[2026-01-29 13:45:48,929] [INFO] Model initialized on device: cuda:0
[2026-01-29 13:45:48,930] [INFO] [CLIENT INIT] Mode=SH | Sparsity=ON (UsedSparsity=0.2) | Clusters=OFF (UsedClusters=-) | EnvSparsityCfg={'Conv': 0.2, 'Linear': 0.2, 'Bias': 0.0, 'BatchNorm': 0.0} | EnvNClusters=3
[2026-01-29 13:45:49,320] [INFO] Model initialized on device: cuda:0
[2026-01-29 13:45:49,320] [INFO] [CLIENT INIT] Mode=SH | Sparsity=ON (UsedSparsity=0.2) | Clusters=OFF (UsedClusters=-) | EnvSparsityCfg={'Conv': 0.2, 'Linear': 0.2, 'Bias': 0.0, 'BatchNorm': 0.0} | EnvNClusters=3
[2026-01-29 13:45:49,327] [INFO] Model initialized on device: cuda:0
[2026-01-29 13:45:49,327] [INFO] [CLIENT INIT] Mode=SH | Sparsity=ON (UsedSparsity=0.2) | Clusters=OFF (UsedClusters=-) | EnvSparsityCfg={'Conv': 0.2, 'Linear': 0.2, 'Bias': 0.0, 'BatchNorm': 0.0} | EnvNClusters=3
[2026-01-29 13:45:49,425] [INFO] Model initialized on device: cuda:0
[2026-01-29 13:45:49,426] [INFO] [CLIENT INIT] Mode=SH | Sparsity=ON (UsedSparsity=0.2) | Clusters=OFF (UsedClusters=-) | EnvSparsityCfg={'Conv': 0.2, 'Linear': 0.2, 'Bias': 0.0, 'BatchNorm': 0.0} | EnvNClusters=3
[2026-01-29 13:45:55,325] [DEBUG] [TEST] Batch 1 | Pred shape: torch.Size([256, 256, 160]) | Label shape: torch.Size([256, 256, 160])
[2026-01-29 13:45:55,445] [DEBUG] [TEST] Batch 2 | Pred shape: torch.Size([256, 256, 160]) | Label shape: torch.Size([256, 256, 160])
[2026-01-29 13:45:56,323] [DEBUG] [TEST] Batch 3 | Pred shape: torch.Size([256, 256, 160]) | Label shape: torch.Size([256, 256, 160])
[2026-01-29 13:45:56,421] [DEBUG] [TEST] Batch 4 | Pred shape: torch.Size([256, 256, 160]) | Label shape: torch.Size([256, 256, 160])
[2026-01-29 13:45:56,515] [DEBUG] [TEST] Batch 5 | Pred shape: torch.Size([256, 256, 160]) | Label shape: torch.Size([256, 256, 160])
[2026-01-29 13:45:56,711] [DEBUG] [TEST] Batch 6 | Pred shape: torch.Size([256, 256, 160]) | Label shape: torch.Size([256, 256, 160])
[2026-01-29 13:45:56,816] [DEBUG] [TEST] Batch 7 | Pred shape: torch.Size([256, 256, 160]) | Label shape: torch.Size([256, 256, 160])
[2026-01-29 13:45:56,916] [DEBUG] [TEST] Batch 8 | Pred shape: torch.Size([256, 256, 160]) | Label shape: torch.Size([256, 256, 160])
[2026-01-29 13:45:57,015] [DEBUG] [TEST] Batch 9 | Pred shape: torch.Size([256, 256, 160]) | Label shape: torch.Size([256, 256, 160])
[2026-01-29 13:45:57,115] [DEBUG] [TEST] Batch 10 | Pred shape: torch.Size([256, 256, 160]) | Label shape: torch.Size([256, 256, 160])
[2026-01-29 13:45:59,457] [DEBUG] [TEST] Batch 11 | Pred shape: torch.Size([256, 256, 160]) | Label shape: torch.Size([256, 256, 160])
[2026-01-29 13:46:00,260] [DEBUG] [TEST] Batch 12 | Pred shape: torch.Size([256, 256, 160]) | Label shape: torch.Size([256, 256, 160])
[2026-01-29 13:46:00,357] [DEBUG] [TEST] Batch 13 | Pred shape: torch.Size([256, 256, 160]) | Label shape: torch.Size([256, 256, 160])
[2026-01-29 13:46:00,421] [DEBUG] [TEST] Batch 14 | Pred shape: torch.Size([256, 256, 160]) | Label shape: torch.Size([256, 256, 160])
[2026-01-29 13:46:00,511] [DEBUG] [TEST] Batch 15 | Pred shape: torch.Size([256, 256, 160]) | Label shape: torch.Size([256, 256, 160])
[2026-01-29 13:46:00,613] [DEBUG] [TEST] Batch 16 | Pred shape: torch.Size([256, 256, 160]) | Label shape: torch.Size([256, 256, 160])
[2026-01-29 13:46:06,380] [INFO] [FIT] Final model saved to: Revision2/Run_UNET_NonIID_SH20_20260129/Client3/model_final.pth
[2026-01-29 13:46:24,644] [INFO] [COMM][CLIENT] Round=-1 Mode=SH UsedSparsity=0.2 UsedClusters=- BaselineBits=154016352.0 CompressedBits=165969062.2 CR=0.928
[2026-01-29 13:54:38,406] [INFO] [EVALUATE] Starting evaluation...
[2026-01-29 13:54:39,626] [INFO] [DEBUG] Loaded compressed decoded weights.
[2026-01-29 13:55:50,017] [INFO] Model initialized on device: cuda:0
[2026-01-29 13:55:50,017] [INFO] [CLIENT INIT] Mode=SH | Sparsity=ON (UsedSparsity=0.2) | Clusters=OFF (UsedClusters=-) | EnvSparsityCfg={'Conv': 0.2, 'Linear': 0.2, 'Bias': 0.0, 'BatchNorm': 0.0} | EnvNClusters=3
[2026-01-29 13:55:50,034] [INFO] Model initialized on device: cuda:0
[2026-01-29 13:55:50,034] [INFO] [CLIENT INIT] Mode=SH | Sparsity=ON (UsedSparsity=0.2) | Clusters=OFF (UsedClusters=-) | EnvSparsityCfg={'Conv': 0.2, 'Linear': 0.2, 'Bias': 0.0, 'BatchNorm': 0.0} | EnvNClusters=3
[2026-01-29 13:55:50,341] [INFO] Model initialized on device: cuda:0
[2026-01-29 13:55:50,341] [INFO] [CLIENT INIT] Mode=SH | Sparsity=ON (UsedSparsity=0.2) | Clusters=OFF (UsedClusters=-) | EnvSparsityCfg={'Conv': 0.2, 'Linear': 0.2, 'Bias': 0.0, 'BatchNorm': 0.0} | EnvNClusters=3
[2026-01-29 13:55:50,713] [INFO] Model initialized on device: cuda:0
[2026-01-29 13:55:50,713] [INFO] [CLIENT INIT] Mode=SH | Sparsity=ON (UsedSparsity=0.2) | Clusters=OFF (UsedClusters=-) | EnvSparsityCfg={'Conv': 0.2, 'Linear': 0.2, 'Bias': 0.0, 'BatchNorm': 0.0} | EnvNClusters=3
[2026-01-29 13:55:50,722] [INFO] Model initialized on device: cuda:0
[2026-01-29 13:55:50,722] [INFO] [CLIENT INIT] Mode=SH | Sparsity=ON (UsedSparsity=0.2) | Clusters=OFF (UsedClusters=-) | EnvSparsityCfg={'Conv': 0.2, 'Linear': 0.2, 'Bias': 0.0, 'BatchNorm': 0.0} | EnvNClusters=3
[2026-01-29 13:55:50,726] [INFO] Model initialized on device: cuda:0
[2026-01-29 13:55:50,726] [INFO] [CLIENT INIT] Mode=SH | Sparsity=ON (UsedSparsity=0.2) | Clusters=OFF (UsedClusters=-) | EnvSparsityCfg={'Conv': 0.2, 'Linear': 0.2, 'Bias': 0.0, 'BatchNorm': 0.0} | EnvNClusters=3
[2026-01-29 13:55:50,744] [INFO] Model initialized on device: cuda:0
[2026-01-29 13:55:50,744] [INFO] [CLIENT INIT] Mode=SH | Sparsity=ON (UsedSparsity=0.2) | Clusters=OFF (UsedClusters=-) | EnvSparsityCfg={'Conv': 0.2, 'Linear': 0.2, 'Bias': 0.0, 'BatchNorm': 0.0} | EnvNClusters=3
[2026-01-29 13:55:51,013] [INFO] Model initialized on device: cuda:0
[2026-01-29 13:55:51,013] [INFO] [CLIENT INIT] Mode=SH | Sparsity=ON (UsedSparsity=0.2) | Clusters=OFF (UsedClusters=-) | EnvSparsityCfg={'Conv': 0.2, 'Linear': 0.2, 'Bias': 0.0, 'BatchNorm': 0.0} | EnvNClusters=3
[2026-01-29 13:55:51,016] [INFO] Model initialized on device: cuda:0
[2026-01-29 13:55:51,017] [INFO] [CLIENT INIT] Mode=SH | Sparsity=ON (UsedSparsity=0.2) | Clusters=OFF (UsedClusters=-) | EnvSparsityCfg={'Conv': 0.2, 'Linear': 0.2, 'Bias': 0.0, 'BatchNorm': 0.0} | EnvNClusters=3
[2026-01-29 13:55:51,042] [INFO] Model initialized on device: cuda:0
[2026-01-29 13:55:51,042] [INFO] [CLIENT INIT] Mode=SH | Sparsity=ON (UsedSparsity=0.2) | Clusters=OFF (UsedClusters=-) | EnvSparsityCfg={'Conv': 0.2, 'Linear': 0.2, 'Bias': 0.0, 'BatchNorm': 0.0} | EnvNClusters=3
[2026-01-29 13:56:00,130] [DEBUG] [TEST] Batch 1 | Pred shape: torch.Size([256, 256, 160]) | Label shape: torch.Size([256, 256, 160])
[2026-01-29 13:56:00,329] [DEBUG] [TEST] Batch 2 | Pred shape: torch.Size([256, 256, 160]) | Label shape: torch.Size([256, 256, 160])
[2026-01-29 13:56:00,627] [DEBUG] [TEST] Batch 3 | Pred shape: torch.Size([256, 256, 160]) | Label shape: torch.Size([256, 256, 160])
[2026-01-29 13:56:00,819] [DEBUG] [TEST] Batch 4 | Pred shape: torch.Size([256, 256, 160]) | Label shape: torch.Size([256, 256, 160])
[2026-01-29 13:56:01,018] [DEBUG] [TEST] Batch 5 | Pred shape: torch.Size([256, 256, 160]) | Label shape: torch.Size([256, 256, 160])
[2026-01-29 13:56:01,129] [DEBUG] [TEST] Batch 6 | Pred shape: torch.Size([256, 256, 160]) | Label shape: torch.Size([256, 256, 160])
[2026-01-29 13:56:01,220] [DEBUG] [TEST] Batch 7 | Pred shape: torch.Size([256, 256, 160]) | Label shape: torch.Size([256, 256, 160])
[2026-01-29 13:56:01,352] [DEBUG] [TEST] Batch 8 | Pred shape: torch.Size([256, 256, 160]) | Label shape: torch.Size([256, 256, 160])
[2026-01-29 13:56:01,517] [DEBUG] [TEST] Batch 9 | Pred shape: torch.Size([256, 256, 160]) | Label shape: torch.Size([256, 256, 160])
[2026-01-29 13:56:01,636] [DEBUG] [TEST] Batch 10 | Pred shape: torch.Size([256, 256, 160]) | Label shape: torch.Size([256, 256, 160])
[2026-01-29 13:56:04,027] [DEBUG] [TEST] Batch 11 | Pred shape: torch.Size([256, 256, 160]) | Label shape: torch.Size([256, 256, 160])
[2026-01-29 13:56:04,134] [DEBUG] [TEST] Batch 12 | Pred shape: torch.Size([256, 256, 160]) | Label shape: torch.Size([256, 256, 160])
[2026-01-29 13:56:04,224] [DEBUG] [TEST] Batch 13 | Pred shape: torch.Size([256, 256, 160]) | Label shape: torch.Size([256, 256, 160])
[2026-01-29 13:56:04,320] [DEBUG] [TEST] Batch 14 | Pred shape: torch.Size([256, 256, 160]) | Label shape: torch.Size([256, 256, 160])
[2026-01-29 13:56:04,419] [DEBUG] [TEST] Batch 15 | Pred shape: torch.Size([256, 256, 160]) | Label shape: torch.Size([256, 256, 160])
[2026-01-29 13:56:05,623] [DEBUG] [TEST] Batch 16 | Pred shape: torch.Size([256, 256, 160]) | Label shape: torch.Size([256, 256, 160])
[2026-01-29 13:56:12,667] [INFO] [EVALUATE] Dice WT: 0.5833
[2026-01-29 13:56:26,317] [INFO] [FIT] Received parameters. Starting local training...
[2026-01-29 13:56:28,010] [INFO] [DEBUG] Loaded compressed decoded weights.
[2026-01-29 13:57:33,075] [INFO] Model initialized on device: cuda:0
[2026-01-29 13:57:33,075] [INFO] [CLIENT INIT] Mode=SH | Sparsity=ON (UsedSparsity=0.2) | Clusters=OFF (UsedClusters=-) | EnvSparsityCfg={'Conv': 0.2, 'Linear': 0.2, 'Bias': 0.0, 'BatchNorm': 0.0} | EnvNClusters=3
[2026-01-29 13:57:33,075] [INFO] Model initialized on device: cuda:0
[2026-01-29 13:57:33,075] [INFO] [CLIENT INIT] Mode=SH | Sparsity=ON (UsedSparsity=0.2) | Clusters=OFF (UsedClusters=-) | EnvSparsityCfg={'Conv': 0.2, 'Linear': 0.2, 'Bias': 0.0, 'BatchNorm': 0.0} | EnvNClusters=3
[2026-01-29 13:57:33,830] [INFO] Model initialized on device: cuda:0
[2026-01-29 13:57:33,830] [INFO] [CLIENT INIT] Mode=SH | Sparsity=ON (UsedSparsity=0.2) | Clusters=OFF (UsedClusters=-) | EnvSparsityCfg={'Conv': 0.2, 'Linear': 0.2, 'Bias': 0.0, 'BatchNorm': 0.0} | EnvNClusters=3
[2026-01-29 13:57:33,929] [INFO] Model initialized on device: cuda:0
[2026-01-29 13:57:33,929] [INFO] [CLIENT INIT] Mode=SH | Sparsity=ON (UsedSparsity=0.2) | Clusters=OFF (UsedClusters=-) | EnvSparsityCfg={'Conv': 0.2, 'Linear': 0.2, 'Bias': 0.0, 'BatchNorm': 0.0} | EnvNClusters=3
[2026-01-29 13:57:34,242] [INFO] Model initialized on device: cuda:0
[2026-01-29 13:57:34,242] [INFO] [CLIENT INIT] Mode=SH | Sparsity=ON (UsedSparsity=0.2) | Clusters=OFF (UsedClusters=-) | EnvSparsityCfg={'Conv': 0.2, 'Linear': 0.2, 'Bias': 0.0, 'BatchNorm': 0.0} | EnvNClusters=3
[2026-01-29 13:57:34,317] [INFO] Model initialized on device: cuda:0
[2026-01-29 13:57:34,317] [INFO] [CLIENT INIT] Mode=SH | Sparsity=ON (UsedSparsity=0.2) | Clusters=OFF (UsedClusters=-) | EnvSparsityCfg={'Conv': 0.2, 'Linear': 0.2, 'Bias': 0.0, 'BatchNorm': 0.0} | EnvNClusters=3
[2026-01-29 13:57:34,332] [INFO] Model initialized on device: cuda:0
[2026-01-29 13:57:34,332] [INFO] [CLIENT INIT] Mode=SH | Sparsity=ON (UsedSparsity=0.2) | Clusters=OFF (UsedClusters=-) | EnvSparsityCfg={'Conv': 0.2, 'Linear': 0.2, 'Bias': 0.0, 'BatchNorm': 0.0} | EnvNClusters=3
[2026-01-29 13:57:34,335] [INFO] Model initialized on device: cuda:0
[2026-01-29 13:57:34,335] [INFO] [CLIENT INIT] Mode=SH | Sparsity=ON (UsedSparsity=0.2) | Clusters=OFF (UsedClusters=-) | EnvSparsityCfg={'Conv': 0.2, 'Linear': 0.2, 'Bias': 0.0, 'BatchNorm': 0.0} | EnvNClusters=3
[2026-01-29 13:57:34,336] [INFO] Model initialized on device: cuda:0
[2026-01-29 13:57:34,336] [INFO] [CLIENT INIT] Mode=SH | Sparsity=ON (UsedSparsity=0.2) | Clusters=OFF (UsedClusters=-) | EnvSparsityCfg={'Conv': 0.2, 'Linear': 0.2, 'Bias': 0.0, 'BatchNorm': 0.0} | EnvNClusters=3
[2026-01-29 13:57:34,337] [INFO] Model initialized on device: cuda:0
[2026-01-29 13:57:34,338] [INFO] [CLIENT INIT] Mode=SH | Sparsity=ON (UsedSparsity=0.2) | Clusters=OFF (UsedClusters=-) | EnvSparsityCfg={'Conv': 0.2, 'Linear': 0.2, 'Bias': 0.0, 'BatchNorm': 0.0} | EnvNClusters=3
[2026-01-29 13:59:31,850] [INFO] [TRAIN] Epoch 1 Loss: 0.2462
[2026-01-29 14:00:11,126] [INFO] Model initialized on device: cuda:0
[2026-01-29 14:00:11,126] [INFO] [CLIENT INIT] Mode=SH | Sparsity=ON (UsedSparsity=0.2) | Clusters=OFF (UsedClusters=-) | EnvSparsityCfg={'Conv': 0.2, 'Linear': 0.2, 'Bias': 0.0, 'BatchNorm': 0.0} | EnvNClusters=3
[2026-01-29 14:00:20,230] [INFO] Model initialized on device: cuda:0
[2026-01-29 14:00:20,230] [INFO] [CLIENT INIT] Mode=SH | Sparsity=ON (UsedSparsity=0.2) | Clusters=OFF (UsedClusters=-) | EnvSparsityCfg={'Conv': 0.2, 'Linear': 0.2, 'Bias': 0.0, 'BatchNorm': 0.0} | EnvNClusters=3
[2026-01-29 14:00:20,515] [INFO] Model initialized on device: cuda:0
[2026-01-29 14:00:20,518] [INFO] [CLIENT INIT] Mode=SH | Sparsity=ON (UsedSparsity=0.2) | Clusters=OFF (UsedClusters=-) | EnvSparsityCfg={'Conv': 0.2, 'Linear': 0.2, 'Bias': 0.0, 'BatchNorm': 0.0} | EnvNClusters=3
[2026-01-29 14:00:20,531] [INFO] Model initialized on device: cuda:0
[2026-01-29 14:00:20,531] [INFO] [CLIENT INIT] Mode=SH | Sparsity=ON (UsedSparsity=0.2) | Clusters=OFF (UsedClusters=-) | EnvSparsityCfg={'Conv': 0.2, 'Linear': 0.2, 'Bias': 0.0, 'BatchNorm': 0.0} | EnvNClusters=3
[2026-01-29 14:00:20,617] [INFO] Model initialized on device: cuda:0
[2026-01-29 14:00:20,617] [INFO] [CLIENT INIT] Mode=SH | Sparsity=ON (UsedSparsity=0.2) | Clusters=OFF (UsedClusters=-) | EnvSparsityCfg={'Conv': 0.2, 'Linear': 0.2, 'Bias': 0.0, 'BatchNorm': 0.0} | EnvNClusters=3
[2026-01-29 14:00:20,623] [INFO] Model initialized on device: cuda:0
[2026-01-29 14:00:20,623] [INFO] [CLIENT INIT] Mode=SH | Sparsity=ON (UsedSparsity=0.2) | Clusters=OFF (UsedClusters=-) | EnvSparsityCfg={'Conv': 0.2, 'Linear': 0.2, 'Bias': 0.0, 'BatchNorm': 0.0} | EnvNClusters=3
[2026-01-29 14:00:20,626] [INFO] Model initialized on device: cuda:0
[2026-01-29 14:00:20,626] [INFO] [CLIENT INIT] Mode=SH | Sparsity=ON (UsedSparsity=0.2) | Clusters=OFF (UsedClusters=-) | EnvSparsityCfg={'Conv': 0.2, 'Linear': 0.2, 'Bias': 0.0, 'BatchNorm': 0.0} | EnvNClusters=3
[2026-01-29 14:00:20,629] [INFO] Model initialized on device: cuda:0
[2026-01-29 14:00:20,630] [INFO] [CLIENT INIT] Mode=SH | Sparsity=ON (UsedSparsity=0.2) | Clusters=OFF (UsedClusters=-) | EnvSparsityCfg={'Conv': 0.2, 'Linear': 0.2, 'Bias': 0.0, 'BatchNorm': 0.0} | EnvNClusters=3
[2026-01-29 14:00:20,710] [INFO] Model initialized on device: cuda:0
[2026-01-29 14:00:20,710] [INFO] [CLIENT INIT] Mode=SH | Sparsity=ON (UsedSparsity=0.2) | Clusters=OFF (UsedClusters=-) | EnvSparsityCfg={'Conv': 0.2, 'Linear': 0.2, 'Bias': 0.0, 'BatchNorm': 0.0} | EnvNClusters=3
[2026-01-29 14:00:20,809] [INFO] Model initialized on device: cuda:0
[2026-01-29 14:00:20,809] [INFO] [CLIENT INIT] Mode=SH | Sparsity=ON (UsedSparsity=0.2) | Clusters=OFF (UsedClusters=-) | EnvSparsityCfg={'Conv': 0.2, 'Linear': 0.2, 'Bias': 0.0, 'BatchNorm': 0.0} | EnvNClusters=3
[2026-01-29 14:02:11,011] [INFO] [TRAIN] Epoch 2 Loss: 0.2019
[2026-01-29 14:02:44,117] [INFO] Model initialized on device: cuda:0
[2026-01-29 14:02:44,117] [INFO] [CLIENT INIT] Mode=SH | Sparsity=ON (UsedSparsity=0.2) | Clusters=OFF (UsedClusters=-) | EnvSparsityCfg={'Conv': 0.2, 'Linear': 0.2, 'Bias': 0.0, 'BatchNorm': 0.0} | EnvNClusters=3
[2026-01-29 14:02:45,819] [INFO] Model initialized on device: cuda:0
[2026-01-29 14:02:45,819] [INFO] [CLIENT INIT] Mode=SH | Sparsity=ON (UsedSparsity=0.2) | Clusters=OFF (UsedClusters=-) | EnvSparsityCfg={'Conv': 0.2, 'Linear': 0.2, 'Bias': 0.0, 'BatchNorm': 0.0} | EnvNClusters=3
[2026-01-29 14:02:52,414] [INFO] Model initialized on device: cuda:0
[2026-01-29 14:02:52,414] [INFO] [CLIENT INIT] Mode=SH | Sparsity=ON (UsedSparsity=0.2) | Clusters=OFF (UsedClusters=-) | EnvSparsityCfg={'Conv': 0.2, 'Linear': 0.2, 'Bias': 0.0, 'BatchNorm': 0.0} | EnvNClusters=3
[2026-01-29 14:02:52,533] [INFO] Model initialized on device: cuda:0
[2026-01-29 14:02:52,533] [INFO] [CLIENT INIT] Mode=SH | Sparsity=ON (UsedSparsity=0.2) | Clusters=OFF (UsedClusters=-) | EnvSparsityCfg={'Conv': 0.2, 'Linear': 0.2, 'Bias': 0.0, 'BatchNorm': 0.0} | EnvNClusters=3
[2026-01-29 14:02:52,710] [INFO] Model initialized on device: cuda:0
[2026-01-29 14:02:52,710] [INFO] [CLIENT INIT] Mode=SH | Sparsity=ON (UsedSparsity=0.2) | Clusters=OFF (UsedClusters=-) | EnvSparsityCfg={'Conv': 0.2, 'Linear': 0.2, 'Bias': 0.0, 'BatchNorm': 0.0} | EnvNClusters=3
[2026-01-29 14:02:52,941] [INFO] Model initialized on device: cuda:0
[2026-01-29 14:02:52,941] [INFO] [CLIENT INIT] Mode=SH | Sparsity=ON (UsedSparsity=0.2) | Clusters=OFF (UsedClusters=-) | EnvSparsityCfg={'Conv': 0.2, 'Linear': 0.2, 'Bias': 0.0, 'BatchNorm': 0.0} | EnvNClusters=3
[2026-01-29 14:02:53,028] [INFO] Model initialized on device: cuda:0
[2026-01-29 14:02:53,028] [INFO] [CLIENT INIT] Mode=SH | Sparsity=ON (UsedSparsity=0.2) | Clusters=OFF (UsedClusters=-) | EnvSparsityCfg={'Conv': 0.2, 'Linear': 0.2, 'Bias': 0.0, 'BatchNorm': 0.0} | EnvNClusters=3
[2026-01-29 14:02:53,034] [INFO] Model initialized on device: cuda:0
[2026-01-29 14:02:53,034] [INFO] [CLIENT INIT] Mode=SH | Sparsity=ON (UsedSparsity=0.2) | Clusters=OFF (UsedClusters=-) | EnvSparsityCfg={'Conv': 0.2, 'Linear': 0.2, 'Bias': 0.0, 'BatchNorm': 0.0} | EnvNClusters=3
[2026-01-29 14:02:53,035] [INFO] Model initialized on device: cuda:0
[2026-01-29 14:02:53,035] [INFO] [CLIENT INIT] Mode=SH | Sparsity=ON (UsedSparsity=0.2) | Clusters=OFF (UsedClusters=-) | EnvSparsityCfg={'Conv': 0.2, 'Linear': 0.2, 'Bias': 0.0, 'BatchNorm': 0.0} | EnvNClusters=3
[2026-01-29 14:02:53,037] [INFO] Model initialized on device: cuda:0
[2026-01-29 14:02:53,037] [INFO] [CLIENT INIT] Mode=SH | Sparsity=ON (UsedSparsity=0.2) | Clusters=OFF (UsedClusters=-) | EnvSparsityCfg={'Conv': 0.2, 'Linear': 0.2, 'Bias': 0.0, 'BatchNorm': 0.0} | EnvNClusters=3
[2026-01-29 14:04:35,419] [INFO] [TRAIN] Epoch 3 Loss: 0.1936
[2026-01-29 14:05:10,515] [INFO] Model initialized on device: cuda:0
[2026-01-29 14:05:10,516] [INFO] [CLIENT INIT] Mode=SH | Sparsity=ON (UsedSparsity=0.2) | Clusters=OFF (UsedClusters=-) | EnvSparsityCfg={'Conv': 0.2, 'Linear': 0.2, 'Bias': 0.0, 'BatchNorm': 0.0} | EnvNClusters=3
[2026-01-29 14:05:11,017] [INFO] Model initialized on device: cuda:0
[2026-01-29 14:05:11,017] [INFO] [CLIENT INIT] Mode=SH | Sparsity=ON (UsedSparsity=0.2) | Clusters=OFF (UsedClusters=-) | EnvSparsityCfg={'Conv': 0.2, 'Linear': 0.2, 'Bias': 0.0, 'BatchNorm': 0.0} | EnvNClusters=3
[2026-01-29 14:05:17,339] [INFO] Model initialized on device: cuda:0
[2026-01-29 14:05:17,339] [INFO] [CLIENT INIT] Mode=SH | Sparsity=ON (UsedSparsity=0.2) | Clusters=OFF (UsedClusters=-) | EnvSparsityCfg={'Conv': 0.2, 'Linear': 0.2, 'Bias': 0.0, 'BatchNorm': 0.0} | EnvNClusters=3
[2026-01-29 14:05:17,911] [INFO] Model initialized on device: cuda:0
[2026-01-29 14:05:17,912] [INFO] [CLIENT INIT] Mode=SH | Sparsity=ON (UsedSparsity=0.2) | Clusters=OFF (UsedClusters=-) | EnvSparsityCfg={'Conv': 0.2, 'Linear': 0.2, 'Bias': 0.0, 'BatchNorm': 0.0} | EnvNClusters=3
[2026-01-29 14:05:17,915] [INFO] Model initialized on device: cuda:0
[2026-01-29 14:05:17,915] [INFO] [CLIENT INIT] Mode=SH | Sparsity=ON (UsedSparsity=0.2) | Clusters=OFF (UsedClusters=-) | EnvSparsityCfg={'Conv': 0.2, 'Linear': 0.2, 'Bias': 0.0, 'BatchNorm': 0.0} | EnvNClusters=3
[2026-01-29 14:05:18,615] [INFO] Model initialized on device: cuda:0
[2026-01-29 14:05:18,615] [INFO] [CLIENT INIT] Mode=SH | Sparsity=ON (UsedSparsity=0.2) | Clusters=OFF (UsedClusters=-) | EnvSparsityCfg={'Conv': 0.2, 'Linear': 0.2, 'Bias': 0.0, 'BatchNorm': 0.0} | EnvNClusters=3
[2026-01-29 14:05:20,215] [INFO] Model initialized on device: cuda:0
[2026-01-29 14:05:20,216] [INFO] [CLIENT INIT] Mode=SH | Sparsity=ON (UsedSparsity=0.2) | Clusters=OFF (UsedClusters=-) | EnvSparsityCfg={'Conv': 0.2, 'Linear': 0.2, 'Bias': 0.0, 'BatchNorm': 0.0} | EnvNClusters=3
[2026-01-29 14:05:20,220] [INFO] Model initialized on device: cuda:0
[2026-01-29 14:05:20,220] [INFO] [CLIENT INIT] Mode=SH | Sparsity=ON (UsedSparsity=0.2) | Clusters=OFF (UsedClusters=-) | EnvSparsityCfg={'Conv': 0.2, 'Linear': 0.2, 'Bias': 0.0, 'BatchNorm': 0.0} | EnvNClusters=3
[2026-01-29 14:05:20,223] [INFO] Model initialized on device: cuda:0
[2026-01-29 14:05:20,224] [INFO] [CLIENT INIT] Mode=SH | Sparsity=ON (UsedSparsity=0.2) | Clusters=OFF (UsedClusters=-) | EnvSparsityCfg={'Conv': 0.2, 'Linear': 0.2, 'Bias': 0.0, 'BatchNorm': 0.0} | EnvNClusters=3
[2026-01-29 14:05:20,235] [INFO] Model initialized on device: cuda:0
[2026-01-29 14:05:20,235] [INFO] [CLIENT INIT] Mode=SH | Sparsity=ON (UsedSparsity=0.2) | Clusters=OFF (UsedClusters=-) | EnvSparsityCfg={'Conv': 0.2, 'Linear': 0.2, 'Bias': 0.0, 'BatchNorm': 0.0} | EnvNClusters=3
[2026-01-29 14:07:04,717] [INFO] [TRAIN] Epoch 4 Loss: 0.1946
[2026-01-29 14:07:36,514] [INFO] Model initialized on device: cuda:0
[2026-01-29 14:07:36,514] [INFO] [CLIENT INIT] Mode=SH | Sparsity=ON (UsedSparsity=0.2) | Clusters=OFF (UsedClusters=-) | EnvSparsityCfg={'Conv': 0.2, 'Linear': 0.2, 'Bias': 0.0, 'BatchNorm': 0.0} | EnvNClusters=3
[2026-01-29 14:07:39,612] [INFO] Model initialized on device: cuda:0
[2026-01-29 14:07:39,612] [INFO] [CLIENT INIT] Mode=SH | Sparsity=ON (UsedSparsity=0.2) | Clusters=OFF (UsedClusters=-) | EnvSparsityCfg={'Conv': 0.2, 'Linear': 0.2, 'Bias': 0.0, 'BatchNorm': 0.0} | EnvNClusters=3
[2026-01-29 14:07:46,342] [INFO] Model initialized on device: cuda:0
[2026-01-29 14:07:46,342] [INFO] [CLIENT INIT] Mode=SH | Sparsity=ON (UsedSparsity=0.2) | Clusters=OFF (UsedClusters=-) | EnvSparsityCfg={'Conv': 0.2, 'Linear': 0.2, 'Bias': 0.0, 'BatchNorm': 0.0} | EnvNClusters=3
[2026-01-29 14:07:46,836] [INFO] Model initialized on device: cuda:0
[2026-01-29 14:07:46,837] [INFO] [CLIENT INIT] Mode=SH | Sparsity=ON (UsedSparsity=0.2) | Clusters=OFF (UsedClusters=-) | EnvSparsityCfg={'Conv': 0.2, 'Linear': 0.2, 'Bias': 0.0, 'BatchNorm': 0.0} | EnvNClusters=3
[2026-01-29 14:07:47,117] [INFO] Model initialized on device: cuda:0
[2026-01-29 14:07:47,117] [INFO] [CLIENT INIT] Mode=SH | Sparsity=ON (UsedSparsity=0.2) | Clusters=OFF (UsedClusters=-) | EnvSparsityCfg={'Conv': 0.2, 'Linear': 0.2, 'Bias': 0.0, 'BatchNorm': 0.0} | EnvNClusters=3
[2026-01-29 14:07:48,830] [INFO] Model initialized on device: cuda:0
[2026-01-29 14:07:48,830] [INFO] [CLIENT INIT] Mode=SH | Sparsity=ON (UsedSparsity=0.2) | Clusters=OFF (UsedClusters=-) | EnvSparsityCfg={'Conv': 0.2, 'Linear': 0.2, 'Bias': 0.0, 'BatchNorm': 0.0} | EnvNClusters=3
[2026-01-29 14:07:49,110] [INFO] Model initialized on device: cuda:0
[2026-01-29 14:07:49,110] [INFO] [CLIENT INIT] Mode=SH | Sparsity=ON (UsedSparsity=0.2) | Clusters=OFF (UsedClusters=-) | EnvSparsityCfg={'Conv': 0.2, 'Linear': 0.2, 'Bias': 0.0, 'BatchNorm': 0.0} | EnvNClusters=3
[2026-01-29 14:07:49,113] [INFO] Model initialized on device: cuda:0
[2026-01-29 14:07:49,113] [INFO] [CLIENT INIT] Mode=SH | Sparsity=ON (UsedSparsity=0.2) | Clusters=OFF (UsedClusters=-) | EnvSparsityCfg={'Conv': 0.2, 'Linear': 0.2, 'Bias': 0.0, 'BatchNorm': 0.0} | EnvNClusters=3
[2026-01-29 14:07:49,121] [INFO] Model initialized on device: cuda:0
[2026-01-29 14:07:49,121] [INFO] [CLIENT INIT] Mode=SH | Sparsity=ON (UsedSparsity=0.2) | Clusters=OFF (UsedClusters=-) | EnvSparsityCfg={'Conv': 0.2, 'Linear': 0.2, 'Bias': 0.0, 'BatchNorm': 0.0} | EnvNClusters=3
[2026-01-29 14:07:49,140] [INFO] Model initialized on device: cuda:0
[2026-01-29 14:07:49,140] [INFO] [CLIENT INIT] Mode=SH | Sparsity=ON (UsedSparsity=0.2) | Clusters=OFF (UsedClusters=-) | EnvSparsityCfg={'Conv': 0.2, 'Linear': 0.2, 'Bias': 0.0, 'BatchNorm': 0.0} | EnvNClusters=3
[2026-01-29 14:09:26,065] [INFO] [TRAIN] Epoch 5 Loss: 0.1790
[2026-01-29 14:09:26,067] [INFO] [FIT] Local training finished. Avg Loss: 0.2031
[2026-01-29 14:10:01,328] [INFO] Model initialized on device: cuda:0
[2026-01-29 14:10:01,328] [INFO] [CLIENT INIT] Mode=SH | Sparsity=ON (UsedSparsity=0.2) | Clusters=OFF (UsedClusters=-) | EnvSparsityCfg={'Conv': 0.2, 'Linear': 0.2, 'Bias': 0.0, 'BatchNorm': 0.0} | EnvNClusters=3
[2026-01-29 14:10:02,415] [INFO] Model initialized on device: cuda:0
[2026-01-29 14:10:02,415] [INFO] [CLIENT INIT] Mode=SH | Sparsity=ON (UsedSparsity=0.2) | Clusters=OFF (UsedClusters=-) | EnvSparsityCfg={'Conv': 0.2, 'Linear': 0.2, 'Bias': 0.0, 'BatchNorm': 0.0} | EnvNClusters=3
[2026-01-29 14:10:06,850] [INFO] Model initialized on device: cuda:0
[2026-01-29 14:10:06,850] [INFO] [CLIENT INIT] Mode=SH | Sparsity=ON (UsedSparsity=0.2) | Clusters=OFF (UsedClusters=-) | EnvSparsityCfg={'Conv': 0.2, 'Linear': 0.2, 'Bias': 0.0, 'BatchNorm': 0.0} | EnvNClusters=3
[2026-01-29 14:10:08,026] [INFO] Model initialized on device: cuda:0
[2026-01-29 14:10:08,026] [INFO] [CLIENT INIT] Mode=SH | Sparsity=ON (UsedSparsity=0.2) | Clusters=OFF (UsedClusters=-) | EnvSparsityCfg={'Conv': 0.2, 'Linear': 0.2, 'Bias': 0.0, 'BatchNorm': 0.0} | EnvNClusters=3
[2026-01-29 14:10:08,109] [INFO] Model initialized on device: cuda:0
[2026-01-29 14:10:08,110] [INFO] [CLIENT INIT] Mode=SH | Sparsity=ON (UsedSparsity=0.2) | Clusters=OFF (UsedClusters=-) | EnvSparsityCfg={'Conv': 0.2, 'Linear': 0.2, 'Bias': 0.0, 'BatchNorm': 0.0} | EnvNClusters=3
[2026-01-29 14:10:08,221] [INFO] Model initialized on device: cuda:0
[2026-01-29 14:10:08,221] [INFO] [CLIENT INIT] Mode=SH | Sparsity=ON (UsedSparsity=0.2) | Clusters=OFF (UsedClusters=-) | EnvSparsityCfg={'Conv': 0.2, 'Linear': 0.2, 'Bias': 0.0, 'BatchNorm': 0.0} | EnvNClusters=3
[2026-01-29 14:10:08,221] [INFO] Model initialized on device: cuda:0
[2026-01-29 14:10:08,221] [INFO] [CLIENT INIT] Mode=SH | Sparsity=ON (UsedSparsity=0.2) | Clusters=OFF (UsedClusters=-) | EnvSparsityCfg={'Conv': 0.2, 'Linear': 0.2, 'Bias': 0.0, 'BatchNorm': 0.0} | EnvNClusters=3
[2026-01-29 14:10:08,221] [INFO] Model initialized on device: cuda:0
[2026-01-29 14:10:08,222] [INFO] [CLIENT INIT] Mode=SH | Sparsity=ON (UsedSparsity=0.2) | Clusters=OFF (UsedClusters=-) | EnvSparsityCfg={'Conv': 0.2, 'Linear': 0.2, 'Bias': 0.0, 'BatchNorm': 0.0} | EnvNClusters=3
[2026-01-29 14:10:08,225] [INFO] Model initialized on device: cuda:0
[2026-01-29 14:10:08,225] [INFO] [CLIENT INIT] Mode=SH | Sparsity=ON (UsedSparsity=0.2) | Clusters=OFF (UsedClusters=-) | EnvSparsityCfg={'Conv': 0.2, 'Linear': 0.2, 'Bias': 0.0, 'BatchNorm': 0.0} | EnvNClusters=3
[2026-01-29 14:10:08,226] [INFO] Model initialized on device: cuda:0
[2026-01-29 14:10:08,226] [INFO] [CLIENT INIT] Mode=SH | Sparsity=ON (UsedSparsity=0.2) | Clusters=OFF (UsedClusters=-) | EnvSparsityCfg={'Conv': 0.2, 'Linear': 0.2, 'Bias': 0.0, 'BatchNorm': 0.0} | EnvNClusters=3
[2026-01-29 14:10:16,252] [DEBUG] [TEST] Batch 1 | Pred shape: torch.Size([256, 256, 160]) | Label shape: torch.Size([256, 256, 160])
[2026-01-29 14:10:16,510] [DEBUG] [TEST] Batch 2 | Pred shape: torch.Size([256, 256, 160]) | Label shape: torch.Size([256, 256, 160])
[2026-01-29 14:10:16,614] [DEBUG] [TEST] Batch 3 | Pred shape: torch.Size([256, 256, 160]) | Label shape: torch.Size([256, 256, 160])
[2026-01-29 14:10:16,715] [DEBUG] [TEST] Batch 4 | Pred shape: torch.Size([256, 256, 160]) | Label shape: torch.Size([256, 256, 160])
[2026-01-29 14:10:16,815] [DEBUG] [TEST] Batch 5 | Pred shape: torch.Size([256, 256, 160]) | Label shape: torch.Size([256, 256, 160])
[2026-01-29 14:10:16,915] [DEBUG] [TEST] Batch 6 | Pred shape: torch.Size([256, 256, 160]) | Label shape: torch.Size([256, 256, 160])
[2026-01-29 14:10:17,014] [DEBUG] [TEST] Batch 7 | Pred shape: torch.Size([256, 256, 160]) | Label shape: torch.Size([256, 256, 160])
[2026-01-29 14:10:17,116] [DEBUG] [TEST] Batch 8 | Pred shape: torch.Size([256, 256, 160]) | Label shape: torch.Size([256, 256, 160])
[2026-01-29 14:10:17,215] [DEBUG] [TEST] Batch 9 | Pred shape: torch.Size([256, 256, 160]) | Label shape: torch.Size([256, 256, 160])
[2026-01-29 14:10:17,315] [DEBUG] [TEST] Batch 10 | Pred shape: torch.Size([256, 256, 160]) | Label shape: torch.Size([256, 256, 160])
[2026-01-29 14:10:20,550] [DEBUG] [TEST] Batch 11 | Pred shape: torch.Size([256, 256, 160]) | Label shape: torch.Size([256, 256, 160])
[2026-01-29 14:10:20,739] [DEBUG] [TEST] Batch 12 | Pred shape: torch.Size([256, 256, 160]) | Label shape: torch.Size([256, 256, 160])
[2026-01-29 14:10:21,069] [DEBUG] [TEST] Batch 13 | Pred shape: torch.Size([256, 256, 160]) | Label shape: torch.Size([256, 256, 160])
[2026-01-29 14:10:21,216] [DEBUG] [TEST] Batch 14 | Pred shape: torch.Size([256, 256, 160]) | Label shape: torch.Size([256, 256, 160])
[2026-01-29 14:10:21,271] [DEBUG] [TEST] Batch 15 | Pred shape: torch.Size([256, 256, 160]) | Label shape: torch.Size([256, 256, 160])
[2026-01-29 14:10:21,360] [DEBUG] [TEST] Batch 16 | Pred shape: torch.Size([256, 256, 160]) | Label shape: torch.Size([256, 256, 160])
[2026-01-29 14:10:27,117] [INFO] [FIT] Final model saved to: Revision2/Run_UNET_NonIID_SH20_20260129/Client3/model_final.pth
[2026-01-29 14:10:45,833] [INFO] [COMM][CLIENT] Round=-1 Mode=SH UsedSparsity=0.2 UsedClusters=- BaselineBits=154016352.0 CompressedBits=166266009.0 CR=0.926
[2026-01-29 14:19:06,573] [INFO] [EVALUATE] Starting evaluation...
[2026-01-29 14:19:09,317] [INFO] [DEBUG] Loaded compressed decoded weights.
[2026-01-29 14:20:13,014] [INFO] Model initialized on device: cuda:0
[2026-01-29 14:20:13,015] [INFO] [CLIENT INIT] Mode=SH | Sparsity=ON (UsedSparsity=0.2) | Clusters=OFF (UsedClusters=-) | EnvSparsityCfg={'Conv': 0.2, 'Linear': 0.2, 'Bias': 0.0, 'BatchNorm': 0.0} | EnvNClusters=3
[2026-01-29 14:20:13,829] [INFO] Model initialized on device: cuda:0
[2026-01-29 14:20:13,829] [INFO] [CLIENT INIT] Mode=SH | Sparsity=ON (UsedSparsity=0.2) | Clusters=OFF (UsedClusters=-) | EnvSparsityCfg={'Conv': 0.2, 'Linear': 0.2, 'Bias': 0.0, 'BatchNorm': 0.0} | EnvNClusters=3
[2026-01-29 14:20:14,015] [INFO] Model initialized on device: cuda:0
[2026-01-29 14:20:14,016] [INFO] [CLIENT INIT] Mode=SH | Sparsity=ON (UsedSparsity=0.2) | Clusters=OFF (UsedClusters=-) | EnvSparsityCfg={'Conv': 0.2, 'Linear': 0.2, 'Bias': 0.0, 'BatchNorm': 0.0} | EnvNClusters=3
[2026-01-29 14:20:14,024] [INFO] Model initialized on device: cuda:0
[2026-01-29 14:20:14,024] [INFO] [CLIENT INIT] Mode=SH | Sparsity=ON (UsedSparsity=0.2) | Clusters=OFF (UsedClusters=-) | EnvSparsityCfg={'Conv': 0.2, 'Linear': 0.2, 'Bias': 0.0, 'BatchNorm': 0.0} | EnvNClusters=3
[2026-01-29 14:20:14,115] [INFO] Model initialized on device: cuda:0
[2026-01-29 14:20:14,116] [INFO] [CLIENT INIT] Mode=SH | Sparsity=ON (UsedSparsity=0.2) | Clusters=OFF (UsedClusters=-) | EnvSparsityCfg={'Conv': 0.2, 'Linear': 0.2, 'Bias': 0.0, 'BatchNorm': 0.0} | EnvNClusters=3
[2026-01-29 14:20:14,219] [INFO] Model initialized on device: cuda:0
[2026-01-29 14:20:14,219] [INFO] [CLIENT INIT] Mode=SH | Sparsity=ON (UsedSparsity=0.2) | Clusters=OFF (UsedClusters=-) | EnvSparsityCfg={'Conv': 0.2, 'Linear': 0.2, 'Bias': 0.0, 'BatchNorm': 0.0} | EnvNClusters=3
[2026-01-29 14:20:14,223] [INFO] Model initialized on device: cuda:0
[2026-01-29 14:20:14,223] [INFO] Model initialized on device: cuda:0
[2026-01-29 14:20:14,223] [INFO] [CLIENT INIT] Mode=SH | Sparsity=ON (UsedSparsity=0.2) | Clusters=OFF (UsedClusters=-) | EnvSparsityCfg={'Conv': 0.2, 'Linear': 0.2, 'Bias': 0.0, 'BatchNorm': 0.0} | EnvNClusters=3
[2026-01-29 14:20:14,223] [INFO] [CLIENT INIT] Mode=SH | Sparsity=ON (UsedSparsity=0.2) | Clusters=OFF (UsedClusters=-) | EnvSparsityCfg={'Conv': 0.2, 'Linear': 0.2, 'Bias': 0.0, 'BatchNorm': 0.0} | EnvNClusters=3
[2026-01-29 14:20:14,225] [INFO] Model initialized on device: cuda:0
[2026-01-29 14:20:14,225] [INFO] [CLIENT INIT] Mode=SH | Sparsity=ON (UsedSparsity=0.2) | Clusters=OFF (UsedClusters=-) | EnvSparsityCfg={'Conv': 0.2, 'Linear': 0.2, 'Bias': 0.0, 'BatchNorm': 0.0} | EnvNClusters=3
[2026-01-29 14:20:14,226] [INFO] Model initialized on device: cuda:0
[2026-01-29 14:20:14,226] [INFO] [CLIENT INIT] Mode=SH | Sparsity=ON (UsedSparsity=0.2) | Clusters=OFF (UsedClusters=-) | EnvSparsityCfg={'Conv': 0.2, 'Linear': 0.2, 'Bias': 0.0, 'BatchNorm': 0.0} | EnvNClusters=3
[2026-01-29 14:20:21,020] [DEBUG] [TEST] Batch 1 | Pred shape: torch.Size([256, 256, 160]) | Label shape: torch.Size([256, 256, 160])
[2026-01-29 14:20:21,220] [DEBUG] [TEST] Batch 2 | Pred shape: torch.Size([256, 256, 160]) | Label shape: torch.Size([256, 256, 160])
[2026-01-29 14:20:21,316] [DEBUG] [TEST] Batch 3 | Pred shape: torch.Size([256, 256, 160]) | Label shape: torch.Size([256, 256, 160])
[2026-01-29 14:20:22,310] [DEBUG] [TEST] Batch 4 | Pred shape: torch.Size([256, 256, 160]) | Label shape: torch.Size([256, 256, 160])
[2026-01-29 14:20:22,513] [DEBUG] [TEST] Batch 5 | Pred shape: torch.Size([256, 256, 160]) | Label shape: torch.Size([256, 256, 160])
[2026-01-29 14:20:22,614] [DEBUG] [TEST] Batch 6 | Pred shape: torch.Size([256, 256, 160]) | Label shape: torch.Size([256, 256, 160])
[2026-01-29 14:20:22,735] [DEBUG] [TEST] Batch 7 | Pred shape: torch.Size([256, 256, 160]) | Label shape: torch.Size([256, 256, 160])
[2026-01-29 14:20:22,912] [DEBUG] [TEST] Batch 8 | Pred shape: torch.Size([256, 256, 160]) | Label shape: torch.Size([256, 256, 160])
[2026-01-29 14:20:23,015] [DEBUG] [TEST] Batch 9 | Pred shape: torch.Size([256, 256, 160]) | Label shape: torch.Size([256, 256, 160])
[2026-01-29 14:20:23,143] [DEBUG] [TEST] Batch 10 | Pred shape: torch.Size([256, 256, 160]) | Label shape: torch.Size([256, 256, 160])
[2026-01-29 14:20:26,421] [DEBUG] [TEST] Batch 11 | Pred shape: torch.Size([256, 256, 160]) | Label shape: torch.Size([256, 256, 160])
[2026-01-29 14:20:26,543] [DEBUG] [TEST] Batch 12 | Pred shape: torch.Size([256, 256, 160]) | Label shape: torch.Size([256, 256, 160])
[2026-01-29 14:20:26,613] [DEBUG] [TEST] Batch 13 | Pred shape: torch.Size([256, 256, 160]) | Label shape: torch.Size([256, 256, 160])
[2026-01-29 14:20:26,671] [DEBUG] [TEST] Batch 14 | Pred shape: torch.Size([256, 256, 160]) | Label shape: torch.Size([256, 256, 160])
[2026-01-29 14:20:26,742] [DEBUG] [TEST] Batch 15 | Pred shape: torch.Size([256, 256, 160]) | Label shape: torch.Size([256, 256, 160])
[2026-01-29 14:20:26,920] [DEBUG] [TEST] Batch 16 | Pred shape: torch.Size([256, 256, 160]) | Label shape: torch.Size([256, 256, 160])
[2026-01-29 14:20:31,010] [INFO] [EVALUATE] Dice WT: 0.6823
[2026-01-29 14:20:42,716] [INFO] [FIT] Received parameters. Starting local training...
[2026-01-29 14:20:43,918] [INFO] [DEBUG] Loaded compressed decoded weights.
[2026-01-29 14:21:51,729] [INFO] Model initialized on device: cuda:0
[2026-01-29 14:21:51,730] [INFO] [CLIENT INIT] Mode=SH | Sparsity=ON (UsedSparsity=0.2) | Clusters=OFF (UsedClusters=-) | EnvSparsityCfg={'Conv': 0.2, 'Linear': 0.2, 'Bias': 0.0, 'BatchNorm': 0.0} | EnvNClusters=3
[2026-01-29 14:21:54,526] [INFO] Model initialized on device: cuda:0
[2026-01-29 14:21:54,526] [INFO] [CLIENT INIT] Mode=SH | Sparsity=ON (UsedSparsity=0.2) | Clusters=OFF (UsedClusters=-) | EnvSparsityCfg={'Conv': 0.2, 'Linear': 0.2, 'Bias': 0.0, 'BatchNorm': 0.0} | EnvNClusters=3
[2026-01-29 14:21:54,583] [INFO] Model initialized on device: cuda:0
[2026-01-29 14:21:54,583] [INFO] [CLIENT INIT] Mode=SH | Sparsity=ON (UsedSparsity=0.2) | Clusters=OFF (UsedClusters=-) | EnvSparsityCfg={'Conv': 0.2, 'Linear': 0.2, 'Bias': 0.0, 'BatchNorm': 0.0} | EnvNClusters=3
[2026-01-29 14:21:54,942] [INFO] Model initialized on device: cuda:0
[2026-01-29 14:21:54,942] [INFO] [CLIENT INIT] Mode=SH | Sparsity=ON (UsedSparsity=0.2) | Clusters=OFF (UsedClusters=-) | EnvSparsityCfg={'Conv': 0.2, 'Linear': 0.2, 'Bias': 0.0, 'BatchNorm': 0.0} | EnvNClusters=3
[2026-01-29 14:21:55,038] [INFO] Model initialized on device: cuda:0
[2026-01-29 14:21:55,039] [INFO] [CLIENT INIT] Mode=SH | Sparsity=ON (UsedSparsity=0.2) | Clusters=OFF (UsedClusters=-) | EnvSparsityCfg={'Conv': 0.2, 'Linear': 0.2, 'Bias': 0.0, 'BatchNorm': 0.0} | EnvNClusters=3
[2026-01-29 14:21:55,147] [INFO] Model initialized on device: cuda:0
[2026-01-29 14:21:55,147] [INFO] [CLIENT INIT] Mode=SH | Sparsity=ON (UsedSparsity=0.2) | Clusters=OFF (UsedClusters=-) | EnvSparsityCfg={'Conv': 0.2, 'Linear': 0.2, 'Bias': 0.0, 'BatchNorm': 0.0} | EnvNClusters=3
[2026-01-29 14:21:55,216] [INFO] Model initialized on device: cuda:0
[2026-01-29 14:21:55,216] [INFO] [CLIENT INIT] Mode=SH | Sparsity=ON (UsedSparsity=0.2) | Clusters=OFF (UsedClusters=-) | EnvSparsityCfg={'Conv': 0.2, 'Linear': 0.2, 'Bias': 0.0, 'BatchNorm': 0.0} | EnvNClusters=3
[2026-01-29 14:21:55,411] [INFO] Model initialized on device: cuda:0
[2026-01-29 14:21:55,411] [INFO] [CLIENT INIT] Mode=SH | Sparsity=ON (UsedSparsity=0.2) | Clusters=OFF (UsedClusters=-) | EnvSparsityCfg={'Conv': 0.2, 'Linear': 0.2, 'Bias': 0.0, 'BatchNorm': 0.0} | EnvNClusters=3
[2026-01-29 14:21:55,632] [INFO] Model initialized on device: cuda:0
[2026-01-29 14:21:55,632] [INFO] [CLIENT INIT] Mode=SH | Sparsity=ON (UsedSparsity=0.2) | Clusters=OFF (UsedClusters=-) | EnvSparsityCfg={'Conv': 0.2, 'Linear': 0.2, 'Bias': 0.0, 'BatchNorm': 0.0} | EnvNClusters=3
[2026-01-29 14:21:55,638] [INFO] Model initialized on device: cuda:0
[2026-01-29 14:21:55,638] [INFO] [CLIENT INIT] Mode=SH | Sparsity=ON (UsedSparsity=0.2) | Clusters=OFF (UsedClusters=-) | EnvSparsityCfg={'Conv': 0.2, 'Linear': 0.2, 'Bias': 0.0, 'BatchNorm': 0.0} | EnvNClusters=3
[2026-01-29 14:23:45,115] [INFO] [TRAIN] Epoch 1 Loss: 0.2354
[2026-01-29 14:24:43,814] [INFO] Model initialized on device: cuda:0
[2026-01-29 14:24:43,814] [INFO] [CLIENT INIT] Mode=SH | Sparsity=ON (UsedSparsity=0.2) | Clusters=OFF (UsedClusters=-) | EnvSparsityCfg={'Conv': 0.2, 'Linear': 0.2, 'Bias': 0.0, 'BatchNorm': 0.0} | EnvNClusters=3
[2026-01-29 14:24:44,422] [INFO] Model initialized on device: cuda:0
[2026-01-29 14:24:44,422] [INFO] [CLIENT INIT] Mode=SH | Sparsity=ON (UsedSparsity=0.2) | Clusters=OFF (UsedClusters=-) | EnvSparsityCfg={'Conv': 0.2, 'Linear': 0.2, 'Bias': 0.0, 'BatchNorm': 0.0} | EnvNClusters=3
[2026-01-29 14:24:44,524] [INFO] Model initialized on device: cuda:0
[2026-01-29 14:24:44,524] [INFO] [CLIENT INIT] Mode=SH | Sparsity=ON (UsedSparsity=0.2) | Clusters=OFF (UsedClusters=-) | EnvSparsityCfg={'Conv': 0.2, 'Linear': 0.2, 'Bias': 0.0, 'BatchNorm': 0.0} | EnvNClusters=3
[2026-01-29 14:24:45,027] [INFO] Model initialized on device: cuda:0
[2026-01-29 14:24:45,027] [INFO] [CLIENT INIT] Mode=SH | Sparsity=ON (UsedSparsity=0.2) | Clusters=OFF (UsedClusters=-) | EnvSparsityCfg={'Conv': 0.2, 'Linear': 0.2, 'Bias': 0.0, 'BatchNorm': 0.0} | EnvNClusters=3
[2026-01-29 14:24:45,036] [INFO] Model initialized on device: cuda:0
[2026-01-29 14:24:45,036] [INFO] [CLIENT INIT] Mode=SH | Sparsity=ON (UsedSparsity=0.2) | Clusters=OFF (UsedClusters=-) | EnvSparsityCfg={'Conv': 0.2, 'Linear': 0.2, 'Bias': 0.0, 'BatchNorm': 0.0} | EnvNClusters=3
[2026-01-29 14:24:45,134] [INFO] Model initialized on device: cuda:0
[2026-01-29 14:24:45,134] [INFO] [CLIENT INIT] Mode=SH | Sparsity=ON (UsedSparsity=0.2) | Clusters=OFF (UsedClusters=-) | EnvSparsityCfg={'Conv': 0.2, 'Linear': 0.2, 'Bias': 0.0, 'BatchNorm': 0.0} | EnvNClusters=3
[2026-01-29 14:24:45,225] [INFO] Model initialized on device: cuda:0
[2026-01-29 14:24:45,225] [INFO] [CLIENT INIT] Mode=SH | Sparsity=ON (UsedSparsity=0.2) | Clusters=OFF (UsedClusters=-) | EnvSparsityCfg={'Conv': 0.2, 'Linear': 0.2, 'Bias': 0.0, 'BatchNorm': 0.0} | EnvNClusters=3
[2026-01-29 14:24:45,413] [INFO] Model initialized on device: cuda:0
[2026-01-29 14:24:45,413] [INFO] [CLIENT INIT] Mode=SH | Sparsity=ON (UsedSparsity=0.2) | Clusters=OFF (UsedClusters=-) | EnvSparsityCfg={'Conv': 0.2, 'Linear': 0.2, 'Bias': 0.0, 'BatchNorm': 0.0} | EnvNClusters=3
[2026-01-29 14:24:45,426] [INFO] Model initialized on device: cuda:0
[2026-01-29 14:24:45,426] [INFO] [CLIENT INIT] Mode=SH | Sparsity=ON (UsedSparsity=0.2) | Clusters=OFF (UsedClusters=-) | EnvSparsityCfg={'Conv': 0.2, 'Linear': 0.2, 'Bias': 0.0, 'BatchNorm': 0.0} | EnvNClusters=3
[2026-01-29 14:24:45,430] [INFO] Model initialized on device: cuda:0
[2026-01-29 14:24:45,431] [INFO] [CLIENT INIT] Mode=SH | Sparsity=ON (UsedSparsity=0.2) | Clusters=OFF (UsedClusters=-) | EnvSparsityCfg={'Conv': 0.2, 'Linear': 0.2, 'Bias': 0.0, 'BatchNorm': 0.0} | EnvNClusters=3
[2026-01-29 14:26:32,060] [INFO] [TRAIN] Epoch 2 Loss: 0.2006
[2026-01-29 14:27:20,831] [INFO] Model initialized on device: cuda:0
[2026-01-29 14:27:20,832] [INFO] [CLIENT INIT] Mode=SH | Sparsity=ON (UsedSparsity=0.2) | Clusters=OFF (UsedClusters=-) | EnvSparsityCfg={'Conv': 0.2, 'Linear': 0.2, 'Bias': 0.0, 'BatchNorm': 0.0} | EnvNClusters=3
[2026-01-29 14:27:21,547] [INFO] Model initialized on device: cuda:0
[2026-01-29 14:27:21,547] [INFO] [CLIENT INIT] Mode=SH | Sparsity=ON (UsedSparsity=0.2) | Clusters=OFF (UsedClusters=-) | EnvSparsityCfg={'Conv': 0.2, 'Linear': 0.2, 'Bias': 0.0, 'BatchNorm': 0.0} | EnvNClusters=3
[2026-01-29 14:27:21,735] [INFO] Model initialized on device: cuda:0
[2026-01-29 14:27:21,735] [INFO] [CLIENT INIT] Mode=SH | Sparsity=ON (UsedSparsity=0.2) | Clusters=OFF (UsedClusters=-) | EnvSparsityCfg={'Conv': 0.2, 'Linear': 0.2, 'Bias': 0.0, 'BatchNorm': 0.0} | EnvNClusters=3
[2026-01-29 14:27:24,346] [INFO] Model initialized on device: cuda:0
[2026-01-29 14:27:24,346] [INFO] [CLIENT INIT] Mode=SH | Sparsity=ON (UsedSparsity=0.2) | Clusters=OFF (UsedClusters=-) | EnvSparsityCfg={'Conv': 0.2, 'Linear': 0.2, 'Bias': 0.0, 'BatchNorm': 0.0} | EnvNClusters=3
[2026-01-29 14:27:24,517] [INFO] Model initialized on device: cuda:0
[2026-01-29 14:27:24,517] [INFO] [CLIENT INIT] Mode=SH | Sparsity=ON (UsedSparsity=0.2) | Clusters=OFF (UsedClusters=-) | EnvSparsityCfg={'Conv': 0.2, 'Linear': 0.2, 'Bias': 0.0, 'BatchNorm': 0.0} | EnvNClusters=3
[2026-01-29 14:27:24,535] [INFO] Model initialized on device: cuda:0
[2026-01-29 14:27:24,536] [INFO] [CLIENT INIT] Mode=SH | Sparsity=ON (UsedSparsity=0.2) | Clusters=OFF (UsedClusters=-) | EnvSparsityCfg={'Conv': 0.2, 'Linear': 0.2, 'Bias': 0.0, 'BatchNorm': 0.0} | EnvNClusters=3
[2026-01-29 14:27:24,537] [INFO] Model initialized on device: cuda:0
[2026-01-29 14:27:24,537] [INFO] [CLIENT INIT] Mode=SH | Sparsity=ON (UsedSparsity=0.2) | Clusters=OFF (UsedClusters=-) | EnvSparsityCfg={'Conv': 0.2, 'Linear': 0.2, 'Bias': 0.0, 'BatchNorm': 0.0} | EnvNClusters=3
[2026-01-29 14:27:24,538] [INFO] Model initialized on device: cuda:0
[2026-01-29 14:27:24,538] [INFO] [CLIENT INIT] Mode=SH | Sparsity=ON (UsedSparsity=0.2) | Clusters=OFF (UsedClusters=-) | EnvSparsityCfg={'Conv': 0.2, 'Linear': 0.2, 'Bias': 0.0, 'BatchNorm': 0.0} | EnvNClusters=3
[2026-01-29 14:27:24,932] [INFO] Model initialized on device: cuda:0
[2026-01-29 14:27:24,933] [INFO] [CLIENT INIT] Mode=SH | Sparsity=ON (UsedSparsity=0.2) | Clusters=OFF (UsedClusters=-) | EnvSparsityCfg={'Conv': 0.2, 'Linear': 0.2, 'Bias': 0.0, 'BatchNorm': 0.0} | EnvNClusters=3
[2026-01-29 14:27:25,010] [INFO] Model initialized on device: cuda:0
[2026-01-29 14:27:25,011] [INFO] [CLIENT INIT] Mode=SH | Sparsity=ON (UsedSparsity=0.2) | Clusters=OFF (UsedClusters=-) | EnvSparsityCfg={'Conv': 0.2, 'Linear': 0.2, 'Bias': 0.0, 'BatchNorm': 0.0} | EnvNClusters=3
[2026-01-29 14:29:10,717] [INFO] [TRAIN] Epoch 3 Loss: 0.1781
[2026-01-29 14:29:52,731] [INFO] Model initialized on device: cuda:0
[2026-01-29 14:29:52,731] [INFO] [CLIENT INIT] Mode=SH | Sparsity=ON (UsedSparsity=0.2) | Clusters=OFF (UsedClusters=-) | EnvSparsityCfg={'Conv': 0.2, 'Linear': 0.2, 'Bias': 0.0, 'BatchNorm': 0.0} | EnvNClusters=3
[2026-01-29 14:29:55,823] [INFO] Model initialized on device: cuda:0
[2026-01-29 14:29:55,823] [INFO] [CLIENT INIT] Mode=SH | Sparsity=ON (UsedSparsity=0.2) | Clusters=OFF (UsedClusters=-) | EnvSparsityCfg={'Conv': 0.2, 'Linear': 0.2, 'Bias': 0.0, 'BatchNorm': 0.0} | EnvNClusters=3
[2026-01-29 14:29:59,435] [INFO] Model initialized on device: cuda:0
[2026-01-29 14:29:59,436] [INFO] [CLIENT INIT] Mode=SH | Sparsity=ON (UsedSparsity=0.2) | Clusters=OFF (UsedClusters=-) | EnvSparsityCfg={'Conv': 0.2, 'Linear': 0.2, 'Bias': 0.0, 'BatchNorm': 0.0} | EnvNClusters=3
[2026-01-29 14:30:01,017] [INFO] Model initialized on device: cuda:0
[2026-01-29 14:30:01,017] [INFO] [CLIENT INIT] Mode=SH | Sparsity=ON (UsedSparsity=0.2) | Clusters=OFF (UsedClusters=-) | EnvSparsityCfg={'Conv': 0.2, 'Linear': 0.2, 'Bias': 0.0, 'BatchNorm': 0.0} | EnvNClusters=3
[2026-01-29 14:30:01,234] [INFO] Model initialized on device: cuda:0
[2026-01-29 14:30:01,235] [INFO] [CLIENT INIT] Mode=SH | Sparsity=ON (UsedSparsity=0.2) | Clusters=OFF (UsedClusters=-) | EnvSparsityCfg={'Conv': 0.2, 'Linear': 0.2, 'Bias': 0.0, 'BatchNorm': 0.0} | EnvNClusters=3
[2026-01-29 14:30:01,240] [INFO] Model initialized on device: cuda:0
[2026-01-29 14:30:01,240] [INFO] [CLIENT INIT] Mode=SH | Sparsity=ON (UsedSparsity=0.2) | Clusters=OFF (UsedClusters=-) | EnvSparsityCfg={'Conv': 0.2, 'Linear': 0.2, 'Bias': 0.0, 'BatchNorm': 0.0} | EnvNClusters=3
[2026-01-29 14:30:01,922] [INFO] Model initialized on device: cuda:0
[2026-01-29 14:30:01,922] [INFO] [CLIENT INIT] Mode=SH | Sparsity=ON (UsedSparsity=0.2) | Clusters=OFF (UsedClusters=-) | EnvSparsityCfg={'Conv': 0.2, 'Linear': 0.2, 'Bias': 0.0, 'BatchNorm': 0.0} | EnvNClusters=3
[2026-01-29 14:30:02,016] [INFO] Model initialized on device: cuda:0
[2026-01-29 14:30:02,016] [INFO] [CLIENT INIT] Mode=SH | Sparsity=ON (UsedSparsity=0.2) | Clusters=OFF (UsedClusters=-) | EnvSparsityCfg={'Conv': 0.2, 'Linear': 0.2, 'Bias': 0.0, 'BatchNorm': 0.0} | EnvNClusters=3
[2026-01-29 14:30:02,017] [INFO] Model initialized on device: cuda:0
[2026-01-29 14:30:02,018] [INFO] [CLIENT INIT] Mode=SH | Sparsity=ON (UsedSparsity=0.2) | Clusters=OFF (UsedClusters=-) | EnvSparsityCfg={'Conv': 0.2, 'Linear': 0.2, 'Bias': 0.0, 'BatchNorm': 0.0} | EnvNClusters=3
[2026-01-29 14:30:02,020] [INFO] Model initialized on device: cuda:0
[2026-01-29 14:30:02,020] [INFO] [CLIENT INIT] Mode=SH | Sparsity=ON (UsedSparsity=0.2) | Clusters=OFF (UsedClusters=-) | EnvSparsityCfg={'Conv': 0.2, 'Linear': 0.2, 'Bias': 0.0, 'BatchNorm': 0.0} | EnvNClusters=3
[2026-01-29 14:31:48,253] [INFO] [TRAIN] Epoch 4 Loss: 0.1736
[2026-01-29 14:32:18,937] [INFO] Model initialized on device: cuda:0
[2026-01-29 14:32:18,937] [INFO] [CLIENT INIT] Mode=SH | Sparsity=ON (UsedSparsity=0.2) | Clusters=OFF (UsedClusters=-) | EnvSparsityCfg={'Conv': 0.2, 'Linear': 0.2, 'Bias': 0.0, 'BatchNorm': 0.0} | EnvNClusters=3
[2026-01-29 14:32:22,115] [INFO] Model initialized on device: cuda:0
[2026-01-29 14:32:22,115] [INFO] [CLIENT INIT] Mode=SH | Sparsity=ON (UsedSparsity=0.2) | Clusters=OFF (UsedClusters=-) | EnvSparsityCfg={'Conv': 0.2, 'Linear': 0.2, 'Bias': 0.0, 'BatchNorm': 0.0} | EnvNClusters=3
[2026-01-29 14:32:22,814] [INFO] Model initialized on device: cuda:0
[2026-01-29 14:32:22,814] [INFO] [CLIENT INIT] Mode=SH | Sparsity=ON (UsedSparsity=0.2) | Clusters=OFF (UsedClusters=-) | EnvSparsityCfg={'Conv': 0.2, 'Linear': 0.2, 'Bias': 0.0, 'BatchNorm': 0.0} | EnvNClusters=3
[2026-01-29 14:32:30,414] [INFO] Model initialized on device: cuda:0
[2026-01-29 14:32:30,414] [INFO] [CLIENT INIT] Mode=SH | Sparsity=ON (UsedSparsity=0.2) | Clusters=OFF (UsedClusters=-) | EnvSparsityCfg={'Conv': 0.2, 'Linear': 0.2, 'Bias': 0.0, 'BatchNorm': 0.0} | EnvNClusters=3
[2026-01-29 14:32:30,415] [INFO] Model initialized on device: cuda:0
[2026-01-29 14:32:30,415] [INFO] [CLIENT INIT] Mode=SH | Sparsity=ON (UsedSparsity=0.2) | Clusters=OFF (UsedClusters=-) | EnvSparsityCfg={'Conv': 0.2, 'Linear': 0.2, 'Bias': 0.0, 'BatchNorm': 0.0} | EnvNClusters=3
[2026-01-29 14:32:30,523] [INFO] Model initialized on device: cuda:0
[2026-01-29 14:32:30,523] [INFO] [CLIENT INIT] Mode=SH | Sparsity=ON (UsedSparsity=0.2) | Clusters=OFF (UsedClusters=-) | EnvSparsityCfg={'Conv': 0.2, 'Linear': 0.2, 'Bias': 0.0, 'BatchNorm': 0.0} | EnvNClusters=3
[2026-01-29 14:32:30,530] [INFO] Model initialized on device: cuda:0
[2026-01-29 14:32:30,531] [INFO] [CLIENT INIT] Mode=SH | Sparsity=ON (UsedSparsity=0.2) | Clusters=OFF (UsedClusters=-) | EnvSparsityCfg={'Conv': 0.2, 'Linear': 0.2, 'Bias': 0.0, 'BatchNorm': 0.0} | EnvNClusters=3
[2026-01-29 14:32:30,621] [INFO] Model initialized on device: cuda:0
[2026-01-29 14:32:30,621] [INFO] [CLIENT INIT] Mode=SH | Sparsity=ON (UsedSparsity=0.2) | Clusters=OFF (UsedClusters=-) | EnvSparsityCfg={'Conv': 0.2, 'Linear': 0.2, 'Bias': 0.0, 'BatchNorm': 0.0} | EnvNClusters=3
[2026-01-29 14:32:30,627] [INFO] Model initialized on device: cuda:0
[2026-01-29 14:32:30,627] [INFO] [CLIENT INIT] Mode=SH | Sparsity=ON (UsedSparsity=0.2) | Clusters=OFF (UsedClusters=-) | EnvSparsityCfg={'Conv': 0.2, 'Linear': 0.2, 'Bias': 0.0, 'BatchNorm': 0.0} | EnvNClusters=3
[2026-01-29 14:32:30,630] [INFO] Model initialized on device: cuda:0
[2026-01-29 14:32:30,630] [INFO] [CLIENT INIT] Mode=SH | Sparsity=ON (UsedSparsity=0.2) | Clusters=OFF (UsedClusters=-) | EnvSparsityCfg={'Conv': 0.2, 'Linear': 0.2, 'Bias': 0.0, 'BatchNorm': 0.0} | EnvNClusters=3
[2026-01-29 14:34:09,816] [INFO] [TRAIN] Epoch 5 Loss: 0.1647
[2026-01-29 14:34:09,817] [INFO] [FIT] Local training finished. Avg Loss: 0.1905
[2026-01-29 14:34:50,834] [INFO] Model initialized on device: cuda:0
[2026-01-29 14:34:50,834] [INFO] [CLIENT INIT] Mode=SH | Sparsity=ON (UsedSparsity=0.2) | Clusters=OFF (UsedClusters=-) | EnvSparsityCfg={'Conv': 0.2, 'Linear': 0.2, 'Bias': 0.0, 'BatchNorm': 0.0} | EnvNClusters=3
[2026-01-29 14:34:51,221] [INFO] Model initialized on device: cuda:0
[2026-01-29 14:34:51,221] [INFO] Model initialized on device: cuda:0
[2026-01-29 14:34:51,221] [INFO] [CLIENT INIT] Mode=SH | Sparsity=ON (UsedSparsity=0.2) | Clusters=OFF (UsedClusters=-) | EnvSparsityCfg={'Conv': 0.2, 'Linear': 0.2, 'Bias': 0.0, 'BatchNorm': 0.0} | EnvNClusters=3
[2026-01-29 14:34:51,221] [INFO] [CLIENT INIT] Mode=SH | Sparsity=ON (UsedSparsity=0.2) | Clusters=OFF (UsedClusters=-) | EnvSparsityCfg={'Conv': 0.2, 'Linear': 0.2, 'Bias': 0.0, 'BatchNorm': 0.0} | EnvNClusters=3
[2026-01-29 14:34:51,243] [INFO] Model initialized on device: cuda:0
[2026-01-29 14:34:51,243] [INFO] [CLIENT INIT] Mode=SH | Sparsity=ON (UsedSparsity=0.2) | Clusters=OFF (UsedClusters=-) | EnvSparsityCfg={'Conv': 0.2, 'Linear': 0.2, 'Bias': 0.0, 'BatchNorm': 0.0} | EnvNClusters=3
[2026-01-29 14:34:51,258] [INFO] Model initialized on device: cuda:0
[2026-01-29 14:34:51,258] [INFO] [CLIENT INIT] Mode=SH | Sparsity=ON (UsedSparsity=0.2) | Clusters=OFF (UsedClusters=-) | EnvSparsityCfg={'Conv': 0.2, 'Linear': 0.2, 'Bias': 0.0, 'BatchNorm': 0.0} | EnvNClusters=3
[2026-01-29 14:34:51,413] [INFO] Model initialized on device: cuda:0
[2026-01-29 14:34:51,413] [INFO] [CLIENT INIT] Mode=SH | Sparsity=ON (UsedSparsity=0.2) | Clusters=OFF (UsedClusters=-) | EnvSparsityCfg={'Conv': 0.2, 'Linear': 0.2, 'Bias': 0.0, 'BatchNorm': 0.0} | EnvNClusters=3
[2026-01-29 14:34:51,424] [INFO] Model initialized on device: cuda:0
[2026-01-29 14:34:51,424] [INFO] [CLIENT INIT] Mode=SH | Sparsity=ON (UsedSparsity=0.2) | Clusters=OFF (UsedClusters=-) | EnvSparsityCfg={'Conv': 0.2, 'Linear': 0.2, 'Bias': 0.0, 'BatchNorm': 0.0} | EnvNClusters=3
[2026-01-29 14:34:51,445] [INFO] Model initialized on device: cuda:0
[2026-01-29 14:34:51,445] [INFO] [CLIENT INIT] Mode=SH | Sparsity=ON (UsedSparsity=0.2) | Clusters=OFF (UsedClusters=-) | EnvSparsityCfg={'Conv': 0.2, 'Linear': 0.2, 'Bias': 0.0, 'BatchNorm': 0.0} | EnvNClusters=3
[2026-01-29 14:34:51,446] [INFO] Model initialized on device: cuda:0
[2026-01-29 14:34:51,446] [INFO] [CLIENT INIT] Mode=SH | Sparsity=ON (UsedSparsity=0.2) | Clusters=OFF (UsedClusters=-) | EnvSparsityCfg={'Conv': 0.2, 'Linear': 0.2, 'Bias': 0.0, 'BatchNorm': 0.0} | EnvNClusters=3
[2026-01-29 14:34:51,448] [INFO] Model initialized on device: cuda:0
[2026-01-29 14:34:51,448] [INFO] [CLIENT INIT] Mode=SH | Sparsity=ON (UsedSparsity=0.2) | Clusters=OFF (UsedClusters=-) | EnvSparsityCfg={'Conv': 0.2, 'Linear': 0.2, 'Bias': 0.0, 'BatchNorm': 0.0} | EnvNClusters=3
[2026-01-29 14:34:57,316] [DEBUG] [TEST] Batch 1 | Pred shape: torch.Size([256, 256, 160]) | Label shape: torch.Size([256, 256, 160])
[2026-01-29 14:34:57,511] [DEBUG] [TEST] Batch 2 | Pred shape: torch.Size([256, 256, 160]) | Label shape: torch.Size([256, 256, 160])
[2026-01-29 14:34:59,116] [DEBUG] [TEST] Batch 3 | Pred shape: torch.Size([256, 256, 160]) | Label shape: torch.Size([256, 256, 160])
[2026-01-29 14:34:59,250] [DEBUG] [TEST] Batch 4 | Pred shape: torch.Size([256, 256, 160]) | Label shape: torch.Size([256, 256, 160])
[2026-01-29 14:34:59,355] [DEBUG] [TEST] Batch 5 | Pred shape: torch.Size([256, 256, 160]) | Label shape: torch.Size([256, 256, 160])
[2026-01-29 14:34:59,547] [DEBUG] [TEST] Batch 6 | Pred shape: torch.Size([256, 256, 160]) | Label shape: torch.Size([256, 256, 160])
[2026-01-29 14:34:59,808] [DEBUG] [TEST] Batch 7 | Pred shape: torch.Size([256, 256, 160]) | Label shape: torch.Size([256, 256, 160])
[2026-01-29 14:35:00,120] [DEBUG] [TEST] Batch 8 | Pred shape: torch.Size([256, 256, 160]) | Label shape: torch.Size([256, 256, 160])
[2026-01-29 14:35:00,411] [DEBUG] [TEST] Batch 9 | Pred shape: torch.Size([256, 256, 160]) | Label shape: torch.Size([256, 256, 160])
[2026-01-29 14:35:00,513] [DEBUG] [TEST] Batch 10 | Pred shape: torch.Size([256, 256, 160]) | Label shape: torch.Size([256, 256, 160])
[2026-01-29 14:35:02,214] [DEBUG] [TEST] Batch 11 | Pred shape: torch.Size([256, 256, 160]) | Label shape: torch.Size([256, 256, 160])
[2026-01-29 14:35:02,321] [DEBUG] [TEST] Batch 12 | Pred shape: torch.Size([256, 256, 160]) | Label shape: torch.Size([256, 256, 160])
[2026-01-29 14:35:02,708] [DEBUG] [TEST] Batch 13 | Pred shape: torch.Size([256, 256, 160]) | Label shape: torch.Size([256, 256, 160])
[2026-01-29 14:35:02,764] [DEBUG] [TEST] Batch 14 | Pred shape: torch.Size([256, 256, 160]) | Label shape: torch.Size([256, 256, 160])
[2026-01-29 14:35:02,844] [DEBUG] [TEST] Batch 15 | Pred shape: torch.Size([256, 256, 160]) | Label shape: torch.Size([256, 256, 160])
[2026-01-29 14:35:02,915] [DEBUG] [TEST] Batch 16 | Pred shape: torch.Size([256, 256, 160]) | Label shape: torch.Size([256, 256, 160])
[2026-01-29 14:35:08,518] [INFO] [FIT] Final model saved to: Revision2/Run_UNET_NonIID_SH20_20260129/Client3/model_final.pth
[2026-01-29 14:35:24,816] [INFO] [COMM][CLIENT] Round=-1 Mode=SH UsedSparsity=0.2 UsedClusters=- BaselineBits=154016352.0 CompressedBits=166094017.8 CR=0.927
[2026-01-29 14:43:30,757] [INFO] [EVALUATE] Starting evaluation...
[2026-01-29 14:43:32,013] [INFO] [DEBUG] Loaded compressed decoded weights.
[2026-01-29 14:44:38,812] [INFO] Model initialized on device: cuda:0
[2026-01-29 14:44:38,812] [INFO] [CLIENT INIT] Mode=SH | Sparsity=ON (UsedSparsity=0.2) | Clusters=OFF (UsedClusters=-) | EnvSparsityCfg={'Conv': 0.2, 'Linear': 0.2, 'Bias': 0.0, 'BatchNorm': 0.0} | EnvNClusters=3
[2026-01-29 14:44:38,957] [INFO] Model initialized on device: cuda:0
[2026-01-29 14:44:38,958] [INFO] [CLIENT INIT] Mode=SH | Sparsity=ON (UsedSparsity=0.2) | Clusters=OFF (UsedClusters=-) | EnvSparsityCfg={'Conv': 0.2, 'Linear': 0.2, 'Bias': 0.0, 'BatchNorm': 0.0} | EnvNClusters=3
[2026-01-29 14:44:39,324] [INFO] Model initialized on device: cuda:0
[2026-01-29 14:44:39,324] [INFO] [CLIENT INIT] Mode=SH | Sparsity=ON (UsedSparsity=0.2) | Clusters=OFF (UsedClusters=-) | EnvSparsityCfg={'Conv': 0.2, 'Linear': 0.2, 'Bias': 0.0, 'BatchNorm': 0.0} | EnvNClusters=3
[2026-01-29 14:44:39,820] [INFO] Model initialized on device: cuda:0
[2026-01-29 14:44:39,820] [INFO] [CLIENT INIT] Mode=SH | Sparsity=ON (UsedSparsity=0.2) | Clusters=OFF (UsedClusters=-) | EnvSparsityCfg={'Conv': 0.2, 'Linear': 0.2, 'Bias': 0.0, 'BatchNorm': 0.0} | EnvNClusters=3
[2026-01-29 14:44:39,942] [INFO] Model initialized on device: cuda:0
[2026-01-29 14:44:39,942] [INFO] [CLIENT INIT] Mode=SH | Sparsity=ON (UsedSparsity=0.2) | Clusters=OFF (UsedClusters=-) | EnvSparsityCfg={'Conv': 0.2, 'Linear': 0.2, 'Bias': 0.0, 'BatchNorm': 0.0} | EnvNClusters=3
[2026-01-29 14:44:40,033] [INFO] Model initialized on device: cuda:0
[2026-01-29 14:44:40,033] [INFO] [CLIENT INIT] Mode=SH | Sparsity=ON (UsedSparsity=0.2) | Clusters=OFF (UsedClusters=-) | EnvSparsityCfg={'Conv': 0.2, 'Linear': 0.2, 'Bias': 0.0, 'BatchNorm': 0.0} | EnvNClusters=3
[2026-01-29 14:44:40,038] [INFO] Model initialized on device: cuda:0
[2026-01-29 14:44:40,038] [INFO] [CLIENT INIT] Mode=SH | Sparsity=ON (UsedSparsity=0.2) | Clusters=OFF (UsedClusters=-) | EnvSparsityCfg={'Conv': 0.2, 'Linear': 0.2, 'Bias': 0.0, 'BatchNorm': 0.0} | EnvNClusters=3
[2026-01-29 14:44:40,040] [INFO] Model initialized on device: cuda:0
[2026-01-29 14:44:40,041] [INFO] [CLIENT INIT] Mode=SH | Sparsity=ON (UsedSparsity=0.2) | Clusters=OFF (UsedClusters=-) | EnvSparsityCfg={'Conv': 0.2, 'Linear': 0.2, 'Bias': 0.0, 'BatchNorm': 0.0} | EnvNClusters=3
[2026-01-29 14:44:40,141] [INFO] Model initialized on device: cuda:0
[2026-01-29 14:44:40,142] [INFO] [CLIENT INIT] Mode=SH | Sparsity=ON (UsedSparsity=0.2) | Clusters=OFF (UsedClusters=-) | EnvSparsityCfg={'Conv': 0.2, 'Linear': 0.2, 'Bias': 0.0, 'BatchNorm': 0.0} | EnvNClusters=3
[2026-01-29 14:44:40,223] [INFO] Model initialized on device: cuda:0
[2026-01-29 14:44:40,223] [INFO] [CLIENT INIT] Mode=SH | Sparsity=ON (UsedSparsity=0.2) | Clusters=OFF (UsedClusters=-) | EnvSparsityCfg={'Conv': 0.2, 'Linear': 0.2, 'Bias': 0.0, 'BatchNorm': 0.0} | EnvNClusters=3
[2026-01-29 14:44:48,522] [DEBUG] [TEST] Batch 1 | Pred shape: torch.Size([256, 256, 160]) | Label shape: torch.Size([256, 256, 160])
[2026-01-29 14:44:48,715] [DEBUG] [TEST] Batch 2 | Pred shape: torch.Size([256, 256, 160]) | Label shape: torch.Size([256, 256, 160])
[2026-01-29 14:44:48,816] [DEBUG] [TEST] Batch 3 | Pred shape: torch.Size([256, 256, 160]) | Label shape: torch.Size([256, 256, 160])
[2026-01-29 14:44:48,917] [DEBUG] [TEST] Batch 4 | Pred shape: torch.Size([256, 256, 160]) | Label shape: torch.Size([256, 256, 160])
[2026-01-29 14:44:49,112] [DEBUG] [TEST] Batch 5 | Pred shape: torch.Size([256, 256, 160]) | Label shape: torch.Size([256, 256, 160])
[2026-01-29 14:44:50,136] [DEBUG] [TEST] Batch 6 | Pred shape: torch.Size([256, 256, 160]) | Label shape: torch.Size([256, 256, 160])
[2026-01-29 14:44:50,437] [DEBUG] [TEST] Batch 7 | Pred shape: torch.Size([256, 256, 160]) | Label shape: torch.Size([256, 256, 160])
[2026-01-29 14:44:50,736] [DEBUG] [TEST] Batch 8 | Pred shape: torch.Size([256, 256, 160]) | Label shape: torch.Size([256, 256, 160])
[2026-01-29 14:44:51,039] [DEBUG] [TEST] Batch 9 | Pred shape: torch.Size([256, 256, 160]) | Label shape: torch.Size([256, 256, 160])
[2026-01-29 14:44:51,336] [DEBUG] [TEST] Batch 10 | Pred shape: torch.Size([256, 256, 160]) | Label shape: torch.Size([256, 256, 160])
[2026-01-29 14:44:53,521] [DEBUG] [TEST] Batch 11 | Pred shape: torch.Size([256, 256, 160]) | Label shape: torch.Size([256, 256, 160])
[2026-01-29 14:44:53,615] [DEBUG] [TEST] Batch 12 | Pred shape: torch.Size([256, 256, 160]) | Label shape: torch.Size([256, 256, 160])
[2026-01-29 14:44:53,709] [DEBUG] [TEST] Batch 13 | Pred shape: torch.Size([256, 256, 160]) | Label shape: torch.Size([256, 256, 160])
[2026-01-29 14:44:53,810] [DEBUG] [TEST] Batch 14 | Pred shape: torch.Size([256, 256, 160]) | Label shape: torch.Size([256, 256, 160])
[2026-01-29 14:44:54,029] [DEBUG] [TEST] Batch 15 | Pred shape: torch.Size([256, 256, 160]) | Label shape: torch.Size([256, 256, 160])
[2026-01-29 14:44:54,255] [DEBUG] [TEST] Batch 16 | Pred shape: torch.Size([256, 256, 160]) | Label shape: torch.Size([256, 256, 160])
[2026-01-29 14:45:03,547] [INFO] [EVALUATE] Dice WT: 0.7021
[2026-01-29 14:45:18,724] [INFO] [FIT] Received parameters. Starting local training...
[2026-01-29 14:45:20,815] [INFO] [DEBUG] Loaded compressed decoded weights.
[2026-01-29 14:46:20,751] [INFO] Model initialized on device: cuda:0
[2026-01-29 14:46:20,751] [INFO] [CLIENT INIT] Mode=SH | Sparsity=ON (UsedSparsity=0.2) | Clusters=OFF (UsedClusters=-) | EnvSparsityCfg={'Conv': 0.2, 'Linear': 0.2, 'Bias': 0.0, 'BatchNorm': 0.0} | EnvNClusters=3
[2026-01-29 14:46:24,232] [INFO] Model initialized on device: cuda:0
[2026-01-29 14:46:24,232] [INFO] [CLIENT INIT] Mode=SH | Sparsity=ON (UsedSparsity=0.2) | Clusters=OFF (UsedClusters=-) | EnvSparsityCfg={'Conv': 0.2, 'Linear': 0.2, 'Bias': 0.0, 'BatchNorm': 0.0} | EnvNClusters=3
[2026-01-29 14:46:24,425] [INFO] Model initialized on device: cuda:0
[2026-01-29 14:46:24,425] [INFO] [CLIENT INIT] Mode=SH | Sparsity=ON (UsedSparsity=0.2) | Clusters=OFF (UsedClusters=-) | EnvSparsityCfg={'Conv': 0.2, 'Linear': 0.2, 'Bias': 0.0, 'BatchNorm': 0.0} | EnvNClusters=3
[2026-01-29 14:46:24,814] [INFO] Model initialized on device: cuda:0
[2026-01-29 14:46:24,814] [INFO] [CLIENT INIT] Mode=SH | Sparsity=ON (UsedSparsity=0.2) | Clusters=OFF (UsedClusters=-) | EnvSparsityCfg={'Conv': 0.2, 'Linear': 0.2, 'Bias': 0.0, 'BatchNorm': 0.0} | EnvNClusters=3
[2026-01-29 14:46:25,138] [INFO] Model initialized on device: cuda:0
[2026-01-29 14:46:25,138] [INFO] [CLIENT INIT] Mode=SH | Sparsity=ON (UsedSparsity=0.2) | Clusters=OFF (UsedClusters=-) | EnvSparsityCfg={'Conv': 0.2, 'Linear': 0.2, 'Bias': 0.0, 'BatchNorm': 0.0} | EnvNClusters=3
[2026-01-29 14:46:25,419] [INFO] Model initialized on device: cuda:0
[2026-01-29 14:46:25,419] [INFO] [CLIENT INIT] Mode=SH | Sparsity=ON (UsedSparsity=0.2) | Clusters=OFF (UsedClusters=-) | EnvSparsityCfg={'Conv': 0.2, 'Linear': 0.2, 'Bias': 0.0, 'BatchNorm': 0.0} | EnvNClusters=3
[2026-01-29 14:46:25,516] [INFO] Model initialized on device: cuda:0
[2026-01-29 14:46:25,516] [INFO] [CLIENT INIT] Mode=SH | Sparsity=ON (UsedSparsity=0.2) | Clusters=OFF (UsedClusters=-) | EnvSparsityCfg={'Conv': 0.2, 'Linear': 0.2, 'Bias': 0.0, 'BatchNorm': 0.0} | EnvNClusters=3
[2026-01-29 14:46:25,516] [INFO] Model initialized on device: cuda:0
[2026-01-29 14:46:25,516] [INFO] [CLIENT INIT] Mode=SH | Sparsity=ON (UsedSparsity=0.2) | Clusters=OFF (UsedClusters=-) | EnvSparsityCfg={'Conv': 0.2, 'Linear': 0.2, 'Bias': 0.0, 'BatchNorm': 0.0} | EnvNClusters=3
[2026-01-29 14:46:25,533] [INFO] Model initialized on device: cuda:0
[2026-01-29 14:46:25,533] [INFO] [CLIENT INIT] Mode=SH | Sparsity=ON (UsedSparsity=0.2) | Clusters=OFF (UsedClusters=-) | EnvSparsityCfg={'Conv': 0.2, 'Linear': 0.2, 'Bias': 0.0, 'BatchNorm': 0.0} | EnvNClusters=3
[2026-01-29 14:46:25,613] [INFO] Model initialized on device: cuda:0
[2026-01-29 14:46:25,613] [INFO] [CLIENT INIT] Mode=SH | Sparsity=ON (UsedSparsity=0.2) | Clusters=OFF (UsedClusters=-) | EnvSparsityCfg={'Conv': 0.2, 'Linear': 0.2, 'Bias': 0.0, 'BatchNorm': 0.0} | EnvNClusters=3
[2026-01-29 14:48:21,137] [INFO] [TRAIN] Epoch 1 Loss: 0.2304
[2026-01-29 14:49:17,714] [INFO] Model initialized on device: cuda:0
[2026-01-29 14:49:17,714] [INFO] [CLIENT INIT] Mode=SH | Sparsity=ON (UsedSparsity=0.2) | Clusters=OFF (UsedClusters=-) | EnvSparsityCfg={'Conv': 0.2, 'Linear': 0.2, 'Bias': 0.0, 'BatchNorm': 0.0} | EnvNClusters=3
[2026-01-29 14:49:17,818] [INFO] Model initialized on device: cuda:0
[2026-01-29 14:49:17,819] [INFO] [CLIENT INIT] Mode=SH | Sparsity=ON (UsedSparsity=0.2) | Clusters=OFF (UsedClusters=-) | EnvSparsityCfg={'Conv': 0.2, 'Linear': 0.2, 'Bias': 0.0, 'BatchNorm': 0.0} | EnvNClusters=3
[2026-01-29 14:49:18,121] [INFO] Model initialized on device: cuda:0
[2026-01-29 14:49:18,121] [INFO] [CLIENT INIT] Mode=SH | Sparsity=ON (UsedSparsity=0.2) | Clusters=OFF (UsedClusters=-) | EnvSparsityCfg={'Conv': 0.2, 'Linear': 0.2, 'Bias': 0.0, 'BatchNorm': 0.0} | EnvNClusters=3
[2026-01-29 14:49:18,415] [INFO] Model initialized on device: cuda:0
[2026-01-29 14:49:18,416] [INFO] [CLIENT INIT] Mode=SH | Sparsity=ON (UsedSparsity=0.2) | Clusters=OFF (UsedClusters=-) | EnvSparsityCfg={'Conv': 0.2, 'Linear': 0.2, 'Bias': 0.0, 'BatchNorm': 0.0} | EnvNClusters=3
[2026-01-29 14:49:18,515] [INFO] Model initialized on device: cuda:0
[2026-01-29 14:49:18,516] [INFO] [CLIENT INIT] Mode=SH | Sparsity=ON (UsedSparsity=0.2) | Clusters=OFF (UsedClusters=-) | EnvSparsityCfg={'Conv': 0.2, 'Linear': 0.2, 'Bias': 0.0, 'BatchNorm': 0.0} | EnvNClusters=3
[2026-01-29 14:49:18,713] [INFO] Model initialized on device: cuda:0
[2026-01-29 14:49:18,713] [INFO] [CLIENT INIT] Mode=SH | Sparsity=ON (UsedSparsity=0.2) | Clusters=OFF (UsedClusters=-) | EnvSparsityCfg={'Conv': 0.2, 'Linear': 0.2, 'Bias': 0.0, 'BatchNorm': 0.0} | EnvNClusters=3
[2026-01-29 14:49:18,722] [INFO] Model initialized on device: cuda:0
[2026-01-29 14:49:18,722] [INFO] [CLIENT INIT] Mode=SH | Sparsity=ON (UsedSparsity=0.2) | Clusters=OFF (UsedClusters=-) | EnvSparsityCfg={'Conv': 0.2, 'Linear': 0.2, 'Bias': 0.0, 'BatchNorm': 0.0} | EnvNClusters=3
[2026-01-29 14:49:18,830] [INFO] Model initialized on device: cuda:0
[2026-01-29 14:49:18,831] [INFO] [CLIENT INIT] Mode=SH | Sparsity=ON (UsedSparsity=0.2) | Clusters=OFF (UsedClusters=-) | EnvSparsityCfg={'Conv': 0.2, 'Linear': 0.2, 'Bias': 0.0, 'BatchNorm': 0.0} | EnvNClusters=3
[2026-01-29 14:49:18,834] [INFO] Model initialized on device: cuda:0
[2026-01-29 14:49:18,834] [INFO] [CLIENT INIT] Mode=SH | Sparsity=ON (UsedSparsity=0.2) | Clusters=OFF (UsedClusters=-) | EnvSparsityCfg={'Conv': 0.2, 'Linear': 0.2, 'Bias': 0.0, 'BatchNorm': 0.0} | EnvNClusters=3
[2026-01-29 14:49:18,835] [INFO] Model initialized on device: cuda:0
[2026-01-29 14:49:18,836] [INFO] [CLIENT INIT] Mode=SH | Sparsity=ON (UsedSparsity=0.2) | Clusters=OFF (UsedClusters=-) | EnvSparsityCfg={'Conv': 0.2, 'Linear': 0.2, 'Bias': 0.0, 'BatchNorm': 0.0} | EnvNClusters=3
[2026-01-29 14:51:10,915] [INFO] [TRAIN] Epoch 2 Loss: 0.1923
[2026-01-29 14:51:43,911] [INFO] Model initialized on device: cuda:0
[2026-01-29 14:51:43,911] [INFO] [CLIENT INIT] Mode=SH | Sparsity=ON (UsedSparsity=0.2) | Clusters=OFF (UsedClusters=-) | EnvSparsityCfg={'Conv': 0.2, 'Linear': 0.2, 'Bias': 0.0, 'BatchNorm': 0.0} | EnvNClusters=3
[2026-01-29 14:51:47,223] [INFO] Model initialized on device: cuda:0
[2026-01-29 14:51:47,223] [INFO] [CLIENT INIT] Mode=SH | Sparsity=ON (UsedSparsity=0.2) | Clusters=OFF (UsedClusters=-) | EnvSparsityCfg={'Conv': 0.2, 'Linear': 0.2, 'Bias': 0.0, 'BatchNorm': 0.0} | EnvNClusters=3
[2026-01-29 14:51:47,224] [INFO] Model initialized on device: cuda:0
[2026-01-29 14:51:47,224] [INFO] [CLIENT INIT] Mode=SH | Sparsity=ON (UsedSparsity=0.2) | Clusters=OFF (UsedClusters=-) | EnvSparsityCfg={'Conv': 0.2, 'Linear': 0.2, 'Bias': 0.0, 'BatchNorm': 0.0} | EnvNClusters=3
[2026-01-29 14:51:52,721] [INFO] Model initialized on device: cuda:0
[2026-01-29 14:51:52,721] [INFO] [CLIENT INIT] Mode=SH | Sparsity=ON (UsedSparsity=0.2) | Clusters=OFF (UsedClusters=-) | EnvSparsityCfg={'Conv': 0.2, 'Linear': 0.2, 'Bias': 0.0, 'BatchNorm': 0.0} | EnvNClusters=3
[2026-01-29 14:51:54,619] [INFO] Model initialized on device: cuda:0
[2026-01-29 14:51:54,619] [INFO] [CLIENT INIT] Mode=SH | Sparsity=ON (UsedSparsity=0.2) | Clusters=OFF (UsedClusters=-) | EnvSparsityCfg={'Conv': 0.2, 'Linear': 0.2, 'Bias': 0.0, 'BatchNorm': 0.0} | EnvNClusters=3
[2026-01-29 14:51:55,119] [INFO] Model initialized on device: cuda:0
[2026-01-29 14:51:55,119] [INFO] [CLIENT INIT] Mode=SH | Sparsity=ON (UsedSparsity=0.2) | Clusters=OFF (UsedClusters=-) | EnvSparsityCfg={'Conv': 0.2, 'Linear': 0.2, 'Bias': 0.0, 'BatchNorm': 0.0} | EnvNClusters=3
[2026-01-29 14:51:55,142] [INFO] Model initialized on device: cuda:0
[2026-01-29 14:51:55,142] [INFO] [CLIENT INIT] Mode=SH | Sparsity=ON (UsedSparsity=0.2) | Clusters=OFF (UsedClusters=-) | EnvSparsityCfg={'Conv': 0.2, 'Linear': 0.2, 'Bias': 0.0, 'BatchNorm': 0.0} | EnvNClusters=3
[2026-01-29 14:51:55,147] [INFO] Model initialized on device: cuda:0
[2026-01-29 14:51:55,147] [INFO] [CLIENT INIT] Mode=SH | Sparsity=ON (UsedSparsity=0.2) | Clusters=OFF (UsedClusters=-) | EnvSparsityCfg={'Conv': 0.2, 'Linear': 0.2, 'Bias': 0.0, 'BatchNorm': 0.0} | EnvNClusters=3
[2026-01-29 14:51:55,224] [INFO] Model initialized on device: cuda:0
[2026-01-29 14:51:55,224] [INFO] [CLIENT INIT] Mode=SH | Sparsity=ON (UsedSparsity=0.2) | Clusters=OFF (UsedClusters=-) | EnvSparsityCfg={'Conv': 0.2, 'Linear': 0.2, 'Bias': 0.0, 'BatchNorm': 0.0} | EnvNClusters=3
[2026-01-29 14:51:55,224] [INFO] Model initialized on device: cuda:0
[2026-01-29 14:51:55,225] [INFO] [CLIENT INIT] Mode=SH | Sparsity=ON (UsedSparsity=0.2) | Clusters=OFF (UsedClusters=-) | EnvSparsityCfg={'Conv': 0.2, 'Linear': 0.2, 'Bias': 0.0, 'BatchNorm': 0.0} | EnvNClusters=3
[2026-01-29 14:53:43,837] [INFO] [TRAIN] Epoch 3 Loss: 0.1756
[2026-01-29 14:54:17,821] [INFO] Model initialized on device: cuda:0
[2026-01-29 14:54:17,821] [INFO] [CLIENT INIT] Mode=SH | Sparsity=ON (UsedSparsity=0.2) | Clusters=OFF (UsedClusters=-) | EnvSparsityCfg={'Conv': 0.2, 'Linear': 0.2, 'Bias': 0.0, 'BatchNorm': 0.0} | EnvNClusters=3
[2026-01-29 14:54:21,321] [INFO] Model initialized on device: cuda:0
[2026-01-29 14:54:21,322] [INFO] [CLIENT INIT] Mode=SH | Sparsity=ON (UsedSparsity=0.2) | Clusters=OFF (UsedClusters=-) | EnvSparsityCfg={'Conv': 0.2, 'Linear': 0.2, 'Bias': 0.0, 'BatchNorm': 0.0} | EnvNClusters=3
[2026-01-29 14:54:25,512] [INFO] Model initialized on device: cuda:0
[2026-01-29 14:54:25,512] [INFO] [CLIENT INIT] Mode=SH | Sparsity=ON (UsedSparsity=0.2) | Clusters=OFF (UsedClusters=-) | EnvSparsityCfg={'Conv': 0.2, 'Linear': 0.2, 'Bias': 0.0, 'BatchNorm': 0.0} | EnvNClusters=3
[2026-01-29 14:54:30,219] [INFO] Model initialized on device: cuda:0
[2026-01-29 14:54:30,219] [INFO] [CLIENT INIT] Mode=SH | Sparsity=ON (UsedSparsity=0.2) | Clusters=OFF (UsedClusters=-) | EnvSparsityCfg={'Conv': 0.2, 'Linear': 0.2, 'Bias': 0.0, 'BatchNorm': 0.0} | EnvNClusters=3
[2026-01-29 14:54:30,227] [INFO] Model initialized on device: cuda:0
[2026-01-29 14:54:30,228] [INFO] [CLIENT INIT] Mode=SH | Sparsity=ON (UsedSparsity=0.2) | Clusters=OFF (UsedClusters=-) | EnvSparsityCfg={'Conv': 0.2, 'Linear': 0.2, 'Bias': 0.0, 'BatchNorm': 0.0} | EnvNClusters=3
[2026-01-29 14:54:30,230] [INFO] Model initialized on device: cuda:0
[2026-01-29 14:54:30,230] [INFO] [CLIENT INIT] Mode=SH | Sparsity=ON (UsedSparsity=0.2) | Clusters=OFF (UsedClusters=-) | EnvSparsityCfg={'Conv': 0.2, 'Linear': 0.2, 'Bias': 0.0, 'BatchNorm': 0.0} | EnvNClusters=3
[2026-01-29 14:54:30,309] [INFO] Model initialized on device: cuda:0
[2026-01-29 14:54:30,309] [INFO] [CLIENT INIT] Mode=SH | Sparsity=ON (UsedSparsity=0.2) | Clusters=OFF (UsedClusters=-) | EnvSparsityCfg={'Conv': 0.2, 'Linear': 0.2, 'Bias': 0.0, 'BatchNorm': 0.0} | EnvNClusters=3
[2026-01-29 14:54:30,313] [INFO] Model initialized on device: cuda:0
[2026-01-29 14:54:30,313] [INFO] [CLIENT INIT] Mode=SH | Sparsity=ON (UsedSparsity=0.2) | Clusters=OFF (UsedClusters=-) | EnvSparsityCfg={'Conv': 0.2, 'Linear': 0.2, 'Bias': 0.0, 'BatchNorm': 0.0} | EnvNClusters=3
[2026-01-29 14:54:30,332] [INFO] Model initialized on device: cuda:0
[2026-01-29 14:54:30,332] [INFO] [CLIENT INIT] Mode=SH | Sparsity=ON (UsedSparsity=0.2) | Clusters=OFF (UsedClusters=-) | EnvSparsityCfg={'Conv': 0.2, 'Linear': 0.2, 'Bias': 0.0, 'BatchNorm': 0.0} | EnvNClusters=3
[2026-01-29 14:54:30,332] [INFO] Model initialized on device: cuda:0
[2026-01-29 14:54:30,332] [INFO] [CLIENT INIT] Mode=SH | Sparsity=ON (UsedSparsity=0.2) | Clusters=OFF (UsedClusters=-) | EnvSparsityCfg={'Conv': 0.2, 'Linear': 0.2, 'Bias': 0.0, 'BatchNorm': 0.0} | EnvNClusters=3
[2026-01-29 14:56:13,426] [INFO] [TRAIN] Epoch 4 Loss: 0.1722
[2026-01-29 14:56:46,025] [INFO] Model initialized on device: cuda:0
[2026-01-29 14:56:46,025] [INFO] [CLIENT INIT] Mode=SH | Sparsity=ON (UsedSparsity=0.2) | Clusters=OFF (UsedClusters=-) | EnvSparsityCfg={'Conv': 0.2, 'Linear': 0.2, 'Bias': 0.0, 'BatchNorm': 0.0} | EnvNClusters=3
[2026-01-29 14:56:48,210] [INFO] Model initialized on device: cuda:0
[2026-01-29 14:56:48,210] [INFO] [CLIENT INIT] Mode=SH | Sparsity=ON (UsedSparsity=0.2) | Clusters=OFF (UsedClusters=-) | EnvSparsityCfg={'Conv': 0.2, 'Linear': 0.2, 'Bias': 0.0, 'BatchNorm': 0.0} | EnvNClusters=3
[2026-01-29 14:56:48,621] [INFO] Model initialized on device: cuda:0
[2026-01-29 14:56:48,621] [INFO] [CLIENT INIT] Mode=SH | Sparsity=ON (UsedSparsity=0.2) | Clusters=OFF (UsedClusters=-) | EnvSparsityCfg={'Conv': 0.2, 'Linear': 0.2, 'Bias': 0.0, 'BatchNorm': 0.0} | EnvNClusters=3
[2026-01-29 14:56:56,309] [INFO] Model initialized on device: cuda:0
[2026-01-29 14:56:56,309] [INFO] [CLIENT INIT] Mode=SH | Sparsity=ON (UsedSparsity=0.2) | Clusters=OFF (UsedClusters=-) | EnvSparsityCfg={'Conv': 0.2, 'Linear': 0.2, 'Bias': 0.0, 'BatchNorm': 0.0} | EnvNClusters=3
[2026-01-29 14:56:56,515] [INFO] Model initialized on device: cuda:0
[2026-01-29 14:56:56,515] [INFO] [CLIENT INIT] Mode=SH | Sparsity=ON (UsedSparsity=0.2) | Clusters=OFF (UsedClusters=-) | EnvSparsityCfg={'Conv': 0.2, 'Linear': 0.2, 'Bias': 0.0, 'BatchNorm': 0.0} | EnvNClusters=3
[2026-01-29 14:56:56,928] [INFO] Model initialized on device: cuda:0
[2026-01-29 14:56:56,928] [INFO] [CLIENT INIT] Mode=SH | Sparsity=ON (UsedSparsity=0.2) | Clusters=OFF (UsedClusters=-) | EnvSparsityCfg={'Conv': 0.2, 'Linear': 0.2, 'Bias': 0.0, 'BatchNorm': 0.0} | EnvNClusters=3
[2026-01-29 14:56:57,227] [INFO] Model initialized on device: cuda:0
[2026-01-29 14:56:57,227] [INFO] [CLIENT INIT] Mode=SH | Sparsity=ON (UsedSparsity=0.2) | Clusters=OFF (UsedClusters=-) | EnvSparsityCfg={'Conv': 0.2, 'Linear': 0.2, 'Bias': 0.0, 'BatchNorm': 0.0} | EnvNClusters=3
[2026-01-29 14:56:57,421] [INFO] Model initialized on device: cuda:0
[2026-01-29 14:56:57,422] [INFO] [CLIENT INIT] Mode=SH | Sparsity=ON (UsedSparsity=0.2) | Clusters=OFF (UsedClusters=-) | EnvSparsityCfg={'Conv': 0.2, 'Linear': 0.2, 'Bias': 0.0, 'BatchNorm': 0.0} | EnvNClusters=3
[2026-01-29 14:56:57,428] [INFO] Model initialized on device: cuda:0
[2026-01-29 14:56:57,428] [INFO] [CLIENT INIT] Mode=SH | Sparsity=ON (UsedSparsity=0.2) | Clusters=OFF (UsedClusters=-) | EnvSparsityCfg={'Conv': 0.2, 'Linear': 0.2, 'Bias': 0.0, 'BatchNorm': 0.0} | EnvNClusters=3
[2026-01-29 14:56:57,721] [INFO] Model initialized on device: cuda:0
[2026-01-29 14:56:57,721] [INFO] [CLIENT INIT] Mode=SH | Sparsity=ON (UsedSparsity=0.2) | Clusters=OFF (UsedClusters=-) | EnvSparsityCfg={'Conv': 0.2, 'Linear': 0.2, 'Bias': 0.0, 'BatchNorm': 0.0} | EnvNClusters=3
[2026-01-29 14:58:29,512] [INFO] [TRAIN] Epoch 5 Loss: 0.1636
[2026-01-29 14:58:29,514] [INFO] [FIT] Local training finished. Avg Loss: 0.1868
[2026-01-29 14:59:09,314] [INFO] Model initialized on device: cuda:0
[2026-01-29 14:59:09,314] [INFO] [CLIENT INIT] Mode=SH | Sparsity=ON (UsedSparsity=0.2) | Clusters=OFF (UsedClusters=-) | EnvSparsityCfg={'Conv': 0.2, 'Linear': 0.2, 'Bias': 0.0, 'BatchNorm': 0.0} | EnvNClusters=3
[2026-01-29 14:59:09,745] [INFO] Model initialized on device: cuda:0
[2026-01-29 14:59:09,745] [INFO] [CLIENT INIT] Mode=SH | Sparsity=ON (UsedSparsity=0.2) | Clusters=OFF (UsedClusters=-) | EnvSparsityCfg={'Conv': 0.2, 'Linear': 0.2, 'Bias': 0.0, 'BatchNorm': 0.0} | EnvNClusters=3
[2026-01-29 14:59:09,919] [INFO] Model initialized on device: cuda:0
[2026-01-29 14:59:09,919] [INFO] [CLIENT INIT] Mode=SH | Sparsity=ON (UsedSparsity=0.2) | Clusters=OFF (UsedClusters=-) | EnvSparsityCfg={'Conv': 0.2, 'Linear': 0.2, 'Bias': 0.0, 'BatchNorm': 0.0} | EnvNClusters=3
[2026-01-29 14:59:13,216] [INFO] Model initialized on device: cuda:0
[2026-01-29 14:59:13,216] [INFO] [CLIENT INIT] Mode=SH | Sparsity=ON (UsedSparsity=0.2) | Clusters=OFF (UsedClusters=-) | EnvSparsityCfg={'Conv': 0.2, 'Linear': 0.2, 'Bias': 0.0, 'BatchNorm': 0.0} | EnvNClusters=3
[2026-01-29 14:59:13,435] [INFO] Model initialized on device: cuda:0
[2026-01-29 14:59:13,435] [INFO] [CLIENT INIT] Mode=SH | Sparsity=ON (UsedSparsity=0.2) | Clusters=OFF (UsedClusters=-) | EnvSparsityCfg={'Conv': 0.2, 'Linear': 0.2, 'Bias': 0.0, 'BatchNorm': 0.0} | EnvNClusters=3
[2026-01-29 14:59:13,436] [INFO] Model initialized on device: cuda:0
[2026-01-29 14:59:13,436] [INFO] [CLIENT INIT] Mode=SH | Sparsity=ON (UsedSparsity=0.2) | Clusters=OFF (UsedClusters=-) | EnvSparsityCfg={'Conv': 0.2, 'Linear': 0.2, 'Bias': 0.0, 'BatchNorm': 0.0} | EnvNClusters=3
[2026-01-29 14:59:13,444] [INFO] Model initialized on device: cuda:0
[2026-01-29 14:59:13,444] [INFO] [CLIENT INIT] Mode=SH | Sparsity=ON (UsedSparsity=0.2) | Clusters=OFF (UsedClusters=-) | EnvSparsityCfg={'Conv': 0.2, 'Linear': 0.2, 'Bias': 0.0, 'BatchNorm': 0.0} | EnvNClusters=3
[2026-01-29 14:59:13,550] [INFO] Model initialized on device: cuda:0
[2026-01-29 14:59:13,551] [INFO] [CLIENT INIT] Mode=SH | Sparsity=ON (UsedSparsity=0.2) | Clusters=OFF (UsedClusters=-) | EnvSparsityCfg={'Conv': 0.2, 'Linear': 0.2, 'Bias': 0.0, 'BatchNorm': 0.0} | EnvNClusters=3
[2026-01-29 14:59:13,550] [INFO] Model initialized on device: cuda:0
[2026-01-29 14:59:13,551] [INFO] [CLIENT INIT] Mode=SH | Sparsity=ON (UsedSparsity=0.2) | Clusters=OFF (UsedClusters=-) | EnvSparsityCfg={'Conv': 0.2, 'Linear': 0.2, 'Bias': 0.0, 'BatchNorm': 0.0} | EnvNClusters=3
[2026-01-29 14:59:13,607] [INFO] Model initialized on device: cuda:0
[2026-01-29 14:59:13,608] [INFO] [CLIENT INIT] Mode=SH | Sparsity=ON (UsedSparsity=0.2) | Clusters=OFF (UsedClusters=-) | EnvSparsityCfg={'Conv': 0.2, 'Linear': 0.2, 'Bias': 0.0, 'BatchNorm': 0.0} | EnvNClusters=3
[2026-01-29 14:59:14,616] [DEBUG] [TEST] Batch 1 | Pred shape: torch.Size([256, 256, 160]) | Label shape: torch.Size([256, 256, 160])
[2026-01-29 14:59:20,442] [DEBUG] [TEST] Batch 2 | Pred shape: torch.Size([256, 256, 160]) | Label shape: torch.Size([256, 256, 160])
[2026-01-29 14:59:20,561] [DEBUG] [TEST] Batch 3 | Pred shape: torch.Size([256, 256, 160]) | Label shape: torch.Size([256, 256, 160])
[2026-01-29 14:59:20,749] [DEBUG] [TEST] Batch 4 | Pred shape: torch.Size([256, 256, 160]) | Label shape: torch.Size([256, 256, 160])
[2026-01-29 14:59:20,933] [DEBUG] [TEST] Batch 5 | Pred shape: torch.Size([256, 256, 160]) | Label shape: torch.Size([256, 256, 160])
[2026-01-29 14:59:21,113] [DEBUG] [TEST] Batch 6 | Pred shape: torch.Size([256, 256, 160]) | Label shape: torch.Size([256, 256, 160])
[2026-01-29 14:59:21,316] [DEBUG] [TEST] Batch 7 | Pred shape: torch.Size([256, 256, 160]) | Label shape: torch.Size([256, 256, 160])
[2026-01-29 14:59:21,523] [DEBUG] [TEST] Batch 8 | Pred shape: torch.Size([256, 256, 160]) | Label shape: torch.Size([256, 256, 160])
[2026-01-29 14:59:21,616] [DEBUG] [TEST] Batch 9 | Pred shape: torch.Size([256, 256, 160]) | Label shape: torch.Size([256, 256, 160])
[2026-01-29 14:59:21,714] [DEBUG] [TEST] Batch 10 | Pred shape: torch.Size([256, 256, 160]) | Label shape: torch.Size([256, 256, 160])
[2026-01-29 14:59:21,812] [DEBUG] [TEST] Batch 11 | Pred shape: torch.Size([256, 256, 160]) | Label shape: torch.Size([256, 256, 160])
[2026-01-29 14:59:24,253] [DEBUG] [TEST] Batch 12 | Pred shape: torch.Size([256, 256, 160]) | Label shape: torch.Size([256, 256, 160])
[2026-01-29 14:59:24,314] [DEBUG] [TEST] Batch 13 | Pred shape: torch.Size([256, 256, 160]) | Label shape: torch.Size([256, 256, 160])
[2026-01-29 14:59:24,414] [DEBUG] [TEST] Batch 14 | Pred shape: torch.Size([256, 256, 160]) | Label shape: torch.Size([256, 256, 160])
[2026-01-29 14:59:24,509] [DEBUG] [TEST] Batch 15 | Pred shape: torch.Size([256, 256, 160]) | Label shape: torch.Size([256, 256, 160])
[2026-01-29 14:59:24,608] [DEBUG] [TEST] Batch 16 | Pred shape: torch.Size([256, 256, 160]) | Label shape: torch.Size([256, 256, 160])
[2026-01-29 14:59:30,140] [INFO] [FIT] Final model saved to: Revision2/Run_UNET_NonIID_SH20_20260129/Client3/model_final.pth
[2026-01-29 14:59:54,619] [INFO] [COMM][CLIENT] Round=-1 Mode=SH UsedSparsity=0.2 UsedClusters=- BaselineBits=154016352.0 CompressedBits=166105077.8 CR=0.927
[2026-01-29 15:07:43,467] [INFO] [EVALUATE] Starting evaluation...
[2026-01-29 15:07:46,130] [INFO] [DEBUG] Loaded compressed decoded weights.
[2026-01-29 15:08:48,607] [INFO] Model initialized on device: cuda:0
[2026-01-29 15:08:48,607] [INFO] [CLIENT INIT] Mode=SH | Sparsity=ON (UsedSparsity=0.2) | Clusters=OFF (UsedClusters=-) | EnvSparsityCfg={'Conv': 0.2, 'Linear': 0.2, 'Bias': 0.0, 'BatchNorm': 0.0} | EnvNClusters=3
[2026-01-29 15:08:48,807] [INFO] Model initialized on device: cuda:0
[2026-01-29 15:08:48,808] [INFO] [CLIENT INIT] Mode=SH | Sparsity=ON (UsedSparsity=0.2) | Clusters=OFF (UsedClusters=-) | EnvSparsityCfg={'Conv': 0.2, 'Linear': 0.2, 'Bias': 0.0, 'BatchNorm': 0.0} | EnvNClusters=3
[2026-01-29 15:08:48,835] [INFO] Model initialized on device: cuda:0
[2026-01-29 15:08:48,836] [INFO] [CLIENT INIT] Mode=SH | Sparsity=ON (UsedSparsity=0.2) | Clusters=OFF (UsedClusters=-) | EnvSparsityCfg={'Conv': 0.2, 'Linear': 0.2, 'Bias': 0.0, 'BatchNorm': 0.0} | EnvNClusters=3
[2026-01-29 15:08:49,216] [INFO] Model initialized on device: cuda:0
[2026-01-29 15:08:49,216] [INFO] [CLIENT INIT] Mode=SH | Sparsity=ON (UsedSparsity=0.2) | Clusters=OFF (UsedClusters=-) | EnvSparsityCfg={'Conv': 0.2, 'Linear': 0.2, 'Bias': 0.0, 'BatchNorm': 0.0} | EnvNClusters=3
[2026-01-29 15:08:49,219] [INFO] Model initialized on device: cuda:0
[2026-01-29 15:08:49,219] [INFO] [CLIENT INIT] Mode=SH | Sparsity=ON (UsedSparsity=0.2) | Clusters=OFF (UsedClusters=-) | EnvSparsityCfg={'Conv': 0.2, 'Linear': 0.2, 'Bias': 0.0, 'BatchNorm': 0.0} | EnvNClusters=3
[2026-01-29 15:08:49,234] [INFO] Model initialized on device: cuda:0
[2026-01-29 15:08:49,234] [INFO] [CLIENT INIT] Mode=SH | Sparsity=ON (UsedSparsity=0.2) | Clusters=OFF (UsedClusters=-) | EnvSparsityCfg={'Conv': 0.2, 'Linear': 0.2, 'Bias': 0.0, 'BatchNorm': 0.0} | EnvNClusters=3
[2026-01-29 15:08:49,310] [INFO] Model initialized on device: cuda:0
[2026-01-29 15:08:49,311] [INFO] [CLIENT INIT] Mode=SH | Sparsity=ON (UsedSparsity=0.2) | Clusters=OFF (UsedClusters=-) | EnvSparsityCfg={'Conv': 0.2, 'Linear': 0.2, 'Bias': 0.0, 'BatchNorm': 0.0} | EnvNClusters=3
[2026-01-29 15:08:49,312] [INFO] Model initialized on device: cuda:0
[2026-01-29 15:08:49,312] [INFO] [CLIENT INIT] Mode=SH | Sparsity=ON (UsedSparsity=0.2) | Clusters=OFF (UsedClusters=-) | EnvSparsityCfg={'Conv': 0.2, 'Linear': 0.2, 'Bias': 0.0, 'BatchNorm': 0.0} | EnvNClusters=3
[2026-01-29 15:08:49,312] [INFO] Model initialized on device: cuda:0
[2026-01-29 15:08:49,312] [INFO] [CLIENT INIT] Mode=SH | Sparsity=ON (UsedSparsity=0.2) | Clusters=OFF (UsedClusters=-) | EnvSparsityCfg={'Conv': 0.2, 'Linear': 0.2, 'Bias': 0.0, 'BatchNorm': 0.0} | EnvNClusters=3
[2026-01-29 15:08:49,314] [INFO] Model initialized on device: cuda:0
[2026-01-29 15:08:49,314] [INFO] [CLIENT INIT] Mode=SH | Sparsity=ON (UsedSparsity=0.2) | Clusters=OFF (UsedClusters=-) | EnvSparsityCfg={'Conv': 0.2, 'Linear': 0.2, 'Bias': 0.0, 'BatchNorm': 0.0} | EnvNClusters=3
[2026-01-29 15:08:57,158] [DEBUG] [TEST] Batch 1 | Pred shape: torch.Size([256, 256, 160]) | Label shape: torch.Size([256, 256, 160])
[2026-01-29 15:08:57,419] [DEBUG] [TEST] Batch 2 | Pred shape: torch.Size([256, 256, 160]) | Label shape: torch.Size([256, 256, 160])
[2026-01-29 15:08:58,011] [DEBUG] [TEST] Batch 3 | Pred shape: torch.Size([256, 256, 160]) | Label shape: torch.Size([256, 256, 160])
[2026-01-29 15:08:58,216] [DEBUG] [TEST] Batch 4 | Pred shape: torch.Size([256, 256, 160]) | Label shape: torch.Size([256, 256, 160])
[2026-01-29 15:08:58,422] [DEBUG] [TEST] Batch 5 | Pred shape: torch.Size([256, 256, 160]) | Label shape: torch.Size([256, 256, 160])
[2026-01-29 15:08:58,536] [DEBUG] [TEST] Batch 6 | Pred shape: torch.Size([256, 256, 160]) | Label shape: torch.Size([256, 256, 160])
[2026-01-29 15:08:58,714] [DEBUG] [TEST] Batch 7 | Pred shape: torch.Size([256, 256, 160]) | Label shape: torch.Size([256, 256, 160])
[2026-01-29 15:08:58,838] [DEBUG] [TEST] Batch 8 | Pred shape: torch.Size([256, 256, 160]) | Label shape: torch.Size([256, 256, 160])
[2026-01-29 15:08:59,021] [DEBUG] [TEST] Batch 9 | Pred shape: torch.Size([256, 256, 160]) | Label shape: torch.Size([256, 256, 160])
[2026-01-29 15:08:59,145] [DEBUG] [TEST] Batch 10 | Pred shape: torch.Size([256, 256, 160]) | Label shape: torch.Size([256, 256, 160])
[2026-01-29 15:09:01,330] [DEBUG] [TEST] Batch 11 | Pred shape: torch.Size([256, 256, 160]) | Label shape: torch.Size([256, 256, 160])
[2026-01-29 15:09:01,452] [DEBUG] [TEST] Batch 12 | Pred shape: torch.Size([256, 256, 160]) | Label shape: torch.Size([256, 256, 160])
[2026-01-29 15:09:01,548] [DEBUG] [TEST] Batch 13 | Pred shape: torch.Size([256, 256, 160]) | Label shape: torch.Size([256, 256, 160])
[2026-01-29 15:09:01,614] [DEBUG] [TEST] Batch 14 | Pred shape: torch.Size([256, 256, 160]) | Label shape: torch.Size([256, 256, 160])
[2026-01-29 15:09:01,672] [DEBUG] [TEST] Batch 15 | Pred shape: torch.Size([256, 256, 160]) | Label shape: torch.Size([256, 256, 160])
[2026-01-29 15:09:01,749] [DEBUG] [TEST] Batch 16 | Pred shape: torch.Size([256, 256, 160]) | Label shape: torch.Size([256, 256, 160])
[2026-01-29 15:09:05,864] [INFO] [EVALUATE] Dice WT: 0.8067
[2026-01-29 15:09:16,810] [INFO] [FIT] Received parameters. Starting local training...
[2026-01-29 15:09:18,410] [INFO] [DEBUG] Loaded compressed decoded weights.
[2026-01-29 15:10:16,581] [INFO] Model initialized on device: cuda:0
[2026-01-29 15:10:16,581] [INFO] [CLIENT INIT] Mode=SH | Sparsity=ON (UsedSparsity=0.2) | Clusters=OFF (UsedClusters=-) | EnvSparsityCfg={'Conv': 0.2, 'Linear': 0.2, 'Bias': 0.0, 'BatchNorm': 0.0} | EnvNClusters=3
[2026-01-29 15:10:16,583] [INFO] Model initialized on device: cuda:0
[2026-01-29 15:10:16,583] [INFO] [CLIENT INIT] Mode=SH | Sparsity=ON (UsedSparsity=0.2) | Clusters=OFF (UsedClusters=-) | EnvSparsityCfg={'Conv': 0.2, 'Linear': 0.2, 'Bias': 0.0, 'BatchNorm': 0.0} | EnvNClusters=3
[2026-01-29 15:10:17,938] [INFO] Model initialized on device: cuda:0
[2026-01-29 15:10:17,938] [INFO] [CLIENT INIT] Mode=SH | Sparsity=ON (UsedSparsity=0.2) | Clusters=OFF (UsedClusters=-) | EnvSparsityCfg={'Conv': 0.2, 'Linear': 0.2, 'Bias': 0.0, 'BatchNorm': 0.0} | EnvNClusters=3
[2026-01-29 15:10:17,951] [INFO] Model initialized on device: cuda:0
[2026-01-29 15:10:17,951] [INFO] [CLIENT INIT] Mode=SH | Sparsity=ON (UsedSparsity=0.2) | Clusters=OFF (UsedClusters=-) | EnvSparsityCfg={'Conv': 0.2, 'Linear': 0.2, 'Bias': 0.0, 'BatchNorm': 0.0} | EnvNClusters=3
[2026-01-29 15:10:18,469] [INFO] Model initialized on device: cuda:0
[2026-01-29 15:10:18,469] [INFO] [CLIENT INIT] Mode=SH | Sparsity=ON (UsedSparsity=0.2) | Clusters=OFF (UsedClusters=-) | EnvSparsityCfg={'Conv': 0.2, 'Linear': 0.2, 'Bias': 0.0, 'BatchNorm': 0.0} | EnvNClusters=3
[2026-01-29 15:10:18,655] [INFO] Model initialized on device: cuda:0
[2026-01-29 15:10:18,656] [INFO] [CLIENT INIT] Mode=SH | Sparsity=ON (UsedSparsity=0.2) | Clusters=OFF (UsedClusters=-) | EnvSparsityCfg={'Conv': 0.2, 'Linear': 0.2, 'Bias': 0.0, 'BatchNorm': 0.0} | EnvNClusters=3
[2026-01-29 15:10:18,753] [INFO] Model initialized on device: cuda:0
[2026-01-29 15:10:18,753] [INFO] [CLIENT INIT] Mode=SH | Sparsity=ON (UsedSparsity=0.2) | Clusters=OFF (UsedClusters=-) | EnvSparsityCfg={'Conv': 0.2, 'Linear': 0.2, 'Bias': 0.0, 'BatchNorm': 0.0} | EnvNClusters=3
[2026-01-29 15:10:18,817] [INFO] Model initialized on device: cuda:0
[2026-01-29 15:10:18,817] [INFO] [CLIENT INIT] Mode=SH | Sparsity=ON (UsedSparsity=0.2) | Clusters=OFF (UsedClusters=-) | EnvSparsityCfg={'Conv': 0.2, 'Linear': 0.2, 'Bias': 0.0, 'BatchNorm': 0.0} | EnvNClusters=3
[2026-01-29 15:10:19,112] [INFO] Model initialized on device: cuda:0
[2026-01-29 15:10:19,113] [INFO] [CLIENT INIT] Mode=SH | Sparsity=ON (UsedSparsity=0.2) | Clusters=OFF (UsedClusters=-) | EnvSparsityCfg={'Conv': 0.2, 'Linear': 0.2, 'Bias': 0.0, 'BatchNorm': 0.0} | EnvNClusters=3
[2026-01-29 15:10:19,132] [INFO] Model initialized on device: cuda:0
[2026-01-29 15:10:19,132] [INFO] [CLIENT INIT] Mode=SH | Sparsity=ON (UsedSparsity=0.2) | Clusters=OFF (UsedClusters=-) | EnvSparsityCfg={'Conv': 0.2, 'Linear': 0.2, 'Bias': 0.0, 'BatchNorm': 0.0} | EnvNClusters=3
[2026-01-29 15:12:17,116] [INFO] [TRAIN] Epoch 1 Loss: 0.2180
[2026-01-29 15:13:09,224] [INFO] Model initialized on device: cuda:0
[2026-01-29 15:13:09,224] [INFO] [CLIENT INIT] Mode=SH | Sparsity=ON (UsedSparsity=0.2) | Clusters=OFF (UsedClusters=-) | EnvSparsityCfg={'Conv': 0.2, 'Linear': 0.2, 'Bias': 0.0, 'BatchNorm': 0.0} | EnvNClusters=3
[2026-01-29 15:13:10,514] [INFO] Model initialized on device: cuda:0
[2026-01-29 15:13:10,514] [INFO] [CLIENT INIT] Mode=SH | Sparsity=ON (UsedSparsity=0.2) | Clusters=OFF (UsedClusters=-) | EnvSparsityCfg={'Conv': 0.2, 'Linear': 0.2, 'Bias': 0.0, 'BatchNorm': 0.0} | EnvNClusters=3
[2026-01-29 15:13:12,146] [INFO] Model initialized on device: cuda:0
[2026-01-29 15:13:12,146] [INFO] [CLIENT INIT] Mode=SH | Sparsity=ON (UsedSparsity=0.2) | Clusters=OFF (UsedClusters=-) | EnvSparsityCfg={'Conv': 0.2, 'Linear': 0.2, 'Bias': 0.0, 'BatchNorm': 0.0} | EnvNClusters=3
[2026-01-29 15:13:13,624] [INFO] Model initialized on device: cuda:0
[2026-01-29 15:13:13,624] [INFO] [CLIENT INIT] Mode=SH | Sparsity=ON (UsedSparsity=0.2) | Clusters=OFF (UsedClusters=-) | EnvSparsityCfg={'Conv': 0.2, 'Linear': 0.2, 'Bias': 0.0, 'BatchNorm': 0.0} | EnvNClusters=3
[2026-01-29 15:13:13,640] [INFO] Model initialized on device: cuda:0
[2026-01-29 15:13:13,640] [INFO] [CLIENT INIT] Mode=SH | Sparsity=ON (UsedSparsity=0.2) | Clusters=OFF (UsedClusters=-) | EnvSparsityCfg={'Conv': 0.2, 'Linear': 0.2, 'Bias': 0.0, 'BatchNorm': 0.0} | EnvNClusters=3
[2026-01-29 15:13:13,912] [INFO] Model initialized on device: cuda:0
[2026-01-29 15:13:13,912] [INFO] [CLIENT INIT] Mode=SH | Sparsity=ON (UsedSparsity=0.2) | Clusters=OFF (UsedClusters=-) | EnvSparsityCfg={'Conv': 0.2, 'Linear': 0.2, 'Bias': 0.0, 'BatchNorm': 0.0} | EnvNClusters=3
[2026-01-29 15:13:13,928] [INFO] Model initialized on device: cuda:0
[2026-01-29 15:13:13,928] [INFO] [CLIENT INIT] Mode=SH | Sparsity=ON (UsedSparsity=0.2) | Clusters=OFF (UsedClusters=-) | EnvSparsityCfg={'Conv': 0.2, 'Linear': 0.2, 'Bias': 0.0, 'BatchNorm': 0.0} | EnvNClusters=3
[2026-01-29 15:13:14,216] [INFO] Model initialized on device: cuda:0
[2026-01-29 15:13:14,216] [INFO] [CLIENT INIT] Mode=SH | Sparsity=ON (UsedSparsity=0.2) | Clusters=OFF (UsedClusters=-) | EnvSparsityCfg={'Conv': 0.2, 'Linear': 0.2, 'Bias': 0.0, 'BatchNorm': 0.0} | EnvNClusters=3
[2026-01-29 15:13:14,219] [INFO] Model initialized on device: cuda:0
[2026-01-29 15:13:14,219] [INFO] [CLIENT INIT] Mode=SH | Sparsity=ON (UsedSparsity=0.2) | Clusters=OFF (UsedClusters=-) | EnvSparsityCfg={'Conv': 0.2, 'Linear': 0.2, 'Bias': 0.0, 'BatchNorm': 0.0} | EnvNClusters=3
[2026-01-29 15:13:14,222] [INFO] Model initialized on device: cuda:0
[2026-01-29 15:13:14,222] [INFO] [CLIENT INIT] Mode=SH | Sparsity=ON (UsedSparsity=0.2) | Clusters=OFF (UsedClusters=-) | EnvSparsityCfg={'Conv': 0.2, 'Linear': 0.2, 'Bias': 0.0, 'BatchNorm': 0.0} | EnvNClusters=3
[2026-01-29 15:14:55,855] [INFO] [TRAIN] Epoch 2 Loss: 0.1787
[2026-01-29 15:15:39,541] [INFO] Model initialized on device: cuda:0
[2026-01-29 15:15:39,542] [INFO] [CLIENT INIT] Mode=SH | Sparsity=ON (UsedSparsity=0.2) | Clusters=OFF (UsedClusters=-) | EnvSparsityCfg={'Conv': 0.2, 'Linear': 0.2, 'Bias': 0.0, 'BatchNorm': 0.0} | EnvNClusters=3
[2026-01-29 15:15:39,814] [INFO] Model initialized on device: cuda:0
[2026-01-29 15:15:39,814] [INFO] [CLIENT INIT] Mode=SH | Sparsity=ON (UsedSparsity=0.2) | Clusters=OFF (UsedClusters=-) | EnvSparsityCfg={'Conv': 0.2, 'Linear': 0.2, 'Bias': 0.0, 'BatchNorm': 0.0} | EnvNClusters=3
[2026-01-29 15:15:43,216] [INFO] Model initialized on device: cuda:0
[2026-01-29 15:15:43,216] [INFO] [CLIENT INIT] Mode=SH | Sparsity=ON (UsedSparsity=0.2) | Clusters=OFF (UsedClusters=-) | EnvSparsityCfg={'Conv': 0.2, 'Linear': 0.2, 'Bias': 0.0, 'BatchNorm': 0.0} | EnvNClusters=3
[2026-01-29 15:15:43,813] [INFO] Model initialized on device: cuda:0
[2026-01-29 15:15:43,813] [INFO] [CLIENT INIT] Mode=SH | Sparsity=ON (UsedSparsity=0.2) | Clusters=OFF (UsedClusters=-) | EnvSparsityCfg={'Conv': 0.2, 'Linear': 0.2, 'Bias': 0.0, 'BatchNorm': 0.0} | EnvNClusters=3
[2026-01-29 15:15:43,830] [INFO] Model initialized on device: cuda:0
[2026-01-29 15:15:43,830] [INFO] [CLIENT INIT] Mode=SH | Sparsity=ON (UsedSparsity=0.2) | Clusters=OFF (UsedClusters=-) | EnvSparsityCfg={'Conv': 0.2, 'Linear': 0.2, 'Bias': 0.0, 'BatchNorm': 0.0} | EnvNClusters=3
[2026-01-29 15:15:45,716] [INFO] Model initialized on device: cuda:0
[2026-01-29 15:15:45,716] [INFO] [CLIENT INIT] Mode=SH | Sparsity=ON (UsedSparsity=0.2) | Clusters=OFF (UsedClusters=-) | EnvSparsityCfg={'Conv': 0.2, 'Linear': 0.2, 'Bias': 0.0, 'BatchNorm': 0.0} | EnvNClusters=3
[2026-01-29 15:15:46,251] [INFO] Model initialized on device: cuda:0
[2026-01-29 15:15:46,251] [INFO] [CLIENT INIT] Mode=SH | Sparsity=ON (UsedSparsity=0.2) | Clusters=OFF (UsedClusters=-) | EnvSparsityCfg={'Conv': 0.2, 'Linear': 0.2, 'Bias': 0.0, 'BatchNorm': 0.0} | EnvNClusters=3
[2026-01-29 15:15:46,253] [INFO] Model initialized on device: cuda:0
[2026-01-29 15:15:46,254] [INFO] [CLIENT INIT] Mode=SH | Sparsity=ON (UsedSparsity=0.2) | Clusters=OFF (UsedClusters=-) | EnvSparsityCfg={'Conv': 0.2, 'Linear': 0.2, 'Bias': 0.0, 'BatchNorm': 0.0} | EnvNClusters=3
[2026-01-29 15:15:46,621] [INFO] Model initialized on device: cuda:0
[2026-01-29 15:15:46,621] [INFO] [CLIENT INIT] Mode=SH | Sparsity=ON (UsedSparsity=0.2) | Clusters=OFF (UsedClusters=-) | EnvSparsityCfg={'Conv': 0.2, 'Linear': 0.2, 'Bias': 0.0, 'BatchNorm': 0.0} | EnvNClusters=3
[2026-01-29 15:15:46,908] [INFO] Model initialized on device: cuda:0
[2026-01-29 15:15:46,908] [INFO] [CLIENT INIT] Mode=SH | Sparsity=ON (UsedSparsity=0.2) | Clusters=OFF (UsedClusters=-) | EnvSparsityCfg={'Conv': 0.2, 'Linear': 0.2, 'Bias': 0.0, 'BatchNorm': 0.0} | EnvNClusters=3
[2026-01-29 15:17:34,913] [INFO] [TRAIN] Epoch 3 Loss: 0.1706
[2026-01-29 15:18:28,433] [INFO] Model initialized on device: cuda:0
[2026-01-29 15:18:28,433] [INFO] [CLIENT INIT] Mode=SH | Sparsity=ON (UsedSparsity=0.2) | Clusters=OFF (UsedClusters=-) | EnvSparsityCfg={'Conv': 0.2, 'Linear': 0.2, 'Bias': 0.0, 'BatchNorm': 0.0} | EnvNClusters=3
[2026-01-29 15:18:28,512] [INFO] Model initialized on device: cuda:0
[2026-01-29 15:18:28,512] [INFO] [CLIENT INIT] Mode=SH | Sparsity=ON (UsedSparsity=0.2) | Clusters=OFF (UsedClusters=-) | EnvSparsityCfg={'Conv': 0.2, 'Linear': 0.2, 'Bias': 0.0, 'BatchNorm': 0.0} | EnvNClusters=3
[2026-01-29 15:18:28,535] [INFO] Model initialized on device: cuda:0
[2026-01-29 15:18:28,535] [INFO] [CLIENT INIT] Mode=SH | Sparsity=ON (UsedSparsity=0.2) | Clusters=OFF (UsedClusters=-) | EnvSparsityCfg={'Conv': 0.2, 'Linear': 0.2, 'Bias': 0.0, 'BatchNorm': 0.0} | EnvNClusters=3
[2026-01-29 15:18:28,634] [INFO] Model initialized on device: cuda:0
[2026-01-29 15:18:28,634] [INFO] [CLIENT INIT] Mode=SH | Sparsity=ON (UsedSparsity=0.2) | Clusters=OFF (UsedClusters=-) | EnvSparsityCfg={'Conv': 0.2, 'Linear': 0.2, 'Bias': 0.0, 'BatchNorm': 0.0} | EnvNClusters=3
[2026-01-29 15:18:28,634] [INFO] Model initialized on device: cuda:0
[2026-01-29 15:18:28,634] [INFO] [CLIENT INIT] Mode=SH | Sparsity=ON (UsedSparsity=0.2) | Clusters=OFF (UsedClusters=-) | EnvSparsityCfg={'Conv': 0.2, 'Linear': 0.2, 'Bias': 0.0, 'BatchNorm': 0.0} | EnvNClusters=3
[2026-01-29 15:18:28,739] [INFO] Model initialized on device: cuda:0
[2026-01-29 15:18:28,739] [INFO] [CLIENT INIT] Mode=SH | Sparsity=ON (UsedSparsity=0.2) | Clusters=OFF (UsedClusters=-) | EnvSparsityCfg={'Conv': 0.2, 'Linear': 0.2, 'Bias': 0.0, 'BatchNorm': 0.0} | EnvNClusters=3
[2026-01-29 15:18:28,816] [INFO] Model initialized on device: cuda:0
[2026-01-29 15:18:28,816] [INFO] Model initialized on device: cuda:0
[2026-01-29 15:18:28,816] [INFO] [CLIENT INIT] Mode=SH | Sparsity=ON (UsedSparsity=0.2) | Clusters=OFF (UsedClusters=-) | EnvSparsityCfg={'Conv': 0.2, 'Linear': 0.2, 'Bias': 0.0, 'BatchNorm': 0.0} | EnvNClusters=3
[2026-01-29 15:18:28,816] [INFO] [CLIENT INIT] Mode=SH | Sparsity=ON (UsedSparsity=0.2) | Clusters=OFF (UsedClusters=-) | EnvSparsityCfg={'Conv': 0.2, 'Linear': 0.2, 'Bias': 0.0, 'BatchNorm': 0.0} | EnvNClusters=3
[2026-01-29 15:18:28,816] [INFO] Model initialized on device: cuda:0
[2026-01-29 15:18:28,816] [INFO] [CLIENT INIT] Mode=SH | Sparsity=ON (UsedSparsity=0.2) | Clusters=OFF (UsedClusters=-) | EnvSparsityCfg={'Conv': 0.2, 'Linear': 0.2, 'Bias': 0.0, 'BatchNorm': 0.0} | EnvNClusters=3
[2026-01-29 15:18:28,818] [INFO] Model initialized on device: cuda:0
[2026-01-29 15:18:28,819] [INFO] [CLIENT INIT] Mode=SH | Sparsity=ON (UsedSparsity=0.2) | Clusters=OFF (UsedClusters=-) | EnvSparsityCfg={'Conv': 0.2, 'Linear': 0.2, 'Bias': 0.0, 'BatchNorm': 0.0} | EnvNClusters=3
[2026-01-29 15:20:14,116] [INFO] [TRAIN] Epoch 4 Loss: 0.1608
[2026-01-29 15:20:50,120] [INFO] Model initialized on device: cuda:0
[2026-01-29 15:20:50,120] [INFO] [CLIENT INIT] Mode=SH | Sparsity=ON (UsedSparsity=0.2) | Clusters=OFF (UsedClusters=-) | EnvSparsityCfg={'Conv': 0.2, 'Linear': 0.2, 'Bias': 0.0, 'BatchNorm': 0.0} | EnvNClusters=3
[2026-01-29 15:20:57,421] [INFO] Model initialized on device: cuda:0
[2026-01-29 15:20:57,421] [INFO] [CLIENT INIT] Mode=SH | Sparsity=ON (UsedSparsity=0.2) | Clusters=OFF (UsedClusters=-) | EnvSparsityCfg={'Conv': 0.2, 'Linear': 0.2, 'Bias': 0.0, 'BatchNorm': 0.0} | EnvNClusters=3
[2026-01-29 15:20:58,122] [INFO] Model initialized on device: cuda:0
[2026-01-29 15:20:58,122] [INFO] Model initialized on device: cuda:0
[2026-01-29 15:20:58,122] [INFO] [CLIENT INIT] Mode=SH | Sparsity=ON (UsedSparsity=0.2) | Clusters=OFF (UsedClusters=-) | EnvSparsityCfg={'Conv': 0.2, 'Linear': 0.2, 'Bias': 0.0, 'BatchNorm': 0.0} | EnvNClusters=3
[2026-01-29 15:20:58,122] [INFO] [CLIENT INIT] Mode=SH | Sparsity=ON (UsedSparsity=0.2) | Clusters=OFF (UsedClusters=-) | EnvSparsityCfg={'Conv': 0.2, 'Linear': 0.2, 'Bias': 0.0, 'BatchNorm': 0.0} | EnvNClusters=3
[2026-01-29 15:20:59,017] [INFO] Model initialized on device: cuda:0
[2026-01-29 15:20:59,018] [INFO] [CLIENT INIT] Mode=SH | Sparsity=ON (UsedSparsity=0.2) | Clusters=OFF (UsedClusters=-) | EnvSparsityCfg={'Conv': 0.2, 'Linear': 0.2, 'Bias': 0.0, 'BatchNorm': 0.0} | EnvNClusters=3
[2026-01-29 15:20:59,521] [INFO] Model initialized on device: cuda:0
[2026-01-29 15:20:59,521] [INFO] [CLIENT INIT] Mode=SH | Sparsity=ON (UsedSparsity=0.2) | Clusters=OFF (UsedClusters=-) | EnvSparsityCfg={'Conv': 0.2, 'Linear': 0.2, 'Bias': 0.0, 'BatchNorm': 0.0} | EnvNClusters=3
[2026-01-29 15:20:59,817] [INFO] Model initialized on device: cuda:0
[2026-01-29 15:20:59,817] [INFO] [CLIENT INIT] Mode=SH | Sparsity=ON (UsedSparsity=0.2) | Clusters=OFF (UsedClusters=-) | EnvSparsityCfg={'Conv': 0.2, 'Linear': 0.2, 'Bias': 0.0, 'BatchNorm': 0.0} | EnvNClusters=3
[2026-01-29 15:21:00,014] [INFO] Model initialized on device: cuda:0
[2026-01-29 15:21:00,014] [INFO] Model initialized on device: cuda:0
[2026-01-29 15:21:00,014] [INFO] [CLIENT INIT] Mode=SH | Sparsity=ON (UsedSparsity=0.2) | Clusters=OFF (UsedClusters=-) | EnvSparsityCfg={'Conv': 0.2, 'Linear': 0.2, 'Bias': 0.0, 'BatchNorm': 0.0} | EnvNClusters=3
[2026-01-29 15:21:00,014] [INFO] [CLIENT INIT] Mode=SH | Sparsity=ON (UsedSparsity=0.2) | Clusters=OFF (UsedClusters=-) | EnvSparsityCfg={'Conv': 0.2, 'Linear': 0.2, 'Bias': 0.0, 'BatchNorm': 0.0} | EnvNClusters=3
[2026-01-29 15:21:00,043] [INFO] Model initialized on device: cuda:0
[2026-01-29 15:21:00,044] [INFO] [CLIENT INIT] Mode=SH | Sparsity=ON (UsedSparsity=0.2) | Clusters=OFF (UsedClusters=-) | EnvSparsityCfg={'Conv': 0.2, 'Linear': 0.2, 'Bias': 0.0, 'BatchNorm': 0.0} | EnvNClusters=3
[2026-01-29 15:22:46,341] [INFO] [TRAIN] Epoch 5 Loss: 0.1796
[2026-01-29 15:22:46,342] [INFO] [FIT] Local training finished. Avg Loss: 0.1816
[2026-01-29 15:23:30,439] [INFO] Model initialized on device: cuda:0
[2026-01-29 15:23:30,439] [INFO] [CLIENT INIT] Mode=SH | Sparsity=ON (UsedSparsity=0.2) | Clusters=OFF (UsedClusters=-) | EnvSparsityCfg={'Conv': 0.2, 'Linear': 0.2, 'Bias': 0.0, 'BatchNorm': 0.0} | EnvNClusters=3
[2026-01-29 15:23:30,440] [INFO] Model initialized on device: cuda:0
[2026-01-29 15:23:30,440] [INFO] [CLIENT INIT] Mode=SH | Sparsity=ON (UsedSparsity=0.2) | Clusters=OFF (UsedClusters=-) | EnvSparsityCfg={'Conv': 0.2, 'Linear': 0.2, 'Bias': 0.0, 'BatchNorm': 0.0} | EnvNClusters=3
[2026-01-29 15:23:30,512] [INFO] Model initialized on device: cuda:0
[2026-01-29 15:23:30,512] [INFO] [CLIENT INIT] Mode=SH | Sparsity=ON (UsedSparsity=0.2) | Clusters=OFF (UsedClusters=-) | EnvSparsityCfg={'Conv': 0.2, 'Linear': 0.2, 'Bias': 0.0, 'BatchNorm': 0.0} | EnvNClusters=3
[2026-01-29 15:23:30,522] [INFO] Model initialized on device: cuda:0
[2026-01-29 15:23:30,522] [INFO] [CLIENT INIT] Mode=SH | Sparsity=ON (UsedSparsity=0.2) | Clusters=OFF (UsedClusters=-) | EnvSparsityCfg={'Conv': 0.2, 'Linear': 0.2, 'Bias': 0.0, 'BatchNorm': 0.0} | EnvNClusters=3
[2026-01-29 15:23:30,527] [INFO] Model initialized on device: cuda:0
[2026-01-29 15:23:30,527] [INFO] [CLIENT INIT] Mode=SH | Sparsity=ON (UsedSparsity=0.2) | Clusters=OFF (UsedClusters=-) | EnvSparsityCfg={'Conv': 0.2, 'Linear': 0.2, 'Bias': 0.0, 'BatchNorm': 0.0} | EnvNClusters=3
[2026-01-29 15:23:30,532] [INFO] Model initialized on device: cuda:0
[2026-01-29 15:23:30,532] [INFO] [CLIENT INIT] Mode=SH | Sparsity=ON (UsedSparsity=0.2) | Clusters=OFF (UsedClusters=-) | EnvSparsityCfg={'Conv': 0.2, 'Linear': 0.2, 'Bias': 0.0, 'BatchNorm': 0.0} | EnvNClusters=3
[2026-01-29 15:23:30,542] [INFO] Model initialized on device: cuda:0
[2026-01-29 15:23:30,542] [INFO] Model initialized on device: cuda:0
[2026-01-29 15:23:30,542] [INFO] [CLIENT INIT] Mode=SH | Sparsity=ON (UsedSparsity=0.2) | Clusters=OFF (UsedClusters=-) | EnvSparsityCfg={'Conv': 0.2, 'Linear': 0.2, 'Bias': 0.0, 'BatchNorm': 0.0} | EnvNClusters=3
[2026-01-29 15:23:30,542] [INFO] [CLIENT INIT] Mode=SH | Sparsity=ON (UsedSparsity=0.2) | Clusters=OFF (UsedClusters=-) | EnvSparsityCfg={'Conv': 0.2, 'Linear': 0.2, 'Bias': 0.0, 'BatchNorm': 0.0} | EnvNClusters=3
[2026-01-29 15:23:30,542] [INFO] Model initialized on device: cuda:0
[2026-01-29 15:23:30,542] [INFO] [CLIENT INIT] Mode=SH | Sparsity=ON (UsedSparsity=0.2) | Clusters=OFF (UsedClusters=-) | EnvSparsityCfg={'Conv': 0.2, 'Linear': 0.2, 'Bias': 0.0, 'BatchNorm': 0.0} | EnvNClusters=3
[2026-01-29 15:23:30,544] [INFO] Model initialized on device: cuda:0
[2026-01-29 15:23:30,544] [INFO] [CLIENT INIT] Mode=SH | Sparsity=ON (UsedSparsity=0.2) | Clusters=OFF (UsedClusters=-) | EnvSparsityCfg={'Conv': 0.2, 'Linear': 0.2, 'Bias': 0.0, 'BatchNorm': 0.0} | EnvNClusters=3
[2026-01-29 15:23:36,919] [DEBUG] [TEST] Batch 1 | Pred shape: torch.Size([256, 256, 160]) | Label shape: torch.Size([256, 256, 160])
[2026-01-29 15:23:38,918] [DEBUG] [TEST] Batch 2 | Pred shape: torch.Size([256, 256, 160]) | Label shape: torch.Size([256, 256, 160])
[2026-01-29 15:23:39,014] [DEBUG] [TEST] Batch 3 | Pred shape: torch.Size([256, 256, 160]) | Label shape: torch.Size([256, 256, 160])
[2026-01-29 15:23:39,115] [DEBUG] [TEST] Batch 4 | Pred shape: torch.Size([256, 256, 160]) | Label shape: torch.Size([256, 256, 160])
[2026-01-29 15:23:39,214] [DEBUG] [TEST] Batch 5 | Pred shape: torch.Size([256, 256, 160]) | Label shape: torch.Size([256, 256, 160])
[2026-01-29 15:23:39,316] [DEBUG] [TEST] Batch 6 | Pred shape: torch.Size([256, 256, 160]) | Label shape: torch.Size([256, 256, 160])
[2026-01-29 15:23:39,415] [DEBUG] [TEST] Batch 7 | Pred shape: torch.Size([256, 256, 160]) | Label shape: torch.Size([256, 256, 160])
[2026-01-29 15:23:39,515] [DEBUG] [TEST] Batch 8 | Pred shape: torch.Size([256, 256, 160]) | Label shape: torch.Size([256, 256, 160])
[2026-01-29 15:23:39,616] [DEBUG] [TEST] Batch 9 | Pred shape: torch.Size([256, 256, 160]) | Label shape: torch.Size([256, 256, 160])
[2026-01-29 15:23:39,715] [DEBUG] [TEST] Batch 10 | Pred shape: torch.Size([256, 256, 160]) | Label shape: torch.Size([256, 256, 160])
[2026-01-29 15:23:41,907] [DEBUG] [TEST] Batch 11 | Pred shape: torch.Size([256, 256, 160]) | Label shape: torch.Size([256, 256, 160])
[2026-01-29 15:23:42,414] [DEBUG] [TEST] Batch 12 | Pred shape: torch.Size([256, 256, 160]) | Label shape: torch.Size([256, 256, 160])
[2026-01-29 15:23:42,469] [DEBUG] [TEST] Batch 13 | Pred shape: torch.Size([256, 256, 160]) | Label shape: torch.Size([256, 256, 160])
[2026-01-29 15:23:42,556] [DEBUG] [TEST] Batch 14 | Pred shape: torch.Size([256, 256, 160]) | Label shape: torch.Size([256, 256, 160])
[2026-01-29 15:23:42,613] [DEBUG] [TEST] Batch 15 | Pred shape: torch.Size([256, 256, 160]) | Label shape: torch.Size([256, 256, 160])
[2026-01-29 15:23:42,668] [DEBUG] [TEST] Batch 16 | Pred shape: torch.Size([256, 256, 160]) | Label shape: torch.Size([256, 256, 160])
[2026-01-29 15:23:48,454] [INFO] [FIT] Final model saved to: Revision2/Run_UNET_NonIID_SH20_20260129/Client3/model_final.pth
[2026-01-29 15:24:09,334] [INFO] [COMM][CLIENT] Round=-1 Mode=SH UsedSparsity=0.2 UsedClusters=- BaselineBits=154016352.0 CompressedBits=166459987.0 CR=0.925
[2026-01-29 15:31:51,995] [INFO] [EVALUATE] Starting evaluation...
[2026-01-29 15:31:54,313] [INFO] [DEBUG] Loaded compressed decoded weights.
[2026-01-29 15:32:58,235] [INFO] Model initialized on device: cuda:0
[2026-01-29 15:32:58,235] [INFO] [CLIENT INIT] Mode=SH | Sparsity=ON (UsedSparsity=0.2) | Clusters=OFF (UsedClusters=-) | EnvSparsityCfg={'Conv': 0.2, 'Linear': 0.2, 'Bias': 0.0, 'BatchNorm': 0.0} | EnvNClusters=3
[2026-01-29 15:32:58,872] [INFO] Model initialized on device: cuda:0
[2026-01-29 15:32:58,872] [INFO] [CLIENT INIT] Mode=SH | Sparsity=ON (UsedSparsity=0.2) | Clusters=OFF (UsedClusters=-) | EnvSparsityCfg={'Conv': 0.2, 'Linear': 0.2, 'Bias': 0.0, 'BatchNorm': 0.0} | EnvNClusters=3
[2026-01-29 15:32:58,951] [INFO] Model initialized on device: cuda:0
[2026-01-29 15:32:58,952] [INFO] [CLIENT INIT] Mode=SH | Sparsity=ON (UsedSparsity=0.2) | Clusters=OFF (UsedClusters=-) | EnvSparsityCfg={'Conv': 0.2, 'Linear': 0.2, 'Bias': 0.0, 'BatchNorm': 0.0} | EnvNClusters=3
[2026-01-29 15:32:58,958] [INFO] Model initialized on device: cuda:0
[2026-01-29 15:32:58,958] [INFO] [CLIENT INIT] Mode=SH | Sparsity=ON (UsedSparsity=0.2) | Clusters=OFF (UsedClusters=-) | EnvSparsityCfg={'Conv': 0.2, 'Linear': 0.2, 'Bias': 0.0, 'BatchNorm': 0.0} | EnvNClusters=3
[2026-01-29 15:32:59,037] [INFO] Model initialized on device: cuda:0
[2026-01-29 15:32:59,038] [INFO] [CLIENT INIT] Mode=SH | Sparsity=ON (UsedSparsity=0.2) | Clusters=OFF (UsedClusters=-) | EnvSparsityCfg={'Conv': 0.2, 'Linear': 0.2, 'Bias': 0.0, 'BatchNorm': 0.0} | EnvNClusters=3
[2026-01-29 15:32:59,143] [INFO] Model initialized on device: cuda:0
[2026-01-29 15:32:59,144] [INFO] [CLIENT INIT] Mode=SH | Sparsity=ON (UsedSparsity=0.2) | Clusters=OFF (UsedClusters=-) | EnvSparsityCfg={'Conv': 0.2, 'Linear': 0.2, 'Bias': 0.0, 'BatchNorm': 0.0} | EnvNClusters=3
[2026-01-29 15:32:59,213] [INFO] Model initialized on device: cuda:0
[2026-01-29 15:32:59,213] [INFO] [CLIENT INIT] Mode=SH | Sparsity=ON (UsedSparsity=0.2) | Clusters=OFF (UsedClusters=-) | EnvSparsityCfg={'Conv': 0.2, 'Linear': 0.2, 'Bias': 0.0, 'BatchNorm': 0.0} | EnvNClusters=3
[2026-01-29 15:32:59,360] [INFO] Model initialized on device: cuda:0
[2026-01-29 15:32:59,360] [INFO] [CLIENT INIT] Mode=SH | Sparsity=ON (UsedSparsity=0.2) | Clusters=OFF (UsedClusters=-) | EnvSparsityCfg={'Conv': 0.2, 'Linear': 0.2, 'Bias': 0.0, 'BatchNorm': 0.0} | EnvNClusters=3
[2026-01-29 15:32:59,365] [INFO] Model initialized on device: cuda:0
[2026-01-29 15:32:59,365] [INFO] [CLIENT INIT] Mode=SH | Sparsity=ON (UsedSparsity=0.2) | Clusters=OFF (UsedClusters=-) | EnvSparsityCfg={'Conv': 0.2, 'Linear': 0.2, 'Bias': 0.0, 'BatchNorm': 0.0} | EnvNClusters=3
[2026-01-29 15:32:59,417] [INFO] Model initialized on device: cuda:0
[2026-01-29 15:32:59,417] [INFO] [CLIENT INIT] Mode=SH | Sparsity=ON (UsedSparsity=0.2) | Clusters=OFF (UsedClusters=-) | EnvSparsityCfg={'Conv': 0.2, 'Linear': 0.2, 'Bias': 0.0, 'BatchNorm': 0.0} | EnvNClusters=3
[2026-01-29 15:33:05,016] [DEBUG] [TEST] Batch 1 | Pred shape: torch.Size([256, 256, 160]) | Label shape: torch.Size([256, 256, 160])
[2026-01-29 15:33:05,118] [DEBUG] [TEST] Batch 2 | Pred shape: torch.Size([256, 256, 160]) | Label shape: torch.Size([256, 256, 160])
[2026-01-29 15:33:05,215] [DEBUG] [TEST] Batch 3 | Pred shape: torch.Size([256, 256, 160]) | Label shape: torch.Size([256, 256, 160])
[2026-01-29 15:33:05,313] [DEBUG] [TEST] Batch 4 | Pred shape: torch.Size([256, 256, 160]) | Label shape: torch.Size([256, 256, 160])
[2026-01-29 15:33:05,412] [DEBUG] [TEST] Batch 5 | Pred shape: torch.Size([256, 256, 160]) | Label shape: torch.Size([256, 256, 160])
[2026-01-29 15:33:05,556] [DEBUG] [TEST] Batch 6 | Pred shape: torch.Size([256, 256, 160]) | Label shape: torch.Size([256, 256, 160])
[2026-01-29 15:33:05,715] [DEBUG] [TEST] Batch 7 | Pred shape: torch.Size([256, 256, 160]) | Label shape: torch.Size([256, 256, 160])
[2026-01-29 15:33:05,840] [DEBUG] [TEST] Batch 8 | Pred shape: torch.Size([256, 256, 160]) | Label shape: torch.Size([256, 256, 160])
[2026-01-29 15:33:06,010] [DEBUG] [TEST] Batch 9 | Pred shape: torch.Size([256, 256, 160]) | Label shape: torch.Size([256, 256, 160])
[2026-01-29 15:33:06,127] [DEBUG] [TEST] Batch 10 | Pred shape: torch.Size([256, 256, 160]) | Label shape: torch.Size([256, 256, 160])
[2026-01-29 15:33:09,072] [DEBUG] [TEST] Batch 11 | Pred shape: torch.Size([256, 256, 160]) | Label shape: torch.Size([256, 256, 160])
[2026-01-29 15:33:09,155] [DEBUG] [TEST] Batch 12 | Pred shape: torch.Size([256, 256, 160]) | Label shape: torch.Size([256, 256, 160])
[2026-01-29 15:33:09,517] [DEBUG] [TEST] Batch 13 | Pred shape: torch.Size([256, 256, 160]) | Label shape: torch.Size([256, 256, 160])
[2026-01-29 15:33:09,637] [DEBUG] [TEST] Batch 14 | Pred shape: torch.Size([256, 256, 160]) | Label shape: torch.Size([256, 256, 160])
[2026-01-29 15:33:09,717] [DEBUG] [TEST] Batch 15 | Pred shape: torch.Size([256, 256, 160]) | Label shape: torch.Size([256, 256, 160])
[2026-01-29 15:33:09,839] [DEBUG] [TEST] Batch 16 | Pred shape: torch.Size([256, 256, 160]) | Label shape: torch.Size([256, 256, 160])
[2026-01-29 15:33:15,114] [INFO] [EVALUATE] Dice WT: 0.6937
[2026-01-29 15:33:29,436] [INFO] [FIT] Received parameters. Starting local training...
[2026-01-29 15:33:31,710] [INFO] [DEBUG] Loaded compressed decoded weights.
[2026-01-29 15:34:30,919] [INFO] Model initialized on device: cuda:0
[2026-01-29 15:34:30,919] [INFO] [CLIENT INIT] Mode=SH | Sparsity=ON (UsedSparsity=0.2) | Clusters=OFF (UsedClusters=-) | EnvSparsityCfg={'Conv': 0.2, 'Linear': 0.2, 'Bias': 0.0, 'BatchNorm': 0.0} | EnvNClusters=3
[2026-01-29 15:34:33,251] [INFO] Model initialized on device: cuda:0
[2026-01-29 15:34:33,252] [INFO] [CLIENT INIT] Mode=SH | Sparsity=ON (UsedSparsity=0.2) | Clusters=OFF (UsedClusters=-) | EnvSparsityCfg={'Conv': 0.2, 'Linear': 0.2, 'Bias': 0.0, 'BatchNorm': 0.0} | EnvNClusters=3
[2026-01-29 15:34:34,716] [INFO] Model initialized on device: cuda:0
[2026-01-29 15:34:34,716] [INFO] [CLIENT INIT] Mode=SH | Sparsity=ON (UsedSparsity=0.2) | Clusters=OFF (UsedClusters=-) | EnvSparsityCfg={'Conv': 0.2, 'Linear': 0.2, 'Bias': 0.0, 'BatchNorm': 0.0} | EnvNClusters=3
[2026-01-29 15:34:35,050] [INFO] Model initialized on device: cuda:0
[2026-01-29 15:34:35,051] [INFO] [CLIENT INIT] Mode=SH | Sparsity=ON (UsedSparsity=0.2) | Clusters=OFF (UsedClusters=-) | EnvSparsityCfg={'Conv': 0.2, 'Linear': 0.2, 'Bias': 0.0, 'BatchNorm': 0.0} | EnvNClusters=3
[2026-01-29 15:34:40,239] [INFO] Model initialized on device: cuda:0
[2026-01-29 15:34:40,240] [INFO] [CLIENT INIT] Mode=SH | Sparsity=ON (UsedSparsity=0.2) | Clusters=OFF (UsedClusters=-) | EnvSparsityCfg={'Conv': 0.2, 'Linear': 0.2, 'Bias': 0.0, 'BatchNorm': 0.0} | EnvNClusters=3
[2026-01-29 15:34:40,457] [INFO] Model initialized on device: cuda:0
[2026-01-29 15:34:40,457] [INFO] [CLIENT INIT] Mode=SH | Sparsity=ON (UsedSparsity=0.2) | Clusters=OFF (UsedClusters=-) | EnvSparsityCfg={'Conv': 0.2, 'Linear': 0.2, 'Bias': 0.0, 'BatchNorm': 0.0} | EnvNClusters=3
[2026-01-29 15:34:40,523] [INFO] Model initialized on device: cuda:0
[2026-01-29 15:34:40,524] [INFO] [CLIENT INIT] Mode=SH | Sparsity=ON (UsedSparsity=0.2) | Clusters=OFF (UsedClusters=-) | EnvSparsityCfg={'Conv': 0.2, 'Linear': 0.2, 'Bias': 0.0, 'BatchNorm': 0.0} | EnvNClusters=3
[2026-01-29 15:34:41,013] [INFO] Model initialized on device: cuda:0
[2026-01-29 15:34:41,013] [INFO] [CLIENT INIT] Mode=SH | Sparsity=ON (UsedSparsity=0.2) | Clusters=OFF (UsedClusters=-) | EnvSparsityCfg={'Conv': 0.2, 'Linear': 0.2, 'Bias': 0.0, 'BatchNorm': 0.0} | EnvNClusters=3
[2026-01-29 15:34:41,213] [INFO] Model initialized on device: cuda:0
[2026-01-29 15:34:41,213] [INFO] [CLIENT INIT] Mode=SH | Sparsity=ON (UsedSparsity=0.2) | Clusters=OFF (UsedClusters=-) | EnvSparsityCfg={'Conv': 0.2, 'Linear': 0.2, 'Bias': 0.0, 'BatchNorm': 0.0} | EnvNClusters=3
[2026-01-29 15:34:41,231] [INFO] Model initialized on device: cuda:0
[2026-01-29 15:34:41,232] [INFO] [CLIENT INIT] Mode=SH | Sparsity=ON (UsedSparsity=0.2) | Clusters=OFF (UsedClusters=-) | EnvSparsityCfg={'Conv': 0.2, 'Linear': 0.2, 'Bias': 0.0, 'BatchNorm': 0.0} | EnvNClusters=3
[2026-01-29 15:36:28,215] [INFO] [TRAIN] Epoch 1 Loss: 0.2129
[2026-01-29 15:37:29,454] [INFO] Model initialized on device: cuda:0
[2026-01-29 15:37:29,454] [INFO] [CLIENT INIT] Mode=SH | Sparsity=ON (UsedSparsity=0.2) | Clusters=OFF (UsedClusters=-) | EnvSparsityCfg={'Conv': 0.2, 'Linear': 0.2, 'Bias': 0.0, 'BatchNorm': 0.0} | EnvNClusters=3
[2026-01-29 15:37:30,511] [INFO] Model initialized on device: cuda:0
[2026-01-29 15:37:30,511] [INFO] [CLIENT INIT] Mode=SH | Sparsity=ON (UsedSparsity=0.2) | Clusters=OFF (UsedClusters=-) | EnvSparsityCfg={'Conv': 0.2, 'Linear': 0.2, 'Bias': 0.0, 'BatchNorm': 0.0} | EnvNClusters=3
[2026-01-29 15:37:30,926] [INFO] Model initialized on device: cuda:0
[2026-01-29 15:37:30,926] [INFO] [CLIENT INIT] Mode=SH | Sparsity=ON (UsedSparsity=0.2) | Clusters=OFF (UsedClusters=-) | EnvSparsityCfg={'Conv': 0.2, 'Linear': 0.2, 'Bias': 0.0, 'BatchNorm': 0.0} | EnvNClusters=3
[2026-01-29 15:37:31,012] [INFO] Model initialized on device: cuda:0
[2026-01-29 15:37:31,012] [INFO] [CLIENT INIT] Mode=SH | Sparsity=ON (UsedSparsity=0.2) | Clusters=OFF (UsedClusters=-) | EnvSparsityCfg={'Conv': 0.2, 'Linear': 0.2, 'Bias': 0.0, 'BatchNorm': 0.0} | EnvNClusters=3
[2026-01-29 15:37:31,114] [INFO] Model initialized on device: cuda:0
[2026-01-29 15:37:31,114] [INFO] [CLIENT INIT] Mode=SH | Sparsity=ON (UsedSparsity=0.2) | Clusters=OFF (UsedClusters=-) | EnvSparsityCfg={'Conv': 0.2, 'Linear': 0.2, 'Bias': 0.0, 'BatchNorm': 0.0} | EnvNClusters=3
[2026-01-29 15:37:31,532] [INFO] Model initialized on device: cuda:0
[2026-01-29 15:37:31,532] [INFO] [CLIENT INIT] Mode=SH | Sparsity=ON (UsedSparsity=0.2) | Clusters=OFF (UsedClusters=-) | EnvSparsityCfg={'Conv': 0.2, 'Linear': 0.2, 'Bias': 0.0, 'BatchNorm': 0.0} | EnvNClusters=3
[2026-01-29 15:37:31,739] [INFO] Model initialized on device: cuda:0
[2026-01-29 15:37:31,739] [INFO] [CLIENT INIT] Mode=SH | Sparsity=ON (UsedSparsity=0.2) | Clusters=OFF (UsedClusters=-) | EnvSparsityCfg={'Conv': 0.2, 'Linear': 0.2, 'Bias': 0.0, 'BatchNorm': 0.0} | EnvNClusters=3
[2026-01-29 15:37:31,739] [INFO] Model initialized on device: cuda:0
[2026-01-29 15:37:31,739] [INFO] [CLIENT INIT] Mode=SH | Sparsity=ON (UsedSparsity=0.2) | Clusters=OFF (UsedClusters=-) | EnvSparsityCfg={'Conv': 0.2, 'Linear': 0.2, 'Bias': 0.0, 'BatchNorm': 0.0} | EnvNClusters=3
[2026-01-29 15:37:31,740] [INFO] Model initialized on device: cuda:0
[2026-01-29 15:37:31,740] [INFO] [CLIENT INIT] Mode=SH | Sparsity=ON (UsedSparsity=0.2) | Clusters=OFF (UsedClusters=-) | EnvSparsityCfg={'Conv': 0.2, 'Linear': 0.2, 'Bias': 0.0, 'BatchNorm': 0.0} | EnvNClusters=3
[2026-01-29 15:37:31,810] [INFO] Model initialized on device: cuda:0
[2026-01-29 15:37:31,810] [INFO] [CLIENT INIT] Mode=SH | Sparsity=ON (UsedSparsity=0.2) | Clusters=OFF (UsedClusters=-) | EnvSparsityCfg={'Conv': 0.2, 'Linear': 0.2, 'Bias': 0.0, 'BatchNorm': 0.0} | EnvNClusters=3
[2026-01-29 15:39:10,418] [INFO] [TRAIN] Epoch 2 Loss: 0.1827
[2026-01-29 15:40:00,052] [INFO] Model initialized on device: cuda:0
[2026-01-29 15:40:00,052] [INFO] [CLIENT INIT] Mode=SH | Sparsity=ON (UsedSparsity=0.2) | Clusters=OFF (UsedClusters=-) | EnvSparsityCfg={'Conv': 0.2, 'Linear': 0.2, 'Bias': 0.0, 'BatchNorm': 0.0} | EnvNClusters=3
[2026-01-29 15:40:00,648] [INFO] Model initialized on device: cuda:0
[2026-01-29 15:40:00,648] [INFO] [CLIENT INIT] Mode=SH | Sparsity=ON (UsedSparsity=0.2) | Clusters=OFF (UsedClusters=-) | EnvSparsityCfg={'Conv': 0.2, 'Linear': 0.2, 'Bias': 0.0, 'BatchNorm': 0.0} | EnvNClusters=3
[2026-01-29 15:40:04,731] [INFO] Model initialized on device: cuda:0
[2026-01-29 15:40:04,731] [INFO] [CLIENT INIT] Mode=SH | Sparsity=ON (UsedSparsity=0.2) | Clusters=OFF (UsedClusters=-) | EnvSparsityCfg={'Conv': 0.2, 'Linear': 0.2, 'Bias': 0.0, 'BatchNorm': 0.0} | EnvNClusters=3
[2026-01-29 15:40:04,925] [INFO] Model initialized on device: cuda:0
[2026-01-29 15:40:04,926] [INFO] [CLIENT INIT] Mode=SH | Sparsity=ON (UsedSparsity=0.2) | Clusters=OFF (UsedClusters=-) | EnvSparsityCfg={'Conv': 0.2, 'Linear': 0.2, 'Bias': 0.0, 'BatchNorm': 0.0} | EnvNClusters=3
[2026-01-29 15:40:09,218] [INFO] Model initialized on device: cuda:0
[2026-01-29 15:40:09,218] [INFO] [CLIENT INIT] Mode=SH | Sparsity=ON (UsedSparsity=0.2) | Clusters=OFF (UsedClusters=-) | EnvSparsityCfg={'Conv': 0.2, 'Linear': 0.2, 'Bias': 0.0, 'BatchNorm': 0.0} | EnvNClusters=3
[2026-01-29 15:40:09,817] [INFO] Model initialized on device: cuda:0
[2026-01-29 15:40:09,818] [INFO] [CLIENT INIT] Mode=SH | Sparsity=ON (UsedSparsity=0.2) | Clusters=OFF (UsedClusters=-) | EnvSparsityCfg={'Conv': 0.2, 'Linear': 0.2, 'Bias': 0.0, 'BatchNorm': 0.0} | EnvNClusters=3
[2026-01-29 15:40:09,839] [INFO] Model initialized on device: cuda:0
[2026-01-29 15:40:09,840] [INFO] [CLIENT INIT] Mode=SH | Sparsity=ON (UsedSparsity=0.2) | Clusters=OFF (UsedClusters=-) | EnvSparsityCfg={'Conv': 0.2, 'Linear': 0.2, 'Bias': 0.0, 'BatchNorm': 0.0} | EnvNClusters=3
[2026-01-29 15:40:10,020] [INFO] Model initialized on device: cuda:0
[2026-01-29 15:40:10,020] [INFO] [CLIENT INIT] Mode=SH | Sparsity=ON (UsedSparsity=0.2) | Clusters=OFF (UsedClusters=-) | EnvSparsityCfg={'Conv': 0.2, 'Linear': 0.2, 'Bias': 0.0, 'BatchNorm': 0.0} | EnvNClusters=3
[2026-01-29 15:40:10,020] [INFO] Model initialized on device: cuda:0
[2026-01-29 15:40:10,021] [INFO] Model initialized on device: cuda:0
[2026-01-29 15:40:10,021] [INFO] [CLIENT INIT] Mode=SH | Sparsity=ON (UsedSparsity=0.2) | Clusters=OFF (UsedClusters=-) | EnvSparsityCfg={'Conv': 0.2, 'Linear': 0.2, 'Bias': 0.0, 'BatchNorm': 0.0} | EnvNClusters=3
[2026-01-29 15:40:10,021] [INFO] [CLIENT INIT] Mode=SH | Sparsity=ON (UsedSparsity=0.2) | Clusters=OFF (UsedClusters=-) | EnvSparsityCfg={'Conv': 0.2, 'Linear': 0.2, 'Bias': 0.0, 'BatchNorm': 0.0} | EnvNClusters=3
[2026-01-29 15:42:01,917] [INFO] [TRAIN] Epoch 3 Loss: 0.1669
[2026-01-29 15:42:35,433] [INFO] Model initialized on device: cuda:0
[2026-01-29 15:42:35,434] [INFO] [CLIENT INIT] Mode=SH | Sparsity=ON (UsedSparsity=0.2) | Clusters=OFF (UsedClusters=-) | EnvSparsityCfg={'Conv': 0.2, 'Linear': 0.2, 'Bias': 0.0, 'BatchNorm': 0.0} | EnvNClusters=3
[2026-01-29 15:42:35,437] [INFO] Model initialized on device: cuda:0
[2026-01-29 15:42:35,437] [INFO] [CLIENT INIT] Mode=SH | Sparsity=ON (UsedSparsity=0.2) | Clusters=OFF (UsedClusters=-) | EnvSparsityCfg={'Conv': 0.2, 'Linear': 0.2, 'Bias': 0.0, 'BatchNorm': 0.0} | EnvNClusters=3
[2026-01-29 15:42:41,920] [INFO] Model initialized on device: cuda:0
[2026-01-29 15:42:41,920] [INFO] [CLIENT INIT] Mode=SH | Sparsity=ON (UsedSparsity=0.2) | Clusters=OFF (UsedClusters=-) | EnvSparsityCfg={'Conv': 0.2, 'Linear': 0.2, 'Bias': 0.0, 'BatchNorm': 0.0} | EnvNClusters=3
[2026-01-29 15:42:43,412] [INFO] Model initialized on device: cuda:0
[2026-01-29 15:42:43,412] [INFO] [CLIENT INIT] Mode=SH | Sparsity=ON (UsedSparsity=0.2) | Clusters=OFF (UsedClusters=-) | EnvSparsityCfg={'Conv': 0.2, 'Linear': 0.2, 'Bias': 0.0, 'BatchNorm': 0.0} | EnvNClusters=3
[2026-01-29 15:42:46,117] [INFO] Model initialized on device: cuda:0
[2026-01-29 15:42:46,117] [INFO] [CLIENT INIT] Mode=SH | Sparsity=ON (UsedSparsity=0.2) | Clusters=OFF (UsedClusters=-) | EnvSparsityCfg={'Conv': 0.2, 'Linear': 0.2, 'Bias': 0.0, 'BatchNorm': 0.0} | EnvNClusters=3
[2026-01-29 15:42:46,133] [INFO] Model initialized on device: cuda:0
[2026-01-29 15:42:46,133] [INFO] [CLIENT INIT] Mode=SH | Sparsity=ON (UsedSparsity=0.2) | Clusters=OFF (UsedClusters=-) | EnvSparsityCfg={'Conv': 0.2, 'Linear': 0.2, 'Bias': 0.0, 'BatchNorm': 0.0} | EnvNClusters=3
[2026-01-29 15:42:46,219] [INFO] Model initialized on device: cuda:0
[2026-01-29 15:42:46,220] [INFO] [CLIENT INIT] Mode=SH | Sparsity=ON (UsedSparsity=0.2) | Clusters=OFF (UsedClusters=-) | EnvSparsityCfg={'Conv': 0.2, 'Linear': 0.2, 'Bias': 0.0, 'BatchNorm': 0.0} | EnvNClusters=3
[2026-01-29 15:42:46,514] [INFO] Model initialized on device: cuda:0
[2026-01-29 15:42:46,514] [INFO] [CLIENT INIT] Mode=SH | Sparsity=ON (UsedSparsity=0.2) | Clusters=OFF (UsedClusters=-) | EnvSparsityCfg={'Conv': 0.2, 'Linear': 0.2, 'Bias': 0.0, 'BatchNorm': 0.0} | EnvNClusters=3
[2026-01-29 15:42:46,516] [INFO] Model initialized on device: cuda:0
[2026-01-29 15:42:46,516] [INFO] [CLIENT INIT] Mode=SH | Sparsity=ON (UsedSparsity=0.2) | Clusters=OFF (UsedClusters=-) | EnvSparsityCfg={'Conv': 0.2, 'Linear': 0.2, 'Bias': 0.0, 'BatchNorm': 0.0} | EnvNClusters=3
[2026-01-29 15:42:46,615] [INFO] Model initialized on device: cuda:0
[2026-01-29 15:42:46,615] [INFO] [CLIENT INIT] Mode=SH | Sparsity=ON (UsedSparsity=0.2) | Clusters=OFF (UsedClusters=-) | EnvSparsityCfg={'Conv': 0.2, 'Linear': 0.2, 'Bias': 0.0, 'BatchNorm': 0.0} | EnvNClusters=3
[2026-01-29 15:44:24,163] [INFO] [TRAIN] Epoch 4 Loss: 0.1602
[2026-01-29 15:45:11,419] [INFO] Model initialized on device: cuda:0
[2026-01-29 15:45:11,419] [INFO] [CLIENT INIT] Mode=SH | Sparsity=ON (UsedSparsity=0.2) | Clusters=OFF (UsedClusters=-) | EnvSparsityCfg={'Conv': 0.2, 'Linear': 0.2, 'Bias': 0.0, 'BatchNorm': 0.0} | EnvNClusters=3
[2026-01-29 15:45:11,815] [INFO] Model initialized on device: cuda:0
[2026-01-29 15:45:11,815] [INFO] [CLIENT INIT] Mode=SH | Sparsity=ON (UsedSparsity=0.2) | Clusters=OFF (UsedClusters=-) | EnvSparsityCfg={'Conv': 0.2, 'Linear': 0.2, 'Bias': 0.0, 'BatchNorm': 0.0} | EnvNClusters=3
[2026-01-29 15:45:12,512] [INFO] Model initialized on device: cuda:0
[2026-01-29 15:45:12,512] [INFO] [CLIENT INIT] Mode=SH | Sparsity=ON (UsedSparsity=0.2) | Clusters=OFF (UsedClusters=-) | EnvSparsityCfg={'Conv': 0.2, 'Linear': 0.2, 'Bias': 0.0, 'BatchNorm': 0.0} | EnvNClusters=3
[2026-01-29 15:45:12,611] [INFO] Model initialized on device: cuda:0
[2026-01-29 15:45:12,612] [INFO] [CLIENT INIT] Mode=SH | Sparsity=ON (UsedSparsity=0.2) | Clusters=OFF (UsedClusters=-) | EnvSparsityCfg={'Conv': 0.2, 'Linear': 0.2, 'Bias': 0.0, 'BatchNorm': 0.0} | EnvNClusters=3
[2026-01-29 15:45:12,627] [INFO] Model initialized on device: cuda:0
[2026-01-29 15:45:12,627] [INFO] [CLIENT INIT] Mode=SH | Sparsity=ON (UsedSparsity=0.2) | Clusters=OFF (UsedClusters=-) | EnvSparsityCfg={'Conv': 0.2, 'Linear': 0.2, 'Bias': 0.0, 'BatchNorm': 0.0} | EnvNClusters=3
[2026-01-29 15:45:12,713] [INFO] Model initialized on device: cuda:0
[2026-01-29 15:45:12,714] [INFO] [CLIENT INIT] Mode=SH | Sparsity=ON (UsedSparsity=0.2) | Clusters=OFF (UsedClusters=-) | EnvSparsityCfg={'Conv': 0.2, 'Linear': 0.2, 'Bias': 0.0, 'BatchNorm': 0.0} | EnvNClusters=3
[2026-01-29 15:45:12,727] [INFO] Model initialized on device: cuda:0
[2026-01-29 15:45:12,727] [INFO] Model initialized on device: cuda:0
[2026-01-29 15:45:12,727] [INFO] [CLIENT INIT] Mode=SH | Sparsity=ON (UsedSparsity=0.2) | Clusters=OFF (UsedClusters=-) | EnvSparsityCfg={'Conv': 0.2, 'Linear': 0.2, 'Bias': 0.0, 'BatchNorm': 0.0} | EnvNClusters=3
[2026-01-29 15:45:12,727] [INFO] [CLIENT INIT] Mode=SH | Sparsity=ON (UsedSparsity=0.2) | Clusters=OFF (UsedClusters=-) | EnvSparsityCfg={'Conv': 0.2, 'Linear': 0.2, 'Bias': 0.0, 'BatchNorm': 0.0} | EnvNClusters=3
[2026-01-29 15:45:12,727] [INFO] Model initialized on device: cuda:0
[2026-01-29 15:45:12,727] [INFO] [CLIENT INIT] Mode=SH | Sparsity=ON (UsedSparsity=0.2) | Clusters=OFF (UsedClusters=-) | EnvSparsityCfg={'Conv': 0.2, 'Linear': 0.2, 'Bias': 0.0, 'BatchNorm': 0.0} | EnvNClusters=3
[2026-01-29 15:45:12,728] [INFO] Model initialized on device: cuda:0
[2026-01-29 15:45:12,728] [INFO] [CLIENT INIT] Mode=SH | Sparsity=ON (UsedSparsity=0.2) | Clusters=OFF (UsedClusters=-) | EnvSparsityCfg={'Conv': 0.2, 'Linear': 0.2, 'Bias': 0.0, 'BatchNorm': 0.0} | EnvNClusters=3
[2026-01-29 15:46:53,408] [INFO] [TRAIN] Epoch 5 Loss: 0.1540
[2026-01-29 15:46:53,410] [INFO] [FIT] Local training finished. Avg Loss: 0.1753
[2026-01-29 15:47:31,263] [INFO] Model initialized on device: cuda:0
[2026-01-29 15:47:31,263] [INFO] [CLIENT INIT] Mode=SH | Sparsity=ON (UsedSparsity=0.2) | Clusters=OFF (UsedClusters=-) | EnvSparsityCfg={'Conv': 0.2, 'Linear': 0.2, 'Bias': 0.0, 'BatchNorm': 0.0} | EnvNClusters=3
[2026-01-29 15:47:31,263] [INFO] Model initialized on device: cuda:0
[2026-01-29 15:47:31,264] [INFO] [CLIENT INIT] Mode=SH | Sparsity=ON (UsedSparsity=0.2) | Clusters=OFF (UsedClusters=-) | EnvSparsityCfg={'Conv': 0.2, 'Linear': 0.2, 'Bias': 0.0, 'BatchNorm': 0.0} | EnvNClusters=3
[2026-01-29 15:47:31,820] [INFO] Model initialized on device: cuda:0
[2026-01-29 15:47:31,820] [INFO] [CLIENT INIT] Mode=SH | Sparsity=ON (UsedSparsity=0.2) | Clusters=OFF (UsedClusters=-) | EnvSparsityCfg={'Conv': 0.2, 'Linear': 0.2, 'Bias': 0.0, 'BatchNorm': 0.0} | EnvNClusters=3
[2026-01-29 15:47:31,836] [INFO] Model initialized on device: cuda:0
[2026-01-29 15:47:31,836] [INFO] [CLIENT INIT] Mode=SH | Sparsity=ON (UsedSparsity=0.2) | Clusters=OFF (UsedClusters=-) | EnvSparsityCfg={'Conv': 0.2, 'Linear': 0.2, 'Bias': 0.0, 'BatchNorm': 0.0} | EnvNClusters=3
[2026-01-29 15:47:31,940] [INFO] Model initialized on device: cuda:0
[2026-01-29 15:47:31,940] [INFO] [CLIENT INIT] Mode=SH | Sparsity=ON (UsedSparsity=0.2) | Clusters=OFF (UsedClusters=-) | EnvSparsityCfg={'Conv': 0.2, 'Linear': 0.2, 'Bias': 0.0, 'BatchNorm': 0.0} | EnvNClusters=3
[2026-01-29 15:47:32,264] [INFO] Model initialized on device: cuda:0
[2026-01-29 15:47:32,264] [INFO] [CLIENT INIT] Mode=SH | Sparsity=ON (UsedSparsity=0.2) | Clusters=OFF (UsedClusters=-) | EnvSparsityCfg={'Conv': 0.2, 'Linear': 0.2, 'Bias': 0.0, 'BatchNorm': 0.0} | EnvNClusters=3
[2026-01-29 15:47:32,342] [INFO] Model initialized on device: cuda:0
[2026-01-29 15:47:32,342] [INFO] [CLIENT INIT] Mode=SH | Sparsity=ON (UsedSparsity=0.2) | Clusters=OFF (UsedClusters=-) | EnvSparsityCfg={'Conv': 0.2, 'Linear': 0.2, 'Bias': 0.0, 'BatchNorm': 0.0} | EnvNClusters=3
[2026-01-29 15:47:32,346] [INFO] Model initialized on device: cuda:0
[2026-01-29 15:47:32,346] [INFO] [CLIENT INIT] Mode=SH | Sparsity=ON (UsedSparsity=0.2) | Clusters=OFF (UsedClusters=-) | EnvSparsityCfg={'Conv': 0.2, 'Linear': 0.2, 'Bias': 0.0, 'BatchNorm': 0.0} | EnvNClusters=3
[2026-01-29 15:47:32,351] [INFO] Model initialized on device: cuda:0
[2026-01-29 15:47:32,351] [INFO] [CLIENT INIT] Mode=SH | Sparsity=ON (UsedSparsity=0.2) | Clusters=OFF (UsedClusters=-) | EnvSparsityCfg={'Conv': 0.2, 'Linear': 0.2, 'Bias': 0.0, 'BatchNorm': 0.0} | EnvNClusters=3
[2026-01-29 15:47:32,353] [INFO] Model initialized on device: cuda:0
[2026-01-29 15:47:32,353] [INFO] [CLIENT INIT] Mode=SH | Sparsity=ON (UsedSparsity=0.2) | Clusters=OFF (UsedClusters=-) | EnvSparsityCfg={'Conv': 0.2, 'Linear': 0.2, 'Bias': 0.0, 'BatchNorm': 0.0} | EnvNClusters=3
[2026-01-29 15:47:36,818] [DEBUG] [TEST] Batch 1 | Pred shape: torch.Size([256, 256, 160]) | Label shape: torch.Size([256, 256, 160])
[2026-01-29 15:47:36,916] [DEBUG] [TEST] Batch 2 | Pred shape: torch.Size([256, 256, 160]) | Label shape: torch.Size([256, 256, 160])
[2026-01-29 15:47:37,021] [DEBUG] [TEST] Batch 3 | Pred shape: torch.Size([256, 256, 160]) | Label shape: torch.Size([256, 256, 160])
[2026-01-29 15:47:37,315] [DEBUG] [TEST] Batch 4 | Pred shape: torch.Size([256, 256, 160]) | Label shape: torch.Size([256, 256, 160])
[2026-01-29 15:47:37,415] [DEBUG] [TEST] Batch 5 | Pred shape: torch.Size([256, 256, 160]) | Label shape: torch.Size([256, 256, 160])
[2026-01-29 15:47:37,515] [DEBUG] [TEST] Batch 6 | Pred shape: torch.Size([256, 256, 160]) | Label shape: torch.Size([256, 256, 160])
[2026-01-29 15:47:37,615] [DEBUG] [TEST] Batch 7 | Pred shape: torch.Size([256, 256, 160]) | Label shape: torch.Size([256, 256, 160])
[2026-01-29 15:47:37,716] [DEBUG] [TEST] Batch 8 | Pred shape: torch.Size([256, 256, 160]) | Label shape: torch.Size([256, 256, 160])
[2026-01-29 15:47:37,911] [DEBUG] [TEST] Batch 9 | Pred shape: torch.Size([256, 256, 160]) | Label shape: torch.Size([256, 256, 160])
[2026-01-29 15:47:38,111] [DEBUG] [TEST] Batch 10 | Pred shape: torch.Size([256, 256, 160]) | Label shape: torch.Size([256, 256, 160])
[2026-01-29 15:47:40,823] [DEBUG] [TEST] Batch 11 | Pred shape: torch.Size([256, 256, 160]) | Label shape: torch.Size([256, 256, 160])
[2026-01-29 15:47:40,881] [DEBUG] [TEST] Batch 12 | Pred shape: torch.Size([256, 256, 160]) | Label shape: torch.Size([256, 256, 160])
[2026-01-29 15:47:40,959] [DEBUG] [TEST] Batch 13 | Pred shape: torch.Size([256, 256, 160]) | Label shape: torch.Size([256, 256, 160])
[2026-01-29 15:47:41,113] [DEBUG] [TEST] Batch 14 | Pred shape: torch.Size([256, 256, 160]) | Label shape: torch.Size([256, 256, 160])
[2026-01-29 15:47:41,170] [DEBUG] [TEST] Batch 15 | Pred shape: torch.Size([256, 256, 160]) | Label shape: torch.Size([256, 256, 160])
[2026-01-29 15:47:41,245] [DEBUG] [TEST] Batch 16 | Pred shape: torch.Size([256, 256, 160]) | Label shape: torch.Size([256, 256, 160])
[2026-01-29 15:47:46,884] [INFO] [FIT] Final model saved to: Revision2/Run_UNET_NonIID_SH20_20260129/Client3/model_final.pth
[2026-01-29 15:48:04,723] [INFO] [COMM][CLIENT] Round=-1 Mode=SH UsedSparsity=0.2 UsedClusters=- BaselineBits=154016352.0 CompressedBits=165612284.6 CR=0.930
[2026-01-29 15:55:46,239] [INFO] [EVALUATE] Starting evaluation...
[2026-01-29 15:55:47,411] [INFO] [DEBUG] Loaded compressed decoded weights.
[2026-01-29 15:56:54,208] [INFO] Model initialized on device: cuda:0
[2026-01-29 15:56:54,208] [INFO] [CLIENT INIT] Mode=SH | Sparsity=ON (UsedSparsity=0.2) | Clusters=OFF (UsedClusters=-) | EnvSparsityCfg={'Conv': 0.2, 'Linear': 0.2, 'Bias': 0.0, 'BatchNorm': 0.0} | EnvNClusters=3
[2026-01-29 15:56:54,909] [INFO] Model initialized on device: cuda:0
[2026-01-29 15:56:54,910] [INFO] [CLIENT INIT] Mode=SH | Sparsity=ON (UsedSparsity=0.2) | Clusters=OFF (UsedClusters=-) | EnvSparsityCfg={'Conv': 0.2, 'Linear': 0.2, 'Bias': 0.0, 'BatchNorm': 0.0} | EnvNClusters=3
[2026-01-29 15:56:55,113] [INFO] Model initialized on device: cuda:0
[2026-01-29 15:56:55,114] [INFO] [CLIENT INIT] Mode=SH | Sparsity=ON (UsedSparsity=0.2) | Clusters=OFF (UsedClusters=-) | EnvSparsityCfg={'Conv': 0.2, 'Linear': 0.2, 'Bias': 0.0, 'BatchNorm': 0.0} | EnvNClusters=3
[2026-01-29 15:56:55,445] [INFO] Model initialized on device: cuda:0
[2026-01-29 15:56:55,445] [INFO] [CLIENT INIT] Mode=SH | Sparsity=ON (UsedSparsity=0.2) | Clusters=OFF (UsedClusters=-) | EnvSparsityCfg={'Conv': 0.2, 'Linear': 0.2, 'Bias': 0.0, 'BatchNorm': 0.0} | EnvNClusters=3
[2026-01-29 15:56:55,514] [INFO] Model initialized on device: cuda:0
[2026-01-29 15:56:55,514] [INFO] [CLIENT INIT] Mode=SH | Sparsity=ON (UsedSparsity=0.2) | Clusters=OFF (UsedClusters=-) | EnvSparsityCfg={'Conv': 0.2, 'Linear': 0.2, 'Bias': 0.0, 'BatchNorm': 0.0} | EnvNClusters=3
[2026-01-29 15:56:55,625] [INFO] Model initialized on device: cuda:0
[2026-01-29 15:56:55,625] [INFO] [CLIENT INIT] Mode=SH | Sparsity=ON (UsedSparsity=0.2) | Clusters=OFF (UsedClusters=-) | EnvSparsityCfg={'Conv': 0.2, 'Linear': 0.2, 'Bias': 0.0, 'BatchNorm': 0.0} | EnvNClusters=3
[2026-01-29 15:56:55,736] [INFO] Model initialized on device: cuda:0
[2026-01-29 15:56:55,736] [INFO] [CLIENT INIT] Mode=SH | Sparsity=ON (UsedSparsity=0.2) | Clusters=OFF (UsedClusters=-) | EnvSparsityCfg={'Conv': 0.2, 'Linear': 0.2, 'Bias': 0.0, 'BatchNorm': 0.0} | EnvNClusters=3
[2026-01-29 15:56:55,817] [INFO] Model initialized on device: cuda:0
[2026-01-29 15:56:55,817] [INFO] [CLIENT INIT] Mode=SH | Sparsity=ON (UsedSparsity=0.2) | Clusters=OFF (UsedClusters=-) | EnvSparsityCfg={'Conv': 0.2, 'Linear': 0.2, 'Bias': 0.0, 'BatchNorm': 0.0} | EnvNClusters=3
[2026-01-29 15:56:55,821] [INFO] Model initialized on device: cuda:0
[2026-01-29 15:56:55,821] [INFO] [CLIENT INIT] Mode=SH | Sparsity=ON (UsedSparsity=0.2) | Clusters=OFF (UsedClusters=-) | EnvSparsityCfg={'Conv': 0.2, 'Linear': 0.2, 'Bias': 0.0, 'BatchNorm': 0.0} | EnvNClusters=3
[2026-01-29 15:56:55,822] [INFO] Model initialized on device: cuda:0
[2026-01-29 15:56:55,822] [INFO] [CLIENT INIT] Mode=SH | Sparsity=ON (UsedSparsity=0.2) | Clusters=OFF (UsedClusters=-) | EnvSparsityCfg={'Conv': 0.2, 'Linear': 0.2, 'Bias': 0.0, 'BatchNorm': 0.0} | EnvNClusters=3
[2026-01-29 15:57:06,518] [DEBUG] [TEST] Batch 1 | Pred shape: torch.Size([256, 256, 160]) | Label shape: torch.Size([256, 256, 160])
[2026-01-29 15:57:06,627] [DEBUG] [TEST] Batch 2 | Pred shape: torch.Size([256, 256, 160]) | Label shape: torch.Size([256, 256, 160])
[2026-01-29 15:57:06,721] [DEBUG] [TEST] Batch 3 | Pred shape: torch.Size([256, 256, 160]) | Label shape: torch.Size([256, 256, 160])
[2026-01-29 15:57:06,815] [DEBUG] [TEST] Batch 4 | Pred shape: torch.Size([256, 256, 160]) | Label shape: torch.Size([256, 256, 160])
[2026-01-29 15:57:06,940] [DEBUG] [TEST] Batch 5 | Pred shape: torch.Size([256, 256, 160]) | Label shape: torch.Size([256, 256, 160])
[2026-01-29 15:57:07,122] [DEBUG] [TEST] Batch 6 | Pred shape: torch.Size([256, 256, 160]) | Label shape: torch.Size([256, 256, 160])
[2026-01-29 15:57:07,251] [DEBUG] [TEST] Batch 7 | Pred shape: torch.Size([256, 256, 160]) | Label shape: torch.Size([256, 256, 160])
[2026-01-29 15:57:07,422] [DEBUG] [TEST] Batch 8 | Pred shape: torch.Size([256, 256, 160]) | Label shape: torch.Size([256, 256, 160])
[2026-01-29 15:57:07,547] [DEBUG] [TEST] Batch 9 | Pred shape: torch.Size([256, 256, 160]) | Label shape: torch.Size([256, 256, 160])
[2026-01-29 15:57:07,722] [DEBUG] [TEST] Batch 10 | Pred shape: torch.Size([256, 256, 160]) | Label shape: torch.Size([256, 256, 160])
[2026-01-29 15:57:12,114] [DEBUG] [TEST] Batch 11 | Pred shape: torch.Size([256, 256, 160]) | Label shape: torch.Size([256, 256, 160])
[2026-01-29 15:57:12,214] [DEBUG] [TEST] Batch 12 | Pred shape: torch.Size([256, 256, 160]) | Label shape: torch.Size([256, 256, 160])
[2026-01-29 15:57:12,314] [DEBUG] [TEST] Batch 13 | Pred shape: torch.Size([256, 256, 160]) | Label shape: torch.Size([256, 256, 160])
[2026-01-29 15:57:12,416] [DEBUG] [TEST] Batch 14 | Pred shape: torch.Size([256, 256, 160]) | Label shape: torch.Size([256, 256, 160])
[2026-01-29 15:57:12,610] [DEBUG] [TEST] Batch 15 | Pred shape: torch.Size([256, 256, 160]) | Label shape: torch.Size([256, 256, 160])
[2026-01-29 15:57:12,814] [DEBUG] [TEST] Batch 16 | Pred shape: torch.Size([256, 256, 160]) | Label shape: torch.Size([256, 256, 160])
[2026-01-29 15:57:18,538] [INFO] [EVALUATE] Dice WT: 0.8621
[2026-01-29 15:57:40,011] [INFO] [FIT] Received parameters. Starting local training...
[2026-01-29 15:57:42,412] [INFO] [DEBUG] Loaded compressed decoded weights.
[2026-01-29 15:58:44,524] [INFO] Model initialized on device: cuda:0
[2026-01-29 15:58:44,524] [INFO] [CLIENT INIT] Mode=SH | Sparsity=ON (UsedSparsity=0.2) | Clusters=OFF (UsedClusters=-) | EnvSparsityCfg={'Conv': 0.2, 'Linear': 0.2, 'Bias': 0.0, 'BatchNorm': 0.0} | EnvNClusters=3
[2026-01-29 15:58:44,741] [INFO] Model initialized on device: cuda:0
[2026-01-29 15:58:44,741] [INFO] [CLIENT INIT] Mode=SH | Sparsity=ON (UsedSparsity=0.2) | Clusters=OFF (UsedClusters=-) | EnvSparsityCfg={'Conv': 0.2, 'Linear': 0.2, 'Bias': 0.0, 'BatchNorm': 0.0} | EnvNClusters=3
[2026-01-29 15:58:45,216] [INFO] Model initialized on device: cuda:0
[2026-01-29 15:58:45,216] [INFO] [CLIENT INIT] Mode=SH | Sparsity=ON (UsedSparsity=0.2) | Clusters=OFF (UsedClusters=-) | EnvSparsityCfg={'Conv': 0.2, 'Linear': 0.2, 'Bias': 0.0, 'BatchNorm': 0.0} | EnvNClusters=3
[2026-01-29 15:58:45,712] [INFO] Model initialized on device: cuda:0
[2026-01-29 15:58:45,713] [INFO] [CLIENT INIT] Mode=SH | Sparsity=ON (UsedSparsity=0.2) | Clusters=OFF (UsedClusters=-) | EnvSparsityCfg={'Conv': 0.2, 'Linear': 0.2, 'Bias': 0.0, 'BatchNorm': 0.0} | EnvNClusters=3
[2026-01-29 15:58:45,738] [INFO] Model initialized on device: cuda:0
[2026-01-29 15:58:45,739] [INFO] [CLIENT INIT] Mode=SH | Sparsity=ON (UsedSparsity=0.2) | Clusters=OFF (UsedClusters=-) | EnvSparsityCfg={'Conv': 0.2, 'Linear': 0.2, 'Bias': 0.0, 'BatchNorm': 0.0} | EnvNClusters=3
[2026-01-29 15:58:46,030] [INFO] Model initialized on device: cuda:0
[2026-01-29 15:58:46,030] [INFO] [CLIENT INIT] Mode=SH | Sparsity=ON (UsedSparsity=0.2) | Clusters=OFF (UsedClusters=-) | EnvSparsityCfg={'Conv': 0.2, 'Linear': 0.2, 'Bias': 0.0, 'BatchNorm': 0.0} | EnvNClusters=3
[2026-01-29 15:58:46,030] [INFO] Model initialized on device: cuda:0
[2026-01-29 15:58:46,030] [INFO] [CLIENT INIT] Mode=SH | Sparsity=ON (UsedSparsity=0.2) | Clusters=OFF (UsedClusters=-) | EnvSparsityCfg={'Conv': 0.2, 'Linear': 0.2, 'Bias': 0.0, 'BatchNorm': 0.0} | EnvNClusters=3
[2026-01-29 15:58:46,133] [INFO] Model initialized on device: cuda:0
[2026-01-29 15:58:46,133] [INFO] [CLIENT INIT] Mode=SH | Sparsity=ON (UsedSparsity=0.2) | Clusters=OFF (UsedClusters=-) | EnvSparsityCfg={'Conv': 0.2, 'Linear': 0.2, 'Bias': 0.0, 'BatchNorm': 0.0} | EnvNClusters=3
[2026-01-29 15:58:46,212] [INFO] Model initialized on device: cuda:0
[2026-01-29 15:58:46,212] [INFO] [CLIENT INIT] Mode=SH | Sparsity=ON (UsedSparsity=0.2) | Clusters=OFF (UsedClusters=-) | EnvSparsityCfg={'Conv': 0.2, 'Linear': 0.2, 'Bias': 0.0, 'BatchNorm': 0.0} | EnvNClusters=3
[2026-01-29 15:58:46,214] [INFO] Model initialized on device: cuda:0
[2026-01-29 15:58:46,214] [INFO] [CLIENT INIT] Mode=SH | Sparsity=ON (UsedSparsity=0.2) | Clusters=OFF (UsedClusters=-) | EnvSparsityCfg={'Conv': 0.2, 'Linear': 0.2, 'Bias': 0.0, 'BatchNorm': 0.0} | EnvNClusters=3
[2026-01-29 16:00:51,114] [INFO] [TRAIN] Epoch 1 Loss: 0.1992
[2026-01-29 16:01:45,511] [INFO] Model initialized on device: cuda:0
[2026-01-29 16:01:45,511] [INFO] [CLIENT INIT] Mode=SH | Sparsity=ON (UsedSparsity=0.2) | Clusters=OFF (UsedClusters=-) | EnvSparsityCfg={'Conv': 0.2, 'Linear': 0.2, 'Bias': 0.0, 'BatchNorm': 0.0} | EnvNClusters=3
[2026-01-29 16:01:46,128] [INFO] Model initialized on device: cuda:0
[2026-01-29 16:01:46,128] [INFO] [CLIENT INIT] Mode=SH | Sparsity=ON (UsedSparsity=0.2) | Clusters=OFF (UsedClusters=-) | EnvSparsityCfg={'Conv': 0.2, 'Linear': 0.2, 'Bias': 0.0, 'BatchNorm': 0.0} | EnvNClusters=3
[2026-01-29 16:01:46,131] [INFO] Model initialized on device: cuda:0
[2026-01-29 16:01:46,131] [INFO] [CLIENT INIT] Mode=SH | Sparsity=ON (UsedSparsity=0.2) | Clusters=OFF (UsedClusters=-) | EnvSparsityCfg={'Conv': 0.2, 'Linear': 0.2, 'Bias': 0.0, 'BatchNorm': 0.0} | EnvNClusters=3
[2026-01-29 16:01:46,536] [INFO] Model initialized on device: cuda:0
[2026-01-29 16:01:46,536] [INFO] [CLIENT INIT] Mode=SH | Sparsity=ON (UsedSparsity=0.2) | Clusters=OFF (UsedClusters=-) | EnvSparsityCfg={'Conv': 0.2, 'Linear': 0.2, 'Bias': 0.0, 'BatchNorm': 0.0} | EnvNClusters=3
[2026-01-29 16:01:46,536] [INFO] Model initialized on device: cuda:0
[2026-01-29 16:01:46,537] [INFO] [CLIENT INIT] Mode=SH | Sparsity=ON (UsedSparsity=0.2) | Clusters=OFF (UsedClusters=-) | EnvSparsityCfg={'Conv': 0.2, 'Linear': 0.2, 'Bias': 0.0, 'BatchNorm': 0.0} | EnvNClusters=3
[2026-01-29 16:01:46,725] [INFO] Model initialized on device: cuda:0
[2026-01-29 16:01:46,725] [INFO] [CLIENT INIT] Mode=SH | Sparsity=ON (UsedSparsity=0.2) | Clusters=OFF (UsedClusters=-) | EnvSparsityCfg={'Conv': 0.2, 'Linear': 0.2, 'Bias': 0.0, 'BatchNorm': 0.0} | EnvNClusters=3
[2026-01-29 16:01:46,813] [INFO] Model initialized on device: cuda:0
[2026-01-29 16:01:46,813] [INFO] [CLIENT INIT] Mode=SH | Sparsity=ON (UsedSparsity=0.2) | Clusters=OFF (UsedClusters=-) | EnvSparsityCfg={'Conv': 0.2, 'Linear': 0.2, 'Bias': 0.0, 'BatchNorm': 0.0} | EnvNClusters=3
[2026-01-29 16:01:46,819] [INFO] Model initialized on device: cuda:0
[2026-01-29 16:01:46,819] [INFO] [CLIENT INIT] Mode=SH | Sparsity=ON (UsedSparsity=0.2) | Clusters=OFF (UsedClusters=-) | EnvSparsityCfg={'Conv': 0.2, 'Linear': 0.2, 'Bias': 0.0, 'BatchNorm': 0.0} | EnvNClusters=3
[2026-01-29 16:01:46,820] [INFO] Model initialized on device: cuda:0
[2026-01-29 16:01:46,820] [INFO] [CLIENT INIT] Mode=SH | Sparsity=ON (UsedSparsity=0.2) | Clusters=OFF (UsedClusters=-) | EnvSparsityCfg={'Conv': 0.2, 'Linear': 0.2, 'Bias': 0.0, 'BatchNorm': 0.0} | EnvNClusters=3
[2026-01-29 16:01:46,830] [INFO] Model initialized on device: cuda:0
[2026-01-29 16:01:46,830] [INFO] [CLIENT INIT] Mode=SH | Sparsity=ON (UsedSparsity=0.2) | Clusters=OFF (UsedClusters=-) | EnvSparsityCfg={'Conv': 0.2, 'Linear': 0.2, 'Bias': 0.0, 'BatchNorm': 0.0} | EnvNClusters=3
[2026-01-29 16:03:37,616] [INFO] [TRAIN] Epoch 2 Loss: 0.1763
[2026-01-29 16:04:09,713] [INFO] Model initialized on device: cuda:0
[2026-01-29 16:04:09,713] [INFO] [CLIENT INIT] Mode=SH | Sparsity=ON (UsedSparsity=0.2) | Clusters=OFF (UsedClusters=-) | EnvSparsityCfg={'Conv': 0.2, 'Linear': 0.2, 'Bias': 0.0, 'BatchNorm': 0.0} | EnvNClusters=3
[2026-01-29 16:04:17,615] [INFO] Model initialized on device: cuda:0
[2026-01-29 16:04:17,615] [INFO] [CLIENT INIT] Mode=SH | Sparsity=ON (UsedSparsity=0.2) | Clusters=OFF (UsedClusters=-) | EnvSparsityCfg={'Conv': 0.2, 'Linear': 0.2, 'Bias': 0.0, 'BatchNorm': 0.0} | EnvNClusters=3
[2026-01-29 16:04:17,642] [INFO] Model initialized on device: cuda:0
[2026-01-29 16:04:17,642] [INFO] [CLIENT INIT] Mode=SH | Sparsity=ON (UsedSparsity=0.2) | Clusters=OFF (UsedClusters=-) | EnvSparsityCfg={'Conv': 0.2, 'Linear': 0.2, 'Bias': 0.0, 'BatchNorm': 0.0} | EnvNClusters=3
[2026-01-29 16:04:22,018] [INFO] Model initialized on device: cuda:0
[2026-01-29 16:04:22,018] [INFO] [CLIENT INIT] Mode=SH | Sparsity=ON (UsedSparsity=0.2) | Clusters=OFF (UsedClusters=-) | EnvSparsityCfg={'Conv': 0.2, 'Linear': 0.2, 'Bias': 0.0, 'BatchNorm': 0.0} | EnvNClusters=3
[2026-01-29 16:04:22,031] [INFO] Model initialized on device: cuda:0
[2026-01-29 16:04:22,031] [INFO] [CLIENT INIT] Mode=SH | Sparsity=ON (UsedSparsity=0.2) | Clusters=OFF (UsedClusters=-) | EnvSparsityCfg={'Conv': 0.2, 'Linear': 0.2, 'Bias': 0.0, 'BatchNorm': 0.0} | EnvNClusters=3
[2026-01-29 16:04:22,111] [INFO] Model initialized on device: cuda:0
[2026-01-29 16:04:22,111] [INFO] [CLIENT INIT] Mode=SH | Sparsity=ON (UsedSparsity=0.2) | Clusters=OFF (UsedClusters=-) | EnvSparsityCfg={'Conv': 0.2, 'Linear': 0.2, 'Bias': 0.0, 'BatchNorm': 0.0} | EnvNClusters=3
[2026-01-29 16:04:22,116] [INFO] Model initialized on device: cuda:0
[2026-01-29 16:04:22,116] [INFO] [CLIENT INIT] Mode=SH | Sparsity=ON (UsedSparsity=0.2) | Clusters=OFF (UsedClusters=-) | EnvSparsityCfg={'Conv': 0.2, 'Linear': 0.2, 'Bias': 0.0, 'BatchNorm': 0.0} | EnvNClusters=3
[2026-01-29 16:04:22,120] [INFO] Model initialized on device: cuda:0
[2026-01-29 16:04:22,120] [INFO] [CLIENT INIT] Mode=SH | Sparsity=ON (UsedSparsity=0.2) | Clusters=OFF (UsedClusters=-) | EnvSparsityCfg={'Conv': 0.2, 'Linear': 0.2, 'Bias': 0.0, 'BatchNorm': 0.0} | EnvNClusters=3
[2026-01-29 16:04:22,123] [INFO] Model initialized on device: cuda:0
[2026-01-29 16:04:22,123] [INFO] [CLIENT INIT] Mode=SH | Sparsity=ON (UsedSparsity=0.2) | Clusters=OFF (UsedClusters=-) | EnvSparsityCfg={'Conv': 0.2, 'Linear': 0.2, 'Bias': 0.0, 'BatchNorm': 0.0} | EnvNClusters=3
[2026-01-29 16:04:22,124] [INFO] Model initialized on device: cuda:0
[2026-01-29 16:04:22,124] [INFO] [CLIENT INIT] Mode=SH | Sparsity=ON (UsedSparsity=0.2) | Clusters=OFF (UsedClusters=-) | EnvSparsityCfg={'Conv': 0.2, 'Linear': 0.2, 'Bias': 0.0, 'BatchNorm': 0.0} | EnvNClusters=3
[2026-01-29 16:06:08,162] [INFO] [TRAIN] Epoch 3 Loss: 0.1734
[2026-01-29 16:06:41,214] [INFO] Model initialized on device: cuda:0
[2026-01-29 16:06:41,214] [INFO] [CLIENT INIT] Mode=SH | Sparsity=ON (UsedSparsity=0.2) | Clusters=OFF (UsedClusters=-) | EnvSparsityCfg={'Conv': 0.2, 'Linear': 0.2, 'Bias': 0.0, 'BatchNorm': 0.0} | EnvNClusters=3
[2026-01-29 16:06:42,341] [INFO] Model initialized on device: cuda:0
[2026-01-29 16:06:42,341] [INFO] [CLIENT INIT] Mode=SH | Sparsity=ON (UsedSparsity=0.2) | Clusters=OFF (UsedClusters=-) | EnvSparsityCfg={'Conv': 0.2, 'Linear': 0.2, 'Bias': 0.0, 'BatchNorm': 0.0} | EnvNClusters=3
[2026-01-29 16:06:44,935] [INFO] Model initialized on device: cuda:0
[2026-01-29 16:06:44,935] [INFO] [CLIENT INIT] Mode=SH | Sparsity=ON (UsedSparsity=0.2) | Clusters=OFF (UsedClusters=-) | EnvSparsityCfg={'Conv': 0.2, 'Linear': 0.2, 'Bias': 0.0, 'BatchNorm': 0.0} | EnvNClusters=3
[2026-01-29 16:06:52,935] [INFO] Model initialized on device: cuda:0
[2026-01-29 16:06:52,935] [INFO] [CLIENT INIT] Mode=SH | Sparsity=ON (UsedSparsity=0.2) | Clusters=OFF (UsedClusters=-) | EnvSparsityCfg={'Conv': 0.2, 'Linear': 0.2, 'Bias': 0.0, 'BatchNorm': 0.0} | EnvNClusters=3
[2026-01-29 16:06:52,943] [INFO] Model initialized on device: cuda:0
[2026-01-29 16:06:52,943] [INFO] [CLIENT INIT] Mode=SH | Sparsity=ON (UsedSparsity=0.2) | Clusters=OFF (UsedClusters=-) | EnvSparsityCfg={'Conv': 0.2, 'Linear': 0.2, 'Bias': 0.0, 'BatchNorm': 0.0} | EnvNClusters=3
[2026-01-29 16:06:53,111] [INFO] Model initialized on device: cuda:0
[2026-01-29 16:06:53,111] [INFO] [CLIENT INIT] Mode=SH | Sparsity=ON (UsedSparsity=0.2) | Clusters=OFF (UsedClusters=-) | EnvSparsityCfg={'Conv': 0.2, 'Linear': 0.2, 'Bias': 0.0, 'BatchNorm': 0.0} | EnvNClusters=3
[2026-01-29 16:06:53,211] [INFO] Model initialized on device: cuda:0
[2026-01-29 16:06:53,211] [INFO] [CLIENT INIT] Mode=SH | Sparsity=ON (UsedSparsity=0.2) | Clusters=OFF (UsedClusters=-) | EnvSparsityCfg={'Conv': 0.2, 'Linear': 0.2, 'Bias': 0.0, 'BatchNorm': 0.0} | EnvNClusters=3
[2026-01-29 16:06:53,213] [INFO] Model initialized on device: cuda:0
[2026-01-29 16:06:53,213] [INFO] [CLIENT INIT] Mode=SH | Sparsity=ON (UsedSparsity=0.2) | Clusters=OFF (UsedClusters=-) | EnvSparsityCfg={'Conv': 0.2, 'Linear': 0.2, 'Bias': 0.0, 'BatchNorm': 0.0} | EnvNClusters=3
[2026-01-29 16:06:53,244] [INFO] Model initialized on device: cuda:0
[2026-01-29 16:06:53,244] [INFO] Model initialized on device: cuda:0
[2026-01-29 16:06:53,244] [INFO] [CLIENT INIT] Mode=SH | Sparsity=ON (UsedSparsity=0.2) | Clusters=OFF (UsedClusters=-) | EnvSparsityCfg={'Conv': 0.2, 'Linear': 0.2, 'Bias': 0.0, 'BatchNorm': 0.0} | EnvNClusters=3
[2026-01-29 16:06:53,244] [INFO] [CLIENT INIT] Mode=SH | Sparsity=ON (UsedSparsity=0.2) | Clusters=OFF (UsedClusters=-) | EnvSparsityCfg={'Conv': 0.2, 'Linear': 0.2, 'Bias': 0.0, 'BatchNorm': 0.0} | EnvNClusters=3
[2026-01-29 16:08:39,208] [INFO] [TRAIN] Epoch 4 Loss: 0.1574
[2026-01-29 16:09:10,340] [INFO] Model initialized on device: cuda:0
[2026-01-29 16:09:10,340] [INFO] [CLIENT INIT] Mode=SH | Sparsity=ON (UsedSparsity=0.2) | Clusters=OFF (UsedClusters=-) | EnvSparsityCfg={'Conv': 0.2, 'Linear': 0.2, 'Bias': 0.0, 'BatchNorm': 0.0} | EnvNClusters=3
[2026-01-29 16:09:11,241] [INFO] Model initialized on device: cuda:0
[2026-01-29 16:09:11,241] [INFO] [CLIENT INIT] Mode=SH | Sparsity=ON (UsedSparsity=0.2) | Clusters=OFF (UsedClusters=-) | EnvSparsityCfg={'Conv': 0.2, 'Linear': 0.2, 'Bias': 0.0, 'BatchNorm': 0.0} | EnvNClusters=3
[2026-01-29 16:09:17,817] [INFO] Model initialized on device: cuda:0
[2026-01-29 16:09:17,817] [INFO] Model initialized on device: cuda:0
[2026-01-29 16:09:17,817] [INFO] [CLIENT INIT] Mode=SH | Sparsity=ON (UsedSparsity=0.2) | Clusters=OFF (UsedClusters=-) | EnvSparsityCfg={'Conv': 0.2, 'Linear': 0.2, 'Bias': 0.0, 'BatchNorm': 0.0} | EnvNClusters=3
[2026-01-29 16:09:17,817] [INFO] Model initialized on device: cuda:0
[2026-01-29 16:09:17,817] [INFO] [CLIENT INIT] Mode=SH | Sparsity=ON (UsedSparsity=0.2) | Clusters=OFF (UsedClusters=-) | EnvSparsityCfg={'Conv': 0.2, 'Linear': 0.2, 'Bias': 0.0, 'BatchNorm': 0.0} | EnvNClusters=3
[2026-01-29 16:09:17,817] [INFO] [CLIENT INIT] Mode=SH | Sparsity=ON (UsedSparsity=0.2) | Clusters=OFF (UsedClusters=-) | EnvSparsityCfg={'Conv': 0.2, 'Linear': 0.2, 'Bias': 0.0, 'BatchNorm': 0.0} | EnvNClusters=3
[2026-01-29 16:09:18,320] [INFO] Model initialized on device: cuda:0
[2026-01-29 16:09:18,320] [INFO] [CLIENT INIT] Mode=SH | Sparsity=ON (UsedSparsity=0.2) | Clusters=OFF (UsedClusters=-) | EnvSparsityCfg={'Conv': 0.2, 'Linear': 0.2, 'Bias': 0.0, 'BatchNorm': 0.0} | EnvNClusters=3
[2026-01-29 16:09:18,809] [INFO] Model initialized on device: cuda:0
[2026-01-29 16:09:18,809] [INFO] [CLIENT INIT] Mode=SH | Sparsity=ON (UsedSparsity=0.2) | Clusters=OFF (UsedClusters=-) | EnvSparsityCfg={'Conv': 0.2, 'Linear': 0.2, 'Bias': 0.0, 'BatchNorm': 0.0} | EnvNClusters=3
[2026-01-29 16:09:19,338] [INFO] Model initialized on device: cuda:0
[2026-01-29 16:09:19,338] [INFO] [CLIENT INIT] Mode=SH | Sparsity=ON (UsedSparsity=0.2) | Clusters=OFF (UsedClusters=-) | EnvSparsityCfg={'Conv': 0.2, 'Linear': 0.2, 'Bias': 0.0, 'BatchNorm': 0.0} | EnvNClusters=3
[2026-01-29 16:09:20,213] [INFO] Model initialized on device: cuda:0
[2026-01-29 16:09:20,213] [INFO] [CLIENT INIT] Mode=SH | Sparsity=ON (UsedSparsity=0.2) | Clusters=OFF (UsedClusters=-) | EnvSparsityCfg={'Conv': 0.2, 'Linear': 0.2, 'Bias': 0.0, 'BatchNorm': 0.0} | EnvNClusters=3
[2026-01-29 16:09:20,311] [INFO] Model initialized on device: cuda:0
[2026-01-29 16:09:20,311] [INFO] [CLIENT INIT] Mode=SH | Sparsity=ON (UsedSparsity=0.2) | Clusters=OFF (UsedClusters=-) | EnvSparsityCfg={'Conv': 0.2, 'Linear': 0.2, 'Bias': 0.0, 'BatchNorm': 0.0} | EnvNClusters=3
[2026-01-29 16:11:07,079] [INFO] [TRAIN] Epoch 5 Loss: 0.1538
[2026-01-29 16:11:07,080] [INFO] [FIT] Local training finished. Avg Loss: 0.1720
[2026-01-29 16:11:37,011] [INFO] Model initialized on device: cuda:0
[2026-01-29 16:11:37,011] [INFO] [CLIENT INIT] Mode=SH | Sparsity=ON (UsedSparsity=0.2) | Clusters=OFF (UsedClusters=-) | EnvSparsityCfg={'Conv': 0.2, 'Linear': 0.2, 'Bias': 0.0, 'BatchNorm': 0.0} | EnvNClusters=3
[2026-01-29 16:11:37,419] [INFO] Model initialized on device: cuda:0
[2026-01-29 16:11:37,420] [INFO] [CLIENT INIT] Mode=SH | Sparsity=ON (UsedSparsity=0.2) | Clusters=OFF (UsedClusters=-) | EnvSparsityCfg={'Conv': 0.2, 'Linear': 0.2, 'Bias': 0.0, 'BatchNorm': 0.0} | EnvNClusters=3
[2026-01-29 16:11:44,207] [INFO] Model initialized on device: cuda:0
[2026-01-29 16:11:44,207] [INFO] [CLIENT INIT] Mode=SH | Sparsity=ON (UsedSparsity=0.2) | Clusters=OFF (UsedClusters=-) | EnvSparsityCfg={'Conv': 0.2, 'Linear': 0.2, 'Bias': 0.0, 'BatchNorm': 0.0} | EnvNClusters=3
[2026-01-29 16:11:45,346] [INFO] Model initialized on device: cuda:0
[2026-01-29 16:11:45,347] [INFO] [CLIENT INIT] Mode=SH | Sparsity=ON (UsedSparsity=0.2) | Clusters=OFF (UsedClusters=-) | EnvSparsityCfg={'Conv': 0.2, 'Linear': 0.2, 'Bias': 0.0, 'BatchNorm': 0.0} | EnvNClusters=3
[2026-01-29 16:11:45,361] [INFO] Model initialized on device: cuda:0
[2026-01-29 16:11:45,361] [INFO] [CLIENT INIT] Mode=SH | Sparsity=ON (UsedSparsity=0.2) | Clusters=OFF (UsedClusters=-) | EnvSparsityCfg={'Conv': 0.2, 'Linear': 0.2, 'Bias': 0.0, 'BatchNorm': 0.0} | EnvNClusters=3
[2026-01-29 16:11:46,014] [INFO] Model initialized on device: cuda:0
[2026-01-29 16:11:46,015] [INFO] [CLIENT INIT] Mode=SH | Sparsity=ON (UsedSparsity=0.2) | Clusters=OFF (UsedClusters=-) | EnvSparsityCfg={'Conv': 0.2, 'Linear': 0.2, 'Bias': 0.0, 'BatchNorm': 0.0} | EnvNClusters=3
[2026-01-29 16:11:46,051] [INFO] Model initialized on device: cuda:0
[2026-01-29 16:11:46,051] [INFO] [CLIENT INIT] Mode=SH | Sparsity=ON (UsedSparsity=0.2) | Clusters=OFF (UsedClusters=-) | EnvSparsityCfg={'Conv': 0.2, 'Linear': 0.2, 'Bias': 0.0, 'BatchNorm': 0.0} | EnvNClusters=3
[2026-01-29 16:11:46,116] [INFO] Model initialized on device: cuda:0
[2026-01-29 16:11:46,116] [INFO] [CLIENT INIT] Mode=SH | Sparsity=ON (UsedSparsity=0.2) | Clusters=OFF (UsedClusters=-) | EnvSparsityCfg={'Conv': 0.2, 'Linear': 0.2, 'Bias': 0.0, 'BatchNorm': 0.0} | EnvNClusters=3
[2026-01-29 16:11:46,120] [INFO] Model initialized on device: cuda:0
[2026-01-29 16:11:46,120] [INFO] [CLIENT INIT] Mode=SH | Sparsity=ON (UsedSparsity=0.2) | Clusters=OFF (UsedClusters=-) | EnvSparsityCfg={'Conv': 0.2, 'Linear': 0.2, 'Bias': 0.0, 'BatchNorm': 0.0} | EnvNClusters=3
[2026-01-29 16:11:46,131] [INFO] Model initialized on device: cuda:0
[2026-01-29 16:11:46,132] [INFO] [CLIENT INIT] Mode=SH | Sparsity=ON (UsedSparsity=0.2) | Clusters=OFF (UsedClusters=-) | EnvSparsityCfg={'Conv': 0.2, 'Linear': 0.2, 'Bias': 0.0, 'BatchNorm': 0.0} | EnvNClusters=3
[2026-01-29 16:11:54,307] [DEBUG] [TEST] Batch 1 | Pred shape: torch.Size([256, 256, 160]) | Label shape: torch.Size([256, 256, 160])
[2026-01-29 16:11:54,643] [DEBUG] [TEST] Batch 2 | Pred shape: torch.Size([256, 256, 160]) | Label shape: torch.Size([256, 256, 160])
[2026-01-29 16:11:55,017] [DEBUG] [TEST] Batch 3 | Pred shape: torch.Size([256, 256, 160]) | Label shape: torch.Size([256, 256, 160])
[2026-01-29 16:11:55,350] [DEBUG] [TEST] Batch 4 | Pred shape: torch.Size([256, 256, 160]) | Label shape: torch.Size([256, 256, 160])
[2026-01-29 16:11:55,711] [DEBUG] [TEST] Batch 5 | Pred shape: torch.Size([256, 256, 160]) | Label shape: torch.Size([256, 256, 160])
[2026-01-29 16:11:55,910] [DEBUG] [TEST] Batch 6 | Pred shape: torch.Size([256, 256, 160]) | Label shape: torch.Size([256, 256, 160])
[2026-01-29 16:11:56,107] [DEBUG] [TEST] Batch 7 | Pred shape: torch.Size([256, 256, 160]) | Label shape: torch.Size([256, 256, 160])
[2026-01-29 16:11:56,309] [DEBUG] [TEST] Batch 8 | Pred shape: torch.Size([256, 256, 160]) | Label shape: torch.Size([256, 256, 160])
[2026-01-29 16:11:56,416] [DEBUG] [TEST] Batch 9 | Pred shape: torch.Size([256, 256, 160]) | Label shape: torch.Size([256, 256, 160])
[2026-01-29 16:11:56,532] [DEBUG] [TEST] Batch 10 | Pred shape: torch.Size([256, 256, 160]) | Label shape: torch.Size([256, 256, 160])
[2026-01-29 16:11:58,170] [DEBUG] [TEST] Batch 11 | Pred shape: torch.Size([256, 256, 160]) | Label shape: torch.Size([256, 256, 160])
[2026-01-29 16:11:58,507] [DEBUG] [TEST] Batch 12 | Pred shape: torch.Size([256, 256, 160]) | Label shape: torch.Size([256, 256, 160])
[2026-01-29 16:11:58,828] [DEBUG] [TEST] Batch 13 | Pred shape: torch.Size([256, 256, 160]) | Label shape: torch.Size([256, 256, 160])
[2026-01-29 16:11:59,141] [DEBUG] [TEST] Batch 14 | Pred shape: torch.Size([256, 256, 160]) | Label shape: torch.Size([256, 256, 160])
[2026-01-29 16:11:59,453] [DEBUG] [TEST] Batch 15 | Pred shape: torch.Size([256, 256, 160]) | Label shape: torch.Size([256, 256, 160])
[2026-01-29 16:11:59,823] [DEBUG] [TEST] Batch 16 | Pred shape: torch.Size([256, 256, 160]) | Label shape: torch.Size([256, 256, 160])
[2026-01-29 16:12:06,348] [INFO] [FIT] Final model saved to: Revision2/Run_UNET_NonIID_SH20_20260129/Client3/model_final.pth
[2026-01-29 16:12:24,521] [INFO] [COMM][CLIENT] Round=-1 Mode=SH UsedSparsity=0.2 UsedClusters=- BaselineBits=154016352.0 CompressedBits=165096830.6 CR=0.933
[2026-01-29 16:20:59,594] [INFO] [EVALUATE] Starting evaluation...
[2026-01-29 16:21:00,824] [INFO] [DEBUG] Loaded compressed decoded weights.
[2026-01-29 16:22:03,523] [INFO] Model initialized on device: cuda:0
[2026-01-29 16:22:03,523] [INFO] [CLIENT INIT] Mode=SH | Sparsity=ON (UsedSparsity=0.2) | Clusters=OFF (UsedClusters=-) | EnvSparsityCfg={'Conv': 0.2, 'Linear': 0.2, 'Bias': 0.0, 'BatchNorm': 0.0} | EnvNClusters=3
[2026-01-29 16:22:07,718] [INFO] Model initialized on device: cuda:0
[2026-01-29 16:22:07,718] [INFO] [CLIENT INIT] Mode=SH | Sparsity=ON (UsedSparsity=0.2) | Clusters=OFF (UsedClusters=-) | EnvSparsityCfg={'Conv': 0.2, 'Linear': 0.2, 'Bias': 0.0, 'BatchNorm': 0.0} | EnvNClusters=3
[2026-01-29 16:22:08,131] [INFO] Model initialized on device: cuda:0
[2026-01-29 16:22:08,131] [INFO] [CLIENT INIT] Mode=SH | Sparsity=ON (UsedSparsity=0.2) | Clusters=OFF (UsedClusters=-) | EnvSparsityCfg={'Conv': 0.2, 'Linear': 0.2, 'Bias': 0.0, 'BatchNorm': 0.0} | EnvNClusters=3
[2026-01-29 16:22:08,334] [INFO] Model initialized on device: cuda:0
[2026-01-29 16:22:08,334] [INFO] [CLIENT INIT] Mode=SH | Sparsity=ON (UsedSparsity=0.2) | Clusters=OFF (UsedClusters=-) | EnvSparsityCfg={'Conv': 0.2, 'Linear': 0.2, 'Bias': 0.0, 'BatchNorm': 0.0} | EnvNClusters=3
[2026-01-29 16:22:08,723] [INFO] Model initialized on device: cuda:0
[2026-01-29 16:22:08,723] [INFO] [CLIENT INIT] Mode=SH | Sparsity=ON (UsedSparsity=0.2) | Clusters=OFF (UsedClusters=-) | EnvSparsityCfg={'Conv': 0.2, 'Linear': 0.2, 'Bias': 0.0, 'BatchNorm': 0.0} | EnvNClusters=3
[2026-01-29 16:22:08,843] [INFO] Model initialized on device: cuda:0
[2026-01-29 16:22:08,843] [INFO] [CLIENT INIT] Mode=SH | Sparsity=ON (UsedSparsity=0.2) | Clusters=OFF (UsedClusters=-) | EnvSparsityCfg={'Conv': 0.2, 'Linear': 0.2, 'Bias': 0.0, 'BatchNorm': 0.0} | EnvNClusters=3
[2026-01-29 16:22:08,916] [INFO] Model initialized on device: cuda:0
[2026-01-29 16:22:08,916] [INFO] [CLIENT INIT] Mode=SH | Sparsity=ON (UsedSparsity=0.2) | Clusters=OFF (UsedClusters=-) | EnvSparsityCfg={'Conv': 0.2, 'Linear': 0.2, 'Bias': 0.0, 'BatchNorm': 0.0} | EnvNClusters=3
[2026-01-29 16:22:08,918] [INFO] Model initialized on device: cuda:0
[2026-01-29 16:22:08,918] [INFO] Model initialized on device: cuda:0
[2026-01-29 16:22:08,918] [INFO] [CLIENT INIT] Mode=SH | Sparsity=ON (UsedSparsity=0.2) | Clusters=OFF (UsedClusters=-) | EnvSparsityCfg={'Conv': 0.2, 'Linear': 0.2, 'Bias': 0.0, 'BatchNorm': 0.0} | EnvNClusters=3
[2026-01-29 16:22:08,918] [INFO] [CLIENT INIT] Mode=SH | Sparsity=ON (UsedSparsity=0.2) | Clusters=OFF (UsedClusters=-) | EnvSparsityCfg={'Conv': 0.2, 'Linear': 0.2, 'Bias': 0.0, 'BatchNorm': 0.0} | EnvNClusters=3
[2026-01-29 16:22:08,919] [INFO] Model initialized on device: cuda:0
[2026-01-29 16:22:08,919] [INFO] [CLIENT INIT] Mode=SH | Sparsity=ON (UsedSparsity=0.2) | Clusters=OFF (UsedClusters=-) | EnvSparsityCfg={'Conv': 0.2, 'Linear': 0.2, 'Bias': 0.0, 'BatchNorm': 0.0} | EnvNClusters=3
[2026-01-29 16:22:19,432] [DEBUG] [TEST] Batch 1 | Pred shape: torch.Size([256, 256, 160]) | Label shape: torch.Size([256, 256, 160])
[2026-01-29 16:22:20,030] [DEBUG] [TEST] Batch 2 | Pred shape: torch.Size([256, 256, 160]) | Label shape: torch.Size([256, 256, 160])
[2026-01-29 16:22:20,137] [DEBUG] [TEST] Batch 3 | Pred shape: torch.Size([256, 256, 160]) | Label shape: torch.Size([256, 256, 160])
[2026-01-29 16:22:20,340] [DEBUG] [TEST] Batch 4 | Pred shape: torch.Size([256, 256, 160]) | Label shape: torch.Size([256, 256, 160])
[2026-01-29 16:22:20,522] [DEBUG] [TEST] Batch 5 | Pred shape: torch.Size([256, 256, 160]) | Label shape: torch.Size([256, 256, 160])
[2026-01-29 16:22:20,652] [DEBUG] [TEST] Batch 6 | Pred shape: torch.Size([256, 256, 160]) | Label shape: torch.Size([256, 256, 160])
[2026-01-29 16:22:20,758] [DEBUG] [TEST] Batch 7 | Pred shape: torch.Size([256, 256, 160]) | Label shape: torch.Size([256, 256, 160])
[2026-01-29 16:22:20,912] [DEBUG] [TEST] Batch 8 | Pred shape: torch.Size([256, 256, 160]) | Label shape: torch.Size([256, 256, 160])
[2026-01-29 16:22:21,014] [DEBUG] [TEST] Batch 9 | Pred shape: torch.Size([256, 256, 160]) | Label shape: torch.Size([256, 256, 160])
[2026-01-29 16:22:21,117] [DEBUG] [TEST] Batch 10 | Pred shape: torch.Size([256, 256, 160]) | Label shape: torch.Size([256, 256, 160])
[2026-01-29 16:22:25,229] [DEBUG] [TEST] Batch 11 | Pred shape: torch.Size([256, 256, 160]) | Label shape: torch.Size([256, 256, 160])
[2026-01-29 16:22:25,418] [DEBUG] [TEST] Batch 12 | Pred shape: torch.Size([256, 256, 160]) | Label shape: torch.Size([256, 256, 160])
[2026-01-29 16:22:25,539] [DEBUG] [TEST] Batch 13 | Pred shape: torch.Size([256, 256, 160]) | Label shape: torch.Size([256, 256, 160])
[2026-01-29 16:22:25,724] [DEBUG] [TEST] Batch 14 | Pred shape: torch.Size([256, 256, 160]) | Label shape: torch.Size([256, 256, 160])
[2026-01-29 16:22:25,912] [DEBUG] [TEST] Batch 15 | Pred shape: torch.Size([256, 256, 160]) | Label shape: torch.Size([256, 256, 160])
[2026-01-29 16:22:26,015] [DEBUG] [TEST] Batch 16 | Pred shape: torch.Size([256, 256, 160]) | Label shape: torch.Size([256, 256, 160])
[2026-01-29 16:22:31,654] [INFO] [EVALUATE] Dice WT: 0.8778
[2026-01-29 16:22:46,415] [INFO] [FIT] Received parameters. Starting local training...
[2026-01-29 16:22:49,918] [INFO] [DEBUG] Loaded compressed decoded weights.
[2026-01-29 16:23:52,664] [INFO] Model initialized on device: cuda:0
[2026-01-29 16:23:52,664] [INFO] [CLIENT INIT] Mode=SH | Sparsity=ON (UsedSparsity=0.2) | Clusters=OFF (UsedClusters=-) | EnvSparsityCfg={'Conv': 0.2, 'Linear': 0.2, 'Bias': 0.0, 'BatchNorm': 0.0} | EnvNClusters=3
[2026-01-29 16:23:56,028] [INFO] Model initialized on device: cuda:0
[2026-01-29 16:23:56,028] [INFO] [CLIENT INIT] Mode=SH | Sparsity=ON (UsedSparsity=0.2) | Clusters=OFF (UsedClusters=-) | EnvSparsityCfg={'Conv': 0.2, 'Linear': 0.2, 'Bias': 0.0, 'BatchNorm': 0.0} | EnvNClusters=3
[2026-01-29 16:23:56,032] [INFO] Model initialized on device: cuda:0
[2026-01-29 16:23:56,032] [INFO] [CLIENT INIT] Mode=SH | Sparsity=ON (UsedSparsity=0.2) | Clusters=OFF (UsedClusters=-) | EnvSparsityCfg={'Conv': 0.2, 'Linear': 0.2, 'Bias': 0.0, 'BatchNorm': 0.0} | EnvNClusters=3
[2026-01-29 16:23:56,743] [INFO] Model initialized on device: cuda:0
[2026-01-29 16:23:56,743] [INFO] [CLIENT INIT] Mode=SH | Sparsity=ON (UsedSparsity=0.2) | Clusters=OFF (UsedClusters=-) | EnvSparsityCfg={'Conv': 0.2, 'Linear': 0.2, 'Bias': 0.0, 'BatchNorm': 0.0} | EnvNClusters=3
[2026-01-29 16:23:57,008] [INFO] Model initialized on device: cuda:0
[2026-01-29 16:23:57,008] [INFO] [CLIENT INIT] Mode=SH | Sparsity=ON (UsedSparsity=0.2) | Clusters=OFF (UsedClusters=-) | EnvSparsityCfg={'Conv': 0.2, 'Linear': 0.2, 'Bias': 0.0, 'BatchNorm': 0.0} | EnvNClusters=3
[2026-01-29 16:23:57,026] [INFO] Model initialized on device: cuda:0
[2026-01-29 16:23:57,027] [INFO] [CLIENT INIT] Mode=SH | Sparsity=ON (UsedSparsity=0.2) | Clusters=OFF (UsedClusters=-) | EnvSparsityCfg={'Conv': 0.2, 'Linear': 0.2, 'Bias': 0.0, 'BatchNorm': 0.0} | EnvNClusters=3
[2026-01-29 16:23:57,238] [INFO] Model initialized on device: cuda:0
[2026-01-29 16:23:57,238] [INFO] [CLIENT INIT] Mode=SH | Sparsity=ON (UsedSparsity=0.2) | Clusters=OFF (UsedClusters=-) | EnvSparsityCfg={'Conv': 0.2, 'Linear': 0.2, 'Bias': 0.0, 'BatchNorm': 0.0} | EnvNClusters=3
[2026-01-29 16:23:57,335] [INFO] Model initialized on device: cuda:0
[2026-01-29 16:23:57,336] [INFO] [CLIENT INIT] Mode=SH | Sparsity=ON (UsedSparsity=0.2) | Clusters=OFF (UsedClusters=-) | EnvSparsityCfg={'Conv': 0.2, 'Linear': 0.2, 'Bias': 0.0, 'BatchNorm': 0.0} | EnvNClusters=3
[2026-01-29 16:23:57,341] [INFO] Model initialized on device: cuda:0
[2026-01-29 16:23:57,341] [INFO] [CLIENT INIT] Mode=SH | Sparsity=ON (UsedSparsity=0.2) | Clusters=OFF (UsedClusters=-) | EnvSparsityCfg={'Conv': 0.2, 'Linear': 0.2, 'Bias': 0.0, 'BatchNorm': 0.0} | EnvNClusters=3
[2026-01-29 16:23:57,510] [INFO] Model initialized on device: cuda:0
[2026-01-29 16:23:57,510] [INFO] [CLIENT INIT] Mode=SH | Sparsity=ON (UsedSparsity=0.2) | Clusters=OFF (UsedClusters=-) | EnvSparsityCfg={'Conv': 0.2, 'Linear': 0.2, 'Bias': 0.0, 'BatchNorm': 0.0} | EnvNClusters=3
[2026-01-29 16:25:58,214] [INFO] [TRAIN] Epoch 1 Loss: 0.2222
[2026-01-29 16:26:50,226] [INFO] Model initialized on device: cuda:0
[2026-01-29 16:26:50,226] [INFO] [CLIENT INIT] Mode=SH | Sparsity=ON (UsedSparsity=0.2) | Clusters=OFF (UsedClusters=-) | EnvSparsityCfg={'Conv': 0.2, 'Linear': 0.2, 'Bias': 0.0, 'BatchNorm': 0.0} | EnvNClusters=3
[2026-01-29 16:26:50,614] [INFO] Model initialized on device: cuda:0
[2026-01-29 16:26:50,614] [INFO] [CLIENT INIT] Mode=SH | Sparsity=ON (UsedSparsity=0.2) | Clusters=OFF (UsedClusters=-) | EnvSparsityCfg={'Conv': 0.2, 'Linear': 0.2, 'Bias': 0.0, 'BatchNorm': 0.0} | EnvNClusters=3
[2026-01-29 16:26:50,931] [INFO] Model initialized on device: cuda:0
[2026-01-29 16:26:50,931] [INFO] [CLIENT INIT] Mode=SH | Sparsity=ON (UsedSparsity=0.2) | Clusters=OFF (UsedClusters=-) | EnvSparsityCfg={'Conv': 0.2, 'Linear': 0.2, 'Bias': 0.0, 'BatchNorm': 0.0} | EnvNClusters=3
[2026-01-29 16:26:51,217] [INFO] Model initialized on device: cuda:0
[2026-01-29 16:26:51,217] [INFO] [CLIENT INIT] Mode=SH | Sparsity=ON (UsedSparsity=0.2) | Clusters=OFF (UsedClusters=-) | EnvSparsityCfg={'Conv': 0.2, 'Linear': 0.2, 'Bias': 0.0, 'BatchNorm': 0.0} | EnvNClusters=3
[2026-01-29 16:26:51,311] [INFO] Model initialized on device: cuda:0
[2026-01-29 16:26:51,311] [INFO] [CLIENT INIT] Mode=SH | Sparsity=ON (UsedSparsity=0.2) | Clusters=OFF (UsedClusters=-) | EnvSparsityCfg={'Conv': 0.2, 'Linear': 0.2, 'Bias': 0.0, 'BatchNorm': 0.0} | EnvNClusters=3
[2026-01-29 16:26:51,312] [INFO] Model initialized on device: cuda:0
[2026-01-29 16:26:51,312] [INFO] [CLIENT INIT] Mode=SH | Sparsity=ON (UsedSparsity=0.2) | Clusters=OFF (UsedClusters=-) | EnvSparsityCfg={'Conv': 0.2, 'Linear': 0.2, 'Bias': 0.0, 'BatchNorm': 0.0} | EnvNClusters=3
[2026-01-29 16:26:51,315] [INFO] Model initialized on device: cuda:0
[2026-01-29 16:26:51,315] [INFO] [CLIENT INIT] Mode=SH | Sparsity=ON (UsedSparsity=0.2) | Clusters=OFF (UsedClusters=-) | EnvSparsityCfg={'Conv': 0.2, 'Linear': 0.2, 'Bias': 0.0, 'BatchNorm': 0.0} | EnvNClusters=3
[2026-01-29 16:26:51,320] [INFO] Model initialized on device: cuda:0
[2026-01-29 16:26:51,320] [INFO] Model initialized on device: cuda:0
[2026-01-29 16:26:51,320] [INFO] Model initialized on device: cuda:0
[2026-01-29 16:26:51,320] [INFO] [CLIENT INIT] Mode=SH | Sparsity=ON (UsedSparsity=0.2) | Clusters=OFF (UsedClusters=-) | EnvSparsityCfg={'Conv': 0.2, 'Linear': 0.2, 'Bias': 0.0, 'BatchNorm': 0.0} | EnvNClusters=3
[2026-01-29 16:26:51,320] [INFO] [CLIENT INIT] Mode=SH | Sparsity=ON (UsedSparsity=0.2) | Clusters=OFF (UsedClusters=-) | EnvSparsityCfg={'Conv': 0.2, 'Linear': 0.2, 'Bias': 0.0, 'BatchNorm': 0.0} | EnvNClusters=3
[2026-01-29 16:26:51,320] [INFO] [CLIENT INIT] Mode=SH | Sparsity=ON (UsedSparsity=0.2) | Clusters=OFF (UsedClusters=-) | EnvSparsityCfg={'Conv': 0.2, 'Linear': 0.2, 'Bias': 0.0, 'BatchNorm': 0.0} | EnvNClusters=3
[2026-01-29 16:28:43,738] [INFO] [TRAIN] Epoch 2 Loss: 0.1747
[2026-01-29 16:29:26,632] [INFO] Model initialized on device: cuda:0
[2026-01-29 16:29:26,632] [INFO] [CLIENT INIT] Mode=SH | Sparsity=ON (UsedSparsity=0.2) | Clusters=OFF (UsedClusters=-) | EnvSparsityCfg={'Conv': 0.2, 'Linear': 0.2, 'Bias': 0.0, 'BatchNorm': 0.0} | EnvNClusters=3
[2026-01-29 16:29:27,141] [INFO] Model initialized on device: cuda:0
[2026-01-29 16:29:27,141] [INFO] [CLIENT INIT] Mode=SH | Sparsity=ON (UsedSparsity=0.2) | Clusters=OFF (UsedClusters=-) | EnvSparsityCfg={'Conv': 0.2, 'Linear': 0.2, 'Bias': 0.0, 'BatchNorm': 0.0} | EnvNClusters=3
[2026-01-29 16:29:27,227] [INFO] Model initialized on device: cuda:0
[2026-01-29 16:29:27,227] [INFO] [CLIENT INIT] Mode=SH | Sparsity=ON (UsedSparsity=0.2) | Clusters=OFF (UsedClusters=-) | EnvSparsityCfg={'Conv': 0.2, 'Linear': 0.2, 'Bias': 0.0, 'BatchNorm': 0.0} | EnvNClusters=3
[2026-01-29 16:29:27,425] [INFO] Model initialized on device: cuda:0
[2026-01-29 16:29:27,425] [INFO] [CLIENT INIT] Mode=SH | Sparsity=ON (UsedSparsity=0.2) | Clusters=OFF (UsedClusters=-) | EnvSparsityCfg={'Conv': 0.2, 'Linear': 0.2, 'Bias': 0.0, 'BatchNorm': 0.0} | EnvNClusters=3
[2026-01-29 16:29:27,440] [INFO] Model initialized on device: cuda:0
[2026-01-29 16:29:27,440] [INFO] [CLIENT INIT] Mode=SH | Sparsity=ON (UsedSparsity=0.2) | Clusters=OFF (UsedClusters=-) | EnvSparsityCfg={'Conv': 0.2, 'Linear': 0.2, 'Bias': 0.0, 'BatchNorm': 0.0} | EnvNClusters=3
[2026-01-29 16:29:27,518] [INFO] Model initialized on device: cuda:0
[2026-01-29 16:29:27,518] [INFO] [CLIENT INIT] Mode=SH | Sparsity=ON (UsedSparsity=0.2) | Clusters=OFF (UsedClusters=-) | EnvSparsityCfg={'Conv': 0.2, 'Linear': 0.2, 'Bias': 0.0, 'BatchNorm': 0.0} | EnvNClusters=3
[2026-01-29 16:29:27,613] [INFO] Model initialized on device: cuda:0
[2026-01-29 16:29:27,614] [INFO] [CLIENT INIT] Mode=SH | Sparsity=ON (UsedSparsity=0.2) | Clusters=OFF (UsedClusters=-) | EnvSparsityCfg={'Conv': 0.2, 'Linear': 0.2, 'Bias': 0.0, 'BatchNorm': 0.0} | EnvNClusters=3
[2026-01-29 16:29:27,638] [INFO] Model initialized on device: cuda:0
[2026-01-29 16:29:27,638] [INFO] [CLIENT INIT] Mode=SH | Sparsity=ON (UsedSparsity=0.2) | Clusters=OFF (UsedClusters=-) | EnvSparsityCfg={'Conv': 0.2, 'Linear': 0.2, 'Bias': 0.0, 'BatchNorm': 0.0} | EnvNClusters=3
[2026-01-29 16:29:27,638] [INFO] Model initialized on device: cuda:0
[2026-01-29 16:29:27,639] [INFO] [CLIENT INIT] Mode=SH | Sparsity=ON (UsedSparsity=0.2) | Clusters=OFF (UsedClusters=-) | EnvSparsityCfg={'Conv': 0.2, 'Linear': 0.2, 'Bias': 0.0, 'BatchNorm': 0.0} | EnvNClusters=3
[2026-01-29 16:29:27,730] [INFO] Model initialized on device: cuda:0
[2026-01-29 16:29:27,730] [INFO] [CLIENT INIT] Mode=SH | Sparsity=ON (UsedSparsity=0.2) | Clusters=OFF (UsedClusters=-) | EnvSparsityCfg={'Conv': 0.2, 'Linear': 0.2, 'Bias': 0.0, 'BatchNorm': 0.0} | EnvNClusters=3
[2026-01-29 16:31:22,921] [INFO] [TRAIN] Epoch 3 Loss: 0.1645
[2026-01-29 16:32:01,818] [INFO] Model initialized on device: cuda:0
[2026-01-29 16:32:01,819] [INFO] [CLIENT INIT] Mode=SH | Sparsity=ON (UsedSparsity=0.2) | Clusters=OFF (UsedClusters=-) | EnvSparsityCfg={'Conv': 0.2, 'Linear': 0.2, 'Bias': 0.0, 'BatchNorm': 0.0} | EnvNClusters=3
[2026-01-29 16:32:07,418] [INFO] Model initialized on device: cuda:0
[2026-01-29 16:32:07,418] [INFO] [CLIENT INIT] Mode=SH | Sparsity=ON (UsedSparsity=0.2) | Clusters=OFF (UsedClusters=-) | EnvSparsityCfg={'Conv': 0.2, 'Linear': 0.2, 'Bias': 0.0, 'BatchNorm': 0.0} | EnvNClusters=3
[2026-01-29 16:32:08,914] [INFO] Model initialized on device: cuda:0
[2026-01-29 16:32:08,914] [INFO] [CLIENT INIT] Mode=SH | Sparsity=ON (UsedSparsity=0.2) | Clusters=OFF (UsedClusters=-) | EnvSparsityCfg={'Conv': 0.2, 'Linear': 0.2, 'Bias': 0.0, 'BatchNorm': 0.0} | EnvNClusters=3
[2026-01-29 16:32:09,427] [INFO] Model initialized on device: cuda:0
[2026-01-29 16:32:09,428] [INFO] [CLIENT INIT] Mode=SH | Sparsity=ON (UsedSparsity=0.2) | Clusters=OFF (UsedClusters=-) | EnvSparsityCfg={'Conv': 0.2, 'Linear': 0.2, 'Bias': 0.0, 'BatchNorm': 0.0} | EnvNClusters=3
[2026-01-29 16:32:09,816] [INFO] Model initialized on device: cuda:0
[2026-01-29 16:32:09,816] [INFO] [CLIENT INIT] Mode=SH | Sparsity=ON (UsedSparsity=0.2) | Clusters=OFF (UsedClusters=-) | EnvSparsityCfg={'Conv': 0.2, 'Linear': 0.2, 'Bias': 0.0, 'BatchNorm': 0.0} | EnvNClusters=3
[2026-01-29 16:32:10,016] [INFO] Model initialized on device: cuda:0
[2026-01-29 16:32:10,016] [INFO] [CLIENT INIT] Mode=SH | Sparsity=ON (UsedSparsity=0.2) | Clusters=OFF (UsedClusters=-) | EnvSparsityCfg={'Conv': 0.2, 'Linear': 0.2, 'Bias': 0.0, 'BatchNorm': 0.0} | EnvNClusters=3
[2026-01-29 16:32:10,621] [INFO] Model initialized on device: cuda:0
[2026-01-29 16:32:10,621] [INFO] [CLIENT INIT] Mode=SH | Sparsity=ON (UsedSparsity=0.2) | Clusters=OFF (UsedClusters=-) | EnvSparsityCfg={'Conv': 0.2, 'Linear': 0.2, 'Bias': 0.0, 'BatchNorm': 0.0} | EnvNClusters=3
[2026-01-29 16:32:10,621] [INFO] Model initialized on device: cuda:0
[2026-01-29 16:32:10,621] [INFO] [CLIENT INIT] Mode=SH | Sparsity=ON (UsedSparsity=0.2) | Clusters=OFF (UsedClusters=-) | EnvSparsityCfg={'Conv': 0.2, 'Linear': 0.2, 'Bias': 0.0, 'BatchNorm': 0.0} | EnvNClusters=3
[2026-01-29 16:32:10,814] [INFO] Model initialized on device: cuda:0
[2026-01-29 16:32:10,814] [INFO] [CLIENT INIT] Mode=SH | Sparsity=ON (UsedSparsity=0.2) | Clusters=OFF (UsedClusters=-) | EnvSparsityCfg={'Conv': 0.2, 'Linear': 0.2, 'Bias': 0.0, 'BatchNorm': 0.0} | EnvNClusters=3
[2026-01-29 16:32:10,913] [INFO] Model initialized on device: cuda:0
[2026-01-29 16:32:10,913] [INFO] [CLIENT INIT] Mode=SH | Sparsity=ON (UsedSparsity=0.2) | Clusters=OFF (UsedClusters=-) | EnvSparsityCfg={'Conv': 0.2, 'Linear': 0.2, 'Bias': 0.0, 'BatchNorm': 0.0} | EnvNClusters=3
[2026-01-29 16:33:51,057] [INFO] [TRAIN] Epoch 4 Loss: 0.1606
[2026-01-29 16:34:36,925] [INFO] Model initialized on device: cuda:0
[2026-01-29 16:34:36,925] [INFO] [CLIENT INIT] Mode=SH | Sparsity=ON (UsedSparsity=0.2) | Clusters=OFF (UsedClusters=-) | EnvSparsityCfg={'Conv': 0.2, 'Linear': 0.2, 'Bias': 0.0, 'BatchNorm': 0.0} | EnvNClusters=3
[2026-01-29 16:34:37,241] [INFO] Model initialized on device: cuda:0
[2026-01-29 16:34:37,241] [INFO] [CLIENT INIT] Mode=SH | Sparsity=ON (UsedSparsity=0.2) | Clusters=OFF (UsedClusters=-) | EnvSparsityCfg={'Conv': 0.2, 'Linear': 0.2, 'Bias': 0.0, 'BatchNorm': 0.0} | EnvNClusters=3
[2026-01-29 16:34:37,320] [INFO] Model initialized on device: cuda:0
[2026-01-29 16:34:37,320] [INFO] [CLIENT INIT] Mode=SH | Sparsity=ON (UsedSparsity=0.2) | Clusters=OFF (UsedClusters=-) | EnvSparsityCfg={'Conv': 0.2, 'Linear': 0.2, 'Bias': 0.0, 'BatchNorm': 0.0} | EnvNClusters=3
[2026-01-29 16:34:37,323] [INFO] Model initialized on device: cuda:0
[2026-01-29 16:34:37,323] [INFO] [CLIENT INIT] Mode=SH | Sparsity=ON (UsedSparsity=0.2) | Clusters=OFF (UsedClusters=-) | EnvSparsityCfg={'Conv': 0.2, 'Linear': 0.2, 'Bias': 0.0, 'BatchNorm': 0.0} | EnvNClusters=3
[2026-01-29 16:34:37,647] [INFO] Model initialized on device: cuda:0
[2026-01-29 16:34:37,647] [INFO] [CLIENT INIT] Mode=SH | Sparsity=ON (UsedSparsity=0.2) | Clusters=OFF (UsedClusters=-) | EnvSparsityCfg={'Conv': 0.2, 'Linear': 0.2, 'Bias': 0.0, 'BatchNorm': 0.0} | EnvNClusters=3
[2026-01-29 16:34:37,708] [INFO] Model initialized on device: cuda:0
[2026-01-29 16:34:37,708] [INFO] [CLIENT INIT] Mode=SH | Sparsity=ON (UsedSparsity=0.2) | Clusters=OFF (UsedClusters=-) | EnvSparsityCfg={'Conv': 0.2, 'Linear': 0.2, 'Bias': 0.0, 'BatchNorm': 0.0} | EnvNClusters=3
[2026-01-29 16:34:38,015] [INFO] Model initialized on device: cuda:0
[2026-01-29 16:34:38,015] [INFO] [CLIENT INIT] Mode=SH | Sparsity=ON (UsedSparsity=0.2) | Clusters=OFF (UsedClusters=-) | EnvSparsityCfg={'Conv': 0.2, 'Linear': 0.2, 'Bias': 0.0, 'BatchNorm': 0.0} | EnvNClusters=3
[2026-01-29 16:34:38,113] [INFO] Model initialized on device: cuda:0
[2026-01-29 16:34:38,113] [INFO] [CLIENT INIT] Mode=SH | Sparsity=ON (UsedSparsity=0.2) | Clusters=OFF (UsedClusters=-) | EnvSparsityCfg={'Conv': 0.2, 'Linear': 0.2, 'Bias': 0.0, 'BatchNorm': 0.0} | EnvNClusters=3
[2026-01-29 16:34:38,247] [INFO] Model initialized on device: cuda:0
[2026-01-29 16:34:38,247] [INFO] [CLIENT INIT] Mode=SH | Sparsity=ON (UsedSparsity=0.2) | Clusters=OFF (UsedClusters=-) | EnvSparsityCfg={'Conv': 0.2, 'Linear': 0.2, 'Bias': 0.0, 'BatchNorm': 0.0} | EnvNClusters=3
[2026-01-29 16:34:38,315] [INFO] Model initialized on device: cuda:0
[2026-01-29 16:34:38,315] [INFO] [CLIENT INIT] Mode=SH | Sparsity=ON (UsedSparsity=0.2) | Clusters=OFF (UsedClusters=-) | EnvSparsityCfg={'Conv': 0.2, 'Linear': 0.2, 'Bias': 0.0, 'BatchNorm': 0.0} | EnvNClusters=3
[2026-01-29 16:36:20,207] [INFO] [TRAIN] Epoch 5 Loss: 0.1624
[2026-01-29 16:36:20,210] [INFO] [FIT] Local training finished. Avg Loss: 0.1769
[2026-01-29 16:36:52,620] [INFO] Model initialized on device: cuda:0
[2026-01-29 16:36:52,620] [INFO] [CLIENT INIT] Mode=SH | Sparsity=ON (UsedSparsity=0.2) | Clusters=OFF (UsedClusters=-) | EnvSparsityCfg={'Conv': 0.2, 'Linear': 0.2, 'Bias': 0.0, 'BatchNorm': 0.0} | EnvNClusters=3
[2026-01-29 16:36:53,242] [INFO] Model initialized on device: cuda:0
[2026-01-29 16:36:53,242] [INFO] [CLIENT INIT] Mode=SH | Sparsity=ON (UsedSparsity=0.2) | Clusters=OFF (UsedClusters=-) | EnvSparsityCfg={'Conv': 0.2, 'Linear': 0.2, 'Bias': 0.0, 'BatchNorm': 0.0} | EnvNClusters=3
[2026-01-29 16:36:55,958] [INFO] Model initialized on device: cuda:0
[2026-01-29 16:36:55,958] [INFO] [CLIENT INIT] Mode=SH | Sparsity=ON (UsedSparsity=0.2) | Clusters=OFF (UsedClusters=-) | EnvSparsityCfg={'Conv': 0.2, 'Linear': 0.2, 'Bias': 0.0, 'BatchNorm': 0.0} | EnvNClusters=3
[2026-01-29 16:36:58,019] [INFO] Model initialized on device: cuda:0
[2026-01-29 16:36:58,019] [INFO] [CLIENT INIT] Mode=SH | Sparsity=ON (UsedSparsity=0.2) | Clusters=OFF (UsedClusters=-) | EnvSparsityCfg={'Conv': 0.2, 'Linear': 0.2, 'Bias': 0.0, 'BatchNorm': 0.0} | EnvNClusters=3
[2026-01-29 16:36:58,726] [DEBUG] [TEST] Batch 1 | Pred shape: torch.Size([256, 256, 160]) | Label shape: torch.Size([256, 256, 160])
[2026-01-29 16:37:00,423] [INFO] Model initialized on device: cuda:0
[2026-01-29 16:37:00,424] [INFO] [CLIENT INIT] Mode=SH | Sparsity=ON (UsedSparsity=0.2) | Clusters=OFF (UsedClusters=-) | EnvSparsityCfg={'Conv': 0.2, 'Linear': 0.2, 'Bias': 0.0, 'BatchNorm': 0.0} | EnvNClusters=3
[2026-01-29 16:37:00,813] [INFO] Model initialized on device: cuda:0
[2026-01-29 16:37:00,814] [INFO] [CLIENT INIT] Mode=SH | Sparsity=ON (UsedSparsity=0.2) | Clusters=OFF (UsedClusters=-) | EnvSparsityCfg={'Conv': 0.2, 'Linear': 0.2, 'Bias': 0.0, 'BatchNorm': 0.0} | EnvNClusters=3
[2026-01-29 16:37:01,216] [INFO] Model initialized on device: cuda:0
[2026-01-29 16:37:01,216] [INFO] [CLIENT INIT] Mode=SH | Sparsity=ON (UsedSparsity=0.2) | Clusters=OFF (UsedClusters=-) | EnvSparsityCfg={'Conv': 0.2, 'Linear': 0.2, 'Bias': 0.0, 'BatchNorm': 0.0} | EnvNClusters=3
[2026-01-29 16:37:01,821] [INFO] Model initialized on device: cuda:0
[2026-01-29 16:37:01,822] [INFO] [CLIENT INIT] Mode=SH | Sparsity=ON (UsedSparsity=0.2) | Clusters=OFF (UsedClusters=-) | EnvSparsityCfg={'Conv': 0.2, 'Linear': 0.2, 'Bias': 0.0, 'BatchNorm': 0.0} | EnvNClusters=3
[2026-01-29 16:37:01,917] [INFO] Model initialized on device: cuda:0
[2026-01-29 16:37:01,917] [INFO] [CLIENT INIT] Mode=SH | Sparsity=ON (UsedSparsity=0.2) | Clusters=OFF (UsedClusters=-) | EnvSparsityCfg={'Conv': 0.2, 'Linear': 0.2, 'Bias': 0.0, 'BatchNorm': 0.0} | EnvNClusters=3
[2026-01-29 16:37:01,917] [INFO] Model initialized on device: cuda:0
[2026-01-29 16:37:01,918] [INFO] [CLIENT INIT] Mode=SH | Sparsity=ON (UsedSparsity=0.2) | Clusters=OFF (UsedClusters=-) | EnvSparsityCfg={'Conv': 0.2, 'Linear': 0.2, 'Bias': 0.0, 'BatchNorm': 0.0} | EnvNClusters=3
[2026-01-29 16:37:07,157] [DEBUG] [TEST] Batch 2 | Pred shape: torch.Size([256, 256, 160]) | Label shape: torch.Size([256, 256, 160])
[2026-01-29 16:37:07,257] [DEBUG] [TEST] Batch 3 | Pred shape: torch.Size([256, 256, 160]) | Label shape: torch.Size([256, 256, 160])
[2026-01-29 16:37:08,414] [DEBUG] [TEST] Batch 4 | Pred shape: torch.Size([256, 256, 160]) | Label shape: torch.Size([256, 256, 160])
[2026-01-29 16:37:08,613] [DEBUG] [TEST] Batch 5 | Pred shape: torch.Size([256, 256, 160]) | Label shape: torch.Size([256, 256, 160])
[2026-01-29 16:37:08,811] [DEBUG] [TEST] Batch 6 | Pred shape: torch.Size([256, 256, 160]) | Label shape: torch.Size([256, 256, 160])
[2026-01-29 16:37:09,012] [DEBUG] [TEST] Batch 7 | Pred shape: torch.Size([256, 256, 160]) | Label shape: torch.Size([256, 256, 160])
[2026-01-29 16:37:09,211] [DEBUG] [TEST] Batch 8 | Pred shape: torch.Size([256, 256, 160]) | Label shape: torch.Size([256, 256, 160])
[2026-01-29 16:37:09,411] [DEBUG] [TEST] Batch 9 | Pred shape: torch.Size([256, 256, 160]) | Label shape: torch.Size([256, 256, 160])
[2026-01-29 16:37:09,610] [DEBUG] [TEST] Batch 10 | Pred shape: torch.Size([256, 256, 160]) | Label shape: torch.Size([256, 256, 160])
[2026-01-29 16:37:09,711] [DEBUG] [TEST] Batch 11 | Pred shape: torch.Size([256, 256, 160]) | Label shape: torch.Size([256, 256, 160])
[2026-01-29 16:37:12,014] [DEBUG] [TEST] Batch 12 | Pred shape: torch.Size([256, 256, 160]) | Label shape: torch.Size([256, 256, 160])
[2026-01-29 16:37:12,114] [DEBUG] [TEST] Batch 13 | Pred shape: torch.Size([256, 256, 160]) | Label shape: torch.Size([256, 256, 160])
[2026-01-29 16:37:12,248] [DEBUG] [TEST] Batch 14 | Pred shape: torch.Size([256, 256, 160]) | Label shape: torch.Size([256, 256, 160])
[2026-01-29 16:37:12,409] [DEBUG] [TEST] Batch 15 | Pred shape: torch.Size([256, 256, 160]) | Label shape: torch.Size([256, 256, 160])
[2026-01-29 16:37:12,608] [DEBUG] [TEST] Batch 16 | Pred shape: torch.Size([256, 256, 160]) | Label shape: torch.Size([256, 256, 160])
[2026-01-29 16:37:18,607] [INFO] [FIT] Final model saved to: Revision2/Run_UNET_NonIID_SH20_20260129/Client3/model_final.pth
[2026-01-29 16:37:37,865] [INFO] [COMM][CLIENT] Round=-1 Mode=SH UsedSparsity=0.2 UsedClusters=- BaselineBits=154016352.0 CompressedBits=164868780.6 CR=0.934
[2026-01-29 16:45:41,009] [INFO] [EVALUATE] Starting evaluation...
[2026-01-29 16:45:42,220] [INFO] [DEBUG] Loaded compressed decoded weights.
[2026-01-29 16:46:48,628] [INFO] Model initialized on device: cuda:0
[2026-01-29 16:46:48,628] [INFO] [CLIENT INIT] Mode=SH | Sparsity=ON (UsedSparsity=0.2) | Clusters=OFF (UsedClusters=-) | EnvSparsityCfg={'Conv': 0.2, 'Linear': 0.2, 'Bias': 0.0, 'BatchNorm': 0.0} | EnvNClusters=3
[2026-01-29 16:46:49,513] [INFO] Model initialized on device: cuda:0
[2026-01-29 16:46:49,513] [INFO] [CLIENT INIT] Mode=SH | Sparsity=ON (UsedSparsity=0.2) | Clusters=OFF (UsedClusters=-) | EnvSparsityCfg={'Conv': 0.2, 'Linear': 0.2, 'Bias': 0.0, 'BatchNorm': 0.0} | EnvNClusters=3
[2026-01-29 16:46:49,819] [INFO] Model initialized on device: cuda:0
[2026-01-29 16:46:49,819] [INFO] Model initialized on device: cuda:0
[2026-01-29 16:46:49,819] [INFO] [CLIENT INIT] Mode=SH | Sparsity=ON (UsedSparsity=0.2) | Clusters=OFF (UsedClusters=-) | EnvSparsityCfg={'Conv': 0.2, 'Linear': 0.2, 'Bias': 0.0, 'BatchNorm': 0.0} | EnvNClusters=3
[2026-01-29 16:46:49,819] [INFO] [CLIENT INIT] Mode=SH | Sparsity=ON (UsedSparsity=0.2) | Clusters=OFF (UsedClusters=-) | EnvSparsityCfg={'Conv': 0.2, 'Linear': 0.2, 'Bias': 0.0, 'BatchNorm': 0.0} | EnvNClusters=3
[2026-01-29 16:46:49,837] [INFO] Model initialized on device: cuda:0
[2026-01-29 16:46:49,838] [INFO] [CLIENT INIT] Mode=SH | Sparsity=ON (UsedSparsity=0.2) | Clusters=OFF (UsedClusters=-) | EnvSparsityCfg={'Conv': 0.2, 'Linear': 0.2, 'Bias': 0.0, 'BatchNorm': 0.0} | EnvNClusters=3
[2026-01-29 16:46:50,115] [INFO] Model initialized on device: cuda:0
[2026-01-29 16:46:50,115] [INFO] [CLIENT INIT] Mode=SH | Sparsity=ON (UsedSparsity=0.2) | Clusters=OFF (UsedClusters=-) | EnvSparsityCfg={'Conv': 0.2, 'Linear': 0.2, 'Bias': 0.0, 'BatchNorm': 0.0} | EnvNClusters=3
[2026-01-29 16:46:50,128] [INFO] Model initialized on device: cuda:0
[2026-01-29 16:46:50,128] [INFO] [CLIENT INIT] Mode=SH | Sparsity=ON (UsedSparsity=0.2) | Clusters=OFF (UsedClusters=-) | EnvSparsityCfg={'Conv': 0.2, 'Linear': 0.2, 'Bias': 0.0, 'BatchNorm': 0.0} | EnvNClusters=3
[2026-01-29 16:46:50,128] [INFO] Model initialized on device: cuda:0
[2026-01-29 16:46:50,128] [INFO] [CLIENT INIT] Mode=SH | Sparsity=ON (UsedSparsity=0.2) | Clusters=OFF (UsedClusters=-) | EnvSparsityCfg={'Conv': 0.2, 'Linear': 0.2, 'Bias': 0.0, 'BatchNorm': 0.0} | EnvNClusters=3
[2026-01-29 16:46:50,144] [INFO] Model initialized on device: cuda:0
[2026-01-29 16:46:50,144] [INFO] [CLIENT INIT] Mode=SH | Sparsity=ON (UsedSparsity=0.2) | Clusters=OFF (UsedClusters=-) | EnvSparsityCfg={'Conv': 0.2, 'Linear': 0.2, 'Bias': 0.0, 'BatchNorm': 0.0} | EnvNClusters=3
[2026-01-29 16:46:50,146] [INFO] Model initialized on device: cuda:0
[2026-01-29 16:46:50,146] [INFO] [CLIENT INIT] Mode=SH | Sparsity=ON (UsedSparsity=0.2) | Clusters=OFF (UsedClusters=-) | EnvSparsityCfg={'Conv': 0.2, 'Linear': 0.2, 'Bias': 0.0, 'BatchNorm': 0.0} | EnvNClusters=3
[2026-01-29 16:46:58,312] [DEBUG] [TEST] Batch 1 | Pred shape: torch.Size([256, 256, 160]) | Label shape: torch.Size([256, 256, 160])
[2026-01-29 16:46:58,414] [DEBUG] [TEST] Batch 2 | Pred shape: torch.Size([256, 256, 160]) | Label shape: torch.Size([256, 256, 160])
[2026-01-29 16:46:58,515] [DEBUG] [TEST] Batch 3 | Pred shape: torch.Size([256, 256, 160]) | Label shape: torch.Size([256, 256, 160])
[2026-01-29 16:46:58,713] [DEBUG] [TEST] Batch 4 | Pred shape: torch.Size([256, 256, 160]) | Label shape: torch.Size([256, 256, 160])
[2026-01-29 16:46:58,830] [DEBUG] [TEST] Batch 5 | Pred shape: torch.Size([256, 256, 160]) | Label shape: torch.Size([256, 256, 160])
[2026-01-29 16:46:59,024] [DEBUG] [TEST] Batch 6 | Pred shape: torch.Size([256, 256, 160]) | Label shape: torch.Size([256, 256, 160])
[2026-01-29 16:46:59,227] [DEBUG] [TEST] Batch 7 | Pred shape: torch.Size([256, 256, 160]) | Label shape: torch.Size([256, 256, 160])
[2026-01-29 16:46:59,529] [DEBUG] [TEST] Batch 8 | Pred shape: torch.Size([256, 256, 160]) | Label shape: torch.Size([256, 256, 160])
[2026-01-29 16:46:59,744] [DEBUG] [TEST] Batch 9 | Pred shape: torch.Size([256, 256, 160]) | Label shape: torch.Size([256, 256, 160])
[2026-01-29 16:47:00,034] [DEBUG] [TEST] Batch 10 | Pred shape: torch.Size([256, 256, 160]) | Label shape: torch.Size([256, 256, 160])
[2026-01-29 16:47:03,015] [DEBUG] [TEST] Batch 11 | Pred shape: torch.Size([256, 256, 160]) | Label shape: torch.Size([256, 256, 160])
[2026-01-29 16:47:03,111] [DEBUG] [TEST] Batch 12 | Pred shape: torch.Size([256, 256, 160]) | Label shape: torch.Size([256, 256, 160])
[2026-01-29 16:47:03,207] [DEBUG] [TEST] Batch 13 | Pred shape: torch.Size([256, 256, 160]) | Label shape: torch.Size([256, 256, 160])
[2026-01-29 16:47:03,265] [DEBUG] [TEST] Batch 14 | Pred shape: torch.Size([256, 256, 160]) | Label shape: torch.Size([256, 256, 160])
[2026-01-29 16:47:03,355] [DEBUG] [TEST] Batch 15 | Pred shape: torch.Size([256, 256, 160]) | Label shape: torch.Size([256, 256, 160])
[2026-01-29 16:47:03,413] [DEBUG] [TEST] Batch 16 | Pred shape: torch.Size([256, 256, 160]) | Label shape: torch.Size([256, 256, 160])
[2026-01-29 16:47:10,609] [INFO] [EVALUATE] Dice WT: 0.7694
[2026-01-29 16:47:29,825] [INFO] [FIT] Received parameters. Starting local training...
[2026-01-29 16:47:31,319] [INFO] [DEBUG] Loaded compressed decoded weights.
[2026-01-29 16:48:24,617] [INFO] Model initialized on device: cuda:0
[2026-01-29 16:48:24,617] [INFO] [CLIENT INIT] Mode=SH | Sparsity=ON (UsedSparsity=0.2) | Clusters=OFF (UsedClusters=-) | EnvSparsityCfg={'Conv': 0.2, 'Linear': 0.2, 'Bias': 0.0, 'BatchNorm': 0.0} | EnvNClusters=3
[2026-01-29 16:48:27,413] [INFO] Model initialized on device: cuda:0
[2026-01-29 16:48:27,413] [INFO] [CLIENT INIT] Mode=SH | Sparsity=ON (UsedSparsity=0.2) | Clusters=OFF (UsedClusters=-) | EnvSparsityCfg={'Conv': 0.2, 'Linear': 0.2, 'Bias': 0.0, 'BatchNorm': 0.0} | EnvNClusters=3
[2026-01-29 16:48:29,713] [INFO] Model initialized on device: cuda:0
[2026-01-29 16:48:29,714] [INFO] [CLIENT INIT] Mode=SH | Sparsity=ON (UsedSparsity=0.2) | Clusters=OFF (UsedClusters=-) | EnvSparsityCfg={'Conv': 0.2, 'Linear': 0.2, 'Bias': 0.0, 'BatchNorm': 0.0} | EnvNClusters=3
[2026-01-29 16:48:33,130] [INFO] Model initialized on device: cuda:0
[2026-01-29 16:48:33,130] [INFO] [CLIENT INIT] Mode=SH | Sparsity=ON (UsedSparsity=0.2) | Clusters=OFF (UsedClusters=-) | EnvSparsityCfg={'Conv': 0.2, 'Linear': 0.2, 'Bias': 0.0, 'BatchNorm': 0.0} | EnvNClusters=3
[2026-01-29 16:48:33,214] [INFO] Model initialized on device: cuda:0
[2026-01-29 16:48:33,214] [INFO] [CLIENT INIT] Mode=SH | Sparsity=ON (UsedSparsity=0.2) | Clusters=OFF (UsedClusters=-) | EnvSparsityCfg={'Conv': 0.2, 'Linear': 0.2, 'Bias': 0.0, 'BatchNorm': 0.0} | EnvNClusters=3
[2026-01-29 16:48:33,641] [INFO] Model initialized on device: cuda:0
[2026-01-29 16:48:33,641] [INFO] [CLIENT INIT] Mode=SH | Sparsity=ON (UsedSparsity=0.2) | Clusters=OFF (UsedClusters=-) | EnvSparsityCfg={'Conv': 0.2, 'Linear': 0.2, 'Bias': 0.0, 'BatchNorm': 0.0} | EnvNClusters=3
[2026-01-29 16:48:34,008] [INFO] Model initialized on device: cuda:0
[2026-01-29 16:48:34,008] [INFO] Model initialized on device: cuda:0
[2026-01-29 16:48:34,008] [INFO] [CLIENT INIT] Mode=SH | Sparsity=ON (UsedSparsity=0.2) | Clusters=OFF (UsedClusters=-) | EnvSparsityCfg={'Conv': 0.2, 'Linear': 0.2, 'Bias': 0.0, 'BatchNorm': 0.0} | EnvNClusters=3
[2026-01-29 16:48:34,008] [INFO] [CLIENT INIT] Mode=SH | Sparsity=ON (UsedSparsity=0.2) | Clusters=OFF (UsedClusters=-) | EnvSparsityCfg={'Conv': 0.2, 'Linear': 0.2, 'Bias': 0.0, 'BatchNorm': 0.0} | EnvNClusters=3
[2026-01-29 16:48:34,116] [INFO] Model initialized on device: cuda:0
[2026-01-29 16:48:34,116] [INFO] [CLIENT INIT] Mode=SH | Sparsity=ON (UsedSparsity=0.2) | Clusters=OFF (UsedClusters=-) | EnvSparsityCfg={'Conv': 0.2, 'Linear': 0.2, 'Bias': 0.0, 'BatchNorm': 0.0} | EnvNClusters=3
[2026-01-29 16:48:34,118] [INFO] Model initialized on device: cuda:0
[2026-01-29 16:48:34,118] [INFO] [CLIENT INIT] Mode=SH | Sparsity=ON (UsedSparsity=0.2) | Clusters=OFF (UsedClusters=-) | EnvSparsityCfg={'Conv': 0.2, 'Linear': 0.2, 'Bias': 0.0, 'BatchNorm': 0.0} | EnvNClusters=3
[2026-01-29 16:50:24,945] [INFO] [TRAIN] Epoch 1 Loss: 0.1908
[2026-01-29 16:50:59,013] [INFO] Model initialized on device: cuda:0
[2026-01-29 16:50:59,013] [INFO] [CLIENT INIT] Mode=SH | Sparsity=ON (UsedSparsity=0.2) | Clusters=OFF (UsedClusters=-) | EnvSparsityCfg={'Conv': 0.2, 'Linear': 0.2, 'Bias': 0.0, 'BatchNorm': 0.0} | EnvNClusters=3
[2026-01-29 16:51:01,412] [INFO] Model initialized on device: cuda:0
[2026-01-29 16:51:01,412] [INFO] [CLIENT INIT] Mode=SH | Sparsity=ON (UsedSparsity=0.2) | Clusters=OFF (UsedClusters=-) | EnvSparsityCfg={'Conv': 0.2, 'Linear': 0.2, 'Bias': 0.0, 'BatchNorm': 0.0} | EnvNClusters=3
[2026-01-29 16:51:06,914] [INFO] Model initialized on device: cuda:0
[2026-01-29 16:51:06,914] [INFO] [CLIENT INIT] Mode=SH | Sparsity=ON (UsedSparsity=0.2) | Clusters=OFF (UsedClusters=-) | EnvSparsityCfg={'Conv': 0.2, 'Linear': 0.2, 'Bias': 0.0, 'BatchNorm': 0.0} | EnvNClusters=3
[2026-01-29 16:51:07,517] [INFO] Model initialized on device: cuda:0
[2026-01-29 16:51:07,517] [INFO] [CLIENT INIT] Mode=SH | Sparsity=ON (UsedSparsity=0.2) | Clusters=OFF (UsedClusters=-) | EnvSparsityCfg={'Conv': 0.2, 'Linear': 0.2, 'Bias': 0.0, 'BatchNorm': 0.0} | EnvNClusters=3
[2026-01-29 16:51:11,121] [INFO] Model initialized on device: cuda:0
[2026-01-29 16:51:11,122] [INFO] [CLIENT INIT] Mode=SH | Sparsity=ON (UsedSparsity=0.2) | Clusters=OFF (UsedClusters=-) | EnvSparsityCfg={'Conv': 0.2, 'Linear': 0.2, 'Bias': 0.0, 'BatchNorm': 0.0} | EnvNClusters=3
[2026-01-29 16:51:11,123] [INFO] Model initialized on device: cuda:0
[2026-01-29 16:51:11,123] [INFO] [CLIENT INIT] Mode=SH | Sparsity=ON (UsedSparsity=0.2) | Clusters=OFF (UsedClusters=-) | EnvSparsityCfg={'Conv': 0.2, 'Linear': 0.2, 'Bias': 0.0, 'BatchNorm': 0.0} | EnvNClusters=3
[2026-01-29 16:51:11,131] [INFO] Model initialized on device: cuda:0
[2026-01-29 16:51:11,131] [INFO] [CLIENT INIT] Mode=SH | Sparsity=ON (UsedSparsity=0.2) | Clusters=OFF (UsedClusters=-) | EnvSparsityCfg={'Conv': 0.2, 'Linear': 0.2, 'Bias': 0.0, 'BatchNorm': 0.0} | EnvNClusters=3
[2026-01-29 16:51:11,144] [INFO] Model initialized on device: cuda:0
[2026-01-29 16:51:11,144] [INFO] [CLIENT INIT] Mode=SH | Sparsity=ON (UsedSparsity=0.2) | Clusters=OFF (UsedClusters=-) | EnvSparsityCfg={'Conv': 0.2, 'Linear': 0.2, 'Bias': 0.0, 'BatchNorm': 0.0} | EnvNClusters=3
[2026-01-29 16:51:11,223] [INFO] Model initialized on device: cuda:0
[2026-01-29 16:51:11,223] [INFO] [CLIENT INIT] Mode=SH | Sparsity=ON (UsedSparsity=0.2) | Clusters=OFF (UsedClusters=-) | EnvSparsityCfg={'Conv': 0.2, 'Linear': 0.2, 'Bias': 0.0, 'BatchNorm': 0.0} | EnvNClusters=3
[2026-01-29 16:51:11,229] [INFO] Model initialized on device: cuda:0
[2026-01-29 16:51:11,230] [INFO] [CLIENT INIT] Mode=SH | Sparsity=ON (UsedSparsity=0.2) | Clusters=OFF (UsedClusters=-) | EnvSparsityCfg={'Conv': 0.2, 'Linear': 0.2, 'Bias': 0.0, 'BatchNorm': 0.0} | EnvNClusters=3
[2026-01-29 16:52:54,215] [INFO] [TRAIN] Epoch 2 Loss: 0.1680
[2026-01-29 16:53:33,814] [INFO] Model initialized on device: cuda:0
[2026-01-29 16:53:33,814] [INFO] [CLIENT INIT] Mode=SH | Sparsity=ON (UsedSparsity=0.2) | Clusters=OFF (UsedClusters=-) | EnvSparsityCfg={'Conv': 0.2, 'Linear': 0.2, 'Bias': 0.0, 'BatchNorm': 0.0} | EnvNClusters=3
[2026-01-29 16:53:37,830] [INFO] Model initialized on device: cuda:0
[2026-01-29 16:53:37,830] [INFO] [CLIENT INIT] Mode=SH | Sparsity=ON (UsedSparsity=0.2) | Clusters=OFF (UsedClusters=-) | EnvSparsityCfg={'Conv': 0.2, 'Linear': 0.2, 'Bias': 0.0, 'BatchNorm': 0.0} | EnvNClusters=3
[2026-01-29 16:53:41,131] [INFO] Model initialized on device: cuda:0
[2026-01-29 16:53:41,131] [INFO] [CLIENT INIT] Mode=SH | Sparsity=ON (UsedSparsity=0.2) | Clusters=OFF (UsedClusters=-) | EnvSparsityCfg={'Conv': 0.2, 'Linear': 0.2, 'Bias': 0.0, 'BatchNorm': 0.0} | EnvNClusters=3
[2026-01-29 16:53:41,539] [INFO] Model initialized on device: cuda:0
[2026-01-29 16:53:41,539] [INFO] [CLIENT INIT] Mode=SH | Sparsity=ON (UsedSparsity=0.2) | Clusters=OFF (UsedClusters=-) | EnvSparsityCfg={'Conv': 0.2, 'Linear': 0.2, 'Bias': 0.0, 'BatchNorm': 0.0} | EnvNClusters=3
[2026-01-29 16:53:41,541] [INFO] Model initialized on device: cuda:0
[2026-01-29 16:53:41,541] [INFO] [CLIENT INIT] Mode=SH | Sparsity=ON (UsedSparsity=0.2) | Clusters=OFF (UsedClusters=-) | EnvSparsityCfg={'Conv': 0.2, 'Linear': 0.2, 'Bias': 0.0, 'BatchNorm': 0.0} | EnvNClusters=3
[2026-01-29 16:53:41,714] [INFO] Model initialized on device: cuda:0
[2026-01-29 16:53:41,714] [INFO] [CLIENT INIT] Mode=SH | Sparsity=ON (UsedSparsity=0.2) | Clusters=OFF (UsedClusters=-) | EnvSparsityCfg={'Conv': 0.2, 'Linear': 0.2, 'Bias': 0.0, 'BatchNorm': 0.0} | EnvNClusters=3
[2026-01-29 16:53:41,812] [INFO] Model initialized on device: cuda:0
[2026-01-29 16:53:41,812] [INFO] [CLIENT INIT] Mode=SH | Sparsity=ON (UsedSparsity=0.2) | Clusters=OFF (UsedClusters=-) | EnvSparsityCfg={'Conv': 0.2, 'Linear': 0.2, 'Bias': 0.0, 'BatchNorm': 0.0} | EnvNClusters=3
[2026-01-29 16:53:41,820] [INFO] Model initialized on device: cuda:0
[2026-01-29 16:53:41,820] [INFO] [CLIENT INIT] Mode=SH | Sparsity=ON (UsedSparsity=0.2) | Clusters=OFF (UsedClusters=-) | EnvSparsityCfg={'Conv': 0.2, 'Linear': 0.2, 'Bias': 0.0, 'BatchNorm': 0.0} | EnvNClusters=3
[2026-01-29 16:53:41,822] [INFO] Model initialized on device: cuda:0
[2026-01-29 16:53:41,822] [INFO] [CLIENT INIT] Mode=SH | Sparsity=ON (UsedSparsity=0.2) | Clusters=OFF (UsedClusters=-) | EnvSparsityCfg={'Conv': 0.2, 'Linear': 0.2, 'Bias': 0.0, 'BatchNorm': 0.0} | EnvNClusters=3
[2026-01-29 16:53:41,823] [INFO] Model initialized on device: cuda:0
[2026-01-29 16:53:41,823] [INFO] [CLIENT INIT] Mode=SH | Sparsity=ON (UsedSparsity=0.2) | Clusters=OFF (UsedClusters=-) | EnvSparsityCfg={'Conv': 0.2, 'Linear': 0.2, 'Bias': 0.0, 'BatchNorm': 0.0} | EnvNClusters=3
[2026-01-29 16:55:27,412] [INFO] [TRAIN] Epoch 3 Loss: 0.1599
[2026-01-29 16:56:02,122] [INFO] Model initialized on device: cuda:0
[2026-01-29 16:56:02,122] [INFO] [CLIENT INIT] Mode=SH | Sparsity=ON (UsedSparsity=0.2) | Clusters=OFF (UsedClusters=-) | EnvSparsityCfg={'Conv': 0.2, 'Linear': 0.2, 'Bias': 0.0, 'BatchNorm': 0.0} | EnvNClusters=3
[2026-01-29 16:56:06,916] [INFO] Model initialized on device: cuda:0
[2026-01-29 16:56:06,917] [INFO] [CLIENT INIT] Mode=SH | Sparsity=ON (UsedSparsity=0.2) | Clusters=OFF (UsedClusters=-) | EnvSparsityCfg={'Conv': 0.2, 'Linear': 0.2, 'Bias': 0.0, 'BatchNorm': 0.0} | EnvNClusters=3
[2026-01-29 16:56:09,131] [INFO] Model initialized on device: cuda:0
[2026-01-29 16:56:09,131] [INFO] [CLIENT INIT] Mode=SH | Sparsity=ON (UsedSparsity=0.2) | Clusters=OFF (UsedClusters=-) | EnvSparsityCfg={'Conv': 0.2, 'Linear': 0.2, 'Bias': 0.0, 'BatchNorm': 0.0} | EnvNClusters=3
[2026-01-29 16:56:11,408] [INFO] Model initialized on device: cuda:0
[2026-01-29 16:56:11,408] [INFO] [CLIENT INIT] Mode=SH | Sparsity=ON (UsedSparsity=0.2) | Clusters=OFF (UsedClusters=-) | EnvSparsityCfg={'Conv': 0.2, 'Linear': 0.2, 'Bias': 0.0, 'BatchNorm': 0.0} | EnvNClusters=3
[2026-01-29 16:56:13,224] [INFO] Model initialized on device: cuda:0
[2026-01-29 16:56:13,224] [INFO] [CLIENT INIT] Mode=SH | Sparsity=ON (UsedSparsity=0.2) | Clusters=OFF (UsedClusters=-) | EnvSparsityCfg={'Conv': 0.2, 'Linear': 0.2, 'Bias': 0.0, 'BatchNorm': 0.0} | EnvNClusters=3
[2026-01-29 16:56:14,643] [INFO] Model initialized on device: cuda:0
[2026-01-29 16:56:14,643] [INFO] [CLIENT INIT] Mode=SH | Sparsity=ON (UsedSparsity=0.2) | Clusters=OFF (UsedClusters=-) | EnvSparsityCfg={'Conv': 0.2, 'Linear': 0.2, 'Bias': 0.0, 'BatchNorm': 0.0} | EnvNClusters=3
[2026-01-29 16:56:14,722] [INFO] Model initialized on device: cuda:0
[2026-01-29 16:56:14,722] [INFO] [CLIENT INIT] Mode=SH | Sparsity=ON (UsedSparsity=0.2) | Clusters=OFF (UsedClusters=-) | EnvSparsityCfg={'Conv': 0.2, 'Linear': 0.2, 'Bias': 0.0, 'BatchNorm': 0.0} | EnvNClusters=3
[2026-01-29 16:56:14,731] [INFO] Model initialized on device: cuda:0
[2026-01-29 16:56:14,731] [INFO] [CLIENT INIT] Mode=SH | Sparsity=ON (UsedSparsity=0.2) | Clusters=OFF (UsedClusters=-) | EnvSparsityCfg={'Conv': 0.2, 'Linear': 0.2, 'Bias': 0.0, 'BatchNorm': 0.0} | EnvNClusters=3
[2026-01-29 16:56:14,731] [INFO] Model initialized on device: cuda:0
[2026-01-29 16:56:14,732] [INFO] [CLIENT INIT] Mode=SH | Sparsity=ON (UsedSparsity=0.2) | Clusters=OFF (UsedClusters=-) | EnvSparsityCfg={'Conv': 0.2, 'Linear': 0.2, 'Bias': 0.0, 'BatchNorm': 0.0} | EnvNClusters=3
[2026-01-29 16:56:14,735] [INFO] Model initialized on device: cuda:0
[2026-01-29 16:56:14,736] [INFO] [CLIENT INIT] Mode=SH | Sparsity=ON (UsedSparsity=0.2) | Clusters=OFF (UsedClusters=-) | EnvSparsityCfg={'Conv': 0.2, 'Linear': 0.2, 'Bias': 0.0, 'BatchNorm': 0.0} | EnvNClusters=3
[2026-01-29 16:57:54,714] [INFO] [TRAIN] Epoch 4 Loss: 0.1518
[2026-01-29 16:58:42,414] [INFO] Model initialized on device: cuda:0
[2026-01-29 16:58:42,414] [INFO] [CLIENT INIT] Mode=SH | Sparsity=ON (UsedSparsity=0.2) | Clusters=OFF (UsedClusters=-) | EnvSparsityCfg={'Conv': 0.2, 'Linear': 0.2, 'Bias': 0.0, 'BatchNorm': 0.0} | EnvNClusters=3
[2026-01-29 16:58:44,414] [INFO] Model initialized on device: cuda:0
[2026-01-29 16:58:44,415] [INFO] [CLIENT INIT] Mode=SH | Sparsity=ON (UsedSparsity=0.2) | Clusters=OFF (UsedClusters=-) | EnvSparsityCfg={'Conv': 0.2, 'Linear': 0.2, 'Bias': 0.0, 'BatchNorm': 0.0} | EnvNClusters=3
[2026-01-29 16:58:44,441] [INFO] Model initialized on device: cuda:0
[2026-01-29 16:58:44,441] [INFO] [CLIENT INIT] Mode=SH | Sparsity=ON (UsedSparsity=0.2) | Clusters=OFF (UsedClusters=-) | EnvSparsityCfg={'Conv': 0.2, 'Linear': 0.2, 'Bias': 0.0, 'BatchNorm': 0.0} | EnvNClusters=3
[2026-01-29 16:58:44,711] [INFO] Model initialized on device: cuda:0
[2026-01-29 16:58:44,711] [INFO] [CLIENT INIT] Mode=SH | Sparsity=ON (UsedSparsity=0.2) | Clusters=OFF (UsedClusters=-) | EnvSparsityCfg={'Conv': 0.2, 'Linear': 0.2, 'Bias': 0.0, 'BatchNorm': 0.0} | EnvNClusters=3
[2026-01-29 16:58:44,821] [INFO] Model initialized on device: cuda:0
[2026-01-29 16:58:44,821] [INFO] [CLIENT INIT] Mode=SH | Sparsity=ON (UsedSparsity=0.2) | Clusters=OFF (UsedClusters=-) | EnvSparsityCfg={'Conv': 0.2, 'Linear': 0.2, 'Bias': 0.0, 'BatchNorm': 0.0} | EnvNClusters=3
[2026-01-29 16:58:44,820] [INFO] Model initialized on device: cuda:0
[2026-01-29 16:58:44,822] [INFO] [CLIENT INIT] Mode=SH | Sparsity=ON (UsedSparsity=0.2) | Clusters=OFF (UsedClusters=-) | EnvSparsityCfg={'Conv': 0.2, 'Linear': 0.2, 'Bias': 0.0, 'BatchNorm': 0.0} | EnvNClusters=3
[2026-01-29 16:58:44,919] [INFO] Model initialized on device: cuda:0
[2026-01-29 16:58:44,919] [INFO] [CLIENT INIT] Mode=SH | Sparsity=ON (UsedSparsity=0.2) | Clusters=OFF (UsedClusters=-) | EnvSparsityCfg={'Conv': 0.2, 'Linear': 0.2, 'Bias': 0.0, 'BatchNorm': 0.0} | EnvNClusters=3
[2026-01-29 16:58:44,920] [INFO] Model initialized on device: cuda:0
[2026-01-29 16:58:44,920] [INFO] [CLIENT INIT] Mode=SH | Sparsity=ON (UsedSparsity=0.2) | Clusters=OFF (UsedClusters=-) | EnvSparsityCfg={'Conv': 0.2, 'Linear': 0.2, 'Bias': 0.0, 'BatchNorm': 0.0} | EnvNClusters=3
[2026-01-29 16:58:44,926] [INFO] Model initialized on device: cuda:0
[2026-01-29 16:58:44,926] [INFO] [CLIENT INIT] Mode=SH | Sparsity=ON (UsedSparsity=0.2) | Clusters=OFF (UsedClusters=-) | EnvSparsityCfg={'Conv': 0.2, 'Linear': 0.2, 'Bias': 0.0, 'BatchNorm': 0.0} | EnvNClusters=3
[2026-01-29 16:58:44,932] [INFO] Model initialized on device: cuda:0
[2026-01-29 16:58:44,932] [INFO] [CLIENT INIT] Mode=SH | Sparsity=ON (UsedSparsity=0.2) | Clusters=OFF (UsedClusters=-) | EnvSparsityCfg={'Conv': 0.2, 'Linear': 0.2, 'Bias': 0.0, 'BatchNorm': 0.0} | EnvNClusters=3
[2026-01-29 17:00:24,444] [INFO] [TRAIN] Epoch 5 Loss: 0.1554
[2026-01-29 17:00:24,446] [INFO] [FIT] Local training finished. Avg Loss: 0.1652
[2026-01-29 17:01:06,729] [INFO] Model initialized on device: cuda:0
[2026-01-29 17:01:06,729] [INFO] [CLIENT INIT] Mode=SH | Sparsity=ON (UsedSparsity=0.2) | Clusters=OFF (UsedClusters=-) | EnvSparsityCfg={'Conv': 0.2, 'Linear': 0.2, 'Bias': 0.0, 'BatchNorm': 0.0} | EnvNClusters=3
[2026-01-29 17:01:06,734] [INFO] Model initialized on device: cuda:0
[2026-01-29 17:01:06,735] [INFO] [CLIENT INIT] Mode=SH | Sparsity=ON (UsedSparsity=0.2) | Clusters=OFF (UsedClusters=-) | EnvSparsityCfg={'Conv': 0.2, 'Linear': 0.2, 'Bias': 0.0, 'BatchNorm': 0.0} | EnvNClusters=3
[2026-01-29 17:01:06,822] [INFO] Model initialized on device: cuda:0
[2026-01-29 17:01:06,822] [INFO] [CLIENT INIT] Mode=SH | Sparsity=ON (UsedSparsity=0.2) | Clusters=OFF (UsedClusters=-) | EnvSparsityCfg={'Conv': 0.2, 'Linear': 0.2, 'Bias': 0.0, 'BatchNorm': 0.0} | EnvNClusters=3
[2026-01-29 17:01:06,824] [INFO] Model initialized on device: cuda:0
[2026-01-29 17:01:06,824] [INFO] [CLIENT INIT] Mode=SH | Sparsity=ON (UsedSparsity=0.2) | Clusters=OFF (UsedClusters=-) | EnvSparsityCfg={'Conv': 0.2, 'Linear': 0.2, 'Bias': 0.0, 'BatchNorm': 0.0} | EnvNClusters=3
[2026-01-29 17:01:06,842] [INFO] Model initialized on device: cuda:0
[2026-01-29 17:01:06,843] [INFO] [CLIENT INIT] Mode=SH | Sparsity=ON (UsedSparsity=0.2) | Clusters=OFF (UsedClusters=-) | EnvSparsityCfg={'Conv': 0.2, 'Linear': 0.2, 'Bias': 0.0, 'BatchNorm': 0.0} | EnvNClusters=3
[2026-01-29 17:01:06,908] [INFO] Model initialized on device: cuda:0
[2026-01-29 17:01:06,908] [INFO] [CLIENT INIT] Mode=SH | Sparsity=ON (UsedSparsity=0.2) | Clusters=OFF (UsedClusters=-) | EnvSparsityCfg={'Conv': 0.2, 'Linear': 0.2, 'Bias': 0.0, 'BatchNorm': 0.0} | EnvNClusters=3
[2026-01-29 17:01:06,911] [INFO] Model initialized on device: cuda:0
[2026-01-29 17:01:06,912] [INFO] [CLIENT INIT] Mode=SH | Sparsity=ON (UsedSparsity=0.2) | Clusters=OFF (UsedClusters=-) | EnvSparsityCfg={'Conv': 0.2, 'Linear': 0.2, 'Bias': 0.0, 'BatchNorm': 0.0} | EnvNClusters=3
[2026-01-29 17:01:06,912] [INFO] Model initialized on device: cuda:0
[2026-01-29 17:01:06,913] [INFO] [CLIENT INIT] Mode=SH | Sparsity=ON (UsedSparsity=0.2) | Clusters=OFF (UsedClusters=-) | EnvSparsityCfg={'Conv': 0.2, 'Linear': 0.2, 'Bias': 0.0, 'BatchNorm': 0.0} | EnvNClusters=3
[2026-01-29 17:01:06,914] [INFO] Model initialized on device: cuda:0
[2026-01-29 17:01:06,914] [INFO] [CLIENT INIT] Mode=SH | Sparsity=ON (UsedSparsity=0.2) | Clusters=OFF (UsedClusters=-) | EnvSparsityCfg={'Conv': 0.2, 'Linear': 0.2, 'Bias': 0.0, 'BatchNorm': 0.0} | EnvNClusters=3
[2026-01-29 17:01:06,914] [INFO] Model initialized on device: cuda:0
[2026-01-29 17:01:06,914] [INFO] [CLIENT INIT] Mode=SH | Sparsity=ON (UsedSparsity=0.2) | Clusters=OFF (UsedClusters=-) | EnvSparsityCfg={'Conv': 0.2, 'Linear': 0.2, 'Bias': 0.0, 'BatchNorm': 0.0} | EnvNClusters=3
[2026-01-29 17:01:13,718] [DEBUG] [TEST] Batch 1 | Pred shape: torch.Size([256, 256, 160]) | Label shape: torch.Size([256, 256, 160])
[2026-01-29 17:01:14,638] [DEBUG] [TEST] Batch 2 | Pred shape: torch.Size([256, 256, 160]) | Label shape: torch.Size([256, 256, 160])
[2026-01-29 17:01:14,843] [DEBUG] [TEST] Batch 3 | Pred shape: torch.Size([256, 256, 160]) | Label shape: torch.Size([256, 256, 160])
[2026-01-29 17:01:15,317] [DEBUG] [TEST] Batch 4 | Pred shape: torch.Size([256, 256, 160]) | Label shape: torch.Size([256, 256, 160])
[2026-01-29 17:01:15,415] [DEBUG] [TEST] Batch 5 | Pred shape: torch.Size([256, 256, 160]) | Label shape: torch.Size([256, 256, 160])
[2026-01-29 17:01:15,515] [DEBUG] [TEST] Batch 6 | Pred shape: torch.Size([256, 256, 160]) | Label shape: torch.Size([256, 256, 160])
[2026-01-29 17:01:15,711] [DEBUG] [TEST] Batch 7 | Pred shape: torch.Size([256, 256, 160]) | Label shape: torch.Size([256, 256, 160])
[2026-01-29 17:01:15,911] [DEBUG] [TEST] Batch 8 | Pred shape: torch.Size([256, 256, 160]) | Label shape: torch.Size([256, 256, 160])
[2026-01-29 17:01:16,112] [DEBUG] [TEST] Batch 9 | Pred shape: torch.Size([256, 256, 160]) | Label shape: torch.Size([256, 256, 160])
[2026-01-29 17:01:16,312] [DEBUG] [TEST] Batch 10 | Pred shape: torch.Size([256, 256, 160]) | Label shape: torch.Size([256, 256, 160])
[2026-01-29 17:01:18,112] [DEBUG] [TEST] Batch 11 | Pred shape: torch.Size([256, 256, 160]) | Label shape: torch.Size([256, 256, 160])
[2026-01-29 17:01:19,213] [DEBUG] [TEST] Batch 12 | Pred shape: torch.Size([256, 256, 160]) | Label shape: torch.Size([256, 256, 160])
[2026-01-29 17:01:19,270] [DEBUG] [TEST] Batch 13 | Pred shape: torch.Size([256, 256, 160]) | Label shape: torch.Size([256, 256, 160])
[2026-01-29 17:01:19,356] [DEBUG] [TEST] Batch 14 | Pred shape: torch.Size([256, 256, 160]) | Label shape: torch.Size([256, 256, 160])
[2026-01-29 17:01:19,448] [DEBUG] [TEST] Batch 15 | Pred shape: torch.Size([256, 256, 160]) | Label shape: torch.Size([256, 256, 160])
[2026-01-29 17:01:19,514] [DEBUG] [TEST] Batch 16 | Pred shape: torch.Size([256, 256, 160]) | Label shape: torch.Size([256, 256, 160])
[2026-01-29 17:01:25,307] [INFO] [FIT] Final model saved to: Revision2/Run_UNET_NonIID_SH20_20260129/Client3/model_final.pth
[2026-01-29 17:01:45,836] [INFO] [COMM][CLIENT] Round=-1 Mode=SH UsedSparsity=0.2 UsedClusters=- BaselineBits=154016352.0 CompressedBits=165201343.8 CR=0.932
[2026-01-29 17:09:43,598] [INFO] [EVALUATE] Starting evaluation...
[2026-01-29 17:09:45,313] [INFO] [DEBUG] Loaded compressed decoded weights.
[2026-01-29 17:10:49,856] [INFO] Model initialized on device: cuda:0
[2026-01-29 17:10:49,856] [INFO] [CLIENT INIT] Mode=SH | Sparsity=ON (UsedSparsity=0.2) | Clusters=OFF (UsedClusters=-) | EnvSparsityCfg={'Conv': 0.2, 'Linear': 0.2, 'Bias': 0.0, 'BatchNorm': 0.0} | EnvNClusters=3
[2026-01-29 17:10:50,265] [INFO] Model initialized on device: cuda:0
[2026-01-29 17:10:50,265] [INFO] [CLIENT INIT] Mode=SH | Sparsity=ON (UsedSparsity=0.2) | Clusters=OFF (UsedClusters=-) | EnvSparsityCfg={'Conv': 0.2, 'Linear': 0.2, 'Bias': 0.0, 'BatchNorm': 0.0} | EnvNClusters=3
[2026-01-29 17:10:50,710] [INFO] Model initialized on device: cuda:0
[2026-01-29 17:10:50,711] [INFO] [CLIENT INIT] Mode=SH | Sparsity=ON (UsedSparsity=0.2) | Clusters=OFF (UsedClusters=-) | EnvSparsityCfg={'Conv': 0.2, 'Linear': 0.2, 'Bias': 0.0, 'BatchNorm': 0.0} | EnvNClusters=3
[2026-01-29 17:10:51,239] [INFO] Model initialized on device: cuda:0
[2026-01-29 17:10:51,239] [INFO] [CLIENT INIT] Mode=SH | Sparsity=ON (UsedSparsity=0.2) | Clusters=OFF (UsedClusters=-) | EnvSparsityCfg={'Conv': 0.2, 'Linear': 0.2, 'Bias': 0.0, 'BatchNorm': 0.0} | EnvNClusters=3
[2026-01-29 17:10:51,521] [INFO] Model initialized on device: cuda:0
[2026-01-29 17:10:51,521] [INFO] [CLIENT INIT] Mode=SH | Sparsity=ON (UsedSparsity=0.2) | Clusters=OFF (UsedClusters=-) | EnvSparsityCfg={'Conv': 0.2, 'Linear': 0.2, 'Bias': 0.0, 'BatchNorm': 0.0} | EnvNClusters=3
[2026-01-29 17:10:51,709] [INFO] Model initialized on device: cuda:0
[2026-01-29 17:10:51,709] [INFO] [CLIENT INIT] Mode=SH | Sparsity=ON (UsedSparsity=0.2) | Clusters=OFF (UsedClusters=-) | EnvSparsityCfg={'Conv': 0.2, 'Linear': 0.2, 'Bias': 0.0, 'BatchNorm': 0.0} | EnvNClusters=3
[2026-01-29 17:10:51,733] [INFO] Model initialized on device: cuda:0
[2026-01-29 17:10:51,733] [INFO] [CLIENT INIT] Mode=SH | Sparsity=ON (UsedSparsity=0.2) | Clusters=OFF (UsedClusters=-) | EnvSparsityCfg={'Conv': 0.2, 'Linear': 0.2, 'Bias': 0.0, 'BatchNorm': 0.0} | EnvNClusters=3
[2026-01-29 17:10:51,813] [INFO] Model initialized on device: cuda:0
[2026-01-29 17:10:51,814] [INFO] [CLIENT INIT] Mode=SH | Sparsity=ON (UsedSparsity=0.2) | Clusters=OFF (UsedClusters=-) | EnvSparsityCfg={'Conv': 0.2, 'Linear': 0.2, 'Bias': 0.0, 'BatchNorm': 0.0} | EnvNClusters=3
[2026-01-29 17:10:51,912] [INFO] Model initialized on device: cuda:0
[2026-01-29 17:10:51,912] [INFO] [CLIENT INIT] Mode=SH | Sparsity=ON (UsedSparsity=0.2) | Clusters=OFF (UsedClusters=-) | EnvSparsityCfg={'Conv': 0.2, 'Linear': 0.2, 'Bias': 0.0, 'BatchNorm': 0.0} | EnvNClusters=3
[2026-01-29 17:10:51,916] [INFO] Model initialized on device: cuda:0
[2026-01-29 17:10:51,916] [INFO] [CLIENT INIT] Mode=SH | Sparsity=ON (UsedSparsity=0.2) | Clusters=OFF (UsedClusters=-) | EnvSparsityCfg={'Conv': 0.2, 'Linear': 0.2, 'Bias': 0.0, 'BatchNorm': 0.0} | EnvNClusters=3
[2026-01-29 17:10:57,617] [DEBUG] [TEST] Batch 1 | Pred shape: torch.Size([256, 256, 160]) | Label shape: torch.Size([256, 256, 160])
[2026-01-29 17:11:00,718] [DEBUG] [TEST] Batch 2 | Pred shape: torch.Size([256, 256, 160]) | Label shape: torch.Size([256, 256, 160])
[2026-01-29 17:11:00,920] [DEBUG] [TEST] Batch 3 | Pred shape: torch.Size([256, 256, 160]) | Label shape: torch.Size([256, 256, 160])
[2026-01-29 17:11:01,046] [DEBUG] [TEST] Batch 4 | Pred shape: torch.Size([256, 256, 160]) | Label shape: torch.Size([256, 256, 160])
[2026-01-29 17:11:01,310] [DEBUG] [TEST] Batch 5 | Pred shape: torch.Size([256, 256, 160]) | Label shape: torch.Size([256, 256, 160])
[2026-01-29 17:11:01,525] [DEBUG] [TEST] Batch 6 | Pred shape: torch.Size([256, 256, 160]) | Label shape: torch.Size([256, 256, 160])
[2026-01-29 17:11:01,723] [DEBUG] [TEST] Batch 7 | Pred shape: torch.Size([256, 256, 160]) | Label shape: torch.Size([256, 256, 160])
[2026-01-29 17:11:01,918] [DEBUG] [TEST] Batch 8 | Pred shape: torch.Size([256, 256, 160]) | Label shape: torch.Size([256, 256, 160])
[2026-01-29 17:11:02,124] [DEBUG] [TEST] Batch 9 | Pred shape: torch.Size([256, 256, 160]) | Label shape: torch.Size([256, 256, 160])
[2026-01-29 17:11:02,327] [DEBUG] [TEST] Batch 10 | Pred shape: torch.Size([256, 256, 160]) | Label shape: torch.Size([256, 256, 160])
[2026-01-29 17:11:04,314] [DEBUG] [TEST] Batch 11 | Pred shape: torch.Size([256, 256, 160]) | Label shape: torch.Size([256, 256, 160])
[2026-01-29 17:11:05,308] [DEBUG] [TEST] Batch 12 | Pred shape: torch.Size([256, 256, 160]) | Label shape: torch.Size([256, 256, 160])
[2026-01-29 17:11:05,515] [DEBUG] [TEST] Batch 13 | Pred shape: torch.Size([256, 256, 160]) | Label shape: torch.Size([256, 256, 160])
[2026-01-29 17:11:05,614] [DEBUG] [TEST] Batch 14 | Pred shape: torch.Size([256, 256, 160]) | Label shape: torch.Size([256, 256, 160])
[2026-01-29 17:11:05,810] [DEBUG] [TEST] Batch 15 | Pred shape: torch.Size([256, 256, 160]) | Label shape: torch.Size([256, 256, 160])
[2026-01-29 17:11:05,918] [DEBUG] [TEST] Batch 16 | Pred shape: torch.Size([256, 256, 160]) | Label shape: torch.Size([256, 256, 160])
[2026-01-29 17:11:13,979] [INFO] [EVALUATE] Dice WT: 0.8290
[2026-01-29 17:11:24,802] [INFO] [FIT] Received parameters. Starting local training...
[2026-01-29 17:11:26,918] [INFO] [DEBUG] Loaded compressed decoded weights.
[2026-01-29 17:12:33,529] [INFO] Model initialized on device: cuda:0
[2026-01-29 17:12:33,529] [INFO] [CLIENT INIT] Mode=SH | Sparsity=ON (UsedSparsity=0.2) | Clusters=OFF (UsedClusters=-) | EnvSparsityCfg={'Conv': 0.2, 'Linear': 0.2, 'Bias': 0.0, 'BatchNorm': 0.0} | EnvNClusters=3
[2026-01-29 17:12:35,615] [INFO] Model initialized on device: cuda:0
[2026-01-29 17:12:35,615] [INFO] [CLIENT INIT] Mode=SH | Sparsity=ON (UsedSparsity=0.2) | Clusters=OFF (UsedClusters=-) | EnvSparsityCfg={'Conv': 0.2, 'Linear': 0.2, 'Bias': 0.0, 'BatchNorm': 0.0} | EnvNClusters=3
[2026-01-29 17:12:35,847] [INFO] Model initialized on device: cuda:0
[2026-01-29 17:12:35,847] [INFO] [CLIENT INIT] Mode=SH | Sparsity=ON (UsedSparsity=0.2) | Clusters=OFF (UsedClusters=-) | EnvSparsityCfg={'Conv': 0.2, 'Linear': 0.2, 'Bias': 0.0, 'BatchNorm': 0.0} | EnvNClusters=3
[2026-01-29 17:12:36,317] [INFO] Model initialized on device: cuda:0
[2026-01-29 17:12:36,318] [INFO] [CLIENT INIT] Mode=SH | Sparsity=ON (UsedSparsity=0.2) | Clusters=OFF (UsedClusters=-) | EnvSparsityCfg={'Conv': 0.2, 'Linear': 0.2, 'Bias': 0.0, 'BatchNorm': 0.0} | EnvNClusters=3
[2026-01-29 17:12:37,013] [INFO] Model initialized on device: cuda:0
[2026-01-29 17:12:37,013] [INFO] [CLIENT INIT] Mode=SH | Sparsity=ON (UsedSparsity=0.2) | Clusters=OFF (UsedClusters=-) | EnvSparsityCfg={'Conv': 0.2, 'Linear': 0.2, 'Bias': 0.0, 'BatchNorm': 0.0} | EnvNClusters=3
[2026-01-29 17:12:37,025] [INFO] Model initialized on device: cuda:0
[2026-01-29 17:12:37,025] [INFO] [CLIENT INIT] Mode=SH | Sparsity=ON (UsedSparsity=0.2) | Clusters=OFF (UsedClusters=-) | EnvSparsityCfg={'Conv': 0.2, 'Linear': 0.2, 'Bias': 0.0, 'BatchNorm': 0.0} | EnvNClusters=3
[2026-01-29 17:12:37,034] [INFO] Model initialized on device: cuda:0
[2026-01-29 17:12:37,034] [INFO] [CLIENT INIT] Mode=SH | Sparsity=ON (UsedSparsity=0.2) | Clusters=OFF (UsedClusters=-) | EnvSparsityCfg={'Conv': 0.2, 'Linear': 0.2, 'Bias': 0.0, 'BatchNorm': 0.0} | EnvNClusters=3
[2026-01-29 17:12:37,128] [INFO] Model initialized on device: cuda:0
[2026-01-29 17:12:37,128] [INFO] [CLIENT INIT] Mode=SH | Sparsity=ON (UsedSparsity=0.2) | Clusters=OFF (UsedClusters=-) | EnvSparsityCfg={'Conv': 0.2, 'Linear': 0.2, 'Bias': 0.0, 'BatchNorm': 0.0} | EnvNClusters=3
[2026-01-29 17:12:37,128] [INFO] Model initialized on device: cuda:0
[2026-01-29 17:12:37,129] [INFO] [CLIENT INIT] Mode=SH | Sparsity=ON (UsedSparsity=0.2) | Clusters=OFF (UsedClusters=-) | EnvSparsityCfg={'Conv': 0.2, 'Linear': 0.2, 'Bias': 0.0, 'BatchNorm': 0.0} | EnvNClusters=3
[2026-01-29 17:12:37,146] [INFO] Model initialized on device: cuda:0
[2026-01-29 17:12:37,146] [INFO] [CLIENT INIT] Mode=SH | Sparsity=ON (UsedSparsity=0.2) | Clusters=OFF (UsedClusters=-) | EnvSparsityCfg={'Conv': 0.2, 'Linear': 0.2, 'Bias': 0.0, 'BatchNorm': 0.0} | EnvNClusters=3
[2026-01-29 17:14:28,316] [INFO] [TRAIN] Epoch 1 Loss: 0.1971
[2026-01-29 17:15:20,217] [INFO] Model initialized on device: cuda:0
[2026-01-29 17:15:20,217] [INFO] [CLIENT INIT] Mode=SH | Sparsity=ON (UsedSparsity=0.2) | Clusters=OFF (UsedClusters=-) | EnvSparsityCfg={'Conv': 0.2, 'Linear': 0.2, 'Bias': 0.0, 'BatchNorm': 0.0} | EnvNClusters=3
[2026-01-29 17:15:20,610] [INFO] Model initialized on device: cuda:0
[2026-01-29 17:15:20,611] [INFO] [CLIENT INIT] Mode=SH | Sparsity=ON (UsedSparsity=0.2) | Clusters=OFF (UsedClusters=-) | EnvSparsityCfg={'Conv': 0.2, 'Linear': 0.2, 'Bias': 0.0, 'BatchNorm': 0.0} | EnvNClusters=3
[2026-01-29 17:15:20,630] [INFO] Model initialized on device: cuda:0
[2026-01-29 17:15:20,630] [INFO] [CLIENT INIT] Mode=SH | Sparsity=ON (UsedSparsity=0.2) | Clusters=OFF (UsedClusters=-) | EnvSparsityCfg={'Conv': 0.2, 'Linear': 0.2, 'Bias': 0.0, 'BatchNorm': 0.0} | EnvNClusters=3
[2026-01-29 17:15:20,710] [INFO] Model initialized on device: cuda:0
[2026-01-29 17:15:20,710] [INFO] [CLIENT INIT] Mode=SH | Sparsity=ON (UsedSparsity=0.2) | Clusters=OFF (UsedClusters=-) | EnvSparsityCfg={'Conv': 0.2, 'Linear': 0.2, 'Bias': 0.0, 'BatchNorm': 0.0} | EnvNClusters=3
[2026-01-29 17:15:20,744] [INFO] Model initialized on device: cuda:0
[2026-01-29 17:15:20,744] [INFO] [CLIENT INIT] Mode=SH | Sparsity=ON (UsedSparsity=0.2) | Clusters=OFF (UsedClusters=-) | EnvSparsityCfg={'Conv': 0.2, 'Linear': 0.2, 'Bias': 0.0, 'BatchNorm': 0.0} | EnvNClusters=3
[2026-01-29 17:15:20,826] [INFO] Model initialized on device: cuda:0
[2026-01-29 17:15:20,826] [INFO] [CLIENT INIT] Mode=SH | Sparsity=ON (UsedSparsity=0.2) | Clusters=OFF (UsedClusters=-) | EnvSparsityCfg={'Conv': 0.2, 'Linear': 0.2, 'Bias': 0.0, 'BatchNorm': 0.0} | EnvNClusters=3
[2026-01-29 17:15:20,910] [INFO] Model initialized on device: cuda:0
[2026-01-29 17:15:20,910] [INFO] [CLIENT INIT] Mode=SH | Sparsity=ON (UsedSparsity=0.2) | Clusters=OFF (UsedClusters=-) | EnvSparsityCfg={'Conv': 0.2, 'Linear': 0.2, 'Bias': 0.0, 'BatchNorm': 0.0} | EnvNClusters=3
[2026-01-29 17:15:20,912] [INFO] Model initialized on device: cuda:0
[2026-01-29 17:15:20,912] [INFO] [CLIENT INIT] Mode=SH | Sparsity=ON (UsedSparsity=0.2) | Clusters=OFF (UsedClusters=-) | EnvSparsityCfg={'Conv': 0.2, 'Linear': 0.2, 'Bias': 0.0, 'BatchNorm': 0.0} | EnvNClusters=3
[2026-01-29 17:15:20,915] [INFO] Model initialized on device: cuda:0
[2026-01-29 17:15:20,915] [INFO] [CLIENT INIT] Mode=SH | Sparsity=ON (UsedSparsity=0.2) | Clusters=OFF (UsedClusters=-) | EnvSparsityCfg={'Conv': 0.2, 'Linear': 0.2, 'Bias': 0.0, 'BatchNorm': 0.0} | EnvNClusters=3
[2026-01-29 17:15:20,918] [INFO] Model initialized on device: cuda:0
[2026-01-29 17:15:20,918] [INFO] [CLIENT INIT] Mode=SH | Sparsity=ON (UsedSparsity=0.2) | Clusters=OFF (UsedClusters=-) | EnvSparsityCfg={'Conv': 0.2, 'Linear': 0.2, 'Bias': 0.0, 'BatchNorm': 0.0} | EnvNClusters=3
[2026-01-29 17:17:08,717] [INFO] [TRAIN] Epoch 2 Loss: 0.1698
[2026-01-29 17:17:52,123] [INFO] Model initialized on device: cuda:0
[2026-01-29 17:17:52,124] [INFO] [CLIENT INIT] Mode=SH | Sparsity=ON (UsedSparsity=0.2) | Clusters=OFF (UsedClusters=-) | EnvSparsityCfg={'Conv': 0.2, 'Linear': 0.2, 'Bias': 0.0, 'BatchNorm': 0.0} | EnvNClusters=3
[2026-01-29 17:17:52,431] [INFO] Model initialized on device: cuda:0
[2026-01-29 17:17:52,431] [INFO] [CLIENT INIT] Mode=SH | Sparsity=ON (UsedSparsity=0.2) | Clusters=OFF (UsedClusters=-) | EnvSparsityCfg={'Conv': 0.2, 'Linear': 0.2, 'Bias': 0.0, 'BatchNorm': 0.0} | EnvNClusters=3
[2026-01-29 17:17:52,723] [INFO] Model initialized on device: cuda:0
[2026-01-29 17:17:52,723] [INFO] [CLIENT INIT] Mode=SH | Sparsity=ON (UsedSparsity=0.2) | Clusters=OFF (UsedClusters=-) | EnvSparsityCfg={'Conv': 0.2, 'Linear': 0.2, 'Bias': 0.0, 'BatchNorm': 0.0} | EnvNClusters=3
[2026-01-29 17:17:52,825] [INFO] Model initialized on device: cuda:0
[2026-01-29 17:17:52,825] [INFO] [CLIENT INIT] Mode=SH | Sparsity=ON (UsedSparsity=0.2) | Clusters=OFF (UsedClusters=-) | EnvSparsityCfg={'Conv': 0.2, 'Linear': 0.2, 'Bias': 0.0, 'BatchNorm': 0.0} | EnvNClusters=3
[2026-01-29 17:17:53,045] [INFO] Model initialized on device: cuda:0
[2026-01-29 17:17:53,045] [INFO] [CLIENT INIT] Mode=SH | Sparsity=ON (UsedSparsity=0.2) | Clusters=OFF (UsedClusters=-) | EnvSparsityCfg={'Conv': 0.2, 'Linear': 0.2, 'Bias': 0.0, 'BatchNorm': 0.0} | EnvNClusters=3
[2026-01-29 17:17:53,124] [INFO] Model initialized on device: cuda:0
[2026-01-29 17:17:53,124] [INFO] [CLIENT INIT] Mode=SH | Sparsity=ON (UsedSparsity=0.2) | Clusters=OFF (UsedClusters=-) | EnvSparsityCfg={'Conv': 0.2, 'Linear': 0.2, 'Bias': 0.0, 'BatchNorm': 0.0} | EnvNClusters=3
[2026-01-29 17:17:53,140] [INFO] Model initialized on device: cuda:0
[2026-01-29 17:17:53,140] [INFO] [CLIENT INIT] Mode=SH | Sparsity=ON (UsedSparsity=0.2) | Clusters=OFF (UsedClusters=-) | EnvSparsityCfg={'Conv': 0.2, 'Linear': 0.2, 'Bias': 0.0, 'BatchNorm': 0.0} | EnvNClusters=3
[2026-01-29 17:17:53,218] [INFO] Model initialized on device: cuda:0
[2026-01-29 17:17:53,218] [INFO] [CLIENT INIT] Mode=SH | Sparsity=ON (UsedSparsity=0.2) | Clusters=OFF (UsedClusters=-) | EnvSparsityCfg={'Conv': 0.2, 'Linear': 0.2, 'Bias': 0.0, 'BatchNorm': 0.0} | EnvNClusters=3
[2026-01-29 17:17:53,220] [INFO] Model initialized on device: cuda:0
[2026-01-29 17:17:53,221] [INFO] [CLIENT INIT] Mode=SH | Sparsity=ON (UsedSparsity=0.2) | Clusters=OFF (UsedClusters=-) | EnvSparsityCfg={'Conv': 0.2, 'Linear': 0.2, 'Bias': 0.0, 'BatchNorm': 0.0} | EnvNClusters=3
[2026-01-29 17:17:53,228] [INFO] Model initialized on device: cuda:0
[2026-01-29 17:17:53,229] [INFO] [CLIENT INIT] Mode=SH | Sparsity=ON (UsedSparsity=0.2) | Clusters=OFF (UsedClusters=-) | EnvSparsityCfg={'Conv': 0.2, 'Linear': 0.2, 'Bias': 0.0, 'BatchNorm': 0.0} | EnvNClusters=3
[2026-01-29 17:19:43,415] [INFO] [TRAIN] Epoch 3 Loss: 0.1628
[2026-01-29 17:20:18,026] [INFO] Model initialized on device: cuda:0
[2026-01-29 17:20:18,027] [INFO] [CLIENT INIT] Mode=SH | Sparsity=ON (UsedSparsity=0.2) | Clusters=OFF (UsedClusters=-) | EnvSparsityCfg={'Conv': 0.2, 'Linear': 0.2, 'Bias': 0.0, 'BatchNorm': 0.0} | EnvNClusters=3
[2026-01-29 17:20:18,839] [INFO] Model initialized on device: cuda:0
[2026-01-29 17:20:18,839] [INFO] [CLIENT INIT] Mode=SH | Sparsity=ON (UsedSparsity=0.2) | Clusters=OFF (UsedClusters=-) | EnvSparsityCfg={'Conv': 0.2, 'Linear': 0.2, 'Bias': 0.0, 'BatchNorm': 0.0} | EnvNClusters=3
[2026-01-29 17:20:23,121] [INFO] Model initialized on device: cuda:0
[2026-01-29 17:20:23,121] [INFO] [CLIENT INIT] Mode=SH | Sparsity=ON (UsedSparsity=0.2) | Clusters=OFF (UsedClusters=-) | EnvSparsityCfg={'Conv': 0.2, 'Linear': 0.2, 'Bias': 0.0, 'BatchNorm': 0.0} | EnvNClusters=3
[2026-01-29 17:20:29,242] [INFO] Model initialized on device: cuda:0
[2026-01-29 17:20:29,243] [INFO] [CLIENT INIT] Mode=SH | Sparsity=ON (UsedSparsity=0.2) | Clusters=OFF (UsedClusters=-) | EnvSparsityCfg={'Conv': 0.2, 'Linear': 0.2, 'Bias': 0.0, 'BatchNorm': 0.0} | EnvNClusters=3
[2026-01-29 17:20:29,817] [INFO] Model initialized on device: cuda:0
[2026-01-29 17:20:29,817] [INFO] [CLIENT INIT] Mode=SH | Sparsity=ON (UsedSparsity=0.2) | Clusters=OFF (UsedClusters=-) | EnvSparsityCfg={'Conv': 0.2, 'Linear': 0.2, 'Bias': 0.0, 'BatchNorm': 0.0} | EnvNClusters=3
[2026-01-29 17:20:29,819] [INFO] Model initialized on device: cuda:0
[2026-01-29 17:20:29,819] [INFO] [CLIENT INIT] Mode=SH | Sparsity=ON (UsedSparsity=0.2) | Clusters=OFF (UsedClusters=-) | EnvSparsityCfg={'Conv': 0.2, 'Linear': 0.2, 'Bias': 0.0, 'BatchNorm': 0.0} | EnvNClusters=3
[2026-01-29 17:20:29,923] [INFO] Model initialized on device: cuda:0
[2026-01-29 17:20:29,924] [INFO] [CLIENT INIT] Mode=SH | Sparsity=ON (UsedSparsity=0.2) | Clusters=OFF (UsedClusters=-) | EnvSparsityCfg={'Conv': 0.2, 'Linear': 0.2, 'Bias': 0.0, 'BatchNorm': 0.0} | EnvNClusters=3
[2026-01-29 17:20:29,925] [INFO] Model initialized on device: cuda:0
[2026-01-29 17:20:29,925] [INFO] Model initialized on device: cuda:0
[2026-01-29 17:20:29,925] [INFO] [CLIENT INIT] Mode=SH | Sparsity=ON (UsedSparsity=0.2) | Clusters=OFF (UsedClusters=-) | EnvSparsityCfg={'Conv': 0.2, 'Linear': 0.2, 'Bias': 0.0, 'BatchNorm': 0.0} | EnvNClusters=3
[2026-01-29 17:20:29,925] [INFO] [CLIENT INIT] Mode=SH | Sparsity=ON (UsedSparsity=0.2) | Clusters=OFF (UsedClusters=-) | EnvSparsityCfg={'Conv': 0.2, 'Linear': 0.2, 'Bias': 0.0, 'BatchNorm': 0.0} | EnvNClusters=3
[2026-01-29 17:20:29,925] [INFO] Model initialized on device: cuda:0
[2026-01-29 17:20:29,925] [INFO] [CLIENT INIT] Mode=SH | Sparsity=ON (UsedSparsity=0.2) | Clusters=OFF (UsedClusters=-) | EnvSparsityCfg={'Conv': 0.2, 'Linear': 0.2, 'Bias': 0.0, 'BatchNorm': 0.0} | EnvNClusters=3
[2026-01-29 17:22:14,114] [INFO] [TRAIN] Epoch 4 Loss: 0.1662
[2026-01-29 17:23:01,730] [INFO] Model initialized on device: cuda:0
[2026-01-29 17:23:01,730] [INFO] [CLIENT INIT] Mode=SH | Sparsity=ON (UsedSparsity=0.2) | Clusters=OFF (UsedClusters=-) | EnvSparsityCfg={'Conv': 0.2, 'Linear': 0.2, 'Bias': 0.0, 'BatchNorm': 0.0} | EnvNClusters=3
[2026-01-29 17:23:01,815] [INFO] Model initialized on device: cuda:0
[2026-01-29 17:23:01,815] [INFO] [CLIENT INIT] Mode=SH | Sparsity=ON (UsedSparsity=0.2) | Clusters=OFF (UsedClusters=-) | EnvSparsityCfg={'Conv': 0.2, 'Linear': 0.2, 'Bias': 0.0, 'BatchNorm': 0.0} | EnvNClusters=3
[2026-01-29 17:23:02,011] [INFO] Model initialized on device: cuda:0
[2026-01-29 17:23:02,011] [INFO] [CLIENT INIT] Mode=SH | Sparsity=ON (UsedSparsity=0.2) | Clusters=OFF (UsedClusters=-) | EnvSparsityCfg={'Conv': 0.2, 'Linear': 0.2, 'Bias': 0.0, 'BatchNorm': 0.0} | EnvNClusters=3
[2026-01-29 17:23:02,026] [INFO] Model initialized on device: cuda:0
[2026-01-29 17:23:02,026] [INFO] [CLIENT INIT] Mode=SH | Sparsity=ON (UsedSparsity=0.2) | Clusters=OFF (UsedClusters=-) | EnvSparsityCfg={'Conv': 0.2, 'Linear': 0.2, 'Bias': 0.0, 'BatchNorm': 0.0} | EnvNClusters=3
[2026-01-29 17:23:02,118] [INFO] Model initialized on device: cuda:0
[2026-01-29 17:23:02,118] [INFO] [CLIENT INIT] Mode=SH | Sparsity=ON (UsedSparsity=0.2) | Clusters=OFF (UsedClusters=-) | EnvSparsityCfg={'Conv': 0.2, 'Linear': 0.2, 'Bias': 0.0, 'BatchNorm': 0.0} | EnvNClusters=3
[2026-01-29 17:23:02,121] [INFO] Model initialized on device: cuda:0
[2026-01-29 17:23:02,121] [INFO] [CLIENT INIT] Mode=SH | Sparsity=ON (UsedSparsity=0.2) | Clusters=OFF (UsedClusters=-) | EnvSparsityCfg={'Conv': 0.2, 'Linear': 0.2, 'Bias': 0.0, 'BatchNorm': 0.0} | EnvNClusters=3
[2026-01-29 17:23:02,121] [INFO] Model initialized on device: cuda:0
[2026-01-29 17:23:02,122] [INFO] [CLIENT INIT] Mode=SH | Sparsity=ON (UsedSparsity=0.2) | Clusters=OFF (UsedClusters=-) | EnvSparsityCfg={'Conv': 0.2, 'Linear': 0.2, 'Bias': 0.0, 'BatchNorm': 0.0} | EnvNClusters=3
[2026-01-29 17:23:02,128] [INFO] Model initialized on device: cuda:0
[2026-01-29 17:23:02,128] [INFO] [CLIENT INIT] Mode=SH | Sparsity=ON (UsedSparsity=0.2) | Clusters=OFF (UsedClusters=-) | EnvSparsityCfg={'Conv': 0.2, 'Linear': 0.2, 'Bias': 0.0, 'BatchNorm': 0.0} | EnvNClusters=3
[2026-01-29 17:23:02,135] [INFO] Model initialized on device: cuda:0
[2026-01-29 17:23:02,136] [INFO] [CLIENT INIT] Mode=SH | Sparsity=ON (UsedSparsity=0.2) | Clusters=OFF (UsedClusters=-) | EnvSparsityCfg={'Conv': 0.2, 'Linear': 0.2, 'Bias': 0.0, 'BatchNorm': 0.0} | EnvNClusters=3
[2026-01-29 17:23:02,140] [INFO] Model initialized on device: cuda:0
[2026-01-29 17:23:02,140] [INFO] [CLIENT INIT] Mode=SH | Sparsity=ON (UsedSparsity=0.2) | Clusters=OFF (UsedClusters=-) | EnvSparsityCfg={'Conv': 0.2, 'Linear': 0.2, 'Bias': 0.0, 'BatchNorm': 0.0} | EnvNClusters=3
[2026-01-29 17:24:39,311] [INFO] [TRAIN] Epoch 5 Loss: 0.1624
[2026-01-29 17:24:39,313] [INFO] [FIT] Local training finished. Avg Loss: 0.1717
[2026-01-29 17:25:30,617] [INFO] Model initialized on device: cuda:0
[2026-01-29 17:25:30,618] [INFO] [CLIENT INIT] Mode=SH | Sparsity=ON (UsedSparsity=0.2) | Clusters=OFF (UsedClusters=-) | EnvSparsityCfg={'Conv': 0.2, 'Linear': 0.2, 'Bias': 0.0, 'BatchNorm': 0.0} | EnvNClusters=3
[2026-01-29 17:25:30,624] [INFO] Model initialized on device: cuda:0
[2026-01-29 17:25:30,625] [INFO] [CLIENT INIT] Mode=SH | Sparsity=ON (UsedSparsity=0.2) | Clusters=OFF (UsedClusters=-) | EnvSparsityCfg={'Conv': 0.2, 'Linear': 0.2, 'Bias': 0.0, 'BatchNorm': 0.0} | EnvNClusters=3
[2026-01-29 17:25:30,845] [INFO] Model initialized on device: cuda:0
[2026-01-29 17:25:30,846] [INFO] [CLIENT INIT] Mode=SH | Sparsity=ON (UsedSparsity=0.2) | Clusters=OFF (UsedClusters=-) | EnvSparsityCfg={'Conv': 0.2, 'Linear': 0.2, 'Bias': 0.0, 'BatchNorm': 0.0} | EnvNClusters=3
[2026-01-29 17:25:30,846] [INFO] Model initialized on device: cuda:0
[2026-01-29 17:25:30,847] [INFO] [CLIENT INIT] Mode=SH | Sparsity=ON (UsedSparsity=0.2) | Clusters=OFF (UsedClusters=-) | EnvSparsityCfg={'Conv': 0.2, 'Linear': 0.2, 'Bias': 0.0, 'BatchNorm': 0.0} | EnvNClusters=3
[2026-01-29 17:25:30,855] [INFO] Model initialized on device: cuda:0
[2026-01-29 17:25:30,856] [INFO] [CLIENT INIT] Mode=SH | Sparsity=ON (UsedSparsity=0.2) | Clusters=OFF (UsedClusters=-) | EnvSparsityCfg={'Conv': 0.2, 'Linear': 0.2, 'Bias': 0.0, 'BatchNorm': 0.0} | EnvNClusters=3
[2026-01-29 17:25:31,026] [INFO] Model initialized on device: cuda:0
[2026-01-29 17:25:31,026] [INFO] [CLIENT INIT] Mode=SH | Sparsity=ON (UsedSparsity=0.2) | Clusters=OFF (UsedClusters=-) | EnvSparsityCfg={'Conv': 0.2, 'Linear': 0.2, 'Bias': 0.0, 'BatchNorm': 0.0} | EnvNClusters=3
[2026-01-29 17:25:31,032] [INFO] Model initialized on device: cuda:0
[2026-01-29 17:25:31,032] [INFO] [CLIENT INIT] Mode=SH | Sparsity=ON (UsedSparsity=0.2) | Clusters=OFF (UsedClusters=-) | EnvSparsityCfg={'Conv': 0.2, 'Linear': 0.2, 'Bias': 0.0, 'BatchNorm': 0.0} | EnvNClusters=3
[2026-01-29 17:25:31,039] [INFO] Model initialized on device: cuda:0
[2026-01-29 17:25:31,039] [INFO] [CLIENT INIT] Mode=SH | Sparsity=ON (UsedSparsity=0.2) | Clusters=OFF (UsedClusters=-) | EnvSparsityCfg={'Conv': 0.2, 'Linear': 0.2, 'Bias': 0.0, 'BatchNorm': 0.0} | EnvNClusters=3
[2026-01-29 17:25:31,109] [INFO] Model initialized on device: cuda:0
[2026-01-29 17:25:31,109] [INFO] [CLIENT INIT] Mode=SH | Sparsity=ON (UsedSparsity=0.2) | Clusters=OFF (UsedClusters=-) | EnvSparsityCfg={'Conv': 0.2, 'Linear': 0.2, 'Bias': 0.0, 'BatchNorm': 0.0} | EnvNClusters=3
[2026-01-29 17:25:31,129] [INFO] Model initialized on device: cuda:0
[2026-01-29 17:25:31,129] [INFO] [CLIENT INIT] Mode=SH | Sparsity=ON (UsedSparsity=0.2) | Clusters=OFF (UsedClusters=-) | EnvSparsityCfg={'Conv': 0.2, 'Linear': 0.2, 'Bias': 0.0, 'BatchNorm': 0.0} | EnvNClusters=3
[2026-01-29 17:25:38,557] [DEBUG] [TEST] Batch 1 | Pred shape: torch.Size([256, 256, 160]) | Label shape: torch.Size([256, 256, 160])
[2026-01-29 17:25:39,743] [DEBUG] [TEST] Batch 2 | Pred shape: torch.Size([256, 256, 160]) | Label shape: torch.Size([256, 256, 160])
[2026-01-29 17:25:40,009] [DEBUG] [TEST] Batch 3 | Pred shape: torch.Size([256, 256, 160]) | Label shape: torch.Size([256, 256, 160])
[2026-01-29 17:25:40,211] [DEBUG] [TEST] Batch 4 | Pred shape: torch.Size([256, 256, 160]) | Label shape: torch.Size([256, 256, 160])
[2026-01-29 17:25:40,315] [DEBUG] [TEST] Batch 5 | Pred shape: torch.Size([256, 256, 160]) | Label shape: torch.Size([256, 256, 160])
[2026-01-29 17:25:40,412] [DEBUG] [TEST] Batch 6 | Pred shape: torch.Size([256, 256, 160]) | Label shape: torch.Size([256, 256, 160])
[2026-01-29 17:25:40,515] [DEBUG] [TEST] Batch 7 | Pred shape: torch.Size([256, 256, 160]) | Label shape: torch.Size([256, 256, 160])
[2026-01-29 17:25:40,711] [DEBUG] [TEST] Batch 8 | Pred shape: torch.Size([256, 256, 160]) | Label shape: torch.Size([256, 256, 160])
[2026-01-29 17:25:40,816] [DEBUG] [TEST] Batch 9 | Pred shape: torch.Size([256, 256, 160]) | Label shape: torch.Size([256, 256, 160])
[2026-01-29 17:25:40,915] [DEBUG] [TEST] Batch 10 | Pred shape: torch.Size([256, 256, 160]) | Label shape: torch.Size([256, 256, 160])
[2026-01-29 17:25:42,466] [DEBUG] [TEST] Batch 11 | Pred shape: torch.Size([256, 256, 160]) | Label shape: torch.Size([256, 256, 160])
[2026-01-29 17:25:43,778] [DEBUG] [TEST] Batch 12 | Pred shape: torch.Size([256, 256, 160]) | Label shape: torch.Size([256, 256, 160])
[2026-01-29 17:25:43,860] [DEBUG] [TEST] Batch 13 | Pred shape: torch.Size([256, 256, 160]) | Label shape: torch.Size([256, 256, 160])
[2026-01-29 17:25:43,916] [DEBUG] [TEST] Batch 14 | Pred shape: torch.Size([256, 256, 160]) | Label shape: torch.Size([256, 256, 160])
[2026-01-29 17:25:43,974] [DEBUG] [TEST] Batch 15 | Pred shape: torch.Size([256, 256, 160]) | Label shape: torch.Size([256, 256, 160])
[2026-01-29 17:25:44,056] [DEBUG] [TEST] Batch 16 | Pred shape: torch.Size([256, 256, 160]) | Label shape: torch.Size([256, 256, 160])
[2026-01-29 17:25:49,549] [INFO] [FIT] Final model saved to: Revision2/Run_UNET_NonIID_SH20_20260129/Client3/model_final.pth
[2026-01-29 17:26:09,461] [INFO] [COMM][CLIENT] Round=-1 Mode=SH UsedSparsity=0.2 UsedClusters=- BaselineBits=154016352.0 CompressedBits=165302005.0 CR=0.932
[2026-01-29 17:34:16,262] [INFO] [EVALUATE] Starting evaluation...
[2026-01-29 17:34:17,917] [INFO] [DEBUG] Loaded compressed decoded weights.
[2026-01-29 17:35:20,847] [INFO] Model initialized on device: cuda:0
[2026-01-29 17:35:20,847] [INFO] [CLIENT INIT] Mode=SH | Sparsity=ON (UsedSparsity=0.2) | Clusters=OFF (UsedClusters=-) | EnvSparsityCfg={'Conv': 0.2, 'Linear': 0.2, 'Bias': 0.0, 'BatchNorm': 0.0} | EnvNClusters=3
[2026-01-29 17:35:21,241] [INFO] Model initialized on device: cuda:0
[2026-01-29 17:35:21,242] [INFO] [CLIENT INIT] Mode=SH | Sparsity=ON (UsedSparsity=0.2) | Clusters=OFF (UsedClusters=-) | EnvSparsityCfg={'Conv': 0.2, 'Linear': 0.2, 'Bias': 0.0, 'BatchNorm': 0.0} | EnvNClusters=3
[2026-01-29 17:35:22,215] [INFO] Model initialized on device: cuda:0
[2026-01-29 17:35:22,215] [INFO] [CLIENT INIT] Mode=SH | Sparsity=ON (UsedSparsity=0.2) | Clusters=OFF (UsedClusters=-) | EnvSparsityCfg={'Conv': 0.2, 'Linear': 0.2, 'Bias': 0.0, 'BatchNorm': 0.0} | EnvNClusters=3
[2026-01-29 17:35:22,225] [INFO] Model initialized on device: cuda:0
[2026-01-29 17:35:22,225] [INFO] [CLIENT INIT] Mode=SH | Sparsity=ON (UsedSparsity=0.2) | Clusters=OFF (UsedClusters=-) | EnvSparsityCfg={'Conv': 0.2, 'Linear': 0.2, 'Bias': 0.0, 'BatchNorm': 0.0} | EnvNClusters=3
[2026-01-29 17:35:22,513] [INFO] Model initialized on device: cuda:0
[2026-01-29 17:35:22,513] [INFO] [CLIENT INIT] Mode=SH | Sparsity=ON (UsedSparsity=0.2) | Clusters=OFF (UsedClusters=-) | EnvSparsityCfg={'Conv': 0.2, 'Linear': 0.2, 'Bias': 0.0, 'BatchNorm': 0.0} | EnvNClusters=3
[2026-01-29 17:35:22,527] [INFO] Model initialized on device: cuda:0
[2026-01-29 17:35:22,527] [INFO] [CLIENT INIT] Mode=SH | Sparsity=ON (UsedSparsity=0.2) | Clusters=OFF (UsedClusters=-) | EnvSparsityCfg={'Conv': 0.2, 'Linear': 0.2, 'Bias': 0.0, 'BatchNorm': 0.0} | EnvNClusters=3
[2026-01-29 17:35:22,537] [INFO] Model initialized on device: cuda:0
[2026-01-29 17:35:22,537] [INFO] [CLIENT INIT] Mode=SH | Sparsity=ON (UsedSparsity=0.2) | Clusters=OFF (UsedClusters=-) | EnvSparsityCfg={'Conv': 0.2, 'Linear': 0.2, 'Bias': 0.0, 'BatchNorm': 0.0} | EnvNClusters=3
[2026-01-29 17:35:22,611] [INFO] Model initialized on device: cuda:0
[2026-01-29 17:35:22,611] [INFO] [CLIENT INIT] Mode=SH | Sparsity=ON (UsedSparsity=0.2) | Clusters=OFF (UsedClusters=-) | EnvSparsityCfg={'Conv': 0.2, 'Linear': 0.2, 'Bias': 0.0, 'BatchNorm': 0.0} | EnvNClusters=3
[2026-01-29 17:35:22,633] [INFO] Model initialized on device: cuda:0
[2026-01-29 17:35:22,633] [INFO] [CLIENT INIT] Mode=SH | Sparsity=ON (UsedSparsity=0.2) | Clusters=OFF (UsedClusters=-) | EnvSparsityCfg={'Conv': 0.2, 'Linear': 0.2, 'Bias': 0.0, 'BatchNorm': 0.0} | EnvNClusters=3
[2026-01-29 17:35:22,708] [INFO] Model initialized on device: cuda:0
[2026-01-29 17:35:22,708] [INFO] [CLIENT INIT] Mode=SH | Sparsity=ON (UsedSparsity=0.2) | Clusters=OFF (UsedClusters=-) | EnvSparsityCfg={'Conv': 0.2, 'Linear': 0.2, 'Bias': 0.0, 'BatchNorm': 0.0} | EnvNClusters=3
[2026-01-29 17:35:27,222] [DEBUG] [TEST] Batch 1 | Pred shape: torch.Size([256, 256, 160]) | Label shape: torch.Size([256, 256, 160])
[2026-01-29 17:35:29,815] [DEBUG] [TEST] Batch 2 | Pred shape: torch.Size([256, 256, 160]) | Label shape: torch.Size([256, 256, 160])
[2026-01-29 17:35:30,215] [DEBUG] [TEST] Batch 3 | Pred shape: torch.Size([256, 256, 160]) | Label shape: torch.Size([256, 256, 160])
[2026-01-29 17:35:30,322] [DEBUG] [TEST] Batch 4 | Pred shape: torch.Size([256, 256, 160]) | Label shape: torch.Size([256, 256, 160])
[2026-01-29 17:35:30,421] [DEBUG] [TEST] Batch 5 | Pred shape: torch.Size([256, 256, 160]) | Label shape: torch.Size([256, 256, 160])
[2026-01-29 17:35:30,523] [DEBUG] [TEST] Batch 6 | Pred shape: torch.Size([256, 256, 160]) | Label shape: torch.Size([256, 256, 160])
[2026-01-29 17:35:30,614] [DEBUG] [TEST] Batch 7 | Pred shape: torch.Size([256, 256, 160]) | Label shape: torch.Size([256, 256, 160])
[2026-01-29 17:35:30,736] [DEBUG] [TEST] Batch 8 | Pred shape: torch.Size([256, 256, 160]) | Label shape: torch.Size([256, 256, 160])
[2026-01-29 17:35:30,914] [DEBUG] [TEST] Batch 9 | Pred shape: torch.Size([256, 256, 160]) | Label shape: torch.Size([256, 256, 160])
[2026-01-29 17:35:31,014] [DEBUG] [TEST] Batch 10 | Pred shape: torch.Size([256, 256, 160]) | Label shape: torch.Size([256, 256, 160])
[2026-01-29 17:35:32,348] [DEBUG] [TEST] Batch 11 | Pred shape: torch.Size([256, 256, 160]) | Label shape: torch.Size([256, 256, 160])
[2026-01-29 17:35:34,452] [DEBUG] [TEST] Batch 12 | Pred shape: torch.Size([256, 256, 160]) | Label shape: torch.Size([256, 256, 160])
[2026-01-29 17:35:34,614] [DEBUG] [TEST] Batch 13 | Pred shape: torch.Size([256, 256, 160]) | Label shape: torch.Size([256, 256, 160])
[2026-01-29 17:35:34,710] [DEBUG] [TEST] Batch 14 | Pred shape: torch.Size([256, 256, 160]) | Label shape: torch.Size([256, 256, 160])
[2026-01-29 17:35:34,808] [DEBUG] [TEST] Batch 15 | Pred shape: torch.Size([256, 256, 160]) | Label shape: torch.Size([256, 256, 160])
[2026-01-29 17:35:34,864] [DEBUG] [TEST] Batch 16 | Pred shape: torch.Size([256, 256, 160]) | Label shape: torch.Size([256, 256, 160])
[2026-01-29 17:35:41,419] [INFO] [EVALUATE] Dice WT: 0.8434
[2026-01-29 17:35:54,126] [INFO] [FIT] Received parameters. Starting local training...
[2026-01-29 17:35:55,317] [INFO] [DEBUG] Loaded compressed decoded weights.
[2026-01-29 17:36:53,628] [INFO] Model initialized on device: cuda:0
[2026-01-29 17:36:53,628] [INFO] [CLIENT INIT] Mode=SH | Sparsity=ON (UsedSparsity=0.2) | Clusters=OFF (UsedClusters=-) | EnvSparsityCfg={'Conv': 0.2, 'Linear': 0.2, 'Bias': 0.0, 'BatchNorm': 0.0} | EnvNClusters=3
[2026-01-29 17:36:53,800] [INFO] Model initialized on device: cuda:0
[2026-01-29 17:36:53,801] [INFO] [CLIENT INIT] Mode=SH | Sparsity=ON (UsedSparsity=0.2) | Clusters=OFF (UsedClusters=-) | EnvSparsityCfg={'Conv': 0.2, 'Linear': 0.2, 'Bias': 0.0, 'BatchNorm': 0.0} | EnvNClusters=3
[2026-01-29 17:36:53,860] [INFO] Model initialized on device: cuda:0
[2026-01-29 17:36:53,860] [INFO] [CLIENT INIT] Mode=SH | Sparsity=ON (UsedSparsity=0.2) | Clusters=OFF (UsedClusters=-) | EnvSparsityCfg={'Conv': 0.2, 'Linear': 0.2, 'Bias': 0.0, 'BatchNorm': 0.0} | EnvNClusters=3
[2026-01-29 17:36:53,924] [INFO] Model initialized on device: cuda:0
[2026-01-29 17:36:53,925] [INFO] [CLIENT INIT] Mode=SH | Sparsity=ON (UsedSparsity=0.2) | Clusters=OFF (UsedClusters=-) | EnvSparsityCfg={'Conv': 0.2, 'Linear': 0.2, 'Bias': 0.0, 'BatchNorm': 0.0} | EnvNClusters=3
[2026-01-29 17:36:53,979] [INFO] Model initialized on device: cuda:0
[2026-01-29 17:36:53,979] [INFO] [CLIENT INIT] Mode=SH | Sparsity=ON (UsedSparsity=0.2) | Clusters=OFF (UsedClusters=-) | EnvSparsityCfg={'Conv': 0.2, 'Linear': 0.2, 'Bias': 0.0, 'BatchNorm': 0.0} | EnvNClusters=3
[2026-01-29 17:36:53,979] [INFO] Model initialized on device: cuda:0
[2026-01-29 17:36:53,980] [INFO] [CLIENT INIT] Mode=SH | Sparsity=ON (UsedSparsity=0.2) | Clusters=OFF (UsedClusters=-) | EnvSparsityCfg={'Conv': 0.2, 'Linear': 0.2, 'Bias': 0.0, 'BatchNorm': 0.0} | EnvNClusters=3
[2026-01-29 17:36:53,981] [INFO] Model initialized on device: cuda:0
[2026-01-29 17:36:53,981] [INFO] [CLIENT INIT] Mode=SH | Sparsity=ON (UsedSparsity=0.2) | Clusters=OFF (UsedClusters=-) | EnvSparsityCfg={'Conv': 0.2, 'Linear': 0.2, 'Bias': 0.0, 'BatchNorm': 0.0} | EnvNClusters=3
[2026-01-29 17:36:54,978] [INFO] Model initialized on device: cuda:0
[2026-01-29 17:36:54,978] [INFO] [CLIENT INIT] Mode=SH | Sparsity=ON (UsedSparsity=0.2) | Clusters=OFF (UsedClusters=-) | EnvSparsityCfg={'Conv': 0.2, 'Linear': 0.2, 'Bias': 0.0, 'BatchNorm': 0.0} | EnvNClusters=3
[2026-01-29 17:36:56,617] [INFO] Model initialized on device: cuda:0
[2026-01-29 17:36:56,617] [INFO] [CLIENT INIT] Mode=SH | Sparsity=ON (UsedSparsity=0.2) | Clusters=OFF (UsedClusters=-) | EnvSparsityCfg={'Conv': 0.2, 'Linear': 0.2, 'Bias': 0.0, 'BatchNorm': 0.0} | EnvNClusters=3
[2026-01-29 17:36:56,840] [INFO] Model initialized on device: cuda:0
[2026-01-29 17:36:56,840] [INFO] [CLIENT INIT] Mode=SH | Sparsity=ON (UsedSparsity=0.2) | Clusters=OFF (UsedClusters=-) | EnvSparsityCfg={'Conv': 0.2, 'Linear': 0.2, 'Bias': 0.0, 'BatchNorm': 0.0} | EnvNClusters=3
[2026-01-29 17:38:35,040] [INFO] [TRAIN] Epoch 1 Loss: 0.1894
[2026-01-29 17:39:30,414] [INFO] Model initialized on device: cuda:0
[2026-01-29 17:39:30,414] [INFO] [CLIENT INIT] Mode=SH | Sparsity=ON (UsedSparsity=0.2) | Clusters=OFF (UsedClusters=-) | EnvSparsityCfg={'Conv': 0.2, 'Linear': 0.2, 'Bias': 0.0, 'BatchNorm': 0.0} | EnvNClusters=3
[2026-01-29 17:39:31,333] [INFO] Model initialized on device: cuda:0
[2026-01-29 17:39:31,333] [INFO] [CLIENT INIT] Mode=SH | Sparsity=ON (UsedSparsity=0.2) | Clusters=OFF (UsedClusters=-) | EnvSparsityCfg={'Conv': 0.2, 'Linear': 0.2, 'Bias': 0.0, 'BatchNorm': 0.0} | EnvNClusters=3
[2026-01-29 17:39:31,941] [INFO] Model initialized on device: cuda:0
[2026-01-29 17:39:31,941] [INFO] [CLIENT INIT] Mode=SH | Sparsity=ON (UsedSparsity=0.2) | Clusters=OFF (UsedClusters=-) | EnvSparsityCfg={'Conv': 0.2, 'Linear': 0.2, 'Bias': 0.0, 'BatchNorm': 0.0} | EnvNClusters=3
[2026-01-29 17:39:31,941] [INFO] Model initialized on device: cuda:0
[2026-01-29 17:39:31,942] [INFO] [CLIENT INIT] Mode=SH | Sparsity=ON (UsedSparsity=0.2) | Clusters=OFF (UsedClusters=-) | EnvSparsityCfg={'Conv': 0.2, 'Linear': 0.2, 'Bias': 0.0, 'BatchNorm': 0.0} | EnvNClusters=3
[2026-01-29 17:39:32,010] [INFO] Model initialized on device: cuda:0
[2026-01-29 17:39:32,010] [INFO] [CLIENT INIT] Mode=SH | Sparsity=ON (UsedSparsity=0.2) | Clusters=OFF (UsedClusters=-) | EnvSparsityCfg={'Conv': 0.2, 'Linear': 0.2, 'Bias': 0.0, 'BatchNorm': 0.0} | EnvNClusters=3
[2026-01-29 17:39:32,012] [INFO] Model initialized on device: cuda:0
[2026-01-29 17:39:32,012] [INFO] Model initialized on device: cuda:0
[2026-01-29 17:39:32,012] [INFO] [CLIENT INIT] Mode=SH | Sparsity=ON (UsedSparsity=0.2) | Clusters=OFF (UsedClusters=-) | EnvSparsityCfg={'Conv': 0.2, 'Linear': 0.2, 'Bias': 0.0, 'BatchNorm': 0.0} | EnvNClusters=3
[2026-01-29 17:39:32,012] [INFO] [CLIENT INIT] Mode=SH | Sparsity=ON (UsedSparsity=0.2) | Clusters=OFF (UsedClusters=-) | EnvSparsityCfg={'Conv': 0.2, 'Linear': 0.2, 'Bias': 0.0, 'BatchNorm': 0.0} | EnvNClusters=3
[2026-01-29 17:39:32,031] [INFO] Model initialized on device: cuda:0
[2026-01-29 17:39:32,032] [INFO] [CLIENT INIT] Mode=SH | Sparsity=ON (UsedSparsity=0.2) | Clusters=OFF (UsedClusters=-) | EnvSparsityCfg={'Conv': 0.2, 'Linear': 0.2, 'Bias': 0.0, 'BatchNorm': 0.0} | EnvNClusters=3
[2026-01-29 17:39:32,036] [INFO] Model initialized on device: cuda:0
[2026-01-29 17:39:32,036] [INFO] [CLIENT INIT] Mode=SH | Sparsity=ON (UsedSparsity=0.2) | Clusters=OFF (UsedClusters=-) | EnvSparsityCfg={'Conv': 0.2, 'Linear': 0.2, 'Bias': 0.0, 'BatchNorm': 0.0} | EnvNClusters=3
[2026-01-29 17:39:32,037] [INFO] Model initialized on device: cuda:0
[2026-01-29 17:39:32,037] [INFO] [CLIENT INIT] Mode=SH | Sparsity=ON (UsedSparsity=0.2) | Clusters=OFF (UsedClusters=-) | EnvSparsityCfg={'Conv': 0.2, 'Linear': 0.2, 'Bias': 0.0, 'BatchNorm': 0.0} | EnvNClusters=3
[2026-01-29 17:41:21,813] [INFO] [TRAIN] Epoch 2 Loss: 0.1660
[2026-01-29 17:41:56,851] [INFO] Model initialized on device: cuda:0
[2026-01-29 17:41:56,851] [INFO] [CLIENT INIT] Mode=SH | Sparsity=ON (UsedSparsity=0.2) | Clusters=OFF (UsedClusters=-) | EnvSparsityCfg={'Conv': 0.2, 'Linear': 0.2, 'Bias': 0.0, 'BatchNorm': 0.0} | EnvNClusters=3
[2026-01-29 17:41:58,341] [INFO] Model initialized on device: cuda:0
[2026-01-29 17:41:58,341] [INFO] [CLIENT INIT] Mode=SH | Sparsity=ON (UsedSparsity=0.2) | Clusters=OFF (UsedClusters=-) | EnvSparsityCfg={'Conv': 0.2, 'Linear': 0.2, 'Bias': 0.0, 'BatchNorm': 0.0} | EnvNClusters=3
[2026-01-29 17:42:04,247] [INFO] Model initialized on device: cuda:0
[2026-01-29 17:42:04,247] [INFO] [CLIENT INIT] Mode=SH | Sparsity=ON (UsedSparsity=0.2) | Clusters=OFF (UsedClusters=-) | EnvSparsityCfg={'Conv': 0.2, 'Linear': 0.2, 'Bias': 0.0, 'BatchNorm': 0.0} | EnvNClusters=3
[2026-01-29 17:42:07,752] [INFO] Model initialized on device: cuda:0
[2026-01-29 17:42:07,753] [INFO] [CLIENT INIT] Mode=SH | Sparsity=ON (UsedSparsity=0.2) | Clusters=OFF (UsedClusters=-) | EnvSparsityCfg={'Conv': 0.2, 'Linear': 0.2, 'Bias': 0.0, 'BatchNorm': 0.0} | EnvNClusters=3
[2026-01-29 17:42:11,511] [INFO] Model initialized on device: cuda:0
[2026-01-29 17:42:11,511] [INFO] [CLIENT INIT] Mode=SH | Sparsity=ON (UsedSparsity=0.2) | Clusters=OFF (UsedClusters=-) | EnvSparsityCfg={'Conv': 0.2, 'Linear': 0.2, 'Bias': 0.0, 'BatchNorm': 0.0} | EnvNClusters=3
[2026-01-29 17:42:11,714] [INFO] Model initialized on device: cuda:0
[2026-01-29 17:42:11,714] [INFO] [CLIENT INIT] Mode=SH | Sparsity=ON (UsedSparsity=0.2) | Clusters=OFF (UsedClusters=-) | EnvSparsityCfg={'Conv': 0.2, 'Linear': 0.2, 'Bias': 0.0, 'BatchNorm': 0.0} | EnvNClusters=3
[2026-01-29 17:42:16,115] [INFO] Model initialized on device: cuda:0
[2026-01-29 17:42:16,115] [INFO] [CLIENT INIT] Mode=SH | Sparsity=ON (UsedSparsity=0.2) | Clusters=OFF (UsedClusters=-) | EnvSparsityCfg={'Conv': 0.2, 'Linear': 0.2, 'Bias': 0.0, 'BatchNorm': 0.0} | EnvNClusters=3
[2026-01-29 17:42:16,318] [INFO] Model initialized on device: cuda:0
[2026-01-29 17:42:16,318] [INFO] [CLIENT INIT] Mode=SH | Sparsity=ON (UsedSparsity=0.2) | Clusters=OFF (UsedClusters=-) | EnvSparsityCfg={'Conv': 0.2, 'Linear': 0.2, 'Bias': 0.0, 'BatchNorm': 0.0} | EnvNClusters=3
[2026-01-29 17:42:16,612] [INFO] Model initialized on device: cuda:0
[2026-01-29 17:42:16,613] [INFO] [CLIENT INIT] Mode=SH | Sparsity=ON (UsedSparsity=0.2) | Clusters=OFF (UsedClusters=-) | EnvSparsityCfg={'Conv': 0.2, 'Linear': 0.2, 'Bias': 0.0, 'BatchNorm': 0.0} | EnvNClusters=3
[2026-01-29 17:42:16,744] [INFO] Model initialized on device: cuda:0
[2026-01-29 17:42:16,745] [INFO] [CLIENT INIT] Mode=SH | Sparsity=ON (UsedSparsity=0.2) | Clusters=OFF (UsedClusters=-) | EnvSparsityCfg={'Conv': 0.2, 'Linear': 0.2, 'Bias': 0.0, 'BatchNorm': 0.0} | EnvNClusters=3
[2026-01-29 17:43:58,254] [INFO] [TRAIN] Epoch 3 Loss: 0.1623
[2026-01-29 17:44:33,527] [INFO] Model initialized on device: cuda:0
[2026-01-29 17:44:33,527] [INFO] [CLIENT INIT] Mode=SH | Sparsity=ON (UsedSparsity=0.2) | Clusters=OFF (UsedClusters=-) | EnvSparsityCfg={'Conv': 0.2, 'Linear': 0.2, 'Bias': 0.0, 'BatchNorm': 0.0} | EnvNClusters=3
[2026-01-29 17:44:33,933] [INFO] Model initialized on device: cuda:0
[2026-01-29 17:44:33,934] [INFO] [CLIENT INIT] Mode=SH | Sparsity=ON (UsedSparsity=0.2) | Clusters=OFF (UsedClusters=-) | EnvSparsityCfg={'Conv': 0.2, 'Linear': 0.2, 'Bias': 0.0, 'BatchNorm': 0.0} | EnvNClusters=3
[2026-01-29 17:44:37,839] [INFO] Model initialized on device: cuda:0
[2026-01-29 17:44:37,840] [INFO] [CLIENT INIT] Mode=SH | Sparsity=ON (UsedSparsity=0.2) | Clusters=OFF (UsedClusters=-) | EnvSparsityCfg={'Conv': 0.2, 'Linear': 0.2, 'Bias': 0.0, 'BatchNorm': 0.0} | EnvNClusters=3
[2026-01-29 17:44:37,933] [INFO] Model initialized on device: cuda:0
[2026-01-29 17:44:37,933] [INFO] [CLIENT INIT] Mode=SH | Sparsity=ON (UsedSparsity=0.2) | Clusters=OFF (UsedClusters=-) | EnvSparsityCfg={'Conv': 0.2, 'Linear': 0.2, 'Bias': 0.0, 'BatchNorm': 0.0} | EnvNClusters=3
[2026-01-29 17:44:42,122] [INFO] Model initialized on device: cuda:0
[2026-01-29 17:44:42,123] [INFO] [CLIENT INIT] Mode=SH | Sparsity=ON (UsedSparsity=0.2) | Clusters=OFF (UsedClusters=-) | EnvSparsityCfg={'Conv': 0.2, 'Linear': 0.2, 'Bias': 0.0, 'BatchNorm': 0.0} | EnvNClusters=3
[2026-01-29 17:44:43,741] [INFO] Model initialized on device: cuda:0
[2026-01-29 17:44:43,741] [INFO] [CLIENT INIT] Mode=SH | Sparsity=ON (UsedSparsity=0.2) | Clusters=OFF (UsedClusters=-) | EnvSparsityCfg={'Conv': 0.2, 'Linear': 0.2, 'Bias': 0.0, 'BatchNorm': 0.0} | EnvNClusters=3
[2026-01-29 17:44:43,828] [INFO] Model initialized on device: cuda:0
[2026-01-29 17:44:43,828] [INFO] [CLIENT INIT] Mode=SH | Sparsity=ON (UsedSparsity=0.2) | Clusters=OFF (UsedClusters=-) | EnvSparsityCfg={'Conv': 0.2, 'Linear': 0.2, 'Bias': 0.0, 'BatchNorm': 0.0} | EnvNClusters=3
[2026-01-29 17:44:43,911] [INFO] Model initialized on device: cuda:0
[2026-01-29 17:44:43,911] [INFO] [CLIENT INIT] Mode=SH | Sparsity=ON (UsedSparsity=0.2) | Clusters=OFF (UsedClusters=-) | EnvSparsityCfg={'Conv': 0.2, 'Linear': 0.2, 'Bias': 0.0, 'BatchNorm': 0.0} | EnvNClusters=3
[2026-01-29 17:44:43,917] [INFO] Model initialized on device: cuda:0
[2026-01-29 17:44:43,917] [INFO] [CLIENT INIT] Mode=SH | Sparsity=ON (UsedSparsity=0.2) | Clusters=OFF (UsedClusters=-) | EnvSparsityCfg={'Conv': 0.2, 'Linear': 0.2, 'Bias': 0.0, 'BatchNorm': 0.0} | EnvNClusters=3
[2026-01-29 17:44:43,919] [INFO] Model initialized on device: cuda:0
[2026-01-29 17:44:43,919] [INFO] [CLIENT INIT] Mode=SH | Sparsity=ON (UsedSparsity=0.2) | Clusters=OFF (UsedClusters=-) | EnvSparsityCfg={'Conv': 0.2, 'Linear': 0.2, 'Bias': 0.0, 'BatchNorm': 0.0} | EnvNClusters=3
[2026-01-29 17:46:28,013] [INFO] [TRAIN] Epoch 4 Loss: 0.1531
[2026-01-29 17:47:03,227] [INFO] Model initialized on device: cuda:0
[2026-01-29 17:47:03,227] [INFO] [CLIENT INIT] Mode=SH | Sparsity=ON (UsedSparsity=0.2) | Clusters=OFF (UsedClusters=-) | EnvSparsityCfg={'Conv': 0.2, 'Linear': 0.2, 'Bias': 0.0, 'BatchNorm': 0.0} | EnvNClusters=3
[2026-01-29 17:47:04,815] [INFO] Model initialized on device: cuda:0
[2026-01-29 17:47:04,815] [INFO] [CLIENT INIT] Mode=SH | Sparsity=ON (UsedSparsity=0.2) | Clusters=OFF (UsedClusters=-) | EnvSparsityCfg={'Conv': 0.2, 'Linear': 0.2, 'Bias': 0.0, 'BatchNorm': 0.0} | EnvNClusters=3
[2026-01-29 17:47:07,416] [INFO] Model initialized on device: cuda:0
[2026-01-29 17:47:07,416] [INFO] [CLIENT INIT] Mode=SH | Sparsity=ON (UsedSparsity=0.2) | Clusters=OFF (UsedClusters=-) | EnvSparsityCfg={'Conv': 0.2, 'Linear': 0.2, 'Bias': 0.0, 'BatchNorm': 0.0} | EnvNClusters=3
[2026-01-29 17:47:12,816] [INFO] Model initialized on device: cuda:0
[2026-01-29 17:47:12,816] [INFO] [CLIENT INIT] Mode=SH | Sparsity=ON (UsedSparsity=0.2) | Clusters=OFF (UsedClusters=-) | EnvSparsityCfg={'Conv': 0.2, 'Linear': 0.2, 'Bias': 0.0, 'BatchNorm': 0.0} | EnvNClusters=3
[2026-01-29 17:47:13,319] [INFO] Model initialized on device: cuda:0
[2026-01-29 17:47:13,319] [INFO] [CLIENT INIT] Mode=SH | Sparsity=ON (UsedSparsity=0.2) | Clusters=OFF (UsedClusters=-) | EnvSparsityCfg={'Conv': 0.2, 'Linear': 0.2, 'Bias': 0.0, 'BatchNorm': 0.0} | EnvNClusters=3
[2026-01-29 17:47:13,826] [INFO] Model initialized on device: cuda:0
[2026-01-29 17:47:13,826] [INFO] [CLIENT INIT] Mode=SH | Sparsity=ON (UsedSparsity=0.2) | Clusters=OFF (UsedClusters=-) | EnvSparsityCfg={'Conv': 0.2, 'Linear': 0.2, 'Bias': 0.0, 'BatchNorm': 0.0} | EnvNClusters=3
[2026-01-29 17:47:15,645] [INFO] Model initialized on device: cuda:0
[2026-01-29 17:47:15,645] [INFO] [CLIENT INIT] Mode=SH | Sparsity=ON (UsedSparsity=0.2) | Clusters=OFF (UsedClusters=-) | EnvSparsityCfg={'Conv': 0.2, 'Linear': 0.2, 'Bias': 0.0, 'BatchNorm': 0.0} | EnvNClusters=3
[2026-01-29 17:47:18,628] [INFO] Model initialized on device: cuda:0
[2026-01-29 17:47:18,629] [INFO] [CLIENT INIT] Mode=SH | Sparsity=ON (UsedSparsity=0.2) | Clusters=OFF (UsedClusters=-) | EnvSparsityCfg={'Conv': 0.2, 'Linear': 0.2, 'Bias': 0.0, 'BatchNorm': 0.0} | EnvNClusters=3
[2026-01-29 17:47:19,620] [INFO] Model initialized on device: cuda:0
[2026-01-29 17:47:19,620] [INFO] [CLIENT INIT] Mode=SH | Sparsity=ON (UsedSparsity=0.2) | Clusters=OFF (UsedClusters=-) | EnvSparsityCfg={'Conv': 0.2, 'Linear': 0.2, 'Bias': 0.0, 'BatchNorm': 0.0} | EnvNClusters=3
[2026-01-29 17:47:20,618] [INFO] Model initialized on device: cuda:0
[2026-01-29 17:47:20,618] [INFO] [CLIENT INIT] Mode=SH | Sparsity=ON (UsedSparsity=0.2) | Clusters=OFF (UsedClusters=-) | EnvSparsityCfg={'Conv': 0.2, 'Linear': 0.2, 'Bias': 0.0, 'BatchNorm': 0.0} | EnvNClusters=3
[2026-01-29 17:48:53,350] [INFO] [TRAIN] Epoch 5 Loss: 0.1486
[2026-01-29 17:48:53,351] [INFO] [FIT] Local training finished. Avg Loss: 0.1639
[2026-01-29 17:49:23,741] [INFO] Model initialized on device: cuda:0
[2026-01-29 17:49:23,742] [INFO] [CLIENT INIT] Mode=SH | Sparsity=ON (UsedSparsity=0.2) | Clusters=OFF (UsedClusters=-) | EnvSparsityCfg={'Conv': 0.2, 'Linear': 0.2, 'Bias': 0.0, 'BatchNorm': 0.0} | EnvNClusters=3
[2026-01-29 17:49:25,435] [INFO] Model initialized on device: cuda:0
[2026-01-29 17:49:25,435] [INFO] [CLIENT INIT] Mode=SH | Sparsity=ON (UsedSparsity=0.2) | Clusters=OFF (UsedClusters=-) | EnvSparsityCfg={'Conv': 0.2, 'Linear': 0.2, 'Bias': 0.0, 'BatchNorm': 0.0} | EnvNClusters=3
[2026-01-29 17:49:30,236] [INFO] Model initialized on device: cuda:0
[2026-01-29 17:49:30,237] [INFO] [CLIENT INIT] Mode=SH | Sparsity=ON (UsedSparsity=0.2) | Clusters=OFF (UsedClusters=-) | EnvSparsityCfg={'Conv': 0.2, 'Linear': 0.2, 'Bias': 0.0, 'BatchNorm': 0.0} | EnvNClusters=3
[2026-01-29 17:49:30,308] [INFO] Model initialized on device: cuda:0
[2026-01-29 17:49:30,308] [INFO] [CLIENT INIT] Mode=SH | Sparsity=ON (UsedSparsity=0.2) | Clusters=OFF (UsedClusters=-) | EnvSparsityCfg={'Conv': 0.2, 'Linear': 0.2, 'Bias': 0.0, 'BatchNorm': 0.0} | EnvNClusters=3
[2026-01-29 17:49:30,313] [INFO] Model initialized on device: cuda:0
[2026-01-29 17:49:30,313] [INFO] [CLIENT INIT] Mode=SH | Sparsity=ON (UsedSparsity=0.2) | Clusters=OFF (UsedClusters=-) | EnvSparsityCfg={'Conv': 0.2, 'Linear': 0.2, 'Bias': 0.0, 'BatchNorm': 0.0} | EnvNClusters=3
[2026-01-29 17:49:30,613] [DEBUG] [TEST] Batch 1 | Pred shape: torch.Size([256, 256, 160]) | Label shape: torch.Size([256, 256, 160])
[2026-01-29 17:49:30,638] [INFO] Model initialized on device: cuda:0
[2026-01-29 17:49:30,639] [INFO] [CLIENT INIT] Mode=SH | Sparsity=ON (UsedSparsity=0.2) | Clusters=OFF (UsedClusters=-) | EnvSparsityCfg={'Conv': 0.2, 'Linear': 0.2, 'Bias': 0.0, 'BatchNorm': 0.0} | EnvNClusters=3
[2026-01-29 17:49:30,723] [INFO] Model initialized on device: cuda:0
[2026-01-29 17:49:30,723] [INFO] [CLIENT INIT] Mode=SH | Sparsity=ON (UsedSparsity=0.2) | Clusters=OFF (UsedClusters=-) | EnvSparsityCfg={'Conv': 0.2, 'Linear': 0.2, 'Bias': 0.0, 'BatchNorm': 0.0} | EnvNClusters=3
[2026-01-29 17:49:30,746] [INFO] Model initialized on device: cuda:0
[2026-01-29 17:49:30,746] [INFO] [CLIENT INIT] Mode=SH | Sparsity=ON (UsedSparsity=0.2) | Clusters=OFF (UsedClusters=-) | EnvSparsityCfg={'Conv': 0.2, 'Linear': 0.2, 'Bias': 0.0, 'BatchNorm': 0.0} | EnvNClusters=3
[2026-01-29 17:49:30,747] [INFO] Model initialized on device: cuda:0
[2026-01-29 17:49:30,747] [INFO] [CLIENT INIT] Mode=SH | Sparsity=ON (UsedSparsity=0.2) | Clusters=OFF (UsedClusters=-) | EnvSparsityCfg={'Conv': 0.2, 'Linear': 0.2, 'Bias': 0.0, 'BatchNorm': 0.0} | EnvNClusters=3
[2026-01-29 17:49:30,748] [INFO] Model initialized on device: cuda:0
[2026-01-29 17:49:30,748] [INFO] [CLIENT INIT] Mode=SH | Sparsity=ON (UsedSparsity=0.2) | Clusters=OFF (UsedClusters=-) | EnvSparsityCfg={'Conv': 0.2, 'Linear': 0.2, 'Bias': 0.0, 'BatchNorm': 0.0} | EnvNClusters=3
[2026-01-29 17:49:36,113] [DEBUG] [TEST] Batch 2 | Pred shape: torch.Size([256, 256, 160]) | Label shape: torch.Size([256, 256, 160])
[2026-01-29 17:49:36,950] [DEBUG] [TEST] Batch 3 | Pred shape: torch.Size([256, 256, 160]) | Label shape: torch.Size([256, 256, 160])
[2026-01-29 17:49:37,359] [DEBUG] [TEST] Batch 4 | Pred shape: torch.Size([256, 256, 160]) | Label shape: torch.Size([256, 256, 160])
[2026-01-29 17:49:37,455] [DEBUG] [TEST] Batch 5 | Pred shape: torch.Size([256, 256, 160]) | Label shape: torch.Size([256, 256, 160])
[2026-01-29 17:49:37,614] [DEBUG] [TEST] Batch 6 | Pred shape: torch.Size([256, 256, 160]) | Label shape: torch.Size([256, 256, 160])
[2026-01-29 17:49:37,715] [DEBUG] [TEST] Batch 7 | Pred shape: torch.Size([256, 256, 160]) | Label shape: torch.Size([256, 256, 160])
[2026-01-29 17:49:37,816] [DEBUG] [TEST] Batch 8 | Pred shape: torch.Size([256, 256, 160]) | Label shape: torch.Size([256, 256, 160])
[2026-01-29 17:49:37,915] [DEBUG] [TEST] Batch 9 | Pred shape: torch.Size([256, 256, 160]) | Label shape: torch.Size([256, 256, 160])
[2026-01-29 17:49:38,015] [DEBUG] [TEST] Batch 10 | Pred shape: torch.Size([256, 256, 160]) | Label shape: torch.Size([256, 256, 160])
[2026-01-29 17:49:38,116] [DEBUG] [TEST] Batch 11 | Pred shape: torch.Size([256, 256, 160]) | Label shape: torch.Size([256, 256, 160])
[2026-01-29 17:49:40,208] [DEBUG] [TEST] Batch 12 | Pred shape: torch.Size([256, 256, 160]) | Label shape: torch.Size([256, 256, 160])
[2026-01-29 17:49:41,207] [DEBUG] [TEST] Batch 13 | Pred shape: torch.Size([256, 256, 160]) | Label shape: torch.Size([256, 256, 160])
[2026-01-29 17:49:41,934] [DEBUG] [TEST] Batch 14 | Pred shape: torch.Size([256, 256, 160]) | Label shape: torch.Size([256, 256, 160])
[2026-01-29 17:49:42,117] [DEBUG] [TEST] Batch 15 | Pred shape: torch.Size([256, 256, 160]) | Label shape: torch.Size([256, 256, 160])
[2026-01-29 17:49:42,208] [DEBUG] [TEST] Batch 16 | Pred shape: torch.Size([256, 256, 160]) | Label shape: torch.Size([256, 256, 160])
[2026-01-29 17:49:48,467] [INFO] [FIT] Final model saved to: Revision2/Run_UNET_NonIID_SH20_20260129/Client3/model_final.pth
[2026-01-29 17:50:09,536] [INFO] [COMM][CLIENT] Round=-1 Mode=SH UsedSparsity=0.2 UsedClusters=- BaselineBits=154016352.0 CompressedBits=164835881.0 CR=0.934
[2026-01-29 17:58:26,393] [INFO] [EVALUATE] Starting evaluation...
[2026-01-29 17:58:27,620] [INFO] [DEBUG] Loaded compressed decoded weights.
[2026-01-29 17:59:20,522] [INFO] Model initialized on device: cuda:0
[2026-01-29 17:59:20,522] [INFO] [CLIENT INIT] Mode=SH | Sparsity=ON (UsedSparsity=0.2) | Clusters=OFF (UsedClusters=-) | EnvSparsityCfg={'Conv': 0.2, 'Linear': 0.2, 'Bias': 0.0, 'BatchNorm': 0.0} | EnvNClusters=3
[2026-01-29 17:59:20,735] [INFO] Model initialized on device: cuda:0
[2026-01-29 17:59:20,736] [INFO] [CLIENT INIT] Mode=SH | Sparsity=ON (UsedSparsity=0.2) | Clusters=OFF (UsedClusters=-) | EnvSparsityCfg={'Conv': 0.2, 'Linear': 0.2, 'Bias': 0.0, 'BatchNorm': 0.0} | EnvNClusters=3
[2026-01-29 17:59:21,120] [INFO] Model initialized on device: cuda:0
[2026-01-29 17:59:21,120] [INFO] [CLIENT INIT] Mode=SH | Sparsity=ON (UsedSparsity=0.2) | Clusters=OFF (UsedClusters=-) | EnvSparsityCfg={'Conv': 0.2, 'Linear': 0.2, 'Bias': 0.0, 'BatchNorm': 0.0} | EnvNClusters=3
[2026-01-29 17:59:23,051] [INFO] Model initialized on device: cuda:0
[2026-01-29 17:59:23,051] [INFO] [CLIENT INIT] Mode=SH | Sparsity=ON (UsedSparsity=0.2) | Clusters=OFF (UsedClusters=-) | EnvSparsityCfg={'Conv': 0.2, 'Linear': 0.2, 'Bias': 0.0, 'BatchNorm': 0.0} | EnvNClusters=3
[2026-01-29 17:59:23,438] [INFO] Model initialized on device: cuda:0
[2026-01-29 17:59:23,438] [INFO] [CLIENT INIT] Mode=SH | Sparsity=ON (UsedSparsity=0.2) | Clusters=OFF (UsedClusters=-) | EnvSparsityCfg={'Conv': 0.2, 'Linear': 0.2, 'Bias': 0.0, 'BatchNorm': 0.0} | EnvNClusters=3
[2026-01-29 17:59:25,057] [DEBUG] [TEST] Batch 1 | Pred shape: torch.Size([256, 256, 160]) | Label shape: torch.Size([256, 256, 160])
[2026-01-29 17:59:26,563] [INFO] Model initialized on device: cuda:0
[2026-01-29 17:59:26,563] [INFO] [CLIENT INIT] Mode=SH | Sparsity=ON (UsedSparsity=0.2) | Clusters=OFF (UsedClusters=-) | EnvSparsityCfg={'Conv': 0.2, 'Linear': 0.2, 'Bias': 0.0, 'BatchNorm': 0.0} | EnvNClusters=3
[2026-01-29 17:59:31,610] [INFO] Model initialized on device: cuda:0
[2026-01-29 17:59:31,610] [INFO] [CLIENT INIT] Mode=SH | Sparsity=ON (UsedSparsity=0.2) | Clusters=OFF (UsedClusters=-) | EnvSparsityCfg={'Conv': 0.2, 'Linear': 0.2, 'Bias': 0.0, 'BatchNorm': 0.0} | EnvNClusters=3
[2026-01-29 17:59:31,905] [INFO] Model initialized on device: cuda:0
[2026-01-29 17:59:31,905] [INFO] [CLIENT INIT] Mode=SH | Sparsity=ON (UsedSparsity=0.2) | Clusters=OFF (UsedClusters=-) | EnvSparsityCfg={'Conv': 0.2, 'Linear': 0.2, 'Bias': 0.0, 'BatchNorm': 0.0} | EnvNClusters=3
[2026-01-29 17:59:32,184] [INFO] Model initialized on device: cuda:0
[2026-01-29 17:59:32,184] [INFO] [CLIENT INIT] Mode=SH | Sparsity=ON (UsedSparsity=0.2) | Clusters=OFF (UsedClusters=-) | EnvSparsityCfg={'Conv': 0.2, 'Linear': 0.2, 'Bias': 0.0, 'BatchNorm': 0.0} | EnvNClusters=3
[2026-01-29 17:59:34,720] [INFO] Model initialized on device: cuda:0
[2026-01-29 17:59:34,721] [INFO] [CLIENT INIT] Mode=SH | Sparsity=ON (UsedSparsity=0.2) | Clusters=OFF (UsedClusters=-) | EnvSparsityCfg={'Conv': 0.2, 'Linear': 0.2, 'Bias': 0.0, 'BatchNorm': 0.0} | EnvNClusters=3
[2026-01-29 17:59:39,208] [DEBUG] [TEST] Batch 2 | Pred shape: torch.Size([256, 256, 160]) | Label shape: torch.Size([256, 256, 160])
[2026-01-29 17:59:39,315] [DEBUG] [TEST] Batch 3 | Pred shape: torch.Size([256, 256, 160]) | Label shape: torch.Size([256, 256, 160])
[2026-01-29 17:59:39,374] [DEBUG] [TEST] Batch 4 | Pred shape: torch.Size([256, 256, 160]) | Label shape: torch.Size([256, 256, 160])
[2026-01-29 17:59:39,430] [DEBUG] [TEST] Batch 5 | Pred shape: torch.Size([256, 256, 160]) | Label shape: torch.Size([256, 256, 160])
[2026-01-29 17:59:39,513] [DEBUG] [TEST] Batch 6 | Pred shape: torch.Size([256, 256, 160]) | Label shape: torch.Size([256, 256, 160])
[2026-01-29 17:59:39,570] [DEBUG] [TEST] Batch 7 | Pred shape: torch.Size([256, 256, 160]) | Label shape: torch.Size([256, 256, 160])
[2026-01-29 17:59:39,626] [DEBUG] [TEST] Batch 8 | Pred shape: torch.Size([256, 256, 160]) | Label shape: torch.Size([256, 256, 160])
[2026-01-29 17:59:39,707] [DEBUG] [TEST] Batch 9 | Pred shape: torch.Size([256, 256, 160]) | Label shape: torch.Size([256, 256, 160])
[2026-01-29 17:59:39,827] [DEBUG] [TEST] Batch 10 | Pred shape: torch.Size([256, 256, 160]) | Label shape: torch.Size([256, 256, 160])
[2026-01-29 17:59:39,948] [DEBUG] [TEST] Batch 11 | Pred shape: torch.Size([256, 256, 160]) | Label shape: torch.Size([256, 256, 160])
[2026-01-29 17:59:42,217] [DEBUG] [TEST] Batch 12 | Pred shape: torch.Size([256, 256, 160]) | Label shape: torch.Size([256, 256, 160])
[2026-01-29 17:59:42,328] [DEBUG] [TEST] Batch 13 | Pred shape: torch.Size([256, 256, 160]) | Label shape: torch.Size([256, 256, 160])
[2026-01-29 17:59:42,384] [DEBUG] [TEST] Batch 14 | Pred shape: torch.Size([256, 256, 160]) | Label shape: torch.Size([256, 256, 160])
[2026-01-29 17:59:42,447] [DEBUG] [TEST] Batch 15 | Pred shape: torch.Size([256, 256, 160]) | Label shape: torch.Size([256, 256, 160])
[2026-01-29 17:59:42,513] [DEBUG] [TEST] Batch 16 | Pred shape: torch.Size([256, 256, 160]) | Label shape: torch.Size([256, 256, 160])
[2026-01-29 17:59:48,185] [INFO] [EVALUATE] Dice WT: 0.7684
[2026-01-29 17:59:59,506] [INFO] [FIT] Received parameters. Starting local training...
[2026-01-29 18:00:00,709] [INFO] [DEBUG] Loaded compressed decoded weights.
[2026-01-29 18:00:55,132] [INFO] Model initialized on device: cuda:0
[2026-01-29 18:00:55,132] [INFO] [CLIENT INIT] Mode=SH | Sparsity=ON (UsedSparsity=0.2) | Clusters=OFF (UsedClusters=-) | EnvSparsityCfg={'Conv': 0.2, 'Linear': 0.2, 'Bias': 0.0, 'BatchNorm': 0.0} | EnvNClusters=3
[2026-01-29 18:00:55,142] [INFO] Model initialized on device: cuda:0
[2026-01-29 18:00:55,143] [INFO] [CLIENT INIT] Mode=SH | Sparsity=ON (UsedSparsity=0.2) | Clusters=OFF (UsedClusters=-) | EnvSparsityCfg={'Conv': 0.2, 'Linear': 0.2, 'Bias': 0.0, 'BatchNorm': 0.0} | EnvNClusters=3
[2026-01-29 18:00:55,338] [INFO] Model initialized on device: cuda:0
[2026-01-29 18:00:55,338] [INFO] [CLIENT INIT] Mode=SH | Sparsity=ON (UsedSparsity=0.2) | Clusters=OFF (UsedClusters=-) | EnvSparsityCfg={'Conv': 0.2, 'Linear': 0.2, 'Bias': 0.0, 'BatchNorm': 0.0} | EnvNClusters=3
[2026-01-29 18:00:55,351] [INFO] Model initialized on device: cuda:0
[2026-01-29 18:00:55,352] [INFO] [CLIENT INIT] Mode=SH | Sparsity=ON (UsedSparsity=0.2) | Clusters=OFF (UsedClusters=-) | EnvSparsityCfg={'Conv': 0.2, 'Linear': 0.2, 'Bias': 0.0, 'BatchNorm': 0.0} | EnvNClusters=3
[2026-01-29 18:00:55,421] [INFO] Model initialized on device: cuda:0
[2026-01-29 18:00:55,421] [INFO] [CLIENT INIT] Mode=SH | Sparsity=ON (UsedSparsity=0.2) | Clusters=OFF (UsedClusters=-) | EnvSparsityCfg={'Conv': 0.2, 'Linear': 0.2, 'Bias': 0.0, 'BatchNorm': 0.0} | EnvNClusters=3
[2026-01-29 18:00:55,448] [INFO] Model initialized on device: cuda:0
[2026-01-29 18:00:55,448] [INFO] [CLIENT INIT] Mode=SH | Sparsity=ON (UsedSparsity=0.2) | Clusters=OFF (UsedClusters=-) | EnvSparsityCfg={'Conv': 0.2, 'Linear': 0.2, 'Bias': 0.0, 'BatchNorm': 0.0} | EnvNClusters=3
[2026-01-29 18:00:55,518] [INFO] Model initialized on device: cuda:0
[2026-01-29 18:00:55,518] [INFO] [CLIENT INIT] Mode=SH | Sparsity=ON (UsedSparsity=0.2) | Clusters=OFF (UsedClusters=-) | EnvSparsityCfg={'Conv': 0.2, 'Linear': 0.2, 'Bias': 0.0, 'BatchNorm': 0.0} | EnvNClusters=3
[2026-01-29 18:00:55,521] [INFO] Model initialized on device: cuda:0
[2026-01-29 18:00:55,522] [INFO] [CLIENT INIT] Mode=SH | Sparsity=ON (UsedSparsity=0.2) | Clusters=OFF (UsedClusters=-) | EnvSparsityCfg={'Conv': 0.2, 'Linear': 0.2, 'Bias': 0.0, 'BatchNorm': 0.0} | EnvNClusters=3
[2026-01-29 18:00:55,609] [INFO] Model initialized on device: cuda:0
[2026-01-29 18:00:55,610] [INFO] [CLIENT INIT] Mode=SH | Sparsity=ON (UsedSparsity=0.2) | Clusters=OFF (UsedClusters=-) | EnvSparsityCfg={'Conv': 0.2, 'Linear': 0.2, 'Bias': 0.0, 'BatchNorm': 0.0} | EnvNClusters=3
[2026-01-29 18:00:55,819] [INFO] Model initialized on device: cuda:0
[2026-01-29 18:00:55,820] [INFO] [CLIENT INIT] Mode=SH | Sparsity=ON (UsedSparsity=0.2) | Clusters=OFF (UsedClusters=-) | EnvSparsityCfg={'Conv': 0.2, 'Linear': 0.2, 'Bias': 0.0, 'BatchNorm': 0.0} | EnvNClusters=3
[2026-01-29 18:02:24,315] [INFO] [TRAIN] Epoch 1 Loss: 0.1872
[2026-01-29 18:03:12,622] [INFO] Model initialized on device: cuda:0
[2026-01-29 18:03:12,622] [INFO] [CLIENT INIT] Mode=SH | Sparsity=ON (UsedSparsity=0.2) | Clusters=OFF (UsedClusters=-) | EnvSparsityCfg={'Conv': 0.2, 'Linear': 0.2, 'Bias': 0.0, 'BatchNorm': 0.0} | EnvNClusters=3
[2026-01-29 18:03:12,837] [INFO] Model initialized on device: cuda:0
[2026-01-29 18:03:12,837] [INFO] [CLIENT INIT] Mode=SH | Sparsity=ON (UsedSparsity=0.2) | Clusters=OFF (UsedClusters=-) | EnvSparsityCfg={'Conv': 0.2, 'Linear': 0.2, 'Bias': 0.0, 'BatchNorm': 0.0} | EnvNClusters=3
[2026-01-29 18:03:13,413] [INFO] Model initialized on device: cuda:0
[2026-01-29 18:03:13,413] [INFO] [CLIENT INIT] Mode=SH | Sparsity=ON (UsedSparsity=0.2) | Clusters=OFF (UsedClusters=-) | EnvSparsityCfg={'Conv': 0.2, 'Linear': 0.2, 'Bias': 0.0, 'BatchNorm': 0.0} | EnvNClusters=3
[2026-01-29 18:03:13,533] [INFO] Model initialized on device: cuda:0
[2026-01-29 18:03:13,533] [INFO] [CLIENT INIT] Mode=SH | Sparsity=ON (UsedSparsity=0.2) | Clusters=OFF (UsedClusters=-) | EnvSparsityCfg={'Conv': 0.2, 'Linear': 0.2, 'Bias': 0.0, 'BatchNorm': 0.0} | EnvNClusters=3
[2026-01-29 18:03:13,711] [INFO] Model initialized on device: cuda:0
[2026-01-29 18:03:13,711] [INFO] [CLIENT INIT] Mode=SH | Sparsity=ON (UsedSparsity=0.2) | Clusters=OFF (UsedClusters=-) | EnvSparsityCfg={'Conv': 0.2, 'Linear': 0.2, 'Bias': 0.0, 'BatchNorm': 0.0} | EnvNClusters=3
[2026-01-29 18:03:13,713] [INFO] Model initialized on device: cuda:0
[2026-01-29 18:03:13,713] [INFO] [CLIENT INIT] Mode=SH | Sparsity=ON (UsedSparsity=0.2) | Clusters=OFF (UsedClusters=-) | EnvSparsityCfg={'Conv': 0.2, 'Linear': 0.2, 'Bias': 0.0, 'BatchNorm': 0.0} | EnvNClusters=3
[2026-01-29 18:03:13,718] [INFO] Model initialized on device: cuda:0
[2026-01-29 18:03:13,719] [INFO] [CLIENT INIT] Mode=SH | Sparsity=ON (UsedSparsity=0.2) | Clusters=OFF (UsedClusters=-) | EnvSparsityCfg={'Conv': 0.2, 'Linear': 0.2, 'Bias': 0.0, 'BatchNorm': 0.0} | EnvNClusters=3
[2026-01-29 18:03:13,722] [INFO] Model initialized on device: cuda:0
[2026-01-29 18:03:13,722] [INFO] [CLIENT INIT] Mode=SH | Sparsity=ON (UsedSparsity=0.2) | Clusters=OFF (UsedClusters=-) | EnvSparsityCfg={'Conv': 0.2, 'Linear': 0.2, 'Bias': 0.0, 'BatchNorm': 0.0} | EnvNClusters=3
[2026-01-29 18:03:13,814] [INFO] Model initialized on device: cuda:0
[2026-01-29 18:03:13,814] [INFO] [CLIENT INIT] Mode=SH | Sparsity=ON (UsedSparsity=0.2) | Clusters=OFF (UsedClusters=-) | EnvSparsityCfg={'Conv': 0.2, 'Linear': 0.2, 'Bias': 0.0, 'BatchNorm': 0.0} | EnvNClusters=3
[2026-01-29 18:03:13,815] [INFO] Model initialized on device: cuda:0
[2026-01-29 18:03:13,815] [INFO] [CLIENT INIT] Mode=SH | Sparsity=ON (UsedSparsity=0.2) | Clusters=OFF (UsedClusters=-) | EnvSparsityCfg={'Conv': 0.2, 'Linear': 0.2, 'Bias': 0.0, 'BatchNorm': 0.0} | EnvNClusters=3
[2026-01-29 18:05:03,655] [INFO] [TRAIN] Epoch 2 Loss: 0.1622
[2026-01-29 18:05:50,133] [INFO] Model initialized on device: cuda:0
[2026-01-29 18:05:50,133] [INFO] [CLIENT INIT] Mode=SH | Sparsity=ON (UsedSparsity=0.2) | Clusters=OFF (UsedClusters=-) | EnvSparsityCfg={'Conv': 0.2, 'Linear': 0.2, 'Bias': 0.0, 'BatchNorm': 0.0} | EnvNClusters=3
[2026-01-29 18:05:50,134] [INFO] Model initialized on device: cuda:0
[2026-01-29 18:05:50,134] [INFO] [CLIENT INIT] Mode=SH | Sparsity=ON (UsedSparsity=0.2) | Clusters=OFF (UsedClusters=-) | EnvSparsityCfg={'Conv': 0.2, 'Linear': 0.2, 'Bias': 0.0, 'BatchNorm': 0.0} | EnvNClusters=3
[2026-01-29 18:05:50,244] [INFO] Model initialized on device: cuda:0
[2026-01-29 18:05:50,244] [INFO] [CLIENT INIT] Mode=SH | Sparsity=ON (UsedSparsity=0.2) | Clusters=OFF (UsedClusters=-) | EnvSparsityCfg={'Conv': 0.2, 'Linear': 0.2, 'Bias': 0.0, 'BatchNorm': 0.0} | EnvNClusters=3
[2026-01-29 18:05:50,521] [INFO] Model initialized on device: cuda:0
[2026-01-29 18:05:50,521] [INFO] [CLIENT INIT] Mode=SH | Sparsity=ON (UsedSparsity=0.2) | Clusters=OFF (UsedClusters=-) | EnvSparsityCfg={'Conv': 0.2, 'Linear': 0.2, 'Bias': 0.0, 'BatchNorm': 0.0} | EnvNClusters=3
[2026-01-29 18:05:50,633] [INFO] Model initialized on device: cuda:0
[2026-01-29 18:05:50,633] [INFO] [CLIENT INIT] Mode=SH | Sparsity=ON (UsedSparsity=0.2) | Clusters=OFF (UsedClusters=-) | EnvSparsityCfg={'Conv': 0.2, 'Linear': 0.2, 'Bias': 0.0, 'BatchNorm': 0.0} | EnvNClusters=3
[2026-01-29 18:05:50,647] [INFO] Model initialized on device: cuda:0
[2026-01-29 18:05:50,647] [INFO] [CLIENT INIT] Mode=SH | Sparsity=ON (UsedSparsity=0.2) | Clusters=OFF (UsedClusters=-) | EnvSparsityCfg={'Conv': 0.2, 'Linear': 0.2, 'Bias': 0.0, 'BatchNorm': 0.0} | EnvNClusters=3
[2026-01-29 18:05:50,654] [INFO] Model initialized on device: cuda:0
[2026-01-29 18:05:50,654] [INFO] [CLIENT INIT] Mode=SH | Sparsity=ON (UsedSparsity=0.2) | Clusters=OFF (UsedClusters=-) | EnvSparsityCfg={'Conv': 0.2, 'Linear': 0.2, 'Bias': 0.0, 'BatchNorm': 0.0} | EnvNClusters=3
[2026-01-29 18:05:50,833] [INFO] Model initialized on device: cuda:0
[2026-01-29 18:05:50,833] [INFO] Model initialized on device: cuda:0
[2026-01-29 18:05:50,833] [INFO] Model initialized on device: cuda:0
[2026-01-29 18:05:50,833] [INFO] [CLIENT INIT] Mode=SH | Sparsity=ON (UsedSparsity=0.2) | Clusters=OFF (UsedClusters=-) | EnvSparsityCfg={'Conv': 0.2, 'Linear': 0.2, 'Bias': 0.0, 'BatchNorm': 0.0} | EnvNClusters=3
[2026-01-29 18:05:50,833] [INFO] [CLIENT INIT] Mode=SH | Sparsity=ON (UsedSparsity=0.2) | Clusters=OFF (UsedClusters=-) | EnvSparsityCfg={'Conv': 0.2, 'Linear': 0.2, 'Bias': 0.0, 'BatchNorm': 0.0} | EnvNClusters=3
[2026-01-29 18:05:50,833] [INFO] [CLIENT INIT] Mode=SH | Sparsity=ON (UsedSparsity=0.2) | Clusters=OFF (UsedClusters=-) | EnvSparsityCfg={'Conv': 0.2, 'Linear': 0.2, 'Bias': 0.0, 'BatchNorm': 0.0} | EnvNClusters=3
[2026-01-29 18:07:24,313] [INFO] [TRAIN] Epoch 3 Loss: 0.1552
[2026-01-29 18:08:20,414] [INFO] Model initialized on device: cuda:0
[2026-01-29 18:08:20,415] [INFO] [CLIENT INIT] Mode=SH | Sparsity=ON (UsedSparsity=0.2) | Clusters=OFF (UsedClusters=-) | EnvSparsityCfg={'Conv': 0.2, 'Linear': 0.2, 'Bias': 0.0, 'BatchNorm': 0.0} | EnvNClusters=3
[2026-01-29 18:08:21,242] [INFO] Model initialized on device: cuda:0
[2026-01-29 18:08:21,242] [INFO] [CLIENT INIT] Mode=SH | Sparsity=ON (UsedSparsity=0.2) | Clusters=OFF (UsedClusters=-) | EnvSparsityCfg={'Conv': 0.2, 'Linear': 0.2, 'Bias': 0.0, 'BatchNorm': 0.0} | EnvNClusters=3
[2026-01-29 18:08:21,416] [INFO] Model initialized on device: cuda:0
[2026-01-29 18:08:21,416] [INFO] [CLIENT INIT] Mode=SH | Sparsity=ON (UsedSparsity=0.2) | Clusters=OFF (UsedClusters=-) | EnvSparsityCfg={'Conv': 0.2, 'Linear': 0.2, 'Bias': 0.0, 'BatchNorm': 0.0} | EnvNClusters=3
[2026-01-29 18:08:21,825] [INFO] Model initialized on device: cuda:0
[2026-01-29 18:08:21,825] [INFO] [CLIENT INIT] Mode=SH | Sparsity=ON (UsedSparsity=0.2) | Clusters=OFF (UsedClusters=-) | EnvSparsityCfg={'Conv': 0.2, 'Linear': 0.2, 'Bias': 0.0, 'BatchNorm': 0.0} | EnvNClusters=3
[2026-01-29 18:08:21,924] [INFO] Model initialized on device: cuda:0
[2026-01-29 18:08:21,924] [INFO] [CLIENT INIT] Mode=SH | Sparsity=ON (UsedSparsity=0.2) | Clusters=OFF (UsedClusters=-) | EnvSparsityCfg={'Conv': 0.2, 'Linear': 0.2, 'Bias': 0.0, 'BatchNorm': 0.0} | EnvNClusters=3
[2026-01-29 18:08:22,148] [INFO] Model initialized on device: cuda:0
[2026-01-29 18:08:22,149] [INFO] [CLIENT INIT] Mode=SH | Sparsity=ON (UsedSparsity=0.2) | Clusters=OFF (UsedClusters=-) | EnvSparsityCfg={'Conv': 0.2, 'Linear': 0.2, 'Bias': 0.0, 'BatchNorm': 0.0} | EnvNClusters=3
[2026-01-29 18:08:22,342] [INFO] Model initialized on device: cuda:0
[2026-01-29 18:08:22,342] [INFO] [CLIENT INIT] Mode=SH | Sparsity=ON (UsedSparsity=0.2) | Clusters=OFF (UsedClusters=-) | EnvSparsityCfg={'Conv': 0.2, 'Linear': 0.2, 'Bias': 0.0, 'BatchNorm': 0.0} | EnvNClusters=3
[2026-01-29 18:08:22,433] [INFO] Model initialized on device: cuda:0
[2026-01-29 18:08:22,433] [INFO] [CLIENT INIT] Mode=SH | Sparsity=ON (UsedSparsity=0.2) | Clusters=OFF (UsedClusters=-) | EnvSparsityCfg={'Conv': 0.2, 'Linear': 0.2, 'Bias': 0.0, 'BatchNorm': 0.0} | EnvNClusters=3
[2026-01-29 18:08:22,721] [INFO] Model initialized on device: cuda:0
[2026-01-29 18:08:22,722] [INFO] [CLIENT INIT] Mode=SH | Sparsity=ON (UsedSparsity=0.2) | Clusters=OFF (UsedClusters=-) | EnvSparsityCfg={'Conv': 0.2, 'Linear': 0.2, 'Bias': 0.0, 'BatchNorm': 0.0} | EnvNClusters=3
[2026-01-29 18:08:23,509] [INFO] Model initialized on device: cuda:0
[2026-01-29 18:08:23,509] [INFO] [CLIENT INIT] Mode=SH | Sparsity=ON (UsedSparsity=0.2) | Clusters=OFF (UsedClusters=-) | EnvSparsityCfg={'Conv': 0.2, 'Linear': 0.2, 'Bias': 0.0, 'BatchNorm': 0.0} | EnvNClusters=3
[2026-01-29 18:10:17,011] [INFO] [TRAIN] Epoch 4 Loss: 0.1539
[2026-01-29 18:11:19,811] [INFO] Model initialized on device: cuda:0
[2026-01-29 18:11:19,812] [INFO] [CLIENT INIT] Mode=SH | Sparsity=ON (UsedSparsity=0.2) | Clusters=OFF (UsedClusters=-) | EnvSparsityCfg={'Conv': 0.2, 'Linear': 0.2, 'Bias': 0.0, 'BatchNorm': 0.0} | EnvNClusters=3
[2026-01-29 18:11:20,231] [INFO] Model initialized on device: cuda:0
[2026-01-29 18:11:20,231] [INFO] [CLIENT INIT] Mode=SH | Sparsity=ON (UsedSparsity=0.2) | Clusters=OFF (UsedClusters=-) | EnvSparsityCfg={'Conv': 0.2, 'Linear': 0.2, 'Bias': 0.0, 'BatchNorm': 0.0} | EnvNClusters=3
[2026-01-29 18:11:20,417] [INFO] Model initialized on device: cuda:0
[2026-01-29 18:11:20,417] [INFO] [CLIENT INIT] Mode=SH | Sparsity=ON (UsedSparsity=0.2) | Clusters=OFF (UsedClusters=-) | EnvSparsityCfg={'Conv': 0.2, 'Linear': 0.2, 'Bias': 0.0, 'BatchNorm': 0.0} | EnvNClusters=3
[2026-01-29 18:11:20,539] [INFO] Model initialized on device: cuda:0
[2026-01-29 18:11:20,540] [INFO] [CLIENT INIT] Mode=SH | Sparsity=ON (UsedSparsity=0.2) | Clusters=OFF (UsedClusters=-) | EnvSparsityCfg={'Conv': 0.2, 'Linear': 0.2, 'Bias': 0.0, 'BatchNorm': 0.0} | EnvNClusters=3
[2026-01-29 18:11:20,626] [INFO] Model initialized on device: cuda:0
[2026-01-29 18:11:20,626] [INFO] [CLIENT INIT] Mode=SH | Sparsity=ON (UsedSparsity=0.2) | Clusters=OFF (UsedClusters=-) | EnvSparsityCfg={'Conv': 0.2, 'Linear': 0.2, 'Bias': 0.0, 'BatchNorm': 0.0} | EnvNClusters=3
[2026-01-29 18:11:20,643] [INFO] Model initialized on device: cuda:0
[2026-01-29 18:11:20,643] [INFO] [CLIENT INIT] Mode=SH | Sparsity=ON (UsedSparsity=0.2) | Clusters=OFF (UsedClusters=-) | EnvSparsityCfg={'Conv': 0.2, 'Linear': 0.2, 'Bias': 0.0, 'BatchNorm': 0.0} | EnvNClusters=3
[2026-01-29 18:11:20,644] [INFO] Model initialized on device: cuda:0
[2026-01-29 18:11:20,644] [INFO] [CLIENT INIT] Mode=SH | Sparsity=ON (UsedSparsity=0.2) | Clusters=OFF (UsedClusters=-) | EnvSparsityCfg={'Conv': 0.2, 'Linear': 0.2, 'Bias': 0.0, 'BatchNorm': 0.0} | EnvNClusters=3
[2026-01-29 18:11:20,721] [INFO] Model initialized on device: cuda:0
[2026-01-29 18:11:20,721] [INFO] [CLIENT INIT] Mode=SH | Sparsity=ON (UsedSparsity=0.2) | Clusters=OFF (UsedClusters=-) | EnvSparsityCfg={'Conv': 0.2, 'Linear': 0.2, 'Bias': 0.0, 'BatchNorm': 0.0} | EnvNClusters=3
[2026-01-29 18:11:20,749] [INFO] Model initialized on device: cuda:0
[2026-01-29 18:11:20,749] [INFO] [CLIENT INIT] Mode=SH | Sparsity=ON (UsedSparsity=0.2) | Clusters=OFF (UsedClusters=-) | EnvSparsityCfg={'Conv': 0.2, 'Linear': 0.2, 'Bias': 0.0, 'BatchNorm': 0.0} | EnvNClusters=3
[2026-01-29 18:11:20,749] [INFO] Model initialized on device: cuda:0
[2026-01-29 18:11:20,750] [INFO] [CLIENT INIT] Mode=SH | Sparsity=ON (UsedSparsity=0.2) | Clusters=OFF (UsedClusters=-) | EnvSparsityCfg={'Conv': 0.2, 'Linear': 0.2, 'Bias': 0.0, 'BatchNorm': 0.0} | EnvNClusters=3
[2026-01-29 18:12:59,844] [INFO] [TRAIN] Epoch 5 Loss: 0.1489
[2026-01-29 18:12:59,847] [INFO] [FIT] Local training finished. Avg Loss: 0.1615
[2026-01-29 18:14:00,817] [INFO] Model initialized on device: cuda:0
[2026-01-29 18:14:00,817] [INFO] [CLIENT INIT] Mode=SH | Sparsity=ON (UsedSparsity=0.2) | Clusters=OFF (UsedClusters=-) | EnvSparsityCfg={'Conv': 0.2, 'Linear': 0.2, 'Bias': 0.0, 'BatchNorm': 0.0} | EnvNClusters=3
[2026-01-29 18:14:00,941] [INFO] Model initialized on device: cuda:0
[2026-01-29 18:14:00,941] [INFO] [CLIENT INIT] Mode=SH | Sparsity=ON (UsedSparsity=0.2) | Clusters=OFF (UsedClusters=-) | EnvSparsityCfg={'Conv': 0.2, 'Linear': 0.2, 'Bias': 0.0, 'BatchNorm': 0.0} | EnvNClusters=3
[2026-01-29 18:14:01,124] [INFO] Model initialized on device: cuda:0
[2026-01-29 18:14:01,124] [INFO] [CLIENT INIT] Mode=SH | Sparsity=ON (UsedSparsity=0.2) | Clusters=OFF (UsedClusters=-) | EnvSparsityCfg={'Conv': 0.2, 'Linear': 0.2, 'Bias': 0.0, 'BatchNorm': 0.0} | EnvNClusters=3
[2026-01-29 18:14:02,433] [INFO] Model initialized on device: cuda:0
[2026-01-29 18:14:02,433] [INFO] [CLIENT INIT] Mode=SH | Sparsity=ON (UsedSparsity=0.2) | Clusters=OFF (UsedClusters=-) | EnvSparsityCfg={'Conv': 0.2, 'Linear': 0.2, 'Bias': 0.0, 'BatchNorm': 0.0} | EnvNClusters=3
[2026-01-29 18:14:02,510] [INFO] Model initialized on device: cuda:0
[2026-01-29 18:14:02,510] [INFO] [CLIENT INIT] Mode=SH | Sparsity=ON (UsedSparsity=0.2) | Clusters=OFF (UsedClusters=-) | EnvSparsityCfg={'Conv': 0.2, 'Linear': 0.2, 'Bias': 0.0, 'BatchNorm': 0.0} | EnvNClusters=3
[2026-01-29 18:14:02,525] [INFO] Model initialized on device: cuda:0
[2026-01-29 18:14:02,525] [INFO] [CLIENT INIT] Mode=SH | Sparsity=ON (UsedSparsity=0.2) | Clusters=OFF (UsedClusters=-) | EnvSparsityCfg={'Conv': 0.2, 'Linear': 0.2, 'Bias': 0.0, 'BatchNorm': 0.0} | EnvNClusters=3
[2026-01-29 18:14:02,736] [INFO] Model initialized on device: cuda:0
[2026-01-29 18:14:02,736] [INFO] [CLIENT INIT] Mode=SH | Sparsity=ON (UsedSparsity=0.2) | Clusters=OFF (UsedClusters=-) | EnvSparsityCfg={'Conv': 0.2, 'Linear': 0.2, 'Bias': 0.0, 'BatchNorm': 0.0} | EnvNClusters=3
[2026-01-29 18:14:02,825] [INFO] Model initialized on device: cuda:0
[2026-01-29 18:14:02,825] [INFO] [CLIENT INIT] Mode=SH | Sparsity=ON (UsedSparsity=0.2) | Clusters=OFF (UsedClusters=-) | EnvSparsityCfg={'Conv': 0.2, 'Linear': 0.2, 'Bias': 0.0, 'BatchNorm': 0.0} | EnvNClusters=3
[2026-01-29 18:14:02,831] [INFO] Model initialized on device: cuda:0
[2026-01-29 18:14:02,831] [INFO] [CLIENT INIT] Mode=SH | Sparsity=ON (UsedSparsity=0.2) | Clusters=OFF (UsedClusters=-) | EnvSparsityCfg={'Conv': 0.2, 'Linear': 0.2, 'Bias': 0.0, 'BatchNorm': 0.0} | EnvNClusters=3
[2026-01-29 18:14:02,832] [INFO] Model initialized on device: cuda:0
[2026-01-29 18:14:02,832] [INFO] [CLIENT INIT] Mode=SH | Sparsity=ON (UsedSparsity=0.2) | Clusters=OFF (UsedClusters=-) | EnvSparsityCfg={'Conv': 0.2, 'Linear': 0.2, 'Bias': 0.0, 'BatchNorm': 0.0} | EnvNClusters=3
[2026-01-29 18:14:10,429] [DEBUG] [TEST] Batch 1 | Pred shape: torch.Size([256, 256, 160]) | Label shape: torch.Size([256, 256, 160])
[2026-01-29 18:14:11,925] [DEBUG] [TEST] Batch 2 | Pred shape: torch.Size([256, 256, 160]) | Label shape: torch.Size([256, 256, 160])
[2026-01-29 18:14:12,035] [DEBUG] [TEST] Batch 3 | Pred shape: torch.Size([256, 256, 160]) | Label shape: torch.Size([256, 256, 160])
[2026-01-29 18:14:12,347] [DEBUG] [TEST] Batch 4 | Pred shape: torch.Size([256, 256, 160]) | Label shape: torch.Size([256, 256, 160])
[2026-01-29 18:14:12,723] [DEBUG] [TEST] Batch 5 | Pred shape: torch.Size([256, 256, 160]) | Label shape: torch.Size([256, 256, 160])
[2026-01-29 18:14:12,943] [DEBUG] [TEST] Batch 6 | Pred shape: torch.Size([256, 256, 160]) | Label shape: torch.Size([256, 256, 160])
[2026-01-29 18:14:13,209] [DEBUG] [TEST] Batch 7 | Pred shape: torch.Size([256, 256, 160]) | Label shape: torch.Size([256, 256, 160])
[2026-01-29 18:14:13,410] [DEBUG] [TEST] Batch 8 | Pred shape: torch.Size([256, 256, 160]) | Label shape: torch.Size([256, 256, 160])
[2026-01-29 18:14:13,516] [DEBUG] [TEST] Batch 9 | Pred shape: torch.Size([256, 256, 160]) | Label shape: torch.Size([256, 256, 160])
[2026-01-29 18:14:13,614] [DEBUG] [TEST] Batch 10 | Pred shape: torch.Size([256, 256, 160]) | Label shape: torch.Size([256, 256, 160])
[2026-01-29 18:14:17,354] [DEBUG] [TEST] Batch 11 | Pred shape: torch.Size([256, 256, 160]) | Label shape: torch.Size([256, 256, 160])
[2026-01-29 18:14:17,616] [DEBUG] [TEST] Batch 12 | Pred shape: torch.Size([256, 256, 160]) | Label shape: torch.Size([256, 256, 160])
[2026-01-29 18:14:17,809] [DEBUG] [TEST] Batch 13 | Pred shape: torch.Size([256, 256, 160]) | Label shape: torch.Size([256, 256, 160])
[2026-01-29 18:14:18,011] [DEBUG] [TEST] Batch 14 | Pred shape: torch.Size([256, 256, 160]) | Label shape: torch.Size([256, 256, 160])
[2026-01-29 18:14:18,114] [DEBUG] [TEST] Batch 15 | Pred shape: torch.Size([256, 256, 160]) | Label shape: torch.Size([256, 256, 160])
[2026-01-29 18:14:18,215] [DEBUG] [TEST] Batch 16 | Pred shape: torch.Size([256, 256, 160]) | Label shape: torch.Size([256, 256, 160])
[2026-01-29 18:14:25,548] [INFO] [FIT] Final model saved to: Revision2/Run_UNET_NonIID_SH20_20260129/Client3/model_final.pth
[2026-01-29 18:14:44,934] [INFO] [COMM][CLIENT] Round=-1 Mode=SH UsedSparsity=0.2 UsedClusters=- BaselineBits=154016352.0 CompressedBits=165388579.4 CR=0.931
[2026-01-29 18:22:31,844] [INFO] [EVALUATE] Starting evaluation...
[2026-01-29 18:22:35,121] [INFO] [DEBUG] Loaded compressed decoded weights.
[2026-01-29 18:23:32,707] [INFO] Model initialized on device: cuda:0
[2026-01-29 18:23:32,708] [INFO] [CLIENT INIT] Mode=SH | Sparsity=ON (UsedSparsity=0.2) | Clusters=OFF (UsedClusters=-) | EnvSparsityCfg={'Conv': 0.2, 'Linear': 0.2, 'Bias': 0.0, 'BatchNorm': 0.0} | EnvNClusters=3
[2026-01-29 18:23:38,842] [INFO] Model initialized on device: cuda:0
[2026-01-29 18:23:38,842] [INFO] [CLIENT INIT] Mode=SH | Sparsity=ON (UsedSparsity=0.2) | Clusters=OFF (UsedClusters=-) | EnvSparsityCfg={'Conv': 0.2, 'Linear': 0.2, 'Bias': 0.0, 'BatchNorm': 0.0} | EnvNClusters=3
[2026-01-29 18:23:39,322] [INFO] Model initialized on device: cuda:0
[2026-01-29 18:23:39,323] [INFO] [CLIENT INIT] Mode=SH | Sparsity=ON (UsedSparsity=0.2) | Clusters=OFF (UsedClusters=-) | EnvSparsityCfg={'Conv': 0.2, 'Linear': 0.2, 'Bias': 0.0, 'BatchNorm': 0.0} | EnvNClusters=3
[2026-01-29 18:23:39,330] [INFO] Model initialized on device: cuda:0
[2026-01-29 18:23:39,330] [INFO] [CLIENT INIT] Mode=SH | Sparsity=ON (UsedSparsity=0.2) | Clusters=OFF (UsedClusters=-) | EnvSparsityCfg={'Conv': 0.2, 'Linear': 0.2, 'Bias': 0.0, 'BatchNorm': 0.0} | EnvNClusters=3
[2026-01-29 18:23:39,331] [INFO] Model initialized on device: cuda:0
[2026-01-29 18:23:39,331] [INFO] [CLIENT INIT] Mode=SH | Sparsity=ON (UsedSparsity=0.2) | Clusters=OFF (UsedClusters=-) | EnvSparsityCfg={'Conv': 0.2, 'Linear': 0.2, 'Bias': 0.0, 'BatchNorm': 0.0} | EnvNClusters=3
[2026-01-29 18:23:39,338] [INFO] Model initialized on device: cuda:0
[2026-01-29 18:23:39,338] [INFO] [CLIENT INIT] Mode=SH | Sparsity=ON (UsedSparsity=0.2) | Clusters=OFF (UsedClusters=-) | EnvSparsityCfg={'Conv': 0.2, 'Linear': 0.2, 'Bias': 0.0, 'BatchNorm': 0.0} | EnvNClusters=3
[2026-01-29 18:23:39,425] [INFO] Model initialized on device: cuda:0
[2026-01-29 18:23:39,425] [INFO] [CLIENT INIT] Mode=SH | Sparsity=ON (UsedSparsity=0.2) | Clusters=OFF (UsedClusters=-) | EnvSparsityCfg={'Conv': 0.2, 'Linear': 0.2, 'Bias': 0.0, 'BatchNorm': 0.0} | EnvNClusters=3
[2026-01-29 18:23:39,512] [INFO] Model initialized on device: cuda:0
[2026-01-29 18:23:39,512] [INFO] [CLIENT INIT] Mode=SH | Sparsity=ON (UsedSparsity=0.2) | Clusters=OFF (UsedClusters=-) | EnvSparsityCfg={'Conv': 0.2, 'Linear': 0.2, 'Bias': 0.0, 'BatchNorm': 0.0} | EnvNClusters=3
[2026-01-29 18:23:39,539] [INFO] Model initialized on device: cuda:0
[2026-01-29 18:23:39,539] [INFO] [CLIENT INIT] Mode=SH | Sparsity=ON (UsedSparsity=0.2) | Clusters=OFF (UsedClusters=-) | EnvSparsityCfg={'Conv': 0.2, 'Linear': 0.2, 'Bias': 0.0, 'BatchNorm': 0.0} | EnvNClusters=3
[2026-01-29 18:23:39,611] [INFO] Model initialized on device: cuda:0
[2026-01-29 18:23:39,611] [INFO] [CLIENT INIT] Mode=SH | Sparsity=ON (UsedSparsity=0.2) | Clusters=OFF (UsedClusters=-) | EnvSparsityCfg={'Conv': 0.2, 'Linear': 0.2, 'Bias': 0.0, 'BatchNorm': 0.0} | EnvNClusters=3
[2026-01-29 18:23:48,818] [DEBUG] [TEST] Batch 1 | Pred shape: torch.Size([256, 256, 160]) | Label shape: torch.Size([256, 256, 160])
[2026-01-29 18:23:48,916] [DEBUG] [TEST] Batch 2 | Pred shape: torch.Size([256, 256, 160]) | Label shape: torch.Size([256, 256, 160])
[2026-01-29 18:23:49,017] [DEBUG] [TEST] Batch 3 | Pred shape: torch.Size([256, 256, 160]) | Label shape: torch.Size([256, 256, 160])
[2026-01-29 18:23:49,142] [DEBUG] [TEST] Batch 4 | Pred shape: torch.Size([256, 256, 160]) | Label shape: torch.Size([256, 256, 160])
[2026-01-29 18:23:49,322] [DEBUG] [TEST] Batch 5 | Pred shape: torch.Size([256, 256, 160]) | Label shape: torch.Size([256, 256, 160])
[2026-01-29 18:23:49,524] [DEBUG] [TEST] Batch 6 | Pred shape: torch.Size([256, 256, 160]) | Label shape: torch.Size([256, 256, 160])
[2026-01-29 18:23:49,723] [DEBUG] [TEST] Batch 7 | Pred shape: torch.Size([256, 256, 160]) | Label shape: torch.Size([256, 256, 160])
[2026-01-29 18:23:49,928] [DEBUG] [TEST] Batch 8 | Pred shape: torch.Size([256, 256, 160]) | Label shape: torch.Size([256, 256, 160])
[2026-01-29 18:23:50,050] [DEBUG] [TEST] Batch 9 | Pred shape: torch.Size([256, 256, 160]) | Label shape: torch.Size([256, 256, 160])
[2026-01-29 18:23:50,226] [DEBUG] [TEST] Batch 10 | Pred shape: torch.Size([256, 256, 160]) | Label shape: torch.Size([256, 256, 160])
[2026-01-29 18:23:53,409] [DEBUG] [TEST] Batch 11 | Pred shape: torch.Size([256, 256, 160]) | Label shape: torch.Size([256, 256, 160])
[2026-01-29 18:23:53,607] [DEBUG] [TEST] Batch 12 | Pred shape: torch.Size([256, 256, 160]) | Label shape: torch.Size([256, 256, 160])
[2026-01-29 18:23:53,826] [DEBUG] [TEST] Batch 13 | Pred shape: torch.Size([256, 256, 160]) | Label shape: torch.Size([256, 256, 160])
[2026-01-29 18:23:54,028] [DEBUG] [TEST] Batch 14 | Pred shape: torch.Size([256, 256, 160]) | Label shape: torch.Size([256, 256, 160])
[2026-01-29 18:23:54,229] [DEBUG] [TEST] Batch 15 | Pred shape: torch.Size([256, 256, 160]) | Label shape: torch.Size([256, 256, 160])
[2026-01-29 18:23:54,357] [DEBUG] [TEST] Batch 16 | Pred shape: torch.Size([256, 256, 160]) | Label shape: torch.Size([256, 256, 160])
[2026-01-29 18:24:00,813] [INFO] [EVALUATE] Dice WT: 0.9262
[2026-01-29 18:24:09,296] [INFO] [FIT] Received parameters. Starting local training...
[2026-01-29 18:24:10,620] [INFO] [DEBUG] Loaded compressed decoded weights.
[2026-01-29 18:25:10,818] [INFO] Model initialized on device: cuda:0
[2026-01-29 18:25:10,818] [INFO] [CLIENT INIT] Mode=SH | Sparsity=ON (UsedSparsity=0.2) | Clusters=OFF (UsedClusters=-) | EnvSparsityCfg={'Conv': 0.2, 'Linear': 0.2, 'Bias': 0.0, 'BatchNorm': 0.0} | EnvNClusters=3
[2026-01-29 18:25:10,868] [INFO] Model initialized on device: cuda:0
[2026-01-29 18:25:10,868] [INFO] [CLIENT INIT] Mode=SH | Sparsity=ON (UsedSparsity=0.2) | Clusters=OFF (UsedClusters=-) | EnvSparsityCfg={'Conv': 0.2, 'Linear': 0.2, 'Bias': 0.0, 'BatchNorm': 0.0} | EnvNClusters=3
[2026-01-29 18:25:11,014] [INFO] Model initialized on device: cuda:0
[2026-01-29 18:25:11,014] [INFO] [CLIENT INIT] Mode=SH | Sparsity=ON (UsedSparsity=0.2) | Clusters=OFF (UsedClusters=-) | EnvSparsityCfg={'Conv': 0.2, 'Linear': 0.2, 'Bias': 0.0, 'BatchNorm': 0.0} | EnvNClusters=3
[2026-01-29 18:25:11,211] [INFO] Model initialized on device: cuda:0
[2026-01-29 18:25:11,212] [INFO] [CLIENT INIT] Mode=SH | Sparsity=ON (UsedSparsity=0.2) | Clusters=OFF (UsedClusters=-) | EnvSparsityCfg={'Conv': 0.2, 'Linear': 0.2, 'Bias': 0.0, 'BatchNorm': 0.0} | EnvNClusters=3
[2026-01-29 18:25:11,274] [INFO] Model initialized on device: cuda:0
[2026-01-29 18:25:11,274] [INFO] [CLIENT INIT] Mode=SH | Sparsity=ON (UsedSparsity=0.2) | Clusters=OFF (UsedClusters=-) | EnvSparsityCfg={'Conv': 0.2, 'Linear': 0.2, 'Bias': 0.0, 'BatchNorm': 0.0} | EnvNClusters=3
[2026-01-29 18:25:11,850] [INFO] Model initialized on device: cuda:0
[2026-01-29 18:25:11,850] [INFO] [CLIENT INIT] Mode=SH | Sparsity=ON (UsedSparsity=0.2) | Clusters=OFF (UsedClusters=-) | EnvSparsityCfg={'Conv': 0.2, 'Linear': 0.2, 'Bias': 0.0, 'BatchNorm': 0.0} | EnvNClusters=3
[2026-01-29 18:25:11,969] [INFO] Model initialized on device: cuda:0
[2026-01-29 18:25:11,969] [INFO] [CLIENT INIT] Mode=SH | Sparsity=ON (UsedSparsity=0.2) | Clusters=OFF (UsedClusters=-) | EnvSparsityCfg={'Conv': 0.2, 'Linear': 0.2, 'Bias': 0.0, 'BatchNorm': 0.0} | EnvNClusters=3
[2026-01-29 18:25:12,028] [INFO] Model initialized on device: cuda:0
[2026-01-29 18:25:12,028] [INFO] [CLIENT INIT] Mode=SH | Sparsity=ON (UsedSparsity=0.2) | Clusters=OFF (UsedClusters=-) | EnvSparsityCfg={'Conv': 0.2, 'Linear': 0.2, 'Bias': 0.0, 'BatchNorm': 0.0} | EnvNClusters=3
[2026-01-29 18:25:15,215] [INFO] Model initialized on device: cuda:0
[2026-01-29 18:25:15,215] [INFO] [CLIENT INIT] Mode=SH | Sparsity=ON (UsedSparsity=0.2) | Clusters=OFF (UsedClusters=-) | EnvSparsityCfg={'Conv': 0.2, 'Linear': 0.2, 'Bias': 0.0, 'BatchNorm': 0.0} | EnvNClusters=3
[2026-01-29 18:25:15,415] [INFO] Model initialized on device: cuda:0
[2026-01-29 18:25:15,415] [INFO] [CLIENT INIT] Mode=SH | Sparsity=ON (UsedSparsity=0.2) | Clusters=OFF (UsedClusters=-) | EnvSparsityCfg={'Conv': 0.2, 'Linear': 0.2, 'Bias': 0.0, 'BatchNorm': 0.0} | EnvNClusters=3
[2026-01-29 18:27:03,116] [INFO] [TRAIN] Epoch 1 Loss: 0.1916
[2026-01-29 18:28:03,112] [INFO] Model initialized on device: cuda:0
[2026-01-29 18:28:03,113] [INFO] [CLIENT INIT] Mode=SH | Sparsity=ON (UsedSparsity=0.2) | Clusters=OFF (UsedClusters=-) | EnvSparsityCfg={'Conv': 0.2, 'Linear': 0.2, 'Bias': 0.0, 'BatchNorm': 0.0} | EnvNClusters=3
[2026-01-29 18:28:03,729] [INFO] Model initialized on device: cuda:0
[2026-01-29 18:28:03,729] [INFO] [CLIENT INIT] Mode=SH | Sparsity=ON (UsedSparsity=0.2) | Clusters=OFF (UsedClusters=-) | EnvSparsityCfg={'Conv': 0.2, 'Linear': 0.2, 'Bias': 0.0, 'BatchNorm': 0.0} | EnvNClusters=3
[2026-01-29 18:28:03,943] [INFO] Model initialized on device: cuda:0
[2026-01-29 18:28:03,943] [INFO] [CLIENT INIT] Mode=SH | Sparsity=ON (UsedSparsity=0.2) | Clusters=OFF (UsedClusters=-) | EnvSparsityCfg={'Conv': 0.2, 'Linear': 0.2, 'Bias': 0.0, 'BatchNorm': 0.0} | EnvNClusters=3
[2026-01-29 18:28:04,120] [INFO] Model initialized on device: cuda:0
[2026-01-29 18:28:04,120] [INFO] [CLIENT INIT] Mode=SH | Sparsity=ON (UsedSparsity=0.2) | Clusters=OFF (UsedClusters=-) | EnvSparsityCfg={'Conv': 0.2, 'Linear': 0.2, 'Bias': 0.0, 'BatchNorm': 0.0} | EnvNClusters=3
[2026-01-29 18:28:04,915] [INFO] Model initialized on device: cuda:0
[2026-01-29 18:28:04,916] [INFO] [CLIENT INIT] Mode=SH | Sparsity=ON (UsedSparsity=0.2) | Clusters=OFF (UsedClusters=-) | EnvSparsityCfg={'Conv': 0.2, 'Linear': 0.2, 'Bias': 0.0, 'BatchNorm': 0.0} | EnvNClusters=3
[2026-01-29 18:28:04,921] [INFO] Model initialized on device: cuda:0
[2026-01-29 18:28:04,921] [INFO] [CLIENT INIT] Mode=SH | Sparsity=ON (UsedSparsity=0.2) | Clusters=OFF (UsedClusters=-) | EnvSparsityCfg={'Conv': 0.2, 'Linear': 0.2, 'Bias': 0.0, 'BatchNorm': 0.0} | EnvNClusters=3
[2026-01-29 18:28:04,937] [INFO] Model initialized on device: cuda:0
[2026-01-29 18:28:04,937] [INFO] [CLIENT INIT] Mode=SH | Sparsity=ON (UsedSparsity=0.2) | Clusters=OFF (UsedClusters=-) | EnvSparsityCfg={'Conv': 0.2, 'Linear': 0.2, 'Bias': 0.0, 'BatchNorm': 0.0} | EnvNClusters=3
[2026-01-29 18:28:05,324] [INFO] Model initialized on device: cuda:0
[2026-01-29 18:28:05,324] [INFO] [CLIENT INIT] Mode=SH | Sparsity=ON (UsedSparsity=0.2) | Clusters=OFF (UsedClusters=-) | EnvSparsityCfg={'Conv': 0.2, 'Linear': 0.2, 'Bias': 0.0, 'BatchNorm': 0.0} | EnvNClusters=3
[2026-01-29 18:28:05,340] [INFO] Model initialized on device: cuda:0
[2026-01-29 18:28:05,340] [INFO] [CLIENT INIT] Mode=SH | Sparsity=ON (UsedSparsity=0.2) | Clusters=OFF (UsedClusters=-) | EnvSparsityCfg={'Conv': 0.2, 'Linear': 0.2, 'Bias': 0.0, 'BatchNorm': 0.0} | EnvNClusters=3
[2026-01-29 18:28:05,341] [INFO] Model initialized on device: cuda:0
[2026-01-29 18:28:05,341] [INFO] [CLIENT INIT] Mode=SH | Sparsity=ON (UsedSparsity=0.2) | Clusters=OFF (UsedClusters=-) | EnvSparsityCfg={'Conv': 0.2, 'Linear': 0.2, 'Bias': 0.0, 'BatchNorm': 0.0} | EnvNClusters=3
[2026-01-29 18:29:54,459] [INFO] [TRAIN] Epoch 2 Loss: 0.1676
[2026-01-29 18:30:30,845] [INFO] Model initialized on device: cuda:0
[2026-01-29 18:30:30,845] [INFO] [CLIENT INIT] Mode=SH | Sparsity=ON (UsedSparsity=0.2) | Clusters=OFF (UsedClusters=-) | EnvSparsityCfg={'Conv': 0.2, 'Linear': 0.2, 'Bias': 0.0, 'BatchNorm': 0.0} | EnvNClusters=3
[2026-01-29 18:30:36,324] [INFO] Model initialized on device: cuda:0
[2026-01-29 18:30:36,324] [INFO] [CLIENT INIT] Mode=SH | Sparsity=ON (UsedSparsity=0.2) | Clusters=OFF (UsedClusters=-) | EnvSparsityCfg={'Conv': 0.2, 'Linear': 0.2, 'Bias': 0.0, 'BatchNorm': 0.0} | EnvNClusters=3
[2026-01-29 18:30:36,329] [INFO] Model initialized on device: cuda:0
[2026-01-29 18:30:36,329] [INFO] [CLIENT INIT] Mode=SH | Sparsity=ON (UsedSparsity=0.2) | Clusters=OFF (UsedClusters=-) | EnvSparsityCfg={'Conv': 0.2, 'Linear': 0.2, 'Bias': 0.0, 'BatchNorm': 0.0} | EnvNClusters=3
[2026-01-29 18:30:37,412] [INFO] Model initialized on device: cuda:0
[2026-01-29 18:30:37,412] [INFO] [CLIENT INIT] Mode=SH | Sparsity=ON (UsedSparsity=0.2) | Clusters=OFF (UsedClusters=-) | EnvSparsityCfg={'Conv': 0.2, 'Linear': 0.2, 'Bias': 0.0, 'BatchNorm': 0.0} | EnvNClusters=3
[2026-01-29 18:30:37,421] [INFO] Model initialized on device: cuda:0
[2026-01-29 18:30:37,421] [INFO] Model initialized on device: cuda:0
[2026-01-29 18:30:37,421] [INFO] [CLIENT INIT] Mode=SH | Sparsity=ON (UsedSparsity=0.2) | Clusters=OFF (UsedClusters=-) | EnvSparsityCfg={'Conv': 0.2, 'Linear': 0.2, 'Bias': 0.0, 'BatchNorm': 0.0} | EnvNClusters=3
[2026-01-29 18:30:37,421] [INFO] [CLIENT INIT] Mode=SH | Sparsity=ON (UsedSparsity=0.2) | Clusters=OFF (UsedClusters=-) | EnvSparsityCfg={'Conv': 0.2, 'Linear': 0.2, 'Bias': 0.0, 'BatchNorm': 0.0} | EnvNClusters=3
[2026-01-29 18:30:37,808] [INFO] Model initialized on device: cuda:0
[2026-01-29 18:30:37,808] [INFO] [CLIENT INIT] Mode=SH | Sparsity=ON (UsedSparsity=0.2) | Clusters=OFF (UsedClusters=-) | EnvSparsityCfg={'Conv': 0.2, 'Linear': 0.2, 'Bias': 0.0, 'BatchNorm': 0.0} | EnvNClusters=3
[2026-01-29 18:30:38,016] [INFO] Model initialized on device: cuda:0
[2026-01-29 18:30:38,016] [INFO] [CLIENT INIT] Mode=SH | Sparsity=ON (UsedSparsity=0.2) | Clusters=OFF (UsedClusters=-) | EnvSparsityCfg={'Conv': 0.2, 'Linear': 0.2, 'Bias': 0.0, 'BatchNorm': 0.0} | EnvNClusters=3
[2026-01-29 18:30:38,417] [INFO] Model initialized on device: cuda:0
[2026-01-29 18:30:38,417] [INFO] [CLIENT INIT] Mode=SH | Sparsity=ON (UsedSparsity=0.2) | Clusters=OFF (UsedClusters=-) | EnvSparsityCfg={'Conv': 0.2, 'Linear': 0.2, 'Bias': 0.0, 'BatchNorm': 0.0} | EnvNClusters=3
[2026-01-29 18:30:38,420] [INFO] Model initialized on device: cuda:0
[2026-01-29 18:30:38,420] [INFO] [CLIENT INIT] Mode=SH | Sparsity=ON (UsedSparsity=0.2) | Clusters=OFF (UsedClusters=-) | EnvSparsityCfg={'Conv': 0.2, 'Linear': 0.2, 'Bias': 0.0, 'BatchNorm': 0.0} | EnvNClusters=3
[2026-01-29 18:32:22,912] [INFO] [TRAIN] Epoch 3 Loss: 0.1572
[2026-01-29 18:32:59,828] [INFO] Model initialized on device: cuda:0
[2026-01-29 18:32:59,828] [INFO] [CLIENT INIT] Mode=SH | Sparsity=ON (UsedSparsity=0.2) | Clusters=OFF (UsedClusters=-) | EnvSparsityCfg={'Conv': 0.2, 'Linear': 0.2, 'Bias': 0.0, 'BatchNorm': 0.0} | EnvNClusters=3
[2026-01-29 18:32:59,909] [INFO] Model initialized on device: cuda:0
[2026-01-29 18:32:59,909] [INFO] [CLIENT INIT] Mode=SH | Sparsity=ON (UsedSparsity=0.2) | Clusters=OFF (UsedClusters=-) | EnvSparsityCfg={'Conv': 0.2, 'Linear': 0.2, 'Bias': 0.0, 'BatchNorm': 0.0} | EnvNClusters=3
[2026-01-29 18:33:09,242] [INFO] Model initialized on device: cuda:0
[2026-01-29 18:33:09,242] [INFO] [CLIENT INIT] Mode=SH | Sparsity=ON (UsedSparsity=0.2) | Clusters=OFF (UsedClusters=-) | EnvSparsityCfg={'Conv': 0.2, 'Linear': 0.2, 'Bias': 0.0, 'BatchNorm': 0.0} | EnvNClusters=3
[2026-01-29 18:33:09,708] [INFO] Model initialized on device: cuda:0
[2026-01-29 18:33:09,708] [INFO] [CLIENT INIT] Mode=SH | Sparsity=ON (UsedSparsity=0.2) | Clusters=OFF (UsedClusters=-) | EnvSparsityCfg={'Conv': 0.2, 'Linear': 0.2, 'Bias': 0.0, 'BatchNorm': 0.0} | EnvNClusters=3
[2026-01-29 18:33:10,219] [INFO] Model initialized on device: cuda:0
[2026-01-29 18:33:10,219] [INFO] [CLIENT INIT] Mode=SH | Sparsity=ON (UsedSparsity=0.2) | Clusters=OFF (UsedClusters=-) | EnvSparsityCfg={'Conv': 0.2, 'Linear': 0.2, 'Bias': 0.0, 'BatchNorm': 0.0} | EnvNClusters=3
[2026-01-29 18:33:10,433] [INFO] Model initialized on device: cuda:0
[2026-01-29 18:33:10,433] [INFO] [CLIENT INIT] Mode=SH | Sparsity=ON (UsedSparsity=0.2) | Clusters=OFF (UsedClusters=-) | EnvSparsityCfg={'Conv': 0.2, 'Linear': 0.2, 'Bias': 0.0, 'BatchNorm': 0.0} | EnvNClusters=3
[2026-01-29 18:33:10,440] [INFO] Model initialized on device: cuda:0
[2026-01-29 18:33:10,440] [INFO] [CLIENT INIT] Mode=SH | Sparsity=ON (UsedSparsity=0.2) | Clusters=OFF (UsedClusters=-) | EnvSparsityCfg={'Conv': 0.2, 'Linear': 0.2, 'Bias': 0.0, 'BatchNorm': 0.0} | EnvNClusters=3
[2026-01-29 18:33:10,530] [INFO] Model initialized on device: cuda:0
[2026-01-29 18:33:10,531] [INFO] [CLIENT INIT] Mode=SH | Sparsity=ON (UsedSparsity=0.2) | Clusters=OFF (UsedClusters=-) | EnvSparsityCfg={'Conv': 0.2, 'Linear': 0.2, 'Bias': 0.0, 'BatchNorm': 0.0} | EnvNClusters=3
[2026-01-29 18:33:10,610] [INFO] Model initialized on device: cuda:0
[2026-01-29 18:33:10,610] [INFO] [CLIENT INIT] Mode=SH | Sparsity=ON (UsedSparsity=0.2) | Clusters=OFF (UsedClusters=-) | EnvSparsityCfg={'Conv': 0.2, 'Linear': 0.2, 'Bias': 0.0, 'BatchNorm': 0.0} | EnvNClusters=3
[2026-01-29 18:33:10,614] [INFO] Model initialized on device: cuda:0
[2026-01-29 18:33:10,614] [INFO] [CLIENT INIT] Mode=SH | Sparsity=ON (UsedSparsity=0.2) | Clusters=OFF (UsedClusters=-) | EnvSparsityCfg={'Conv': 0.2, 'Linear': 0.2, 'Bias': 0.0, 'BatchNorm': 0.0} | EnvNClusters=3
[2026-01-29 18:34:54,709] [INFO] [TRAIN] Epoch 4 Loss: 0.1539
[2026-01-29 18:35:29,441] [INFO] Model initialized on device: cuda:0
[2026-01-29 18:35:29,441] [INFO] [CLIENT INIT] Mode=SH | Sparsity=ON (UsedSparsity=0.2) | Clusters=OFF (UsedClusters=-) | EnvSparsityCfg={'Conv': 0.2, 'Linear': 0.2, 'Bias': 0.0, 'BatchNorm': 0.0} | EnvNClusters=3
[2026-01-29 18:35:31,849] [INFO] Model initialized on device: cuda:0
[2026-01-29 18:35:31,850] [INFO] [CLIENT INIT] Mode=SH | Sparsity=ON (UsedSparsity=0.2) | Clusters=OFF (UsedClusters=-) | EnvSparsityCfg={'Conv': 0.2, 'Linear': 0.2, 'Bias': 0.0, 'BatchNorm': 0.0} | EnvNClusters=3
[2026-01-29 18:35:33,023] [INFO] Model initialized on device: cuda:0
[2026-01-29 18:35:33,023] [INFO] [CLIENT INIT] Mode=SH | Sparsity=ON (UsedSparsity=0.2) | Clusters=OFF (UsedClusters=-) | EnvSparsityCfg={'Conv': 0.2, 'Linear': 0.2, 'Bias': 0.0, 'BatchNorm': 0.0} | EnvNClusters=3
[2026-01-29 18:35:39,229] [INFO] Model initialized on device: cuda:0
[2026-01-29 18:35:39,229] [INFO] [CLIENT INIT] Mode=SH | Sparsity=ON (UsedSparsity=0.2) | Clusters=OFF (UsedClusters=-) | EnvSparsityCfg={'Conv': 0.2, 'Linear': 0.2, 'Bias': 0.0, 'BatchNorm': 0.0} | EnvNClusters=3
[2026-01-29 18:35:39,538] [INFO] Model initialized on device: cuda:0
[2026-01-29 18:35:39,538] [INFO] [CLIENT INIT] Mode=SH | Sparsity=ON (UsedSparsity=0.2) | Clusters=OFF (UsedClusters=-) | EnvSparsityCfg={'Conv': 0.2, 'Linear': 0.2, 'Bias': 0.0, 'BatchNorm': 0.0} | EnvNClusters=3
[2026-01-29 18:35:39,633] [INFO] Model initialized on device: cuda:0
[2026-01-29 18:35:39,633] [INFO] [CLIENT INIT] Mode=SH | Sparsity=ON (UsedSparsity=0.2) | Clusters=OFF (UsedClusters=-) | EnvSparsityCfg={'Conv': 0.2, 'Linear': 0.2, 'Bias': 0.0, 'BatchNorm': 0.0} | EnvNClusters=3
[2026-01-29 18:35:39,712] [INFO] Model initialized on device: cuda:0
[2026-01-29 18:35:39,712] [INFO] [CLIENT INIT] Mode=SH | Sparsity=ON (UsedSparsity=0.2) | Clusters=OFF (UsedClusters=-) | EnvSparsityCfg={'Conv': 0.2, 'Linear': 0.2, 'Bias': 0.0, 'BatchNorm': 0.0} | EnvNClusters=3
[2026-01-29 18:35:39,721] [INFO] Model initialized on device: cuda:0
[2026-01-29 18:35:39,721] [INFO] [CLIENT INIT] Mode=SH | Sparsity=ON (UsedSparsity=0.2) | Clusters=OFF (UsedClusters=-) | EnvSparsityCfg={'Conv': 0.2, 'Linear': 0.2, 'Bias': 0.0, 'BatchNorm': 0.0} | EnvNClusters=3
[2026-01-29 18:35:39,809] [INFO] Model initialized on device: cuda:0
[2026-01-29 18:35:39,809] [INFO] [CLIENT INIT] Mode=SH | Sparsity=ON (UsedSparsity=0.2) | Clusters=OFF (UsedClusters=-) | EnvSparsityCfg={'Conv': 0.2, 'Linear': 0.2, 'Bias': 0.0, 'BatchNorm': 0.0} | EnvNClusters=3
[2026-01-29 18:35:39,816] [INFO] Model initialized on device: cuda:0
[2026-01-29 18:35:39,817] [INFO] [CLIENT INIT] Mode=SH | Sparsity=ON (UsedSparsity=0.2) | Clusters=OFF (UsedClusters=-) | EnvSparsityCfg={'Conv': 0.2, 'Linear': 0.2, 'Bias': 0.0, 'BatchNorm': 0.0} | EnvNClusters=3
[2026-01-29 18:37:17,064] [INFO] [TRAIN] Epoch 5 Loss: 0.1445
[2026-01-29 18:37:17,065] [INFO] [FIT] Local training finished. Avg Loss: 0.1630
[2026-01-29 18:37:57,821] [INFO] Model initialized on device: cuda:0
[2026-01-29 18:37:57,821] [INFO] [CLIENT INIT] Mode=SH | Sparsity=ON (UsedSparsity=0.2) | Clusters=OFF (UsedClusters=-) | EnvSparsityCfg={'Conv': 0.2, 'Linear': 0.2, 'Bias': 0.0, 'BatchNorm': 0.0} | EnvNClusters=3
[2026-01-29 18:37:57,821] [INFO] Model initialized on device: cuda:0
[2026-01-29 18:37:57,821] [INFO] [CLIENT INIT] Mode=SH | Sparsity=ON (UsedSparsity=0.2) | Clusters=OFF (UsedClusters=-) | EnvSparsityCfg={'Conv': 0.2, 'Linear': 0.2, 'Bias': 0.0, 'BatchNorm': 0.0} | EnvNClusters=3
[2026-01-29 18:37:57,842] [INFO] Model initialized on device: cuda:0
[2026-01-29 18:37:57,842] [INFO] [CLIENT INIT] Mode=SH | Sparsity=ON (UsedSparsity=0.2) | Clusters=OFF (UsedClusters=-) | EnvSparsityCfg={'Conv': 0.2, 'Linear': 0.2, 'Bias': 0.0, 'BatchNorm': 0.0} | EnvNClusters=3
[2026-01-29 18:37:57,911] [INFO] Model initialized on device: cuda:0
[2026-01-29 18:37:57,911] [INFO] [CLIENT INIT] Mode=SH | Sparsity=ON (UsedSparsity=0.2) | Clusters=OFF (UsedClusters=-) | EnvSparsityCfg={'Conv': 0.2, 'Linear': 0.2, 'Bias': 0.0, 'BatchNorm': 0.0} | EnvNClusters=3
[2026-01-29 18:37:58,110] [INFO] Model initialized on device: cuda:0
[2026-01-29 18:37:58,110] [INFO] [CLIENT INIT] Mode=SH | Sparsity=ON (UsedSparsity=0.2) | Clusters=OFF (UsedClusters=-) | EnvSparsityCfg={'Conv': 0.2, 'Linear': 0.2, 'Bias': 0.0, 'BatchNorm': 0.0} | EnvNClusters=3
[2026-01-29 18:37:58,111] [INFO] Model initialized on device: cuda:0
[2026-01-29 18:37:58,111] [INFO] [CLIENT INIT] Mode=SH | Sparsity=ON (UsedSparsity=0.2) | Clusters=OFF (UsedClusters=-) | EnvSparsityCfg={'Conv': 0.2, 'Linear': 0.2, 'Bias': 0.0, 'BatchNorm': 0.0} | EnvNClusters=3
[2026-01-29 18:37:58,112] [INFO] Model initialized on device: cuda:0
[2026-01-29 18:37:58,112] [INFO] [CLIENT INIT] Mode=SH | Sparsity=ON (UsedSparsity=0.2) | Clusters=OFF (UsedClusters=-) | EnvSparsityCfg={'Conv': 0.2, 'Linear': 0.2, 'Bias': 0.0, 'BatchNorm': 0.0} | EnvNClusters=3
[2026-01-29 18:37:58,114] [INFO] Model initialized on device: cuda:0
[2026-01-29 18:37:58,114] [INFO] [CLIENT INIT] Mode=SH | Sparsity=ON (UsedSparsity=0.2) | Clusters=OFF (UsedClusters=-) | EnvSparsityCfg={'Conv': 0.2, 'Linear': 0.2, 'Bias': 0.0, 'BatchNorm': 0.0} | EnvNClusters=3
[2026-01-29 18:37:58,122] [INFO] Model initialized on device: cuda:0
[2026-01-29 18:37:58,122] [INFO] [CLIENT INIT] Mode=SH | Sparsity=ON (UsedSparsity=0.2) | Clusters=OFF (UsedClusters=-) | EnvSparsityCfg={'Conv': 0.2, 'Linear': 0.2, 'Bias': 0.0, 'BatchNorm': 0.0} | EnvNClusters=3
[2026-01-29 18:37:58,122] [INFO] Model initialized on device: cuda:0
[2026-01-29 18:37:58,123] [INFO] [CLIENT INIT] Mode=SH | Sparsity=ON (UsedSparsity=0.2) | Clusters=OFF (UsedClusters=-) | EnvSparsityCfg={'Conv': 0.2, 'Linear': 0.2, 'Bias': 0.0, 'BatchNorm': 0.0} | EnvNClusters=3
[2026-01-29 18:38:06,710] [DEBUG] [TEST] Batch 1 | Pred shape: torch.Size([256, 256, 160]) | Label shape: torch.Size([256, 256, 160])
[2026-01-29 18:38:07,021] [DEBUG] [TEST] Batch 2 | Pred shape: torch.Size([256, 256, 160]) | Label shape: torch.Size([256, 256, 160])
[2026-01-29 18:38:07,353] [DEBUG] [TEST] Batch 3 | Pred shape: torch.Size([256, 256, 160]) | Label shape: torch.Size([256, 256, 160])
[2026-01-29 18:38:07,712] [DEBUG] [TEST] Batch 4 | Pred shape: torch.Size([256, 256, 160]) | Label shape: torch.Size([256, 256, 160])
[2026-01-29 18:38:07,814] [DEBUG] [TEST] Batch 5 | Pred shape: torch.Size([256, 256, 160]) | Label shape: torch.Size([256, 256, 160])
[2026-01-29 18:38:07,916] [DEBUG] [TEST] Batch 6 | Pred shape: torch.Size([256, 256, 160]) | Label shape: torch.Size([256, 256, 160])
[2026-01-29 18:38:08,017] [DEBUG] [TEST] Batch 7 | Pred shape: torch.Size([256, 256, 160]) | Label shape: torch.Size([256, 256, 160])
[2026-01-29 18:38:08,121] [DEBUG] [TEST] Batch 8 | Pred shape: torch.Size([256, 256, 160]) | Label shape: torch.Size([256, 256, 160])
[2026-01-29 18:38:08,215] [DEBUG] [TEST] Batch 9 | Pred shape: torch.Size([256, 256, 160]) | Label shape: torch.Size([256, 256, 160])
[2026-01-29 18:38:08,413] [DEBUG] [TEST] Batch 10 | Pred shape: torch.Size([256, 256, 160]) | Label shape: torch.Size([256, 256, 160])
[2026-01-29 18:38:10,349] [DEBUG] [TEST] Batch 11 | Pred shape: torch.Size([256, 256, 160]) | Label shape: torch.Size([256, 256, 160])
[2026-01-29 18:38:10,649] [DEBUG] [TEST] Batch 12 | Pred shape: torch.Size([256, 256, 160]) | Label shape: torch.Size([256, 256, 160])
[2026-01-29 18:38:10,909] [DEBUG] [TEST] Batch 13 | Pred shape: torch.Size([256, 256, 160]) | Label shape: torch.Size([256, 256, 160])
[2026-01-29 18:38:11,068] [DEBUG] [TEST] Batch 14 | Pred shape: torch.Size([256, 256, 160]) | Label shape: torch.Size([256, 256, 160])
[2026-01-29 18:38:11,257] [DEBUG] [TEST] Batch 15 | Pred shape: torch.Size([256, 256, 160]) | Label shape: torch.Size([256, 256, 160])
[2026-01-29 18:38:11,455] [DEBUG] [TEST] Batch 16 | Pred shape: torch.Size([256, 256, 160]) | Label shape: torch.Size([256, 256, 160])
[2026-01-29 18:38:17,407] [INFO] [FIT] Final model saved to: Revision2/Run_UNET_NonIID_SH20_20260129/Client3/model_final.pth
[2026-01-29 18:38:35,872] [INFO] [COMM][CLIENT] Round=-1 Mode=SH UsedSparsity=0.2 UsedClusters=- BaselineBits=154016352.0 CompressedBits=165118169.8 CR=0.933
[2026-01-29 18:46:34,722] [INFO] [EVALUATE] Starting evaluation...
[2026-01-29 18:46:36,719] [INFO] [DEBUG] Loaded compressed decoded weights.
[2026-01-29 18:47:37,731] [INFO] Model initialized on device: cuda:0
[2026-01-29 18:47:37,732] [INFO] [CLIENT INIT] Mode=SH | Sparsity=ON (UsedSparsity=0.2) | Clusters=OFF (UsedClusters=-) | EnvSparsityCfg={'Conv': 0.2, 'Linear': 0.2, 'Bias': 0.0, 'BatchNorm': 0.0} | EnvNClusters=3
[2026-01-29 18:47:38,322] [INFO] Model initialized on device: cuda:0
[2026-01-29 18:47:38,322] [INFO] [CLIENT INIT] Mode=SH | Sparsity=ON (UsedSparsity=0.2) | Clusters=OFF (UsedClusters=-) | EnvSparsityCfg={'Conv': 0.2, 'Linear': 0.2, 'Bias': 0.0, 'BatchNorm': 0.0} | EnvNClusters=3
[2026-01-29 18:47:38,630] [INFO] Model initialized on device: cuda:0
[2026-01-29 18:47:38,630] [INFO] [CLIENT INIT] Mode=SH | Sparsity=ON (UsedSparsity=0.2) | Clusters=OFF (UsedClusters=-) | EnvSparsityCfg={'Conv': 0.2, 'Linear': 0.2, 'Bias': 0.0, 'BatchNorm': 0.0} | EnvNClusters=3
[2026-01-29 18:47:38,645] [INFO] Model initialized on device: cuda:0
[2026-01-29 18:47:38,646] [INFO] [CLIENT INIT] Mode=SH | Sparsity=ON (UsedSparsity=0.2) | Clusters=OFF (UsedClusters=-) | EnvSparsityCfg={'Conv': 0.2, 'Linear': 0.2, 'Bias': 0.0, 'BatchNorm': 0.0} | EnvNClusters=3
[2026-01-29 18:47:40,447] [INFO] Model initialized on device: cuda:0
[2026-01-29 18:47:40,448] [INFO] [CLIENT INIT] Mode=SH | Sparsity=ON (UsedSparsity=0.2) | Clusters=OFF (UsedClusters=-) | EnvSparsityCfg={'Conv': 0.2, 'Linear': 0.2, 'Bias': 0.0, 'BatchNorm': 0.0} | EnvNClusters=3
[2026-01-29 18:47:40,511] [INFO] Model initialized on device: cuda:0
[2026-01-29 18:47:40,512] [INFO] [CLIENT INIT] Mode=SH | Sparsity=ON (UsedSparsity=0.2) | Clusters=OFF (UsedClusters=-) | EnvSparsityCfg={'Conv': 0.2, 'Linear': 0.2, 'Bias': 0.0, 'BatchNorm': 0.0} | EnvNClusters=3
[2026-01-29 18:47:40,616] [INFO] Model initialized on device: cuda:0
[2026-01-29 18:47:40,616] [INFO] [CLIENT INIT] Mode=SH | Sparsity=ON (UsedSparsity=0.2) | Clusters=OFF (UsedClusters=-) | EnvSparsityCfg={'Conv': 0.2, 'Linear': 0.2, 'Bias': 0.0, 'BatchNorm': 0.0} | EnvNClusters=3
[2026-01-29 18:47:40,933] [INFO] Model initialized on device: cuda:0
[2026-01-29 18:47:40,933] [INFO] [CLIENT INIT] Mode=SH | Sparsity=ON (UsedSparsity=0.2) | Clusters=OFF (UsedClusters=-) | EnvSparsityCfg={'Conv': 0.2, 'Linear': 0.2, 'Bias': 0.0, 'BatchNorm': 0.0} | EnvNClusters=3
[2026-01-29 18:47:40,935] [INFO] Model initialized on device: cuda:0
[2026-01-29 18:47:40,935] [INFO] [CLIENT INIT] Mode=SH | Sparsity=ON (UsedSparsity=0.2) | Clusters=OFF (UsedClusters=-) | EnvSparsityCfg={'Conv': 0.2, 'Linear': 0.2, 'Bias': 0.0, 'BatchNorm': 0.0} | EnvNClusters=3
[2026-01-29 18:47:41,727] [INFO] Model initialized on device: cuda:0
[2026-01-29 18:47:41,727] [INFO] [CLIENT INIT] Mode=SH | Sparsity=ON (UsedSparsity=0.2) | Clusters=OFF (UsedClusters=-) | EnvSparsityCfg={'Conv': 0.2, 'Linear': 0.2, 'Bias': 0.0, 'BatchNorm': 0.0} | EnvNClusters=3
[2026-01-29 18:47:43,817] [DEBUG] [TEST] Batch 1 | Pred shape: torch.Size([256, 256, 160]) | Label shape: torch.Size([256, 256, 160])
[2026-01-29 18:47:44,744] [DEBUG] [TEST] Batch 2 | Pred shape: torch.Size([256, 256, 160]) | Label shape: torch.Size([256, 256, 160])
[2026-01-29 18:47:44,910] [DEBUG] [TEST] Batch 3 | Pred shape: torch.Size([256, 256, 160]) | Label shape: torch.Size([256, 256, 160])
[2026-01-29 18:47:45,021] [DEBUG] [TEST] Batch 4 | Pred shape: torch.Size([256, 256, 160]) | Label shape: torch.Size([256, 256, 160])
[2026-01-29 18:47:48,820] [DEBUG] [TEST] Batch 5 | Pred shape: torch.Size([256, 256, 160]) | Label shape: torch.Size([256, 256, 160])
[2026-01-29 18:47:49,013] [DEBUG] [TEST] Batch 6 | Pred shape: torch.Size([256, 256, 160]) | Label shape: torch.Size([256, 256, 160])
[2026-01-29 18:47:49,157] [DEBUG] [TEST] Batch 7 | Pred shape: torch.Size([256, 256, 160]) | Label shape: torch.Size([256, 256, 160])
[2026-01-29 18:47:49,408] [DEBUG] [TEST] Batch 8 | Pred shape: torch.Size([256, 256, 160]) | Label shape: torch.Size([256, 256, 160])
[2026-01-29 18:47:49,621] [DEBUG] [TEST] Batch 9 | Pred shape: torch.Size([256, 256, 160]) | Label shape: torch.Size([256, 256, 160])
[2026-01-29 18:47:49,725] [DEBUG] [TEST] Batch 10 | Pred shape: torch.Size([256, 256, 160]) | Label shape: torch.Size([256, 256, 160])
[2026-01-29 18:47:49,926] [DEBUG] [TEST] Batch 11 | Pred shape: torch.Size([256, 256, 160]) | Label shape: torch.Size([256, 256, 160])
[2026-01-29 18:47:50,316] [DEBUG] [TEST] Batch 12 | Pred shape: torch.Size([256, 256, 160]) | Label shape: torch.Size([256, 256, 160])
[2026-01-29 18:47:50,527] [DEBUG] [TEST] Batch 13 | Pred shape: torch.Size([256, 256, 160]) | Label shape: torch.Size([256, 256, 160])
[2026-01-29 18:47:50,826] [DEBUG] [TEST] Batch 14 | Pred shape: torch.Size([256, 256, 160]) | Label shape: torch.Size([256, 256, 160])
[2026-01-29 18:47:53,115] [DEBUG] [TEST] Batch 15 | Pred shape: torch.Size([256, 256, 160]) | Label shape: torch.Size([256, 256, 160])
[2026-01-29 18:47:53,358] [DEBUG] [TEST] Batch 16 | Pred shape: torch.Size([256, 256, 160]) | Label shape: torch.Size([256, 256, 160])
[2026-01-29 18:47:59,416] [INFO] [EVALUATE] Dice WT: 0.9432
[2026-01-29 18:48:14,720] [INFO] [FIT] Received parameters. Starting local training...
[2026-01-29 18:48:17,220] [INFO] [DEBUG] Loaded compressed decoded weights.
[2026-01-29 18:49:15,928] [INFO] Model initialized on device: cuda:0
[2026-01-29 18:49:15,928] [INFO] [CLIENT INIT] Mode=SH | Sparsity=ON (UsedSparsity=0.2) | Clusters=OFF (UsedClusters=-) | EnvSparsityCfg={'Conv': 0.2, 'Linear': 0.2, 'Bias': 0.0, 'BatchNorm': 0.0} | EnvNClusters=3
[2026-01-29 18:49:16,145] [INFO] Model initialized on device: cuda:0
[2026-01-29 18:49:16,146] [INFO] [CLIENT INIT] Mode=SH | Sparsity=ON (UsedSparsity=0.2) | Clusters=OFF (UsedClusters=-) | EnvSparsityCfg={'Conv': 0.2, 'Linear': 0.2, 'Bias': 0.0, 'BatchNorm': 0.0} | EnvNClusters=3
[2026-01-29 18:49:16,439] [INFO] Model initialized on device: cuda:0
[2026-01-29 18:49:16,439] [INFO] [CLIENT INIT] Mode=SH | Sparsity=ON (UsedSparsity=0.2) | Clusters=OFF (UsedClusters=-) | EnvSparsityCfg={'Conv': 0.2, 'Linear': 0.2, 'Bias': 0.0, 'BatchNorm': 0.0} | EnvNClusters=3
[2026-01-29 18:49:16,707] [INFO] Model initialized on device: cuda:0
[2026-01-29 18:49:16,708] [INFO] [CLIENT INIT] Mode=SH | Sparsity=ON (UsedSparsity=0.2) | Clusters=OFF (UsedClusters=-) | EnvSparsityCfg={'Conv': 0.2, 'Linear': 0.2, 'Bias': 0.0, 'BatchNorm': 0.0} | EnvNClusters=3
[2026-01-29 18:49:20,920] [INFO] Model initialized on device: cuda:0
[2026-01-29 18:49:20,920] [INFO] [CLIENT INIT] Mode=SH | Sparsity=ON (UsedSparsity=0.2) | Clusters=OFF (UsedClusters=-) | EnvSparsityCfg={'Conv': 0.2, 'Linear': 0.2, 'Bias': 0.0, 'BatchNorm': 0.0} | EnvNClusters=3
[2026-01-29 18:49:21,922] [INFO] Model initialized on device: cuda:0
[2026-01-29 18:49:21,922] [INFO] [CLIENT INIT] Mode=SH | Sparsity=ON (UsedSparsity=0.2) | Clusters=OFF (UsedClusters=-) | EnvSparsityCfg={'Conv': 0.2, 'Linear': 0.2, 'Bias': 0.0, 'BatchNorm': 0.0} | EnvNClusters=3
[2026-01-29 18:49:22,017] [INFO] Model initialized on device: cuda:0
[2026-01-29 18:49:22,018] [INFO] [CLIENT INIT] Mode=SH | Sparsity=ON (UsedSparsity=0.2) | Clusters=OFF (UsedClusters=-) | EnvSparsityCfg={'Conv': 0.2, 'Linear': 0.2, 'Bias': 0.0, 'BatchNorm': 0.0} | EnvNClusters=3
[2026-01-29 18:49:22,019] [INFO] Model initialized on device: cuda:0
[2026-01-29 18:49:22,019] [INFO] [CLIENT INIT] Mode=SH | Sparsity=ON (UsedSparsity=0.2) | Clusters=OFF (UsedClusters=-) | EnvSparsityCfg={'Conv': 0.2, 'Linear': 0.2, 'Bias': 0.0, 'BatchNorm': 0.0} | EnvNClusters=3
[2026-01-29 18:49:22,020] [INFO] Model initialized on device: cuda:0
[2026-01-29 18:49:22,021] [INFO] [CLIENT INIT] Mode=SH | Sparsity=ON (UsedSparsity=0.2) | Clusters=OFF (UsedClusters=-) | EnvSparsityCfg={'Conv': 0.2, 'Linear': 0.2, 'Bias': 0.0, 'BatchNorm': 0.0} | EnvNClusters=3
[2026-01-29 18:49:22,024] [INFO] Model initialized on device: cuda:0
[2026-01-29 18:49:22,024] [INFO] [CLIENT INIT] Mode=SH | Sparsity=ON (UsedSparsity=0.2) | Clusters=OFF (UsedClusters=-) | EnvSparsityCfg={'Conv': 0.2, 'Linear': 0.2, 'Bias': 0.0, 'BatchNorm': 0.0} | EnvNClusters=3
[2026-01-29 18:51:15,121] [INFO] [TRAIN] Epoch 1 Loss: 0.1784
[2026-01-29 18:51:49,940] [INFO] Model initialized on device: cuda:0
[2026-01-29 18:51:49,940] [INFO] [CLIENT INIT] Mode=SH | Sparsity=ON (UsedSparsity=0.2) | Clusters=OFF (UsedClusters=-) | EnvSparsityCfg={'Conv': 0.2, 'Linear': 0.2, 'Bias': 0.0, 'BatchNorm': 0.0} | EnvNClusters=3
[2026-01-29 18:51:53,015] [INFO] Model initialized on device: cuda:0
[2026-01-29 18:51:53,015] [INFO] [CLIENT INIT] Mode=SH | Sparsity=ON (UsedSparsity=0.2) | Clusters=OFF (UsedClusters=-) | EnvSparsityCfg={'Conv': 0.2, 'Linear': 0.2, 'Bias': 0.0, 'BatchNorm': 0.0} | EnvNClusters=3
[2026-01-29 18:52:00,239] [INFO] Model initialized on device: cuda:0
[2026-01-29 18:52:00,239] [INFO] [CLIENT INIT] Mode=SH | Sparsity=ON (UsedSparsity=0.2) | Clusters=OFF (UsedClusters=-) | EnvSparsityCfg={'Conv': 0.2, 'Linear': 0.2, 'Bias': 0.0, 'BatchNorm': 0.0} | EnvNClusters=3
[2026-01-29 18:52:01,809] [INFO] Model initialized on device: cuda:0
[2026-01-29 18:52:01,809] [INFO] [CLIENT INIT] Mode=SH | Sparsity=ON (UsedSparsity=0.2) | Clusters=OFF (UsedClusters=-) | EnvSparsityCfg={'Conv': 0.2, 'Linear': 0.2, 'Bias': 0.0, 'BatchNorm': 0.0} | EnvNClusters=3
[2026-01-29 18:52:02,014] [INFO] Model initialized on device: cuda:0
[2026-01-29 18:52:02,014] [INFO] [CLIENT INIT] Mode=SH | Sparsity=ON (UsedSparsity=0.2) | Clusters=OFF (UsedClusters=-) | EnvSparsityCfg={'Conv': 0.2, 'Linear': 0.2, 'Bias': 0.0, 'BatchNorm': 0.0} | EnvNClusters=3
[2026-01-29 18:52:02,113] [INFO] Model initialized on device: cuda:0
[2026-01-29 18:52:02,114] [INFO] [CLIENT INIT] Mode=SH | Sparsity=ON (UsedSparsity=0.2) | Clusters=OFF (UsedClusters=-) | EnvSparsityCfg={'Conv': 0.2, 'Linear': 0.2, 'Bias': 0.0, 'BatchNorm': 0.0} | EnvNClusters=3
[2026-01-29 18:52:02,118] [INFO] Model initialized on device: cuda:0
[2026-01-29 18:52:02,118] [INFO] [CLIENT INIT] Mode=SH | Sparsity=ON (UsedSparsity=0.2) | Clusters=OFF (UsedClusters=-) | EnvSparsityCfg={'Conv': 0.2, 'Linear': 0.2, 'Bias': 0.0, 'BatchNorm': 0.0} | EnvNClusters=3
[2026-01-29 18:52:02,119] [INFO] Model initialized on device: cuda:0
[2026-01-29 18:52:02,119] [INFO] [CLIENT INIT] Mode=SH | Sparsity=ON (UsedSparsity=0.2) | Clusters=OFF (UsedClusters=-) | EnvSparsityCfg={'Conv': 0.2, 'Linear': 0.2, 'Bias': 0.0, 'BatchNorm': 0.0} | EnvNClusters=3
[2026-01-29 18:52:02,120] [INFO] Model initialized on device: cuda:0
[2026-01-29 18:52:02,120] [INFO] [CLIENT INIT] Mode=SH | Sparsity=ON (UsedSparsity=0.2) | Clusters=OFF (UsedClusters=-) | EnvSparsityCfg={'Conv': 0.2, 'Linear': 0.2, 'Bias': 0.0, 'BatchNorm': 0.0} | EnvNClusters=3
[2026-01-29 18:52:02,120] [INFO] Model initialized on device: cuda:0
[2026-01-29 18:52:02,120] [INFO] [CLIENT INIT] Mode=SH | Sparsity=ON (UsedSparsity=0.2) | Clusters=OFF (UsedClusters=-) | EnvSparsityCfg={'Conv': 0.2, 'Linear': 0.2, 'Bias': 0.0, 'BatchNorm': 0.0} | EnvNClusters=3
[2026-01-29 18:53:46,014] [INFO] [TRAIN] Epoch 2 Loss: 0.1656
[2026-01-29 18:54:32,825] [INFO] Model initialized on device: cuda:0
[2026-01-29 18:54:32,825] [INFO] [CLIENT INIT] Mode=SH | Sparsity=ON (UsedSparsity=0.2) | Clusters=OFF (UsedClusters=-) | EnvSparsityCfg={'Conv': 0.2, 'Linear': 0.2, 'Bias': 0.0, 'BatchNorm': 0.0} | EnvNClusters=3
[2026-01-29 18:54:33,437] [INFO] Model initialized on device: cuda:0
[2026-01-29 18:54:33,437] [INFO] [CLIENT INIT] Mode=SH | Sparsity=ON (UsedSparsity=0.2) | Clusters=OFF (UsedClusters=-) | EnvSparsityCfg={'Conv': 0.2, 'Linear': 0.2, 'Bias': 0.0, 'BatchNorm': 0.0} | EnvNClusters=3
[2026-01-29 18:54:33,439] [INFO] Model initialized on device: cuda:0
[2026-01-29 18:54:33,439] [INFO] [CLIENT INIT] Mode=SH | Sparsity=ON (UsedSparsity=0.2) | Clusters=OFF (UsedClusters=-) | EnvSparsityCfg={'Conv': 0.2, 'Linear': 0.2, 'Bias': 0.0, 'BatchNorm': 0.0} | EnvNClusters=3
[2026-01-29 18:54:33,441] [INFO] Model initialized on device: cuda:0
[2026-01-29 18:54:33,441] [INFO] [CLIENT INIT] Mode=SH | Sparsity=ON (UsedSparsity=0.2) | Clusters=OFF (UsedClusters=-) | EnvSparsityCfg={'Conv': 0.2, 'Linear': 0.2, 'Bias': 0.0, 'BatchNorm': 0.0} | EnvNClusters=3
[2026-01-29 18:54:33,522] [INFO] Model initialized on device: cuda:0
[2026-01-29 18:54:33,522] [INFO] [CLIENT INIT] Mode=SH | Sparsity=ON (UsedSparsity=0.2) | Clusters=OFF (UsedClusters=-) | EnvSparsityCfg={'Conv': 0.2, 'Linear': 0.2, 'Bias': 0.0, 'BatchNorm': 0.0} | EnvNClusters=3
[2026-01-29 18:54:33,525] [INFO] Model initialized on device: cuda:0
[2026-01-29 18:54:33,525] [INFO] [CLIENT INIT] Mode=SH | Sparsity=ON (UsedSparsity=0.2) | Clusters=OFF (UsedClusters=-) | EnvSparsityCfg={'Conv': 0.2, 'Linear': 0.2, 'Bias': 0.0, 'BatchNorm': 0.0} | EnvNClusters=3
[2026-01-29 18:54:33,535] [INFO] Model initialized on device: cuda:0
[2026-01-29 18:54:33,535] [INFO] [CLIENT INIT] Mode=SH | Sparsity=ON (UsedSparsity=0.2) | Clusters=OFF (UsedClusters=-) | EnvSparsityCfg={'Conv': 0.2, 'Linear': 0.2, 'Bias': 0.0, 'BatchNorm': 0.0} | EnvNClusters=3
[2026-01-29 18:54:33,537] [INFO] Model initialized on device: cuda:0
[2026-01-29 18:54:33,537] [INFO] [CLIENT INIT] Mode=SH | Sparsity=ON (UsedSparsity=0.2) | Clusters=OFF (UsedClusters=-) | EnvSparsityCfg={'Conv': 0.2, 'Linear': 0.2, 'Bias': 0.0, 'BatchNorm': 0.0} | EnvNClusters=3
[2026-01-29 18:54:33,541] [INFO] Model initialized on device: cuda:0
[2026-01-29 18:54:33,541] [INFO] Model initialized on device: cuda:0
[2026-01-29 18:54:33,541] [INFO] [CLIENT INIT] Mode=SH | Sparsity=ON (UsedSparsity=0.2) | Clusters=OFF (UsedClusters=-) | EnvSparsityCfg={'Conv': 0.2, 'Linear': 0.2, 'Bias': 0.0, 'BatchNorm': 0.0} | EnvNClusters=3
[2026-01-29 18:54:33,541] [INFO] [CLIENT INIT] Mode=SH | Sparsity=ON (UsedSparsity=0.2) | Clusters=OFF (UsedClusters=-) | EnvSparsityCfg={'Conv': 0.2, 'Linear': 0.2, 'Bias': 0.0, 'BatchNorm': 0.0} | EnvNClusters=3
[2026-01-29 18:56:17,813] [INFO] [TRAIN] Epoch 3 Loss: 0.1543
[2026-01-29 18:56:54,931] [INFO] Model initialized on device: cuda:0
[2026-01-29 18:56:54,931] [INFO] [CLIENT INIT] Mode=SH | Sparsity=ON (UsedSparsity=0.2) | Clusters=OFF (UsedClusters=-) | EnvSparsityCfg={'Conv': 0.2, 'Linear': 0.2, 'Bias': 0.0, 'BatchNorm': 0.0} | EnvNClusters=3
[2026-01-29 18:56:55,011] [INFO] Model initialized on device: cuda:0
[2026-01-29 18:56:55,011] [INFO] [CLIENT INIT] Mode=SH | Sparsity=ON (UsedSparsity=0.2) | Clusters=OFF (UsedClusters=-) | EnvSparsityCfg={'Conv': 0.2, 'Linear': 0.2, 'Bias': 0.0, 'BatchNorm': 0.0} | EnvNClusters=3
[2026-01-29 18:56:59,921] [INFO] Model initialized on device: cuda:0
[2026-01-29 18:56:59,922] [INFO] [CLIENT INIT] Mode=SH | Sparsity=ON (UsedSparsity=0.2) | Clusters=OFF (UsedClusters=-) | EnvSparsityCfg={'Conv': 0.2, 'Linear': 0.2, 'Bias': 0.0, 'BatchNorm': 0.0} | EnvNClusters=3
[2026-01-29 18:57:00,724] [INFO] Model initialized on device: cuda:0
[2026-01-29 18:57:00,725] [INFO] [CLIENT INIT] Mode=SH | Sparsity=ON (UsedSparsity=0.2) | Clusters=OFF (UsedClusters=-) | EnvSparsityCfg={'Conv': 0.2, 'Linear': 0.2, 'Bias': 0.0, 'BatchNorm': 0.0} | EnvNClusters=3
[2026-01-29 18:57:05,037] [INFO] Model initialized on device: cuda:0
[2026-01-29 18:57:05,038] [INFO] [CLIENT INIT] Mode=SH | Sparsity=ON (UsedSparsity=0.2) | Clusters=OFF (UsedClusters=-) | EnvSparsityCfg={'Conv': 0.2, 'Linear': 0.2, 'Bias': 0.0, 'BatchNorm': 0.0} | EnvNClusters=3
[2026-01-29 18:57:05,112] [INFO] Model initialized on device: cuda:0
[2026-01-29 18:57:05,112] [INFO] [CLIENT INIT] Mode=SH | Sparsity=ON (UsedSparsity=0.2) | Clusters=OFF (UsedClusters=-) | EnvSparsityCfg={'Conv': 0.2, 'Linear': 0.2, 'Bias': 0.0, 'BatchNorm': 0.0} | EnvNClusters=3
[2026-01-29 18:57:05,120] [INFO] Model initialized on device: cuda:0
[2026-01-29 18:57:05,120] [INFO] [CLIENT INIT] Mode=SH | Sparsity=ON (UsedSparsity=0.2) | Clusters=OFF (UsedClusters=-) | EnvSparsityCfg={'Conv': 0.2, 'Linear': 0.2, 'Bias': 0.0, 'BatchNorm': 0.0} | EnvNClusters=3
[2026-01-29 18:57:05,122] [INFO] Model initialized on device: cuda:0
[2026-01-29 18:57:05,122] [INFO] [CLIENT INIT] Mode=SH | Sparsity=ON (UsedSparsity=0.2) | Clusters=OFF (UsedClusters=-) | EnvSparsityCfg={'Conv': 0.2, 'Linear': 0.2, 'Bias': 0.0, 'BatchNorm': 0.0} | EnvNClusters=3
[2026-01-29 18:57:05,131] [INFO] Model initialized on device: cuda:0
[2026-01-29 18:57:05,131] [INFO] [CLIENT INIT] Mode=SH | Sparsity=ON (UsedSparsity=0.2) | Clusters=OFF (UsedClusters=-) | EnvSparsityCfg={'Conv': 0.2, 'Linear': 0.2, 'Bias': 0.0, 'BatchNorm': 0.0} | EnvNClusters=3
[2026-01-29 18:57:05,132] [INFO] Model initialized on device: cuda:0
[2026-01-29 18:57:05,132] [INFO] [CLIENT INIT] Mode=SH | Sparsity=ON (UsedSparsity=0.2) | Clusters=OFF (UsedClusters=-) | EnvSparsityCfg={'Conv': 0.2, 'Linear': 0.2, 'Bias': 0.0, 'BatchNorm': 0.0} | EnvNClusters=3
[2026-01-29 18:58:51,547] [INFO] [TRAIN] Epoch 4 Loss: 0.1556
[2026-01-29 18:59:31,113] [INFO] Model initialized on device: cuda:0
[2026-01-29 18:59:31,113] [INFO] [CLIENT INIT] Mode=SH | Sparsity=ON (UsedSparsity=0.2) | Clusters=OFF (UsedClusters=-) | EnvSparsityCfg={'Conv': 0.2, 'Linear': 0.2, 'Bias': 0.0, 'BatchNorm': 0.0} | EnvNClusters=3
[2026-01-29 18:59:35,307] [INFO] Model initialized on device: cuda:0
[2026-01-29 18:59:35,307] [INFO] [CLIENT INIT] Mode=SH | Sparsity=ON (UsedSparsity=0.2) | Clusters=OFF (UsedClusters=-) | EnvSparsityCfg={'Conv': 0.2, 'Linear': 0.2, 'Bias': 0.0, 'BatchNorm': 0.0} | EnvNClusters=3
[2026-01-29 18:59:35,838] [INFO] Model initialized on device: cuda:0
[2026-01-29 18:59:35,838] [INFO] [CLIENT INIT] Mode=SH | Sparsity=ON (UsedSparsity=0.2) | Clusters=OFF (UsedClusters=-) | EnvSparsityCfg={'Conv': 0.2, 'Linear': 0.2, 'Bias': 0.0, 'BatchNorm': 0.0} | EnvNClusters=3
[2026-01-29 18:59:36,115] [INFO] Model initialized on device: cuda:0
[2026-01-29 18:59:36,116] [INFO] [CLIENT INIT] Mode=SH | Sparsity=ON (UsedSparsity=0.2) | Clusters=OFF (UsedClusters=-) | EnvSparsityCfg={'Conv': 0.2, 'Linear': 0.2, 'Bias': 0.0, 'BatchNorm': 0.0} | EnvNClusters=3
[2026-01-29 18:59:39,528] [INFO] Model initialized on device: cuda:0
[2026-01-29 18:59:39,529] [INFO] [CLIENT INIT] Mode=SH | Sparsity=ON (UsedSparsity=0.2) | Clusters=OFF (UsedClusters=-) | EnvSparsityCfg={'Conv': 0.2, 'Linear': 0.2, 'Bias': 0.0, 'BatchNorm': 0.0} | EnvNClusters=3
[2026-01-29 18:59:39,628] [INFO] Model initialized on device: cuda:0
[2026-01-29 18:59:39,629] [INFO] [CLIENT INIT] Mode=SH | Sparsity=ON (UsedSparsity=0.2) | Clusters=OFF (UsedClusters=-) | EnvSparsityCfg={'Conv': 0.2, 'Linear': 0.2, 'Bias': 0.0, 'BatchNorm': 0.0} | EnvNClusters=3
[2026-01-29 18:59:39,711] [INFO] Model initialized on device: cuda:0
[2026-01-29 18:59:39,712] [INFO] [CLIENT INIT] Mode=SH | Sparsity=ON (UsedSparsity=0.2) | Clusters=OFF (UsedClusters=-) | EnvSparsityCfg={'Conv': 0.2, 'Linear': 0.2, 'Bias': 0.0, 'BatchNorm': 0.0} | EnvNClusters=3
[2026-01-29 18:59:39,920] [INFO] Model initialized on device: cuda:0
[2026-01-29 18:59:39,921] [INFO] [CLIENT INIT] Mode=SH | Sparsity=ON (UsedSparsity=0.2) | Clusters=OFF (UsedClusters=-) | EnvSparsityCfg={'Conv': 0.2, 'Linear': 0.2, 'Bias': 0.0, 'BatchNorm': 0.0} | EnvNClusters=3
[2026-01-29 18:59:40,115] [INFO] Model initialized on device: cuda:0
[2026-01-29 18:59:40,115] [INFO] [CLIENT INIT] Mode=SH | Sparsity=ON (UsedSparsity=0.2) | Clusters=OFF (UsedClusters=-) | EnvSparsityCfg={'Conv': 0.2, 'Linear': 0.2, 'Bias': 0.0, 'BatchNorm': 0.0} | EnvNClusters=3
[2026-01-29 18:59:40,121] [INFO] Model initialized on device: cuda:0
[2026-01-29 18:59:40,121] [INFO] [CLIENT INIT] Mode=SH | Sparsity=ON (UsedSparsity=0.2) | Clusters=OFF (UsedClusters=-) | EnvSparsityCfg={'Conv': 0.2, 'Linear': 0.2, 'Bias': 0.0, 'BatchNorm': 0.0} | EnvNClusters=3
[2026-01-29 19:01:17,917] [INFO] [TRAIN] Epoch 5 Loss: 0.1562
[2026-01-29 19:01:17,922] [INFO] [FIT] Local training finished. Avg Loss: 0.1620
[2026-01-29 19:01:53,215] [INFO] Model initialized on device: cuda:0
[2026-01-29 19:01:53,215] [INFO] [CLIENT INIT] Mode=SH | Sparsity=ON (UsedSparsity=0.2) | Clusters=OFF (UsedClusters=-) | EnvSparsityCfg={'Conv': 0.2, 'Linear': 0.2, 'Bias': 0.0, 'BatchNorm': 0.0} | EnvNClusters=3
[2026-01-29 19:01:53,514] [INFO] Model initialized on device: cuda:0
[2026-01-29 19:01:53,514] [INFO] [CLIENT INIT] Mode=SH | Sparsity=ON (UsedSparsity=0.2) | Clusters=OFF (UsedClusters=-) | EnvSparsityCfg={'Conv': 0.2, 'Linear': 0.2, 'Bias': 0.0, 'BatchNorm': 0.0} | EnvNClusters=3
[2026-01-29 19:01:54,257] [INFO] Model initialized on device: cuda:0
[2026-01-29 19:01:54,257] [INFO] [CLIENT INIT] Mode=SH | Sparsity=ON (UsedSparsity=0.2) | Clusters=OFF (UsedClusters=-) | EnvSparsityCfg={'Conv': 0.2, 'Linear': 0.2, 'Bias': 0.0, 'BatchNorm': 0.0} | EnvNClusters=3
[2026-01-29 19:01:55,507] [INFO] Model initialized on device: cuda:0
[2026-01-29 19:01:55,508] [INFO] [CLIENT INIT] Mode=SH | Sparsity=ON (UsedSparsity=0.2) | Clusters=OFF (UsedClusters=-) | EnvSparsityCfg={'Conv': 0.2, 'Linear': 0.2, 'Bias': 0.0, 'BatchNorm': 0.0} | EnvNClusters=3
[2026-01-29 19:01:56,013] [INFO] Model initialized on device: cuda:0
[2026-01-29 19:01:56,013] [INFO] [CLIENT INIT] Mode=SH | Sparsity=ON (UsedSparsity=0.2) | Clusters=OFF (UsedClusters=-) | EnvSparsityCfg={'Conv': 0.2, 'Linear': 0.2, 'Bias': 0.0, 'BatchNorm': 0.0} | EnvNClusters=3
[2026-01-29 19:01:56,224] [INFO] Model initialized on device: cuda:0
[2026-01-29 19:01:56,224] [INFO] Model initialized on device: cuda:0
[2026-01-29 19:01:56,224] [INFO] [CLIENT INIT] Mode=SH | Sparsity=ON (UsedSparsity=0.2) | Clusters=OFF (UsedClusters=-) | EnvSparsityCfg={'Conv': 0.2, 'Linear': 0.2, 'Bias': 0.0, 'BatchNorm': 0.0} | EnvNClusters=3
[2026-01-29 19:01:56,224] [INFO] [CLIENT INIT] Mode=SH | Sparsity=ON (UsedSparsity=0.2) | Clusters=OFF (UsedClusters=-) | EnvSparsityCfg={'Conv': 0.2, 'Linear': 0.2, 'Bias': 0.0, 'BatchNorm': 0.0} | EnvNClusters=3
[2026-01-29 19:01:56,226] [INFO] Model initialized on device: cuda:0
[2026-01-29 19:01:56,226] [INFO] [CLIENT INIT] Mode=SH | Sparsity=ON (UsedSparsity=0.2) | Clusters=OFF (UsedClusters=-) | EnvSparsityCfg={'Conv': 0.2, 'Linear': 0.2, 'Bias': 0.0, 'BatchNorm': 0.0} | EnvNClusters=3
[2026-01-29 19:01:56,227] [INFO] Model initialized on device: cuda:0
[2026-01-29 19:01:56,228] [INFO] [CLIENT INIT] Mode=SH | Sparsity=ON (UsedSparsity=0.2) | Clusters=OFF (UsedClusters=-) | EnvSparsityCfg={'Conv': 0.2, 'Linear': 0.2, 'Bias': 0.0, 'BatchNorm': 0.0} | EnvNClusters=3
[2026-01-29 19:01:56,228] [INFO] Model initialized on device: cuda:0
[2026-01-29 19:01:56,228] [INFO] [CLIENT INIT] Mode=SH | Sparsity=ON (UsedSparsity=0.2) | Clusters=OFF (UsedClusters=-) | EnvSparsityCfg={'Conv': 0.2, 'Linear': 0.2, 'Bias': 0.0, 'BatchNorm': 0.0} | EnvNClusters=3
[2026-01-29 19:02:02,419] [DEBUG] [TEST] Batch 1 | Pred shape: torch.Size([256, 256, 160]) | Label shape: torch.Size([256, 256, 160])
[2026-01-29 19:02:02,725] [DEBUG] [TEST] Batch 2 | Pred shape: torch.Size([256, 256, 160]) | Label shape: torch.Size([256, 256, 160])
[2026-01-29 19:02:03,114] [DEBUG] [TEST] Batch 3 | Pred shape: torch.Size([256, 256, 160]) | Label shape: torch.Size([256, 256, 160])
[2026-01-29 19:02:03,220] [DEBUG] [TEST] Batch 4 | Pred shape: torch.Size([256, 256, 160]) | Label shape: torch.Size([256, 256, 160])
[2026-01-29 19:02:03,320] [DEBUG] [TEST] Batch 5 | Pred shape: torch.Size([256, 256, 160]) | Label shape: torch.Size([256, 256, 160])
[2026-01-29 19:02:03,415] [DEBUG] [TEST] Batch 6 | Pred shape: torch.Size([256, 256, 160]) | Label shape: torch.Size([256, 256, 160])
[2026-01-29 19:02:03,521] [DEBUG] [TEST] Batch 7 | Pred shape: torch.Size([256, 256, 160]) | Label shape: torch.Size([256, 256, 160])
[2026-01-29 19:02:03,623] [DEBUG] [TEST] Batch 8 | Pred shape: torch.Size([256, 256, 160]) | Label shape: torch.Size([256, 256, 160])
[2026-01-29 19:02:03,808] [DEBUG] [TEST] Batch 9 | Pred shape: torch.Size([256, 256, 160]) | Label shape: torch.Size([256, 256, 160])
[2026-01-29 19:02:04,010] [DEBUG] [TEST] Batch 10 | Pred shape: torch.Size([256, 256, 160]) | Label shape: torch.Size([256, 256, 160])
[2026-01-29 19:02:07,008] [DEBUG] [TEST] Batch 11 | Pred shape: torch.Size([256, 256, 160]) | Label shape: torch.Size([256, 256, 160])
[2026-01-29 19:02:07,248] [DEBUG] [TEST] Batch 12 | Pred shape: torch.Size([256, 256, 160]) | Label shape: torch.Size([256, 256, 160])
[2026-01-29 19:02:08,112] [DEBUG] [TEST] Batch 13 | Pred shape: torch.Size([256, 256, 160]) | Label shape: torch.Size([256, 256, 160])
[2026-01-29 19:02:08,169] [DEBUG] [TEST] Batch 14 | Pred shape: torch.Size([256, 256, 160]) | Label shape: torch.Size([256, 256, 160])
[2026-01-29 19:02:08,257] [DEBUG] [TEST] Batch 15 | Pred shape: torch.Size([256, 256, 160]) | Label shape: torch.Size([256, 256, 160])
[2026-01-29 19:02:08,356] [DEBUG] [TEST] Batch 16 | Pred shape: torch.Size([256, 256, 160]) | Label shape: torch.Size([256, 256, 160])
[2026-01-29 19:02:14,107] [INFO] [FIT] Final model saved to: Revision2/Run_UNET_NonIID_SH20_20260129/Client3/model_final.pth
[2026-01-29 19:02:30,375] [INFO] [COMM][CLIENT] Round=-1 Mode=SH UsedSparsity=0.2 UsedClusters=- BaselineBits=154016352.0 CompressedBits=165230616.2 CR=0.932
[2026-01-29 19:10:40,219] [INFO] [EVALUATE] Starting evaluation...
[2026-01-29 19:10:42,530] [INFO] [DEBUG] Loaded compressed decoded weights.
[2026-01-29 19:11:47,331] [INFO] Model initialized on device: cuda:0
[2026-01-29 19:11:47,331] [INFO] [CLIENT INIT] Mode=SH | Sparsity=ON (UsedSparsity=0.2) | Clusters=OFF (UsedClusters=-) | EnvSparsityCfg={'Conv': 0.2, 'Linear': 0.2, 'Bias': 0.0, 'BatchNorm': 0.0} | EnvNClusters=3
[2026-01-29 19:11:50,405] [INFO] Model initialized on device: cuda:0
[2026-01-29 19:11:50,405] [INFO] [CLIENT INIT] Mode=SH | Sparsity=ON (UsedSparsity=0.2) | Clusters=OFF (UsedClusters=-) | EnvSparsityCfg={'Conv': 0.2, 'Linear': 0.2, 'Bias': 0.0, 'BatchNorm': 0.0} | EnvNClusters=3
[2026-01-29 19:11:50,751] [INFO] Model initialized on device: cuda:0
[2026-01-29 19:11:50,751] [INFO] [CLIENT INIT] Mode=SH | Sparsity=ON (UsedSparsity=0.2) | Clusters=OFF (UsedClusters=-) | EnvSparsityCfg={'Conv': 0.2, 'Linear': 0.2, 'Bias': 0.0, 'BatchNorm': 0.0} | EnvNClusters=3
[2026-01-29 19:11:51,309] [INFO] Model initialized on device: cuda:0
[2026-01-29 19:11:51,309] [INFO] [CLIENT INIT] Mode=SH | Sparsity=ON (UsedSparsity=0.2) | Clusters=OFF (UsedClusters=-) | EnvSparsityCfg={'Conv': 0.2, 'Linear': 0.2, 'Bias': 0.0, 'BatchNorm': 0.0} | EnvNClusters=3
[2026-01-29 19:11:51,319] [INFO] Model initialized on device: cuda:0
[2026-01-29 19:11:51,319] [INFO] Model initialized on device: cuda:0
[2026-01-29 19:11:51,320] [INFO] [CLIENT INIT] Mode=SH | Sparsity=ON (UsedSparsity=0.2) | Clusters=OFF (UsedClusters=-) | EnvSparsityCfg={'Conv': 0.2, 'Linear': 0.2, 'Bias': 0.0, 'BatchNorm': 0.0} | EnvNClusters=3
[2026-01-29 19:11:51,320] [INFO] [CLIENT INIT] Mode=SH | Sparsity=ON (UsedSparsity=0.2) | Clusters=OFF (UsedClusters=-) | EnvSparsityCfg={'Conv': 0.2, 'Linear': 0.2, 'Bias': 0.0, 'BatchNorm': 0.0} | EnvNClusters=3
[2026-01-29 19:11:51,437] [INFO] Model initialized on device: cuda:0
[2026-01-29 19:11:51,438] [INFO] [CLIENT INIT] Mode=SH | Sparsity=ON (UsedSparsity=0.2) | Clusters=OFF (UsedClusters=-) | EnvSparsityCfg={'Conv': 0.2, 'Linear': 0.2, 'Bias': 0.0, 'BatchNorm': 0.0} | EnvNClusters=3
[2026-01-29 19:11:51,712] [INFO] Model initialized on device: cuda:0
[2026-01-29 19:11:51,713] [INFO] [CLIENT INIT] Mode=SH | Sparsity=ON (UsedSparsity=0.2) | Clusters=OFF (UsedClusters=-) | EnvSparsityCfg={'Conv': 0.2, 'Linear': 0.2, 'Bias': 0.0, 'BatchNorm': 0.0} | EnvNClusters=3
[2026-01-29 19:11:51,718] [INFO] Model initialized on device: cuda:0
[2026-01-29 19:11:51,718] [INFO] [CLIENT INIT] Mode=SH | Sparsity=ON (UsedSparsity=0.2) | Clusters=OFF (UsedClusters=-) | EnvSparsityCfg={'Conv': 0.2, 'Linear': 0.2, 'Bias': 0.0, 'BatchNorm': 0.0} | EnvNClusters=3
[2026-01-29 19:11:51,740] [INFO] Model initialized on device: cuda:0
[2026-01-29 19:11:51,741] [INFO] [CLIENT INIT] Mode=SH | Sparsity=ON (UsedSparsity=0.2) | Clusters=OFF (UsedClusters=-) | EnvSparsityCfg={'Conv': 0.2, 'Linear': 0.2, 'Bias': 0.0, 'BatchNorm': 0.0} | EnvNClusters=3
[2026-01-29 19:11:57,820] [DEBUG] [TEST] Batch 1 | Pred shape: torch.Size([256, 256, 160]) | Label shape: torch.Size([256, 256, 160])
[2026-01-29 19:11:58,616] [DEBUG] [TEST] Batch 2 | Pred shape: torch.Size([256, 256, 160]) | Label shape: torch.Size([256, 256, 160])
[2026-01-29 19:11:58,715] [DEBUG] [TEST] Batch 3 | Pred shape: torch.Size([256, 256, 160]) | Label shape: torch.Size([256, 256, 160])
[2026-01-29 19:11:59,126] [DEBUG] [TEST] Batch 4 | Pred shape: torch.Size([256, 256, 160]) | Label shape: torch.Size([256, 256, 160])
[2026-01-29 19:11:59,251] [DEBUG] [TEST] Batch 5 | Pred shape: torch.Size([256, 256, 160]) | Label shape: torch.Size([256, 256, 160])
[2026-01-29 19:11:59,423] [DEBUG] [TEST] Batch 6 | Pred shape: torch.Size([256, 256, 160]) | Label shape: torch.Size([256, 256, 160])
[2026-01-29 19:11:59,546] [DEBUG] [TEST] Batch 7 | Pred shape: torch.Size([256, 256, 160]) | Label shape: torch.Size([256, 256, 160])
[2026-01-29 19:11:59,717] [DEBUG] [TEST] Batch 8 | Pred shape: torch.Size([256, 256, 160]) | Label shape: torch.Size([256, 256, 160])
[2026-01-29 19:11:59,815] [DEBUG] [TEST] Batch 9 | Pred shape: torch.Size([256, 256, 160]) | Label shape: torch.Size([256, 256, 160])
[2026-01-29 19:12:00,018] [DEBUG] [TEST] Batch 10 | Pred shape: torch.Size([256, 256, 160]) | Label shape: torch.Size([256, 256, 160])
[2026-01-29 19:12:02,214] [DEBUG] [TEST] Batch 11 | Pred shape: torch.Size([256, 256, 160]) | Label shape: torch.Size([256, 256, 160])
[2026-01-29 19:12:03,237] [DEBUG] [TEST] Batch 12 | Pred shape: torch.Size([256, 256, 160]) | Label shape: torch.Size([256, 256, 160])
[2026-01-29 19:12:03,614] [DEBUG] [TEST] Batch 13 | Pred shape: torch.Size([256, 256, 160]) | Label shape: torch.Size([256, 256, 160])
[2026-01-29 19:12:03,714] [DEBUG] [TEST] Batch 14 | Pred shape: torch.Size([256, 256, 160]) | Label shape: torch.Size([256, 256, 160])
[2026-01-29 19:12:03,811] [DEBUG] [TEST] Batch 15 | Pred shape: torch.Size([256, 256, 160]) | Label shape: torch.Size([256, 256, 160])
[2026-01-29 19:12:04,014] [DEBUG] [TEST] Batch 16 | Pred shape: torch.Size([256, 256, 160]) | Label shape: torch.Size([256, 256, 160])
[2026-01-29 19:12:11,661] [INFO] [EVALUATE] Dice WT: 0.9435
[2026-01-29 19:12:24,105] [INFO] [FIT] Received parameters. Starting local training...
[2026-01-29 19:12:25,219] [INFO] [DEBUG] Loaded compressed decoded weights.
[2026-01-29 19:13:22,109] [INFO] Model initialized on device: cuda:0
[2026-01-29 19:13:22,109] [INFO] [CLIENT INIT] Mode=SH | Sparsity=ON (UsedSparsity=0.2) | Clusters=OFF (UsedClusters=-) | EnvSparsityCfg={'Conv': 0.2, 'Linear': 0.2, 'Bias': 0.0, 'BatchNorm': 0.0} | EnvNClusters=3
[2026-01-29 19:13:22,190] [INFO] Model initialized on device: cuda:0
[2026-01-29 19:13:22,191] [INFO] [CLIENT INIT] Mode=SH | Sparsity=ON (UsedSparsity=0.2) | Clusters=OFF (UsedClusters=-) | EnvSparsityCfg={'Conv': 0.2, 'Linear': 0.2, 'Bias': 0.0, 'BatchNorm': 0.0} | EnvNClusters=3
[2026-01-29 19:13:22,209] [INFO] Model initialized on device: cuda:0
[2026-01-29 19:13:22,209] [INFO] [CLIENT INIT] Mode=SH | Sparsity=ON (UsedSparsity=0.2) | Clusters=OFF (UsedClusters=-) | EnvSparsityCfg={'Conv': 0.2, 'Linear': 0.2, 'Bias': 0.0, 'BatchNorm': 0.0} | EnvNClusters=3
[2026-01-29 19:13:22,212] [INFO] Model initialized on device: cuda:0
[2026-01-29 19:13:22,213] [INFO] [CLIENT INIT] Mode=SH | Sparsity=ON (UsedSparsity=0.2) | Clusters=OFF (UsedClusters=-) | EnvSparsityCfg={'Conv': 0.2, 'Linear': 0.2, 'Bias': 0.0, 'BatchNorm': 0.0} | EnvNClusters=3
[2026-01-29 19:13:22,247] [INFO] Model initialized on device: cuda:0
[2026-01-29 19:13:22,247] [INFO] [CLIENT INIT] Mode=SH | Sparsity=ON (UsedSparsity=0.2) | Clusters=OFF (UsedClusters=-) | EnvSparsityCfg={'Conv': 0.2, 'Linear': 0.2, 'Bias': 0.0, 'BatchNorm': 0.0} | EnvNClusters=3
[2026-01-29 19:13:22,309] [INFO] Model initialized on device: cuda:0
[2026-01-29 19:13:22,309] [INFO] [CLIENT INIT] Mode=SH | Sparsity=ON (UsedSparsity=0.2) | Clusters=OFF (UsedClusters=-) | EnvSparsityCfg={'Conv': 0.2, 'Linear': 0.2, 'Bias': 0.0, 'BatchNorm': 0.0} | EnvNClusters=3
[2026-01-29 19:13:22,348] [INFO] Model initialized on device: cuda:0
[2026-01-29 19:13:22,348] [INFO] [CLIENT INIT] Mode=SH | Sparsity=ON (UsedSparsity=0.2) | Clusters=OFF (UsedClusters=-) | EnvSparsityCfg={'Conv': 0.2, 'Linear': 0.2, 'Bias': 0.0, 'BatchNorm': 0.0} | EnvNClusters=3
[2026-01-29 19:13:23,534] [INFO] Model initialized on device: cuda:0
[2026-01-29 19:13:23,534] [INFO] [CLIENT INIT] Mode=SH | Sparsity=ON (UsedSparsity=0.2) | Clusters=OFF (UsedClusters=-) | EnvSparsityCfg={'Conv': 0.2, 'Linear': 0.2, 'Bias': 0.0, 'BatchNorm': 0.0} | EnvNClusters=3
[2026-01-29 19:13:25,251] [INFO] Model initialized on device: cuda:0
[2026-01-29 19:13:25,251] [INFO] [CLIENT INIT] Mode=SH | Sparsity=ON (UsedSparsity=0.2) | Clusters=OFF (UsedClusters=-) | EnvSparsityCfg={'Conv': 0.2, 'Linear': 0.2, 'Bias': 0.0, 'BatchNorm': 0.0} | EnvNClusters=3
[2026-01-29 19:13:25,757] [INFO] Model initialized on device: cuda:0
[2026-01-29 19:13:25,757] [INFO] [CLIENT INIT] Mode=SH | Sparsity=ON (UsedSparsity=0.2) | Clusters=OFF (UsedClusters=-) | EnvSparsityCfg={'Conv': 0.2, 'Linear': 0.2, 'Bias': 0.0, 'BatchNorm': 0.0} | EnvNClusters=3
[2026-01-29 19:15:02,915] [INFO] [TRAIN] Epoch 1 Loss: 0.1789
[2026-01-29 19:15:50,425] [INFO] Model initialized on device: cuda:0
[2026-01-29 19:15:50,425] [INFO] [CLIENT INIT] Mode=SH | Sparsity=ON (UsedSparsity=0.2) | Clusters=OFF (UsedClusters=-) | EnvSparsityCfg={'Conv': 0.2, 'Linear': 0.2, 'Bias': 0.0, 'BatchNorm': 0.0} | EnvNClusters=3
[2026-01-29 19:15:50,710] [INFO] Model initialized on device: cuda:0
[2026-01-29 19:15:50,710] [INFO] [CLIENT INIT] Mode=SH | Sparsity=ON (UsedSparsity=0.2) | Clusters=OFF (UsedClusters=-) | EnvSparsityCfg={'Conv': 0.2, 'Linear': 0.2, 'Bias': 0.0, 'BatchNorm': 0.0} | EnvNClusters=3
[2026-01-29 19:15:50,713] [INFO] Model initialized on device: cuda:0
[2026-01-29 19:15:50,713] [INFO] [CLIENT INIT] Mode=SH | Sparsity=ON (UsedSparsity=0.2) | Clusters=OFF (UsedClusters=-) | EnvSparsityCfg={'Conv': 0.2, 'Linear': 0.2, 'Bias': 0.0, 'BatchNorm': 0.0} | EnvNClusters=3
[2026-01-29 19:15:50,931] [INFO] Model initialized on device: cuda:0
[2026-01-29 19:15:50,931] [INFO] [CLIENT INIT] Mode=SH | Sparsity=ON (UsedSparsity=0.2) | Clusters=OFF (UsedClusters=-) | EnvSparsityCfg={'Conv': 0.2, 'Linear': 0.2, 'Bias': 0.0, 'BatchNorm': 0.0} | EnvNClusters=3
[2026-01-29 19:15:51,142] [INFO] Model initialized on device: cuda:0
[2026-01-29 19:15:51,143] [INFO] [CLIENT INIT] Mode=SH | Sparsity=ON (UsedSparsity=0.2) | Clusters=OFF (UsedClusters=-) | EnvSparsityCfg={'Conv': 0.2, 'Linear': 0.2, 'Bias': 0.0, 'BatchNorm': 0.0} | EnvNClusters=3
[2026-01-29 19:15:51,213] [INFO] Model initialized on device: cuda:0
[2026-01-29 19:15:51,213] [INFO] [CLIENT INIT] Mode=SH | Sparsity=ON (UsedSparsity=0.2) | Clusters=OFF (UsedClusters=-) | EnvSparsityCfg={'Conv': 0.2, 'Linear': 0.2, 'Bias': 0.0, 'BatchNorm': 0.0} | EnvNClusters=3
[2026-01-29 19:15:51,215] [INFO] Model initialized on device: cuda:0
[2026-01-29 19:15:51,215] [INFO] [CLIENT INIT] Mode=SH | Sparsity=ON (UsedSparsity=0.2) | Clusters=OFF (UsedClusters=-) | EnvSparsityCfg={'Conv': 0.2, 'Linear': 0.2, 'Bias': 0.0, 'BatchNorm': 0.0} | EnvNClusters=3
[2026-01-29 19:15:51,218] [INFO] Model initialized on device: cuda:0
[2026-01-29 19:15:51,218] [INFO] [CLIENT INIT] Mode=SH | Sparsity=ON (UsedSparsity=0.2) | Clusters=OFF (UsedClusters=-) | EnvSparsityCfg={'Conv': 0.2, 'Linear': 0.2, 'Bias': 0.0, 'BatchNorm': 0.0} | EnvNClusters=3
[2026-01-29 19:15:51,221] [INFO] Model initialized on device: cuda:0
[2026-01-29 19:15:51,221] [INFO] [CLIENT INIT] Mode=SH | Sparsity=ON (UsedSparsity=0.2) | Clusters=OFF (UsedClusters=-) | EnvSparsityCfg={'Conv': 0.2, 'Linear': 0.2, 'Bias': 0.0, 'BatchNorm': 0.0} | EnvNClusters=3
[2026-01-29 19:15:51,222] [INFO] Model initialized on device: cuda:0
[2026-01-29 19:15:51,222] [INFO] [CLIENT INIT] Mode=SH | Sparsity=ON (UsedSparsity=0.2) | Clusters=OFF (UsedClusters=-) | EnvSparsityCfg={'Conv': 0.2, 'Linear': 0.2, 'Bias': 0.0, 'BatchNorm': 0.0} | EnvNClusters=3
[2026-01-29 19:17:44,020] [INFO] [TRAIN] Epoch 2 Loss: 0.1643
[2026-01-29 19:18:31,120] [INFO] Model initialized on device: cuda:0
[2026-01-29 19:18:31,120] [INFO] [CLIENT INIT] Mode=SH | Sparsity=ON (UsedSparsity=0.2) | Clusters=OFF (UsedClusters=-) | EnvSparsityCfg={'Conv': 0.2, 'Linear': 0.2, 'Bias': 0.0, 'BatchNorm': 0.0} | EnvNClusters=3
[2026-01-29 19:18:31,245] [INFO] Model initialized on device: cuda:0
[2026-01-29 19:18:31,246] [INFO] [CLIENT INIT] Mode=SH | Sparsity=ON (UsedSparsity=0.2) | Clusters=OFF (UsedClusters=-) | EnvSparsityCfg={'Conv': 0.2, 'Linear': 0.2, 'Bias': 0.0, 'BatchNorm': 0.0} | EnvNClusters=3
[2026-01-29 19:18:31,308] [INFO] Model initialized on device: cuda:0
[2026-01-29 19:18:31,308] [INFO] [CLIENT INIT] Mode=SH | Sparsity=ON (UsedSparsity=0.2) | Clusters=OFF (UsedClusters=-) | EnvSparsityCfg={'Conv': 0.2, 'Linear': 0.2, 'Bias': 0.0, 'BatchNorm': 0.0} | EnvNClusters=3
[2026-01-29 19:18:31,415] [INFO] Model initialized on device: cuda:0
[2026-01-29 19:18:31,415] [INFO] [CLIENT INIT] Mode=SH | Sparsity=ON (UsedSparsity=0.2) | Clusters=OFF (UsedClusters=-) | EnvSparsityCfg={'Conv': 0.2, 'Linear': 0.2, 'Bias': 0.0, 'BatchNorm': 0.0} | EnvNClusters=3
[2026-01-29 19:18:31,448] [INFO] Model initialized on device: cuda:0
[2026-01-29 19:18:31,448] [INFO] [CLIENT INIT] Mode=SH | Sparsity=ON (UsedSparsity=0.2) | Clusters=OFF (UsedClusters=-) | EnvSparsityCfg={'Conv': 0.2, 'Linear': 0.2, 'Bias': 0.0, 'BatchNorm': 0.0} | EnvNClusters=3
[2026-01-29 19:18:31,521] [INFO] Model initialized on device: cuda:0
[2026-01-29 19:18:31,521] [INFO] [CLIENT INIT] Mode=SH | Sparsity=ON (UsedSparsity=0.2) | Clusters=OFF (UsedClusters=-) | EnvSparsityCfg={'Conv': 0.2, 'Linear': 0.2, 'Bias': 0.0, 'BatchNorm': 0.0} | EnvNClusters=3
[2026-01-29 19:18:31,534] [INFO] Model initialized on device: cuda:0
[2026-01-29 19:18:31,534] [INFO] [CLIENT INIT] Mode=SH | Sparsity=ON (UsedSparsity=0.2) | Clusters=OFF (UsedClusters=-) | EnvSparsityCfg={'Conv': 0.2, 'Linear': 0.2, 'Bias': 0.0, 'BatchNorm': 0.0} | EnvNClusters=3
[2026-01-29 19:18:31,544] [INFO] Model initialized on device: cuda:0
[2026-01-29 19:18:31,544] [INFO] [CLIENT INIT] Mode=SH | Sparsity=ON (UsedSparsity=0.2) | Clusters=OFF (UsedClusters=-) | EnvSparsityCfg={'Conv': 0.2, 'Linear': 0.2, 'Bias': 0.0, 'BatchNorm': 0.0} | EnvNClusters=3
[2026-01-29 19:18:31,633] [INFO] Model initialized on device: cuda:0
[2026-01-29 19:18:31,633] [INFO] [CLIENT INIT] Mode=SH | Sparsity=ON (UsedSparsity=0.2) | Clusters=OFF (UsedClusters=-) | EnvSparsityCfg={'Conv': 0.2, 'Linear': 0.2, 'Bias': 0.0, 'BatchNorm': 0.0} | EnvNClusters=3
[2026-01-29 19:18:31,815] [INFO] Model initialized on device: cuda:0
[2026-01-29 19:18:31,816] [INFO] [CLIENT INIT] Mode=SH | Sparsity=ON (UsedSparsity=0.2) | Clusters=OFF (UsedClusters=-) | EnvSparsityCfg={'Conv': 0.2, 'Linear': 0.2, 'Bias': 0.0, 'BatchNorm': 0.0} | EnvNClusters=3
[2026-01-29 19:20:05,563] [INFO] [TRAIN] Epoch 3 Loss: 0.1608
[2026-01-29 19:20:54,056] [INFO] Model initialized on device: cuda:0
[2026-01-29 19:20:54,056] [INFO] [CLIENT INIT] Mode=SH | Sparsity=ON (UsedSparsity=0.2) | Clusters=OFF (UsedClusters=-) | EnvSparsityCfg={'Conv': 0.2, 'Linear': 0.2, 'Bias': 0.0, 'BatchNorm': 0.0} | EnvNClusters=3
[2026-01-29 19:20:54,111] [INFO] Model initialized on device: cuda:0
[2026-01-29 19:20:54,111] [INFO] [CLIENT INIT] Mode=SH | Sparsity=ON (UsedSparsity=0.2) | Clusters=OFF (UsedClusters=-) | EnvSparsityCfg={'Conv': 0.2, 'Linear': 0.2, 'Bias': 0.0, 'BatchNorm': 0.0} | EnvNClusters=3
[2026-01-29 19:20:54,614] [INFO] Model initialized on device: cuda:0
[2026-01-29 19:20:54,614] [INFO] Model initialized on device: cuda:0
[2026-01-29 19:20:54,614] [INFO] [CLIENT INIT] Mode=SH | Sparsity=ON (UsedSparsity=0.2) | Clusters=OFF (UsedClusters=-) | EnvSparsityCfg={'Conv': 0.2, 'Linear': 0.2, 'Bias': 0.0, 'BatchNorm': 0.0} | EnvNClusters=3
[2026-01-29 19:20:54,614] [INFO] [CLIENT INIT] Mode=SH | Sparsity=ON (UsedSparsity=0.2) | Clusters=OFF (UsedClusters=-) | EnvSparsityCfg={'Conv': 0.2, 'Linear': 0.2, 'Bias': 0.0, 'BatchNorm': 0.0} | EnvNClusters=3
[2026-01-29 19:20:55,943] [INFO] Model initialized on device: cuda:0
[2026-01-29 19:20:55,943] [INFO] [CLIENT INIT] Mode=SH | Sparsity=ON (UsedSparsity=0.2) | Clusters=OFF (UsedClusters=-) | EnvSparsityCfg={'Conv': 0.2, 'Linear': 0.2, 'Bias': 0.0, 'BatchNorm': 0.0} | EnvNClusters=3
[2026-01-29 19:20:56,219] [INFO] Model initialized on device: cuda:0
[2026-01-29 19:20:56,219] [INFO] [CLIENT INIT] Mode=SH | Sparsity=ON (UsedSparsity=0.2) | Clusters=OFF (UsedClusters=-) | EnvSparsityCfg={'Conv': 0.2, 'Linear': 0.2, 'Bias': 0.0, 'BatchNorm': 0.0} | EnvNClusters=3
[2026-01-29 19:20:56,311] [INFO] Model initialized on device: cuda:0
[2026-01-29 19:20:56,311] [INFO] [CLIENT INIT] Mode=SH | Sparsity=ON (UsedSparsity=0.2) | Clusters=OFF (UsedClusters=-) | EnvSparsityCfg={'Conv': 0.2, 'Linear': 0.2, 'Bias': 0.0, 'BatchNorm': 0.0} | EnvNClusters=3
[2026-01-29 19:20:56,311] [INFO] Model initialized on device: cuda:0
[2026-01-29 19:20:56,311] [INFO] [CLIENT INIT] Mode=SH | Sparsity=ON (UsedSparsity=0.2) | Clusters=OFF (UsedClusters=-) | EnvSparsityCfg={'Conv': 0.2, 'Linear': 0.2, 'Bias': 0.0, 'BatchNorm': 0.0} | EnvNClusters=3
[2026-01-29 19:20:56,850] [INFO] Model initialized on device: cuda:0
[2026-01-29 19:20:56,851] [INFO] [CLIENT INIT] Mode=SH | Sparsity=ON (UsedSparsity=0.2) | Clusters=OFF (UsedClusters=-) | EnvSparsityCfg={'Conv': 0.2, 'Linear': 0.2, 'Bias': 0.0, 'BatchNorm': 0.0} | EnvNClusters=3
[2026-01-29 19:20:57,012] [INFO] Model initialized on device: cuda:0
[2026-01-29 19:20:57,013] [INFO] [CLIENT INIT] Mode=SH | Sparsity=ON (UsedSparsity=0.2) | Clusters=OFF (UsedClusters=-) | EnvSparsityCfg={'Conv': 0.2, 'Linear': 0.2, 'Bias': 0.0, 'BatchNorm': 0.0} | EnvNClusters=3
[2026-01-29 19:22:49,617] [INFO] [TRAIN] Epoch 4 Loss: 0.1469
[2026-01-29 19:23:55,110] [INFO] Model initialized on device: cuda:0
[2026-01-29 19:23:55,110] [INFO] [CLIENT INIT] Mode=SH | Sparsity=ON (UsedSparsity=0.2) | Clusters=OFF (UsedClusters=-) | EnvSparsityCfg={'Conv': 0.2, 'Linear': 0.2, 'Bias': 0.0, 'BatchNorm': 0.0} | EnvNClusters=3
[2026-01-29 19:23:55,542] [INFO] Model initialized on device: cuda:0
[2026-01-29 19:23:55,543] [INFO] [CLIENT INIT] Mode=SH | Sparsity=ON (UsedSparsity=0.2) | Clusters=OFF (UsedClusters=-) | EnvSparsityCfg={'Conv': 0.2, 'Linear': 0.2, 'Bias': 0.0, 'BatchNorm': 0.0} | EnvNClusters=3
[2026-01-29 19:23:55,640] [INFO] Model initialized on device: cuda:0
[2026-01-29 19:23:55,640] [INFO] [CLIENT INIT] Mode=SH | Sparsity=ON (UsedSparsity=0.2) | Clusters=OFF (UsedClusters=-) | EnvSparsityCfg={'Conv': 0.2, 'Linear': 0.2, 'Bias': 0.0, 'BatchNorm': 0.0} | EnvNClusters=3
[2026-01-29 19:23:55,714] [INFO] Model initialized on device: cuda:0
[2026-01-29 19:23:55,714] [INFO] [CLIENT INIT] Mode=SH | Sparsity=ON (UsedSparsity=0.2) | Clusters=OFF (UsedClusters=-) | EnvSparsityCfg={'Conv': 0.2, 'Linear': 0.2, 'Bias': 0.0, 'BatchNorm': 0.0} | EnvNClusters=3
[2026-01-29 19:23:55,720] [INFO] Model initialized on device: cuda:0
[2026-01-29 19:23:55,720] [INFO] [CLIENT INIT] Mode=SH | Sparsity=ON (UsedSparsity=0.2) | Clusters=OFF (UsedClusters=-) | EnvSparsityCfg={'Conv': 0.2, 'Linear': 0.2, 'Bias': 0.0, 'BatchNorm': 0.0} | EnvNClusters=3
[2026-01-29 19:23:55,739] [INFO] Model initialized on device: cuda:0
[2026-01-29 19:23:55,739] [INFO] [CLIENT INIT] Mode=SH | Sparsity=ON (UsedSparsity=0.2) | Clusters=OFF (UsedClusters=-) | EnvSparsityCfg={'Conv': 0.2, 'Linear': 0.2, 'Bias': 0.0, 'BatchNorm': 0.0} | EnvNClusters=3
[2026-01-29 19:23:56,009] [INFO] Model initialized on device: cuda:0
[2026-01-29 19:23:56,009] [INFO] [CLIENT INIT] Mode=SH | Sparsity=ON (UsedSparsity=0.2) | Clusters=OFF (UsedClusters=-) | EnvSparsityCfg={'Conv': 0.2, 'Linear': 0.2, 'Bias': 0.0, 'BatchNorm': 0.0} | EnvNClusters=3
[2026-01-29 19:23:56,109] [INFO] Model initialized on device: cuda:0
[2026-01-29 19:23:56,109] [INFO] [CLIENT INIT] Mode=SH | Sparsity=ON (UsedSparsity=0.2) | Clusters=OFF (UsedClusters=-) | EnvSparsityCfg={'Conv': 0.2, 'Linear': 0.2, 'Bias': 0.0, 'BatchNorm': 0.0} | EnvNClusters=3
[2026-01-29 19:23:56,110] [INFO] Model initialized on device: cuda:0
[2026-01-29 19:23:56,110] [INFO] [CLIENT INIT] Mode=SH | Sparsity=ON (UsedSparsity=0.2) | Clusters=OFF (UsedClusters=-) | EnvSparsityCfg={'Conv': 0.2, 'Linear': 0.2, 'Bias': 0.0, 'BatchNorm': 0.0} | EnvNClusters=3
[2026-01-29 19:23:56,112] [INFO] Model initialized on device: cuda:0
[2026-01-29 19:23:56,112] [INFO] [CLIENT INIT] Mode=SH | Sparsity=ON (UsedSparsity=0.2) | Clusters=OFF (UsedClusters=-) | EnvSparsityCfg={'Conv': 0.2, 'Linear': 0.2, 'Bias': 0.0, 'BatchNorm': 0.0} | EnvNClusters=3
[2026-01-29 19:25:36,356] [INFO] [TRAIN] Epoch 5 Loss: 0.1446
[2026-01-29 19:25:36,357] [INFO] [FIT] Local training finished. Avg Loss: 0.1591
[2026-01-29 19:26:32,226] [INFO] Model initialized on device: cuda:0
[2026-01-29 19:26:32,227] [INFO] [CLIENT INIT] Mode=SH | Sparsity=ON (UsedSparsity=0.2) | Clusters=OFF (UsedClusters=-) | EnvSparsityCfg={'Conv': 0.2, 'Linear': 0.2, 'Bias': 0.0, 'BatchNorm': 0.0} | EnvNClusters=3
[2026-01-29 19:26:32,716] [INFO] Model initialized on device: cuda:0
[2026-01-29 19:26:32,717] [INFO] [CLIENT INIT] Mode=SH | Sparsity=ON (UsedSparsity=0.2) | Clusters=OFF (UsedClusters=-) | EnvSparsityCfg={'Conv': 0.2, 'Linear': 0.2, 'Bias': 0.0, 'BatchNorm': 0.0} | EnvNClusters=3
[2026-01-29 19:26:32,812] [INFO] Model initialized on device: cuda:0
[2026-01-29 19:26:32,812] [INFO] [CLIENT INIT] Mode=SH | Sparsity=ON (UsedSparsity=0.2) | Clusters=OFF (UsedClusters=-) | EnvSparsityCfg={'Conv': 0.2, 'Linear': 0.2, 'Bias': 0.0, 'BatchNorm': 0.0} | EnvNClusters=3
[2026-01-29 19:26:32,933] [INFO] Model initialized on device: cuda:0
[2026-01-29 19:26:32,933] [INFO] [CLIENT INIT] Mode=SH | Sparsity=ON (UsedSparsity=0.2) | Clusters=OFF (UsedClusters=-) | EnvSparsityCfg={'Conv': 0.2, 'Linear': 0.2, 'Bias': 0.0, 'BatchNorm': 0.0} | EnvNClusters=3
[2026-01-29 19:26:33,112] [INFO] Model initialized on device: cuda:0
[2026-01-29 19:26:33,112] [INFO] [CLIENT INIT] Mode=SH | Sparsity=ON (UsedSparsity=0.2) | Clusters=OFF (UsedClusters=-) | EnvSparsityCfg={'Conv': 0.2, 'Linear': 0.2, 'Bias': 0.0, 'BatchNorm': 0.0} | EnvNClusters=3
[2026-01-29 19:26:33,126] [INFO] Model initialized on device: cuda:0
[2026-01-29 19:26:33,127] [INFO] [CLIENT INIT] Mode=SH | Sparsity=ON (UsedSparsity=0.2) | Clusters=OFF (UsedClusters=-) | EnvSparsityCfg={'Conv': 0.2, 'Linear': 0.2, 'Bias': 0.0, 'BatchNorm': 0.0} | EnvNClusters=3
[2026-01-29 19:26:33,133] [INFO] Model initialized on device: cuda:0
[2026-01-29 19:26:33,133] [INFO] [CLIENT INIT] Mode=SH | Sparsity=ON (UsedSparsity=0.2) | Clusters=OFF (UsedClusters=-) | EnvSparsityCfg={'Conv': 0.2, 'Linear': 0.2, 'Bias': 0.0, 'BatchNorm': 0.0} | EnvNClusters=3
[2026-01-29 19:26:33,135] [INFO] Model initialized on device: cuda:0
[2026-01-29 19:26:33,135] [INFO] [CLIENT INIT] Mode=SH | Sparsity=ON (UsedSparsity=0.2) | Clusters=OFF (UsedClusters=-) | EnvSparsityCfg={'Conv': 0.2, 'Linear': 0.2, 'Bias': 0.0, 'BatchNorm': 0.0} | EnvNClusters=3
[2026-01-29 19:26:33,137] [INFO] Model initialized on device: cuda:0
[2026-01-29 19:26:33,137] [INFO] [CLIENT INIT] Mode=SH | Sparsity=ON (UsedSparsity=0.2) | Clusters=OFF (UsedClusters=-) | EnvSparsityCfg={'Conv': 0.2, 'Linear': 0.2, 'Bias': 0.0, 'BatchNorm': 0.0} | EnvNClusters=3
[2026-01-29 19:26:33,139] [INFO] Model initialized on device: cuda:0
[2026-01-29 19:26:33,139] [INFO] [CLIENT INIT] Mode=SH | Sparsity=ON (UsedSparsity=0.2) | Clusters=OFF (UsedClusters=-) | EnvSparsityCfg={'Conv': 0.2, 'Linear': 0.2, 'Bias': 0.0, 'BatchNorm': 0.0} | EnvNClusters=3
[2026-01-29 19:26:43,135] [DEBUG] [TEST] Batch 1 | Pred shape: torch.Size([256, 256, 160]) | Label shape: torch.Size([256, 256, 160])
[2026-01-29 19:26:43,333] [DEBUG] [TEST] Batch 2 | Pred shape: torch.Size([256, 256, 160]) | Label shape: torch.Size([256, 256, 160])
[2026-01-29 19:26:43,523] [DEBUG] [TEST] Batch 3 | Pred shape: torch.Size([256, 256, 160]) | Label shape: torch.Size([256, 256, 160])
[2026-01-29 19:26:43,709] [DEBUG] [TEST] Batch 4 | Pred shape: torch.Size([256, 256, 160]) | Label shape: torch.Size([256, 256, 160])
[2026-01-29 19:26:43,822] [DEBUG] [TEST] Batch 5 | Pred shape: torch.Size([256, 256, 160]) | Label shape: torch.Size([256, 256, 160])
[2026-01-29 19:26:44,014] [DEBUG] [TEST] Batch 6 | Pred shape: torch.Size([256, 256, 160]) | Label shape: torch.Size([256, 256, 160])
[2026-01-29 19:26:44,143] [DEBUG] [TEST] Batch 7 | Pred shape: torch.Size([256, 256, 160]) | Label shape: torch.Size([256, 256, 160])
[2026-01-29 19:26:44,514] [DEBUG] [TEST] Batch 8 | Pred shape: torch.Size([256, 256, 160]) | Label shape: torch.Size([256, 256, 160])
[2026-01-29 19:26:44,812] [DEBUG] [TEST] Batch 9 | Pred shape: torch.Size([256, 256, 160]) | Label shape: torch.Size([256, 256, 160])
[2026-01-29 19:26:45,122] [DEBUG] [TEST] Batch 10 | Pred shape: torch.Size([256, 256, 160]) | Label shape: torch.Size([256, 256, 160])
[2026-01-29 19:26:47,035] [DEBUG] [TEST] Batch 11 | Pred shape: torch.Size([256, 256, 160]) | Label shape: torch.Size([256, 256, 160])
[2026-01-29 19:26:47,115] [DEBUG] [TEST] Batch 12 | Pred shape: torch.Size([256, 256, 160]) | Label shape: torch.Size([256, 256, 160])
[2026-01-29 19:26:47,215] [DEBUG] [TEST] Batch 13 | Pred shape: torch.Size([256, 256, 160]) | Label shape: torch.Size([256, 256, 160])
[2026-01-29 19:26:47,316] [DEBUG] [TEST] Batch 14 | Pred shape: torch.Size([256, 256, 160]) | Label shape: torch.Size([256, 256, 160])
[2026-01-29 19:26:47,416] [DEBUG] [TEST] Batch 15 | Pred shape: torch.Size([256, 256, 160]) | Label shape: torch.Size([256, 256, 160])
[2026-01-29 19:26:47,515] [DEBUG] [TEST] Batch 16 | Pred shape: torch.Size([256, 256, 160]) | Label shape: torch.Size([256, 256, 160])
[2026-01-29 19:26:56,207] [INFO] [FIT] Final model saved to: Revision2/Run_UNET_NonIID_SH20_20260129/Client3/model_final.pth
[2026-01-29 19:27:16,629] [INFO] [COMM][CLIENT] Round=-1 Mode=SH UsedSparsity=0.2 UsedClusters=- BaselineBits=154016352.0 CompressedBits=165445893.0 CR=0.931
[2026-01-29 19:35:04,412] [INFO] [EVALUATE] Starting evaluation...
[2026-01-29 19:35:06,316] [INFO] [DEBUG] Loaded compressed decoded weights.
[2026-01-29 19:36:07,025] [INFO] Model initialized on device: cuda:0
[2026-01-29 19:36:07,025] [INFO] [CLIENT INIT] Mode=SH | Sparsity=ON (UsedSparsity=0.2) | Clusters=OFF (UsedClusters=-) | EnvSparsityCfg={'Conv': 0.2, 'Linear': 0.2, 'Bias': 0.0, 'BatchNorm': 0.0} | EnvNClusters=3
[2026-01-29 19:36:08,955] [INFO] Model initialized on device: cuda:0
[2026-01-29 19:36:08,955] [INFO] [CLIENT INIT] Mode=SH | Sparsity=ON (UsedSparsity=0.2) | Clusters=OFF (UsedClusters=-) | EnvSparsityCfg={'Conv': 0.2, 'Linear': 0.2, 'Bias': 0.0, 'BatchNorm': 0.0} | EnvNClusters=3
[2026-01-29 19:36:09,520] [INFO] Model initialized on device: cuda:0
[2026-01-29 19:36:09,521] [INFO] [CLIENT INIT] Mode=SH | Sparsity=ON (UsedSparsity=0.2) | Clusters=OFF (UsedClusters=-) | EnvSparsityCfg={'Conv': 0.2, 'Linear': 0.2, 'Bias': 0.0, 'BatchNorm': 0.0} | EnvNClusters=3
[2026-01-29 19:36:10,224] [INFO] Model initialized on device: cuda:0
[2026-01-29 19:36:10,224] [INFO] [CLIENT INIT] Mode=SH | Sparsity=ON (UsedSparsity=0.2) | Clusters=OFF (UsedClusters=-) | EnvSparsityCfg={'Conv': 0.2, 'Linear': 0.2, 'Bias': 0.0, 'BatchNorm': 0.0} | EnvNClusters=3
[2026-01-29 19:36:10,236] [INFO] Model initialized on device: cuda:0
[2026-01-29 19:36:10,236] [INFO] [CLIENT INIT] Mode=SH | Sparsity=ON (UsedSparsity=0.2) | Clusters=OFF (UsedClusters=-) | EnvSparsityCfg={'Conv': 0.2, 'Linear': 0.2, 'Bias': 0.0, 'BatchNorm': 0.0} | EnvNClusters=3
[2026-01-29 19:36:10,313] [INFO] Model initialized on device: cuda:0
[2026-01-29 19:36:10,313] [INFO] [CLIENT INIT] Mode=SH | Sparsity=ON (UsedSparsity=0.2) | Clusters=OFF (UsedClusters=-) | EnvSparsityCfg={'Conv': 0.2, 'Linear': 0.2, 'Bias': 0.0, 'BatchNorm': 0.0} | EnvNClusters=3
[2026-01-29 19:36:10,414] [INFO] Model initialized on device: cuda:0
[2026-01-29 19:36:10,414] [INFO] [CLIENT INIT] Mode=SH | Sparsity=ON (UsedSparsity=0.2) | Clusters=OFF (UsedClusters=-) | EnvSparsityCfg={'Conv': 0.2, 'Linear': 0.2, 'Bias': 0.0, 'BatchNorm': 0.0} | EnvNClusters=3
[2026-01-29 19:36:10,513] [INFO] Model initialized on device: cuda:0
[2026-01-29 19:36:10,513] [INFO] [CLIENT INIT] Mode=SH | Sparsity=ON (UsedSparsity=0.2) | Clusters=OFF (UsedClusters=-) | EnvSparsityCfg={'Conv': 0.2, 'Linear': 0.2, 'Bias': 0.0, 'BatchNorm': 0.0} | EnvNClusters=3
[2026-01-29 19:36:10,520] [INFO] Model initialized on device: cuda:0
[2026-01-29 19:36:10,521] [INFO] [CLIENT INIT] Mode=SH | Sparsity=ON (UsedSparsity=0.2) | Clusters=OFF (UsedClusters=-) | EnvSparsityCfg={'Conv': 0.2, 'Linear': 0.2, 'Bias': 0.0, 'BatchNorm': 0.0} | EnvNClusters=3
[2026-01-29 19:36:10,522] [INFO] Model initialized on device: cuda:0
[2026-01-29 19:36:10,522] [INFO] [CLIENT INIT] Mode=SH | Sparsity=ON (UsedSparsity=0.2) | Clusters=OFF (UsedClusters=-) | EnvSparsityCfg={'Conv': 0.2, 'Linear': 0.2, 'Bias': 0.0, 'BatchNorm': 0.0} | EnvNClusters=3
[2026-01-29 19:36:17,017] [DEBUG] [TEST] Batch 1 | Pred shape: torch.Size([256, 256, 160]) | Label shape: torch.Size([256, 256, 160])
[2026-01-29 19:36:18,528] [DEBUG] [TEST] Batch 2 | Pred shape: torch.Size([256, 256, 160]) | Label shape: torch.Size([256, 256, 160])
[2026-01-29 19:36:18,620] [DEBUG] [TEST] Batch 3 | Pred shape: torch.Size([256, 256, 160]) | Label shape: torch.Size([256, 256, 160])
[2026-01-29 19:36:18,813] [DEBUG] [TEST] Batch 4 | Pred shape: torch.Size([256, 256, 160]) | Label shape: torch.Size([256, 256, 160])
[2026-01-29 19:36:18,915] [DEBUG] [TEST] Batch 5 | Pred shape: torch.Size([256, 256, 160]) | Label shape: torch.Size([256, 256, 160])
[2026-01-29 19:36:19,113] [DEBUG] [TEST] Batch 6 | Pred shape: torch.Size([256, 256, 160]) | Label shape: torch.Size([256, 256, 160])
[2026-01-29 19:36:19,317] [DEBUG] [TEST] Batch 7 | Pred shape: torch.Size([256, 256, 160]) | Label shape: torch.Size([256, 256, 160])
[2026-01-29 19:36:19,521] [DEBUG] [TEST] Batch 8 | Pred shape: torch.Size([256, 256, 160]) | Label shape: torch.Size([256, 256, 160])
[2026-01-29 19:36:19,714] [DEBUG] [TEST] Batch 9 | Pred shape: torch.Size([256, 256, 160]) | Label shape: torch.Size([256, 256, 160])
[2026-01-29 19:36:19,830] [DEBUG] [TEST] Batch 10 | Pred shape: torch.Size([256, 256, 160]) | Label shape: torch.Size([256, 256, 160])
[2026-01-29 19:36:21,948] [DEBUG] [TEST] Batch 11 | Pred shape: torch.Size([256, 256, 160]) | Label shape: torch.Size([256, 256, 160])
[2026-01-29 19:36:23,411] [DEBUG] [TEST] Batch 12 | Pred shape: torch.Size([256, 256, 160]) | Label shape: torch.Size([256, 256, 160])
[2026-01-29 19:36:23,515] [DEBUG] [TEST] Batch 13 | Pred shape: torch.Size([256, 256, 160]) | Label shape: torch.Size([256, 256, 160])
[2026-01-29 19:36:23,709] [DEBUG] [TEST] Batch 14 | Pred shape: torch.Size([256, 256, 160]) | Label shape: torch.Size([256, 256, 160])
[2026-01-29 19:36:23,818] [DEBUG] [TEST] Batch 15 | Pred shape: torch.Size([256, 256, 160]) | Label shape: torch.Size([256, 256, 160])
[2026-01-29 19:36:23,940] [DEBUG] [TEST] Batch 16 | Pred shape: torch.Size([256, 256, 160]) | Label shape: torch.Size([256, 256, 160])
[2026-01-29 19:36:31,958] [INFO] [EVALUATE] Dice WT: 0.8314
[2026-01-29 19:36:45,955] [INFO] [FIT] Received parameters. Starting local training...
[2026-01-29 19:36:47,124] [INFO] [DEBUG] Loaded compressed decoded weights.
[2026-01-29 19:37:50,961] [INFO] Model initialized on device: cuda:0
[2026-01-29 19:37:50,961] [INFO] [CLIENT INIT] Mode=SH | Sparsity=ON (UsedSparsity=0.2) | Clusters=OFF (UsedClusters=-) | EnvSparsityCfg={'Conv': 0.2, 'Linear': 0.2, 'Bias': 0.0, 'BatchNorm': 0.0} | EnvNClusters=3
[2026-01-29 19:37:51,386] [INFO] Model initialized on device: cuda:0
[2026-01-29 19:37:51,387] [INFO] [CLIENT INIT] Mode=SH | Sparsity=ON (UsedSparsity=0.2) | Clusters=OFF (UsedClusters=-) | EnvSparsityCfg={'Conv': 0.2, 'Linear': 0.2, 'Bias': 0.0, 'BatchNorm': 0.0} | EnvNClusters=3
[2026-01-29 19:37:51,936] [INFO] Model initialized on device: cuda:0
[2026-01-29 19:37:51,936] [INFO] [CLIENT INIT] Mode=SH | Sparsity=ON (UsedSparsity=0.2) | Clusters=OFF (UsedClusters=-) | EnvSparsityCfg={'Conv': 0.2, 'Linear': 0.2, 'Bias': 0.0, 'BatchNorm': 0.0} | EnvNClusters=3
[2026-01-29 19:37:52,050] [INFO] Model initialized on device: cuda:0
[2026-01-29 19:37:52,050] [INFO] [CLIENT INIT] Mode=SH | Sparsity=ON (UsedSparsity=0.2) | Clusters=OFF (UsedClusters=-) | EnvSparsityCfg={'Conv': 0.2, 'Linear': 0.2, 'Bias': 0.0, 'BatchNorm': 0.0} | EnvNClusters=3
[2026-01-29 19:37:52,055] [INFO] Model initialized on device: cuda:0
[2026-01-29 19:37:52,056] [INFO] [CLIENT INIT] Mode=SH | Sparsity=ON (UsedSparsity=0.2) | Clusters=OFF (UsedClusters=-) | EnvSparsityCfg={'Conv': 0.2, 'Linear': 0.2, 'Bias': 0.0, 'BatchNorm': 0.0} | EnvNClusters=3
[2026-01-29 19:37:52,146] [INFO] Model initialized on device: cuda:0
[2026-01-29 19:37:52,147] [INFO] Model initialized on device: cuda:0
[2026-01-29 19:37:52,147] [INFO] [CLIENT INIT] Mode=SH | Sparsity=ON (UsedSparsity=0.2) | Clusters=OFF (UsedClusters=-) | EnvSparsityCfg={'Conv': 0.2, 'Linear': 0.2, 'Bias': 0.0, 'BatchNorm': 0.0} | EnvNClusters=3
[2026-01-29 19:37:52,147] [INFO] [CLIENT INIT] Mode=SH | Sparsity=ON (UsedSparsity=0.2) | Clusters=OFF (UsedClusters=-) | EnvSparsityCfg={'Conv': 0.2, 'Linear': 0.2, 'Bias': 0.0, 'BatchNorm': 0.0} | EnvNClusters=3
[2026-01-29 19:37:52,230] [INFO] Model initialized on device: cuda:0
[2026-01-29 19:37:52,230] [INFO] [CLIENT INIT] Mode=SH | Sparsity=ON (UsedSparsity=0.2) | Clusters=OFF (UsedClusters=-) | EnvSparsityCfg={'Conv': 0.2, 'Linear': 0.2, 'Bias': 0.0, 'BatchNorm': 0.0} | EnvNClusters=3
[2026-01-29 19:37:52,518] [INFO] Model initialized on device: cuda:0
[2026-01-29 19:37:52,519] [INFO] [CLIENT INIT] Mode=SH | Sparsity=ON (UsedSparsity=0.2) | Clusters=OFF (UsedClusters=-) | EnvSparsityCfg={'Conv': 0.2, 'Linear': 0.2, 'Bias': 0.0, 'BatchNorm': 0.0} | EnvNClusters=3
[2026-01-29 19:37:53,117] [INFO] Model initialized on device: cuda:0
[2026-01-29 19:37:53,118] [INFO] [CLIENT INIT] Mode=SH | Sparsity=ON (UsedSparsity=0.2) | Clusters=OFF (UsedClusters=-) | EnvSparsityCfg={'Conv': 0.2, 'Linear': 0.2, 'Bias': 0.0, 'BatchNorm': 0.0} | EnvNClusters=3
[2026-01-29 19:39:38,515] [INFO] [TRAIN] Epoch 1 Loss: 0.1796
[2026-01-29 19:40:39,216] [INFO] Model initialized on device: cuda:0
[2026-01-29 19:40:39,216] [INFO] [CLIENT INIT] Mode=SH | Sparsity=ON (UsedSparsity=0.2) | Clusters=OFF (UsedClusters=-) | EnvSparsityCfg={'Conv': 0.2, 'Linear': 0.2, 'Bias': 0.0, 'BatchNorm': 0.0} | EnvNClusters=3
[2026-01-29 19:40:39,217] [INFO] Model initialized on device: cuda:0
[2026-01-29 19:40:39,217] [INFO] [CLIENT INIT] Mode=SH | Sparsity=ON (UsedSparsity=0.2) | Clusters=OFF (UsedClusters=-) | EnvSparsityCfg={'Conv': 0.2, 'Linear': 0.2, 'Bias': 0.0, 'BatchNorm': 0.0} | EnvNClusters=3
[2026-01-29 19:40:39,219] [INFO] Model initialized on device: cuda:0
[2026-01-29 19:40:39,219] [INFO] [CLIENT INIT] Mode=SH | Sparsity=ON (UsedSparsity=0.2) | Clusters=OFF (UsedClusters=-) | EnvSparsityCfg={'Conv': 0.2, 'Linear': 0.2, 'Bias': 0.0, 'BatchNorm': 0.0} | EnvNClusters=3
[2026-01-29 19:40:39,336] [INFO] Model initialized on device: cuda:0
[2026-01-29 19:40:39,337] [INFO] [CLIENT INIT] Mode=SH | Sparsity=ON (UsedSparsity=0.2) | Clusters=OFF (UsedClusters=-) | EnvSparsityCfg={'Conv': 0.2, 'Linear': 0.2, 'Bias': 0.0, 'BatchNorm': 0.0} | EnvNClusters=3
[2026-01-29 19:40:39,711] [INFO] Model initialized on device: cuda:0
[2026-01-29 19:40:39,712] [INFO] [CLIENT INIT] Mode=SH | Sparsity=ON (UsedSparsity=0.2) | Clusters=OFF (UsedClusters=-) | EnvSparsityCfg={'Conv': 0.2, 'Linear': 0.2, 'Bias': 0.0, 'BatchNorm': 0.0} | EnvNClusters=3
[2026-01-29 19:40:39,718] [INFO] Model initialized on device: cuda:0
[2026-01-29 19:40:39,719] [INFO] [CLIENT INIT] Mode=SH | Sparsity=ON (UsedSparsity=0.2) | Clusters=OFF (UsedClusters=-) | EnvSparsityCfg={'Conv': 0.2, 'Linear': 0.2, 'Bias': 0.0, 'BatchNorm': 0.0} | EnvNClusters=3
[2026-01-29 19:40:39,742] [INFO] Model initialized on device: cuda:0
[2026-01-29 19:40:39,742] [INFO] [CLIENT INIT] Mode=SH | Sparsity=ON (UsedSparsity=0.2) | Clusters=OFF (UsedClusters=-) | EnvSparsityCfg={'Conv': 0.2, 'Linear': 0.2, 'Bias': 0.0, 'BatchNorm': 0.0} | EnvNClusters=3
[2026-01-29 19:40:39,927] [INFO] Model initialized on device: cuda:0
[2026-01-29 19:40:39,927] [INFO] [CLIENT INIT] Mode=SH | Sparsity=ON (UsedSparsity=0.2) | Clusters=OFF (UsedClusters=-) | EnvSparsityCfg={'Conv': 0.2, 'Linear': 0.2, 'Bias': 0.0, 'BatchNorm': 0.0} | EnvNClusters=3
[2026-01-29 19:40:40,041] [INFO] Model initialized on device: cuda:0
[2026-01-29 19:40:40,041] [INFO] [CLIENT INIT] Mode=SH | Sparsity=ON (UsedSparsity=0.2) | Clusters=OFF (UsedClusters=-) | EnvSparsityCfg={'Conv': 0.2, 'Linear': 0.2, 'Bias': 0.0, 'BatchNorm': 0.0} | EnvNClusters=3
[2026-01-29 19:40:40,230] [INFO] Model initialized on device: cuda:0
[2026-01-29 19:40:40,230] [INFO] [CLIENT INIT] Mode=SH | Sparsity=ON (UsedSparsity=0.2) | Clusters=OFF (UsedClusters=-) | EnvSparsityCfg={'Conv': 0.2, 'Linear': 0.2, 'Bias': 0.0, 'BatchNorm': 0.0} | EnvNClusters=3
[2026-01-29 19:42:29,315] [INFO] [TRAIN] Epoch 2 Loss: 0.1617
[2026-01-29 19:43:10,343] [INFO] Model initialized on device: cuda:0
[2026-01-29 19:43:10,343] [INFO] [CLIENT INIT] Mode=SH | Sparsity=ON (UsedSparsity=0.2) | Clusters=OFF (UsedClusters=-) | EnvSparsityCfg={'Conv': 0.2, 'Linear': 0.2, 'Bias': 0.0, 'BatchNorm': 0.0} | EnvNClusters=3
[2026-01-29 19:43:13,407] [INFO] Model initialized on device: cuda:0
[2026-01-29 19:43:13,408] [INFO] [CLIENT INIT] Mode=SH | Sparsity=ON (UsedSparsity=0.2) | Clusters=OFF (UsedClusters=-) | EnvSparsityCfg={'Conv': 0.2, 'Linear': 0.2, 'Bias': 0.0, 'BatchNorm': 0.0} | EnvNClusters=3
[2026-01-29 19:43:13,536] [INFO] Model initialized on device: cuda:0
[2026-01-29 19:43:13,537] [INFO] [CLIENT INIT] Mode=SH | Sparsity=ON (UsedSparsity=0.2) | Clusters=OFF (UsedClusters=-) | EnvSparsityCfg={'Conv': 0.2, 'Linear': 0.2, 'Bias': 0.0, 'BatchNorm': 0.0} | EnvNClusters=3
[2026-01-29 19:43:13,539] [INFO] Model initialized on device: cuda:0
[2026-01-29 19:43:13,540] [INFO] [CLIENT INIT] Mode=SH | Sparsity=ON (UsedSparsity=0.2) | Clusters=OFF (UsedClusters=-) | EnvSparsityCfg={'Conv': 0.2, 'Linear': 0.2, 'Bias': 0.0, 'BatchNorm': 0.0} | EnvNClusters=3
[2026-01-29 19:43:13,608] [INFO] Model initialized on device: cuda:0
[2026-01-29 19:43:13,609] [INFO] [CLIENT INIT] Mode=SH | Sparsity=ON (UsedSparsity=0.2) | Clusters=OFF (UsedClusters=-) | EnvSparsityCfg={'Conv': 0.2, 'Linear': 0.2, 'Bias': 0.0, 'BatchNorm': 0.0} | EnvNClusters=3
[2026-01-29 19:43:13,612] [INFO] Model initialized on device: cuda:0
[2026-01-29 19:43:13,613] [INFO] [CLIENT INIT] Mode=SH | Sparsity=ON (UsedSparsity=0.2) | Clusters=OFF (UsedClusters=-) | EnvSparsityCfg={'Conv': 0.2, 'Linear': 0.2, 'Bias': 0.0, 'BatchNorm': 0.0} | EnvNClusters=3
[2026-01-29 19:43:13,620] [INFO] Model initialized on device: cuda:0
[2026-01-29 19:43:13,620] [INFO] [CLIENT INIT] Mode=SH | Sparsity=ON (UsedSparsity=0.2) | Clusters=OFF (UsedClusters=-) | EnvSparsityCfg={'Conv': 0.2, 'Linear': 0.2, 'Bias': 0.0, 'BatchNorm': 0.0} | EnvNClusters=3
[2026-01-29 19:43:13,631] [INFO] Model initialized on device: cuda:0
[2026-01-29 19:43:13,631] [INFO] [CLIENT INIT] Mode=SH | Sparsity=ON (UsedSparsity=0.2) | Clusters=OFF (UsedClusters=-) | EnvSparsityCfg={'Conv': 0.2, 'Linear': 0.2, 'Bias': 0.0, 'BatchNorm': 0.0} | EnvNClusters=3
[2026-01-29 19:43:13,632] [INFO] Model initialized on device: cuda:0
[2026-01-29 19:43:13,633] [INFO] [CLIENT INIT] Mode=SH | Sparsity=ON (UsedSparsity=0.2) | Clusters=OFF (UsedClusters=-) | EnvSparsityCfg={'Conv': 0.2, 'Linear': 0.2, 'Bias': 0.0, 'BatchNorm': 0.0} | EnvNClusters=3
[2026-01-29 19:43:13,634] [INFO] Model initialized on device: cuda:0
[2026-01-29 19:43:13,635] [INFO] [CLIENT INIT] Mode=SH | Sparsity=ON (UsedSparsity=0.2) | Clusters=OFF (UsedClusters=-) | EnvSparsityCfg={'Conv': 0.2, 'Linear': 0.2, 'Bias': 0.0, 'BatchNorm': 0.0} | EnvNClusters=3
[2026-01-29 19:45:06,013] [INFO] [TRAIN] Epoch 3 Loss: 0.1587
[2026-01-29 19:45:38,720] [INFO] Model initialized on device: cuda:0
[2026-01-29 19:45:38,720] [INFO] [CLIENT INIT] Mode=SH | Sparsity=ON (UsedSparsity=0.2) | Clusters=OFF (UsedClusters=-) | EnvSparsityCfg={'Conv': 0.2, 'Linear': 0.2, 'Bias': 0.0, 'BatchNorm': 0.0} | EnvNClusters=3
[2026-01-29 19:45:39,932] [INFO] Model initialized on device: cuda:0
[2026-01-29 19:45:39,932] [INFO] [CLIENT INIT] Mode=SH | Sparsity=ON (UsedSparsity=0.2) | Clusters=OFF (UsedClusters=-) | EnvSparsityCfg={'Conv': 0.2, 'Linear': 0.2, 'Bias': 0.0, 'BatchNorm': 0.0} | EnvNClusters=3
[2026-01-29 19:45:44,020] [INFO] Model initialized on device: cuda:0
[2026-01-29 19:45:44,020] [INFO] [CLIENT INIT] Mode=SH | Sparsity=ON (UsedSparsity=0.2) | Clusters=OFF (UsedClusters=-) | EnvSparsityCfg={'Conv': 0.2, 'Linear': 0.2, 'Bias': 0.0, 'BatchNorm': 0.0} | EnvNClusters=3
[2026-01-29 19:45:46,415] [INFO] Model initialized on device: cuda:0
[2026-01-29 19:45:46,416] [INFO] [CLIENT INIT] Mode=SH | Sparsity=ON (UsedSparsity=0.2) | Clusters=OFF (UsedClusters=-) | EnvSparsityCfg={'Conv': 0.2, 'Linear': 0.2, 'Bias': 0.0, 'BatchNorm': 0.0} | EnvNClusters=3
[2026-01-29 19:45:48,322] [INFO] Model initialized on device: cuda:0
[2026-01-29 19:45:48,322] [INFO] [CLIENT INIT] Mode=SH | Sparsity=ON (UsedSparsity=0.2) | Clusters=OFF (UsedClusters=-) | EnvSparsityCfg={'Conv': 0.2, 'Linear': 0.2, 'Bias': 0.0, 'BatchNorm': 0.0} | EnvNClusters=3
[2026-01-29 19:45:49,338] [INFO] Model initialized on device: cuda:0
[2026-01-29 19:45:49,338] [INFO] [CLIENT INIT] Mode=SH | Sparsity=ON (UsedSparsity=0.2) | Clusters=OFF (UsedClusters=-) | EnvSparsityCfg={'Conv': 0.2, 'Linear': 0.2, 'Bias': 0.0, 'BatchNorm': 0.0} | EnvNClusters=3
[2026-01-29 19:45:50,422] [INFO] Model initialized on device: cuda:0
[2026-01-29 19:45:50,423] [INFO] [CLIENT INIT] Mode=SH | Sparsity=ON (UsedSparsity=0.2) | Clusters=OFF (UsedClusters=-) | EnvSparsityCfg={'Conv': 0.2, 'Linear': 0.2, 'Bias': 0.0, 'BatchNorm': 0.0} | EnvNClusters=3
[2026-01-29 19:45:50,423] [INFO] Model initialized on device: cuda:0
[2026-01-29 19:45:50,423] [INFO] [CLIENT INIT] Mode=SH | Sparsity=ON (UsedSparsity=0.2) | Clusters=OFF (UsedClusters=-) | EnvSparsityCfg={'Conv': 0.2, 'Linear': 0.2, 'Bias': 0.0, 'BatchNorm': 0.0} | EnvNClusters=3
[2026-01-29 19:45:50,426] [INFO] Model initialized on device: cuda:0
[2026-01-29 19:45:50,426] [INFO] [CLIENT INIT] Mode=SH | Sparsity=ON (UsedSparsity=0.2) | Clusters=OFF (UsedClusters=-) | EnvSparsityCfg={'Conv': 0.2, 'Linear': 0.2, 'Bias': 0.0, 'BatchNorm': 0.0} | EnvNClusters=3
[2026-01-29 19:45:50,430] [INFO] Model initialized on device: cuda:0
[2026-01-29 19:45:50,430] [INFO] [CLIENT INIT] Mode=SH | Sparsity=ON (UsedSparsity=0.2) | Clusters=OFF (UsedClusters=-) | EnvSparsityCfg={'Conv': 0.2, 'Linear': 0.2, 'Bias': 0.0, 'BatchNorm': 0.0} | EnvNClusters=3
[2026-01-29 19:47:33,417] [INFO] [TRAIN] Epoch 4 Loss: 0.1514
[2026-01-29 19:48:06,017] [INFO] Model initialized on device: cuda:0
[2026-01-29 19:48:06,017] [INFO] [CLIENT INIT] Mode=SH | Sparsity=ON (UsedSparsity=0.2) | Clusters=OFF (UsedClusters=-) | EnvSparsityCfg={'Conv': 0.2, 'Linear': 0.2, 'Bias': 0.0, 'BatchNorm': 0.0} | EnvNClusters=3
[2026-01-29 19:48:06,337] [INFO] Model initialized on device: cuda:0
[2026-01-29 19:48:06,337] [INFO] [CLIENT INIT] Mode=SH | Sparsity=ON (UsedSparsity=0.2) | Clusters=OFF (UsedClusters=-) | EnvSparsityCfg={'Conv': 0.2, 'Linear': 0.2, 'Bias': 0.0, 'BatchNorm': 0.0} | EnvNClusters=3
[2026-01-29 19:48:10,214] [INFO] Model initialized on device: cuda:0
[2026-01-29 19:48:10,214] [INFO] [CLIENT INIT] Mode=SH | Sparsity=ON (UsedSparsity=0.2) | Clusters=OFF (UsedClusters=-) | EnvSparsityCfg={'Conv': 0.2, 'Linear': 0.2, 'Bias': 0.0, 'BatchNorm': 0.0} | EnvNClusters=3
[2026-01-29 19:48:17,210] [INFO] Model initialized on device: cuda:0
[2026-01-29 19:48:17,210] [INFO] [CLIENT INIT] Mode=SH | Sparsity=ON (UsedSparsity=0.2) | Clusters=OFF (UsedClusters=-) | EnvSparsityCfg={'Conv': 0.2, 'Linear': 0.2, 'Bias': 0.0, 'BatchNorm': 0.0} | EnvNClusters=3
[2026-01-29 19:48:17,210] [INFO] Model initialized on device: cuda:0
[2026-01-29 19:48:17,211] [INFO] [CLIENT INIT] Mode=SH | Sparsity=ON (UsedSparsity=0.2) | Clusters=OFF (UsedClusters=-) | EnvSparsityCfg={'Conv': 0.2, 'Linear': 0.2, 'Bias': 0.0, 'BatchNorm': 0.0} | EnvNClusters=3
[2026-01-29 19:48:17,211] [INFO] Model initialized on device: cuda:0
[2026-01-29 19:48:17,212] [INFO] [CLIENT INIT] Mode=SH | Sparsity=ON (UsedSparsity=0.2) | Clusters=OFF (UsedClusters=-) | EnvSparsityCfg={'Conv': 0.2, 'Linear': 0.2, 'Bias': 0.0, 'BatchNorm': 0.0} | EnvNClusters=3
[2026-01-29 19:48:17,319] [INFO] Model initialized on device: cuda:0
[2026-01-29 19:48:17,319] [INFO] [CLIENT INIT] Mode=SH | Sparsity=ON (UsedSparsity=0.2) | Clusters=OFF (UsedClusters=-) | EnvSparsityCfg={'Conv': 0.2, 'Linear': 0.2, 'Bias': 0.0, 'BatchNorm': 0.0} | EnvNClusters=3
[2026-01-29 19:48:17,330] [INFO] Model initialized on device: cuda:0
[2026-01-29 19:48:17,330] [INFO] [CLIENT INIT] Mode=SH | Sparsity=ON (UsedSparsity=0.2) | Clusters=OFF (UsedClusters=-) | EnvSparsityCfg={'Conv': 0.2, 'Linear': 0.2, 'Bias': 0.0, 'BatchNorm': 0.0} | EnvNClusters=3
[2026-01-29 19:48:17,415] [INFO] Model initialized on device: cuda:0
[2026-01-29 19:48:17,416] [INFO] [CLIENT INIT] Mode=SH | Sparsity=ON (UsedSparsity=0.2) | Clusters=OFF (UsedClusters=-) | EnvSparsityCfg={'Conv': 0.2, 'Linear': 0.2, 'Bias': 0.0, 'BatchNorm': 0.0} | EnvNClusters=3
[2026-01-29 19:48:17,417] [INFO] Model initialized on device: cuda:0
[2026-01-29 19:48:17,417] [INFO] [CLIENT INIT] Mode=SH | Sparsity=ON (UsedSparsity=0.2) | Clusters=OFF (UsedClusters=-) | EnvSparsityCfg={'Conv': 0.2, 'Linear': 0.2, 'Bias': 0.0, 'BatchNorm': 0.0} | EnvNClusters=3
[2026-01-29 19:49:52,814] [INFO] [TRAIN] Epoch 5 Loss: 0.1480
[2026-01-29 19:49:52,815] [INFO] [FIT] Local training finished. Avg Loss: 0.1599
[2026-01-29 19:50:33,658] [INFO] Model initialized on device: cuda:0
[2026-01-29 19:50:33,658] [INFO] [CLIENT INIT] Mode=SH | Sparsity=ON (UsedSparsity=0.2) | Clusters=OFF (UsedClusters=-) | EnvSparsityCfg={'Conv': 0.2, 'Linear': 0.2, 'Bias': 0.0, 'BatchNorm': 0.0} | EnvNClusters=3
[2026-01-29 19:50:34,120] [INFO] Model initialized on device: cuda:0
[2026-01-29 19:50:34,121] [INFO] [CLIENT INIT] Mode=SH | Sparsity=ON (UsedSparsity=0.2) | Clusters=OFF (UsedClusters=-) | EnvSparsityCfg={'Conv': 0.2, 'Linear': 0.2, 'Bias': 0.0, 'BatchNorm': 0.0} | EnvNClusters=3
[2026-01-29 19:50:34,408] [INFO] Model initialized on device: cuda:0
[2026-01-29 19:50:34,408] [INFO] [CLIENT INIT] Mode=SH | Sparsity=ON (UsedSparsity=0.2) | Clusters=OFF (UsedClusters=-) | EnvSparsityCfg={'Conv': 0.2, 'Linear': 0.2, 'Bias': 0.0, 'BatchNorm': 0.0} | EnvNClusters=3
[2026-01-29 19:50:34,420] [INFO] Model initialized on device: cuda:0
[2026-01-29 19:50:34,420] [INFO] [CLIENT INIT] Mode=SH | Sparsity=ON (UsedSparsity=0.2) | Clusters=OFF (UsedClusters=-) | EnvSparsityCfg={'Conv': 0.2, 'Linear': 0.2, 'Bias': 0.0, 'BatchNorm': 0.0} | EnvNClusters=3
[2026-01-29 19:50:34,527] [INFO] Model initialized on device: cuda:0
[2026-01-29 19:50:34,527] [INFO] [CLIENT INIT] Mode=SH | Sparsity=ON (UsedSparsity=0.2) | Clusters=OFF (UsedClusters=-) | EnvSparsityCfg={'Conv': 0.2, 'Linear': 0.2, 'Bias': 0.0, 'BatchNorm': 0.0} | EnvNClusters=3
[2026-01-29 19:50:34,535] [INFO] Model initialized on device: cuda:0
[2026-01-29 19:50:34,536] [INFO] [CLIENT INIT] Mode=SH | Sparsity=ON (UsedSparsity=0.2) | Clusters=OFF (UsedClusters=-) | EnvSparsityCfg={'Conv': 0.2, 'Linear': 0.2, 'Bias': 0.0, 'BatchNorm': 0.0} | EnvNClusters=3
[2026-01-29 19:50:34,543] [INFO] Model initialized on device: cuda:0
[2026-01-29 19:50:34,543] [INFO] [CLIENT INIT] Mode=SH | Sparsity=ON (UsedSparsity=0.2) | Clusters=OFF (UsedClusters=-) | EnvSparsityCfg={'Conv': 0.2, 'Linear': 0.2, 'Bias': 0.0, 'BatchNorm': 0.0} | EnvNClusters=3
[2026-01-29 19:50:34,545] [INFO] Model initialized on device: cuda:0
[2026-01-29 19:50:34,546] [INFO] [CLIENT INIT] Mode=SH | Sparsity=ON (UsedSparsity=0.2) | Clusters=OFF (UsedClusters=-) | EnvSparsityCfg={'Conv': 0.2, 'Linear': 0.2, 'Bias': 0.0, 'BatchNorm': 0.0} | EnvNClusters=3
[2026-01-29 19:50:34,547] [INFO] Model initialized on device: cuda:0
[2026-01-29 19:50:34,547] [INFO] [CLIENT INIT] Mode=SH | Sparsity=ON (UsedSparsity=0.2) | Clusters=OFF (UsedClusters=-) | EnvSparsityCfg={'Conv': 0.2, 'Linear': 0.2, 'Bias': 0.0, 'BatchNorm': 0.0} | EnvNClusters=3
[2026-01-29 19:50:34,608] [INFO] Model initialized on device: cuda:0
[2026-01-29 19:50:34,608] [INFO] [CLIENT INIT] Mode=SH | Sparsity=ON (UsedSparsity=0.2) | Clusters=OFF (UsedClusters=-) | EnvSparsityCfg={'Conv': 0.2, 'Linear': 0.2, 'Bias': 0.0, 'BatchNorm': 0.0} | EnvNClusters=3
[2026-01-29 19:50:41,315] [DEBUG] [TEST] Batch 1 | Pred shape: torch.Size([256, 256, 160]) | Label shape: torch.Size([256, 256, 160])
[2026-01-29 19:50:41,612] [DEBUG] [TEST] Batch 2 | Pred shape: torch.Size([256, 256, 160]) | Label shape: torch.Size([256, 256, 160])
[2026-01-29 19:50:41,812] [DEBUG] [TEST] Batch 3 | Pred shape: torch.Size([256, 256, 160]) | Label shape: torch.Size([256, 256, 160])
[2026-01-29 19:50:42,013] [DEBUG] [TEST] Batch 4 | Pred shape: torch.Size([256, 256, 160]) | Label shape: torch.Size([256, 256, 160])
[2026-01-29 19:50:42,212] [DEBUG] [TEST] Batch 5 | Pred shape: torch.Size([256, 256, 160]) | Label shape: torch.Size([256, 256, 160])
[2026-01-29 19:50:42,312] [DEBUG] [TEST] Batch 6 | Pred shape: torch.Size([256, 256, 160]) | Label shape: torch.Size([256, 256, 160])
[2026-01-29 19:50:42,413] [DEBUG] [TEST] Batch 7 | Pred shape: torch.Size([256, 256, 160]) | Label shape: torch.Size([256, 256, 160])
[2026-01-29 19:50:42,511] [DEBUG] [TEST] Batch 8 | Pred shape: torch.Size([256, 256, 160]) | Label shape: torch.Size([256, 256, 160])
[2026-01-29 19:50:42,608] [DEBUG] [TEST] Batch 9 | Pred shape: torch.Size([256, 256, 160]) | Label shape: torch.Size([256, 256, 160])
[2026-01-29 19:50:42,709] [DEBUG] [TEST] Batch 10 | Pred shape: torch.Size([256, 256, 160]) | Label shape: torch.Size([256, 256, 160])
[2026-01-29 19:50:46,014] [DEBUG] [TEST] Batch 11 | Pred shape: torch.Size([256, 256, 160]) | Label shape: torch.Size([256, 256, 160])
[2026-01-29 19:50:46,071] [DEBUG] [TEST] Batch 12 | Pred shape: torch.Size([256, 256, 160]) | Label shape: torch.Size([256, 256, 160])
[2026-01-29 19:50:46,162] [DEBUG] [TEST] Batch 13 | Pred shape: torch.Size([256, 256, 160]) | Label shape: torch.Size([256, 256, 160])
[2026-01-29 19:50:46,217] [DEBUG] [TEST] Batch 14 | Pred shape: torch.Size([256, 256, 160]) | Label shape: torch.Size([256, 256, 160])
[2026-01-29 19:50:46,314] [DEBUG] [TEST] Batch 15 | Pred shape: torch.Size([256, 256, 160]) | Label shape: torch.Size([256, 256, 160])
[2026-01-29 19:50:46,370] [DEBUG] [TEST] Batch 16 | Pred shape: torch.Size([256, 256, 160]) | Label shape: torch.Size([256, 256, 160])
[2026-01-29 19:50:52,142] [INFO] [FIT] Final model saved to: Revision2/Run_UNET_NonIID_SH20_20260129/Client3/model_final.pth
[2026-01-29 19:51:09,721] [INFO] [COMM][CLIENT] Round=-1 Mode=SH UsedSparsity=0.2 UsedClusters=- BaselineBits=154016352.0 CompressedBits=165536721.4 CR=0.930
[2026-01-29 20:00:06,010] [INFO] [EVALUATE] Starting evaluation...
[2026-01-29 20:00:07,707] [INFO] [DEBUG] Loaded compressed decoded weights.
[2026-01-29 20:01:14,042] [INFO] Model initialized on device: cuda:0
[2026-01-29 20:01:14,042] [INFO] [CLIENT INIT] Mode=SH | Sparsity=ON (UsedSparsity=0.2) | Clusters=OFF (UsedClusters=-) | EnvSparsityCfg={'Conv': 0.2, 'Linear': 0.2, 'Bias': 0.0, 'BatchNorm': 0.0} | EnvNClusters=3
[2026-01-29 20:01:17,934] [INFO] Model initialized on device: cuda:0
[2026-01-29 20:01:17,934] [INFO] [CLIENT INIT] Mode=SH | Sparsity=ON (UsedSparsity=0.2) | Clusters=OFF (UsedClusters=-) | EnvSparsityCfg={'Conv': 0.2, 'Linear': 0.2, 'Bias': 0.0, 'BatchNorm': 0.0} | EnvNClusters=3
[2026-01-29 20:01:18,508] [INFO] Model initialized on device: cuda:0
[2026-01-29 20:01:18,508] [INFO] [CLIENT INIT] Mode=SH | Sparsity=ON (UsedSparsity=0.2) | Clusters=OFF (UsedClusters=-) | EnvSparsityCfg={'Conv': 0.2, 'Linear': 0.2, 'Bias': 0.0, 'BatchNorm': 0.0} | EnvNClusters=3
[2026-01-29 20:01:18,641] [INFO] Model initialized on device: cuda:0
[2026-01-29 20:01:18,641] [INFO] [CLIENT INIT] Mode=SH | Sparsity=ON (UsedSparsity=0.2) | Clusters=OFF (UsedClusters=-) | EnvSparsityCfg={'Conv': 0.2, 'Linear': 0.2, 'Bias': 0.0, 'BatchNorm': 0.0} | EnvNClusters=3
[2026-01-29 20:01:18,836] [INFO] Model initialized on device: cuda:0
[2026-01-29 20:01:18,836] [INFO] [CLIENT INIT] Mode=SH | Sparsity=ON (UsedSparsity=0.2) | Clusters=OFF (UsedClusters=-) | EnvSparsityCfg={'Conv': 0.2, 'Linear': 0.2, 'Bias': 0.0, 'BatchNorm': 0.0} | EnvNClusters=3
[2026-01-29 20:01:19,026] [INFO] Model initialized on device: cuda:0
[2026-01-29 20:01:19,026] [INFO] [CLIENT INIT] Mode=SH | Sparsity=ON (UsedSparsity=0.2) | Clusters=OFF (UsedClusters=-) | EnvSparsityCfg={'Conv': 0.2, 'Linear': 0.2, 'Bias': 0.0, 'BatchNorm': 0.0} | EnvNClusters=3
[2026-01-29 20:01:19,031] [INFO] Model initialized on device: cuda:0
[2026-01-29 20:01:19,031] [INFO] [CLIENT INIT] Mode=SH | Sparsity=ON (UsedSparsity=0.2) | Clusters=OFF (UsedClusters=-) | EnvSparsityCfg={'Conv': 0.2, 'Linear': 0.2, 'Bias': 0.0, 'BatchNorm': 0.0} | EnvNClusters=3
[2026-01-29 20:01:19,122] [INFO] Model initialized on device: cuda:0
[2026-01-29 20:01:19,122] [INFO] [CLIENT INIT] Mode=SH | Sparsity=ON (UsedSparsity=0.2) | Clusters=OFF (UsedClusters=-) | EnvSparsityCfg={'Conv': 0.2, 'Linear': 0.2, 'Bias': 0.0, 'BatchNorm': 0.0} | EnvNClusters=3
[2026-01-29 20:01:19,124] [INFO] Model initialized on device: cuda:0
[2026-01-29 20:01:19,124] [INFO] [CLIENT INIT] Mode=SH | Sparsity=ON (UsedSparsity=0.2) | Clusters=OFF (UsedClusters=-) | EnvSparsityCfg={'Conv': 0.2, 'Linear': 0.2, 'Bias': 0.0, 'BatchNorm': 0.0} | EnvNClusters=3
[2026-01-29 20:01:19,125] [INFO] Model initialized on device: cuda:0
[2026-01-29 20:01:19,125] [INFO] [CLIENT INIT] Mode=SH | Sparsity=ON (UsedSparsity=0.2) | Clusters=OFF (UsedClusters=-) | EnvSparsityCfg={'Conv': 0.2, 'Linear': 0.2, 'Bias': 0.0, 'BatchNorm': 0.0} | EnvNClusters=3
[2026-01-29 20:01:28,135] [DEBUG] [TEST] Batch 1 | Pred shape: torch.Size([256, 256, 160]) | Label shape: torch.Size([256, 256, 160])
[2026-01-29 20:01:28,326] [DEBUG] [TEST] Batch 2 | Pred shape: torch.Size([256, 256, 160]) | Label shape: torch.Size([256, 256, 160])
[2026-01-29 20:01:28,525] [DEBUG] [TEST] Batch 3 | Pred shape: torch.Size([256, 256, 160]) | Label shape: torch.Size([256, 256, 160])
[2026-01-29 20:01:28,726] [DEBUG] [TEST] Batch 4 | Pred shape: torch.Size([256, 256, 160]) | Label shape: torch.Size([256, 256, 160])
[2026-01-29 20:01:28,927] [DEBUG] [TEST] Batch 5 | Pred shape: torch.Size([256, 256, 160]) | Label shape: torch.Size([256, 256, 160])
[2026-01-29 20:01:29,015] [DEBUG] [TEST] Batch 6 | Pred shape: torch.Size([256, 256, 160]) | Label shape: torch.Size([256, 256, 160])
[2026-01-29 20:01:29,138] [DEBUG] [TEST] Batch 7 | Pred shape: torch.Size([256, 256, 160]) | Label shape: torch.Size([256, 256, 160])
[2026-01-29 20:01:29,324] [DEBUG] [TEST] Batch 8 | Pred shape: torch.Size([256, 256, 160]) | Label shape: torch.Size([256, 256, 160])
[2026-01-29 20:01:29,511] [DEBUG] [TEST] Batch 9 | Pred shape: torch.Size([256, 256, 160]) | Label shape: torch.Size([256, 256, 160])
[2026-01-29 20:01:29,642] [DEBUG] [TEST] Batch 10 | Pred shape: torch.Size([256, 256, 160]) | Label shape: torch.Size([256, 256, 160])
[2026-01-29 20:01:32,728] [DEBUG] [TEST] Batch 11 | Pred shape: torch.Size([256, 256, 160]) | Label shape: torch.Size([256, 256, 160])
[2026-01-29 20:01:32,946] [DEBUG] [TEST] Batch 12 | Pred shape: torch.Size([256, 256, 160]) | Label shape: torch.Size([256, 256, 160])
[2026-01-29 20:01:33,223] [DEBUG] [TEST] Batch 13 | Pred shape: torch.Size([256, 256, 160]) | Label shape: torch.Size([256, 256, 160])
[2026-01-29 20:01:33,416] [DEBUG] [TEST] Batch 14 | Pred shape: torch.Size([256, 256, 160]) | Label shape: torch.Size([256, 256, 160])
[2026-01-29 20:01:33,543] [DEBUG] [TEST] Batch 15 | Pred shape: torch.Size([256, 256, 160]) | Label shape: torch.Size([256, 256, 160])
[2026-01-29 20:01:33,723] [DEBUG] [TEST] Batch 16 | Pred shape: torch.Size([256, 256, 160]) | Label shape: torch.Size([256, 256, 160])
[2026-01-29 20:01:41,376] [INFO] [EVALUATE] Dice WT: 0.9228
