[2026-01-24 16:18:05,087] [INFO] Model initialized on device: cuda:0
[2026-01-24 16:18:05,087] [INFO] [CLIENT INIT] Mode=SKH | Sparsity=ON (UsedSparsity=0.6) | Clusters=ON (UsedClusters=32) | EnvSparsityCfg={'Conv': 0.6, 'Linear': 0.6, 'Bias': 0.0, 'BatchNorm': 0.0} | EnvNClusters=32
[2026-01-24 16:18:22,779] [INFO] [FIT] Received parameters. Starting local training...
[2026-01-24 16:18:26,312] [INFO] [DEBUG] Loaded uncompressed weights.
[2026-01-24 16:19:18,647] [INFO] Model initialized on device: cuda:0
[2026-01-24 16:19:18,647] [INFO] [CLIENT INIT] Mode=SKH | Sparsity=ON (UsedSparsity=0.6) | Clusters=ON (UsedClusters=32) | EnvSparsityCfg={'Conv': 0.6, 'Linear': 0.6, 'Bias': 0.0, 'BatchNorm': 0.0} | EnvNClusters=32
[2026-01-24 16:19:32,953] [INFO] Model initialized on device: cuda:0
[2026-01-24 16:19:32,953] [INFO] [CLIENT INIT] Mode=SKH | Sparsity=ON (UsedSparsity=0.6) | Clusters=ON (UsedClusters=32) | EnvSparsityCfg={'Conv': 0.6, 'Linear': 0.6, 'Bias': 0.0, 'BatchNorm': 0.0} | EnvNClusters=32
[2026-01-24 16:19:35,712] [INFO] Model initialized on device: cuda:0
[2026-01-24 16:19:35,712] [INFO] [CLIENT INIT] Mode=SKH | Sparsity=ON (UsedSparsity=0.6) | Clusters=ON (UsedClusters=32) | EnvSparsityCfg={'Conv': 0.6, 'Linear': 0.6, 'Bias': 0.0, 'BatchNorm': 0.0} | EnvNClusters=32
[2026-01-24 16:19:36,137] [INFO] Model initialized on device: cuda:0
[2026-01-24 16:19:36,137] [INFO] [CLIENT INIT] Mode=SKH | Sparsity=ON (UsedSparsity=0.6) | Clusters=ON (UsedClusters=32) | EnvSparsityCfg={'Conv': 0.6, 'Linear': 0.6, 'Bias': 0.0, 'BatchNorm': 0.0} | EnvNClusters=32
[2026-01-24 16:19:36,549] [INFO] Model initialized on device: cuda:0
[2026-01-24 16:19:36,549] [INFO] [CLIENT INIT] Mode=SKH | Sparsity=ON (UsedSparsity=0.6) | Clusters=ON (UsedClusters=32) | EnvSparsityCfg={'Conv': 0.6, 'Linear': 0.6, 'Bias': 0.0, 'BatchNorm': 0.0} | EnvNClusters=32
[2026-01-24 16:19:36,637] [INFO] Model initialized on device: cuda:0
[2026-01-24 16:19:36,637] [INFO] [CLIENT INIT] Mode=SKH | Sparsity=ON (UsedSparsity=0.6) | Clusters=ON (UsedClusters=32) | EnvSparsityCfg={'Conv': 0.6, 'Linear': 0.6, 'Bias': 0.0, 'BatchNorm': 0.0} | EnvNClusters=32
[2026-01-24 16:19:36,812] [INFO] Model initialized on device: cuda:0
[2026-01-24 16:19:36,812] [INFO] [CLIENT INIT] Mode=SKH | Sparsity=ON (UsedSparsity=0.6) | Clusters=ON (UsedClusters=32) | EnvSparsityCfg={'Conv': 0.6, 'Linear': 0.6, 'Bias': 0.0, 'BatchNorm': 0.0} | EnvNClusters=32
[2026-01-24 16:19:36,916] [INFO] Model initialized on device: cuda:0
[2026-01-24 16:19:36,916] [INFO] [CLIENT INIT] Mode=SKH | Sparsity=ON (UsedSparsity=0.6) | Clusters=ON (UsedClusters=32) | EnvSparsityCfg={'Conv': 0.6, 'Linear': 0.6, 'Bias': 0.0, 'BatchNorm': 0.0} | EnvNClusters=32
[2026-01-24 16:19:37,116] [INFO] Model initialized on device: cuda:0
[2026-01-24 16:19:37,116] [INFO] [CLIENT INIT] Mode=SKH | Sparsity=ON (UsedSparsity=0.6) | Clusters=ON (UsedClusters=32) | EnvSparsityCfg={'Conv': 0.6, 'Linear': 0.6, 'Bias': 0.0, 'BatchNorm': 0.0} | EnvNClusters=32
[2026-01-24 16:19:37,120] [INFO] Model initialized on device: cuda:0
[2026-01-24 16:19:37,121] [INFO] [CLIENT INIT] Mode=SKH | Sparsity=ON (UsedSparsity=0.6) | Clusters=ON (UsedClusters=32) | EnvSparsityCfg={'Conv': 0.6, 'Linear': 0.6, 'Bias': 0.0, 'BatchNorm': 0.0} | EnvNClusters=32
[2026-01-24 16:20:49,616] [INFO] [TRAIN] Epoch 1 Loss: 0.9905
[2026-01-24 16:21:50,025] [INFO] Model initialized on device: cuda:0
[2026-01-24 16:21:50,025] [INFO] [CLIENT INIT] Mode=SKH | Sparsity=ON (UsedSparsity=0.6) | Clusters=ON (UsedClusters=32) | EnvSparsityCfg={'Conv': 0.6, 'Linear': 0.6, 'Bias': 0.0, 'BatchNorm': 0.0} | EnvNClusters=32
[2026-01-24 16:21:50,333] [INFO] Model initialized on device: cuda:0
[2026-01-24 16:21:50,334] [INFO] [CLIENT INIT] Mode=SKH | Sparsity=ON (UsedSparsity=0.6) | Clusters=ON (UsedClusters=32) | EnvSparsityCfg={'Conv': 0.6, 'Linear': 0.6, 'Bias': 0.0, 'BatchNorm': 0.0} | EnvNClusters=32
[2026-01-24 16:21:50,413] [INFO] Model initialized on device: cuda:0
[2026-01-24 16:21:50,413] [INFO] [CLIENT INIT] Mode=SKH | Sparsity=ON (UsedSparsity=0.6) | Clusters=ON (UsedClusters=32) | EnvSparsityCfg={'Conv': 0.6, 'Linear': 0.6, 'Bias': 0.0, 'BatchNorm': 0.0} | EnvNClusters=32
[2026-01-24 16:21:50,623] [INFO] Model initialized on device: cuda:0
[2026-01-24 16:21:50,623] [INFO] [CLIENT INIT] Mode=SKH | Sparsity=ON (UsedSparsity=0.6) | Clusters=ON (UsedClusters=32) | EnvSparsityCfg={'Conv': 0.6, 'Linear': 0.6, 'Bias': 0.0, 'BatchNorm': 0.0} | EnvNClusters=32
[2026-01-24 16:21:50,813] [INFO] Model initialized on device: cuda:0
[2026-01-24 16:21:50,813] [INFO] [CLIENT INIT] Mode=SKH | Sparsity=ON (UsedSparsity=0.6) | Clusters=ON (UsedClusters=32) | EnvSparsityCfg={'Conv': 0.6, 'Linear': 0.6, 'Bias': 0.0, 'BatchNorm': 0.0} | EnvNClusters=32
[2026-01-24 16:21:51,030] [INFO] Model initialized on device: cuda:0
[2026-01-24 16:21:51,030] [INFO] [CLIENT INIT] Mode=SKH | Sparsity=ON (UsedSparsity=0.6) | Clusters=ON (UsedClusters=32) | EnvSparsityCfg={'Conv': 0.6, 'Linear': 0.6, 'Bias': 0.0, 'BatchNorm': 0.0} | EnvNClusters=32
[2026-01-24 16:21:51,032] [INFO] Model initialized on device: cuda:0
[2026-01-24 16:21:51,033] [INFO] [CLIENT INIT] Mode=SKH | Sparsity=ON (UsedSparsity=0.6) | Clusters=ON (UsedClusters=32) | EnvSparsityCfg={'Conv': 0.6, 'Linear': 0.6, 'Bias': 0.0, 'BatchNorm': 0.0} | EnvNClusters=32
[2026-01-24 16:21:51,033] [INFO] Model initialized on device: cuda:0
[2026-01-24 16:21:51,034] [INFO] [CLIENT INIT] Mode=SKH | Sparsity=ON (UsedSparsity=0.6) | Clusters=ON (UsedClusters=32) | EnvSparsityCfg={'Conv': 0.6, 'Linear': 0.6, 'Bias': 0.0, 'BatchNorm': 0.0} | EnvNClusters=32
[2026-01-24 16:21:51,119] [INFO] Model initialized on device: cuda:0
[2026-01-24 16:21:51,120] [INFO] [CLIENT INIT] Mode=SKH | Sparsity=ON (UsedSparsity=0.6) | Clusters=ON (UsedClusters=32) | EnvSparsityCfg={'Conv': 0.6, 'Linear': 0.6, 'Bias': 0.0, 'BatchNorm': 0.0} | EnvNClusters=32
[2026-01-24 16:21:51,121] [INFO] Model initialized on device: cuda:0
[2026-01-24 16:21:51,121] [INFO] [CLIENT INIT] Mode=SKH | Sparsity=ON (UsedSparsity=0.6) | Clusters=ON (UsedClusters=32) | EnvSparsityCfg={'Conv': 0.6, 'Linear': 0.6, 'Bias': 0.0, 'BatchNorm': 0.0} | EnvNClusters=32
[2026-01-24 16:22:59,516] [INFO] [TRAIN] Epoch 2 Loss: 0.9890
[2026-01-24 16:23:55,625] [INFO] Model initialized on device: cuda:0
[2026-01-24 16:23:55,625] [INFO] [CLIENT INIT] Mode=SKH | Sparsity=ON (UsedSparsity=0.6) | Clusters=ON (UsedClusters=32) | EnvSparsityCfg={'Conv': 0.6, 'Linear': 0.6, 'Bias': 0.0, 'BatchNorm': 0.0} | EnvNClusters=32
[2026-01-24 16:23:59,857] [INFO] Model initialized on device: cuda:0
[2026-01-24 16:23:59,858] [INFO] [CLIENT INIT] Mode=SKH | Sparsity=ON (UsedSparsity=0.6) | Clusters=ON (UsedClusters=32) | EnvSparsityCfg={'Conv': 0.6, 'Linear': 0.6, 'Bias': 0.0, 'BatchNorm': 0.0} | EnvNClusters=32
[2026-01-24 16:24:00,317] [INFO] Model initialized on device: cuda:0
[2026-01-24 16:24:00,317] [INFO] [CLIENT INIT] Mode=SKH | Sparsity=ON (UsedSparsity=0.6) | Clusters=ON (UsedClusters=32) | EnvSparsityCfg={'Conv': 0.6, 'Linear': 0.6, 'Bias': 0.0, 'BatchNorm': 0.0} | EnvNClusters=32
[2026-01-24 16:24:00,635] [INFO] Model initialized on device: cuda:0
[2026-01-24 16:24:00,635] [INFO] [CLIENT INIT] Mode=SKH | Sparsity=ON (UsedSparsity=0.6) | Clusters=ON (UsedClusters=32) | EnvSparsityCfg={'Conv': 0.6, 'Linear': 0.6, 'Bias': 0.0, 'BatchNorm': 0.0} | EnvNClusters=32
[2026-01-24 16:24:00,638] [INFO] Model initialized on device: cuda:0
[2026-01-24 16:24:00,638] [INFO] [CLIENT INIT] Mode=SKH | Sparsity=ON (UsedSparsity=0.6) | Clusters=ON (UsedClusters=32) | EnvSparsityCfg={'Conv': 0.6, 'Linear': 0.6, 'Bias': 0.0, 'BatchNorm': 0.0} | EnvNClusters=32
[2026-01-24 16:24:00,723] [INFO] Model initialized on device: cuda:0
[2026-01-24 16:24:00,723] [INFO] [CLIENT INIT] Mode=SKH | Sparsity=ON (UsedSparsity=0.6) | Clusters=ON (UsedClusters=32) | EnvSparsityCfg={'Conv': 0.6, 'Linear': 0.6, 'Bias': 0.0, 'BatchNorm': 0.0} | EnvNClusters=32
[2026-01-24 16:24:00,926] [INFO] Model initialized on device: cuda:0
[2026-01-24 16:24:00,926] [INFO] [CLIENT INIT] Mode=SKH | Sparsity=ON (UsedSparsity=0.6) | Clusters=ON (UsedClusters=32) | EnvSparsityCfg={'Conv': 0.6, 'Linear': 0.6, 'Bias': 0.0, 'BatchNorm': 0.0} | EnvNClusters=32
[2026-01-24 16:24:01,011] [INFO] Model initialized on device: cuda:0
[2026-01-24 16:24:01,011] [INFO] [CLIENT INIT] Mode=SKH | Sparsity=ON (UsedSparsity=0.6) | Clusters=ON (UsedClusters=32) | EnvSparsityCfg={'Conv': 0.6, 'Linear': 0.6, 'Bias': 0.0, 'BatchNorm': 0.0} | EnvNClusters=32
[2026-01-24 16:24:01,013] [INFO] Model initialized on device: cuda:0
[2026-01-24 16:24:01,014] [INFO] [CLIENT INIT] Mode=SKH | Sparsity=ON (UsedSparsity=0.6) | Clusters=ON (UsedClusters=32) | EnvSparsityCfg={'Conv': 0.6, 'Linear': 0.6, 'Bias': 0.0, 'BatchNorm': 0.0} | EnvNClusters=32
[2026-01-24 16:24:01,221] [INFO] Model initialized on device: cuda:0
[2026-01-24 16:24:01,222] [INFO] [CLIENT INIT] Mode=SKH | Sparsity=ON (UsedSparsity=0.6) | Clusters=ON (UsedClusters=32) | EnvSparsityCfg={'Conv': 0.6, 'Linear': 0.6, 'Bias': 0.0, 'BatchNorm': 0.0} | EnvNClusters=32
[2026-01-24 16:25:18,129] [INFO] [TRAIN] Epoch 3 Loss: 0.9887
[2026-01-24 16:26:24,845] [INFO] Model initialized on device: cuda:0
[2026-01-24 16:26:24,845] [INFO] [CLIENT INIT] Mode=SKH | Sparsity=ON (UsedSparsity=0.6) | Clusters=ON (UsedClusters=32) | EnvSparsityCfg={'Conv': 0.6, 'Linear': 0.6, 'Bias': 0.0, 'BatchNorm': 0.0} | EnvNClusters=32
[2026-01-24 16:26:25,422] [INFO] Model initialized on device: cuda:0
[2026-01-24 16:26:25,423] [INFO] [CLIENT INIT] Mode=SKH | Sparsity=ON (UsedSparsity=0.6) | Clusters=ON (UsedClusters=32) | EnvSparsityCfg={'Conv': 0.6, 'Linear': 0.6, 'Bias': 0.0, 'BatchNorm': 0.0} | EnvNClusters=32
[2026-01-24 16:26:26,122] [INFO] Model initialized on device: cuda:0
[2026-01-24 16:26:26,122] [INFO] [CLIENT INIT] Mode=SKH | Sparsity=ON (UsedSparsity=0.6) | Clusters=ON (UsedClusters=32) | EnvSparsityCfg={'Conv': 0.6, 'Linear': 0.6, 'Bias': 0.0, 'BatchNorm': 0.0} | EnvNClusters=32
[2026-01-24 16:26:26,124] [INFO] Model initialized on device: cuda:0
[2026-01-24 16:26:26,124] [INFO] [CLIENT INIT] Mode=SKH | Sparsity=ON (UsedSparsity=0.6) | Clusters=ON (UsedClusters=32) | EnvSparsityCfg={'Conv': 0.6, 'Linear': 0.6, 'Bias': 0.0, 'BatchNorm': 0.0} | EnvNClusters=32
[2026-01-24 16:26:26,412] [INFO] Model initialized on device: cuda:0
[2026-01-24 16:26:26,412] [INFO] [CLIENT INIT] Mode=SKH | Sparsity=ON (UsedSparsity=0.6) | Clusters=ON (UsedClusters=32) | EnvSparsityCfg={'Conv': 0.6, 'Linear': 0.6, 'Bias': 0.0, 'BatchNorm': 0.0} | EnvNClusters=32
[2026-01-24 16:26:26,825] [INFO] Model initialized on device: cuda:0
[2026-01-24 16:26:26,826] [INFO] [CLIENT INIT] Mode=SKH | Sparsity=ON (UsedSparsity=0.6) | Clusters=ON (UsedClusters=32) | EnvSparsityCfg={'Conv': 0.6, 'Linear': 0.6, 'Bias': 0.0, 'BatchNorm': 0.0} | EnvNClusters=32
[2026-01-24 16:26:26,910] [INFO] Model initialized on device: cuda:0
[2026-01-24 16:26:26,911] [INFO] [CLIENT INIT] Mode=SKH | Sparsity=ON (UsedSparsity=0.6) | Clusters=ON (UsedClusters=32) | EnvSparsityCfg={'Conv': 0.6, 'Linear': 0.6, 'Bias': 0.0, 'BatchNorm': 0.0} | EnvNClusters=32
[2026-01-24 16:26:27,127] [INFO] Model initialized on device: cuda:0
[2026-01-24 16:26:27,127] [INFO] [CLIENT INIT] Mode=SKH | Sparsity=ON (UsedSparsity=0.6) | Clusters=ON (UsedClusters=32) | EnvSparsityCfg={'Conv': 0.6, 'Linear': 0.6, 'Bias': 0.0, 'BatchNorm': 0.0} | EnvNClusters=32
[2026-01-24 16:26:27,242] [INFO] Model initialized on device: cuda:0
[2026-01-24 16:26:27,242] [INFO] [CLIENT INIT] Mode=SKH | Sparsity=ON (UsedSparsity=0.6) | Clusters=ON (UsedClusters=32) | EnvSparsityCfg={'Conv': 0.6, 'Linear': 0.6, 'Bias': 0.0, 'BatchNorm': 0.0} | EnvNClusters=32
[2026-01-24 16:26:27,316] [INFO] Model initialized on device: cuda:0
[2026-01-24 16:26:27,316] [INFO] [CLIENT INIT] Mode=SKH | Sparsity=ON (UsedSparsity=0.6) | Clusters=ON (UsedClusters=32) | EnvSparsityCfg={'Conv': 0.6, 'Linear': 0.6, 'Bias': 0.0, 'BatchNorm': 0.0} | EnvNClusters=32
[2026-01-24 16:27:39,978] [INFO] [TRAIN] Epoch 4 Loss: 0.9885
[2026-01-24 16:28:41,549] [INFO] Model initialized on device: cuda:0
[2026-01-24 16:28:41,549] [INFO] [CLIENT INIT] Mode=SKH | Sparsity=ON (UsedSparsity=0.6) | Clusters=ON (UsedClusters=32) | EnvSparsityCfg={'Conv': 0.6, 'Linear': 0.6, 'Bias': 0.0, 'BatchNorm': 0.0} | EnvNClusters=32
[2026-01-24 16:28:47,341] [INFO] Model initialized on device: cuda:0
[2026-01-24 16:28:47,341] [INFO] [CLIENT INIT] Mode=SKH | Sparsity=ON (UsedSparsity=0.6) | Clusters=ON (UsedClusters=32) | EnvSparsityCfg={'Conv': 0.6, 'Linear': 0.6, 'Bias': 0.0, 'BatchNorm': 0.0} | EnvNClusters=32
[2026-01-24 16:28:47,515] [INFO] Model initialized on device: cuda:0
[2026-01-24 16:28:47,515] [INFO] [CLIENT INIT] Mode=SKH | Sparsity=ON (UsedSparsity=0.6) | Clusters=ON (UsedClusters=32) | EnvSparsityCfg={'Conv': 0.6, 'Linear': 0.6, 'Bias': 0.0, 'BatchNorm': 0.0} | EnvNClusters=32
[2026-01-24 16:28:47,534] [INFO] Model initialized on device: cuda:0
[2026-01-24 16:28:47,535] [INFO] [CLIENT INIT] Mode=SKH | Sparsity=ON (UsedSparsity=0.6) | Clusters=ON (UsedClusters=32) | EnvSparsityCfg={'Conv': 0.6, 'Linear': 0.6, 'Bias': 0.0, 'BatchNorm': 0.0} | EnvNClusters=32
[2026-01-24 16:28:47,912] [INFO] Model initialized on device: cuda:0
[2026-01-24 16:28:47,912] [INFO] Model initialized on device: cuda:0
[2026-01-24 16:28:47,912] [INFO] [CLIENT INIT] Mode=SKH | Sparsity=ON (UsedSparsity=0.6) | Clusters=ON (UsedClusters=32) | EnvSparsityCfg={'Conv': 0.6, 'Linear': 0.6, 'Bias': 0.0, 'BatchNorm': 0.0} | EnvNClusters=32
[2026-01-24 16:28:47,912] [INFO] [CLIENT INIT] Mode=SKH | Sparsity=ON (UsedSparsity=0.6) | Clusters=ON (UsedClusters=32) | EnvSparsityCfg={'Conv': 0.6, 'Linear': 0.6, 'Bias': 0.0, 'BatchNorm': 0.0} | EnvNClusters=32
[2026-01-24 16:28:47,942] [INFO] Model initialized on device: cuda:0
[2026-01-24 16:28:47,942] [INFO] [CLIENT INIT] Mode=SKH | Sparsity=ON (UsedSparsity=0.6) | Clusters=ON (UsedClusters=32) | EnvSparsityCfg={'Conv': 0.6, 'Linear': 0.6, 'Bias': 0.0, 'BatchNorm': 0.0} | EnvNClusters=32
[2026-01-24 16:28:48,009] [INFO] Model initialized on device: cuda:0
[2026-01-24 16:28:48,010] [INFO] [CLIENT INIT] Mode=SKH | Sparsity=ON (UsedSparsity=0.6) | Clusters=ON (UsedClusters=32) | EnvSparsityCfg={'Conv': 0.6, 'Linear': 0.6, 'Bias': 0.0, 'BatchNorm': 0.0} | EnvNClusters=32
[2026-01-24 16:28:48,013] [INFO] Model initialized on device: cuda:0
[2026-01-24 16:28:48,013] [INFO] [CLIENT INIT] Mode=SKH | Sparsity=ON (UsedSparsity=0.6) | Clusters=ON (UsedClusters=32) | EnvSparsityCfg={'Conv': 0.6, 'Linear': 0.6, 'Bias': 0.0, 'BatchNorm': 0.0} | EnvNClusters=32
[2026-01-24 16:28:48,020] [INFO] Model initialized on device: cuda:0
[2026-01-24 16:28:48,020] [INFO] [CLIENT INIT] Mode=SKH | Sparsity=ON (UsedSparsity=0.6) | Clusters=ON (UsedClusters=32) | EnvSparsityCfg={'Conv': 0.6, 'Linear': 0.6, 'Bias': 0.0, 'BatchNorm': 0.0} | EnvNClusters=32
[2026-01-24 16:29:56,116] [INFO] [TRAIN] Epoch 5 Loss: 0.9884
[2026-01-24 16:29:56,119] [INFO] [FIT] Local training finished. Avg Loss: 0.9890
[2026-01-24 16:30:44,307] [INFO] Model initialized on device: cuda:0
[2026-01-24 16:30:44,307] [INFO] [CLIENT INIT] Mode=SKH | Sparsity=ON (UsedSparsity=0.6) | Clusters=ON (UsedClusters=32) | EnvSparsityCfg={'Conv': 0.6, 'Linear': 0.6, 'Bias': 0.0, 'BatchNorm': 0.0} | EnvNClusters=32
[2026-01-24 16:30:44,548] [INFO] Model initialized on device: cuda:0
[2026-01-24 16:30:44,548] [INFO] [CLIENT INIT] Mode=SKH | Sparsity=ON (UsedSparsity=0.6) | Clusters=ON (UsedClusters=32) | EnvSparsityCfg={'Conv': 0.6, 'Linear': 0.6, 'Bias': 0.0, 'BatchNorm': 0.0} | EnvNClusters=32
[2026-01-24 16:30:44,666] [INFO] Model initialized on device: cuda:0
[2026-01-24 16:30:44,666] [INFO] [CLIENT INIT] Mode=SKH | Sparsity=ON (UsedSparsity=0.6) | Clusters=ON (UsedClusters=32) | EnvSparsityCfg={'Conv': 0.6, 'Linear': 0.6, 'Bias': 0.0, 'BatchNorm': 0.0} | EnvNClusters=32
[2026-01-24 16:30:44,700] [INFO] Model initialized on device: cuda:0
[2026-01-24 16:30:44,700] [INFO] [CLIENT INIT] Mode=SKH | Sparsity=ON (UsedSparsity=0.6) | Clusters=ON (UsedClusters=32) | EnvSparsityCfg={'Conv': 0.6, 'Linear': 0.6, 'Bias': 0.0, 'BatchNorm': 0.0} | EnvNClusters=32
[2026-01-24 16:30:44,813] [INFO] Model initialized on device: cuda:0
[2026-01-24 16:30:44,813] [INFO] [CLIENT INIT] Mode=SKH | Sparsity=ON (UsedSparsity=0.6) | Clusters=ON (UsedClusters=32) | EnvSparsityCfg={'Conv': 0.6, 'Linear': 0.6, 'Bias': 0.0, 'BatchNorm': 0.0} | EnvNClusters=32
[2026-01-24 16:30:44,927] [INFO] Model initialized on device: cuda:0
[2026-01-24 16:30:44,927] [INFO] [CLIENT INIT] Mode=SKH | Sparsity=ON (UsedSparsity=0.6) | Clusters=ON (UsedClusters=32) | EnvSparsityCfg={'Conv': 0.6, 'Linear': 0.6, 'Bias': 0.0, 'BatchNorm': 0.0} | EnvNClusters=32
[2026-01-24 16:30:44,939] [INFO] Model initialized on device: cuda:0
[2026-01-24 16:30:44,940] [INFO] [CLIENT INIT] Mode=SKH | Sparsity=ON (UsedSparsity=0.6) | Clusters=ON (UsedClusters=32) | EnvSparsityCfg={'Conv': 0.6, 'Linear': 0.6, 'Bias': 0.0, 'BatchNorm': 0.0} | EnvNClusters=32
[2026-01-24 16:30:44,957] [INFO] Model initialized on device: cuda:0
[2026-01-24 16:30:44,957] [INFO] [CLIENT INIT] Mode=SKH | Sparsity=ON (UsedSparsity=0.6) | Clusters=ON (UsedClusters=32) | EnvSparsityCfg={'Conv': 0.6, 'Linear': 0.6, 'Bias': 0.0, 'BatchNorm': 0.0} | EnvNClusters=32
[2026-01-24 16:30:44,984] [INFO] Model initialized on device: cuda:0
[2026-01-24 16:30:44,984] [INFO] [CLIENT INIT] Mode=SKH | Sparsity=ON (UsedSparsity=0.6) | Clusters=ON (UsedClusters=32) | EnvSparsityCfg={'Conv': 0.6, 'Linear': 0.6, 'Bias': 0.0, 'BatchNorm': 0.0} | EnvNClusters=32
[2026-01-24 16:30:45,012] [INFO] Model initialized on device: cuda:0
[2026-01-24 16:30:45,012] [INFO] [CLIENT INIT] Mode=SKH | Sparsity=ON (UsedSparsity=0.6) | Clusters=ON (UsedClusters=32) | EnvSparsityCfg={'Conv': 0.6, 'Linear': 0.6, 'Bias': 0.0, 'BatchNorm': 0.0} | EnvNClusters=32
[2026-01-24 16:30:48,675] [DEBUG] [TEST] Batch 1 | Pred shape: torch.Size([256, 256, 160]) | Label shape: torch.Size([256, 256, 160])
[2026-01-24 16:30:49,107] [DEBUG] [TEST] Batch 2 | Pred shape: torch.Size([256, 256, 160]) | Label shape: torch.Size([256, 256, 160])
[2026-01-24 16:30:49,162] [DEBUG] [TEST] Batch 3 | Pred shape: torch.Size([256, 256, 160]) | Label shape: torch.Size([256, 256, 160])
[2026-01-24 16:30:49,217] [DEBUG] [TEST] Batch 4 | Pred shape: torch.Size([256, 256, 160]) | Label shape: torch.Size([256, 256, 160])
[2026-01-24 16:30:49,272] [DEBUG] [TEST] Batch 5 | Pred shape: torch.Size([256, 256, 160]) | Label shape: torch.Size([256, 256, 160])
[2026-01-24 16:30:49,327] [DEBUG] [TEST] Batch 6 | Pred shape: torch.Size([256, 256, 160]) | Label shape: torch.Size([256, 256, 160])
[2026-01-24 16:30:49,410] [DEBUG] [TEST] Batch 7 | Pred shape: torch.Size([256, 256, 160]) | Label shape: torch.Size([256, 256, 160])
[2026-01-24 16:30:49,465] [DEBUG] [TEST] Batch 8 | Pred shape: torch.Size([256, 256, 160]) | Label shape: torch.Size([256, 256, 160])
[2026-01-24 16:30:49,556] [DEBUG] [TEST] Batch 9 | Pred shape: torch.Size([256, 256, 160]) | Label shape: torch.Size([256, 256, 160])
[2026-01-24 16:30:49,611] [DEBUG] [TEST] Batch 10 | Pred shape: torch.Size([256, 256, 160]) | Label shape: torch.Size([256, 256, 160])
[2026-01-24 16:30:53,553] [INFO] [FIT] Final model saved to: Revision2/Run_UNET_IID_SKHC32S60_20260124/Client2/model_final.pth
[2026-01-24 16:31:04,442] [INFO] [COMM][CLIENT] Round=-1 Mode=SKH UsedSparsity=0.6 UsedClusters=32 BaselineBits=154016352.0 CompressedBits=45967064.9 CR=3.351
[2026-01-24 16:31:39,604] [INFO] [EVALUATE] Starting evaluation...
[2026-01-24 16:31:40,915] [INFO] [DEBUG] Loaded compressed decoded weights.
[2026-01-24 16:32:49,938] [INFO] Model initialized on device: cuda:0
[2026-01-24 16:32:49,939] [INFO] [CLIENT INIT] Mode=SKH | Sparsity=ON (UsedSparsity=0.6) | Clusters=ON (UsedClusters=32) | EnvSparsityCfg={'Conv': 0.6, 'Linear': 0.6, 'Bias': 0.0, 'BatchNorm': 0.0} | EnvNClusters=32
[2026-01-24 16:32:49,947] [INFO] Model initialized on device: cuda:0
[2026-01-24 16:32:49,947] [INFO] [CLIENT INIT] Mode=SKH | Sparsity=ON (UsedSparsity=0.6) | Clusters=ON (UsedClusters=32) | EnvSparsityCfg={'Conv': 0.6, 'Linear': 0.6, 'Bias': 0.0, 'BatchNorm': 0.0} | EnvNClusters=32
[2026-01-24 16:32:50,027] [INFO] Model initialized on device: cuda:0
[2026-01-24 16:32:50,027] [INFO] [CLIENT INIT] Mode=SKH | Sparsity=ON (UsedSparsity=0.6) | Clusters=ON (UsedClusters=32) | EnvSparsityCfg={'Conv': 0.6, 'Linear': 0.6, 'Bias': 0.0, 'BatchNorm': 0.0} | EnvNClusters=32
[2026-01-24 16:32:50,332] [INFO] Model initialized on device: cuda:0
[2026-01-24 16:32:50,332] [INFO] [CLIENT INIT] Mode=SKH | Sparsity=ON (UsedSparsity=0.6) | Clusters=ON (UsedClusters=32) | EnvSparsityCfg={'Conv': 0.6, 'Linear': 0.6, 'Bias': 0.0, 'BatchNorm': 0.0} | EnvNClusters=32
[2026-01-24 16:32:50,343] [INFO] Model initialized on device: cuda:0
[2026-01-24 16:32:50,343] [INFO] [CLIENT INIT] Mode=SKH | Sparsity=ON (UsedSparsity=0.6) | Clusters=ON (UsedClusters=32) | EnvSparsityCfg={'Conv': 0.6, 'Linear': 0.6, 'Bias': 0.0, 'BatchNorm': 0.0} | EnvNClusters=32
[2026-01-24 16:32:50,409] [INFO] Model initialized on device: cuda:0
[2026-01-24 16:32:50,409] [INFO] [CLIENT INIT] Mode=SKH | Sparsity=ON (UsedSparsity=0.6) | Clusters=ON (UsedClusters=32) | EnvSparsityCfg={'Conv': 0.6, 'Linear': 0.6, 'Bias': 0.0, 'BatchNorm': 0.0} | EnvNClusters=32
[2026-01-24 16:32:50,510] [INFO] Model initialized on device: cuda:0
[2026-01-24 16:32:50,511] [INFO] [CLIENT INIT] Mode=SKH | Sparsity=ON (UsedSparsity=0.6) | Clusters=ON (UsedClusters=32) | EnvSparsityCfg={'Conv': 0.6, 'Linear': 0.6, 'Bias': 0.0, 'BatchNorm': 0.0} | EnvNClusters=32
[2026-01-24 16:32:50,520] [INFO] Model initialized on device: cuda:0
[2026-01-24 16:32:50,520] [INFO] [CLIENT INIT] Mode=SKH | Sparsity=ON (UsedSparsity=0.6) | Clusters=ON (UsedClusters=32) | EnvSparsityCfg={'Conv': 0.6, 'Linear': 0.6, 'Bias': 0.0, 'BatchNorm': 0.0} | EnvNClusters=32
[2026-01-24 16:32:50,629] [INFO] Model initialized on device: cuda:0
[2026-01-24 16:32:50,629] [INFO] [CLIENT INIT] Mode=SKH | Sparsity=ON (UsedSparsity=0.6) | Clusters=ON (UsedClusters=32) | EnvSparsityCfg={'Conv': 0.6, 'Linear': 0.6, 'Bias': 0.0, 'BatchNorm': 0.0} | EnvNClusters=32
[2026-01-24 16:32:50,713] [INFO] Model initialized on device: cuda:0
[2026-01-24 16:32:50,713] [INFO] [CLIENT INIT] Mode=SKH | Sparsity=ON (UsedSparsity=0.6) | Clusters=ON (UsedClusters=32) | EnvSparsityCfg={'Conv': 0.6, 'Linear': 0.6, 'Bias': 0.0, 'BatchNorm': 0.0} | EnvNClusters=32
[2026-01-24 16:32:57,571] [DEBUG] [TEST] Batch 1 | Pred shape: torch.Size([256, 256, 160]) | Label shape: torch.Size([256, 256, 160])
[2026-01-24 16:32:58,568] [DEBUG] [TEST] Batch 2 | Pred shape: torch.Size([256, 256, 160]) | Label shape: torch.Size([256, 256, 160])
[2026-01-24 16:32:58,751] [DEBUG] [TEST] Batch 3 | Pred shape: torch.Size([256, 256, 160]) | Label shape: torch.Size([256, 256, 160])
[2026-01-24 16:32:58,868] [DEBUG] [TEST] Batch 4 | Pred shape: torch.Size([256, 256, 160]) | Label shape: torch.Size([256, 256, 160])
[2026-01-24 16:32:58,978] [DEBUG] [TEST] Batch 5 | Pred shape: torch.Size([256, 256, 160]) | Label shape: torch.Size([256, 256, 160])
[2026-01-24 16:32:59,122] [DEBUG] [TEST] Batch 6 | Pred shape: torch.Size([256, 256, 160]) | Label shape: torch.Size([256, 256, 160])
[2026-01-24 16:32:59,243] [DEBUG] [TEST] Batch 7 | Pred shape: torch.Size([256, 256, 160]) | Label shape: torch.Size([256, 256, 160])
[2026-01-24 16:32:59,318] [DEBUG] [TEST] Batch 8 | Pred shape: torch.Size([256, 256, 160]) | Label shape: torch.Size([256, 256, 160])
[2026-01-24 16:32:59,419] [DEBUG] [TEST] Batch 9 | Pred shape: torch.Size([256, 256, 160]) | Label shape: torch.Size([256, 256, 160])
[2026-01-24 16:32:59,516] [DEBUG] [TEST] Batch 10 | Pred shape: torch.Size([256, 256, 160]) | Label shape: torch.Size([256, 256, 160])
[2026-01-24 16:33:06,939] [INFO] [EVALUATE] Dice WT: 0.0958
[2026-01-24 16:33:14,110] [INFO] [FIT] Received parameters. Starting local training...
[2026-01-24 16:33:16,818] [INFO] [DEBUG] Loaded compressed decoded weights.
[2026-01-24 16:34:22,828] [INFO] Model initialized on device: cuda:0
[2026-01-24 16:34:22,828] [INFO] [CLIENT INIT] Mode=SKH | Sparsity=ON (UsedSparsity=0.6) | Clusters=ON (UsedClusters=32) | EnvSparsityCfg={'Conv': 0.6, 'Linear': 0.6, 'Bias': 0.0, 'BatchNorm': 0.0} | EnvNClusters=32
[2026-01-24 16:34:23,010] [INFO] Model initialized on device: cuda:0
[2026-01-24 16:34:23,010] [INFO] [CLIENT INIT] Mode=SKH | Sparsity=ON (UsedSparsity=0.6) | Clusters=ON (UsedClusters=32) | EnvSparsityCfg={'Conv': 0.6, 'Linear': 0.6, 'Bias': 0.0, 'BatchNorm': 0.0} | EnvNClusters=32
[2026-01-24 16:34:23,130] [INFO] Model initialized on device: cuda:0
[2026-01-24 16:34:23,130] [INFO] [CLIENT INIT] Mode=SKH | Sparsity=ON (UsedSparsity=0.6) | Clusters=ON (UsedClusters=32) | EnvSparsityCfg={'Conv': 0.6, 'Linear': 0.6, 'Bias': 0.0, 'BatchNorm': 0.0} | EnvNClusters=32
[2026-01-24 16:34:23,441] [INFO] Model initialized on device: cuda:0
[2026-01-24 16:34:23,441] [INFO] [CLIENT INIT] Mode=SKH | Sparsity=ON (UsedSparsity=0.6) | Clusters=ON (UsedClusters=32) | EnvSparsityCfg={'Conv': 0.6, 'Linear': 0.6, 'Bias': 0.0, 'BatchNorm': 0.0} | EnvNClusters=32
[2026-01-24 16:34:23,527] [INFO] Model initialized on device: cuda:0
[2026-01-24 16:34:23,527] [INFO] [CLIENT INIT] Mode=SKH | Sparsity=ON (UsedSparsity=0.6) | Clusters=ON (UsedClusters=32) | EnvSparsityCfg={'Conv': 0.6, 'Linear': 0.6, 'Bias': 0.0, 'BatchNorm': 0.0} | EnvNClusters=32
[2026-01-24 16:34:23,612] [INFO] Model initialized on device: cuda:0
[2026-01-24 16:34:23,612] [INFO] [CLIENT INIT] Mode=SKH | Sparsity=ON (UsedSparsity=0.6) | Clusters=ON (UsedClusters=32) | EnvSparsityCfg={'Conv': 0.6, 'Linear': 0.6, 'Bias': 0.0, 'BatchNorm': 0.0} | EnvNClusters=32
[2026-01-24 16:34:23,612] [INFO] Model initialized on device: cuda:0
[2026-01-24 16:34:23,612] [INFO] [CLIENT INIT] Mode=SKH | Sparsity=ON (UsedSparsity=0.6) | Clusters=ON (UsedClusters=32) | EnvSparsityCfg={'Conv': 0.6, 'Linear': 0.6, 'Bias': 0.0, 'BatchNorm': 0.0} | EnvNClusters=32
[2026-01-24 16:34:23,619] [INFO] Model initialized on device: cuda:0
[2026-01-24 16:34:23,619] [INFO] [CLIENT INIT] Mode=SKH | Sparsity=ON (UsedSparsity=0.6) | Clusters=ON (UsedClusters=32) | EnvSparsityCfg={'Conv': 0.6, 'Linear': 0.6, 'Bias': 0.0, 'BatchNorm': 0.0} | EnvNClusters=32
[2026-01-24 16:34:23,620] [INFO] Model initialized on device: cuda:0
[2026-01-24 16:34:23,620] [INFO] [CLIENT INIT] Mode=SKH | Sparsity=ON (UsedSparsity=0.6) | Clusters=ON (UsedClusters=32) | EnvSparsityCfg={'Conv': 0.6, 'Linear': 0.6, 'Bias': 0.0, 'BatchNorm': 0.0} | EnvNClusters=32
[2026-01-24 16:34:23,625] [INFO] Model initialized on device: cuda:0
[2026-01-24 16:34:23,626] [INFO] [CLIENT INIT] Mode=SKH | Sparsity=ON (UsedSparsity=0.6) | Clusters=ON (UsedClusters=32) | EnvSparsityCfg={'Conv': 0.6, 'Linear': 0.6, 'Bias': 0.0, 'BatchNorm': 0.0} | EnvNClusters=32
[2026-01-24 16:35:30,242] [INFO] [TRAIN] Epoch 1 Loss: 0.9884
[2026-01-24 16:36:33,622] [INFO] Model initialized on device: cuda:0
[2026-01-24 16:36:33,622] [INFO] [CLIENT INIT] Mode=SKH | Sparsity=ON (UsedSparsity=0.6) | Clusters=ON (UsedClusters=32) | EnvSparsityCfg={'Conv': 0.6, 'Linear': 0.6, 'Bias': 0.0, 'BatchNorm': 0.0} | EnvNClusters=32
[2026-01-24 16:36:34,324] [INFO] Model initialized on device: cuda:0
[2026-01-24 16:36:34,324] [INFO] [CLIENT INIT] Mode=SKH | Sparsity=ON (UsedSparsity=0.6) | Clusters=ON (UsedClusters=32) | EnvSparsityCfg={'Conv': 0.6, 'Linear': 0.6, 'Bias': 0.0, 'BatchNorm': 0.0} | EnvNClusters=32
[2026-01-24 16:36:34,334] [INFO] Model initialized on device: cuda:0
[2026-01-24 16:36:34,334] [INFO] [CLIENT INIT] Mode=SKH | Sparsity=ON (UsedSparsity=0.6) | Clusters=ON (UsedClusters=32) | EnvSparsityCfg={'Conv': 0.6, 'Linear': 0.6, 'Bias': 0.0, 'BatchNorm': 0.0} | EnvNClusters=32
[2026-01-24 16:36:34,338] [INFO] Model initialized on device: cuda:0
[2026-01-24 16:36:34,338] [INFO] Model initialized on device: cuda:0
[2026-01-24 16:36:34,338] [INFO] [CLIENT INIT] Mode=SKH | Sparsity=ON (UsedSparsity=0.6) | Clusters=ON (UsedClusters=32) | EnvSparsityCfg={'Conv': 0.6, 'Linear': 0.6, 'Bias': 0.0, 'BatchNorm': 0.0} | EnvNClusters=32
[2026-01-24 16:36:34,338] [INFO] [CLIENT INIT] Mode=SKH | Sparsity=ON (UsedSparsity=0.6) | Clusters=ON (UsedClusters=32) | EnvSparsityCfg={'Conv': 0.6, 'Linear': 0.6, 'Bias': 0.0, 'BatchNorm': 0.0} | EnvNClusters=32
[2026-01-24 16:36:34,432] [INFO] Model initialized on device: cuda:0
[2026-01-24 16:36:34,433] [INFO] [CLIENT INIT] Mode=SKH | Sparsity=ON (UsedSparsity=0.6) | Clusters=ON (UsedClusters=32) | EnvSparsityCfg={'Conv': 0.6, 'Linear': 0.6, 'Bias': 0.0, 'BatchNorm': 0.0} | EnvNClusters=32
[2026-01-24 16:36:34,436] [INFO] Model initialized on device: cuda:0
[2026-01-24 16:36:34,436] [INFO] [CLIENT INIT] Mode=SKH | Sparsity=ON (UsedSparsity=0.6) | Clusters=ON (UsedClusters=32) | EnvSparsityCfg={'Conv': 0.6, 'Linear': 0.6, 'Bias': 0.0, 'BatchNorm': 0.0} | EnvNClusters=32
[2026-01-24 16:36:34,438] [INFO] Model initialized on device: cuda:0
[2026-01-24 16:36:34,438] [INFO] [CLIENT INIT] Mode=SKH | Sparsity=ON (UsedSparsity=0.6) | Clusters=ON (UsedClusters=32) | EnvSparsityCfg={'Conv': 0.6, 'Linear': 0.6, 'Bias': 0.0, 'BatchNorm': 0.0} | EnvNClusters=32
[2026-01-24 16:36:34,441] [INFO] Model initialized on device: cuda:0
[2026-01-24 16:36:34,441] [INFO] [CLIENT INIT] Mode=SKH | Sparsity=ON (UsedSparsity=0.6) | Clusters=ON (UsedClusters=32) | EnvSparsityCfg={'Conv': 0.6, 'Linear': 0.6, 'Bias': 0.0, 'BatchNorm': 0.0} | EnvNClusters=32
[2026-01-24 16:36:34,442] [INFO] Model initialized on device: cuda:0
[2026-01-24 16:36:34,442] [INFO] [CLIENT INIT] Mode=SKH | Sparsity=ON (UsedSparsity=0.6) | Clusters=ON (UsedClusters=32) | EnvSparsityCfg={'Conv': 0.6, 'Linear': 0.6, 'Bias': 0.0, 'BatchNorm': 0.0} | EnvNClusters=32
[2026-01-24 16:37:41,216] [INFO] [TRAIN] Epoch 2 Loss: 0.9883
[2026-01-24 16:38:32,214] [INFO] Model initialized on device: cuda:0
[2026-01-24 16:38:32,214] [INFO] [CLIENT INIT] Mode=SKH | Sparsity=ON (UsedSparsity=0.6) | Clusters=ON (UsedClusters=32) | EnvSparsityCfg={'Conv': 0.6, 'Linear': 0.6, 'Bias': 0.0, 'BatchNorm': 0.0} | EnvNClusters=32
[2026-01-24 16:38:32,635] [INFO] Model initialized on device: cuda:0
[2026-01-24 16:38:32,635] [INFO] [CLIENT INIT] Mode=SKH | Sparsity=ON (UsedSparsity=0.6) | Clusters=ON (UsedClusters=32) | EnvSparsityCfg={'Conv': 0.6, 'Linear': 0.6, 'Bias': 0.0, 'BatchNorm': 0.0} | EnvNClusters=32
[2026-01-24 16:38:33,037] [INFO] Model initialized on device: cuda:0
[2026-01-24 16:38:33,037] [INFO] [CLIENT INIT] Mode=SKH | Sparsity=ON (UsedSparsity=0.6) | Clusters=ON (UsedClusters=32) | EnvSparsityCfg={'Conv': 0.6, 'Linear': 0.6, 'Bias': 0.0, 'BatchNorm': 0.0} | EnvNClusters=32
[2026-01-24 16:38:33,237] [INFO] Model initialized on device: cuda:0
[2026-01-24 16:38:33,237] [INFO] [CLIENT INIT] Mode=SKH | Sparsity=ON (UsedSparsity=0.6) | Clusters=ON (UsedClusters=32) | EnvSparsityCfg={'Conv': 0.6, 'Linear': 0.6, 'Bias': 0.0, 'BatchNorm': 0.0} | EnvNClusters=32
[2026-01-24 16:38:33,309] [INFO] Model initialized on device: cuda:0
[2026-01-24 16:38:33,309] [INFO] [CLIENT INIT] Mode=SKH | Sparsity=ON (UsedSparsity=0.6) | Clusters=ON (UsedClusters=32) | EnvSparsityCfg={'Conv': 0.6, 'Linear': 0.6, 'Bias': 0.0, 'BatchNorm': 0.0} | EnvNClusters=32
[2026-01-24 16:38:33,310] [INFO] Model initialized on device: cuda:0
[2026-01-24 16:38:33,310] [INFO] [CLIENT INIT] Mode=SKH | Sparsity=ON (UsedSparsity=0.6) | Clusters=ON (UsedClusters=32) | EnvSparsityCfg={'Conv': 0.6, 'Linear': 0.6, 'Bias': 0.0, 'BatchNorm': 0.0} | EnvNClusters=32
[2026-01-24 16:38:33,311] [INFO] Model initialized on device: cuda:0
[2026-01-24 16:38:33,311] [INFO] [CLIENT INIT] Mode=SKH | Sparsity=ON (UsedSparsity=0.6) | Clusters=ON (UsedClusters=32) | EnvSparsityCfg={'Conv': 0.6, 'Linear': 0.6, 'Bias': 0.0, 'BatchNorm': 0.0} | EnvNClusters=32
[2026-01-24 16:38:33,311] [INFO] Model initialized on device: cuda:0
[2026-01-24 16:38:33,312] [INFO] [CLIENT INIT] Mode=SKH | Sparsity=ON (UsedSparsity=0.6) | Clusters=ON (UsedClusters=32) | EnvSparsityCfg={'Conv': 0.6, 'Linear': 0.6, 'Bias': 0.0, 'BatchNorm': 0.0} | EnvNClusters=32
[2026-01-24 16:38:33,314] [INFO] Model initialized on device: cuda:0
[2026-01-24 16:38:33,314] [INFO] [CLIENT INIT] Mode=SKH | Sparsity=ON (UsedSparsity=0.6) | Clusters=ON (UsedClusters=32) | EnvSparsityCfg={'Conv': 0.6, 'Linear': 0.6, 'Bias': 0.0, 'BatchNorm': 0.0} | EnvNClusters=32
[2026-01-24 16:38:33,318] [INFO] Model initialized on device: cuda:0
[2026-01-24 16:38:33,318] [INFO] [CLIENT INIT] Mode=SKH | Sparsity=ON (UsedSparsity=0.6) | Clusters=ON (UsedClusters=32) | EnvSparsityCfg={'Conv': 0.6, 'Linear': 0.6, 'Bias': 0.0, 'BatchNorm': 0.0} | EnvNClusters=32
[2026-01-24 16:39:38,615] [INFO] [TRAIN] Epoch 3 Loss: 0.9882
[2026-01-24 16:40:13,607] [INFO] Model initialized on device: cuda:0
[2026-01-24 16:40:13,607] [INFO] [CLIENT INIT] Mode=SKH | Sparsity=ON (UsedSparsity=0.6) | Clusters=ON (UsedClusters=32) | EnvSparsityCfg={'Conv': 0.6, 'Linear': 0.6, 'Bias': 0.0, 'BatchNorm': 0.0} | EnvNClusters=32
[2026-01-24 16:40:21,520] [INFO] Model initialized on device: cuda:0
[2026-01-24 16:40:21,520] [INFO] [CLIENT INIT] Mode=SKH | Sparsity=ON (UsedSparsity=0.6) | Clusters=ON (UsedClusters=32) | EnvSparsityCfg={'Conv': 0.6, 'Linear': 0.6, 'Bias': 0.0, 'BatchNorm': 0.0} | EnvNClusters=32
[2026-01-24 16:40:22,935] [INFO] Model initialized on device: cuda:0
[2026-01-24 16:40:22,935] [INFO] [CLIENT INIT] Mode=SKH | Sparsity=ON (UsedSparsity=0.6) | Clusters=ON (UsedClusters=32) | EnvSparsityCfg={'Conv': 0.6, 'Linear': 0.6, 'Bias': 0.0, 'BatchNorm': 0.0} | EnvNClusters=32
[2026-01-24 16:40:25,212] [INFO] Model initialized on device: cuda:0
[2026-01-24 16:40:25,212] [INFO] [CLIENT INIT] Mode=SKH | Sparsity=ON (UsedSparsity=0.6) | Clusters=ON (UsedClusters=32) | EnvSparsityCfg={'Conv': 0.6, 'Linear': 0.6, 'Bias': 0.0, 'BatchNorm': 0.0} | EnvNClusters=32
[2026-01-24 16:40:25,213] [INFO] Model initialized on device: cuda:0
[2026-01-24 16:40:25,213] [INFO] [CLIENT INIT] Mode=SKH | Sparsity=ON (UsedSparsity=0.6) | Clusters=ON (UsedClusters=32) | EnvSparsityCfg={'Conv': 0.6, 'Linear': 0.6, 'Bias': 0.0, 'BatchNorm': 0.0} | EnvNClusters=32
[2026-01-24 16:40:25,213] [INFO] Model initialized on device: cuda:0
[2026-01-24 16:40:25,213] [INFO] [CLIENT INIT] Mode=SKH | Sparsity=ON (UsedSparsity=0.6) | Clusters=ON (UsedClusters=32) | EnvSparsityCfg={'Conv': 0.6, 'Linear': 0.6, 'Bias': 0.0, 'BatchNorm': 0.0} | EnvNClusters=32
[2026-01-24 16:40:25,217] [INFO] Model initialized on device: cuda:0
[2026-01-24 16:40:25,217] [INFO] [CLIENT INIT] Mode=SKH | Sparsity=ON (UsedSparsity=0.6) | Clusters=ON (UsedClusters=32) | EnvSparsityCfg={'Conv': 0.6, 'Linear': 0.6, 'Bias': 0.0, 'BatchNorm': 0.0} | EnvNClusters=32
[2026-01-24 16:40:25,220] [INFO] Model initialized on device: cuda:0
[2026-01-24 16:40:25,221] [INFO] [CLIENT INIT] Mode=SKH | Sparsity=ON (UsedSparsity=0.6) | Clusters=ON (UsedClusters=32) | EnvSparsityCfg={'Conv': 0.6, 'Linear': 0.6, 'Bias': 0.0, 'BatchNorm': 0.0} | EnvNClusters=32
[2026-01-24 16:40:25,221] [INFO] Model initialized on device: cuda:0
[2026-01-24 16:40:25,221] [INFO] [CLIENT INIT] Mode=SKH | Sparsity=ON (UsedSparsity=0.6) | Clusters=ON (UsedClusters=32) | EnvSparsityCfg={'Conv': 0.6, 'Linear': 0.6, 'Bias': 0.0, 'BatchNorm': 0.0} | EnvNClusters=32
[2026-01-24 16:40:25,223] [INFO] Model initialized on device: cuda:0
[2026-01-24 16:40:25,223] [INFO] [CLIENT INIT] Mode=SKH | Sparsity=ON (UsedSparsity=0.6) | Clusters=ON (UsedClusters=32) | EnvSparsityCfg={'Conv': 0.6, 'Linear': 0.6, 'Bias': 0.0, 'BatchNorm': 0.0} | EnvNClusters=32
[2026-01-24 16:41:25,007] [INFO] [TRAIN] Epoch 4 Loss: 0.9881
[2026-01-24 16:42:05,718] [INFO] Model initialized on device: cuda:0
[2026-01-24 16:42:05,719] [INFO] [CLIENT INIT] Mode=SKH | Sparsity=ON (UsedSparsity=0.6) | Clusters=ON (UsedClusters=32) | EnvSparsityCfg={'Conv': 0.6, 'Linear': 0.6, 'Bias': 0.0, 'BatchNorm': 0.0} | EnvNClusters=32
[2026-01-24 16:42:07,928] [INFO] Model initialized on device: cuda:0
[2026-01-24 16:42:07,928] [INFO] [CLIENT INIT] Mode=SKH | Sparsity=ON (UsedSparsity=0.6) | Clusters=ON (UsedClusters=32) | EnvSparsityCfg={'Conv': 0.6, 'Linear': 0.6, 'Bias': 0.0, 'BatchNorm': 0.0} | EnvNClusters=32
[2026-01-24 16:42:08,716] [INFO] Model initialized on device: cuda:0
[2026-01-24 16:42:08,716] [INFO] [CLIENT INIT] Mode=SKH | Sparsity=ON (UsedSparsity=0.6) | Clusters=ON (UsedClusters=32) | EnvSparsityCfg={'Conv': 0.6, 'Linear': 0.6, 'Bias': 0.0, 'BatchNorm': 0.0} | EnvNClusters=32
[2026-01-24 16:42:09,429] [INFO] Model initialized on device: cuda:0
[2026-01-24 16:42:09,429] [INFO] [CLIENT INIT] Mode=SKH | Sparsity=ON (UsedSparsity=0.6) | Clusters=ON (UsedClusters=32) | EnvSparsityCfg={'Conv': 0.6, 'Linear': 0.6, 'Bias': 0.0, 'BatchNorm': 0.0} | EnvNClusters=32
[2026-01-24 16:42:09,712] [INFO] Model initialized on device: cuda:0
[2026-01-24 16:42:09,712] [INFO] [CLIENT INIT] Mode=SKH | Sparsity=ON (UsedSparsity=0.6) | Clusters=ON (UsedClusters=32) | EnvSparsityCfg={'Conv': 0.6, 'Linear': 0.6, 'Bias': 0.0, 'BatchNorm': 0.0} | EnvNClusters=32
[2026-01-24 16:42:09,725] [INFO] Model initialized on device: cuda:0
[2026-01-24 16:42:09,725] [INFO] [CLIENT INIT] Mode=SKH | Sparsity=ON (UsedSparsity=0.6) | Clusters=ON (UsedClusters=32) | EnvSparsityCfg={'Conv': 0.6, 'Linear': 0.6, 'Bias': 0.0, 'BatchNorm': 0.0} | EnvNClusters=32
[2026-01-24 16:42:09,811] [INFO] Model initialized on device: cuda:0
[2026-01-24 16:42:09,811] [INFO] [CLIENT INIT] Mode=SKH | Sparsity=ON (UsedSparsity=0.6) | Clusters=ON (UsedClusters=32) | EnvSparsityCfg={'Conv': 0.6, 'Linear': 0.6, 'Bias': 0.0, 'BatchNorm': 0.0} | EnvNClusters=32
[2026-01-24 16:42:09,812] [INFO] Model initialized on device: cuda:0
[2026-01-24 16:42:09,813] [INFO] [CLIENT INIT] Mode=SKH | Sparsity=ON (UsedSparsity=0.6) | Clusters=ON (UsedClusters=32) | EnvSparsityCfg={'Conv': 0.6, 'Linear': 0.6, 'Bias': 0.0, 'BatchNorm': 0.0} | EnvNClusters=32
[2026-01-24 16:42:09,814] [INFO] Model initialized on device: cuda:0
[2026-01-24 16:42:09,814] [INFO] [CLIENT INIT] Mode=SKH | Sparsity=ON (UsedSparsity=0.6) | Clusters=ON (UsedClusters=32) | EnvSparsityCfg={'Conv': 0.6, 'Linear': 0.6, 'Bias': 0.0, 'BatchNorm': 0.0} | EnvNClusters=32
[2026-01-24 16:42:09,818] [INFO] Model initialized on device: cuda:0
[2026-01-24 16:42:09,818] [INFO] [CLIENT INIT] Mode=SKH | Sparsity=ON (UsedSparsity=0.6) | Clusters=ON (UsedClusters=32) | EnvSparsityCfg={'Conv': 0.6, 'Linear': 0.6, 'Bias': 0.0, 'BatchNorm': 0.0} | EnvNClusters=32
[2026-01-24 16:43:16,417] [INFO] [TRAIN] Epoch 5 Loss: 0.9879
[2026-01-24 16:43:16,418] [INFO] [FIT] Local training finished. Avg Loss: 0.9882
[2026-01-24 16:43:49,980] [INFO] Model initialized on device: cuda:0
[2026-01-24 16:43:49,980] [INFO] [CLIENT INIT] Mode=SKH | Sparsity=ON (UsedSparsity=0.6) | Clusters=ON (UsedClusters=32) | EnvSparsityCfg={'Conv': 0.6, 'Linear': 0.6, 'Bias': 0.0, 'BatchNorm': 0.0} | EnvNClusters=32
[2026-01-24 16:43:50,069] [INFO] Model initialized on device: cuda:0
[2026-01-24 16:43:50,069] [INFO] [CLIENT INIT] Mode=SKH | Sparsity=ON (UsedSparsity=0.6) | Clusters=ON (UsedClusters=32) | EnvSparsityCfg={'Conv': 0.6, 'Linear': 0.6, 'Bias': 0.0, 'BatchNorm': 0.0} | EnvNClusters=32
[2026-01-24 16:43:50,232] [INFO] Model initialized on device: cuda:0
[2026-01-24 16:43:50,232] [INFO] [CLIENT INIT] Mode=SKH | Sparsity=ON (UsedSparsity=0.6) | Clusters=ON (UsedClusters=32) | EnvSparsityCfg={'Conv': 0.6, 'Linear': 0.6, 'Bias': 0.0, 'BatchNorm': 0.0} | EnvNClusters=32
[2026-01-24 16:43:50,325] [INFO] Model initialized on device: cuda:0
[2026-01-24 16:43:50,325] [INFO] [CLIENT INIT] Mode=SKH | Sparsity=ON (UsedSparsity=0.6) | Clusters=ON (UsedClusters=32) | EnvSparsityCfg={'Conv': 0.6, 'Linear': 0.6, 'Bias': 0.0, 'BatchNorm': 0.0} | EnvNClusters=32
[2026-01-24 16:43:50,399] [INFO] Model initialized on device: cuda:0
[2026-01-24 16:43:50,400] [INFO] [CLIENT INIT] Mode=SKH | Sparsity=ON (UsedSparsity=0.6) | Clusters=ON (UsedClusters=32) | EnvSparsityCfg={'Conv': 0.6, 'Linear': 0.6, 'Bias': 0.0, 'BatchNorm': 0.0} | EnvNClusters=32
[2026-01-24 16:43:50,407] [INFO] Model initialized on device: cuda:0
[2026-01-24 16:43:50,407] [INFO] [CLIENT INIT] Mode=SKH | Sparsity=ON (UsedSparsity=0.6) | Clusters=ON (UsedClusters=32) | EnvSparsityCfg={'Conv': 0.6, 'Linear': 0.6, 'Bias': 0.0, 'BatchNorm': 0.0} | EnvNClusters=32
[2026-01-24 16:43:50,429] [INFO] Model initialized on device: cuda:0
[2026-01-24 16:43:50,429] [INFO] [CLIENT INIT] Mode=SKH | Sparsity=ON (UsedSparsity=0.6) | Clusters=ON (UsedClusters=32) | EnvSparsityCfg={'Conv': 0.6, 'Linear': 0.6, 'Bias': 0.0, 'BatchNorm': 0.0} | EnvNClusters=32
[2026-01-24 16:43:50,435] [INFO] Model initialized on device: cuda:0
[2026-01-24 16:43:50,435] [INFO] [CLIENT INIT] Mode=SKH | Sparsity=ON (UsedSparsity=0.6) | Clusters=ON (UsedClusters=32) | EnvSparsityCfg={'Conv': 0.6, 'Linear': 0.6, 'Bias': 0.0, 'BatchNorm': 0.0} | EnvNClusters=32
[2026-01-24 16:43:50,437] [INFO] Model initialized on device: cuda:0
[2026-01-24 16:43:50,437] [INFO] Model initialized on device: cuda:0
[2026-01-24 16:43:50,437] [INFO] [CLIENT INIT] Mode=SKH | Sparsity=ON (UsedSparsity=0.6) | Clusters=ON (UsedClusters=32) | EnvSparsityCfg={'Conv': 0.6, 'Linear': 0.6, 'Bias': 0.0, 'BatchNorm': 0.0} | EnvNClusters=32
[2026-01-24 16:43:50,437] [INFO] [CLIENT INIT] Mode=SKH | Sparsity=ON (UsedSparsity=0.6) | Clusters=ON (UsedClusters=32) | EnvSparsityCfg={'Conv': 0.6, 'Linear': 0.6, 'Bias': 0.0, 'BatchNorm': 0.0} | EnvNClusters=32
[2026-01-24 16:43:54,390] [DEBUG] [TEST] Batch 1 | Pred shape: torch.Size([256, 256, 160]) | Label shape: torch.Size([256, 256, 160])
[2026-01-24 16:43:54,449] [DEBUG] [TEST] Batch 2 | Pred shape: torch.Size([256, 256, 160]) | Label shape: torch.Size([256, 256, 160])
[2026-01-24 16:43:54,506] [DEBUG] [TEST] Batch 3 | Pred shape: torch.Size([256, 256, 160]) | Label shape: torch.Size([256, 256, 160])
[2026-01-24 16:43:54,561] [DEBUG] [TEST] Batch 4 | Pred shape: torch.Size([256, 256, 160]) | Label shape: torch.Size([256, 256, 160])
[2026-01-24 16:43:54,616] [DEBUG] [TEST] Batch 5 | Pred shape: torch.Size([256, 256, 160]) | Label shape: torch.Size([256, 256, 160])
[2026-01-24 16:43:54,672] [DEBUG] [TEST] Batch 6 | Pred shape: torch.Size([256, 256, 160]) | Label shape: torch.Size([256, 256, 160])
[2026-01-24 16:43:54,727] [DEBUG] [TEST] Batch 7 | Pred shape: torch.Size([256, 256, 160]) | Label shape: torch.Size([256, 256, 160])
[2026-01-24 16:43:54,782] [DEBUG] [TEST] Batch 8 | Pred shape: torch.Size([256, 256, 160]) | Label shape: torch.Size([256, 256, 160])
[2026-01-24 16:43:54,854] [DEBUG] [TEST] Batch 9 | Pred shape: torch.Size([256, 256, 160]) | Label shape: torch.Size([256, 256, 160])
[2026-01-24 16:43:54,914] [DEBUG] [TEST] Batch 10 | Pred shape: torch.Size([256, 256, 160]) | Label shape: torch.Size([256, 256, 160])
[2026-01-24 16:43:58,196] [INFO] [FIT] Final model saved to: Revision2/Run_UNET_IID_SKHC32S60_20260124/Client2/model_final.pth
[2026-01-24 16:44:07,029] [INFO] [COMM][CLIENT] Round=-1 Mode=SKH UsedSparsity=0.6 UsedClusters=32 BaselineBits=154016352.0 CompressedBits=45789011.0 CR=3.364
[2026-01-24 16:44:39,111] [INFO] [EVALUATE] Starting evaluation...
[2026-01-24 16:44:40,511] [INFO] [DEBUG] Loaded compressed decoded weights.
[2026-01-24 16:45:49,479] [INFO] Model initialized on device: cuda:0
[2026-01-24 16:45:49,479] [INFO] [CLIENT INIT] Mode=SKH | Sparsity=ON (UsedSparsity=0.6) | Clusters=ON (UsedClusters=32) | EnvSparsityCfg={'Conv': 0.6, 'Linear': 0.6, 'Bias': 0.0, 'BatchNorm': 0.0} | EnvNClusters=32
[2026-01-24 16:45:50,334] [INFO] Model initialized on device: cuda:0
[2026-01-24 16:45:50,334] [INFO] [CLIENT INIT] Mode=SKH | Sparsity=ON (UsedSparsity=0.6) | Clusters=ON (UsedClusters=32) | EnvSparsityCfg={'Conv': 0.6, 'Linear': 0.6, 'Bias': 0.0, 'BatchNorm': 0.0} | EnvNClusters=32
[2026-01-24 16:45:50,334] [INFO] Model initialized on device: cuda:0
[2026-01-24 16:45:50,335] [INFO] [CLIENT INIT] Mode=SKH | Sparsity=ON (UsedSparsity=0.6) | Clusters=ON (UsedClusters=32) | EnvSparsityCfg={'Conv': 0.6, 'Linear': 0.6, 'Bias': 0.0, 'BatchNorm': 0.0} | EnvNClusters=32
[2026-01-24 16:45:50,414] [INFO] Model initialized on device: cuda:0
[2026-01-24 16:45:50,414] [INFO] [CLIENT INIT] Mode=SKH | Sparsity=ON (UsedSparsity=0.6) | Clusters=ON (UsedClusters=32) | EnvSparsityCfg={'Conv': 0.6, 'Linear': 0.6, 'Bias': 0.0, 'BatchNorm': 0.0} | EnvNClusters=32
[2026-01-24 16:45:50,808] [INFO] Model initialized on device: cuda:0
[2026-01-24 16:45:50,808] [INFO] [CLIENT INIT] Mode=SKH | Sparsity=ON (UsedSparsity=0.6) | Clusters=ON (UsedClusters=32) | EnvSparsityCfg={'Conv': 0.6, 'Linear': 0.6, 'Bias': 0.0, 'BatchNorm': 0.0} | EnvNClusters=32
[2026-01-24 16:45:50,838] [INFO] Model initialized on device: cuda:0
[2026-01-24 16:45:50,838] [INFO] [CLIENT INIT] Mode=SKH | Sparsity=ON (UsedSparsity=0.6) | Clusters=ON (UsedClusters=32) | EnvSparsityCfg={'Conv': 0.6, 'Linear': 0.6, 'Bias': 0.0, 'BatchNorm': 0.0} | EnvNClusters=32
[2026-01-24 16:45:50,841] [INFO] Model initialized on device: cuda:0
[2026-01-24 16:45:50,841] [INFO] [CLIENT INIT] Mode=SKH | Sparsity=ON (UsedSparsity=0.6) | Clusters=ON (UsedClusters=32) | EnvSparsityCfg={'Conv': 0.6, 'Linear': 0.6, 'Bias': 0.0, 'BatchNorm': 0.0} | EnvNClusters=32
[2026-01-24 16:45:50,909] [INFO] Model initialized on device: cuda:0
[2026-01-24 16:45:50,910] [INFO] [CLIENT INIT] Mode=SKH | Sparsity=ON (UsedSparsity=0.6) | Clusters=ON (UsedClusters=32) | EnvSparsityCfg={'Conv': 0.6, 'Linear': 0.6, 'Bias': 0.0, 'BatchNorm': 0.0} | EnvNClusters=32
[2026-01-24 16:45:50,913] [INFO] Model initialized on device: cuda:0
[2026-01-24 16:45:50,914] [INFO] [CLIENT INIT] Mode=SKH | Sparsity=ON (UsedSparsity=0.6) | Clusters=ON (UsedClusters=32) | EnvSparsityCfg={'Conv': 0.6, 'Linear': 0.6, 'Bias': 0.0, 'BatchNorm': 0.0} | EnvNClusters=32
[2026-01-24 16:45:50,917] [INFO] Model initialized on device: cuda:0
[2026-01-24 16:45:50,917] [INFO] [CLIENT INIT] Mode=SKH | Sparsity=ON (UsedSparsity=0.6) | Clusters=ON (UsedClusters=32) | EnvSparsityCfg={'Conv': 0.6, 'Linear': 0.6, 'Bias': 0.0, 'BatchNorm': 0.0} | EnvNClusters=32
[2026-01-24 16:45:57,137] [DEBUG] [TEST] Batch 1 | Pred shape: torch.Size([256, 256, 160]) | Label shape: torch.Size([256, 256, 160])
[2026-01-24 16:45:57,206] [DEBUG] [TEST] Batch 2 | Pred shape: torch.Size([256, 256, 160]) | Label shape: torch.Size([256, 256, 160])
[2026-01-24 16:45:57,329] [DEBUG] [TEST] Batch 3 | Pred shape: torch.Size([256, 256, 160]) | Label shape: torch.Size([256, 256, 160])
[2026-01-24 16:45:57,433] [DEBUG] [TEST] Batch 4 | Pred shape: torch.Size([256, 256, 160]) | Label shape: torch.Size([256, 256, 160])
[2026-01-24 16:45:57,541] [DEBUG] [TEST] Batch 5 | Pred shape: torch.Size([256, 256, 160]) | Label shape: torch.Size([256, 256, 160])
[2026-01-24 16:45:58,172] [DEBUG] [TEST] Batch 6 | Pred shape: torch.Size([256, 256, 160]) | Label shape: torch.Size([256, 256, 160])
[2026-01-24 16:45:58,420] [DEBUG] [TEST] Batch 7 | Pred shape: torch.Size([256, 256, 160]) | Label shape: torch.Size([256, 256, 160])
[2026-01-24 16:45:58,670] [DEBUG] [TEST] Batch 8 | Pred shape: torch.Size([256, 256, 160]) | Label shape: torch.Size([256, 256, 160])
[2026-01-24 16:45:58,916] [DEBUG] [TEST] Batch 9 | Pred shape: torch.Size([256, 256, 160]) | Label shape: torch.Size([256, 256, 160])
[2026-01-24 16:45:59,162] [DEBUG] [TEST] Batch 10 | Pred shape: torch.Size([256, 256, 160]) | Label shape: torch.Size([256, 256, 160])
[2026-01-24 16:46:07,495] [INFO] [EVALUATE] Dice WT: 0.1453
[2026-01-24 16:46:15,373] [INFO] [FIT] Received parameters. Starting local training...
[2026-01-24 16:46:18,108] [INFO] [DEBUG] Loaded compressed decoded weights.
[2026-01-24 16:47:23,017] [INFO] Model initialized on device: cuda:0
[2026-01-24 16:47:23,017] [INFO] [CLIENT INIT] Mode=SKH | Sparsity=ON (UsedSparsity=0.6) | Clusters=ON (UsedClusters=32) | EnvSparsityCfg={'Conv': 0.6, 'Linear': 0.6, 'Bias': 0.0, 'BatchNorm': 0.0} | EnvNClusters=32
[2026-01-24 16:47:23,436] [INFO] Model initialized on device: cuda:0
[2026-01-24 16:47:23,436] [INFO] [CLIENT INIT] Mode=SKH | Sparsity=ON (UsedSparsity=0.6) | Clusters=ON (UsedClusters=32) | EnvSparsityCfg={'Conv': 0.6, 'Linear': 0.6, 'Bias': 0.0, 'BatchNorm': 0.0} | EnvNClusters=32
[2026-01-24 16:47:23,532] [INFO] Model initialized on device: cuda:0
[2026-01-24 16:47:23,532] [INFO] [CLIENT INIT] Mode=SKH | Sparsity=ON (UsedSparsity=0.6) | Clusters=ON (UsedClusters=32) | EnvSparsityCfg={'Conv': 0.6, 'Linear': 0.6, 'Bias': 0.0, 'BatchNorm': 0.0} | EnvNClusters=32
[2026-01-24 16:47:23,725] [INFO] Model initialized on device: cuda:0
[2026-01-24 16:47:23,725] [INFO] [CLIENT INIT] Mode=SKH | Sparsity=ON (UsedSparsity=0.6) | Clusters=ON (UsedClusters=32) | EnvSparsityCfg={'Conv': 0.6, 'Linear': 0.6, 'Bias': 0.0, 'BatchNorm': 0.0} | EnvNClusters=32
[2026-01-24 16:47:23,738] [INFO] Model initialized on device: cuda:0
[2026-01-24 16:47:23,738] [INFO] [CLIENT INIT] Mode=SKH | Sparsity=ON (UsedSparsity=0.6) | Clusters=ON (UsedClusters=32) | EnvSparsityCfg={'Conv': 0.6, 'Linear': 0.6, 'Bias': 0.0, 'BatchNorm': 0.0} | EnvNClusters=32
[2026-01-24 16:47:23,917] [INFO] Model initialized on device: cuda:0
[2026-01-24 16:47:23,917] [INFO] [CLIENT INIT] Mode=SKH | Sparsity=ON (UsedSparsity=0.6) | Clusters=ON (UsedClusters=32) | EnvSparsityCfg={'Conv': 0.6, 'Linear': 0.6, 'Bias': 0.0, 'BatchNorm': 0.0} | EnvNClusters=32
[2026-01-24 16:47:23,944] [INFO] Model initialized on device: cuda:0
[2026-01-24 16:47:23,944] [INFO] [CLIENT INIT] Mode=SKH | Sparsity=ON (UsedSparsity=0.6) | Clusters=ON (UsedClusters=32) | EnvSparsityCfg={'Conv': 0.6, 'Linear': 0.6, 'Bias': 0.0, 'BatchNorm': 0.0} | EnvNClusters=32
[2026-01-24 16:47:24,016] [INFO] Model initialized on device: cuda:0
[2026-01-24 16:47:24,016] [INFO] [CLIENT INIT] Mode=SKH | Sparsity=ON (UsedSparsity=0.6) | Clusters=ON (UsedClusters=32) | EnvSparsityCfg={'Conv': 0.6, 'Linear': 0.6, 'Bias': 0.0, 'BatchNorm': 0.0} | EnvNClusters=32
[2026-01-24 16:47:24,017] [INFO] Model initialized on device: cuda:0
[2026-01-24 16:47:24,017] [INFO] [CLIENT INIT] Mode=SKH | Sparsity=ON (UsedSparsity=0.6) | Clusters=ON (UsedClusters=32) | EnvSparsityCfg={'Conv': 0.6, 'Linear': 0.6, 'Bias': 0.0, 'BatchNorm': 0.0} | EnvNClusters=32
[2026-01-24 16:47:24,018] [INFO] Model initialized on device: cuda:0
[2026-01-24 16:47:24,018] [INFO] [CLIENT INIT] Mode=SKH | Sparsity=ON (UsedSparsity=0.6) | Clusters=ON (UsedClusters=32) | EnvSparsityCfg={'Conv': 0.6, 'Linear': 0.6, 'Bias': 0.0, 'BatchNorm': 0.0} | EnvNClusters=32
[2026-01-24 16:48:34,386] [INFO] [TRAIN] Epoch 1 Loss: 0.9880
[2026-01-24 16:49:33,800] [INFO] Model initialized on device: cuda:0
[2026-01-24 16:49:33,800] [INFO] [CLIENT INIT] Mode=SKH | Sparsity=ON (UsedSparsity=0.6) | Clusters=ON (UsedClusters=32) | EnvSparsityCfg={'Conv': 0.6, 'Linear': 0.6, 'Bias': 0.0, 'BatchNorm': 0.0} | EnvNClusters=32
[2026-01-24 16:49:34,010] [INFO] Model initialized on device: cuda:0
[2026-01-24 16:49:34,010] [INFO] [CLIENT INIT] Mode=SKH | Sparsity=ON (UsedSparsity=0.6) | Clusters=ON (UsedClusters=32) | EnvSparsityCfg={'Conv': 0.6, 'Linear': 0.6, 'Bias': 0.0, 'BatchNorm': 0.0} | EnvNClusters=32
[2026-01-24 16:49:34,333] [INFO] Model initialized on device: cuda:0
[2026-01-24 16:49:34,333] [INFO] [CLIENT INIT] Mode=SKH | Sparsity=ON (UsedSparsity=0.6) | Clusters=ON (UsedClusters=32) | EnvSparsityCfg={'Conv': 0.6, 'Linear': 0.6, 'Bias': 0.0, 'BatchNorm': 0.0} | EnvNClusters=32
[2026-01-24 16:49:34,333] [INFO] Model initialized on device: cuda:0
[2026-01-24 16:49:34,334] [INFO] [CLIENT INIT] Mode=SKH | Sparsity=ON (UsedSparsity=0.6) | Clusters=ON (UsedClusters=32) | EnvSparsityCfg={'Conv': 0.6, 'Linear': 0.6, 'Bias': 0.0, 'BatchNorm': 0.0} | EnvNClusters=32
[2026-01-24 16:49:34,907] [INFO] Model initialized on device: cuda:0
[2026-01-24 16:49:34,907] [INFO] [CLIENT INIT] Mode=SKH | Sparsity=ON (UsedSparsity=0.6) | Clusters=ON (UsedClusters=32) | EnvSparsityCfg={'Conv': 0.6, 'Linear': 0.6, 'Bias': 0.0, 'BatchNorm': 0.0} | EnvNClusters=32
[2026-01-24 16:49:34,921] [INFO] Model initialized on device: cuda:0
[2026-01-24 16:49:34,921] [INFO] [CLIENT INIT] Mode=SKH | Sparsity=ON (UsedSparsity=0.6) | Clusters=ON (UsedClusters=32) | EnvSparsityCfg={'Conv': 0.6, 'Linear': 0.6, 'Bias': 0.0, 'BatchNorm': 0.0} | EnvNClusters=32
[2026-01-24 16:49:35,115] [INFO] Model initialized on device: cuda:0
[2026-01-24 16:49:35,115] [INFO] [CLIENT INIT] Mode=SKH | Sparsity=ON (UsedSparsity=0.6) | Clusters=ON (UsedClusters=32) | EnvSparsityCfg={'Conv': 0.6, 'Linear': 0.6, 'Bias': 0.0, 'BatchNorm': 0.0} | EnvNClusters=32
[2026-01-24 16:49:35,225] [INFO] Model initialized on device: cuda:0
[2026-01-24 16:49:35,225] [INFO] [CLIENT INIT] Mode=SKH | Sparsity=ON (UsedSparsity=0.6) | Clusters=ON (UsedClusters=32) | EnvSparsityCfg={'Conv': 0.6, 'Linear': 0.6, 'Bias': 0.0, 'BatchNorm': 0.0} | EnvNClusters=32
[2026-01-24 16:49:35,227] [INFO] Model initialized on device: cuda:0
[2026-01-24 16:49:35,228] [INFO] [CLIENT INIT] Mode=SKH | Sparsity=ON (UsedSparsity=0.6) | Clusters=ON (UsedClusters=32) | EnvSparsityCfg={'Conv': 0.6, 'Linear': 0.6, 'Bias': 0.0, 'BatchNorm': 0.0} | EnvNClusters=32
[2026-01-24 16:49:35,444] [INFO] Model initialized on device: cuda:0
[2026-01-24 16:49:35,445] [INFO] [CLIENT INIT] Mode=SKH | Sparsity=ON (UsedSparsity=0.6) | Clusters=ON (UsedClusters=32) | EnvSparsityCfg={'Conv': 0.6, 'Linear': 0.6, 'Bias': 0.0, 'BatchNorm': 0.0} | EnvNClusters=32
[2026-01-24 16:50:53,235] [INFO] [TRAIN] Epoch 2 Loss: 0.9879
[2026-01-24 16:51:44,120] [INFO] Model initialized on device: cuda:0
[2026-01-24 16:51:44,120] [INFO] [CLIENT INIT] Mode=SKH | Sparsity=ON (UsedSparsity=0.6) | Clusters=ON (UsedClusters=32) | EnvSparsityCfg={'Conv': 0.6, 'Linear': 0.6, 'Bias': 0.0, 'BatchNorm': 0.0} | EnvNClusters=32
[2026-01-24 16:51:53,768] [INFO] Model initialized on device: cuda:0
[2026-01-24 16:51:53,768] [INFO] [CLIENT INIT] Mode=SKH | Sparsity=ON (UsedSparsity=0.6) | Clusters=ON (UsedClusters=32) | EnvSparsityCfg={'Conv': 0.6, 'Linear': 0.6, 'Bias': 0.0, 'BatchNorm': 0.0} | EnvNClusters=32
[2026-01-24 16:51:54,512] [INFO] Model initialized on device: cuda:0
[2026-01-24 16:51:54,512] [INFO] [CLIENT INIT] Mode=SKH | Sparsity=ON (UsedSparsity=0.6) | Clusters=ON (UsedClusters=32) | EnvSparsityCfg={'Conv': 0.6, 'Linear': 0.6, 'Bias': 0.0, 'BatchNorm': 0.0} | EnvNClusters=32
[2026-01-24 16:51:58,565] [INFO] Model initialized on device: cuda:0
[2026-01-24 16:51:58,565] [INFO] [CLIENT INIT] Mode=SKH | Sparsity=ON (UsedSparsity=0.6) | Clusters=ON (UsedClusters=32) | EnvSparsityCfg={'Conv': 0.6, 'Linear': 0.6, 'Bias': 0.0, 'BatchNorm': 0.0} | EnvNClusters=32
[2026-01-24 16:51:58,954] [INFO] Model initialized on device: cuda:0
[2026-01-24 16:51:58,954] [INFO] [CLIENT INIT] Mode=SKH | Sparsity=ON (UsedSparsity=0.6) | Clusters=ON (UsedClusters=32) | EnvSparsityCfg={'Conv': 0.6, 'Linear': 0.6, 'Bias': 0.0, 'BatchNorm': 0.0} | EnvNClusters=32
[2026-01-24 16:51:59,142] [INFO] Model initialized on device: cuda:0
[2026-01-24 16:51:59,142] [INFO] [CLIENT INIT] Mode=SKH | Sparsity=ON (UsedSparsity=0.6) | Clusters=ON (UsedClusters=32) | EnvSparsityCfg={'Conv': 0.6, 'Linear': 0.6, 'Bias': 0.0, 'BatchNorm': 0.0} | EnvNClusters=32
[2026-01-24 16:51:59,143] [INFO] Model initialized on device: cuda:0
[2026-01-24 16:51:59,143] [INFO] [CLIENT INIT] Mode=SKH | Sparsity=ON (UsedSparsity=0.6) | Clusters=ON (UsedClusters=32) | EnvSparsityCfg={'Conv': 0.6, 'Linear': 0.6, 'Bias': 0.0, 'BatchNorm': 0.0} | EnvNClusters=32
[2026-01-24 16:51:59,512] [INFO] Model initialized on device: cuda:0
[2026-01-24 16:51:59,512] [INFO] [CLIENT INIT] Mode=SKH | Sparsity=ON (UsedSparsity=0.6) | Clusters=ON (UsedClusters=32) | EnvSparsityCfg={'Conv': 0.6, 'Linear': 0.6, 'Bias': 0.0, 'BatchNorm': 0.0} | EnvNClusters=32
[2026-01-24 16:51:59,513] [INFO] Model initialized on device: cuda:0
[2026-01-24 16:51:59,513] [INFO] [CLIENT INIT] Mode=SKH | Sparsity=ON (UsedSparsity=0.6) | Clusters=ON (UsedClusters=32) | EnvSparsityCfg={'Conv': 0.6, 'Linear': 0.6, 'Bias': 0.0, 'BatchNorm': 0.0} | EnvNClusters=32
[2026-01-24 16:51:59,630] [INFO] Model initialized on device: cuda:0
[2026-01-24 16:51:59,630] [INFO] [CLIENT INIT] Mode=SKH | Sparsity=ON (UsedSparsity=0.6) | Clusters=ON (UsedClusters=32) | EnvSparsityCfg={'Conv': 0.6, 'Linear': 0.6, 'Bias': 0.0, 'BatchNorm': 0.0} | EnvNClusters=32
[2026-01-24 16:53:04,956] [INFO] [TRAIN] Epoch 3 Loss: 0.9878
[2026-01-24 16:53:51,619] [INFO] Model initialized on device: cuda:0
[2026-01-24 16:53:51,619] [INFO] [CLIENT INIT] Mode=SKH | Sparsity=ON (UsedSparsity=0.6) | Clusters=ON (UsedClusters=32) | EnvSparsityCfg={'Conv': 0.6, 'Linear': 0.6, 'Bias': 0.0, 'BatchNorm': 0.0} | EnvNClusters=32
[2026-01-24 16:53:59,118] [INFO] Model initialized on device: cuda:0
[2026-01-24 16:53:59,118] [INFO] [CLIENT INIT] Mode=SKH | Sparsity=ON (UsedSparsity=0.6) | Clusters=ON (UsedClusters=32) | EnvSparsityCfg={'Conv': 0.6, 'Linear': 0.6, 'Bias': 0.0, 'BatchNorm': 0.0} | EnvNClusters=32
[2026-01-24 16:53:59,230] [INFO] Model initialized on device: cuda:0
[2026-01-24 16:53:59,230] [INFO] [CLIENT INIT] Mode=SKH | Sparsity=ON (UsedSparsity=0.6) | Clusters=ON (UsedClusters=32) | EnvSparsityCfg={'Conv': 0.6, 'Linear': 0.6, 'Bias': 0.0, 'BatchNorm': 0.0} | EnvNClusters=32
[2026-01-24 16:53:59,713] [INFO] Model initialized on device: cuda:0
[2026-01-24 16:53:59,713] [INFO] [CLIENT INIT] Mode=SKH | Sparsity=ON (UsedSparsity=0.6) | Clusters=ON (UsedClusters=32) | EnvSparsityCfg={'Conv': 0.6, 'Linear': 0.6, 'Bias': 0.0, 'BatchNorm': 0.0} | EnvNClusters=32
[2026-01-24 16:53:59,852] [INFO] Model initialized on device: cuda:0
[2026-01-24 16:53:59,852] [INFO] [CLIENT INIT] Mode=SKH | Sparsity=ON (UsedSparsity=0.6) | Clusters=ON (UsedClusters=32) | EnvSparsityCfg={'Conv': 0.6, 'Linear': 0.6, 'Bias': 0.0, 'BatchNorm': 0.0} | EnvNClusters=32
[2026-01-24 16:53:59,854] [INFO] Model initialized on device: cuda:0
[2026-01-24 16:53:59,854] [INFO] [CLIENT INIT] Mode=SKH | Sparsity=ON (UsedSparsity=0.6) | Clusters=ON (UsedClusters=32) | EnvSparsityCfg={'Conv': 0.6, 'Linear': 0.6, 'Bias': 0.0, 'BatchNorm': 0.0} | EnvNClusters=32
[2026-01-24 16:54:04,717] [INFO] Model initialized on device: cuda:0
[2026-01-24 16:54:04,717] [INFO] [CLIENT INIT] Mode=SKH | Sparsity=ON (UsedSparsity=0.6) | Clusters=ON (UsedClusters=32) | EnvSparsityCfg={'Conv': 0.6, 'Linear': 0.6, 'Bias': 0.0, 'BatchNorm': 0.0} | EnvNClusters=32
[2026-01-24 16:54:05,113] [INFO] Model initialized on device: cuda:0
[2026-01-24 16:54:05,113] [INFO] [CLIENT INIT] Mode=SKH | Sparsity=ON (UsedSparsity=0.6) | Clusters=ON (UsedClusters=32) | EnvSparsityCfg={'Conv': 0.6, 'Linear': 0.6, 'Bias': 0.0, 'BatchNorm': 0.0} | EnvNClusters=32
[2026-01-24 16:54:05,124] [INFO] Model initialized on device: cuda:0
[2026-01-24 16:54:05,124] [INFO] [CLIENT INIT] Mode=SKH | Sparsity=ON (UsedSparsity=0.6) | Clusters=ON (UsedClusters=32) | EnvSparsityCfg={'Conv': 0.6, 'Linear': 0.6, 'Bias': 0.0, 'BatchNorm': 0.0} | EnvNClusters=32
[2026-01-24 16:54:05,418] [INFO] Model initialized on device: cuda:0
[2026-01-24 16:54:05,419] [INFO] [CLIENT INIT] Mode=SKH | Sparsity=ON (UsedSparsity=0.6) | Clusters=ON (UsedClusters=32) | EnvSparsityCfg={'Conv': 0.6, 'Linear': 0.6, 'Bias': 0.0, 'BatchNorm': 0.0} | EnvNClusters=32
[2026-01-24 16:55:08,308] [INFO] [TRAIN] Epoch 4 Loss: 0.9876
[2026-01-24 16:55:58,416] [INFO] Model initialized on device: cuda:0
[2026-01-24 16:55:58,416] [INFO] [CLIENT INIT] Mode=SKH | Sparsity=ON (UsedSparsity=0.6) | Clusters=ON (UsedClusters=32) | EnvSparsityCfg={'Conv': 0.6, 'Linear': 0.6, 'Bias': 0.0, 'BatchNorm': 0.0} | EnvNClusters=32
[2026-01-24 16:55:59,025] [INFO] Model initialized on device: cuda:0
[2026-01-24 16:55:59,025] [INFO] [CLIENT INIT] Mode=SKH | Sparsity=ON (UsedSparsity=0.6) | Clusters=ON (UsedClusters=32) | EnvSparsityCfg={'Conv': 0.6, 'Linear': 0.6, 'Bias': 0.0, 'BatchNorm': 0.0} | EnvNClusters=32
[2026-01-24 16:55:59,226] [INFO] Model initialized on device: cuda:0
[2026-01-24 16:55:59,226] [INFO] [CLIENT INIT] Mode=SKH | Sparsity=ON (UsedSparsity=0.6) | Clusters=ON (UsedClusters=32) | EnvSparsityCfg={'Conv': 0.6, 'Linear': 0.6, 'Bias': 0.0, 'BatchNorm': 0.0} | EnvNClusters=32
[2026-01-24 16:55:59,409] [INFO] Model initialized on device: cuda:0
[2026-01-24 16:55:59,410] [INFO] [CLIENT INIT] Mode=SKH | Sparsity=ON (UsedSparsity=0.6) | Clusters=ON (UsedClusters=32) | EnvSparsityCfg={'Conv': 0.6, 'Linear': 0.6, 'Bias': 0.0, 'BatchNorm': 0.0} | EnvNClusters=32
[2026-01-24 16:55:59,411] [INFO] Model initialized on device: cuda:0
[2026-01-24 16:55:59,411] [INFO] [CLIENT INIT] Mode=SKH | Sparsity=ON (UsedSparsity=0.6) | Clusters=ON (UsedClusters=32) | EnvSparsityCfg={'Conv': 0.6, 'Linear': 0.6, 'Bias': 0.0, 'BatchNorm': 0.0} | EnvNClusters=32
[2026-01-24 16:55:59,418] [INFO] Model initialized on device: cuda:0
[2026-01-24 16:55:59,418] [INFO] [CLIENT INIT] Mode=SKH | Sparsity=ON (UsedSparsity=0.6) | Clusters=ON (UsedClusters=32) | EnvSparsityCfg={'Conv': 0.6, 'Linear': 0.6, 'Bias': 0.0, 'BatchNorm': 0.0} | EnvNClusters=32
[2026-01-24 16:55:59,437] [INFO] Model initialized on device: cuda:0
[2026-01-24 16:55:59,438] [INFO] [CLIENT INIT] Mode=SKH | Sparsity=ON (UsedSparsity=0.6) | Clusters=ON (UsedClusters=32) | EnvSparsityCfg={'Conv': 0.6, 'Linear': 0.6, 'Bias': 0.0, 'BatchNorm': 0.0} | EnvNClusters=32
[2026-01-24 16:55:59,438] [INFO] Model initialized on device: cuda:0
[2026-01-24 16:55:59,438] [INFO] [CLIENT INIT] Mode=SKH | Sparsity=ON (UsedSparsity=0.6) | Clusters=ON (UsedClusters=32) | EnvSparsityCfg={'Conv': 0.6, 'Linear': 0.6, 'Bias': 0.0, 'BatchNorm': 0.0} | EnvNClusters=32
[2026-01-24 16:56:00,217] [INFO] Model initialized on device: cuda:0
[2026-01-24 16:56:00,217] [INFO] [CLIENT INIT] Mode=SKH | Sparsity=ON (UsedSparsity=0.6) | Clusters=ON (UsedClusters=32) | EnvSparsityCfg={'Conv': 0.6, 'Linear': 0.6, 'Bias': 0.0, 'BatchNorm': 0.0} | EnvNClusters=32
[2026-01-24 16:56:02,143] [INFO] Model initialized on device: cuda:0
[2026-01-24 16:56:02,143] [INFO] [CLIENT INIT] Mode=SKH | Sparsity=ON (UsedSparsity=0.6) | Clusters=ON (UsedClusters=32) | EnvSparsityCfg={'Conv': 0.6, 'Linear': 0.6, 'Bias': 0.0, 'BatchNorm': 0.0} | EnvNClusters=32
[2026-01-24 16:56:57,029] [INFO] [TRAIN] Epoch 5 Loss: 0.9875
[2026-01-24 16:56:57,030] [INFO] [FIT] Local training finished. Avg Loss: 0.9878
[2026-01-24 16:57:20,600] [INFO] Model initialized on device: cuda:0
[2026-01-24 16:57:20,600] [INFO] [CLIENT INIT] Mode=SKH | Sparsity=ON (UsedSparsity=0.6) | Clusters=ON (UsedClusters=32) | EnvSparsityCfg={'Conv': 0.6, 'Linear': 0.6, 'Bias': 0.0, 'BatchNorm': 0.0} | EnvNClusters=32
[2026-01-24 16:57:20,643] [INFO] Model initialized on device: cuda:0
[2026-01-24 16:57:20,643] [INFO] [CLIENT INIT] Mode=SKH | Sparsity=ON (UsedSparsity=0.6) | Clusters=ON (UsedClusters=32) | EnvSparsityCfg={'Conv': 0.6, 'Linear': 0.6, 'Bias': 0.0, 'BatchNorm': 0.0} | EnvNClusters=32
[2026-01-24 16:57:20,689] [INFO] Model initialized on device: cuda:0
[2026-01-24 16:57:20,689] [INFO] [CLIENT INIT] Mode=SKH | Sparsity=ON (UsedSparsity=0.6) | Clusters=ON (UsedClusters=32) | EnvSparsityCfg={'Conv': 0.6, 'Linear': 0.6, 'Bias': 0.0, 'BatchNorm': 0.0} | EnvNClusters=32
[2026-01-24 16:57:21,224] [INFO] Model initialized on device: cuda:0
[2026-01-24 16:57:21,224] [INFO] [CLIENT INIT] Mode=SKH | Sparsity=ON (UsedSparsity=0.6) | Clusters=ON (UsedClusters=32) | EnvSparsityCfg={'Conv': 0.6, 'Linear': 0.6, 'Bias': 0.0, 'BatchNorm': 0.0} | EnvNClusters=32
[2026-01-24 16:57:22,956] [DEBUG] [TEST] Batch 1 | Pred shape: torch.Size([256, 256, 160]) | Label shape: torch.Size([256, 256, 160])
[2026-01-24 16:57:23,206] [INFO] Model initialized on device: cuda:0
[2026-01-24 16:57:23,206] [INFO] [CLIENT INIT] Mode=SKH | Sparsity=ON (UsedSparsity=0.6) | Clusters=ON (UsedClusters=32) | EnvSparsityCfg={'Conv': 0.6, 'Linear': 0.6, 'Bias': 0.0, 'BatchNorm': 0.0} | EnvNClusters=32
[2026-01-24 16:57:23,780] [INFO] Model initialized on device: cuda:0
[2026-01-24 16:57:23,780] [INFO] [CLIENT INIT] Mode=SKH | Sparsity=ON (UsedSparsity=0.6) | Clusters=ON (UsedClusters=32) | EnvSparsityCfg={'Conv': 0.6, 'Linear': 0.6, 'Bias': 0.0, 'BatchNorm': 0.0} | EnvNClusters=32
[2026-01-24 16:57:23,780] [INFO] Model initialized on device: cuda:0
[2026-01-24 16:57:23,780] [INFO] [CLIENT INIT] Mode=SKH | Sparsity=ON (UsedSparsity=0.6) | Clusters=ON (UsedClusters=32) | EnvSparsityCfg={'Conv': 0.6, 'Linear': 0.6, 'Bias': 0.0, 'BatchNorm': 0.0} | EnvNClusters=32
[2026-01-24 16:57:23,955] [INFO] Model initialized on device: cuda:0
[2026-01-24 16:57:23,955] [INFO] [CLIENT INIT] Mode=SKH | Sparsity=ON (UsedSparsity=0.6) | Clusters=ON (UsedClusters=32) | EnvSparsityCfg={'Conv': 0.6, 'Linear': 0.6, 'Bias': 0.0, 'BatchNorm': 0.0} | EnvNClusters=32
[2026-01-24 16:57:24,089] [INFO] Model initialized on device: cuda:0
[2026-01-24 16:57:24,089] [INFO] [CLIENT INIT] Mode=SKH | Sparsity=ON (UsedSparsity=0.6) | Clusters=ON (UsedClusters=32) | EnvSparsityCfg={'Conv': 0.6, 'Linear': 0.6, 'Bias': 0.0, 'BatchNorm': 0.0} | EnvNClusters=32
[2026-01-24 16:57:24,308] [INFO] Model initialized on device: cuda:0
[2026-01-24 16:57:24,308] [INFO] [CLIENT INIT] Mode=SKH | Sparsity=ON (UsedSparsity=0.6) | Clusters=ON (UsedClusters=32) | EnvSparsityCfg={'Conv': 0.6, 'Linear': 0.6, 'Bias': 0.0, 'BatchNorm': 0.0} | EnvNClusters=32
[2026-01-24 16:57:26,825] [DEBUG] [TEST] Batch 2 | Pred shape: torch.Size([256, 256, 160]) | Label shape: torch.Size([256, 256, 160])
[2026-01-24 16:57:26,886] [DEBUG] [TEST] Batch 3 | Pred shape: torch.Size([256, 256, 160]) | Label shape: torch.Size([256, 256, 160])
[2026-01-24 16:57:27,281] [DEBUG] [TEST] Batch 4 | Pred shape: torch.Size([256, 256, 160]) | Label shape: torch.Size([256, 256, 160])
[2026-01-24 16:57:27,339] [DEBUG] [TEST] Batch 5 | Pred shape: torch.Size([256, 256, 160]) | Label shape: torch.Size([256, 256, 160])
[2026-01-24 16:57:27,397] [DEBUG] [TEST] Batch 6 | Pred shape: torch.Size([256, 256, 160]) | Label shape: torch.Size([256, 256, 160])
[2026-01-24 16:57:27,455] [DEBUG] [TEST] Batch 7 | Pred shape: torch.Size([256, 256, 160]) | Label shape: torch.Size([256, 256, 160])
[2026-01-24 16:57:27,512] [DEBUG] [TEST] Batch 8 | Pred shape: torch.Size([256, 256, 160]) | Label shape: torch.Size([256, 256, 160])
[2026-01-24 16:57:27,569] [DEBUG] [TEST] Batch 9 | Pred shape: torch.Size([256, 256, 160]) | Label shape: torch.Size([256, 256, 160])
[2026-01-24 16:57:27,626] [DEBUG] [TEST] Batch 10 | Pred shape: torch.Size([256, 256, 160]) | Label shape: torch.Size([256, 256, 160])
[2026-01-24 16:57:30,231] [INFO] [FIT] Final model saved to: Revision2/Run_UNET_IID_SKHC32S60_20260124/Client2/model_final.pth
[2026-01-24 16:57:39,324] [INFO] [COMM][CLIENT] Round=-1 Mode=SKH UsedSparsity=0.6 UsedClusters=32 BaselineBits=154016352.0 CompressedBits=45661080.6 CR=3.373
[2026-01-24 16:58:15,429] [INFO] [EVALUATE] Starting evaluation...
[2026-01-24 16:58:18,421] [INFO] [DEBUG] Loaded compressed decoded weights.
[2026-01-24 16:59:20,341] [INFO] Model initialized on device: cuda:0
[2026-01-24 16:59:20,342] [INFO] [CLIENT INIT] Mode=SKH | Sparsity=ON (UsedSparsity=0.6) | Clusters=ON (UsedClusters=32) | EnvSparsityCfg={'Conv': 0.6, 'Linear': 0.6, 'Bias': 0.0, 'BatchNorm': 0.0} | EnvNClusters=32
[2026-01-24 16:59:22,512] [INFO] Model initialized on device: cuda:0
[2026-01-24 16:59:22,512] [INFO] [CLIENT INIT] Mode=SKH | Sparsity=ON (UsedSparsity=0.6) | Clusters=ON (UsedClusters=32) | EnvSparsityCfg={'Conv': 0.6, 'Linear': 0.6, 'Bias': 0.0, 'BatchNorm': 0.0} | EnvNClusters=32
[2026-01-24 16:59:22,517] [INFO] Model initialized on device: cuda:0
[2026-01-24 16:59:22,517] [INFO] [CLIENT INIT] Mode=SKH | Sparsity=ON (UsedSparsity=0.6) | Clusters=ON (UsedClusters=32) | EnvSparsityCfg={'Conv': 0.6, 'Linear': 0.6, 'Bias': 0.0, 'BatchNorm': 0.0} | EnvNClusters=32
[2026-01-24 16:59:22,924] [INFO] Model initialized on device: cuda:0
[2026-01-24 16:59:22,924] [INFO] [CLIENT INIT] Mode=SKH | Sparsity=ON (UsedSparsity=0.6) | Clusters=ON (UsedClusters=32) | EnvSparsityCfg={'Conv': 0.6, 'Linear': 0.6, 'Bias': 0.0, 'BatchNorm': 0.0} | EnvNClusters=32
[2026-01-24 16:59:22,926] [INFO] Model initialized on device: cuda:0
[2026-01-24 16:59:22,926] [INFO] [CLIENT INIT] Mode=SKH | Sparsity=ON (UsedSparsity=0.6) | Clusters=ON (UsedClusters=32) | EnvSparsityCfg={'Conv': 0.6, 'Linear': 0.6, 'Bias': 0.0, 'BatchNorm': 0.0} | EnvNClusters=32
[2026-01-24 16:59:23,030] [INFO] Model initialized on device: cuda:0
[2026-01-24 16:59:23,030] [INFO] [CLIENT INIT] Mode=SKH | Sparsity=ON (UsedSparsity=0.6) | Clusters=ON (UsedClusters=32) | EnvSparsityCfg={'Conv': 0.6, 'Linear': 0.6, 'Bias': 0.0, 'BatchNorm': 0.0} | EnvNClusters=32
[2026-01-24 16:59:23,212] [INFO] Model initialized on device: cuda:0
[2026-01-24 16:59:23,212] [INFO] [CLIENT INIT] Mode=SKH | Sparsity=ON (UsedSparsity=0.6) | Clusters=ON (UsedClusters=32) | EnvSparsityCfg={'Conv': 0.6, 'Linear': 0.6, 'Bias': 0.0, 'BatchNorm': 0.0} | EnvNClusters=32
[2026-01-24 16:59:23,229] [INFO] Model initialized on device: cuda:0
[2026-01-24 16:59:23,229] [INFO] [CLIENT INIT] Mode=SKH | Sparsity=ON (UsedSparsity=0.6) | Clusters=ON (UsedClusters=32) | EnvSparsityCfg={'Conv': 0.6, 'Linear': 0.6, 'Bias': 0.0, 'BatchNorm': 0.0} | EnvNClusters=32
[2026-01-24 16:59:23,240] [INFO] Model initialized on device: cuda:0
[2026-01-24 16:59:23,241] [INFO] [CLIENT INIT] Mode=SKH | Sparsity=ON (UsedSparsity=0.6) | Clusters=ON (UsedClusters=32) | EnvSparsityCfg={'Conv': 0.6, 'Linear': 0.6, 'Bias': 0.0, 'BatchNorm': 0.0} | EnvNClusters=32
[2026-01-24 16:59:23,241] [INFO] Model initialized on device: cuda:0
[2026-01-24 16:59:23,241] [INFO] [CLIENT INIT] Mode=SKH | Sparsity=ON (UsedSparsity=0.6) | Clusters=ON (UsedClusters=32) | EnvSparsityCfg={'Conv': 0.6, 'Linear': 0.6, 'Bias': 0.0, 'BatchNorm': 0.0} | EnvNClusters=32
[2026-01-24 16:59:28,909] [DEBUG] [TEST] Batch 1 | Pred shape: torch.Size([256, 256, 160]) | Label shape: torch.Size([256, 256, 160])
[2026-01-24 16:59:28,971] [DEBUG] [TEST] Batch 2 | Pred shape: torch.Size([256, 256, 160]) | Label shape: torch.Size([256, 256, 160])
[2026-01-24 16:59:29,059] [DEBUG] [TEST] Batch 3 | Pred shape: torch.Size([256, 256, 160]) | Label shape: torch.Size([256, 256, 160])
[2026-01-24 16:59:29,115] [DEBUG] [TEST] Batch 4 | Pred shape: torch.Size([256, 256, 160]) | Label shape: torch.Size([256, 256, 160])
[2026-01-24 16:59:29,265] [DEBUG] [TEST] Batch 5 | Pred shape: torch.Size([256, 256, 160]) | Label shape: torch.Size([256, 256, 160])
[2026-01-24 16:59:29,320] [DEBUG] [TEST] Batch 6 | Pred shape: torch.Size([256, 256, 160]) | Label shape: torch.Size([256, 256, 160])
[2026-01-24 16:59:29,439] [DEBUG] [TEST] Batch 7 | Pred shape: torch.Size([256, 256, 160]) | Label shape: torch.Size([256, 256, 160])
[2026-01-24 16:59:29,563] [DEBUG] [TEST] Batch 8 | Pred shape: torch.Size([256, 256, 160]) | Label shape: torch.Size([256, 256, 160])
[2026-01-24 16:59:29,684] [DEBUG] [TEST] Batch 9 | Pred shape: torch.Size([256, 256, 160]) | Label shape: torch.Size([256, 256, 160])
[2026-01-24 16:59:29,808] [DEBUG] [TEST] Batch 10 | Pred shape: torch.Size([256, 256, 160]) | Label shape: torch.Size([256, 256, 160])
[2026-01-24 16:59:33,653] [INFO] [EVALUATE] Dice WT: 0.2298
[2026-01-24 16:59:42,656] [INFO] [FIT] Received parameters. Starting local training...
[2026-01-24 16:59:44,322] [INFO] [DEBUG] Loaded compressed decoded weights.
[2026-01-24 17:00:46,912] [INFO] Model initialized on device: cuda:0
[2026-01-24 17:00:46,912] [INFO] [CLIENT INIT] Mode=SKH | Sparsity=ON (UsedSparsity=0.6) | Clusters=ON (UsedClusters=32) | EnvSparsityCfg={'Conv': 0.6, 'Linear': 0.6, 'Bias': 0.0, 'BatchNorm': 0.0} | EnvNClusters=32
[2026-01-24 17:00:47,108] [INFO] Model initialized on device: cuda:0
[2026-01-24 17:00:47,108] [INFO] [CLIENT INIT] Mode=SKH | Sparsity=ON (UsedSparsity=0.6) | Clusters=ON (UsedClusters=32) | EnvSparsityCfg={'Conv': 0.6, 'Linear': 0.6, 'Bias': 0.0, 'BatchNorm': 0.0} | EnvNClusters=32
[2026-01-24 17:00:47,113] [INFO] Model initialized on device: cuda:0
[2026-01-24 17:00:47,113] [INFO] [CLIENT INIT] Mode=SKH | Sparsity=ON (UsedSparsity=0.6) | Clusters=ON (UsedClusters=32) | EnvSparsityCfg={'Conv': 0.6, 'Linear': 0.6, 'Bias': 0.0, 'BatchNorm': 0.0} | EnvNClusters=32
[2026-01-24 17:00:47,136] [INFO] Model initialized on device: cuda:0
[2026-01-24 17:00:47,136] [INFO] [CLIENT INIT] Mode=SKH | Sparsity=ON (UsedSparsity=0.6) | Clusters=ON (UsedClusters=32) | EnvSparsityCfg={'Conv': 0.6, 'Linear': 0.6, 'Bias': 0.0, 'BatchNorm': 0.0} | EnvNClusters=32
[2026-01-24 17:00:47,210] [INFO] Model initialized on device: cuda:0
[2026-01-24 17:00:47,210] [INFO] [CLIENT INIT] Mode=SKH | Sparsity=ON (UsedSparsity=0.6) | Clusters=ON (UsedClusters=32) | EnvSparsityCfg={'Conv': 0.6, 'Linear': 0.6, 'Bias': 0.0, 'BatchNorm': 0.0} | EnvNClusters=32
[2026-01-24 17:00:47,222] [INFO] Model initialized on device: cuda:0
[2026-01-24 17:00:47,222] [INFO] [CLIENT INIT] Mode=SKH | Sparsity=ON (UsedSparsity=0.6) | Clusters=ON (UsedClusters=32) | EnvSparsityCfg={'Conv': 0.6, 'Linear': 0.6, 'Bias': 0.0, 'BatchNorm': 0.0} | EnvNClusters=32
[2026-01-24 17:00:47,233] [INFO] Model initialized on device: cuda:0
[2026-01-24 17:00:47,234] [INFO] [CLIENT INIT] Mode=SKH | Sparsity=ON (UsedSparsity=0.6) | Clusters=ON (UsedClusters=32) | EnvSparsityCfg={'Conv': 0.6, 'Linear': 0.6, 'Bias': 0.0, 'BatchNorm': 0.0} | EnvNClusters=32
[2026-01-24 17:00:47,241] [INFO] Model initialized on device: cuda:0
[2026-01-24 17:00:47,241] [INFO] [CLIENT INIT] Mode=SKH | Sparsity=ON (UsedSparsity=0.6) | Clusters=ON (UsedClusters=32) | EnvSparsityCfg={'Conv': 0.6, 'Linear': 0.6, 'Bias': 0.0, 'BatchNorm': 0.0} | EnvNClusters=32
[2026-01-24 17:00:47,244] [INFO] Model initialized on device: cuda:0
[2026-01-24 17:00:47,244] [INFO] [CLIENT INIT] Mode=SKH | Sparsity=ON (UsedSparsity=0.6) | Clusters=ON (UsedClusters=32) | EnvSparsityCfg={'Conv': 0.6, 'Linear': 0.6, 'Bias': 0.0, 'BatchNorm': 0.0} | EnvNClusters=32
[2026-01-24 17:00:47,309] [INFO] Model initialized on device: cuda:0
[2026-01-24 17:00:47,309] [INFO] [CLIENT INIT] Mode=SKH | Sparsity=ON (UsedSparsity=0.6) | Clusters=ON (UsedClusters=32) | EnvSparsityCfg={'Conv': 0.6, 'Linear': 0.6, 'Bias': 0.0, 'BatchNorm': 0.0} | EnvNClusters=32
[2026-01-24 17:01:58,468] [INFO] [TRAIN] Epoch 1 Loss: 0.9876
[2026-01-24 17:03:08,039] [INFO] Model initialized on device: cuda:0
[2026-01-24 17:03:08,040] [INFO] [CLIENT INIT] Mode=SKH | Sparsity=ON (UsedSparsity=0.6) | Clusters=ON (UsedClusters=32) | EnvSparsityCfg={'Conv': 0.6, 'Linear': 0.6, 'Bias': 0.0, 'BatchNorm': 0.0} | EnvNClusters=32
[2026-01-24 17:03:08,113] [INFO] Model initialized on device: cuda:0
[2026-01-24 17:03:08,113] [INFO] [CLIENT INIT] Mode=SKH | Sparsity=ON (UsedSparsity=0.6) | Clusters=ON (UsedClusters=32) | EnvSparsityCfg={'Conv': 0.6, 'Linear': 0.6, 'Bias': 0.0, 'BatchNorm': 0.0} | EnvNClusters=32
[2026-01-24 17:03:08,137] [INFO] Model initialized on device: cuda:0
[2026-01-24 17:03:08,137] [INFO] [CLIENT INIT] Mode=SKH | Sparsity=ON (UsedSparsity=0.6) | Clusters=ON (UsedClusters=32) | EnvSparsityCfg={'Conv': 0.6, 'Linear': 0.6, 'Bias': 0.0, 'BatchNorm': 0.0} | EnvNClusters=32
[2026-01-24 17:03:08,142] [INFO] Model initialized on device: cuda:0
[2026-01-24 17:03:08,143] [INFO] [CLIENT INIT] Mode=SKH | Sparsity=ON (UsedSparsity=0.6) | Clusters=ON (UsedClusters=32) | EnvSparsityCfg={'Conv': 0.6, 'Linear': 0.6, 'Bias': 0.0, 'BatchNorm': 0.0} | EnvNClusters=32
[2026-01-24 17:03:08,143] [INFO] Model initialized on device: cuda:0
[2026-01-24 17:03:08,143] [INFO] [CLIENT INIT] Mode=SKH | Sparsity=ON (UsedSparsity=0.6) | Clusters=ON (UsedClusters=32) | EnvSparsityCfg={'Conv': 0.6, 'Linear': 0.6, 'Bias': 0.0, 'BatchNorm': 0.0} | EnvNClusters=32
[2026-01-24 17:03:08,144] [INFO] Model initialized on device: cuda:0
[2026-01-24 17:03:08,144] [INFO] [CLIENT INIT] Mode=SKH | Sparsity=ON (UsedSparsity=0.6) | Clusters=ON (UsedClusters=32) | EnvSparsityCfg={'Conv': 0.6, 'Linear': 0.6, 'Bias': 0.0, 'BatchNorm': 0.0} | EnvNClusters=32
[2026-01-24 17:03:08,208] [INFO] Model initialized on device: cuda:0
[2026-01-24 17:03:08,208] [INFO] Model initialized on device: cuda:0
[2026-01-24 17:03:08,208] [INFO] [CLIENT INIT] Mode=SKH | Sparsity=ON (UsedSparsity=0.6) | Clusters=ON (UsedClusters=32) | EnvSparsityCfg={'Conv': 0.6, 'Linear': 0.6, 'Bias': 0.0, 'BatchNorm': 0.0} | EnvNClusters=32
[2026-01-24 17:03:08,208] [INFO] [CLIENT INIT] Mode=SKH | Sparsity=ON (UsedSparsity=0.6) | Clusters=ON (UsedClusters=32) | EnvSparsityCfg={'Conv': 0.6, 'Linear': 0.6, 'Bias': 0.0, 'BatchNorm': 0.0} | EnvNClusters=32
[2026-01-24 17:03:08,209] [INFO] Model initialized on device: cuda:0
[2026-01-24 17:03:08,209] [INFO] [CLIENT INIT] Mode=SKH | Sparsity=ON (UsedSparsity=0.6) | Clusters=ON (UsedClusters=32) | EnvSparsityCfg={'Conv': 0.6, 'Linear': 0.6, 'Bias': 0.0, 'BatchNorm': 0.0} | EnvNClusters=32
[2026-01-24 17:03:08,211] [INFO] Model initialized on device: cuda:0
[2026-01-24 17:03:08,212] [INFO] [CLIENT INIT] Mode=SKH | Sparsity=ON (UsedSparsity=0.6) | Clusters=ON (UsedClusters=32) | EnvSparsityCfg={'Conv': 0.6, 'Linear': 0.6, 'Bias': 0.0, 'BatchNorm': 0.0} | EnvNClusters=32
[2026-01-24 17:04:20,481] [INFO] [TRAIN] Epoch 2 Loss: 0.9874
[2026-01-24 17:05:08,413] [INFO] Model initialized on device: cuda:0
[2026-01-24 17:05:08,414] [INFO] [CLIENT INIT] Mode=SKH | Sparsity=ON (UsedSparsity=0.6) | Clusters=ON (UsedClusters=32) | EnvSparsityCfg={'Conv': 0.6, 'Linear': 0.6, 'Bias': 0.0, 'BatchNorm': 0.0} | EnvNClusters=32
[2026-01-24 17:05:11,107] [INFO] Model initialized on device: cuda:0
[2026-01-24 17:05:11,108] [INFO] [CLIENT INIT] Mode=SKH | Sparsity=ON (UsedSparsity=0.6) | Clusters=ON (UsedClusters=32) | EnvSparsityCfg={'Conv': 0.6, 'Linear': 0.6, 'Bias': 0.0, 'BatchNorm': 0.0} | EnvNClusters=32
[2026-01-24 17:05:11,338] [INFO] Model initialized on device: cuda:0
[2026-01-24 17:05:11,338] [INFO] [CLIENT INIT] Mode=SKH | Sparsity=ON (UsedSparsity=0.6) | Clusters=ON (UsedClusters=32) | EnvSparsityCfg={'Conv': 0.6, 'Linear': 0.6, 'Bias': 0.0, 'BatchNorm': 0.0} | EnvNClusters=32
[2026-01-24 17:05:14,510] [INFO] Model initialized on device: cuda:0
[2026-01-24 17:05:14,510] [INFO] [CLIENT INIT] Mode=SKH | Sparsity=ON (UsedSparsity=0.6) | Clusters=ON (UsedClusters=32) | EnvSparsityCfg={'Conv': 0.6, 'Linear': 0.6, 'Bias': 0.0, 'BatchNorm': 0.0} | EnvNClusters=32
[2026-01-24 17:05:14,713] [INFO] Model initialized on device: cuda:0
[2026-01-24 17:05:14,713] [INFO] [CLIENT INIT] Mode=SKH | Sparsity=ON (UsedSparsity=0.6) | Clusters=ON (UsedClusters=32) | EnvSparsityCfg={'Conv': 0.6, 'Linear': 0.6, 'Bias': 0.0, 'BatchNorm': 0.0} | EnvNClusters=32
[2026-01-24 17:05:14,723] [INFO] Model initialized on device: cuda:0
[2026-01-24 17:05:14,723] [INFO] [CLIENT INIT] Mode=SKH | Sparsity=ON (UsedSparsity=0.6) | Clusters=ON (UsedClusters=32) | EnvSparsityCfg={'Conv': 0.6, 'Linear': 0.6, 'Bias': 0.0, 'BatchNorm': 0.0} | EnvNClusters=32
[2026-01-24 17:05:14,743] [INFO] Model initialized on device: cuda:0
[2026-01-24 17:05:14,743] [INFO] [CLIENT INIT] Mode=SKH | Sparsity=ON (UsedSparsity=0.6) | Clusters=ON (UsedClusters=32) | EnvSparsityCfg={'Conv': 0.6, 'Linear': 0.6, 'Bias': 0.0, 'BatchNorm': 0.0} | EnvNClusters=32
[2026-01-24 17:05:14,820] [INFO] Model initialized on device: cuda:0
[2026-01-24 17:05:14,820] [INFO] Model initialized on device: cuda:0
[2026-01-24 17:05:14,820] [INFO] Model initialized on device: cuda:0
[2026-01-24 17:05:14,820] [INFO] [CLIENT INIT] Mode=SKH | Sparsity=ON (UsedSparsity=0.6) | Clusters=ON (UsedClusters=32) | EnvSparsityCfg={'Conv': 0.6, 'Linear': 0.6, 'Bias': 0.0, 'BatchNorm': 0.0} | EnvNClusters=32
[2026-01-24 17:05:14,820] [INFO] [CLIENT INIT] Mode=SKH | Sparsity=ON (UsedSparsity=0.6) | Clusters=ON (UsedClusters=32) | EnvSparsityCfg={'Conv': 0.6, 'Linear': 0.6, 'Bias': 0.0, 'BatchNorm': 0.0} | EnvNClusters=32
[2026-01-24 17:05:14,820] [INFO] [CLIENT INIT] Mode=SKH | Sparsity=ON (UsedSparsity=0.6) | Clusters=ON (UsedClusters=32) | EnvSparsityCfg={'Conv': 0.6, 'Linear': 0.6, 'Bias': 0.0, 'BatchNorm': 0.0} | EnvNClusters=32
[2026-01-24 17:06:21,416] [INFO] [TRAIN] Epoch 3 Loss: 0.9873
[2026-01-24 17:07:02,430] [INFO] Model initialized on device: cuda:0
[2026-01-24 17:07:02,430] [INFO] [CLIENT INIT] Mode=SKH | Sparsity=ON (UsedSparsity=0.6) | Clusters=ON (UsedClusters=32) | EnvSparsityCfg={'Conv': 0.6, 'Linear': 0.6, 'Bias': 0.0, 'BatchNorm': 0.0} | EnvNClusters=32
[2026-01-24 17:07:03,427] [INFO] Model initialized on device: cuda:0
[2026-01-24 17:07:03,427] [INFO] [CLIENT INIT] Mode=SKH | Sparsity=ON (UsedSparsity=0.6) | Clusters=ON (UsedClusters=32) | EnvSparsityCfg={'Conv': 0.6, 'Linear': 0.6, 'Bias': 0.0, 'BatchNorm': 0.0} | EnvNClusters=32
[2026-01-24 17:07:04,947] [INFO] Model initialized on device: cuda:0
[2026-01-24 17:07:04,947] [INFO] [CLIENT INIT] Mode=SKH | Sparsity=ON (UsedSparsity=0.6) | Clusters=ON (UsedClusters=32) | EnvSparsityCfg={'Conv': 0.6, 'Linear': 0.6, 'Bias': 0.0, 'BatchNorm': 0.0} | EnvNClusters=32
[2026-01-24 17:07:05,868] [INFO] Model initialized on device: cuda:0
[2026-01-24 17:07:05,868] [INFO] [CLIENT INIT] Mode=SKH | Sparsity=ON (UsedSparsity=0.6) | Clusters=ON (UsedClusters=32) | EnvSparsityCfg={'Conv': 0.6, 'Linear': 0.6, 'Bias': 0.0, 'BatchNorm': 0.0} | EnvNClusters=32
[2026-01-24 17:07:07,446] [INFO] Model initialized on device: cuda:0
[2026-01-24 17:07:07,446] [INFO] [CLIENT INIT] Mode=SKH | Sparsity=ON (UsedSparsity=0.6) | Clusters=ON (UsedClusters=32) | EnvSparsityCfg={'Conv': 0.6, 'Linear': 0.6, 'Bias': 0.0, 'BatchNorm': 0.0} | EnvNClusters=32
[2026-01-24 17:07:07,510] [INFO] Model initialized on device: cuda:0
[2026-01-24 17:07:07,510] [INFO] [CLIENT INIT] Mode=SKH | Sparsity=ON (UsedSparsity=0.6) | Clusters=ON (UsedClusters=32) | EnvSparsityCfg={'Conv': 0.6, 'Linear': 0.6, 'Bias': 0.0, 'BatchNorm': 0.0} | EnvNClusters=32
[2026-01-24 17:07:07,542] [INFO] Model initialized on device: cuda:0
[2026-01-24 17:07:07,543] [INFO] [CLIENT INIT] Mode=SKH | Sparsity=ON (UsedSparsity=0.6) | Clusters=ON (UsedClusters=32) | EnvSparsityCfg={'Conv': 0.6, 'Linear': 0.6, 'Bias': 0.0, 'BatchNorm': 0.0} | EnvNClusters=32
[2026-01-24 17:07:07,545] [INFO] Model initialized on device: cuda:0
[2026-01-24 17:07:07,545] [INFO] [CLIENT INIT] Mode=SKH | Sparsity=ON (UsedSparsity=0.6) | Clusters=ON (UsedClusters=32) | EnvSparsityCfg={'Conv': 0.6, 'Linear': 0.6, 'Bias': 0.0, 'BatchNorm': 0.0} | EnvNClusters=32
[2026-01-24 17:07:07,618] [INFO] Model initialized on device: cuda:0
[2026-01-24 17:07:07,618] [INFO] [CLIENT INIT] Mode=SKH | Sparsity=ON (UsedSparsity=0.6) | Clusters=ON (UsedClusters=32) | EnvSparsityCfg={'Conv': 0.6, 'Linear': 0.6, 'Bias': 0.0, 'BatchNorm': 0.0} | EnvNClusters=32
[2026-01-24 17:07:07,621] [INFO] Model initialized on device: cuda:0
[2026-01-24 17:07:07,621] [INFO] [CLIENT INIT] Mode=SKH | Sparsity=ON (UsedSparsity=0.6) | Clusters=ON (UsedClusters=32) | EnvSparsityCfg={'Conv': 0.6, 'Linear': 0.6, 'Bias': 0.0, 'BatchNorm': 0.0} | EnvNClusters=32
[2026-01-24 17:08:15,413] [INFO] [TRAIN] Epoch 4 Loss: 0.9873
[2026-01-24 17:08:49,939] [INFO] Model initialized on device: cuda:0
[2026-01-24 17:08:49,939] [INFO] [CLIENT INIT] Mode=SKH | Sparsity=ON (UsedSparsity=0.6) | Clusters=ON (UsedClusters=32) | EnvSparsityCfg={'Conv': 0.6, 'Linear': 0.6, 'Bias': 0.0, 'BatchNorm': 0.0} | EnvNClusters=32
[2026-01-24 17:08:51,220] [INFO] Model initialized on device: cuda:0
[2026-01-24 17:08:51,220] [INFO] [CLIENT INIT] Mode=SKH | Sparsity=ON (UsedSparsity=0.6) | Clusters=ON (UsedClusters=32) | EnvSparsityCfg={'Conv': 0.6, 'Linear': 0.6, 'Bias': 0.0, 'BatchNorm': 0.0} | EnvNClusters=32
[2026-01-24 17:08:53,831] [INFO] Model initialized on device: cuda:0
[2026-01-24 17:08:53,831] [INFO] [CLIENT INIT] Mode=SKH | Sparsity=ON (UsedSparsity=0.6) | Clusters=ON (UsedClusters=32) | EnvSparsityCfg={'Conv': 0.6, 'Linear': 0.6, 'Bias': 0.0, 'BatchNorm': 0.0} | EnvNClusters=32
[2026-01-24 17:08:56,411] [INFO] Model initialized on device: cuda:0
[2026-01-24 17:08:56,411] [INFO] [CLIENT INIT] Mode=SKH | Sparsity=ON (UsedSparsity=0.6) | Clusters=ON (UsedClusters=32) | EnvSparsityCfg={'Conv': 0.6, 'Linear': 0.6, 'Bias': 0.0, 'BatchNorm': 0.0} | EnvNClusters=32
[2026-01-24 17:08:56,433] [INFO] Model initialized on device: cuda:0
[2026-01-24 17:08:56,433] [INFO] [CLIENT INIT] Mode=SKH | Sparsity=ON (UsedSparsity=0.6) | Clusters=ON (UsedClusters=32) | EnvSparsityCfg={'Conv': 0.6, 'Linear': 0.6, 'Bias': 0.0, 'BatchNorm': 0.0} | EnvNClusters=32
[2026-01-24 17:08:56,612] [INFO] Model initialized on device: cuda:0
[2026-01-24 17:08:56,612] [INFO] [CLIENT INIT] Mode=SKH | Sparsity=ON (UsedSparsity=0.6) | Clusters=ON (UsedClusters=32) | EnvSparsityCfg={'Conv': 0.6, 'Linear': 0.6, 'Bias': 0.0, 'BatchNorm': 0.0} | EnvNClusters=32
[2026-01-24 17:08:56,624] [INFO] Model initialized on device: cuda:0
[2026-01-24 17:08:56,624] [INFO] [CLIENT INIT] Mode=SKH | Sparsity=ON (UsedSparsity=0.6) | Clusters=ON (UsedClusters=32) | EnvSparsityCfg={'Conv': 0.6, 'Linear': 0.6, 'Bias': 0.0, 'BatchNorm': 0.0} | EnvNClusters=32
[2026-01-24 17:08:56,625] [INFO] Model initialized on device: cuda:0
[2026-01-24 17:08:56,625] [INFO] [CLIENT INIT] Mode=SKH | Sparsity=ON (UsedSparsity=0.6) | Clusters=ON (UsedClusters=32) | EnvSparsityCfg={'Conv': 0.6, 'Linear': 0.6, 'Bias': 0.0, 'BatchNorm': 0.0} | EnvNClusters=32
[2026-01-24 17:08:56,641] [INFO] Model initialized on device: cuda:0
[2026-01-24 17:08:56,641] [INFO] Model initialized on device: cuda:0
[2026-01-24 17:08:56,642] [INFO] [CLIENT INIT] Mode=SKH | Sparsity=ON (UsedSparsity=0.6) | Clusters=ON (UsedClusters=32) | EnvSparsityCfg={'Conv': 0.6, 'Linear': 0.6, 'Bias': 0.0, 'BatchNorm': 0.0} | EnvNClusters=32
[2026-01-24 17:08:56,642] [INFO] [CLIENT INIT] Mode=SKH | Sparsity=ON (UsedSparsity=0.6) | Clusters=ON (UsedClusters=32) | EnvSparsityCfg={'Conv': 0.6, 'Linear': 0.6, 'Bias': 0.0, 'BatchNorm': 0.0} | EnvNClusters=32
[2026-01-24 17:09:57,472] [INFO] [TRAIN] Epoch 5 Loss: 0.9871
[2026-01-24 17:09:57,474] [INFO] [FIT] Local training finished. Avg Loss: 0.9874
[2026-01-24 17:10:20,496] [INFO] Model initialized on device: cuda:0
[2026-01-24 17:10:20,496] [INFO] [CLIENT INIT] Mode=SKH | Sparsity=ON (UsedSparsity=0.6) | Clusters=ON (UsedClusters=32) | EnvSparsityCfg={'Conv': 0.6, 'Linear': 0.6, 'Bias': 0.0, 'BatchNorm': 0.0} | EnvNClusters=32
[2026-01-24 17:10:20,554] [INFO] Model initialized on device: cuda:0
[2026-01-24 17:10:20,555] [INFO] [CLIENT INIT] Mode=SKH | Sparsity=ON (UsedSparsity=0.6) | Clusters=ON (UsedClusters=32) | EnvSparsityCfg={'Conv': 0.6, 'Linear': 0.6, 'Bias': 0.0, 'BatchNorm': 0.0} | EnvNClusters=32
[2026-01-24 17:10:20,742] [INFO] Model initialized on device: cuda:0
[2026-01-24 17:10:20,742] [INFO] [CLIENT INIT] Mode=SKH | Sparsity=ON (UsedSparsity=0.6) | Clusters=ON (UsedClusters=32) | EnvSparsityCfg={'Conv': 0.6, 'Linear': 0.6, 'Bias': 0.0, 'BatchNorm': 0.0} | EnvNClusters=32
[2026-01-24 17:10:21,043] [INFO] Model initialized on device: cuda:0
[2026-01-24 17:10:21,043] [INFO] [CLIENT INIT] Mode=SKH | Sparsity=ON (UsedSparsity=0.6) | Clusters=ON (UsedClusters=32) | EnvSparsityCfg={'Conv': 0.6, 'Linear': 0.6, 'Bias': 0.0, 'BatchNorm': 0.0} | EnvNClusters=32
[2026-01-24 17:10:21,054] [INFO] Model initialized on device: cuda:0
[2026-01-24 17:10:21,054] [INFO] [CLIENT INIT] Mode=SKH | Sparsity=ON (UsedSparsity=0.6) | Clusters=ON (UsedClusters=32) | EnvSparsityCfg={'Conv': 0.6, 'Linear': 0.6, 'Bias': 0.0, 'BatchNorm': 0.0} | EnvNClusters=32
[2026-01-24 17:10:21,094] [INFO] Model initialized on device: cuda:0
[2026-01-24 17:10:21,094] [INFO] [CLIENT INIT] Mode=SKH | Sparsity=ON (UsedSparsity=0.6) | Clusters=ON (UsedClusters=32) | EnvSparsityCfg={'Conv': 0.6, 'Linear': 0.6, 'Bias': 0.0, 'BatchNorm': 0.0} | EnvNClusters=32
[2026-01-24 17:10:21,103] [INFO] Model initialized on device: cuda:0
[2026-01-24 17:10:21,103] [INFO] [CLIENT INIT] Mode=SKH | Sparsity=ON (UsedSparsity=0.6) | Clusters=ON (UsedClusters=32) | EnvSparsityCfg={'Conv': 0.6, 'Linear': 0.6, 'Bias': 0.0, 'BatchNorm': 0.0} | EnvNClusters=32
[2026-01-24 17:10:21,105] [INFO] Model initialized on device: cuda:0
[2026-01-24 17:10:21,105] [INFO] [CLIENT INIT] Mode=SKH | Sparsity=ON (UsedSparsity=0.6) | Clusters=ON (UsedClusters=32) | EnvSparsityCfg={'Conv': 0.6, 'Linear': 0.6, 'Bias': 0.0, 'BatchNorm': 0.0} | EnvNClusters=32
[2026-01-24 17:10:21,112] [INFO] Model initialized on device: cuda:0
[2026-01-24 17:10:21,112] [INFO] [CLIENT INIT] Mode=SKH | Sparsity=ON (UsedSparsity=0.6) | Clusters=ON (UsedClusters=32) | EnvSparsityCfg={'Conv': 0.6, 'Linear': 0.6, 'Bias': 0.0, 'BatchNorm': 0.0} | EnvNClusters=32
[2026-01-24 17:10:21,112] [INFO] Model initialized on device: cuda:0
[2026-01-24 17:10:21,113] [INFO] [CLIENT INIT] Mode=SKH | Sparsity=ON (UsedSparsity=0.6) | Clusters=ON (UsedClusters=32) | EnvSparsityCfg={'Conv': 0.6, 'Linear': 0.6, 'Bias': 0.0, 'BatchNorm': 0.0} | EnvNClusters=32
[2026-01-24 17:10:23,550] [DEBUG] [TEST] Batch 1 | Pred shape: torch.Size([256, 256, 160]) | Label shape: torch.Size([256, 256, 160])
[2026-01-24 17:10:24,789] [DEBUG] [TEST] Batch 2 | Pred shape: torch.Size([256, 256, 160]) | Label shape: torch.Size([256, 256, 160])
[2026-01-24 17:10:24,849] [DEBUG] [TEST] Batch 3 | Pred shape: torch.Size([256, 256, 160]) | Label shape: torch.Size([256, 256, 160])
[2026-01-24 17:10:24,907] [DEBUG] [TEST] Batch 4 | Pred shape: torch.Size([256, 256, 160]) | Label shape: torch.Size([256, 256, 160])
[2026-01-24 17:10:24,964] [DEBUG] [TEST] Batch 5 | Pred shape: torch.Size([256, 256, 160]) | Label shape: torch.Size([256, 256, 160])
[2026-01-24 17:10:25,022] [DEBUG] [TEST] Batch 6 | Pred shape: torch.Size([256, 256, 160]) | Label shape: torch.Size([256, 256, 160])
[2026-01-24 17:10:25,079] [DEBUG] [TEST] Batch 7 | Pred shape: torch.Size([256, 256, 160]) | Label shape: torch.Size([256, 256, 160])
[2026-01-24 17:10:25,137] [DEBUG] [TEST] Batch 8 | Pred shape: torch.Size([256, 256, 160]) | Label shape: torch.Size([256, 256, 160])
[2026-01-24 17:10:25,194] [DEBUG] [TEST] Batch 9 | Pred shape: torch.Size([256, 256, 160]) | Label shape: torch.Size([256, 256, 160])
[2026-01-24 17:10:25,251] [DEBUG] [TEST] Batch 10 | Pred shape: torch.Size([256, 256, 160]) | Label shape: torch.Size([256, 256, 160])
[2026-01-24 17:10:27,938] [INFO] [FIT] Final model saved to: Revision2/Run_UNET_IID_SKHC32S60_20260124/Client2/model_final.pth
[2026-01-24 17:10:40,527] [INFO] [COMM][CLIENT] Round=-1 Mode=SKH UsedSparsity=0.6 UsedClusters=32 BaselineBits=154016352.0 CompressedBits=45575131.7 CR=3.379
[2026-01-24 17:11:15,962] [INFO] [EVALUATE] Starting evaluation...
[2026-01-24 17:11:18,215] [INFO] [DEBUG] Loaded compressed decoded weights.
[2026-01-24 17:12:27,975] [INFO] Model initialized on device: cuda:0
[2026-01-24 17:12:27,975] [INFO] [CLIENT INIT] Mode=SKH | Sparsity=ON (UsedSparsity=0.6) | Clusters=ON (UsedClusters=32) | EnvSparsityCfg={'Conv': 0.6, 'Linear': 0.6, 'Bias': 0.0, 'BatchNorm': 0.0} | EnvNClusters=32
[2026-01-24 17:12:28,605] [INFO] Model initialized on device: cuda:0
[2026-01-24 17:12:28,605] [INFO] [CLIENT INIT] Mode=SKH | Sparsity=ON (UsedSparsity=0.6) | Clusters=ON (UsedClusters=32) | EnvSparsityCfg={'Conv': 0.6, 'Linear': 0.6, 'Bias': 0.0, 'BatchNorm': 0.0} | EnvNClusters=32
[2026-01-24 17:12:28,816] [INFO] Model initialized on device: cuda:0
[2026-01-24 17:12:28,816] [INFO] [CLIENT INIT] Mode=SKH | Sparsity=ON (UsedSparsity=0.6) | Clusters=ON (UsedClusters=32) | EnvSparsityCfg={'Conv': 0.6, 'Linear': 0.6, 'Bias': 0.0, 'BatchNorm': 0.0} | EnvNClusters=32
[2026-01-24 17:12:29,827] [INFO] Model initialized on device: cuda:0
[2026-01-24 17:12:29,828] [INFO] [CLIENT INIT] Mode=SKH | Sparsity=ON (UsedSparsity=0.6) | Clusters=ON (UsedClusters=32) | EnvSparsityCfg={'Conv': 0.6, 'Linear': 0.6, 'Bias': 0.0, 'BatchNorm': 0.0} | EnvNClusters=32
[2026-01-24 17:12:29,908] [INFO] Model initialized on device: cuda:0
[2026-01-24 17:12:29,908] [INFO] [CLIENT INIT] Mode=SKH | Sparsity=ON (UsedSparsity=0.6) | Clusters=ON (UsedClusters=32) | EnvSparsityCfg={'Conv': 0.6, 'Linear': 0.6, 'Bias': 0.0, 'BatchNorm': 0.0} | EnvNClusters=32
[2026-01-24 17:12:29,935] [INFO] Model initialized on device: cuda:0
[2026-01-24 17:12:29,935] [INFO] [CLIENT INIT] Mode=SKH | Sparsity=ON (UsedSparsity=0.6) | Clusters=ON (UsedClusters=32) | EnvSparsityCfg={'Conv': 0.6, 'Linear': 0.6, 'Bias': 0.0, 'BatchNorm': 0.0} | EnvNClusters=32
[2026-01-24 17:12:30,010] [INFO] Model initialized on device: cuda:0
[2026-01-24 17:12:30,010] [INFO] [CLIENT INIT] Mode=SKH | Sparsity=ON (UsedSparsity=0.6) | Clusters=ON (UsedClusters=32) | EnvSparsityCfg={'Conv': 0.6, 'Linear': 0.6, 'Bias': 0.0, 'BatchNorm': 0.0} | EnvNClusters=32
[2026-01-24 17:12:30,011] [INFO] Model initialized on device: cuda:0
[2026-01-24 17:12:30,011] [INFO] [CLIENT INIT] Mode=SKH | Sparsity=ON (UsedSparsity=0.6) | Clusters=ON (UsedClusters=32) | EnvSparsityCfg={'Conv': 0.6, 'Linear': 0.6, 'Bias': 0.0, 'BatchNorm': 0.0} | EnvNClusters=32
[2026-01-24 17:12:30,011] [INFO] Model initialized on device: cuda:0
[2026-01-24 17:12:30,011] [INFO] [CLIENT INIT] Mode=SKH | Sparsity=ON (UsedSparsity=0.6) | Clusters=ON (UsedClusters=32) | EnvSparsityCfg={'Conv': 0.6, 'Linear': 0.6, 'Bias': 0.0, 'BatchNorm': 0.0} | EnvNClusters=32
[2026-01-24 17:12:30,027] [INFO] Model initialized on device: cuda:0
[2026-01-24 17:12:30,027] [INFO] [CLIENT INIT] Mode=SKH | Sparsity=ON (UsedSparsity=0.6) | Clusters=ON (UsedClusters=32) | EnvSparsityCfg={'Conv': 0.6, 'Linear': 0.6, 'Bias': 0.0, 'BatchNorm': 0.0} | EnvNClusters=32
[2026-01-24 17:12:36,317] [DEBUG] [TEST] Batch 1 | Pred shape: torch.Size([256, 256, 160]) | Label shape: torch.Size([256, 256, 160])
[2026-01-24 17:12:37,251] [DEBUG] [TEST] Batch 2 | Pred shape: torch.Size([256, 256, 160]) | Label shape: torch.Size([256, 256, 160])
[2026-01-24 17:12:37,504] [DEBUG] [TEST] Batch 3 | Pred shape: torch.Size([256, 256, 160]) | Label shape: torch.Size([256, 256, 160])
[2026-01-24 17:12:37,732] [DEBUG] [TEST] Batch 4 | Pred shape: torch.Size([256, 256, 160]) | Label shape: torch.Size([256, 256, 160])
[2026-01-24 17:12:37,977] [DEBUG] [TEST] Batch 5 | Pred shape: torch.Size([256, 256, 160]) | Label shape: torch.Size([256, 256, 160])
[2026-01-24 17:12:38,219] [DEBUG] [TEST] Batch 6 | Pred shape: torch.Size([256, 256, 160]) | Label shape: torch.Size([256, 256, 160])
[2026-01-24 17:12:38,463] [DEBUG] [TEST] Batch 7 | Pred shape: torch.Size([256, 256, 160]) | Label shape: torch.Size([256, 256, 160])
[2026-01-24 17:12:38,642] [DEBUG] [TEST] Batch 8 | Pred shape: torch.Size([256, 256, 160]) | Label shape: torch.Size([256, 256, 160])
[2026-01-24 17:12:38,823] [DEBUG] [TEST] Batch 9 | Pred shape: torch.Size([256, 256, 160]) | Label shape: torch.Size([256, 256, 160])
[2026-01-24 17:12:38,945] [DEBUG] [TEST] Batch 10 | Pred shape: torch.Size([256, 256, 160]) | Label shape: torch.Size([256, 256, 160])
[2026-01-24 17:12:47,276] [INFO] [EVALUATE] Dice WT: 0.2713
[2026-01-24 17:12:51,102] [INFO] [FIT] Received parameters. Starting local training...
[2026-01-24 17:12:52,616] [INFO] [DEBUG] Loaded compressed decoded weights.
[2026-01-24 17:13:54,414] [INFO] Model initialized on device: cuda:0
[2026-01-24 17:13:54,414] [INFO] [CLIENT INIT] Mode=SKH | Sparsity=ON (UsedSparsity=0.6) | Clusters=ON (UsedClusters=32) | EnvSparsityCfg={'Conv': 0.6, 'Linear': 0.6, 'Bias': 0.0, 'BatchNorm': 0.0} | EnvNClusters=32
[2026-01-24 17:13:54,760] [INFO] Model initialized on device: cuda:0
[2026-01-24 17:13:54,760] [INFO] [CLIENT INIT] Mode=SKH | Sparsity=ON (UsedSparsity=0.6) | Clusters=ON (UsedClusters=32) | EnvSparsityCfg={'Conv': 0.6, 'Linear': 0.6, 'Bias': 0.0, 'BatchNorm': 0.0} | EnvNClusters=32
[2026-01-24 17:13:55,788] [INFO] Model initialized on device: cuda:0
[2026-01-24 17:13:55,788] [INFO] [CLIENT INIT] Mode=SKH | Sparsity=ON (UsedSparsity=0.6) | Clusters=ON (UsedClusters=32) | EnvSparsityCfg={'Conv': 0.6, 'Linear': 0.6, 'Bias': 0.0, 'BatchNorm': 0.0} | EnvNClusters=32
[2026-01-24 17:13:55,819] [INFO] Model initialized on device: cuda:0
[2026-01-24 17:13:55,819] [INFO] [CLIENT INIT] Mode=SKH | Sparsity=ON (UsedSparsity=0.6) | Clusters=ON (UsedClusters=32) | EnvSparsityCfg={'Conv': 0.6, 'Linear': 0.6, 'Bias': 0.0, 'BatchNorm': 0.0} | EnvNClusters=32
[2026-01-24 17:13:55,920] [INFO] Model initialized on device: cuda:0
[2026-01-24 17:13:55,920] [INFO] [CLIENT INIT] Mode=SKH | Sparsity=ON (UsedSparsity=0.6) | Clusters=ON (UsedClusters=32) | EnvSparsityCfg={'Conv': 0.6, 'Linear': 0.6, 'Bias': 0.0, 'BatchNorm': 0.0} | EnvNClusters=32
[2026-01-24 17:13:56,608] [INFO] Model initialized on device: cuda:0
[2026-01-24 17:13:56,608] [INFO] [CLIENT INIT] Mode=SKH | Sparsity=ON (UsedSparsity=0.6) | Clusters=ON (UsedClusters=32) | EnvSparsityCfg={'Conv': 0.6, 'Linear': 0.6, 'Bias': 0.0, 'BatchNorm': 0.0} | EnvNClusters=32
[2026-01-24 17:13:56,731] [INFO] Model initialized on device: cuda:0
[2026-01-24 17:13:56,731] [INFO] [CLIENT INIT] Mode=SKH | Sparsity=ON (UsedSparsity=0.6) | Clusters=ON (UsedClusters=32) | EnvSparsityCfg={'Conv': 0.6, 'Linear': 0.6, 'Bias': 0.0, 'BatchNorm': 0.0} | EnvNClusters=32
[2026-01-24 17:13:56,754] [INFO] Model initialized on device: cuda:0
[2026-01-24 17:13:56,755] [INFO] [CLIENT INIT] Mode=SKH | Sparsity=ON (UsedSparsity=0.6) | Clusters=ON (UsedClusters=32) | EnvSparsityCfg={'Conv': 0.6, 'Linear': 0.6, 'Bias': 0.0, 'BatchNorm': 0.0} | EnvNClusters=32
[2026-01-24 17:13:57,148] [INFO] Model initialized on device: cuda:0
[2026-01-24 17:13:57,148] [INFO] [CLIENT INIT] Mode=SKH | Sparsity=ON (UsedSparsity=0.6) | Clusters=ON (UsedClusters=32) | EnvSparsityCfg={'Conv': 0.6, 'Linear': 0.6, 'Bias': 0.0, 'BatchNorm': 0.0} | EnvNClusters=32
[2026-01-24 17:13:57,152] [INFO] Model initialized on device: cuda:0
[2026-01-24 17:13:57,152] [INFO] [CLIENT INIT] Mode=SKH | Sparsity=ON (UsedSparsity=0.6) | Clusters=ON (UsedClusters=32) | EnvSparsityCfg={'Conv': 0.6, 'Linear': 0.6, 'Bias': 0.0, 'BatchNorm': 0.0} | EnvNClusters=32
[2026-01-24 17:15:04,652] [INFO] [TRAIN] Epoch 1 Loss: 0.9871
[2026-01-24 17:15:58,813] [INFO] Model initialized on device: cuda:0
[2026-01-24 17:15:58,813] [INFO] [CLIENT INIT] Mode=SKH | Sparsity=ON (UsedSparsity=0.6) | Clusters=ON (UsedClusters=32) | EnvSparsityCfg={'Conv': 0.6, 'Linear': 0.6, 'Bias': 0.0, 'BatchNorm': 0.0} | EnvNClusters=32
[2026-01-24 17:15:58,835] [INFO] Model initialized on device: cuda:0
[2026-01-24 17:15:58,835] [INFO] [CLIENT INIT] Mode=SKH | Sparsity=ON (UsedSparsity=0.6) | Clusters=ON (UsedClusters=32) | EnvSparsityCfg={'Conv': 0.6, 'Linear': 0.6, 'Bias': 0.0, 'BatchNorm': 0.0} | EnvNClusters=32
[2026-01-24 17:15:58,843] [INFO] Model initialized on device: cuda:0
[2026-01-24 17:15:58,843] [INFO] [CLIENT INIT] Mode=SKH | Sparsity=ON (UsedSparsity=0.6) | Clusters=ON (UsedClusters=32) | EnvSparsityCfg={'Conv': 0.6, 'Linear': 0.6, 'Bias': 0.0, 'BatchNorm': 0.0} | EnvNClusters=32
[2026-01-24 17:15:59,044] [INFO] Model initialized on device: cuda:0
[2026-01-24 17:15:59,044] [INFO] [CLIENT INIT] Mode=SKH | Sparsity=ON (UsedSparsity=0.6) | Clusters=ON (UsedClusters=32) | EnvSparsityCfg={'Conv': 0.6, 'Linear': 0.6, 'Bias': 0.0, 'BatchNorm': 0.0} | EnvNClusters=32
[2026-01-24 17:15:59,067] [INFO] Model initialized on device: cuda:0
[2026-01-24 17:15:59,067] [INFO] [CLIENT INIT] Mode=SKH | Sparsity=ON (UsedSparsity=0.6) | Clusters=ON (UsedClusters=32) | EnvSparsityCfg={'Conv': 0.6, 'Linear': 0.6, 'Bias': 0.0, 'BatchNorm': 0.0} | EnvNClusters=32
[2026-01-24 17:15:59,126] [INFO] Model initialized on device: cuda:0
[2026-01-24 17:15:59,126] [INFO] [CLIENT INIT] Mode=SKH | Sparsity=ON (UsedSparsity=0.6) | Clusters=ON (UsedClusters=32) | EnvSparsityCfg={'Conv': 0.6, 'Linear': 0.6, 'Bias': 0.0, 'BatchNorm': 0.0} | EnvNClusters=32
[2026-01-24 17:15:59,224] [INFO] Model initialized on device: cuda:0
[2026-01-24 17:15:59,224] [INFO] Model initialized on device: cuda:0
[2026-01-24 17:15:59,224] [INFO] [CLIENT INIT] Mode=SKH | Sparsity=ON (UsedSparsity=0.6) | Clusters=ON (UsedClusters=32) | EnvSparsityCfg={'Conv': 0.6, 'Linear': 0.6, 'Bias': 0.0, 'BatchNorm': 0.0} | EnvNClusters=32
[2026-01-24 17:15:59,224] [INFO] [CLIENT INIT] Mode=SKH | Sparsity=ON (UsedSparsity=0.6) | Clusters=ON (UsedClusters=32) | EnvSparsityCfg={'Conv': 0.6, 'Linear': 0.6, 'Bias': 0.0, 'BatchNorm': 0.0} | EnvNClusters=32
[2026-01-24 17:15:59,293] [INFO] Model initialized on device: cuda:0
[2026-01-24 17:15:59,293] [INFO] [CLIENT INIT] Mode=SKH | Sparsity=ON (UsedSparsity=0.6) | Clusters=ON (UsedClusters=32) | EnvSparsityCfg={'Conv': 0.6, 'Linear': 0.6, 'Bias': 0.0, 'BatchNorm': 0.0} | EnvNClusters=32
[2026-01-24 17:15:59,320] [INFO] Model initialized on device: cuda:0
[2026-01-24 17:15:59,320] [INFO] [CLIENT INIT] Mode=SKH | Sparsity=ON (UsedSparsity=0.6) | Clusters=ON (UsedClusters=32) | EnvSparsityCfg={'Conv': 0.6, 'Linear': 0.6, 'Bias': 0.0, 'BatchNorm': 0.0} | EnvNClusters=32
[2026-01-24 17:17:00,559] [INFO] [TRAIN] Epoch 2 Loss: 0.9869
[2026-01-24 17:17:41,245] [INFO] Model initialized on device: cuda:0
[2026-01-24 17:17:41,245] [INFO] [CLIENT INIT] Mode=SKH | Sparsity=ON (UsedSparsity=0.6) | Clusters=ON (UsedClusters=32) | EnvSparsityCfg={'Conv': 0.6, 'Linear': 0.6, 'Bias': 0.0, 'BatchNorm': 0.0} | EnvNClusters=32
[2026-01-24 17:17:41,413] [INFO] Model initialized on device: cuda:0
[2026-01-24 17:17:41,413] [INFO] [CLIENT INIT] Mode=SKH | Sparsity=ON (UsedSparsity=0.6) | Clusters=ON (UsedClusters=32) | EnvSparsityCfg={'Conv': 0.6, 'Linear': 0.6, 'Bias': 0.0, 'BatchNorm': 0.0} | EnvNClusters=32
[2026-01-24 17:17:41,416] [INFO] Model initialized on device: cuda:0
[2026-01-24 17:17:41,416] [INFO] [CLIENT INIT] Mode=SKH | Sparsity=ON (UsedSparsity=0.6) | Clusters=ON (UsedClusters=32) | EnvSparsityCfg={'Conv': 0.6, 'Linear': 0.6, 'Bias': 0.0, 'BatchNorm': 0.0} | EnvNClusters=32
[2026-01-24 17:17:41,519] [INFO] Model initialized on device: cuda:0
[2026-01-24 17:17:41,520] [INFO] [CLIENT INIT] Mode=SKH | Sparsity=ON (UsedSparsity=0.6) | Clusters=ON (UsedClusters=32) | EnvSparsityCfg={'Conv': 0.6, 'Linear': 0.6, 'Bias': 0.0, 'BatchNorm': 0.0} | EnvNClusters=32
[2026-01-24 17:17:41,552] [INFO] Model initialized on device: cuda:0
[2026-01-24 17:17:41,553] [INFO] [CLIENT INIT] Mode=SKH | Sparsity=ON (UsedSparsity=0.6) | Clusters=ON (UsedClusters=32) | EnvSparsityCfg={'Conv': 0.6, 'Linear': 0.6, 'Bias': 0.0, 'BatchNorm': 0.0} | EnvNClusters=32
[2026-01-24 17:17:41,638] [INFO] Model initialized on device: cuda:0
[2026-01-24 17:17:41,639] [INFO] [CLIENT INIT] Mode=SKH | Sparsity=ON (UsedSparsity=0.6) | Clusters=ON (UsedClusters=32) | EnvSparsityCfg={'Conv': 0.6, 'Linear': 0.6, 'Bias': 0.0, 'BatchNorm': 0.0} | EnvNClusters=32
[2026-01-24 17:17:41,714] [INFO] Model initialized on device: cuda:0
[2026-01-24 17:17:41,714] [INFO] [CLIENT INIT] Mode=SKH | Sparsity=ON (UsedSparsity=0.6) | Clusters=ON (UsedClusters=32) | EnvSparsityCfg={'Conv': 0.6, 'Linear': 0.6, 'Bias': 0.0, 'BatchNorm': 0.0} | EnvNClusters=32
[2026-01-24 17:17:41,722] [INFO] Model initialized on device: cuda:0
[2026-01-24 17:17:41,722] [INFO] [CLIENT INIT] Mode=SKH | Sparsity=ON (UsedSparsity=0.6) | Clusters=ON (UsedClusters=32) | EnvSparsityCfg={'Conv': 0.6, 'Linear': 0.6, 'Bias': 0.0, 'BatchNorm': 0.0} | EnvNClusters=32
[2026-01-24 17:17:41,733] [INFO] Model initialized on device: cuda:0
[2026-01-24 17:17:41,733] [INFO] [CLIENT INIT] Mode=SKH | Sparsity=ON (UsedSparsity=0.6) | Clusters=ON (UsedClusters=32) | EnvSparsityCfg={'Conv': 0.6, 'Linear': 0.6, 'Bias': 0.0, 'BatchNorm': 0.0} | EnvNClusters=32
[2026-01-24 17:17:41,737] [INFO] Model initialized on device: cuda:0
[2026-01-24 17:17:41,737] [INFO] [CLIENT INIT] Mode=SKH | Sparsity=ON (UsedSparsity=0.6) | Clusters=ON (UsedClusters=32) | EnvSparsityCfg={'Conv': 0.6, 'Linear': 0.6, 'Bias': 0.0, 'BatchNorm': 0.0} | EnvNClusters=32
[2026-01-24 17:18:42,515] [INFO] [TRAIN] Epoch 3 Loss: 0.9866
[2026-01-24 17:19:24,831] [INFO] Model initialized on device: cuda:0
[2026-01-24 17:19:24,831] [INFO] [CLIENT INIT] Mode=SKH | Sparsity=ON (UsedSparsity=0.6) | Clusters=ON (UsedClusters=32) | EnvSparsityCfg={'Conv': 0.6, 'Linear': 0.6, 'Bias': 0.0, 'BatchNorm': 0.0} | EnvNClusters=32
[2026-01-24 17:19:25,150] [INFO] Model initialized on device: cuda:0
[2026-01-24 17:19:25,150] [INFO] [CLIENT INIT] Mode=SKH | Sparsity=ON (UsedSparsity=0.6) | Clusters=ON (UsedClusters=32) | EnvSparsityCfg={'Conv': 0.6, 'Linear': 0.6, 'Bias': 0.0, 'BatchNorm': 0.0} | EnvNClusters=32
[2026-01-24 17:19:25,249] [INFO] Model initialized on device: cuda:0
[2026-01-24 17:19:25,249] [INFO] Model initialized on device: cuda:0
[2026-01-24 17:19:25,249] [INFO] [CLIENT INIT] Mode=SKH | Sparsity=ON (UsedSparsity=0.6) | Clusters=ON (UsedClusters=32) | EnvSparsityCfg={'Conv': 0.6, 'Linear': 0.6, 'Bias': 0.0, 'BatchNorm': 0.0} | EnvNClusters=32
[2026-01-24 17:19:25,249] [INFO] [CLIENT INIT] Mode=SKH | Sparsity=ON (UsedSparsity=0.6) | Clusters=ON (UsedClusters=32) | EnvSparsityCfg={'Conv': 0.6, 'Linear': 0.6, 'Bias': 0.0, 'BatchNorm': 0.0} | EnvNClusters=32
[2026-01-24 17:19:25,259] [INFO] Model initialized on device: cuda:0
[2026-01-24 17:19:25,259] [INFO] [CLIENT INIT] Mode=SKH | Sparsity=ON (UsedSparsity=0.6) | Clusters=ON (UsedClusters=32) | EnvSparsityCfg={'Conv': 0.6, 'Linear': 0.6, 'Bias': 0.0, 'BatchNorm': 0.0} | EnvNClusters=32
[2026-01-24 17:19:25,266] [INFO] Model initialized on device: cuda:0
[2026-01-24 17:19:25,267] [INFO] [CLIENT INIT] Mode=SKH | Sparsity=ON (UsedSparsity=0.6) | Clusters=ON (UsedClusters=32) | EnvSparsityCfg={'Conv': 0.6, 'Linear': 0.6, 'Bias': 0.0, 'BatchNorm': 0.0} | EnvNClusters=32
[2026-01-24 17:19:25,619] [INFO] Model initialized on device: cuda:0
[2026-01-24 17:19:25,619] [INFO] [CLIENT INIT] Mode=SKH | Sparsity=ON (UsedSparsity=0.6) | Clusters=ON (UsedClusters=32) | EnvSparsityCfg={'Conv': 0.6, 'Linear': 0.6, 'Bias': 0.0, 'BatchNorm': 0.0} | EnvNClusters=32
[2026-01-24 17:19:25,908] [INFO] Model initialized on device: cuda:0
[2026-01-24 17:19:25,908] [INFO] [CLIENT INIT] Mode=SKH | Sparsity=ON (UsedSparsity=0.6) | Clusters=ON (UsedClusters=32) | EnvSparsityCfg={'Conv': 0.6, 'Linear': 0.6, 'Bias': 0.0, 'BatchNorm': 0.0} | EnvNClusters=32
[2026-01-24 17:19:25,916] [INFO] Model initialized on device: cuda:0
[2026-01-24 17:19:25,916] [INFO] [CLIENT INIT] Mode=SKH | Sparsity=ON (UsedSparsity=0.6) | Clusters=ON (UsedClusters=32) | EnvSparsityCfg={'Conv': 0.6, 'Linear': 0.6, 'Bias': 0.0, 'BatchNorm': 0.0} | EnvNClusters=32
[2026-01-24 17:19:28,012] [INFO] Model initialized on device: cuda:0
[2026-01-24 17:19:28,012] [INFO] [CLIENT INIT] Mode=SKH | Sparsity=ON (UsedSparsity=0.6) | Clusters=ON (UsedClusters=32) | EnvSparsityCfg={'Conv': 0.6, 'Linear': 0.6, 'Bias': 0.0, 'BatchNorm': 0.0} | EnvNClusters=32
[2026-01-24 17:20:28,316] [INFO] [TRAIN] Epoch 4 Loss: 0.9864
[2026-01-24 17:21:19,714] [INFO] Model initialized on device: cuda:0
[2026-01-24 17:21:19,714] [INFO] [CLIENT INIT] Mode=SKH | Sparsity=ON (UsedSparsity=0.6) | Clusters=ON (UsedClusters=32) | EnvSparsityCfg={'Conv': 0.6, 'Linear': 0.6, 'Bias': 0.0, 'BatchNorm': 0.0} | EnvNClusters=32
[2026-01-24 17:21:20,113] [INFO] Model initialized on device: cuda:0
[2026-01-24 17:21:20,113] [INFO] [CLIENT INIT] Mode=SKH | Sparsity=ON (UsedSparsity=0.6) | Clusters=ON (UsedClusters=32) | EnvSparsityCfg={'Conv': 0.6, 'Linear': 0.6, 'Bias': 0.0, 'BatchNorm': 0.0} | EnvNClusters=32
[2026-01-24 17:21:20,116] [INFO] Model initialized on device: cuda:0
[2026-01-24 17:21:20,116] [INFO] [CLIENT INIT] Mode=SKH | Sparsity=ON (UsedSparsity=0.6) | Clusters=ON (UsedClusters=32) | EnvSparsityCfg={'Conv': 0.6, 'Linear': 0.6, 'Bias': 0.0, 'BatchNorm': 0.0} | EnvNClusters=32
[2026-01-24 17:21:20,117] [INFO] Model initialized on device: cuda:0
[2026-01-24 17:21:20,117] [INFO] [CLIENT INIT] Mode=SKH | Sparsity=ON (UsedSparsity=0.6) | Clusters=ON (UsedClusters=32) | EnvSparsityCfg={'Conv': 0.6, 'Linear': 0.6, 'Bias': 0.0, 'BatchNorm': 0.0} | EnvNClusters=32
[2026-01-24 17:21:20,128] [INFO] Model initialized on device: cuda:0
[2026-01-24 17:21:20,128] [INFO] [CLIENT INIT] Mode=SKH | Sparsity=ON (UsedSparsity=0.6) | Clusters=ON (UsedClusters=32) | EnvSparsityCfg={'Conv': 0.6, 'Linear': 0.6, 'Bias': 0.0, 'BatchNorm': 0.0} | EnvNClusters=32
[2026-01-24 17:21:20,135] [INFO] Model initialized on device: cuda:0
[2026-01-24 17:21:20,135] [INFO] [CLIENT INIT] Mode=SKH | Sparsity=ON (UsedSparsity=0.6) | Clusters=ON (UsedClusters=32) | EnvSparsityCfg={'Conv': 0.6, 'Linear': 0.6, 'Bias': 0.0, 'BatchNorm': 0.0} | EnvNClusters=32
[2026-01-24 17:21:20,136] [INFO] Model initialized on device: cuda:0
[2026-01-24 17:21:20,136] [INFO] [CLIENT INIT] Mode=SKH | Sparsity=ON (UsedSparsity=0.6) | Clusters=ON (UsedClusters=32) | EnvSparsityCfg={'Conv': 0.6, 'Linear': 0.6, 'Bias': 0.0, 'BatchNorm': 0.0} | EnvNClusters=32
[2026-01-24 17:21:20,344] [INFO] Model initialized on device: cuda:0
[2026-01-24 17:21:20,344] [INFO] [CLIENT INIT] Mode=SKH | Sparsity=ON (UsedSparsity=0.6) | Clusters=ON (UsedClusters=32) | EnvSparsityCfg={'Conv': 0.6, 'Linear': 0.6, 'Bias': 0.0, 'BatchNorm': 0.0} | EnvNClusters=32
[2026-01-24 17:21:20,416] [INFO] Model initialized on device: cuda:0
[2026-01-24 17:21:20,416] [INFO] [CLIENT INIT] Mode=SKH | Sparsity=ON (UsedSparsity=0.6) | Clusters=ON (UsedClusters=32) | EnvSparsityCfg={'Conv': 0.6, 'Linear': 0.6, 'Bias': 0.0, 'BatchNorm': 0.0} | EnvNClusters=32
[2026-01-24 17:21:20,416] [INFO] Model initialized on device: cuda:0
[2026-01-24 17:21:20,416] [INFO] [CLIENT INIT] Mode=SKH | Sparsity=ON (UsedSparsity=0.6) | Clusters=ON (UsedClusters=32) | EnvSparsityCfg={'Conv': 0.6, 'Linear': 0.6, 'Bias': 0.0, 'BatchNorm': 0.0} | EnvNClusters=32
[2026-01-24 17:22:34,411] [INFO] [TRAIN] Epoch 5 Loss: 0.9861
[2026-01-24 17:22:34,413] [INFO] [FIT] Local training finished. Avg Loss: 0.9866
[2026-01-24 17:23:09,718] [INFO] Model initialized on device: cuda:0
[2026-01-24 17:23:09,718] [INFO] [CLIENT INIT] Mode=SKH | Sparsity=ON (UsedSparsity=0.6) | Clusters=ON (UsedClusters=32) | EnvSparsityCfg={'Conv': 0.6, 'Linear': 0.6, 'Bias': 0.0, 'BatchNorm': 0.0} | EnvNClusters=32
[2026-01-24 17:23:14,242] [INFO] Model initialized on device: cuda:0
[2026-01-24 17:23:14,242] [INFO] [CLIENT INIT] Mode=SKH | Sparsity=ON (UsedSparsity=0.6) | Clusters=ON (UsedClusters=32) | EnvSparsityCfg={'Conv': 0.6, 'Linear': 0.6, 'Bias': 0.0, 'BatchNorm': 0.0} | EnvNClusters=32
[2026-01-24 17:23:15,047] [INFO] Model initialized on device: cuda:0
[2026-01-24 17:23:15,047] [INFO] [CLIENT INIT] Mode=SKH | Sparsity=ON (UsedSparsity=0.6) | Clusters=ON (UsedClusters=32) | EnvSparsityCfg={'Conv': 0.6, 'Linear': 0.6, 'Bias': 0.0, 'BatchNorm': 0.0} | EnvNClusters=32
[2026-01-24 17:23:15,057] [INFO] Model initialized on device: cuda:0
[2026-01-24 17:23:15,057] [INFO] [CLIENT INIT] Mode=SKH | Sparsity=ON (UsedSparsity=0.6) | Clusters=ON (UsedClusters=32) | EnvSparsityCfg={'Conv': 0.6, 'Linear': 0.6, 'Bias': 0.0, 'BatchNorm': 0.0} | EnvNClusters=32
[2026-01-24 17:23:15,108] [INFO] Model initialized on device: cuda:0
[2026-01-24 17:23:15,108] [INFO] [CLIENT INIT] Mode=SKH | Sparsity=ON (UsedSparsity=0.6) | Clusters=ON (UsedClusters=32) | EnvSparsityCfg={'Conv': 0.6, 'Linear': 0.6, 'Bias': 0.0, 'BatchNorm': 0.0} | EnvNClusters=32
[2026-01-24 17:23:15,159] [INFO] Model initialized on device: cuda:0
[2026-01-24 17:23:15,159] [INFO] [CLIENT INIT] Mode=SKH | Sparsity=ON (UsedSparsity=0.6) | Clusters=ON (UsedClusters=32) | EnvSparsityCfg={'Conv': 0.6, 'Linear': 0.6, 'Bias': 0.0, 'BatchNorm': 0.0} | EnvNClusters=32
[2026-01-24 17:23:15,222] [INFO] Model initialized on device: cuda:0
[2026-01-24 17:23:15,223] [INFO] [CLIENT INIT] Mode=SKH | Sparsity=ON (UsedSparsity=0.6) | Clusters=ON (UsedClusters=32) | EnvSparsityCfg={'Conv': 0.6, 'Linear': 0.6, 'Bias': 0.0, 'BatchNorm': 0.0} | EnvNClusters=32
[2026-01-24 17:23:15,249] [INFO] Model initialized on device: cuda:0
[2026-01-24 17:23:15,249] [INFO] Model initialized on device: cuda:0
[2026-01-24 17:23:15,249] [INFO] [CLIENT INIT] Mode=SKH | Sparsity=ON (UsedSparsity=0.6) | Clusters=ON (UsedClusters=32) | EnvSparsityCfg={'Conv': 0.6, 'Linear': 0.6, 'Bias': 0.0, 'BatchNorm': 0.0} | EnvNClusters=32
[2026-01-24 17:23:15,249] [INFO] [CLIENT INIT] Mode=SKH | Sparsity=ON (UsedSparsity=0.6) | Clusters=ON (UsedClusters=32) | EnvSparsityCfg={'Conv': 0.6, 'Linear': 0.6, 'Bias': 0.0, 'BatchNorm': 0.0} | EnvNClusters=32
[2026-01-24 17:23:15,250] [INFO] Model initialized on device: cuda:0
[2026-01-24 17:23:15,250] [INFO] [CLIENT INIT] Mode=SKH | Sparsity=ON (UsedSparsity=0.6) | Clusters=ON (UsedClusters=32) | EnvSparsityCfg={'Conv': 0.6, 'Linear': 0.6, 'Bias': 0.0, 'BatchNorm': 0.0} | EnvNClusters=32
[2026-01-24 17:23:21,907] [DEBUG] [TEST] Batch 1 | Pred shape: torch.Size([256, 256, 160]) | Label shape: torch.Size([256, 256, 160])
[2026-01-24 17:23:22,015] [DEBUG] [TEST] Batch 2 | Pred shape: torch.Size([256, 256, 160]) | Label shape: torch.Size([256, 256, 160])
[2026-01-24 17:23:23,015] [DEBUG] [TEST] Batch 3 | Pred shape: torch.Size([256, 256, 160]) | Label shape: torch.Size([256, 256, 160])
[2026-01-24 17:23:23,075] [DEBUG] [TEST] Batch 4 | Pred shape: torch.Size([256, 256, 160]) | Label shape: torch.Size([256, 256, 160])
[2026-01-24 17:23:23,156] [DEBUG] [TEST] Batch 5 | Pred shape: torch.Size([256, 256, 160]) | Label shape: torch.Size([256, 256, 160])
[2026-01-24 17:23:23,215] [DEBUG] [TEST] Batch 6 | Pred shape: torch.Size([256, 256, 160]) | Label shape: torch.Size([256, 256, 160])
[2026-01-24 17:23:23,279] [DEBUG] [TEST] Batch 7 | Pred shape: torch.Size([256, 256, 160]) | Label shape: torch.Size([256, 256, 160])
[2026-01-24 17:23:23,357] [DEBUG] [TEST] Batch 8 | Pred shape: torch.Size([256, 256, 160]) | Label shape: torch.Size([256, 256, 160])
[2026-01-24 17:23:23,417] [DEBUG] [TEST] Batch 9 | Pred shape: torch.Size([256, 256, 160]) | Label shape: torch.Size([256, 256, 160])
[2026-01-24 17:23:23,479] [DEBUG] [TEST] Batch 10 | Pred shape: torch.Size([256, 256, 160]) | Label shape: torch.Size([256, 256, 160])
[2026-01-24 17:23:27,838] [INFO] [FIT] Final model saved to: Revision2/Run_UNET_IID_SKHC32S60_20260124/Client2/model_final.pth
[2026-01-24 17:23:42,097] [INFO] [COMM][CLIENT] Round=-1 Mode=SKH UsedSparsity=0.6 UsedClusters=32 BaselineBits=154016352.0 CompressedBits=45573957.8 CR=3.379
[2026-01-24 17:24:27,768] [INFO] [EVALUATE] Starting evaluation...
[2026-01-24 17:24:30,416] [INFO] [DEBUG] Loaded compressed decoded weights.
[2026-01-24 17:25:34,167] [INFO] Model initialized on device: cuda:0
[2026-01-24 17:25:34,168] [INFO] [CLIENT INIT] Mode=SKH | Sparsity=ON (UsedSparsity=0.6) | Clusters=ON (UsedClusters=32) | EnvSparsityCfg={'Conv': 0.6, 'Linear': 0.6, 'Bias': 0.0, 'BatchNorm': 0.0} | EnvNClusters=32
[2026-01-24 17:25:34,280] [INFO] Model initialized on device: cuda:0
[2026-01-24 17:25:34,281] [INFO] [CLIENT INIT] Mode=SKH | Sparsity=ON (UsedSparsity=0.6) | Clusters=ON (UsedClusters=32) | EnvSparsityCfg={'Conv': 0.6, 'Linear': 0.6, 'Bias': 0.0, 'BatchNorm': 0.0} | EnvNClusters=32
[2026-01-24 17:25:34,768] [INFO] Model initialized on device: cuda:0
[2026-01-24 17:25:34,768] [INFO] [CLIENT INIT] Mode=SKH | Sparsity=ON (UsedSparsity=0.6) | Clusters=ON (UsedClusters=32) | EnvSparsityCfg={'Conv': 0.6, 'Linear': 0.6, 'Bias': 0.0, 'BatchNorm': 0.0} | EnvNClusters=32
[2026-01-24 17:25:35,184] [INFO] Model initialized on device: cuda:0
[2026-01-24 17:25:35,184] [INFO] [CLIENT INIT] Mode=SKH | Sparsity=ON (UsedSparsity=0.6) | Clusters=ON (UsedClusters=32) | EnvSparsityCfg={'Conv': 0.6, 'Linear': 0.6, 'Bias': 0.0, 'BatchNorm': 0.0} | EnvNClusters=32
[2026-01-24 17:25:35,224] [INFO] Model initialized on device: cuda:0
[2026-01-24 17:25:35,224] [INFO] [CLIENT INIT] Mode=SKH | Sparsity=ON (UsedSparsity=0.6) | Clusters=ON (UsedClusters=32) | EnvSparsityCfg={'Conv': 0.6, 'Linear': 0.6, 'Bias': 0.0, 'BatchNorm': 0.0} | EnvNClusters=32
[2026-01-24 17:25:35,429] [INFO] Model initialized on device: cuda:0
[2026-01-24 17:25:35,429] [INFO] [CLIENT INIT] Mode=SKH | Sparsity=ON (UsedSparsity=0.6) | Clusters=ON (UsedClusters=32) | EnvSparsityCfg={'Conv': 0.6, 'Linear': 0.6, 'Bias': 0.0, 'BatchNorm': 0.0} | EnvNClusters=32
[2026-01-24 17:25:35,434] [INFO] Model initialized on device: cuda:0
[2026-01-24 17:25:35,434] [INFO] [CLIENT INIT] Mode=SKH | Sparsity=ON (UsedSparsity=0.6) | Clusters=ON (UsedClusters=32) | EnvSparsityCfg={'Conv': 0.6, 'Linear': 0.6, 'Bias': 0.0, 'BatchNorm': 0.0} | EnvNClusters=32
[2026-01-24 17:25:35,434] [INFO] Model initialized on device: cuda:0
[2026-01-24 17:25:35,434] [INFO] [CLIENT INIT] Mode=SKH | Sparsity=ON (UsedSparsity=0.6) | Clusters=ON (UsedClusters=32) | EnvSparsityCfg={'Conv': 0.6, 'Linear': 0.6, 'Bias': 0.0, 'BatchNorm': 0.0} | EnvNClusters=32
[2026-01-24 17:25:35,437] [INFO] Model initialized on device: cuda:0
[2026-01-24 17:25:35,437] [INFO] [CLIENT INIT] Mode=SKH | Sparsity=ON (UsedSparsity=0.6) | Clusters=ON (UsedClusters=32) | EnvSparsityCfg={'Conv': 0.6, 'Linear': 0.6, 'Bias': 0.0, 'BatchNorm': 0.0} | EnvNClusters=32
[2026-01-24 17:25:35,439] [INFO] Model initialized on device: cuda:0
[2026-01-24 17:25:35,439] [INFO] [CLIENT INIT] Mode=SKH | Sparsity=ON (UsedSparsity=0.6) | Clusters=ON (UsedClusters=32) | EnvSparsityCfg={'Conv': 0.6, 'Linear': 0.6, 'Bias': 0.0, 'BatchNorm': 0.0} | EnvNClusters=32
[2026-01-24 17:25:39,516] [DEBUG] [TEST] Batch 1 | Pred shape: torch.Size([256, 256, 160]) | Label shape: torch.Size([256, 256, 160])
[2026-01-24 17:25:39,572] [DEBUG] [TEST] Batch 2 | Pred shape: torch.Size([256, 256, 160]) | Label shape: torch.Size([256, 256, 160])
[2026-01-24 17:25:40,043] [DEBUG] [TEST] Batch 3 | Pred shape: torch.Size([256, 256, 160]) | Label shape: torch.Size([256, 256, 160])
[2026-01-24 17:25:40,108] [DEBUG] [TEST] Batch 4 | Pred shape: torch.Size([256, 256, 160]) | Label shape: torch.Size([256, 256, 160])
[2026-01-24 17:25:40,226] [DEBUG] [TEST] Batch 5 | Pred shape: torch.Size([256, 256, 160]) | Label shape: torch.Size([256, 256, 160])
[2026-01-24 17:25:40,415] [DEBUG] [TEST] Batch 6 | Pred shape: torch.Size([256, 256, 160]) | Label shape: torch.Size([256, 256, 160])
[2026-01-24 17:25:40,539] [DEBUG] [TEST] Batch 7 | Pred shape: torch.Size([256, 256, 160]) | Label shape: torch.Size([256, 256, 160])
[2026-01-24 17:25:40,667] [DEBUG] [TEST] Batch 8 | Pred shape: torch.Size([256, 256, 160]) | Label shape: torch.Size([256, 256, 160])
[2026-01-24 17:25:40,789] [DEBUG] [TEST] Batch 9 | Pred shape: torch.Size([256, 256, 160]) | Label shape: torch.Size([256, 256, 160])
[2026-01-24 17:25:40,908] [DEBUG] [TEST] Batch 10 | Pred shape: torch.Size([256, 256, 160]) | Label shape: torch.Size([256, 256, 160])
[2026-01-24 17:25:44,584] [INFO] [EVALUATE] Dice WT: 0.4148
[2026-01-24 17:25:50,153] [INFO] [FIT] Received parameters. Starting local training...
[2026-01-24 17:25:51,807] [INFO] [DEBUG] Loaded compressed decoded weights.
[2026-01-24 17:26:59,508] [INFO] Model initialized on device: cuda:0
[2026-01-24 17:26:59,508] [INFO] [CLIENT INIT] Mode=SKH | Sparsity=ON (UsedSparsity=0.6) | Clusters=ON (UsedClusters=32) | EnvSparsityCfg={'Conv': 0.6, 'Linear': 0.6, 'Bias': 0.0, 'BatchNorm': 0.0} | EnvNClusters=32
[2026-01-24 17:26:59,537] [INFO] Model initialized on device: cuda:0
[2026-01-24 17:26:59,537] [INFO] [CLIENT INIT] Mode=SKH | Sparsity=ON (UsedSparsity=0.6) | Clusters=ON (UsedClusters=32) | EnvSparsityCfg={'Conv': 0.6, 'Linear': 0.6, 'Bias': 0.0, 'BatchNorm': 0.0} | EnvNClusters=32
[2026-01-24 17:26:59,613] [INFO] Model initialized on device: cuda:0
[2026-01-24 17:26:59,614] [INFO] [CLIENT INIT] Mode=SKH | Sparsity=ON (UsedSparsity=0.6) | Clusters=ON (UsedClusters=32) | EnvSparsityCfg={'Conv': 0.6, 'Linear': 0.6, 'Bias': 0.0, 'BatchNorm': 0.0} | EnvNClusters=32
[2026-01-24 17:26:59,812] [INFO] Model initialized on device: cuda:0
[2026-01-24 17:26:59,812] [INFO] [CLIENT INIT] Mode=SKH | Sparsity=ON (UsedSparsity=0.6) | Clusters=ON (UsedClusters=32) | EnvSparsityCfg={'Conv': 0.6, 'Linear': 0.6, 'Bias': 0.0, 'BatchNorm': 0.0} | EnvNClusters=32
[2026-01-24 17:27:00,409] [INFO] Model initialized on device: cuda:0
[2026-01-24 17:27:00,410] [INFO] [CLIENT INIT] Mode=SKH | Sparsity=ON (UsedSparsity=0.6) | Clusters=ON (UsedClusters=32) | EnvSparsityCfg={'Conv': 0.6, 'Linear': 0.6, 'Bias': 0.0, 'BatchNorm': 0.0} | EnvNClusters=32
[2026-01-24 17:27:00,509] [INFO] Model initialized on device: cuda:0
[2026-01-24 17:27:00,509] [INFO] [CLIENT INIT] Mode=SKH | Sparsity=ON (UsedSparsity=0.6) | Clusters=ON (UsedClusters=32) | EnvSparsityCfg={'Conv': 0.6, 'Linear': 0.6, 'Bias': 0.0, 'BatchNorm': 0.0} | EnvNClusters=32
[2026-01-24 17:27:00,521] [INFO] Model initialized on device: cuda:0
[2026-01-24 17:27:00,521] [INFO] [CLIENT INIT] Mode=SKH | Sparsity=ON (UsedSparsity=0.6) | Clusters=ON (UsedClusters=32) | EnvSparsityCfg={'Conv': 0.6, 'Linear': 0.6, 'Bias': 0.0, 'BatchNorm': 0.0} | EnvNClusters=32
[2026-01-24 17:27:00,521] [INFO] Model initialized on device: cuda:0
[2026-01-24 17:27:00,521] [INFO] [CLIENT INIT] Mode=SKH | Sparsity=ON (UsedSparsity=0.6) | Clusters=ON (UsedClusters=32) | EnvSparsityCfg={'Conv': 0.6, 'Linear': 0.6, 'Bias': 0.0, 'BatchNorm': 0.0} | EnvNClusters=32
[2026-01-24 17:27:00,522] [INFO] Model initialized on device: cuda:0
[2026-01-24 17:27:00,522] [INFO] [CLIENT INIT] Mode=SKH | Sparsity=ON (UsedSparsity=0.6) | Clusters=ON (UsedClusters=32) | EnvSparsityCfg={'Conv': 0.6, 'Linear': 0.6, 'Bias': 0.0, 'BatchNorm': 0.0} | EnvNClusters=32
[2026-01-24 17:27:00,522] [INFO] Model initialized on device: cuda:0
[2026-01-24 17:27:00,522] [INFO] [CLIENT INIT] Mode=SKH | Sparsity=ON (UsedSparsity=0.6) | Clusters=ON (UsedClusters=32) | EnvSparsityCfg={'Conv': 0.6, 'Linear': 0.6, 'Bias': 0.0, 'BatchNorm': 0.0} | EnvNClusters=32
[2026-01-24 17:28:07,061] [INFO] [TRAIN] Epoch 1 Loss: 0.9864
[2026-01-24 17:29:12,523] [INFO] Model initialized on device: cuda:0
[2026-01-24 17:29:12,523] [INFO] [CLIENT INIT] Mode=SKH | Sparsity=ON (UsedSparsity=0.6) | Clusters=ON (UsedClusters=32) | EnvSparsityCfg={'Conv': 0.6, 'Linear': 0.6, 'Bias': 0.0, 'BatchNorm': 0.0} | EnvNClusters=32
[2026-01-24 17:29:13,830] [INFO] Model initialized on device: cuda:0
[2026-01-24 17:29:13,830] [INFO] [CLIENT INIT] Mode=SKH | Sparsity=ON (UsedSparsity=0.6) | Clusters=ON (UsedClusters=32) | EnvSparsityCfg={'Conv': 0.6, 'Linear': 0.6, 'Bias': 0.0, 'BatchNorm': 0.0} | EnvNClusters=32
[2026-01-24 17:29:14,138] [INFO] Model initialized on device: cuda:0
[2026-01-24 17:29:14,139] [INFO] [CLIENT INIT] Mode=SKH | Sparsity=ON (UsedSparsity=0.6) | Clusters=ON (UsedClusters=32) | EnvSparsityCfg={'Conv': 0.6, 'Linear': 0.6, 'Bias': 0.0, 'BatchNorm': 0.0} | EnvNClusters=32
[2026-01-24 17:29:14,208] [INFO] Model initialized on device: cuda:0
[2026-01-24 17:29:14,208] [INFO] [CLIENT INIT] Mode=SKH | Sparsity=ON (UsedSparsity=0.6) | Clusters=ON (UsedClusters=32) | EnvSparsityCfg={'Conv': 0.6, 'Linear': 0.6, 'Bias': 0.0, 'BatchNorm': 0.0} | EnvNClusters=32
[2026-01-24 17:29:14,210] [INFO] Model initialized on device: cuda:0
[2026-01-24 17:29:14,210] [INFO] [CLIENT INIT] Mode=SKH | Sparsity=ON (UsedSparsity=0.6) | Clusters=ON (UsedClusters=32) | EnvSparsityCfg={'Conv': 0.6, 'Linear': 0.6, 'Bias': 0.0, 'BatchNorm': 0.0} | EnvNClusters=32
[2026-01-24 17:29:14,334] [INFO] Model initialized on device: cuda:0
[2026-01-24 17:29:14,334] [INFO] [CLIENT INIT] Mode=SKH | Sparsity=ON (UsedSparsity=0.6) | Clusters=ON (UsedClusters=32) | EnvSparsityCfg={'Conv': 0.6, 'Linear': 0.6, 'Bias': 0.0, 'BatchNorm': 0.0} | EnvNClusters=32
[2026-01-24 17:29:14,414] [INFO] Model initialized on device: cuda:0
[2026-01-24 17:29:14,414] [INFO] [CLIENT INIT] Mode=SKH | Sparsity=ON (UsedSparsity=0.6) | Clusters=ON (UsedClusters=32) | EnvSparsityCfg={'Conv': 0.6, 'Linear': 0.6, 'Bias': 0.0, 'BatchNorm': 0.0} | EnvNClusters=32
[2026-01-24 17:29:14,418] [INFO] Model initialized on device: cuda:0
[2026-01-24 17:29:14,418] [INFO] Model initialized on device: cuda:0
[2026-01-24 17:29:14,418] [INFO] [CLIENT INIT] Mode=SKH | Sparsity=ON (UsedSparsity=0.6) | Clusters=ON (UsedClusters=32) | EnvSparsityCfg={'Conv': 0.6, 'Linear': 0.6, 'Bias': 0.0, 'BatchNorm': 0.0} | EnvNClusters=32
[2026-01-24 17:29:14,418] [INFO] [CLIENT INIT] Mode=SKH | Sparsity=ON (UsedSparsity=0.6) | Clusters=ON (UsedClusters=32) | EnvSparsityCfg={'Conv': 0.6, 'Linear': 0.6, 'Bias': 0.0, 'BatchNorm': 0.0} | EnvNClusters=32
[2026-01-24 17:29:14,426] [INFO] Model initialized on device: cuda:0
[2026-01-24 17:29:14,426] [INFO] [CLIENT INIT] Mode=SKH | Sparsity=ON (UsedSparsity=0.6) | Clusters=ON (UsedClusters=32) | EnvSparsityCfg={'Conv': 0.6, 'Linear': 0.6, 'Bias': 0.0, 'BatchNorm': 0.0} | EnvNClusters=32
[2026-01-24 17:30:19,215] [INFO] [TRAIN] Epoch 2 Loss: 0.9861
[2026-01-24 17:31:14,122] [INFO] Model initialized on device: cuda:0
[2026-01-24 17:31:14,122] [INFO] [CLIENT INIT] Mode=SKH | Sparsity=ON (UsedSparsity=0.6) | Clusters=ON (UsedClusters=32) | EnvSparsityCfg={'Conv': 0.6, 'Linear': 0.6, 'Bias': 0.0, 'BatchNorm': 0.0} | EnvNClusters=32
[2026-01-24 17:31:15,132] [INFO] Model initialized on device: cuda:0
[2026-01-24 17:31:15,132] [INFO] [CLIENT INIT] Mode=SKH | Sparsity=ON (UsedSparsity=0.6) | Clusters=ON (UsedClusters=32) | EnvSparsityCfg={'Conv': 0.6, 'Linear': 0.6, 'Bias': 0.0, 'BatchNorm': 0.0} | EnvNClusters=32
[2026-01-24 17:31:15,811] [INFO] Model initialized on device: cuda:0
[2026-01-24 17:31:15,811] [INFO] [CLIENT INIT] Mode=SKH | Sparsity=ON (UsedSparsity=0.6) | Clusters=ON (UsedClusters=32) | EnvSparsityCfg={'Conv': 0.6, 'Linear': 0.6, 'Bias': 0.0, 'BatchNorm': 0.0} | EnvNClusters=32
[2026-01-24 17:31:15,816] [INFO] Model initialized on device: cuda:0
[2026-01-24 17:31:15,816] [INFO] [CLIENT INIT] Mode=SKH | Sparsity=ON (UsedSparsity=0.6) | Clusters=ON (UsedClusters=32) | EnvSparsityCfg={'Conv': 0.6, 'Linear': 0.6, 'Bias': 0.0, 'BatchNorm': 0.0} | EnvNClusters=32
[2026-01-24 17:31:15,825] [INFO] Model initialized on device: cuda:0
[2026-01-24 17:31:15,825] [INFO] [CLIENT INIT] Mode=SKH | Sparsity=ON (UsedSparsity=0.6) | Clusters=ON (UsedClusters=32) | EnvSparsityCfg={'Conv': 0.6, 'Linear': 0.6, 'Bias': 0.0, 'BatchNorm': 0.0} | EnvNClusters=32
[2026-01-24 17:31:15,834] [INFO] Model initialized on device: cuda:0
[2026-01-24 17:31:15,834] [INFO] [CLIENT INIT] Mode=SKH | Sparsity=ON (UsedSparsity=0.6) | Clusters=ON (UsedClusters=32) | EnvSparsityCfg={'Conv': 0.6, 'Linear': 0.6, 'Bias': 0.0, 'BatchNorm': 0.0} | EnvNClusters=32
[2026-01-24 17:31:15,836] [INFO] Model initialized on device: cuda:0
[2026-01-24 17:31:15,836] [INFO] [CLIENT INIT] Mode=SKH | Sparsity=ON (UsedSparsity=0.6) | Clusters=ON (UsedClusters=32) | EnvSparsityCfg={'Conv': 0.6, 'Linear': 0.6, 'Bias': 0.0, 'BatchNorm': 0.0} | EnvNClusters=32
[2026-01-24 17:31:15,836] [INFO] Model initialized on device: cuda:0
[2026-01-24 17:31:15,836] [INFO] [CLIENT INIT] Mode=SKH | Sparsity=ON (UsedSparsity=0.6) | Clusters=ON (UsedClusters=32) | EnvSparsityCfg={'Conv': 0.6, 'Linear': 0.6, 'Bias': 0.0, 'BatchNorm': 0.0} | EnvNClusters=32
[2026-01-24 17:31:15,840] [INFO] Model initialized on device: cuda:0
[2026-01-24 17:31:15,840] [INFO] [CLIENT INIT] Mode=SKH | Sparsity=ON (UsedSparsity=0.6) | Clusters=ON (UsedClusters=32) | EnvSparsityCfg={'Conv': 0.6, 'Linear': 0.6, 'Bias': 0.0, 'BatchNorm': 0.0} | EnvNClusters=32
[2026-01-24 17:31:15,841] [INFO] Model initialized on device: cuda:0
[2026-01-24 17:31:15,841] [INFO] [CLIENT INIT] Mode=SKH | Sparsity=ON (UsedSparsity=0.6) | Clusters=ON (UsedClusters=32) | EnvSparsityCfg={'Conv': 0.6, 'Linear': 0.6, 'Bias': 0.0, 'BatchNorm': 0.0} | EnvNClusters=32
[2026-01-24 17:32:14,867] [INFO] [TRAIN] Epoch 3 Loss: 0.9858
[2026-01-24 17:32:52,933] [INFO] Model initialized on device: cuda:0
[2026-01-24 17:32:52,934] [INFO] [CLIENT INIT] Mode=SKH | Sparsity=ON (UsedSparsity=0.6) | Clusters=ON (UsedClusters=32) | EnvSparsityCfg={'Conv': 0.6, 'Linear': 0.6, 'Bias': 0.0, 'BatchNorm': 0.0} | EnvNClusters=32
[2026-01-24 17:32:54,219] [INFO] Model initialized on device: cuda:0
[2026-01-24 17:32:54,220] [INFO] [CLIENT INIT] Mode=SKH | Sparsity=ON (UsedSparsity=0.6) | Clusters=ON (UsedClusters=32) | EnvSparsityCfg={'Conv': 0.6, 'Linear': 0.6, 'Bias': 0.0, 'BatchNorm': 0.0} | EnvNClusters=32
[2026-01-24 17:33:00,612] [INFO] Model initialized on device: cuda:0
[2026-01-24 17:33:00,612] [INFO] [CLIENT INIT] Mode=SKH | Sparsity=ON (UsedSparsity=0.6) | Clusters=ON (UsedClusters=32) | EnvSparsityCfg={'Conv': 0.6, 'Linear': 0.6, 'Bias': 0.0, 'BatchNorm': 0.0} | EnvNClusters=32
[2026-01-24 17:33:00,837] [INFO] Model initialized on device: cuda:0
[2026-01-24 17:33:00,837] [INFO] [CLIENT INIT] Mode=SKH | Sparsity=ON (UsedSparsity=0.6) | Clusters=ON (UsedClusters=32) | EnvSparsityCfg={'Conv': 0.6, 'Linear': 0.6, 'Bias': 0.0, 'BatchNorm': 0.0} | EnvNClusters=32
[2026-01-24 17:33:00,911] [INFO] Model initialized on device: cuda:0
[2026-01-24 17:33:00,911] [INFO] [CLIENT INIT] Mode=SKH | Sparsity=ON (UsedSparsity=0.6) | Clusters=ON (UsedClusters=32) | EnvSparsityCfg={'Conv': 0.6, 'Linear': 0.6, 'Bias': 0.0, 'BatchNorm': 0.0} | EnvNClusters=32
[2026-01-24 17:33:00,926] [INFO] Model initialized on device: cuda:0
[2026-01-24 17:33:00,926] [INFO] [CLIENT INIT] Mode=SKH | Sparsity=ON (UsedSparsity=0.6) | Clusters=ON (UsedClusters=32) | EnvSparsityCfg={'Conv': 0.6, 'Linear': 0.6, 'Bias': 0.0, 'BatchNorm': 0.0} | EnvNClusters=32
[2026-01-24 17:33:00,934] [INFO] Model initialized on device: cuda:0
[2026-01-24 17:33:00,934] [INFO] Model initialized on device: cuda:0
[2026-01-24 17:33:00,934] [INFO] Model initialized on device: cuda:0
[2026-01-24 17:33:00,935] [INFO] [CLIENT INIT] Mode=SKH | Sparsity=ON (UsedSparsity=0.6) | Clusters=ON (UsedClusters=32) | EnvSparsityCfg={'Conv': 0.6, 'Linear': 0.6, 'Bias': 0.0, 'BatchNorm': 0.0} | EnvNClusters=32
[2026-01-24 17:33:00,935] [INFO] [CLIENT INIT] Mode=SKH | Sparsity=ON (UsedSparsity=0.6) | Clusters=ON (UsedClusters=32) | EnvSparsityCfg={'Conv': 0.6, 'Linear': 0.6, 'Bias': 0.0, 'BatchNorm': 0.0} | EnvNClusters=32
[2026-01-24 17:33:00,935] [INFO] [CLIENT INIT] Mode=SKH | Sparsity=ON (UsedSparsity=0.6) | Clusters=ON (UsedClusters=32) | EnvSparsityCfg={'Conv': 0.6, 'Linear': 0.6, 'Bias': 0.0, 'BatchNorm': 0.0} | EnvNClusters=32
[2026-01-24 17:33:00,935] [INFO] Model initialized on device: cuda:0
[2026-01-24 17:33:00,936] [INFO] [CLIENT INIT] Mode=SKH | Sparsity=ON (UsedSparsity=0.6) | Clusters=ON (UsedClusters=32) | EnvSparsityCfg={'Conv': 0.6, 'Linear': 0.6, 'Bias': 0.0, 'BatchNorm': 0.0} | EnvNClusters=32
[2026-01-24 17:34:02,612] [INFO] [TRAIN] Epoch 4 Loss: 0.9854
[2026-01-24 17:34:37,243] [INFO] Model initialized on device: cuda:0
[2026-01-24 17:34:37,243] [INFO] [CLIENT INIT] Mode=SKH | Sparsity=ON (UsedSparsity=0.6) | Clusters=ON (UsedClusters=32) | EnvSparsityCfg={'Conv': 0.6, 'Linear': 0.6, 'Bias': 0.0, 'BatchNorm': 0.0} | EnvNClusters=32
[2026-01-24 17:34:40,235] [INFO] Model initialized on device: cuda:0
[2026-01-24 17:34:40,235] [INFO] [CLIENT INIT] Mode=SKH | Sparsity=ON (UsedSparsity=0.6) | Clusters=ON (UsedClusters=32) | EnvSparsityCfg={'Conv': 0.6, 'Linear': 0.6, 'Bias': 0.0, 'BatchNorm': 0.0} | EnvNClusters=32
[2026-01-24 17:34:41,110] [INFO] Model initialized on device: cuda:0
[2026-01-24 17:34:41,111] [INFO] [CLIENT INIT] Mode=SKH | Sparsity=ON (UsedSparsity=0.6) | Clusters=ON (UsedClusters=32) | EnvSparsityCfg={'Conv': 0.6, 'Linear': 0.6, 'Bias': 0.0, 'BatchNorm': 0.0} | EnvNClusters=32
[2026-01-24 17:34:45,342] [INFO] Model initialized on device: cuda:0
[2026-01-24 17:34:45,343] [INFO] [CLIENT INIT] Mode=SKH | Sparsity=ON (UsedSparsity=0.6) | Clusters=ON (UsedClusters=32) | EnvSparsityCfg={'Conv': 0.6, 'Linear': 0.6, 'Bias': 0.0, 'BatchNorm': 0.0} | EnvNClusters=32
[2026-01-24 17:34:45,733] [INFO] Model initialized on device: cuda:0
[2026-01-24 17:34:45,733] [INFO] [CLIENT INIT] Mode=SKH | Sparsity=ON (UsedSparsity=0.6) | Clusters=ON (UsedClusters=32) | EnvSparsityCfg={'Conv': 0.6, 'Linear': 0.6, 'Bias': 0.0, 'BatchNorm': 0.0} | EnvNClusters=32
[2026-01-24 17:34:45,923] [INFO] Model initialized on device: cuda:0
[2026-01-24 17:34:45,923] [INFO] [CLIENT INIT] Mode=SKH | Sparsity=ON (UsedSparsity=0.6) | Clusters=ON (UsedClusters=32) | EnvSparsityCfg={'Conv': 0.6, 'Linear': 0.6, 'Bias': 0.0, 'BatchNorm': 0.0} | EnvNClusters=32
[2026-01-24 17:34:46,211] [INFO] Model initialized on device: cuda:0
[2026-01-24 17:34:46,211] [INFO] [CLIENT INIT] Mode=SKH | Sparsity=ON (UsedSparsity=0.6) | Clusters=ON (UsedClusters=32) | EnvSparsityCfg={'Conv': 0.6, 'Linear': 0.6, 'Bias': 0.0, 'BatchNorm': 0.0} | EnvNClusters=32
[2026-01-24 17:34:46,215] [INFO] Model initialized on device: cuda:0
[2026-01-24 17:34:46,215] [INFO] [CLIENT INIT] Mode=SKH | Sparsity=ON (UsedSparsity=0.6) | Clusters=ON (UsedClusters=32) | EnvSparsityCfg={'Conv': 0.6, 'Linear': 0.6, 'Bias': 0.0, 'BatchNorm': 0.0} | EnvNClusters=32
[2026-01-24 17:34:46,220] [INFO] Model initialized on device: cuda:0
[2026-01-24 17:34:46,220] [INFO] [CLIENT INIT] Mode=SKH | Sparsity=ON (UsedSparsity=0.6) | Clusters=ON (UsedClusters=32) | EnvSparsityCfg={'Conv': 0.6, 'Linear': 0.6, 'Bias': 0.0, 'BatchNorm': 0.0} | EnvNClusters=32
[2026-01-24 17:34:46,324] [INFO] Model initialized on device: cuda:0
[2026-01-24 17:34:46,324] [INFO] [CLIENT INIT] Mode=SKH | Sparsity=ON (UsedSparsity=0.6) | Clusters=ON (UsedClusters=32) | EnvSparsityCfg={'Conv': 0.6, 'Linear': 0.6, 'Bias': 0.0, 'BatchNorm': 0.0} | EnvNClusters=32
[2026-01-24 17:35:46,218] [INFO] [TRAIN] Epoch 5 Loss: 0.9849
[2026-01-24 17:35:46,219] [INFO] [FIT] Local training finished. Avg Loss: 0.9857
[2026-01-24 17:36:23,432] [INFO] Model initialized on device: cuda:0
[2026-01-24 17:36:23,432] [INFO] [CLIENT INIT] Mode=SKH | Sparsity=ON (UsedSparsity=0.6) | Clusters=ON (UsedClusters=32) | EnvSparsityCfg={'Conv': 0.6, 'Linear': 0.6, 'Bias': 0.0, 'BatchNorm': 0.0} | EnvNClusters=32
[2026-01-24 17:36:23,433] [INFO] Model initialized on device: cuda:0
[2026-01-24 17:36:23,433] [INFO] Model initialized on device: cuda:0
[2026-01-24 17:36:23,433] [INFO] [CLIENT INIT] Mode=SKH | Sparsity=ON (UsedSparsity=0.6) | Clusters=ON (UsedClusters=32) | EnvSparsityCfg={'Conv': 0.6, 'Linear': 0.6, 'Bias': 0.0, 'BatchNorm': 0.0} | EnvNClusters=32
[2026-01-24 17:36:23,433] [INFO] [CLIENT INIT] Mode=SKH | Sparsity=ON (UsedSparsity=0.6) | Clusters=ON (UsedClusters=32) | EnvSparsityCfg={'Conv': 0.6, 'Linear': 0.6, 'Bias': 0.0, 'BatchNorm': 0.0} | EnvNClusters=32
[2026-01-24 17:36:23,619] [INFO] Model initialized on device: cuda:0
[2026-01-24 17:36:23,619] [INFO] [CLIENT INIT] Mode=SKH | Sparsity=ON (UsedSparsity=0.6) | Clusters=ON (UsedClusters=32) | EnvSparsityCfg={'Conv': 0.6, 'Linear': 0.6, 'Bias': 0.0, 'BatchNorm': 0.0} | EnvNClusters=32
[2026-01-24 17:36:24,130] [INFO] Model initialized on device: cuda:0
[2026-01-24 17:36:24,130] [INFO] [CLIENT INIT] Mode=SKH | Sparsity=ON (UsedSparsity=0.6) | Clusters=ON (UsedClusters=32) | EnvSparsityCfg={'Conv': 0.6, 'Linear': 0.6, 'Bias': 0.0, 'BatchNorm': 0.0} | EnvNClusters=32
[2026-01-24 17:36:24,144] [INFO] Model initialized on device: cuda:0
[2026-01-24 17:36:24,145] [INFO] [CLIENT INIT] Mode=SKH | Sparsity=ON (UsedSparsity=0.6) | Clusters=ON (UsedClusters=32) | EnvSparsityCfg={'Conv': 0.6, 'Linear': 0.6, 'Bias': 0.0, 'BatchNorm': 0.0} | EnvNClusters=32
[2026-01-24 17:36:24,832] [INFO] Model initialized on device: cuda:0
[2026-01-24 17:36:24,833] [INFO] [CLIENT INIT] Mode=SKH | Sparsity=ON (UsedSparsity=0.6) | Clusters=ON (UsedClusters=32) | EnvSparsityCfg={'Conv': 0.6, 'Linear': 0.6, 'Bias': 0.0, 'BatchNorm': 0.0} | EnvNClusters=32
[2026-01-24 17:36:24,843] [INFO] Model initialized on device: cuda:0
[2026-01-24 17:36:24,843] [INFO] [CLIENT INIT] Mode=SKH | Sparsity=ON (UsedSparsity=0.6) | Clusters=ON (UsedClusters=32) | EnvSparsityCfg={'Conv': 0.6, 'Linear': 0.6, 'Bias': 0.0, 'BatchNorm': 0.0} | EnvNClusters=32
[2026-01-24 17:36:24,859] [INFO] Model initialized on device: cuda:0
[2026-01-24 17:36:24,859] [INFO] [CLIENT INIT] Mode=SKH | Sparsity=ON (UsedSparsity=0.6) | Clusters=ON (UsedClusters=32) | EnvSparsityCfg={'Conv': 0.6, 'Linear': 0.6, 'Bias': 0.0, 'BatchNorm': 0.0} | EnvNClusters=32
[2026-01-24 17:36:24,872] [INFO] Model initialized on device: cuda:0
[2026-01-24 17:36:24,872] [INFO] [CLIENT INIT] Mode=SKH | Sparsity=ON (UsedSparsity=0.6) | Clusters=ON (UsedClusters=32) | EnvSparsityCfg={'Conv': 0.6, 'Linear': 0.6, 'Bias': 0.0, 'BatchNorm': 0.0} | EnvNClusters=32
[2026-01-24 17:36:27,797] [DEBUG] [TEST] Batch 1 | Pred shape: torch.Size([256, 256, 160]) | Label shape: torch.Size([256, 256, 160])
[2026-01-24 17:36:27,857] [DEBUG] [TEST] Batch 2 | Pred shape: torch.Size([256, 256, 160]) | Label shape: torch.Size([256, 256, 160])
[2026-01-24 17:36:27,915] [DEBUG] [TEST] Batch 3 | Pred shape: torch.Size([256, 256, 160]) | Label shape: torch.Size([256, 256, 160])
[2026-01-24 17:36:27,979] [DEBUG] [TEST] Batch 4 | Pred shape: torch.Size([256, 256, 160]) | Label shape: torch.Size([256, 256, 160])
[2026-01-24 17:36:28,034] [DEBUG] [TEST] Batch 5 | Pred shape: torch.Size([256, 256, 160]) | Label shape: torch.Size([256, 256, 160])
[2026-01-24 17:36:28,333] [DEBUG] [TEST] Batch 6 | Pred shape: torch.Size([256, 256, 160]) | Label shape: torch.Size([256, 256, 160])
[2026-01-24 17:36:28,389] [DEBUG] [TEST] Batch 7 | Pred shape: torch.Size([256, 256, 160]) | Label shape: torch.Size([256, 256, 160])
[2026-01-24 17:36:28,444] [DEBUG] [TEST] Batch 8 | Pred shape: torch.Size([256, 256, 160]) | Label shape: torch.Size([256, 256, 160])
[2026-01-24 17:36:28,499] [DEBUG] [TEST] Batch 9 | Pred shape: torch.Size([256, 256, 160]) | Label shape: torch.Size([256, 256, 160])
[2026-01-24 17:36:28,554] [DEBUG] [TEST] Batch 10 | Pred shape: torch.Size([256, 256, 160]) | Label shape: torch.Size([256, 256, 160])
[2026-01-24 17:36:31,713] [INFO] [FIT] Final model saved to: Revision2/Run_UNET_IID_SKHC32S60_20260124/Client2/model_final.pth
[2026-01-24 17:36:40,709] [INFO] [COMM][CLIENT] Round=-1 Mode=SKH UsedSparsity=0.6 UsedClusters=32 BaselineBits=154016352.0 CompressedBits=45535290.2 CR=3.382
[2026-01-24 17:37:11,437] [INFO] [EVALUATE] Starting evaluation...
[2026-01-24 17:37:12,518] [INFO] [DEBUG] Loaded compressed decoded weights.
[2026-01-24 17:38:19,566] [INFO] Model initialized on device: cuda:0
[2026-01-24 17:38:19,566] [INFO] [CLIENT INIT] Mode=SKH | Sparsity=ON (UsedSparsity=0.6) | Clusters=ON (UsedClusters=32) | EnvSparsityCfg={'Conv': 0.6, 'Linear': 0.6, 'Bias': 0.0, 'BatchNorm': 0.0} | EnvNClusters=32
[2026-01-24 17:38:20,246] [INFO] Model initialized on device: cuda:0
[2026-01-24 17:38:20,246] [INFO] [CLIENT INIT] Mode=SKH | Sparsity=ON (UsedSparsity=0.6) | Clusters=ON (UsedClusters=32) | EnvSparsityCfg={'Conv': 0.6, 'Linear': 0.6, 'Bias': 0.0, 'BatchNorm': 0.0} | EnvNClusters=32
[2026-01-24 17:38:20,246] [INFO] Model initialized on device: cuda:0
[2026-01-24 17:38:20,246] [INFO] [CLIENT INIT] Mode=SKH | Sparsity=ON (UsedSparsity=0.6) | Clusters=ON (UsedClusters=32) | EnvSparsityCfg={'Conv': 0.6, 'Linear': 0.6, 'Bias': 0.0, 'BatchNorm': 0.0} | EnvNClusters=32
[2026-01-24 17:38:20,263] [INFO] Model initialized on device: cuda:0
[2026-01-24 17:38:20,263] [INFO] [CLIENT INIT] Mode=SKH | Sparsity=ON (UsedSparsity=0.6) | Clusters=ON (UsedClusters=32) | EnvSparsityCfg={'Conv': 0.6, 'Linear': 0.6, 'Bias': 0.0, 'BatchNorm': 0.0} | EnvNClusters=32
[2026-01-24 17:38:20,797] [INFO] Model initialized on device: cuda:0
[2026-01-24 17:38:20,798] [INFO] [CLIENT INIT] Mode=SKH | Sparsity=ON (UsedSparsity=0.6) | Clusters=ON (UsedClusters=32) | EnvSparsityCfg={'Conv': 0.6, 'Linear': 0.6, 'Bias': 0.0, 'BatchNorm': 0.0} | EnvNClusters=32
[2026-01-24 17:38:22,267] [INFO] Model initialized on device: cuda:0
[2026-01-24 17:38:22,267] [INFO] [CLIENT INIT] Mode=SKH | Sparsity=ON (UsedSparsity=0.6) | Clusters=ON (UsedClusters=32) | EnvSparsityCfg={'Conv': 0.6, 'Linear': 0.6, 'Bias': 0.0, 'BatchNorm': 0.0} | EnvNClusters=32
[2026-01-24 17:38:22,511] [INFO] Model initialized on device: cuda:0
[2026-01-24 17:38:22,511] [INFO] [CLIENT INIT] Mode=SKH | Sparsity=ON (UsedSparsity=0.6) | Clusters=ON (UsedClusters=32) | EnvSparsityCfg={'Conv': 0.6, 'Linear': 0.6, 'Bias': 0.0, 'BatchNorm': 0.0} | EnvNClusters=32
[2026-01-24 17:38:22,532] [INFO] Model initialized on device: cuda:0
[2026-01-24 17:38:22,532] [INFO] [CLIENT INIT] Mode=SKH | Sparsity=ON (UsedSparsity=0.6) | Clusters=ON (UsedClusters=32) | EnvSparsityCfg={'Conv': 0.6, 'Linear': 0.6, 'Bias': 0.0, 'BatchNorm': 0.0} | EnvNClusters=32
[2026-01-24 17:38:22,720] [INFO] Model initialized on device: cuda:0
[2026-01-24 17:38:22,720] [INFO] [CLIENT INIT] Mode=SKH | Sparsity=ON (UsedSparsity=0.6) | Clusters=ON (UsedClusters=32) | EnvSparsityCfg={'Conv': 0.6, 'Linear': 0.6, 'Bias': 0.0, 'BatchNorm': 0.0} | EnvNClusters=32
[2026-01-24 17:38:22,749] [INFO] Model initialized on device: cuda:0
[2026-01-24 17:38:22,750] [INFO] [CLIENT INIT] Mode=SKH | Sparsity=ON (UsedSparsity=0.6) | Clusters=ON (UsedClusters=32) | EnvSparsityCfg={'Conv': 0.6, 'Linear': 0.6, 'Bias': 0.0, 'BatchNorm': 0.0} | EnvNClusters=32
[2026-01-24 17:38:22,919] [DEBUG] [TEST] Batch 1 | Pred shape: torch.Size([256, 256, 160]) | Label shape: torch.Size([256, 256, 160])
[2026-01-24 17:38:24,948] [DEBUG] [TEST] Batch 2 | Pred shape: torch.Size([256, 256, 160]) | Label shape: torch.Size([256, 256, 160])
[2026-01-24 17:38:25,047] [DEBUG] [TEST] Batch 3 | Pred shape: torch.Size([256, 256, 160]) | Label shape: torch.Size([256, 256, 160])
[2026-01-24 17:38:25,149] [DEBUG] [TEST] Batch 4 | Pred shape: torch.Size([256, 256, 160]) | Label shape: torch.Size([256, 256, 160])
[2026-01-24 17:38:25,249] [DEBUG] [TEST] Batch 5 | Pred shape: torch.Size([256, 256, 160]) | Label shape: torch.Size([256, 256, 160])
[2026-01-24 17:38:27,531] [DEBUG] [TEST] Batch 6 | Pred shape: torch.Size([256, 256, 160]) | Label shape: torch.Size([256, 256, 160])
[2026-01-24 17:38:27,715] [DEBUG] [TEST] Batch 7 | Pred shape: torch.Size([256, 256, 160]) | Label shape: torch.Size([256, 256, 160])
[2026-01-24 17:38:28,307] [DEBUG] [TEST] Batch 8 | Pred shape: torch.Size([256, 256, 160]) | Label shape: torch.Size([256, 256, 160])
[2026-01-24 17:38:28,426] [DEBUG] [TEST] Batch 9 | Pred shape: torch.Size([256, 256, 160]) | Label shape: torch.Size([256, 256, 160])
[2026-01-24 17:38:28,546] [DEBUG] [TEST] Batch 10 | Pred shape: torch.Size([256, 256, 160]) | Label shape: torch.Size([256, 256, 160])
[2026-01-24 17:38:34,637] [INFO] [EVALUATE] Dice WT: 0.5203
[2026-01-24 17:38:38,611] [INFO] [FIT] Received parameters. Starting local training...
[2026-01-24 17:38:39,709] [INFO] [DEBUG] Loaded compressed decoded weights.
[2026-01-24 17:39:50,201] [INFO] Model initialized on device: cuda:0
[2026-01-24 17:39:50,201] [INFO] [CLIENT INIT] Mode=SKH | Sparsity=ON (UsedSparsity=0.6) | Clusters=ON (UsedClusters=32) | EnvSparsityCfg={'Conv': 0.6, 'Linear': 0.6, 'Bias': 0.0, 'BatchNorm': 0.0} | EnvNClusters=32
[2026-01-24 17:39:50,395] [INFO] Model initialized on device: cuda:0
[2026-01-24 17:39:50,395] [INFO] [CLIENT INIT] Mode=SKH | Sparsity=ON (UsedSparsity=0.6) | Clusters=ON (UsedClusters=32) | EnvSparsityCfg={'Conv': 0.6, 'Linear': 0.6, 'Bias': 0.0, 'BatchNorm': 0.0} | EnvNClusters=32
[2026-01-24 17:39:50,526] [INFO] Model initialized on device: cuda:0
[2026-01-24 17:39:50,526] [INFO] [CLIENT INIT] Mode=SKH | Sparsity=ON (UsedSparsity=0.6) | Clusters=ON (UsedClusters=32) | EnvSparsityCfg={'Conv': 0.6, 'Linear': 0.6, 'Bias': 0.0, 'BatchNorm': 0.0} | EnvNClusters=32
[2026-01-24 17:39:51,217] [INFO] Model initialized on device: cuda:0
[2026-01-24 17:39:51,218] [INFO] [CLIENT INIT] Mode=SKH | Sparsity=ON (UsedSparsity=0.6) | Clusters=ON (UsedClusters=32) | EnvSparsityCfg={'Conv': 0.6, 'Linear': 0.6, 'Bias': 0.0, 'BatchNorm': 0.0} | EnvNClusters=32
[2026-01-24 17:39:51,634] [INFO] Model initialized on device: cuda:0
[2026-01-24 17:39:51,634] [INFO] [CLIENT INIT] Mode=SKH | Sparsity=ON (UsedSparsity=0.6) | Clusters=ON (UsedClusters=32) | EnvSparsityCfg={'Conv': 0.6, 'Linear': 0.6, 'Bias': 0.0, 'BatchNorm': 0.0} | EnvNClusters=32
[2026-01-24 17:39:51,714] [INFO] Model initialized on device: cuda:0
[2026-01-24 17:39:51,714] [INFO] [CLIENT INIT] Mode=SKH | Sparsity=ON (UsedSparsity=0.6) | Clusters=ON (UsedClusters=32) | EnvSparsityCfg={'Conv': 0.6, 'Linear': 0.6, 'Bias': 0.0, 'BatchNorm': 0.0} | EnvNClusters=32
[2026-01-24 17:39:51,811] [INFO] Model initialized on device: cuda:0
[2026-01-24 17:39:51,812] [INFO] [CLIENT INIT] Mode=SKH | Sparsity=ON (UsedSparsity=0.6) | Clusters=ON (UsedClusters=32) | EnvSparsityCfg={'Conv': 0.6, 'Linear': 0.6, 'Bias': 0.0, 'BatchNorm': 0.0} | EnvNClusters=32
[2026-01-24 17:39:51,827] [INFO] Model initialized on device: cuda:0
[2026-01-24 17:39:51,827] [INFO] [CLIENT INIT] Mode=SKH | Sparsity=ON (UsedSparsity=0.6) | Clusters=ON (UsedClusters=32) | EnvSparsityCfg={'Conv': 0.6, 'Linear': 0.6, 'Bias': 0.0, 'BatchNorm': 0.0} | EnvNClusters=32
[2026-01-24 17:39:51,843] [INFO] Model initialized on device: cuda:0
[2026-01-24 17:39:51,843] [INFO] [CLIENT INIT] Mode=SKH | Sparsity=ON (UsedSparsity=0.6) | Clusters=ON (UsedClusters=32) | EnvSparsityCfg={'Conv': 0.6, 'Linear': 0.6, 'Bias': 0.0, 'BatchNorm': 0.0} | EnvNClusters=32
[2026-01-24 17:39:51,912] [INFO] Model initialized on device: cuda:0
[2026-01-24 17:39:51,913] [INFO] [CLIENT INIT] Mode=SKH | Sparsity=ON (UsedSparsity=0.6) | Clusters=ON (UsedClusters=32) | EnvSparsityCfg={'Conv': 0.6, 'Linear': 0.6, 'Bias': 0.0, 'BatchNorm': 0.0} | EnvNClusters=32
[2026-01-24 17:41:04,870] [INFO] [TRAIN] Epoch 1 Loss: 0.9853
[2026-01-24 17:42:09,253] [INFO] Model initialized on device: cuda:0
[2026-01-24 17:42:09,253] [INFO] [CLIENT INIT] Mode=SKH | Sparsity=ON (UsedSparsity=0.6) | Clusters=ON (UsedClusters=32) | EnvSparsityCfg={'Conv': 0.6, 'Linear': 0.6, 'Bias': 0.0, 'BatchNorm': 0.0} | EnvNClusters=32
[2026-01-24 17:42:09,917] [INFO] Model initialized on device: cuda:0
[2026-01-24 17:42:09,917] [INFO] [CLIENT INIT] Mode=SKH | Sparsity=ON (UsedSparsity=0.6) | Clusters=ON (UsedClusters=32) | EnvSparsityCfg={'Conv': 0.6, 'Linear': 0.6, 'Bias': 0.0, 'BatchNorm': 0.0} | EnvNClusters=32
[2026-01-24 17:42:11,039] [INFO] Model initialized on device: cuda:0
[2026-01-24 17:42:11,039] [INFO] [CLIENT INIT] Mode=SKH | Sparsity=ON (UsedSparsity=0.6) | Clusters=ON (UsedClusters=32) | EnvSparsityCfg={'Conv': 0.6, 'Linear': 0.6, 'Bias': 0.0, 'BatchNorm': 0.0} | EnvNClusters=32
[2026-01-24 17:42:11,414] [INFO] Model initialized on device: cuda:0
[2026-01-24 17:42:11,414] [INFO] [CLIENT INIT] Mode=SKH | Sparsity=ON (UsedSparsity=0.6) | Clusters=ON (UsedClusters=32) | EnvSparsityCfg={'Conv': 0.6, 'Linear': 0.6, 'Bias': 0.0, 'BatchNorm': 0.0} | EnvNClusters=32
[2026-01-24 17:42:11,709] [INFO] Model initialized on device: cuda:0
[2026-01-24 17:42:11,709] [INFO] [CLIENT INIT] Mode=SKH | Sparsity=ON (UsedSparsity=0.6) | Clusters=ON (UsedClusters=32) | EnvSparsityCfg={'Conv': 0.6, 'Linear': 0.6, 'Bias': 0.0, 'BatchNorm': 0.0} | EnvNClusters=32
[2026-01-24 17:42:12,408] [INFO] Model initialized on device: cuda:0
[2026-01-24 17:42:12,408] [INFO] [CLIENT INIT] Mode=SKH | Sparsity=ON (UsedSparsity=0.6) | Clusters=ON (UsedClusters=32) | EnvSparsityCfg={'Conv': 0.6, 'Linear': 0.6, 'Bias': 0.0, 'BatchNorm': 0.0} | EnvNClusters=32
[2026-01-24 17:42:12,710] [INFO] Model initialized on device: cuda:0
[2026-01-24 17:42:12,710] [INFO] [CLIENT INIT] Mode=SKH | Sparsity=ON (UsedSparsity=0.6) | Clusters=ON (UsedClusters=32) | EnvSparsityCfg={'Conv': 0.6, 'Linear': 0.6, 'Bias': 0.0, 'BatchNorm': 0.0} | EnvNClusters=32
[2026-01-24 17:42:12,729] [INFO] Model initialized on device: cuda:0
[2026-01-24 17:42:12,730] [INFO] [CLIENT INIT] Mode=SKH | Sparsity=ON (UsedSparsity=0.6) | Clusters=ON (UsedClusters=32) | EnvSparsityCfg={'Conv': 0.6, 'Linear': 0.6, 'Bias': 0.0, 'BatchNorm': 0.0} | EnvNClusters=32
[2026-01-24 17:42:13,022] [INFO] Model initialized on device: cuda:0
[2026-01-24 17:42:13,023] [INFO] [CLIENT INIT] Mode=SKH | Sparsity=ON (UsedSparsity=0.6) | Clusters=ON (UsedClusters=32) | EnvSparsityCfg={'Conv': 0.6, 'Linear': 0.6, 'Bias': 0.0, 'BatchNorm': 0.0} | EnvNClusters=32
[2026-01-24 17:42:13,108] [INFO] Model initialized on device: cuda:0
[2026-01-24 17:42:13,108] [INFO] [CLIENT INIT] Mode=SKH | Sparsity=ON (UsedSparsity=0.6) | Clusters=ON (UsedClusters=32) | EnvSparsityCfg={'Conv': 0.6, 'Linear': 0.6, 'Bias': 0.0, 'BatchNorm': 0.0} | EnvNClusters=32
[2026-01-24 17:43:22,472] [INFO] [TRAIN] Epoch 2 Loss: 0.9850
[2026-01-24 17:44:29,116] [INFO] Model initialized on device: cuda:0
[2026-01-24 17:44:29,116] [INFO] [CLIENT INIT] Mode=SKH | Sparsity=ON (UsedSparsity=0.6) | Clusters=ON (UsedClusters=32) | EnvSparsityCfg={'Conv': 0.6, 'Linear': 0.6, 'Bias': 0.0, 'BatchNorm': 0.0} | EnvNClusters=32
[2026-01-24 17:44:29,911] [INFO] Model initialized on device: cuda:0
[2026-01-24 17:44:29,911] [INFO] [CLIENT INIT] Mode=SKH | Sparsity=ON (UsedSparsity=0.6) | Clusters=ON (UsedClusters=32) | EnvSparsityCfg={'Conv': 0.6, 'Linear': 0.6, 'Bias': 0.0, 'BatchNorm': 0.0} | EnvNClusters=32
[2026-01-24 17:44:30,123] [INFO] Model initialized on device: cuda:0
[2026-01-24 17:44:30,123] [INFO] [CLIENT INIT] Mode=SKH | Sparsity=ON (UsedSparsity=0.6) | Clusters=ON (UsedClusters=32) | EnvSparsityCfg={'Conv': 0.6, 'Linear': 0.6, 'Bias': 0.0, 'BatchNorm': 0.0} | EnvNClusters=32
[2026-01-24 17:44:30,240] [INFO] Model initialized on device: cuda:0
[2026-01-24 17:44:30,241] [INFO] [CLIENT INIT] Mode=SKH | Sparsity=ON (UsedSparsity=0.6) | Clusters=ON (UsedClusters=32) | EnvSparsityCfg={'Conv': 0.6, 'Linear': 0.6, 'Bias': 0.0, 'BatchNorm': 0.0} | EnvNClusters=32
[2026-01-24 17:44:30,309] [INFO] Model initialized on device: cuda:0
[2026-01-24 17:44:30,309] [INFO] [CLIENT INIT] Mode=SKH | Sparsity=ON (UsedSparsity=0.6) | Clusters=ON (UsedClusters=32) | EnvSparsityCfg={'Conv': 0.6, 'Linear': 0.6, 'Bias': 0.0, 'BatchNorm': 0.0} | EnvNClusters=32
[2026-01-24 17:44:30,330] [INFO] Model initialized on device: cuda:0
[2026-01-24 17:44:30,330] [INFO] [CLIENT INIT] Mode=SKH | Sparsity=ON (UsedSparsity=0.6) | Clusters=ON (UsedClusters=32) | EnvSparsityCfg={'Conv': 0.6, 'Linear': 0.6, 'Bias': 0.0, 'BatchNorm': 0.0} | EnvNClusters=32
[2026-01-24 17:44:30,333] [INFO] Model initialized on device: cuda:0
[2026-01-24 17:44:30,334] [INFO] [CLIENT INIT] Mode=SKH | Sparsity=ON (UsedSparsity=0.6) | Clusters=ON (UsedClusters=32) | EnvSparsityCfg={'Conv': 0.6, 'Linear': 0.6, 'Bias': 0.0, 'BatchNorm': 0.0} | EnvNClusters=32
[2026-01-24 17:44:30,335] [INFO] Model initialized on device: cuda:0
[2026-01-24 17:44:30,335] [INFO] [CLIENT INIT] Mode=SKH | Sparsity=ON (UsedSparsity=0.6) | Clusters=ON (UsedClusters=32) | EnvSparsityCfg={'Conv': 0.6, 'Linear': 0.6, 'Bias': 0.0, 'BatchNorm': 0.0} | EnvNClusters=32
[2026-01-24 17:44:30,336] [INFO] Model initialized on device: cuda:0
[2026-01-24 17:44:30,336] [INFO] [CLIENT INIT] Mode=SKH | Sparsity=ON (UsedSparsity=0.6) | Clusters=ON (UsedClusters=32) | EnvSparsityCfg={'Conv': 0.6, 'Linear': 0.6, 'Bias': 0.0, 'BatchNorm': 0.0} | EnvNClusters=32
[2026-01-24 17:44:30,336] [INFO] Model initialized on device: cuda:0
[2026-01-24 17:44:30,336] [INFO] [CLIENT INIT] Mode=SKH | Sparsity=ON (UsedSparsity=0.6) | Clusters=ON (UsedClusters=32) | EnvSparsityCfg={'Conv': 0.6, 'Linear': 0.6, 'Bias': 0.0, 'BatchNorm': 0.0} | EnvNClusters=32
[2026-01-24 17:45:40,911] [INFO] [TRAIN] Epoch 3 Loss: 0.9846
[2026-01-24 17:46:47,013] [INFO] Model initialized on device: cuda:0
[2026-01-24 17:46:47,014] [INFO] [CLIENT INIT] Mode=SKH | Sparsity=ON (UsedSparsity=0.6) | Clusters=ON (UsedClusters=32) | EnvSparsityCfg={'Conv': 0.6, 'Linear': 0.6, 'Bias': 0.0, 'BatchNorm': 0.0} | EnvNClusters=32
[2026-01-24 17:46:47,408] [INFO] Model initialized on device: cuda:0
[2026-01-24 17:46:47,408] [INFO] [CLIENT INIT] Mode=SKH | Sparsity=ON (UsedSparsity=0.6) | Clusters=ON (UsedClusters=32) | EnvSparsityCfg={'Conv': 0.6, 'Linear': 0.6, 'Bias': 0.0, 'BatchNorm': 0.0} | EnvNClusters=32
[2026-01-24 17:46:47,608] [INFO] Model initialized on device: cuda:0
[2026-01-24 17:46:47,608] [INFO] [CLIENT INIT] Mode=SKH | Sparsity=ON (UsedSparsity=0.6) | Clusters=ON (UsedClusters=32) | EnvSparsityCfg={'Conv': 0.6, 'Linear': 0.6, 'Bias': 0.0, 'BatchNorm': 0.0} | EnvNClusters=32
[2026-01-24 17:46:47,715] [INFO] Model initialized on device: cuda:0
[2026-01-24 17:46:47,715] [INFO] [CLIENT INIT] Mode=SKH | Sparsity=ON (UsedSparsity=0.6) | Clusters=ON (UsedClusters=32) | EnvSparsityCfg={'Conv': 0.6, 'Linear': 0.6, 'Bias': 0.0, 'BatchNorm': 0.0} | EnvNClusters=32
[2026-01-24 17:46:47,923] [INFO] Model initialized on device: cuda:0
[2026-01-24 17:46:47,923] [INFO] [CLIENT INIT] Mode=SKH | Sparsity=ON (UsedSparsity=0.6) | Clusters=ON (UsedClusters=32) | EnvSparsityCfg={'Conv': 0.6, 'Linear': 0.6, 'Bias': 0.0, 'BatchNorm': 0.0} | EnvNClusters=32
[2026-01-24 17:46:47,935] [INFO] Model initialized on device: cuda:0
[2026-01-24 17:46:47,935] [INFO] [CLIENT INIT] Mode=SKH | Sparsity=ON (UsedSparsity=0.6) | Clusters=ON (UsedClusters=32) | EnvSparsityCfg={'Conv': 0.6, 'Linear': 0.6, 'Bias': 0.0, 'BatchNorm': 0.0} | EnvNClusters=32
[2026-01-24 17:46:48,316] [INFO] Model initialized on device: cuda:0
[2026-01-24 17:46:48,316] [INFO] [CLIENT INIT] Mode=SKH | Sparsity=ON (UsedSparsity=0.6) | Clusters=ON (UsedClusters=32) | EnvSparsityCfg={'Conv': 0.6, 'Linear': 0.6, 'Bias': 0.0, 'BatchNorm': 0.0} | EnvNClusters=32
[2026-01-24 17:46:48,614] [INFO] Model initialized on device: cuda:0
[2026-01-24 17:46:48,614] [INFO] Model initialized on device: cuda:0
[2026-01-24 17:46:48,615] [INFO] [CLIENT INIT] Mode=SKH | Sparsity=ON (UsedSparsity=0.6) | Clusters=ON (UsedClusters=32) | EnvSparsityCfg={'Conv': 0.6, 'Linear': 0.6, 'Bias': 0.0, 'BatchNorm': 0.0} | EnvNClusters=32
[2026-01-24 17:46:48,615] [INFO] [CLIENT INIT] Mode=SKH | Sparsity=ON (UsedSparsity=0.6) | Clusters=ON (UsedClusters=32) | EnvSparsityCfg={'Conv': 0.6, 'Linear': 0.6, 'Bias': 0.0, 'BatchNorm': 0.0} | EnvNClusters=32
[2026-01-24 17:46:48,622] [INFO] Model initialized on device: cuda:0
[2026-01-24 17:46:48,622] [INFO] [CLIENT INIT] Mode=SKH | Sparsity=ON (UsedSparsity=0.6) | Clusters=ON (UsedClusters=32) | EnvSparsityCfg={'Conv': 0.6, 'Linear': 0.6, 'Bias': 0.0, 'BatchNorm': 0.0} | EnvNClusters=32
[2026-01-24 17:47:55,215] [INFO] [TRAIN] Epoch 4 Loss: 0.9844
[2026-01-24 17:48:53,363] [INFO] Model initialized on device: cuda:0
[2026-01-24 17:48:53,364] [INFO] [CLIENT INIT] Mode=SKH | Sparsity=ON (UsedSparsity=0.6) | Clusters=ON (UsedClusters=32) | EnvSparsityCfg={'Conv': 0.6, 'Linear': 0.6, 'Bias': 0.0, 'BatchNorm': 0.0} | EnvNClusters=32
[2026-01-24 17:48:54,625] [INFO] Model initialized on device: cuda:0
[2026-01-24 17:48:54,625] [INFO] [CLIENT INIT] Mode=SKH | Sparsity=ON (UsedSparsity=0.6) | Clusters=ON (UsedClusters=32) | EnvSparsityCfg={'Conv': 0.6, 'Linear': 0.6, 'Bias': 0.0, 'BatchNorm': 0.0} | EnvNClusters=32
[2026-01-24 17:48:55,024] [INFO] Model initialized on device: cuda:0
[2026-01-24 17:48:55,025] [INFO] [CLIENT INIT] Mode=SKH | Sparsity=ON (UsedSparsity=0.6) | Clusters=ON (UsedClusters=32) | EnvSparsityCfg={'Conv': 0.6, 'Linear': 0.6, 'Bias': 0.0, 'BatchNorm': 0.0} | EnvNClusters=32
[2026-01-24 17:48:55,121] [INFO] Model initialized on device: cuda:0
[2026-01-24 17:48:55,122] [INFO] [CLIENT INIT] Mode=SKH | Sparsity=ON (UsedSparsity=0.6) | Clusters=ON (UsedClusters=32) | EnvSparsityCfg={'Conv': 0.6, 'Linear': 0.6, 'Bias': 0.0, 'BatchNorm': 0.0} | EnvNClusters=32
[2026-01-24 17:48:56,528] [INFO] Model initialized on device: cuda:0
[2026-01-24 17:48:56,528] [INFO] [CLIENT INIT] Mode=SKH | Sparsity=ON (UsedSparsity=0.6) | Clusters=ON (UsedClusters=32) | EnvSparsityCfg={'Conv': 0.6, 'Linear': 0.6, 'Bias': 0.0, 'BatchNorm': 0.0} | EnvNClusters=32
[2026-01-24 17:48:56,827] [INFO] Model initialized on device: cuda:0
[2026-01-24 17:48:56,827] [INFO] [CLIENT INIT] Mode=SKH | Sparsity=ON (UsedSparsity=0.6) | Clusters=ON (UsedClusters=32) | EnvSparsityCfg={'Conv': 0.6, 'Linear': 0.6, 'Bias': 0.0, 'BatchNorm': 0.0} | EnvNClusters=32
[2026-01-24 17:48:56,841] [INFO] Model initialized on device: cuda:0
[2026-01-24 17:48:56,841] [INFO] [CLIENT INIT] Mode=SKH | Sparsity=ON (UsedSparsity=0.6) | Clusters=ON (UsedClusters=32) | EnvSparsityCfg={'Conv': 0.6, 'Linear': 0.6, 'Bias': 0.0, 'BatchNorm': 0.0} | EnvNClusters=32
[2026-01-24 17:48:56,923] [INFO] Model initialized on device: cuda:0
[2026-01-24 17:48:56,923] [INFO] [CLIENT INIT] Mode=SKH | Sparsity=ON (UsedSparsity=0.6) | Clusters=ON (UsedClusters=32) | EnvSparsityCfg={'Conv': 0.6, 'Linear': 0.6, 'Bias': 0.0, 'BatchNorm': 0.0} | EnvNClusters=32
[2026-01-24 17:48:56,925] [INFO] Model initialized on device: cuda:0
[2026-01-24 17:48:56,925] [INFO] [CLIENT INIT] Mode=SKH | Sparsity=ON (UsedSparsity=0.6) | Clusters=ON (UsedClusters=32) | EnvSparsityCfg={'Conv': 0.6, 'Linear': 0.6, 'Bias': 0.0, 'BatchNorm': 0.0} | EnvNClusters=32
[2026-01-24 17:48:56,942] [INFO] Model initialized on device: cuda:0
[2026-01-24 17:48:56,943] [INFO] [CLIENT INIT] Mode=SKH | Sparsity=ON (UsedSparsity=0.6) | Clusters=ON (UsedClusters=32) | EnvSparsityCfg={'Conv': 0.6, 'Linear': 0.6, 'Bias': 0.0, 'BatchNorm': 0.0} | EnvNClusters=32
[2026-01-24 17:49:58,914] [INFO] [TRAIN] Epoch 5 Loss: 0.9836
[2026-01-24 17:49:58,914] [INFO] [FIT] Local training finished. Avg Loss: 0.9846
[2026-01-24 17:50:31,189] [INFO] Model initialized on device: cuda:0
[2026-01-24 17:50:31,189] [INFO] [CLIENT INIT] Mode=SKH | Sparsity=ON (UsedSparsity=0.6) | Clusters=ON (UsedClusters=32) | EnvSparsityCfg={'Conv': 0.6, 'Linear': 0.6, 'Bias': 0.0, 'BatchNorm': 0.0} | EnvNClusters=32
[2026-01-24 17:50:31,318] [INFO] Model initialized on device: cuda:0
[2026-01-24 17:50:31,318] [INFO] [CLIENT INIT] Mode=SKH | Sparsity=ON (UsedSparsity=0.6) | Clusters=ON (UsedClusters=32) | EnvSparsityCfg={'Conv': 0.6, 'Linear': 0.6, 'Bias': 0.0, 'BatchNorm': 0.0} | EnvNClusters=32
[2026-01-24 17:50:31,373] [INFO] Model initialized on device: cuda:0
[2026-01-24 17:50:31,373] [INFO] [CLIENT INIT] Mode=SKH | Sparsity=ON (UsedSparsity=0.6) | Clusters=ON (UsedClusters=32) | EnvSparsityCfg={'Conv': 0.6, 'Linear': 0.6, 'Bias': 0.0, 'BatchNorm': 0.0} | EnvNClusters=32
[2026-01-24 17:50:31,577] [INFO] Model initialized on device: cuda:0
[2026-01-24 17:50:31,578] [INFO] [CLIENT INIT] Mode=SKH | Sparsity=ON (UsedSparsity=0.6) | Clusters=ON (UsedClusters=32) | EnvSparsityCfg={'Conv': 0.6, 'Linear': 0.6, 'Bias': 0.0, 'BatchNorm': 0.0} | EnvNClusters=32
[2026-01-24 17:50:31,656] [INFO] Model initialized on device: cuda:0
[2026-01-24 17:50:31,656] [INFO] [CLIENT INIT] Mode=SKH | Sparsity=ON (UsedSparsity=0.6) | Clusters=ON (UsedClusters=32) | EnvSparsityCfg={'Conv': 0.6, 'Linear': 0.6, 'Bias': 0.0, 'BatchNorm': 0.0} | EnvNClusters=32
[2026-01-24 17:50:31,668] [INFO] Model initialized on device: cuda:0
[2026-01-24 17:50:31,668] [INFO] [CLIENT INIT] Mode=SKH | Sparsity=ON (UsedSparsity=0.6) | Clusters=ON (UsedClusters=32) | EnvSparsityCfg={'Conv': 0.6, 'Linear': 0.6, 'Bias': 0.0, 'BatchNorm': 0.0} | EnvNClusters=32
[2026-01-24 17:50:31,729] [INFO] Model initialized on device: cuda:0
[2026-01-24 17:50:31,729] [INFO] [CLIENT INIT] Mode=SKH | Sparsity=ON (UsedSparsity=0.6) | Clusters=ON (UsedClusters=32) | EnvSparsityCfg={'Conv': 0.6, 'Linear': 0.6, 'Bias': 0.0, 'BatchNorm': 0.0} | EnvNClusters=32
[2026-01-24 17:50:31,733] [INFO] Model initialized on device: cuda:0
[2026-01-24 17:50:31,733] [INFO] Model initialized on device: cuda:0
[2026-01-24 17:50:31,733] [INFO] [CLIENT INIT] Mode=SKH | Sparsity=ON (UsedSparsity=0.6) | Clusters=ON (UsedClusters=32) | EnvSparsityCfg={'Conv': 0.6, 'Linear': 0.6, 'Bias': 0.0, 'BatchNorm': 0.0} | EnvNClusters=32
[2026-01-24 17:50:31,733] [INFO] [CLIENT INIT] Mode=SKH | Sparsity=ON (UsedSparsity=0.6) | Clusters=ON (UsedClusters=32) | EnvSparsityCfg={'Conv': 0.6, 'Linear': 0.6, 'Bias': 0.0, 'BatchNorm': 0.0} | EnvNClusters=32
[2026-01-24 17:50:31,733] [INFO] Model initialized on device: cuda:0
[2026-01-24 17:50:31,733] [INFO] [CLIENT INIT] Mode=SKH | Sparsity=ON (UsedSparsity=0.6) | Clusters=ON (UsedClusters=32) | EnvSparsityCfg={'Conv': 0.6, 'Linear': 0.6, 'Bias': 0.0, 'BatchNorm': 0.0} | EnvNClusters=32
[2026-01-24 17:50:35,210] [DEBUG] [TEST] Batch 1 | Pred shape: torch.Size([256, 256, 160]) | Label shape: torch.Size([256, 256, 160])
[2026-01-24 17:50:35,701] [DEBUG] [TEST] Batch 2 | Pred shape: torch.Size([256, 256, 160]) | Label shape: torch.Size([256, 256, 160])
[2026-01-24 17:50:35,777] [DEBUG] [TEST] Batch 3 | Pred shape: torch.Size([256, 256, 160]) | Label shape: torch.Size([256, 256, 160])
[2026-01-24 17:50:35,832] [DEBUG] [TEST] Batch 4 | Pred shape: torch.Size([256, 256, 160]) | Label shape: torch.Size([256, 256, 160])
[2026-01-24 17:50:35,887] [DEBUG] [TEST] Batch 5 | Pred shape: torch.Size([256, 256, 160]) | Label shape: torch.Size([256, 256, 160])
[2026-01-24 17:50:35,951] [DEBUG] [TEST] Batch 6 | Pred shape: torch.Size([256, 256, 160]) | Label shape: torch.Size([256, 256, 160])
[2026-01-24 17:50:36,006] [DEBUG] [TEST] Batch 7 | Pred shape: torch.Size([256, 256, 160]) | Label shape: torch.Size([256, 256, 160])
[2026-01-24 17:50:36,064] [DEBUG] [TEST] Batch 8 | Pred shape: torch.Size([256, 256, 160]) | Label shape: torch.Size([256, 256, 160])
[2026-01-24 17:50:36,126] [DEBUG] [TEST] Batch 9 | Pred shape: torch.Size([256, 256, 160]) | Label shape: torch.Size([256, 256, 160])
[2026-01-24 17:50:36,185] [DEBUG] [TEST] Batch 10 | Pred shape: torch.Size([256, 256, 160]) | Label shape: torch.Size([256, 256, 160])
[2026-01-24 17:50:39,170] [INFO] [FIT] Final model saved to: Revision2/Run_UNET_IID_SKHC32S60_20260124/Client2/model_final.pth
[2026-01-24 17:50:47,774] [INFO] [COMM][CLIENT] Round=-1 Mode=SKH UsedSparsity=0.6 UsedClusters=32 BaselineBits=154016352.0 CompressedBits=45570932.6 CR=3.380
[2026-01-24 17:51:20,918] [INFO] [EVALUATE] Starting evaluation...
[2026-01-24 17:51:22,212] [INFO] [DEBUG] Loaded compressed decoded weights.
[2026-01-24 17:52:23,934] [INFO] Model initialized on device: cuda:0
[2026-01-24 17:52:23,934] [INFO] [CLIENT INIT] Mode=SKH | Sparsity=ON (UsedSparsity=0.6) | Clusters=ON (UsedClusters=32) | EnvSparsityCfg={'Conv': 0.6, 'Linear': 0.6, 'Bias': 0.0, 'BatchNorm': 0.0} | EnvNClusters=32
[2026-01-24 17:52:27,108] [INFO] Model initialized on device: cuda:0
[2026-01-24 17:52:27,109] [INFO] [CLIENT INIT] Mode=SKH | Sparsity=ON (UsedSparsity=0.6) | Clusters=ON (UsedClusters=32) | EnvSparsityCfg={'Conv': 0.6, 'Linear': 0.6, 'Bias': 0.0, 'BatchNorm': 0.0} | EnvNClusters=32
[2026-01-24 17:52:28,185] [INFO] Model initialized on device: cuda:0
[2026-01-24 17:52:28,185] [INFO] [CLIENT INIT] Mode=SKH | Sparsity=ON (UsedSparsity=0.6) | Clusters=ON (UsedClusters=32) | EnvSparsityCfg={'Conv': 0.6, 'Linear': 0.6, 'Bias': 0.0, 'BatchNorm': 0.0} | EnvNClusters=32
[2026-01-24 17:52:28,340] [INFO] Model initialized on device: cuda:0
[2026-01-24 17:52:28,340] [INFO] [CLIENT INIT] Mode=SKH | Sparsity=ON (UsedSparsity=0.6) | Clusters=ON (UsedClusters=32) | EnvSparsityCfg={'Conv': 0.6, 'Linear': 0.6, 'Bias': 0.0, 'BatchNorm': 0.0} | EnvNClusters=32
[2026-01-24 17:52:28,431] [INFO] Model initialized on device: cuda:0
[2026-01-24 17:52:28,431] [INFO] [CLIENT INIT] Mode=SKH | Sparsity=ON (UsedSparsity=0.6) | Clusters=ON (UsedClusters=32) | EnvSparsityCfg={'Conv': 0.6, 'Linear': 0.6, 'Bias': 0.0, 'BatchNorm': 0.0} | EnvNClusters=32
[2026-01-24 17:52:28,481] [INFO] Model initialized on device: cuda:0
[2026-01-24 17:52:28,481] [INFO] [CLIENT INIT] Mode=SKH | Sparsity=ON (UsedSparsity=0.6) | Clusters=ON (UsedClusters=32) | EnvSparsityCfg={'Conv': 0.6, 'Linear': 0.6, 'Bias': 0.0, 'BatchNorm': 0.0} | EnvNClusters=32
[2026-01-24 17:52:28,582] [INFO] Model initialized on device: cuda:0
[2026-01-24 17:52:28,582] [INFO] [CLIENT INIT] Mode=SKH | Sparsity=ON (UsedSparsity=0.6) | Clusters=ON (UsedClusters=32) | EnvSparsityCfg={'Conv': 0.6, 'Linear': 0.6, 'Bias': 0.0, 'BatchNorm': 0.0} | EnvNClusters=32
[2026-01-24 17:52:28,834] [INFO] Model initialized on device: cuda:0
[2026-01-24 17:52:28,834] [INFO] [CLIENT INIT] Mode=SKH | Sparsity=ON (UsedSparsity=0.6) | Clusters=ON (UsedClusters=32) | EnvSparsityCfg={'Conv': 0.6, 'Linear': 0.6, 'Bias': 0.0, 'BatchNorm': 0.0} | EnvNClusters=32
[2026-01-24 17:52:28,911] [INFO] Model initialized on device: cuda:0
[2026-01-24 17:52:28,911] [INFO] [CLIENT INIT] Mode=SKH | Sparsity=ON (UsedSparsity=0.6) | Clusters=ON (UsedClusters=32) | EnvSparsityCfg={'Conv': 0.6, 'Linear': 0.6, 'Bias': 0.0, 'BatchNorm': 0.0} | EnvNClusters=32
[2026-01-24 17:52:29,766] [DEBUG] [TEST] Batch 1 | Pred shape: torch.Size([256, 256, 160]) | Label shape: torch.Size([256, 256, 160])
[2026-01-24 17:52:29,815] [INFO] Model initialized on device: cuda:0
[2026-01-24 17:52:29,816] [INFO] [CLIENT INIT] Mode=SKH | Sparsity=ON (UsedSparsity=0.6) | Clusters=ON (UsedClusters=32) | EnvSparsityCfg={'Conv': 0.6, 'Linear': 0.6, 'Bias': 0.0, 'BatchNorm': 0.0} | EnvNClusters=32
[2026-01-24 17:52:31,734] [DEBUG] [TEST] Batch 2 | Pred shape: torch.Size([256, 256, 160]) | Label shape: torch.Size([256, 256, 160])
[2026-01-24 17:52:31,888] [DEBUG] [TEST] Batch 3 | Pred shape: torch.Size([256, 256, 160]) | Label shape: torch.Size([256, 256, 160])
[2026-01-24 17:52:32,135] [DEBUG] [TEST] Batch 4 | Pred shape: torch.Size([256, 256, 160]) | Label shape: torch.Size([256, 256, 160])
[2026-01-24 17:52:32,277] [DEBUG] [TEST] Batch 5 | Pred shape: torch.Size([256, 256, 160]) | Label shape: torch.Size([256, 256, 160])
[2026-01-24 17:52:32,440] [DEBUG] [TEST] Batch 6 | Pred shape: torch.Size([256, 256, 160]) | Label shape: torch.Size([256, 256, 160])
[2026-01-24 17:52:32,540] [DEBUG] [TEST] Batch 7 | Pred shape: torch.Size([256, 256, 160]) | Label shape: torch.Size([256, 256, 160])
[2026-01-24 17:52:32,813] [DEBUG] [TEST] Batch 8 | Pred shape: torch.Size([256, 256, 160]) | Label shape: torch.Size([256, 256, 160])
[2026-01-24 17:52:32,870] [DEBUG] [TEST] Batch 9 | Pred shape: torch.Size([256, 256, 160]) | Label shape: torch.Size([256, 256, 160])
[2026-01-24 17:52:32,927] [DEBUG] [TEST] Batch 10 | Pred shape: torch.Size([256, 256, 160]) | Label shape: torch.Size([256, 256, 160])
[2026-01-24 17:52:36,864] [INFO] [EVALUATE] Dice WT: 0.4630
[2026-01-24 17:52:43,907] [INFO] [FIT] Received parameters. Starting local training...
[2026-01-24 17:52:45,620] [INFO] [DEBUG] Loaded compressed decoded weights.
[2026-01-24 17:53:53,697] [INFO] Model initialized on device: cuda:0
[2026-01-24 17:53:53,697] [INFO] [CLIENT INIT] Mode=SKH | Sparsity=ON (UsedSparsity=0.6) | Clusters=ON (UsedClusters=32) | EnvSparsityCfg={'Conv': 0.6, 'Linear': 0.6, 'Bias': 0.0, 'BatchNorm': 0.0} | EnvNClusters=32
[2026-01-24 17:53:53,823] [INFO] Model initialized on device: cuda:0
[2026-01-24 17:53:53,823] [INFO] [CLIENT INIT] Mode=SKH | Sparsity=ON (UsedSparsity=0.6) | Clusters=ON (UsedClusters=32) | EnvSparsityCfg={'Conv': 0.6, 'Linear': 0.6, 'Bias': 0.0, 'BatchNorm': 0.0} | EnvNClusters=32
[2026-01-24 17:53:53,881] [INFO] Model initialized on device: cuda:0
[2026-01-24 17:53:53,881] [INFO] [CLIENT INIT] Mode=SKH | Sparsity=ON (UsedSparsity=0.6) | Clusters=ON (UsedClusters=32) | EnvSparsityCfg={'Conv': 0.6, 'Linear': 0.6, 'Bias': 0.0, 'BatchNorm': 0.0} | EnvNClusters=32
[2026-01-24 17:53:53,952] [INFO] Model initialized on device: cuda:0
[2026-01-24 17:53:53,952] [INFO] [CLIENT INIT] Mode=SKH | Sparsity=ON (UsedSparsity=0.6) | Clusters=ON (UsedClusters=32) | EnvSparsityCfg={'Conv': 0.6, 'Linear': 0.6, 'Bias': 0.0, 'BatchNorm': 0.0} | EnvNClusters=32
[2026-01-24 17:53:54,180] [INFO] Model initialized on device: cuda:0
[2026-01-24 17:53:54,180] [INFO] [CLIENT INIT] Mode=SKH | Sparsity=ON (UsedSparsity=0.6) | Clusters=ON (UsedClusters=32) | EnvSparsityCfg={'Conv': 0.6, 'Linear': 0.6, 'Bias': 0.0, 'BatchNorm': 0.0} | EnvNClusters=32
[2026-01-24 17:53:54,183] [INFO] Model initialized on device: cuda:0
[2026-01-24 17:53:54,183] [INFO] [CLIENT INIT] Mode=SKH | Sparsity=ON (UsedSparsity=0.6) | Clusters=ON (UsedClusters=32) | EnvSparsityCfg={'Conv': 0.6, 'Linear': 0.6, 'Bias': 0.0, 'BatchNorm': 0.0} | EnvNClusters=32
[2026-01-24 17:53:54,435] [INFO] Model initialized on device: cuda:0
[2026-01-24 17:53:54,435] [INFO] [CLIENT INIT] Mode=SKH | Sparsity=ON (UsedSparsity=0.6) | Clusters=ON (UsedClusters=32) | EnvSparsityCfg={'Conv': 0.6, 'Linear': 0.6, 'Bias': 0.0, 'BatchNorm': 0.0} | EnvNClusters=32
[2026-01-24 17:53:55,120] [INFO] Model initialized on device: cuda:0
[2026-01-24 17:53:55,121] [INFO] [CLIENT INIT] Mode=SKH | Sparsity=ON (UsedSparsity=0.6) | Clusters=ON (UsedClusters=32) | EnvSparsityCfg={'Conv': 0.6, 'Linear': 0.6, 'Bias': 0.0, 'BatchNorm': 0.0} | EnvNClusters=32
[2026-01-24 17:53:55,122] [INFO] Model initialized on device: cuda:0
[2026-01-24 17:53:55,122] [INFO] [CLIENT INIT] Mode=SKH | Sparsity=ON (UsedSparsity=0.6) | Clusters=ON (UsedClusters=32) | EnvSparsityCfg={'Conv': 0.6, 'Linear': 0.6, 'Bias': 0.0, 'BatchNorm': 0.0} | EnvNClusters=32
[2026-01-24 17:53:55,427] [INFO] Model initialized on device: cuda:0
[2026-01-24 17:53:55,427] [INFO] [CLIENT INIT] Mode=SKH | Sparsity=ON (UsedSparsity=0.6) | Clusters=ON (UsedClusters=32) | EnvSparsityCfg={'Conv': 0.6, 'Linear': 0.6, 'Bias': 0.0, 'BatchNorm': 0.0} | EnvNClusters=32
[2026-01-24 17:55:07,173] [INFO] [TRAIN] Epoch 1 Loss: 0.9842
[2026-01-24 17:56:14,985] [INFO] Model initialized on device: cuda:0
[2026-01-24 17:56:14,985] [INFO] [CLIENT INIT] Mode=SKH | Sparsity=ON (UsedSparsity=0.6) | Clusters=ON (UsedClusters=32) | EnvSparsityCfg={'Conv': 0.6, 'Linear': 0.6, 'Bias': 0.0, 'BatchNorm': 0.0} | EnvNClusters=32
[2026-01-24 17:56:15,937] [INFO] Model initialized on device: cuda:0
[2026-01-24 17:56:15,937] [INFO] [CLIENT INIT] Mode=SKH | Sparsity=ON (UsedSparsity=0.6) | Clusters=ON (UsedClusters=32) | EnvSparsityCfg={'Conv': 0.6, 'Linear': 0.6, 'Bias': 0.0, 'BatchNorm': 0.0} | EnvNClusters=32
[2026-01-24 17:56:15,941] [INFO] Model initialized on device: cuda:0
[2026-01-24 17:56:15,942] [INFO] [CLIENT INIT] Mode=SKH | Sparsity=ON (UsedSparsity=0.6) | Clusters=ON (UsedClusters=32) | EnvSparsityCfg={'Conv': 0.6, 'Linear': 0.6, 'Bias': 0.0, 'BatchNorm': 0.0} | EnvNClusters=32
[2026-01-24 17:56:16,314] [INFO] Model initialized on device: cuda:0
[2026-01-24 17:56:16,314] [INFO] [CLIENT INIT] Mode=SKH | Sparsity=ON (UsedSparsity=0.6) | Clusters=ON (UsedClusters=32) | EnvSparsityCfg={'Conv': 0.6, 'Linear': 0.6, 'Bias': 0.0, 'BatchNorm': 0.0} | EnvNClusters=32
[2026-01-24 17:56:16,314] [INFO] Model initialized on device: cuda:0
[2026-01-24 17:56:16,314] [INFO] [CLIENT INIT] Mode=SKH | Sparsity=ON (UsedSparsity=0.6) | Clusters=ON (UsedClusters=32) | EnvSparsityCfg={'Conv': 0.6, 'Linear': 0.6, 'Bias': 0.0, 'BatchNorm': 0.0} | EnvNClusters=32
[2026-01-24 17:56:16,410] [INFO] Model initialized on device: cuda:0
[2026-01-24 17:56:16,410] [INFO] [CLIENT INIT] Mode=SKH | Sparsity=ON (UsedSparsity=0.6) | Clusters=ON (UsedClusters=32) | EnvSparsityCfg={'Conv': 0.6, 'Linear': 0.6, 'Bias': 0.0, 'BatchNorm': 0.0} | EnvNClusters=32
[2026-01-24 17:56:16,434] [INFO] Model initialized on device: cuda:0
[2026-01-24 17:56:16,434] [INFO] [CLIENT INIT] Mode=SKH | Sparsity=ON (UsedSparsity=0.6) | Clusters=ON (UsedClusters=32) | EnvSparsityCfg={'Conv': 0.6, 'Linear': 0.6, 'Bias': 0.0, 'BatchNorm': 0.0} | EnvNClusters=32
[2026-01-24 17:56:16,443] [INFO] Model initialized on device: cuda:0
[2026-01-24 17:56:16,443] [INFO] [CLIENT INIT] Mode=SKH | Sparsity=ON (UsedSparsity=0.6) | Clusters=ON (UsedClusters=32) | EnvSparsityCfg={'Conv': 0.6, 'Linear': 0.6, 'Bias': 0.0, 'BatchNorm': 0.0} | EnvNClusters=32
[2026-01-24 17:56:16,511] [INFO] Model initialized on device: cuda:0
[2026-01-24 17:56:16,512] [INFO] [CLIENT INIT] Mode=SKH | Sparsity=ON (UsedSparsity=0.6) | Clusters=ON (UsedClusters=32) | EnvSparsityCfg={'Conv': 0.6, 'Linear': 0.6, 'Bias': 0.0, 'BatchNorm': 0.0} | EnvNClusters=32
[2026-01-24 17:56:16,514] [INFO] Model initialized on device: cuda:0
[2026-01-24 17:56:16,514] [INFO] [CLIENT INIT] Mode=SKH | Sparsity=ON (UsedSparsity=0.6) | Clusters=ON (UsedClusters=32) | EnvSparsityCfg={'Conv': 0.6, 'Linear': 0.6, 'Bias': 0.0, 'BatchNorm': 0.0} | EnvNClusters=32
[2026-01-24 17:57:28,376] [INFO] [TRAIN] Epoch 2 Loss: 0.9835
[2026-01-24 17:58:28,863] [INFO] Model initialized on device: cuda:0
[2026-01-24 17:58:28,863] [INFO] [CLIENT INIT] Mode=SKH | Sparsity=ON (UsedSparsity=0.6) | Clusters=ON (UsedClusters=32) | EnvSparsityCfg={'Conv': 0.6, 'Linear': 0.6, 'Bias': 0.0, 'BatchNorm': 0.0} | EnvNClusters=32
[2026-01-24 17:58:29,913] [INFO] Model initialized on device: cuda:0
[2026-01-24 17:58:29,913] [INFO] [CLIENT INIT] Mode=SKH | Sparsity=ON (UsedSparsity=0.6) | Clusters=ON (UsedClusters=32) | EnvSparsityCfg={'Conv': 0.6, 'Linear': 0.6, 'Bias': 0.0, 'BatchNorm': 0.0} | EnvNClusters=32
[2026-01-24 17:58:33,132] [INFO] Model initialized on device: cuda:0
[2026-01-24 17:58:33,132] [INFO] [CLIENT INIT] Mode=SKH | Sparsity=ON (UsedSparsity=0.6) | Clusters=ON (UsedClusters=32) | EnvSparsityCfg={'Conv': 0.6, 'Linear': 0.6, 'Bias': 0.0, 'BatchNorm': 0.0} | EnvNClusters=32
[2026-01-24 17:58:33,715] [INFO] Model initialized on device: cuda:0
[2026-01-24 17:58:33,715] [INFO] [CLIENT INIT] Mode=SKH | Sparsity=ON (UsedSparsity=0.6) | Clusters=ON (UsedClusters=32) | EnvSparsityCfg={'Conv': 0.6, 'Linear': 0.6, 'Bias': 0.0, 'BatchNorm': 0.0} | EnvNClusters=32
[2026-01-24 17:58:34,212] [INFO] Model initialized on device: cuda:0
[2026-01-24 17:58:34,212] [INFO] [CLIENT INIT] Mode=SKH | Sparsity=ON (UsedSparsity=0.6) | Clusters=ON (UsedClusters=32) | EnvSparsityCfg={'Conv': 0.6, 'Linear': 0.6, 'Bias': 0.0, 'BatchNorm': 0.0} | EnvNClusters=32
[2026-01-24 17:58:34,225] [INFO] Model initialized on device: cuda:0
[2026-01-24 17:58:34,225] [INFO] [CLIENT INIT] Mode=SKH | Sparsity=ON (UsedSparsity=0.6) | Clusters=ON (UsedClusters=32) | EnvSparsityCfg={'Conv': 0.6, 'Linear': 0.6, 'Bias': 0.0, 'BatchNorm': 0.0} | EnvNClusters=32
[2026-01-24 17:58:34,423] [INFO] Model initialized on device: cuda:0
[2026-01-24 17:58:34,423] [INFO] [CLIENT INIT] Mode=SKH | Sparsity=ON (UsedSparsity=0.6) | Clusters=ON (UsedClusters=32) | EnvSparsityCfg={'Conv': 0.6, 'Linear': 0.6, 'Bias': 0.0, 'BatchNorm': 0.0} | EnvNClusters=32
[2026-01-24 17:58:34,437] [INFO] Model initialized on device: cuda:0
[2026-01-24 17:58:34,437] [INFO] [CLIENT INIT] Mode=SKH | Sparsity=ON (UsedSparsity=0.6) | Clusters=ON (UsedClusters=32) | EnvSparsityCfg={'Conv': 0.6, 'Linear': 0.6, 'Bias': 0.0, 'BatchNorm': 0.0} | EnvNClusters=32
[2026-01-24 17:58:34,441] [INFO] Model initialized on device: cuda:0
[2026-01-24 17:58:34,441] [INFO] [CLIENT INIT] Mode=SKH | Sparsity=ON (UsedSparsity=0.6) | Clusters=ON (UsedClusters=32) | EnvSparsityCfg={'Conv': 0.6, 'Linear': 0.6, 'Bias': 0.0, 'BatchNorm': 0.0} | EnvNClusters=32
[2026-01-24 17:58:34,516] [INFO] Model initialized on device: cuda:0
[2026-01-24 17:58:34,516] [INFO] [CLIENT INIT] Mode=SKH | Sparsity=ON (UsedSparsity=0.6) | Clusters=ON (UsedClusters=32) | EnvSparsityCfg={'Conv': 0.6, 'Linear': 0.6, 'Bias': 0.0, 'BatchNorm': 0.0} | EnvNClusters=32
[2026-01-24 17:59:42,219] [INFO] [TRAIN] Epoch 3 Loss: 0.9830
[2026-01-24 18:00:43,838] [INFO] Model initialized on device: cuda:0
[2026-01-24 18:00:43,838] [INFO] [CLIENT INIT] Mode=SKH | Sparsity=ON (UsedSparsity=0.6) | Clusters=ON (UsedClusters=32) | EnvSparsityCfg={'Conv': 0.6, 'Linear': 0.6, 'Bias': 0.0, 'BatchNorm': 0.0} | EnvNClusters=32
[2026-01-24 18:00:44,054] [INFO] Model initialized on device: cuda:0
[2026-01-24 18:00:44,054] [INFO] [CLIENT INIT] Mode=SKH | Sparsity=ON (UsedSparsity=0.6) | Clusters=ON (UsedClusters=32) | EnvSparsityCfg={'Conv': 0.6, 'Linear': 0.6, 'Bias': 0.0, 'BatchNorm': 0.0} | EnvNClusters=32
[2026-01-24 18:00:46,512] [INFO] Model initialized on device: cuda:0
[2026-01-24 18:00:46,512] [INFO] [CLIENT INIT] Mode=SKH | Sparsity=ON (UsedSparsity=0.6) | Clusters=ON (UsedClusters=32) | EnvSparsityCfg={'Conv': 0.6, 'Linear': 0.6, 'Bias': 0.0, 'BatchNorm': 0.0} | EnvNClusters=32
[2026-01-24 18:00:46,811] [INFO] Model initialized on device: cuda:0
[2026-01-24 18:00:46,811] [INFO] [CLIENT INIT] Mode=SKH | Sparsity=ON (UsedSparsity=0.6) | Clusters=ON (UsedClusters=32) | EnvSparsityCfg={'Conv': 0.6, 'Linear': 0.6, 'Bias': 0.0, 'BatchNorm': 0.0} | EnvNClusters=32
[2026-01-24 18:00:47,232] [INFO] Model initialized on device: cuda:0
[2026-01-24 18:00:47,232] [INFO] [CLIENT INIT] Mode=SKH | Sparsity=ON (UsedSparsity=0.6) | Clusters=ON (UsedClusters=32) | EnvSparsityCfg={'Conv': 0.6, 'Linear': 0.6, 'Bias': 0.0, 'BatchNorm': 0.0} | EnvNClusters=32
[2026-01-24 18:00:47,308] [INFO] Model initialized on device: cuda:0
[2026-01-24 18:00:47,308] [INFO] [CLIENT INIT] Mode=SKH | Sparsity=ON (UsedSparsity=0.6) | Clusters=ON (UsedClusters=32) | EnvSparsityCfg={'Conv': 0.6, 'Linear': 0.6, 'Bias': 0.0, 'BatchNorm': 0.0} | EnvNClusters=32
[2026-01-24 18:00:47,312] [INFO] Model initialized on device: cuda:0
[2026-01-24 18:00:47,312] [INFO] [CLIENT INIT] Mode=SKH | Sparsity=ON (UsedSparsity=0.6) | Clusters=ON (UsedClusters=32) | EnvSparsityCfg={'Conv': 0.6, 'Linear': 0.6, 'Bias': 0.0, 'BatchNorm': 0.0} | EnvNClusters=32
[2026-01-24 18:00:47,319] [INFO] Model initialized on device: cuda:0
[2026-01-24 18:00:47,320] [INFO] [CLIENT INIT] Mode=SKH | Sparsity=ON (UsedSparsity=0.6) | Clusters=ON (UsedClusters=32) | EnvSparsityCfg={'Conv': 0.6, 'Linear': 0.6, 'Bias': 0.0, 'BatchNorm': 0.0} | EnvNClusters=32
[2026-01-24 18:00:47,322] [INFO] Model initialized on device: cuda:0
[2026-01-24 18:00:47,322] [INFO] Model initialized on device: cuda:0
[2026-01-24 18:00:47,323] [INFO] [CLIENT INIT] Mode=SKH | Sparsity=ON (UsedSparsity=0.6) | Clusters=ON (UsedClusters=32) | EnvSparsityCfg={'Conv': 0.6, 'Linear': 0.6, 'Bias': 0.0, 'BatchNorm': 0.0} | EnvNClusters=32
[2026-01-24 18:00:47,323] [INFO] [CLIENT INIT] Mode=SKH | Sparsity=ON (UsedSparsity=0.6) | Clusters=ON (UsedClusters=32) | EnvSparsityCfg={'Conv': 0.6, 'Linear': 0.6, 'Bias': 0.0, 'BatchNorm': 0.0} | EnvNClusters=32
[2026-01-24 18:01:58,915] [INFO] [TRAIN] Epoch 4 Loss: 0.9824
[2026-01-24 18:03:06,215] [INFO] Model initialized on device: cuda:0
[2026-01-24 18:03:06,215] [INFO] [CLIENT INIT] Mode=SKH | Sparsity=ON (UsedSparsity=0.6) | Clusters=ON (UsedClusters=32) | EnvSparsityCfg={'Conv': 0.6, 'Linear': 0.6, 'Bias': 0.0, 'BatchNorm': 0.0} | EnvNClusters=32
[2026-01-24 18:03:06,230] [INFO] Model initialized on device: cuda:0
[2026-01-24 18:03:06,230] [INFO] [CLIENT INIT] Mode=SKH | Sparsity=ON (UsedSparsity=0.6) | Clusters=ON (UsedClusters=32) | EnvSparsityCfg={'Conv': 0.6, 'Linear': 0.6, 'Bias': 0.0, 'BatchNorm': 0.0} | EnvNClusters=32
[2026-01-24 18:03:06,411] [INFO] Model initialized on device: cuda:0
[2026-01-24 18:03:06,411] [INFO] [CLIENT INIT] Mode=SKH | Sparsity=ON (UsedSparsity=0.6) | Clusters=ON (UsedClusters=32) | EnvSparsityCfg={'Conv': 0.6, 'Linear': 0.6, 'Bias': 0.0, 'BatchNorm': 0.0} | EnvNClusters=32
[2026-01-24 18:03:06,418] [INFO] Model initialized on device: cuda:0
[2026-01-24 18:03:06,418] [INFO] [CLIENT INIT] Mode=SKH | Sparsity=ON (UsedSparsity=0.6) | Clusters=ON (UsedClusters=32) | EnvSparsityCfg={'Conv': 0.6, 'Linear': 0.6, 'Bias': 0.0, 'BatchNorm': 0.0} | EnvNClusters=32
[2026-01-24 18:03:06,423] [INFO] Model initialized on device: cuda:0
[2026-01-24 18:03:06,423] [INFO] [CLIENT INIT] Mode=SKH | Sparsity=ON (UsedSparsity=0.6) | Clusters=ON (UsedClusters=32) | EnvSparsityCfg={'Conv': 0.6, 'Linear': 0.6, 'Bias': 0.0, 'BatchNorm': 0.0} | EnvNClusters=32
[2026-01-24 18:03:06,434] [INFO] Model initialized on device: cuda:0
[2026-01-24 18:03:06,434] [INFO] [CLIENT INIT] Mode=SKH | Sparsity=ON (UsedSparsity=0.6) | Clusters=ON (UsedClusters=32) | EnvSparsityCfg={'Conv': 0.6, 'Linear': 0.6, 'Bias': 0.0, 'BatchNorm': 0.0} | EnvNClusters=32
[2026-01-24 18:03:06,715] [INFO] Model initialized on device: cuda:0
[2026-01-24 18:03:06,716] [INFO] [CLIENT INIT] Mode=SKH | Sparsity=ON (UsedSparsity=0.6) | Clusters=ON (UsedClusters=32) | EnvSparsityCfg={'Conv': 0.6, 'Linear': 0.6, 'Bias': 0.0, 'BatchNorm': 0.0} | EnvNClusters=32
[2026-01-24 18:03:06,809] [INFO] Model initialized on device: cuda:0
[2026-01-24 18:03:06,809] [INFO] [CLIENT INIT] Mode=SKH | Sparsity=ON (UsedSparsity=0.6) | Clusters=ON (UsedClusters=32) | EnvSparsityCfg={'Conv': 0.6, 'Linear': 0.6, 'Bias': 0.0, 'BatchNorm': 0.0} | EnvNClusters=32
[2026-01-24 18:03:06,811] [INFO] Model initialized on device: cuda:0
[2026-01-24 18:03:06,811] [INFO] [CLIENT INIT] Mode=SKH | Sparsity=ON (UsedSparsity=0.6) | Clusters=ON (UsedClusters=32) | EnvSparsityCfg={'Conv': 0.6, 'Linear': 0.6, 'Bias': 0.0, 'BatchNorm': 0.0} | EnvNClusters=32
[2026-01-24 18:03:06,812] [INFO] Model initialized on device: cuda:0
[2026-01-24 18:03:06,813] [INFO] [CLIENT INIT] Mode=SKH | Sparsity=ON (UsedSparsity=0.6) | Clusters=ON (UsedClusters=32) | EnvSparsityCfg={'Conv': 0.6, 'Linear': 0.6, 'Bias': 0.0, 'BatchNorm': 0.0} | EnvNClusters=32
[2026-01-24 18:04:16,323] [INFO] [TRAIN] Epoch 5 Loss: 0.9817
[2026-01-24 18:04:16,324] [INFO] [FIT] Local training finished. Avg Loss: 0.9829
[2026-01-24 18:05:19,733] [INFO] Model initialized on device: cuda:0
[2026-01-24 18:05:19,733] [INFO] [CLIENT INIT] Mode=SKH | Sparsity=ON (UsedSparsity=0.6) | Clusters=ON (UsedClusters=32) | EnvSparsityCfg={'Conv': 0.6, 'Linear': 0.6, 'Bias': 0.0, 'BatchNorm': 0.0} | EnvNClusters=32
[2026-01-24 18:05:19,952] [INFO] Model initialized on device: cuda:0
[2026-01-24 18:05:19,952] [INFO] [CLIENT INIT] Mode=SKH | Sparsity=ON (UsedSparsity=0.6) | Clusters=ON (UsedClusters=32) | EnvSparsityCfg={'Conv': 0.6, 'Linear': 0.6, 'Bias': 0.0, 'BatchNorm': 0.0} | EnvNClusters=32
[2026-01-24 18:05:19,952] [INFO] Model initialized on device: cuda:0
[2026-01-24 18:05:19,953] [INFO] [CLIENT INIT] Mode=SKH | Sparsity=ON (UsedSparsity=0.6) | Clusters=ON (UsedClusters=32) | EnvSparsityCfg={'Conv': 0.6, 'Linear': 0.6, 'Bias': 0.0, 'BatchNorm': 0.0} | EnvNClusters=32
[2026-01-24 18:05:20,108] [INFO] Model initialized on device: cuda:0
[2026-01-24 18:05:20,108] [INFO] [CLIENT INIT] Mode=SKH | Sparsity=ON (UsedSparsity=0.6) | Clusters=ON (UsedClusters=32) | EnvSparsityCfg={'Conv': 0.6, 'Linear': 0.6, 'Bias': 0.0, 'BatchNorm': 0.0} | EnvNClusters=32
[2026-01-24 18:05:20,110] [INFO] Model initialized on device: cuda:0
[2026-01-24 18:05:20,111] [INFO] [CLIENT INIT] Mode=SKH | Sparsity=ON (UsedSparsity=0.6) | Clusters=ON (UsedClusters=32) | EnvSparsityCfg={'Conv': 0.6, 'Linear': 0.6, 'Bias': 0.0, 'BatchNorm': 0.0} | EnvNClusters=32
[2026-01-24 18:05:20,111] [INFO] Model initialized on device: cuda:0
[2026-01-24 18:05:20,111] [INFO] [CLIENT INIT] Mode=SKH | Sparsity=ON (UsedSparsity=0.6) | Clusters=ON (UsedClusters=32) | EnvSparsityCfg={'Conv': 0.6, 'Linear': 0.6, 'Bias': 0.0, 'BatchNorm': 0.0} | EnvNClusters=32
[2026-01-24 18:05:20,112] [INFO] Model initialized on device: cuda:0
[2026-01-24 18:05:20,112] [INFO] [CLIENT INIT] Mode=SKH | Sparsity=ON (UsedSparsity=0.6) | Clusters=ON (UsedClusters=32) | EnvSparsityCfg={'Conv': 0.6, 'Linear': 0.6, 'Bias': 0.0, 'BatchNorm': 0.0} | EnvNClusters=32
[2026-01-24 18:05:20,113] [INFO] Model initialized on device: cuda:0
[2026-01-24 18:05:20,113] [INFO] [CLIENT INIT] Mode=SKH | Sparsity=ON (UsedSparsity=0.6) | Clusters=ON (UsedClusters=32) | EnvSparsityCfg={'Conv': 0.6, 'Linear': 0.6, 'Bias': 0.0, 'BatchNorm': 0.0} | EnvNClusters=32
[2026-01-24 18:05:20,117] [INFO] Model initialized on device: cuda:0
[2026-01-24 18:05:20,117] [INFO] [CLIENT INIT] Mode=SKH | Sparsity=ON (UsedSparsity=0.6) | Clusters=ON (UsedClusters=32) | EnvSparsityCfg={'Conv': 0.6, 'Linear': 0.6, 'Bias': 0.0, 'BatchNorm': 0.0} | EnvNClusters=32
[2026-01-24 18:05:20,117] [INFO] Model initialized on device: cuda:0
[2026-01-24 18:05:20,118] [INFO] [CLIENT INIT] Mode=SKH | Sparsity=ON (UsedSparsity=0.6) | Clusters=ON (UsedClusters=32) | EnvSparsityCfg={'Conv': 0.6, 'Linear': 0.6, 'Bias': 0.0, 'BatchNorm': 0.0} | EnvNClusters=32
[2026-01-24 18:05:25,441] [DEBUG] [TEST] Batch 1 | Pred shape: torch.Size([256, 256, 160]) | Label shape: torch.Size([256, 256, 160])
[2026-01-24 18:05:25,992] [DEBUG] [TEST] Batch 2 | Pred shape: torch.Size([256, 256, 160]) | Label shape: torch.Size([256, 256, 160])
[2026-01-24 18:05:26,120] [DEBUG] [TEST] Batch 3 | Pred shape: torch.Size([256, 256, 160]) | Label shape: torch.Size([256, 256, 160])
[2026-01-24 18:05:26,176] [DEBUG] [TEST] Batch 4 | Pred shape: torch.Size([256, 256, 160]) | Label shape: torch.Size([256, 256, 160])
[2026-01-24 18:05:26,232] [DEBUG] [TEST] Batch 5 | Pred shape: torch.Size([256, 256, 160]) | Label shape: torch.Size([256, 256, 160])
[2026-01-24 18:05:26,287] [DEBUG] [TEST] Batch 6 | Pred shape: torch.Size([256, 256, 160]) | Label shape: torch.Size([256, 256, 160])
[2026-01-24 18:05:26,341] [DEBUG] [TEST] Batch 7 | Pred shape: torch.Size([256, 256, 160]) | Label shape: torch.Size([256, 256, 160])
[2026-01-24 18:05:26,402] [DEBUG] [TEST] Batch 8 | Pred shape: torch.Size([256, 256, 160]) | Label shape: torch.Size([256, 256, 160])
[2026-01-24 18:05:26,457] [DEBUG] [TEST] Batch 9 | Pred shape: torch.Size([256, 256, 160]) | Label shape: torch.Size([256, 256, 160])
[2026-01-24 18:05:26,513] [DEBUG] [TEST] Batch 10 | Pred shape: torch.Size([256, 256, 160]) | Label shape: torch.Size([256, 256, 160])
[2026-01-24 18:05:30,976] [INFO] [FIT] Final model saved to: Revision2/Run_UNET_IID_SKHC32S60_20260124/Client2/model_final.pth
[2026-01-24 18:05:40,728] [INFO] [COMM][CLIENT] Round=-1 Mode=SKH UsedSparsity=0.6 UsedClusters=32 BaselineBits=154016352.0 CompressedBits=45531924.7 CR=3.383
[2026-01-24 18:06:11,344] [INFO] [EVALUATE] Starting evaluation...
[2026-01-24 18:06:12,422] [INFO] [DEBUG] Loaded compressed decoded weights.
[2026-01-24 18:07:23,625] [INFO] Model initialized on device: cuda:0
[2026-01-24 18:07:23,625] [INFO] [CLIENT INIT] Mode=SKH | Sparsity=ON (UsedSparsity=0.6) | Clusters=ON (UsedClusters=32) | EnvSparsityCfg={'Conv': 0.6, 'Linear': 0.6, 'Bias': 0.0, 'BatchNorm': 0.0} | EnvNClusters=32
[2026-01-24 18:07:24,215] [INFO] Model initialized on device: cuda:0
[2026-01-24 18:07:24,216] [INFO] [CLIENT INIT] Mode=SKH | Sparsity=ON (UsedSparsity=0.6) | Clusters=ON (UsedClusters=32) | EnvSparsityCfg={'Conv': 0.6, 'Linear': 0.6, 'Bias': 0.0, 'BatchNorm': 0.0} | EnvNClusters=32
[2026-01-24 18:07:24,631] [INFO] Model initialized on device: cuda:0
[2026-01-24 18:07:24,631] [INFO] [CLIENT INIT] Mode=SKH | Sparsity=ON (UsedSparsity=0.6) | Clusters=ON (UsedClusters=32) | EnvSparsityCfg={'Conv': 0.6, 'Linear': 0.6, 'Bias': 0.0, 'BatchNorm': 0.0} | EnvNClusters=32
[2026-01-24 18:07:24,813] [INFO] Model initialized on device: cuda:0
[2026-01-24 18:07:24,813] [INFO] [CLIENT INIT] Mode=SKH | Sparsity=ON (UsedSparsity=0.6) | Clusters=ON (UsedClusters=32) | EnvSparsityCfg={'Conv': 0.6, 'Linear': 0.6, 'Bias': 0.0, 'BatchNorm': 0.0} | EnvNClusters=32
[2026-01-24 18:07:25,014] [INFO] Model initialized on device: cuda:0
[2026-01-24 18:07:25,014] [INFO] [CLIENT INIT] Mode=SKH | Sparsity=ON (UsedSparsity=0.6) | Clusters=ON (UsedClusters=32) | EnvSparsityCfg={'Conv': 0.6, 'Linear': 0.6, 'Bias': 0.0, 'BatchNorm': 0.0} | EnvNClusters=32
[2026-01-24 18:07:25,033] [INFO] Model initialized on device: cuda:0
[2026-01-24 18:07:25,033] [INFO] [CLIENT INIT] Mode=SKH | Sparsity=ON (UsedSparsity=0.6) | Clusters=ON (UsedClusters=32) | EnvSparsityCfg={'Conv': 0.6, 'Linear': 0.6, 'Bias': 0.0, 'BatchNorm': 0.0} | EnvNClusters=32
[2026-01-24 18:07:25,311] [INFO] Model initialized on device: cuda:0
[2026-01-24 18:07:25,311] [INFO] [CLIENT INIT] Mode=SKH | Sparsity=ON (UsedSparsity=0.6) | Clusters=ON (UsedClusters=32) | EnvSparsityCfg={'Conv': 0.6, 'Linear': 0.6, 'Bias': 0.0, 'BatchNorm': 0.0} | EnvNClusters=32
[2026-01-24 18:07:25,325] [INFO] Model initialized on device: cuda:0
[2026-01-24 18:07:25,325] [INFO] [CLIENT INIT] Mode=SKH | Sparsity=ON (UsedSparsity=0.6) | Clusters=ON (UsedClusters=32) | EnvSparsityCfg={'Conv': 0.6, 'Linear': 0.6, 'Bias': 0.0, 'BatchNorm': 0.0} | EnvNClusters=32
[2026-01-24 18:07:25,329] [INFO] Model initialized on device: cuda:0
[2026-01-24 18:07:25,329] [INFO] [CLIENT INIT] Mode=SKH | Sparsity=ON (UsedSparsity=0.6) | Clusters=ON (UsedClusters=32) | EnvSparsityCfg={'Conv': 0.6, 'Linear': 0.6, 'Bias': 0.0, 'BatchNorm': 0.0} | EnvNClusters=32
[2026-01-24 18:07:25,333] [INFO] Model initialized on device: cuda:0
[2026-01-24 18:07:25,334] [INFO] [CLIENT INIT] Mode=SKH | Sparsity=ON (UsedSparsity=0.6) | Clusters=ON (UsedClusters=32) | EnvSparsityCfg={'Conv': 0.6, 'Linear': 0.6, 'Bias': 0.0, 'BatchNorm': 0.0} | EnvNClusters=32
[2026-01-24 18:07:31,630] [DEBUG] [TEST] Batch 1 | Pred shape: torch.Size([256, 256, 160]) | Label shape: torch.Size([256, 256, 160])
[2026-01-24 18:07:31,770] [DEBUG] [TEST] Batch 2 | Pred shape: torch.Size([256, 256, 160]) | Label shape: torch.Size([256, 256, 160])
[2026-01-24 18:07:31,990] [DEBUG] [TEST] Batch 3 | Pred shape: torch.Size([256, 256, 160]) | Label shape: torch.Size([256, 256, 160])
[2026-01-24 18:07:32,221] [DEBUG] [TEST] Batch 4 | Pred shape: torch.Size([256, 256, 160]) | Label shape: torch.Size([256, 256, 160])
[2026-01-24 18:07:32,466] [DEBUG] [TEST] Batch 5 | Pred shape: torch.Size([256, 256, 160]) | Label shape: torch.Size([256, 256, 160])
[2026-01-24 18:07:32,716] [DEBUG] [TEST] Batch 6 | Pred shape: torch.Size([256, 256, 160]) | Label shape: torch.Size([256, 256, 160])
[2026-01-24 18:07:32,962] [DEBUG] [TEST] Batch 7 | Pred shape: torch.Size([256, 256, 160]) | Label shape: torch.Size([256, 256, 160])
[2026-01-24 18:07:33,204] [DEBUG] [TEST] Batch 8 | Pred shape: torch.Size([256, 256, 160]) | Label shape: torch.Size([256, 256, 160])
[2026-01-24 18:07:33,441] [DEBUG] [TEST] Batch 9 | Pred shape: torch.Size([256, 256, 160]) | Label shape: torch.Size([256, 256, 160])
[2026-01-24 18:07:33,671] [DEBUG] [TEST] Batch 10 | Pred shape: torch.Size([256, 256, 160]) | Label shape: torch.Size([256, 256, 160])
[2026-01-24 18:07:42,116] [INFO] [EVALUATE] Dice WT: 0.4206
[2026-01-24 18:07:45,646] [INFO] [FIT] Received parameters. Starting local training...
[2026-01-24 18:07:47,729] [INFO] [DEBUG] Loaded compressed decoded weights.
[2026-01-24 18:08:57,162] [INFO] Model initialized on device: cuda:0
[2026-01-24 18:08:57,162] [INFO] [CLIENT INIT] Mode=SKH | Sparsity=ON (UsedSparsity=0.6) | Clusters=ON (UsedClusters=32) | EnvSparsityCfg={'Conv': 0.6, 'Linear': 0.6, 'Bias': 0.0, 'BatchNorm': 0.0} | EnvNClusters=32
[2026-01-24 18:08:57,245] [INFO] Model initialized on device: cuda:0
[2026-01-24 18:08:57,245] [INFO] [CLIENT INIT] Mode=SKH | Sparsity=ON (UsedSparsity=0.6) | Clusters=ON (UsedClusters=32) | EnvSparsityCfg={'Conv': 0.6, 'Linear': 0.6, 'Bias': 0.0, 'BatchNorm': 0.0} | EnvNClusters=32
[2026-01-24 18:08:57,286] [INFO] Model initialized on device: cuda:0
[2026-01-24 18:08:57,287] [INFO] [CLIENT INIT] Mode=SKH | Sparsity=ON (UsedSparsity=0.6) | Clusters=ON (UsedClusters=32) | EnvSparsityCfg={'Conv': 0.6, 'Linear': 0.6, 'Bias': 0.0, 'BatchNorm': 0.0} | EnvNClusters=32
[2026-01-24 18:08:58,012] [INFO] Model initialized on device: cuda:0
[2026-01-24 18:08:58,012] [INFO] [CLIENT INIT] Mode=SKH | Sparsity=ON (UsedSparsity=0.6) | Clusters=ON (UsedClusters=32) | EnvSparsityCfg={'Conv': 0.6, 'Linear': 0.6, 'Bias': 0.0, 'BatchNorm': 0.0} | EnvNClusters=32
[2026-01-24 18:08:58,012] [INFO] Model initialized on device: cuda:0
[2026-01-24 18:08:58,012] [INFO] [CLIENT INIT] Mode=SKH | Sparsity=ON (UsedSparsity=0.6) | Clusters=ON (UsedClusters=32) | EnvSparsityCfg={'Conv': 0.6, 'Linear': 0.6, 'Bias': 0.0, 'BatchNorm': 0.0} | EnvNClusters=32
[2026-01-24 18:08:58,133] [INFO] Model initialized on device: cuda:0
[2026-01-24 18:08:58,134] [INFO] [CLIENT INIT] Mode=SKH | Sparsity=ON (UsedSparsity=0.6) | Clusters=ON (UsedClusters=32) | EnvSparsityCfg={'Conv': 0.6, 'Linear': 0.6, 'Bias': 0.0, 'BatchNorm': 0.0} | EnvNClusters=32
[2026-01-24 18:08:58,208] [INFO] Model initialized on device: cuda:0
[2026-01-24 18:08:58,208] [INFO] [CLIENT INIT] Mode=SKH | Sparsity=ON (UsedSparsity=0.6) | Clusters=ON (UsedClusters=32) | EnvSparsityCfg={'Conv': 0.6, 'Linear': 0.6, 'Bias': 0.0, 'BatchNorm': 0.0} | EnvNClusters=32
[2026-01-24 18:08:58,620] [INFO] Model initialized on device: cuda:0
[2026-01-24 18:08:58,620] [INFO] [CLIENT INIT] Mode=SKH | Sparsity=ON (UsedSparsity=0.6) | Clusters=ON (UsedClusters=32) | EnvSparsityCfg={'Conv': 0.6, 'Linear': 0.6, 'Bias': 0.0, 'BatchNorm': 0.0} | EnvNClusters=32
[2026-01-24 18:08:58,713] [INFO] Model initialized on device: cuda:0
[2026-01-24 18:08:58,713] [INFO] [CLIENT INIT] Mode=SKH | Sparsity=ON (UsedSparsity=0.6) | Clusters=ON (UsedClusters=32) | EnvSparsityCfg={'Conv': 0.6, 'Linear': 0.6, 'Bias': 0.0, 'BatchNorm': 0.0} | EnvNClusters=32
[2026-01-24 18:08:58,718] [INFO] Model initialized on device: cuda:0
[2026-01-24 18:08:58,718] [INFO] [CLIENT INIT] Mode=SKH | Sparsity=ON (UsedSparsity=0.6) | Clusters=ON (UsedClusters=32) | EnvSparsityCfg={'Conv': 0.6, 'Linear': 0.6, 'Bias': 0.0, 'BatchNorm': 0.0} | EnvNClusters=32
[2026-01-24 18:10:10,825] [INFO] [TRAIN] Epoch 1 Loss: 0.9823
[2026-01-24 18:11:12,060] [INFO] Model initialized on device: cuda:0
[2026-01-24 18:11:12,060] [INFO] [CLIENT INIT] Mode=SKH | Sparsity=ON (UsedSparsity=0.6) | Clusters=ON (UsedClusters=32) | EnvSparsityCfg={'Conv': 0.6, 'Linear': 0.6, 'Bias': 0.0, 'BatchNorm': 0.0} | EnvNClusters=32
[2026-01-24 18:11:15,012] [INFO] Model initialized on device: cuda:0
[2026-01-24 18:11:15,012] [INFO] [CLIENT INIT] Mode=SKH | Sparsity=ON (UsedSparsity=0.6) | Clusters=ON (UsedClusters=32) | EnvSparsityCfg={'Conv': 0.6, 'Linear': 0.6, 'Bias': 0.0, 'BatchNorm': 0.0} | EnvNClusters=32
[2026-01-24 18:11:16,320] [INFO] Model initialized on device: cuda:0
[2026-01-24 18:11:16,320] [INFO] [CLIENT INIT] Mode=SKH | Sparsity=ON (UsedSparsity=0.6) | Clusters=ON (UsedClusters=32) | EnvSparsityCfg={'Conv': 0.6, 'Linear': 0.6, 'Bias': 0.0, 'BatchNorm': 0.0} | EnvNClusters=32
[2026-01-24 18:11:16,417] [INFO] Model initialized on device: cuda:0
[2026-01-24 18:11:16,418] [INFO] [CLIENT INIT] Mode=SKH | Sparsity=ON (UsedSparsity=0.6) | Clusters=ON (UsedClusters=32) | EnvSparsityCfg={'Conv': 0.6, 'Linear': 0.6, 'Bias': 0.0, 'BatchNorm': 0.0} | EnvNClusters=32
[2026-01-24 18:11:16,448] [INFO] Model initialized on device: cuda:0
[2026-01-24 18:11:16,448] [INFO] [CLIENT INIT] Mode=SKH | Sparsity=ON (UsedSparsity=0.6) | Clusters=ON (UsedClusters=32) | EnvSparsityCfg={'Conv': 0.6, 'Linear': 0.6, 'Bias': 0.0, 'BatchNorm': 0.0} | EnvNClusters=32
[2026-01-24 18:11:16,514] [INFO] Model initialized on device: cuda:0
[2026-01-24 18:11:16,514] [INFO] [CLIENT INIT] Mode=SKH | Sparsity=ON (UsedSparsity=0.6) | Clusters=ON (UsedClusters=32) | EnvSparsityCfg={'Conv': 0.6, 'Linear': 0.6, 'Bias': 0.0, 'BatchNorm': 0.0} | EnvNClusters=32
[2026-01-24 18:11:16,532] [INFO] Model initialized on device: cuda:0
[2026-01-24 18:11:16,532] [INFO] [CLIENT INIT] Mode=SKH | Sparsity=ON (UsedSparsity=0.6) | Clusters=ON (UsedClusters=32) | EnvSparsityCfg={'Conv': 0.6, 'Linear': 0.6, 'Bias': 0.0, 'BatchNorm': 0.0} | EnvNClusters=32
[2026-01-24 18:11:16,623] [INFO] Model initialized on device: cuda:0
[2026-01-24 18:11:16,623] [INFO] [CLIENT INIT] Mode=SKH | Sparsity=ON (UsedSparsity=0.6) | Clusters=ON (UsedClusters=32) | EnvSparsityCfg={'Conv': 0.6, 'Linear': 0.6, 'Bias': 0.0, 'BatchNorm': 0.0} | EnvNClusters=32
[2026-01-24 18:11:16,710] [INFO] Model initialized on device: cuda:0
[2026-01-24 18:11:16,710] [INFO] [CLIENT INIT] Mode=SKH | Sparsity=ON (UsedSparsity=0.6) | Clusters=ON (UsedClusters=32) | EnvSparsityCfg={'Conv': 0.6, 'Linear': 0.6, 'Bias': 0.0, 'BatchNorm': 0.0} | EnvNClusters=32
[2026-01-24 18:11:16,715] [INFO] Model initialized on device: cuda:0
[2026-01-24 18:11:16,716] [INFO] [CLIENT INIT] Mode=SKH | Sparsity=ON (UsedSparsity=0.6) | Clusters=ON (UsedClusters=32) | EnvSparsityCfg={'Conv': 0.6, 'Linear': 0.6, 'Bias': 0.0, 'BatchNorm': 0.0} | EnvNClusters=32
[2026-01-24 18:12:29,077] [INFO] [TRAIN] Epoch 2 Loss: 0.9815
[2026-01-24 18:13:31,208] [INFO] Model initialized on device: cuda:0
[2026-01-24 18:13:31,208] [INFO] [CLIENT INIT] Mode=SKH | Sparsity=ON (UsedSparsity=0.6) | Clusters=ON (UsedClusters=32) | EnvSparsityCfg={'Conv': 0.6, 'Linear': 0.6, 'Bias': 0.0, 'BatchNorm': 0.0} | EnvNClusters=32
[2026-01-24 18:13:37,033] [INFO] Model initialized on device: cuda:0
[2026-01-24 18:13:37,033] [INFO] [CLIENT INIT] Mode=SKH | Sparsity=ON (UsedSparsity=0.6) | Clusters=ON (UsedClusters=32) | EnvSparsityCfg={'Conv': 0.6, 'Linear': 0.6, 'Bias': 0.0, 'BatchNorm': 0.0} | EnvNClusters=32
[2026-01-24 18:13:37,628] [INFO] Model initialized on device: cuda:0
[2026-01-24 18:13:37,628] [INFO] [CLIENT INIT] Mode=SKH | Sparsity=ON (UsedSparsity=0.6) | Clusters=ON (UsedClusters=32) | EnvSparsityCfg={'Conv': 0.6, 'Linear': 0.6, 'Bias': 0.0, 'BatchNorm': 0.0} | EnvNClusters=32
[2026-01-24 18:13:37,632] [INFO] Model initialized on device: cuda:0
[2026-01-24 18:13:37,632] [INFO] [CLIENT INIT] Mode=SKH | Sparsity=ON (UsedSparsity=0.6) | Clusters=ON (UsedClusters=32) | EnvSparsityCfg={'Conv': 0.6, 'Linear': 0.6, 'Bias': 0.0, 'BatchNorm': 0.0} | EnvNClusters=32
[2026-01-24 18:13:37,638] [INFO] Model initialized on device: cuda:0
[2026-01-24 18:13:37,638] [INFO] [CLIENT INIT] Mode=SKH | Sparsity=ON (UsedSparsity=0.6) | Clusters=ON (UsedClusters=32) | EnvSparsityCfg={'Conv': 0.6, 'Linear': 0.6, 'Bias': 0.0, 'BatchNorm': 0.0} | EnvNClusters=32
[2026-01-24 18:13:37,916] [INFO] Model initialized on device: cuda:0
[2026-01-24 18:13:37,916] [INFO] [CLIENT INIT] Mode=SKH | Sparsity=ON (UsedSparsity=0.6) | Clusters=ON (UsedClusters=32) | EnvSparsityCfg={'Conv': 0.6, 'Linear': 0.6, 'Bias': 0.0, 'BatchNorm': 0.0} | EnvNClusters=32
[2026-01-24 18:13:37,925] [INFO] Model initialized on device: cuda:0
[2026-01-24 18:13:37,925] [INFO] [CLIENT INIT] Mode=SKH | Sparsity=ON (UsedSparsity=0.6) | Clusters=ON (UsedClusters=32) | EnvSparsityCfg={'Conv': 0.6, 'Linear': 0.6, 'Bias': 0.0, 'BatchNorm': 0.0} | EnvNClusters=32
[2026-01-24 18:13:38,017] [INFO] Model initialized on device: cuda:0
[2026-01-24 18:13:38,017] [INFO] [CLIENT INIT] Mode=SKH | Sparsity=ON (UsedSparsity=0.6) | Clusters=ON (UsedClusters=32) | EnvSparsityCfg={'Conv': 0.6, 'Linear': 0.6, 'Bias': 0.0, 'BatchNorm': 0.0} | EnvNClusters=32
[2026-01-24 18:13:38,018] [INFO] Model initialized on device: cuda:0
[2026-01-24 18:13:38,018] [INFO] [CLIENT INIT] Mode=SKH | Sparsity=ON (UsedSparsity=0.6) | Clusters=ON (UsedClusters=32) | EnvSparsityCfg={'Conv': 0.6, 'Linear': 0.6, 'Bias': 0.0, 'BatchNorm': 0.0} | EnvNClusters=32
[2026-01-24 18:13:38,024] [INFO] Model initialized on device: cuda:0
[2026-01-24 18:13:38,024] [INFO] [CLIENT INIT] Mode=SKH | Sparsity=ON (UsedSparsity=0.6) | Clusters=ON (UsedClusters=32) | EnvSparsityCfg={'Conv': 0.6, 'Linear': 0.6, 'Bias': 0.0, 'BatchNorm': 0.0} | EnvNClusters=32
[2026-01-24 18:14:44,293] [INFO] [TRAIN] Epoch 3 Loss: 0.9814
[2026-01-24 18:15:41,117] [INFO] Model initialized on device: cuda:0
[2026-01-24 18:15:41,117] [INFO] [CLIENT INIT] Mode=SKH | Sparsity=ON (UsedSparsity=0.6) | Clusters=ON (UsedClusters=32) | EnvSparsityCfg={'Conv': 0.6, 'Linear': 0.6, 'Bias': 0.0, 'BatchNorm': 0.0} | EnvNClusters=32
[2026-01-24 18:15:48,913] [INFO] Model initialized on device: cuda:0
[2026-01-24 18:15:48,913] [INFO] [CLIENT INIT] Mode=SKH | Sparsity=ON (UsedSparsity=0.6) | Clusters=ON (UsedClusters=32) | EnvSparsityCfg={'Conv': 0.6, 'Linear': 0.6, 'Bias': 0.0, 'BatchNorm': 0.0} | EnvNClusters=32
[2026-01-24 18:15:49,312] [INFO] Model initialized on device: cuda:0
[2026-01-24 18:15:49,313] [INFO] [CLIENT INIT] Mode=SKH | Sparsity=ON (UsedSparsity=0.6) | Clusters=ON (UsedClusters=32) | EnvSparsityCfg={'Conv': 0.6, 'Linear': 0.6, 'Bias': 0.0, 'BatchNorm': 0.0} | EnvNClusters=32
[2026-01-24 18:15:49,834] [INFO] Model initialized on device: cuda:0
[2026-01-24 18:15:49,834] [INFO] [CLIENT INIT] Mode=SKH | Sparsity=ON (UsedSparsity=0.6) | Clusters=ON (UsedClusters=32) | EnvSparsityCfg={'Conv': 0.6, 'Linear': 0.6, 'Bias': 0.0, 'BatchNorm': 0.0} | EnvNClusters=32
[2026-01-24 18:15:50,125] [INFO] Model initialized on device: cuda:0
[2026-01-24 18:15:50,126] [INFO] [CLIENT INIT] Mode=SKH | Sparsity=ON (UsedSparsity=0.6) | Clusters=ON (UsedClusters=32) | EnvSparsityCfg={'Conv': 0.6, 'Linear': 0.6, 'Bias': 0.0, 'BatchNorm': 0.0} | EnvNClusters=32
[2026-01-24 18:15:51,316] [INFO] Model initialized on device: cuda:0
[2026-01-24 18:15:51,316] [INFO] [CLIENT INIT] Mode=SKH | Sparsity=ON (UsedSparsity=0.6) | Clusters=ON (UsedClusters=32) | EnvSparsityCfg={'Conv': 0.6, 'Linear': 0.6, 'Bias': 0.0, 'BatchNorm': 0.0} | EnvNClusters=32
[2026-01-24 18:15:51,335] [INFO] Model initialized on device: cuda:0
[2026-01-24 18:15:51,335] [INFO] [CLIENT INIT] Mode=SKH | Sparsity=ON (UsedSparsity=0.6) | Clusters=ON (UsedClusters=32) | EnvSparsityCfg={'Conv': 0.6, 'Linear': 0.6, 'Bias': 0.0, 'BatchNorm': 0.0} | EnvNClusters=32
[2026-01-24 18:15:51,415] [INFO] Model initialized on device: cuda:0
[2026-01-24 18:15:51,415] [INFO] [CLIENT INIT] Mode=SKH | Sparsity=ON (UsedSparsity=0.6) | Clusters=ON (UsedClusters=32) | EnvSparsityCfg={'Conv': 0.6, 'Linear': 0.6, 'Bias': 0.0, 'BatchNorm': 0.0} | EnvNClusters=32
[2026-01-24 18:15:51,420] [INFO] Model initialized on device: cuda:0
[2026-01-24 18:15:51,420] [INFO] [CLIENT INIT] Mode=SKH | Sparsity=ON (UsedSparsity=0.6) | Clusters=ON (UsedClusters=32) | EnvSparsityCfg={'Conv': 0.6, 'Linear': 0.6, 'Bias': 0.0, 'BatchNorm': 0.0} | EnvNClusters=32
[2026-01-24 18:15:51,421] [INFO] Model initialized on device: cuda:0
[2026-01-24 18:15:51,421] [INFO] [CLIENT INIT] Mode=SKH | Sparsity=ON (UsedSparsity=0.6) | Clusters=ON (UsedClusters=32) | EnvSparsityCfg={'Conv': 0.6, 'Linear': 0.6, 'Bias': 0.0, 'BatchNorm': 0.0} | EnvNClusters=32
[2026-01-24 18:16:52,214] [INFO] [TRAIN] Epoch 4 Loss: 0.9804
[2026-01-24 18:17:48,907] [INFO] Model initialized on device: cuda:0
[2026-01-24 18:17:48,908] [INFO] [CLIENT INIT] Mode=SKH | Sparsity=ON (UsedSparsity=0.6) | Clusters=ON (UsedClusters=32) | EnvSparsityCfg={'Conv': 0.6, 'Linear': 0.6, 'Bias': 0.0, 'BatchNorm': 0.0} | EnvNClusters=32
[2026-01-24 18:17:49,213] [INFO] Model initialized on device: cuda:0
[2026-01-24 18:17:49,213] [INFO] [CLIENT INIT] Mode=SKH | Sparsity=ON (UsedSparsity=0.6) | Clusters=ON (UsedClusters=32) | EnvSparsityCfg={'Conv': 0.6, 'Linear': 0.6, 'Bias': 0.0, 'BatchNorm': 0.0} | EnvNClusters=32
[2026-01-24 18:17:50,114] [INFO] Model initialized on device: cuda:0
[2026-01-24 18:17:50,115] [INFO] [CLIENT INIT] Mode=SKH | Sparsity=ON (UsedSparsity=0.6) | Clusters=ON (UsedClusters=32) | EnvSparsityCfg={'Conv': 0.6, 'Linear': 0.6, 'Bias': 0.0, 'BatchNorm': 0.0} | EnvNClusters=32
[2026-01-24 18:17:50,832] [INFO] Model initialized on device: cuda:0
[2026-01-24 18:17:50,833] [INFO] [CLIENT INIT] Mode=SKH | Sparsity=ON (UsedSparsity=0.6) | Clusters=ON (UsedClusters=32) | EnvSparsityCfg={'Conv': 0.6, 'Linear': 0.6, 'Bias': 0.0, 'BatchNorm': 0.0} | EnvNClusters=32
[2026-01-24 18:17:51,813] [INFO] Model initialized on device: cuda:0
[2026-01-24 18:17:51,814] [INFO] [CLIENT INIT] Mode=SKH | Sparsity=ON (UsedSparsity=0.6) | Clusters=ON (UsedClusters=32) | EnvSparsityCfg={'Conv': 0.6, 'Linear': 0.6, 'Bias': 0.0, 'BatchNorm': 0.0} | EnvNClusters=32
[2026-01-24 18:17:51,833] [INFO] Model initialized on device: cuda:0
[2026-01-24 18:17:51,833] [INFO] [CLIENT INIT] Mode=SKH | Sparsity=ON (UsedSparsity=0.6) | Clusters=ON (UsedClusters=32) | EnvSparsityCfg={'Conv': 0.6, 'Linear': 0.6, 'Bias': 0.0, 'BatchNorm': 0.0} | EnvNClusters=32
[2026-01-24 18:17:51,930] [INFO] Model initialized on device: cuda:0
[2026-01-24 18:17:51,930] [INFO] [CLIENT INIT] Mode=SKH | Sparsity=ON (UsedSparsity=0.6) | Clusters=ON (UsedClusters=32) | EnvSparsityCfg={'Conv': 0.6, 'Linear': 0.6, 'Bias': 0.0, 'BatchNorm': 0.0} | EnvNClusters=32
[2026-01-24 18:17:51,936] [INFO] Model initialized on device: cuda:0
[2026-01-24 18:17:51,936] [INFO] [CLIENT INIT] Mode=SKH | Sparsity=ON (UsedSparsity=0.6) | Clusters=ON (UsedClusters=32) | EnvSparsityCfg={'Conv': 0.6, 'Linear': 0.6, 'Bias': 0.0, 'BatchNorm': 0.0} | EnvNClusters=32
[2026-01-24 18:17:52,020] [INFO] Model initialized on device: cuda:0
[2026-01-24 18:17:52,020] [INFO] [CLIENT INIT] Mode=SKH | Sparsity=ON (UsedSparsity=0.6) | Clusters=ON (UsedClusters=32) | EnvSparsityCfg={'Conv': 0.6, 'Linear': 0.6, 'Bias': 0.0, 'BatchNorm': 0.0} | EnvNClusters=32
[2026-01-24 18:17:52,020] [INFO] Model initialized on device: cuda:0
[2026-01-24 18:17:52,021] [INFO] [CLIENT INIT] Mode=SKH | Sparsity=ON (UsedSparsity=0.6) | Clusters=ON (UsedClusters=32) | EnvSparsityCfg={'Conv': 0.6, 'Linear': 0.6, 'Bias': 0.0, 'BatchNorm': 0.0} | EnvNClusters=32
[2026-01-24 18:18:54,184] [INFO] [TRAIN] Epoch 5 Loss: 0.9795
[2026-01-24 18:18:54,185] [INFO] [FIT] Local training finished. Avg Loss: 0.9810
[2026-01-24 18:19:46,708] [INFO] Model initialized on device: cuda:0
[2026-01-24 18:19:46,708] [INFO] [CLIENT INIT] Mode=SKH | Sparsity=ON (UsedSparsity=0.6) | Clusters=ON (UsedClusters=32) | EnvSparsityCfg={'Conv': 0.6, 'Linear': 0.6, 'Bias': 0.0, 'BatchNorm': 0.0} | EnvNClusters=32
[2026-01-24 18:19:46,921] [INFO] Model initialized on device: cuda:0
[2026-01-24 18:19:46,921] [INFO] [CLIENT INIT] Mode=SKH | Sparsity=ON (UsedSparsity=0.6) | Clusters=ON (UsedClusters=32) | EnvSparsityCfg={'Conv': 0.6, 'Linear': 0.6, 'Bias': 0.0, 'BatchNorm': 0.0} | EnvNClusters=32
[2026-01-24 18:19:46,921] [INFO] Model initialized on device: cuda:0
[2026-01-24 18:19:46,922] [INFO] [CLIENT INIT] Mode=SKH | Sparsity=ON (UsedSparsity=0.6) | Clusters=ON (UsedClusters=32) | EnvSparsityCfg={'Conv': 0.6, 'Linear': 0.6, 'Bias': 0.0, 'BatchNorm': 0.0} | EnvNClusters=32
[2026-01-24 18:19:46,925] [INFO] Model initialized on device: cuda:0
[2026-01-24 18:19:46,925] [INFO] [CLIENT INIT] Mode=SKH | Sparsity=ON (UsedSparsity=0.6) | Clusters=ON (UsedClusters=32) | EnvSparsityCfg={'Conv': 0.6, 'Linear': 0.6, 'Bias': 0.0, 'BatchNorm': 0.0} | EnvNClusters=32
[2026-01-24 18:19:47,020] [INFO] Model initialized on device: cuda:0
[2026-01-24 18:19:47,020] [INFO] [CLIENT INIT] Mode=SKH | Sparsity=ON (UsedSparsity=0.6) | Clusters=ON (UsedClusters=32) | EnvSparsityCfg={'Conv': 0.6, 'Linear': 0.6, 'Bias': 0.0, 'BatchNorm': 0.0} | EnvNClusters=32
[2026-01-24 18:19:47,052] [INFO] Model initialized on device: cuda:0
[2026-01-24 18:19:47,052] [INFO] [CLIENT INIT] Mode=SKH | Sparsity=ON (UsedSparsity=0.6) | Clusters=ON (UsedClusters=32) | EnvSparsityCfg={'Conv': 0.6, 'Linear': 0.6, 'Bias': 0.0, 'BatchNorm': 0.0} | EnvNClusters=32
[2026-01-24 18:19:47,057] [INFO] Model initialized on device: cuda:0
[2026-01-24 18:19:47,057] [INFO] [CLIENT INIT] Mode=SKH | Sparsity=ON (UsedSparsity=0.6) | Clusters=ON (UsedClusters=32) | EnvSparsityCfg={'Conv': 0.6, 'Linear': 0.6, 'Bias': 0.0, 'BatchNorm': 0.0} | EnvNClusters=32
[2026-01-24 18:19:47,110] [INFO] Model initialized on device: cuda:0
[2026-01-24 18:19:47,110] [INFO] [CLIENT INIT] Mode=SKH | Sparsity=ON (UsedSparsity=0.6) | Clusters=ON (UsedClusters=32) | EnvSparsityCfg={'Conv': 0.6, 'Linear': 0.6, 'Bias': 0.0, 'BatchNorm': 0.0} | EnvNClusters=32
[2026-01-24 18:19:47,112] [INFO] Model initialized on device: cuda:0
[2026-01-24 18:19:47,112] [INFO] [CLIENT INIT] Mode=SKH | Sparsity=ON (UsedSparsity=0.6) | Clusters=ON (UsedClusters=32) | EnvSparsityCfg={'Conv': 0.6, 'Linear': 0.6, 'Bias': 0.0, 'BatchNorm': 0.0} | EnvNClusters=32
[2026-01-24 18:19:47,116] [INFO] Model initialized on device: cuda:0
[2026-01-24 18:19:47,116] [INFO] [CLIENT INIT] Mode=SKH | Sparsity=ON (UsedSparsity=0.6) | Clusters=ON (UsedClusters=32) | EnvSparsityCfg={'Conv': 0.6, 'Linear': 0.6, 'Bias': 0.0, 'BatchNorm': 0.0} | EnvNClusters=32
[2026-01-24 18:19:51,285] [DEBUG] [TEST] Batch 1 | Pred shape: torch.Size([256, 256, 160]) | Label shape: torch.Size([256, 256, 160])
[2026-01-24 18:19:51,397] [DEBUG] [TEST] Batch 2 | Pred shape: torch.Size([256, 256, 160]) | Label shape: torch.Size([256, 256, 160])
[2026-01-24 18:19:51,452] [DEBUG] [TEST] Batch 3 | Pred shape: torch.Size([256, 256, 160]) | Label shape: torch.Size([256, 256, 160])
[2026-01-24 18:19:51,508] [DEBUG] [TEST] Batch 4 | Pred shape: torch.Size([256, 256, 160]) | Label shape: torch.Size([256, 256, 160])
[2026-01-24 18:19:51,562] [DEBUG] [TEST] Batch 5 | Pred shape: torch.Size([256, 256, 160]) | Label shape: torch.Size([256, 256, 160])
[2026-01-24 18:19:51,617] [DEBUG] [TEST] Batch 6 | Pred shape: torch.Size([256, 256, 160]) | Label shape: torch.Size([256, 256, 160])
[2026-01-24 18:19:51,672] [DEBUG] [TEST] Batch 7 | Pred shape: torch.Size([256, 256, 160]) | Label shape: torch.Size([256, 256, 160])
[2026-01-24 18:19:51,727] [DEBUG] [TEST] Batch 8 | Pred shape: torch.Size([256, 256, 160]) | Label shape: torch.Size([256, 256, 160])
[2026-01-24 18:19:51,782] [DEBUG] [TEST] Batch 9 | Pred shape: torch.Size([256, 256, 160]) | Label shape: torch.Size([256, 256, 160])
[2026-01-24 18:19:51,837] [DEBUG] [TEST] Batch 10 | Pred shape: torch.Size([256, 256, 160]) | Label shape: torch.Size([256, 256, 160])
[2026-01-24 18:19:55,072] [INFO] [FIT] Final model saved to: Revision2/Run_UNET_IID_SKHC32S60_20260124/Client2/model_final.pth
[2026-01-24 18:20:04,461] [INFO] [COMM][CLIENT] Round=-1 Mode=SKH UsedSparsity=0.6 UsedClusters=32 BaselineBits=154016352.0 CompressedBits=45515834.8 CR=3.384
[2026-01-24 18:20:36,619] [INFO] [EVALUATE] Starting evaluation...
[2026-01-24 18:20:37,825] [INFO] [DEBUG] Loaded compressed decoded weights.
[2026-01-24 18:21:37,302] [INFO] Model initialized on device: cuda:0
[2026-01-24 18:21:37,302] [INFO] [CLIENT INIT] Mode=SKH | Sparsity=ON (UsedSparsity=0.6) | Clusters=ON (UsedClusters=32) | EnvSparsityCfg={'Conv': 0.6, 'Linear': 0.6, 'Bias': 0.0, 'BatchNorm': 0.0} | EnvNClusters=32
[2026-01-24 18:21:37,595] [INFO] Model initialized on device: cuda:0
[2026-01-24 18:21:37,595] [INFO] [CLIENT INIT] Mode=SKH | Sparsity=ON (UsedSparsity=0.6) | Clusters=ON (UsedClusters=32) | EnvSparsityCfg={'Conv': 0.6, 'Linear': 0.6, 'Bias': 0.0, 'BatchNorm': 0.0} | EnvNClusters=32
[2026-01-24 18:21:43,539] [INFO] Model initialized on device: cuda:0
[2026-01-24 18:21:43,540] [INFO] [CLIENT INIT] Mode=SKH | Sparsity=ON (UsedSparsity=0.6) | Clusters=ON (UsedClusters=32) | EnvSparsityCfg={'Conv': 0.6, 'Linear': 0.6, 'Bias': 0.0, 'BatchNorm': 0.0} | EnvNClusters=32
[2026-01-24 18:21:44,108] [INFO] Model initialized on device: cuda:0
[2026-01-24 18:21:44,108] [INFO] [CLIENT INIT] Mode=SKH | Sparsity=ON (UsedSparsity=0.6) | Clusters=ON (UsedClusters=32) | EnvSparsityCfg={'Conv': 0.6, 'Linear': 0.6, 'Bias': 0.0, 'BatchNorm': 0.0} | EnvNClusters=32
[2026-01-24 18:21:44,130] [INFO] Model initialized on device: cuda:0
[2026-01-24 18:21:44,131] [INFO] [CLIENT INIT] Mode=SKH | Sparsity=ON (UsedSparsity=0.6) | Clusters=ON (UsedClusters=32) | EnvSparsityCfg={'Conv': 0.6, 'Linear': 0.6, 'Bias': 0.0, 'BatchNorm': 0.0} | EnvNClusters=32
[2026-01-24 18:21:44,244] [INFO] Model initialized on device: cuda:0
[2026-01-24 18:21:44,244] [INFO] [CLIENT INIT] Mode=SKH | Sparsity=ON (UsedSparsity=0.6) | Clusters=ON (UsedClusters=32) | EnvSparsityCfg={'Conv': 0.6, 'Linear': 0.6, 'Bias': 0.0, 'BatchNorm': 0.0} | EnvNClusters=32
[2026-01-24 18:21:44,429] [INFO] Model initialized on device: cuda:0
[2026-01-24 18:21:44,429] [INFO] [CLIENT INIT] Mode=SKH | Sparsity=ON (UsedSparsity=0.6) | Clusters=ON (UsedClusters=32) | EnvSparsityCfg={'Conv': 0.6, 'Linear': 0.6, 'Bias': 0.0, 'BatchNorm': 0.0} | EnvNClusters=32
[2026-01-24 18:21:44,457] [INFO] Model initialized on device: cuda:0
[2026-01-24 18:21:44,457] [INFO] [CLIENT INIT] Mode=SKH | Sparsity=ON (UsedSparsity=0.6) | Clusters=ON (UsedClusters=32) | EnvSparsityCfg={'Conv': 0.6, 'Linear': 0.6, 'Bias': 0.0, 'BatchNorm': 0.0} | EnvNClusters=32
[2026-01-24 18:21:44,646] [INFO] Model initialized on device: cuda:0
[2026-01-24 18:21:44,647] [INFO] [CLIENT INIT] Mode=SKH | Sparsity=ON (UsedSparsity=0.6) | Clusters=ON (UsedClusters=32) | EnvSparsityCfg={'Conv': 0.6, 'Linear': 0.6, 'Bias': 0.0, 'BatchNorm': 0.0} | EnvNClusters=32
[2026-01-24 18:21:45,622] [INFO] Model initialized on device: cuda:0
[2026-01-24 18:21:45,622] [INFO] [CLIENT INIT] Mode=SKH | Sparsity=ON (UsedSparsity=0.6) | Clusters=ON (UsedClusters=32) | EnvSparsityCfg={'Conv': 0.6, 'Linear': 0.6, 'Bias': 0.0, 'BatchNorm': 0.0} | EnvNClusters=32
[2026-01-24 18:21:47,650] [DEBUG] [TEST] Batch 1 | Pred shape: torch.Size([256, 256, 160]) | Label shape: torch.Size([256, 256, 160])
[2026-01-24 18:21:47,730] [DEBUG] [TEST] Batch 2 | Pred shape: torch.Size([256, 256, 160]) | Label shape: torch.Size([256, 256, 160])
[2026-01-24 18:21:48,645] [DEBUG] [TEST] Batch 3 | Pred shape: torch.Size([256, 256, 160]) | Label shape: torch.Size([256, 256, 160])
[2026-01-24 18:21:48,711] [DEBUG] [TEST] Batch 4 | Pred shape: torch.Size([256, 256, 160]) | Label shape: torch.Size([256, 256, 160])
[2026-01-24 18:21:48,768] [DEBUG] [TEST] Batch 5 | Pred shape: torch.Size([256, 256, 160]) | Label shape: torch.Size([256, 256, 160])
[2026-01-24 18:21:48,825] [DEBUG] [TEST] Batch 6 | Pred shape: torch.Size([256, 256, 160]) | Label shape: torch.Size([256, 256, 160])
[2026-01-24 18:21:48,883] [DEBUG] [TEST] Batch 7 | Pred shape: torch.Size([256, 256, 160]) | Label shape: torch.Size([256, 256, 160])
[2026-01-24 18:21:48,939] [DEBUG] [TEST] Batch 8 | Pred shape: torch.Size([256, 256, 160]) | Label shape: torch.Size([256, 256, 160])
[2026-01-24 18:21:48,996] [DEBUG] [TEST] Batch 9 | Pred shape: torch.Size([256, 256, 160]) | Label shape: torch.Size([256, 256, 160])
[2026-01-24 18:21:49,056] [DEBUG] [TEST] Batch 10 | Pred shape: torch.Size([256, 256, 160]) | Label shape: torch.Size([256, 256, 160])
[2026-01-24 18:21:53,175] [INFO] [EVALUATE] Dice WT: 0.5204
[2026-01-24 18:22:04,360] [INFO] [FIT] Received parameters. Starting local training...
[2026-01-24 18:22:06,017] [INFO] [DEBUG] Loaded compressed decoded weights.
[2026-01-24 18:23:12,319] [INFO] Model initialized on device: cuda:0
[2026-01-24 18:23:12,319] [INFO] [CLIENT INIT] Mode=SKH | Sparsity=ON (UsedSparsity=0.6) | Clusters=ON (UsedClusters=32) | EnvSparsityCfg={'Conv': 0.6, 'Linear': 0.6, 'Bias': 0.0, 'BatchNorm': 0.0} | EnvNClusters=32
[2026-01-24 18:23:13,111] [INFO] Model initialized on device: cuda:0
[2026-01-24 18:23:13,111] [INFO] [CLIENT INIT] Mode=SKH | Sparsity=ON (UsedSparsity=0.6) | Clusters=ON (UsedClusters=32) | EnvSparsityCfg={'Conv': 0.6, 'Linear': 0.6, 'Bias': 0.0, 'BatchNorm': 0.0} | EnvNClusters=32
[2026-01-24 18:23:13,112] [INFO] Model initialized on device: cuda:0
[2026-01-24 18:23:13,112] [INFO] [CLIENT INIT] Mode=SKH | Sparsity=ON (UsedSparsity=0.6) | Clusters=ON (UsedClusters=32) | EnvSparsityCfg={'Conv': 0.6, 'Linear': 0.6, 'Bias': 0.0, 'BatchNorm': 0.0} | EnvNClusters=32
[2026-01-24 18:23:13,141] [INFO] Model initialized on device: cuda:0
[2026-01-24 18:23:13,141] [INFO] [CLIENT INIT] Mode=SKH | Sparsity=ON (UsedSparsity=0.6) | Clusters=ON (UsedClusters=32) | EnvSparsityCfg={'Conv': 0.6, 'Linear': 0.6, 'Bias': 0.0, 'BatchNorm': 0.0} | EnvNClusters=32
[2026-01-24 18:23:13,238] [INFO] Model initialized on device: cuda:0
[2026-01-24 18:23:13,238] [INFO] [CLIENT INIT] Mode=SKH | Sparsity=ON (UsedSparsity=0.6) | Clusters=ON (UsedClusters=32) | EnvSparsityCfg={'Conv': 0.6, 'Linear': 0.6, 'Bias': 0.0, 'BatchNorm': 0.0} | EnvNClusters=32
[2026-01-24 18:23:13,339] [INFO] Model initialized on device: cuda:0
[2026-01-24 18:23:13,339] [INFO] [CLIENT INIT] Mode=SKH | Sparsity=ON (UsedSparsity=0.6) | Clusters=ON (UsedClusters=32) | EnvSparsityCfg={'Conv': 0.6, 'Linear': 0.6, 'Bias': 0.0, 'BatchNorm': 0.0} | EnvNClusters=32
[2026-01-24 18:23:13,343] [INFO] Model initialized on device: cuda:0
[2026-01-24 18:23:13,343] [INFO] [CLIENT INIT] Mode=SKH | Sparsity=ON (UsedSparsity=0.6) | Clusters=ON (UsedClusters=32) | EnvSparsityCfg={'Conv': 0.6, 'Linear': 0.6, 'Bias': 0.0, 'BatchNorm': 0.0} | EnvNClusters=32
[2026-01-24 18:23:13,411] [INFO] Model initialized on device: cuda:0
[2026-01-24 18:23:13,411] [INFO] [CLIENT INIT] Mode=SKH | Sparsity=ON (UsedSparsity=0.6) | Clusters=ON (UsedClusters=32) | EnvSparsityCfg={'Conv': 0.6, 'Linear': 0.6, 'Bias': 0.0, 'BatchNorm': 0.0} | EnvNClusters=32
[2026-01-24 18:23:13,413] [INFO] Model initialized on device: cuda:0
[2026-01-24 18:23:13,413] [INFO] [CLIENT INIT] Mode=SKH | Sparsity=ON (UsedSparsity=0.6) | Clusters=ON (UsedClusters=32) | EnvSparsityCfg={'Conv': 0.6, 'Linear': 0.6, 'Bias': 0.0, 'BatchNorm': 0.0} | EnvNClusters=32
[2026-01-24 18:23:13,415] [INFO] Model initialized on device: cuda:0
[2026-01-24 18:23:13,415] [INFO] [CLIENT INIT] Mode=SKH | Sparsity=ON (UsedSparsity=0.6) | Clusters=ON (UsedClusters=32) | EnvSparsityCfg={'Conv': 0.6, 'Linear': 0.6, 'Bias': 0.0, 'BatchNorm': 0.0} | EnvNClusters=32
[2026-01-24 18:24:21,944] [INFO] [TRAIN] Epoch 1 Loss: 0.9804
[2026-01-24 18:25:29,311] [INFO] Model initialized on device: cuda:0
[2026-01-24 18:25:29,311] [INFO] [CLIENT INIT] Mode=SKH | Sparsity=ON (UsedSparsity=0.6) | Clusters=ON (UsedClusters=32) | EnvSparsityCfg={'Conv': 0.6, 'Linear': 0.6, 'Bias': 0.0, 'BatchNorm': 0.0} | EnvNClusters=32
[2026-01-24 18:25:29,313] [INFO] Model initialized on device: cuda:0
[2026-01-24 18:25:29,313] [INFO] [CLIENT INIT] Mode=SKH | Sparsity=ON (UsedSparsity=0.6) | Clusters=ON (UsedClusters=32) | EnvSparsityCfg={'Conv': 0.6, 'Linear': 0.6, 'Bias': 0.0, 'BatchNorm': 0.0} | EnvNClusters=32
[2026-01-24 18:25:29,432] [INFO] Model initialized on device: cuda:0
[2026-01-24 18:25:29,432] [INFO] [CLIENT INIT] Mode=SKH | Sparsity=ON (UsedSparsity=0.6) | Clusters=ON (UsedClusters=32) | EnvSparsityCfg={'Conv': 0.6, 'Linear': 0.6, 'Bias': 0.0, 'BatchNorm': 0.0} | EnvNClusters=32
[2026-01-24 18:25:29,621] [INFO] Model initialized on device: cuda:0
[2026-01-24 18:25:29,621] [INFO] [CLIENT INIT] Mode=SKH | Sparsity=ON (UsedSparsity=0.6) | Clusters=ON (UsedClusters=32) | EnvSparsityCfg={'Conv': 0.6, 'Linear': 0.6, 'Bias': 0.0, 'BatchNorm': 0.0} | EnvNClusters=32
[2026-01-24 18:25:29,831] [INFO] Model initialized on device: cuda:0
[2026-01-24 18:25:29,831] [INFO] [CLIENT INIT] Mode=SKH | Sparsity=ON (UsedSparsity=0.6) | Clusters=ON (UsedClusters=32) | EnvSparsityCfg={'Conv': 0.6, 'Linear': 0.6, 'Bias': 0.0, 'BatchNorm': 0.0} | EnvNClusters=32
[2026-01-24 18:25:29,907] [INFO] Model initialized on device: cuda:0
[2026-01-24 18:25:29,908] [INFO] [CLIENT INIT] Mode=SKH | Sparsity=ON (UsedSparsity=0.6) | Clusters=ON (UsedClusters=32) | EnvSparsityCfg={'Conv': 0.6, 'Linear': 0.6, 'Bias': 0.0, 'BatchNorm': 0.0} | EnvNClusters=32
[2026-01-24 18:25:29,908] [INFO] Model initialized on device: cuda:0
[2026-01-24 18:25:29,908] [INFO] [CLIENT INIT] Mode=SKH | Sparsity=ON (UsedSparsity=0.6) | Clusters=ON (UsedClusters=32) | EnvSparsityCfg={'Conv': 0.6, 'Linear': 0.6, 'Bias': 0.0, 'BatchNorm': 0.0} | EnvNClusters=32
[2026-01-24 18:25:29,911] [INFO] Model initialized on device: cuda:0
[2026-01-24 18:25:29,912] [INFO] [CLIENT INIT] Mode=SKH | Sparsity=ON (UsedSparsity=0.6) | Clusters=ON (UsedClusters=32) | EnvSparsityCfg={'Conv': 0.6, 'Linear': 0.6, 'Bias': 0.0, 'BatchNorm': 0.0} | EnvNClusters=32
[2026-01-24 18:25:29,911] [INFO] Model initialized on device: cuda:0
[2026-01-24 18:25:29,912] [INFO] [CLIENT INIT] Mode=SKH | Sparsity=ON (UsedSparsity=0.6) | Clusters=ON (UsedClusters=32) | EnvSparsityCfg={'Conv': 0.6, 'Linear': 0.6, 'Bias': 0.0, 'BatchNorm': 0.0} | EnvNClusters=32
[2026-01-24 18:25:29,913] [INFO] Model initialized on device: cuda:0
[2026-01-24 18:25:29,914] [INFO] [CLIENT INIT] Mode=SKH | Sparsity=ON (UsedSparsity=0.6) | Clusters=ON (UsedClusters=32) | EnvSparsityCfg={'Conv': 0.6, 'Linear': 0.6, 'Bias': 0.0, 'BatchNorm': 0.0} | EnvNClusters=32
[2026-01-24 18:26:35,753] [INFO] [TRAIN] Epoch 2 Loss: 0.9795
[2026-01-24 18:27:35,920] [INFO] Model initialized on device: cuda:0
[2026-01-24 18:27:35,920] [INFO] [CLIENT INIT] Mode=SKH | Sparsity=ON (UsedSparsity=0.6) | Clusters=ON (UsedClusters=32) | EnvSparsityCfg={'Conv': 0.6, 'Linear': 0.6, 'Bias': 0.0, 'BatchNorm': 0.0} | EnvNClusters=32
[2026-01-24 18:27:38,716] [INFO] Model initialized on device: cuda:0
[2026-01-24 18:27:38,716] [INFO] [CLIENT INIT] Mode=SKH | Sparsity=ON (UsedSparsity=0.6) | Clusters=ON (UsedClusters=32) | EnvSparsityCfg={'Conv': 0.6, 'Linear': 0.6, 'Bias': 0.0, 'BatchNorm': 0.0} | EnvNClusters=32
[2026-01-24 18:27:38,720] [INFO] Model initialized on device: cuda:0
[2026-01-24 18:27:38,720] [INFO] [CLIENT INIT] Mode=SKH | Sparsity=ON (UsedSparsity=0.6) | Clusters=ON (UsedClusters=32) | EnvSparsityCfg={'Conv': 0.6, 'Linear': 0.6, 'Bias': 0.0, 'BatchNorm': 0.0} | EnvNClusters=32
[2026-01-24 18:27:38,916] [INFO] Model initialized on device: cuda:0
[2026-01-24 18:27:38,916] [INFO] [CLIENT INIT] Mode=SKH | Sparsity=ON (UsedSparsity=0.6) | Clusters=ON (UsedClusters=32) | EnvSparsityCfg={'Conv': 0.6, 'Linear': 0.6, 'Bias': 0.0, 'BatchNorm': 0.0} | EnvNClusters=32
[2026-01-24 18:27:39,629] [INFO] Model initialized on device: cuda:0
[2026-01-24 18:27:39,629] [INFO] [CLIENT INIT] Mode=SKH | Sparsity=ON (UsedSparsity=0.6) | Clusters=ON (UsedClusters=32) | EnvSparsityCfg={'Conv': 0.6, 'Linear': 0.6, 'Bias': 0.0, 'BatchNorm': 0.0} | EnvNClusters=32
[2026-01-24 18:27:39,812] [INFO] Model initialized on device: cuda:0
[2026-01-24 18:27:39,812] [INFO] [CLIENT INIT] Mode=SKH | Sparsity=ON (UsedSparsity=0.6) | Clusters=ON (UsedClusters=32) | EnvSparsityCfg={'Conv': 0.6, 'Linear': 0.6, 'Bias': 0.0, 'BatchNorm': 0.0} | EnvNClusters=32
[2026-01-24 18:27:39,942] [INFO] Model initialized on device: cuda:0
[2026-01-24 18:27:39,942] [INFO] [CLIENT INIT] Mode=SKH | Sparsity=ON (UsedSparsity=0.6) | Clusters=ON (UsedClusters=32) | EnvSparsityCfg={'Conv': 0.6, 'Linear': 0.6, 'Bias': 0.0, 'BatchNorm': 0.0} | EnvNClusters=32
[2026-01-24 18:27:40,022] [INFO] Model initialized on device: cuda:0
[2026-01-24 18:27:40,023] [INFO] [CLIENT INIT] Mode=SKH | Sparsity=ON (UsedSparsity=0.6) | Clusters=ON (UsedClusters=32) | EnvSparsityCfg={'Conv': 0.6, 'Linear': 0.6, 'Bias': 0.0, 'BatchNorm': 0.0} | EnvNClusters=32
[2026-01-24 18:27:40,028] [INFO] Model initialized on device: cuda:0
[2026-01-24 18:27:40,028] [INFO] [CLIENT INIT] Mode=SKH | Sparsity=ON (UsedSparsity=0.6) | Clusters=ON (UsedClusters=32) | EnvSparsityCfg={'Conv': 0.6, 'Linear': 0.6, 'Bias': 0.0, 'BatchNorm': 0.0} | EnvNClusters=32
[2026-01-24 18:27:40,036] [INFO] Model initialized on device: cuda:0
[2026-01-24 18:27:40,036] [INFO] [CLIENT INIT] Mode=SKH | Sparsity=ON (UsedSparsity=0.6) | Clusters=ON (UsedClusters=32) | EnvSparsityCfg={'Conv': 0.6, 'Linear': 0.6, 'Bias': 0.0, 'BatchNorm': 0.0} | EnvNClusters=32
[2026-01-24 18:28:42,111] [INFO] [TRAIN] Epoch 3 Loss: 0.9787
[2026-01-24 18:29:30,115] [INFO] Model initialized on device: cuda:0
[2026-01-24 18:29:30,115] [INFO] [CLIENT INIT] Mode=SKH | Sparsity=ON (UsedSparsity=0.6) | Clusters=ON (UsedClusters=32) | EnvSparsityCfg={'Conv': 0.6, 'Linear': 0.6, 'Bias': 0.0, 'BatchNorm': 0.0} | EnvNClusters=32
[2026-01-24 18:29:32,924] [INFO] Model initialized on device: cuda:0
[2026-01-24 18:29:32,924] [INFO] [CLIENT INIT] Mode=SKH | Sparsity=ON (UsedSparsity=0.6) | Clusters=ON (UsedClusters=32) | EnvSparsityCfg={'Conv': 0.6, 'Linear': 0.6, 'Bias': 0.0, 'BatchNorm': 0.0} | EnvNClusters=32
[2026-01-24 18:29:33,739] [INFO] Model initialized on device: cuda:0
[2026-01-24 18:29:33,739] [INFO] [CLIENT INIT] Mode=SKH | Sparsity=ON (UsedSparsity=0.6) | Clusters=ON (UsedClusters=32) | EnvSparsityCfg={'Conv': 0.6, 'Linear': 0.6, 'Bias': 0.0, 'BatchNorm': 0.0} | EnvNClusters=32
[2026-01-24 18:29:33,836] [INFO] Model initialized on device: cuda:0
[2026-01-24 18:29:33,837] [INFO] [CLIENT INIT] Mode=SKH | Sparsity=ON (UsedSparsity=0.6) | Clusters=ON (UsedClusters=32) | EnvSparsityCfg={'Conv': 0.6, 'Linear': 0.6, 'Bias': 0.0, 'BatchNorm': 0.0} | EnvNClusters=32
[2026-01-24 18:29:33,840] [INFO] Model initialized on device: cuda:0
[2026-01-24 18:29:33,841] [INFO] Model initialized on device: cuda:0
[2026-01-24 18:29:33,841] [INFO] [CLIENT INIT] Mode=SKH | Sparsity=ON (UsedSparsity=0.6) | Clusters=ON (UsedClusters=32) | EnvSparsityCfg={'Conv': 0.6, 'Linear': 0.6, 'Bias': 0.0, 'BatchNorm': 0.0} | EnvNClusters=32
[2026-01-24 18:29:33,841] [INFO] [CLIENT INIT] Mode=SKH | Sparsity=ON (UsedSparsity=0.6) | Clusters=ON (UsedClusters=32) | EnvSparsityCfg={'Conv': 0.6, 'Linear': 0.6, 'Bias': 0.0, 'BatchNorm': 0.0} | EnvNClusters=32
[2026-01-24 18:29:33,841] [INFO] Model initialized on device: cuda:0
[2026-01-24 18:29:33,841] [INFO] Model initialized on device: cuda:0
[2026-01-24 18:29:33,842] [INFO] [CLIENT INIT] Mode=SKH | Sparsity=ON (UsedSparsity=0.6) | Clusters=ON (UsedClusters=32) | EnvSparsityCfg={'Conv': 0.6, 'Linear': 0.6, 'Bias': 0.0, 'BatchNorm': 0.0} | EnvNClusters=32
[2026-01-24 18:29:33,842] [INFO] [CLIENT INIT] Mode=SKH | Sparsity=ON (UsedSparsity=0.6) | Clusters=ON (UsedClusters=32) | EnvSparsityCfg={'Conv': 0.6, 'Linear': 0.6, 'Bias': 0.0, 'BatchNorm': 0.0} | EnvNClusters=32
[2026-01-24 18:29:33,842] [INFO] Model initialized on device: cuda:0
[2026-01-24 18:29:33,842] [INFO] [CLIENT INIT] Mode=SKH | Sparsity=ON (UsedSparsity=0.6) | Clusters=ON (UsedClusters=32) | EnvSparsityCfg={'Conv': 0.6, 'Linear': 0.6, 'Bias': 0.0, 'BatchNorm': 0.0} | EnvNClusters=32
[2026-01-24 18:29:33,843] [INFO] Model initialized on device: cuda:0
[2026-01-24 18:29:33,843] [INFO] [CLIENT INIT] Mode=SKH | Sparsity=ON (UsedSparsity=0.6) | Clusters=ON (UsedClusters=32) | EnvSparsityCfg={'Conv': 0.6, 'Linear': 0.6, 'Bias': 0.0, 'BatchNorm': 0.0} | EnvNClusters=32
[2026-01-24 18:30:34,315] [INFO] [TRAIN] Epoch 4 Loss: 0.9780
[2026-01-24 18:31:07,123] [INFO] Model initialized on device: cuda:0
[2026-01-24 18:31:07,123] [INFO] [CLIENT INIT] Mode=SKH | Sparsity=ON (UsedSparsity=0.6) | Clusters=ON (UsedClusters=32) | EnvSparsityCfg={'Conv': 0.6, 'Linear': 0.6, 'Bias': 0.0, 'BatchNorm': 0.0} | EnvNClusters=32
[2026-01-24 18:31:09,612] [INFO] Model initialized on device: cuda:0
[2026-01-24 18:31:09,612] [INFO] [CLIENT INIT] Mode=SKH | Sparsity=ON (UsedSparsity=0.6) | Clusters=ON (UsedClusters=32) | EnvSparsityCfg={'Conv': 0.6, 'Linear': 0.6, 'Bias': 0.0, 'BatchNorm': 0.0} | EnvNClusters=32
[2026-01-24 18:31:10,608] [INFO] Model initialized on device: cuda:0
[2026-01-24 18:31:10,609] [INFO] [CLIENT INIT] Mode=SKH | Sparsity=ON (UsedSparsity=0.6) | Clusters=ON (UsedClusters=32) | EnvSparsityCfg={'Conv': 0.6, 'Linear': 0.6, 'Bias': 0.0, 'BatchNorm': 0.0} | EnvNClusters=32
[2026-01-24 18:31:18,342] [INFO] Model initialized on device: cuda:0
[2026-01-24 18:31:18,342] [INFO] [CLIENT INIT] Mode=SKH | Sparsity=ON (UsedSparsity=0.6) | Clusters=ON (UsedClusters=32) | EnvSparsityCfg={'Conv': 0.6, 'Linear': 0.6, 'Bias': 0.0, 'BatchNorm': 0.0} | EnvNClusters=32
[2026-01-24 18:31:18,636] [INFO] Model initialized on device: cuda:0
[2026-01-24 18:31:18,636] [INFO] [CLIENT INIT] Mode=SKH | Sparsity=ON (UsedSparsity=0.6) | Clusters=ON (UsedClusters=32) | EnvSparsityCfg={'Conv': 0.6, 'Linear': 0.6, 'Bias': 0.0, 'BatchNorm': 0.0} | EnvNClusters=32
[2026-01-24 18:31:18,718] [INFO] Model initialized on device: cuda:0
[2026-01-24 18:31:18,719] [INFO] [CLIENT INIT] Mode=SKH | Sparsity=ON (UsedSparsity=0.6) | Clusters=ON (UsedClusters=32) | EnvSparsityCfg={'Conv': 0.6, 'Linear': 0.6, 'Bias': 0.0, 'BatchNorm': 0.0} | EnvNClusters=32
[2026-01-24 18:31:18,833] [INFO] Model initialized on device: cuda:0
[2026-01-24 18:31:18,833] [INFO] [CLIENT INIT] Mode=SKH | Sparsity=ON (UsedSparsity=0.6) | Clusters=ON (UsedClusters=32) | EnvSparsityCfg={'Conv': 0.6, 'Linear': 0.6, 'Bias': 0.0, 'BatchNorm': 0.0} | EnvNClusters=32
[2026-01-24 18:31:18,835] [INFO] Model initialized on device: cuda:0
[2026-01-24 18:31:18,836] [INFO] [CLIENT INIT] Mode=SKH | Sparsity=ON (UsedSparsity=0.6) | Clusters=ON (UsedClusters=32) | EnvSparsityCfg={'Conv': 0.6, 'Linear': 0.6, 'Bias': 0.0, 'BatchNorm': 0.0} | EnvNClusters=32
[2026-01-24 18:31:18,839] [INFO] Model initialized on device: cuda:0
[2026-01-24 18:31:18,839] [INFO] [CLIENT INIT] Mode=SKH | Sparsity=ON (UsedSparsity=0.6) | Clusters=ON (UsedClusters=32) | EnvSparsityCfg={'Conv': 0.6, 'Linear': 0.6, 'Bias': 0.0, 'BatchNorm': 0.0} | EnvNClusters=32
[2026-01-24 18:31:18,914] [INFO] Model initialized on device: cuda:0
[2026-01-24 18:31:18,914] [INFO] [CLIENT INIT] Mode=SKH | Sparsity=ON (UsedSparsity=0.6) | Clusters=ON (UsedClusters=32) | EnvSparsityCfg={'Conv': 0.6, 'Linear': 0.6, 'Bias': 0.0, 'BatchNorm': 0.0} | EnvNClusters=32
[2026-01-24 18:32:17,756] [INFO] [TRAIN] Epoch 5 Loss: 0.9770
[2026-01-24 18:32:17,757] [INFO] [FIT] Local training finished. Avg Loss: 0.9787
[2026-01-24 18:32:41,355] [INFO] Model initialized on device: cuda:0
[2026-01-24 18:32:41,355] [INFO] [CLIENT INIT] Mode=SKH | Sparsity=ON (UsedSparsity=0.6) | Clusters=ON (UsedClusters=32) | EnvSparsityCfg={'Conv': 0.6, 'Linear': 0.6, 'Bias': 0.0, 'BatchNorm': 0.0} | EnvNClusters=32
[2026-01-24 18:32:41,791] [INFO] Model initialized on device: cuda:0
[2026-01-24 18:32:41,791] [INFO] [CLIENT INIT] Mode=SKH | Sparsity=ON (UsedSparsity=0.6) | Clusters=ON (UsedClusters=32) | EnvSparsityCfg={'Conv': 0.6, 'Linear': 0.6, 'Bias': 0.0, 'BatchNorm': 0.0} | EnvNClusters=32
[2026-01-24 18:32:41,991] [INFO] Model initialized on device: cuda:0
[2026-01-24 18:32:41,991] [INFO] [CLIENT INIT] Mode=SKH | Sparsity=ON (UsedSparsity=0.6) | Clusters=ON (UsedClusters=32) | EnvSparsityCfg={'Conv': 0.6, 'Linear': 0.6, 'Bias': 0.0, 'BatchNorm': 0.0} | EnvNClusters=32
[2026-01-24 18:32:42,016] [INFO] Model initialized on device: cuda:0
[2026-01-24 18:32:42,016] [INFO] [CLIENT INIT] Mode=SKH | Sparsity=ON (UsedSparsity=0.6) | Clusters=ON (UsedClusters=32) | EnvSparsityCfg={'Conv': 0.6, 'Linear': 0.6, 'Bias': 0.0, 'BatchNorm': 0.0} | EnvNClusters=32
[2026-01-24 18:32:42,095] [INFO] Model initialized on device: cuda:0
[2026-01-24 18:32:42,095] [INFO] [CLIENT INIT] Mode=SKH | Sparsity=ON (UsedSparsity=0.6) | Clusters=ON (UsedClusters=32) | EnvSparsityCfg={'Conv': 0.6, 'Linear': 0.6, 'Bias': 0.0, 'BatchNorm': 0.0} | EnvNClusters=32
[2026-01-24 18:32:42,106] [INFO] Model initialized on device: cuda:0
[2026-01-24 18:32:42,106] [INFO] [CLIENT INIT] Mode=SKH | Sparsity=ON (UsedSparsity=0.6) | Clusters=ON (UsedClusters=32) | EnvSparsityCfg={'Conv': 0.6, 'Linear': 0.6, 'Bias': 0.0, 'BatchNorm': 0.0} | EnvNClusters=32
[2026-01-24 18:32:42,106] [INFO] Model initialized on device: cuda:0
[2026-01-24 18:32:42,106] [INFO] [CLIENT INIT] Mode=SKH | Sparsity=ON (UsedSparsity=0.6) | Clusters=ON (UsedClusters=32) | EnvSparsityCfg={'Conv': 0.6, 'Linear': 0.6, 'Bias': 0.0, 'BatchNorm': 0.0} | EnvNClusters=32
[2026-01-24 18:32:42,107] [INFO] Model initialized on device: cuda:0
[2026-01-24 18:32:42,107] [INFO] [CLIENT INIT] Mode=SKH | Sparsity=ON (UsedSparsity=0.6) | Clusters=ON (UsedClusters=32) | EnvSparsityCfg={'Conv': 0.6, 'Linear': 0.6, 'Bias': 0.0, 'BatchNorm': 0.0} | EnvNClusters=32
[2026-01-24 18:32:42,107] [INFO] Model initialized on device: cuda:0
[2026-01-24 18:32:42,108] [INFO] [CLIENT INIT] Mode=SKH | Sparsity=ON (UsedSparsity=0.6) | Clusters=ON (UsedClusters=32) | EnvSparsityCfg={'Conv': 0.6, 'Linear': 0.6, 'Bias': 0.0, 'BatchNorm': 0.0} | EnvNClusters=32
[2026-01-24 18:32:42,108] [INFO] Model initialized on device: cuda:0
[2026-01-24 18:32:42,109] [INFO] [CLIENT INIT] Mode=SKH | Sparsity=ON (UsedSparsity=0.6) | Clusters=ON (UsedClusters=32) | EnvSparsityCfg={'Conv': 0.6, 'Linear': 0.6, 'Bias': 0.0, 'BatchNorm': 0.0} | EnvNClusters=32
[2026-01-24 18:32:45,042] [DEBUG] [TEST] Batch 1 | Pred shape: torch.Size([256, 256, 160]) | Label shape: torch.Size([256, 256, 160])
[2026-01-24 18:32:45,261] [DEBUG] [TEST] Batch 2 | Pred shape: torch.Size([256, 256, 160]) | Label shape: torch.Size([256, 256, 160])
[2026-01-24 18:32:45,571] [DEBUG] [TEST] Batch 3 | Pred shape: torch.Size([256, 256, 160]) | Label shape: torch.Size([256, 256, 160])
[2026-01-24 18:32:45,626] [DEBUG] [TEST] Batch 4 | Pred shape: torch.Size([256, 256, 160]) | Label shape: torch.Size([256, 256, 160])
[2026-01-24 18:32:45,762] [DEBUG] [TEST] Batch 5 | Pred shape: torch.Size([256, 256, 160]) | Label shape: torch.Size([256, 256, 160])
[2026-01-24 18:32:45,817] [DEBUG] [TEST] Batch 6 | Pred shape: torch.Size([256, 256, 160]) | Label shape: torch.Size([256, 256, 160])
[2026-01-24 18:32:45,871] [DEBUG] [TEST] Batch 7 | Pred shape: torch.Size([256, 256, 160]) | Label shape: torch.Size([256, 256, 160])
[2026-01-24 18:32:45,927] [DEBUG] [TEST] Batch 8 | Pred shape: torch.Size([256, 256, 160]) | Label shape: torch.Size([256, 256, 160])
[2026-01-24 18:32:45,982] [DEBUG] [TEST] Batch 9 | Pred shape: torch.Size([256, 256, 160]) | Label shape: torch.Size([256, 256, 160])
[2026-01-24 18:32:46,036] [DEBUG] [TEST] Batch 10 | Pred shape: torch.Size([256, 256, 160]) | Label shape: torch.Size([256, 256, 160])
[2026-01-24 18:32:48,773] [INFO] [FIT] Final model saved to: Revision2/Run_UNET_IID_SKHC32S60_20260124/Client2/model_final.pth
[2026-01-24 18:32:57,233] [INFO] [COMM][CLIENT] Round=-1 Mode=SKH UsedSparsity=0.6 UsedClusters=32 BaselineBits=154016352.0 CompressedBits=45481504.7 CR=3.386
[2026-01-24 18:33:28,317] [INFO] [EVALUATE] Starting evaluation...
[2026-01-24 18:33:29,522] [INFO] [DEBUG] Loaded compressed decoded weights.
[2026-01-24 18:34:39,293] [INFO] Model initialized on device: cuda:0
[2026-01-24 18:34:39,293] [INFO] [CLIENT INIT] Mode=SKH | Sparsity=ON (UsedSparsity=0.6) | Clusters=ON (UsedClusters=32) | EnvSparsityCfg={'Conv': 0.6, 'Linear': 0.6, 'Bias': 0.0, 'BatchNorm': 0.0} | EnvNClusters=32
[2026-01-24 18:34:39,480] [INFO] Model initialized on device: cuda:0
[2026-01-24 18:34:39,480] [INFO] [CLIENT INIT] Mode=SKH | Sparsity=ON (UsedSparsity=0.6) | Clusters=ON (UsedClusters=32) | EnvSparsityCfg={'Conv': 0.6, 'Linear': 0.6, 'Bias': 0.0, 'BatchNorm': 0.0} | EnvNClusters=32
[2026-01-24 18:34:40,021] [INFO] Model initialized on device: cuda:0
[2026-01-24 18:34:40,022] [INFO] [CLIENT INIT] Mode=SKH | Sparsity=ON (UsedSparsity=0.6) | Clusters=ON (UsedClusters=32) | EnvSparsityCfg={'Conv': 0.6, 'Linear': 0.6, 'Bias': 0.0, 'BatchNorm': 0.0} | EnvNClusters=32
[2026-01-24 18:34:40,514] [INFO] Model initialized on device: cuda:0
[2026-01-24 18:34:40,514] [INFO] [CLIENT INIT] Mode=SKH | Sparsity=ON (UsedSparsity=0.6) | Clusters=ON (UsedClusters=32) | EnvSparsityCfg={'Conv': 0.6, 'Linear': 0.6, 'Bias': 0.0, 'BatchNorm': 0.0} | EnvNClusters=32
[2026-01-24 18:34:40,515] [INFO] Model initialized on device: cuda:0
[2026-01-24 18:34:40,515] [INFO] [CLIENT INIT] Mode=SKH | Sparsity=ON (UsedSparsity=0.6) | Clusters=ON (UsedClusters=32) | EnvSparsityCfg={'Conv': 0.6, 'Linear': 0.6, 'Bias': 0.0, 'BatchNorm': 0.0} | EnvNClusters=32
[2026-01-24 18:34:40,719] [INFO] Model initialized on device: cuda:0
[2026-01-24 18:34:40,719] [INFO] [CLIENT INIT] Mode=SKH | Sparsity=ON (UsedSparsity=0.6) | Clusters=ON (UsedClusters=32) | EnvSparsityCfg={'Conv': 0.6, 'Linear': 0.6, 'Bias': 0.0, 'BatchNorm': 0.0} | EnvNClusters=32
[2026-01-24 18:34:40,741] [INFO] Model initialized on device: cuda:0
[2026-01-24 18:34:40,741] [INFO] [CLIENT INIT] Mode=SKH | Sparsity=ON (UsedSparsity=0.6) | Clusters=ON (UsedClusters=32) | EnvSparsityCfg={'Conv': 0.6, 'Linear': 0.6, 'Bias': 0.0, 'BatchNorm': 0.0} | EnvNClusters=32
[2026-01-24 18:34:40,830] [INFO] Model initialized on device: cuda:0
[2026-01-24 18:34:40,831] [INFO] [CLIENT INIT] Mode=SKH | Sparsity=ON (UsedSparsity=0.6) | Clusters=ON (UsedClusters=32) | EnvSparsityCfg={'Conv': 0.6, 'Linear': 0.6, 'Bias': 0.0, 'BatchNorm': 0.0} | EnvNClusters=32
[2026-01-24 18:34:40,837] [INFO] Model initialized on device: cuda:0
[2026-01-24 18:34:40,837] [INFO] [CLIENT INIT] Mode=SKH | Sparsity=ON (UsedSparsity=0.6) | Clusters=ON (UsedClusters=32) | EnvSparsityCfg={'Conv': 0.6, 'Linear': 0.6, 'Bias': 0.0, 'BatchNorm': 0.0} | EnvNClusters=32
[2026-01-24 18:34:40,910] [INFO] Model initialized on device: cuda:0
[2026-01-24 18:34:40,910] [INFO] [CLIENT INIT] Mode=SKH | Sparsity=ON (UsedSparsity=0.6) | Clusters=ON (UsedClusters=32) | EnvSparsityCfg={'Conv': 0.6, 'Linear': 0.6, 'Bias': 0.0, 'BatchNorm': 0.0} | EnvNClusters=32
[2026-01-24 18:34:47,668] [DEBUG] [TEST] Batch 1 | Pred shape: torch.Size([256, 256, 160]) | Label shape: torch.Size([256, 256, 160])
[2026-01-24 18:34:47,881] [DEBUG] [TEST] Batch 2 | Pred shape: torch.Size([256, 256, 160]) | Label shape: torch.Size([256, 256, 160])
[2026-01-24 18:34:48,111] [DEBUG] [TEST] Batch 3 | Pred shape: torch.Size([256, 256, 160]) | Label shape: torch.Size([256, 256, 160])
[2026-01-24 18:34:48,363] [DEBUG] [TEST] Batch 4 | Pred shape: torch.Size([256, 256, 160]) | Label shape: torch.Size([256, 256, 160])
[2026-01-24 18:34:48,610] [DEBUG] [TEST] Batch 5 | Pred shape: torch.Size([256, 256, 160]) | Label shape: torch.Size([256, 256, 160])
[2026-01-24 18:34:48,848] [DEBUG] [TEST] Batch 6 | Pred shape: torch.Size([256, 256, 160]) | Label shape: torch.Size([256, 256, 160])
[2026-01-24 18:34:49,075] [DEBUG] [TEST] Batch 7 | Pred shape: torch.Size([256, 256, 160]) | Label shape: torch.Size([256, 256, 160])
[2026-01-24 18:34:49,239] [DEBUG] [TEST] Batch 8 | Pred shape: torch.Size([256, 256, 160]) | Label shape: torch.Size([256, 256, 160])
[2026-01-24 18:34:49,408] [DEBUG] [TEST] Batch 9 | Pred shape: torch.Size([256, 256, 160]) | Label shape: torch.Size([256, 256, 160])
[2026-01-24 18:34:49,526] [DEBUG] [TEST] Batch 10 | Pred shape: torch.Size([256, 256, 160]) | Label shape: torch.Size([256, 256, 160])
[2026-01-24 18:34:57,765] [INFO] [EVALUATE] Dice WT: 0.3730
[2026-01-24 18:34:59,530] [INFO] [FIT] Received parameters. Starting local training...
[2026-01-24 18:35:00,615] [INFO] [DEBUG] Loaded compressed decoded weights.
[2026-01-24 18:36:00,618] [INFO] Model initialized on device: cuda:0
[2026-01-24 18:36:00,618] [INFO] [CLIENT INIT] Mode=SKH | Sparsity=ON (UsedSparsity=0.6) | Clusters=ON (UsedClusters=32) | EnvSparsityCfg={'Conv': 0.6, 'Linear': 0.6, 'Bias': 0.0, 'BatchNorm': 0.0} | EnvNClusters=32
[2026-01-24 18:36:00,636] [INFO] Model initialized on device: cuda:0
[2026-01-24 18:36:00,636] [INFO] [CLIENT INIT] Mode=SKH | Sparsity=ON (UsedSparsity=0.6) | Clusters=ON (UsedClusters=32) | EnvSparsityCfg={'Conv': 0.6, 'Linear': 0.6, 'Bias': 0.0, 'BatchNorm': 0.0} | EnvNClusters=32
[2026-01-24 18:36:03,824] [INFO] Model initialized on device: cuda:0
[2026-01-24 18:36:03,824] [INFO] [CLIENT INIT] Mode=SKH | Sparsity=ON (UsedSparsity=0.6) | Clusters=ON (UsedClusters=32) | EnvSparsityCfg={'Conv': 0.6, 'Linear': 0.6, 'Bias': 0.0, 'BatchNorm': 0.0} | EnvNClusters=32
[2026-01-24 18:36:03,972] [INFO] Model initialized on device: cuda:0
[2026-01-24 18:36:03,972] [INFO] [CLIENT INIT] Mode=SKH | Sparsity=ON (UsedSparsity=0.6) | Clusters=ON (UsedClusters=32) | EnvSparsityCfg={'Conv': 0.6, 'Linear': 0.6, 'Bias': 0.0, 'BatchNorm': 0.0} | EnvNClusters=32
[2026-01-24 18:36:04,020] [INFO] Model initialized on device: cuda:0
[2026-01-24 18:36:04,021] [INFO] [CLIENT INIT] Mode=SKH | Sparsity=ON (UsedSparsity=0.6) | Clusters=ON (UsedClusters=32) | EnvSparsityCfg={'Conv': 0.6, 'Linear': 0.6, 'Bias': 0.0, 'BatchNorm': 0.0} | EnvNClusters=32
[2026-01-24 18:36:04,362] [INFO] Model initialized on device: cuda:0
[2026-01-24 18:36:04,362] [INFO] [CLIENT INIT] Mode=SKH | Sparsity=ON (UsedSparsity=0.6) | Clusters=ON (UsedClusters=32) | EnvSparsityCfg={'Conv': 0.6, 'Linear': 0.6, 'Bias': 0.0, 'BatchNorm': 0.0} | EnvNClusters=32
[2026-01-24 18:36:04,376] [INFO] Model initialized on device: cuda:0
[2026-01-24 18:36:04,376] [INFO] [CLIENT INIT] Mode=SKH | Sparsity=ON (UsedSparsity=0.6) | Clusters=ON (UsedClusters=32) | EnvSparsityCfg={'Conv': 0.6, 'Linear': 0.6, 'Bias': 0.0, 'BatchNorm': 0.0} | EnvNClusters=32
[2026-01-24 18:36:04,411] [INFO] Model initialized on device: cuda:0
[2026-01-24 18:36:04,411] [INFO] [CLIENT INIT] Mode=SKH | Sparsity=ON (UsedSparsity=0.6) | Clusters=ON (UsedClusters=32) | EnvSparsityCfg={'Conv': 0.6, 'Linear': 0.6, 'Bias': 0.0, 'BatchNorm': 0.0} | EnvNClusters=32
[2026-01-24 18:36:04,512] [INFO] Model initialized on device: cuda:0
[2026-01-24 18:36:04,512] [INFO] [CLIENT INIT] Mode=SKH | Sparsity=ON (UsedSparsity=0.6) | Clusters=ON (UsedClusters=32) | EnvSparsityCfg={'Conv': 0.6, 'Linear': 0.6, 'Bias': 0.0, 'BatchNorm': 0.0} | EnvNClusters=32
[2026-01-24 18:36:04,668] [INFO] Model initialized on device: cuda:0
[2026-01-24 18:36:04,669] [INFO] [CLIENT INIT] Mode=SKH | Sparsity=ON (UsedSparsity=0.6) | Clusters=ON (UsedClusters=32) | EnvSparsityCfg={'Conv': 0.6, 'Linear': 0.6, 'Bias': 0.0, 'BatchNorm': 0.0} | EnvNClusters=32
[2026-01-24 18:37:09,048] [INFO] [TRAIN] Epoch 1 Loss: 0.9778
[2026-01-24 18:37:59,230] [INFO] Model initialized on device: cuda:0
[2026-01-24 18:37:59,230] [INFO] [CLIENT INIT] Mode=SKH | Sparsity=ON (UsedSparsity=0.6) | Clusters=ON (UsedClusters=32) | EnvSparsityCfg={'Conv': 0.6, 'Linear': 0.6, 'Bias': 0.0, 'BatchNorm': 0.0} | EnvNClusters=32
[2026-01-24 18:37:59,516] [INFO] Model initialized on device: cuda:0
[2026-01-24 18:37:59,516] [INFO] [CLIENT INIT] Mode=SKH | Sparsity=ON (UsedSparsity=0.6) | Clusters=ON (UsedClusters=32) | EnvSparsityCfg={'Conv': 0.6, 'Linear': 0.6, 'Bias': 0.0, 'BatchNorm': 0.0} | EnvNClusters=32
[2026-01-24 18:37:59,748] [INFO] Model initialized on device: cuda:0
[2026-01-24 18:37:59,748] [INFO] [CLIENT INIT] Mode=SKH | Sparsity=ON (UsedSparsity=0.6) | Clusters=ON (UsedClusters=32) | EnvSparsityCfg={'Conv': 0.6, 'Linear': 0.6, 'Bias': 0.0, 'BatchNorm': 0.0} | EnvNClusters=32
[2026-01-24 18:37:59,969] [INFO] Model initialized on device: cuda:0
[2026-01-24 18:37:59,969] [INFO] [CLIENT INIT] Mode=SKH | Sparsity=ON (UsedSparsity=0.6) | Clusters=ON (UsedClusters=32) | EnvSparsityCfg={'Conv': 0.6, 'Linear': 0.6, 'Bias': 0.0, 'BatchNorm': 0.0} | EnvNClusters=32
[2026-01-24 18:38:00,011] [INFO] Model initialized on device: cuda:0
[2026-01-24 18:38:00,012] [INFO] [CLIENT INIT] Mode=SKH | Sparsity=ON (UsedSparsity=0.6) | Clusters=ON (UsedClusters=32) | EnvSparsityCfg={'Conv': 0.6, 'Linear': 0.6, 'Bias': 0.0, 'BatchNorm': 0.0} | EnvNClusters=32
[2026-01-24 18:38:00,224] [INFO] Model initialized on device: cuda:0
[2026-01-24 18:38:00,224] [INFO] [CLIENT INIT] Mode=SKH | Sparsity=ON (UsedSparsity=0.6) | Clusters=ON (UsedClusters=32) | EnvSparsityCfg={'Conv': 0.6, 'Linear': 0.6, 'Bias': 0.0, 'BatchNorm': 0.0} | EnvNClusters=32
[2026-01-24 18:38:00,308] [INFO] Model initialized on device: cuda:0
[2026-01-24 18:38:00,308] [INFO] [CLIENT INIT] Mode=SKH | Sparsity=ON (UsedSparsity=0.6) | Clusters=ON (UsedClusters=32) | EnvSparsityCfg={'Conv': 0.6, 'Linear': 0.6, 'Bias': 0.0, 'BatchNorm': 0.0} | EnvNClusters=32
[2026-01-24 18:38:00,311] [INFO] Model initialized on device: cuda:0
[2026-01-24 18:38:00,311] [INFO] [CLIENT INIT] Mode=SKH | Sparsity=ON (UsedSparsity=0.6) | Clusters=ON (UsedClusters=32) | EnvSparsityCfg={'Conv': 0.6, 'Linear': 0.6, 'Bias': 0.0, 'BatchNorm': 0.0} | EnvNClusters=32
[2026-01-24 18:38:00,331] [INFO] Model initialized on device: cuda:0
[2026-01-24 18:38:00,332] [INFO] [CLIENT INIT] Mode=SKH | Sparsity=ON (UsedSparsity=0.6) | Clusters=ON (UsedClusters=32) | EnvSparsityCfg={'Conv': 0.6, 'Linear': 0.6, 'Bias': 0.0, 'BatchNorm': 0.0} | EnvNClusters=32
[2026-01-24 18:38:00,418] [INFO] Model initialized on device: cuda:0
[2026-01-24 18:38:00,418] [INFO] [CLIENT INIT] Mode=SKH | Sparsity=ON (UsedSparsity=0.6) | Clusters=ON (UsedClusters=32) | EnvSparsityCfg={'Conv': 0.6, 'Linear': 0.6, 'Bias': 0.0, 'BatchNorm': 0.0} | EnvNClusters=32
[2026-01-24 18:39:02,912] [INFO] [TRAIN] Epoch 2 Loss: 0.9771
[2026-01-24 18:39:58,247] [INFO] Model initialized on device: cuda:0
[2026-01-24 18:39:58,247] [INFO] [CLIENT INIT] Mode=SKH | Sparsity=ON (UsedSparsity=0.6) | Clusters=ON (UsedClusters=32) | EnvSparsityCfg={'Conv': 0.6, 'Linear': 0.6, 'Bias': 0.0, 'BatchNorm': 0.0} | EnvNClusters=32
[2026-01-24 18:39:58,446] [INFO] Model initialized on device: cuda:0
[2026-01-24 18:39:58,446] [INFO] [CLIENT INIT] Mode=SKH | Sparsity=ON (UsedSparsity=0.6) | Clusters=ON (UsedClusters=32) | EnvSparsityCfg={'Conv': 0.6, 'Linear': 0.6, 'Bias': 0.0, 'BatchNorm': 0.0} | EnvNClusters=32
[2026-01-24 18:39:58,632] [INFO] Model initialized on device: cuda:0
[2026-01-24 18:39:58,632] [INFO] [CLIENT INIT] Mode=SKH | Sparsity=ON (UsedSparsity=0.6) | Clusters=ON (UsedClusters=32) | EnvSparsityCfg={'Conv': 0.6, 'Linear': 0.6, 'Bias': 0.0, 'BatchNorm': 0.0} | EnvNClusters=32
[2026-01-24 18:39:58,636] [INFO] Model initialized on device: cuda:0
[2026-01-24 18:39:58,637] [INFO] [CLIENT INIT] Mode=SKH | Sparsity=ON (UsedSparsity=0.6) | Clusters=ON (UsedClusters=32) | EnvSparsityCfg={'Conv': 0.6, 'Linear': 0.6, 'Bias': 0.0, 'BatchNorm': 0.0} | EnvNClusters=32
[2026-01-24 18:39:58,717] [INFO] Model initialized on device: cuda:0
[2026-01-24 18:39:58,717] [INFO] [CLIENT INIT] Mode=SKH | Sparsity=ON (UsedSparsity=0.6) | Clusters=ON (UsedClusters=32) | EnvSparsityCfg={'Conv': 0.6, 'Linear': 0.6, 'Bias': 0.0, 'BatchNorm': 0.0} | EnvNClusters=32
[2026-01-24 18:39:58,827] [INFO] Model initialized on device: cuda:0
[2026-01-24 18:39:58,827] [INFO] [CLIENT INIT] Mode=SKH | Sparsity=ON (UsedSparsity=0.6) | Clusters=ON (UsedClusters=32) | EnvSparsityCfg={'Conv': 0.6, 'Linear': 0.6, 'Bias': 0.0, 'BatchNorm': 0.0} | EnvNClusters=32
[2026-01-24 18:39:58,909] [INFO] Model initialized on device: cuda:0
[2026-01-24 18:39:58,910] [INFO] [CLIENT INIT] Mode=SKH | Sparsity=ON (UsedSparsity=0.6) | Clusters=ON (UsedClusters=32) | EnvSparsityCfg={'Conv': 0.6, 'Linear': 0.6, 'Bias': 0.0, 'BatchNorm': 0.0} | EnvNClusters=32
[2026-01-24 18:39:59,009] [INFO] Model initialized on device: cuda:0
[2026-01-24 18:39:59,010] [INFO] [CLIENT INIT] Mode=SKH | Sparsity=ON (UsedSparsity=0.6) | Clusters=ON (UsedClusters=32) | EnvSparsityCfg={'Conv': 0.6, 'Linear': 0.6, 'Bias': 0.0, 'BatchNorm': 0.0} | EnvNClusters=32
[2026-01-24 18:39:59,033] [INFO] Model initialized on device: cuda:0
[2026-01-24 18:39:59,033] [INFO] [CLIENT INIT] Mode=SKH | Sparsity=ON (UsedSparsity=0.6) | Clusters=ON (UsedClusters=32) | EnvSparsityCfg={'Conv': 0.6, 'Linear': 0.6, 'Bias': 0.0, 'BatchNorm': 0.0} | EnvNClusters=32
[2026-01-24 18:39:59,041] [INFO] Model initialized on device: cuda:0
[2026-01-24 18:39:59,041] [INFO] [CLIENT INIT] Mode=SKH | Sparsity=ON (UsedSparsity=0.6) | Clusters=ON (UsedClusters=32) | EnvSparsityCfg={'Conv': 0.6, 'Linear': 0.6, 'Bias': 0.0, 'BatchNorm': 0.0} | EnvNClusters=32
[2026-01-24 18:40:59,515] [INFO] [TRAIN] Epoch 3 Loss: 0.9760
[2026-01-24 18:41:51,615] [INFO] Model initialized on device: cuda:0
[2026-01-24 18:41:51,615] [INFO] [CLIENT INIT] Mode=SKH | Sparsity=ON (UsedSparsity=0.6) | Clusters=ON (UsedClusters=32) | EnvSparsityCfg={'Conv': 0.6, 'Linear': 0.6, 'Bias': 0.0, 'BatchNorm': 0.0} | EnvNClusters=32
[2026-01-24 18:41:51,742] [INFO] Model initialized on device: cuda:0
[2026-01-24 18:41:51,742] [INFO] [CLIENT INIT] Mode=SKH | Sparsity=ON (UsedSparsity=0.6) | Clusters=ON (UsedClusters=32) | EnvSparsityCfg={'Conv': 0.6, 'Linear': 0.6, 'Bias': 0.0, 'BatchNorm': 0.0} | EnvNClusters=32
[2026-01-24 18:41:51,915] [INFO] Model initialized on device: cuda:0
[2026-01-24 18:41:51,916] [INFO] [CLIENT INIT] Mode=SKH | Sparsity=ON (UsedSparsity=0.6) | Clusters=ON (UsedClusters=32) | EnvSparsityCfg={'Conv': 0.6, 'Linear': 0.6, 'Bias': 0.0, 'BatchNorm': 0.0} | EnvNClusters=32
[2026-01-24 18:41:52,410] [INFO] Model initialized on device: cuda:0
[2026-01-24 18:41:52,410] [INFO] [CLIENT INIT] Mode=SKH | Sparsity=ON (UsedSparsity=0.6) | Clusters=ON (UsedClusters=32) | EnvSparsityCfg={'Conv': 0.6, 'Linear': 0.6, 'Bias': 0.0, 'BatchNorm': 0.0} | EnvNClusters=32
[2026-01-24 18:41:52,416] [INFO] Model initialized on device: cuda:0
[2026-01-24 18:41:52,416] [INFO] [CLIENT INIT] Mode=SKH | Sparsity=ON (UsedSparsity=0.6) | Clusters=ON (UsedClusters=32) | EnvSparsityCfg={'Conv': 0.6, 'Linear': 0.6, 'Bias': 0.0, 'BatchNorm': 0.0} | EnvNClusters=32
[2026-01-24 18:41:52,430] [INFO] Model initialized on device: cuda:0
[2026-01-24 18:41:52,430] [INFO] [CLIENT INIT] Mode=SKH | Sparsity=ON (UsedSparsity=0.6) | Clusters=ON (UsedClusters=32) | EnvSparsityCfg={'Conv': 0.6, 'Linear': 0.6, 'Bias': 0.0, 'BatchNorm': 0.0} | EnvNClusters=32
[2026-01-24 18:41:52,618] [INFO] Model initialized on device: cuda:0
[2026-01-24 18:41:52,618] [INFO] [CLIENT INIT] Mode=SKH | Sparsity=ON (UsedSparsity=0.6) | Clusters=ON (UsedClusters=32) | EnvSparsityCfg={'Conv': 0.6, 'Linear': 0.6, 'Bias': 0.0, 'BatchNorm': 0.0} | EnvNClusters=32
[2026-01-24 18:41:52,632] [INFO] Model initialized on device: cuda:0
[2026-01-24 18:41:52,633] [INFO] [CLIENT INIT] Mode=SKH | Sparsity=ON (UsedSparsity=0.6) | Clusters=ON (UsedClusters=32) | EnvSparsityCfg={'Conv': 0.6, 'Linear': 0.6, 'Bias': 0.0, 'BatchNorm': 0.0} | EnvNClusters=32
[2026-01-24 18:41:52,722] [INFO] Model initialized on device: cuda:0
[2026-01-24 18:41:52,723] [INFO] [CLIENT INIT] Mode=SKH | Sparsity=ON (UsedSparsity=0.6) | Clusters=ON (UsedClusters=32) | EnvSparsityCfg={'Conv': 0.6, 'Linear': 0.6, 'Bias': 0.0, 'BatchNorm': 0.0} | EnvNClusters=32
[2026-01-24 18:41:52,723] [INFO] Model initialized on device: cuda:0
[2026-01-24 18:41:52,724] [INFO] [CLIENT INIT] Mode=SKH | Sparsity=ON (UsedSparsity=0.6) | Clusters=ON (UsedClusters=32) | EnvSparsityCfg={'Conv': 0.6, 'Linear': 0.6, 'Bias': 0.0, 'BatchNorm': 0.0} | EnvNClusters=32
[2026-01-24 18:42:58,107] [INFO] [TRAIN] Epoch 4 Loss: 0.9748
[2026-01-24 18:43:56,304] [INFO] Model initialized on device: cuda:0
[2026-01-24 18:43:56,304] [INFO] [CLIENT INIT] Mode=SKH | Sparsity=ON (UsedSparsity=0.6) | Clusters=ON (UsedClusters=32) | EnvSparsityCfg={'Conv': 0.6, 'Linear': 0.6, 'Bias': 0.0, 'BatchNorm': 0.0} | EnvNClusters=32
[2026-01-24 18:43:56,305] [INFO] Model initialized on device: cuda:0
[2026-01-24 18:43:56,305] [INFO] [CLIENT INIT] Mode=SKH | Sparsity=ON (UsedSparsity=0.6) | Clusters=ON (UsedClusters=32) | EnvSparsityCfg={'Conv': 0.6, 'Linear': 0.6, 'Bias': 0.0, 'BatchNorm': 0.0} | EnvNClusters=32
[2026-01-24 18:43:56,608] [INFO] Model initialized on device: cuda:0
[2026-01-24 18:43:56,608] [INFO] [CLIENT INIT] Mode=SKH | Sparsity=ON (UsedSparsity=0.6) | Clusters=ON (UsedClusters=32) | EnvSparsityCfg={'Conv': 0.6, 'Linear': 0.6, 'Bias': 0.0, 'BatchNorm': 0.0} | EnvNClusters=32
[2026-01-24 18:43:56,616] [INFO] Model initialized on device: cuda:0
[2026-01-24 18:43:56,617] [INFO] [CLIENT INIT] Mode=SKH | Sparsity=ON (UsedSparsity=0.6) | Clusters=ON (UsedClusters=32) | EnvSparsityCfg={'Conv': 0.6, 'Linear': 0.6, 'Bias': 0.0, 'BatchNorm': 0.0} | EnvNClusters=32
[2026-01-24 18:43:56,696] [INFO] Model initialized on device: cuda:0
[2026-01-24 18:43:56,696] [INFO] [CLIENT INIT] Mode=SKH | Sparsity=ON (UsedSparsity=0.6) | Clusters=ON (UsedClusters=32) | EnvSparsityCfg={'Conv': 0.6, 'Linear': 0.6, 'Bias': 0.0, 'BatchNorm': 0.0} | EnvNClusters=32
[2026-01-24 18:43:56,708] [INFO] Model initialized on device: cuda:0
[2026-01-24 18:43:56,708] [INFO] [CLIENT INIT] Mode=SKH | Sparsity=ON (UsedSparsity=0.6) | Clusters=ON (UsedClusters=32) | EnvSparsityCfg={'Conv': 0.6, 'Linear': 0.6, 'Bias': 0.0, 'BatchNorm': 0.0} | EnvNClusters=32
[2026-01-24 18:43:56,960] [INFO] Model initialized on device: cuda:0
[2026-01-24 18:43:56,960] [INFO] [CLIENT INIT] Mode=SKH | Sparsity=ON (UsedSparsity=0.6) | Clusters=ON (UsedClusters=32) | EnvSparsityCfg={'Conv': 0.6, 'Linear': 0.6, 'Bias': 0.0, 'BatchNorm': 0.0} | EnvNClusters=32
[2026-01-24 18:43:57,037] [INFO] Model initialized on device: cuda:0
[2026-01-24 18:43:57,037] [INFO] [CLIENT INIT] Mode=SKH | Sparsity=ON (UsedSparsity=0.6) | Clusters=ON (UsedClusters=32) | EnvSparsityCfg={'Conv': 0.6, 'Linear': 0.6, 'Bias': 0.0, 'BatchNorm': 0.0} | EnvNClusters=32
[2026-01-24 18:43:57,065] [INFO] Model initialized on device: cuda:0
[2026-01-24 18:43:57,065] [INFO] [CLIENT INIT] Mode=SKH | Sparsity=ON (UsedSparsity=0.6) | Clusters=ON (UsedClusters=32) | EnvSparsityCfg={'Conv': 0.6, 'Linear': 0.6, 'Bias': 0.0, 'BatchNorm': 0.0} | EnvNClusters=32
[2026-01-24 18:43:57,066] [INFO] Model initialized on device: cuda:0
[2026-01-24 18:43:57,067] [INFO] [CLIENT INIT] Mode=SKH | Sparsity=ON (UsedSparsity=0.6) | Clusters=ON (UsedClusters=32) | EnvSparsityCfg={'Conv': 0.6, 'Linear': 0.6, 'Bias': 0.0, 'BatchNorm': 0.0} | EnvNClusters=32
[2026-01-24 18:45:03,920] [INFO] [TRAIN] Epoch 5 Loss: 0.9736
[2026-01-24 18:45:03,921] [INFO] [FIT] Local training finished. Avg Loss: 0.9759
[2026-01-24 18:46:01,255] [INFO] Model initialized on device: cuda:0
[2026-01-24 18:46:01,255] [INFO] [CLIENT INIT] Mode=SKH | Sparsity=ON (UsedSparsity=0.6) | Clusters=ON (UsedClusters=32) | EnvSparsityCfg={'Conv': 0.6, 'Linear': 0.6, 'Bias': 0.0, 'BatchNorm': 0.0} | EnvNClusters=32
[2026-01-24 18:46:01,403] [INFO] Model initialized on device: cuda:0
[2026-01-24 18:46:01,403] [INFO] [CLIENT INIT] Mode=SKH | Sparsity=ON (UsedSparsity=0.6) | Clusters=ON (UsedClusters=32) | EnvSparsityCfg={'Conv': 0.6, 'Linear': 0.6, 'Bias': 0.0, 'BatchNorm': 0.0} | EnvNClusters=32
[2026-01-24 18:46:03,448] [INFO] Model initialized on device: cuda:0
[2026-01-24 18:46:03,448] [INFO] [CLIENT INIT] Mode=SKH | Sparsity=ON (UsedSparsity=0.6) | Clusters=ON (UsedClusters=32) | EnvSparsityCfg={'Conv': 0.6, 'Linear': 0.6, 'Bias': 0.0, 'BatchNorm': 0.0} | EnvNClusters=32
[2026-01-24 18:46:03,539] [INFO] Model initialized on device: cuda:0
[2026-01-24 18:46:03,539] [INFO] [CLIENT INIT] Mode=SKH | Sparsity=ON (UsedSparsity=0.6) | Clusters=ON (UsedClusters=32) | EnvSparsityCfg={'Conv': 0.6, 'Linear': 0.6, 'Bias': 0.0, 'BatchNorm': 0.0} | EnvNClusters=32
[2026-01-24 18:46:03,647] [INFO] Model initialized on device: cuda:0
[2026-01-24 18:46:03,648] [INFO] [CLIENT INIT] Mode=SKH | Sparsity=ON (UsedSparsity=0.6) | Clusters=ON (UsedClusters=32) | EnvSparsityCfg={'Conv': 0.6, 'Linear': 0.6, 'Bias': 0.0, 'BatchNorm': 0.0} | EnvNClusters=32
[2026-01-24 18:46:04,096] [DEBUG] [TEST] Batch 1 | Pred shape: torch.Size([256, 256, 160]) | Label shape: torch.Size([256, 256, 160])
[2026-01-24 18:46:04,327] [INFO] Model initialized on device: cuda:0
[2026-01-24 18:46:04,327] [INFO] [CLIENT INIT] Mode=SKH | Sparsity=ON (UsedSparsity=0.6) | Clusters=ON (UsedClusters=32) | EnvSparsityCfg={'Conv': 0.6, 'Linear': 0.6, 'Bias': 0.0, 'BatchNorm': 0.0} | EnvNClusters=32
[2026-01-24 18:46:04,646] [INFO] Model initialized on device: cuda:0
[2026-01-24 18:46:04,646] [INFO] [CLIENT INIT] Mode=SKH | Sparsity=ON (UsedSparsity=0.6) | Clusters=ON (UsedClusters=32) | EnvSparsityCfg={'Conv': 0.6, 'Linear': 0.6, 'Bias': 0.0, 'BatchNorm': 0.0} | EnvNClusters=32
[2026-01-24 18:46:04,948] [INFO] Model initialized on device: cuda:0
[2026-01-24 18:46:04,949] [INFO] [CLIENT INIT] Mode=SKH | Sparsity=ON (UsedSparsity=0.6) | Clusters=ON (UsedClusters=32) | EnvSparsityCfg={'Conv': 0.6, 'Linear': 0.6, 'Bias': 0.0, 'BatchNorm': 0.0} | EnvNClusters=32
[2026-01-24 18:46:06,138] [INFO] Model initialized on device: cuda:0
[2026-01-24 18:46:06,138] [INFO] [CLIENT INIT] Mode=SKH | Sparsity=ON (UsedSparsity=0.6) | Clusters=ON (UsedClusters=32) | EnvSparsityCfg={'Conv': 0.6, 'Linear': 0.6, 'Bias': 0.0, 'BatchNorm': 0.0} | EnvNClusters=32
[2026-01-24 18:46:06,332] [INFO] Model initialized on device: cuda:0
[2026-01-24 18:46:06,332] [INFO] [CLIENT INIT] Mode=SKH | Sparsity=ON (UsedSparsity=0.6) | Clusters=ON (UsedClusters=32) | EnvSparsityCfg={'Conv': 0.6, 'Linear': 0.6, 'Bias': 0.0, 'BatchNorm': 0.0} | EnvNClusters=32
[2026-01-24 18:46:06,714] [DEBUG] [TEST] Batch 2 | Pred shape: torch.Size([256, 256, 160]) | Label shape: torch.Size([256, 256, 160])
[2026-01-24 18:46:09,206] [DEBUG] [TEST] Batch 3 | Pred shape: torch.Size([256, 256, 160]) | Label shape: torch.Size([256, 256, 160])
[2026-01-24 18:46:09,261] [DEBUG] [TEST] Batch 4 | Pred shape: torch.Size([256, 256, 160]) | Label shape: torch.Size([256, 256, 160])
[2026-01-24 18:46:09,317] [DEBUG] [TEST] Batch 5 | Pred shape: torch.Size([256, 256, 160]) | Label shape: torch.Size([256, 256, 160])
[2026-01-24 18:46:09,372] [DEBUG] [TEST] Batch 6 | Pred shape: torch.Size([256, 256, 160]) | Label shape: torch.Size([256, 256, 160])
[2026-01-24 18:46:09,428] [DEBUG] [TEST] Batch 7 | Pred shape: torch.Size([256, 256, 160]) | Label shape: torch.Size([256, 256, 160])
[2026-01-24 18:46:09,483] [DEBUG] [TEST] Batch 8 | Pred shape: torch.Size([256, 256, 160]) | Label shape: torch.Size([256, 256, 160])
[2026-01-24 18:46:09,539] [DEBUG] [TEST] Batch 9 | Pred shape: torch.Size([256, 256, 160]) | Label shape: torch.Size([256, 256, 160])
[2026-01-24 18:46:09,595] [DEBUG] [TEST] Batch 10 | Pred shape: torch.Size([256, 256, 160]) | Label shape: torch.Size([256, 256, 160])
[2026-01-24 18:46:14,358] [INFO] [FIT] Final model saved to: Revision2/Run_UNET_IID_SKHC32S60_20260124/Client2/model_final.pth
[2026-01-24 18:46:26,030] [INFO] [COMM][CLIENT] Round=-1 Mode=SKH UsedSparsity=0.6 UsedClusters=32 BaselineBits=154016352.0 CompressedBits=45532217.6 CR=3.383
[2026-01-24 18:47:02,219] [INFO] [EVALUATE] Starting evaluation...
[2026-01-24 18:47:03,416] [INFO] [DEBUG] Loaded compressed decoded weights.
[2026-01-24 18:48:13,219] [INFO] Model initialized on device: cuda:0
[2026-01-24 18:48:13,219] [INFO] [CLIENT INIT] Mode=SKH | Sparsity=ON (UsedSparsity=0.6) | Clusters=ON (UsedClusters=32) | EnvSparsityCfg={'Conv': 0.6, 'Linear': 0.6, 'Bias': 0.0, 'BatchNorm': 0.0} | EnvNClusters=32
[2026-01-24 18:48:13,654] [INFO] Model initialized on device: cuda:0
[2026-01-24 18:48:13,654] [INFO] [CLIENT INIT] Mode=SKH | Sparsity=ON (UsedSparsity=0.6) | Clusters=ON (UsedClusters=32) | EnvSparsityCfg={'Conv': 0.6, 'Linear': 0.6, 'Bias': 0.0, 'BatchNorm': 0.0} | EnvNClusters=32
[2026-01-24 18:48:13,654] [INFO] Model initialized on device: cuda:0
[2026-01-24 18:48:13,655] [INFO] [CLIENT INIT] Mode=SKH | Sparsity=ON (UsedSparsity=0.6) | Clusters=ON (UsedClusters=32) | EnvSparsityCfg={'Conv': 0.6, 'Linear': 0.6, 'Bias': 0.0, 'BatchNorm': 0.0} | EnvNClusters=32
[2026-01-24 18:48:13,657] [INFO] Model initialized on device: cuda:0
[2026-01-24 18:48:13,657] [INFO] [CLIENT INIT] Mode=SKH | Sparsity=ON (UsedSparsity=0.6) | Clusters=ON (UsedClusters=32) | EnvSparsityCfg={'Conv': 0.6, 'Linear': 0.6, 'Bias': 0.0, 'BatchNorm': 0.0} | EnvNClusters=32
[2026-01-24 18:48:13,658] [INFO] Model initialized on device: cuda:0
[2026-01-24 18:48:13,658] [INFO] [CLIENT INIT] Mode=SKH | Sparsity=ON (UsedSparsity=0.6) | Clusters=ON (UsedClusters=32) | EnvSparsityCfg={'Conv': 0.6, 'Linear': 0.6, 'Bias': 0.0, 'BatchNorm': 0.0} | EnvNClusters=32
[2026-01-24 18:48:13,661] [INFO] Model initialized on device: cuda:0
[2026-01-24 18:48:13,661] [INFO] [CLIENT INIT] Mode=SKH | Sparsity=ON (UsedSparsity=0.6) | Clusters=ON (UsedClusters=32) | EnvSparsityCfg={'Conv': 0.6, 'Linear': 0.6, 'Bias': 0.0, 'BatchNorm': 0.0} | EnvNClusters=32
[2026-01-24 18:48:14,010] [INFO] Model initialized on device: cuda:0
[2026-01-24 18:48:14,011] [INFO] [CLIENT INIT] Mode=SKH | Sparsity=ON (UsedSparsity=0.6) | Clusters=ON (UsedClusters=32) | EnvSparsityCfg={'Conv': 0.6, 'Linear': 0.6, 'Bias': 0.0, 'BatchNorm': 0.0} | EnvNClusters=32
[2026-01-24 18:48:14,045] [INFO] Model initialized on device: cuda:0
[2026-01-24 18:48:14,045] [INFO] [CLIENT INIT] Mode=SKH | Sparsity=ON (UsedSparsity=0.6) | Clusters=ON (UsedClusters=32) | EnvSparsityCfg={'Conv': 0.6, 'Linear': 0.6, 'Bias': 0.0, 'BatchNorm': 0.0} | EnvNClusters=32
[2026-01-24 18:48:14,142] [INFO] Model initialized on device: cuda:0
[2026-01-24 18:48:14,143] [INFO] [CLIENT INIT] Mode=SKH | Sparsity=ON (UsedSparsity=0.6) | Clusters=ON (UsedClusters=32) | EnvSparsityCfg={'Conv': 0.6, 'Linear': 0.6, 'Bias': 0.0, 'BatchNorm': 0.0} | EnvNClusters=32
[2026-01-24 18:48:14,508] [INFO] Model initialized on device: cuda:0
[2026-01-24 18:48:14,508] [INFO] [CLIENT INIT] Mode=SKH | Sparsity=ON (UsedSparsity=0.6) | Clusters=ON (UsedClusters=32) | EnvSparsityCfg={'Conv': 0.6, 'Linear': 0.6, 'Bias': 0.0, 'BatchNorm': 0.0} | EnvNClusters=32
[2026-01-24 18:48:20,777] [DEBUG] [TEST] Batch 1 | Pred shape: torch.Size([256, 256, 160]) | Label shape: torch.Size([256, 256, 160])
[2026-01-24 18:48:20,893] [DEBUG] [TEST] Batch 2 | Pred shape: torch.Size([256, 256, 160]) | Label shape: torch.Size([256, 256, 160])
[2026-01-24 18:48:21,109] [DEBUG] [TEST] Batch 3 | Pred shape: torch.Size([256, 256, 160]) | Label shape: torch.Size([256, 256, 160])
[2026-01-24 18:48:21,278] [DEBUG] [TEST] Batch 4 | Pred shape: torch.Size([256, 256, 160]) | Label shape: torch.Size([256, 256, 160])
[2026-01-24 18:48:21,509] [DEBUG] [TEST] Batch 5 | Pred shape: torch.Size([256, 256, 160]) | Label shape: torch.Size([256, 256, 160])
[2026-01-24 18:48:21,747] [DEBUG] [TEST] Batch 6 | Pred shape: torch.Size([256, 256, 160]) | Label shape: torch.Size([256, 256, 160])
[2026-01-24 18:48:21,987] [DEBUG] [TEST] Batch 7 | Pred shape: torch.Size([256, 256, 160]) | Label shape: torch.Size([256, 256, 160])
[2026-01-24 18:48:22,214] [DEBUG] [TEST] Batch 8 | Pred shape: torch.Size([256, 256, 160]) | Label shape: torch.Size([256, 256, 160])
[2026-01-24 18:48:22,425] [DEBUG] [TEST] Batch 9 | Pred shape: torch.Size([256, 256, 160]) | Label shape: torch.Size([256, 256, 160])
[2026-01-24 18:48:22,591] [DEBUG] [TEST] Batch 10 | Pred shape: torch.Size([256, 256, 160]) | Label shape: torch.Size([256, 256, 160])
[2026-01-24 18:48:31,032] [INFO] [EVALUATE] Dice WT: 0.3201
[2026-01-24 18:48:38,062] [INFO] [FIT] Received parameters. Starting local training...
[2026-01-24 18:48:40,020] [INFO] [DEBUG] Loaded compressed decoded weights.
[2026-01-24 18:49:47,218] [INFO] Model initialized on device: cuda:0
[2026-01-24 18:49:47,218] [INFO] [CLIENT INIT] Mode=SKH | Sparsity=ON (UsedSparsity=0.6) | Clusters=ON (UsedClusters=32) | EnvSparsityCfg={'Conv': 0.6, 'Linear': 0.6, 'Bias': 0.0, 'BatchNorm': 0.0} | EnvNClusters=32
[2026-01-24 18:49:47,515] [INFO] Model initialized on device: cuda:0
[2026-01-24 18:49:47,515] [INFO] [CLIENT INIT] Mode=SKH | Sparsity=ON (UsedSparsity=0.6) | Clusters=ON (UsedClusters=32) | EnvSparsityCfg={'Conv': 0.6, 'Linear': 0.6, 'Bias': 0.0, 'BatchNorm': 0.0} | EnvNClusters=32
[2026-01-24 18:49:48,032] [INFO] Model initialized on device: cuda:0
[2026-01-24 18:49:48,032] [INFO] [CLIENT INIT] Mode=SKH | Sparsity=ON (UsedSparsity=0.6) | Clusters=ON (UsedClusters=32) | EnvSparsityCfg={'Conv': 0.6, 'Linear': 0.6, 'Bias': 0.0, 'BatchNorm': 0.0} | EnvNClusters=32
[2026-01-24 18:49:48,132] [INFO] Model initialized on device: cuda:0
[2026-01-24 18:49:48,133] [INFO] [CLIENT INIT] Mode=SKH | Sparsity=ON (UsedSparsity=0.6) | Clusters=ON (UsedClusters=32) | EnvSparsityCfg={'Conv': 0.6, 'Linear': 0.6, 'Bias': 0.0, 'BatchNorm': 0.0} | EnvNClusters=32
[2026-01-24 18:49:48,141] [INFO] Model initialized on device: cuda:0
[2026-01-24 18:49:48,141] [INFO] [CLIENT INIT] Mode=SKH | Sparsity=ON (UsedSparsity=0.6) | Clusters=ON (UsedClusters=32) | EnvSparsityCfg={'Conv': 0.6, 'Linear': 0.6, 'Bias': 0.0, 'BatchNorm': 0.0} | EnvNClusters=32
[2026-01-24 18:49:48,210] [INFO] Model initialized on device: cuda:0
[2026-01-24 18:49:48,210] [INFO] [CLIENT INIT] Mode=SKH | Sparsity=ON (UsedSparsity=0.6) | Clusters=ON (UsedClusters=32) | EnvSparsityCfg={'Conv': 0.6, 'Linear': 0.6, 'Bias': 0.0, 'BatchNorm': 0.0} | EnvNClusters=32
[2026-01-24 18:49:48,338] [INFO] Model initialized on device: cuda:0
[2026-01-24 18:49:48,338] [INFO] [CLIENT INIT] Mode=SKH | Sparsity=ON (UsedSparsity=0.6) | Clusters=ON (UsedClusters=32) | EnvSparsityCfg={'Conv': 0.6, 'Linear': 0.6, 'Bias': 0.0, 'BatchNorm': 0.0} | EnvNClusters=32
[2026-01-24 18:49:48,340] [INFO] Model initialized on device: cuda:0
[2026-01-24 18:49:48,341] [INFO] [CLIENT INIT] Mode=SKH | Sparsity=ON (UsedSparsity=0.6) | Clusters=ON (UsedClusters=32) | EnvSparsityCfg={'Conv': 0.6, 'Linear': 0.6, 'Bias': 0.0, 'BatchNorm': 0.0} | EnvNClusters=32
[2026-01-24 18:49:48,427] [INFO] Model initialized on device: cuda:0
[2026-01-24 18:49:48,427] [INFO] [CLIENT INIT] Mode=SKH | Sparsity=ON (UsedSparsity=0.6) | Clusters=ON (UsedClusters=32) | EnvSparsityCfg={'Conv': 0.6, 'Linear': 0.6, 'Bias': 0.0, 'BatchNorm': 0.0} | EnvNClusters=32
[2026-01-24 18:49:48,514] [INFO] Model initialized on device: cuda:0
[2026-01-24 18:49:48,514] [INFO] [CLIENT INIT] Mode=SKH | Sparsity=ON (UsedSparsity=0.6) | Clusters=ON (UsedClusters=32) | EnvSparsityCfg={'Conv': 0.6, 'Linear': 0.6, 'Bias': 0.0, 'BatchNorm': 0.0} | EnvNClusters=32
[2026-01-24 18:50:56,642] [INFO] [TRAIN] Epoch 1 Loss: 0.9751
[2026-01-24 18:51:58,920] [INFO] Model initialized on device: cuda:0
[2026-01-24 18:51:58,920] [INFO] [CLIENT INIT] Mode=SKH | Sparsity=ON (UsedSparsity=0.6) | Clusters=ON (UsedClusters=32) | EnvSparsityCfg={'Conv': 0.6, 'Linear': 0.6, 'Bias': 0.0, 'BatchNorm': 0.0} | EnvNClusters=32
[2026-01-24 18:52:00,238] [INFO] Model initialized on device: cuda:0
[2026-01-24 18:52:00,239] [INFO] [CLIENT INIT] Mode=SKH | Sparsity=ON (UsedSparsity=0.6) | Clusters=ON (UsedClusters=32) | EnvSparsityCfg={'Conv': 0.6, 'Linear': 0.6, 'Bias': 0.0, 'BatchNorm': 0.0} | EnvNClusters=32
[2026-01-24 18:52:00,324] [INFO] Model initialized on device: cuda:0
[2026-01-24 18:52:00,324] [INFO] [CLIENT INIT] Mode=SKH | Sparsity=ON (UsedSparsity=0.6) | Clusters=ON (UsedClusters=32) | EnvSparsityCfg={'Conv': 0.6, 'Linear': 0.6, 'Bias': 0.0, 'BatchNorm': 0.0} | EnvNClusters=32
[2026-01-24 18:52:00,536] [INFO] Model initialized on device: cuda:0
[2026-01-24 18:52:00,536] [INFO] [CLIENT INIT] Mode=SKH | Sparsity=ON (UsedSparsity=0.6) | Clusters=ON (UsedClusters=32) | EnvSparsityCfg={'Conv': 0.6, 'Linear': 0.6, 'Bias': 0.0, 'BatchNorm': 0.0} | EnvNClusters=32
[2026-01-24 18:52:00,833] [INFO] Model initialized on device: cuda:0
[2026-01-24 18:52:00,833] [INFO] [CLIENT INIT] Mode=SKH | Sparsity=ON (UsedSparsity=0.6) | Clusters=ON (UsedClusters=32) | EnvSparsityCfg={'Conv': 0.6, 'Linear': 0.6, 'Bias': 0.0, 'BatchNorm': 0.0} | EnvNClusters=32
[2026-01-24 18:52:00,941] [INFO] Model initialized on device: cuda:0
[2026-01-24 18:52:00,941] [INFO] [CLIENT INIT] Mode=SKH | Sparsity=ON (UsedSparsity=0.6) | Clusters=ON (UsedClusters=32) | EnvSparsityCfg={'Conv': 0.6, 'Linear': 0.6, 'Bias': 0.0, 'BatchNorm': 0.0} | EnvNClusters=32
[2026-01-24 18:52:01,019] [INFO] Model initialized on device: cuda:0
[2026-01-24 18:52:01,019] [INFO] [CLIENT INIT] Mode=SKH | Sparsity=ON (UsedSparsity=0.6) | Clusters=ON (UsedClusters=32) | EnvSparsityCfg={'Conv': 0.6, 'Linear': 0.6, 'Bias': 0.0, 'BatchNorm': 0.0} | EnvNClusters=32
[2026-01-24 18:52:01,111] [INFO] Model initialized on device: cuda:0
[2026-01-24 18:52:01,111] [INFO] [CLIENT INIT] Mode=SKH | Sparsity=ON (UsedSparsity=0.6) | Clusters=ON (UsedClusters=32) | EnvSparsityCfg={'Conv': 0.6, 'Linear': 0.6, 'Bias': 0.0, 'BatchNorm': 0.0} | EnvNClusters=32
[2026-01-24 18:52:01,113] [INFO] Model initialized on device: cuda:0
[2026-01-24 18:52:01,113] [INFO] [CLIENT INIT] Mode=SKH | Sparsity=ON (UsedSparsity=0.6) | Clusters=ON (UsedClusters=32) | EnvSparsityCfg={'Conv': 0.6, 'Linear': 0.6, 'Bias': 0.0, 'BatchNorm': 0.0} | EnvNClusters=32
[2026-01-24 18:52:01,122] [INFO] Model initialized on device: cuda:0
[2026-01-24 18:52:01,123] [INFO] [CLIENT INIT] Mode=SKH | Sparsity=ON (UsedSparsity=0.6) | Clusters=ON (UsedClusters=32) | EnvSparsityCfg={'Conv': 0.6, 'Linear': 0.6, 'Bias': 0.0, 'BatchNorm': 0.0} | EnvNClusters=32
[2026-01-24 18:53:07,118] [INFO] [TRAIN] Epoch 2 Loss: 0.9742
[2026-01-24 18:54:02,448] [INFO] Model initialized on device: cuda:0
[2026-01-24 18:54:02,448] [INFO] [CLIENT INIT] Mode=SKH | Sparsity=ON (UsedSparsity=0.6) | Clusters=ON (UsedClusters=32) | EnvSparsityCfg={'Conv': 0.6, 'Linear': 0.6, 'Bias': 0.0, 'BatchNorm': 0.0} | EnvNClusters=32
[2026-01-24 18:54:02,728] [INFO] Model initialized on device: cuda:0
[2026-01-24 18:54:02,729] [INFO] [CLIENT INIT] Mode=SKH | Sparsity=ON (UsedSparsity=0.6) | Clusters=ON (UsedClusters=32) | EnvSparsityCfg={'Conv': 0.6, 'Linear': 0.6, 'Bias': 0.0, 'BatchNorm': 0.0} | EnvNClusters=32
[2026-01-24 18:54:03,007] [INFO] Model initialized on device: cuda:0
[2026-01-24 18:54:03,008] [INFO] [CLIENT INIT] Mode=SKH | Sparsity=ON (UsedSparsity=0.6) | Clusters=ON (UsedClusters=32) | EnvSparsityCfg={'Conv': 0.6, 'Linear': 0.6, 'Bias': 0.0, 'BatchNorm': 0.0} | EnvNClusters=32
[2026-01-24 18:54:03,012] [INFO] Model initialized on device: cuda:0
[2026-01-24 18:54:03,013] [INFO] [CLIENT INIT] Mode=SKH | Sparsity=ON (UsedSparsity=0.6) | Clusters=ON (UsedClusters=32) | EnvSparsityCfg={'Conv': 0.6, 'Linear': 0.6, 'Bias': 0.0, 'BatchNorm': 0.0} | EnvNClusters=32
[2026-01-24 18:54:03,017] [INFO] Model initialized on device: cuda:0
[2026-01-24 18:54:03,018] [INFO] [CLIENT INIT] Mode=SKH | Sparsity=ON (UsedSparsity=0.6) | Clusters=ON (UsedClusters=32) | EnvSparsityCfg={'Conv': 0.6, 'Linear': 0.6, 'Bias': 0.0, 'BatchNorm': 0.0} | EnvNClusters=32
[2026-01-24 18:54:03,024] [INFO] Model initialized on device: cuda:0
[2026-01-24 18:54:03,024] [INFO] [CLIENT INIT] Mode=SKH | Sparsity=ON (UsedSparsity=0.6) | Clusters=ON (UsedClusters=32) | EnvSparsityCfg={'Conv': 0.6, 'Linear': 0.6, 'Bias': 0.0, 'BatchNorm': 0.0} | EnvNClusters=32
[2026-01-24 18:54:03,110] [INFO] Model initialized on device: cuda:0
[2026-01-24 18:54:03,110] [INFO] [CLIENT INIT] Mode=SKH | Sparsity=ON (UsedSparsity=0.6) | Clusters=ON (UsedClusters=32) | EnvSparsityCfg={'Conv': 0.6, 'Linear': 0.6, 'Bias': 0.0, 'BatchNorm': 0.0} | EnvNClusters=32
[2026-01-24 18:54:03,122] [INFO] Model initialized on device: cuda:0
[2026-01-24 18:54:03,122] [INFO] [CLIENT INIT] Mode=SKH | Sparsity=ON (UsedSparsity=0.6) | Clusters=ON (UsedClusters=32) | EnvSparsityCfg={'Conv': 0.6, 'Linear': 0.6, 'Bias': 0.0, 'BatchNorm': 0.0} | EnvNClusters=32
[2026-01-24 18:54:03,130] [INFO] Model initialized on device: cuda:0
[2026-01-24 18:54:03,130] [INFO] [CLIENT INIT] Mode=SKH | Sparsity=ON (UsedSparsity=0.6) | Clusters=ON (UsedClusters=32) | EnvSparsityCfg={'Conv': 0.6, 'Linear': 0.6, 'Bias': 0.0, 'BatchNorm': 0.0} | EnvNClusters=32
[2026-01-24 18:54:03,131] [INFO] Model initialized on device: cuda:0
[2026-01-24 18:54:03,131] [INFO] [CLIENT INIT] Mode=SKH | Sparsity=ON (UsedSparsity=0.6) | Clusters=ON (UsedClusters=32) | EnvSparsityCfg={'Conv': 0.6, 'Linear': 0.6, 'Bias': 0.0, 'BatchNorm': 0.0} | EnvNClusters=32
[2026-01-24 18:55:09,901] [INFO] [TRAIN] Epoch 3 Loss: 0.9729
[2026-01-24 18:56:03,610] [INFO] Model initialized on device: cuda:0
[2026-01-24 18:56:03,610] [INFO] [CLIENT INIT] Mode=SKH | Sparsity=ON (UsedSparsity=0.6) | Clusters=ON (UsedClusters=32) | EnvSparsityCfg={'Conv': 0.6, 'Linear': 0.6, 'Bias': 0.0, 'BatchNorm': 0.0} | EnvNClusters=32
[2026-01-24 18:56:03,831] [INFO] Model initialized on device: cuda:0
[2026-01-24 18:56:03,831] [INFO] [CLIENT INIT] Mode=SKH | Sparsity=ON (UsedSparsity=0.6) | Clusters=ON (UsedClusters=32) | EnvSparsityCfg={'Conv': 0.6, 'Linear': 0.6, 'Bias': 0.0, 'BatchNorm': 0.0} | EnvNClusters=32
[2026-01-24 18:56:04,122] [INFO] Model initialized on device: cuda:0
[2026-01-24 18:56:04,122] [INFO] [CLIENT INIT] Mode=SKH | Sparsity=ON (UsedSparsity=0.6) | Clusters=ON (UsedClusters=32) | EnvSparsityCfg={'Conv': 0.6, 'Linear': 0.6, 'Bias': 0.0, 'BatchNorm': 0.0} | EnvNClusters=32
[2026-01-24 18:56:04,314] [INFO] Model initialized on device: cuda:0
[2026-01-24 18:56:04,314] [INFO] [CLIENT INIT] Mode=SKH | Sparsity=ON (UsedSparsity=0.6) | Clusters=ON (UsedClusters=32) | EnvSparsityCfg={'Conv': 0.6, 'Linear': 0.6, 'Bias': 0.0, 'BatchNorm': 0.0} | EnvNClusters=32
[2026-01-24 18:56:04,910] [INFO] Model initialized on device: cuda:0
[2026-01-24 18:56:04,910] [INFO] [CLIENT INIT] Mode=SKH | Sparsity=ON (UsedSparsity=0.6) | Clusters=ON (UsedClusters=32) | EnvSparsityCfg={'Conv': 0.6, 'Linear': 0.6, 'Bias': 0.0, 'BatchNorm': 0.0} | EnvNClusters=32
[2026-01-24 18:56:04,926] [INFO] Model initialized on device: cuda:0
[2026-01-24 18:56:04,926] [INFO] [CLIENT INIT] Mode=SKH | Sparsity=ON (UsedSparsity=0.6) | Clusters=ON (UsedClusters=32) | EnvSparsityCfg={'Conv': 0.6, 'Linear': 0.6, 'Bias': 0.0, 'BatchNorm': 0.0} | EnvNClusters=32
[2026-01-24 18:56:05,112] [INFO] Model initialized on device: cuda:0
[2026-01-24 18:56:05,112] [INFO] [CLIENT INIT] Mode=SKH | Sparsity=ON (UsedSparsity=0.6) | Clusters=ON (UsedClusters=32) | EnvSparsityCfg={'Conv': 0.6, 'Linear': 0.6, 'Bias': 0.0, 'BatchNorm': 0.0} | EnvNClusters=32
[2026-01-24 18:56:05,508] [INFO] Model initialized on device: cuda:0
[2026-01-24 18:56:05,508] [INFO] [CLIENT INIT] Mode=SKH | Sparsity=ON (UsedSparsity=0.6) | Clusters=ON (UsedClusters=32) | EnvSparsityCfg={'Conv': 0.6, 'Linear': 0.6, 'Bias': 0.0, 'BatchNorm': 0.0} | EnvNClusters=32
[2026-01-24 18:56:05,510] [INFO] Model initialized on device: cuda:0
[2026-01-24 18:56:05,510] [INFO] [CLIENT INIT] Mode=SKH | Sparsity=ON (UsedSparsity=0.6) | Clusters=ON (UsedClusters=32) | EnvSparsityCfg={'Conv': 0.6, 'Linear': 0.6, 'Bias': 0.0, 'BatchNorm': 0.0} | EnvNClusters=32
[2026-01-24 18:56:05,539] [INFO] Model initialized on device: cuda:0
[2026-01-24 18:56:05,540] [INFO] [CLIENT INIT] Mode=SKH | Sparsity=ON (UsedSparsity=0.6) | Clusters=ON (UsedClusters=32) | EnvSparsityCfg={'Conv': 0.6, 'Linear': 0.6, 'Bias': 0.0, 'BatchNorm': 0.0} | EnvNClusters=32
[2026-01-24 18:57:07,051] [INFO] [TRAIN] Epoch 4 Loss: 0.9714
[2026-01-24 18:57:57,857] [INFO] Model initialized on device: cuda:0
[2026-01-24 18:57:57,858] [INFO] [CLIENT INIT] Mode=SKH | Sparsity=ON (UsedSparsity=0.6) | Clusters=ON (UsedClusters=32) | EnvSparsityCfg={'Conv': 0.6, 'Linear': 0.6, 'Bias': 0.0, 'BatchNorm': 0.0} | EnvNClusters=32
[2026-01-24 18:58:03,144] [INFO] Model initialized on device: cuda:0
[2026-01-24 18:58:03,144] [INFO] [CLIENT INIT] Mode=SKH | Sparsity=ON (UsedSparsity=0.6) | Clusters=ON (UsedClusters=32) | EnvSparsityCfg={'Conv': 0.6, 'Linear': 0.6, 'Bias': 0.0, 'BatchNorm': 0.0} | EnvNClusters=32
[2026-01-24 18:58:03,614] [INFO] Model initialized on device: cuda:0
[2026-01-24 18:58:03,615] [INFO] [CLIENT INIT] Mode=SKH | Sparsity=ON (UsedSparsity=0.6) | Clusters=ON (UsedClusters=32) | EnvSparsityCfg={'Conv': 0.6, 'Linear': 0.6, 'Bias': 0.0, 'BatchNorm': 0.0} | EnvNClusters=32
[2026-01-24 18:58:04,035] [INFO] Model initialized on device: cuda:0
[2026-01-24 18:58:04,035] [INFO] [CLIENT INIT] Mode=SKH | Sparsity=ON (UsedSparsity=0.6) | Clusters=ON (UsedClusters=32) | EnvSparsityCfg={'Conv': 0.6, 'Linear': 0.6, 'Bias': 0.0, 'BatchNorm': 0.0} | EnvNClusters=32
[2026-01-24 18:58:04,326] [INFO] Model initialized on device: cuda:0
[2026-01-24 18:58:04,326] [INFO] [CLIENT INIT] Mode=SKH | Sparsity=ON (UsedSparsity=0.6) | Clusters=ON (UsedClusters=32) | EnvSparsityCfg={'Conv': 0.6, 'Linear': 0.6, 'Bias': 0.0, 'BatchNorm': 0.0} | EnvNClusters=32
[2026-01-24 18:58:04,329] [INFO] Model initialized on device: cuda:0
[2026-01-24 18:58:04,329] [INFO] [CLIENT INIT] Mode=SKH | Sparsity=ON (UsedSparsity=0.6) | Clusters=ON (UsedClusters=32) | EnvSparsityCfg={'Conv': 0.6, 'Linear': 0.6, 'Bias': 0.0, 'BatchNorm': 0.0} | EnvNClusters=32
[2026-01-24 18:58:04,331] [INFO] Model initialized on device: cuda:0
[2026-01-24 18:58:04,331] [INFO] [CLIENT INIT] Mode=SKH | Sparsity=ON (UsedSparsity=0.6) | Clusters=ON (UsedClusters=32) | EnvSparsityCfg={'Conv': 0.6, 'Linear': 0.6, 'Bias': 0.0, 'BatchNorm': 0.0} | EnvNClusters=32
[2026-01-24 18:58:04,336] [INFO] Model initialized on device: cuda:0
[2026-01-24 18:58:04,336] [INFO] [CLIENT INIT] Mode=SKH | Sparsity=ON (UsedSparsity=0.6) | Clusters=ON (UsedClusters=32) | EnvSparsityCfg={'Conv': 0.6, 'Linear': 0.6, 'Bias': 0.0, 'BatchNorm': 0.0} | EnvNClusters=32
[2026-01-24 18:58:04,411] [INFO] Model initialized on device: cuda:0
[2026-01-24 18:58:04,411] [INFO] [CLIENT INIT] Mode=SKH | Sparsity=ON (UsedSparsity=0.6) | Clusters=ON (UsedClusters=32) | EnvSparsityCfg={'Conv': 0.6, 'Linear': 0.6, 'Bias': 0.0, 'BatchNorm': 0.0} | EnvNClusters=32
[2026-01-24 18:58:04,413] [INFO] Model initialized on device: cuda:0
[2026-01-24 18:58:04,413] [INFO] [CLIENT INIT] Mode=SKH | Sparsity=ON (UsedSparsity=0.6) | Clusters=ON (UsedClusters=32) | EnvSparsityCfg={'Conv': 0.6, 'Linear': 0.6, 'Bias': 0.0, 'BatchNorm': 0.0} | EnvNClusters=32
[2026-01-24 18:59:07,312] [INFO] [TRAIN] Epoch 5 Loss: 0.9699
[2026-01-24 18:59:07,314] [INFO] [FIT] Local training finished. Avg Loss: 0.9727
[2026-01-24 18:59:51,323] [INFO] Model initialized on device: cuda:0
[2026-01-24 18:59:51,323] [INFO] [CLIENT INIT] Mode=SKH | Sparsity=ON (UsedSparsity=0.6) | Clusters=ON (UsedClusters=32) | EnvSparsityCfg={'Conv': 0.6, 'Linear': 0.6, 'Bias': 0.0, 'BatchNorm': 0.0} | EnvNClusters=32
[2026-01-24 18:59:52,708] [INFO] Model initialized on device: cuda:0
[2026-01-24 18:59:52,708] [INFO] [CLIENT INIT] Mode=SKH | Sparsity=ON (UsedSparsity=0.6) | Clusters=ON (UsedClusters=32) | EnvSparsityCfg={'Conv': 0.6, 'Linear': 0.6, 'Bias': 0.0, 'BatchNorm': 0.0} | EnvNClusters=32
[2026-01-24 18:59:52,753] [INFO] Model initialized on device: cuda:0
[2026-01-24 18:59:52,753] [INFO] [CLIENT INIT] Mode=SKH | Sparsity=ON (UsedSparsity=0.6) | Clusters=ON (UsedClusters=32) | EnvSparsityCfg={'Conv': 0.6, 'Linear': 0.6, 'Bias': 0.0, 'BatchNorm': 0.0} | EnvNClusters=32
[2026-01-24 18:59:53,815] [INFO] Model initialized on device: cuda:0
[2026-01-24 18:59:53,816] [INFO] [CLIENT INIT] Mode=SKH | Sparsity=ON (UsedSparsity=0.6) | Clusters=ON (UsedClusters=32) | EnvSparsityCfg={'Conv': 0.6, 'Linear': 0.6, 'Bias': 0.0, 'BatchNorm': 0.0} | EnvNClusters=32
[2026-01-24 18:59:54,021] [INFO] Model initialized on device: cuda:0
[2026-01-24 18:59:54,021] [INFO] [CLIENT INIT] Mode=SKH | Sparsity=ON (UsedSparsity=0.6) | Clusters=ON (UsedClusters=32) | EnvSparsityCfg={'Conv': 0.6, 'Linear': 0.6, 'Bias': 0.0, 'BatchNorm': 0.0} | EnvNClusters=32
[2026-01-24 18:59:54,115] [INFO] Model initialized on device: cuda:0
[2026-01-24 18:59:54,115] [INFO] [CLIENT INIT] Mode=SKH | Sparsity=ON (UsedSparsity=0.6) | Clusters=ON (UsedClusters=32) | EnvSparsityCfg={'Conv': 0.6, 'Linear': 0.6, 'Bias': 0.0, 'BatchNorm': 0.0} | EnvNClusters=32
[2026-01-24 18:59:54,210] [INFO] Model initialized on device: cuda:0
[2026-01-24 18:59:54,210] [INFO] [CLIENT INIT] Mode=SKH | Sparsity=ON (UsedSparsity=0.6) | Clusters=ON (UsedClusters=32) | EnvSparsityCfg={'Conv': 0.6, 'Linear': 0.6, 'Bias': 0.0, 'BatchNorm': 0.0} | EnvNClusters=32
[2026-01-24 18:59:54,243] [INFO] Model initialized on device: cuda:0
[2026-01-24 18:59:54,243] [INFO] [CLIENT INIT] Mode=SKH | Sparsity=ON (UsedSparsity=0.6) | Clusters=ON (UsedClusters=32) | EnvSparsityCfg={'Conv': 0.6, 'Linear': 0.6, 'Bias': 0.0, 'BatchNorm': 0.0} | EnvNClusters=32
[2026-01-24 18:59:54,273] [INFO] Model initialized on device: cuda:0
[2026-01-24 18:59:54,274] [INFO] [CLIENT INIT] Mode=SKH | Sparsity=ON (UsedSparsity=0.6) | Clusters=ON (UsedClusters=32) | EnvSparsityCfg={'Conv': 0.6, 'Linear': 0.6, 'Bias': 0.0, 'BatchNorm': 0.0} | EnvNClusters=32
[2026-01-24 18:59:54,279] [INFO] Model initialized on device: cuda:0
[2026-01-24 18:59:54,280] [INFO] [CLIENT INIT] Mode=SKH | Sparsity=ON (UsedSparsity=0.6) | Clusters=ON (UsedClusters=32) | EnvSparsityCfg={'Conv': 0.6, 'Linear': 0.6, 'Bias': 0.0, 'BatchNorm': 0.0} | EnvNClusters=32
[2026-01-24 18:59:57,804] [DEBUG] [TEST] Batch 1 | Pred shape: torch.Size([256, 256, 160]) | Label shape: torch.Size([256, 256, 160])
[2026-01-24 18:59:58,305] [DEBUG] [TEST] Batch 2 | Pred shape: torch.Size([256, 256, 160]) | Label shape: torch.Size([256, 256, 160])
[2026-01-24 18:59:58,428] [DEBUG] [TEST] Batch 3 | Pred shape: torch.Size([256, 256, 160]) | Label shape: torch.Size([256, 256, 160])
[2026-01-24 18:59:58,546] [DEBUG] [TEST] Batch 4 | Pred shape: torch.Size([256, 256, 160]) | Label shape: torch.Size([256, 256, 160])
[2026-01-24 18:59:58,666] [DEBUG] [TEST] Batch 5 | Pred shape: torch.Size([256, 256, 160]) | Label shape: torch.Size([256, 256, 160])
[2026-01-24 18:59:58,786] [DEBUG] [TEST] Batch 6 | Pred shape: torch.Size([256, 256, 160]) | Label shape: torch.Size([256, 256, 160])
[2026-01-24 18:59:58,903] [DEBUG] [TEST] Batch 7 | Pred shape: torch.Size([256, 256, 160]) | Label shape: torch.Size([256, 256, 160])
[2026-01-24 18:59:58,961] [DEBUG] [TEST] Batch 8 | Pred shape: torch.Size([256, 256, 160]) | Label shape: torch.Size([256, 256, 160])
[2026-01-24 18:59:59,019] [DEBUG] [TEST] Batch 9 | Pred shape: torch.Size([256, 256, 160]) | Label shape: torch.Size([256, 256, 160])
[2026-01-24 18:59:59,078] [DEBUG] [TEST] Batch 10 | Pred shape: torch.Size([256, 256, 160]) | Label shape: torch.Size([256, 256, 160])
[2026-01-24 19:00:03,761] [INFO] [FIT] Final model saved to: Revision2/Run_UNET_IID_SKHC32S60_20260124/Client2/model_final.pth
[2026-01-24 19:00:13,004] [INFO] [COMM][CLIENT] Round=-1 Mode=SKH UsedSparsity=0.6 UsedClusters=32 BaselineBits=154016352.0 CompressedBits=45604678.7 CR=3.377
[2026-01-24 19:00:47,925] [INFO] [EVALUATE] Starting evaluation...
[2026-01-24 19:00:50,409] [INFO] [DEBUG] Loaded compressed decoded weights.
[2026-01-24 19:01:57,871] [INFO] Model initialized on device: cuda:0
[2026-01-24 19:01:57,872] [INFO] [CLIENT INIT] Mode=SKH | Sparsity=ON (UsedSparsity=0.6) | Clusters=ON (UsedClusters=32) | EnvSparsityCfg={'Conv': 0.6, 'Linear': 0.6, 'Bias': 0.0, 'BatchNorm': 0.0} | EnvNClusters=32
[2026-01-24 19:01:58,151] [INFO] Model initialized on device: cuda:0
[2026-01-24 19:01:58,151] [INFO] [CLIENT INIT] Mode=SKH | Sparsity=ON (UsedSparsity=0.6) | Clusters=ON (UsedClusters=32) | EnvSparsityCfg={'Conv': 0.6, 'Linear': 0.6, 'Bias': 0.0, 'BatchNorm': 0.0} | EnvNClusters=32
[2026-01-24 19:01:58,156] [INFO] Model initialized on device: cuda:0
[2026-01-24 19:01:58,156] [INFO] [CLIENT INIT] Mode=SKH | Sparsity=ON (UsedSparsity=0.6) | Clusters=ON (UsedClusters=32) | EnvSparsityCfg={'Conv': 0.6, 'Linear': 0.6, 'Bias': 0.0, 'BatchNorm': 0.0} | EnvNClusters=32
[2026-01-24 19:01:58,162] [INFO] Model initialized on device: cuda:0
[2026-01-24 19:01:58,162] [INFO] [CLIENT INIT] Mode=SKH | Sparsity=ON (UsedSparsity=0.6) | Clusters=ON (UsedClusters=32) | EnvSparsityCfg={'Conv': 0.6, 'Linear': 0.6, 'Bias': 0.0, 'BatchNorm': 0.0} | EnvNClusters=32
[2026-01-24 19:01:58,166] [INFO] Model initialized on device: cuda:0
[2026-01-24 19:01:58,166] [INFO] [CLIENT INIT] Mode=SKH | Sparsity=ON (UsedSparsity=0.6) | Clusters=ON (UsedClusters=32) | EnvSparsityCfg={'Conv': 0.6, 'Linear': 0.6, 'Bias': 0.0, 'BatchNorm': 0.0} | EnvNClusters=32
[2026-01-24 19:01:58,174] [INFO] Model initialized on device: cuda:0
[2026-01-24 19:01:58,174] [INFO] [CLIENT INIT] Mode=SKH | Sparsity=ON (UsedSparsity=0.6) | Clusters=ON (UsedClusters=32) | EnvSparsityCfg={'Conv': 0.6, 'Linear': 0.6, 'Bias': 0.0, 'BatchNorm': 0.0} | EnvNClusters=32
[2026-01-24 19:01:58,210] [INFO] Model initialized on device: cuda:0
[2026-01-24 19:01:58,210] [INFO] [CLIENT INIT] Mode=SKH | Sparsity=ON (UsedSparsity=0.6) | Clusters=ON (UsedClusters=32) | EnvSparsityCfg={'Conv': 0.6, 'Linear': 0.6, 'Bias': 0.0, 'BatchNorm': 0.0} | EnvNClusters=32
[2026-01-24 19:01:58,240] [INFO] Model initialized on device: cuda:0
[2026-01-24 19:01:58,240] [INFO] [CLIENT INIT] Mode=SKH | Sparsity=ON (UsedSparsity=0.6) | Clusters=ON (UsedClusters=32) | EnvSparsityCfg={'Conv': 0.6, 'Linear': 0.6, 'Bias': 0.0, 'BatchNorm': 0.0} | EnvNClusters=32
[2026-01-24 19:01:58,250] [INFO] Model initialized on device: cuda:0
[2026-01-24 19:01:58,250] [INFO] [CLIENT INIT] Mode=SKH | Sparsity=ON (UsedSparsity=0.6) | Clusters=ON (UsedClusters=32) | EnvSparsityCfg={'Conv': 0.6, 'Linear': 0.6, 'Bias': 0.0, 'BatchNorm': 0.0} | EnvNClusters=32
[2026-01-24 19:01:58,252] [INFO] Model initialized on device: cuda:0
[2026-01-24 19:01:58,252] [INFO] [CLIENT INIT] Mode=SKH | Sparsity=ON (UsedSparsity=0.6) | Clusters=ON (UsedClusters=32) | EnvSparsityCfg={'Conv': 0.6, 'Linear': 0.6, 'Bias': 0.0, 'BatchNorm': 0.0} | EnvNClusters=32
[2026-01-24 19:02:01,612] [DEBUG] [TEST] Batch 1 | Pred shape: torch.Size([256, 256, 160]) | Label shape: torch.Size([256, 256, 160])
[2026-01-24 19:02:02,453] [DEBUG] [TEST] Batch 2 | Pred shape: torch.Size([256, 256, 160]) | Label shape: torch.Size([256, 256, 160])
[2026-01-24 19:02:02,564] [DEBUG] [TEST] Batch 3 | Pred shape: torch.Size([256, 256, 160]) | Label shape: torch.Size([256, 256, 160])
[2026-01-24 19:02:02,684] [DEBUG] [TEST] Batch 4 | Pred shape: torch.Size([256, 256, 160]) | Label shape: torch.Size([256, 256, 160])
[2026-01-24 19:02:02,741] [DEBUG] [TEST] Batch 5 | Pred shape: torch.Size([256, 256, 160]) | Label shape: torch.Size([256, 256, 160])
[2026-01-24 19:02:02,797] [DEBUG] [TEST] Batch 6 | Pred shape: torch.Size([256, 256, 160]) | Label shape: torch.Size([256, 256, 160])
[2026-01-24 19:02:02,853] [DEBUG] [TEST] Batch 7 | Pred shape: torch.Size([256, 256, 160]) | Label shape: torch.Size([256, 256, 160])
[2026-01-24 19:02:02,911] [DEBUG] [TEST] Batch 8 | Pred shape: torch.Size([256, 256, 160]) | Label shape: torch.Size([256, 256, 160])
[2026-01-24 19:02:03,024] [DEBUG] [TEST] Batch 9 | Pred shape: torch.Size([256, 256, 160]) | Label shape: torch.Size([256, 256, 160])
[2026-01-24 19:02:03,146] [DEBUG] [TEST] Batch 10 | Pred shape: torch.Size([256, 256, 160]) | Label shape: torch.Size([256, 256, 160])
[2026-01-24 19:02:06,599] [INFO] [EVALUATE] Dice WT: 0.4144
[2026-01-24 19:02:10,744] [INFO] [FIT] Received parameters. Starting local training...
[2026-01-24 19:02:14,510] [INFO] [DEBUG] Loaded compressed decoded weights.
[2026-01-24 19:03:22,708] [INFO] Model initialized on device: cuda:0
[2026-01-24 19:03:22,708] [INFO] [CLIENT INIT] Mode=SKH | Sparsity=ON (UsedSparsity=0.6) | Clusters=ON (UsedClusters=32) | EnvSparsityCfg={'Conv': 0.6, 'Linear': 0.6, 'Bias': 0.0, 'BatchNorm': 0.0} | EnvNClusters=32
[2026-01-24 19:03:23,060] [INFO] Model initialized on device: cuda:0
[2026-01-24 19:03:23,060] [INFO] [CLIENT INIT] Mode=SKH | Sparsity=ON (UsedSparsity=0.6) | Clusters=ON (UsedClusters=32) | EnvSparsityCfg={'Conv': 0.6, 'Linear': 0.6, 'Bias': 0.0, 'BatchNorm': 0.0} | EnvNClusters=32
[2026-01-24 19:03:24,130] [INFO] Model initialized on device: cuda:0
[2026-01-24 19:03:24,130] [INFO] [CLIENT INIT] Mode=SKH | Sparsity=ON (UsedSparsity=0.6) | Clusters=ON (UsedClusters=32) | EnvSparsityCfg={'Conv': 0.6, 'Linear': 0.6, 'Bias': 0.0, 'BatchNorm': 0.0} | EnvNClusters=32
[2026-01-24 19:03:24,212] [INFO] Model initialized on device: cuda:0
[2026-01-24 19:03:24,212] [INFO] [CLIENT INIT] Mode=SKH | Sparsity=ON (UsedSparsity=0.6) | Clusters=ON (UsedClusters=32) | EnvSparsityCfg={'Conv': 0.6, 'Linear': 0.6, 'Bias': 0.0, 'BatchNorm': 0.0} | EnvNClusters=32
[2026-01-24 19:03:24,229] [INFO] Model initialized on device: cuda:0
[2026-01-24 19:03:24,229] [INFO] [CLIENT INIT] Mode=SKH | Sparsity=ON (UsedSparsity=0.6) | Clusters=ON (UsedClusters=32) | EnvSparsityCfg={'Conv': 0.6, 'Linear': 0.6, 'Bias': 0.0, 'BatchNorm': 0.0} | EnvNClusters=32
[2026-01-24 19:03:24,313] [INFO] Model initialized on device: cuda:0
[2026-01-24 19:03:24,313] [INFO] [CLIENT INIT] Mode=SKH | Sparsity=ON (UsedSparsity=0.6) | Clusters=ON (UsedClusters=32) | EnvSparsityCfg={'Conv': 0.6, 'Linear': 0.6, 'Bias': 0.0, 'BatchNorm': 0.0} | EnvNClusters=32
[2026-01-24 19:03:24,428] [INFO] Model initialized on device: cuda:0
[2026-01-24 19:03:24,428] [INFO] [CLIENT INIT] Mode=SKH | Sparsity=ON (UsedSparsity=0.6) | Clusters=ON (UsedClusters=32) | EnvSparsityCfg={'Conv': 0.6, 'Linear': 0.6, 'Bias': 0.0, 'BatchNorm': 0.0} | EnvNClusters=32
[2026-01-24 19:03:24,623] [INFO] Model initialized on device: cuda:0
[2026-01-24 19:03:24,623] [INFO] [CLIENT INIT] Mode=SKH | Sparsity=ON (UsedSparsity=0.6) | Clusters=ON (UsedClusters=32) | EnvSparsityCfg={'Conv': 0.6, 'Linear': 0.6, 'Bias': 0.0, 'BatchNorm': 0.0} | EnvNClusters=32
[2026-01-24 19:03:24,712] [INFO] Model initialized on device: cuda:0
[2026-01-24 19:03:24,712] [INFO] [CLIENT INIT] Mode=SKH | Sparsity=ON (UsedSparsity=0.6) | Clusters=ON (UsedClusters=32) | EnvSparsityCfg={'Conv': 0.6, 'Linear': 0.6, 'Bias': 0.0, 'BatchNorm': 0.0} | EnvNClusters=32
[2026-01-24 19:03:24,713] [INFO] Model initialized on device: cuda:0
[2026-01-24 19:03:24,713] [INFO] [CLIENT INIT] Mode=SKH | Sparsity=ON (UsedSparsity=0.6) | Clusters=ON (UsedClusters=32) | EnvSparsityCfg={'Conv': 0.6, 'Linear': 0.6, 'Bias': 0.0, 'BatchNorm': 0.0} | EnvNClusters=32
[2026-01-24 19:04:37,361] [INFO] [TRAIN] Epoch 1 Loss: 0.9711
[2026-01-24 19:05:45,128] [INFO] Model initialized on device: cuda:0
[2026-01-24 19:05:45,129] [INFO] [CLIENT INIT] Mode=SKH | Sparsity=ON (UsedSparsity=0.6) | Clusters=ON (UsedClusters=32) | EnvSparsityCfg={'Conv': 0.6, 'Linear': 0.6, 'Bias': 0.0, 'BatchNorm': 0.0} | EnvNClusters=32
[2026-01-24 19:05:45,521] [INFO] Model initialized on device: cuda:0
[2026-01-24 19:05:45,521] [INFO] [CLIENT INIT] Mode=SKH | Sparsity=ON (UsedSparsity=0.6) | Clusters=ON (UsedClusters=32) | EnvSparsityCfg={'Conv': 0.6, 'Linear': 0.6, 'Bias': 0.0, 'BatchNorm': 0.0} | EnvNClusters=32
[2026-01-24 19:05:45,521] [INFO] Model initialized on device: cuda:0
[2026-01-24 19:05:45,521] [INFO] [CLIENT INIT] Mode=SKH | Sparsity=ON (UsedSparsity=0.6) | Clusters=ON (UsedClusters=32) | EnvSparsityCfg={'Conv': 0.6, 'Linear': 0.6, 'Bias': 0.0, 'BatchNorm': 0.0} | EnvNClusters=32
[2026-01-24 19:05:45,919] [INFO] Model initialized on device: cuda:0
[2026-01-24 19:05:45,919] [INFO] [CLIENT INIT] Mode=SKH | Sparsity=ON (UsedSparsity=0.6) | Clusters=ON (UsedClusters=32) | EnvSparsityCfg={'Conv': 0.6, 'Linear': 0.6, 'Bias': 0.0, 'BatchNorm': 0.0} | EnvNClusters=32
[2026-01-24 19:05:46,011] [INFO] Model initialized on device: cuda:0
[2026-01-24 19:05:46,012] [INFO] [CLIENT INIT] Mode=SKH | Sparsity=ON (UsedSparsity=0.6) | Clusters=ON (UsedClusters=32) | EnvSparsityCfg={'Conv': 0.6, 'Linear': 0.6, 'Bias': 0.0, 'BatchNorm': 0.0} | EnvNClusters=32
[2026-01-24 19:05:46,138] [INFO] Model initialized on device: cuda:0
[2026-01-24 19:05:46,138] [INFO] [CLIENT INIT] Mode=SKH | Sparsity=ON (UsedSparsity=0.6) | Clusters=ON (UsedClusters=32) | EnvSparsityCfg={'Conv': 0.6, 'Linear': 0.6, 'Bias': 0.0, 'BatchNorm': 0.0} | EnvNClusters=32
[2026-01-24 19:05:46,141] [INFO] Model initialized on device: cuda:0
[2026-01-24 19:05:46,141] [INFO] [CLIENT INIT] Mode=SKH | Sparsity=ON (UsedSparsity=0.6) | Clusters=ON (UsedClusters=32) | EnvSparsityCfg={'Conv': 0.6, 'Linear': 0.6, 'Bias': 0.0, 'BatchNorm': 0.0} | EnvNClusters=32
[2026-01-24 19:05:46,213] [INFO] Model initialized on device: cuda:0
[2026-01-24 19:05:46,213] [INFO] [CLIENT INIT] Mode=SKH | Sparsity=ON (UsedSparsity=0.6) | Clusters=ON (UsedClusters=32) | EnvSparsityCfg={'Conv': 0.6, 'Linear': 0.6, 'Bias': 0.0, 'BatchNorm': 0.0} | EnvNClusters=32
[2026-01-24 19:05:46,215] [INFO] Model initialized on device: cuda:0
[2026-01-24 19:05:46,216] [INFO] [CLIENT INIT] Mode=SKH | Sparsity=ON (UsedSparsity=0.6) | Clusters=ON (UsedClusters=32) | EnvSparsityCfg={'Conv': 0.6, 'Linear': 0.6, 'Bias': 0.0, 'BatchNorm': 0.0} | EnvNClusters=32
[2026-01-24 19:05:46,220] [INFO] Model initialized on device: cuda:0
[2026-01-24 19:05:46,220] [INFO] [CLIENT INIT] Mode=SKH | Sparsity=ON (UsedSparsity=0.6) | Clusters=ON (UsedClusters=32) | EnvSparsityCfg={'Conv': 0.6, 'Linear': 0.6, 'Bias': 0.0, 'BatchNorm': 0.0} | EnvNClusters=32
[2026-01-24 19:06:53,617] [INFO] [TRAIN] Epoch 2 Loss: 0.9695
[2026-01-24 19:07:35,315] [INFO] Model initialized on device: cuda:0
[2026-01-24 19:07:35,315] [INFO] [CLIENT INIT] Mode=SKH | Sparsity=ON (UsedSparsity=0.6) | Clusters=ON (UsedClusters=32) | EnvSparsityCfg={'Conv': 0.6, 'Linear': 0.6, 'Bias': 0.0, 'BatchNorm': 0.0} | EnvNClusters=32
[2026-01-24 19:07:39,146] [INFO] Model initialized on device: cuda:0
[2026-01-24 19:07:39,146] [INFO] [CLIENT INIT] Mode=SKH | Sparsity=ON (UsedSparsity=0.6) | Clusters=ON (UsedClusters=32) | EnvSparsityCfg={'Conv': 0.6, 'Linear': 0.6, 'Bias': 0.0, 'BatchNorm': 0.0} | EnvNClusters=32
[2026-01-24 19:07:39,428] [INFO] Model initialized on device: cuda:0
[2026-01-24 19:07:39,428] [INFO] [CLIENT INIT] Mode=SKH | Sparsity=ON (UsedSparsity=0.6) | Clusters=ON (UsedClusters=32) | EnvSparsityCfg={'Conv': 0.6, 'Linear': 0.6, 'Bias': 0.0, 'BatchNorm': 0.0} | EnvNClusters=32
[2026-01-24 19:07:39,546] [INFO] Model initialized on device: cuda:0
[2026-01-24 19:07:39,546] [INFO] [CLIENT INIT] Mode=SKH | Sparsity=ON (UsedSparsity=0.6) | Clusters=ON (UsedClusters=32) | EnvSparsityCfg={'Conv': 0.6, 'Linear': 0.6, 'Bias': 0.0, 'BatchNorm': 0.0} | EnvNClusters=32
[2026-01-24 19:07:39,548] [INFO] Model initialized on device: cuda:0
[2026-01-24 19:07:39,548] [INFO] [CLIENT INIT] Mode=SKH | Sparsity=ON (UsedSparsity=0.6) | Clusters=ON (UsedClusters=32) | EnvSparsityCfg={'Conv': 0.6, 'Linear': 0.6, 'Bias': 0.0, 'BatchNorm': 0.0} | EnvNClusters=32
[2026-01-24 19:07:47,913] [INFO] Model initialized on device: cuda:0
[2026-01-24 19:07:47,913] [INFO] [CLIENT INIT] Mode=SKH | Sparsity=ON (UsedSparsity=0.6) | Clusters=ON (UsedClusters=32) | EnvSparsityCfg={'Conv': 0.6, 'Linear': 0.6, 'Bias': 0.0, 'BatchNorm': 0.0} | EnvNClusters=32
[2026-01-24 19:07:48,114] [INFO] Model initialized on device: cuda:0
[2026-01-24 19:07:48,114] [INFO] [CLIENT INIT] Mode=SKH | Sparsity=ON (UsedSparsity=0.6) | Clusters=ON (UsedClusters=32) | EnvSparsityCfg={'Conv': 0.6, 'Linear': 0.6, 'Bias': 0.0, 'BatchNorm': 0.0} | EnvNClusters=32
[2026-01-24 19:07:49,634] [INFO] Model initialized on device: cuda:0
[2026-01-24 19:07:49,634] [INFO] [CLIENT INIT] Mode=SKH | Sparsity=ON (UsedSparsity=0.6) | Clusters=ON (UsedClusters=32) | EnvSparsityCfg={'Conv': 0.6, 'Linear': 0.6, 'Bias': 0.0, 'BatchNorm': 0.0} | EnvNClusters=32
[2026-01-24 19:07:53,331] [INFO] Model initialized on device: cuda:0
[2026-01-24 19:07:53,331] [INFO] [CLIENT INIT] Mode=SKH | Sparsity=ON (UsedSparsity=0.6) | Clusters=ON (UsedClusters=32) | EnvSparsityCfg={'Conv': 0.6, 'Linear': 0.6, 'Bias': 0.0, 'BatchNorm': 0.0} | EnvNClusters=32
[2026-01-24 19:07:54,035] [INFO] Model initialized on device: cuda:0
[2026-01-24 19:07:54,035] [INFO] [CLIENT INIT] Mode=SKH | Sparsity=ON (UsedSparsity=0.6) | Clusters=ON (UsedClusters=32) | EnvSparsityCfg={'Conv': 0.6, 'Linear': 0.6, 'Bias': 0.0, 'BatchNorm': 0.0} | EnvNClusters=32
[2026-01-24 19:08:51,510] [INFO] [TRAIN] Epoch 3 Loss: 0.9678
[2026-01-24 19:09:27,608] [INFO] Model initialized on device: cuda:0
[2026-01-24 19:09:27,608] [INFO] [CLIENT INIT] Mode=SKH | Sparsity=ON (UsedSparsity=0.6) | Clusters=ON (UsedClusters=32) | EnvSparsityCfg={'Conv': 0.6, 'Linear': 0.6, 'Bias': 0.0, 'BatchNorm': 0.0} | EnvNClusters=32
[2026-01-24 19:09:29,429] [INFO] Model initialized on device: cuda:0
[2026-01-24 19:09:29,429] [INFO] [CLIENT INIT] Mode=SKH | Sparsity=ON (UsedSparsity=0.6) | Clusters=ON (UsedClusters=32) | EnvSparsityCfg={'Conv': 0.6, 'Linear': 0.6, 'Bias': 0.0, 'BatchNorm': 0.0} | EnvNClusters=32
[2026-01-24 19:09:29,431] [INFO] Model initialized on device: cuda:0
[2026-01-24 19:09:29,431] [INFO] [CLIENT INIT] Mode=SKH | Sparsity=ON (UsedSparsity=0.6) | Clusters=ON (UsedClusters=32) | EnvSparsityCfg={'Conv': 0.6, 'Linear': 0.6, 'Bias': 0.0, 'BatchNorm': 0.0} | EnvNClusters=32
[2026-01-24 19:09:30,907] [INFO] Model initialized on device: cuda:0
[2026-01-24 19:09:30,908] [INFO] [CLIENT INIT] Mode=SKH | Sparsity=ON (UsedSparsity=0.6) | Clusters=ON (UsedClusters=32) | EnvSparsityCfg={'Conv': 0.6, 'Linear': 0.6, 'Bias': 0.0, 'BatchNorm': 0.0} | EnvNClusters=32
[2026-01-24 19:09:35,741] [INFO] Model initialized on device: cuda:0
[2026-01-24 19:09:35,742] [INFO] [CLIENT INIT] Mode=SKH | Sparsity=ON (UsedSparsity=0.6) | Clusters=ON (UsedClusters=32) | EnvSparsityCfg={'Conv': 0.6, 'Linear': 0.6, 'Bias': 0.0, 'BatchNorm': 0.0} | EnvNClusters=32
[2026-01-24 19:09:36,128] [INFO] Model initialized on device: cuda:0
[2026-01-24 19:09:36,129] [INFO] [CLIENT INIT] Mode=SKH | Sparsity=ON (UsedSparsity=0.6) | Clusters=ON (UsedClusters=32) | EnvSparsityCfg={'Conv': 0.6, 'Linear': 0.6, 'Bias': 0.0, 'BatchNorm': 0.0} | EnvNClusters=32
[2026-01-24 19:09:36,541] [INFO] Model initialized on device: cuda:0
[2026-01-24 19:09:36,541] [INFO] [CLIENT INIT] Mode=SKH | Sparsity=ON (UsedSparsity=0.6) | Clusters=ON (UsedClusters=32) | EnvSparsityCfg={'Conv': 0.6, 'Linear': 0.6, 'Bias': 0.0, 'BatchNorm': 0.0} | EnvNClusters=32
[2026-01-24 19:09:39,026] [INFO] Model initialized on device: cuda:0
[2026-01-24 19:09:39,026] [INFO] [CLIENT INIT] Mode=SKH | Sparsity=ON (UsedSparsity=0.6) | Clusters=ON (UsedClusters=32) | EnvSparsityCfg={'Conv': 0.6, 'Linear': 0.6, 'Bias': 0.0, 'BatchNorm': 0.0} | EnvNClusters=32
[2026-01-24 19:09:43,544] [INFO] Model initialized on device: cuda:0
[2026-01-24 19:09:43,544] [INFO] [CLIENT INIT] Mode=SKH | Sparsity=ON (UsedSparsity=0.6) | Clusters=ON (UsedClusters=32) | EnvSparsityCfg={'Conv': 0.6, 'Linear': 0.6, 'Bias': 0.0, 'BatchNorm': 0.0} | EnvNClusters=32
[2026-01-24 19:09:45,112] [INFO] Model initialized on device: cuda:0
[2026-01-24 19:09:45,112] [INFO] [CLIENT INIT] Mode=SKH | Sparsity=ON (UsedSparsity=0.6) | Clusters=ON (UsedClusters=32) | EnvSparsityCfg={'Conv': 0.6, 'Linear': 0.6, 'Bias': 0.0, 'BatchNorm': 0.0} | EnvNClusters=32
[2026-01-24 19:10:42,117] [INFO] [TRAIN] Epoch 4 Loss: 0.9661
[2026-01-24 19:11:19,744] [INFO] Model initialized on device: cuda:0
[2026-01-24 19:11:19,744] [INFO] [CLIENT INIT] Mode=SKH | Sparsity=ON (UsedSparsity=0.6) | Clusters=ON (UsedClusters=32) | EnvSparsityCfg={'Conv': 0.6, 'Linear': 0.6, 'Bias': 0.0, 'BatchNorm': 0.0} | EnvNClusters=32
[2026-01-24 19:11:21,517] [INFO] Model initialized on device: cuda:0
[2026-01-24 19:11:21,517] [INFO] [CLIENT INIT] Mode=SKH | Sparsity=ON (UsedSparsity=0.6) | Clusters=ON (UsedClusters=32) | EnvSparsityCfg={'Conv': 0.6, 'Linear': 0.6, 'Bias': 0.0, 'BatchNorm': 0.0} | EnvNClusters=32
[2026-01-24 19:11:21,823] [INFO] Model initialized on device: cuda:0
[2026-01-24 19:11:21,823] [INFO] [CLIENT INIT] Mode=SKH | Sparsity=ON (UsedSparsity=0.6) | Clusters=ON (UsedClusters=32) | EnvSparsityCfg={'Conv': 0.6, 'Linear': 0.6, 'Bias': 0.0, 'BatchNorm': 0.0} | EnvNClusters=32
[2026-01-24 19:11:22,626] [INFO] Model initialized on device: cuda:0
[2026-01-24 19:11:22,627] [INFO] [CLIENT INIT] Mode=SKH | Sparsity=ON (UsedSparsity=0.6) | Clusters=ON (UsedClusters=32) | EnvSparsityCfg={'Conv': 0.6, 'Linear': 0.6, 'Bias': 0.0, 'BatchNorm': 0.0} | EnvNClusters=32
[2026-01-24 19:11:24,461] [INFO] Model initialized on device: cuda:0
[2026-01-24 19:11:24,462] [INFO] [CLIENT INIT] Mode=SKH | Sparsity=ON (UsedSparsity=0.6) | Clusters=ON (UsedClusters=32) | EnvSparsityCfg={'Conv': 0.6, 'Linear': 0.6, 'Bias': 0.0, 'BatchNorm': 0.0} | EnvNClusters=32
[2026-01-24 19:11:25,017] [INFO] Model initialized on device: cuda:0
[2026-01-24 19:11:25,018] [INFO] [CLIENT INIT] Mode=SKH | Sparsity=ON (UsedSparsity=0.6) | Clusters=ON (UsedClusters=32) | EnvSparsityCfg={'Conv': 0.6, 'Linear': 0.6, 'Bias': 0.0, 'BatchNorm': 0.0} | EnvNClusters=32
[2026-01-24 19:11:25,613] [INFO] Model initialized on device: cuda:0
[2026-01-24 19:11:25,614] [INFO] [CLIENT INIT] Mode=SKH | Sparsity=ON (UsedSparsity=0.6) | Clusters=ON (UsedClusters=32) | EnvSparsityCfg={'Conv': 0.6, 'Linear': 0.6, 'Bias': 0.0, 'BatchNorm': 0.0} | EnvNClusters=32
[2026-01-24 19:11:32,428] [INFO] Model initialized on device: cuda:0
[2026-01-24 19:11:32,428] [INFO] [CLIENT INIT] Mode=SKH | Sparsity=ON (UsedSparsity=0.6) | Clusters=ON (UsedClusters=32) | EnvSparsityCfg={'Conv': 0.6, 'Linear': 0.6, 'Bias': 0.0, 'BatchNorm': 0.0} | EnvNClusters=32
[2026-01-24 19:11:32,816] [INFO] Model initialized on device: cuda:0
[2026-01-24 19:11:32,816] [INFO] [CLIENT INIT] Mode=SKH | Sparsity=ON (UsedSparsity=0.6) | Clusters=ON (UsedClusters=32) | EnvSparsityCfg={'Conv': 0.6, 'Linear': 0.6, 'Bias': 0.0, 'BatchNorm': 0.0} | EnvNClusters=32
[2026-01-24 19:11:34,820] [INFO] Model initialized on device: cuda:0
[2026-01-24 19:11:34,821] [INFO] [CLIENT INIT] Mode=SKH | Sparsity=ON (UsedSparsity=0.6) | Clusters=ON (UsedClusters=32) | EnvSparsityCfg={'Conv': 0.6, 'Linear': 0.6, 'Bias': 0.0, 'BatchNorm': 0.0} | EnvNClusters=32
[2026-01-24 19:12:29,341] [INFO] [TRAIN] Epoch 5 Loss: 0.9643
[2026-01-24 19:12:29,342] [INFO] [FIT] Local training finished. Avg Loss: 0.9678
[2026-01-24 19:12:58,248] [INFO] Model initialized on device: cuda:0
[2026-01-24 19:12:58,248] [INFO] [CLIENT INIT] Mode=SKH | Sparsity=ON (UsedSparsity=0.6) | Clusters=ON (UsedClusters=32) | EnvSparsityCfg={'Conv': 0.6, 'Linear': 0.6, 'Bias': 0.0, 'BatchNorm': 0.0} | EnvNClusters=32
[2026-01-24 19:12:59,442] [INFO] Model initialized on device: cuda:0
[2026-01-24 19:12:59,442] [INFO] [CLIENT INIT] Mode=SKH | Sparsity=ON (UsedSparsity=0.6) | Clusters=ON (UsedClusters=32) | EnvSparsityCfg={'Conv': 0.6, 'Linear': 0.6, 'Bias': 0.0, 'BatchNorm': 0.0} | EnvNClusters=32
[2026-01-24 19:12:59,683] [INFO] Model initialized on device: cuda:0
[2026-01-24 19:12:59,683] [INFO] [CLIENT INIT] Mode=SKH | Sparsity=ON (UsedSparsity=0.6) | Clusters=ON (UsedClusters=32) | EnvSparsityCfg={'Conv': 0.6, 'Linear': 0.6, 'Bias': 0.0, 'BatchNorm': 0.0} | EnvNClusters=32
[2026-01-24 19:12:59,751] [INFO] Model initialized on device: cuda:0
[2026-01-24 19:12:59,751] [INFO] [CLIENT INIT] Mode=SKH | Sparsity=ON (UsedSparsity=0.6) | Clusters=ON (UsedClusters=32) | EnvSparsityCfg={'Conv': 0.6, 'Linear': 0.6, 'Bias': 0.0, 'BatchNorm': 0.0} | EnvNClusters=32
[2026-01-24 19:12:59,753] [INFO] Model initialized on device: cuda:0
[2026-01-24 19:12:59,754] [INFO] [CLIENT INIT] Mode=SKH | Sparsity=ON (UsedSparsity=0.6) | Clusters=ON (UsedClusters=32) | EnvSparsityCfg={'Conv': 0.6, 'Linear': 0.6, 'Bias': 0.0, 'BatchNorm': 0.0} | EnvNClusters=32
[2026-01-24 19:12:59,780] [INFO] Model initialized on device: cuda:0
[2026-01-24 19:12:59,781] [INFO] [CLIENT INIT] Mode=SKH | Sparsity=ON (UsedSparsity=0.6) | Clusters=ON (UsedClusters=32) | EnvSparsityCfg={'Conv': 0.6, 'Linear': 0.6, 'Bias': 0.0, 'BatchNorm': 0.0} | EnvNClusters=32
[2026-01-24 19:12:59,883] [INFO] Model initialized on device: cuda:0
[2026-01-24 19:12:59,883] [INFO] [CLIENT INIT] Mode=SKH | Sparsity=ON (UsedSparsity=0.6) | Clusters=ON (UsedClusters=32) | EnvSparsityCfg={'Conv': 0.6, 'Linear': 0.6, 'Bias': 0.0, 'BatchNorm': 0.0} | EnvNClusters=32
[2026-01-24 19:12:59,908] [INFO] Model initialized on device: cuda:0
[2026-01-24 19:12:59,909] [INFO] [CLIENT INIT] Mode=SKH | Sparsity=ON (UsedSparsity=0.6) | Clusters=ON (UsedClusters=32) | EnvSparsityCfg={'Conv': 0.6, 'Linear': 0.6, 'Bias': 0.0, 'BatchNorm': 0.0} | EnvNClusters=32
[2026-01-24 19:12:59,910] [INFO] Model initialized on device: cuda:0
[2026-01-24 19:12:59,910] [INFO] [CLIENT INIT] Mode=SKH | Sparsity=ON (UsedSparsity=0.6) | Clusters=ON (UsedClusters=32) | EnvSparsityCfg={'Conv': 0.6, 'Linear': 0.6, 'Bias': 0.0, 'BatchNorm': 0.0} | EnvNClusters=32
[2026-01-24 19:12:59,915] [INFO] Model initialized on device: cuda:0
[2026-01-24 19:12:59,915] [INFO] [CLIENT INIT] Mode=SKH | Sparsity=ON (UsedSparsity=0.6) | Clusters=ON (UsedClusters=32) | EnvSparsityCfg={'Conv': 0.6, 'Linear': 0.6, 'Bias': 0.0, 'BatchNorm': 0.0} | EnvNClusters=32
[2026-01-24 19:13:03,118] [DEBUG] [TEST] Batch 1 | Pred shape: torch.Size([256, 256, 160]) | Label shape: torch.Size([256, 256, 160])
[2026-01-24 19:13:03,176] [DEBUG] [TEST] Batch 2 | Pred shape: torch.Size([256, 256, 160]) | Label shape: torch.Size([256, 256, 160])
[2026-01-24 19:13:03,345] [DEBUG] [TEST] Batch 3 | Pred shape: torch.Size([256, 256, 160]) | Label shape: torch.Size([256, 256, 160])
[2026-01-24 19:13:03,400] [DEBUG] [TEST] Batch 4 | Pred shape: torch.Size([256, 256, 160]) | Label shape: torch.Size([256, 256, 160])
[2026-01-24 19:13:03,684] [DEBUG] [TEST] Batch 5 | Pred shape: torch.Size([256, 256, 160]) | Label shape: torch.Size([256, 256, 160])
[2026-01-24 19:13:03,837] [DEBUG] [TEST] Batch 6 | Pred shape: torch.Size([256, 256, 160]) | Label shape: torch.Size([256, 256, 160])
[2026-01-24 19:13:03,954] [DEBUG] [TEST] Batch 7 | Pred shape: torch.Size([256, 256, 160]) | Label shape: torch.Size([256, 256, 160])
[2026-01-24 19:13:04,075] [DEBUG] [TEST] Batch 8 | Pred shape: torch.Size([256, 256, 160]) | Label shape: torch.Size([256, 256, 160])
[2026-01-24 19:13:04,198] [DEBUG] [TEST] Batch 9 | Pred shape: torch.Size([256, 256, 160]) | Label shape: torch.Size([256, 256, 160])
[2026-01-24 19:13:04,324] [DEBUG] [TEST] Batch 10 | Pred shape: torch.Size([256, 256, 160]) | Label shape: torch.Size([256, 256, 160])
[2026-01-24 19:13:08,225] [INFO] [FIT] Final model saved to: Revision2/Run_UNET_IID_SKHC32S60_20260124/Client2/model_final.pth
[2026-01-24 19:13:17,585] [INFO] [COMM][CLIENT] Round=-1 Mode=SKH UsedSparsity=0.6 UsedClusters=32 BaselineBits=154016352.0 CompressedBits=45521600.0 CR=3.383
[2026-01-24 19:13:53,016] [INFO] [EVALUATE] Starting evaluation...
[2026-01-24 19:13:55,609] [INFO] [DEBUG] Loaded compressed decoded weights.
[2026-01-24 19:15:01,511] [INFO] Model initialized on device: cuda:0
[2026-01-24 19:15:01,512] [INFO] [CLIENT INIT] Mode=SKH | Sparsity=ON (UsedSparsity=0.6) | Clusters=ON (UsedClusters=32) | EnvSparsityCfg={'Conv': 0.6, 'Linear': 0.6, 'Bias': 0.0, 'BatchNorm': 0.0} | EnvNClusters=32
[2026-01-24 19:15:01,532] [INFO] Model initialized on device: cuda:0
[2026-01-24 19:15:01,533] [INFO] [CLIENT INIT] Mode=SKH | Sparsity=ON (UsedSparsity=0.6) | Clusters=ON (UsedClusters=32) | EnvSparsityCfg={'Conv': 0.6, 'Linear': 0.6, 'Bias': 0.0, 'BatchNorm': 0.0} | EnvNClusters=32
[2026-01-24 19:15:01,726] [INFO] Model initialized on device: cuda:0
[2026-01-24 19:15:01,726] [INFO] [CLIENT INIT] Mode=SKH | Sparsity=ON (UsedSparsity=0.6) | Clusters=ON (UsedClusters=32) | EnvSparsityCfg={'Conv': 0.6, 'Linear': 0.6, 'Bias': 0.0, 'BatchNorm': 0.0} | EnvNClusters=32
[2026-01-24 19:15:01,739] [INFO] Model initialized on device: cuda:0
[2026-01-24 19:15:01,739] [INFO] [CLIENT INIT] Mode=SKH | Sparsity=ON (UsedSparsity=0.6) | Clusters=ON (UsedClusters=32) | EnvSparsityCfg={'Conv': 0.6, 'Linear': 0.6, 'Bias': 0.0, 'BatchNorm': 0.0} | EnvNClusters=32
[2026-01-24 19:15:01,808] [INFO] Model initialized on device: cuda:0
[2026-01-24 19:15:01,808] [INFO] [CLIENT INIT] Mode=SKH | Sparsity=ON (UsedSparsity=0.6) | Clusters=ON (UsedClusters=32) | EnvSparsityCfg={'Conv': 0.6, 'Linear': 0.6, 'Bias': 0.0, 'BatchNorm': 0.0} | EnvNClusters=32
[2026-01-24 19:15:01,812] [INFO] Model initialized on device: cuda:0
[2026-01-24 19:15:01,812] [INFO] [CLIENT INIT] Mode=SKH | Sparsity=ON (UsedSparsity=0.6) | Clusters=ON (UsedClusters=32) | EnvSparsityCfg={'Conv': 0.6, 'Linear': 0.6, 'Bias': 0.0, 'BatchNorm': 0.0} | EnvNClusters=32
[2026-01-24 19:15:01,836] [INFO] Model initialized on device: cuda:0
[2026-01-24 19:15:01,836] [INFO] [CLIENT INIT] Mode=SKH | Sparsity=ON (UsedSparsity=0.6) | Clusters=ON (UsedClusters=32) | EnvSparsityCfg={'Conv': 0.6, 'Linear': 0.6, 'Bias': 0.0, 'BatchNorm': 0.0} | EnvNClusters=32
[2026-01-24 19:15:01,842] [INFO] Model initialized on device: cuda:0
[2026-01-24 19:15:01,843] [INFO] [CLIENT INIT] Mode=SKH | Sparsity=ON (UsedSparsity=0.6) | Clusters=ON (UsedClusters=32) | EnvSparsityCfg={'Conv': 0.6, 'Linear': 0.6, 'Bias': 0.0, 'BatchNorm': 0.0} | EnvNClusters=32
[2026-01-24 19:15:01,845] [INFO] Model initialized on device: cuda:0
[2026-01-24 19:15:01,845] [INFO] [CLIENT INIT] Mode=SKH | Sparsity=ON (UsedSparsity=0.6) | Clusters=ON (UsedClusters=32) | EnvSparsityCfg={'Conv': 0.6, 'Linear': 0.6, 'Bias': 0.0, 'BatchNorm': 0.0} | EnvNClusters=32
[2026-01-24 19:15:01,911] [INFO] Model initialized on device: cuda:0
[2026-01-24 19:15:01,912] [INFO] [CLIENT INIT] Mode=SKH | Sparsity=ON (UsedSparsity=0.6) | Clusters=ON (UsedClusters=32) | EnvSparsityCfg={'Conv': 0.6, 'Linear': 0.6, 'Bias': 0.0, 'BatchNorm': 0.0} | EnvNClusters=32
[2026-01-24 19:15:08,053] [DEBUG] [TEST] Batch 1 | Pred shape: torch.Size([256, 256, 160]) | Label shape: torch.Size([256, 256, 160])
[2026-01-24 19:15:08,108] [DEBUG] [TEST] Batch 2 | Pred shape: torch.Size([256, 256, 160]) | Label shape: torch.Size([256, 256, 160])
[2026-01-24 19:15:08,164] [DEBUG] [TEST] Batch 3 | Pred shape: torch.Size([256, 256, 160]) | Label shape: torch.Size([256, 256, 160])
[2026-01-24 19:15:08,219] [DEBUG] [TEST] Batch 4 | Pred shape: torch.Size([256, 256, 160]) | Label shape: torch.Size([256, 256, 160])
[2026-01-24 19:15:08,277] [DEBUG] [TEST] Batch 5 | Pred shape: torch.Size([256, 256, 160]) | Label shape: torch.Size([256, 256, 160])
[2026-01-24 19:15:08,333] [DEBUG] [TEST] Batch 6 | Pred shape: torch.Size([256, 256, 160]) | Label shape: torch.Size([256, 256, 160])
[2026-01-24 19:15:08,389] [DEBUG] [TEST] Batch 7 | Pred shape: torch.Size([256, 256, 160]) | Label shape: torch.Size([256, 256, 160])
[2026-01-24 19:15:08,444] [DEBUG] [TEST] Batch 8 | Pred shape: torch.Size([256, 256, 160]) | Label shape: torch.Size([256, 256, 160])
[2026-01-24 19:15:08,499] [DEBUG] [TEST] Batch 9 | Pred shape: torch.Size([256, 256, 160]) | Label shape: torch.Size([256, 256, 160])
[2026-01-24 19:15:08,554] [DEBUG] [TEST] Batch 10 | Pred shape: torch.Size([256, 256, 160]) | Label shape: torch.Size([256, 256, 160])
[2026-01-24 19:15:11,644] [INFO] [EVALUATE] Dice WT: 0.3756
[2026-01-24 19:15:18,424] [INFO] [FIT] Received parameters. Starting local training...
[2026-01-24 19:15:20,422] [INFO] [DEBUG] Loaded compressed decoded weights.
[2026-01-24 19:16:24,342] [INFO] Model initialized on device: cuda:0
[2026-01-24 19:16:24,342] [INFO] [CLIENT INIT] Mode=SKH | Sparsity=ON (UsedSparsity=0.6) | Clusters=ON (UsedClusters=32) | EnvSparsityCfg={'Conv': 0.6, 'Linear': 0.6, 'Bias': 0.0, 'BatchNorm': 0.0} | EnvNClusters=32
[2026-01-24 19:16:27,943] [INFO] Model initialized on device: cuda:0
[2026-01-24 19:16:27,943] [INFO] [CLIENT INIT] Mode=SKH | Sparsity=ON (UsedSparsity=0.6) | Clusters=ON (UsedClusters=32) | EnvSparsityCfg={'Conv': 0.6, 'Linear': 0.6, 'Bias': 0.0, 'BatchNorm': 0.0} | EnvNClusters=32
[2026-01-24 19:16:28,029] [INFO] Model initialized on device: cuda:0
[2026-01-24 19:16:28,030] [INFO] [CLIENT INIT] Mode=SKH | Sparsity=ON (UsedSparsity=0.6) | Clusters=ON (UsedClusters=32) | EnvSparsityCfg={'Conv': 0.6, 'Linear': 0.6, 'Bias': 0.0, 'BatchNorm': 0.0} | EnvNClusters=32
[2026-01-24 19:16:28,219] [INFO] Model initialized on device: cuda:0
[2026-01-24 19:16:28,219] [INFO] [CLIENT INIT] Mode=SKH | Sparsity=ON (UsedSparsity=0.6) | Clusters=ON (UsedClusters=32) | EnvSparsityCfg={'Conv': 0.6, 'Linear': 0.6, 'Bias': 0.0, 'BatchNorm': 0.0} | EnvNClusters=32
[2026-01-24 19:16:28,228] [INFO] Model initialized on device: cuda:0
[2026-01-24 19:16:28,228] [INFO] [CLIENT INIT] Mode=SKH | Sparsity=ON (UsedSparsity=0.6) | Clusters=ON (UsedClusters=32) | EnvSparsityCfg={'Conv': 0.6, 'Linear': 0.6, 'Bias': 0.0, 'BatchNorm': 0.0} | EnvNClusters=32
[2026-01-24 19:16:28,330] [INFO] Model initialized on device: cuda:0
[2026-01-24 19:16:28,330] [INFO] [CLIENT INIT] Mode=SKH | Sparsity=ON (UsedSparsity=0.6) | Clusters=ON (UsedClusters=32) | EnvSparsityCfg={'Conv': 0.6, 'Linear': 0.6, 'Bias': 0.0, 'BatchNorm': 0.0} | EnvNClusters=32
[2026-01-24 19:16:28,613] [INFO] Model initialized on device: cuda:0
[2026-01-24 19:16:28,613] [INFO] [CLIENT INIT] Mode=SKH | Sparsity=ON (UsedSparsity=0.6) | Clusters=ON (UsedClusters=32) | EnvSparsityCfg={'Conv': 0.6, 'Linear': 0.6, 'Bias': 0.0, 'BatchNorm': 0.0} | EnvNClusters=32
[2026-01-24 19:16:28,821] [INFO] Model initialized on device: cuda:0
[2026-01-24 19:16:28,822] [INFO] [CLIENT INIT] Mode=SKH | Sparsity=ON (UsedSparsity=0.6) | Clusters=ON (UsedClusters=32) | EnvSparsityCfg={'Conv': 0.6, 'Linear': 0.6, 'Bias': 0.0, 'BatchNorm': 0.0} | EnvNClusters=32
[2026-01-24 19:16:29,245] [INFO] Model initialized on device: cuda:0
[2026-01-24 19:16:29,245] [INFO] [CLIENT INIT] Mode=SKH | Sparsity=ON (UsedSparsity=0.6) | Clusters=ON (UsedClusters=32) | EnvSparsityCfg={'Conv': 0.6, 'Linear': 0.6, 'Bias': 0.0, 'BatchNorm': 0.0} | EnvNClusters=32
[2026-01-24 19:16:29,415] [INFO] Model initialized on device: cuda:0
[2026-01-24 19:16:29,415] [INFO] [CLIENT INIT] Mode=SKH | Sparsity=ON (UsedSparsity=0.6) | Clusters=ON (UsedClusters=32) | EnvSparsityCfg={'Conv': 0.6, 'Linear': 0.6, 'Bias': 0.0, 'BatchNorm': 0.0} | EnvNClusters=32
[2026-01-24 19:17:36,616] [INFO] [TRAIN] Epoch 1 Loss: 0.9663
[2026-01-24 19:18:35,115] [INFO] Model initialized on device: cuda:0
[2026-01-24 19:18:35,115] [INFO] [CLIENT INIT] Mode=SKH | Sparsity=ON (UsedSparsity=0.6) | Clusters=ON (UsedClusters=32) | EnvSparsityCfg={'Conv': 0.6, 'Linear': 0.6, 'Bias': 0.0, 'BatchNorm': 0.0} | EnvNClusters=32
[2026-01-24 19:18:39,942] [INFO] Model initialized on device: cuda:0
[2026-01-24 19:18:39,942] [INFO] [CLIENT INIT] Mode=SKH | Sparsity=ON (UsedSparsity=0.6) | Clusters=ON (UsedClusters=32) | EnvSparsityCfg={'Conv': 0.6, 'Linear': 0.6, 'Bias': 0.0, 'BatchNorm': 0.0} | EnvNClusters=32
[2026-01-24 19:18:40,013] [INFO] Model initialized on device: cuda:0
[2026-01-24 19:18:40,013] [INFO] [CLIENT INIT] Mode=SKH | Sparsity=ON (UsedSparsity=0.6) | Clusters=ON (UsedClusters=32) | EnvSparsityCfg={'Conv': 0.6, 'Linear': 0.6, 'Bias': 0.0, 'BatchNorm': 0.0} | EnvNClusters=32
[2026-01-24 19:18:40,114] [INFO] Model initialized on device: cuda:0
[2026-01-24 19:18:40,114] [INFO] [CLIENT INIT] Mode=SKH | Sparsity=ON (UsedSparsity=0.6) | Clusters=ON (UsedClusters=32) | EnvSparsityCfg={'Conv': 0.6, 'Linear': 0.6, 'Bias': 0.0, 'BatchNorm': 0.0} | EnvNClusters=32
[2026-01-24 19:18:40,131] [INFO] Model initialized on device: cuda:0
[2026-01-24 19:18:40,131] [INFO] [CLIENT INIT] Mode=SKH | Sparsity=ON (UsedSparsity=0.6) | Clusters=ON (UsedClusters=32) | EnvSparsityCfg={'Conv': 0.6, 'Linear': 0.6, 'Bias': 0.0, 'BatchNorm': 0.0} | EnvNClusters=32
[2026-01-24 19:18:40,928] [INFO] Model initialized on device: cuda:0
[2026-01-24 19:18:40,928] [INFO] [CLIENT INIT] Mode=SKH | Sparsity=ON (UsedSparsity=0.6) | Clusters=ON (UsedClusters=32) | EnvSparsityCfg={'Conv': 0.6, 'Linear': 0.6, 'Bias': 0.0, 'BatchNorm': 0.0} | EnvNClusters=32
[2026-01-24 19:18:40,938] [INFO] Model initialized on device: cuda:0
[2026-01-24 19:18:40,939] [INFO] [CLIENT INIT] Mode=SKH | Sparsity=ON (UsedSparsity=0.6) | Clusters=ON (UsedClusters=32) | EnvSparsityCfg={'Conv': 0.6, 'Linear': 0.6, 'Bias': 0.0, 'BatchNorm': 0.0} | EnvNClusters=32
[2026-01-24 19:18:41,019] [INFO] Model initialized on device: cuda:0
[2026-01-24 19:18:41,019] [INFO] [CLIENT INIT] Mode=SKH | Sparsity=ON (UsedSparsity=0.6) | Clusters=ON (UsedClusters=32) | EnvSparsityCfg={'Conv': 0.6, 'Linear': 0.6, 'Bias': 0.0, 'BatchNorm': 0.0} | EnvNClusters=32
[2026-01-24 19:18:41,019] [INFO] Model initialized on device: cuda:0
[2026-01-24 19:18:41,019] [INFO] [CLIENT INIT] Mode=SKH | Sparsity=ON (UsedSparsity=0.6) | Clusters=ON (UsedClusters=32) | EnvSparsityCfg={'Conv': 0.6, 'Linear': 0.6, 'Bias': 0.0, 'BatchNorm': 0.0} | EnvNClusters=32
[2026-01-24 19:18:41,024] [INFO] Model initialized on device: cuda:0
[2026-01-24 19:18:41,024] [INFO] [CLIENT INIT] Mode=SKH | Sparsity=ON (UsedSparsity=0.6) | Clusters=ON (UsedClusters=32) | EnvSparsityCfg={'Conv': 0.6, 'Linear': 0.6, 'Bias': 0.0, 'BatchNorm': 0.0} | EnvNClusters=32
[2026-01-24 19:19:48,619] [INFO] [TRAIN] Epoch 2 Loss: 0.9644
[2026-01-24 19:20:33,315] [INFO] Model initialized on device: cuda:0
[2026-01-24 19:20:33,315] [INFO] [CLIENT INIT] Mode=SKH | Sparsity=ON (UsedSparsity=0.6) | Clusters=ON (UsedClusters=32) | EnvSparsityCfg={'Conv': 0.6, 'Linear': 0.6, 'Bias': 0.0, 'BatchNorm': 0.0} | EnvNClusters=32
[2026-01-24 19:20:33,734] [INFO] Model initialized on device: cuda:0
[2026-01-24 19:20:33,734] [INFO] [CLIENT INIT] Mode=SKH | Sparsity=ON (UsedSparsity=0.6) | Clusters=ON (UsedClusters=32) | EnvSparsityCfg={'Conv': 0.6, 'Linear': 0.6, 'Bias': 0.0, 'BatchNorm': 0.0} | EnvNClusters=32
[2026-01-24 19:20:37,123] [INFO] Model initialized on device: cuda:0
[2026-01-24 19:20:37,123] [INFO] [CLIENT INIT] Mode=SKH | Sparsity=ON (UsedSparsity=0.6) | Clusters=ON (UsedClusters=32) | EnvSparsityCfg={'Conv': 0.6, 'Linear': 0.6, 'Bias': 0.0, 'BatchNorm': 0.0} | EnvNClusters=32
[2026-01-24 19:20:37,133] [INFO] Model initialized on device: cuda:0
[2026-01-24 19:20:37,133] [INFO] [CLIENT INIT] Mode=SKH | Sparsity=ON (UsedSparsity=0.6) | Clusters=ON (UsedClusters=32) | EnvSparsityCfg={'Conv': 0.6, 'Linear': 0.6, 'Bias': 0.0, 'BatchNorm': 0.0} | EnvNClusters=32
[2026-01-24 19:20:37,547] [INFO] Model initialized on device: cuda:0
[2026-01-24 19:20:37,547] [INFO] [CLIENT INIT] Mode=SKH | Sparsity=ON (UsedSparsity=0.6) | Clusters=ON (UsedClusters=32) | EnvSparsityCfg={'Conv': 0.6, 'Linear': 0.6, 'Bias': 0.0, 'BatchNorm': 0.0} | EnvNClusters=32
[2026-01-24 19:20:37,618] [INFO] Model initialized on device: cuda:0
[2026-01-24 19:20:37,618] [INFO] [CLIENT INIT] Mode=SKH | Sparsity=ON (UsedSparsity=0.6) | Clusters=ON (UsedClusters=32) | EnvSparsityCfg={'Conv': 0.6, 'Linear': 0.6, 'Bias': 0.0, 'BatchNorm': 0.0} | EnvNClusters=32
[2026-01-24 19:20:37,639] [INFO] Model initialized on device: cuda:0
[2026-01-24 19:20:37,639] [INFO] [CLIENT INIT] Mode=SKH | Sparsity=ON (UsedSparsity=0.6) | Clusters=ON (UsedClusters=32) | EnvSparsityCfg={'Conv': 0.6, 'Linear': 0.6, 'Bias': 0.0, 'BatchNorm': 0.0} | EnvNClusters=32
[2026-01-24 19:20:37,713] [INFO] Model initialized on device: cuda:0
[2026-01-24 19:20:37,713] [INFO] [CLIENT INIT] Mode=SKH | Sparsity=ON (UsedSparsity=0.6) | Clusters=ON (UsedClusters=32) | EnvSparsityCfg={'Conv': 0.6, 'Linear': 0.6, 'Bias': 0.0, 'BatchNorm': 0.0} | EnvNClusters=32
[2026-01-24 19:20:37,716] [INFO] Model initialized on device: cuda:0
[2026-01-24 19:20:37,716] [INFO] Model initialized on device: cuda:0
[2026-01-24 19:20:37,716] [INFO] [CLIENT INIT] Mode=SKH | Sparsity=ON (UsedSparsity=0.6) | Clusters=ON (UsedClusters=32) | EnvSparsityCfg={'Conv': 0.6, 'Linear': 0.6, 'Bias': 0.0, 'BatchNorm': 0.0} | EnvNClusters=32
[2026-01-24 19:20:37,716] [INFO] [CLIENT INIT] Mode=SKH | Sparsity=ON (UsedSparsity=0.6) | Clusters=ON (UsedClusters=32) | EnvSparsityCfg={'Conv': 0.6, 'Linear': 0.6, 'Bias': 0.0, 'BatchNorm': 0.0} | EnvNClusters=32
[2026-01-24 19:21:38,913] [INFO] [TRAIN] Epoch 3 Loss: 0.9624
[2026-01-24 19:22:15,512] [INFO] Model initialized on device: cuda:0
[2026-01-24 19:22:15,512] [INFO] [CLIENT INIT] Mode=SKH | Sparsity=ON (UsedSparsity=0.6) | Clusters=ON (UsedClusters=32) | EnvSparsityCfg={'Conv': 0.6, 'Linear': 0.6, 'Bias': 0.0, 'BatchNorm': 0.0} | EnvNClusters=32
[2026-01-24 19:22:17,610] [INFO] Model initialized on device: cuda:0
[2026-01-24 19:22:17,610] [INFO] [CLIENT INIT] Mode=SKH | Sparsity=ON (UsedSparsity=0.6) | Clusters=ON (UsedClusters=32) | EnvSparsityCfg={'Conv': 0.6, 'Linear': 0.6, 'Bias': 0.0, 'BatchNorm': 0.0} | EnvNClusters=32
[2026-01-24 19:22:17,634] [INFO] Model initialized on device: cuda:0
[2026-01-24 19:22:17,635] [INFO] [CLIENT INIT] Mode=SKH | Sparsity=ON (UsedSparsity=0.6) | Clusters=ON (UsedClusters=32) | EnvSparsityCfg={'Conv': 0.6, 'Linear': 0.6, 'Bias': 0.0, 'BatchNorm': 0.0} | EnvNClusters=32
[2026-01-24 19:22:18,026] [INFO] Model initialized on device: cuda:0
[2026-01-24 19:22:18,026] [INFO] [CLIENT INIT] Mode=SKH | Sparsity=ON (UsedSparsity=0.6) | Clusters=ON (UsedClusters=32) | EnvSparsityCfg={'Conv': 0.6, 'Linear': 0.6, 'Bias': 0.0, 'BatchNorm': 0.0} | EnvNClusters=32
[2026-01-24 19:22:18,612] [INFO] Model initialized on device: cuda:0
[2026-01-24 19:22:18,612] [INFO] [CLIENT INIT] Mode=SKH | Sparsity=ON (UsedSparsity=0.6) | Clusters=ON (UsedClusters=32) | EnvSparsityCfg={'Conv': 0.6, 'Linear': 0.6, 'Bias': 0.0, 'BatchNorm': 0.0} | EnvNClusters=32
[2026-01-24 19:22:20,342] [INFO] Model initialized on device: cuda:0
[2026-01-24 19:22:20,342] [INFO] [CLIENT INIT] Mode=SKH | Sparsity=ON (UsedSparsity=0.6) | Clusters=ON (UsedClusters=32) | EnvSparsityCfg={'Conv': 0.6, 'Linear': 0.6, 'Bias': 0.0, 'BatchNorm': 0.0} | EnvNClusters=32
[2026-01-24 19:22:20,423] [INFO] Model initialized on device: cuda:0
[2026-01-24 19:22:20,423] [INFO] [CLIENT INIT] Mode=SKH | Sparsity=ON (UsedSparsity=0.6) | Clusters=ON (UsedClusters=32) | EnvSparsityCfg={'Conv': 0.6, 'Linear': 0.6, 'Bias': 0.0, 'BatchNorm': 0.0} | EnvNClusters=32
[2026-01-24 19:22:20,423] [INFO] Model initialized on device: cuda:0
[2026-01-24 19:22:20,423] [INFO] [CLIENT INIT] Mode=SKH | Sparsity=ON (UsedSparsity=0.6) | Clusters=ON (UsedClusters=32) | EnvSparsityCfg={'Conv': 0.6, 'Linear': 0.6, 'Bias': 0.0, 'BatchNorm': 0.0} | EnvNClusters=32
[2026-01-24 19:22:20,425] [INFO] Model initialized on device: cuda:0
[2026-01-24 19:22:20,425] [INFO] [CLIENT INIT] Mode=SKH | Sparsity=ON (UsedSparsity=0.6) | Clusters=ON (UsedClusters=32) | EnvSparsityCfg={'Conv': 0.6, 'Linear': 0.6, 'Bias': 0.0, 'BatchNorm': 0.0} | EnvNClusters=32
[2026-01-24 19:22:20,425] [INFO] Model initialized on device: cuda:0
[2026-01-24 19:22:20,425] [INFO] [CLIENT INIT] Mode=SKH | Sparsity=ON (UsedSparsity=0.6) | Clusters=ON (UsedClusters=32) | EnvSparsityCfg={'Conv': 0.6, 'Linear': 0.6, 'Bias': 0.0, 'BatchNorm': 0.0} | EnvNClusters=32
[2026-01-24 19:23:25,617] [INFO] [TRAIN] Epoch 4 Loss: 0.9603
[2026-01-24 19:23:59,109] [INFO] Model initialized on device: cuda:0
[2026-01-24 19:23:59,109] [INFO] [CLIENT INIT] Mode=SKH | Sparsity=ON (UsedSparsity=0.6) | Clusters=ON (UsedClusters=32) | EnvSparsityCfg={'Conv': 0.6, 'Linear': 0.6, 'Bias': 0.0, 'BatchNorm': 0.0} | EnvNClusters=32
[2026-01-24 19:23:59,312] [INFO] Model initialized on device: cuda:0
[2026-01-24 19:23:59,312] [INFO] [CLIENT INIT] Mode=SKH | Sparsity=ON (UsedSparsity=0.6) | Clusters=ON (UsedClusters=32) | EnvSparsityCfg={'Conv': 0.6, 'Linear': 0.6, 'Bias': 0.0, 'BatchNorm': 0.0} | EnvNClusters=32
[2026-01-24 19:24:02,245] [INFO] Model initialized on device: cuda:0
[2026-01-24 19:24:02,245] [INFO] [CLIENT INIT] Mode=SKH | Sparsity=ON (UsedSparsity=0.6) | Clusters=ON (UsedClusters=32) | EnvSparsityCfg={'Conv': 0.6, 'Linear': 0.6, 'Bias': 0.0, 'BatchNorm': 0.0} | EnvNClusters=32
[2026-01-24 19:24:04,421] [INFO] Model initialized on device: cuda:0
[2026-01-24 19:24:04,421] [INFO] [CLIENT INIT] Mode=SKH | Sparsity=ON (UsedSparsity=0.6) | Clusters=ON (UsedClusters=32) | EnvSparsityCfg={'Conv': 0.6, 'Linear': 0.6, 'Bias': 0.0, 'BatchNorm': 0.0} | EnvNClusters=32
[2026-01-24 19:24:08,218] [INFO] Model initialized on device: cuda:0
[2026-01-24 19:24:08,218] [INFO] [CLIENT INIT] Mode=SKH | Sparsity=ON (UsedSparsity=0.6) | Clusters=ON (UsedClusters=32) | EnvSparsityCfg={'Conv': 0.6, 'Linear': 0.6, 'Bias': 0.0, 'BatchNorm': 0.0} | EnvNClusters=32
[2026-01-24 19:24:08,228] [INFO] Model initialized on device: cuda:0
[2026-01-24 19:24:08,228] [INFO] [CLIENT INIT] Mode=SKH | Sparsity=ON (UsedSparsity=0.6) | Clusters=ON (UsedClusters=32) | EnvSparsityCfg={'Conv': 0.6, 'Linear': 0.6, 'Bias': 0.0, 'BatchNorm': 0.0} | EnvNClusters=32
[2026-01-24 19:24:08,332] [INFO] Model initialized on device: cuda:0
[2026-01-24 19:24:08,332] [INFO] [CLIENT INIT] Mode=SKH | Sparsity=ON (UsedSparsity=0.6) | Clusters=ON (UsedClusters=32) | EnvSparsityCfg={'Conv': 0.6, 'Linear': 0.6, 'Bias': 0.0, 'BatchNorm': 0.0} | EnvNClusters=32
[2026-01-24 19:24:08,333] [INFO] Model initialized on device: cuda:0
[2026-01-24 19:24:08,333] [INFO] [CLIENT INIT] Mode=SKH | Sparsity=ON (UsedSparsity=0.6) | Clusters=ON (UsedClusters=32) | EnvSparsityCfg={'Conv': 0.6, 'Linear': 0.6, 'Bias': 0.0, 'BatchNorm': 0.0} | EnvNClusters=32
[2026-01-24 19:24:08,337] [INFO] Model initialized on device: cuda:0
[2026-01-24 19:24:08,337] [INFO] [CLIENT INIT] Mode=SKH | Sparsity=ON (UsedSparsity=0.6) | Clusters=ON (UsedClusters=32) | EnvSparsityCfg={'Conv': 0.6, 'Linear': 0.6, 'Bias': 0.0, 'BatchNorm': 0.0} | EnvNClusters=32
[2026-01-24 19:24:08,338] [INFO] Model initialized on device: cuda:0
[2026-01-24 19:24:08,338] [INFO] [CLIENT INIT] Mode=SKH | Sparsity=ON (UsedSparsity=0.6) | Clusters=ON (UsedClusters=32) | EnvSparsityCfg={'Conv': 0.6, 'Linear': 0.6, 'Bias': 0.0, 'BatchNorm': 0.0} | EnvNClusters=32
[2026-01-24 19:25:01,953] [INFO] [TRAIN] Epoch 5 Loss: 0.9590
[2026-01-24 19:25:01,954] [INFO] [FIT] Local training finished. Avg Loss: 0.9625
[2026-01-24 19:25:21,294] [INFO] Model initialized on device: cuda:0
[2026-01-24 19:25:21,294] [INFO] [CLIENT INIT] Mode=SKH | Sparsity=ON (UsedSparsity=0.6) | Clusters=ON (UsedClusters=32) | EnvSparsityCfg={'Conv': 0.6, 'Linear': 0.6, 'Bias': 0.0, 'BatchNorm': 0.0} | EnvNClusters=32
[2026-01-24 19:25:21,640] [INFO] Model initialized on device: cuda:0
[2026-01-24 19:25:21,640] [INFO] [CLIENT INIT] Mode=SKH | Sparsity=ON (UsedSparsity=0.6) | Clusters=ON (UsedClusters=32) | EnvSparsityCfg={'Conv': 0.6, 'Linear': 0.6, 'Bias': 0.0, 'BatchNorm': 0.0} | EnvNClusters=32
[2026-01-24 19:25:23,681] [INFO] Model initialized on device: cuda:0
[2026-01-24 19:25:23,681] [INFO] [CLIENT INIT] Mode=SKH | Sparsity=ON (UsedSparsity=0.6) | Clusters=ON (UsedClusters=32) | EnvSparsityCfg={'Conv': 0.6, 'Linear': 0.6, 'Bias': 0.0, 'BatchNorm': 0.0} | EnvNClusters=32
[2026-01-24 19:25:24,030] [INFO] Model initialized on device: cuda:0
[2026-01-24 19:25:24,030] [INFO] [CLIENT INIT] Mode=SKH | Sparsity=ON (UsedSparsity=0.6) | Clusters=ON (UsedClusters=32) | EnvSparsityCfg={'Conv': 0.6, 'Linear': 0.6, 'Bias': 0.0, 'BatchNorm': 0.0} | EnvNClusters=32
[2026-01-24 19:25:24,085] [INFO] Model initialized on device: cuda:0
[2026-01-24 19:25:24,085] [INFO] [CLIENT INIT] Mode=SKH | Sparsity=ON (UsedSparsity=0.6) | Clusters=ON (UsedClusters=32) | EnvSparsityCfg={'Conv': 0.6, 'Linear': 0.6, 'Bias': 0.0, 'BatchNorm': 0.0} | EnvNClusters=32
[2026-01-24 19:25:24,156] [INFO] Model initialized on device: cuda:0
[2026-01-24 19:25:24,156] [INFO] [CLIENT INIT] Mode=SKH | Sparsity=ON (UsedSparsity=0.6) | Clusters=ON (UsedClusters=32) | EnvSparsityCfg={'Conv': 0.6, 'Linear': 0.6, 'Bias': 0.0, 'BatchNorm': 0.0} | EnvNClusters=32
[2026-01-24 19:25:24,232] [DEBUG] [TEST] Batch 1 | Pred shape: torch.Size([256, 256, 160]) | Label shape: torch.Size([256, 256, 160])
[2026-01-24 19:25:24,575] [INFO] Model initialized on device: cuda:0
[2026-01-24 19:25:24,576] [INFO] [CLIENT INIT] Mode=SKH | Sparsity=ON (UsedSparsity=0.6) | Clusters=ON (UsedClusters=32) | EnvSparsityCfg={'Conv': 0.6, 'Linear': 0.6, 'Bias': 0.0, 'BatchNorm': 0.0} | EnvNClusters=32
[2026-01-24 19:25:24,651] [INFO] Model initialized on device: cuda:0
[2026-01-24 19:25:24,651] [INFO] [CLIENT INIT] Mode=SKH | Sparsity=ON (UsedSparsity=0.6) | Clusters=ON (UsedClusters=32) | EnvSparsityCfg={'Conv': 0.6, 'Linear': 0.6, 'Bias': 0.0, 'BatchNorm': 0.0} | EnvNClusters=32
[2026-01-24 19:25:24,652] [INFO] Model initialized on device: cuda:0
[2026-01-24 19:25:24,653] [INFO] [CLIENT INIT] Mode=SKH | Sparsity=ON (UsedSparsity=0.6) | Clusters=ON (UsedClusters=32) | EnvSparsityCfg={'Conv': 0.6, 'Linear': 0.6, 'Bias': 0.0, 'BatchNorm': 0.0} | EnvNClusters=32
[2026-01-24 19:25:24,691] [INFO] Model initialized on device: cuda:0
[2026-01-24 19:25:24,691] [INFO] [CLIENT INIT] Mode=SKH | Sparsity=ON (UsedSparsity=0.6) | Clusters=ON (UsedClusters=32) | EnvSparsityCfg={'Conv': 0.6, 'Linear': 0.6, 'Bias': 0.0, 'BatchNorm': 0.0} | EnvNClusters=32
[2026-01-24 19:25:26,875] [DEBUG] [TEST] Batch 2 | Pred shape: torch.Size([256, 256, 160]) | Label shape: torch.Size([256, 256, 160])
[2026-01-24 19:25:27,343] [DEBUG] [TEST] Batch 3 | Pred shape: torch.Size([256, 256, 160]) | Label shape: torch.Size([256, 256, 160])
[2026-01-24 19:25:27,398] [DEBUG] [TEST] Batch 4 | Pred shape: torch.Size([256, 256, 160]) | Label shape: torch.Size([256, 256, 160])
[2026-01-24 19:25:27,475] [DEBUG] [TEST] Batch 5 | Pred shape: torch.Size([256, 256, 160]) | Label shape: torch.Size([256, 256, 160])
[2026-01-24 19:25:27,529] [DEBUG] [TEST] Batch 6 | Pred shape: torch.Size([256, 256, 160]) | Label shape: torch.Size([256, 256, 160])
[2026-01-24 19:25:27,584] [DEBUG] [TEST] Batch 7 | Pred shape: torch.Size([256, 256, 160]) | Label shape: torch.Size([256, 256, 160])
[2026-01-24 19:25:27,638] [DEBUG] [TEST] Batch 8 | Pred shape: torch.Size([256, 256, 160]) | Label shape: torch.Size([256, 256, 160])
[2026-01-24 19:25:27,694] [DEBUG] [TEST] Batch 9 | Pred shape: torch.Size([256, 256, 160]) | Label shape: torch.Size([256, 256, 160])
[2026-01-24 19:25:27,749] [DEBUG] [TEST] Batch 10 | Pred shape: torch.Size([256, 256, 160]) | Label shape: torch.Size([256, 256, 160])
[2026-01-24 19:25:30,258] [INFO] [FIT] Final model saved to: Revision2/Run_UNET_IID_SKHC32S60_20260124/Client2/model_final.pth
[2026-01-24 19:25:38,696] [INFO] [COMM][CLIENT] Round=-1 Mode=SKH UsedSparsity=0.6 UsedClusters=32 BaselineBits=154016352.0 CompressedBits=45508969.6 CR=3.384
[2026-01-24 19:26:12,615] [INFO] [EVALUATE] Starting evaluation...
[2026-01-24 19:26:14,723] [INFO] [DEBUG] Loaded compressed decoded weights.
[2026-01-24 19:27:21,240] [INFO] Model initialized on device: cuda:0
[2026-01-24 19:27:21,241] [INFO] [CLIENT INIT] Mode=SKH | Sparsity=ON (UsedSparsity=0.6) | Clusters=ON (UsedClusters=32) | EnvSparsityCfg={'Conv': 0.6, 'Linear': 0.6, 'Bias': 0.0, 'BatchNorm': 0.0} | EnvNClusters=32
[2026-01-24 19:27:21,277] [INFO] Model initialized on device: cuda:0
[2026-01-24 19:27:21,277] [INFO] [CLIENT INIT] Mode=SKH | Sparsity=ON (UsedSparsity=0.6) | Clusters=ON (UsedClusters=32) | EnvSparsityCfg={'Conv': 0.6, 'Linear': 0.6, 'Bias': 0.0, 'BatchNorm': 0.0} | EnvNClusters=32
[2026-01-24 19:27:21,913] [INFO] Model initialized on device: cuda:0
[2026-01-24 19:27:21,914] [INFO] [CLIENT INIT] Mode=SKH | Sparsity=ON (UsedSparsity=0.6) | Clusters=ON (UsedClusters=32) | EnvSparsityCfg={'Conv': 0.6, 'Linear': 0.6, 'Bias': 0.0, 'BatchNorm': 0.0} | EnvNClusters=32
[2026-01-24 19:27:21,923] [INFO] Model initialized on device: cuda:0
[2026-01-24 19:27:21,923] [INFO] [CLIENT INIT] Mode=SKH | Sparsity=ON (UsedSparsity=0.6) | Clusters=ON (UsedClusters=32) | EnvSparsityCfg={'Conv': 0.6, 'Linear': 0.6, 'Bias': 0.0, 'BatchNorm': 0.0} | EnvNClusters=32
[2026-01-24 19:27:22,040] [INFO] Model initialized on device: cuda:0
[2026-01-24 19:27:22,041] [INFO] [CLIENT INIT] Mode=SKH | Sparsity=ON (UsedSparsity=0.6) | Clusters=ON (UsedClusters=32) | EnvSparsityCfg={'Conv': 0.6, 'Linear': 0.6, 'Bias': 0.0, 'BatchNorm': 0.0} | EnvNClusters=32
[2026-01-24 19:27:22,422] [INFO] Model initialized on device: cuda:0
[2026-01-24 19:27:22,422] [INFO] [CLIENT INIT] Mode=SKH | Sparsity=ON (UsedSparsity=0.6) | Clusters=ON (UsedClusters=32) | EnvSparsityCfg={'Conv': 0.6, 'Linear': 0.6, 'Bias': 0.0, 'BatchNorm': 0.0} | EnvNClusters=32
[2026-01-24 19:27:22,512] [INFO] Model initialized on device: cuda:0
[2026-01-24 19:27:22,512] [INFO] [CLIENT INIT] Mode=SKH | Sparsity=ON (UsedSparsity=0.6) | Clusters=ON (UsedClusters=32) | EnvSparsityCfg={'Conv': 0.6, 'Linear': 0.6, 'Bias': 0.0, 'BatchNorm': 0.0} | EnvNClusters=32
[2026-01-24 19:27:22,623] [INFO] Model initialized on device: cuda:0
[2026-01-24 19:27:22,623] [INFO] [CLIENT INIT] Mode=SKH | Sparsity=ON (UsedSparsity=0.6) | Clusters=ON (UsedClusters=32) | EnvSparsityCfg={'Conv': 0.6, 'Linear': 0.6, 'Bias': 0.0, 'BatchNorm': 0.0} | EnvNClusters=32
[2026-01-24 19:27:22,625] [INFO] Model initialized on device: cuda:0
[2026-01-24 19:27:22,626] [INFO] [CLIENT INIT] Mode=SKH | Sparsity=ON (UsedSparsity=0.6) | Clusters=ON (UsedClusters=32) | EnvSparsityCfg={'Conv': 0.6, 'Linear': 0.6, 'Bias': 0.0, 'BatchNorm': 0.0} | EnvNClusters=32
[2026-01-24 19:27:22,642] [INFO] Model initialized on device: cuda:0
[2026-01-24 19:27:22,642] [INFO] [CLIENT INIT] Mode=SKH | Sparsity=ON (UsedSparsity=0.6) | Clusters=ON (UsedClusters=32) | EnvSparsityCfg={'Conv': 0.6, 'Linear': 0.6, 'Bias': 0.0, 'BatchNorm': 0.0} | EnvNClusters=32
[2026-01-24 19:27:29,350] [DEBUG] [TEST] Batch 1 | Pred shape: torch.Size([256, 256, 160]) | Label shape: torch.Size([256, 256, 160])
[2026-01-24 19:27:29,582] [DEBUG] [TEST] Batch 2 | Pred shape: torch.Size([256, 256, 160]) | Label shape: torch.Size([256, 256, 160])
[2026-01-24 19:27:29,811] [DEBUG] [TEST] Batch 3 | Pred shape: torch.Size([256, 256, 160]) | Label shape: torch.Size([256, 256, 160])
[2026-01-24 19:27:30,033] [DEBUG] [TEST] Batch 4 | Pred shape: torch.Size([256, 256, 160]) | Label shape: torch.Size([256, 256, 160])
[2026-01-24 19:27:30,243] [DEBUG] [TEST] Batch 5 | Pred shape: torch.Size([256, 256, 160]) | Label shape: torch.Size([256, 256, 160])
[2026-01-24 19:27:30,463] [DEBUG] [TEST] Batch 6 | Pred shape: torch.Size([256, 256, 160]) | Label shape: torch.Size([256, 256, 160])
[2026-01-24 19:27:30,676] [DEBUG] [TEST] Batch 7 | Pred shape: torch.Size([256, 256, 160]) | Label shape: torch.Size([256, 256, 160])
[2026-01-24 19:27:30,891] [DEBUG] [TEST] Batch 8 | Pred shape: torch.Size([256, 256, 160]) | Label shape: torch.Size([256, 256, 160])
[2026-01-24 19:27:31,054] [DEBUG] [TEST] Batch 9 | Pred shape: torch.Size([256, 256, 160]) | Label shape: torch.Size([256, 256, 160])
[2026-01-24 19:27:31,167] [DEBUG] [TEST] Batch 10 | Pred shape: torch.Size([256, 256, 160]) | Label shape: torch.Size([256, 256, 160])
[2026-01-24 19:27:39,575] [INFO] [EVALUATE] Dice WT: 0.2913
[2026-01-24 19:27:46,909] [INFO] [FIT] Received parameters. Starting local training...
[2026-01-24 19:27:48,816] [INFO] [DEBUG] Loaded compressed decoded weights.
[2026-01-24 19:28:53,654] [INFO] Model initialized on device: cuda:0
[2026-01-24 19:28:53,655] [INFO] [CLIENT INIT] Mode=SKH | Sparsity=ON (UsedSparsity=0.6) | Clusters=ON (UsedClusters=32) | EnvSparsityCfg={'Conv': 0.6, 'Linear': 0.6, 'Bias': 0.0, 'BatchNorm': 0.0} | EnvNClusters=32
[2026-01-24 19:28:53,725] [INFO] Model initialized on device: cuda:0
[2026-01-24 19:28:53,725] [INFO] [CLIENT INIT] Mode=SKH | Sparsity=ON (UsedSparsity=0.6) | Clusters=ON (UsedClusters=32) | EnvSparsityCfg={'Conv': 0.6, 'Linear': 0.6, 'Bias': 0.0, 'BatchNorm': 0.0} | EnvNClusters=32
[2026-01-24 19:28:54,426] [INFO] Model initialized on device: cuda:0
[2026-01-24 19:28:54,426] [INFO] [CLIENT INIT] Mode=SKH | Sparsity=ON (UsedSparsity=0.6) | Clusters=ON (UsedClusters=32) | EnvSparsityCfg={'Conv': 0.6, 'Linear': 0.6, 'Bias': 0.0, 'BatchNorm': 0.0} | EnvNClusters=32
[2026-01-24 19:28:54,608] [INFO] Model initialized on device: cuda:0
[2026-01-24 19:28:54,609] [INFO] [CLIENT INIT] Mode=SKH | Sparsity=ON (UsedSparsity=0.6) | Clusters=ON (UsedClusters=32) | EnvSparsityCfg={'Conv': 0.6, 'Linear': 0.6, 'Bias': 0.0, 'BatchNorm': 0.0} | EnvNClusters=32
[2026-01-24 19:28:54,711] [INFO] Model initialized on device: cuda:0
[2026-01-24 19:28:54,711] [INFO] [CLIENT INIT] Mode=SKH | Sparsity=ON (UsedSparsity=0.6) | Clusters=ON (UsedClusters=32) | EnvSparsityCfg={'Conv': 0.6, 'Linear': 0.6, 'Bias': 0.0, 'BatchNorm': 0.0} | EnvNClusters=32
[2026-01-24 19:28:54,713] [INFO] Model initialized on device: cuda:0
[2026-01-24 19:28:54,713] [INFO] [CLIENT INIT] Mode=SKH | Sparsity=ON (UsedSparsity=0.6) | Clusters=ON (UsedClusters=32) | EnvSparsityCfg={'Conv': 0.6, 'Linear': 0.6, 'Bias': 0.0, 'BatchNorm': 0.0} | EnvNClusters=32
[2026-01-24 19:28:54,807] [INFO] Model initialized on device: cuda:0
[2026-01-24 19:28:54,808] [INFO] [CLIENT INIT] Mode=SKH | Sparsity=ON (UsedSparsity=0.6) | Clusters=ON (UsedClusters=32) | EnvSparsityCfg={'Conv': 0.6, 'Linear': 0.6, 'Bias': 0.0, 'BatchNorm': 0.0} | EnvNClusters=32
[2026-01-24 19:28:54,810] [INFO] Model initialized on device: cuda:0
[2026-01-24 19:28:54,810] [INFO] [CLIENT INIT] Mode=SKH | Sparsity=ON (UsedSparsity=0.6) | Clusters=ON (UsedClusters=32) | EnvSparsityCfg={'Conv': 0.6, 'Linear': 0.6, 'Bias': 0.0, 'BatchNorm': 0.0} | EnvNClusters=32
[2026-01-24 19:28:54,820] [INFO] Model initialized on device: cuda:0
[2026-01-24 19:28:54,820] [INFO] [CLIENT INIT] Mode=SKH | Sparsity=ON (UsedSparsity=0.6) | Clusters=ON (UsedClusters=32) | EnvSparsityCfg={'Conv': 0.6, 'Linear': 0.6, 'Bias': 0.0, 'BatchNorm': 0.0} | EnvNClusters=32
[2026-01-24 19:28:54,836] [INFO] Model initialized on device: cuda:0
[2026-01-24 19:28:54,836] [INFO] [CLIENT INIT] Mode=SKH | Sparsity=ON (UsedSparsity=0.6) | Clusters=ON (UsedClusters=32) | EnvSparsityCfg={'Conv': 0.6, 'Linear': 0.6, 'Bias': 0.0, 'BatchNorm': 0.0} | EnvNClusters=32
[2026-01-24 19:30:05,954] [INFO] [TRAIN] Epoch 1 Loss: 0.9607
[2026-01-24 19:31:13,439] [INFO] Model initialized on device: cuda:0
[2026-01-24 19:31:13,439] [INFO] [CLIENT INIT] Mode=SKH | Sparsity=ON (UsedSparsity=0.6) | Clusters=ON (UsedClusters=32) | EnvSparsityCfg={'Conv': 0.6, 'Linear': 0.6, 'Bias': 0.0, 'BatchNorm': 0.0} | EnvNClusters=32
[2026-01-24 19:31:13,514] [INFO] Model initialized on device: cuda:0
[2026-01-24 19:31:13,515] [INFO] [CLIENT INIT] Mode=SKH | Sparsity=ON (UsedSparsity=0.6) | Clusters=ON (UsedClusters=32) | EnvSparsityCfg={'Conv': 0.6, 'Linear': 0.6, 'Bias': 0.0, 'BatchNorm': 0.0} | EnvNClusters=32
[2026-01-24 19:31:13,520] [INFO] Model initialized on device: cuda:0
[2026-01-24 19:31:13,520] [INFO] [CLIENT INIT] Mode=SKH | Sparsity=ON (UsedSparsity=0.6) | Clusters=ON (UsedClusters=32) | EnvSparsityCfg={'Conv': 0.6, 'Linear': 0.6, 'Bias': 0.0, 'BatchNorm': 0.0} | EnvNClusters=32
[2026-01-24 19:31:13,535] [INFO] Model initialized on device: cuda:0
[2026-01-24 19:31:13,536] [INFO] [CLIENT INIT] Mode=SKH | Sparsity=ON (UsedSparsity=0.6) | Clusters=ON (UsedClusters=32) | EnvSparsityCfg={'Conv': 0.6, 'Linear': 0.6, 'Bias': 0.0, 'BatchNorm': 0.0} | EnvNClusters=32
[2026-01-24 19:31:13,713] [INFO] Model initialized on device: cuda:0
[2026-01-24 19:31:13,713] [INFO] [CLIENT INIT] Mode=SKH | Sparsity=ON (UsedSparsity=0.6) | Clusters=ON (UsedClusters=32) | EnvSparsityCfg={'Conv': 0.6, 'Linear': 0.6, 'Bias': 0.0, 'BatchNorm': 0.0} | EnvNClusters=32
[2026-01-24 19:31:13,740] [INFO] Model initialized on device: cuda:0
[2026-01-24 19:31:13,741] [INFO] [CLIENT INIT] Mode=SKH | Sparsity=ON (UsedSparsity=0.6) | Clusters=ON (UsedClusters=32) | EnvSparsityCfg={'Conv': 0.6, 'Linear': 0.6, 'Bias': 0.0, 'BatchNorm': 0.0} | EnvNClusters=32
[2026-01-24 19:31:13,911] [INFO] Model initialized on device: cuda:0
[2026-01-24 19:31:13,912] [INFO] [CLIENT INIT] Mode=SKH | Sparsity=ON (UsedSparsity=0.6) | Clusters=ON (UsedClusters=32) | EnvSparsityCfg={'Conv': 0.6, 'Linear': 0.6, 'Bias': 0.0, 'BatchNorm': 0.0} | EnvNClusters=32
[2026-01-24 19:31:14,020] [INFO] Model initialized on device: cuda:0
[2026-01-24 19:31:14,021] [INFO] [CLIENT INIT] Mode=SKH | Sparsity=ON (UsedSparsity=0.6) | Clusters=ON (UsedClusters=32) | EnvSparsityCfg={'Conv': 0.6, 'Linear': 0.6, 'Bias': 0.0, 'BatchNorm': 0.0} | EnvNClusters=32
[2026-01-24 19:31:14,021] [INFO] Model initialized on device: cuda:0
[2026-01-24 19:31:14,022] [INFO] [CLIENT INIT] Mode=SKH | Sparsity=ON (UsedSparsity=0.6) | Clusters=ON (UsedClusters=32) | EnvSparsityCfg={'Conv': 0.6, 'Linear': 0.6, 'Bias': 0.0, 'BatchNorm': 0.0} | EnvNClusters=32
[2026-01-24 19:31:14,024] [INFO] Model initialized on device: cuda:0
[2026-01-24 19:31:14,024] [INFO] [CLIENT INIT] Mode=SKH | Sparsity=ON (UsedSparsity=0.6) | Clusters=ON (UsedClusters=32) | EnvSparsityCfg={'Conv': 0.6, 'Linear': 0.6, 'Bias': 0.0, 'BatchNorm': 0.0} | EnvNClusters=32
[2026-01-24 19:32:22,119] [INFO] [TRAIN] Epoch 2 Loss: 0.9582
[2026-01-24 19:33:03,213] [INFO] Model initialized on device: cuda:0
[2026-01-24 19:33:03,213] [INFO] [CLIENT INIT] Mode=SKH | Sparsity=ON (UsedSparsity=0.6) | Clusters=ON (UsedClusters=32) | EnvSparsityCfg={'Conv': 0.6, 'Linear': 0.6, 'Bias': 0.0, 'BatchNorm': 0.0} | EnvNClusters=32
[2026-01-24 19:33:07,633] [INFO] Model initialized on device: cuda:0
[2026-01-24 19:33:07,633] [INFO] [CLIENT INIT] Mode=SKH | Sparsity=ON (UsedSparsity=0.6) | Clusters=ON (UsedClusters=32) | EnvSparsityCfg={'Conv': 0.6, 'Linear': 0.6, 'Bias': 0.0, 'BatchNorm': 0.0} | EnvNClusters=32
[2026-01-24 19:33:08,621] [INFO] Model initialized on device: cuda:0
[2026-01-24 19:33:08,621] [INFO] [CLIENT INIT] Mode=SKH | Sparsity=ON (UsedSparsity=0.6) | Clusters=ON (UsedClusters=32) | EnvSparsityCfg={'Conv': 0.6, 'Linear': 0.6, 'Bias': 0.0, 'BatchNorm': 0.0} | EnvNClusters=32
[2026-01-24 19:33:16,341] [INFO] Model initialized on device: cuda:0
[2026-01-24 19:33:16,341] [INFO] [CLIENT INIT] Mode=SKH | Sparsity=ON (UsedSparsity=0.6) | Clusters=ON (UsedClusters=32) | EnvSparsityCfg={'Conv': 0.6, 'Linear': 0.6, 'Bias': 0.0, 'BatchNorm': 0.0} | EnvNClusters=32
[2026-01-24 19:33:18,109] [INFO] Model initialized on device: cuda:0
[2026-01-24 19:33:18,110] [INFO] [CLIENT INIT] Mode=SKH | Sparsity=ON (UsedSparsity=0.6) | Clusters=ON (UsedClusters=32) | EnvSparsityCfg={'Conv': 0.6, 'Linear': 0.6, 'Bias': 0.0, 'BatchNorm': 0.0} | EnvNClusters=32
[2026-01-24 19:33:19,318] [INFO] Model initialized on device: cuda:0
[2026-01-24 19:33:19,318] [INFO] [CLIENT INIT] Mode=SKH | Sparsity=ON (UsedSparsity=0.6) | Clusters=ON (UsedClusters=32) | EnvSparsityCfg={'Conv': 0.6, 'Linear': 0.6, 'Bias': 0.0, 'BatchNorm': 0.0} | EnvNClusters=32
[2026-01-24 19:33:21,953] [INFO] Model initialized on device: cuda:0
[2026-01-24 19:33:21,954] [INFO] [CLIENT INIT] Mode=SKH | Sparsity=ON (UsedSparsity=0.6) | Clusters=ON (UsedClusters=32) | EnvSparsityCfg={'Conv': 0.6, 'Linear': 0.6, 'Bias': 0.0, 'BatchNorm': 0.0} | EnvNClusters=32
[2026-01-24 19:33:22,315] [INFO] Model initialized on device: cuda:0
[2026-01-24 19:33:22,315] [INFO] [CLIENT INIT] Mode=SKH | Sparsity=ON (UsedSparsity=0.6) | Clusters=ON (UsedClusters=32) | EnvSparsityCfg={'Conv': 0.6, 'Linear': 0.6, 'Bias': 0.0, 'BatchNorm': 0.0} | EnvNClusters=32
[2026-01-24 19:33:22,808] [INFO] Model initialized on device: cuda:0
[2026-01-24 19:33:22,808] [INFO] [CLIENT INIT] Mode=SKH | Sparsity=ON (UsedSparsity=0.6) | Clusters=ON (UsedClusters=32) | EnvSparsityCfg={'Conv': 0.6, 'Linear': 0.6, 'Bias': 0.0, 'BatchNorm': 0.0} | EnvNClusters=32
[2026-01-24 19:33:22,932] [INFO] Model initialized on device: cuda:0
[2026-01-24 19:33:22,932] [INFO] [CLIENT INIT] Mode=SKH | Sparsity=ON (UsedSparsity=0.6) | Clusters=ON (UsedClusters=32) | EnvSparsityCfg={'Conv': 0.6, 'Linear': 0.6, 'Bias': 0.0, 'BatchNorm': 0.0} | EnvNClusters=32
[2026-01-24 19:34:21,920] [INFO] [TRAIN] Epoch 3 Loss: 0.9555
[2026-01-24 19:35:01,211] [INFO] Model initialized on device: cuda:0
[2026-01-24 19:35:01,211] [INFO] [CLIENT INIT] Mode=SKH | Sparsity=ON (UsedSparsity=0.6) | Clusters=ON (UsedClusters=32) | EnvSparsityCfg={'Conv': 0.6, 'Linear': 0.6, 'Bias': 0.0, 'BatchNorm': 0.0} | EnvNClusters=32
[2026-01-24 19:35:05,324] [INFO] Model initialized on device: cuda:0
[2026-01-24 19:35:05,325] [INFO] [CLIENT INIT] Mode=SKH | Sparsity=ON (UsedSparsity=0.6) | Clusters=ON (UsedClusters=32) | EnvSparsityCfg={'Conv': 0.6, 'Linear': 0.6, 'Bias': 0.0, 'BatchNorm': 0.0} | EnvNClusters=32
[2026-01-24 19:35:13,838] [INFO] Model initialized on device: cuda:0
[2026-01-24 19:35:13,838] [INFO] [CLIENT INIT] Mode=SKH | Sparsity=ON (UsedSparsity=0.6) | Clusters=ON (UsedClusters=32) | EnvSparsityCfg={'Conv': 0.6, 'Linear': 0.6, 'Bias': 0.0, 'BatchNorm': 0.0} | EnvNClusters=32
[2026-01-24 19:35:14,720] [INFO] Model initialized on device: cuda:0
[2026-01-24 19:35:14,720] [INFO] [CLIENT INIT] Mode=SKH | Sparsity=ON (UsedSparsity=0.6) | Clusters=ON (UsedClusters=32) | EnvSparsityCfg={'Conv': 0.6, 'Linear': 0.6, 'Bias': 0.0, 'BatchNorm': 0.0} | EnvNClusters=32
[2026-01-24 19:35:15,119] [INFO] Model initialized on device: cuda:0
[2026-01-24 19:35:15,119] [INFO] [CLIENT INIT] Mode=SKH | Sparsity=ON (UsedSparsity=0.6) | Clusters=ON (UsedClusters=32) | EnvSparsityCfg={'Conv': 0.6, 'Linear': 0.6, 'Bias': 0.0, 'BatchNorm': 0.0} | EnvNClusters=32
[2026-01-24 19:35:15,159] [INFO] Model initialized on device: cuda:0
[2026-01-24 19:35:15,159] [INFO] [CLIENT INIT] Mode=SKH | Sparsity=ON (UsedSparsity=0.6) | Clusters=ON (UsedClusters=32) | EnvSparsityCfg={'Conv': 0.6, 'Linear': 0.6, 'Bias': 0.0, 'BatchNorm': 0.0} | EnvNClusters=32
[2026-01-24 19:35:15,210] [INFO] Model initialized on device: cuda:0
[2026-01-24 19:35:15,210] [INFO] [CLIENT INIT] Mode=SKH | Sparsity=ON (UsedSparsity=0.6) | Clusters=ON (UsedClusters=32) | EnvSparsityCfg={'Conv': 0.6, 'Linear': 0.6, 'Bias': 0.0, 'BatchNorm': 0.0} | EnvNClusters=32
[2026-01-24 19:35:15,229] [INFO] Model initialized on device: cuda:0
[2026-01-24 19:35:15,229] [INFO] [CLIENT INIT] Mode=SKH | Sparsity=ON (UsedSparsity=0.6) | Clusters=ON (UsedClusters=32) | EnvSparsityCfg={'Conv': 0.6, 'Linear': 0.6, 'Bias': 0.0, 'BatchNorm': 0.0} | EnvNClusters=32
[2026-01-24 19:35:15,239] [INFO] Model initialized on device: cuda:0
[2026-01-24 19:35:15,239] [INFO] [CLIENT INIT] Mode=SKH | Sparsity=ON (UsedSparsity=0.6) | Clusters=ON (UsedClusters=32) | EnvSparsityCfg={'Conv': 0.6, 'Linear': 0.6, 'Bias': 0.0, 'BatchNorm': 0.0} | EnvNClusters=32
[2026-01-24 19:35:15,241] [INFO] Model initialized on device: cuda:0
[2026-01-24 19:35:15,242] [INFO] [CLIENT INIT] Mode=SKH | Sparsity=ON (UsedSparsity=0.6) | Clusters=ON (UsedClusters=32) | EnvSparsityCfg={'Conv': 0.6, 'Linear': 0.6, 'Bias': 0.0, 'BatchNorm': 0.0} | EnvNClusters=32
[2026-01-24 19:36:12,031] [INFO] [TRAIN] Epoch 4 Loss: 0.9530
[2026-01-24 19:37:05,219] [INFO] Model initialized on device: cuda:0
[2026-01-24 19:37:05,220] [INFO] [CLIENT INIT] Mode=SKH | Sparsity=ON (UsedSparsity=0.6) | Clusters=ON (UsedClusters=32) | EnvSparsityCfg={'Conv': 0.6, 'Linear': 0.6, 'Bias': 0.0, 'BatchNorm': 0.0} | EnvNClusters=32
[2026-01-24 19:37:05,528] [INFO] Model initialized on device: cuda:0
[2026-01-24 19:37:05,528] [INFO] [CLIENT INIT] Mode=SKH | Sparsity=ON (UsedSparsity=0.6) | Clusters=ON (UsedClusters=32) | EnvSparsityCfg={'Conv': 0.6, 'Linear': 0.6, 'Bias': 0.0, 'BatchNorm': 0.0} | EnvNClusters=32
[2026-01-24 19:37:05,846] [INFO] Model initialized on device: cuda:0
[2026-01-24 19:37:05,846] [INFO] [CLIENT INIT] Mode=SKH | Sparsity=ON (UsedSparsity=0.6) | Clusters=ON (UsedClusters=32) | EnvSparsityCfg={'Conv': 0.6, 'Linear': 0.6, 'Bias': 0.0, 'BatchNorm': 0.0} | EnvNClusters=32
[2026-01-24 19:37:05,948] [INFO] Model initialized on device: cuda:0
[2026-01-24 19:37:05,949] [INFO] [CLIENT INIT] Mode=SKH | Sparsity=ON (UsedSparsity=0.6) | Clusters=ON (UsedClusters=32) | EnvSparsityCfg={'Conv': 0.6, 'Linear': 0.6, 'Bias': 0.0, 'BatchNorm': 0.0} | EnvNClusters=32
[2026-01-24 19:37:05,950] [INFO] Model initialized on device: cuda:0
[2026-01-24 19:37:05,950] [INFO] [CLIENT INIT] Mode=SKH | Sparsity=ON (UsedSparsity=0.6) | Clusters=ON (UsedClusters=32) | EnvSparsityCfg={'Conv': 0.6, 'Linear': 0.6, 'Bias': 0.0, 'BatchNorm': 0.0} | EnvNClusters=32
[2026-01-24 19:37:05,951] [INFO] Model initialized on device: cuda:0
[2026-01-24 19:37:05,951] [INFO] [CLIENT INIT] Mode=SKH | Sparsity=ON (UsedSparsity=0.6) | Clusters=ON (UsedClusters=32) | EnvSparsityCfg={'Conv': 0.6, 'Linear': 0.6, 'Bias': 0.0, 'BatchNorm': 0.0} | EnvNClusters=32
[2026-01-24 19:37:06,012] [INFO] Model initialized on device: cuda:0
[2026-01-24 19:37:06,013] [INFO] [CLIENT INIT] Mode=SKH | Sparsity=ON (UsedSparsity=0.6) | Clusters=ON (UsedClusters=32) | EnvSparsityCfg={'Conv': 0.6, 'Linear': 0.6, 'Bias': 0.0, 'BatchNorm': 0.0} | EnvNClusters=32
[2026-01-24 19:37:06,012] [INFO] Model initialized on device: cuda:0
[2026-01-24 19:37:06,013] [INFO] [CLIENT INIT] Mode=SKH | Sparsity=ON (UsedSparsity=0.6) | Clusters=ON (UsedClusters=32) | EnvSparsityCfg={'Conv': 0.6, 'Linear': 0.6, 'Bias': 0.0, 'BatchNorm': 0.0} | EnvNClusters=32
[2026-01-24 19:37:06,017] [INFO] Model initialized on device: cuda:0
[2026-01-24 19:37:06,017] [INFO] [CLIENT INIT] Mode=SKH | Sparsity=ON (UsedSparsity=0.6) | Clusters=ON (UsedClusters=32) | EnvSparsityCfg={'Conv': 0.6, 'Linear': 0.6, 'Bias': 0.0, 'BatchNorm': 0.0} | EnvNClusters=32
[2026-01-24 19:37:06,023] [INFO] Model initialized on device: cuda:0
[2026-01-24 19:37:06,024] [INFO] [CLIENT INIT] Mode=SKH | Sparsity=ON (UsedSparsity=0.6) | Clusters=ON (UsedClusters=32) | EnvSparsityCfg={'Conv': 0.6, 'Linear': 0.6, 'Bias': 0.0, 'BatchNorm': 0.0} | EnvNClusters=32
[2026-01-24 19:38:03,547] [INFO] [TRAIN] Epoch 5 Loss: 0.9498
[2026-01-24 19:38:03,549] [INFO] [FIT] Local training finished. Avg Loss: 0.9554
[2026-01-24 19:38:34,450] [INFO] Model initialized on device: cuda:0
[2026-01-24 19:38:34,450] [INFO] [CLIENT INIT] Mode=SKH | Sparsity=ON (UsedSparsity=0.6) | Clusters=ON (UsedClusters=32) | EnvSparsityCfg={'Conv': 0.6, 'Linear': 0.6, 'Bias': 0.0, 'BatchNorm': 0.0} | EnvNClusters=32
[2026-01-24 19:38:34,514] [INFO] Model initialized on device: cuda:0
[2026-01-24 19:38:34,515] [INFO] [CLIENT INIT] Mode=SKH | Sparsity=ON (UsedSparsity=0.6) | Clusters=ON (UsedClusters=32) | EnvSparsityCfg={'Conv': 0.6, 'Linear': 0.6, 'Bias': 0.0, 'BatchNorm': 0.0} | EnvNClusters=32
[2026-01-24 19:38:34,990] [INFO] Model initialized on device: cuda:0
[2026-01-24 19:38:34,990] [INFO] [CLIENT INIT] Mode=SKH | Sparsity=ON (UsedSparsity=0.6) | Clusters=ON (UsedClusters=32) | EnvSparsityCfg={'Conv': 0.6, 'Linear': 0.6, 'Bias': 0.0, 'BatchNorm': 0.0} | EnvNClusters=32
[2026-01-24 19:38:35,021] [INFO] Model initialized on device: cuda:0
[2026-01-24 19:38:35,021] [INFO] [CLIENT INIT] Mode=SKH | Sparsity=ON (UsedSparsity=0.6) | Clusters=ON (UsedClusters=32) | EnvSparsityCfg={'Conv': 0.6, 'Linear': 0.6, 'Bias': 0.0, 'BatchNorm': 0.0} | EnvNClusters=32
[2026-01-24 19:38:35,068] [INFO] Model initialized on device: cuda:0
[2026-01-24 19:38:35,068] [INFO] [CLIENT INIT] Mode=SKH | Sparsity=ON (UsedSparsity=0.6) | Clusters=ON (UsedClusters=32) | EnvSparsityCfg={'Conv': 0.6, 'Linear': 0.6, 'Bias': 0.0, 'BatchNorm': 0.0} | EnvNClusters=32
[2026-01-24 19:38:35,101] [INFO] Model initialized on device: cuda:0
[2026-01-24 19:38:35,101] [INFO] [CLIENT INIT] Mode=SKH | Sparsity=ON (UsedSparsity=0.6) | Clusters=ON (UsedClusters=32) | EnvSparsityCfg={'Conv': 0.6, 'Linear': 0.6, 'Bias': 0.0, 'BatchNorm': 0.0} | EnvNClusters=32
[2026-01-24 19:38:35,134] [INFO] Model initialized on device: cuda:0
[2026-01-24 19:38:35,134] [INFO] [CLIENT INIT] Mode=SKH | Sparsity=ON (UsedSparsity=0.6) | Clusters=ON (UsedClusters=32) | EnvSparsityCfg={'Conv': 0.6, 'Linear': 0.6, 'Bias': 0.0, 'BatchNorm': 0.0} | EnvNClusters=32
[2026-01-24 19:38:35,146] [INFO] Model initialized on device: cuda:0
[2026-01-24 19:38:35,146] [INFO] [CLIENT INIT] Mode=SKH | Sparsity=ON (UsedSparsity=0.6) | Clusters=ON (UsedClusters=32) | EnvSparsityCfg={'Conv': 0.6, 'Linear': 0.6, 'Bias': 0.0, 'BatchNorm': 0.0} | EnvNClusters=32
[2026-01-24 19:38:35,156] [INFO] Model initialized on device: cuda:0
[2026-01-24 19:38:35,156] [INFO] [CLIENT INIT] Mode=SKH | Sparsity=ON (UsedSparsity=0.6) | Clusters=ON (UsedClusters=32) | EnvSparsityCfg={'Conv': 0.6, 'Linear': 0.6, 'Bias': 0.0, 'BatchNorm': 0.0} | EnvNClusters=32
[2026-01-24 19:38:35,156] [INFO] Model initialized on device: cuda:0
[2026-01-24 19:38:35,156] [INFO] [CLIENT INIT] Mode=SKH | Sparsity=ON (UsedSparsity=0.6) | Clusters=ON (UsedClusters=32) | EnvSparsityCfg={'Conv': 0.6, 'Linear': 0.6, 'Bias': 0.0, 'BatchNorm': 0.0} | EnvNClusters=32
[2026-01-24 19:38:37,910] [DEBUG] [TEST] Batch 1 | Pred shape: torch.Size([256, 256, 160]) | Label shape: torch.Size([256, 256, 160])
[2026-01-24 19:38:38,114] [DEBUG] [TEST] Batch 2 | Pred shape: torch.Size([256, 256, 160]) | Label shape: torch.Size([256, 256, 160])
[2026-01-24 19:38:38,924] [DEBUG] [TEST] Batch 3 | Pred shape: torch.Size([256, 256, 160]) | Label shape: torch.Size([256, 256, 160])
[2026-01-24 19:38:38,980] [DEBUG] [TEST] Batch 4 | Pred shape: torch.Size([256, 256, 160]) | Label shape: torch.Size([256, 256, 160])
[2026-01-24 19:38:39,036] [DEBUG] [TEST] Batch 5 | Pred shape: torch.Size([256, 256, 160]) | Label shape: torch.Size([256, 256, 160])
[2026-01-24 19:38:39,095] [DEBUG] [TEST] Batch 6 | Pred shape: torch.Size([256, 256, 160]) | Label shape: torch.Size([256, 256, 160])
[2026-01-24 19:38:39,150] [DEBUG] [TEST] Batch 7 | Pred shape: torch.Size([256, 256, 160]) | Label shape: torch.Size([256, 256, 160])
[2026-01-24 19:38:39,205] [DEBUG] [TEST] Batch 8 | Pred shape: torch.Size([256, 256, 160]) | Label shape: torch.Size([256, 256, 160])
[2026-01-24 19:38:39,260] [DEBUG] [TEST] Batch 9 | Pred shape: torch.Size([256, 256, 160]) | Label shape: torch.Size([256, 256, 160])
[2026-01-24 19:38:39,315] [DEBUG] [TEST] Batch 10 | Pred shape: torch.Size([256, 256, 160]) | Label shape: torch.Size([256, 256, 160])
[2026-01-24 19:38:41,719] [INFO] [FIT] Final model saved to: Revision2/Run_UNET_IID_SKHC32S60_20260124/Client2/model_final.pth
[2026-01-24 19:38:50,676] [INFO] [COMM][CLIENT] Round=-1 Mode=SKH UsedSparsity=0.6 UsedClusters=32 BaselineBits=154016352.0 CompressedBits=45492045.8 CR=3.386
[2026-01-24 19:39:23,444] [INFO] [EVALUATE] Starting evaluation...
[2026-01-24 19:39:25,719] [INFO] [DEBUG] Loaded compressed decoded weights.
[2026-01-24 19:40:29,013] [INFO] Model initialized on device: cuda:0
[2026-01-24 19:40:29,013] [INFO] [CLIENT INIT] Mode=SKH | Sparsity=ON (UsedSparsity=0.6) | Clusters=ON (UsedClusters=32) | EnvSparsityCfg={'Conv': 0.6, 'Linear': 0.6, 'Bias': 0.0, 'BatchNorm': 0.0} | EnvNClusters=32
[2026-01-24 19:40:30,614] [INFO] Model initialized on device: cuda:0
[2026-01-24 19:40:30,615] [INFO] [CLIENT INIT] Mode=SKH | Sparsity=ON (UsedSparsity=0.6) | Clusters=ON (UsedClusters=32) | EnvSparsityCfg={'Conv': 0.6, 'Linear': 0.6, 'Bias': 0.0, 'BatchNorm': 0.0} | EnvNClusters=32
[2026-01-24 19:40:31,830] [DEBUG] [TEST] Batch 1 | Pred shape: torch.Size([256, 256, 160]) | Label shape: torch.Size([256, 256, 160])
[2026-01-24 19:40:32,107] [INFO] Model initialized on device: cuda:0
[2026-01-24 19:40:32,107] [INFO] [CLIENT INIT] Mode=SKH | Sparsity=ON (UsedSparsity=0.6) | Clusters=ON (UsedClusters=32) | EnvSparsityCfg={'Conv': 0.6, 'Linear': 0.6, 'Bias': 0.0, 'BatchNorm': 0.0} | EnvNClusters=32
[2026-01-24 19:40:32,660] [INFO] Model initialized on device: cuda:0
[2026-01-24 19:40:32,660] [INFO] [CLIENT INIT] Mode=SKH | Sparsity=ON (UsedSparsity=0.6) | Clusters=ON (UsedClusters=32) | EnvSparsityCfg={'Conv': 0.6, 'Linear': 0.6, 'Bias': 0.0, 'BatchNorm': 0.0} | EnvNClusters=32
[2026-01-24 19:40:32,707] [INFO] Model initialized on device: cuda:0
[2026-01-24 19:40:32,707] [INFO] [CLIENT INIT] Mode=SKH | Sparsity=ON (UsedSparsity=0.6) | Clusters=ON (UsedClusters=32) | EnvSparsityCfg={'Conv': 0.6, 'Linear': 0.6, 'Bias': 0.0, 'BatchNorm': 0.0} | EnvNClusters=32
[2026-01-24 19:40:32,814] [INFO] Model initialized on device: cuda:0
[2026-01-24 19:40:32,814] [INFO] [CLIENT INIT] Mode=SKH | Sparsity=ON (UsedSparsity=0.6) | Clusters=ON (UsedClusters=32) | EnvSparsityCfg={'Conv': 0.6, 'Linear': 0.6, 'Bias': 0.0, 'BatchNorm': 0.0} | EnvNClusters=32
[2026-01-24 19:40:32,855] [INFO] Model initialized on device: cuda:0
[2026-01-24 19:40:32,855] [INFO] [CLIENT INIT] Mode=SKH | Sparsity=ON (UsedSparsity=0.6) | Clusters=ON (UsedClusters=32) | EnvSparsityCfg={'Conv': 0.6, 'Linear': 0.6, 'Bias': 0.0, 'BatchNorm': 0.0} | EnvNClusters=32
[2026-01-24 19:40:33,009] [INFO] Model initialized on device: cuda:0
[2026-01-24 19:40:33,009] [INFO] [CLIENT INIT] Mode=SKH | Sparsity=ON (UsedSparsity=0.6) | Clusters=ON (UsedClusters=32) | EnvSparsityCfg={'Conv': 0.6, 'Linear': 0.6, 'Bias': 0.0, 'BatchNorm': 0.0} | EnvNClusters=32
[2026-01-24 19:40:33,710] [INFO] Model initialized on device: cuda:0
[2026-01-24 19:40:33,711] [INFO] [CLIENT INIT] Mode=SKH | Sparsity=ON (UsedSparsity=0.6) | Clusters=ON (UsedClusters=32) | EnvSparsityCfg={'Conv': 0.6, 'Linear': 0.6, 'Bias': 0.0, 'BatchNorm': 0.0} | EnvNClusters=32
[2026-01-24 19:40:33,808] [INFO] Model initialized on device: cuda:0
[2026-01-24 19:40:33,808] [INFO] [CLIENT INIT] Mode=SKH | Sparsity=ON (UsedSparsity=0.6) | Clusters=ON (UsedClusters=32) | EnvSparsityCfg={'Conv': 0.6, 'Linear': 0.6, 'Bias': 0.0, 'BatchNorm': 0.0} | EnvNClusters=32
[2026-01-24 19:40:37,014] [DEBUG] [TEST] Batch 2 | Pred shape: torch.Size([256, 256, 160]) | Label shape: torch.Size([256, 256, 160])
[2026-01-24 19:40:38,314] [DEBUG] [TEST] Batch 3 | Pred shape: torch.Size([256, 256, 160]) | Label shape: torch.Size([256, 256, 160])
[2026-01-24 19:40:38,414] [DEBUG] [TEST] Batch 4 | Pred shape: torch.Size([256, 256, 160]) | Label shape: torch.Size([256, 256, 160])
[2026-01-24 19:40:38,848] [DEBUG] [TEST] Batch 5 | Pred shape: torch.Size([256, 256, 160]) | Label shape: torch.Size([256, 256, 160])
[2026-01-24 19:40:38,947] [DEBUG] [TEST] Batch 6 | Pred shape: torch.Size([256, 256, 160]) | Label shape: torch.Size([256, 256, 160])
[2026-01-24 19:40:39,006] [DEBUG] [TEST] Batch 7 | Pred shape: torch.Size([256, 256, 160]) | Label shape: torch.Size([256, 256, 160])
[2026-01-24 19:40:39,345] [DEBUG] [TEST] Batch 8 | Pred shape: torch.Size([256, 256, 160]) | Label shape: torch.Size([256, 256, 160])
[2026-01-24 19:40:39,507] [DEBUG] [TEST] Batch 9 | Pred shape: torch.Size([256, 256, 160]) | Label shape: torch.Size([256, 256, 160])
[2026-01-24 19:40:39,610] [DEBUG] [TEST] Batch 10 | Pred shape: torch.Size([256, 256, 160]) | Label shape: torch.Size([256, 256, 160])
[2026-01-24 19:40:42,852] [INFO] [EVALUATE] Dice WT: 0.2428
[2026-01-24 19:40:48,344] [INFO] [FIT] Received parameters. Starting local training...
[2026-01-24 19:40:49,611] [INFO] [DEBUG] Loaded compressed decoded weights.
[2026-01-24 19:41:56,860] [INFO] Model initialized on device: cuda:0
[2026-01-24 19:41:56,860] [INFO] [CLIENT INIT] Mode=SKH | Sparsity=ON (UsedSparsity=0.6) | Clusters=ON (UsedClusters=32) | EnvSparsityCfg={'Conv': 0.6, 'Linear': 0.6, 'Bias': 0.0, 'BatchNorm': 0.0} | EnvNClusters=32
[2026-01-24 19:41:57,628] [INFO] Model initialized on device: cuda:0
[2026-01-24 19:41:57,628] [INFO] [CLIENT INIT] Mode=SKH | Sparsity=ON (UsedSparsity=0.6) | Clusters=ON (UsedClusters=32) | EnvSparsityCfg={'Conv': 0.6, 'Linear': 0.6, 'Bias': 0.0, 'BatchNorm': 0.0} | EnvNClusters=32
[2026-01-24 19:41:58,503] [INFO] Model initialized on device: cuda:0
[2026-01-24 19:41:58,503] [INFO] [CLIENT INIT] Mode=SKH | Sparsity=ON (UsedSparsity=0.6) | Clusters=ON (UsedClusters=32) | EnvSparsityCfg={'Conv': 0.6, 'Linear': 0.6, 'Bias': 0.0, 'BatchNorm': 0.0} | EnvNClusters=32
[2026-01-24 19:41:59,361] [INFO] Model initialized on device: cuda:0
[2026-01-24 19:41:59,361] [INFO] [CLIENT INIT] Mode=SKH | Sparsity=ON (UsedSparsity=0.6) | Clusters=ON (UsedClusters=32) | EnvSparsityCfg={'Conv': 0.6, 'Linear': 0.6, 'Bias': 0.0, 'BatchNorm': 0.0} | EnvNClusters=32
[2026-01-24 19:42:00,229] [INFO] Model initialized on device: cuda:0
[2026-01-24 19:42:00,229] [INFO] [CLIENT INIT] Mode=SKH | Sparsity=ON (UsedSparsity=0.6) | Clusters=ON (UsedClusters=32) | EnvSparsityCfg={'Conv': 0.6, 'Linear': 0.6, 'Bias': 0.0, 'BatchNorm': 0.0} | EnvNClusters=32
[2026-01-24 19:42:00,238] [INFO] Model initialized on device: cuda:0
[2026-01-24 19:42:00,238] [INFO] [CLIENT INIT] Mode=SKH | Sparsity=ON (UsedSparsity=0.6) | Clusters=ON (UsedClusters=32) | EnvSparsityCfg={'Conv': 0.6, 'Linear': 0.6, 'Bias': 0.0, 'BatchNorm': 0.0} | EnvNClusters=32
[2026-01-24 19:42:00,240] [INFO] Model initialized on device: cuda:0
[2026-01-24 19:42:00,240] [INFO] [CLIENT INIT] Mode=SKH | Sparsity=ON (UsedSparsity=0.6) | Clusters=ON (UsedClusters=32) | EnvSparsityCfg={'Conv': 0.6, 'Linear': 0.6, 'Bias': 0.0, 'BatchNorm': 0.0} | EnvNClusters=32
[2026-01-24 19:42:00,508] [INFO] Model initialized on device: cuda:0
[2026-01-24 19:42:00,508] [INFO] [CLIENT INIT] Mode=SKH | Sparsity=ON (UsedSparsity=0.6) | Clusters=ON (UsedClusters=32) | EnvSparsityCfg={'Conv': 0.6, 'Linear': 0.6, 'Bias': 0.0, 'BatchNorm': 0.0} | EnvNClusters=32
[2026-01-24 19:42:00,518] [INFO] Model initialized on device: cuda:0
[2026-01-24 19:42:00,519] [INFO] [CLIENT INIT] Mode=SKH | Sparsity=ON (UsedSparsity=0.6) | Clusters=ON (UsedClusters=32) | EnvSparsityCfg={'Conv': 0.6, 'Linear': 0.6, 'Bias': 0.0, 'BatchNorm': 0.0} | EnvNClusters=32
[2026-01-24 19:42:00,520] [INFO] Model initialized on device: cuda:0
[2026-01-24 19:42:00,520] [INFO] [CLIENT INIT] Mode=SKH | Sparsity=ON (UsedSparsity=0.6) | Clusters=ON (UsedClusters=32) | EnvSparsityCfg={'Conv': 0.6, 'Linear': 0.6, 'Bias': 0.0, 'BatchNorm': 0.0} | EnvNClusters=32
[2026-01-24 19:43:13,148] [INFO] [TRAIN] Epoch 1 Loss: 0.9532
[2026-01-24 19:44:06,963] [INFO] Model initialized on device: cuda:0
[2026-01-24 19:44:06,963] [INFO] [CLIENT INIT] Mode=SKH | Sparsity=ON (UsedSparsity=0.6) | Clusters=ON (UsedClusters=32) | EnvSparsityCfg={'Conv': 0.6, 'Linear': 0.6, 'Bias': 0.0, 'BatchNorm': 0.0} | EnvNClusters=32
[2026-01-24 19:44:08,208] [INFO] Model initialized on device: cuda:0
[2026-01-24 19:44:08,208] [INFO] [CLIENT INIT] Mode=SKH | Sparsity=ON (UsedSparsity=0.6) | Clusters=ON (UsedClusters=32) | EnvSparsityCfg={'Conv': 0.6, 'Linear': 0.6, 'Bias': 0.0, 'BatchNorm': 0.0} | EnvNClusters=32
[2026-01-24 19:44:10,047] [INFO] Model initialized on device: cuda:0
[2026-01-24 19:44:10,047] [INFO] [CLIENT INIT] Mode=SKH | Sparsity=ON (UsedSparsity=0.6) | Clusters=ON (UsedClusters=32) | EnvSparsityCfg={'Conv': 0.6, 'Linear': 0.6, 'Bias': 0.0, 'BatchNorm': 0.0} | EnvNClusters=32
[2026-01-24 19:44:17,032] [INFO] Model initialized on device: cuda:0
[2026-01-24 19:44:17,032] [INFO] [CLIENT INIT] Mode=SKH | Sparsity=ON (UsedSparsity=0.6) | Clusters=ON (UsedClusters=32) | EnvSparsityCfg={'Conv': 0.6, 'Linear': 0.6, 'Bias': 0.0, 'BatchNorm': 0.0} | EnvNClusters=32
[2026-01-24 19:44:17,544] [INFO] Model initialized on device: cuda:0
[2026-01-24 19:44:17,545] [INFO] [CLIENT INIT] Mode=SKH | Sparsity=ON (UsedSparsity=0.6) | Clusters=ON (UsedClusters=32) | EnvSparsityCfg={'Conv': 0.6, 'Linear': 0.6, 'Bias': 0.0, 'BatchNorm': 0.0} | EnvNClusters=32
[2026-01-24 19:44:17,614] [INFO] Model initialized on device: cuda:0
[2026-01-24 19:44:17,614] [INFO] [CLIENT INIT] Mode=SKH | Sparsity=ON (UsedSparsity=0.6) | Clusters=ON (UsedClusters=32) | EnvSparsityCfg={'Conv': 0.6, 'Linear': 0.6, 'Bias': 0.0, 'BatchNorm': 0.0} | EnvNClusters=32
[2026-01-24 19:44:17,836] [INFO] Model initialized on device: cuda:0
[2026-01-24 19:44:17,836] [INFO] Model initialized on device: cuda:0
[2026-01-24 19:44:17,837] [INFO] [CLIENT INIT] Mode=SKH | Sparsity=ON (UsedSparsity=0.6) | Clusters=ON (UsedClusters=32) | EnvSparsityCfg={'Conv': 0.6, 'Linear': 0.6, 'Bias': 0.0, 'BatchNorm': 0.0} | EnvNClusters=32
[2026-01-24 19:44:17,837] [INFO] [CLIENT INIT] Mode=SKH | Sparsity=ON (UsedSparsity=0.6) | Clusters=ON (UsedClusters=32) | EnvSparsityCfg={'Conv': 0.6, 'Linear': 0.6, 'Bias': 0.0, 'BatchNorm': 0.0} | EnvNClusters=32
[2026-01-24 19:44:18,326] [INFO] Model initialized on device: cuda:0
[2026-01-24 19:44:18,326] [INFO] [CLIENT INIT] Mode=SKH | Sparsity=ON (UsedSparsity=0.6) | Clusters=ON (UsedClusters=32) | EnvSparsityCfg={'Conv': 0.6, 'Linear': 0.6, 'Bias': 0.0, 'BatchNorm': 0.0} | EnvNClusters=32
[2026-01-24 19:44:18,940] [INFO] Model initialized on device: cuda:0
[2026-01-24 19:44:18,941] [INFO] [CLIENT INIT] Mode=SKH | Sparsity=ON (UsedSparsity=0.6) | Clusters=ON (UsedClusters=32) | EnvSparsityCfg={'Conv': 0.6, 'Linear': 0.6, 'Bias': 0.0, 'BatchNorm': 0.0} | EnvNClusters=32
[2026-01-24 19:45:23,316] [INFO] [TRAIN] Epoch 2 Loss: 0.9502
[2026-01-24 19:46:05,921] [INFO] Model initialized on device: cuda:0
[2026-01-24 19:46:05,921] [INFO] [CLIENT INIT] Mode=SKH | Sparsity=ON (UsedSparsity=0.6) | Clusters=ON (UsedClusters=32) | EnvSparsityCfg={'Conv': 0.6, 'Linear': 0.6, 'Bias': 0.0, 'BatchNorm': 0.0} | EnvNClusters=32
[2026-01-24 19:46:13,248] [INFO] Model initialized on device: cuda:0
[2026-01-24 19:46:13,248] [INFO] [CLIENT INIT] Mode=SKH | Sparsity=ON (UsedSparsity=0.6) | Clusters=ON (UsedClusters=32) | EnvSparsityCfg={'Conv': 0.6, 'Linear': 0.6, 'Bias': 0.0, 'BatchNorm': 0.0} | EnvNClusters=32
[2026-01-24 19:46:16,915] [INFO] Model initialized on device: cuda:0
[2026-01-24 19:46:16,915] [INFO] [CLIENT INIT] Mode=SKH | Sparsity=ON (UsedSparsity=0.6) | Clusters=ON (UsedClusters=32) | EnvSparsityCfg={'Conv': 0.6, 'Linear': 0.6, 'Bias': 0.0, 'BatchNorm': 0.0} | EnvNClusters=32
[2026-01-24 19:46:17,319] [INFO] Model initialized on device: cuda:0
[2026-01-24 19:46:17,319] [INFO] [CLIENT INIT] Mode=SKH | Sparsity=ON (UsedSparsity=0.6) | Clusters=ON (UsedClusters=32) | EnvSparsityCfg={'Conv': 0.6, 'Linear': 0.6, 'Bias': 0.0, 'BatchNorm': 0.0} | EnvNClusters=32
[2026-01-24 19:46:17,609] [INFO] Model initialized on device: cuda:0
[2026-01-24 19:46:17,609] [INFO] [CLIENT INIT] Mode=SKH | Sparsity=ON (UsedSparsity=0.6) | Clusters=ON (UsedClusters=32) | EnvSparsityCfg={'Conv': 0.6, 'Linear': 0.6, 'Bias': 0.0, 'BatchNorm': 0.0} | EnvNClusters=32
[2026-01-24 19:46:17,745] [INFO] Model initialized on device: cuda:0
[2026-01-24 19:46:17,745] [INFO] [CLIENT INIT] Mode=SKH | Sparsity=ON (UsedSparsity=0.6) | Clusters=ON (UsedClusters=32) | EnvSparsityCfg={'Conv': 0.6, 'Linear': 0.6, 'Bias': 0.0, 'BatchNorm': 0.0} | EnvNClusters=32
[2026-01-24 19:46:18,027] [INFO] Model initialized on device: cuda:0
[2026-01-24 19:46:18,027] [INFO] [CLIENT INIT] Mode=SKH | Sparsity=ON (UsedSparsity=0.6) | Clusters=ON (UsedClusters=32) | EnvSparsityCfg={'Conv': 0.6, 'Linear': 0.6, 'Bias': 0.0, 'BatchNorm': 0.0} | EnvNClusters=32
[2026-01-24 19:46:18,122] [INFO] Model initialized on device: cuda:0
[2026-01-24 19:46:18,122] [INFO] [CLIENT INIT] Mode=SKH | Sparsity=ON (UsedSparsity=0.6) | Clusters=ON (UsedClusters=32) | EnvSparsityCfg={'Conv': 0.6, 'Linear': 0.6, 'Bias': 0.0, 'BatchNorm': 0.0} | EnvNClusters=32
[2026-01-24 19:46:18,138] [INFO] Model initialized on device: cuda:0
[2026-01-24 19:46:18,138] [INFO] Model initialized on device: cuda:0
[2026-01-24 19:46:18,138] [INFO] [CLIENT INIT] Mode=SKH | Sparsity=ON (UsedSparsity=0.6) | Clusters=ON (UsedClusters=32) | EnvSparsityCfg={'Conv': 0.6, 'Linear': 0.6, 'Bias': 0.0, 'BatchNorm': 0.0} | EnvNClusters=32
[2026-01-24 19:46:18,138] [INFO] [CLIENT INIT] Mode=SKH | Sparsity=ON (UsedSparsity=0.6) | Clusters=ON (UsedClusters=32) | EnvSparsityCfg={'Conv': 0.6, 'Linear': 0.6, 'Bias': 0.0, 'BatchNorm': 0.0} | EnvNClusters=32
[2026-01-24 19:47:13,416] [INFO] [TRAIN] Epoch 3 Loss: 0.9468
[2026-01-24 19:48:01,324] [INFO] Model initialized on device: cuda:0
[2026-01-24 19:48:01,324] [INFO] [CLIENT INIT] Mode=SKH | Sparsity=ON (UsedSparsity=0.6) | Clusters=ON (UsedClusters=32) | EnvSparsityCfg={'Conv': 0.6, 'Linear': 0.6, 'Bias': 0.0, 'BatchNorm': 0.0} | EnvNClusters=32
[2026-01-24 19:48:01,523] [INFO] Model initialized on device: cuda:0
[2026-01-24 19:48:01,523] [INFO] [CLIENT INIT] Mode=SKH | Sparsity=ON (UsedSparsity=0.6) | Clusters=ON (UsedClusters=32) | EnvSparsityCfg={'Conv': 0.6, 'Linear': 0.6, 'Bias': 0.0, 'BatchNorm': 0.0} | EnvNClusters=32
[2026-01-24 19:48:03,019] [INFO] Model initialized on device: cuda:0
[2026-01-24 19:48:03,019] [INFO] [CLIENT INIT] Mode=SKH | Sparsity=ON (UsedSparsity=0.6) | Clusters=ON (UsedClusters=32) | EnvSparsityCfg={'Conv': 0.6, 'Linear': 0.6, 'Bias': 0.0, 'BatchNorm': 0.0} | EnvNClusters=32
[2026-01-24 19:48:03,233] [INFO] Model initialized on device: cuda:0
[2026-01-24 19:48:03,233] [INFO] [CLIENT INIT] Mode=SKH | Sparsity=ON (UsedSparsity=0.6) | Clusters=ON (UsedClusters=32) | EnvSparsityCfg={'Conv': 0.6, 'Linear': 0.6, 'Bias': 0.0, 'BatchNorm': 0.0} | EnvNClusters=32
[2026-01-24 19:48:03,436] [INFO] Model initialized on device: cuda:0
[2026-01-24 19:48:03,436] [INFO] [CLIENT INIT] Mode=SKH | Sparsity=ON (UsedSparsity=0.6) | Clusters=ON (UsedClusters=32) | EnvSparsityCfg={'Conv': 0.6, 'Linear': 0.6, 'Bias': 0.0, 'BatchNorm': 0.0} | EnvNClusters=32
[2026-01-24 19:48:03,533] [INFO] Model initialized on device: cuda:0
[2026-01-24 19:48:03,533] [INFO] [CLIENT INIT] Mode=SKH | Sparsity=ON (UsedSparsity=0.6) | Clusters=ON (UsedClusters=32) | EnvSparsityCfg={'Conv': 0.6, 'Linear': 0.6, 'Bias': 0.0, 'BatchNorm': 0.0} | EnvNClusters=32
[2026-01-24 19:48:03,612] [INFO] Model initialized on device: cuda:0
[2026-01-24 19:48:03,613] [INFO] [CLIENT INIT] Mode=SKH | Sparsity=ON (UsedSparsity=0.6) | Clusters=ON (UsedClusters=32) | EnvSparsityCfg={'Conv': 0.6, 'Linear': 0.6, 'Bias': 0.0, 'BatchNorm': 0.0} | EnvNClusters=32
[2026-01-24 19:48:03,613] [INFO] Model initialized on device: cuda:0
[2026-01-24 19:48:03,613] [INFO] [CLIENT INIT] Mode=SKH | Sparsity=ON (UsedSparsity=0.6) | Clusters=ON (UsedClusters=32) | EnvSparsityCfg={'Conv': 0.6, 'Linear': 0.6, 'Bias': 0.0, 'BatchNorm': 0.0} | EnvNClusters=32
[2026-01-24 19:48:03,614] [INFO] Model initialized on device: cuda:0
[2026-01-24 19:48:03,614] [INFO] [CLIENT INIT] Mode=SKH | Sparsity=ON (UsedSparsity=0.6) | Clusters=ON (UsedClusters=32) | EnvSparsityCfg={'Conv': 0.6, 'Linear': 0.6, 'Bias': 0.0, 'BatchNorm': 0.0} | EnvNClusters=32
[2026-01-24 19:48:03,614] [INFO] Model initialized on device: cuda:0
[2026-01-24 19:48:03,614] [INFO] [CLIENT INIT] Mode=SKH | Sparsity=ON (UsedSparsity=0.6) | Clusters=ON (UsedClusters=32) | EnvSparsityCfg={'Conv': 0.6, 'Linear': 0.6, 'Bias': 0.0, 'BatchNorm': 0.0} | EnvNClusters=32
[2026-01-24 19:49:02,666] [INFO] [TRAIN] Epoch 4 Loss: 0.9435
[2026-01-24 19:49:42,330] [INFO] Model initialized on device: cuda:0
[2026-01-24 19:49:42,330] [INFO] [CLIENT INIT] Mode=SKH | Sparsity=ON (UsedSparsity=0.6) | Clusters=ON (UsedClusters=32) | EnvSparsityCfg={'Conv': 0.6, 'Linear': 0.6, 'Bias': 0.0, 'BatchNorm': 0.0} | EnvNClusters=32
[2026-01-24 19:49:46,512] [INFO] Model initialized on device: cuda:0
[2026-01-24 19:49:46,512] [INFO] [CLIENT INIT] Mode=SKH | Sparsity=ON (UsedSparsity=0.6) | Clusters=ON (UsedClusters=32) | EnvSparsityCfg={'Conv': 0.6, 'Linear': 0.6, 'Bias': 0.0, 'BatchNorm': 0.0} | EnvNClusters=32
[2026-01-24 19:49:46,830] [INFO] Model initialized on device: cuda:0
[2026-01-24 19:49:46,830] [INFO] [CLIENT INIT] Mode=SKH | Sparsity=ON (UsedSparsity=0.6) | Clusters=ON (UsedClusters=32) | EnvSparsityCfg={'Conv': 0.6, 'Linear': 0.6, 'Bias': 0.0, 'BatchNorm': 0.0} | EnvNClusters=32
[2026-01-24 19:49:47,236] [INFO] Model initialized on device: cuda:0
[2026-01-24 19:49:47,237] [INFO] [CLIENT INIT] Mode=SKH | Sparsity=ON (UsedSparsity=0.6) | Clusters=ON (UsedClusters=32) | EnvSparsityCfg={'Conv': 0.6, 'Linear': 0.6, 'Bias': 0.0, 'BatchNorm': 0.0} | EnvNClusters=32
[2026-01-24 19:49:47,239] [INFO] Model initialized on device: cuda:0
[2026-01-24 19:49:47,239] [INFO] [CLIENT INIT] Mode=SKH | Sparsity=ON (UsedSparsity=0.6) | Clusters=ON (UsedClusters=32) | EnvSparsityCfg={'Conv': 0.6, 'Linear': 0.6, 'Bias': 0.0, 'BatchNorm': 0.0} | EnvNClusters=32
[2026-01-24 19:49:47,426] [INFO] Model initialized on device: cuda:0
[2026-01-24 19:49:47,426] [INFO] [CLIENT INIT] Mode=SKH | Sparsity=ON (UsedSparsity=0.6) | Clusters=ON (UsedClusters=32) | EnvSparsityCfg={'Conv': 0.6, 'Linear': 0.6, 'Bias': 0.0, 'BatchNorm': 0.0} | EnvNClusters=32
[2026-01-24 19:49:47,513] [INFO] Model initialized on device: cuda:0
[2026-01-24 19:49:47,513] [INFO] [CLIENT INIT] Mode=SKH | Sparsity=ON (UsedSparsity=0.6) | Clusters=ON (UsedClusters=32) | EnvSparsityCfg={'Conv': 0.6, 'Linear': 0.6, 'Bias': 0.0, 'BatchNorm': 0.0} | EnvNClusters=32
[2026-01-24 19:49:47,634] [INFO] Model initialized on device: cuda:0
[2026-01-24 19:49:47,634] [INFO] [CLIENT INIT] Mode=SKH | Sparsity=ON (UsedSparsity=0.6) | Clusters=ON (UsedClusters=32) | EnvSparsityCfg={'Conv': 0.6, 'Linear': 0.6, 'Bias': 0.0, 'BatchNorm': 0.0} | EnvNClusters=32
[2026-01-24 19:49:47,712] [INFO] Model initialized on device: cuda:0
[2026-01-24 19:49:47,712] [INFO] [CLIENT INIT] Mode=SKH | Sparsity=ON (UsedSparsity=0.6) | Clusters=ON (UsedClusters=32) | EnvSparsityCfg={'Conv': 0.6, 'Linear': 0.6, 'Bias': 0.0, 'BatchNorm': 0.0} | EnvNClusters=32
[2026-01-24 19:49:47,714] [INFO] Model initialized on device: cuda:0
[2026-01-24 19:49:47,714] [INFO] [CLIENT INIT] Mode=SKH | Sparsity=ON (UsedSparsity=0.6) | Clusters=ON (UsedClusters=32) | EnvSparsityCfg={'Conv': 0.6, 'Linear': 0.6, 'Bias': 0.0, 'BatchNorm': 0.0} | EnvNClusters=32
[2026-01-24 19:50:46,918] [INFO] [TRAIN] Epoch 5 Loss: 0.9397
[2026-01-24 19:50:46,920] [INFO] [FIT] Local training finished. Avg Loss: 0.9467
[2026-01-24 19:51:24,551] [INFO] Model initialized on device: cuda:0
[2026-01-24 19:51:24,551] [INFO] [CLIENT INIT] Mode=SKH | Sparsity=ON (UsedSparsity=0.6) | Clusters=ON (UsedClusters=32) | EnvSparsityCfg={'Conv': 0.6, 'Linear': 0.6, 'Bias': 0.0, 'BatchNorm': 0.0} | EnvNClusters=32
[2026-01-24 19:51:27,132] [INFO] Model initialized on device: cuda:0
[2026-01-24 19:51:27,133] [INFO] [CLIENT INIT] Mode=SKH | Sparsity=ON (UsedSparsity=0.6) | Clusters=ON (UsedClusters=32) | EnvSparsityCfg={'Conv': 0.6, 'Linear': 0.6, 'Bias': 0.0, 'BatchNorm': 0.0} | EnvNClusters=32
[2026-01-24 19:51:28,945] [INFO] Model initialized on device: cuda:0
[2026-01-24 19:51:28,945] [INFO] [CLIENT INIT] Mode=SKH | Sparsity=ON (UsedSparsity=0.6) | Clusters=ON (UsedClusters=32) | EnvSparsityCfg={'Conv': 0.6, 'Linear': 0.6, 'Bias': 0.0, 'BatchNorm': 0.0} | EnvNClusters=32
[2026-01-24 19:51:28,950] [INFO] Model initialized on device: cuda:0
[2026-01-24 19:51:28,950] [INFO] [CLIENT INIT] Mode=SKH | Sparsity=ON (UsedSparsity=0.6) | Clusters=ON (UsedClusters=32) | EnvSparsityCfg={'Conv': 0.6, 'Linear': 0.6, 'Bias': 0.0, 'BatchNorm': 0.0} | EnvNClusters=32
[2026-01-24 19:51:28,978] [INFO] Model initialized on device: cuda:0
[2026-01-24 19:51:28,978] [INFO] [CLIENT INIT] Mode=SKH | Sparsity=ON (UsedSparsity=0.6) | Clusters=ON (UsedClusters=32) | EnvSparsityCfg={'Conv': 0.6, 'Linear': 0.6, 'Bias': 0.0, 'BatchNorm': 0.0} | EnvNClusters=32
[2026-01-24 19:51:29,007] [INFO] Model initialized on device: cuda:0
[2026-01-24 19:51:29,007] [INFO] [CLIENT INIT] Mode=SKH | Sparsity=ON (UsedSparsity=0.6) | Clusters=ON (UsedClusters=32) | EnvSparsityCfg={'Conv': 0.6, 'Linear': 0.6, 'Bias': 0.0, 'BatchNorm': 0.0} | EnvNClusters=32
[2026-01-24 19:51:29,063] [INFO] Model initialized on device: cuda:0
[2026-01-24 19:51:29,063] [INFO] [CLIENT INIT] Mode=SKH | Sparsity=ON (UsedSparsity=0.6) | Clusters=ON (UsedClusters=32) | EnvSparsityCfg={'Conv': 0.6, 'Linear': 0.6, 'Bias': 0.0, 'BatchNorm': 0.0} | EnvNClusters=32
[2026-01-24 19:51:29,072] [INFO] Model initialized on device: cuda:0
[2026-01-24 19:51:29,073] [INFO] [CLIENT INIT] Mode=SKH | Sparsity=ON (UsedSparsity=0.6) | Clusters=ON (UsedClusters=32) | EnvSparsityCfg={'Conv': 0.6, 'Linear': 0.6, 'Bias': 0.0, 'BatchNorm': 0.0} | EnvNClusters=32
[2026-01-24 19:51:29,109] [INFO] Model initialized on device: cuda:0
[2026-01-24 19:51:29,109] [INFO] [CLIENT INIT] Mode=SKH | Sparsity=ON (UsedSparsity=0.6) | Clusters=ON (UsedClusters=32) | EnvSparsityCfg={'Conv': 0.6, 'Linear': 0.6, 'Bias': 0.0, 'BatchNorm': 0.0} | EnvNClusters=32
[2026-01-24 19:51:29,109] [INFO] Model initialized on device: cuda:0
[2026-01-24 19:51:29,109] [INFO] [CLIENT INIT] Mode=SKH | Sparsity=ON (UsedSparsity=0.6) | Clusters=ON (UsedClusters=32) | EnvSparsityCfg={'Conv': 0.6, 'Linear': 0.6, 'Bias': 0.0, 'BatchNorm': 0.0} | EnvNClusters=32
[2026-01-24 19:51:32,615] [DEBUG] [TEST] Batch 1 | Pred shape: torch.Size([256, 256, 160]) | Label shape: torch.Size([256, 256, 160])
[2026-01-24 19:51:32,673] [DEBUG] [TEST] Batch 2 | Pred shape: torch.Size([256, 256, 160]) | Label shape: torch.Size([256, 256, 160])
[2026-01-24 19:51:32,727] [DEBUG] [TEST] Batch 3 | Pred shape: torch.Size([256, 256, 160]) | Label shape: torch.Size([256, 256, 160])
[2026-01-24 19:51:32,782] [DEBUG] [TEST] Batch 4 | Pred shape: torch.Size([256, 256, 160]) | Label shape: torch.Size([256, 256, 160])
[2026-01-24 19:51:32,836] [DEBUG] [TEST] Batch 5 | Pred shape: torch.Size([256, 256, 160]) | Label shape: torch.Size([256, 256, 160])
[2026-01-24 19:51:32,890] [DEBUG] [TEST] Batch 6 | Pred shape: torch.Size([256, 256, 160]) | Label shape: torch.Size([256, 256, 160])
[2026-01-24 19:51:32,945] [DEBUG] [TEST] Batch 7 | Pred shape: torch.Size([256, 256, 160]) | Label shape: torch.Size([256, 256, 160])
[2026-01-24 19:51:32,999] [DEBUG] [TEST] Batch 8 | Pred shape: torch.Size([256, 256, 160]) | Label shape: torch.Size([256, 256, 160])
[2026-01-24 19:51:33,053] [DEBUG] [TEST] Batch 9 | Pred shape: torch.Size([256, 256, 160]) | Label shape: torch.Size([256, 256, 160])
[2026-01-24 19:51:33,107] [DEBUG] [TEST] Batch 10 | Pred shape: torch.Size([256, 256, 160]) | Label shape: torch.Size([256, 256, 160])
[2026-01-24 19:51:36,307] [INFO] [FIT] Final model saved to: Revision2/Run_UNET_IID_SKHC32S60_20260124/Client2/model_final.pth
[2026-01-24 19:51:45,589] [INFO] [COMM][CLIENT] Round=-1 Mode=SKH UsedSparsity=0.6 UsedClusters=32 BaselineBits=154016352.0 CompressedBits=45439876.2 CR=3.389
[2026-01-24 19:52:15,521] [INFO] [EVALUATE] Starting evaluation...
[2026-01-24 19:52:16,711] [INFO] [DEBUG] Loaded compressed decoded weights.
[2026-01-24 19:53:21,782] [INFO] Model initialized on device: cuda:0
[2026-01-24 19:53:21,783] [INFO] [CLIENT INIT] Mode=SKH | Sparsity=ON (UsedSparsity=0.6) | Clusters=ON (UsedClusters=32) | EnvSparsityCfg={'Conv': 0.6, 'Linear': 0.6, 'Bias': 0.0, 'BatchNorm': 0.0} | EnvNClusters=32
[2026-01-24 19:53:21,847] [INFO] Model initialized on device: cuda:0
[2026-01-24 19:53:21,847] [INFO] [CLIENT INIT] Mode=SKH | Sparsity=ON (UsedSparsity=0.6) | Clusters=ON (UsedClusters=32) | EnvSparsityCfg={'Conv': 0.6, 'Linear': 0.6, 'Bias': 0.0, 'BatchNorm': 0.0} | EnvNClusters=32
[2026-01-24 19:53:22,186] [INFO] Model initialized on device: cuda:0
[2026-01-24 19:53:22,186] [INFO] [CLIENT INIT] Mode=SKH | Sparsity=ON (UsedSparsity=0.6) | Clusters=ON (UsedClusters=32) | EnvSparsityCfg={'Conv': 0.6, 'Linear': 0.6, 'Bias': 0.0, 'BatchNorm': 0.0} | EnvNClusters=32
[2026-01-24 19:53:22,742] [INFO] Model initialized on device: cuda:0
[2026-01-24 19:53:22,742] [INFO] [CLIENT INIT] Mode=SKH | Sparsity=ON (UsedSparsity=0.6) | Clusters=ON (UsedClusters=32) | EnvSparsityCfg={'Conv': 0.6, 'Linear': 0.6, 'Bias': 0.0, 'BatchNorm': 0.0} | EnvNClusters=32
[2026-01-24 19:53:24,629] [DEBUG] [TEST] Batch 1 | Pred shape: torch.Size([256, 256, 160]) | Label shape: torch.Size([256, 256, 160])
[2026-01-24 19:53:26,386] [INFO] Model initialized on device: cuda:0
[2026-01-24 19:53:26,386] [INFO] [CLIENT INIT] Mode=SKH | Sparsity=ON (UsedSparsity=0.6) | Clusters=ON (UsedClusters=32) | EnvSparsityCfg={'Conv': 0.6, 'Linear': 0.6, 'Bias': 0.0, 'BatchNorm': 0.0} | EnvNClusters=32
[2026-01-24 19:53:26,546] [INFO] Model initialized on device: cuda:0
[2026-01-24 19:53:26,546] [INFO] [CLIENT INIT] Mode=SKH | Sparsity=ON (UsedSparsity=0.6) | Clusters=ON (UsedClusters=32) | EnvSparsityCfg={'Conv': 0.6, 'Linear': 0.6, 'Bias': 0.0, 'BatchNorm': 0.0} | EnvNClusters=32
[2026-01-24 19:53:26,572] [INFO] Model initialized on device: cuda:0
[2026-01-24 19:53:26,572] [INFO] [CLIENT INIT] Mode=SKH | Sparsity=ON (UsedSparsity=0.6) | Clusters=ON (UsedClusters=32) | EnvSparsityCfg={'Conv': 0.6, 'Linear': 0.6, 'Bias': 0.0, 'BatchNorm': 0.0} | EnvNClusters=32
[2026-01-24 19:53:26,620] [INFO] Model initialized on device: cuda:0
[2026-01-24 19:53:26,621] [INFO] [CLIENT INIT] Mode=SKH | Sparsity=ON (UsedSparsity=0.6) | Clusters=ON (UsedClusters=32) | EnvSparsityCfg={'Conv': 0.6, 'Linear': 0.6, 'Bias': 0.0, 'BatchNorm': 0.0} | EnvNClusters=32
[2026-01-24 19:53:26,841] [INFO] Model initialized on device: cuda:0
[2026-01-24 19:53:26,841] [INFO] [CLIENT INIT] Mode=SKH | Sparsity=ON (UsedSparsity=0.6) | Clusters=ON (UsedClusters=32) | EnvSparsityCfg={'Conv': 0.6, 'Linear': 0.6, 'Bias': 0.0, 'BatchNorm': 0.0} | EnvNClusters=32
[2026-01-24 19:53:27,247] [INFO] Model initialized on device: cuda:0
[2026-01-24 19:53:27,247] [INFO] [CLIENT INIT] Mode=SKH | Sparsity=ON (UsedSparsity=0.6) | Clusters=ON (UsedClusters=32) | EnvSparsityCfg={'Conv': 0.6, 'Linear': 0.6, 'Bias': 0.0, 'BatchNorm': 0.0} | EnvNClusters=32
[2026-01-24 19:53:31,221] [DEBUG] [TEST] Batch 2 | Pred shape: torch.Size([256, 256, 160]) | Label shape: torch.Size([256, 256, 160])
[2026-01-24 19:53:31,342] [DEBUG] [TEST] Batch 3 | Pred shape: torch.Size([256, 256, 160]) | Label shape: torch.Size([256, 256, 160])
[2026-01-24 19:53:31,458] [DEBUG] [TEST] Batch 4 | Pred shape: torch.Size([256, 256, 160]) | Label shape: torch.Size([256, 256, 160])
[2026-01-24 19:53:31,514] [DEBUG] [TEST] Batch 5 | Pred shape: torch.Size([256, 256, 160]) | Label shape: torch.Size([256, 256, 160])
[2026-01-24 19:53:31,613] [DEBUG] [TEST] Batch 6 | Pred shape: torch.Size([256, 256, 160]) | Label shape: torch.Size([256, 256, 160])
[2026-01-24 19:53:31,709] [DEBUG] [TEST] Batch 7 | Pred shape: torch.Size([256, 256, 160]) | Label shape: torch.Size([256, 256, 160])
[2026-01-24 19:53:31,809] [DEBUG] [TEST] Batch 8 | Pred shape: torch.Size([256, 256, 160]) | Label shape: torch.Size([256, 256, 160])
[2026-01-24 19:53:31,912] [DEBUG] [TEST] Batch 9 | Pred shape: torch.Size([256, 256, 160]) | Label shape: torch.Size([256, 256, 160])
[2026-01-24 19:53:32,015] [DEBUG] [TEST] Batch 10 | Pred shape: torch.Size([256, 256, 160]) | Label shape: torch.Size([256, 256, 160])
[2026-01-24 19:53:38,157] [INFO] [EVALUATE] Dice WT: 0.2356
[2026-01-24 19:53:43,821] [INFO] [FIT] Received parameters. Starting local training...
[2026-01-24 19:53:45,613] [INFO] [DEBUG] Loaded compressed decoded weights.
[2026-01-24 19:54:52,357] [INFO] Model initialized on device: cuda:0
[2026-01-24 19:54:52,357] [INFO] [CLIENT INIT] Mode=SKH | Sparsity=ON (UsedSparsity=0.6) | Clusters=ON (UsedClusters=32) | EnvSparsityCfg={'Conv': 0.6, 'Linear': 0.6, 'Bias': 0.0, 'BatchNorm': 0.0} | EnvNClusters=32
[2026-01-24 19:54:52,381] [INFO] Model initialized on device: cuda:0
[2026-01-24 19:54:52,382] [INFO] [CLIENT INIT] Mode=SKH | Sparsity=ON (UsedSparsity=0.6) | Clusters=ON (UsedClusters=32) | EnvSparsityCfg={'Conv': 0.6, 'Linear': 0.6, 'Bias': 0.0, 'BatchNorm': 0.0} | EnvNClusters=32
[2026-01-24 19:54:52,823] [INFO] Model initialized on device: cuda:0
[2026-01-24 19:54:52,823] [INFO] [CLIENT INIT] Mode=SKH | Sparsity=ON (UsedSparsity=0.6) | Clusters=ON (UsedClusters=32) | EnvSparsityCfg={'Conv': 0.6, 'Linear': 0.6, 'Bias': 0.0, 'BatchNorm': 0.0} | EnvNClusters=32
[2026-01-24 19:54:52,867] [INFO] Model initialized on device: cuda:0
[2026-01-24 19:54:52,867] [INFO] [CLIENT INIT] Mode=SKH | Sparsity=ON (UsedSparsity=0.6) | Clusters=ON (UsedClusters=32) | EnvSparsityCfg={'Conv': 0.6, 'Linear': 0.6, 'Bias': 0.0, 'BatchNorm': 0.0} | EnvNClusters=32
[2026-01-24 19:54:53,242] [INFO] Model initialized on device: cuda:0
[2026-01-24 19:54:53,243] [INFO] [CLIENT INIT] Mode=SKH | Sparsity=ON (UsedSparsity=0.6) | Clusters=ON (UsedClusters=32) | EnvSparsityCfg={'Conv': 0.6, 'Linear': 0.6, 'Bias': 0.0, 'BatchNorm': 0.0} | EnvNClusters=32
[2026-01-24 19:54:53,308] [INFO] Model initialized on device: cuda:0
[2026-01-24 19:54:53,308] [INFO] [CLIENT INIT] Mode=SKH | Sparsity=ON (UsedSparsity=0.6) | Clusters=ON (UsedClusters=32) | EnvSparsityCfg={'Conv': 0.6, 'Linear': 0.6, 'Bias': 0.0, 'BatchNorm': 0.0} | EnvNClusters=32
[2026-01-24 19:54:53,516] [INFO] Model initialized on device: cuda:0
[2026-01-24 19:54:53,516] [INFO] [CLIENT INIT] Mode=SKH | Sparsity=ON (UsedSparsity=0.6) | Clusters=ON (UsedClusters=32) | EnvSparsityCfg={'Conv': 0.6, 'Linear': 0.6, 'Bias': 0.0, 'BatchNorm': 0.0} | EnvNClusters=32
[2026-01-24 19:54:53,619] [INFO] Model initialized on device: cuda:0
[2026-01-24 19:54:53,619] [INFO] [CLIENT INIT] Mode=SKH | Sparsity=ON (UsedSparsity=0.6) | Clusters=ON (UsedClusters=32) | EnvSparsityCfg={'Conv': 0.6, 'Linear': 0.6, 'Bias': 0.0, 'BatchNorm': 0.0} | EnvNClusters=32
[2026-01-24 19:54:53,912] [INFO] Model initialized on device: cuda:0
[2026-01-24 19:54:53,913] [INFO] [CLIENT INIT] Mode=SKH | Sparsity=ON (UsedSparsity=0.6) | Clusters=ON (UsedClusters=32) | EnvSparsityCfg={'Conv': 0.6, 'Linear': 0.6, 'Bias': 0.0, 'BatchNorm': 0.0} | EnvNClusters=32
[2026-01-24 19:54:53,915] [INFO] Model initialized on device: cuda:0
[2026-01-24 19:54:53,915] [INFO] [CLIENT INIT] Mode=SKH | Sparsity=ON (UsedSparsity=0.6) | Clusters=ON (UsedClusters=32) | EnvSparsityCfg={'Conv': 0.6, 'Linear': 0.6, 'Bias': 0.0, 'BatchNorm': 0.0} | EnvNClusters=32
[2026-01-24 19:56:04,872] [INFO] [TRAIN] Epoch 1 Loss: 0.9453
[2026-01-24 19:57:07,431] [INFO] Model initialized on device: cuda:0
[2026-01-24 19:57:07,431] [INFO] [CLIENT INIT] Mode=SKH | Sparsity=ON (UsedSparsity=0.6) | Clusters=ON (UsedClusters=32) | EnvSparsityCfg={'Conv': 0.6, 'Linear': 0.6, 'Bias': 0.0, 'BatchNorm': 0.0} | EnvNClusters=32
[2026-01-24 19:57:08,725] [INFO] Model initialized on device: cuda:0
[2026-01-24 19:57:08,725] [INFO] [CLIENT INIT] Mode=SKH | Sparsity=ON (UsedSparsity=0.6) | Clusters=ON (UsedClusters=32) | EnvSparsityCfg={'Conv': 0.6, 'Linear': 0.6, 'Bias': 0.0, 'BatchNorm': 0.0} | EnvNClusters=32
[2026-01-24 19:57:08,748] [INFO] Model initialized on device: cuda:0
[2026-01-24 19:57:08,748] [INFO] [CLIENT INIT] Mode=SKH | Sparsity=ON (UsedSparsity=0.6) | Clusters=ON (UsedClusters=32) | EnvSparsityCfg={'Conv': 0.6, 'Linear': 0.6, 'Bias': 0.0, 'BatchNorm': 0.0} | EnvNClusters=32
[2026-01-24 19:57:08,826] [INFO] Model initialized on device: cuda:0
[2026-01-24 19:57:08,826] [INFO] [CLIENT INIT] Mode=SKH | Sparsity=ON (UsedSparsity=0.6) | Clusters=ON (UsedClusters=32) | EnvSparsityCfg={'Conv': 0.6, 'Linear': 0.6, 'Bias': 0.0, 'BatchNorm': 0.0} | EnvNClusters=32
[2026-01-24 19:57:08,941] [INFO] Model initialized on device: cuda:0
[2026-01-24 19:57:08,942] [INFO] [CLIENT INIT] Mode=SKH | Sparsity=ON (UsedSparsity=0.6) | Clusters=ON (UsedClusters=32) | EnvSparsityCfg={'Conv': 0.6, 'Linear': 0.6, 'Bias': 0.0, 'BatchNorm': 0.0} | EnvNClusters=32
[2026-01-24 19:57:08,942] [INFO] Model initialized on device: cuda:0
[2026-01-24 19:57:08,943] [INFO] [CLIENT INIT] Mode=SKH | Sparsity=ON (UsedSparsity=0.6) | Clusters=ON (UsedClusters=32) | EnvSparsityCfg={'Conv': 0.6, 'Linear': 0.6, 'Bias': 0.0, 'BatchNorm': 0.0} | EnvNClusters=32
[2026-01-24 19:57:09,008] [INFO] Model initialized on device: cuda:0
[2026-01-24 19:57:09,008] [INFO] [CLIENT INIT] Mode=SKH | Sparsity=ON (UsedSparsity=0.6) | Clusters=ON (UsedClusters=32) | EnvSparsityCfg={'Conv': 0.6, 'Linear': 0.6, 'Bias': 0.0, 'BatchNorm': 0.0} | EnvNClusters=32
[2026-01-24 19:57:09,011] [INFO] Model initialized on device: cuda:0
[2026-01-24 19:57:09,011] [INFO] [CLIENT INIT] Mode=SKH | Sparsity=ON (UsedSparsity=0.6) | Clusters=ON (UsedClusters=32) | EnvSparsityCfg={'Conv': 0.6, 'Linear': 0.6, 'Bias': 0.0, 'BatchNorm': 0.0} | EnvNClusters=32
[2026-01-24 19:57:09,012] [INFO] Model initialized on device: cuda:0
[2026-01-24 19:57:09,012] [INFO] [CLIENT INIT] Mode=SKH | Sparsity=ON (UsedSparsity=0.6) | Clusters=ON (UsedClusters=32) | EnvSparsityCfg={'Conv': 0.6, 'Linear': 0.6, 'Bias': 0.0, 'BatchNorm': 0.0} | EnvNClusters=32
[2026-01-24 19:57:09,013] [INFO] Model initialized on device: cuda:0
[2026-01-24 19:57:09,013] [INFO] [CLIENT INIT] Mode=SKH | Sparsity=ON (UsedSparsity=0.6) | Clusters=ON (UsedClusters=32) | EnvSparsityCfg={'Conv': 0.6, 'Linear': 0.6, 'Bias': 0.0, 'BatchNorm': 0.0} | EnvNClusters=32
[2026-01-24 19:58:18,112] [INFO] [TRAIN] Epoch 2 Loss: 0.9409
[2026-01-24 19:59:26,407] [INFO] Model initialized on device: cuda:0
[2026-01-24 19:59:26,407] [INFO] [CLIENT INIT] Mode=SKH | Sparsity=ON (UsedSparsity=0.6) | Clusters=ON (UsedClusters=32) | EnvSparsityCfg={'Conv': 0.6, 'Linear': 0.6, 'Bias': 0.0, 'BatchNorm': 0.0} | EnvNClusters=32
[2026-01-24 19:59:26,712] [INFO] Model initialized on device: cuda:0
[2026-01-24 19:59:26,712] [INFO] [CLIENT INIT] Mode=SKH | Sparsity=ON (UsedSparsity=0.6) | Clusters=ON (UsedClusters=32) | EnvSparsityCfg={'Conv': 0.6, 'Linear': 0.6, 'Bias': 0.0, 'BatchNorm': 0.0} | EnvNClusters=32
[2026-01-24 19:59:26,714] [INFO] Model initialized on device: cuda:0
[2026-01-24 19:59:26,714] [INFO] [CLIENT INIT] Mode=SKH | Sparsity=ON (UsedSparsity=0.6) | Clusters=ON (UsedClusters=32) | EnvSparsityCfg={'Conv': 0.6, 'Linear': 0.6, 'Bias': 0.0, 'BatchNorm': 0.0} | EnvNClusters=32
[2026-01-24 19:59:26,810] [INFO] Model initialized on device: cuda:0
[2026-01-24 19:59:26,810] [INFO] [CLIENT INIT] Mode=SKH | Sparsity=ON (UsedSparsity=0.6) | Clusters=ON (UsedClusters=32) | EnvSparsityCfg={'Conv': 0.6, 'Linear': 0.6, 'Bias': 0.0, 'BatchNorm': 0.0} | EnvNClusters=32
[2026-01-24 19:59:26,922] [INFO] Model initialized on device: cuda:0
[2026-01-24 19:59:26,922] [INFO] [CLIENT INIT] Mode=SKH | Sparsity=ON (UsedSparsity=0.6) | Clusters=ON (UsedClusters=32) | EnvSparsityCfg={'Conv': 0.6, 'Linear': 0.6, 'Bias': 0.0, 'BatchNorm': 0.0} | EnvNClusters=32
[2026-01-24 19:59:26,927] [INFO] Model initialized on device: cuda:0
[2026-01-24 19:59:26,927] [INFO] [CLIENT INIT] Mode=SKH | Sparsity=ON (UsedSparsity=0.6) | Clusters=ON (UsedClusters=32) | EnvSparsityCfg={'Conv': 0.6, 'Linear': 0.6, 'Bias': 0.0, 'BatchNorm': 0.0} | EnvNClusters=32
[2026-01-24 19:59:26,939] [INFO] Model initialized on device: cuda:0
[2026-01-24 19:59:26,939] [INFO] [CLIENT INIT] Mode=SKH | Sparsity=ON (UsedSparsity=0.6) | Clusters=ON (UsedClusters=32) | EnvSparsityCfg={'Conv': 0.6, 'Linear': 0.6, 'Bias': 0.0, 'BatchNorm': 0.0} | EnvNClusters=32
[2026-01-24 19:59:26,940] [INFO] Model initialized on device: cuda:0
[2026-01-24 19:59:26,940] [INFO] Model initialized on device: cuda:0
[2026-01-24 19:59:26,940] [INFO] [CLIENT INIT] Mode=SKH | Sparsity=ON (UsedSparsity=0.6) | Clusters=ON (UsedClusters=32) | EnvSparsityCfg={'Conv': 0.6, 'Linear': 0.6, 'Bias': 0.0, 'BatchNorm': 0.0} | EnvNClusters=32
[2026-01-24 19:59:26,940] [INFO] [CLIENT INIT] Mode=SKH | Sparsity=ON (UsedSparsity=0.6) | Clusters=ON (UsedClusters=32) | EnvSparsityCfg={'Conv': 0.6, 'Linear': 0.6, 'Bias': 0.0, 'BatchNorm': 0.0} | EnvNClusters=32
[2026-01-24 19:59:27,014] [INFO] Model initialized on device: cuda:0
[2026-01-24 19:59:27,014] [INFO] [CLIENT INIT] Mode=SKH | Sparsity=ON (UsedSparsity=0.6) | Clusters=ON (UsedClusters=32) | EnvSparsityCfg={'Conv': 0.6, 'Linear': 0.6, 'Bias': 0.0, 'BatchNorm': 0.0} | EnvNClusters=32
[2026-01-24 20:00:31,812] [INFO] [TRAIN] Epoch 3 Loss: 0.9371
[2026-01-24 20:01:30,327] [INFO] Model initialized on device: cuda:0
[2026-01-24 20:01:30,327] [INFO] [CLIENT INIT] Mode=SKH | Sparsity=ON (UsedSparsity=0.6) | Clusters=ON (UsedClusters=32) | EnvSparsityCfg={'Conv': 0.6, 'Linear': 0.6, 'Bias': 0.0, 'BatchNorm': 0.0} | EnvNClusters=32
[2026-01-24 20:01:30,520] [INFO] Model initialized on device: cuda:0
[2026-01-24 20:01:30,520] [INFO] [CLIENT INIT] Mode=SKH | Sparsity=ON (UsedSparsity=0.6) | Clusters=ON (UsedClusters=32) | EnvSparsityCfg={'Conv': 0.6, 'Linear': 0.6, 'Bias': 0.0, 'BatchNorm': 0.0} | EnvNClusters=32
[2026-01-24 20:01:30,639] [INFO] Model initialized on device: cuda:0
[2026-01-24 20:01:30,639] [INFO] [CLIENT INIT] Mode=SKH | Sparsity=ON (UsedSparsity=0.6) | Clusters=ON (UsedClusters=32) | EnvSparsityCfg={'Conv': 0.6, 'Linear': 0.6, 'Bias': 0.0, 'BatchNorm': 0.0} | EnvNClusters=32
[2026-01-24 20:01:30,639] [INFO] Model initialized on device: cuda:0
[2026-01-24 20:01:30,639] [INFO] [CLIENT INIT] Mode=SKH | Sparsity=ON (UsedSparsity=0.6) | Clusters=ON (UsedClusters=32) | EnvSparsityCfg={'Conv': 0.6, 'Linear': 0.6, 'Bias': 0.0, 'BatchNorm': 0.0} | EnvNClusters=32
[2026-01-24 20:01:30,727] [INFO] Model initialized on device: cuda:0
[2026-01-24 20:01:30,727] [INFO] [CLIENT INIT] Mode=SKH | Sparsity=ON (UsedSparsity=0.6) | Clusters=ON (UsedClusters=32) | EnvSparsityCfg={'Conv': 0.6, 'Linear': 0.6, 'Bias': 0.0, 'BatchNorm': 0.0} | EnvNClusters=32
[2026-01-24 20:01:30,727] [INFO] Model initialized on device: cuda:0
[2026-01-24 20:01:30,728] [INFO] [CLIENT INIT] Mode=SKH | Sparsity=ON (UsedSparsity=0.6) | Clusters=ON (UsedClusters=32) | EnvSparsityCfg={'Conv': 0.6, 'Linear': 0.6, 'Bias': 0.0, 'BatchNorm': 0.0} | EnvNClusters=32
[2026-01-24 20:01:30,739] [INFO] Model initialized on device: cuda:0
[2026-01-24 20:01:30,739] [INFO] [CLIENT INIT] Mode=SKH | Sparsity=ON (UsedSparsity=0.6) | Clusters=ON (UsedClusters=32) | EnvSparsityCfg={'Conv': 0.6, 'Linear': 0.6, 'Bias': 0.0, 'BatchNorm': 0.0} | EnvNClusters=32
[2026-01-24 20:01:30,739] [INFO] Model initialized on device: cuda:0
[2026-01-24 20:01:30,739] [INFO] [CLIENT INIT] Mode=SKH | Sparsity=ON (UsedSparsity=0.6) | Clusters=ON (UsedClusters=32) | EnvSparsityCfg={'Conv': 0.6, 'Linear': 0.6, 'Bias': 0.0, 'BatchNorm': 0.0} | EnvNClusters=32
[2026-01-24 20:01:30,808] [INFO] Model initialized on device: cuda:0
[2026-01-24 20:01:30,808] [INFO] [CLIENT INIT] Mode=SKH | Sparsity=ON (UsedSparsity=0.6) | Clusters=ON (UsedClusters=32) | EnvSparsityCfg={'Conv': 0.6, 'Linear': 0.6, 'Bias': 0.0, 'BatchNorm': 0.0} | EnvNClusters=32
[2026-01-24 20:01:30,808] [INFO] Model initialized on device: cuda:0
[2026-01-24 20:01:30,808] [INFO] [CLIENT INIT] Mode=SKH | Sparsity=ON (UsedSparsity=0.6) | Clusters=ON (UsedClusters=32) | EnvSparsityCfg={'Conv': 0.6, 'Linear': 0.6, 'Bias': 0.0, 'BatchNorm': 0.0} | EnvNClusters=32
[2026-01-24 20:02:33,251] [INFO] [TRAIN] Epoch 4 Loss: 0.9315
[2026-01-24 20:03:19,713] [INFO] Model initialized on device: cuda:0
[2026-01-24 20:03:19,713] [INFO] [CLIENT INIT] Mode=SKH | Sparsity=ON (UsedSparsity=0.6) | Clusters=ON (UsedClusters=32) | EnvSparsityCfg={'Conv': 0.6, 'Linear': 0.6, 'Bias': 0.0, 'BatchNorm': 0.0} | EnvNClusters=32
[2026-01-24 20:03:19,820] [INFO] Model initialized on device: cuda:0
[2026-01-24 20:03:19,820] [INFO] [CLIENT INIT] Mode=SKH | Sparsity=ON (UsedSparsity=0.6) | Clusters=ON (UsedClusters=32) | EnvSparsityCfg={'Conv': 0.6, 'Linear': 0.6, 'Bias': 0.0, 'BatchNorm': 0.0} | EnvNClusters=32
[2026-01-24 20:03:21,824] [INFO] Model initialized on device: cuda:0
[2026-01-24 20:03:21,824] [INFO] [CLIENT INIT] Mode=SKH | Sparsity=ON (UsedSparsity=0.6) | Clusters=ON (UsedClusters=32) | EnvSparsityCfg={'Conv': 0.6, 'Linear': 0.6, 'Bias': 0.0, 'BatchNorm': 0.0} | EnvNClusters=32
[2026-01-24 20:03:22,713] [INFO] Model initialized on device: cuda:0
[2026-01-24 20:03:22,713] [INFO] [CLIENT INIT] Mode=SKH | Sparsity=ON (UsedSparsity=0.6) | Clusters=ON (UsedClusters=32) | EnvSparsityCfg={'Conv': 0.6, 'Linear': 0.6, 'Bias': 0.0, 'BatchNorm': 0.0} | EnvNClusters=32
[2026-01-24 20:03:22,734] [INFO] Model initialized on device: cuda:0
[2026-01-24 20:03:22,734] [INFO] [CLIENT INIT] Mode=SKH | Sparsity=ON (UsedSparsity=0.6) | Clusters=ON (UsedClusters=32) | EnvSparsityCfg={'Conv': 0.6, 'Linear': 0.6, 'Bias': 0.0, 'BatchNorm': 0.0} | EnvNClusters=32
[2026-01-24 20:03:23,618] [INFO] Model initialized on device: cuda:0
[2026-01-24 20:03:23,619] [INFO] [CLIENT INIT] Mode=SKH | Sparsity=ON (UsedSparsity=0.6) | Clusters=ON (UsedClusters=32) | EnvSparsityCfg={'Conv': 0.6, 'Linear': 0.6, 'Bias': 0.0, 'BatchNorm': 0.0} | EnvNClusters=32
[2026-01-24 20:03:23,841] [INFO] Model initialized on device: cuda:0
[2026-01-24 20:03:23,841] [INFO] [CLIENT INIT] Mode=SKH | Sparsity=ON (UsedSparsity=0.6) | Clusters=ON (UsedClusters=32) | EnvSparsityCfg={'Conv': 0.6, 'Linear': 0.6, 'Bias': 0.0, 'BatchNorm': 0.0} | EnvNClusters=32
[2026-01-24 20:03:24,012] [INFO] Model initialized on device: cuda:0
[2026-01-24 20:03:24,012] [INFO] [CLIENT INIT] Mode=SKH | Sparsity=ON (UsedSparsity=0.6) | Clusters=ON (UsedClusters=32) | EnvSparsityCfg={'Conv': 0.6, 'Linear': 0.6, 'Bias': 0.0, 'BatchNorm': 0.0} | EnvNClusters=32
[2026-01-24 20:03:24,020] [INFO] Model initialized on device: cuda:0
[2026-01-24 20:03:24,020] [INFO] [CLIENT INIT] Mode=SKH | Sparsity=ON (UsedSparsity=0.6) | Clusters=ON (UsedClusters=32) | EnvSparsityCfg={'Conv': 0.6, 'Linear': 0.6, 'Bias': 0.0, 'BatchNorm': 0.0} | EnvNClusters=32
[2026-01-24 20:03:24,020] [INFO] Model initialized on device: cuda:0
[2026-01-24 20:03:24,020] [INFO] [CLIENT INIT] Mode=SKH | Sparsity=ON (UsedSparsity=0.6) | Clusters=ON (UsedClusters=32) | EnvSparsityCfg={'Conv': 0.6, 'Linear': 0.6, 'Bias': 0.0, 'BatchNorm': 0.0} | EnvNClusters=32
[2026-01-24 20:04:21,175] [INFO] [TRAIN] Epoch 5 Loss: 0.9263
[2026-01-24 20:04:21,176] [INFO] [FIT] Local training finished. Avg Loss: 0.9362
[2026-01-24 20:04:42,152] [INFO] Model initialized on device: cuda:0
[2026-01-24 20:04:42,152] [INFO] [CLIENT INIT] Mode=SKH | Sparsity=ON (UsedSparsity=0.6) | Clusters=ON (UsedClusters=32) | EnvSparsityCfg={'Conv': 0.6, 'Linear': 0.6, 'Bias': 0.0, 'BatchNorm': 0.0} | EnvNClusters=32
[2026-01-24 20:04:44,738] [INFO] Model initialized on device: cuda:0
[2026-01-24 20:04:44,738] [INFO] [CLIENT INIT] Mode=SKH | Sparsity=ON (UsedSparsity=0.6) | Clusters=ON (UsedClusters=32) | EnvSparsityCfg={'Conv': 0.6, 'Linear': 0.6, 'Bias': 0.0, 'BatchNorm': 0.0} | EnvNClusters=32
[2026-01-24 20:04:44,888] [INFO] Model initialized on device: cuda:0
[2026-01-24 20:04:44,888] [INFO] [CLIENT INIT] Mode=SKH | Sparsity=ON (UsedSparsity=0.6) | Clusters=ON (UsedClusters=32) | EnvSparsityCfg={'Conv': 0.6, 'Linear': 0.6, 'Bias': 0.0, 'BatchNorm': 0.0} | EnvNClusters=32
[2026-01-24 20:04:45,113] [INFO] Model initialized on device: cuda:0
[2026-01-24 20:04:45,113] [INFO] [CLIENT INIT] Mode=SKH | Sparsity=ON (UsedSparsity=0.6) | Clusters=ON (UsedClusters=32) | EnvSparsityCfg={'Conv': 0.6, 'Linear': 0.6, 'Bias': 0.0, 'BatchNorm': 0.0} | EnvNClusters=32
[2026-01-24 20:04:45,154] [INFO] Model initialized on device: cuda:0
[2026-01-24 20:04:45,154] [INFO] [CLIENT INIT] Mode=SKH | Sparsity=ON (UsedSparsity=0.6) | Clusters=ON (UsedClusters=32) | EnvSparsityCfg={'Conv': 0.6, 'Linear': 0.6, 'Bias': 0.0, 'BatchNorm': 0.0} | EnvNClusters=32
[2026-01-24 20:04:45,510] [INFO] Model initialized on device: cuda:0
[2026-01-24 20:04:45,510] [INFO] [CLIENT INIT] Mode=SKH | Sparsity=ON (UsedSparsity=0.6) | Clusters=ON (UsedClusters=32) | EnvSparsityCfg={'Conv': 0.6, 'Linear': 0.6, 'Bias': 0.0, 'BatchNorm': 0.0} | EnvNClusters=32
[2026-01-24 20:04:45,562] [INFO] Model initialized on device: cuda:0
[2026-01-24 20:04:45,563] [INFO] [CLIENT INIT] Mode=SKH | Sparsity=ON (UsedSparsity=0.6) | Clusters=ON (UsedClusters=32) | EnvSparsityCfg={'Conv': 0.6, 'Linear': 0.6, 'Bias': 0.0, 'BatchNorm': 0.0} | EnvNClusters=32
[2026-01-24 20:04:45,568] [INFO] Model initialized on device: cuda:0
[2026-01-24 20:04:45,568] [INFO] [CLIENT INIT] Mode=SKH | Sparsity=ON (UsedSparsity=0.6) | Clusters=ON (UsedClusters=32) | EnvSparsityCfg={'Conv': 0.6, 'Linear': 0.6, 'Bias': 0.0, 'BatchNorm': 0.0} | EnvNClusters=32
[2026-01-24 20:04:45,574] [INFO] Model initialized on device: cuda:0
[2026-01-24 20:04:45,574] [INFO] [CLIENT INIT] Mode=SKH | Sparsity=ON (UsedSparsity=0.6) | Clusters=ON (UsedClusters=32) | EnvSparsityCfg={'Conv': 0.6, 'Linear': 0.6, 'Bias': 0.0, 'BatchNorm': 0.0} | EnvNClusters=32
[2026-01-24 20:04:45,576] [INFO] Model initialized on device: cuda:0
[2026-01-24 20:04:45,576] [INFO] [CLIENT INIT] Mode=SKH | Sparsity=ON (UsedSparsity=0.6) | Clusters=ON (UsedClusters=32) | EnvSparsityCfg={'Conv': 0.6, 'Linear': 0.6, 'Bias': 0.0, 'BatchNorm': 0.0} | EnvNClusters=32
[2026-01-24 20:04:47,925] [DEBUG] [TEST] Batch 1 | Pred shape: torch.Size([256, 256, 160]) | Label shape: torch.Size([256, 256, 160])
[2026-01-24 20:04:48,066] [DEBUG] [TEST] Batch 2 | Pred shape: torch.Size([256, 256, 160]) | Label shape: torch.Size([256, 256, 160])
[2026-01-24 20:04:48,323] [DEBUG] [TEST] Batch 3 | Pred shape: torch.Size([256, 256, 160]) | Label shape: torch.Size([256, 256, 160])
[2026-01-24 20:04:48,378] [DEBUG] [TEST] Batch 4 | Pred shape: torch.Size([256, 256, 160]) | Label shape: torch.Size([256, 256, 160])
[2026-01-24 20:04:48,433] [DEBUG] [TEST] Batch 5 | Pred shape: torch.Size([256, 256, 160]) | Label shape: torch.Size([256, 256, 160])
[2026-01-24 20:04:48,488] [DEBUG] [TEST] Batch 6 | Pred shape: torch.Size([256, 256, 160]) | Label shape: torch.Size([256, 256, 160])
[2026-01-24 20:04:48,543] [DEBUG] [TEST] Batch 7 | Pred shape: torch.Size([256, 256, 160]) | Label shape: torch.Size([256, 256, 160])
[2026-01-24 20:04:48,598] [DEBUG] [TEST] Batch 8 | Pred shape: torch.Size([256, 256, 160]) | Label shape: torch.Size([256, 256, 160])
[2026-01-24 20:04:48,653] [DEBUG] [TEST] Batch 9 | Pred shape: torch.Size([256, 256, 160]) | Label shape: torch.Size([256, 256, 160])
[2026-01-24 20:04:48,708] [DEBUG] [TEST] Batch 10 | Pred shape: torch.Size([256, 256, 160]) | Label shape: torch.Size([256, 256, 160])
[2026-01-24 20:04:51,153] [INFO] [FIT] Final model saved to: Revision2/Run_UNET_IID_SKHC32S60_20260124/Client2/model_final.pth
[2026-01-24 20:04:59,895] [INFO] [COMM][CLIENT] Round=-1 Mode=SKH UsedSparsity=0.6 UsedClusters=32 BaselineBits=154016352.0 CompressedBits=45448731.2 CR=3.389
[2026-01-24 20:05:33,345] [INFO] [EVALUATE] Starting evaluation...
[2026-01-24 20:05:35,823] [INFO] [DEBUG] Loaded compressed decoded weights.
[2026-01-24 20:06:40,742] [INFO] Model initialized on device: cuda:0
[2026-01-24 20:06:40,742] [INFO] [CLIENT INIT] Mode=SKH | Sparsity=ON (UsedSparsity=0.6) | Clusters=ON (UsedClusters=32) | EnvSparsityCfg={'Conv': 0.6, 'Linear': 0.6, 'Bias': 0.0, 'BatchNorm': 0.0} | EnvNClusters=32
[2026-01-24 20:06:42,881] [INFO] Model initialized on device: cuda:0
[2026-01-24 20:06:42,882] [INFO] [CLIENT INIT] Mode=SKH | Sparsity=ON (UsedSparsity=0.6) | Clusters=ON (UsedClusters=32) | EnvSparsityCfg={'Conv': 0.6, 'Linear': 0.6, 'Bias': 0.0, 'BatchNorm': 0.0} | EnvNClusters=32
[2026-01-24 20:06:42,998] [INFO] Model initialized on device: cuda:0
[2026-01-24 20:06:42,998] [INFO] [CLIENT INIT] Mode=SKH | Sparsity=ON (UsedSparsity=0.6) | Clusters=ON (UsedClusters=32) | EnvSparsityCfg={'Conv': 0.6, 'Linear': 0.6, 'Bias': 0.0, 'BatchNorm': 0.0} | EnvNClusters=32
[2026-01-24 20:06:43,135] [INFO] Model initialized on device: cuda:0
[2026-01-24 20:06:43,135] [INFO] [CLIENT INIT] Mode=SKH | Sparsity=ON (UsedSparsity=0.6) | Clusters=ON (UsedClusters=32) | EnvSparsityCfg={'Conv': 0.6, 'Linear': 0.6, 'Bias': 0.0, 'BatchNorm': 0.0} | EnvNClusters=32
[2026-01-24 20:06:43,266] [INFO] Model initialized on device: cuda:0
[2026-01-24 20:06:43,266] [INFO] [CLIENT INIT] Mode=SKH | Sparsity=ON (UsedSparsity=0.6) | Clusters=ON (UsedClusters=32) | EnvSparsityCfg={'Conv': 0.6, 'Linear': 0.6, 'Bias': 0.0, 'BatchNorm': 0.0} | EnvNClusters=32
[2026-01-24 20:06:43,419] [INFO] Model initialized on device: cuda:0
[2026-01-24 20:06:43,419] [INFO] [CLIENT INIT] Mode=SKH | Sparsity=ON (UsedSparsity=0.6) | Clusters=ON (UsedClusters=32) | EnvSparsityCfg={'Conv': 0.6, 'Linear': 0.6, 'Bias': 0.0, 'BatchNorm': 0.0} | EnvNClusters=32
[2026-01-24 20:06:43,458] [INFO] Model initialized on device: cuda:0
[2026-01-24 20:06:43,459] [INFO] [CLIENT INIT] Mode=SKH | Sparsity=ON (UsedSparsity=0.6) | Clusters=ON (UsedClusters=32) | EnvSparsityCfg={'Conv': 0.6, 'Linear': 0.6, 'Bias': 0.0, 'BatchNorm': 0.0} | EnvNClusters=32
[2026-01-24 20:06:43,466] [INFO] Model initialized on device: cuda:0
[2026-01-24 20:06:43,467] [INFO] [CLIENT INIT] Mode=SKH | Sparsity=ON (UsedSparsity=0.6) | Clusters=ON (UsedClusters=32) | EnvSparsityCfg={'Conv': 0.6, 'Linear': 0.6, 'Bias': 0.0, 'BatchNorm': 0.0} | EnvNClusters=32
[2026-01-24 20:06:43,511] [INFO] Model initialized on device: cuda:0
[2026-01-24 20:06:43,512] [INFO] [CLIENT INIT] Mode=SKH | Sparsity=ON (UsedSparsity=0.6) | Clusters=ON (UsedClusters=32) | EnvSparsityCfg={'Conv': 0.6, 'Linear': 0.6, 'Bias': 0.0, 'BatchNorm': 0.0} | EnvNClusters=32
[2026-01-24 20:06:43,546] [INFO] Model initialized on device: cuda:0
[2026-01-24 20:06:43,546] [INFO] [CLIENT INIT] Mode=SKH | Sparsity=ON (UsedSparsity=0.6) | Clusters=ON (UsedClusters=32) | EnvSparsityCfg={'Conv': 0.6, 'Linear': 0.6, 'Bias': 0.0, 'BatchNorm': 0.0} | EnvNClusters=32
[2026-01-24 20:06:46,715] [DEBUG] [TEST] Batch 1 | Pred shape: torch.Size([256, 256, 160]) | Label shape: torch.Size([256, 256, 160])
[2026-01-24 20:06:48,032] [DEBUG] [TEST] Batch 2 | Pred shape: torch.Size([256, 256, 160]) | Label shape: torch.Size([256, 256, 160])
[2026-01-24 20:06:48,089] [DEBUG] [TEST] Batch 3 | Pred shape: torch.Size([256, 256, 160]) | Label shape: torch.Size([256, 256, 160])
[2026-01-24 20:06:48,144] [DEBUG] [TEST] Batch 4 | Pred shape: torch.Size([256, 256, 160]) | Label shape: torch.Size([256, 256, 160])
[2026-01-24 20:06:48,251] [DEBUG] [TEST] Batch 5 | Pred shape: torch.Size([256, 256, 160]) | Label shape: torch.Size([256, 256, 160])
[2026-01-24 20:06:48,358] [DEBUG] [TEST] Batch 6 | Pred shape: torch.Size([256, 256, 160]) | Label shape: torch.Size([256, 256, 160])
[2026-01-24 20:06:48,475] [DEBUG] [TEST] Batch 7 | Pred shape: torch.Size([256, 256, 160]) | Label shape: torch.Size([256, 256, 160])
[2026-01-24 20:06:48,593] [DEBUG] [TEST] Batch 8 | Pred shape: torch.Size([256, 256, 160]) | Label shape: torch.Size([256, 256, 160])
[2026-01-24 20:06:48,709] [DEBUG] [TEST] Batch 9 | Pred shape: torch.Size([256, 256, 160]) | Label shape: torch.Size([256, 256, 160])
[2026-01-24 20:06:48,764] [DEBUG] [TEST] Batch 10 | Pred shape: torch.Size([256, 256, 160]) | Label shape: torch.Size([256, 256, 160])
[2026-01-24 20:06:52,851] [INFO] [EVALUATE] Dice WT: 0.3197
[2026-01-24 20:06:56,370] [INFO] [FIT] Received parameters. Starting local training...
[2026-01-24 20:06:58,424] [INFO] [DEBUG] Loaded compressed decoded weights.
[2026-01-24 20:08:10,027] [INFO] Model initialized on device: cuda:0
[2026-01-24 20:08:10,027] [INFO] [CLIENT INIT] Mode=SKH | Sparsity=ON (UsedSparsity=0.6) | Clusters=ON (UsedClusters=32) | EnvSparsityCfg={'Conv': 0.6, 'Linear': 0.6, 'Bias': 0.0, 'BatchNorm': 0.0} | EnvNClusters=32
[2026-01-24 20:08:10,043] [INFO] Model initialized on device: cuda:0
[2026-01-24 20:08:10,043] [INFO] [CLIENT INIT] Mode=SKH | Sparsity=ON (UsedSparsity=0.6) | Clusters=ON (UsedClusters=32) | EnvSparsityCfg={'Conv': 0.6, 'Linear': 0.6, 'Bias': 0.0, 'BatchNorm': 0.0} | EnvNClusters=32
[2026-01-24 20:08:10,113] [INFO] Model initialized on device: cuda:0
[2026-01-24 20:08:10,113] [INFO] [CLIENT INIT] Mode=SKH | Sparsity=ON (UsedSparsity=0.6) | Clusters=ON (UsedClusters=32) | EnvSparsityCfg={'Conv': 0.6, 'Linear': 0.6, 'Bias': 0.0, 'BatchNorm': 0.0} | EnvNClusters=32
[2026-01-24 20:08:10,308] [INFO] Model initialized on device: cuda:0
[2026-01-24 20:08:10,308] [INFO] [CLIENT INIT] Mode=SKH | Sparsity=ON (UsedSparsity=0.6) | Clusters=ON (UsedClusters=32) | EnvSparsityCfg={'Conv': 0.6, 'Linear': 0.6, 'Bias': 0.0, 'BatchNorm': 0.0} | EnvNClusters=32
[2026-01-24 20:08:10,311] [INFO] Model initialized on device: cuda:0
[2026-01-24 20:08:10,311] [INFO] [CLIENT INIT] Mode=SKH | Sparsity=ON (UsedSparsity=0.6) | Clusters=ON (UsedClusters=32) | EnvSparsityCfg={'Conv': 0.6, 'Linear': 0.6, 'Bias': 0.0, 'BatchNorm': 0.0} | EnvNClusters=32
[2026-01-24 20:08:10,311] [INFO] Model initialized on device: cuda:0
[2026-01-24 20:08:10,311] [INFO] [CLIENT INIT] Mode=SKH | Sparsity=ON (UsedSparsity=0.6) | Clusters=ON (UsedClusters=32) | EnvSparsityCfg={'Conv': 0.6, 'Linear': 0.6, 'Bias': 0.0, 'BatchNorm': 0.0} | EnvNClusters=32
[2026-01-24 20:08:10,312] [INFO] Model initialized on device: cuda:0
[2026-01-24 20:08:10,312] [INFO] Model initialized on device: cuda:0
[2026-01-24 20:08:10,312] [INFO] [CLIENT INIT] Mode=SKH | Sparsity=ON (UsedSparsity=0.6) | Clusters=ON (UsedClusters=32) | EnvSparsityCfg={'Conv': 0.6, 'Linear': 0.6, 'Bias': 0.0, 'BatchNorm': 0.0} | EnvNClusters=32
[2026-01-24 20:08:10,312] [INFO] [CLIENT INIT] Mode=SKH | Sparsity=ON (UsedSparsity=0.6) | Clusters=ON (UsedClusters=32) | EnvSparsityCfg={'Conv': 0.6, 'Linear': 0.6, 'Bias': 0.0, 'BatchNorm': 0.0} | EnvNClusters=32
[2026-01-24 20:08:10,346] [INFO] Model initialized on device: cuda:0
[2026-01-24 20:08:10,346] [INFO] [CLIENT INIT] Mode=SKH | Sparsity=ON (UsedSparsity=0.6) | Clusters=ON (UsedClusters=32) | EnvSparsityCfg={'Conv': 0.6, 'Linear': 0.6, 'Bias': 0.0, 'BatchNorm': 0.0} | EnvNClusters=32
[2026-01-24 20:08:10,408] [INFO] Model initialized on device: cuda:0
[2026-01-24 20:08:10,408] [INFO] [CLIENT INIT] Mode=SKH | Sparsity=ON (UsedSparsity=0.6) | Clusters=ON (UsedClusters=32) | EnvSparsityCfg={'Conv': 0.6, 'Linear': 0.6, 'Bias': 0.0, 'BatchNorm': 0.0} | EnvNClusters=32
[2026-01-24 20:09:23,536] [INFO] [TRAIN] Epoch 1 Loss: 0.9343
[2026-01-24 20:10:31,142] [INFO] Model initialized on device: cuda:0
[2026-01-24 20:10:31,142] [INFO] [CLIENT INIT] Mode=SKH | Sparsity=ON (UsedSparsity=0.6) | Clusters=ON (UsedClusters=32) | EnvSparsityCfg={'Conv': 0.6, 'Linear': 0.6, 'Bias': 0.0, 'BatchNorm': 0.0} | EnvNClusters=32
[2026-01-24 20:10:31,622] [INFO] Model initialized on device: cuda:0
[2026-01-24 20:10:31,622] [INFO] [CLIENT INIT] Mode=SKH | Sparsity=ON (UsedSparsity=0.6) | Clusters=ON (UsedClusters=32) | EnvSparsityCfg={'Conv': 0.6, 'Linear': 0.6, 'Bias': 0.0, 'BatchNorm': 0.0} | EnvNClusters=32
[2026-01-24 20:10:31,629] [INFO] Model initialized on device: cuda:0
[2026-01-24 20:10:31,629] [INFO] [CLIENT INIT] Mode=SKH | Sparsity=ON (UsedSparsity=0.6) | Clusters=ON (UsedClusters=32) | EnvSparsityCfg={'Conv': 0.6, 'Linear': 0.6, 'Bias': 0.0, 'BatchNorm': 0.0} | EnvNClusters=32
[2026-01-24 20:10:31,942] [INFO] Model initialized on device: cuda:0
[2026-01-24 20:10:31,942] [INFO] [CLIENT INIT] Mode=SKH | Sparsity=ON (UsedSparsity=0.6) | Clusters=ON (UsedClusters=32) | EnvSparsityCfg={'Conv': 0.6, 'Linear': 0.6, 'Bias': 0.0, 'BatchNorm': 0.0} | EnvNClusters=32
[2026-01-24 20:10:32,109] [INFO] Model initialized on device: cuda:0
[2026-01-24 20:10:32,109] [INFO] [CLIENT INIT] Mode=SKH | Sparsity=ON (UsedSparsity=0.6) | Clusters=ON (UsedClusters=32) | EnvSparsityCfg={'Conv': 0.6, 'Linear': 0.6, 'Bias': 0.0, 'BatchNorm': 0.0} | EnvNClusters=32
[2026-01-24 20:10:32,410] [INFO] Model initialized on device: cuda:0
[2026-01-24 20:10:32,410] [INFO] [CLIENT INIT] Mode=SKH | Sparsity=ON (UsedSparsity=0.6) | Clusters=ON (UsedClusters=32) | EnvSparsityCfg={'Conv': 0.6, 'Linear': 0.6, 'Bias': 0.0, 'BatchNorm': 0.0} | EnvNClusters=32
[2026-01-24 20:10:32,518] [INFO] Model initialized on device: cuda:0
[2026-01-24 20:10:32,518] [INFO] [CLIENT INIT] Mode=SKH | Sparsity=ON (UsedSparsity=0.6) | Clusters=ON (UsedClusters=32) | EnvSparsityCfg={'Conv': 0.6, 'Linear': 0.6, 'Bias': 0.0, 'BatchNorm': 0.0} | EnvNClusters=32
[2026-01-24 20:10:32,518] [INFO] Model initialized on device: cuda:0
[2026-01-24 20:10:32,519] [INFO] [CLIENT INIT] Mode=SKH | Sparsity=ON (UsedSparsity=0.6) | Clusters=ON (UsedClusters=32) | EnvSparsityCfg={'Conv': 0.6, 'Linear': 0.6, 'Bias': 0.0, 'BatchNorm': 0.0} | EnvNClusters=32
[2026-01-24 20:10:32,521] [INFO] Model initialized on device: cuda:0
[2026-01-24 20:10:32,521] [INFO] [CLIENT INIT] Mode=SKH | Sparsity=ON (UsedSparsity=0.6) | Clusters=ON (UsedClusters=32) | EnvSparsityCfg={'Conv': 0.6, 'Linear': 0.6, 'Bias': 0.0, 'BatchNorm': 0.0} | EnvNClusters=32
[2026-01-24 20:10:32,521] [INFO] Model initialized on device: cuda:0
[2026-01-24 20:10:32,521] [INFO] [CLIENT INIT] Mode=SKH | Sparsity=ON (UsedSparsity=0.6) | Clusters=ON (UsedClusters=32) | EnvSparsityCfg={'Conv': 0.6, 'Linear': 0.6, 'Bias': 0.0, 'BatchNorm': 0.0} | EnvNClusters=32
[2026-01-24 20:11:43,209] [INFO] [TRAIN] Epoch 2 Loss: 0.9279
[2026-01-24 20:12:50,517] [INFO] Model initialized on device: cuda:0
[2026-01-24 20:12:50,517] [INFO] [CLIENT INIT] Mode=SKH | Sparsity=ON (UsedSparsity=0.6) | Clusters=ON (UsedClusters=32) | EnvSparsityCfg={'Conv': 0.6, 'Linear': 0.6, 'Bias': 0.0, 'BatchNorm': 0.0} | EnvNClusters=32
[2026-01-24 20:12:50,611] [INFO] Model initialized on device: cuda:0
[2026-01-24 20:12:50,612] [INFO] [CLIENT INIT] Mode=SKH | Sparsity=ON (UsedSparsity=0.6) | Clusters=ON (UsedClusters=32) | EnvSparsityCfg={'Conv': 0.6, 'Linear': 0.6, 'Bias': 0.0, 'BatchNorm': 0.0} | EnvNClusters=32
[2026-01-24 20:12:51,314] [INFO] Model initialized on device: cuda:0
[2026-01-24 20:12:51,314] [INFO] [CLIENT INIT] Mode=SKH | Sparsity=ON (UsedSparsity=0.6) | Clusters=ON (UsedClusters=32) | EnvSparsityCfg={'Conv': 0.6, 'Linear': 0.6, 'Bias': 0.0, 'BatchNorm': 0.0} | EnvNClusters=32
[2026-01-24 20:12:51,636] [INFO] Model initialized on device: cuda:0
[2026-01-24 20:12:51,636] [INFO] [CLIENT INIT] Mode=SKH | Sparsity=ON (UsedSparsity=0.6) | Clusters=ON (UsedClusters=32) | EnvSparsityCfg={'Conv': 0.6, 'Linear': 0.6, 'Bias': 0.0, 'BatchNorm': 0.0} | EnvNClusters=32
[2026-01-24 20:12:52,634] [INFO] Model initialized on device: cuda:0
[2026-01-24 20:12:52,635] [INFO] [CLIENT INIT] Mode=SKH | Sparsity=ON (UsedSparsity=0.6) | Clusters=ON (UsedClusters=32) | EnvSparsityCfg={'Conv': 0.6, 'Linear': 0.6, 'Bias': 0.0, 'BatchNorm': 0.0} | EnvNClusters=32
[2026-01-24 20:12:52,720] [INFO] Model initialized on device: cuda:0
[2026-01-24 20:12:52,720] [INFO] [CLIENT INIT] Mode=SKH | Sparsity=ON (UsedSparsity=0.6) | Clusters=ON (UsedClusters=32) | EnvSparsityCfg={'Conv': 0.6, 'Linear': 0.6, 'Bias': 0.0, 'BatchNorm': 0.0} | EnvNClusters=32
[2026-01-24 20:12:52,737] [INFO] Model initialized on device: cuda:0
[2026-01-24 20:12:52,738] [INFO] [CLIENT INIT] Mode=SKH | Sparsity=ON (UsedSparsity=0.6) | Clusters=ON (UsedClusters=32) | EnvSparsityCfg={'Conv': 0.6, 'Linear': 0.6, 'Bias': 0.0, 'BatchNorm': 0.0} | EnvNClusters=32
[2026-01-24 20:12:52,815] [INFO] Model initialized on device: cuda:0
[2026-01-24 20:12:52,815] [INFO] [CLIENT INIT] Mode=SKH | Sparsity=ON (UsedSparsity=0.6) | Clusters=ON (UsedClusters=32) | EnvSparsityCfg={'Conv': 0.6, 'Linear': 0.6, 'Bias': 0.0, 'BatchNorm': 0.0} | EnvNClusters=32
[2026-01-24 20:12:52,816] [INFO] Model initialized on device: cuda:0
[2026-01-24 20:12:52,816] [INFO] [CLIENT INIT] Mode=SKH | Sparsity=ON (UsedSparsity=0.6) | Clusters=ON (UsedClusters=32) | EnvSparsityCfg={'Conv': 0.6, 'Linear': 0.6, 'Bias': 0.0, 'BatchNorm': 0.0} | EnvNClusters=32
[2026-01-24 20:12:52,817] [INFO] Model initialized on device: cuda:0
[2026-01-24 20:12:52,818] [INFO] [CLIENT INIT] Mode=SKH | Sparsity=ON (UsedSparsity=0.6) | Clusters=ON (UsedClusters=32) | EnvSparsityCfg={'Conv': 0.6, 'Linear': 0.6, 'Bias': 0.0, 'BatchNorm': 0.0} | EnvNClusters=32
[2026-01-24 20:13:57,441] [INFO] [TRAIN] Epoch 3 Loss: 0.9220
[2026-01-24 20:14:52,120] [INFO] Model initialized on device: cuda:0
[2026-01-24 20:14:52,120] [INFO] [CLIENT INIT] Mode=SKH | Sparsity=ON (UsedSparsity=0.6) | Clusters=ON (UsedClusters=32) | EnvSparsityCfg={'Conv': 0.6, 'Linear': 0.6, 'Bias': 0.0, 'BatchNorm': 0.0} | EnvNClusters=32
[2026-01-24 20:14:52,207] [INFO] Model initialized on device: cuda:0
[2026-01-24 20:14:52,208] [INFO] [CLIENT INIT] Mode=SKH | Sparsity=ON (UsedSparsity=0.6) | Clusters=ON (UsedClusters=32) | EnvSparsityCfg={'Conv': 0.6, 'Linear': 0.6, 'Bias': 0.0, 'BatchNorm': 0.0} | EnvNClusters=32
[2026-01-24 20:14:53,014] [INFO] Model initialized on device: cuda:0
[2026-01-24 20:14:53,014] [INFO] [CLIENT INIT] Mode=SKH | Sparsity=ON (UsedSparsity=0.6) | Clusters=ON (UsedClusters=32) | EnvSparsityCfg={'Conv': 0.6, 'Linear': 0.6, 'Bias': 0.0, 'BatchNorm': 0.0} | EnvNClusters=32
[2026-01-24 20:14:53,129] [INFO] Model initialized on device: cuda:0
[2026-01-24 20:14:53,129] [INFO] [CLIENT INIT] Mode=SKH | Sparsity=ON (UsedSparsity=0.6) | Clusters=ON (UsedClusters=32) | EnvSparsityCfg={'Conv': 0.6, 'Linear': 0.6, 'Bias': 0.0, 'BatchNorm': 0.0} | EnvNClusters=32
[2026-01-24 20:14:53,221] [INFO] Model initialized on device: cuda:0
[2026-01-24 20:14:53,221] [INFO] [CLIENT INIT] Mode=SKH | Sparsity=ON (UsedSparsity=0.6) | Clusters=ON (UsedClusters=32) | EnvSparsityCfg={'Conv': 0.6, 'Linear': 0.6, 'Bias': 0.0, 'BatchNorm': 0.0} | EnvNClusters=32
[2026-01-24 20:14:53,225] [INFO] Model initialized on device: cuda:0
[2026-01-24 20:14:53,225] [INFO] [CLIENT INIT] Mode=SKH | Sparsity=ON (UsedSparsity=0.6) | Clusters=ON (UsedClusters=32) | EnvSparsityCfg={'Conv': 0.6, 'Linear': 0.6, 'Bias': 0.0, 'BatchNorm': 0.0} | EnvNClusters=32
[2026-01-24 20:14:53,312] [INFO] Model initialized on device: cuda:0
[2026-01-24 20:14:53,312] [INFO] [CLIENT INIT] Mode=SKH | Sparsity=ON (UsedSparsity=0.6) | Clusters=ON (UsedClusters=32) | EnvSparsityCfg={'Conv': 0.6, 'Linear': 0.6, 'Bias': 0.0, 'BatchNorm': 0.0} | EnvNClusters=32
[2026-01-24 20:14:53,312] [INFO] Model initialized on device: cuda:0
[2026-01-24 20:14:53,312] [INFO] [CLIENT INIT] Mode=SKH | Sparsity=ON (UsedSparsity=0.6) | Clusters=ON (UsedClusters=32) | EnvSparsityCfg={'Conv': 0.6, 'Linear': 0.6, 'Bias': 0.0, 'BatchNorm': 0.0} | EnvNClusters=32
[2026-01-24 20:14:53,316] [INFO] Model initialized on device: cuda:0
[2026-01-24 20:14:53,316] [INFO] [CLIENT INIT] Mode=SKH | Sparsity=ON (UsedSparsity=0.6) | Clusters=ON (UsedClusters=32) | EnvSparsityCfg={'Conv': 0.6, 'Linear': 0.6, 'Bias': 0.0, 'BatchNorm': 0.0} | EnvNClusters=32
[2026-01-24 20:14:53,319] [INFO] Model initialized on device: cuda:0
[2026-01-24 20:14:53,319] [INFO] [CLIENT INIT] Mode=SKH | Sparsity=ON (UsedSparsity=0.6) | Clusters=ON (UsedClusters=32) | EnvSparsityCfg={'Conv': 0.6, 'Linear': 0.6, 'Bias': 0.0, 'BatchNorm': 0.0} | EnvNClusters=32
[2026-01-24 20:16:01,278] [INFO] [TRAIN] Epoch 4 Loss: 0.9161
[2026-01-24 20:16:53,820] [INFO] Model initialized on device: cuda:0
[2026-01-24 20:16:53,820] [INFO] [CLIENT INIT] Mode=SKH | Sparsity=ON (UsedSparsity=0.6) | Clusters=ON (UsedClusters=32) | EnvSparsityCfg={'Conv': 0.6, 'Linear': 0.6, 'Bias': 0.0, 'BatchNorm': 0.0} | EnvNClusters=32
[2026-01-24 20:16:53,820] [INFO] Model initialized on device: cuda:0
[2026-01-24 20:16:53,820] [INFO] [CLIENT INIT] Mode=SKH | Sparsity=ON (UsedSparsity=0.6) | Clusters=ON (UsedClusters=32) | EnvSparsityCfg={'Conv': 0.6, 'Linear': 0.6, 'Bias': 0.0, 'BatchNorm': 0.0} | EnvNClusters=32
[2026-01-24 20:16:56,022] [INFO] Model initialized on device: cuda:0
[2026-01-24 20:16:56,022] [INFO] [CLIENT INIT] Mode=SKH | Sparsity=ON (UsedSparsity=0.6) | Clusters=ON (UsedClusters=32) | EnvSparsityCfg={'Conv': 0.6, 'Linear': 0.6, 'Bias': 0.0, 'BatchNorm': 0.0} | EnvNClusters=32
[2026-01-24 20:16:56,023] [INFO] Model initialized on device: cuda:0
[2026-01-24 20:16:56,023] [INFO] [CLIENT INIT] Mode=SKH | Sparsity=ON (UsedSparsity=0.6) | Clusters=ON (UsedClusters=32) | EnvSparsityCfg={'Conv': 0.6, 'Linear': 0.6, 'Bias': 0.0, 'BatchNorm': 0.0} | EnvNClusters=32
[2026-01-24 20:16:56,716] [INFO] Model initialized on device: cuda:0
[2026-01-24 20:16:56,716] [INFO] [CLIENT INIT] Mode=SKH | Sparsity=ON (UsedSparsity=0.6) | Clusters=ON (UsedClusters=32) | EnvSparsityCfg={'Conv': 0.6, 'Linear': 0.6, 'Bias': 0.0, 'BatchNorm': 0.0} | EnvNClusters=32
[2026-01-24 20:16:56,716] [INFO] Model initialized on device: cuda:0
[2026-01-24 20:16:56,716] [INFO] [CLIENT INIT] Mode=SKH | Sparsity=ON (UsedSparsity=0.6) | Clusters=ON (UsedClusters=32) | EnvSparsityCfg={'Conv': 0.6, 'Linear': 0.6, 'Bias': 0.0, 'BatchNorm': 0.0} | EnvNClusters=32
[2026-01-24 20:16:56,719] [INFO] Model initialized on device: cuda:0
[2026-01-24 20:16:56,719] [INFO] [CLIENT INIT] Mode=SKH | Sparsity=ON (UsedSparsity=0.6) | Clusters=ON (UsedClusters=32) | EnvSparsityCfg={'Conv': 0.6, 'Linear': 0.6, 'Bias': 0.0, 'BatchNorm': 0.0} | EnvNClusters=32
[2026-01-24 20:16:56,719] [INFO] Model initialized on device: cuda:0
[2026-01-24 20:16:56,719] [INFO] [CLIENT INIT] Mode=SKH | Sparsity=ON (UsedSparsity=0.6) | Clusters=ON (UsedClusters=32) | EnvSparsityCfg={'Conv': 0.6, 'Linear': 0.6, 'Bias': 0.0, 'BatchNorm': 0.0} | EnvNClusters=32
[2026-01-24 20:16:56,721] [INFO] Model initialized on device: cuda:0
[2026-01-24 20:16:56,721] [INFO] [CLIENT INIT] Mode=SKH | Sparsity=ON (UsedSparsity=0.6) | Clusters=ON (UsedClusters=32) | EnvSparsityCfg={'Conv': 0.6, 'Linear': 0.6, 'Bias': 0.0, 'BatchNorm': 0.0} | EnvNClusters=32
[2026-01-24 20:16:56,721] [INFO] Model initialized on device: cuda:0
[2026-01-24 20:16:56,721] [INFO] [CLIENT INIT] Mode=SKH | Sparsity=ON (UsedSparsity=0.6) | Clusters=ON (UsedClusters=32) | EnvSparsityCfg={'Conv': 0.6, 'Linear': 0.6, 'Bias': 0.0, 'BatchNorm': 0.0} | EnvNClusters=32
[2026-01-24 20:18:01,714] [INFO] [TRAIN] Epoch 5 Loss: 0.9086
[2026-01-24 20:18:01,715] [INFO] [FIT] Local training finished. Avg Loss: 0.9218
[2026-01-24 20:18:53,129] [INFO] Model initialized on device: cuda:0
[2026-01-24 20:18:53,129] [INFO] [CLIENT INIT] Mode=SKH | Sparsity=ON (UsedSparsity=0.6) | Clusters=ON (UsedClusters=32) | EnvSparsityCfg={'Conv': 0.6, 'Linear': 0.6, 'Bias': 0.0, 'BatchNorm': 0.0} | EnvNClusters=32
[2026-01-24 20:18:53,137] [INFO] Model initialized on device: cuda:0
[2026-01-24 20:18:53,137] [INFO] [CLIENT INIT] Mode=SKH | Sparsity=ON (UsedSparsity=0.6) | Clusters=ON (UsedClusters=32) | EnvSparsityCfg={'Conv': 0.6, 'Linear': 0.6, 'Bias': 0.0, 'BatchNorm': 0.0} | EnvNClusters=32
[2026-01-24 20:18:53,212] [INFO] Model initialized on device: cuda:0
[2026-01-24 20:18:53,213] [INFO] [CLIENT INIT] Mode=SKH | Sparsity=ON (UsedSparsity=0.6) | Clusters=ON (UsedClusters=32) | EnvSparsityCfg={'Conv': 0.6, 'Linear': 0.6, 'Bias': 0.0, 'BatchNorm': 0.0} | EnvNClusters=32
[2026-01-24 20:18:53,317] [INFO] Model initialized on device: cuda:0
[2026-01-24 20:18:53,317] [INFO] [CLIENT INIT] Mode=SKH | Sparsity=ON (UsedSparsity=0.6) | Clusters=ON (UsedClusters=32) | EnvSparsityCfg={'Conv': 0.6, 'Linear': 0.6, 'Bias': 0.0, 'BatchNorm': 0.0} | EnvNClusters=32
[2026-01-24 20:18:53,332] [INFO] Model initialized on device: cuda:0
[2026-01-24 20:18:53,333] [INFO] [CLIENT INIT] Mode=SKH | Sparsity=ON (UsedSparsity=0.6) | Clusters=ON (UsedClusters=32) | EnvSparsityCfg={'Conv': 0.6, 'Linear': 0.6, 'Bias': 0.0, 'BatchNorm': 0.0} | EnvNClusters=32
[2026-01-24 20:18:53,420] [INFO] Model initialized on device: cuda:0
[2026-01-24 20:18:53,420] [INFO] [CLIENT INIT] Mode=SKH | Sparsity=ON (UsedSparsity=0.6) | Clusters=ON (UsedClusters=32) | EnvSparsityCfg={'Conv': 0.6, 'Linear': 0.6, 'Bias': 0.0, 'BatchNorm': 0.0} | EnvNClusters=32
[2026-01-24 20:18:53,422] [INFO] Model initialized on device: cuda:0
[2026-01-24 20:18:53,423] [INFO] [CLIENT INIT] Mode=SKH | Sparsity=ON (UsedSparsity=0.6) | Clusters=ON (UsedClusters=32) | EnvSparsityCfg={'Conv': 0.6, 'Linear': 0.6, 'Bias': 0.0, 'BatchNorm': 0.0} | EnvNClusters=32
[2026-01-24 20:18:53,433] [INFO] Model initialized on device: cuda:0
[2026-01-24 20:18:53,433] [INFO] [CLIENT INIT] Mode=SKH | Sparsity=ON (UsedSparsity=0.6) | Clusters=ON (UsedClusters=32) | EnvSparsityCfg={'Conv': 0.6, 'Linear': 0.6, 'Bias': 0.0, 'BatchNorm': 0.0} | EnvNClusters=32
[2026-01-24 20:18:53,436] [INFO] Model initialized on device: cuda:0
[2026-01-24 20:18:53,436] [INFO] [CLIENT INIT] Mode=SKH | Sparsity=ON (UsedSparsity=0.6) | Clusters=ON (UsedClusters=32) | EnvSparsityCfg={'Conv': 0.6, 'Linear': 0.6, 'Bias': 0.0, 'BatchNorm': 0.0} | EnvNClusters=32
[2026-01-24 20:18:53,437] [INFO] Model initialized on device: cuda:0
[2026-01-24 20:18:53,437] [INFO] [CLIENT INIT] Mode=SKH | Sparsity=ON (UsedSparsity=0.6) | Clusters=ON (UsedClusters=32) | EnvSparsityCfg={'Conv': 0.6, 'Linear': 0.6, 'Bias': 0.0, 'BatchNorm': 0.0} | EnvNClusters=32
[2026-01-24 20:18:57,612] [DEBUG] [TEST] Batch 1 | Pred shape: torch.Size([256, 256, 160]) | Label shape: torch.Size([256, 256, 160])
[2026-01-24 20:18:57,726] [DEBUG] [TEST] Batch 2 | Pred shape: torch.Size([256, 256, 160]) | Label shape: torch.Size([256, 256, 160])
[2026-01-24 20:18:57,783] [DEBUG] [TEST] Batch 3 | Pred shape: torch.Size([256, 256, 160]) | Label shape: torch.Size([256, 256, 160])
[2026-01-24 20:18:58,055] [DEBUG] [TEST] Batch 4 | Pred shape: torch.Size([256, 256, 160]) | Label shape: torch.Size([256, 256, 160])
[2026-01-24 20:18:58,114] [DEBUG] [TEST] Batch 5 | Pred shape: torch.Size([256, 256, 160]) | Label shape: torch.Size([256, 256, 160])
[2026-01-24 20:18:58,213] [DEBUG] [TEST] Batch 6 | Pred shape: torch.Size([256, 256, 160]) | Label shape: torch.Size([256, 256, 160])
[2026-01-24 20:18:58,270] [DEBUG] [TEST] Batch 7 | Pred shape: torch.Size([256, 256, 160]) | Label shape: torch.Size([256, 256, 160])
[2026-01-24 20:18:58,326] [DEBUG] [TEST] Batch 8 | Pred shape: torch.Size([256, 256, 160]) | Label shape: torch.Size([256, 256, 160])
[2026-01-24 20:18:58,382] [DEBUG] [TEST] Batch 9 | Pred shape: torch.Size([256, 256, 160]) | Label shape: torch.Size([256, 256, 160])
[2026-01-24 20:18:58,456] [DEBUG] [TEST] Batch 10 | Pred shape: torch.Size([256, 256, 160]) | Label shape: torch.Size([256, 256, 160])
[2026-01-24 20:19:01,067] [INFO] [FIT] Final model saved to: Revision2/Run_UNET_IID_SKHC32S60_20260124/Client2/model_final.pth
[2026-01-24 20:19:10,796] [INFO] [COMM][CLIENT] Round=-1 Mode=SKH UsedSparsity=0.6 UsedClusters=32 BaselineBits=154016352.0 CompressedBits=45406491.0 CR=3.392
[2026-01-24 20:19:41,118] [INFO] [EVALUATE] Starting evaluation...
[2026-01-24 20:19:42,312] [INFO] [DEBUG] Loaded compressed decoded weights.
[2026-01-24 20:20:46,128] [INFO] Model initialized on device: cuda:0
[2026-01-24 20:20:46,128] [INFO] [CLIENT INIT] Mode=SKH | Sparsity=ON (UsedSparsity=0.6) | Clusters=ON (UsedClusters=32) | EnvSparsityCfg={'Conv': 0.6, 'Linear': 0.6, 'Bias': 0.0, 'BatchNorm': 0.0} | EnvNClusters=32
[2026-01-24 20:20:46,321] [INFO] Model initialized on device: cuda:0
[2026-01-24 20:20:46,322] [INFO] [CLIENT INIT] Mode=SKH | Sparsity=ON (UsedSparsity=0.6) | Clusters=ON (UsedClusters=32) | EnvSparsityCfg={'Conv': 0.6, 'Linear': 0.6, 'Bias': 0.0, 'BatchNorm': 0.0} | EnvNClusters=32
[2026-01-24 20:20:46,821] [INFO] Model initialized on device: cuda:0
[2026-01-24 20:20:46,822] [INFO] [CLIENT INIT] Mode=SKH | Sparsity=ON (UsedSparsity=0.6) | Clusters=ON (UsedClusters=32) | EnvSparsityCfg={'Conv': 0.6, 'Linear': 0.6, 'Bias': 0.0, 'BatchNorm': 0.0} | EnvNClusters=32
[2026-01-24 20:20:47,349] [INFO] Model initialized on device: cuda:0
[2026-01-24 20:20:47,349] [INFO] [CLIENT INIT] Mode=SKH | Sparsity=ON (UsedSparsity=0.6) | Clusters=ON (UsedClusters=32) | EnvSparsityCfg={'Conv': 0.6, 'Linear': 0.6, 'Bias': 0.0, 'BatchNorm': 0.0} | EnvNClusters=32
[2026-01-24 20:20:47,454] [INFO] Model initialized on device: cuda:0
[2026-01-24 20:20:47,454] [INFO] [CLIENT INIT] Mode=SKH | Sparsity=ON (UsedSparsity=0.6) | Clusters=ON (UsedClusters=32) | EnvSparsityCfg={'Conv': 0.6, 'Linear': 0.6, 'Bias': 0.0, 'BatchNorm': 0.0} | EnvNClusters=32
[2026-01-24 20:20:47,658] [INFO] Model initialized on device: cuda:0
[2026-01-24 20:20:47,658] [INFO] [CLIENT INIT] Mode=SKH | Sparsity=ON (UsedSparsity=0.6) | Clusters=ON (UsedClusters=32) | EnvSparsityCfg={'Conv': 0.6, 'Linear': 0.6, 'Bias': 0.0, 'BatchNorm': 0.0} | EnvNClusters=32
[2026-01-24 20:20:48,188] [INFO] Model initialized on device: cuda:0
[2026-01-24 20:20:48,188] [INFO] [CLIENT INIT] Mode=SKH | Sparsity=ON (UsedSparsity=0.6) | Clusters=ON (UsedClusters=32) | EnvSparsityCfg={'Conv': 0.6, 'Linear': 0.6, 'Bias': 0.0, 'BatchNorm': 0.0} | EnvNClusters=32
[2026-01-24 20:20:48,513] [INFO] Model initialized on device: cuda:0
[2026-01-24 20:20:48,513] [INFO] [CLIENT INIT] Mode=SKH | Sparsity=ON (UsedSparsity=0.6) | Clusters=ON (UsedClusters=32) | EnvSparsityCfg={'Conv': 0.6, 'Linear': 0.6, 'Bias': 0.0, 'BatchNorm': 0.0} | EnvNClusters=32
[2026-01-24 20:20:48,638] [INFO] Model initialized on device: cuda:0
[2026-01-24 20:20:48,638] [INFO] [CLIENT INIT] Mode=SKH | Sparsity=ON (UsedSparsity=0.6) | Clusters=ON (UsedClusters=32) | EnvSparsityCfg={'Conv': 0.6, 'Linear': 0.6, 'Bias': 0.0, 'BatchNorm': 0.0} | EnvNClusters=32
[2026-01-24 20:20:49,961] [INFO] Model initialized on device: cuda:0
[2026-01-24 20:20:49,961] [INFO] [CLIENT INIT] Mode=SKH | Sparsity=ON (UsedSparsity=0.6) | Clusters=ON (UsedClusters=32) | EnvSparsityCfg={'Conv': 0.6, 'Linear': 0.6, 'Bias': 0.0, 'BatchNorm': 0.0} | EnvNClusters=32
[2026-01-24 20:20:50,810] [DEBUG] [TEST] Batch 1 | Pred shape: torch.Size([256, 256, 160]) | Label shape: torch.Size([256, 256, 160])
[2026-01-24 20:20:51,158] [DEBUG] [TEST] Batch 2 | Pred shape: torch.Size([256, 256, 160]) | Label shape: torch.Size([256, 256, 160])
[2026-01-24 20:20:51,265] [DEBUG] [TEST] Batch 3 | Pred shape: torch.Size([256, 256, 160]) | Label shape: torch.Size([256, 256, 160])
[2026-01-24 20:20:51,592] [DEBUG] [TEST] Batch 4 | Pred shape: torch.Size([256, 256, 160]) | Label shape: torch.Size([256, 256, 160])
[2026-01-24 20:20:52,661] [DEBUG] [TEST] Batch 5 | Pred shape: torch.Size([256, 256, 160]) | Label shape: torch.Size([256, 256, 160])
[2026-01-24 20:20:52,716] [DEBUG] [TEST] Batch 6 | Pred shape: torch.Size([256, 256, 160]) | Label shape: torch.Size([256, 256, 160])
[2026-01-24 20:20:52,933] [DEBUG] [TEST] Batch 7 | Pred shape: torch.Size([256, 256, 160]) | Label shape: torch.Size([256, 256, 160])
[2026-01-24 20:20:52,988] [DEBUG] [TEST] Batch 8 | Pred shape: torch.Size([256, 256, 160]) | Label shape: torch.Size([256, 256, 160])
[2026-01-24 20:20:53,043] [DEBUG] [TEST] Batch 9 | Pred shape: torch.Size([256, 256, 160]) | Label shape: torch.Size([256, 256, 160])
[2026-01-24 20:20:53,098] [DEBUG] [TEST] Batch 10 | Pred shape: torch.Size([256, 256, 160]) | Label shape: torch.Size([256, 256, 160])
[2026-01-24 20:20:57,118] [INFO] [EVALUATE] Dice WT: 0.3246
[2026-01-24 20:21:09,712] [INFO] [FIT] Received parameters. Starting local training...
[2026-01-24 20:21:11,009] [INFO] [DEBUG] Loaded compressed decoded weights.
[2026-01-24 20:22:21,311] [INFO] Model initialized on device: cuda:0
[2026-01-24 20:22:21,311] [INFO] [CLIENT INIT] Mode=SKH | Sparsity=ON (UsedSparsity=0.6) | Clusters=ON (UsedClusters=32) | EnvSparsityCfg={'Conv': 0.6, 'Linear': 0.6, 'Bias': 0.0, 'BatchNorm': 0.0} | EnvNClusters=32
[2026-01-24 20:22:21,479] [INFO] Model initialized on device: cuda:0
[2026-01-24 20:22:21,479] [INFO] [CLIENT INIT] Mode=SKH | Sparsity=ON (UsedSparsity=0.6) | Clusters=ON (UsedClusters=32) | EnvSparsityCfg={'Conv': 0.6, 'Linear': 0.6, 'Bias': 0.0, 'BatchNorm': 0.0} | EnvNClusters=32
[2026-01-24 20:22:21,500] [INFO] Model initialized on device: cuda:0
[2026-01-24 20:22:21,500] [INFO] [CLIENT INIT] Mode=SKH | Sparsity=ON (UsedSparsity=0.6) | Clusters=ON (UsedClusters=32) | EnvSparsityCfg={'Conv': 0.6, 'Linear': 0.6, 'Bias': 0.0, 'BatchNorm': 0.0} | EnvNClusters=32
[2026-01-24 20:22:22,444] [INFO] Model initialized on device: cuda:0
[2026-01-24 20:22:22,445] [INFO] [CLIENT INIT] Mode=SKH | Sparsity=ON (UsedSparsity=0.6) | Clusters=ON (UsedClusters=32) | EnvSparsityCfg={'Conv': 0.6, 'Linear': 0.6, 'Bias': 0.0, 'BatchNorm': 0.0} | EnvNClusters=32
[2026-01-24 20:22:22,511] [INFO] Model initialized on device: cuda:0
[2026-01-24 20:22:22,511] [INFO] [CLIENT INIT] Mode=SKH | Sparsity=ON (UsedSparsity=0.6) | Clusters=ON (UsedClusters=32) | EnvSparsityCfg={'Conv': 0.6, 'Linear': 0.6, 'Bias': 0.0, 'BatchNorm': 0.0} | EnvNClusters=32
[2026-01-24 20:22:22,729] [INFO] Model initialized on device: cuda:0
[2026-01-24 20:22:22,730] [INFO] [CLIENT INIT] Mode=SKH | Sparsity=ON (UsedSparsity=0.6) | Clusters=ON (UsedClusters=32) | EnvSparsityCfg={'Conv': 0.6, 'Linear': 0.6, 'Bias': 0.0, 'BatchNorm': 0.0} | EnvNClusters=32
[2026-01-24 20:22:22,820] [INFO] Model initialized on device: cuda:0
[2026-01-24 20:22:22,821] [INFO] [CLIENT INIT] Mode=SKH | Sparsity=ON (UsedSparsity=0.6) | Clusters=ON (UsedClusters=32) | EnvSparsityCfg={'Conv': 0.6, 'Linear': 0.6, 'Bias': 0.0, 'BatchNorm': 0.0} | EnvNClusters=32
[2026-01-24 20:22:22,844] [INFO] Model initialized on device: cuda:0
[2026-01-24 20:22:22,844] [INFO] [CLIENT INIT] Mode=SKH | Sparsity=ON (UsedSparsity=0.6) | Clusters=ON (UsedClusters=32) | EnvSparsityCfg={'Conv': 0.6, 'Linear': 0.6, 'Bias': 0.0, 'BatchNorm': 0.0} | EnvNClusters=32
[2026-01-24 20:22:22,913] [INFO] Model initialized on device: cuda:0
[2026-01-24 20:22:22,914] [INFO] [CLIENT INIT] Mode=SKH | Sparsity=ON (UsedSparsity=0.6) | Clusters=ON (UsedClusters=32) | EnvSparsityCfg={'Conv': 0.6, 'Linear': 0.6, 'Bias': 0.0, 'BatchNorm': 0.0} | EnvNClusters=32
[2026-01-24 20:22:23,034] [INFO] Model initialized on device: cuda:0
[2026-01-24 20:22:23,034] [INFO] [CLIENT INIT] Mode=SKH | Sparsity=ON (UsedSparsity=0.6) | Clusters=ON (UsedClusters=32) | EnvSparsityCfg={'Conv': 0.6, 'Linear': 0.6, 'Bias': 0.0, 'BatchNorm': 0.0} | EnvNClusters=32
[2026-01-24 20:23:35,648] [INFO] [TRAIN] Epoch 1 Loss: 0.9166
[2026-01-24 20:24:47,224] [INFO] Model initialized on device: cuda:0
[2026-01-24 20:24:47,224] [INFO] [CLIENT INIT] Mode=SKH | Sparsity=ON (UsedSparsity=0.6) | Clusters=ON (UsedClusters=32) | EnvSparsityCfg={'Conv': 0.6, 'Linear': 0.6, 'Bias': 0.0, 'BatchNorm': 0.0} | EnvNClusters=32
[2026-01-24 20:24:47,524] [INFO] Model initialized on device: cuda:0
[2026-01-24 20:24:47,524] [INFO] [CLIENT INIT] Mode=SKH | Sparsity=ON (UsedSparsity=0.6) | Clusters=ON (UsedClusters=32) | EnvSparsityCfg={'Conv': 0.6, 'Linear': 0.6, 'Bias': 0.0, 'BatchNorm': 0.0} | EnvNClusters=32
[2026-01-24 20:24:48,228] [INFO] Model initialized on device: cuda:0
[2026-01-24 20:24:48,229] [INFO] [CLIENT INIT] Mode=SKH | Sparsity=ON (UsedSparsity=0.6) | Clusters=ON (UsedClusters=32) | EnvSparsityCfg={'Conv': 0.6, 'Linear': 0.6, 'Bias': 0.0, 'BatchNorm': 0.0} | EnvNClusters=32
[2026-01-24 20:24:48,528] [INFO] Model initialized on device: cuda:0
[2026-01-24 20:24:48,528] [INFO] [CLIENT INIT] Mode=SKH | Sparsity=ON (UsedSparsity=0.6) | Clusters=ON (UsedClusters=32) | EnvSparsityCfg={'Conv': 0.6, 'Linear': 0.6, 'Bias': 0.0, 'BatchNorm': 0.0} | EnvNClusters=32
[2026-01-24 20:24:48,719] [INFO] Model initialized on device: cuda:0
[2026-01-24 20:24:48,719] [INFO] [CLIENT INIT] Mode=SKH | Sparsity=ON (UsedSparsity=0.6) | Clusters=ON (UsedClusters=32) | EnvSparsityCfg={'Conv': 0.6, 'Linear': 0.6, 'Bias': 0.0, 'BatchNorm': 0.0} | EnvNClusters=32
[2026-01-24 20:24:48,824] [INFO] Model initialized on device: cuda:0
[2026-01-24 20:24:48,824] [INFO] Model initialized on device: cuda:0
[2026-01-24 20:24:48,824] [INFO] [CLIENT INIT] Mode=SKH | Sparsity=ON (UsedSparsity=0.6) | Clusters=ON (UsedClusters=32) | EnvSparsityCfg={'Conv': 0.6, 'Linear': 0.6, 'Bias': 0.0, 'BatchNorm': 0.0} | EnvNClusters=32
[2026-01-24 20:24:48,824] [INFO] [CLIENT INIT] Mode=SKH | Sparsity=ON (UsedSparsity=0.6) | Clusters=ON (UsedClusters=32) | EnvSparsityCfg={'Conv': 0.6, 'Linear': 0.6, 'Bias': 0.0, 'BatchNorm': 0.0} | EnvNClusters=32
[2026-01-24 20:24:49,136] [INFO] Model initialized on device: cuda:0
[2026-01-24 20:24:49,136] [INFO] [CLIENT INIT] Mode=SKH | Sparsity=ON (UsedSparsity=0.6) | Clusters=ON (UsedClusters=32) | EnvSparsityCfg={'Conv': 0.6, 'Linear': 0.6, 'Bias': 0.0, 'BatchNorm': 0.0} | EnvNClusters=32
[2026-01-24 20:24:49,213] [INFO] Model initialized on device: cuda:0
[2026-01-24 20:24:49,213] [INFO] [CLIENT INIT] Mode=SKH | Sparsity=ON (UsedSparsity=0.6) | Clusters=ON (UsedClusters=32) | EnvSparsityCfg={'Conv': 0.6, 'Linear': 0.6, 'Bias': 0.0, 'BatchNorm': 0.0} | EnvNClusters=32
[2026-01-24 20:24:49,218] [INFO] Model initialized on device: cuda:0
[2026-01-24 20:24:49,219] [INFO] [CLIENT INIT] Mode=SKH | Sparsity=ON (UsedSparsity=0.6) | Clusters=ON (UsedClusters=32) | EnvSparsityCfg={'Conv': 0.6, 'Linear': 0.6, 'Bias': 0.0, 'BatchNorm': 0.0} | EnvNClusters=32
[2026-01-24 20:25:53,930] [INFO] [TRAIN] Epoch 2 Loss: 0.9099
[2026-01-24 20:26:50,423] [INFO] Model initialized on device: cuda:0
[2026-01-24 20:26:50,423] [INFO] [CLIENT INIT] Mode=SKH | Sparsity=ON (UsedSparsity=0.6) | Clusters=ON (UsedClusters=32) | EnvSparsityCfg={'Conv': 0.6, 'Linear': 0.6, 'Bias': 0.0, 'BatchNorm': 0.0} | EnvNClusters=32
[2026-01-24 20:26:50,625] [INFO] Model initialized on device: cuda:0
[2026-01-24 20:26:50,626] [INFO] [CLIENT INIT] Mode=SKH | Sparsity=ON (UsedSparsity=0.6) | Clusters=ON (UsedClusters=32) | EnvSparsityCfg={'Conv': 0.6, 'Linear': 0.6, 'Bias': 0.0, 'BatchNorm': 0.0} | EnvNClusters=32
[2026-01-24 20:26:50,708] [INFO] Model initialized on device: cuda:0
[2026-01-24 20:26:50,708] [INFO] [CLIENT INIT] Mode=SKH | Sparsity=ON (UsedSparsity=0.6) | Clusters=ON (UsedClusters=32) | EnvSparsityCfg={'Conv': 0.6, 'Linear': 0.6, 'Bias': 0.0, 'BatchNorm': 0.0} | EnvNClusters=32
[2026-01-24 20:26:50,708] [INFO] Model initialized on device: cuda:0
[2026-01-24 20:26:50,708] [INFO] [CLIENT INIT] Mode=SKH | Sparsity=ON (UsedSparsity=0.6) | Clusters=ON (UsedClusters=32) | EnvSparsityCfg={'Conv': 0.6, 'Linear': 0.6, 'Bias': 0.0, 'BatchNorm': 0.0} | EnvNClusters=32
[2026-01-24 20:26:50,722] [INFO] Model initialized on device: cuda:0
[2026-01-24 20:26:50,722] [INFO] [CLIENT INIT] Mode=SKH | Sparsity=ON (UsedSparsity=0.6) | Clusters=ON (UsedClusters=32) | EnvSparsityCfg={'Conv': 0.6, 'Linear': 0.6, 'Bias': 0.0, 'BatchNorm': 0.0} | EnvNClusters=32
[2026-01-24 20:26:50,726] [INFO] Model initialized on device: cuda:0
[2026-01-24 20:26:50,726] [INFO] [CLIENT INIT] Mode=SKH | Sparsity=ON (UsedSparsity=0.6) | Clusters=ON (UsedClusters=32) | EnvSparsityCfg={'Conv': 0.6, 'Linear': 0.6, 'Bias': 0.0, 'BatchNorm': 0.0} | EnvNClusters=32
[2026-01-24 20:26:50,734] [INFO] Model initialized on device: cuda:0
[2026-01-24 20:26:50,734] [INFO] [CLIENT INIT] Mode=SKH | Sparsity=ON (UsedSparsity=0.6) | Clusters=ON (UsedClusters=32) | EnvSparsityCfg={'Conv': 0.6, 'Linear': 0.6, 'Bias': 0.0, 'BatchNorm': 0.0} | EnvNClusters=32
[2026-01-24 20:26:50,817] [INFO] Model initialized on device: cuda:0
[2026-01-24 20:26:50,817] [INFO] [CLIENT INIT] Mode=SKH | Sparsity=ON (UsedSparsity=0.6) | Clusters=ON (UsedClusters=32) | EnvSparsityCfg={'Conv': 0.6, 'Linear': 0.6, 'Bias': 0.0, 'BatchNorm': 0.0} | EnvNClusters=32
[2026-01-24 20:26:50,818] [INFO] Model initialized on device: cuda:0
[2026-01-24 20:26:50,818] [INFO] Model initialized on device: cuda:0
[2026-01-24 20:26:50,818] [INFO] [CLIENT INIT] Mode=SKH | Sparsity=ON (UsedSparsity=0.6) | Clusters=ON (UsedClusters=32) | EnvSparsityCfg={'Conv': 0.6, 'Linear': 0.6, 'Bias': 0.0, 'BatchNorm': 0.0} | EnvNClusters=32
[2026-01-24 20:26:50,818] [INFO] [CLIENT INIT] Mode=SKH | Sparsity=ON (UsedSparsity=0.6) | Clusters=ON (UsedClusters=32) | EnvSparsityCfg={'Conv': 0.6, 'Linear': 0.6, 'Bias': 0.0, 'BatchNorm': 0.0} | EnvNClusters=32
[2026-01-24 20:27:51,618] [INFO] [TRAIN] Epoch 3 Loss: 0.9102
[2026-01-24 20:28:37,425] [INFO] Model initialized on device: cuda:0
[2026-01-24 20:28:37,425] [INFO] [CLIENT INIT] Mode=SKH | Sparsity=ON (UsedSparsity=0.6) | Clusters=ON (UsedClusters=32) | EnvSparsityCfg={'Conv': 0.6, 'Linear': 0.6, 'Bias': 0.0, 'BatchNorm': 0.0} | EnvNClusters=32
[2026-01-24 20:28:38,714] [INFO] Model initialized on device: cuda:0
[2026-01-24 20:28:38,714] [INFO] [CLIENT INIT] Mode=SKH | Sparsity=ON (UsedSparsity=0.6) | Clusters=ON (UsedClusters=32) | EnvSparsityCfg={'Conv': 0.6, 'Linear': 0.6, 'Bias': 0.0, 'BatchNorm': 0.0} | EnvNClusters=32
[2026-01-24 20:28:38,744] [INFO] Model initialized on device: cuda:0
[2026-01-24 20:28:38,745] [INFO] [CLIENT INIT] Mode=SKH | Sparsity=ON (UsedSparsity=0.6) | Clusters=ON (UsedClusters=32) | EnvSparsityCfg={'Conv': 0.6, 'Linear': 0.6, 'Bias': 0.0, 'BatchNorm': 0.0} | EnvNClusters=32
[2026-01-24 20:28:40,123] [INFO] Model initialized on device: cuda:0
[2026-01-24 20:28:40,123] [INFO] [CLIENT INIT] Mode=SKH | Sparsity=ON (UsedSparsity=0.6) | Clusters=ON (UsedClusters=32) | EnvSparsityCfg={'Conv': 0.6, 'Linear': 0.6, 'Bias': 0.0, 'BatchNorm': 0.0} | EnvNClusters=32
[2026-01-24 20:28:40,127] [INFO] Model initialized on device: cuda:0
[2026-01-24 20:28:40,127] [INFO] [CLIENT INIT] Mode=SKH | Sparsity=ON (UsedSparsity=0.6) | Clusters=ON (UsedClusters=32) | EnvSparsityCfg={'Conv': 0.6, 'Linear': 0.6, 'Bias': 0.0, 'BatchNorm': 0.0} | EnvNClusters=32
[2026-01-24 20:28:40,325] [INFO] Model initialized on device: cuda:0
[2026-01-24 20:28:40,325] [INFO] [CLIENT INIT] Mode=SKH | Sparsity=ON (UsedSparsity=0.6) | Clusters=ON (UsedClusters=32) | EnvSparsityCfg={'Conv': 0.6, 'Linear': 0.6, 'Bias': 0.0, 'BatchNorm': 0.0} | EnvNClusters=32
[2026-01-24 20:28:40,325] [INFO] Model initialized on device: cuda:0
[2026-01-24 20:28:40,325] [INFO] [CLIENT INIT] Mode=SKH | Sparsity=ON (UsedSparsity=0.6) | Clusters=ON (UsedClusters=32) | EnvSparsityCfg={'Conv': 0.6, 'Linear': 0.6, 'Bias': 0.0, 'BatchNorm': 0.0} | EnvNClusters=32
[2026-01-24 20:28:40,325] [INFO] Model initialized on device: cuda:0
[2026-01-24 20:28:40,326] [INFO] [CLIENT INIT] Mode=SKH | Sparsity=ON (UsedSparsity=0.6) | Clusters=ON (UsedClusters=32) | EnvSparsityCfg={'Conv': 0.6, 'Linear': 0.6, 'Bias': 0.0, 'BatchNorm': 0.0} | EnvNClusters=32
[2026-01-24 20:28:40,327] [INFO] Model initialized on device: cuda:0
[2026-01-24 20:28:40,327] [INFO] [CLIENT INIT] Mode=SKH | Sparsity=ON (UsedSparsity=0.6) | Clusters=ON (UsedClusters=32) | EnvSparsityCfg={'Conv': 0.6, 'Linear': 0.6, 'Bias': 0.0, 'BatchNorm': 0.0} | EnvNClusters=32
[2026-01-24 20:28:40,327] [INFO] Model initialized on device: cuda:0
[2026-01-24 20:28:40,328] [INFO] [CLIENT INIT] Mode=SKH | Sparsity=ON (UsedSparsity=0.6) | Clusters=ON (UsedClusters=32) | EnvSparsityCfg={'Conv': 0.6, 'Linear': 0.6, 'Bias': 0.0, 'BatchNorm': 0.0} | EnvNClusters=32
[2026-01-24 20:29:40,742] [INFO] [TRAIN] Epoch 4 Loss: 0.8988
[2026-01-24 20:30:24,716] [INFO] Model initialized on device: cuda:0
[2026-01-24 20:30:24,716] [INFO] [CLIENT INIT] Mode=SKH | Sparsity=ON (UsedSparsity=0.6) | Clusters=ON (UsedClusters=32) | EnvSparsityCfg={'Conv': 0.6, 'Linear': 0.6, 'Bias': 0.0, 'BatchNorm': 0.0} | EnvNClusters=32
[2026-01-24 20:30:25,212] [INFO] Model initialized on device: cuda:0
[2026-01-24 20:30:25,213] [INFO] [CLIENT INIT] Mode=SKH | Sparsity=ON (UsedSparsity=0.6) | Clusters=ON (UsedClusters=32) | EnvSparsityCfg={'Conv': 0.6, 'Linear': 0.6, 'Bias': 0.0, 'BatchNorm': 0.0} | EnvNClusters=32
[2026-01-24 20:30:25,241] [INFO] Model initialized on device: cuda:0
[2026-01-24 20:30:25,241] [INFO] [CLIENT INIT] Mode=SKH | Sparsity=ON (UsedSparsity=0.6) | Clusters=ON (UsedClusters=32) | EnvSparsityCfg={'Conv': 0.6, 'Linear': 0.6, 'Bias': 0.0, 'BatchNorm': 0.0} | EnvNClusters=32
[2026-01-24 20:30:25,516] [INFO] Model initialized on device: cuda:0
[2026-01-24 20:30:25,516] [INFO] [CLIENT INIT] Mode=SKH | Sparsity=ON (UsedSparsity=0.6) | Clusters=ON (UsedClusters=32) | EnvSparsityCfg={'Conv': 0.6, 'Linear': 0.6, 'Bias': 0.0, 'BatchNorm': 0.0} | EnvNClusters=32
[2026-01-24 20:30:25,519] [INFO] Model initialized on device: cuda:0
[2026-01-24 20:30:25,519] [INFO] [CLIENT INIT] Mode=SKH | Sparsity=ON (UsedSparsity=0.6) | Clusters=ON (UsedClusters=32) | EnvSparsityCfg={'Conv': 0.6, 'Linear': 0.6, 'Bias': 0.0, 'BatchNorm': 0.0} | EnvNClusters=32
[2026-01-24 20:30:25,537] [INFO] Model initialized on device: cuda:0
[2026-01-24 20:30:25,537] [INFO] [CLIENT INIT] Mode=SKH | Sparsity=ON (UsedSparsity=0.6) | Clusters=ON (UsedClusters=32) | EnvSparsityCfg={'Conv': 0.6, 'Linear': 0.6, 'Bias': 0.0, 'BatchNorm': 0.0} | EnvNClusters=32
[2026-01-24 20:30:25,541] [INFO] Model initialized on device: cuda:0
[2026-01-24 20:30:25,541] [INFO] [CLIENT INIT] Mode=SKH | Sparsity=ON (UsedSparsity=0.6) | Clusters=ON (UsedClusters=32) | EnvSparsityCfg={'Conv': 0.6, 'Linear': 0.6, 'Bias': 0.0, 'BatchNorm': 0.0} | EnvNClusters=32
[2026-01-24 20:30:25,543] [INFO] Model initialized on device: cuda:0
[2026-01-24 20:30:25,543] [INFO] [CLIENT INIT] Mode=SKH | Sparsity=ON (UsedSparsity=0.6) | Clusters=ON (UsedClusters=32) | EnvSparsityCfg={'Conv': 0.6, 'Linear': 0.6, 'Bias': 0.0, 'BatchNorm': 0.0} | EnvNClusters=32
[2026-01-24 20:30:25,543] [INFO] Model initialized on device: cuda:0
[2026-01-24 20:30:25,543] [INFO] [CLIENT INIT] Mode=SKH | Sparsity=ON (UsedSparsity=0.6) | Clusters=ON (UsedClusters=32) | EnvSparsityCfg={'Conv': 0.6, 'Linear': 0.6, 'Bias': 0.0, 'BatchNorm': 0.0} | EnvNClusters=32
[2026-01-24 20:30:25,545] [INFO] Model initialized on device: cuda:0
[2026-01-24 20:30:25,545] [INFO] [CLIENT INIT] Mode=SKH | Sparsity=ON (UsedSparsity=0.6) | Clusters=ON (UsedClusters=32) | EnvSparsityCfg={'Conv': 0.6, 'Linear': 0.6, 'Bias': 0.0, 'BatchNorm': 0.0} | EnvNClusters=32
[2026-01-24 20:31:20,611] [INFO] [TRAIN] Epoch 5 Loss: 0.8883
[2026-01-24 20:31:20,611] [INFO] [FIT] Local training finished. Avg Loss: 0.9048
[2026-01-24 20:31:41,755] [INFO] Model initialized on device: cuda:0
[2026-01-24 20:31:41,756] [INFO] [CLIENT INIT] Mode=SKH | Sparsity=ON (UsedSparsity=0.6) | Clusters=ON (UsedClusters=32) | EnvSparsityCfg={'Conv': 0.6, 'Linear': 0.6, 'Bias': 0.0, 'BatchNorm': 0.0} | EnvNClusters=32
[2026-01-24 20:31:41,902] [INFO] Model initialized on device: cuda:0
[2026-01-24 20:31:41,902] [INFO] [CLIENT INIT] Mode=SKH | Sparsity=ON (UsedSparsity=0.6) | Clusters=ON (UsedClusters=32) | EnvSparsityCfg={'Conv': 0.6, 'Linear': 0.6, 'Bias': 0.0, 'BatchNorm': 0.0} | EnvNClusters=32
[2026-01-24 20:31:42,110] [INFO] Model initialized on device: cuda:0
[2026-01-24 20:31:42,110] [INFO] [CLIENT INIT] Mode=SKH | Sparsity=ON (UsedSparsity=0.6) | Clusters=ON (UsedClusters=32) | EnvSparsityCfg={'Conv': 0.6, 'Linear': 0.6, 'Bias': 0.0, 'BatchNorm': 0.0} | EnvNClusters=32
[2026-01-24 20:31:42,211] [INFO] Model initialized on device: cuda:0
[2026-01-24 20:31:42,211] [INFO] [CLIENT INIT] Mode=SKH | Sparsity=ON (UsedSparsity=0.6) | Clusters=ON (UsedClusters=32) | EnvSparsityCfg={'Conv': 0.6, 'Linear': 0.6, 'Bias': 0.0, 'BatchNorm': 0.0} | EnvNClusters=32
[2026-01-24 20:31:42,306] [INFO] Model initialized on device: cuda:0
[2026-01-24 20:31:42,306] [INFO] [CLIENT INIT] Mode=SKH | Sparsity=ON (UsedSparsity=0.6) | Clusters=ON (UsedClusters=32) | EnvSparsityCfg={'Conv': 0.6, 'Linear': 0.6, 'Bias': 0.0, 'BatchNorm': 0.0} | EnvNClusters=32
[2026-01-24 20:31:42,350] [INFO] Model initialized on device: cuda:0
[2026-01-24 20:31:42,350] [INFO] [CLIENT INIT] Mode=SKH | Sparsity=ON (UsedSparsity=0.6) | Clusters=ON (UsedClusters=32) | EnvSparsityCfg={'Conv': 0.6, 'Linear': 0.6, 'Bias': 0.0, 'BatchNorm': 0.0} | EnvNClusters=32
[2026-01-24 20:31:42,353] [INFO] Model initialized on device: cuda:0
[2026-01-24 20:31:42,354] [INFO] [CLIENT INIT] Mode=SKH | Sparsity=ON (UsedSparsity=0.6) | Clusters=ON (UsedClusters=32) | EnvSparsityCfg={'Conv': 0.6, 'Linear': 0.6, 'Bias': 0.0, 'BatchNorm': 0.0} | EnvNClusters=32
[2026-01-24 20:31:42,374] [INFO] Model initialized on device: cuda:0
[2026-01-24 20:31:42,374] [INFO] [CLIENT INIT] Mode=SKH | Sparsity=ON (UsedSparsity=0.6) | Clusters=ON (UsedClusters=32) | EnvSparsityCfg={'Conv': 0.6, 'Linear': 0.6, 'Bias': 0.0, 'BatchNorm': 0.0} | EnvNClusters=32
[2026-01-24 20:31:42,374] [INFO] Model initialized on device: cuda:0
[2026-01-24 20:31:42,374] [INFO] [CLIENT INIT] Mode=SKH | Sparsity=ON (UsedSparsity=0.6) | Clusters=ON (UsedClusters=32) | EnvSparsityCfg={'Conv': 0.6, 'Linear': 0.6, 'Bias': 0.0, 'BatchNorm': 0.0} | EnvNClusters=32
[2026-01-24 20:31:42,375] [INFO] Model initialized on device: cuda:0
[2026-01-24 20:31:42,375] [INFO] [CLIENT INIT] Mode=SKH | Sparsity=ON (UsedSparsity=0.6) | Clusters=ON (UsedClusters=32) | EnvSparsityCfg={'Conv': 0.6, 'Linear': 0.6, 'Bias': 0.0, 'BatchNorm': 0.0} | EnvNClusters=32
[2026-01-24 20:31:44,090] [DEBUG] [TEST] Batch 1 | Pred shape: torch.Size([256, 256, 160]) | Label shape: torch.Size([256, 256, 160])
[2026-01-24 20:31:44,911] [DEBUG] [TEST] Batch 2 | Pred shape: torch.Size([256, 256, 160]) | Label shape: torch.Size([256, 256, 160])
[2026-01-24 20:31:44,995] [DEBUG] [TEST] Batch 3 | Pred shape: torch.Size([256, 256, 160]) | Label shape: torch.Size([256, 256, 160])
[2026-01-24 20:31:45,598] [DEBUG] [TEST] Batch 4 | Pred shape: torch.Size([256, 256, 160]) | Label shape: torch.Size([256, 256, 160])
[2026-01-24 20:31:45,654] [DEBUG] [TEST] Batch 5 | Pred shape: torch.Size([256, 256, 160]) | Label shape: torch.Size([256, 256, 160])
[2026-01-24 20:31:45,709] [DEBUG] [TEST] Batch 6 | Pred shape: torch.Size([256, 256, 160]) | Label shape: torch.Size([256, 256, 160])
[2026-01-24 20:31:45,763] [DEBUG] [TEST] Batch 7 | Pred shape: torch.Size([256, 256, 160]) | Label shape: torch.Size([256, 256, 160])
[2026-01-24 20:31:45,818] [DEBUG] [TEST] Batch 8 | Pred shape: torch.Size([256, 256, 160]) | Label shape: torch.Size([256, 256, 160])
[2026-01-24 20:31:45,874] [DEBUG] [TEST] Batch 9 | Pred shape: torch.Size([256, 256, 160]) | Label shape: torch.Size([256, 256, 160])
[2026-01-24 20:31:45,928] [DEBUG] [TEST] Batch 10 | Pred shape: torch.Size([256, 256, 160]) | Label shape: torch.Size([256, 256, 160])
[2026-01-24 20:31:48,563] [INFO] [FIT] Final model saved to: Revision2/Run_UNET_IID_SKHC32S60_20260124/Client2/model_final.pth
[2026-01-24 20:31:57,087] [INFO] [COMM][CLIENT] Round=-1 Mode=SKH UsedSparsity=0.6 UsedClusters=32 BaselineBits=154016352.0 CompressedBits=45522593.5 CR=3.383
[2026-01-24 20:32:27,727] [INFO] [EVALUATE] Starting evaluation...
[2026-01-24 20:32:28,917] [INFO] [DEBUG] Loaded compressed decoded weights.
[2026-01-24 20:33:29,409] [INFO] Model initialized on device: cuda:0
[2026-01-24 20:33:29,409] [INFO] [CLIENT INIT] Mode=SKH | Sparsity=ON (UsedSparsity=0.6) | Clusters=ON (UsedClusters=32) | EnvSparsityCfg={'Conv': 0.6, 'Linear': 0.6, 'Bias': 0.0, 'BatchNorm': 0.0} | EnvNClusters=32
[2026-01-24 20:33:29,522] [INFO] Model initialized on device: cuda:0
[2026-01-24 20:33:29,522] [INFO] [CLIENT INIT] Mode=SKH | Sparsity=ON (UsedSparsity=0.6) | Clusters=ON (UsedClusters=32) | EnvSparsityCfg={'Conv': 0.6, 'Linear': 0.6, 'Bias': 0.0, 'BatchNorm': 0.0} | EnvNClusters=32
[2026-01-24 20:33:29,555] [INFO] Model initialized on device: cuda:0
[2026-01-24 20:33:29,555] [INFO] [CLIENT INIT] Mode=SKH | Sparsity=ON (UsedSparsity=0.6) | Clusters=ON (UsedClusters=32) | EnvSparsityCfg={'Conv': 0.6, 'Linear': 0.6, 'Bias': 0.0, 'BatchNorm': 0.0} | EnvNClusters=32
[2026-01-24 20:33:29,623] [INFO] Model initialized on device: cuda:0
[2026-01-24 20:33:29,623] [INFO] [CLIENT INIT] Mode=SKH | Sparsity=ON (UsedSparsity=0.6) | Clusters=ON (UsedClusters=32) | EnvSparsityCfg={'Conv': 0.6, 'Linear': 0.6, 'Bias': 0.0, 'BatchNorm': 0.0} | EnvNClusters=32
[2026-01-24 20:33:31,877] [INFO] Model initialized on device: cuda:0
[2026-01-24 20:33:31,877] [INFO] [CLIENT INIT] Mode=SKH | Sparsity=ON (UsedSparsity=0.6) | Clusters=ON (UsedClusters=32) | EnvSparsityCfg={'Conv': 0.6, 'Linear': 0.6, 'Bias': 0.0, 'BatchNorm': 0.0} | EnvNClusters=32
[2026-01-24 20:33:32,003] [INFO] Model initialized on device: cuda:0
[2026-01-24 20:33:32,003] [INFO] [CLIENT INIT] Mode=SKH | Sparsity=ON (UsedSparsity=0.6) | Clusters=ON (UsedClusters=32) | EnvSparsityCfg={'Conv': 0.6, 'Linear': 0.6, 'Bias': 0.0, 'BatchNorm': 0.0} | EnvNClusters=32
[2026-01-24 20:33:34,790] [DEBUG] [TEST] Batch 1 | Pred shape: torch.Size([256, 256, 160]) | Label shape: torch.Size([256, 256, 160])
[2026-01-24 20:33:35,930] [INFO] Model initialized on device: cuda:0
[2026-01-24 20:33:35,930] [INFO] [CLIENT INIT] Mode=SKH | Sparsity=ON (UsedSparsity=0.6) | Clusters=ON (UsedClusters=32) | EnvSparsityCfg={'Conv': 0.6, 'Linear': 0.6, 'Bias': 0.0, 'BatchNorm': 0.0} | EnvNClusters=32
[2026-01-24 20:33:36,135] [INFO] Model initialized on device: cuda:0
[2026-01-24 20:33:36,135] [INFO] [CLIENT INIT] Mode=SKH | Sparsity=ON (UsedSparsity=0.6) | Clusters=ON (UsedClusters=32) | EnvSparsityCfg={'Conv': 0.6, 'Linear': 0.6, 'Bias': 0.0, 'BatchNorm': 0.0} | EnvNClusters=32
[2026-01-24 20:33:36,342] [INFO] Model initialized on device: cuda:0
[2026-01-24 20:33:36,342] [INFO] [CLIENT INIT] Mode=SKH | Sparsity=ON (UsedSparsity=0.6) | Clusters=ON (UsedClusters=32) | EnvSparsityCfg={'Conv': 0.6, 'Linear': 0.6, 'Bias': 0.0, 'BatchNorm': 0.0} | EnvNClusters=32
[2026-01-24 20:33:36,342] [INFO] Model initialized on device: cuda:0
[2026-01-24 20:33:36,342] [INFO] [CLIENT INIT] Mode=SKH | Sparsity=ON (UsedSparsity=0.6) | Clusters=ON (UsedClusters=32) | EnvSparsityCfg={'Conv': 0.6, 'Linear': 0.6, 'Bias': 0.0, 'BatchNorm': 0.0} | EnvNClusters=32
[2026-01-24 20:33:38,545] [DEBUG] [TEST] Batch 2 | Pred shape: torch.Size([256, 256, 160]) | Label shape: torch.Size([256, 256, 160])
[2026-01-24 20:33:38,601] [DEBUG] [TEST] Batch 3 | Pred shape: torch.Size([256, 256, 160]) | Label shape: torch.Size([256, 256, 160])
[2026-01-24 20:33:38,740] [DEBUG] [TEST] Batch 4 | Pred shape: torch.Size([256, 256, 160]) | Label shape: torch.Size([256, 256, 160])
[2026-01-24 20:33:39,071] [DEBUG] [TEST] Batch 5 | Pred shape: torch.Size([256, 256, 160]) | Label shape: torch.Size([256, 256, 160])
[2026-01-24 20:33:39,130] [DEBUG] [TEST] Batch 6 | Pred shape: torch.Size([256, 256, 160]) | Label shape: torch.Size([256, 256, 160])
[2026-01-24 20:33:39,381] [DEBUG] [TEST] Batch 7 | Pred shape: torch.Size([256, 256, 160]) | Label shape: torch.Size([256, 256, 160])
[2026-01-24 20:33:39,717] [DEBUG] [TEST] Batch 8 | Pred shape: torch.Size([256, 256, 160]) | Label shape: torch.Size([256, 256, 160])
[2026-01-24 20:33:39,848] [DEBUG] [TEST] Batch 9 | Pred shape: torch.Size([256, 256, 160]) | Label shape: torch.Size([256, 256, 160])
[2026-01-24 20:33:40,138] [DEBUG] [TEST] Batch 10 | Pred shape: torch.Size([256, 256, 160]) | Label shape: torch.Size([256, 256, 160])
[2026-01-24 20:33:45,833] [INFO] [EVALUATE] Dice WT: 0.3611
[2026-01-24 20:33:56,819] [INFO] [FIT] Received parameters. Starting local training...
[2026-01-24 20:33:59,210] [INFO] [DEBUG] Loaded compressed decoded weights.
[2026-01-24 20:35:07,930] [INFO] Model initialized on device: cuda:0
[2026-01-24 20:35:07,930] [INFO] [CLIENT INIT] Mode=SKH | Sparsity=ON (UsedSparsity=0.6) | Clusters=ON (UsedClusters=32) | EnvSparsityCfg={'Conv': 0.6, 'Linear': 0.6, 'Bias': 0.0, 'BatchNorm': 0.0} | EnvNClusters=32
[2026-01-24 20:35:09,312] [INFO] Model initialized on device: cuda:0
[2026-01-24 20:35:09,313] [INFO] [CLIENT INIT] Mode=SKH | Sparsity=ON (UsedSparsity=0.6) | Clusters=ON (UsedClusters=32) | EnvSparsityCfg={'Conv': 0.6, 'Linear': 0.6, 'Bias': 0.0, 'BatchNorm': 0.0} | EnvNClusters=32
[2026-01-24 20:35:09,410] [INFO] Model initialized on device: cuda:0
[2026-01-24 20:35:09,410] [INFO] [CLIENT INIT] Mode=SKH | Sparsity=ON (UsedSparsity=0.6) | Clusters=ON (UsedClusters=32) | EnvSparsityCfg={'Conv': 0.6, 'Linear': 0.6, 'Bias': 0.0, 'BatchNorm': 0.0} | EnvNClusters=32
[2026-01-24 20:35:09,621] [INFO] Model initialized on device: cuda:0
[2026-01-24 20:35:09,621] [INFO] [CLIENT INIT] Mode=SKH | Sparsity=ON (UsedSparsity=0.6) | Clusters=ON (UsedClusters=32) | EnvSparsityCfg={'Conv': 0.6, 'Linear': 0.6, 'Bias': 0.0, 'BatchNorm': 0.0} | EnvNClusters=32
[2026-01-24 20:35:09,624] [INFO] Model initialized on device: cuda:0
[2026-01-24 20:35:09,624] [INFO] [CLIENT INIT] Mode=SKH | Sparsity=ON (UsedSparsity=0.6) | Clusters=ON (UsedClusters=32) | EnvSparsityCfg={'Conv': 0.6, 'Linear': 0.6, 'Bias': 0.0, 'BatchNorm': 0.0} | EnvNClusters=32
[2026-01-24 20:35:09,632] [INFO] Model initialized on device: cuda:0
[2026-01-24 20:35:09,632] [INFO] [CLIENT INIT] Mode=SKH | Sparsity=ON (UsedSparsity=0.6) | Clusters=ON (UsedClusters=32) | EnvSparsityCfg={'Conv': 0.6, 'Linear': 0.6, 'Bias': 0.0, 'BatchNorm': 0.0} | EnvNClusters=32
[2026-01-24 20:35:09,637] [INFO] Model initialized on device: cuda:0
[2026-01-24 20:35:09,637] [INFO] [CLIENT INIT] Mode=SKH | Sparsity=ON (UsedSparsity=0.6) | Clusters=ON (UsedClusters=32) | EnvSparsityCfg={'Conv': 0.6, 'Linear': 0.6, 'Bias': 0.0, 'BatchNorm': 0.0} | EnvNClusters=32
[2026-01-24 20:35:09,744] [INFO] Model initialized on device: cuda:0
[2026-01-24 20:35:09,744] [INFO] [CLIENT INIT] Mode=SKH | Sparsity=ON (UsedSparsity=0.6) | Clusters=ON (UsedClusters=32) | EnvSparsityCfg={'Conv': 0.6, 'Linear': 0.6, 'Bias': 0.0, 'BatchNorm': 0.0} | EnvNClusters=32
[2026-01-24 20:35:09,808] [INFO] Model initialized on device: cuda:0
[2026-01-24 20:35:09,809] [INFO] [CLIENT INIT] Mode=SKH | Sparsity=ON (UsedSparsity=0.6) | Clusters=ON (UsedClusters=32) | EnvSparsityCfg={'Conv': 0.6, 'Linear': 0.6, 'Bias': 0.0, 'BatchNorm': 0.0} | EnvNClusters=32
[2026-01-24 20:35:09,813] [INFO] Model initialized on device: cuda:0
[2026-01-24 20:35:09,813] [INFO] [CLIENT INIT] Mode=SKH | Sparsity=ON (UsedSparsity=0.6) | Clusters=ON (UsedClusters=32) | EnvSparsityCfg={'Conv': 0.6, 'Linear': 0.6, 'Bias': 0.0, 'BatchNorm': 0.0} | EnvNClusters=32
[2026-01-24 20:36:19,116] [INFO] [TRAIN] Epoch 1 Loss: 0.8964
[2026-01-24 20:37:08,851] [INFO] Model initialized on device: cuda:0
[2026-01-24 20:37:08,851] [INFO] [CLIENT INIT] Mode=SKH | Sparsity=ON (UsedSparsity=0.6) | Clusters=ON (UsedClusters=32) | EnvSparsityCfg={'Conv': 0.6, 'Linear': 0.6, 'Bias': 0.0, 'BatchNorm': 0.0} | EnvNClusters=32
[2026-01-24 20:37:19,354] [INFO] Model initialized on device: cuda:0
[2026-01-24 20:37:19,354] [INFO] [CLIENT INIT] Mode=SKH | Sparsity=ON (UsedSparsity=0.6) | Clusters=ON (UsedClusters=32) | EnvSparsityCfg={'Conv': 0.6, 'Linear': 0.6, 'Bias': 0.0, 'BatchNorm': 0.0} | EnvNClusters=32
[2026-01-24 20:37:19,411] [INFO] Model initialized on device: cuda:0
[2026-01-24 20:37:19,412] [INFO] [CLIENT INIT] Mode=SKH | Sparsity=ON (UsedSparsity=0.6) | Clusters=ON (UsedClusters=32) | EnvSparsityCfg={'Conv': 0.6, 'Linear': 0.6, 'Bias': 0.0, 'BatchNorm': 0.0} | EnvNClusters=32
[2026-01-24 20:37:21,416] [INFO] Model initialized on device: cuda:0
[2026-01-24 20:37:21,416] [INFO] [CLIENT INIT] Mode=SKH | Sparsity=ON (UsedSparsity=0.6) | Clusters=ON (UsedClusters=32) | EnvSparsityCfg={'Conv': 0.6, 'Linear': 0.6, 'Bias': 0.0, 'BatchNorm': 0.0} | EnvNClusters=32
[2026-01-24 20:37:22,415] [INFO] Model initialized on device: cuda:0
[2026-01-24 20:37:22,415] [INFO] [CLIENT INIT] Mode=SKH | Sparsity=ON (UsedSparsity=0.6) | Clusters=ON (UsedClusters=32) | EnvSparsityCfg={'Conv': 0.6, 'Linear': 0.6, 'Bias': 0.0, 'BatchNorm': 0.0} | EnvNClusters=32
[2026-01-24 20:37:23,619] [INFO] Model initialized on device: cuda:0
[2026-01-24 20:37:23,619] [INFO] [CLIENT INIT] Mode=SKH | Sparsity=ON (UsedSparsity=0.6) | Clusters=ON (UsedClusters=32) | EnvSparsityCfg={'Conv': 0.6, 'Linear': 0.6, 'Bias': 0.0, 'BatchNorm': 0.0} | EnvNClusters=32
[2026-01-24 20:37:23,742] [INFO] Model initialized on device: cuda:0
[2026-01-24 20:37:23,742] [INFO] [CLIENT INIT] Mode=SKH | Sparsity=ON (UsedSparsity=0.6) | Clusters=ON (UsedClusters=32) | EnvSparsityCfg={'Conv': 0.6, 'Linear': 0.6, 'Bias': 0.0, 'BatchNorm': 0.0} | EnvNClusters=32
[2026-01-24 20:37:24,525] [INFO] Model initialized on device: cuda:0
[2026-01-24 20:37:24,525] [INFO] [CLIENT INIT] Mode=SKH | Sparsity=ON (UsedSparsity=0.6) | Clusters=ON (UsedClusters=32) | EnvSparsityCfg={'Conv': 0.6, 'Linear': 0.6, 'Bias': 0.0, 'BatchNorm': 0.0} | EnvNClusters=32
[2026-01-24 20:37:24,716] [INFO] Model initialized on device: cuda:0
[2026-01-24 20:37:24,716] [INFO] [CLIENT INIT] Mode=SKH | Sparsity=ON (UsedSparsity=0.6) | Clusters=ON (UsedClusters=32) | EnvSparsityCfg={'Conv': 0.6, 'Linear': 0.6, 'Bias': 0.0, 'BatchNorm': 0.0} | EnvNClusters=32
[2026-01-24 20:37:24,722] [INFO] Model initialized on device: cuda:0
[2026-01-24 20:37:24,722] [INFO] [CLIENT INIT] Mode=SKH | Sparsity=ON (UsedSparsity=0.6) | Clusters=ON (UsedClusters=32) | EnvSparsityCfg={'Conv': 0.6, 'Linear': 0.6, 'Bias': 0.0, 'BatchNorm': 0.0} | EnvNClusters=32
[2026-01-24 20:38:26,215] [INFO] [TRAIN] Epoch 2 Loss: 0.8883
[2026-01-24 20:39:05,419] [INFO] Model initialized on device: cuda:0
[2026-01-24 20:39:05,419] [INFO] [CLIENT INIT] Mode=SKH | Sparsity=ON (UsedSparsity=0.6) | Clusters=ON (UsedClusters=32) | EnvSparsityCfg={'Conv': 0.6, 'Linear': 0.6, 'Bias': 0.0, 'BatchNorm': 0.0} | EnvNClusters=32
[2026-01-24 20:39:08,029] [INFO] Model initialized on device: cuda:0
[2026-01-24 20:39:08,029] [INFO] [CLIENT INIT] Mode=SKH | Sparsity=ON (UsedSparsity=0.6) | Clusters=ON (UsedClusters=32) | EnvSparsityCfg={'Conv': 0.6, 'Linear': 0.6, 'Bias': 0.0, 'BatchNorm': 0.0} | EnvNClusters=32
[2026-01-24 20:39:09,219] [INFO] Model initialized on device: cuda:0
[2026-01-24 20:39:09,219] [INFO] [CLIENT INIT] Mode=SKH | Sparsity=ON (UsedSparsity=0.6) | Clusters=ON (UsedClusters=32) | EnvSparsityCfg={'Conv': 0.6, 'Linear': 0.6, 'Bias': 0.0, 'BatchNorm': 0.0} | EnvNClusters=32
[2026-01-24 20:39:14,540] [INFO] Model initialized on device: cuda:0
[2026-01-24 20:39:14,540] [INFO] [CLIENT INIT] Mode=SKH | Sparsity=ON (UsedSparsity=0.6) | Clusters=ON (UsedClusters=32) | EnvSparsityCfg={'Conv': 0.6, 'Linear': 0.6, 'Bias': 0.0, 'BatchNorm': 0.0} | EnvNClusters=32
[2026-01-24 20:39:19,626] [INFO] Model initialized on device: cuda:0
[2026-01-24 20:39:19,626] [INFO] [CLIENT INIT] Mode=SKH | Sparsity=ON (UsedSparsity=0.6) | Clusters=ON (UsedClusters=32) | EnvSparsityCfg={'Conv': 0.6, 'Linear': 0.6, 'Bias': 0.0, 'BatchNorm': 0.0} | EnvNClusters=32
[2026-01-24 20:39:22,917] [INFO] Model initialized on device: cuda:0
[2026-01-24 20:39:22,918] [INFO] [CLIENT INIT] Mode=SKH | Sparsity=ON (UsedSparsity=0.6) | Clusters=ON (UsedClusters=32) | EnvSparsityCfg={'Conv': 0.6, 'Linear': 0.6, 'Bias': 0.0, 'BatchNorm': 0.0} | EnvNClusters=32
[2026-01-24 20:39:24,013] [INFO] Model initialized on device: cuda:0
[2026-01-24 20:39:24,014] [INFO] [CLIENT INIT] Mode=SKH | Sparsity=ON (UsedSparsity=0.6) | Clusters=ON (UsedClusters=32) | EnvSparsityCfg={'Conv': 0.6, 'Linear': 0.6, 'Bias': 0.0, 'BatchNorm': 0.0} | EnvNClusters=32
[2026-01-24 20:39:24,126] [INFO] Model initialized on device: cuda:0
[2026-01-24 20:39:24,126] [INFO] [CLIENT INIT] Mode=SKH | Sparsity=ON (UsedSparsity=0.6) | Clusters=ON (UsedClusters=32) | EnvSparsityCfg={'Conv': 0.6, 'Linear': 0.6, 'Bias': 0.0, 'BatchNorm': 0.0} | EnvNClusters=32
[2026-01-24 20:39:24,243] [INFO] Model initialized on device: cuda:0
[2026-01-24 20:39:24,243] [INFO] [CLIENT INIT] Mode=SKH | Sparsity=ON (UsedSparsity=0.6) | Clusters=ON (UsedClusters=32) | EnvSparsityCfg={'Conv': 0.6, 'Linear': 0.6, 'Bias': 0.0, 'BatchNorm': 0.0} | EnvNClusters=32
[2026-01-24 20:39:24,325] [INFO] Model initialized on device: cuda:0
[2026-01-24 20:39:24,325] [INFO] [CLIENT INIT] Mode=SKH | Sparsity=ON (UsedSparsity=0.6) | Clusters=ON (UsedClusters=32) | EnvSparsityCfg={'Conv': 0.6, 'Linear': 0.6, 'Bias': 0.0, 'BatchNorm': 0.0} | EnvNClusters=32
[2026-01-24 20:40:25,749] [INFO] [TRAIN] Epoch 3 Loss: 0.8797
[2026-01-24 20:41:10,339] [INFO] Model initialized on device: cuda:0
[2026-01-24 20:41:10,339] [INFO] [CLIENT INIT] Mode=SKH | Sparsity=ON (UsedSparsity=0.6) | Clusters=ON (UsedClusters=32) | EnvSparsityCfg={'Conv': 0.6, 'Linear': 0.6, 'Bias': 0.0, 'BatchNorm': 0.0} | EnvNClusters=32
[2026-01-24 20:41:18,640] [INFO] Model initialized on device: cuda:0
[2026-01-24 20:41:18,641] [INFO] [CLIENT INIT] Mode=SKH | Sparsity=ON (UsedSparsity=0.6) | Clusters=ON (UsedClusters=32) | EnvSparsityCfg={'Conv': 0.6, 'Linear': 0.6, 'Bias': 0.0, 'BatchNorm': 0.0} | EnvNClusters=32
[2026-01-24 20:41:18,745] [INFO] Model initialized on device: cuda:0
[2026-01-24 20:41:18,746] [INFO] [CLIENT INIT] Mode=SKH | Sparsity=ON (UsedSparsity=0.6) | Clusters=ON (UsedClusters=32) | EnvSparsityCfg={'Conv': 0.6, 'Linear': 0.6, 'Bias': 0.0, 'BatchNorm': 0.0} | EnvNClusters=32
[2026-01-24 20:41:19,912] [INFO] Model initialized on device: cuda:0
[2026-01-24 20:41:19,912] [INFO] [CLIENT INIT] Mode=SKH | Sparsity=ON (UsedSparsity=0.6) | Clusters=ON (UsedClusters=32) | EnvSparsityCfg={'Conv': 0.6, 'Linear': 0.6, 'Bias': 0.0, 'BatchNorm': 0.0} | EnvNClusters=32
[2026-01-24 20:41:19,924] [INFO] Model initialized on device: cuda:0
[2026-01-24 20:41:19,924] [INFO] [CLIENT INIT] Mode=SKH | Sparsity=ON (UsedSparsity=0.6) | Clusters=ON (UsedClusters=32) | EnvSparsityCfg={'Conv': 0.6, 'Linear': 0.6, 'Bias': 0.0, 'BatchNorm': 0.0} | EnvNClusters=32
[2026-01-24 20:41:20,013] [INFO] Model initialized on device: cuda:0
[2026-01-24 20:41:20,013] [INFO] [CLIENT INIT] Mode=SKH | Sparsity=ON (UsedSparsity=0.6) | Clusters=ON (UsedClusters=32) | EnvSparsityCfg={'Conv': 0.6, 'Linear': 0.6, 'Bias': 0.0, 'BatchNorm': 0.0} | EnvNClusters=32
[2026-01-24 20:41:20,119] [INFO] Model initialized on device: cuda:0
[2026-01-24 20:41:20,119] [INFO] [CLIENT INIT] Mode=SKH | Sparsity=ON (UsedSparsity=0.6) | Clusters=ON (UsedClusters=32) | EnvSparsityCfg={'Conv': 0.6, 'Linear': 0.6, 'Bias': 0.0, 'BatchNorm': 0.0} | EnvNClusters=32
[2026-01-24 20:41:20,125] [INFO] Model initialized on device: cuda:0
[2026-01-24 20:41:20,126] [INFO] [CLIENT INIT] Mode=SKH | Sparsity=ON (UsedSparsity=0.6) | Clusters=ON (UsedClusters=32) | EnvSparsityCfg={'Conv': 0.6, 'Linear': 0.6, 'Bias': 0.0, 'BatchNorm': 0.0} | EnvNClusters=32
[2026-01-24 20:41:20,140] [INFO] Model initialized on device: cuda:0
[2026-01-24 20:41:20,140] [INFO] Model initialized on device: cuda:0
[2026-01-24 20:41:20,141] [INFO] [CLIENT INIT] Mode=SKH | Sparsity=ON (UsedSparsity=0.6) | Clusters=ON (UsedClusters=32) | EnvSparsityCfg={'Conv': 0.6, 'Linear': 0.6, 'Bias': 0.0, 'BatchNorm': 0.0} | EnvNClusters=32
[2026-01-24 20:41:20,141] [INFO] [CLIENT INIT] Mode=SKH | Sparsity=ON (UsedSparsity=0.6) | Clusters=ON (UsedClusters=32) | EnvSparsityCfg={'Conv': 0.6, 'Linear': 0.6, 'Bias': 0.0, 'BatchNorm': 0.0} | EnvNClusters=32
[2026-01-24 20:42:23,544] [INFO] [TRAIN] Epoch 4 Loss: 0.8691
[2026-01-24 20:43:14,646] [INFO] Model initialized on device: cuda:0
[2026-01-24 20:43:14,647] [INFO] [CLIENT INIT] Mode=SKH | Sparsity=ON (UsedSparsity=0.6) | Clusters=ON (UsedClusters=32) | EnvSparsityCfg={'Conv': 0.6, 'Linear': 0.6, 'Bias': 0.0, 'BatchNorm': 0.0} | EnvNClusters=32
[2026-01-24 20:43:15,734] [INFO] Model initialized on device: cuda:0
[2026-01-24 20:43:15,735] [INFO] [CLIENT INIT] Mode=SKH | Sparsity=ON (UsedSparsity=0.6) | Clusters=ON (UsedClusters=32) | EnvSparsityCfg={'Conv': 0.6, 'Linear': 0.6, 'Bias': 0.0, 'BatchNorm': 0.0} | EnvNClusters=32
[2026-01-24 20:43:15,817] [INFO] Model initialized on device: cuda:0
[2026-01-24 20:43:15,817] [INFO] [CLIENT INIT] Mode=SKH | Sparsity=ON (UsedSparsity=0.6) | Clusters=ON (UsedClusters=32) | EnvSparsityCfg={'Conv': 0.6, 'Linear': 0.6, 'Bias': 0.0, 'BatchNorm': 0.0} | EnvNClusters=32
[2026-01-24 20:43:16,311] [INFO] Model initialized on device: cuda:0
[2026-01-24 20:43:16,311] [INFO] [CLIENT INIT] Mode=SKH | Sparsity=ON (UsedSparsity=0.6) | Clusters=ON (UsedClusters=32) | EnvSparsityCfg={'Conv': 0.6, 'Linear': 0.6, 'Bias': 0.0, 'BatchNorm': 0.0} | EnvNClusters=32
[2026-01-24 20:43:16,313] [INFO] Model initialized on device: cuda:0
[2026-01-24 20:43:16,313] [INFO] [CLIENT INIT] Mode=SKH | Sparsity=ON (UsedSparsity=0.6) | Clusters=ON (UsedClusters=32) | EnvSparsityCfg={'Conv': 0.6, 'Linear': 0.6, 'Bias': 0.0, 'BatchNorm': 0.0} | EnvNClusters=32
[2026-01-24 20:43:16,507] [INFO] Model initialized on device: cuda:0
[2026-01-24 20:43:16,508] [INFO] [CLIENT INIT] Mode=SKH | Sparsity=ON (UsedSparsity=0.6) | Clusters=ON (UsedClusters=32) | EnvSparsityCfg={'Conv': 0.6, 'Linear': 0.6, 'Bias': 0.0, 'BatchNorm': 0.0} | EnvNClusters=32
[2026-01-24 20:43:16,614] [INFO] Model initialized on device: cuda:0
[2026-01-24 20:43:16,614] [INFO] [CLIENT INIT] Mode=SKH | Sparsity=ON (UsedSparsity=0.6) | Clusters=ON (UsedClusters=32) | EnvSparsityCfg={'Conv': 0.6, 'Linear': 0.6, 'Bias': 0.0, 'BatchNorm': 0.0} | EnvNClusters=32
[2026-01-24 20:43:16,742] [INFO] Model initialized on device: cuda:0
[2026-01-24 20:43:16,742] [INFO] [CLIENT INIT] Mode=SKH | Sparsity=ON (UsedSparsity=0.6) | Clusters=ON (UsedClusters=32) | EnvSparsityCfg={'Conv': 0.6, 'Linear': 0.6, 'Bias': 0.0, 'BatchNorm': 0.0} | EnvNClusters=32
[2026-01-24 20:43:16,743] [INFO] Model initialized on device: cuda:0
[2026-01-24 20:43:16,743] [INFO] [CLIENT INIT] Mode=SKH | Sparsity=ON (UsedSparsity=0.6) | Clusters=ON (UsedClusters=32) | EnvSparsityCfg={'Conv': 0.6, 'Linear': 0.6, 'Bias': 0.0, 'BatchNorm': 0.0} | EnvNClusters=32
[2026-01-24 20:43:16,810] [INFO] Model initialized on device: cuda:0
[2026-01-24 20:43:16,810] [INFO] [CLIENT INIT] Mode=SKH | Sparsity=ON (UsedSparsity=0.6) | Clusters=ON (UsedClusters=32) | EnvSparsityCfg={'Conv': 0.6, 'Linear': 0.6, 'Bias': 0.0, 'BatchNorm': 0.0} | EnvNClusters=32
[2026-01-24 20:44:09,650] [INFO] [TRAIN] Epoch 5 Loss: 0.8574
[2026-01-24 20:44:09,651] [INFO] [FIT] Local training finished. Avg Loss: 0.8782
[2026-01-24 20:44:33,412] [INFO] Model initialized on device: cuda:0
[2026-01-24 20:44:33,412] [INFO] [CLIENT INIT] Mode=SKH | Sparsity=ON (UsedSparsity=0.6) | Clusters=ON (UsedClusters=32) | EnvSparsityCfg={'Conv': 0.6, 'Linear': 0.6, 'Bias': 0.0, 'BatchNorm': 0.0} | EnvNClusters=32
[2026-01-24 20:44:34,237] [INFO] Model initialized on device: cuda:0
[2026-01-24 20:44:34,237] [INFO] Model initialized on device: cuda:0
[2026-01-24 20:44:34,237] [INFO] [CLIENT INIT] Mode=SKH | Sparsity=ON (UsedSparsity=0.6) | Clusters=ON (UsedClusters=32) | EnvSparsityCfg={'Conv': 0.6, 'Linear': 0.6, 'Bias': 0.0, 'BatchNorm': 0.0} | EnvNClusters=32
[2026-01-24 20:44:34,237] [INFO] [CLIENT INIT] Mode=SKH | Sparsity=ON (UsedSparsity=0.6) | Clusters=ON (UsedClusters=32) | EnvSparsityCfg={'Conv': 0.6, 'Linear': 0.6, 'Bias': 0.0, 'BatchNorm': 0.0} | EnvNClusters=32
[2026-01-24 20:44:34,311] [INFO] Model initialized on device: cuda:0
[2026-01-24 20:44:34,311] [INFO] [CLIENT INIT] Mode=SKH | Sparsity=ON (UsedSparsity=0.6) | Clusters=ON (UsedClusters=32) | EnvSparsityCfg={'Conv': 0.6, 'Linear': 0.6, 'Bias': 0.0, 'BatchNorm': 0.0} | EnvNClusters=32
[2026-01-24 20:44:34,311] [INFO] Model initialized on device: cuda:0
[2026-01-24 20:44:34,311] [INFO] [CLIENT INIT] Mode=SKH | Sparsity=ON (UsedSparsity=0.6) | Clusters=ON (UsedClusters=32) | EnvSparsityCfg={'Conv': 0.6, 'Linear': 0.6, 'Bias': 0.0, 'BatchNorm': 0.0} | EnvNClusters=32
[2026-01-24 20:44:34,327] [INFO] Model initialized on device: cuda:0
[2026-01-24 20:44:34,328] [INFO] [CLIENT INIT] Mode=SKH | Sparsity=ON (UsedSparsity=0.6) | Clusters=ON (UsedClusters=32) | EnvSparsityCfg={'Conv': 0.6, 'Linear': 0.6, 'Bias': 0.0, 'BatchNorm': 0.0} | EnvNClusters=32
[2026-01-24 20:44:34,348] [INFO] Model initialized on device: cuda:0
[2026-01-24 20:44:34,348] [INFO] [CLIENT INIT] Mode=SKH | Sparsity=ON (UsedSparsity=0.6) | Clusters=ON (UsedClusters=32) | EnvSparsityCfg={'Conv': 0.6, 'Linear': 0.6, 'Bias': 0.0, 'BatchNorm': 0.0} | EnvNClusters=32
[2026-01-24 20:44:34,351] [INFO] Model initialized on device: cuda:0
[2026-01-24 20:44:34,351] [INFO] [CLIENT INIT] Mode=SKH | Sparsity=ON (UsedSparsity=0.6) | Clusters=ON (UsedClusters=32) | EnvSparsityCfg={'Conv': 0.6, 'Linear': 0.6, 'Bias': 0.0, 'BatchNorm': 0.0} | EnvNClusters=32
[2026-01-24 20:44:34,356] [INFO] Model initialized on device: cuda:0
[2026-01-24 20:44:34,356] [INFO] Model initialized on device: cuda:0
[2026-01-24 20:44:34,356] [INFO] [CLIENT INIT] Mode=SKH | Sparsity=ON (UsedSparsity=0.6) | Clusters=ON (UsedClusters=32) | EnvSparsityCfg={'Conv': 0.6, 'Linear': 0.6, 'Bias': 0.0, 'BatchNorm': 0.0} | EnvNClusters=32
[2026-01-24 20:44:34,356] [INFO] [CLIENT INIT] Mode=SKH | Sparsity=ON (UsedSparsity=0.6) | Clusters=ON (UsedClusters=32) | EnvSparsityCfg={'Conv': 0.6, 'Linear': 0.6, 'Bias': 0.0, 'BatchNorm': 0.0} | EnvNClusters=32
[2026-01-24 20:44:37,604] [DEBUG] [TEST] Batch 1 | Pred shape: torch.Size([256, 256, 160]) | Label shape: torch.Size([256, 256, 160])
[2026-01-24 20:44:37,721] [DEBUG] [TEST] Batch 2 | Pred shape: torch.Size([256, 256, 160]) | Label shape: torch.Size([256, 256, 160])
[2026-01-24 20:44:37,936] [DEBUG] [TEST] Batch 3 | Pred shape: torch.Size([256, 256, 160]) | Label shape: torch.Size([256, 256, 160])
[2026-01-24 20:44:37,991] [DEBUG] [TEST] Batch 4 | Pred shape: torch.Size([256, 256, 160]) | Label shape: torch.Size([256, 256, 160])
[2026-01-24 20:44:38,047] [DEBUG] [TEST] Batch 5 | Pred shape: torch.Size([256, 256, 160]) | Label shape: torch.Size([256, 256, 160])
[2026-01-24 20:44:38,102] [DEBUG] [TEST] Batch 6 | Pred shape: torch.Size([256, 256, 160]) | Label shape: torch.Size([256, 256, 160])
[2026-01-24 20:44:38,157] [DEBUG] [TEST] Batch 7 | Pred shape: torch.Size([256, 256, 160]) | Label shape: torch.Size([256, 256, 160])
[2026-01-24 20:44:38,211] [DEBUG] [TEST] Batch 8 | Pred shape: torch.Size([256, 256, 160]) | Label shape: torch.Size([256, 256, 160])
[2026-01-24 20:44:38,266] [DEBUG] [TEST] Batch 9 | Pred shape: torch.Size([256, 256, 160]) | Label shape: torch.Size([256, 256, 160])
[2026-01-24 20:44:38,321] [DEBUG] [TEST] Batch 10 | Pred shape: torch.Size([256, 256, 160]) | Label shape: torch.Size([256, 256, 160])
[2026-01-24 20:44:40,820] [INFO] [FIT] Final model saved to: Revision2/Run_UNET_IID_SKHC32S60_20260124/Client2/model_final.pth
[2026-01-24 20:44:49,556] [INFO] [COMM][CLIENT] Round=-1 Mode=SKH UsedSparsity=0.6 UsedClusters=32 BaselineBits=154016352.0 CompressedBits=45445916.2 CR=3.389
[2026-01-24 20:45:21,550] [INFO] [EVALUATE] Starting evaluation...
[2026-01-24 20:45:22,820] [INFO] [DEBUG] Loaded compressed decoded weights.
[2026-01-24 20:46:32,559] [INFO] Model initialized on device: cuda:0
[2026-01-24 20:46:32,559] [INFO] [CLIENT INIT] Mode=SKH | Sparsity=ON (UsedSparsity=0.6) | Clusters=ON (UsedClusters=32) | EnvSparsityCfg={'Conv': 0.6, 'Linear': 0.6, 'Bias': 0.0, 'BatchNorm': 0.0} | EnvNClusters=32
[2026-01-24 20:46:32,812] [INFO] Model initialized on device: cuda:0
[2026-01-24 20:46:32,812] [INFO] [CLIENT INIT] Mode=SKH | Sparsity=ON (UsedSparsity=0.6) | Clusters=ON (UsedClusters=32) | EnvSparsityCfg={'Conv': 0.6, 'Linear': 0.6, 'Bias': 0.0, 'BatchNorm': 0.0} | EnvNClusters=32
[2026-01-24 20:46:32,825] [INFO] Model initialized on device: cuda:0
[2026-01-24 20:46:32,825] [INFO] [CLIENT INIT] Mode=SKH | Sparsity=ON (UsedSparsity=0.6) | Clusters=ON (UsedClusters=32) | EnvSparsityCfg={'Conv': 0.6, 'Linear': 0.6, 'Bias': 0.0, 'BatchNorm': 0.0} | EnvNClusters=32
[2026-01-24 20:46:32,828] [INFO] Model initialized on device: cuda:0
[2026-01-24 20:46:32,828] [INFO] [CLIENT INIT] Mode=SKH | Sparsity=ON (UsedSparsity=0.6) | Clusters=ON (UsedClusters=32) | EnvSparsityCfg={'Conv': 0.6, 'Linear': 0.6, 'Bias': 0.0, 'BatchNorm': 0.0} | EnvNClusters=32
[2026-01-24 20:46:33,242] [INFO] Model initialized on device: cuda:0
[2026-01-24 20:46:33,242] [INFO] [CLIENT INIT] Mode=SKH | Sparsity=ON (UsedSparsity=0.6) | Clusters=ON (UsedClusters=32) | EnvSparsityCfg={'Conv': 0.6, 'Linear': 0.6, 'Bias': 0.0, 'BatchNorm': 0.0} | EnvNClusters=32
[2026-01-24 20:46:33,410] [INFO] Model initialized on device: cuda:0
[2026-01-24 20:46:33,411] [INFO] [CLIENT INIT] Mode=SKH | Sparsity=ON (UsedSparsity=0.6) | Clusters=ON (UsedClusters=32) | EnvSparsityCfg={'Conv': 0.6, 'Linear': 0.6, 'Bias': 0.0, 'BatchNorm': 0.0} | EnvNClusters=32
[2026-01-24 20:46:33,812] [INFO] Model initialized on device: cuda:0
[2026-01-24 20:46:33,812] [INFO] [CLIENT INIT] Mode=SKH | Sparsity=ON (UsedSparsity=0.6) | Clusters=ON (UsedClusters=32) | EnvSparsityCfg={'Conv': 0.6, 'Linear': 0.6, 'Bias': 0.0, 'BatchNorm': 0.0} | EnvNClusters=32
[2026-01-24 20:46:33,815] [INFO] Model initialized on device: cuda:0
[2026-01-24 20:46:33,815] [INFO] [CLIENT INIT] Mode=SKH | Sparsity=ON (UsedSparsity=0.6) | Clusters=ON (UsedClusters=32) | EnvSparsityCfg={'Conv': 0.6, 'Linear': 0.6, 'Bias': 0.0, 'BatchNorm': 0.0} | EnvNClusters=32
[2026-01-24 20:46:33,917] [INFO] Model initialized on device: cuda:0
[2026-01-24 20:46:33,917] [INFO] [CLIENT INIT] Mode=SKH | Sparsity=ON (UsedSparsity=0.6) | Clusters=ON (UsedClusters=32) | EnvSparsityCfg={'Conv': 0.6, 'Linear': 0.6, 'Bias': 0.0, 'BatchNorm': 0.0} | EnvNClusters=32
[2026-01-24 20:46:33,931] [INFO] Model initialized on device: cuda:0
[2026-01-24 20:46:33,931] [INFO] [CLIENT INIT] Mode=SKH | Sparsity=ON (UsedSparsity=0.6) | Clusters=ON (UsedClusters=32) | EnvSparsityCfg={'Conv': 0.6, 'Linear': 0.6, 'Bias': 0.0, 'BatchNorm': 0.0} | EnvNClusters=32
[2026-01-24 20:46:39,466] [DEBUG] [TEST] Batch 1 | Pred shape: torch.Size([256, 256, 160]) | Label shape: torch.Size([256, 256, 160])
[2026-01-24 20:46:39,820] [DEBUG] [TEST] Batch 2 | Pred shape: torch.Size([256, 256, 160]) | Label shape: torch.Size([256, 256, 160])
[2026-01-24 20:46:39,876] [DEBUG] [TEST] Batch 3 | Pred shape: torch.Size([256, 256, 160]) | Label shape: torch.Size([256, 256, 160])
[2026-01-24 20:46:40,152] [DEBUG] [TEST] Batch 4 | Pred shape: torch.Size([256, 256, 160]) | Label shape: torch.Size([256, 256, 160])
[2026-01-24 20:46:40,321] [DEBUG] [TEST] Batch 5 | Pred shape: torch.Size([256, 256, 160]) | Label shape: torch.Size([256, 256, 160])
[2026-01-24 20:46:40,505] [DEBUG] [TEST] Batch 6 | Pred shape: torch.Size([256, 256, 160]) | Label shape: torch.Size([256, 256, 160])
[2026-01-24 20:46:40,683] [DEBUG] [TEST] Batch 7 | Pred shape: torch.Size([256, 256, 160]) | Label shape: torch.Size([256, 256, 160])
[2026-01-24 20:46:40,896] [DEBUG] [TEST] Batch 8 | Pred shape: torch.Size([256, 256, 160]) | Label shape: torch.Size([256, 256, 160])
[2026-01-24 20:46:41,109] [DEBUG] [TEST] Batch 9 | Pred shape: torch.Size([256, 256, 160]) | Label shape: torch.Size([256, 256, 160])
[2026-01-24 20:46:41,342] [DEBUG] [TEST] Batch 10 | Pred shape: torch.Size([256, 256, 160]) | Label shape: torch.Size([256, 256, 160])
[2026-01-24 20:46:47,187] [INFO] [EVALUATE] Dice WT: 0.3785
[2026-01-24 20:46:52,250] [INFO] [FIT] Received parameters. Starting local training...
[2026-01-24 20:46:54,309] [INFO] [DEBUG] Loaded compressed decoded weights.
[2026-01-24 20:48:03,420] [INFO] Model initialized on device: cuda:0
[2026-01-24 20:48:03,420] [INFO] [CLIENT INIT] Mode=SKH | Sparsity=ON (UsedSparsity=0.6) | Clusters=ON (UsedClusters=32) | EnvSparsityCfg={'Conv': 0.6, 'Linear': 0.6, 'Bias': 0.0, 'BatchNorm': 0.0} | EnvNClusters=32
[2026-01-24 20:48:03,625] [INFO] Model initialized on device: cuda:0
[2026-01-24 20:48:03,625] [INFO] [CLIENT INIT] Mode=SKH | Sparsity=ON (UsedSparsity=0.6) | Clusters=ON (UsedClusters=32) | EnvSparsityCfg={'Conv': 0.6, 'Linear': 0.6, 'Bias': 0.0, 'BatchNorm': 0.0} | EnvNClusters=32
[2026-01-24 20:48:03,665] [INFO] Model initialized on device: cuda:0
[2026-01-24 20:48:03,665] [INFO] [CLIENT INIT] Mode=SKH | Sparsity=ON (UsedSparsity=0.6) | Clusters=ON (UsedClusters=32) | EnvSparsityCfg={'Conv': 0.6, 'Linear': 0.6, 'Bias': 0.0, 'BatchNorm': 0.0} | EnvNClusters=32
[2026-01-24 20:48:04,113] [INFO] Model initialized on device: cuda:0
[2026-01-24 20:48:04,113] [INFO] [CLIENT INIT] Mode=SKH | Sparsity=ON (UsedSparsity=0.6) | Clusters=ON (UsedClusters=32) | EnvSparsityCfg={'Conv': 0.6, 'Linear': 0.6, 'Bias': 0.0, 'BatchNorm': 0.0} | EnvNClusters=32
[2026-01-24 20:48:04,120] [INFO] Model initialized on device: cuda:0
[2026-01-24 20:48:04,121] [INFO] [CLIENT INIT] Mode=SKH | Sparsity=ON (UsedSparsity=0.6) | Clusters=ON (UsedClusters=32) | EnvSparsityCfg={'Conv': 0.6, 'Linear': 0.6, 'Bias': 0.0, 'BatchNorm': 0.0} | EnvNClusters=32
[2026-01-24 20:48:04,221] [INFO] Model initialized on device: cuda:0
[2026-01-24 20:48:04,222] [INFO] [CLIENT INIT] Mode=SKH | Sparsity=ON (UsedSparsity=0.6) | Clusters=ON (UsedClusters=32) | EnvSparsityCfg={'Conv': 0.6, 'Linear': 0.6, 'Bias': 0.0, 'BatchNorm': 0.0} | EnvNClusters=32
[2026-01-24 20:48:04,740] [INFO] Model initialized on device: cuda:0
[2026-01-24 20:48:04,740] [INFO] [CLIENT INIT] Mode=SKH | Sparsity=ON (UsedSparsity=0.6) | Clusters=ON (UsedClusters=32) | EnvSparsityCfg={'Conv': 0.6, 'Linear': 0.6, 'Bias': 0.0, 'BatchNorm': 0.0} | EnvNClusters=32
[2026-01-24 20:48:04,817] [INFO] Model initialized on device: cuda:0
[2026-01-24 20:48:04,817] [INFO] [CLIENT INIT] Mode=SKH | Sparsity=ON (UsedSparsity=0.6) | Clusters=ON (UsedClusters=32) | EnvSparsityCfg={'Conv': 0.6, 'Linear': 0.6, 'Bias': 0.0, 'BatchNorm': 0.0} | EnvNClusters=32
[2026-01-24 20:48:04,818] [INFO] Model initialized on device: cuda:0
[2026-01-24 20:48:04,818] [INFO] [CLIENT INIT] Mode=SKH | Sparsity=ON (UsedSparsity=0.6) | Clusters=ON (UsedClusters=32) | EnvSparsityCfg={'Conv': 0.6, 'Linear': 0.6, 'Bias': 0.0, 'BatchNorm': 0.0} | EnvNClusters=32
[2026-01-24 20:48:04,923] [INFO] Model initialized on device: cuda:0
[2026-01-24 20:48:04,923] [INFO] [CLIENT INIT] Mode=SKH | Sparsity=ON (UsedSparsity=0.6) | Clusters=ON (UsedClusters=32) | EnvSparsityCfg={'Conv': 0.6, 'Linear': 0.6, 'Bias': 0.0, 'BatchNorm': 0.0} | EnvNClusters=32
[2026-01-24 20:49:18,157] [INFO] [TRAIN] Epoch 1 Loss: 0.8730
[2026-01-24 20:50:16,979] [INFO] Model initialized on device: cuda:0
[2026-01-24 20:50:16,979] [INFO] [CLIENT INIT] Mode=SKH | Sparsity=ON (UsedSparsity=0.6) | Clusters=ON (UsedClusters=32) | EnvSparsityCfg={'Conv': 0.6, 'Linear': 0.6, 'Bias': 0.0, 'BatchNorm': 0.0} | EnvNClusters=32
[2026-01-24 20:50:17,426] [INFO] Model initialized on device: cuda:0
[2026-01-24 20:50:17,427] [INFO] [CLIENT INIT] Mode=SKH | Sparsity=ON (UsedSparsity=0.6) | Clusters=ON (UsedClusters=32) | EnvSparsityCfg={'Conv': 0.6, 'Linear': 0.6, 'Bias': 0.0, 'BatchNorm': 0.0} | EnvNClusters=32
[2026-01-24 20:50:17,613] [INFO] Model initialized on device: cuda:0
[2026-01-24 20:50:17,613] [INFO] [CLIENT INIT] Mode=SKH | Sparsity=ON (UsedSparsity=0.6) | Clusters=ON (UsedClusters=32) | EnvSparsityCfg={'Conv': 0.6, 'Linear': 0.6, 'Bias': 0.0, 'BatchNorm': 0.0} | EnvNClusters=32
[2026-01-24 20:50:18,581] [INFO] Model initialized on device: cuda:0
[2026-01-24 20:50:18,581] [INFO] [CLIENT INIT] Mode=SKH | Sparsity=ON (UsedSparsity=0.6) | Clusters=ON (UsedClusters=32) | EnvSparsityCfg={'Conv': 0.6, 'Linear': 0.6, 'Bias': 0.0, 'BatchNorm': 0.0} | EnvNClusters=32
[2026-01-24 20:50:18,811] [INFO] Model initialized on device: cuda:0
[2026-01-24 20:50:18,811] [INFO] [CLIENT INIT] Mode=SKH | Sparsity=ON (UsedSparsity=0.6) | Clusters=ON (UsedClusters=32) | EnvSparsityCfg={'Conv': 0.6, 'Linear': 0.6, 'Bias': 0.0, 'BatchNorm': 0.0} | EnvNClusters=32
[2026-01-24 20:50:19,336] [INFO] Model initialized on device: cuda:0
[2026-01-24 20:50:19,336] [INFO] [CLIENT INIT] Mode=SKH | Sparsity=ON (UsedSparsity=0.6) | Clusters=ON (UsedClusters=32) | EnvSparsityCfg={'Conv': 0.6, 'Linear': 0.6, 'Bias': 0.0, 'BatchNorm': 0.0} | EnvNClusters=32
[2026-01-24 20:50:19,813] [INFO] Model initialized on device: cuda:0
[2026-01-24 20:50:19,813] [INFO] [CLIENT INIT] Mode=SKH | Sparsity=ON (UsedSparsity=0.6) | Clusters=ON (UsedClusters=32) | EnvSparsityCfg={'Conv': 0.6, 'Linear': 0.6, 'Bias': 0.0, 'BatchNorm': 0.0} | EnvNClusters=32
[2026-01-24 20:50:20,460] [INFO] Model initialized on device: cuda:0
[2026-01-24 20:50:20,460] [INFO] [CLIENT INIT] Mode=SKH | Sparsity=ON (UsedSparsity=0.6) | Clusters=ON (UsedClusters=32) | EnvSparsityCfg={'Conv': 0.6, 'Linear': 0.6, 'Bias': 0.0, 'BatchNorm': 0.0} | EnvNClusters=32
[2026-01-24 20:50:20,715] [INFO] Model initialized on device: cuda:0
[2026-01-24 20:50:20,716] [INFO] [CLIENT INIT] Mode=SKH | Sparsity=ON (UsedSparsity=0.6) | Clusters=ON (UsedClusters=32) | EnvSparsityCfg={'Conv': 0.6, 'Linear': 0.6, 'Bias': 0.0, 'BatchNorm': 0.0} | EnvNClusters=32
[2026-01-24 20:50:21,254] [INFO] Model initialized on device: cuda:0
[2026-01-24 20:50:21,255] [INFO] [CLIENT INIT] Mode=SKH | Sparsity=ON (UsedSparsity=0.6) | Clusters=ON (UsedClusters=32) | EnvSparsityCfg={'Conv': 0.6, 'Linear': 0.6, 'Bias': 0.0, 'BatchNorm': 0.0} | EnvNClusters=32
[2026-01-24 20:51:25,285] [INFO] [TRAIN] Epoch 2 Loss: 0.8626
[2026-01-24 20:52:12,426] [INFO] Model initialized on device: cuda:0
[2026-01-24 20:52:12,426] [INFO] [CLIENT INIT] Mode=SKH | Sparsity=ON (UsedSparsity=0.6) | Clusters=ON (UsedClusters=32) | EnvSparsityCfg={'Conv': 0.6, 'Linear': 0.6, 'Bias': 0.0, 'BatchNorm': 0.0} | EnvNClusters=32
[2026-01-24 20:52:12,544] [INFO] Model initialized on device: cuda:0
[2026-01-24 20:52:12,544] [INFO] [CLIENT INIT] Mode=SKH | Sparsity=ON (UsedSparsity=0.6) | Clusters=ON (UsedClusters=32) | EnvSparsityCfg={'Conv': 0.6, 'Linear': 0.6, 'Bias': 0.0, 'BatchNorm': 0.0} | EnvNClusters=32
[2026-01-24 20:52:12,652] [INFO] Model initialized on device: cuda:0
[2026-01-24 20:52:12,653] [INFO] [CLIENT INIT] Mode=SKH | Sparsity=ON (UsedSparsity=0.6) | Clusters=ON (UsedClusters=32) | EnvSparsityCfg={'Conv': 0.6, 'Linear': 0.6, 'Bias': 0.0, 'BatchNorm': 0.0} | EnvNClusters=32
[2026-01-24 20:52:12,735] [INFO] Model initialized on device: cuda:0
[2026-01-24 20:52:12,735] [INFO] [CLIENT INIT] Mode=SKH | Sparsity=ON (UsedSparsity=0.6) | Clusters=ON (UsedClusters=32) | EnvSparsityCfg={'Conv': 0.6, 'Linear': 0.6, 'Bias': 0.0, 'BatchNorm': 0.0} | EnvNClusters=32
[2026-01-24 20:52:12,836] [INFO] Model initialized on device: cuda:0
[2026-01-24 20:52:12,836] [INFO] [CLIENT INIT] Mode=SKH | Sparsity=ON (UsedSparsity=0.6) | Clusters=ON (UsedClusters=32) | EnvSparsityCfg={'Conv': 0.6, 'Linear': 0.6, 'Bias': 0.0, 'BatchNorm': 0.0} | EnvNClusters=32
[2026-01-24 20:52:12,945] [INFO] Model initialized on device: cuda:0
[2026-01-24 20:52:12,945] [INFO] [CLIENT INIT] Mode=SKH | Sparsity=ON (UsedSparsity=0.6) | Clusters=ON (UsedClusters=32) | EnvSparsityCfg={'Conv': 0.6, 'Linear': 0.6, 'Bias': 0.0, 'BatchNorm': 0.0} | EnvNClusters=32
[2026-01-24 20:52:13,018] [INFO] Model initialized on device: cuda:0
[2026-01-24 20:52:13,018] [INFO] [CLIENT INIT] Mode=SKH | Sparsity=ON (UsedSparsity=0.6) | Clusters=ON (UsedClusters=32) | EnvSparsityCfg={'Conv': 0.6, 'Linear': 0.6, 'Bias': 0.0, 'BatchNorm': 0.0} | EnvNClusters=32
[2026-01-24 20:52:13,107] [INFO] Model initialized on device: cuda:0
[2026-01-24 20:52:13,108] [INFO] [CLIENT INIT] Mode=SKH | Sparsity=ON (UsedSparsity=0.6) | Clusters=ON (UsedClusters=32) | EnvSparsityCfg={'Conv': 0.6, 'Linear': 0.6, 'Bias': 0.0, 'BatchNorm': 0.0} | EnvNClusters=32
[2026-01-24 20:52:13,140] [INFO] Model initialized on device: cuda:0
[2026-01-24 20:52:13,141] [INFO] [CLIENT INIT] Mode=SKH | Sparsity=ON (UsedSparsity=0.6) | Clusters=ON (UsedClusters=32) | EnvSparsityCfg={'Conv': 0.6, 'Linear': 0.6, 'Bias': 0.0, 'BatchNorm': 0.0} | EnvNClusters=32
[2026-01-24 20:52:13,141] [INFO] Model initialized on device: cuda:0
[2026-01-24 20:52:13,141] [INFO] [CLIENT INIT] Mode=SKH | Sparsity=ON (UsedSparsity=0.6) | Clusters=ON (UsedClusters=32) | EnvSparsityCfg={'Conv': 0.6, 'Linear': 0.6, 'Bias': 0.0, 'BatchNorm': 0.0} | EnvNClusters=32
[2026-01-24 20:53:14,114] [INFO] [TRAIN] Epoch 3 Loss: 0.8533
[2026-01-24 20:53:58,020] [INFO] Model initialized on device: cuda:0
[2026-01-24 20:53:58,020] [INFO] [CLIENT INIT] Mode=SKH | Sparsity=ON (UsedSparsity=0.6) | Clusters=ON (UsedClusters=32) | EnvSparsityCfg={'Conv': 0.6, 'Linear': 0.6, 'Bias': 0.0, 'BatchNorm': 0.0} | EnvNClusters=32
[2026-01-24 20:53:58,131] [INFO] Model initialized on device: cuda:0
[2026-01-24 20:53:58,132] [INFO] [CLIENT INIT] Mode=SKH | Sparsity=ON (UsedSparsity=0.6) | Clusters=ON (UsedClusters=32) | EnvSparsityCfg={'Conv': 0.6, 'Linear': 0.6, 'Bias': 0.0, 'BatchNorm': 0.0} | EnvNClusters=32
[2026-01-24 20:53:58,216] [INFO] Model initialized on device: cuda:0
[2026-01-24 20:53:58,216] [INFO] [CLIENT INIT] Mode=SKH | Sparsity=ON (UsedSparsity=0.6) | Clusters=ON (UsedClusters=32) | EnvSparsityCfg={'Conv': 0.6, 'Linear': 0.6, 'Bias': 0.0, 'BatchNorm': 0.0} | EnvNClusters=32
[2026-01-24 20:53:58,329] [INFO] Model initialized on device: cuda:0
[2026-01-24 20:53:58,329] [INFO] [CLIENT INIT] Mode=SKH | Sparsity=ON (UsedSparsity=0.6) | Clusters=ON (UsedClusters=32) | EnvSparsityCfg={'Conv': 0.6, 'Linear': 0.6, 'Bias': 0.0, 'BatchNorm': 0.0} | EnvNClusters=32
[2026-01-24 20:53:58,349] [INFO] Model initialized on device: cuda:0
[2026-01-24 20:53:58,349] [INFO] [CLIENT INIT] Mode=SKH | Sparsity=ON (UsedSparsity=0.6) | Clusters=ON (UsedClusters=32) | EnvSparsityCfg={'Conv': 0.6, 'Linear': 0.6, 'Bias': 0.0, 'BatchNorm': 0.0} | EnvNClusters=32
[2026-01-24 20:53:58,423] [INFO] Model initialized on device: cuda:0
[2026-01-24 20:53:58,423] [INFO] [CLIENT INIT] Mode=SKH | Sparsity=ON (UsedSparsity=0.6) | Clusters=ON (UsedClusters=32) | EnvSparsityCfg={'Conv': 0.6, 'Linear': 0.6, 'Bias': 0.0, 'BatchNorm': 0.0} | EnvNClusters=32
[2026-01-24 20:53:58,424] [INFO] Model initialized on device: cuda:0
[2026-01-24 20:53:58,425] [INFO] [CLIENT INIT] Mode=SKH | Sparsity=ON (UsedSparsity=0.6) | Clusters=ON (UsedClusters=32) | EnvSparsityCfg={'Conv': 0.6, 'Linear': 0.6, 'Bias': 0.0, 'BatchNorm': 0.0} | EnvNClusters=32
[2026-01-24 20:53:58,751] [INFO] Model initialized on device: cuda:0
[2026-01-24 20:53:58,751] [INFO] [CLIENT INIT] Mode=SKH | Sparsity=ON (UsedSparsity=0.6) | Clusters=ON (UsedClusters=32) | EnvSparsityCfg={'Conv': 0.6, 'Linear': 0.6, 'Bias': 0.0, 'BatchNorm': 0.0} | EnvNClusters=32
[2026-01-24 20:53:59,022] [INFO] Model initialized on device: cuda:0
[2026-01-24 20:53:59,022] [INFO] [CLIENT INIT] Mode=SKH | Sparsity=ON (UsedSparsity=0.6) | Clusters=ON (UsedClusters=32) | EnvSparsityCfg={'Conv': 0.6, 'Linear': 0.6, 'Bias': 0.0, 'BatchNorm': 0.0} | EnvNClusters=32
[2026-01-24 20:53:59,138] [INFO] Model initialized on device: cuda:0
[2026-01-24 20:53:59,138] [INFO] [CLIENT INIT] Mode=SKH | Sparsity=ON (UsedSparsity=0.6) | Clusters=ON (UsedClusters=32) | EnvSparsityCfg={'Conv': 0.6, 'Linear': 0.6, 'Bias': 0.0, 'BatchNorm': 0.0} | EnvNClusters=32
[2026-01-24 20:55:05,841] [INFO] [TRAIN] Epoch 4 Loss: 0.8395
[2026-01-24 20:55:55,857] [INFO] Model initialized on device: cuda:0
[2026-01-24 20:55:55,857] [INFO] [CLIENT INIT] Mode=SKH | Sparsity=ON (UsedSparsity=0.6) | Clusters=ON (UsedClusters=32) | EnvSparsityCfg={'Conv': 0.6, 'Linear': 0.6, 'Bias': 0.0, 'BatchNorm': 0.0} | EnvNClusters=32
[2026-01-24 20:55:56,126] [INFO] Model initialized on device: cuda:0
[2026-01-24 20:55:56,126] [INFO] [CLIENT INIT] Mode=SKH | Sparsity=ON (UsedSparsity=0.6) | Clusters=ON (UsedClusters=32) | EnvSparsityCfg={'Conv': 0.6, 'Linear': 0.6, 'Bias': 0.0, 'BatchNorm': 0.0} | EnvNClusters=32
[2026-01-24 20:55:56,316] [INFO] Model initialized on device: cuda:0
[2026-01-24 20:55:56,316] [INFO] [CLIENT INIT] Mode=SKH | Sparsity=ON (UsedSparsity=0.6) | Clusters=ON (UsedClusters=32) | EnvSparsityCfg={'Conv': 0.6, 'Linear': 0.6, 'Bias': 0.0, 'BatchNorm': 0.0} | EnvNClusters=32
[2026-01-24 20:55:56,512] [INFO] Model initialized on device: cuda:0
[2026-01-24 20:55:56,513] [INFO] [CLIENT INIT] Mode=SKH | Sparsity=ON (UsedSparsity=0.6) | Clusters=ON (UsedClusters=32) | EnvSparsityCfg={'Conv': 0.6, 'Linear': 0.6, 'Bias': 0.0, 'BatchNorm': 0.0} | EnvNClusters=32
[2026-01-24 20:55:56,548] [INFO] Model initialized on device: cuda:0
[2026-01-24 20:55:56,549] [INFO] [CLIENT INIT] Mode=SKH | Sparsity=ON (UsedSparsity=0.6) | Clusters=ON (UsedClusters=32) | EnvSparsityCfg={'Conv': 0.6, 'Linear': 0.6, 'Bias': 0.0, 'BatchNorm': 0.0} | EnvNClusters=32
[2026-01-24 20:55:56,549] [INFO] Model initialized on device: cuda:0
[2026-01-24 20:55:56,549] [INFO] [CLIENT INIT] Mode=SKH | Sparsity=ON (UsedSparsity=0.6) | Clusters=ON (UsedClusters=32) | EnvSparsityCfg={'Conv': 0.6, 'Linear': 0.6, 'Bias': 0.0, 'BatchNorm': 0.0} | EnvNClusters=32
[2026-01-24 20:55:56,730] [INFO] Model initialized on device: cuda:0
[2026-01-24 20:55:56,730] [INFO] [CLIENT INIT] Mode=SKH | Sparsity=ON (UsedSparsity=0.6) | Clusters=ON (UsedClusters=32) | EnvSparsityCfg={'Conv': 0.6, 'Linear': 0.6, 'Bias': 0.0, 'BatchNorm': 0.0} | EnvNClusters=32
[2026-01-24 20:55:56,733] [INFO] Model initialized on device: cuda:0
[2026-01-24 20:55:56,734] [INFO] [CLIENT INIT] Mode=SKH | Sparsity=ON (UsedSparsity=0.6) | Clusters=ON (UsedClusters=32) | EnvSparsityCfg={'Conv': 0.6, 'Linear': 0.6, 'Bias': 0.0, 'BatchNorm': 0.0} | EnvNClusters=32
[2026-01-24 20:55:56,825] [INFO] Model initialized on device: cuda:0
[2026-01-24 20:55:56,825] [INFO] [CLIENT INIT] Mode=SKH | Sparsity=ON (UsedSparsity=0.6) | Clusters=ON (UsedClusters=32) | EnvSparsityCfg={'Conv': 0.6, 'Linear': 0.6, 'Bias': 0.0, 'BatchNorm': 0.0} | EnvNClusters=32
[2026-01-24 20:55:56,825] [INFO] Model initialized on device: cuda:0
[2026-01-24 20:55:56,825] [INFO] [CLIENT INIT] Mode=SKH | Sparsity=ON (UsedSparsity=0.6) | Clusters=ON (UsedClusters=32) | EnvSparsityCfg={'Conv': 0.6, 'Linear': 0.6, 'Bias': 0.0, 'BatchNorm': 0.0} | EnvNClusters=32
[2026-01-24 20:57:02,946] [INFO] [TRAIN] Epoch 5 Loss: 0.8237
[2026-01-24 20:57:02,947] [INFO] [FIT] Local training finished. Avg Loss: 0.8504
[2026-01-24 20:57:57,065] [INFO] Model initialized on device: cuda:0
[2026-01-24 20:57:57,065] [INFO] [CLIENT INIT] Mode=SKH | Sparsity=ON (UsedSparsity=0.6) | Clusters=ON (UsedClusters=32) | EnvSparsityCfg={'Conv': 0.6, 'Linear': 0.6, 'Bias': 0.0, 'BatchNorm': 0.0} | EnvNClusters=32
[2026-01-24 20:57:57,084] [INFO] Model initialized on device: cuda:0
[2026-01-24 20:57:57,084] [INFO] [CLIENT INIT] Mode=SKH | Sparsity=ON (UsedSparsity=0.6) | Clusters=ON (UsedClusters=32) | EnvSparsityCfg={'Conv': 0.6, 'Linear': 0.6, 'Bias': 0.0, 'BatchNorm': 0.0} | EnvNClusters=32
[2026-01-24 20:57:57,212] [INFO] Model initialized on device: cuda:0
[2026-01-24 20:57:57,213] [INFO] [CLIENT INIT] Mode=SKH | Sparsity=ON (UsedSparsity=0.6) | Clusters=ON (UsedClusters=32) | EnvSparsityCfg={'Conv': 0.6, 'Linear': 0.6, 'Bias': 0.0, 'BatchNorm': 0.0} | EnvNClusters=32
[2026-01-24 20:57:57,224] [INFO] Model initialized on device: cuda:0
[2026-01-24 20:57:57,225] [INFO] [CLIENT INIT] Mode=SKH | Sparsity=ON (UsedSparsity=0.6) | Clusters=ON (UsedClusters=32) | EnvSparsityCfg={'Conv': 0.6, 'Linear': 0.6, 'Bias': 0.0, 'BatchNorm': 0.0} | EnvNClusters=32
[2026-01-24 20:57:57,260] [INFO] Model initialized on device: cuda:0
[2026-01-24 20:57:57,260] [INFO] [CLIENT INIT] Mode=SKH | Sparsity=ON (UsedSparsity=0.6) | Clusters=ON (UsedClusters=32) | EnvSparsityCfg={'Conv': 0.6, 'Linear': 0.6, 'Bias': 0.0, 'BatchNorm': 0.0} | EnvNClusters=32
[2026-01-24 20:57:57,364] [INFO] Model initialized on device: cuda:0
[2026-01-24 20:57:57,364] [INFO] [CLIENT INIT] Mode=SKH | Sparsity=ON (UsedSparsity=0.6) | Clusters=ON (UsedClusters=32) | EnvSparsityCfg={'Conv': 0.6, 'Linear': 0.6, 'Bias': 0.0, 'BatchNorm': 0.0} | EnvNClusters=32
[2026-01-24 20:57:57,415] [INFO] Model initialized on device: cuda:0
[2026-01-24 20:57:57,415] [INFO] [CLIENT INIT] Mode=SKH | Sparsity=ON (UsedSparsity=0.6) | Clusters=ON (UsedClusters=32) | EnvSparsityCfg={'Conv': 0.6, 'Linear': 0.6, 'Bias': 0.0, 'BatchNorm': 0.0} | EnvNClusters=32
[2026-01-24 20:57:57,415] [INFO] Model initialized on device: cuda:0
[2026-01-24 20:57:57,415] [INFO] [CLIENT INIT] Mode=SKH | Sparsity=ON (UsedSparsity=0.6) | Clusters=ON (UsedClusters=32) | EnvSparsityCfg={'Conv': 0.6, 'Linear': 0.6, 'Bias': 0.0, 'BatchNorm': 0.0} | EnvNClusters=32
[2026-01-24 20:57:57,614] [INFO] Model initialized on device: cuda:0
[2026-01-24 20:57:57,614] [INFO] [CLIENT INIT] Mode=SKH | Sparsity=ON (UsedSparsity=0.6) | Clusters=ON (UsedClusters=32) | EnvSparsityCfg={'Conv': 0.6, 'Linear': 0.6, 'Bias': 0.0, 'BatchNorm': 0.0} | EnvNClusters=32
[2026-01-24 20:57:57,824] [INFO] Model initialized on device: cuda:0
[2026-01-24 20:57:57,824] [INFO] [CLIENT INIT] Mode=SKH | Sparsity=ON (UsedSparsity=0.6) | Clusters=ON (UsedClusters=32) | EnvSparsityCfg={'Conv': 0.6, 'Linear': 0.6, 'Bias': 0.0, 'BatchNorm': 0.0} | EnvNClusters=32
[2026-01-24 20:58:02,831] [DEBUG] [TEST] Batch 1 | Pred shape: torch.Size([256, 256, 160]) | Label shape: torch.Size([256, 256, 160])
[2026-01-24 20:58:02,953] [DEBUG] [TEST] Batch 2 | Pred shape: torch.Size([256, 256, 160]) | Label shape: torch.Size([256, 256, 160])
[2026-01-24 20:58:03,072] [DEBUG] [TEST] Batch 3 | Pred shape: torch.Size([256, 256, 160]) | Label shape: torch.Size([256, 256, 160])
[2026-01-24 20:58:03,198] [DEBUG] [TEST] Batch 4 | Pred shape: torch.Size([256, 256, 160]) | Label shape: torch.Size([256, 256, 160])
[2026-01-24 20:58:03,324] [DEBUG] [TEST] Batch 5 | Pred shape: torch.Size([256, 256, 160]) | Label shape: torch.Size([256, 256, 160])
[2026-01-24 20:58:03,395] [DEBUG] [TEST] Batch 6 | Pred shape: torch.Size([256, 256, 160]) | Label shape: torch.Size([256, 256, 160])
[2026-01-24 20:58:03,460] [DEBUG] [TEST] Batch 7 | Pred shape: torch.Size([256, 256, 160]) | Label shape: torch.Size([256, 256, 160])
[2026-01-24 20:58:03,517] [DEBUG] [TEST] Batch 8 | Pred shape: torch.Size([256, 256, 160]) | Label shape: torch.Size([256, 256, 160])
[2026-01-24 20:58:03,572] [DEBUG] [TEST] Batch 9 | Pred shape: torch.Size([256, 256, 160]) | Label shape: torch.Size([256, 256, 160])
[2026-01-24 20:58:03,641] [DEBUG] [TEST] Batch 10 | Pred shape: torch.Size([256, 256, 160]) | Label shape: torch.Size([256, 256, 160])
[2026-01-24 20:58:10,176] [INFO] [FIT] Final model saved to: Revision2/Run_UNET_IID_SKHC32S60_20260124/Client2/model_final.pth
[2026-01-24 20:58:21,418] [INFO] [COMM][CLIENT] Round=-1 Mode=SKH UsedSparsity=0.6 UsedClusters=32 BaselineBits=154016352.0 CompressedBits=45428534.6 CR=3.390
[2026-01-24 20:59:00,600] [INFO] [EVALUATE] Starting evaluation...
[2026-01-24 20:59:03,120] [INFO] [DEBUG] Loaded compressed decoded weights.
[2026-01-24 21:00:09,032] [INFO] Model initialized on device: cuda:0
[2026-01-24 21:00:09,033] [INFO] [CLIENT INIT] Mode=SKH | Sparsity=ON (UsedSparsity=0.6) | Clusters=ON (UsedClusters=32) | EnvSparsityCfg={'Conv': 0.6, 'Linear': 0.6, 'Bias': 0.0, 'BatchNorm': 0.0} | EnvNClusters=32
[2026-01-24 21:00:10,112] [INFO] Model initialized on device: cuda:0
[2026-01-24 21:00:10,113] [INFO] [CLIENT INIT] Mode=SKH | Sparsity=ON (UsedSparsity=0.6) | Clusters=ON (UsedClusters=32) | EnvSparsityCfg={'Conv': 0.6, 'Linear': 0.6, 'Bias': 0.0, 'BatchNorm': 0.0} | EnvNClusters=32
[2026-01-24 21:00:10,514] [INFO] Model initialized on device: cuda:0
[2026-01-24 21:00:10,514] [INFO] [CLIENT INIT] Mode=SKH | Sparsity=ON (UsedSparsity=0.6) | Clusters=ON (UsedClusters=32) | EnvSparsityCfg={'Conv': 0.6, 'Linear': 0.6, 'Bias': 0.0, 'BatchNorm': 0.0} | EnvNClusters=32
[2026-01-24 21:00:11,012] [INFO] Model initialized on device: cuda:0
[2026-01-24 21:00:11,012] [INFO] [CLIENT INIT] Mode=SKH | Sparsity=ON (UsedSparsity=0.6) | Clusters=ON (UsedClusters=32) | EnvSparsityCfg={'Conv': 0.6, 'Linear': 0.6, 'Bias': 0.0, 'BatchNorm': 0.0} | EnvNClusters=32
[2026-01-24 21:00:11,034] [INFO] Model initialized on device: cuda:0
[2026-01-24 21:00:11,034] [INFO] [CLIENT INIT] Mode=SKH | Sparsity=ON (UsedSparsity=0.6) | Clusters=ON (UsedClusters=32) | EnvSparsityCfg={'Conv': 0.6, 'Linear': 0.6, 'Bias': 0.0, 'BatchNorm': 0.0} | EnvNClusters=32
[2026-01-24 21:00:11,034] [INFO] Model initialized on device: cuda:0
[2026-01-24 21:00:11,034] [INFO] [CLIENT INIT] Mode=SKH | Sparsity=ON (UsedSparsity=0.6) | Clusters=ON (UsedClusters=32) | EnvSparsityCfg={'Conv': 0.6, 'Linear': 0.6, 'Bias': 0.0, 'BatchNorm': 0.0} | EnvNClusters=32
[2026-01-24 21:00:11,213] [INFO] Model initialized on device: cuda:0
[2026-01-24 21:00:11,213] [INFO] [CLIENT INIT] Mode=SKH | Sparsity=ON (UsedSparsity=0.6) | Clusters=ON (UsedClusters=32) | EnvSparsityCfg={'Conv': 0.6, 'Linear': 0.6, 'Bias': 0.0, 'BatchNorm': 0.0} | EnvNClusters=32
[2026-01-24 21:00:11,322] [INFO] Model initialized on device: cuda:0
[2026-01-24 21:00:11,322] [INFO] [CLIENT INIT] Mode=SKH | Sparsity=ON (UsedSparsity=0.6) | Clusters=ON (UsedClusters=32) | EnvSparsityCfg={'Conv': 0.6, 'Linear': 0.6, 'Bias': 0.0, 'BatchNorm': 0.0} | EnvNClusters=32
[2026-01-24 21:00:11,408] [INFO] Model initialized on device: cuda:0
[2026-01-24 21:00:11,408] [INFO] Model initialized on device: cuda:0
[2026-01-24 21:00:11,408] [INFO] [CLIENT INIT] Mode=SKH | Sparsity=ON (UsedSparsity=0.6) | Clusters=ON (UsedClusters=32) | EnvSparsityCfg={'Conv': 0.6, 'Linear': 0.6, 'Bias': 0.0, 'BatchNorm': 0.0} | EnvNClusters=32
[2026-01-24 21:00:11,408] [INFO] [CLIENT INIT] Mode=SKH | Sparsity=ON (UsedSparsity=0.6) | Clusters=ON (UsedClusters=32) | EnvSparsityCfg={'Conv': 0.6, 'Linear': 0.6, 'Bias': 0.0, 'BatchNorm': 0.0} | EnvNClusters=32
[2026-01-24 21:00:14,916] [DEBUG] [TEST] Batch 1 | Pred shape: torch.Size([256, 256, 160]) | Label shape: torch.Size([256, 256, 160])
[2026-01-24 21:00:17,762] [DEBUG] [TEST] Batch 2 | Pred shape: torch.Size([256, 256, 160]) | Label shape: torch.Size([256, 256, 160])
[2026-01-24 21:00:17,935] [DEBUG] [TEST] Batch 3 | Pred shape: torch.Size([256, 256, 160]) | Label shape: torch.Size([256, 256, 160])
[2026-01-24 21:00:17,990] [DEBUG] [TEST] Batch 4 | Pred shape: torch.Size([256, 256, 160]) | Label shape: torch.Size([256, 256, 160])
[2026-01-24 21:00:18,046] [DEBUG] [TEST] Batch 5 | Pred shape: torch.Size([256, 256, 160]) | Label shape: torch.Size([256, 256, 160])
[2026-01-24 21:00:18,620] [DEBUG] [TEST] Batch 6 | Pred shape: torch.Size([256, 256, 160]) | Label shape: torch.Size([256, 256, 160])
[2026-01-24 21:00:18,751] [DEBUG] [TEST] Batch 7 | Pred shape: torch.Size([256, 256, 160]) | Label shape: torch.Size([256, 256, 160])
[2026-01-24 21:00:18,982] [DEBUG] [TEST] Batch 8 | Pred shape: torch.Size([256, 256, 160]) | Label shape: torch.Size([256, 256, 160])
[2026-01-24 21:00:19,212] [DEBUG] [TEST] Batch 9 | Pred shape: torch.Size([256, 256, 160]) | Label shape: torch.Size([256, 256, 160])
[2026-01-24 21:00:19,440] [DEBUG] [TEST] Batch 10 | Pred shape: torch.Size([256, 256, 160]) | Label shape: torch.Size([256, 256, 160])
[2026-01-24 21:00:25,050] [INFO] [EVALUATE] Dice WT: 0.3134
[2026-01-24 21:00:34,812] [INFO] [FIT] Received parameters. Starting local training...
[2026-01-24 21:00:37,116] [INFO] [DEBUG] Loaded compressed decoded weights.
[2026-01-24 21:01:39,527] [INFO] Model initialized on device: cuda:0
[2026-01-24 21:01:39,527] [INFO] [CLIENT INIT] Mode=SKH | Sparsity=ON (UsedSparsity=0.6) | Clusters=ON (UsedClusters=32) | EnvSparsityCfg={'Conv': 0.6, 'Linear': 0.6, 'Bias': 0.0, 'BatchNorm': 0.0} | EnvNClusters=32
[2026-01-24 21:01:42,715] [INFO] Model initialized on device: cuda:0
[2026-01-24 21:01:42,715] [INFO] [CLIENT INIT] Mode=SKH | Sparsity=ON (UsedSparsity=0.6) | Clusters=ON (UsedClusters=32) | EnvSparsityCfg={'Conv': 0.6, 'Linear': 0.6, 'Bias': 0.0, 'BatchNorm': 0.0} | EnvNClusters=32
[2026-01-24 21:01:42,715] [INFO] Model initialized on device: cuda:0
[2026-01-24 21:01:42,715] [INFO] [CLIENT INIT] Mode=SKH | Sparsity=ON (UsedSparsity=0.6) | Clusters=ON (UsedClusters=32) | EnvSparsityCfg={'Conv': 0.6, 'Linear': 0.6, 'Bias': 0.0, 'BatchNorm': 0.0} | EnvNClusters=32
[2026-01-24 21:01:43,342] [INFO] Model initialized on device: cuda:0
[2026-01-24 21:01:43,342] [INFO] [CLIENT INIT] Mode=SKH | Sparsity=ON (UsedSparsity=0.6) | Clusters=ON (UsedClusters=32) | EnvSparsityCfg={'Conv': 0.6, 'Linear': 0.6, 'Bias': 0.0, 'BatchNorm': 0.0} | EnvNClusters=32
[2026-01-24 21:01:43,625] [INFO] Model initialized on device: cuda:0
[2026-01-24 21:01:43,625] [INFO] [CLIENT INIT] Mode=SKH | Sparsity=ON (UsedSparsity=0.6) | Clusters=ON (UsedClusters=32) | EnvSparsityCfg={'Conv': 0.6, 'Linear': 0.6, 'Bias': 0.0, 'BatchNorm': 0.0} | EnvNClusters=32
[2026-01-24 21:01:43,708] [INFO] Model initialized on device: cuda:0
[2026-01-24 21:01:43,708] [INFO] [CLIENT INIT] Mode=SKH | Sparsity=ON (UsedSparsity=0.6) | Clusters=ON (UsedClusters=32) | EnvSparsityCfg={'Conv': 0.6, 'Linear': 0.6, 'Bias': 0.0, 'BatchNorm': 0.0} | EnvNClusters=32
[2026-01-24 21:01:43,711] [INFO] Model initialized on device: cuda:0
[2026-01-24 21:01:43,711] [INFO] [CLIENT INIT] Mode=SKH | Sparsity=ON (UsedSparsity=0.6) | Clusters=ON (UsedClusters=32) | EnvSparsityCfg={'Conv': 0.6, 'Linear': 0.6, 'Bias': 0.0, 'BatchNorm': 0.0} | EnvNClusters=32
[2026-01-24 21:01:43,712] [INFO] Model initialized on device: cuda:0
[2026-01-24 21:01:43,712] [INFO] [CLIENT INIT] Mode=SKH | Sparsity=ON (UsedSparsity=0.6) | Clusters=ON (UsedClusters=32) | EnvSparsityCfg={'Conv': 0.6, 'Linear': 0.6, 'Bias': 0.0, 'BatchNorm': 0.0} | EnvNClusters=32
[2026-01-24 21:01:43,717] [INFO] Model initialized on device: cuda:0
[2026-01-24 21:01:43,718] [INFO] [CLIENT INIT] Mode=SKH | Sparsity=ON (UsedSparsity=0.6) | Clusters=ON (UsedClusters=32) | EnvSparsityCfg={'Conv': 0.6, 'Linear': 0.6, 'Bias': 0.0, 'BatchNorm': 0.0} | EnvNClusters=32
[2026-01-24 21:01:43,723] [INFO] Model initialized on device: cuda:0
[2026-01-24 21:01:43,723] [INFO] [CLIENT INIT] Mode=SKH | Sparsity=ON (UsedSparsity=0.6) | Clusters=ON (UsedClusters=32) | EnvSparsityCfg={'Conv': 0.6, 'Linear': 0.6, 'Bias': 0.0, 'BatchNorm': 0.0} | EnvNClusters=32
[2026-01-24 21:02:56,013] [INFO] [TRAIN] Epoch 1 Loss: 0.8453
[2026-01-24 21:03:54,513] [INFO] Model initialized on device: cuda:0
[2026-01-24 21:03:54,513] [INFO] [CLIENT INIT] Mode=SKH | Sparsity=ON (UsedSparsity=0.6) | Clusters=ON (UsedClusters=32) | EnvSparsityCfg={'Conv': 0.6, 'Linear': 0.6, 'Bias': 0.0, 'BatchNorm': 0.0} | EnvNClusters=32
[2026-01-24 21:03:54,518] [INFO] Model initialized on device: cuda:0
[2026-01-24 21:03:54,518] [INFO] [CLIENT INIT] Mode=SKH | Sparsity=ON (UsedSparsity=0.6) | Clusters=ON (UsedClusters=32) | EnvSparsityCfg={'Conv': 0.6, 'Linear': 0.6, 'Bias': 0.0, 'BatchNorm': 0.0} | EnvNClusters=32
[2026-01-24 21:03:54,519] [INFO] Model initialized on device: cuda:0
[2026-01-24 21:03:54,519] [INFO] [CLIENT INIT] Mode=SKH | Sparsity=ON (UsedSparsity=0.6) | Clusters=ON (UsedClusters=32) | EnvSparsityCfg={'Conv': 0.6, 'Linear': 0.6, 'Bias': 0.0, 'BatchNorm': 0.0} | EnvNClusters=32
[2026-01-24 21:03:54,522] [INFO] Model initialized on device: cuda:0
[2026-01-24 21:03:54,522] [INFO] [CLIENT INIT] Mode=SKH | Sparsity=ON (UsedSparsity=0.6) | Clusters=ON (UsedClusters=32) | EnvSparsityCfg={'Conv': 0.6, 'Linear': 0.6, 'Bias': 0.0, 'BatchNorm': 0.0} | EnvNClusters=32
[2026-01-24 21:03:54,916] [INFO] Model initialized on device: cuda:0
[2026-01-24 21:03:54,917] [INFO] [CLIENT INIT] Mode=SKH | Sparsity=ON (UsedSparsity=0.6) | Clusters=ON (UsedClusters=32) | EnvSparsityCfg={'Conv': 0.6, 'Linear': 0.6, 'Bias': 0.0, 'BatchNorm': 0.0} | EnvNClusters=32
[2026-01-24 21:03:54,919] [INFO] Model initialized on device: cuda:0
[2026-01-24 21:03:54,919] [INFO] [CLIENT INIT] Mode=SKH | Sparsity=ON (UsedSparsity=0.6) | Clusters=ON (UsedClusters=32) | EnvSparsityCfg={'Conv': 0.6, 'Linear': 0.6, 'Bias': 0.0, 'BatchNorm': 0.0} | EnvNClusters=32
[2026-01-24 21:03:54,941] [INFO] Model initialized on device: cuda:0
[2026-01-24 21:03:54,942] [INFO] [CLIENT INIT] Mode=SKH | Sparsity=ON (UsedSparsity=0.6) | Clusters=ON (UsedClusters=32) | EnvSparsityCfg={'Conv': 0.6, 'Linear': 0.6, 'Bias': 0.0, 'BatchNorm': 0.0} | EnvNClusters=32
[2026-01-24 21:03:55,007] [INFO] Model initialized on device: cuda:0
[2026-01-24 21:03:55,008] [INFO] [CLIENT INIT] Mode=SKH | Sparsity=ON (UsedSparsity=0.6) | Clusters=ON (UsedClusters=32) | EnvSparsityCfg={'Conv': 0.6, 'Linear': 0.6, 'Bias': 0.0, 'BatchNorm': 0.0} | EnvNClusters=32
[2026-01-24 21:03:55,014] [INFO] Model initialized on device: cuda:0
[2026-01-24 21:03:55,014] [INFO] [CLIENT INIT] Mode=SKH | Sparsity=ON (UsedSparsity=0.6) | Clusters=ON (UsedClusters=32) | EnvSparsityCfg={'Conv': 0.6, 'Linear': 0.6, 'Bias': 0.0, 'BatchNorm': 0.0} | EnvNClusters=32
[2026-01-24 21:03:55,015] [INFO] Model initialized on device: cuda:0
[2026-01-24 21:03:55,015] [INFO] [CLIENT INIT] Mode=SKH | Sparsity=ON (UsedSparsity=0.6) | Clusters=ON (UsedClusters=32) | EnvSparsityCfg={'Conv': 0.6, 'Linear': 0.6, 'Bias': 0.0, 'BatchNorm': 0.0} | EnvNClusters=32
[2026-01-24 21:05:03,114] [INFO] [TRAIN] Epoch 2 Loss: 0.8304
[2026-01-24 21:05:50,241] [INFO] Model initialized on device: cuda:0
[2026-01-24 21:05:50,241] [INFO] [CLIENT INIT] Mode=SKH | Sparsity=ON (UsedSparsity=0.6) | Clusters=ON (UsedClusters=32) | EnvSparsityCfg={'Conv': 0.6, 'Linear': 0.6, 'Bias': 0.0, 'BatchNorm': 0.0} | EnvNClusters=32
[2026-01-24 21:05:53,813] [INFO] Model initialized on device: cuda:0
[2026-01-24 21:05:53,813] [INFO] [CLIENT INIT] Mode=SKH | Sparsity=ON (UsedSparsity=0.6) | Clusters=ON (UsedClusters=32) | EnvSparsityCfg={'Conv': 0.6, 'Linear': 0.6, 'Bias': 0.0, 'BatchNorm': 0.0} | EnvNClusters=32
[2026-01-24 21:05:54,211] [INFO] Model initialized on device: cuda:0
[2026-01-24 21:05:54,211] [INFO] [CLIENT INIT] Mode=SKH | Sparsity=ON (UsedSparsity=0.6) | Clusters=ON (UsedClusters=32) | EnvSparsityCfg={'Conv': 0.6, 'Linear': 0.6, 'Bias': 0.0, 'BatchNorm': 0.0} | EnvNClusters=32
[2026-01-24 21:05:54,321] [INFO] Model initialized on device: cuda:0
[2026-01-24 21:05:54,321] [INFO] [CLIENT INIT] Mode=SKH | Sparsity=ON (UsedSparsity=0.6) | Clusters=ON (UsedClusters=32) | EnvSparsityCfg={'Conv': 0.6, 'Linear': 0.6, 'Bias': 0.0, 'BatchNorm': 0.0} | EnvNClusters=32
[2026-01-24 21:05:54,436] [INFO] Model initialized on device: cuda:0
[2026-01-24 21:05:54,436] [INFO] [CLIENT INIT] Mode=SKH | Sparsity=ON (UsedSparsity=0.6) | Clusters=ON (UsedClusters=32) | EnvSparsityCfg={'Conv': 0.6, 'Linear': 0.6, 'Bias': 0.0, 'BatchNorm': 0.0} | EnvNClusters=32
[2026-01-24 21:05:54,508] [INFO] Model initialized on device: cuda:0
[2026-01-24 21:05:54,508] [INFO] [CLIENT INIT] Mode=SKH | Sparsity=ON (UsedSparsity=0.6) | Clusters=ON (UsedClusters=32) | EnvSparsityCfg={'Conv': 0.6, 'Linear': 0.6, 'Bias': 0.0, 'BatchNorm': 0.0} | EnvNClusters=32
[2026-01-24 21:05:54,519] [INFO] Model initialized on device: cuda:0
[2026-01-24 21:05:54,520] [INFO] [CLIENT INIT] Mode=SKH | Sparsity=ON (UsedSparsity=0.6) | Clusters=ON (UsedClusters=32) | EnvSparsityCfg={'Conv': 0.6, 'Linear': 0.6, 'Bias': 0.0, 'BatchNorm': 0.0} | EnvNClusters=32
[2026-01-24 21:05:54,520] [INFO] Model initialized on device: cuda:0
[2026-01-24 21:05:54,520] [INFO] [CLIENT INIT] Mode=SKH | Sparsity=ON (UsedSparsity=0.6) | Clusters=ON (UsedClusters=32) | EnvSparsityCfg={'Conv': 0.6, 'Linear': 0.6, 'Bias': 0.0, 'BatchNorm': 0.0} | EnvNClusters=32
[2026-01-24 21:05:54,521] [INFO] Model initialized on device: cuda:0
[2026-01-24 21:05:54,522] [INFO] [CLIENT INIT] Mode=SKH | Sparsity=ON (UsedSparsity=0.6) | Clusters=ON (UsedClusters=32) | EnvSparsityCfg={'Conv': 0.6, 'Linear': 0.6, 'Bias': 0.0, 'BatchNorm': 0.0} | EnvNClusters=32
[2026-01-24 21:05:54,522] [INFO] Model initialized on device: cuda:0
[2026-01-24 21:05:54,522] [INFO] [CLIENT INIT] Mode=SKH | Sparsity=ON (UsedSparsity=0.6) | Clusters=ON (UsedClusters=32) | EnvSparsityCfg={'Conv': 0.6, 'Linear': 0.6, 'Bias': 0.0, 'BatchNorm': 0.0} | EnvNClusters=32
[2026-01-24 21:06:58,315] [INFO] [TRAIN] Epoch 3 Loss: 0.8169
[2026-01-24 21:07:50,039] [INFO] Model initialized on device: cuda:0
[2026-01-24 21:07:50,039] [INFO] [CLIENT INIT] Mode=SKH | Sparsity=ON (UsedSparsity=0.6) | Clusters=ON (UsedClusters=32) | EnvSparsityCfg={'Conv': 0.6, 'Linear': 0.6, 'Bias': 0.0, 'BatchNorm': 0.0} | EnvNClusters=32
[2026-01-24 21:07:52,412] [INFO] Model initialized on device: cuda:0
[2026-01-24 21:07:52,412] [INFO] [CLIENT INIT] Mode=SKH | Sparsity=ON (UsedSparsity=0.6) | Clusters=ON (UsedClusters=32) | EnvSparsityCfg={'Conv': 0.6, 'Linear': 0.6, 'Bias': 0.0, 'BatchNorm': 0.0} | EnvNClusters=32
[2026-01-24 21:07:52,739] [INFO] Model initialized on device: cuda:0
[2026-01-24 21:07:52,740] [INFO] [CLIENT INIT] Mode=SKH | Sparsity=ON (UsedSparsity=0.6) | Clusters=ON (UsedClusters=32) | EnvSparsityCfg={'Conv': 0.6, 'Linear': 0.6, 'Bias': 0.0, 'BatchNorm': 0.0} | EnvNClusters=32
[2026-01-24 21:07:52,808] [INFO] Model initialized on device: cuda:0
[2026-01-24 21:07:52,808] [INFO] [CLIENT INIT] Mode=SKH | Sparsity=ON (UsedSparsity=0.6) | Clusters=ON (UsedClusters=32) | EnvSparsityCfg={'Conv': 0.6, 'Linear': 0.6, 'Bias': 0.0, 'BatchNorm': 0.0} | EnvNClusters=32
[2026-01-24 21:07:52,822] [INFO] Model initialized on device: cuda:0
[2026-01-24 21:07:52,822] [INFO] [CLIENT INIT] Mode=SKH | Sparsity=ON (UsedSparsity=0.6) | Clusters=ON (UsedClusters=32) | EnvSparsityCfg={'Conv': 0.6, 'Linear': 0.6, 'Bias': 0.0, 'BatchNorm': 0.0} | EnvNClusters=32
[2026-01-24 21:07:52,934] [INFO] Model initialized on device: cuda:0
[2026-01-24 21:07:52,934] [INFO] [CLIENT INIT] Mode=SKH | Sparsity=ON (UsedSparsity=0.6) | Clusters=ON (UsedClusters=32) | EnvSparsityCfg={'Conv': 0.6, 'Linear': 0.6, 'Bias': 0.0, 'BatchNorm': 0.0} | EnvNClusters=32
[2026-01-24 21:07:53,008] [INFO] Model initialized on device: cuda:0
[2026-01-24 21:07:53,008] [INFO] [CLIENT INIT] Mode=SKH | Sparsity=ON (UsedSparsity=0.6) | Clusters=ON (UsedClusters=32) | EnvSparsityCfg={'Conv': 0.6, 'Linear': 0.6, 'Bias': 0.0, 'BatchNorm': 0.0} | EnvNClusters=32
[2026-01-24 21:07:53,008] [INFO] Model initialized on device: cuda:0
[2026-01-24 21:07:53,009] [INFO] [CLIENT INIT] Mode=SKH | Sparsity=ON (UsedSparsity=0.6) | Clusters=ON (UsedClusters=32) | EnvSparsityCfg={'Conv': 0.6, 'Linear': 0.6, 'Bias': 0.0, 'BatchNorm': 0.0} | EnvNClusters=32
[2026-01-24 21:07:53,013] [INFO] Model initialized on device: cuda:0
[2026-01-24 21:07:53,013] [INFO] [CLIENT INIT] Mode=SKH | Sparsity=ON (UsedSparsity=0.6) | Clusters=ON (UsedClusters=32) | EnvSparsityCfg={'Conv': 0.6, 'Linear': 0.6, 'Bias': 0.0, 'BatchNorm': 0.0} | EnvNClusters=32
[2026-01-24 21:07:53,015] [INFO] Model initialized on device: cuda:0
[2026-01-24 21:07:53,015] [INFO] [CLIENT INIT] Mode=SKH | Sparsity=ON (UsedSparsity=0.6) | Clusters=ON (UsedClusters=32) | EnvSparsityCfg={'Conv': 0.6, 'Linear': 0.6, 'Bias': 0.0, 'BatchNorm': 0.0} | EnvNClusters=32
[2026-01-24 21:08:59,917] [INFO] [TRAIN] Epoch 4 Loss: 0.8017
[2026-01-24 21:09:52,610] [INFO] Model initialized on device: cuda:0
[2026-01-24 21:09:52,610] [INFO] [CLIENT INIT] Mode=SKH | Sparsity=ON (UsedSparsity=0.6) | Clusters=ON (UsedClusters=32) | EnvSparsityCfg={'Conv': 0.6, 'Linear': 0.6, 'Bias': 0.0, 'BatchNorm': 0.0} | EnvNClusters=32
[2026-01-24 21:09:53,108] [INFO] Model initialized on device: cuda:0
[2026-01-24 21:09:53,108] [INFO] [CLIENT INIT] Mode=SKH | Sparsity=ON (UsedSparsity=0.6) | Clusters=ON (UsedClusters=32) | EnvSparsityCfg={'Conv': 0.6, 'Linear': 0.6, 'Bias': 0.0, 'BatchNorm': 0.0} | EnvNClusters=32
[2026-01-24 21:09:53,411] [INFO] Model initialized on device: cuda:0
[2026-01-24 21:09:53,412] [INFO] [CLIENT INIT] Mode=SKH | Sparsity=ON (UsedSparsity=0.6) | Clusters=ON (UsedClusters=32) | EnvSparsityCfg={'Conv': 0.6, 'Linear': 0.6, 'Bias': 0.0, 'BatchNorm': 0.0} | EnvNClusters=32
[2026-01-24 21:09:53,520] [INFO] Model initialized on device: cuda:0
[2026-01-24 21:09:53,520] [INFO] [CLIENT INIT] Mode=SKH | Sparsity=ON (UsedSparsity=0.6) | Clusters=ON (UsedClusters=32) | EnvSparsityCfg={'Conv': 0.6, 'Linear': 0.6, 'Bias': 0.0, 'BatchNorm': 0.0} | EnvNClusters=32
[2026-01-24 21:09:53,913] [INFO] Model initialized on device: cuda:0
[2026-01-24 21:09:53,913] [INFO] [CLIENT INIT] Mode=SKH | Sparsity=ON (UsedSparsity=0.6) | Clusters=ON (UsedClusters=32) | EnvSparsityCfg={'Conv': 0.6, 'Linear': 0.6, 'Bias': 0.0, 'BatchNorm': 0.0} | EnvNClusters=32
[2026-01-24 21:09:54,037] [INFO] Model initialized on device: cuda:0
[2026-01-24 21:09:54,037] [INFO] [CLIENT INIT] Mode=SKH | Sparsity=ON (UsedSparsity=0.6) | Clusters=ON (UsedClusters=32) | EnvSparsityCfg={'Conv': 0.6, 'Linear': 0.6, 'Bias': 0.0, 'BatchNorm': 0.0} | EnvNClusters=32
[2026-01-24 21:09:54,333] [INFO] Model initialized on device: cuda:0
[2026-01-24 21:09:54,333] [INFO] [CLIENT INIT] Mode=SKH | Sparsity=ON (UsedSparsity=0.6) | Clusters=ON (UsedClusters=32) | EnvSparsityCfg={'Conv': 0.6, 'Linear': 0.6, 'Bias': 0.0, 'BatchNorm': 0.0} | EnvNClusters=32
[2026-01-24 21:09:54,517] [INFO] Model initialized on device: cuda:0
[2026-01-24 21:09:54,517] [INFO] [CLIENT INIT] Mode=SKH | Sparsity=ON (UsedSparsity=0.6) | Clusters=ON (UsedClusters=32) | EnvSparsityCfg={'Conv': 0.6, 'Linear': 0.6, 'Bias': 0.0, 'BatchNorm': 0.0} | EnvNClusters=32
[2026-01-24 21:09:54,517] [INFO] Model initialized on device: cuda:0
[2026-01-24 21:09:54,517] [INFO] [CLIENT INIT] Mode=SKH | Sparsity=ON (UsedSparsity=0.6) | Clusters=ON (UsedClusters=32) | EnvSparsityCfg={'Conv': 0.6, 'Linear': 0.6, 'Bias': 0.0, 'BatchNorm': 0.0} | EnvNClusters=32
[2026-01-24 21:09:54,519] [INFO] Model initialized on device: cuda:0
[2026-01-24 21:09:54,519] [INFO] [CLIENT INIT] Mode=SKH | Sparsity=ON (UsedSparsity=0.6) | Clusters=ON (UsedClusters=32) | EnvSparsityCfg={'Conv': 0.6, 'Linear': 0.6, 'Bias': 0.0, 'BatchNorm': 0.0} | EnvNClusters=32
[2026-01-24 21:10:58,937] [INFO] [TRAIN] Epoch 5 Loss: 0.7827
[2026-01-24 21:10:58,938] [INFO] [FIT] Local training finished. Avg Loss: 0.8154
[2026-01-24 21:11:49,427] [INFO] Model initialized on device: cuda:0
[2026-01-24 21:11:49,427] [INFO] [CLIENT INIT] Mode=SKH | Sparsity=ON (UsedSparsity=0.6) | Clusters=ON (UsedClusters=32) | EnvSparsityCfg={'Conv': 0.6, 'Linear': 0.6, 'Bias': 0.0, 'BatchNorm': 0.0} | EnvNClusters=32
[2026-01-24 21:11:50,516] [INFO] Model initialized on device: cuda:0
[2026-01-24 21:11:50,516] [INFO] [CLIENT INIT] Mode=SKH | Sparsity=ON (UsedSparsity=0.6) | Clusters=ON (UsedClusters=32) | EnvSparsityCfg={'Conv': 0.6, 'Linear': 0.6, 'Bias': 0.0, 'BatchNorm': 0.0} | EnvNClusters=32
[2026-01-24 21:11:50,530] [INFO] Model initialized on device: cuda:0
[2026-01-24 21:11:50,531] [INFO] [CLIENT INIT] Mode=SKH | Sparsity=ON (UsedSparsity=0.6) | Clusters=ON (UsedClusters=32) | EnvSparsityCfg={'Conv': 0.6, 'Linear': 0.6, 'Bias': 0.0, 'BatchNorm': 0.0} | EnvNClusters=32
[2026-01-24 21:11:50,609] [INFO] Model initialized on device: cuda:0
[2026-01-24 21:11:50,609] [INFO] [CLIENT INIT] Mode=SKH | Sparsity=ON (UsedSparsity=0.6) | Clusters=ON (UsedClusters=32) | EnvSparsityCfg={'Conv': 0.6, 'Linear': 0.6, 'Bias': 0.0, 'BatchNorm': 0.0} | EnvNClusters=32
[2026-01-24 21:11:50,633] [INFO] Model initialized on device: cuda:0
[2026-01-24 21:11:50,633] [INFO] [CLIENT INIT] Mode=SKH | Sparsity=ON (UsedSparsity=0.6) | Clusters=ON (UsedClusters=32) | EnvSparsityCfg={'Conv': 0.6, 'Linear': 0.6, 'Bias': 0.0, 'BatchNorm': 0.0} | EnvNClusters=32
[2026-01-24 21:11:50,661] [INFO] Model initialized on device: cuda:0
[2026-01-24 21:11:50,661] [INFO] [CLIENT INIT] Mode=SKH | Sparsity=ON (UsedSparsity=0.6) | Clusters=ON (UsedClusters=32) | EnvSparsityCfg={'Conv': 0.6, 'Linear': 0.6, 'Bias': 0.0, 'BatchNorm': 0.0} | EnvNClusters=32
[2026-01-24 21:11:50,690] [INFO] Model initialized on device: cuda:0
[2026-01-24 21:11:50,690] [INFO] [CLIENT INIT] Mode=SKH | Sparsity=ON (UsedSparsity=0.6) | Clusters=ON (UsedClusters=32) | EnvSparsityCfg={'Conv': 0.6, 'Linear': 0.6, 'Bias': 0.0, 'BatchNorm': 0.0} | EnvNClusters=32
[2026-01-24 21:11:50,709] [INFO] Model initialized on device: cuda:0
[2026-01-24 21:11:50,709] [INFO] [CLIENT INIT] Mode=SKH | Sparsity=ON (UsedSparsity=0.6) | Clusters=ON (UsedClusters=32) | EnvSparsityCfg={'Conv': 0.6, 'Linear': 0.6, 'Bias': 0.0, 'BatchNorm': 0.0} | EnvNClusters=32
[2026-01-24 21:11:50,710] [INFO] Model initialized on device: cuda:0
[2026-01-24 21:11:50,711] [INFO] [CLIENT INIT] Mode=SKH | Sparsity=ON (UsedSparsity=0.6) | Clusters=ON (UsedClusters=32) | EnvSparsityCfg={'Conv': 0.6, 'Linear': 0.6, 'Bias': 0.0, 'BatchNorm': 0.0} | EnvNClusters=32
[2026-01-24 21:11:50,714] [INFO] Model initialized on device: cuda:0
[2026-01-24 21:11:50,714] [INFO] [CLIENT INIT] Mode=SKH | Sparsity=ON (UsedSparsity=0.6) | Clusters=ON (UsedClusters=32) | EnvSparsityCfg={'Conv': 0.6, 'Linear': 0.6, 'Bias': 0.0, 'BatchNorm': 0.0} | EnvNClusters=32
[2026-01-24 21:11:54,807] [DEBUG] [TEST] Batch 1 | Pred shape: torch.Size([256, 256, 160]) | Label shape: torch.Size([256, 256, 160])
[2026-01-24 21:11:54,911] [DEBUG] [TEST] Batch 2 | Pred shape: torch.Size([256, 256, 160]) | Label shape: torch.Size([256, 256, 160])
[2026-01-24 21:11:55,192] [DEBUG] [TEST] Batch 3 | Pred shape: torch.Size([256, 256, 160]) | Label shape: torch.Size([256, 256, 160])
[2026-01-24 21:11:55,248] [DEBUG] [TEST] Batch 4 | Pred shape: torch.Size([256, 256, 160]) | Label shape: torch.Size([256, 256, 160])
[2026-01-24 21:11:55,303] [DEBUG] [TEST] Batch 5 | Pred shape: torch.Size([256, 256, 160]) | Label shape: torch.Size([256, 256, 160])
[2026-01-24 21:11:55,361] [DEBUG] [TEST] Batch 6 | Pred shape: torch.Size([256, 256, 160]) | Label shape: torch.Size([256, 256, 160])
[2026-01-24 21:11:55,415] [DEBUG] [TEST] Batch 7 | Pred shape: torch.Size([256, 256, 160]) | Label shape: torch.Size([256, 256, 160])
[2026-01-24 21:11:55,511] [DEBUG] [TEST] Batch 8 | Pred shape: torch.Size([256, 256, 160]) | Label shape: torch.Size([256, 256, 160])
[2026-01-24 21:11:55,566] [DEBUG] [TEST] Batch 9 | Pred shape: torch.Size([256, 256, 160]) | Label shape: torch.Size([256, 256, 160])
[2026-01-24 21:11:55,621] [DEBUG] [TEST] Batch 10 | Pred shape: torch.Size([256, 256, 160]) | Label shape: torch.Size([256, 256, 160])
[2026-01-24 21:11:58,355] [INFO] [FIT] Final model saved to: Revision2/Run_UNET_IID_SKHC32S60_20260124/Client2/model_final.pth
[2026-01-24 21:12:07,769] [INFO] [COMM][CLIENT] Round=-1 Mode=SKH UsedSparsity=0.6 UsedClusters=32 BaselineBits=154016352.0 CompressedBits=45396938.6 CR=3.393
[2026-01-24 21:12:42,144] [INFO] [EVALUATE] Starting evaluation...
[2026-01-24 21:12:44,515] [INFO] [DEBUG] Loaded compressed decoded weights.
[2026-01-24 21:13:51,847] [INFO] Model initialized on device: cuda:0
[2026-01-24 21:13:51,847] [INFO] [CLIENT INIT] Mode=SKH | Sparsity=ON (UsedSparsity=0.6) | Clusters=ON (UsedClusters=32) | EnvSparsityCfg={'Conv': 0.6, 'Linear': 0.6, 'Bias': 0.0, 'BatchNorm': 0.0} | EnvNClusters=32
[2026-01-24 21:13:52,272] [INFO] Model initialized on device: cuda:0
[2026-01-24 21:13:52,272] [INFO] [CLIENT INIT] Mode=SKH | Sparsity=ON (UsedSparsity=0.6) | Clusters=ON (UsedClusters=32) | EnvSparsityCfg={'Conv': 0.6, 'Linear': 0.6, 'Bias': 0.0, 'BatchNorm': 0.0} | EnvNClusters=32
[2026-01-24 21:13:52,769] [INFO] Model initialized on device: cuda:0
[2026-01-24 21:13:52,769] [INFO] [CLIENT INIT] Mode=SKH | Sparsity=ON (UsedSparsity=0.6) | Clusters=ON (UsedClusters=32) | EnvSparsityCfg={'Conv': 0.6, 'Linear': 0.6, 'Bias': 0.0, 'BatchNorm': 0.0} | EnvNClusters=32
[2026-01-24 21:13:52,810] [INFO] Model initialized on device: cuda:0
[2026-01-24 21:13:52,810] [INFO] [CLIENT INIT] Mode=SKH | Sparsity=ON (UsedSparsity=0.6) | Clusters=ON (UsedClusters=32) | EnvSparsityCfg={'Conv': 0.6, 'Linear': 0.6, 'Bias': 0.0, 'BatchNorm': 0.0} | EnvNClusters=32
[2026-01-24 21:13:52,866] [INFO] Model initialized on device: cuda:0
[2026-01-24 21:13:52,866] [INFO] [CLIENT INIT] Mode=SKH | Sparsity=ON (UsedSparsity=0.6) | Clusters=ON (UsedClusters=32) | EnvSparsityCfg={'Conv': 0.6, 'Linear': 0.6, 'Bias': 0.0, 'BatchNorm': 0.0} | EnvNClusters=32
[2026-01-24 21:13:52,870] [INFO] Model initialized on device: cuda:0
[2026-01-24 21:13:52,870] [INFO] [CLIENT INIT] Mode=SKH | Sparsity=ON (UsedSparsity=0.6) | Clusters=ON (UsedClusters=32) | EnvSparsityCfg={'Conv': 0.6, 'Linear': 0.6, 'Bias': 0.0, 'BatchNorm': 0.0} | EnvNClusters=32
[2026-01-24 21:13:52,907] [INFO] Model initialized on device: cuda:0
[2026-01-24 21:13:52,908] [INFO] [CLIENT INIT] Mode=SKH | Sparsity=ON (UsedSparsity=0.6) | Clusters=ON (UsedClusters=32) | EnvSparsityCfg={'Conv': 0.6, 'Linear': 0.6, 'Bias': 0.0, 'BatchNorm': 0.0} | EnvNClusters=32
[2026-01-24 21:13:52,942] [INFO] Model initialized on device: cuda:0
[2026-01-24 21:13:52,942] [INFO] [CLIENT INIT] Mode=SKH | Sparsity=ON (UsedSparsity=0.6) | Clusters=ON (UsedClusters=32) | EnvSparsityCfg={'Conv': 0.6, 'Linear': 0.6, 'Bias': 0.0, 'BatchNorm': 0.0} | EnvNClusters=32
[2026-01-24 21:13:52,944] [INFO] Model initialized on device: cuda:0
[2026-01-24 21:13:52,944] [INFO] [CLIENT INIT] Mode=SKH | Sparsity=ON (UsedSparsity=0.6) | Clusters=ON (UsedClusters=32) | EnvSparsityCfg={'Conv': 0.6, 'Linear': 0.6, 'Bias': 0.0, 'BatchNorm': 0.0} | EnvNClusters=32
[2026-01-24 21:13:52,947] [INFO] Model initialized on device: cuda:0
[2026-01-24 21:13:52,947] [INFO] [CLIENT INIT] Mode=SKH | Sparsity=ON (UsedSparsity=0.6) | Clusters=ON (UsedClusters=32) | EnvSparsityCfg={'Conv': 0.6, 'Linear': 0.6, 'Bias': 0.0, 'BatchNorm': 0.0} | EnvNClusters=32
[2026-01-24 21:13:56,864] [DEBUG] [TEST] Batch 1 | Pred shape: torch.Size([256, 256, 160]) | Label shape: torch.Size([256, 256, 160])
[2026-01-24 21:13:57,514] [DEBUG] [TEST] Batch 2 | Pred shape: torch.Size([256, 256, 160]) | Label shape: torch.Size([256, 256, 160])
[2026-01-24 21:13:57,815] [DEBUG] [TEST] Batch 3 | Pred shape: torch.Size([256, 256, 160]) | Label shape: torch.Size([256, 256, 160])
[2026-01-24 21:13:57,936] [DEBUG] [TEST] Batch 4 | Pred shape: torch.Size([256, 256, 160]) | Label shape: torch.Size([256, 256, 160])
[2026-01-24 21:13:58,060] [DEBUG] [TEST] Batch 5 | Pred shape: torch.Size([256, 256, 160]) | Label shape: torch.Size([256, 256, 160])
[2026-01-24 21:13:58,222] [DEBUG] [TEST] Batch 6 | Pred shape: torch.Size([256, 256, 160]) | Label shape: torch.Size([256, 256, 160])
[2026-01-24 21:13:58,342] [DEBUG] [TEST] Batch 7 | Pred shape: torch.Size([256, 256, 160]) | Label shape: torch.Size([256, 256, 160])
[2026-01-24 21:13:58,460] [DEBUG] [TEST] Batch 8 | Pred shape: torch.Size([256, 256, 160]) | Label shape: torch.Size([256, 256, 160])
[2026-01-24 21:13:58,521] [DEBUG] [TEST] Batch 9 | Pred shape: torch.Size([256, 256, 160]) | Label shape: torch.Size([256, 256, 160])
[2026-01-24 21:13:58,661] [DEBUG] [TEST] Batch 10 | Pred shape: torch.Size([256, 256, 160]) | Label shape: torch.Size([256, 256, 160])
[2026-01-24 21:14:04,448] [INFO] [EVALUATE] Dice WT: 0.4481
[2026-01-24 21:14:10,809] [INFO] [FIT] Received parameters. Starting local training...
[2026-01-24 21:14:13,511] [INFO] [DEBUG] Loaded compressed decoded weights.
[2026-01-24 21:15:19,257] [INFO] Model initialized on device: cuda:0
[2026-01-24 21:15:19,257] [INFO] [CLIENT INIT] Mode=SKH | Sparsity=ON (UsedSparsity=0.6) | Clusters=ON (UsedClusters=32) | EnvSparsityCfg={'Conv': 0.6, 'Linear': 0.6, 'Bias': 0.0, 'BatchNorm': 0.0} | EnvNClusters=32
[2026-01-24 21:15:20,018] [INFO] Model initialized on device: cuda:0
[2026-01-24 21:15:20,018] [INFO] [CLIENT INIT] Mode=SKH | Sparsity=ON (UsedSparsity=0.6) | Clusters=ON (UsedClusters=32) | EnvSparsityCfg={'Conv': 0.6, 'Linear': 0.6, 'Bias': 0.0, 'BatchNorm': 0.0} | EnvNClusters=32
[2026-01-24 21:15:20,018] [INFO] Model initialized on device: cuda:0
[2026-01-24 21:15:20,018] [INFO] [CLIENT INIT] Mode=SKH | Sparsity=ON (UsedSparsity=0.6) | Clusters=ON (UsedClusters=32) | EnvSparsityCfg={'Conv': 0.6, 'Linear': 0.6, 'Bias': 0.0, 'BatchNorm': 0.0} | EnvNClusters=32
[2026-01-24 21:15:20,020] [INFO] Model initialized on device: cuda:0
[2026-01-24 21:15:20,020] [INFO] [CLIENT INIT] Mode=SKH | Sparsity=ON (UsedSparsity=0.6) | Clusters=ON (UsedClusters=32) | EnvSparsityCfg={'Conv': 0.6, 'Linear': 0.6, 'Bias': 0.0, 'BatchNorm': 0.0} | EnvNClusters=32
[2026-01-24 21:15:20,215] [INFO] Model initialized on device: cuda:0
[2026-01-24 21:15:20,215] [INFO] [CLIENT INIT] Mode=SKH | Sparsity=ON (UsedSparsity=0.6) | Clusters=ON (UsedClusters=32) | EnvSparsityCfg={'Conv': 0.6, 'Linear': 0.6, 'Bias': 0.0, 'BatchNorm': 0.0} | EnvNClusters=32
[2026-01-24 21:15:20,433] [INFO] Model initialized on device: cuda:0
[2026-01-24 21:15:20,433] [INFO] Model initialized on device: cuda:0
[2026-01-24 21:15:20,433] [INFO] [CLIENT INIT] Mode=SKH | Sparsity=ON (UsedSparsity=0.6) | Clusters=ON (UsedClusters=32) | EnvSparsityCfg={'Conv': 0.6, 'Linear': 0.6, 'Bias': 0.0, 'BatchNorm': 0.0} | EnvNClusters=32
[2026-01-24 21:15:20,433] [INFO] [CLIENT INIT] Mode=SKH | Sparsity=ON (UsedSparsity=0.6) | Clusters=ON (UsedClusters=32) | EnvSparsityCfg={'Conv': 0.6, 'Linear': 0.6, 'Bias': 0.0, 'BatchNorm': 0.0} | EnvNClusters=32
[2026-01-24 21:15:20,920] [INFO] Model initialized on device: cuda:0
[2026-01-24 21:15:20,920] [INFO] [CLIENT INIT] Mode=SKH | Sparsity=ON (UsedSparsity=0.6) | Clusters=ON (UsedClusters=32) | EnvSparsityCfg={'Conv': 0.6, 'Linear': 0.6, 'Bias': 0.0, 'BatchNorm': 0.0} | EnvNClusters=32
[2026-01-24 21:15:20,935] [INFO] Model initialized on device: cuda:0
[2026-01-24 21:15:20,935] [INFO] [CLIENT INIT] Mode=SKH | Sparsity=ON (UsedSparsity=0.6) | Clusters=ON (UsedClusters=32) | EnvSparsityCfg={'Conv': 0.6, 'Linear': 0.6, 'Bias': 0.0, 'BatchNorm': 0.0} | EnvNClusters=32
[2026-01-24 21:15:21,012] [INFO] Model initialized on device: cuda:0
[2026-01-24 21:15:21,013] [INFO] [CLIENT INIT] Mode=SKH | Sparsity=ON (UsedSparsity=0.6) | Clusters=ON (UsedClusters=32) | EnvSparsityCfg={'Conv': 0.6, 'Linear': 0.6, 'Bias': 0.0, 'BatchNorm': 0.0} | EnvNClusters=32
[2026-01-24 21:16:30,611] [INFO] [TRAIN] Epoch 1 Loss: 0.8077
[2026-01-24 21:17:25,811] [INFO] Model initialized on device: cuda:0
[2026-01-24 21:17:25,811] [INFO] [CLIENT INIT] Mode=SKH | Sparsity=ON (UsedSparsity=0.6) | Clusters=ON (UsedClusters=32) | EnvSparsityCfg={'Conv': 0.6, 'Linear': 0.6, 'Bias': 0.0, 'BatchNorm': 0.0} | EnvNClusters=32
[2026-01-24 21:17:25,823] [INFO] Model initialized on device: cuda:0
[2026-01-24 21:17:25,823] [INFO] [CLIENT INIT] Mode=SKH | Sparsity=ON (UsedSparsity=0.6) | Clusters=ON (UsedClusters=32) | EnvSparsityCfg={'Conv': 0.6, 'Linear': 0.6, 'Bias': 0.0, 'BatchNorm': 0.0} | EnvNClusters=32
[2026-01-24 21:17:25,912] [INFO] Model initialized on device: cuda:0
[2026-01-24 21:17:25,912] [INFO] [CLIENT INIT] Mode=SKH | Sparsity=ON (UsedSparsity=0.6) | Clusters=ON (UsedClusters=32) | EnvSparsityCfg={'Conv': 0.6, 'Linear': 0.6, 'Bias': 0.0, 'BatchNorm': 0.0} | EnvNClusters=32
[2026-01-24 21:17:26,030] [INFO] Model initialized on device: cuda:0
[2026-01-24 21:17:26,030] [INFO] [CLIENT INIT] Mode=SKH | Sparsity=ON (UsedSparsity=0.6) | Clusters=ON (UsedClusters=32) | EnvSparsityCfg={'Conv': 0.6, 'Linear': 0.6, 'Bias': 0.0, 'BatchNorm': 0.0} | EnvNClusters=32
[2026-01-24 21:17:26,117] [INFO] Model initialized on device: cuda:0
[2026-01-24 21:17:26,117] [INFO] [CLIENT INIT] Mode=SKH | Sparsity=ON (UsedSparsity=0.6) | Clusters=ON (UsedClusters=32) | EnvSparsityCfg={'Conv': 0.6, 'Linear': 0.6, 'Bias': 0.0, 'BatchNorm': 0.0} | EnvNClusters=32
[2026-01-24 21:17:26,309] [INFO] Model initialized on device: cuda:0
[2026-01-24 21:17:26,309] [INFO] [CLIENT INIT] Mode=SKH | Sparsity=ON (UsedSparsity=0.6) | Clusters=ON (UsedClusters=32) | EnvSparsityCfg={'Conv': 0.6, 'Linear': 0.6, 'Bias': 0.0, 'BatchNorm': 0.0} | EnvNClusters=32
[2026-01-24 21:17:26,316] [INFO] Model initialized on device: cuda:0
[2026-01-24 21:17:26,316] [INFO] Model initialized on device: cuda:0
[2026-01-24 21:17:26,316] [INFO] [CLIENT INIT] Mode=SKH | Sparsity=ON (UsedSparsity=0.6) | Clusters=ON (UsedClusters=32) | EnvSparsityCfg={'Conv': 0.6, 'Linear': 0.6, 'Bias': 0.0, 'BatchNorm': 0.0} | EnvNClusters=32
[2026-01-24 21:17:26,316] [INFO] [CLIENT INIT] Mode=SKH | Sparsity=ON (UsedSparsity=0.6) | Clusters=ON (UsedClusters=32) | EnvSparsityCfg={'Conv': 0.6, 'Linear': 0.6, 'Bias': 0.0, 'BatchNorm': 0.0} | EnvNClusters=32
[2026-01-24 21:17:26,336] [INFO] Model initialized on device: cuda:0
[2026-01-24 21:17:26,336] [INFO] [CLIENT INIT] Mode=SKH | Sparsity=ON (UsedSparsity=0.6) | Clusters=ON (UsedClusters=32) | EnvSparsityCfg={'Conv': 0.6, 'Linear': 0.6, 'Bias': 0.0, 'BatchNorm': 0.0} | EnvNClusters=32
[2026-01-24 21:17:26,336] [INFO] Model initialized on device: cuda:0
[2026-01-24 21:17:26,336] [INFO] [CLIENT INIT] Mode=SKH | Sparsity=ON (UsedSparsity=0.6) | Clusters=ON (UsedClusters=32) | EnvSparsityCfg={'Conv': 0.6, 'Linear': 0.6, 'Bias': 0.0, 'BatchNorm': 0.0} | EnvNClusters=32
[2026-01-24 21:18:31,012] [INFO] [TRAIN] Epoch 2 Loss: 0.7909
[2026-01-24 21:19:25,312] [INFO] Model initialized on device: cuda:0
[2026-01-24 21:19:25,313] [INFO] [CLIENT INIT] Mode=SKH | Sparsity=ON (UsedSparsity=0.6) | Clusters=ON (UsedClusters=32) | EnvSparsityCfg={'Conv': 0.6, 'Linear': 0.6, 'Bias': 0.0, 'BatchNorm': 0.0} | EnvNClusters=32
[2026-01-24 21:19:26,032] [INFO] Model initialized on device: cuda:0
[2026-01-24 21:19:26,032] [INFO] [CLIENT INIT] Mode=SKH | Sparsity=ON (UsedSparsity=0.6) | Clusters=ON (UsedClusters=32) | EnvSparsityCfg={'Conv': 0.6, 'Linear': 0.6, 'Bias': 0.0, 'BatchNorm': 0.0} | EnvNClusters=32
[2026-01-24 21:19:26,034] [INFO] Model initialized on device: cuda:0
[2026-01-24 21:19:26,034] [INFO] [CLIENT INIT] Mode=SKH | Sparsity=ON (UsedSparsity=0.6) | Clusters=ON (UsedClusters=32) | EnvSparsityCfg={'Conv': 0.6, 'Linear': 0.6, 'Bias': 0.0, 'BatchNorm': 0.0} | EnvNClusters=32
[2026-01-24 21:19:26,035] [INFO] Model initialized on device: cuda:0
[2026-01-24 21:19:26,035] [INFO] [CLIENT INIT] Mode=SKH | Sparsity=ON (UsedSparsity=0.6) | Clusters=ON (UsedClusters=32) | EnvSparsityCfg={'Conv': 0.6, 'Linear': 0.6, 'Bias': 0.0, 'BatchNorm': 0.0} | EnvNClusters=32
[2026-01-24 21:19:26,210] [INFO] Model initialized on device: cuda:0
[2026-01-24 21:19:26,210] [INFO] [CLIENT INIT] Mode=SKH | Sparsity=ON (UsedSparsity=0.6) | Clusters=ON (UsedClusters=32) | EnvSparsityCfg={'Conv': 0.6, 'Linear': 0.6, 'Bias': 0.0, 'BatchNorm': 0.0} | EnvNClusters=32
[2026-01-24 21:19:26,241] [INFO] Model initialized on device: cuda:0
[2026-01-24 21:19:26,241] [INFO] [CLIENT INIT] Mode=SKH | Sparsity=ON (UsedSparsity=0.6) | Clusters=ON (UsedClusters=32) | EnvSparsityCfg={'Conv': 0.6, 'Linear': 0.6, 'Bias': 0.0, 'BatchNorm': 0.0} | EnvNClusters=32
[2026-01-24 21:19:26,243] [INFO] Model initialized on device: cuda:0
[2026-01-24 21:19:26,243] [INFO] [CLIENT INIT] Mode=SKH | Sparsity=ON (UsedSparsity=0.6) | Clusters=ON (UsedClusters=32) | EnvSparsityCfg={'Conv': 0.6, 'Linear': 0.6, 'Bias': 0.0, 'BatchNorm': 0.0} | EnvNClusters=32
[2026-01-24 21:19:26,308] [INFO] Model initialized on device: cuda:0
[2026-01-24 21:19:26,308] [INFO] [CLIENT INIT] Mode=SKH | Sparsity=ON (UsedSparsity=0.6) | Clusters=ON (UsedClusters=32) | EnvSparsityCfg={'Conv': 0.6, 'Linear': 0.6, 'Bias': 0.0, 'BatchNorm': 0.0} | EnvNClusters=32
[2026-01-24 21:19:26,315] [INFO] Model initialized on device: cuda:0
[2026-01-24 21:19:26,315] [INFO] [CLIENT INIT] Mode=SKH | Sparsity=ON (UsedSparsity=0.6) | Clusters=ON (UsedClusters=32) | EnvSparsityCfg={'Conv': 0.6, 'Linear': 0.6, 'Bias': 0.0, 'BatchNorm': 0.0} | EnvNClusters=32
[2026-01-24 21:19:26,323] [INFO] Model initialized on device: cuda:0
[2026-01-24 21:19:26,323] [INFO] [CLIENT INIT] Mode=SKH | Sparsity=ON (UsedSparsity=0.6) | Clusters=ON (UsedClusters=32) | EnvSparsityCfg={'Conv': 0.6, 'Linear': 0.6, 'Bias': 0.0, 'BatchNorm': 0.0} | EnvNClusters=32
[2026-01-24 21:20:33,864] [INFO] [TRAIN] Epoch 3 Loss: 0.7727
[2026-01-24 21:21:14,608] [INFO] Model initialized on device: cuda:0
[2026-01-24 21:21:14,608] [INFO] [CLIENT INIT] Mode=SKH | Sparsity=ON (UsedSparsity=0.6) | Clusters=ON (UsedClusters=32) | EnvSparsityCfg={'Conv': 0.6, 'Linear': 0.6, 'Bias': 0.0, 'BatchNorm': 0.0} | EnvNClusters=32
[2026-01-24 21:21:15,041] [INFO] Model initialized on device: cuda:0
[2026-01-24 21:21:15,041] [INFO] [CLIENT INIT] Mode=SKH | Sparsity=ON (UsedSparsity=0.6) | Clusters=ON (UsedClusters=32) | EnvSparsityCfg={'Conv': 0.6, 'Linear': 0.6, 'Bias': 0.0, 'BatchNorm': 0.0} | EnvNClusters=32
[2026-01-24 21:21:16,440] [INFO] Model initialized on device: cuda:0
[2026-01-24 21:21:16,441] [INFO] [CLIENT INIT] Mode=SKH | Sparsity=ON (UsedSparsity=0.6) | Clusters=ON (UsedClusters=32) | EnvSparsityCfg={'Conv': 0.6, 'Linear': 0.6, 'Bias': 0.0, 'BatchNorm': 0.0} | EnvNClusters=32
[2026-01-24 21:21:24,707] [INFO] Model initialized on device: cuda:0
[2026-01-24 21:21:24,708] [INFO] [CLIENT INIT] Mode=SKH | Sparsity=ON (UsedSparsity=0.6) | Clusters=ON (UsedClusters=32) | EnvSparsityCfg={'Conv': 0.6, 'Linear': 0.6, 'Bias': 0.0, 'BatchNorm': 0.0} | EnvNClusters=32
[2026-01-24 21:21:25,934] [INFO] Model initialized on device: cuda:0
[2026-01-24 21:21:25,934] [INFO] [CLIENT INIT] Mode=SKH | Sparsity=ON (UsedSparsity=0.6) | Clusters=ON (UsedClusters=32) | EnvSparsityCfg={'Conv': 0.6, 'Linear': 0.6, 'Bias': 0.0, 'BatchNorm': 0.0} | EnvNClusters=32
[2026-01-24 21:21:26,114] [INFO] Model initialized on device: cuda:0
[2026-01-24 21:21:26,114] [INFO] [CLIENT INIT] Mode=SKH | Sparsity=ON (UsedSparsity=0.6) | Clusters=ON (UsedClusters=32) | EnvSparsityCfg={'Conv': 0.6, 'Linear': 0.6, 'Bias': 0.0, 'BatchNorm': 0.0} | EnvNClusters=32
[2026-01-24 21:21:26,410] [INFO] Model initialized on device: cuda:0
[2026-01-24 21:21:26,410] [INFO] [CLIENT INIT] Mode=SKH | Sparsity=ON (UsedSparsity=0.6) | Clusters=ON (UsedClusters=32) | EnvSparsityCfg={'Conv': 0.6, 'Linear': 0.6, 'Bias': 0.0, 'BatchNorm': 0.0} | EnvNClusters=32
[2026-01-24 21:21:30,624] [INFO] Model initialized on device: cuda:0
[2026-01-24 21:21:30,624] [INFO] [CLIENT INIT] Mode=SKH | Sparsity=ON (UsedSparsity=0.6) | Clusters=ON (UsedClusters=32) | EnvSparsityCfg={'Conv': 0.6, 'Linear': 0.6, 'Bias': 0.0, 'BatchNorm': 0.0} | EnvNClusters=32
[2026-01-24 21:21:30,731] [INFO] Model initialized on device: cuda:0
[2026-01-24 21:21:30,731] [INFO] [CLIENT INIT] Mode=SKH | Sparsity=ON (UsedSparsity=0.6) | Clusters=ON (UsedClusters=32) | EnvSparsityCfg={'Conv': 0.6, 'Linear': 0.6, 'Bias': 0.0, 'BatchNorm': 0.0} | EnvNClusters=32
[2026-01-24 21:21:31,319] [INFO] Model initialized on device: cuda:0
[2026-01-24 21:21:31,320] [INFO] [CLIENT INIT] Mode=SKH | Sparsity=ON (UsedSparsity=0.6) | Clusters=ON (UsedClusters=32) | EnvSparsityCfg={'Conv': 0.6, 'Linear': 0.6, 'Bias': 0.0, 'BatchNorm': 0.0} | EnvNClusters=32
[2026-01-24 21:22:32,633] [INFO] [TRAIN] Epoch 4 Loss: 0.7558
[2026-01-24 21:23:22,524] [INFO] Model initialized on device: cuda:0
[2026-01-24 21:23:22,525] [INFO] [CLIENT INIT] Mode=SKH | Sparsity=ON (UsedSparsity=0.6) | Clusters=ON (UsedClusters=32) | EnvSparsityCfg={'Conv': 0.6, 'Linear': 0.6, 'Bias': 0.0, 'BatchNorm': 0.0} | EnvNClusters=32
[2026-01-24 21:23:26,329] [INFO] Model initialized on device: cuda:0
[2026-01-24 21:23:26,329] [INFO] [CLIENT INIT] Mode=SKH | Sparsity=ON (UsedSparsity=0.6) | Clusters=ON (UsedClusters=32) | EnvSparsityCfg={'Conv': 0.6, 'Linear': 0.6, 'Bias': 0.0, 'BatchNorm': 0.0} | EnvNClusters=32
[2026-01-24 21:23:28,218] [INFO] Model initialized on device: cuda:0
[2026-01-24 21:23:28,218] [INFO] [CLIENT INIT] Mode=SKH | Sparsity=ON (UsedSparsity=0.6) | Clusters=ON (UsedClusters=32) | EnvSparsityCfg={'Conv': 0.6, 'Linear': 0.6, 'Bias': 0.0, 'BatchNorm': 0.0} | EnvNClusters=32
[2026-01-24 21:23:30,913] [INFO] Model initialized on device: cuda:0
[2026-01-24 21:23:30,913] [INFO] [CLIENT INIT] Mode=SKH | Sparsity=ON (UsedSparsity=0.6) | Clusters=ON (UsedClusters=32) | EnvSparsityCfg={'Conv': 0.6, 'Linear': 0.6, 'Bias': 0.0, 'BatchNorm': 0.0} | EnvNClusters=32
[2026-01-24 21:23:31,139] [INFO] Model initialized on device: cuda:0
[2026-01-24 21:23:31,139] [INFO] [CLIENT INIT] Mode=SKH | Sparsity=ON (UsedSparsity=0.6) | Clusters=ON (UsedClusters=32) | EnvSparsityCfg={'Conv': 0.6, 'Linear': 0.6, 'Bias': 0.0, 'BatchNorm': 0.0} | EnvNClusters=32
[2026-01-24 21:23:31,232] [INFO] Model initialized on device: cuda:0
[2026-01-24 21:23:31,232] [INFO] [CLIENT INIT] Mode=SKH | Sparsity=ON (UsedSparsity=0.6) | Clusters=ON (UsedClusters=32) | EnvSparsityCfg={'Conv': 0.6, 'Linear': 0.6, 'Bias': 0.0, 'BatchNorm': 0.0} | EnvNClusters=32
[2026-01-24 21:23:31,413] [INFO] Model initialized on device: cuda:0
[2026-01-24 21:23:31,414] [INFO] [CLIENT INIT] Mode=SKH | Sparsity=ON (UsedSparsity=0.6) | Clusters=ON (UsedClusters=32) | EnvSparsityCfg={'Conv': 0.6, 'Linear': 0.6, 'Bias': 0.0, 'BatchNorm': 0.0} | EnvNClusters=32
[2026-01-24 21:23:31,715] [INFO] Model initialized on device: cuda:0
[2026-01-24 21:23:31,715] [INFO] [CLIENT INIT] Mode=SKH | Sparsity=ON (UsedSparsity=0.6) | Clusters=ON (UsedClusters=32) | EnvSparsityCfg={'Conv': 0.6, 'Linear': 0.6, 'Bias': 0.0, 'BatchNorm': 0.0} | EnvNClusters=32
[2026-01-24 21:23:31,717] [INFO] Model initialized on device: cuda:0
[2026-01-24 21:23:31,717] [INFO] [CLIENT INIT] Mode=SKH | Sparsity=ON (UsedSparsity=0.6) | Clusters=ON (UsedClusters=32) | EnvSparsityCfg={'Conv': 0.6, 'Linear': 0.6, 'Bias': 0.0, 'BatchNorm': 0.0} | EnvNClusters=32
[2026-01-24 21:23:32,822] [INFO] Model initialized on device: cuda:0
[2026-01-24 21:23:32,822] [INFO] [CLIENT INIT] Mode=SKH | Sparsity=ON (UsedSparsity=0.6) | Clusters=ON (UsedClusters=32) | EnvSparsityCfg={'Conv': 0.6, 'Linear': 0.6, 'Bias': 0.0, 'BatchNorm': 0.0} | EnvNClusters=32
[2026-01-24 21:24:38,413] [INFO] [TRAIN] Epoch 5 Loss: 0.7363
[2026-01-24 21:24:38,415] [INFO] [FIT] Local training finished. Avg Loss: 0.7727
[2026-01-24 21:25:30,441] [INFO] Model initialized on device: cuda:0
[2026-01-24 21:25:30,442] [INFO] [CLIENT INIT] Mode=SKH | Sparsity=ON (UsedSparsity=0.6) | Clusters=ON (UsedClusters=32) | EnvSparsityCfg={'Conv': 0.6, 'Linear': 0.6, 'Bias': 0.0, 'BatchNorm': 0.0} | EnvNClusters=32
[2026-01-24 21:25:30,462] [INFO] Model initialized on device: cuda:0
[2026-01-24 21:25:30,462] [INFO] [CLIENT INIT] Mode=SKH | Sparsity=ON (UsedSparsity=0.6) | Clusters=ON (UsedClusters=32) | EnvSparsityCfg={'Conv': 0.6, 'Linear': 0.6, 'Bias': 0.0, 'BatchNorm': 0.0} | EnvNClusters=32
[2026-01-24 21:25:30,518] [INFO] Model initialized on device: cuda:0
[2026-01-24 21:25:30,518] [INFO] [CLIENT INIT] Mode=SKH | Sparsity=ON (UsedSparsity=0.6) | Clusters=ON (UsedClusters=32) | EnvSparsityCfg={'Conv': 0.6, 'Linear': 0.6, 'Bias': 0.0, 'BatchNorm': 0.0} | EnvNClusters=32
[2026-01-24 21:25:30,548] [INFO] Model initialized on device: cuda:0
[2026-01-24 21:25:30,548] [INFO] [CLIENT INIT] Mode=SKH | Sparsity=ON (UsedSparsity=0.6) | Clusters=ON (UsedClusters=32) | EnvSparsityCfg={'Conv': 0.6, 'Linear': 0.6, 'Bias': 0.0, 'BatchNorm': 0.0} | EnvNClusters=32
[2026-01-24 21:25:30,549] [INFO] Model initialized on device: cuda:0
[2026-01-24 21:25:30,549] [INFO] [CLIENT INIT] Mode=SKH | Sparsity=ON (UsedSparsity=0.6) | Clusters=ON (UsedClusters=32) | EnvSparsityCfg={'Conv': 0.6, 'Linear': 0.6, 'Bias': 0.0, 'BatchNorm': 0.0} | EnvNClusters=32
[2026-01-24 21:25:30,564] [INFO] Model initialized on device: cuda:0
[2026-01-24 21:25:30,564] [INFO] [CLIENT INIT] Mode=SKH | Sparsity=ON (UsedSparsity=0.6) | Clusters=ON (UsedClusters=32) | EnvSparsityCfg={'Conv': 0.6, 'Linear': 0.6, 'Bias': 0.0, 'BatchNorm': 0.0} | EnvNClusters=32
[2026-01-24 21:25:30,565] [INFO] Model initialized on device: cuda:0
[2026-01-24 21:25:30,565] [INFO] [CLIENT INIT] Mode=SKH | Sparsity=ON (UsedSparsity=0.6) | Clusters=ON (UsedClusters=32) | EnvSparsityCfg={'Conv': 0.6, 'Linear': 0.6, 'Bias': 0.0, 'BatchNorm': 0.0} | EnvNClusters=32
[2026-01-24 21:25:30,567] [INFO] Model initialized on device: cuda:0
[2026-01-24 21:25:30,567] [INFO] [CLIENT INIT] Mode=SKH | Sparsity=ON (UsedSparsity=0.6) | Clusters=ON (UsedClusters=32) | EnvSparsityCfg={'Conv': 0.6, 'Linear': 0.6, 'Bias': 0.0, 'BatchNorm': 0.0} | EnvNClusters=32
[2026-01-24 21:25:30,568] [INFO] Model initialized on device: cuda:0
[2026-01-24 21:25:30,568] [INFO] [CLIENT INIT] Mode=SKH | Sparsity=ON (UsedSparsity=0.6) | Clusters=ON (UsedClusters=32) | EnvSparsityCfg={'Conv': 0.6, 'Linear': 0.6, 'Bias': 0.0, 'BatchNorm': 0.0} | EnvNClusters=32
[2026-01-24 21:25:30,609] [INFO] Model initialized on device: cuda:0
[2026-01-24 21:25:30,610] [INFO] [CLIENT INIT] Mode=SKH | Sparsity=ON (UsedSparsity=0.6) | Clusters=ON (UsedClusters=32) | EnvSparsityCfg={'Conv': 0.6, 'Linear': 0.6, 'Bias': 0.0, 'BatchNorm': 0.0} | EnvNClusters=32
[2026-01-24 21:25:33,749] [DEBUG] [TEST] Batch 1 | Pred shape: torch.Size([256, 256, 160]) | Label shape: torch.Size([256, 256, 160])
[2026-01-24 21:25:34,114] [DEBUG] [TEST] Batch 2 | Pred shape: torch.Size([256, 256, 160]) | Label shape: torch.Size([256, 256, 160])
[2026-01-24 21:25:34,595] [DEBUG] [TEST] Batch 3 | Pred shape: torch.Size([256, 256, 160]) | Label shape: torch.Size([256, 256, 160])
[2026-01-24 21:25:34,656] [DEBUG] [TEST] Batch 4 | Pred shape: torch.Size([256, 256, 160]) | Label shape: torch.Size([256, 256, 160])
[2026-01-24 21:25:34,756] [DEBUG] [TEST] Batch 5 | Pred shape: torch.Size([256, 256, 160]) | Label shape: torch.Size([256, 256, 160])
[2026-01-24 21:25:34,844] [DEBUG] [TEST] Batch 6 | Pred shape: torch.Size([256, 256, 160]) | Label shape: torch.Size([256, 256, 160])
[2026-01-24 21:25:34,900] [DEBUG] [TEST] Batch 7 | Pred shape: torch.Size([256, 256, 160]) | Label shape: torch.Size([256, 256, 160])
[2026-01-24 21:25:34,954] [DEBUG] [TEST] Batch 8 | Pred shape: torch.Size([256, 256, 160]) | Label shape: torch.Size([256, 256, 160])
[2026-01-24 21:25:35,013] [DEBUG] [TEST] Batch 9 | Pred shape: torch.Size([256, 256, 160]) | Label shape: torch.Size([256, 256, 160])
[2026-01-24 21:25:35,068] [DEBUG] [TEST] Batch 10 | Pred shape: torch.Size([256, 256, 160]) | Label shape: torch.Size([256, 256, 160])
[2026-01-24 21:25:38,081] [INFO] [FIT] Final model saved to: Revision2/Run_UNET_IID_SKHC32S60_20260124/Client2/model_final.pth
[2026-01-24 21:25:47,566] [INFO] [COMM][CLIENT] Round=-1 Mode=SKH UsedSparsity=0.6 UsedClusters=32 BaselineBits=154016352.0 CompressedBits=45361404.3 CR=3.395
[2026-01-24 21:26:18,304] [INFO] [EVALUATE] Starting evaluation...
[2026-01-24 21:26:19,416] [INFO] [DEBUG] Loaded compressed decoded weights.
[2026-01-24 21:27:19,114] [INFO] Model initialized on device: cuda:0
[2026-01-24 21:27:19,114] [INFO] [CLIENT INIT] Mode=SKH | Sparsity=ON (UsedSparsity=0.6) | Clusters=ON (UsedClusters=32) | EnvSparsityCfg={'Conv': 0.6, 'Linear': 0.6, 'Bias': 0.0, 'BatchNorm': 0.0} | EnvNClusters=32
[2026-01-24 21:27:19,120] [INFO] Model initialized on device: cuda:0
[2026-01-24 21:27:19,120] [INFO] [CLIENT INIT] Mode=SKH | Sparsity=ON (UsedSparsity=0.6) | Clusters=ON (UsedClusters=32) | EnvSparsityCfg={'Conv': 0.6, 'Linear': 0.6, 'Bias': 0.0, 'BatchNorm': 0.0} | EnvNClusters=32
[2026-01-24 21:27:19,134] [INFO] Model initialized on device: cuda:0
[2026-01-24 21:27:19,134] [INFO] [CLIENT INIT] Mode=SKH | Sparsity=ON (UsedSparsity=0.6) | Clusters=ON (UsedClusters=32) | EnvSparsityCfg={'Conv': 0.6, 'Linear': 0.6, 'Bias': 0.0, 'BatchNorm': 0.0} | EnvNClusters=32
[2026-01-24 21:27:19,174] [INFO] Model initialized on device: cuda:0
[2026-01-24 21:27:19,174] [INFO] Model initialized on device: cuda:0
[2026-01-24 21:27:19,174] [INFO] [CLIENT INIT] Mode=SKH | Sparsity=ON (UsedSparsity=0.6) | Clusters=ON (UsedClusters=32) | EnvSparsityCfg={'Conv': 0.6, 'Linear': 0.6, 'Bias': 0.0, 'BatchNorm': 0.0} | EnvNClusters=32
[2026-01-24 21:27:19,174] [INFO] [CLIENT INIT] Mode=SKH | Sparsity=ON (UsedSparsity=0.6) | Clusters=ON (UsedClusters=32) | EnvSparsityCfg={'Conv': 0.6, 'Linear': 0.6, 'Bias': 0.0, 'BatchNorm': 0.0} | EnvNClusters=32
[2026-01-24 21:27:24,597] [INFO] Model initialized on device: cuda:0
[2026-01-24 21:27:24,597] [INFO] [CLIENT INIT] Mode=SKH | Sparsity=ON (UsedSparsity=0.6) | Clusters=ON (UsedClusters=32) | EnvSparsityCfg={'Conv': 0.6, 'Linear': 0.6, 'Bias': 0.0, 'BatchNorm': 0.0} | EnvNClusters=32
[2026-01-24 21:27:25,560] [INFO] Model initialized on device: cuda:0
[2026-01-24 21:27:25,560] [INFO] [CLIENT INIT] Mode=SKH | Sparsity=ON (UsedSparsity=0.6) | Clusters=ON (UsedClusters=32) | EnvSparsityCfg={'Conv': 0.6, 'Linear': 0.6, 'Bias': 0.0, 'BatchNorm': 0.0} | EnvNClusters=32
[2026-01-24 21:27:25,588] [INFO] Model initialized on device: cuda:0
[2026-01-24 21:27:25,588] [INFO] [CLIENT INIT] Mode=SKH | Sparsity=ON (UsedSparsity=0.6) | Clusters=ON (UsedClusters=32) | EnvSparsityCfg={'Conv': 0.6, 'Linear': 0.6, 'Bias': 0.0, 'BatchNorm': 0.0} | EnvNClusters=32
[2026-01-24 21:27:25,991] [INFO] Model initialized on device: cuda:0
[2026-01-24 21:27:25,991] [INFO] [CLIENT INIT] Mode=SKH | Sparsity=ON (UsedSparsity=0.6) | Clusters=ON (UsedClusters=32) | EnvSparsityCfg={'Conv': 0.6, 'Linear': 0.6, 'Bias': 0.0, 'BatchNorm': 0.0} | EnvNClusters=32
[2026-01-24 21:27:29,730] [INFO] Model initialized on device: cuda:0
[2026-01-24 21:27:29,730] [INFO] [CLIENT INIT] Mode=SKH | Sparsity=ON (UsedSparsity=0.6) | Clusters=ON (UsedClusters=32) | EnvSparsityCfg={'Conv': 0.6, 'Linear': 0.6, 'Bias': 0.0, 'BatchNorm': 0.0} | EnvNClusters=32
[2026-01-24 21:27:34,610] [DEBUG] [TEST] Batch 1 | Pred shape: torch.Size([256, 256, 160]) | Label shape: torch.Size([256, 256, 160])
[2026-01-24 21:27:34,727] [DEBUG] [TEST] Batch 2 | Pred shape: torch.Size([256, 256, 160]) | Label shape: torch.Size([256, 256, 160])
[2026-01-24 21:27:34,847] [DEBUG] [TEST] Batch 3 | Pred shape: torch.Size([256, 256, 160]) | Label shape: torch.Size([256, 256, 160])
[2026-01-24 21:27:35,055] [DEBUG] [TEST] Batch 4 | Pred shape: torch.Size([256, 256, 160]) | Label shape: torch.Size([256, 256, 160])
[2026-01-24 21:27:35,187] [DEBUG] [TEST] Batch 5 | Pred shape: torch.Size([256, 256, 160]) | Label shape: torch.Size([256, 256, 160])
[2026-01-24 21:27:35,373] [DEBUG] [TEST] Batch 6 | Pred shape: torch.Size([256, 256, 160]) | Label shape: torch.Size([256, 256, 160])
[2026-01-24 21:27:35,555] [DEBUG] [TEST] Batch 7 | Pred shape: torch.Size([256, 256, 160]) | Label shape: torch.Size([256, 256, 160])
[2026-01-24 21:27:35,732] [DEBUG] [TEST] Batch 8 | Pred shape: torch.Size([256, 256, 160]) | Label shape: torch.Size([256, 256, 160])
[2026-01-24 21:27:35,908] [DEBUG] [TEST] Batch 9 | Pred shape: torch.Size([256, 256, 160]) | Label shape: torch.Size([256, 256, 160])
[2026-01-24 21:27:36,087] [DEBUG] [TEST] Batch 10 | Pred shape: torch.Size([256, 256, 160]) | Label shape: torch.Size([256, 256, 160])
[2026-01-24 21:27:42,441] [INFO] [EVALUATE] Dice WT: 0.3296
[2026-01-24 21:27:46,815] [INFO] [FIT] Received parameters. Starting local training...
[2026-01-24 21:27:48,210] [INFO] [DEBUG] Loaded compressed decoded weights.
[2026-01-24 21:28:49,983] [INFO] Model initialized on device: cuda:0
[2026-01-24 21:28:49,983] [INFO] [CLIENT INIT] Mode=SKH | Sparsity=ON (UsedSparsity=0.6) | Clusters=ON (UsedClusters=32) | EnvSparsityCfg={'Conv': 0.6, 'Linear': 0.6, 'Bias': 0.0, 'BatchNorm': 0.0} | EnvNClusters=32
[2026-01-24 21:28:52,090] [INFO] Model initialized on device: cuda:0
[2026-01-24 21:28:52,090] [INFO] [CLIENT INIT] Mode=SKH | Sparsity=ON (UsedSparsity=0.6) | Clusters=ON (UsedClusters=32) | EnvSparsityCfg={'Conv': 0.6, 'Linear': 0.6, 'Bias': 0.0, 'BatchNorm': 0.0} | EnvNClusters=32
[2026-01-24 21:28:54,410] [INFO] Model initialized on device: cuda:0
[2026-01-24 21:28:54,410] [INFO] [CLIENT INIT] Mode=SKH | Sparsity=ON (UsedSparsity=0.6) | Clusters=ON (UsedClusters=32) | EnvSparsityCfg={'Conv': 0.6, 'Linear': 0.6, 'Bias': 0.0, 'BatchNorm': 0.0} | EnvNClusters=32
[2026-01-24 21:28:56,234] [INFO] Model initialized on device: cuda:0
[2026-01-24 21:28:56,234] [INFO] [CLIENT INIT] Mode=SKH | Sparsity=ON (UsedSparsity=0.6) | Clusters=ON (UsedClusters=32) | EnvSparsityCfg={'Conv': 0.6, 'Linear': 0.6, 'Bias': 0.0, 'BatchNorm': 0.0} | EnvNClusters=32
[2026-01-24 21:28:56,309] [INFO] Model initialized on device: cuda:0
[2026-01-24 21:28:56,309] [INFO] [CLIENT INIT] Mode=SKH | Sparsity=ON (UsedSparsity=0.6) | Clusters=ON (UsedClusters=32) | EnvSparsityCfg={'Conv': 0.6, 'Linear': 0.6, 'Bias': 0.0, 'BatchNorm': 0.0} | EnvNClusters=32
[2026-01-24 21:28:56,321] [INFO] Model initialized on device: cuda:0
[2026-01-24 21:28:56,321] [INFO] [CLIENT INIT] Mode=SKH | Sparsity=ON (UsedSparsity=0.6) | Clusters=ON (UsedClusters=32) | EnvSparsityCfg={'Conv': 0.6, 'Linear': 0.6, 'Bias': 0.0, 'BatchNorm': 0.0} | EnvNClusters=32
[2026-01-24 21:28:56,326] [INFO] Model initialized on device: cuda:0
[2026-01-24 21:28:56,326] [INFO] [CLIENT INIT] Mode=SKH | Sparsity=ON (UsedSparsity=0.6) | Clusters=ON (UsedClusters=32) | EnvSparsityCfg={'Conv': 0.6, 'Linear': 0.6, 'Bias': 0.0, 'BatchNorm': 0.0} | EnvNClusters=32
[2026-01-24 21:28:56,633] [INFO] Model initialized on device: cuda:0
[2026-01-24 21:28:56,633] [INFO] [CLIENT INIT] Mode=SKH | Sparsity=ON (UsedSparsity=0.6) | Clusters=ON (UsedClusters=32) | EnvSparsityCfg={'Conv': 0.6, 'Linear': 0.6, 'Bias': 0.0, 'BatchNorm': 0.0} | EnvNClusters=32
[2026-01-24 21:28:56,639] [INFO] Model initialized on device: cuda:0
[2026-01-24 21:28:56,639] [INFO] [CLIENT INIT] Mode=SKH | Sparsity=ON (UsedSparsity=0.6) | Clusters=ON (UsedClusters=32) | EnvSparsityCfg={'Conv': 0.6, 'Linear': 0.6, 'Bias': 0.0, 'BatchNorm': 0.0} | EnvNClusters=32
[2026-01-24 21:28:56,722] [INFO] Model initialized on device: cuda:0
[2026-01-24 21:28:56,722] [INFO] [CLIENT INIT] Mode=SKH | Sparsity=ON (UsedSparsity=0.6) | Clusters=ON (UsedClusters=32) | EnvSparsityCfg={'Conv': 0.6, 'Linear': 0.6, 'Bias': 0.0, 'BatchNorm': 0.0} | EnvNClusters=32
[2026-01-24 21:30:07,540] [INFO] [TRAIN] Epoch 1 Loss: 0.7724
[2026-01-24 21:31:06,113] [INFO] Model initialized on device: cuda:0
[2026-01-24 21:31:06,113] [INFO] [CLIENT INIT] Mode=SKH | Sparsity=ON (UsedSparsity=0.6) | Clusters=ON (UsedClusters=32) | EnvSparsityCfg={'Conv': 0.6, 'Linear': 0.6, 'Bias': 0.0, 'BatchNorm': 0.0} | EnvNClusters=32
[2026-01-24 21:31:11,326] [INFO] Model initialized on device: cuda:0
[2026-01-24 21:31:11,326] [INFO] Model initialized on device: cuda:0
[2026-01-24 21:31:11,326] [INFO] [CLIENT INIT] Mode=SKH | Sparsity=ON (UsedSparsity=0.6) | Clusters=ON (UsedClusters=32) | EnvSparsityCfg={'Conv': 0.6, 'Linear': 0.6, 'Bias': 0.0, 'BatchNorm': 0.0} | EnvNClusters=32
[2026-01-24 21:31:11,326] [INFO] [CLIENT INIT] Mode=SKH | Sparsity=ON (UsedSparsity=0.6) | Clusters=ON (UsedClusters=32) | EnvSparsityCfg={'Conv': 0.6, 'Linear': 0.6, 'Bias': 0.0, 'BatchNorm': 0.0} | EnvNClusters=32
[2026-01-24 21:31:11,327] [INFO] Model initialized on device: cuda:0
[2026-01-24 21:31:11,327] [INFO] [CLIENT INIT] Mode=SKH | Sparsity=ON (UsedSparsity=0.6) | Clusters=ON (UsedClusters=32) | EnvSparsityCfg={'Conv': 0.6, 'Linear': 0.6, 'Bias': 0.0, 'BatchNorm': 0.0} | EnvNClusters=32
[2026-01-24 21:31:11,327] [INFO] Model initialized on device: cuda:0
[2026-01-24 21:31:11,328] [INFO] [CLIENT INIT] Mode=SKH | Sparsity=ON (UsedSparsity=0.6) | Clusters=ON (UsedClusters=32) | EnvSparsityCfg={'Conv': 0.6, 'Linear': 0.6, 'Bias': 0.0, 'BatchNorm': 0.0} | EnvNClusters=32
[2026-01-24 21:31:11,412] [INFO] Model initialized on device: cuda:0
[2026-01-24 21:31:11,412] [INFO] [CLIENT INIT] Mode=SKH | Sparsity=ON (UsedSparsity=0.6) | Clusters=ON (UsedClusters=32) | EnvSparsityCfg={'Conv': 0.6, 'Linear': 0.6, 'Bias': 0.0, 'BatchNorm': 0.0} | EnvNClusters=32
[2026-01-24 21:31:11,528] [INFO] Model initialized on device: cuda:0
[2026-01-24 21:31:11,528] [INFO] [CLIENT INIT] Mode=SKH | Sparsity=ON (UsedSparsity=0.6) | Clusters=ON (UsedClusters=32) | EnvSparsityCfg={'Conv': 0.6, 'Linear': 0.6, 'Bias': 0.0, 'BatchNorm': 0.0} | EnvNClusters=32
[2026-01-24 21:31:11,939] [INFO] Model initialized on device: cuda:0
[2026-01-24 21:31:11,939] [INFO] [CLIENT INIT] Mode=SKH | Sparsity=ON (UsedSparsity=0.6) | Clusters=ON (UsedClusters=32) | EnvSparsityCfg={'Conv': 0.6, 'Linear': 0.6, 'Bias': 0.0, 'BatchNorm': 0.0} | EnvNClusters=32
[2026-01-24 21:31:11,939] [INFO] Model initialized on device: cuda:0
[2026-01-24 21:31:11,939] [INFO] [CLIENT INIT] Mode=SKH | Sparsity=ON (UsedSparsity=0.6) | Clusters=ON (UsedClusters=32) | EnvSparsityCfg={'Conv': 0.6, 'Linear': 0.6, 'Bias': 0.0, 'BatchNorm': 0.0} | EnvNClusters=32
[2026-01-24 21:31:11,943] [INFO] Model initialized on device: cuda:0
[2026-01-24 21:31:11,943] [INFO] [CLIENT INIT] Mode=SKH | Sparsity=ON (UsedSparsity=0.6) | Clusters=ON (UsedClusters=32) | EnvSparsityCfg={'Conv': 0.6, 'Linear': 0.6, 'Bias': 0.0, 'BatchNorm': 0.0} | EnvNClusters=32
[2026-01-24 21:32:15,015] [INFO] [TRAIN] Epoch 2 Loss: 0.7462
[2026-01-24 21:33:04,956] [INFO] Model initialized on device: cuda:0
[2026-01-24 21:33:04,956] [INFO] [CLIENT INIT] Mode=SKH | Sparsity=ON (UsedSparsity=0.6) | Clusters=ON (UsedClusters=32) | EnvSparsityCfg={'Conv': 0.6, 'Linear': 0.6, 'Bias': 0.0, 'BatchNorm': 0.0} | EnvNClusters=32
[2026-01-24 21:33:07,416] [INFO] Model initialized on device: cuda:0
[2026-01-24 21:33:07,416] [INFO] [CLIENT INIT] Mode=SKH | Sparsity=ON (UsedSparsity=0.6) | Clusters=ON (UsedClusters=32) | EnvSparsityCfg={'Conv': 0.6, 'Linear': 0.6, 'Bias': 0.0, 'BatchNorm': 0.0} | EnvNClusters=32
[2026-01-24 21:33:09,908] [INFO] Model initialized on device: cuda:0
[2026-01-24 21:33:09,908] [INFO] [CLIENT INIT] Mode=SKH | Sparsity=ON (UsedSparsity=0.6) | Clusters=ON (UsedClusters=32) | EnvSparsityCfg={'Conv': 0.6, 'Linear': 0.6, 'Bias': 0.0, 'BatchNorm': 0.0} | EnvNClusters=32
[2026-01-24 21:33:10,623] [INFO] Model initialized on device: cuda:0
[2026-01-24 21:33:10,623] [INFO] [CLIENT INIT] Mode=SKH | Sparsity=ON (UsedSparsity=0.6) | Clusters=ON (UsedClusters=32) | EnvSparsityCfg={'Conv': 0.6, 'Linear': 0.6, 'Bias': 0.0, 'BatchNorm': 0.0} | EnvNClusters=32
[2026-01-24 21:33:10,711] [INFO] Model initialized on device: cuda:0
[2026-01-24 21:33:10,711] [INFO] [CLIENT INIT] Mode=SKH | Sparsity=ON (UsedSparsity=0.6) | Clusters=ON (UsedClusters=32) | EnvSparsityCfg={'Conv': 0.6, 'Linear': 0.6, 'Bias': 0.0, 'BatchNorm': 0.0} | EnvNClusters=32
[2026-01-24 21:33:10,712] [INFO] Model initialized on device: cuda:0
[2026-01-24 21:33:10,713] [INFO] [CLIENT INIT] Mode=SKH | Sparsity=ON (UsedSparsity=0.6) | Clusters=ON (UsedClusters=32) | EnvSparsityCfg={'Conv': 0.6, 'Linear': 0.6, 'Bias': 0.0, 'BatchNorm': 0.0} | EnvNClusters=32
[2026-01-24 21:33:10,716] [INFO] Model initialized on device: cuda:0
[2026-01-24 21:33:10,716] [INFO] [CLIENT INIT] Mode=SKH | Sparsity=ON (UsedSparsity=0.6) | Clusters=ON (UsedClusters=32) | EnvSparsityCfg={'Conv': 0.6, 'Linear': 0.6, 'Bias': 0.0, 'BatchNorm': 0.0} | EnvNClusters=32
[2026-01-24 21:33:10,926] [INFO] Model initialized on device: cuda:0
[2026-01-24 21:33:10,926] [INFO] [CLIENT INIT] Mode=SKH | Sparsity=ON (UsedSparsity=0.6) | Clusters=ON (UsedClusters=32) | EnvSparsityCfg={'Conv': 0.6, 'Linear': 0.6, 'Bias': 0.0, 'BatchNorm': 0.0} | EnvNClusters=32
[2026-01-24 21:33:10,926] [INFO] Model initialized on device: cuda:0
[2026-01-24 21:33:10,926] [INFO] [CLIENT INIT] Mode=SKH | Sparsity=ON (UsedSparsity=0.6) | Clusters=ON (UsedClusters=32) | EnvSparsityCfg={'Conv': 0.6, 'Linear': 0.6, 'Bias': 0.0, 'BatchNorm': 0.0} | EnvNClusters=32
[2026-01-24 21:33:10,927] [INFO] Model initialized on device: cuda:0
[2026-01-24 21:33:10,927] [INFO] [CLIENT INIT] Mode=SKH | Sparsity=ON (UsedSparsity=0.6) | Clusters=ON (UsedClusters=32) | EnvSparsityCfg={'Conv': 0.6, 'Linear': 0.6, 'Bias': 0.0, 'BatchNorm': 0.0} | EnvNClusters=32
[2026-01-24 21:34:09,313] [INFO] [TRAIN] Epoch 3 Loss: 0.7279
[2026-01-24 21:34:58,216] [INFO] Model initialized on device: cuda:0
[2026-01-24 21:34:58,216] [INFO] [CLIENT INIT] Mode=SKH | Sparsity=ON (UsedSparsity=0.6) | Clusters=ON (UsedClusters=32) | EnvSparsityCfg={'Conv': 0.6, 'Linear': 0.6, 'Bias': 0.0, 'BatchNorm': 0.0} | EnvNClusters=32
[2026-01-24 21:34:58,654] [INFO] Model initialized on device: cuda:0
[2026-01-24 21:34:58,654] [INFO] [CLIENT INIT] Mode=SKH | Sparsity=ON (UsedSparsity=0.6) | Clusters=ON (UsedClusters=32) | EnvSparsityCfg={'Conv': 0.6, 'Linear': 0.6, 'Bias': 0.0, 'BatchNorm': 0.0} | EnvNClusters=32
[2026-01-24 21:34:58,742] [INFO] Model initialized on device: cuda:0
[2026-01-24 21:34:58,742] [INFO] [CLIENT INIT] Mode=SKH | Sparsity=ON (UsedSparsity=0.6) | Clusters=ON (UsedClusters=32) | EnvSparsityCfg={'Conv': 0.6, 'Linear': 0.6, 'Bias': 0.0, 'BatchNorm': 0.0} | EnvNClusters=32
[2026-01-24 21:34:58,809] [INFO] Model initialized on device: cuda:0
[2026-01-24 21:34:58,810] [INFO] [CLIENT INIT] Mode=SKH | Sparsity=ON (UsedSparsity=0.6) | Clusters=ON (UsedClusters=32) | EnvSparsityCfg={'Conv': 0.6, 'Linear': 0.6, 'Bias': 0.0, 'BatchNorm': 0.0} | EnvNClusters=32
[2026-01-24 21:34:58,827] [INFO] Model initialized on device: cuda:0
[2026-01-24 21:34:58,827] [INFO] [CLIENT INIT] Mode=SKH | Sparsity=ON (UsedSparsity=0.6) | Clusters=ON (UsedClusters=32) | EnvSparsityCfg={'Conv': 0.6, 'Linear': 0.6, 'Bias': 0.0, 'BatchNorm': 0.0} | EnvNClusters=32
[2026-01-24 21:34:58,846] [INFO] Model initialized on device: cuda:0
[2026-01-24 21:34:58,847] [INFO] [CLIENT INIT] Mode=SKH | Sparsity=ON (UsedSparsity=0.6) | Clusters=ON (UsedClusters=32) | EnvSparsityCfg={'Conv': 0.6, 'Linear': 0.6, 'Bias': 0.0, 'BatchNorm': 0.0} | EnvNClusters=32
[2026-01-24 21:34:58,911] [INFO] Model initialized on device: cuda:0
[2026-01-24 21:34:58,911] [INFO] [CLIENT INIT] Mode=SKH | Sparsity=ON (UsedSparsity=0.6) | Clusters=ON (UsedClusters=32) | EnvSparsityCfg={'Conv': 0.6, 'Linear': 0.6, 'Bias': 0.0, 'BatchNorm': 0.0} | EnvNClusters=32
[2026-01-24 21:34:58,912] [INFO] Model initialized on device: cuda:0
[2026-01-24 21:34:58,912] [INFO] [CLIENT INIT] Mode=SKH | Sparsity=ON (UsedSparsity=0.6) | Clusters=ON (UsedClusters=32) | EnvSparsityCfg={'Conv': 0.6, 'Linear': 0.6, 'Bias': 0.0, 'BatchNorm': 0.0} | EnvNClusters=32
[2026-01-24 21:34:58,914] [INFO] Model initialized on device: cuda:0
[2026-01-24 21:34:58,915] [INFO] [CLIENT INIT] Mode=SKH | Sparsity=ON (UsedSparsity=0.6) | Clusters=ON (UsedClusters=32) | EnvSparsityCfg={'Conv': 0.6, 'Linear': 0.6, 'Bias': 0.0, 'BatchNorm': 0.0} | EnvNClusters=32
[2026-01-24 21:34:58,916] [INFO] Model initialized on device: cuda:0
[2026-01-24 21:34:58,916] [INFO] [CLIENT INIT] Mode=SKH | Sparsity=ON (UsedSparsity=0.6) | Clusters=ON (UsedClusters=32) | EnvSparsityCfg={'Conv': 0.6, 'Linear': 0.6, 'Bias': 0.0, 'BatchNorm': 0.0} | EnvNClusters=32
[2026-01-24 21:36:00,346] [INFO] [TRAIN] Epoch 4 Loss: 0.7064
[2026-01-24 21:36:46,126] [INFO] Model initialized on device: cuda:0
[2026-01-24 21:36:46,127] [INFO] [CLIENT INIT] Mode=SKH | Sparsity=ON (UsedSparsity=0.6) | Clusters=ON (UsedClusters=32) | EnvSparsityCfg={'Conv': 0.6, 'Linear': 0.6, 'Bias': 0.0, 'BatchNorm': 0.0} | EnvNClusters=32
[2026-01-24 21:36:46,128] [INFO] Model initialized on device: cuda:0
[2026-01-24 21:36:46,128] [INFO] [CLIENT INIT] Mode=SKH | Sparsity=ON (UsedSparsity=0.6) | Clusters=ON (UsedClusters=32) | EnvSparsityCfg={'Conv': 0.6, 'Linear': 0.6, 'Bias': 0.0, 'BatchNorm': 0.0} | EnvNClusters=32
[2026-01-24 21:36:46,134] [INFO] Model initialized on device: cuda:0
[2026-01-24 21:36:46,134] [INFO] [CLIENT INIT] Mode=SKH | Sparsity=ON (UsedSparsity=0.6) | Clusters=ON (UsedClusters=32) | EnvSparsityCfg={'Conv': 0.6, 'Linear': 0.6, 'Bias': 0.0, 'BatchNorm': 0.0} | EnvNClusters=32
[2026-01-24 21:36:46,138] [INFO] Model initialized on device: cuda:0
[2026-01-24 21:36:46,139] [INFO] [CLIENT INIT] Mode=SKH | Sparsity=ON (UsedSparsity=0.6) | Clusters=ON (UsedClusters=32) | EnvSparsityCfg={'Conv': 0.6, 'Linear': 0.6, 'Bias': 0.0, 'BatchNorm': 0.0} | EnvNClusters=32
[2026-01-24 21:36:47,152] [INFO] Model initialized on device: cuda:0
[2026-01-24 21:36:47,152] [INFO] [CLIENT INIT] Mode=SKH | Sparsity=ON (UsedSparsity=0.6) | Clusters=ON (UsedClusters=32) | EnvSparsityCfg={'Conv': 0.6, 'Linear': 0.6, 'Bias': 0.0, 'BatchNorm': 0.0} | EnvNClusters=32
[2026-01-24 21:36:47,229] [INFO] Model initialized on device: cuda:0
[2026-01-24 21:36:47,229] [INFO] [CLIENT INIT] Mode=SKH | Sparsity=ON (UsedSparsity=0.6) | Clusters=ON (UsedClusters=32) | EnvSparsityCfg={'Conv': 0.6, 'Linear': 0.6, 'Bias': 0.0, 'BatchNorm': 0.0} | EnvNClusters=32
[2026-01-24 21:36:47,234] [INFO] Model initialized on device: cuda:0
[2026-01-24 21:36:47,234] [INFO] [CLIENT INIT] Mode=SKH | Sparsity=ON (UsedSparsity=0.6) | Clusters=ON (UsedClusters=32) | EnvSparsityCfg={'Conv': 0.6, 'Linear': 0.6, 'Bias': 0.0, 'BatchNorm': 0.0} | EnvNClusters=32
[2026-01-24 21:36:47,624] [INFO] Model initialized on device: cuda:0
[2026-01-24 21:36:47,624] [INFO] [CLIENT INIT] Mode=SKH | Sparsity=ON (UsedSparsity=0.6) | Clusters=ON (UsedClusters=32) | EnvSparsityCfg={'Conv': 0.6, 'Linear': 0.6, 'Bias': 0.0, 'BatchNorm': 0.0} | EnvNClusters=32
[2026-01-24 21:36:47,626] [INFO] Model initialized on device: cuda:0
[2026-01-24 21:36:47,627] [INFO] [CLIENT INIT] Mode=SKH | Sparsity=ON (UsedSparsity=0.6) | Clusters=ON (UsedClusters=32) | EnvSparsityCfg={'Conv': 0.6, 'Linear': 0.6, 'Bias': 0.0, 'BatchNorm': 0.0} | EnvNClusters=32
[2026-01-24 21:36:47,627] [INFO] Model initialized on device: cuda:0
[2026-01-24 21:36:47,627] [INFO] [CLIENT INIT] Mode=SKH | Sparsity=ON (UsedSparsity=0.6) | Clusters=ON (UsedClusters=32) | EnvSparsityCfg={'Conv': 0.6, 'Linear': 0.6, 'Bias': 0.0, 'BatchNorm': 0.0} | EnvNClusters=32
[2026-01-24 21:37:42,116] [INFO] [TRAIN] Epoch 5 Loss: 0.6845
[2026-01-24 21:37:42,117] [INFO] [FIT] Local training finished. Avg Loss: 0.7275
[2026-01-24 21:38:09,089] [INFO] Model initialized on device: cuda:0
[2026-01-24 21:38:09,089] [INFO] [CLIENT INIT] Mode=SKH | Sparsity=ON (UsedSparsity=0.6) | Clusters=ON (UsedClusters=32) | EnvSparsityCfg={'Conv': 0.6, 'Linear': 0.6, 'Bias': 0.0, 'BatchNorm': 0.0} | EnvNClusters=32
[2026-01-24 21:38:09,520] [INFO] Model initialized on device: cuda:0
[2026-01-24 21:38:09,520] [INFO] [CLIENT INIT] Mode=SKH | Sparsity=ON (UsedSparsity=0.6) | Clusters=ON (UsedClusters=32) | EnvSparsityCfg={'Conv': 0.6, 'Linear': 0.6, 'Bias': 0.0, 'BatchNorm': 0.0} | EnvNClusters=32
[2026-01-24 21:38:09,549] [INFO] Model initialized on device: cuda:0
[2026-01-24 21:38:09,549] [INFO] [CLIENT INIT] Mode=SKH | Sparsity=ON (UsedSparsity=0.6) | Clusters=ON (UsedClusters=32) | EnvSparsityCfg={'Conv': 0.6, 'Linear': 0.6, 'Bias': 0.0, 'BatchNorm': 0.0} | EnvNClusters=32
[2026-01-24 21:38:09,553] [INFO] Model initialized on device: cuda:0
[2026-01-24 21:38:09,554] [INFO] [CLIENT INIT] Mode=SKH | Sparsity=ON (UsedSparsity=0.6) | Clusters=ON (UsedClusters=32) | EnvSparsityCfg={'Conv': 0.6, 'Linear': 0.6, 'Bias': 0.0, 'BatchNorm': 0.0} | EnvNClusters=32
[2026-01-24 21:38:09,567] [INFO] Model initialized on device: cuda:0
[2026-01-24 21:38:09,567] [INFO] [CLIENT INIT] Mode=SKH | Sparsity=ON (UsedSparsity=0.6) | Clusters=ON (UsedClusters=32) | EnvSparsityCfg={'Conv': 0.6, 'Linear': 0.6, 'Bias': 0.0, 'BatchNorm': 0.0} | EnvNClusters=32
[2026-01-24 21:38:09,572] [INFO] Model initialized on device: cuda:0
[2026-01-24 21:38:09,572] [INFO] [CLIENT INIT] Mode=SKH | Sparsity=ON (UsedSparsity=0.6) | Clusters=ON (UsedClusters=32) | EnvSparsityCfg={'Conv': 0.6, 'Linear': 0.6, 'Bias': 0.0, 'BatchNorm': 0.0} | EnvNClusters=32
[2026-01-24 21:38:09,573] [INFO] Model initialized on device: cuda:0
[2026-01-24 21:38:09,573] [INFO] [CLIENT INIT] Mode=SKH | Sparsity=ON (UsedSparsity=0.6) | Clusters=ON (UsedClusters=32) | EnvSparsityCfg={'Conv': 0.6, 'Linear': 0.6, 'Bias': 0.0, 'BatchNorm': 0.0} | EnvNClusters=32
[2026-01-24 21:38:09,576] [INFO] Model initialized on device: cuda:0
[2026-01-24 21:38:09,576] [INFO] [CLIENT INIT] Mode=SKH | Sparsity=ON (UsedSparsity=0.6) | Clusters=ON (UsedClusters=32) | EnvSparsityCfg={'Conv': 0.6, 'Linear': 0.6, 'Bias': 0.0, 'BatchNorm': 0.0} | EnvNClusters=32
[2026-01-24 21:38:09,578] [INFO] Model initialized on device: cuda:0
[2026-01-24 21:38:09,578] [INFO] [CLIENT INIT] Mode=SKH | Sparsity=ON (UsedSparsity=0.6) | Clusters=ON (UsedClusters=32) | EnvSparsityCfg={'Conv': 0.6, 'Linear': 0.6, 'Bias': 0.0, 'BatchNorm': 0.0} | EnvNClusters=32
[2026-01-24 21:38:09,580] [INFO] Model initialized on device: cuda:0
[2026-01-24 21:38:09,580] [INFO] [CLIENT INIT] Mode=SKH | Sparsity=ON (UsedSparsity=0.6) | Clusters=ON (UsedClusters=32) | EnvSparsityCfg={'Conv': 0.6, 'Linear': 0.6, 'Bias': 0.0, 'BatchNorm': 0.0} | EnvNClusters=32
[2026-01-24 21:38:13,009] [DEBUG] [TEST] Batch 1 | Pred shape: torch.Size([256, 256, 160]) | Label shape: torch.Size([256, 256, 160])
[2026-01-24 21:38:13,067] [DEBUG] [TEST] Batch 2 | Pred shape: torch.Size([256, 256, 160]) | Label shape: torch.Size([256, 256, 160])
[2026-01-24 21:38:13,146] [DEBUG] [TEST] Batch 3 | Pred shape: torch.Size([256, 256, 160]) | Label shape: torch.Size([256, 256, 160])
[2026-01-24 21:38:13,202] [DEBUG] [TEST] Batch 4 | Pred shape: torch.Size([256, 256, 160]) | Label shape: torch.Size([256, 256, 160])
[2026-01-24 21:38:13,606] [DEBUG] [TEST] Batch 5 | Pred shape: torch.Size([256, 256, 160]) | Label shape: torch.Size([256, 256, 160])
[2026-01-24 21:38:13,661] [DEBUG] [TEST] Batch 6 | Pred shape: torch.Size([256, 256, 160]) | Label shape: torch.Size([256, 256, 160])
[2026-01-24 21:38:13,716] [DEBUG] [TEST] Batch 7 | Pred shape: torch.Size([256, 256, 160]) | Label shape: torch.Size([256, 256, 160])
[2026-01-24 21:38:13,770] [DEBUG] [TEST] Batch 8 | Pred shape: torch.Size([256, 256, 160]) | Label shape: torch.Size([256, 256, 160])
[2026-01-24 21:38:13,824] [DEBUG] [TEST] Batch 9 | Pred shape: torch.Size([256, 256, 160]) | Label shape: torch.Size([256, 256, 160])
[2026-01-24 21:38:13,879] [DEBUG] [TEST] Batch 10 | Pred shape: torch.Size([256, 256, 160]) | Label shape: torch.Size([256, 256, 160])
[2026-01-24 21:38:16,371] [INFO] [FIT] Final model saved to: Revision2/Run_UNET_IID_SKHC32S60_20260124/Client2/model_final.pth
[2026-01-24 21:38:24,958] [INFO] [COMM][CLIENT] Round=-1 Mode=SKH UsedSparsity=0.6 UsedClusters=32 BaselineBits=154016352.0 CompressedBits=45377156.3 CR=3.394
[2026-01-24 21:38:57,002] [INFO] [EVALUATE] Starting evaluation...
[2026-01-24 21:38:58,509] [INFO] [DEBUG] Loaded compressed decoded weights.
[2026-01-24 21:40:06,297] [INFO] Model initialized on device: cuda:0
[2026-01-24 21:40:06,298] [INFO] [CLIENT INIT] Mode=SKH | Sparsity=ON (UsedSparsity=0.6) | Clusters=ON (UsedClusters=32) | EnvSparsityCfg={'Conv': 0.6, 'Linear': 0.6, 'Bias': 0.0, 'BatchNorm': 0.0} | EnvNClusters=32
[2026-01-24 21:40:06,686] [INFO] Model initialized on device: cuda:0
[2026-01-24 21:40:06,686] [INFO] [CLIENT INIT] Mode=SKH | Sparsity=ON (UsedSparsity=0.6) | Clusters=ON (UsedClusters=32) | EnvSparsityCfg={'Conv': 0.6, 'Linear': 0.6, 'Bias': 0.0, 'BatchNorm': 0.0} | EnvNClusters=32
[2026-01-24 21:40:06,855] [INFO] Model initialized on device: cuda:0
[2026-01-24 21:40:06,855] [INFO] [CLIENT INIT] Mode=SKH | Sparsity=ON (UsedSparsity=0.6) | Clusters=ON (UsedClusters=32) | EnvSparsityCfg={'Conv': 0.6, 'Linear': 0.6, 'Bias': 0.0, 'BatchNorm': 0.0} | EnvNClusters=32
[2026-01-24 21:40:07,335] [INFO] Model initialized on device: cuda:0
[2026-01-24 21:40:07,335] [INFO] [CLIENT INIT] Mode=SKH | Sparsity=ON (UsedSparsity=0.6) | Clusters=ON (UsedClusters=32) | EnvSparsityCfg={'Conv': 0.6, 'Linear': 0.6, 'Bias': 0.0, 'BatchNorm': 0.0} | EnvNClusters=32
[2026-01-24 21:40:07,713] [INFO] Model initialized on device: cuda:0
[2026-01-24 21:40:07,713] [INFO] [CLIENT INIT] Mode=SKH | Sparsity=ON (UsedSparsity=0.6) | Clusters=ON (UsedClusters=32) | EnvSparsityCfg={'Conv': 0.6, 'Linear': 0.6, 'Bias': 0.0, 'BatchNorm': 0.0} | EnvNClusters=32
[2026-01-24 21:40:08,010] [INFO] Model initialized on device: cuda:0
[2026-01-24 21:40:08,011] [INFO] [CLIENT INIT] Mode=SKH | Sparsity=ON (UsedSparsity=0.6) | Clusters=ON (UsedClusters=32) | EnvSparsityCfg={'Conv': 0.6, 'Linear': 0.6, 'Bias': 0.0, 'BatchNorm': 0.0} | EnvNClusters=32
[2026-01-24 21:40:08,040] [INFO] Model initialized on device: cuda:0
[2026-01-24 21:40:08,040] [INFO] [CLIENT INIT] Mode=SKH | Sparsity=ON (UsedSparsity=0.6) | Clusters=ON (UsedClusters=32) | EnvSparsityCfg={'Conv': 0.6, 'Linear': 0.6, 'Bias': 0.0, 'BatchNorm': 0.0} | EnvNClusters=32
[2026-01-24 21:40:08,112] [INFO] Model initialized on device: cuda:0
[2026-01-24 21:40:08,112] [INFO] [CLIENT INIT] Mode=SKH | Sparsity=ON (UsedSparsity=0.6) | Clusters=ON (UsedClusters=32) | EnvSparsityCfg={'Conv': 0.6, 'Linear': 0.6, 'Bias': 0.0, 'BatchNorm': 0.0} | EnvNClusters=32
[2026-01-24 21:40:08,311] [INFO] Model initialized on device: cuda:0
[2026-01-24 21:40:08,312] [INFO] [CLIENT INIT] Mode=SKH | Sparsity=ON (UsedSparsity=0.6) | Clusters=ON (UsedClusters=32) | EnvSparsityCfg={'Conv': 0.6, 'Linear': 0.6, 'Bias': 0.0, 'BatchNorm': 0.0} | EnvNClusters=32
[2026-01-24 21:40:08,319] [INFO] Model initialized on device: cuda:0
[2026-01-24 21:40:08,319] [INFO] [CLIENT INIT] Mode=SKH | Sparsity=ON (UsedSparsity=0.6) | Clusters=ON (UsedClusters=32) | EnvSparsityCfg={'Conv': 0.6, 'Linear': 0.6, 'Bias': 0.0, 'BatchNorm': 0.0} | EnvNClusters=32
[2026-01-24 21:40:13,715] [DEBUG] [TEST] Batch 1 | Pred shape: torch.Size([256, 256, 160]) | Label shape: torch.Size([256, 256, 160])
[2026-01-24 21:40:14,315] [DEBUG] [TEST] Batch 2 | Pred shape: torch.Size([256, 256, 160]) | Label shape: torch.Size([256, 256, 160])
[2026-01-24 21:40:14,688] [DEBUG] [TEST] Batch 3 | Pred shape: torch.Size([256, 256, 160]) | Label shape: torch.Size([256, 256, 160])
[2026-01-24 21:40:14,783] [DEBUG] [TEST] Batch 4 | Pred shape: torch.Size([256, 256, 160]) | Label shape: torch.Size([256, 256, 160])
[2026-01-24 21:40:14,931] [DEBUG] [TEST] Batch 5 | Pred shape: torch.Size([256, 256, 160]) | Label shape: torch.Size([256, 256, 160])
[2026-01-24 21:40:15,093] [DEBUG] [TEST] Batch 6 | Pred shape: torch.Size([256, 256, 160]) | Label shape: torch.Size([256, 256, 160])
[2026-01-24 21:40:15,264] [DEBUG] [TEST] Batch 7 | Pred shape: torch.Size([256, 256, 160]) | Label shape: torch.Size([256, 256, 160])
[2026-01-24 21:40:15,496] [DEBUG] [TEST] Batch 8 | Pred shape: torch.Size([256, 256, 160]) | Label shape: torch.Size([256, 256, 160])
[2026-01-24 21:40:15,721] [DEBUG] [TEST] Batch 9 | Pred shape: torch.Size([256, 256, 160]) | Label shape: torch.Size([256, 256, 160])
[2026-01-24 21:40:15,934] [DEBUG] [TEST] Batch 10 | Pred shape: torch.Size([256, 256, 160]) | Label shape: torch.Size([256, 256, 160])
[2026-01-24 21:40:20,417] [INFO] [EVALUATE] Dice WT: 0.4907
[2026-01-24 21:40:28,735] [INFO] [FIT] Received parameters. Starting local training...
[2026-01-24 21:40:31,222] [INFO] [DEBUG] Loaded compressed decoded weights.
[2026-01-24 21:41:36,321] [INFO] Model initialized on device: cuda:0
[2026-01-24 21:41:36,321] [INFO] [CLIENT INIT] Mode=SKH | Sparsity=ON (UsedSparsity=0.6) | Clusters=ON (UsedClusters=32) | EnvSparsityCfg={'Conv': 0.6, 'Linear': 0.6, 'Bias': 0.0, 'BatchNorm': 0.0} | EnvNClusters=32
[2026-01-24 21:41:36,612] [INFO] Model initialized on device: cuda:0
[2026-01-24 21:41:36,612] [INFO] [CLIENT INIT] Mode=SKH | Sparsity=ON (UsedSparsity=0.6) | Clusters=ON (UsedClusters=32) | EnvSparsityCfg={'Conv': 0.6, 'Linear': 0.6, 'Bias': 0.0, 'BatchNorm': 0.0} | EnvNClusters=32
[2026-01-24 21:41:40,348] [INFO] Model initialized on device: cuda:0
[2026-01-24 21:41:40,348] [INFO] [CLIENT INIT] Mode=SKH | Sparsity=ON (UsedSparsity=0.6) | Clusters=ON (UsedClusters=32) | EnvSparsityCfg={'Conv': 0.6, 'Linear': 0.6, 'Bias': 0.0, 'BatchNorm': 0.0} | EnvNClusters=32
[2026-01-24 21:41:40,349] [INFO] Model initialized on device: cuda:0
[2026-01-24 21:41:40,349] [INFO] [CLIENT INIT] Mode=SKH | Sparsity=ON (UsedSparsity=0.6) | Clusters=ON (UsedClusters=32) | EnvSparsityCfg={'Conv': 0.6, 'Linear': 0.6, 'Bias': 0.0, 'BatchNorm': 0.0} | EnvNClusters=32
[2026-01-24 21:41:41,212] [INFO] Model initialized on device: cuda:0
[2026-01-24 21:41:41,212] [INFO] [CLIENT INIT] Mode=SKH | Sparsity=ON (UsedSparsity=0.6) | Clusters=ON (UsedClusters=32) | EnvSparsityCfg={'Conv': 0.6, 'Linear': 0.6, 'Bias': 0.0, 'BatchNorm': 0.0} | EnvNClusters=32
[2026-01-24 21:41:41,610] [INFO] Model initialized on device: cuda:0
[2026-01-24 21:41:41,610] [INFO] [CLIENT INIT] Mode=SKH | Sparsity=ON (UsedSparsity=0.6) | Clusters=ON (UsedClusters=32) | EnvSparsityCfg={'Conv': 0.6, 'Linear': 0.6, 'Bias': 0.0, 'BatchNorm': 0.0} | EnvNClusters=32
[2026-01-24 21:41:41,615] [INFO] Model initialized on device: cuda:0
[2026-01-24 21:41:41,615] [INFO] [CLIENT INIT] Mode=SKH | Sparsity=ON (UsedSparsity=0.6) | Clusters=ON (UsedClusters=32) | EnvSparsityCfg={'Conv': 0.6, 'Linear': 0.6, 'Bias': 0.0, 'BatchNorm': 0.0} | EnvNClusters=32
[2026-01-24 21:41:41,711] [INFO] Model initialized on device: cuda:0
[2026-01-24 21:41:41,711] [INFO] [CLIENT INIT] Mode=SKH | Sparsity=ON (UsedSparsity=0.6) | Clusters=ON (UsedClusters=32) | EnvSparsityCfg={'Conv': 0.6, 'Linear': 0.6, 'Bias': 0.0, 'BatchNorm': 0.0} | EnvNClusters=32
[2026-01-24 21:41:41,712] [INFO] Model initialized on device: cuda:0
[2026-01-24 21:41:41,712] [INFO] [CLIENT INIT] Mode=SKH | Sparsity=ON (UsedSparsity=0.6) | Clusters=ON (UsedClusters=32) | EnvSparsityCfg={'Conv': 0.6, 'Linear': 0.6, 'Bias': 0.0, 'BatchNorm': 0.0} | EnvNClusters=32
[2026-01-24 21:41:41,713] [INFO] Model initialized on device: cuda:0
[2026-01-24 21:41:41,713] [INFO] [CLIENT INIT] Mode=SKH | Sparsity=ON (UsedSparsity=0.6) | Clusters=ON (UsedClusters=32) | EnvSparsityCfg={'Conv': 0.6, 'Linear': 0.6, 'Bias': 0.0, 'BatchNorm': 0.0} | EnvNClusters=32
[2026-01-24 21:42:46,573] [INFO] [TRAIN] Epoch 1 Loss: 0.7208
[2026-01-24 21:43:44,012] [INFO] Model initialized on device: cuda:0
[2026-01-24 21:43:44,012] [INFO] [CLIENT INIT] Mode=SKH | Sparsity=ON (UsedSparsity=0.6) | Clusters=ON (UsedClusters=32) | EnvSparsityCfg={'Conv': 0.6, 'Linear': 0.6, 'Bias': 0.0, 'BatchNorm': 0.0} | EnvNClusters=32
[2026-01-24 21:43:45,242] [INFO] Model initialized on device: cuda:0
[2026-01-24 21:43:45,242] [INFO] [CLIENT INIT] Mode=SKH | Sparsity=ON (UsedSparsity=0.6) | Clusters=ON (UsedClusters=32) | EnvSparsityCfg={'Conv': 0.6, 'Linear': 0.6, 'Bias': 0.0, 'BatchNorm': 0.0} | EnvNClusters=32
[2026-01-24 21:43:45,709] [INFO] Model initialized on device: cuda:0
[2026-01-24 21:43:45,709] [INFO] [CLIENT INIT] Mode=SKH | Sparsity=ON (UsedSparsity=0.6) | Clusters=ON (UsedClusters=32) | EnvSparsityCfg={'Conv': 0.6, 'Linear': 0.6, 'Bias': 0.0, 'BatchNorm': 0.0} | EnvNClusters=32
[2026-01-24 21:43:46,116] [INFO] Model initialized on device: cuda:0
[2026-01-24 21:43:46,116] [INFO] [CLIENT INIT] Mode=SKH | Sparsity=ON (UsedSparsity=0.6) | Clusters=ON (UsedClusters=32) | EnvSparsityCfg={'Conv': 0.6, 'Linear': 0.6, 'Bias': 0.0, 'BatchNorm': 0.0} | EnvNClusters=32
[2026-01-24 21:43:46,140] [INFO] Model initialized on device: cuda:0
[2026-01-24 21:43:46,140] [INFO] [CLIENT INIT] Mode=SKH | Sparsity=ON (UsedSparsity=0.6) | Clusters=ON (UsedClusters=32) | EnvSparsityCfg={'Conv': 0.6, 'Linear': 0.6, 'Bias': 0.0, 'BatchNorm': 0.0} | EnvNClusters=32
[2026-01-24 21:43:46,619] [INFO] Model initialized on device: cuda:0
[2026-01-24 21:43:46,620] [INFO] [CLIENT INIT] Mode=SKH | Sparsity=ON (UsedSparsity=0.6) | Clusters=ON (UsedClusters=32) | EnvSparsityCfg={'Conv': 0.6, 'Linear': 0.6, 'Bias': 0.0, 'BatchNorm': 0.0} | EnvNClusters=32
[2026-01-24 21:43:46,622] [INFO] Model initialized on device: cuda:0
[2026-01-24 21:43:46,622] [INFO] [CLIENT INIT] Mode=SKH | Sparsity=ON (UsedSparsity=0.6) | Clusters=ON (UsedClusters=32) | EnvSparsityCfg={'Conv': 0.6, 'Linear': 0.6, 'Bias': 0.0, 'BatchNorm': 0.0} | EnvNClusters=32
[2026-01-24 21:43:47,013] [INFO] Model initialized on device: cuda:0
[2026-01-24 21:43:47,013] [INFO] [CLIENT INIT] Mode=SKH | Sparsity=ON (UsedSparsity=0.6) | Clusters=ON (UsedClusters=32) | EnvSparsityCfg={'Conv': 0.6, 'Linear': 0.6, 'Bias': 0.0, 'BatchNorm': 0.0} | EnvNClusters=32
[2026-01-24 21:43:47,333] [INFO] Model initialized on device: cuda:0
[2026-01-24 21:43:47,334] [INFO] [CLIENT INIT] Mode=SKH | Sparsity=ON (UsedSparsity=0.6) | Clusters=ON (UsedClusters=32) | EnvSparsityCfg={'Conv': 0.6, 'Linear': 0.6, 'Bias': 0.0, 'BatchNorm': 0.0} | EnvNClusters=32
[2026-01-24 21:43:47,725] [INFO] Model initialized on device: cuda:0
[2026-01-24 21:43:47,725] [INFO] [CLIENT INIT] Mode=SKH | Sparsity=ON (UsedSparsity=0.6) | Clusters=ON (UsedClusters=32) | EnvSparsityCfg={'Conv': 0.6, 'Linear': 0.6, 'Bias': 0.0, 'BatchNorm': 0.0} | EnvNClusters=32
[2026-01-24 21:44:50,015] [INFO] [TRAIN] Epoch 2 Loss: 0.7002
[2026-01-24 21:45:43,811] [INFO] Model initialized on device: cuda:0
[2026-01-24 21:45:43,811] [INFO] [CLIENT INIT] Mode=SKH | Sparsity=ON (UsedSparsity=0.6) | Clusters=ON (UsedClusters=32) | EnvSparsityCfg={'Conv': 0.6, 'Linear': 0.6, 'Bias': 0.0, 'BatchNorm': 0.0} | EnvNClusters=32
[2026-01-24 21:45:44,435] [INFO] Model initialized on device: cuda:0
[2026-01-24 21:45:44,435] [INFO] [CLIENT INIT] Mode=SKH | Sparsity=ON (UsedSparsity=0.6) | Clusters=ON (UsedClusters=32) | EnvSparsityCfg={'Conv': 0.6, 'Linear': 0.6, 'Bias': 0.0, 'BatchNorm': 0.0} | EnvNClusters=32
[2026-01-24 21:45:44,436] [INFO] Model initialized on device: cuda:0
[2026-01-24 21:45:44,436] [INFO] [CLIENT INIT] Mode=SKH | Sparsity=ON (UsedSparsity=0.6) | Clusters=ON (UsedClusters=32) | EnvSparsityCfg={'Conv': 0.6, 'Linear': 0.6, 'Bias': 0.0, 'BatchNorm': 0.0} | EnvNClusters=32
[2026-01-24 21:45:44,516] [INFO] Model initialized on device: cuda:0
[2026-01-24 21:45:44,517] [INFO] [CLIENT INIT] Mode=SKH | Sparsity=ON (UsedSparsity=0.6) | Clusters=ON (UsedClusters=32) | EnvSparsityCfg={'Conv': 0.6, 'Linear': 0.6, 'Bias': 0.0, 'BatchNorm': 0.0} | EnvNClusters=32
[2026-01-24 21:45:44,653] [INFO] Model initialized on device: cuda:0
[2026-01-24 21:45:44,654] [INFO] [CLIENT INIT] Mode=SKH | Sparsity=ON (UsedSparsity=0.6) | Clusters=ON (UsedClusters=32) | EnvSparsityCfg={'Conv': 0.6, 'Linear': 0.6, 'Bias': 0.0, 'BatchNorm': 0.0} | EnvNClusters=32
[2026-01-24 21:45:44,831] [INFO] Model initialized on device: cuda:0
[2026-01-24 21:45:44,831] [INFO] [CLIENT INIT] Mode=SKH | Sparsity=ON (UsedSparsity=0.6) | Clusters=ON (UsedClusters=32) | EnvSparsityCfg={'Conv': 0.6, 'Linear': 0.6, 'Bias': 0.0, 'BatchNorm': 0.0} | EnvNClusters=32
[2026-01-24 21:45:44,914] [INFO] Model initialized on device: cuda:0
[2026-01-24 21:45:44,914] [INFO] [CLIENT INIT] Mode=SKH | Sparsity=ON (UsedSparsity=0.6) | Clusters=ON (UsedClusters=32) | EnvSparsityCfg={'Conv': 0.6, 'Linear': 0.6, 'Bias': 0.0, 'BatchNorm': 0.0} | EnvNClusters=32
[2026-01-24 21:45:44,932] [INFO] Model initialized on device: cuda:0
[2026-01-24 21:45:44,932] [INFO] [CLIENT INIT] Mode=SKH | Sparsity=ON (UsedSparsity=0.6) | Clusters=ON (UsedClusters=32) | EnvSparsityCfg={'Conv': 0.6, 'Linear': 0.6, 'Bias': 0.0, 'BatchNorm': 0.0} | EnvNClusters=32
[2026-01-24 21:45:45,228] [INFO] Model initialized on device: cuda:0
[2026-01-24 21:45:45,228] [INFO] [CLIENT INIT] Mode=SKH | Sparsity=ON (UsedSparsity=0.6) | Clusters=ON (UsedClusters=32) | EnvSparsityCfg={'Conv': 0.6, 'Linear': 0.6, 'Bias': 0.0, 'BatchNorm': 0.0} | EnvNClusters=32
[2026-01-24 21:45:45,327] [INFO] Model initialized on device: cuda:0
[2026-01-24 21:45:45,327] [INFO] [CLIENT INIT] Mode=SKH | Sparsity=ON (UsedSparsity=0.6) | Clusters=ON (UsedClusters=32) | EnvSparsityCfg={'Conv': 0.6, 'Linear': 0.6, 'Bias': 0.0, 'BatchNorm': 0.0} | EnvNClusters=32
[2026-01-24 21:46:52,214] [INFO] [TRAIN] Epoch 3 Loss: 0.6771
[2026-01-24 21:47:25,743] [INFO] Model initialized on device: cuda:0
[2026-01-24 21:47:25,743] [INFO] [CLIENT INIT] Mode=SKH | Sparsity=ON (UsedSparsity=0.6) | Clusters=ON (UsedClusters=32) | EnvSparsityCfg={'Conv': 0.6, 'Linear': 0.6, 'Bias': 0.0, 'BatchNorm': 0.0} | EnvNClusters=32
[2026-01-24 21:47:27,920] [INFO] Model initialized on device: cuda:0
[2026-01-24 21:47:27,920] [INFO] [CLIENT INIT] Mode=SKH | Sparsity=ON (UsedSparsity=0.6) | Clusters=ON (UsedClusters=32) | EnvSparsityCfg={'Conv': 0.6, 'Linear': 0.6, 'Bias': 0.0, 'BatchNorm': 0.0} | EnvNClusters=32
[2026-01-24 21:47:28,932] [INFO] Model initialized on device: cuda:0
[2026-01-24 21:47:28,932] [INFO] [CLIENT INIT] Mode=SKH | Sparsity=ON (UsedSparsity=0.6) | Clusters=ON (UsedClusters=32) | EnvSparsityCfg={'Conv': 0.6, 'Linear': 0.6, 'Bias': 0.0, 'BatchNorm': 0.0} | EnvNClusters=32
[2026-01-24 21:47:34,712] [INFO] Model initialized on device: cuda:0
[2026-01-24 21:47:34,712] [INFO] [CLIENT INIT] Mode=SKH | Sparsity=ON (UsedSparsity=0.6) | Clusters=ON (UsedClusters=32) | EnvSparsityCfg={'Conv': 0.6, 'Linear': 0.6, 'Bias': 0.0, 'BatchNorm': 0.0} | EnvNClusters=32
[2026-01-24 21:47:34,714] [INFO] Model initialized on device: cuda:0
[2026-01-24 21:47:34,714] [INFO] [CLIENT INIT] Mode=SKH | Sparsity=ON (UsedSparsity=0.6) | Clusters=ON (UsedClusters=32) | EnvSparsityCfg={'Conv': 0.6, 'Linear': 0.6, 'Bias': 0.0, 'BatchNorm': 0.0} | EnvNClusters=32
[2026-01-24 21:47:34,811] [INFO] Model initialized on device: cuda:0
[2026-01-24 21:47:34,811] [INFO] [CLIENT INIT] Mode=SKH | Sparsity=ON (UsedSparsity=0.6) | Clusters=ON (UsedClusters=32) | EnvSparsityCfg={'Conv': 0.6, 'Linear': 0.6, 'Bias': 0.0, 'BatchNorm': 0.0} | EnvNClusters=32
[2026-01-24 21:47:34,909] [INFO] Model initialized on device: cuda:0
[2026-01-24 21:47:34,909] [INFO] [CLIENT INIT] Mode=SKH | Sparsity=ON (UsedSparsity=0.6) | Clusters=ON (UsedClusters=32) | EnvSparsityCfg={'Conv': 0.6, 'Linear': 0.6, 'Bias': 0.0, 'BatchNorm': 0.0} | EnvNClusters=32
[2026-01-24 21:47:34,919] [INFO] Model initialized on device: cuda:0
[2026-01-24 21:47:34,919] [INFO] [CLIENT INIT] Mode=SKH | Sparsity=ON (UsedSparsity=0.6) | Clusters=ON (UsedClusters=32) | EnvSparsityCfg={'Conv': 0.6, 'Linear': 0.6, 'Bias': 0.0, 'BatchNorm': 0.0} | EnvNClusters=32
[2026-01-24 21:47:34,930] [INFO] Model initialized on device: cuda:0
[2026-01-24 21:47:34,931] [INFO] [CLIENT INIT] Mode=SKH | Sparsity=ON (UsedSparsity=0.6) | Clusters=ON (UsedClusters=32) | EnvSparsityCfg={'Conv': 0.6, 'Linear': 0.6, 'Bias': 0.0, 'BatchNorm': 0.0} | EnvNClusters=32
[2026-01-24 21:47:34,932] [INFO] Model initialized on device: cuda:0
[2026-01-24 21:47:34,932] [INFO] [CLIENT INIT] Mode=SKH | Sparsity=ON (UsedSparsity=0.6) | Clusters=ON (UsedClusters=32) | EnvSparsityCfg={'Conv': 0.6, 'Linear': 0.6, 'Bias': 0.0, 'BatchNorm': 0.0} | EnvNClusters=32
[2026-01-24 21:48:36,960] [INFO] [TRAIN] Epoch 4 Loss: 0.6546
[2026-01-24 21:49:11,541] [INFO] Model initialized on device: cuda:0
[2026-01-24 21:49:11,542] [INFO] [CLIENT INIT] Mode=SKH | Sparsity=ON (UsedSparsity=0.6) | Clusters=ON (UsedClusters=32) | EnvSparsityCfg={'Conv': 0.6, 'Linear': 0.6, 'Bias': 0.0, 'BatchNorm': 0.0} | EnvNClusters=32
[2026-01-24 21:49:11,545] [INFO] Model initialized on device: cuda:0
[2026-01-24 21:49:11,545] [INFO] [CLIENT INIT] Mode=SKH | Sparsity=ON (UsedSparsity=0.6) | Clusters=ON (UsedClusters=32) | EnvSparsityCfg={'Conv': 0.6, 'Linear': 0.6, 'Bias': 0.0, 'BatchNorm': 0.0} | EnvNClusters=32
[2026-01-24 21:49:15,719] [INFO] Model initialized on device: cuda:0
[2026-01-24 21:49:15,719] [INFO] [CLIENT INIT] Mode=SKH | Sparsity=ON (UsedSparsity=0.6) | Clusters=ON (UsedClusters=32) | EnvSparsityCfg={'Conv': 0.6, 'Linear': 0.6, 'Bias': 0.0, 'BatchNorm': 0.0} | EnvNClusters=32
[2026-01-24 21:49:15,724] [INFO] Model initialized on device: cuda:0
[2026-01-24 21:49:15,724] [INFO] [CLIENT INIT] Mode=SKH | Sparsity=ON (UsedSparsity=0.6) | Clusters=ON (UsedClusters=32) | EnvSparsityCfg={'Conv': 0.6, 'Linear': 0.6, 'Bias': 0.0, 'BatchNorm': 0.0} | EnvNClusters=32
[2026-01-24 21:49:15,726] [INFO] Model initialized on device: cuda:0
[2026-01-24 21:49:15,726] [INFO] [CLIENT INIT] Mode=SKH | Sparsity=ON (UsedSparsity=0.6) | Clusters=ON (UsedClusters=32) | EnvSparsityCfg={'Conv': 0.6, 'Linear': 0.6, 'Bias': 0.0, 'BatchNorm': 0.0} | EnvNClusters=32
[2026-01-24 21:49:15,726] [INFO] Model initialized on device: cuda:0
[2026-01-24 21:49:15,726] [INFO] [CLIENT INIT] Mode=SKH | Sparsity=ON (UsedSparsity=0.6) | Clusters=ON (UsedClusters=32) | EnvSparsityCfg={'Conv': 0.6, 'Linear': 0.6, 'Bias': 0.0, 'BatchNorm': 0.0} | EnvNClusters=32
[2026-01-24 21:49:15,728] [INFO] Model initialized on device: cuda:0
[2026-01-24 21:49:15,728] [INFO] [CLIENT INIT] Mode=SKH | Sparsity=ON (UsedSparsity=0.6) | Clusters=ON (UsedClusters=32) | EnvSparsityCfg={'Conv': 0.6, 'Linear': 0.6, 'Bias': 0.0, 'BatchNorm': 0.0} | EnvNClusters=32
[2026-01-24 21:49:15,731] [INFO] Model initialized on device: cuda:0
[2026-01-24 21:49:15,731] [INFO] [CLIENT INIT] Mode=SKH | Sparsity=ON (UsedSparsity=0.6) | Clusters=ON (UsedClusters=32) | EnvSparsityCfg={'Conv': 0.6, 'Linear': 0.6, 'Bias': 0.0, 'BatchNorm': 0.0} | EnvNClusters=32
[2026-01-24 21:49:15,734] [INFO] Model initialized on device: cuda:0
[2026-01-24 21:49:15,734] [INFO] [CLIENT INIT] Mode=SKH | Sparsity=ON (UsedSparsity=0.6) | Clusters=ON (UsedClusters=32) | EnvSparsityCfg={'Conv': 0.6, 'Linear': 0.6, 'Bias': 0.0, 'BatchNorm': 0.0} | EnvNClusters=32
[2026-01-24 21:49:15,734] [INFO] Model initialized on device: cuda:0
[2026-01-24 21:49:15,734] [INFO] [CLIENT INIT] Mode=SKH | Sparsity=ON (UsedSparsity=0.6) | Clusters=ON (UsedClusters=32) | EnvSparsityCfg={'Conv': 0.6, 'Linear': 0.6, 'Bias': 0.0, 'BatchNorm': 0.0} | EnvNClusters=32
[2026-01-24 21:50:11,215] [INFO] [TRAIN] Epoch 5 Loss: 0.6314
[2026-01-24 21:50:11,215] [INFO] [FIT] Local training finished. Avg Loss: 0.6768
[2026-01-24 21:50:32,649] [INFO] Model initialized on device: cuda:0
[2026-01-24 21:50:32,649] [INFO] [CLIENT INIT] Mode=SKH | Sparsity=ON (UsedSparsity=0.6) | Clusters=ON (UsedClusters=32) | EnvSparsityCfg={'Conv': 0.6, 'Linear': 0.6, 'Bias': 0.0, 'BatchNorm': 0.0} | EnvNClusters=32
[2026-01-24 21:50:34,220] [INFO] Model initialized on device: cuda:0
[2026-01-24 21:50:34,220] [INFO] [CLIENT INIT] Mode=SKH | Sparsity=ON (UsedSparsity=0.6) | Clusters=ON (UsedClusters=32) | EnvSparsityCfg={'Conv': 0.6, 'Linear': 0.6, 'Bias': 0.0, 'BatchNorm': 0.0} | EnvNClusters=32
[2026-01-24 21:50:36,581] [INFO] Model initialized on device: cuda:0
[2026-01-24 21:50:36,582] [INFO] [CLIENT INIT] Mode=SKH | Sparsity=ON (UsedSparsity=0.6) | Clusters=ON (UsedClusters=32) | EnvSparsityCfg={'Conv': 0.6, 'Linear': 0.6, 'Bias': 0.0, 'BatchNorm': 0.0} | EnvNClusters=32
[2026-01-24 21:50:36,739] [INFO] Model initialized on device: cuda:0
[2026-01-24 21:50:36,740] [INFO] [CLIENT INIT] Mode=SKH | Sparsity=ON (UsedSparsity=0.6) | Clusters=ON (UsedClusters=32) | EnvSparsityCfg={'Conv': 0.6, 'Linear': 0.6, 'Bias': 0.0, 'BatchNorm': 0.0} | EnvNClusters=32
[2026-01-24 21:50:36,879] [INFO] Model initialized on device: cuda:0
[2026-01-24 21:50:36,879] [INFO] [CLIENT INIT] Mode=SKH | Sparsity=ON (UsedSparsity=0.6) | Clusters=ON (UsedClusters=32) | EnvSparsityCfg={'Conv': 0.6, 'Linear': 0.6, 'Bias': 0.0, 'BatchNorm': 0.0} | EnvNClusters=32
[2026-01-24 21:50:36,879] [INFO] Model initialized on device: cuda:0
[2026-01-24 21:50:36,879] [INFO] [CLIENT INIT] Mode=SKH | Sparsity=ON (UsedSparsity=0.6) | Clusters=ON (UsedClusters=32) | EnvSparsityCfg={'Conv': 0.6, 'Linear': 0.6, 'Bias': 0.0, 'BatchNorm': 0.0} | EnvNClusters=32
[2026-01-24 21:50:36,970] [INFO] Model initialized on device: cuda:0
[2026-01-24 21:50:36,970] [INFO] [CLIENT INIT] Mode=SKH | Sparsity=ON (UsedSparsity=0.6) | Clusters=ON (UsedClusters=32) | EnvSparsityCfg={'Conv': 0.6, 'Linear': 0.6, 'Bias': 0.0, 'BatchNorm': 0.0} | EnvNClusters=32
[2026-01-24 21:50:36,976] [INFO] Model initialized on device: cuda:0
[2026-01-24 21:50:36,976] [INFO] Model initialized on device: cuda:0
[2026-01-24 21:50:36,976] [INFO] [CLIENT INIT] Mode=SKH | Sparsity=ON (UsedSparsity=0.6) | Clusters=ON (UsedClusters=32) | EnvSparsityCfg={'Conv': 0.6, 'Linear': 0.6, 'Bias': 0.0, 'BatchNorm': 0.0} | EnvNClusters=32
[2026-01-24 21:50:36,976] [INFO] [CLIENT INIT] Mode=SKH | Sparsity=ON (UsedSparsity=0.6) | Clusters=ON (UsedClusters=32) | EnvSparsityCfg={'Conv': 0.6, 'Linear': 0.6, 'Bias': 0.0, 'BatchNorm': 0.0} | EnvNClusters=32
[2026-01-24 21:50:36,979] [INFO] Model initialized on device: cuda:0
[2026-01-24 21:50:36,979] [INFO] [CLIENT INIT] Mode=SKH | Sparsity=ON (UsedSparsity=0.6) | Clusters=ON (UsedClusters=32) | EnvSparsityCfg={'Conv': 0.6, 'Linear': 0.6, 'Bias': 0.0, 'BatchNorm': 0.0} | EnvNClusters=32
[2026-01-24 21:50:39,777] [DEBUG] [TEST] Batch 1 | Pred shape: torch.Size([256, 256, 160]) | Label shape: torch.Size([256, 256, 160])
[2026-01-24 21:50:39,855] [DEBUG] [TEST] Batch 2 | Pred shape: torch.Size([256, 256, 160]) | Label shape: torch.Size([256, 256, 160])
[2026-01-24 21:50:40,025] [DEBUG] [TEST] Batch 3 | Pred shape: torch.Size([256, 256, 160]) | Label shape: torch.Size([256, 256, 160])
[2026-01-24 21:50:40,084] [DEBUG] [TEST] Batch 4 | Pred shape: torch.Size([256, 256, 160]) | Label shape: torch.Size([256, 256, 160])
[2026-01-24 21:50:40,139] [DEBUG] [TEST] Batch 5 | Pred shape: torch.Size([256, 256, 160]) | Label shape: torch.Size([256, 256, 160])
[2026-01-24 21:50:40,194] [DEBUG] [TEST] Batch 6 | Pred shape: torch.Size([256, 256, 160]) | Label shape: torch.Size([256, 256, 160])
[2026-01-24 21:50:40,249] [DEBUG] [TEST] Batch 7 | Pred shape: torch.Size([256, 256, 160]) | Label shape: torch.Size([256, 256, 160])
[2026-01-24 21:50:40,303] [DEBUG] [TEST] Batch 8 | Pred shape: torch.Size([256, 256, 160]) | Label shape: torch.Size([256, 256, 160])
[2026-01-24 21:50:40,357] [DEBUG] [TEST] Batch 9 | Pred shape: torch.Size([256, 256, 160]) | Label shape: torch.Size([256, 256, 160])
[2026-01-24 21:50:40,412] [DEBUG] [TEST] Batch 10 | Pred shape: torch.Size([256, 256, 160]) | Label shape: torch.Size([256, 256, 160])
[2026-01-24 21:50:42,919] [INFO] [FIT] Final model saved to: Revision2/Run_UNET_IID_SKHC32S60_20260124/Client2/model_final.pth
[2026-01-24 21:50:51,562] [INFO] [COMM][CLIENT] Round=-1 Mode=SKH UsedSparsity=0.6 UsedClusters=32 BaselineBits=154016352.0 CompressedBits=45339394.7 CR=3.397
[2026-01-24 21:52:17,801] [INFO] [EVALUATE] Starting evaluation...
[2026-01-24 21:52:19,007] [INFO] [DEBUG] Loaded compressed decoded weights.
[2026-01-24 21:52:19,073] [ERROR] [EVALUATE ERROR] DataLoader worker (pid(s) 3198892) exited unexpectedly
Traceback (most recent call last):
  File "/home/jovyan/.conda/envs/torchenv/lib/python3.10/site-packages/torch/utils/data/dataloader.py", line 1284, in _try_get_data
    data = self._data_queue.get(timeout=timeout)
  File "/home/jovyan/.conda/envs/torchenv/lib/python3.10/queue.py", line 180, in get
    self.not_empty.wait(remaining)
  File "/home/jovyan/.conda/envs/torchenv/lib/python3.10/threading.py", line 324, in wait
    gotit = waiter.acquire(True, timeout)
  File "/home/jovyan/.conda/envs/torchenv/lib/python3.10/site-packages/torch/utils/data/_utils/signal_handling.py", line 73, in handler
    _error_if_any_worker_fails()
RuntimeError: DataLoader worker (pid 3198892) exited unexpectedly with exit code 1. Details are lost due to multiprocessing. Rerunning with num_workers=0 may give better error trace.

The above exception was the direct cause of the following exception:

Traceback (most recent call last):
  File "/home/jovyan/FeTSxFedWSO/clients/BrainTumorSegmentation3dClient/ClientImpl.py", line 393, in evaluate
    metrics = test(
  File "/home/jovyan/FeTSxFedWSO/clients/BrainTumorSegmentation3dClient/utils.py", line 182, in test
    for batch_idx, batch_data in enumerate(loader):
  File "/home/jovyan/.conda/envs/torchenv/lib/python3.10/site-packages/torch/utils/data/dataloader.py", line 733, in __next__
    data = self._next_data()
  File "/home/jovyan/.conda/envs/torchenv/lib/python3.10/site-packages/torch/utils/data/dataloader.py", line 1491, in _next_data
    idx, data = self._get_data()
  File "/home/jovyan/.conda/envs/torchenv/lib/python3.10/site-packages/torch/utils/data/dataloader.py", line 1443, in _get_data
    success, data = self._try_get_data()
  File "/home/jovyan/.conda/envs/torchenv/lib/python3.10/site-packages/torch/utils/data/dataloader.py", line 1297, in _try_get_data
    raise RuntimeError(
RuntimeError: DataLoader worker (pid(s) 3198892) exited unexpectedly
