[2025-07-17 09:43:17,880] [INFO] Model initialized on device: cuda:0
[2025-07-17 09:43:37,421] [INFO] [FIT] Received parameters. Starting local training...
[2025-07-17 09:43:40,180] [INFO] [DEBUG] Loaded uncompressed weights.
[2025-07-17 09:43:40,478] [ERROR] [MODEL PARAMETER ERROR] Layer model.0.conv.unit0.adn.N.weight corrupted: mean=1.0, std=0.0
[2025-07-17 09:43:40,478] [ERROR] [MODEL PARAMETER ERROR] Layer model.0.conv.unit0.adn.N.bias corrupted: mean=0.0, std=0.0
[2025-07-17 09:43:40,479] [ERROR] [MODEL PARAMETER ERROR] Layer model.0.conv.unit1.adn.N.weight corrupted: mean=1.0, std=0.0
[2025-07-17 09:43:40,479] [ERROR] [MODEL PARAMETER ERROR] Layer model.0.conv.unit1.adn.N.bias corrupted: mean=0.0, std=0.0
[2025-07-17 09:43:40,479] [ERROR] [MODEL PARAMETER ERROR] Layer model.1.submodule.0.conv.unit0.adn.N.weight corrupted: mean=1.0, std=0.0
[2025-07-17 09:43:40,480] [ERROR] [MODEL PARAMETER ERROR] Layer model.1.submodule.0.conv.unit0.adn.N.bias corrupted: mean=0.0, std=0.0
[2025-07-17 09:43:40,480] [ERROR] [MODEL PARAMETER ERROR] Layer model.1.submodule.0.conv.unit1.adn.N.weight corrupted: mean=1.0, std=0.0
[2025-07-17 09:43:40,480] [ERROR] [MODEL PARAMETER ERROR] Layer model.1.submodule.0.conv.unit1.adn.N.bias corrupted: mean=0.0, std=0.0
[2025-07-17 09:43:40,481] [ERROR] [MODEL PARAMETER ERROR] Layer model.1.submodule.1.submodule.0.conv.unit0.adn.N.weight corrupted: mean=1.0, std=0.0
[2025-07-17 09:43:40,481] [ERROR] [MODEL PARAMETER ERROR] Layer model.1.submodule.1.submodule.0.conv.unit0.adn.N.bias corrupted: mean=0.0, std=0.0
[2025-07-17 09:43:40,481] [ERROR] [MODEL PARAMETER ERROR] Layer model.1.submodule.1.submodule.0.conv.unit1.adn.N.weight corrupted: mean=1.0, std=0.0
[2025-07-17 09:43:40,481] [ERROR] [MODEL PARAMETER ERROR] Layer model.1.submodule.1.submodule.0.conv.unit1.adn.N.bias corrupted: mean=0.0, std=0.0
[2025-07-17 09:43:40,571] [ERROR] [MODEL PARAMETER ERROR] Layer model.1.submodule.1.submodule.1.submodule.0.conv.unit0.adn.N.weight corrupted: mean=1.0, std=0.0
[2025-07-17 09:43:40,571] [ERROR] [MODEL PARAMETER ERROR] Layer model.1.submodule.1.submodule.1.submodule.0.conv.unit0.adn.N.bias corrupted: mean=0.0, std=0.0
[2025-07-17 09:43:40,571] [ERROR] [MODEL PARAMETER ERROR] Layer model.1.submodule.1.submodule.1.submodule.0.conv.unit1.adn.N.weight corrupted: mean=1.0, std=0.0
[2025-07-17 09:43:40,571] [ERROR] [MODEL PARAMETER ERROR] Layer model.1.submodule.1.submodule.1.submodule.0.conv.unit1.adn.N.bias corrupted: mean=0.0, std=0.0
[2025-07-17 09:43:40,572] [ERROR] [MODEL PARAMETER ERROR] Layer model.1.submodule.1.submodule.1.submodule.1.submodule.conv.unit0.adn.N.weight corrupted: mean=1.0, std=0.0
[2025-07-17 09:43:40,572] [ERROR] [MODEL PARAMETER ERROR] Layer model.1.submodule.1.submodule.1.submodule.1.submodule.conv.unit0.adn.N.bias corrupted: mean=0.0, std=0.0
[2025-07-17 09:43:40,573] [ERROR] [MODEL PARAMETER ERROR] Layer model.1.submodule.1.submodule.1.submodule.1.submodule.conv.unit1.adn.N.weight corrupted: mean=1.0, std=0.0
[2025-07-17 09:43:40,573] [ERROR] [MODEL PARAMETER ERROR] Layer model.1.submodule.1.submodule.1.submodule.1.submodule.conv.unit1.adn.N.bias corrupted: mean=0.0, std=0.0
[2025-07-17 09:43:40,574] [ERROR] [MODEL PARAMETER ERROR] Layer model.1.submodule.1.submodule.1.submodule.2.0.adn.N.weight corrupted: mean=1.0, std=0.0
[2025-07-17 09:43:40,574] [ERROR] [MODEL PARAMETER ERROR] Layer model.1.submodule.1.submodule.1.submodule.2.0.adn.N.bias corrupted: mean=0.0, std=0.0
[2025-07-17 09:43:40,574] [ERROR] [MODEL PARAMETER ERROR] Layer model.1.submodule.1.submodule.1.submodule.2.1.conv.unit0.adn.N.weight corrupted: mean=1.0, std=0.0
[2025-07-17 09:43:40,574] [ERROR] [MODEL PARAMETER ERROR] Layer model.1.submodule.1.submodule.1.submodule.2.1.conv.unit0.adn.N.bias corrupted: mean=0.0, std=0.0
[2025-07-17 09:43:40,575] [ERROR] [MODEL PARAMETER ERROR] Layer model.1.submodule.1.submodule.2.0.adn.N.weight corrupted: mean=1.0, std=0.0
[2025-07-17 09:43:40,575] [ERROR] [MODEL PARAMETER ERROR] Layer model.1.submodule.1.submodule.2.0.adn.N.bias corrupted: mean=0.0, std=0.0
[2025-07-17 09:43:40,575] [ERROR] [MODEL PARAMETER ERROR] Layer model.1.submodule.1.submodule.2.1.conv.unit0.adn.N.weight corrupted: mean=1.0, std=0.0
[2025-07-17 09:43:40,575] [ERROR] [MODEL PARAMETER ERROR] Layer model.1.submodule.1.submodule.2.1.conv.unit0.adn.N.bias corrupted: mean=0.0, std=0.0
[2025-07-17 09:43:40,576] [ERROR] [MODEL PARAMETER ERROR] Layer model.1.submodule.2.0.adn.N.weight corrupted: mean=1.0, std=0.0
[2025-07-17 09:43:40,576] [ERROR] [MODEL PARAMETER ERROR] Layer model.1.submodule.2.0.adn.N.bias corrupted: mean=0.0, std=0.0
[2025-07-17 09:43:40,576] [ERROR] [MODEL PARAMETER ERROR] Layer model.1.submodule.2.1.conv.unit0.adn.N.weight corrupted: mean=1.0, std=0.0
[2025-07-17 09:43:40,576] [ERROR] [MODEL PARAMETER ERROR] Layer model.1.submodule.2.1.conv.unit0.adn.N.bias corrupted: mean=0.0, std=0.0
[2025-07-17 09:44:49,970] [INFO] Model initialized on device: cuda:0
[2025-07-17 09:44:50,284] [INFO] Model initialized on device: cuda:0
[2025-07-17 09:44:50,301] [INFO] Model initialized on device: cuda:0
[2025-07-17 09:44:50,891] [INFO] Model initialized on device: cuda:0
[2025-07-17 09:44:51,078] [INFO] Model initialized on device: cuda:0
[2025-07-17 09:44:51,094] [INFO] Model initialized on device: cuda:0
[2025-07-17 09:44:51,101] [INFO] Model initialized on device: cuda:0
[2025-07-17 09:44:51,490] [INFO] Model initialized on device: cuda:0
[2025-07-17 09:44:51,490] [INFO] Model initialized on device: cuda:0
[2025-07-17 09:44:51,498] [INFO] Model initialized on device: cuda:0
[2025-07-17 09:48:42,378] [INFO] [TRAIN] Epoch 1 Loss: 0.9647
[2025-07-17 09:49:25,388] [INFO] Model initialized on device: cuda:0
[2025-07-17 09:49:25,494] [INFO] Model initialized on device: cuda:0
[2025-07-17 09:49:25,880] [INFO] Model initialized on device: cuda:0
[2025-07-17 09:49:25,974] [INFO] Model initialized on device: cuda:0
[2025-07-17 09:49:25,989] [INFO] Model initialized on device: cuda:0
[2025-07-17 09:49:25,996] [INFO] Model initialized on device: cuda:0
[2025-07-17 09:49:26,070] [INFO] Model initialized on device: cuda:0
[2025-07-17 09:49:26,083] [INFO] Model initialized on device: cuda:0
[2025-07-17 09:49:26,084] [INFO] Model initialized on device: cuda:0
[2025-07-17 09:49:26,087] [INFO] Model initialized on device: cuda:0
[2025-07-17 09:53:00,406] [INFO] [TRAIN] Epoch 2 Loss: 0.9617
[2025-07-17 09:53:52,305] [INFO] Model initialized on device: cuda:0
[2025-07-17 09:53:52,373] [INFO] Model initialized on device: cuda:0
[2025-07-17 09:53:52,378] [INFO] Model initialized on device: cuda:0
[2025-07-17 09:53:52,378] [INFO] Model initialized on device: cuda:0
[2025-07-17 09:53:52,380] [INFO] Model initialized on device: cuda:0
[2025-07-17 09:53:52,380] [INFO] Model initialized on device: cuda:0
[2025-07-17 09:53:52,387] [INFO] Model initialized on device: cuda:0
[2025-07-17 09:53:52,387] [INFO] Model initialized on device: cuda:0
[2025-07-17 09:53:52,390] [INFO] Model initialized on device: cuda:0
[2025-07-17 09:53:52,391] [INFO] Model initialized on device: cuda:0
[2025-07-17 09:57:30,534] [INFO] [TRAIN] Epoch 3 Loss: 0.9604
[2025-07-17 09:57:56,214] [INFO] Model initialized on device: cuda:0
[2025-07-17 09:57:56,274] [INFO] Model initialized on device: cuda:0
[2025-07-17 09:57:56,589] [INFO] Model initialized on device: cuda:0
[2025-07-17 09:57:57,432] [INFO] Model initialized on device: cuda:0
[2025-07-17 09:57:58,211] [INFO] Model initialized on device: cuda:0
[2025-07-17 09:57:58,972] [INFO] Model initialized on device: cuda:0
[2025-07-17 09:57:59,014] [INFO] Model initialized on device: cuda:0
[2025-07-17 09:57:59,036] [INFO] Model initialized on device: cuda:0
[2025-07-17 09:57:59,036] [INFO] Model initialized on device: cuda:0
[2025-07-17 09:57:59,037] [INFO] Model initialized on device: cuda:0
[2025-07-17 09:59:50,482] [INFO] [TRAIN] Epoch 4 Loss: 0.9592
[2025-07-17 10:00:06,234] [INFO] Model initialized on device: cuda:0
[2025-07-17 10:00:06,638] [INFO] Model initialized on device: cuda:0
[2025-07-17 10:00:06,978] [INFO] Model initialized on device: cuda:0
[2025-07-17 10:00:08,990] [INFO] Model initialized on device: cuda:0
[2025-07-17 10:00:09,219] [INFO] Model initialized on device: cuda:0
[2025-07-17 10:00:09,221] [INFO] Model initialized on device: cuda:0
[2025-07-17 10:00:09,342] [INFO] Model initialized on device: cuda:0
[2025-07-17 10:00:09,342] [INFO] Model initialized on device: cuda:0
[2025-07-17 10:00:09,383] [INFO] Model initialized on device: cuda:0
[2025-07-17 10:00:09,410] [INFO] Model initialized on device: cuda:0
[2025-07-17 10:02:03,373] [INFO] [TRAIN] Epoch 5 Loss: 0.9578
[2025-07-17 10:02:03,374] [INFO] [FIT] Local training finished. Avg Loss: 0.9608
[2025-07-17 10:02:19,205] [INFO] Model initialized on device: cuda:0
[2025-07-17 10:02:19,881] [INFO] Model initialized on device: cuda:0
[2025-07-17 10:02:20,024] [INFO] Model initialized on device: cuda:0
[2025-07-17 10:02:20,538] [INFO] Model initialized on device: cuda:0
[2025-07-17 10:02:22,273] [INFO] Model initialized on device: cuda:0
[2025-07-17 10:02:22,379] [INFO] Model initialized on device: cuda:0
[2025-07-17 10:02:22,504] [INFO] Model initialized on device: cuda:0
[2025-07-17 10:02:22,674] [INFO] Model initialized on device: cuda:0
[2025-07-17 10:02:22,706] [INFO] Model initialized on device: cuda:0
[2025-07-17 10:02:22,829] [INFO] Model initialized on device: cuda:0
[2025-07-17 10:02:26,131] [DEBUG] [TEST] Batch 1 | Pred shape: torch.Size([256, 256, 160]) | Label shape: torch.Size([256, 256, 160])
[2025-07-17 10:02:26,213] [DEBUG] [TEST] Batch 2 | Pred shape: torch.Size([256, 256, 160]) | Label shape: torch.Size([256, 256, 160])
[2025-07-17 10:02:26,440] [DEBUG] [TEST] Batch 3 | Pred shape: torch.Size([256, 256, 160]) | Label shape: torch.Size([256, 256, 160])
[2025-07-17 10:02:26,509] [DEBUG] [TEST] Batch 4 | Pred shape: torch.Size([256, 256, 160]) | Label shape: torch.Size([256, 256, 160])
[2025-07-17 10:02:26,577] [DEBUG] [TEST] Batch 5 | Pred shape: torch.Size([256, 256, 160]) | Label shape: torch.Size([256, 256, 160])
[2025-07-17 10:02:26,996] [DEBUG] [TEST] Batch 6 | Pred shape: torch.Size([256, 256, 160]) | Label shape: torch.Size([256, 256, 160])
[2025-07-17 10:02:27,077] [DEBUG] [TEST] Batch 7 | Pred shape: torch.Size([256, 256, 160]) | Label shape: torch.Size([256, 256, 160])
[2025-07-17 10:02:27,135] [DEBUG] [TEST] Batch 8 | Pred shape: torch.Size([256, 256, 160]) | Label shape: torch.Size([256, 256, 160])
[2025-07-17 10:02:27,377] [DEBUG] [TEST] Batch 9 | Pred shape: torch.Size([256, 256, 160]) | Label shape: torch.Size([256, 256, 160])
[2025-07-17 10:02:27,492] [DEBUG] [TEST] Batch 10 | Pred shape: torch.Size([256, 256, 160]) | Label shape: torch.Size([256, 256, 160])
[2025-07-17 10:02:30,142] [DEBUG] [TEST] Batch 11 | Pred shape: torch.Size([256, 256, 160]) | Label shape: torch.Size([256, 256, 160])
[2025-07-17 10:02:30,219] [DEBUG] [TEST] Batch 12 | Pred shape: torch.Size([256, 256, 160]) | Label shape: torch.Size([256, 256, 160])
[2025-07-17 10:02:30,276] [DEBUG] [TEST] Batch 13 | Pred shape: torch.Size([256, 256, 160]) | Label shape: torch.Size([256, 256, 160])
[2025-07-17 10:02:30,333] [DEBUG] [TEST] Batch 14 | Pred shape: torch.Size([256, 256, 160]) | Label shape: torch.Size([256, 256, 160])
[2025-07-17 10:02:30,420] [DEBUG] [TEST] Batch 15 | Pred shape: torch.Size([256, 256, 160]) | Label shape: torch.Size([256, 256, 160])
[2025-07-17 10:02:30,781] [DEBUG] [TEST] Batch 16 | Pred shape: torch.Size([256, 256, 160]) | Label shape: torch.Size([256, 256, 160])
[2025-07-17 10:02:30,927] [DEBUG] [TEST] Batch 17 | Pred shape: torch.Size([256, 256, 160]) | Label shape: torch.Size([256, 256, 160])
[2025-07-17 10:02:31,071] [DEBUG] [TEST] Batch 18 | Pred shape: torch.Size([256, 256, 160]) | Label shape: torch.Size([256, 256, 160])
[2025-07-17 10:02:31,172] [DEBUG] [TEST] Batch 19 | Pred shape: torch.Size([256, 256, 160]) | Label shape: torch.Size([256, 256, 160])
[2025-07-17 10:02:31,232] [DEBUG] [TEST] Batch 20 | Pred shape: torch.Size([256, 256, 160]) | Label shape: torch.Size([256, 256, 160])
[2025-07-17 10:02:33,878] [DEBUG] [TEST] Batch 21 | Pred shape: torch.Size([256, 256, 160]) | Label shape: torch.Size([256, 256, 160])
[2025-07-17 10:02:33,935] [DEBUG] [TEST] Batch 22 | Pred shape: torch.Size([256, 256, 160]) | Label shape: torch.Size([256, 256, 160])
[2025-07-17 10:02:34,023] [DEBUG] [TEST] Batch 23 | Pred shape: torch.Size([256, 256, 160]) | Label shape: torch.Size([256, 256, 160])
[2025-07-17 10:02:34,083] [DEBUG] [TEST] Batch 24 | Pred shape: torch.Size([256, 256, 160]) | Label shape: torch.Size([256, 256, 160])
[2025-07-17 10:02:34,142] [DEBUG] [TEST] Batch 25 | Pred shape: torch.Size([256, 256, 160]) | Label shape: torch.Size([256, 256, 160])
[2025-07-17 10:02:34,227] [DEBUG] [TEST] Batch 26 | Pred shape: torch.Size([256, 256, 160]) | Label shape: torch.Size([256, 256, 160])
[2025-07-17 10:02:34,284] [DEBUG] [TEST] Batch 27 | Pred shape: torch.Size([256, 256, 160]) | Label shape: torch.Size([256, 256, 160])
[2025-07-17 10:02:34,340] [DEBUG] [TEST] Batch 28 | Pred shape: torch.Size([256, 256, 160]) | Label shape: torch.Size([256, 256, 160])
[2025-07-17 10:02:34,398] [DEBUG] [TEST] Batch 29 | Pred shape: torch.Size([256, 256, 160]) | Label shape: torch.Size([256, 256, 160])
[2025-07-17 10:02:34,574] [DEBUG] [TEST] Batch 30 | Pred shape: torch.Size([256, 256, 160]) | Label shape: torch.Size([256, 256, 160])
[2025-07-17 10:02:36,188] [DEBUG] [TEST] Batch 31 | Pred shape: torch.Size([256, 256, 160]) | Label shape: torch.Size([256, 256, 160])
[2025-07-17 10:02:36,246] [DEBUG] [TEST] Batch 32 | Pred shape: torch.Size([256, 256, 160]) | Label shape: torch.Size([256, 256, 160])
[2025-07-17 10:02:36,302] [DEBUG] [TEST] Batch 33 | Pred shape: torch.Size([256, 256, 160]) | Label shape: torch.Size([256, 256, 160])
[2025-07-17 10:02:36,361] [DEBUG] [TEST] Batch 34 | Pred shape: torch.Size([256, 256, 160]) | Label shape: torch.Size([256, 256, 160])
[2025-07-17 10:02:36,416] [DEBUG] [TEST] Batch 35 | Pred shape: torch.Size([256, 256, 160]) | Label shape: torch.Size([256, 256, 160])
[2025-07-17 10:02:36,476] [DEBUG] [TEST] Batch 36 | Pred shape: torch.Size([256, 256, 160]) | Label shape: torch.Size([256, 256, 160])
[2025-07-17 10:02:36,532] [DEBUG] [TEST] Batch 37 | Pred shape: torch.Size([256, 256, 160]) | Label shape: torch.Size([256, 256, 160])
[2025-07-17 10:02:36,591] [DEBUG] [TEST] Batch 38 | Pred shape: torch.Size([256, 256, 160]) | Label shape: torch.Size([256, 256, 160])
[2025-07-17 10:02:36,647] [DEBUG] [TEST] Batch 39 | Pred shape: torch.Size([256, 256, 160]) | Label shape: torch.Size([256, 256, 160])
[2025-07-17 10:02:40,005] [INFO] [FIT] Final model saved to: Run_UNET_R2Non-IID30%_fedWSOcompC3_20250717/Client2/model_final.pth
[2025-07-17 10:04:59,513] [INFO] [EVALUATE] Starting evaluation...
[2025-07-17 10:05:01,982] [INFO] [DEBUG] Loaded compressed decoded weights.
[2025-07-17 10:06:12,454] [INFO] Model initialized on device: cuda:0
[2025-07-17 10:06:12,543] [INFO] Model initialized on device: cuda:0
[2025-07-17 10:06:12,544] [INFO] Model initialized on device: cuda:0
[2025-07-17 10:06:13,471] [INFO] Model initialized on device: cuda:0
[2025-07-17 10:06:13,782] [INFO] Model initialized on device: cuda:0
[2025-07-17 10:06:14,070] [INFO] Model initialized on device: cuda:0
[2025-07-17 10:06:14,079] [INFO] Model initialized on device: cuda:0
[2025-07-17 10:06:14,176] [INFO] Model initialized on device: cuda:0
[2025-07-17 10:06:14,183] [INFO] Model initialized on device: cuda:0
[2025-07-17 10:06:14,189] [INFO] Model initialized on device: cuda:0
[2025-07-17 10:06:21,484] [DEBUG] [TEST] Batch 1 | Pred shape: torch.Size([256, 256, 160]) | Label shape: torch.Size([256, 256, 160])
[2025-07-17 10:06:21,680] [DEBUG] [TEST] Batch 2 | Pred shape: torch.Size([256, 256, 160]) | Label shape: torch.Size([256, 256, 160])
[2025-07-17 10:06:22,495] [DEBUG] [TEST] Batch 3 | Pred shape: torch.Size([256, 256, 160]) | Label shape: torch.Size([256, 256, 160])
[2025-07-17 10:06:22,672] [DEBUG] [TEST] Batch 4 | Pred shape: torch.Size([256, 256, 160]) | Label shape: torch.Size([256, 256, 160])
[2025-07-17 10:06:22,791] [DEBUG] [TEST] Batch 5 | Pred shape: torch.Size([256, 256, 160]) | Label shape: torch.Size([256, 256, 160])
[2025-07-17 10:06:22,981] [DEBUG] [TEST] Batch 6 | Pred shape: torch.Size([256, 256, 160]) | Label shape: torch.Size([256, 256, 160])
[2025-07-17 10:06:23,194] [DEBUG] [TEST] Batch 7 | Pred shape: torch.Size([256, 256, 160]) | Label shape: torch.Size([256, 256, 160])
[2025-07-17 10:06:23,475] [DEBUG] [TEST] Batch 8 | Pred shape: torch.Size([256, 256, 160]) | Label shape: torch.Size([256, 256, 160])
[2025-07-17 10:06:23,686] [DEBUG] [TEST] Batch 9 | Pred shape: torch.Size([256, 256, 160]) | Label shape: torch.Size([256, 256, 160])
[2025-07-17 10:06:23,979] [DEBUG] [TEST] Batch 10 | Pred shape: torch.Size([256, 256, 160]) | Label shape: torch.Size([256, 256, 160])
[2025-07-17 10:06:27,080] [DEBUG] [TEST] Batch 11 | Pred shape: torch.Size([256, 256, 160]) | Label shape: torch.Size([256, 256, 160])
[2025-07-17 10:06:27,371] [DEBUG] [TEST] Batch 12 | Pred shape: torch.Size([256, 256, 160]) | Label shape: torch.Size([256, 256, 160])
[2025-07-17 10:06:27,478] [DEBUG] [TEST] Batch 13 | Pred shape: torch.Size([256, 256, 160]) | Label shape: torch.Size([256, 256, 160])
[2025-07-17 10:06:27,674] [DEBUG] [TEST] Batch 14 | Pred shape: torch.Size([256, 256, 160]) | Label shape: torch.Size([256, 256, 160])
[2025-07-17 10:06:27,805] [DEBUG] [TEST] Batch 15 | Pred shape: torch.Size([256, 256, 160]) | Label shape: torch.Size([256, 256, 160])
[2025-07-17 10:06:27,988] [DEBUG] [TEST] Batch 16 | Pred shape: torch.Size([256, 256, 160]) | Label shape: torch.Size([256, 256, 160])
[2025-07-17 10:06:28,178] [DEBUG] [TEST] Batch 17 | Pred shape: torch.Size([256, 256, 160]) | Label shape: torch.Size([256, 256, 160])
[2025-07-17 10:06:28,291] [DEBUG] [TEST] Batch 18 | Pred shape: torch.Size([256, 256, 160]) | Label shape: torch.Size([256, 256, 160])
[2025-07-17 10:06:28,471] [DEBUG] [TEST] Batch 19 | Pred shape: torch.Size([256, 256, 160]) | Label shape: torch.Size([256, 256, 160])
[2025-07-17 10:06:28,598] [DEBUG] [TEST] Batch 20 | Pred shape: torch.Size([256, 256, 160]) | Label shape: torch.Size([256, 256, 160])
[2025-07-17 10:06:31,879] [DEBUG] [TEST] Batch 21 | Pred shape: torch.Size([256, 256, 160]) | Label shape: torch.Size([256, 256, 160])
[2025-07-17 10:06:32,677] [DEBUG] [TEST] Batch 22 | Pred shape: torch.Size([256, 256, 160]) | Label shape: torch.Size([256, 256, 160])
[2025-07-17 10:06:33,578] [DEBUG] [TEST] Batch 23 | Pred shape: torch.Size([256, 256, 160]) | Label shape: torch.Size([256, 256, 160])
[2025-07-17 10:06:33,678] [DEBUG] [TEST] Batch 24 | Pred shape: torch.Size([256, 256, 160]) | Label shape: torch.Size([256, 256, 160])
[2025-07-17 10:06:33,798] [DEBUG] [TEST] Batch 25 | Pred shape: torch.Size([256, 256, 160]) | Label shape: torch.Size([256, 256, 160])
[2025-07-17 10:06:33,916] [DEBUG] [TEST] Batch 26 | Pred shape: torch.Size([256, 256, 160]) | Label shape: torch.Size([256, 256, 160])
[2025-07-17 10:06:34,083] [DEBUG] [TEST] Batch 27 | Pred shape: torch.Size([256, 256, 160]) | Label shape: torch.Size([256, 256, 160])
[2025-07-17 10:06:34,215] [DEBUG] [TEST] Batch 28 | Pred shape: torch.Size([256, 256, 160]) | Label shape: torch.Size([256, 256, 160])
[2025-07-17 10:06:34,326] [DEBUG] [TEST] Batch 29 | Pred shape: torch.Size([256, 256, 160]) | Label shape: torch.Size([256, 256, 160])
[2025-07-17 10:06:34,483] [DEBUG] [TEST] Batch 30 | Pred shape: torch.Size([256, 256, 160]) | Label shape: torch.Size([256, 256, 160])
[2025-07-17 10:06:35,864] [DEBUG] [TEST] Batch 31 | Pred shape: torch.Size([256, 256, 160]) | Label shape: torch.Size([256, 256, 160])
[2025-07-17 10:06:36,395] [DEBUG] [TEST] Batch 32 | Pred shape: torch.Size([256, 256, 160]) | Label shape: torch.Size([256, 256, 160])
[2025-07-17 10:06:36,452] [DEBUG] [TEST] Batch 33 | Pred shape: torch.Size([256, 256, 160]) | Label shape: torch.Size([256, 256, 160])
[2025-07-17 10:06:36,513] [DEBUG] [TEST] Batch 34 | Pred shape: torch.Size([256, 256, 160]) | Label shape: torch.Size([256, 256, 160])
[2025-07-17 10:06:36,571] [DEBUG] [TEST] Batch 35 | Pred shape: torch.Size([256, 256, 160]) | Label shape: torch.Size([256, 256, 160])
[2025-07-17 10:06:36,629] [DEBUG] [TEST] Batch 36 | Pred shape: torch.Size([256, 256, 160]) | Label shape: torch.Size([256, 256, 160])
[2025-07-17 10:06:36,738] [DEBUG] [TEST] Batch 37 | Pred shape: torch.Size([256, 256, 160]) | Label shape: torch.Size([256, 256, 160])
[2025-07-17 10:06:36,869] [DEBUG] [TEST] Batch 38 | Pred shape: torch.Size([256, 256, 160]) | Label shape: torch.Size([256, 256, 160])
[2025-07-17 10:06:36,989] [DEBUG] [TEST] Batch 39 | Pred shape: torch.Size([256, 256, 160]) | Label shape: torch.Size([256, 256, 160])
[2025-07-17 10:06:39,571] [INFO] [EVALUATE] Dice WT: 0.1807
[2025-07-17 10:06:47,478] [INFO] [FIT] Received parameters. Starting local training...
[2025-07-17 10:06:52,083] [INFO] [DEBUG] Loaded compressed decoded weights.
[2025-07-17 10:07:56,523] [INFO] Model initialized on device: cuda:0
[2025-07-17 10:07:56,766] [INFO] Model initialized on device: cuda:0
[2025-07-17 10:07:56,838] [INFO] Model initialized on device: cuda:0
[2025-07-17 10:07:57,502] [INFO] Model initialized on device: cuda:0
[2025-07-17 10:07:57,894] [INFO] Model initialized on device: cuda:0
[2025-07-17 10:07:57,896] [INFO] Model initialized on device: cuda:0
[2025-07-17 10:07:57,899] [INFO] Model initialized on device: cuda:0
[2025-07-17 10:07:57,976] [INFO] Model initialized on device: cuda:0
[2025-07-17 10:07:58,191] [INFO] Model initialized on device: cuda:0
[2025-07-17 10:07:58,193] [INFO] Model initialized on device: cuda:0
[2025-07-17 10:11:46,614] [INFO] [TRAIN] Epoch 1 Loss: 0.9567
[2025-07-17 10:12:35,418] [INFO] Model initialized on device: cuda:0
[2025-07-17 10:12:35,506] [INFO] Model initialized on device: cuda:0
[2025-07-17 10:12:35,618] [INFO] Model initialized on device: cuda:0
[2025-07-17 10:12:35,675] [INFO] Model initialized on device: cuda:0
[2025-07-17 10:12:35,785] [INFO] Model initialized on device: cuda:0
[2025-07-17 10:12:35,785] [INFO] Model initialized on device: cuda:0
[2025-07-17 10:12:35,800] [INFO] Model initialized on device: cuda:0
[2025-07-17 10:12:35,812] [INFO] Model initialized on device: cuda:0
[2025-07-17 10:12:35,815] [INFO] Model initialized on device: cuda:0
[2025-07-17 10:12:35,815] [INFO] Model initialized on device: cuda:0
[2025-07-17 10:16:19,607] [INFO] [TRAIN] Epoch 2 Loss: 0.9536
[2025-07-17 10:17:02,704] [INFO] Model initialized on device: cuda:0
[2025-07-17 10:17:02,971] [INFO] Model initialized on device: cuda:0
[2025-07-17 10:17:03,077] [INFO] Model initialized on device: cuda:0
[2025-07-17 10:17:03,375] [INFO] Model initialized on device: cuda:0
[2025-07-17 10:17:03,375] [INFO] Model initialized on device: cuda:0
[2025-07-17 10:17:03,375] [INFO] Model initialized on device: cuda:0
[2025-07-17 10:17:03,471] [INFO] Model initialized on device: cuda:0
[2025-07-17 10:17:03,485] [INFO] Model initialized on device: cuda:0
[2025-07-17 10:17:03,485] [INFO] Model initialized on device: cuda:0
[2025-07-17 10:17:03,485] [INFO] Model initialized on device: cuda:0
[2025-07-17 10:20:27,223] [INFO] [TRAIN] Epoch 3 Loss: 0.9495
[2025-07-17 10:20:46,160] [INFO] Model initialized on device: cuda:0
[2025-07-17 10:20:46,309] [INFO] Model initialized on device: cuda:0
[2025-07-17 10:20:46,701] [INFO] Model initialized on device: cuda:0
[2025-07-17 10:20:46,998] [INFO] Model initialized on device: cuda:0
[2025-07-17 10:20:47,010] [INFO] Model initialized on device: cuda:0
[2025-07-17 10:20:47,170] [INFO] Model initialized on device: cuda:0
[2025-07-17 10:20:47,170] [INFO] Model initialized on device: cuda:0
[2025-07-17 10:20:47,170] [INFO] Model initialized on device: cuda:0
[2025-07-17 10:20:47,173] [INFO] Model initialized on device: cuda:0
[2025-07-17 10:20:47,176] [INFO] Model initialized on device: cuda:0
[2025-07-17 10:22:37,524] [INFO] [TRAIN] Epoch 4 Loss: 0.9438
[2025-07-17 10:22:54,973] [INFO] Model initialized on device: cuda:0
[2025-07-17 10:22:55,871] [INFO] Model initialized on device: cuda:0
[2025-07-17 10:22:56,002] [INFO] Model initialized on device: cuda:0
[2025-07-17 10:22:56,535] [INFO] Model initialized on device: cuda:0
[2025-07-17 10:22:57,300] [INFO] Model initialized on device: cuda:0
[2025-07-17 10:22:57,322] [INFO] Model initialized on device: cuda:0
[2025-07-17 10:22:57,421] [INFO] Model initialized on device: cuda:0
[2025-07-17 10:22:57,421] [INFO] Model initialized on device: cuda:0
[2025-07-17 10:22:57,424] [INFO] Model initialized on device: cuda:0
[2025-07-17 10:22:57,425] [INFO] Model initialized on device: cuda:0
[2025-07-17 10:24:50,126] [INFO] [TRAIN] Epoch 5 Loss: 0.9356
[2025-07-17 10:24:50,127] [INFO] [FIT] Local training finished. Avg Loss: 0.9478
[2025-07-17 10:25:05,719] [INFO] Model initialized on device: cuda:0
[2025-07-17 10:25:06,662] [INFO] Model initialized on device: cuda:0
[2025-07-17 10:25:07,912] [INFO] Model initialized on device: cuda:0
[2025-07-17 10:25:08,194] [INFO] Model initialized on device: cuda:0
[2025-07-17 10:25:08,473] [INFO] Model initialized on device: cuda:0
[2025-07-17 10:25:09,174] [INFO] Model initialized on device: cuda:0
[2025-07-17 10:25:09,209] [INFO] Model initialized on device: cuda:0
[2025-07-17 10:25:09,214] [INFO] Model initialized on device: cuda:0
[2025-07-17 10:25:09,242] [INFO] Model initialized on device: cuda:0
[2025-07-17 10:25:09,295] [INFO] Model initialized on device: cuda:0
[2025-07-17 10:25:13,236] [DEBUG] [TEST] Batch 1 | Pred shape: torch.Size([256, 256, 160]) | Label shape: torch.Size([256, 256, 160])
[2025-07-17 10:25:13,401] [DEBUG] [TEST] Batch 2 | Pred shape: torch.Size([256, 256, 160]) | Label shape: torch.Size([256, 256, 160])
[2025-07-17 10:25:13,574] [DEBUG] [TEST] Batch 3 | Pred shape: torch.Size([256, 256, 160]) | Label shape: torch.Size([256, 256, 160])
[2025-07-17 10:25:13,731] [DEBUG] [TEST] Batch 4 | Pred shape: torch.Size([256, 256, 160]) | Label shape: torch.Size([256, 256, 160])
[2025-07-17 10:25:13,908] [DEBUG] [TEST] Batch 5 | Pred shape: torch.Size([256, 256, 160]) | Label shape: torch.Size([256, 256, 160])
[2025-07-17 10:25:13,981] [DEBUG] [TEST] Batch 6 | Pred shape: torch.Size([256, 256, 160]) | Label shape: torch.Size([256, 256, 160])
[2025-07-17 10:25:14,077] [DEBUG] [TEST] Batch 7 | Pred shape: torch.Size([256, 256, 160]) | Label shape: torch.Size([256, 256, 160])
[2025-07-17 10:25:14,177] [DEBUG] [TEST] Batch 8 | Pred shape: torch.Size([256, 256, 160]) | Label shape: torch.Size([256, 256, 160])
[2025-07-17 10:25:14,234] [DEBUG] [TEST] Batch 9 | Pred shape: torch.Size([256, 256, 160]) | Label shape: torch.Size([256, 256, 160])
[2025-07-17 10:25:14,307] [DEBUG] [TEST] Batch 10 | Pred shape: torch.Size([256, 256, 160]) | Label shape: torch.Size([256, 256, 160])
[2025-07-17 10:25:16,371] [DEBUG] [TEST] Batch 11 | Pred shape: torch.Size([256, 256, 160]) | Label shape: torch.Size([256, 256, 160])
[2025-07-17 10:25:16,529] [DEBUG] [TEST] Batch 12 | Pred shape: torch.Size([256, 256, 160]) | Label shape: torch.Size([256, 256, 160])
[2025-07-17 10:25:16,709] [DEBUG] [TEST] Batch 13 | Pred shape: torch.Size([256, 256, 160]) | Label shape: torch.Size([256, 256, 160])
[2025-07-17 10:25:16,970] [DEBUG] [TEST] Batch 14 | Pred shape: torch.Size([256, 256, 160]) | Label shape: torch.Size([256, 256, 160])
[2025-07-17 10:25:17,124] [DEBUG] [TEST] Batch 15 | Pred shape: torch.Size([256, 256, 160]) | Label shape: torch.Size([256, 256, 160])
[2025-07-17 10:25:17,309] [DEBUG] [TEST] Batch 16 | Pred shape: torch.Size([256, 256, 160]) | Label shape: torch.Size([256, 256, 160])
[2025-07-17 10:25:17,377] [DEBUG] [TEST] Batch 17 | Pred shape: torch.Size([256, 256, 160]) | Label shape: torch.Size([256, 256, 160])
[2025-07-17 10:25:17,433] [DEBUG] [TEST] Batch 18 | Pred shape: torch.Size([256, 256, 160]) | Label shape: torch.Size([256, 256, 160])
[2025-07-17 10:25:17,488] [DEBUG] [TEST] Batch 19 | Pred shape: torch.Size([256, 256, 160]) | Label shape: torch.Size([256, 256, 160])
[2025-07-17 10:25:17,576] [DEBUG] [TEST] Batch 20 | Pred shape: torch.Size([256, 256, 160]) | Label shape: torch.Size([256, 256, 160])
[2025-07-17 10:25:19,926] [DEBUG] [TEST] Batch 21 | Pred shape: torch.Size([256, 256, 160]) | Label shape: torch.Size([256, 256, 160])
[2025-07-17 10:25:20,096] [DEBUG] [TEST] Batch 22 | Pred shape: torch.Size([256, 256, 160]) | Label shape: torch.Size([256, 256, 160])
[2025-07-17 10:25:20,272] [DEBUG] [TEST] Batch 23 | Pred shape: torch.Size([256, 256, 160]) | Label shape: torch.Size([256, 256, 160])
[2025-07-17 10:25:20,447] [DEBUG] [TEST] Batch 24 | Pred shape: torch.Size([256, 256, 160]) | Label shape: torch.Size([256, 256, 160])
[2025-07-17 10:25:20,601] [DEBUG] [TEST] Batch 25 | Pred shape: torch.Size([256, 256, 160]) | Label shape: torch.Size([256, 256, 160])
[2025-07-17 10:25:20,773] [DEBUG] [TEST] Batch 26 | Pred shape: torch.Size([256, 256, 160]) | Label shape: torch.Size([256, 256, 160])
[2025-07-17 10:25:20,930] [DEBUG] [TEST] Batch 27 | Pred shape: torch.Size([256, 256, 160]) | Label shape: torch.Size([256, 256, 160])
[2025-07-17 10:25:21,104] [DEBUG] [TEST] Batch 28 | Pred shape: torch.Size([256, 256, 160]) | Label shape: torch.Size([256, 256, 160])
[2025-07-17 10:25:21,186] [DEBUG] [TEST] Batch 29 | Pred shape: torch.Size([256, 256, 160]) | Label shape: torch.Size([256, 256, 160])
[2025-07-17 10:25:21,274] [DEBUG] [TEST] Batch 30 | Pred shape: torch.Size([256, 256, 160]) | Label shape: torch.Size([256, 256, 160])
[2025-07-17 10:25:22,479] [DEBUG] [TEST] Batch 31 | Pred shape: torch.Size([256, 256, 160]) | Label shape: torch.Size([256, 256, 160])
[2025-07-17 10:25:22,628] [DEBUG] [TEST] Batch 32 | Pred shape: torch.Size([256, 256, 160]) | Label shape: torch.Size([256, 256, 160])
[2025-07-17 10:25:22,786] [DEBUG] [TEST] Batch 33 | Pred shape: torch.Size([256, 256, 160]) | Label shape: torch.Size([256, 256, 160])
[2025-07-17 10:25:22,938] [DEBUG] [TEST] Batch 34 | Pred shape: torch.Size([256, 256, 160]) | Label shape: torch.Size([256, 256, 160])
[2025-07-17 10:25:23,093] [DEBUG] [TEST] Batch 35 | Pred shape: torch.Size([256, 256, 160]) | Label shape: torch.Size([256, 256, 160])
[2025-07-17 10:25:23,247] [DEBUG] [TEST] Batch 36 | Pred shape: torch.Size([256, 256, 160]) | Label shape: torch.Size([256, 256, 160])
[2025-07-17 10:25:23,403] [DEBUG] [TEST] Batch 37 | Pred shape: torch.Size([256, 256, 160]) | Label shape: torch.Size([256, 256, 160])
[2025-07-17 10:25:23,559] [DEBUG] [TEST] Batch 38 | Pred shape: torch.Size([256, 256, 160]) | Label shape: torch.Size([256, 256, 160])
[2025-07-17 10:25:23,716] [DEBUG] [TEST] Batch 39 | Pred shape: torch.Size([256, 256, 160]) | Label shape: torch.Size([256, 256, 160])
[2025-07-17 10:25:26,922] [INFO] [FIT] Final model saved to: Run_UNET_R2Non-IID30%_fedWSOcompC3_20250717/Client2/model_final.pth
[2025-07-17 10:27:41,959] [INFO] [EVALUATE] Starting evaluation...
[2025-07-17 10:27:43,978] [INFO] [DEBUG] Loaded compressed decoded weights.
[2025-07-17 10:28:54,724] [INFO] Model initialized on device: cuda:0
[2025-07-17 10:28:54,738] [INFO] Model initialized on device: cuda:0
[2025-07-17 10:28:54,754] [INFO] Model initialized on device: cuda:0
[2025-07-17 10:28:54,802] [INFO] Model initialized on device: cuda:0
[2025-07-17 10:28:55,005] [INFO] Model initialized on device: cuda:0
[2025-07-17 10:28:55,693] [INFO] Model initialized on device: cuda:0
[2025-07-17 10:28:55,873] [INFO] Model initialized on device: cuda:0
[2025-07-17 10:28:55,880] [INFO] Model initialized on device: cuda:0
[2025-07-17 10:28:55,979] [INFO] Model initialized on device: cuda:0
[2025-07-17 10:28:56,175] [INFO] Model initialized on device: cuda:0
[2025-07-17 10:29:03,170] [DEBUG] [TEST] Batch 1 | Pred shape: torch.Size([256, 256, 160]) | Label shape: torch.Size([256, 256, 160])
[2025-07-17 10:29:03,279] [DEBUG] [TEST] Batch 2 | Pred shape: torch.Size([256, 256, 160]) | Label shape: torch.Size([256, 256, 160])
[2025-07-17 10:29:03,577] [DEBUG] [TEST] Batch 3 | Pred shape: torch.Size([256, 256, 160]) | Label shape: torch.Size([256, 256, 160])
[2025-07-17 10:29:03,782] [DEBUG] [TEST] Batch 4 | Pred shape: torch.Size([256, 256, 160]) | Label shape: torch.Size([256, 256, 160])
[2025-07-17 10:29:03,878] [DEBUG] [TEST] Batch 5 | Pred shape: torch.Size([256, 256, 160]) | Label shape: torch.Size([256, 256, 160])
[2025-07-17 10:29:03,977] [DEBUG] [TEST] Batch 6 | Pred shape: torch.Size([256, 256, 160]) | Label shape: torch.Size([256, 256, 160])
[2025-07-17 10:29:04,172] [DEBUG] [TEST] Batch 7 | Pred shape: torch.Size([256, 256, 160]) | Label shape: torch.Size([256, 256, 160])
[2025-07-17 10:29:04,282] [DEBUG] [TEST] Batch 8 | Pred shape: torch.Size([256, 256, 160]) | Label shape: torch.Size([256, 256, 160])
[2025-07-17 10:29:04,377] [DEBUG] [TEST] Batch 9 | Pred shape: torch.Size([256, 256, 160]) | Label shape: torch.Size([256, 256, 160])
[2025-07-17 10:29:04,580] [DEBUG] [TEST] Batch 10 | Pred shape: torch.Size([256, 256, 160]) | Label shape: torch.Size([256, 256, 160])
[2025-07-17 10:29:07,977] [DEBUG] [TEST] Batch 11 | Pred shape: torch.Size([256, 256, 160]) | Label shape: torch.Size([256, 256, 160])
[2025-07-17 10:29:08,076] [DEBUG] [TEST] Batch 12 | Pred shape: torch.Size([256, 256, 160]) | Label shape: torch.Size([256, 256, 160])
[2025-07-17 10:29:08,177] [DEBUG] [TEST] Batch 13 | Pred shape: torch.Size([256, 256, 160]) | Label shape: torch.Size([256, 256, 160])
[2025-07-17 10:29:08,478] [DEBUG] [TEST] Batch 14 | Pred shape: torch.Size([256, 256, 160]) | Label shape: torch.Size([256, 256, 160])
[2025-07-17 10:29:08,684] [DEBUG] [TEST] Batch 15 | Pred shape: torch.Size([256, 256, 160]) | Label shape: torch.Size([256, 256, 160])
[2025-07-17 10:29:08,780] [DEBUG] [TEST] Batch 16 | Pred shape: torch.Size([256, 256, 160]) | Label shape: torch.Size([256, 256, 160])
[2025-07-17 10:29:08,894] [DEBUG] [TEST] Batch 17 | Pred shape: torch.Size([256, 256, 160]) | Label shape: torch.Size([256, 256, 160])
[2025-07-17 10:29:09,085] [DEBUG] [TEST] Batch 18 | Pred shape: torch.Size([256, 256, 160]) | Label shape: torch.Size([256, 256, 160])
[2025-07-17 10:29:09,208] [DEBUG] [TEST] Batch 19 | Pred shape: torch.Size([256, 256, 160]) | Label shape: torch.Size([256, 256, 160])
[2025-07-17 10:29:09,485] [DEBUG] [TEST] Batch 20 | Pred shape: torch.Size([256, 256, 160]) | Label shape: torch.Size([256, 256, 160])
[2025-07-17 10:29:13,277] [DEBUG] [TEST] Batch 21 | Pred shape: torch.Size([256, 256, 160]) | Label shape: torch.Size([256, 256, 160])
[2025-07-17 10:29:13,377] [DEBUG] [TEST] Batch 22 | Pred shape: torch.Size([256, 256, 160]) | Label shape: torch.Size([256, 256, 160])
[2025-07-17 10:29:13,477] [DEBUG] [TEST] Batch 23 | Pred shape: torch.Size([256, 256, 160]) | Label shape: torch.Size([256, 256, 160])
[2025-07-17 10:29:14,985] [DEBUG] [TEST] Batch 24 | Pred shape: torch.Size([256, 256, 160]) | Label shape: torch.Size([256, 256, 160])
[2025-07-17 10:29:15,180] [DEBUG] [TEST] Batch 25 | Pred shape: torch.Size([256, 256, 160]) | Label shape: torch.Size([256, 256, 160])
[2025-07-17 10:29:15,299] [DEBUG] [TEST] Batch 26 | Pred shape: torch.Size([256, 256, 160]) | Label shape: torch.Size([256, 256, 160])
[2025-07-17 10:29:15,482] [DEBUG] [TEST] Batch 27 | Pred shape: torch.Size([256, 256, 160]) | Label shape: torch.Size([256, 256, 160])
[2025-07-17 10:29:15,609] [DEBUG] [TEST] Batch 28 | Pred shape: torch.Size([256, 256, 160]) | Label shape: torch.Size([256, 256, 160])
[2025-07-17 10:29:15,709] [DEBUG] [TEST] Batch 29 | Pred shape: torch.Size([256, 256, 160]) | Label shape: torch.Size([256, 256, 160])
[2025-07-17 10:29:15,876] [DEBUG] [TEST] Batch 30 | Pred shape: torch.Size([256, 256, 160]) | Label shape: torch.Size([256, 256, 160])
[2025-07-17 10:29:17,579] [DEBUG] [TEST] Batch 31 | Pred shape: torch.Size([256, 256, 160]) | Label shape: torch.Size([256, 256, 160])
[2025-07-17 10:29:17,640] [DEBUG] [TEST] Batch 32 | Pred shape: torch.Size([256, 256, 160]) | Label shape: torch.Size([256, 256, 160])
[2025-07-17 10:29:17,697] [DEBUG] [TEST] Batch 33 | Pred shape: torch.Size([256, 256, 160]) | Label shape: torch.Size([256, 256, 160])
[2025-07-17 10:29:18,245] [DEBUG] [TEST] Batch 34 | Pred shape: torch.Size([256, 256, 160]) | Label shape: torch.Size([256, 256, 160])
[2025-07-17 10:29:18,365] [DEBUG] [TEST] Batch 35 | Pred shape: torch.Size([256, 256, 160]) | Label shape: torch.Size([256, 256, 160])
[2025-07-17 10:29:18,491] [DEBUG] [TEST] Batch 36 | Pred shape: torch.Size([256, 256, 160]) | Label shape: torch.Size([256, 256, 160])
[2025-07-17 10:29:18,616] [DEBUG] [TEST] Batch 37 | Pred shape: torch.Size([256, 256, 160]) | Label shape: torch.Size([256, 256, 160])
[2025-07-17 10:29:18,736] [DEBUG] [TEST] Batch 38 | Pred shape: torch.Size([256, 256, 160]) | Label shape: torch.Size([256, 256, 160])
[2025-07-17 10:29:18,795] [DEBUG] [TEST] Batch 39 | Pred shape: torch.Size([256, 256, 160]) | Label shape: torch.Size([256, 256, 160])
[2025-07-17 10:29:21,455] [INFO] [EVALUATE] Dice WT: 0.6233
[2025-07-17 10:29:29,265] [INFO] [FIT] Received parameters. Starting local training...
[2025-07-17 10:29:32,878] [INFO] [DEBUG] Loaded compressed decoded weights.
[2025-07-17 10:29:32,884] [ERROR] [MODEL PARAMETER ERROR] Layer model.1.submodule.1.submodule.1.submodule.1.submodule.conv.unit0.conv.bias corrupted: mean=3.360582212508234e-08, std=4.2685999801506114e-07
[2025-07-17 10:29:32,885] [ERROR] [MODEL PARAMETER ERROR] Layer model.1.submodule.1.submodule.1.submodule.1.submodule.conv.unit1.conv.bias corrupted: mean=5.348308462771456e-09, std=4.536140920663456e-07
[2025-07-17 10:30:42,984] [INFO] Model initialized on device: cuda:0
[2025-07-17 10:30:42,988] [INFO] Model initialized on device: cuda:0
[2025-07-17 10:30:43,403] [INFO] Model initialized on device: cuda:0
[2025-07-17 10:30:43,473] [INFO] Model initialized on device: cuda:0
[2025-07-17 10:30:44,196] [INFO] Model initialized on device: cuda:0
[2025-07-17 10:30:44,198] [INFO] Model initialized on device: cuda:0
[2025-07-17 10:30:44,198] [INFO] Model initialized on device: cuda:0
[2025-07-17 10:30:44,210] [INFO] Model initialized on device: cuda:0
[2025-07-17 10:30:44,274] [INFO] Model initialized on device: cuda:0
[2025-07-17 10:30:44,279] [INFO] Model initialized on device: cuda:0
[2025-07-17 10:34:37,118] [INFO] [TRAIN] Epoch 1 Loss: 0.9418
[2025-07-17 10:35:22,878] [INFO] Model initialized on device: cuda:0
[2025-07-17 10:35:22,980] [INFO] Model initialized on device: cuda:0
[2025-07-17 10:35:23,173] [INFO] Model initialized on device: cuda:0
[2025-07-17 10:35:23,175] [INFO] Model initialized on device: cuda:0
[2025-07-17 10:35:23,203] [INFO] Model initialized on device: cuda:0
[2025-07-17 10:35:23,370] [INFO] Model initialized on device: cuda:0
[2025-07-17 10:35:23,372] [INFO] Model initialized on device: cuda:0
[2025-07-17 10:35:23,408] [INFO] Model initialized on device: cuda:0
[2025-07-17 10:35:23,414] [INFO] Model initialized on device: cuda:0
[2025-07-17 10:35:23,415] [INFO] Model initialized on device: cuda:0
[2025-07-17 10:39:13,276] [INFO] [TRAIN] Epoch 2 Loss: 0.9343
[2025-07-17 10:39:46,884] [INFO] Model initialized on device: cuda:0
[2025-07-17 10:39:50,681] [INFO] Model initialized on device: cuda:0
[2025-07-17 10:39:50,787] [INFO] Model initialized on device: cuda:0
[2025-07-17 10:39:53,093] [INFO] Model initialized on device: cuda:0
[2025-07-17 10:39:56,681] [INFO] Model initialized on device: cuda:0
[2025-07-17 10:39:56,682] [INFO] Model initialized on device: cuda:0
[2025-07-17 10:39:57,080] [INFO] Model initialized on device: cuda:0
[2025-07-17 10:39:57,101] [INFO] Model initialized on device: cuda:0
[2025-07-17 10:39:57,175] [INFO] Model initialized on device: cuda:0
[2025-07-17 10:39:57,176] [INFO] Model initialized on device: cuda:0
[2025-07-17 10:43:02,605] [INFO] [TRAIN] Epoch 3 Loss: 0.9250
[2025-07-17 10:43:21,515] [INFO] Model initialized on device: cuda:0
[2025-07-17 10:43:22,551] [INFO] Model initialized on device: cuda:0
[2025-07-17 10:43:22,775] [INFO] Model initialized on device: cuda:0
[2025-07-17 10:43:23,073] [INFO] Model initialized on device: cuda:0
[2025-07-17 10:43:23,182] [INFO] Model initialized on device: cuda:0
[2025-07-17 10:43:23,186] [INFO] Model initialized on device: cuda:0
[2025-07-17 10:43:23,217] [INFO] Model initialized on device: cuda:0
[2025-07-17 10:43:23,227] [INFO] Model initialized on device: cuda:0
[2025-07-17 10:43:23,227] [INFO] Model initialized on device: cuda:0
[2025-07-17 10:43:23,229] [INFO] Model initialized on device: cuda:0
[2025-07-17 10:45:13,302] [INFO] [TRAIN] Epoch 4 Loss: 0.9128
[2025-07-17 10:45:30,597] [INFO] Model initialized on device: cuda:0
[2025-07-17 10:45:30,685] [INFO] Model initialized on device: cuda:0
[2025-07-17 10:45:30,874] [INFO] Model initialized on device: cuda:0
[2025-07-17 10:45:32,884] [INFO] Model initialized on device: cuda:0
[2025-07-17 10:45:32,890] [INFO] Model initialized on device: cuda:0
[2025-07-17 10:45:32,916] [INFO] Model initialized on device: cuda:0
[2025-07-17 10:45:32,927] [INFO] Model initialized on device: cuda:0
[2025-07-17 10:45:32,935] [INFO] Model initialized on device: cuda:0
[2025-07-17 10:45:32,970] [INFO] Model initialized on device: cuda:0
[2025-07-17 10:45:32,975] [INFO] Model initialized on device: cuda:0
[2025-07-17 10:47:22,647] [INFO] [TRAIN] Epoch 5 Loss: 0.8968
[2025-07-17 10:47:22,648] [INFO] [FIT] Local training finished. Avg Loss: 0.9222
[2025-07-17 10:47:41,162] [INFO] Model initialized on device: cuda:0
[2025-07-17 10:47:41,274] [INFO] Model initialized on device: cuda:0
[2025-07-17 10:47:41,585] [INFO] Model initialized on device: cuda:0
[2025-07-17 10:47:41,608] [INFO] Model initialized on device: cuda:0
[2025-07-17 10:47:42,195] [INFO] Model initialized on device: cuda:0
[2025-07-17 10:47:42,380] [INFO] Model initialized on device: cuda:0
[2025-07-17 10:47:42,421] [INFO] Model initialized on device: cuda:0
[2025-07-17 10:47:42,430] [INFO] Model initialized on device: cuda:0
[2025-07-17 10:47:42,472] [INFO] Model initialized on device: cuda:0
[2025-07-17 10:47:42,476] [INFO] Model initialized on device: cuda:0
[2025-07-17 10:47:45,878] [DEBUG] [TEST] Batch 1 | Pred shape: torch.Size([256, 256, 160]) | Label shape: torch.Size([256, 256, 160])
[2025-07-17 10:47:46,388] [DEBUG] [TEST] Batch 2 | Pred shape: torch.Size([256, 256, 160]) | Label shape: torch.Size([256, 256, 160])
[2025-07-17 10:47:46,477] [DEBUG] [TEST] Batch 3 | Pred shape: torch.Size([256, 256, 160]) | Label shape: torch.Size([256, 256, 160])
[2025-07-17 10:47:46,536] [DEBUG] [TEST] Batch 4 | Pred shape: torch.Size([256, 256, 160]) | Label shape: torch.Size([256, 256, 160])
[2025-07-17 10:47:46,620] [DEBUG] [TEST] Batch 5 | Pred shape: torch.Size([256, 256, 160]) | Label shape: torch.Size([256, 256, 160])
[2025-07-17 10:47:46,717] [DEBUG] [TEST] Batch 6 | Pred shape: torch.Size([256, 256, 160]) | Label shape: torch.Size([256, 256, 160])
[2025-07-17 10:47:46,820] [DEBUG] [TEST] Batch 7 | Pred shape: torch.Size([256, 256, 160]) | Label shape: torch.Size([256, 256, 160])
[2025-07-17 10:47:46,916] [DEBUG] [TEST] Batch 8 | Pred shape: torch.Size([256, 256, 160]) | Label shape: torch.Size([256, 256, 160])
[2025-07-17 10:47:47,035] [DEBUG] [TEST] Batch 9 | Pred shape: torch.Size([256, 256, 160]) | Label shape: torch.Size([256, 256, 160])
[2025-07-17 10:47:47,119] [DEBUG] [TEST] Batch 10 | Pred shape: torch.Size([256, 256, 160]) | Label shape: torch.Size([256, 256, 160])
[2025-07-17 10:47:48,877] [DEBUG] [TEST] Batch 11 | Pred shape: torch.Size([256, 256, 160]) | Label shape: torch.Size([256, 256, 160])
[2025-07-17 10:47:49,578] [DEBUG] [TEST] Batch 12 | Pred shape: torch.Size([256, 256, 160]) | Label shape: torch.Size([256, 256, 160])
[2025-07-17 10:47:49,771] [DEBUG] [TEST] Batch 13 | Pred shape: torch.Size([256, 256, 160]) | Label shape: torch.Size([256, 256, 160])
[2025-07-17 10:47:49,905] [DEBUG] [TEST] Batch 14 | Pred shape: torch.Size([256, 256, 160]) | Label shape: torch.Size([256, 256, 160])
[2025-07-17 10:47:49,976] [DEBUG] [TEST] Batch 15 | Pred shape: torch.Size([256, 256, 160]) | Label shape: torch.Size([256, 256, 160])
[2025-07-17 10:47:50,072] [DEBUG] [TEST] Batch 16 | Pred shape: torch.Size([256, 256, 160]) | Label shape: torch.Size([256, 256, 160])
[2025-07-17 10:47:50,129] [DEBUG] [TEST] Batch 17 | Pred shape: torch.Size([256, 256, 160]) | Label shape: torch.Size([256, 256, 160])
[2025-07-17 10:47:50,220] [DEBUG] [TEST] Batch 18 | Pred shape: torch.Size([256, 256, 160]) | Label shape: torch.Size([256, 256, 160])
[2025-07-17 10:47:50,296] [DEBUG] [TEST] Batch 19 | Pred shape: torch.Size([256, 256, 160]) | Label shape: torch.Size([256, 256, 160])
[2025-07-17 10:47:50,413] [DEBUG] [TEST] Batch 20 | Pred shape: torch.Size([256, 256, 160]) | Label shape: torch.Size([256, 256, 160])
[2025-07-17 10:47:52,477] [DEBUG] [TEST] Batch 21 | Pred shape: torch.Size([256, 256, 160]) | Label shape: torch.Size([256, 256, 160])
[2025-07-17 10:47:53,430] [DEBUG] [TEST] Batch 22 | Pred shape: torch.Size([256, 256, 160]) | Label shape: torch.Size([256, 256, 160])
[2025-07-17 10:47:53,519] [DEBUG] [TEST] Batch 23 | Pred shape: torch.Size([256, 256, 160]) | Label shape: torch.Size([256, 256, 160])
[2025-07-17 10:47:53,579] [DEBUG] [TEST] Batch 24 | Pred shape: torch.Size([256, 256, 160]) | Label shape: torch.Size([256, 256, 160])
[2025-07-17 10:47:53,640] [DEBUG] [TEST] Batch 25 | Pred shape: torch.Size([256, 256, 160]) | Label shape: torch.Size([256, 256, 160])
[2025-07-17 10:47:53,703] [DEBUG] [TEST] Batch 26 | Pred shape: torch.Size([256, 256, 160]) | Label shape: torch.Size([256, 256, 160])
[2025-07-17 10:47:53,777] [DEBUG] [TEST] Batch 27 | Pred shape: torch.Size([256, 256, 160]) | Label shape: torch.Size([256, 256, 160])
[2025-07-17 10:47:53,834] [DEBUG] [TEST] Batch 28 | Pred shape: torch.Size([256, 256, 160]) | Label shape: torch.Size([256, 256, 160])
[2025-07-17 10:47:53,920] [DEBUG] [TEST] Batch 29 | Pred shape: torch.Size([256, 256, 160]) | Label shape: torch.Size([256, 256, 160])
[2025-07-17 10:47:53,980] [DEBUG] [TEST] Batch 30 | Pred shape: torch.Size([256, 256, 160]) | Label shape: torch.Size([256, 256, 160])
[2025-07-17 10:47:55,606] [DEBUG] [TEST] Batch 31 | Pred shape: torch.Size([256, 256, 160]) | Label shape: torch.Size([256, 256, 160])
[2025-07-17 10:47:56,190] [DEBUG] [TEST] Batch 32 | Pred shape: torch.Size([256, 256, 160]) | Label shape: torch.Size([256, 256, 160])
[2025-07-17 10:47:56,345] [DEBUG] [TEST] Batch 33 | Pred shape: torch.Size([256, 256, 160]) | Label shape: torch.Size([256, 256, 160])
[2025-07-17 10:47:56,404] [DEBUG] [TEST] Batch 34 | Pred shape: torch.Size([256, 256, 160]) | Label shape: torch.Size([256, 256, 160])
[2025-07-17 10:47:56,459] [DEBUG] [TEST] Batch 35 | Pred shape: torch.Size([256, 256, 160]) | Label shape: torch.Size([256, 256, 160])
[2025-07-17 10:47:56,513] [DEBUG] [TEST] Batch 36 | Pred shape: torch.Size([256, 256, 160]) | Label shape: torch.Size([256, 256, 160])
[2025-07-17 10:47:56,568] [DEBUG] [TEST] Batch 37 | Pred shape: torch.Size([256, 256, 160]) | Label shape: torch.Size([256, 256, 160])
[2025-07-17 10:47:56,626] [DEBUG] [TEST] Batch 38 | Pred shape: torch.Size([256, 256, 160]) | Label shape: torch.Size([256, 256, 160])
[2025-07-17 10:47:56,682] [DEBUG] [TEST] Batch 39 | Pred shape: torch.Size([256, 256, 160]) | Label shape: torch.Size([256, 256, 160])
[2025-07-17 10:47:59,743] [INFO] [FIT] Final model saved to: Run_UNET_R2Non-IID30%_fedWSOcompC3_20250717/Client2/model_final.pth
[2025-07-17 10:50:15,893] [INFO] [EVALUATE] Starting evaluation...
[2025-07-17 10:50:20,188] [INFO] [DEBUG] Loaded compressed decoded weights.
[2025-07-17 10:51:23,005] [INFO] Model initialized on device: cuda:0
[2025-07-17 10:51:26,677] [INFO] Model initialized on device: cuda:0
[2025-07-17 10:51:27,788] [INFO] Model initialized on device: cuda:0
[2025-07-17 10:51:27,898] [INFO] Model initialized on device: cuda:0
[2025-07-17 10:51:27,907] [INFO] Model initialized on device: cuda:0
[2025-07-17 10:51:27,913] [INFO] Model initialized on device: cuda:0
[2025-07-17 10:51:27,975] [INFO] Model initialized on device: cuda:0
[2025-07-17 10:51:28,181] [INFO] Model initialized on device: cuda:0
[2025-07-17 10:51:28,187] [INFO] Model initialized on device: cuda:0
[2025-07-17 10:51:28,191] [INFO] Model initialized on device: cuda:0
[2025-07-17 10:51:33,879] [DEBUG] [TEST] Batch 1 | Pred shape: torch.Size([256, 256, 160]) | Label shape: torch.Size([256, 256, 160])
[2025-07-17 10:51:35,805] [DEBUG] [TEST] Batch 2 | Pred shape: torch.Size([256, 256, 160]) | Label shape: torch.Size([256, 256, 160])
[2025-07-17 10:51:35,985] [DEBUG] [TEST] Batch 3 | Pred shape: torch.Size([256, 256, 160]) | Label shape: torch.Size([256, 256, 160])
[2025-07-17 10:51:36,171] [DEBUG] [TEST] Batch 4 | Pred shape: torch.Size([256, 256, 160]) | Label shape: torch.Size([256, 256, 160])
[2025-07-17 10:51:36,296] [DEBUG] [TEST] Batch 5 | Pred shape: torch.Size([256, 256, 160]) | Label shape: torch.Size([256, 256, 160])
[2025-07-17 10:51:36,489] [DEBUG] [TEST] Batch 6 | Pred shape: torch.Size([256, 256, 160]) | Label shape: torch.Size([256, 256, 160])
[2025-07-17 10:51:36,691] [DEBUG] [TEST] Batch 7 | Pred shape: torch.Size([256, 256, 160]) | Label shape: torch.Size([256, 256, 160])
[2025-07-17 10:51:36,990] [DEBUG] [TEST] Batch 8 | Pred shape: torch.Size([256, 256, 160]) | Label shape: torch.Size([256, 256, 160])
[2025-07-17 10:51:37,192] [DEBUG] [TEST] Batch 9 | Pred shape: torch.Size([256, 256, 160]) | Label shape: torch.Size([256, 256, 160])
[2025-07-17 10:51:37,375] [DEBUG] [TEST] Batch 10 | Pred shape: torch.Size([256, 256, 160]) | Label shape: torch.Size([256, 256, 160])
[2025-07-17 10:51:38,977] [DEBUG] [TEST] Batch 11 | Pred shape: torch.Size([256, 256, 160]) | Label shape: torch.Size([256, 256, 160])
[2025-07-17 10:51:40,080] [DEBUG] [TEST] Batch 12 | Pred shape: torch.Size([256, 256, 160]) | Label shape: torch.Size([256, 256, 160])
[2025-07-17 10:51:40,692] [DEBUG] [TEST] Batch 13 | Pred shape: torch.Size([256, 256, 160]) | Label shape: torch.Size([256, 256, 160])
[2025-07-17 10:51:40,972] [DEBUG] [TEST] Batch 14 | Pred shape: torch.Size([256, 256, 160]) | Label shape: torch.Size([256, 256, 160])
[2025-07-17 10:51:41,087] [DEBUG] [TEST] Batch 15 | Pred shape: torch.Size([256, 256, 160]) | Label shape: torch.Size([256, 256, 160])
[2025-07-17 10:51:41,177] [DEBUG] [TEST] Batch 16 | Pred shape: torch.Size([256, 256, 160]) | Label shape: torch.Size([256, 256, 160])
[2025-07-17 10:51:41,278] [DEBUG] [TEST] Batch 17 | Pred shape: torch.Size([256, 256, 160]) | Label shape: torch.Size([256, 256, 160])
[2025-07-17 10:51:41,378] [DEBUG] [TEST] Batch 18 | Pred shape: torch.Size([256, 256, 160]) | Label shape: torch.Size([256, 256, 160])
[2025-07-17 10:51:41,478] [DEBUG] [TEST] Batch 19 | Pred shape: torch.Size([256, 256, 160]) | Label shape: torch.Size([256, 256, 160])
[2025-07-17 10:51:41,579] [DEBUG] [TEST] Batch 20 | Pred shape: torch.Size([256, 256, 160]) | Label shape: torch.Size([256, 256, 160])
[2025-07-17 10:51:42,478] [DEBUG] [TEST] Batch 21 | Pred shape: torch.Size([256, 256, 160]) | Label shape: torch.Size([256, 256, 160])
[2025-07-17 10:51:44,417] [DEBUG] [TEST] Batch 22 | Pred shape: torch.Size([256, 256, 160]) | Label shape: torch.Size([256, 256, 160])
[2025-07-17 10:51:44,596] [DEBUG] [TEST] Batch 23 | Pred shape: torch.Size([256, 256, 160]) | Label shape: torch.Size([256, 256, 160])
[2025-07-17 10:51:44,719] [DEBUG] [TEST] Batch 24 | Pred shape: torch.Size([256, 256, 160]) | Label shape: torch.Size([256, 256, 160])
[2025-07-17 10:51:44,838] [DEBUG] [TEST] Batch 25 | Pred shape: torch.Size([256, 256, 160]) | Label shape: torch.Size([256, 256, 160])
[2025-07-17 10:51:44,960] [DEBUG] [TEST] Batch 26 | Pred shape: torch.Size([256, 256, 160]) | Label shape: torch.Size([256, 256, 160])
[2025-07-17 10:51:45,019] [DEBUG] [TEST] Batch 27 | Pred shape: torch.Size([256, 256, 160]) | Label shape: torch.Size([256, 256, 160])
[2025-07-17 10:51:45,074] [DEBUG] [TEST] Batch 28 | Pred shape: torch.Size([256, 256, 160]) | Label shape: torch.Size([256, 256, 160])
[2025-07-17 10:51:45,156] [DEBUG] [TEST] Batch 29 | Pred shape: torch.Size([256, 256, 160]) | Label shape: torch.Size([256, 256, 160])
[2025-07-17 10:51:45,227] [DEBUG] [TEST] Batch 30 | Pred shape: torch.Size([256, 256, 160]) | Label shape: torch.Size([256, 256, 160])
[2025-07-17 10:51:45,504] [DEBUG] [TEST] Batch 31 | Pred shape: torch.Size([256, 256, 160]) | Label shape: torch.Size([256, 256, 160])
[2025-07-17 10:51:46,351] [DEBUG] [TEST] Batch 32 | Pred shape: torch.Size([256, 256, 160]) | Label shape: torch.Size([256, 256, 160])
[2025-07-17 10:51:47,010] [DEBUG] [TEST] Batch 33 | Pred shape: torch.Size([256, 256, 160]) | Label shape: torch.Size([256, 256, 160])
[2025-07-17 10:51:47,065] [DEBUG] [TEST] Batch 34 | Pred shape: torch.Size([256, 256, 160]) | Label shape: torch.Size([256, 256, 160])
[2025-07-17 10:51:47,123] [DEBUG] [TEST] Batch 35 | Pred shape: torch.Size([256, 256, 160]) | Label shape: torch.Size([256, 256, 160])
[2025-07-17 10:51:47,177] [DEBUG] [TEST] Batch 36 | Pred shape: torch.Size([256, 256, 160]) | Label shape: torch.Size([256, 256, 160])
[2025-07-17 10:51:47,234] [DEBUG] [TEST] Batch 37 | Pred shape: torch.Size([256, 256, 160]) | Label shape: torch.Size([256, 256, 160])
[2025-07-17 10:51:47,289] [DEBUG] [TEST] Batch 38 | Pred shape: torch.Size([256, 256, 160]) | Label shape: torch.Size([256, 256, 160])
[2025-07-17 10:51:47,344] [DEBUG] [TEST] Batch 39 | Pred shape: torch.Size([256, 256, 160]) | Label shape: torch.Size([256, 256, 160])
[2025-07-17 10:51:49,675] [INFO] [EVALUATE] Dice WT: 0.6805
[2025-07-17 10:51:54,370] [INFO] [FIT] Received parameters. Starting local training...
[2025-07-17 10:51:58,674] [INFO] [DEBUG] Loaded compressed decoded weights.
[2025-07-17 10:53:02,881] [INFO] Model initialized on device: cuda:0
[2025-07-17 10:53:07,879] [INFO] Model initialized on device: cuda:0
[2025-07-17 10:53:08,074] [INFO] Model initialized on device: cuda:0
[2025-07-17 10:53:08,389] [INFO] Model initialized on device: cuda:0
[2025-07-17 10:53:08,406] [INFO] Model initialized on device: cuda:0
[2025-07-17 10:53:08,502] [INFO] Model initialized on device: cuda:0
[2025-07-17 10:53:08,591] [INFO] Model initialized on device: cuda:0
[2025-07-17 10:53:08,596] [INFO] Model initialized on device: cuda:0
[2025-07-17 10:53:08,596] [INFO] Model initialized on device: cuda:0
[2025-07-17 10:53:08,599] [INFO] Model initialized on device: cuda:0
[2025-07-17 10:56:59,172] [INFO] [TRAIN] Epoch 1 Loss: 0.9099
[2025-07-17 10:57:50,290] [INFO] Model initialized on device: cuda:0
[2025-07-17 10:57:50,373] [INFO] Model initialized on device: cuda:0
[2025-07-17 10:57:50,490] [INFO] Model initialized on device: cuda:0
[2025-07-17 10:57:50,674] [INFO] Model initialized on device: cuda:0
[2025-07-17 10:57:50,884] [INFO] Model initialized on device: cuda:0
[2025-07-17 10:57:50,901] [INFO] Model initialized on device: cuda:0
[2025-07-17 10:57:50,988] [INFO] Model initialized on device: cuda:0
[2025-07-17 10:57:51,014] [INFO] Model initialized on device: cuda:0
[2025-07-17 10:57:51,073] [INFO] Model initialized on device: cuda:0
[2025-07-17 10:57:51,075] [INFO] Model initialized on device: cuda:0
[2025-07-17 11:01:42,170] [INFO] [TRAIN] Epoch 2 Loss: 0.8944
[2025-07-17 11:02:37,145] [INFO] Model initialized on device: cuda:0
[2025-07-17 11:02:37,416] [INFO] Model initialized on device: cuda:0
[2025-07-17 11:02:37,537] [INFO] Model initialized on device: cuda:0
[2025-07-17 11:02:37,721] [INFO] Model initialized on device: cuda:0
[2025-07-17 11:02:37,742] [INFO] Model initialized on device: cuda:0
[2025-07-17 11:02:37,821] [INFO] Model initialized on device: cuda:0
[2025-07-17 11:02:37,882] [INFO] Model initialized on device: cuda:0
[2025-07-17 11:02:38,619] [INFO] Model initialized on device: cuda:0
[2025-07-17 11:02:38,915] [INFO] Model initialized on device: cuda:0
[2025-07-17 11:02:39,009] [INFO] Model initialized on device: cuda:0
[2025-07-17 11:05:49,290] [INFO] [TRAIN] Epoch 3 Loss: 0.8744
[2025-07-17 11:06:09,849] [INFO] Model initialized on device: cuda:0
[2025-07-17 11:06:10,377] [INFO] Model initialized on device: cuda:0
[2025-07-17 11:06:10,444] [INFO] Model initialized on device: cuda:0
[2025-07-17 11:06:10,487] [INFO] Model initialized on device: cuda:0
[2025-07-17 11:06:10,603] [INFO] Model initialized on device: cuda:0
[2025-07-17 11:06:10,604] [INFO] Model initialized on device: cuda:0
[2025-07-17 11:06:10,605] [INFO] Model initialized on device: cuda:0
[2025-07-17 11:06:10,605] [INFO] Model initialized on device: cuda:0
[2025-07-17 11:06:10,606] [INFO] Model initialized on device: cuda:0
[2025-07-17 11:06:10,607] [INFO] Model initialized on device: cuda:0
[2025-07-17 11:08:00,317] [INFO] [TRAIN] Epoch 4 Loss: 0.8491
[2025-07-17 11:08:20,895] [INFO] Model initialized on device: cuda:0
[2025-07-17 11:08:20,972] [INFO] Model initialized on device: cuda:0
[2025-07-17 11:08:20,973] [INFO] Model initialized on device: cuda:0
[2025-07-17 11:08:20,984] [INFO] Model initialized on device: cuda:0
[2025-07-17 11:08:21,070] [INFO] Model initialized on device: cuda:0
[2025-07-17 11:08:21,074] [INFO] Model initialized on device: cuda:0
[2025-07-17 11:08:21,088] [INFO] Model initialized on device: cuda:0
[2025-07-17 11:08:21,098] [INFO] Model initialized on device: cuda:0
[2025-07-17 11:08:21,098] [INFO] Model initialized on device: cuda:0
[2025-07-17 11:08:21,099] [INFO] Model initialized on device: cuda:0
[2025-07-17 11:10:10,868] [INFO] [TRAIN] Epoch 5 Loss: 0.8139
[2025-07-17 11:10:10,869] [INFO] [FIT] Local training finished. Avg Loss: 0.8684
[2025-07-17 11:10:27,233] [INFO] Model initialized on device: cuda:0
[2025-07-17 11:10:27,579] [INFO] Model initialized on device: cuda:0
[2025-07-17 11:10:28,609] [INFO] Model initialized on device: cuda:0
[2025-07-17 11:10:29,914] [INFO] Model initialized on device: cuda:0
[2025-07-17 11:10:30,340] [INFO] Model initialized on device: cuda:0
[2025-07-17 11:10:30,392] [INFO] Model initialized on device: cuda:0
[2025-07-17 11:10:30,418] [INFO] Model initialized on device: cuda:0
[2025-07-17 11:10:30,421] [INFO] Model initialized on device: cuda:0
[2025-07-17 11:10:30,424] [INFO] Model initialized on device: cuda:0
[2025-07-17 11:10:30,427] [INFO] Model initialized on device: cuda:0
[2025-07-17 11:10:34,689] [DEBUG] [TEST] Batch 1 | Pred shape: torch.Size([256, 256, 160]) | Label shape: torch.Size([256, 256, 160])
[2025-07-17 11:10:34,777] [DEBUG] [TEST] Batch 2 | Pred shape: torch.Size([256, 256, 160]) | Label shape: torch.Size([256, 256, 160])
[2025-07-17 11:10:34,838] [DEBUG] [TEST] Batch 3 | Pred shape: torch.Size([256, 256, 160]) | Label shape: torch.Size([256, 256, 160])
[2025-07-17 11:10:34,910] [DEBUG] [TEST] Batch 4 | Pred shape: torch.Size([256, 256, 160]) | Label shape: torch.Size([256, 256, 160])
[2025-07-17 11:10:34,977] [DEBUG] [TEST] Batch 5 | Pred shape: torch.Size([256, 256, 160]) | Label shape: torch.Size([256, 256, 160])
[2025-07-17 11:10:35,123] [DEBUG] [TEST] Batch 6 | Pred shape: torch.Size([256, 256, 160]) | Label shape: torch.Size([256, 256, 160])
[2025-07-17 11:10:35,313] [DEBUG] [TEST] Batch 7 | Pred shape: torch.Size([256, 256, 160]) | Label shape: torch.Size([256, 256, 160])
[2025-07-17 11:10:35,477] [DEBUG] [TEST] Batch 8 | Pred shape: torch.Size([256, 256, 160]) | Label shape: torch.Size([256, 256, 160])
[2025-07-17 11:10:35,636] [DEBUG] [TEST] Batch 9 | Pred shape: torch.Size([256, 256, 160]) | Label shape: torch.Size([256, 256, 160])
[2025-07-17 11:10:35,812] [DEBUG] [TEST] Batch 10 | Pred shape: torch.Size([256, 256, 160]) | Label shape: torch.Size([256, 256, 160])
[2025-07-17 11:10:37,509] [DEBUG] [TEST] Batch 11 | Pred shape: torch.Size([256, 256, 160]) | Label shape: torch.Size([256, 256, 160])
[2025-07-17 11:10:37,674] [DEBUG] [TEST] Batch 12 | Pred shape: torch.Size([256, 256, 160]) | Label shape: torch.Size([256, 256, 160])
[2025-07-17 11:10:37,770] [DEBUG] [TEST] Batch 13 | Pred shape: torch.Size([256, 256, 160]) | Label shape: torch.Size([256, 256, 160])
[2025-07-17 11:10:37,825] [DEBUG] [TEST] Batch 14 | Pred shape: torch.Size([256, 256, 160]) | Label shape: torch.Size([256, 256, 160])
[2025-07-17 11:10:37,880] [DEBUG] [TEST] Batch 15 | Pred shape: torch.Size([256, 256, 160]) | Label shape: torch.Size([256, 256, 160])
[2025-07-17 11:10:37,936] [DEBUG] [TEST] Batch 16 | Pred shape: torch.Size([256, 256, 160]) | Label shape: torch.Size([256, 256, 160])
[2025-07-17 11:10:38,019] [DEBUG] [TEST] Batch 17 | Pred shape: torch.Size([256, 256, 160]) | Label shape: torch.Size([256, 256, 160])
[2025-07-17 11:10:38,078] [DEBUG] [TEST] Batch 18 | Pred shape: torch.Size([256, 256, 160]) | Label shape: torch.Size([256, 256, 160])
[2025-07-17 11:10:38,172] [DEBUG] [TEST] Batch 19 | Pred shape: torch.Size([256, 256, 160]) | Label shape: torch.Size([256, 256, 160])
[2025-07-17 11:10:38,270] [DEBUG] [TEST] Batch 20 | Pred shape: torch.Size([256, 256, 160]) | Label shape: torch.Size([256, 256, 160])
[2025-07-17 11:10:40,276] [DEBUG] [TEST] Batch 21 | Pred shape: torch.Size([256, 256, 160]) | Label shape: torch.Size([256, 256, 160])
[2025-07-17 11:10:40,378] [DEBUG] [TEST] Batch 22 | Pred shape: torch.Size([256, 256, 160]) | Label shape: torch.Size([256, 256, 160])
[2025-07-17 11:10:40,435] [DEBUG] [TEST] Batch 23 | Pred shape: torch.Size([256, 256, 160]) | Label shape: torch.Size([256, 256, 160])
[2025-07-17 11:10:41,108] [DEBUG] [TEST] Batch 24 | Pred shape: torch.Size([256, 256, 160]) | Label shape: torch.Size([256, 256, 160])
[2025-07-17 11:10:41,176] [DEBUG] [TEST] Batch 25 | Pred shape: torch.Size([256, 256, 160]) | Label shape: torch.Size([256, 256, 160])
[2025-07-17 11:10:41,234] [DEBUG] [TEST] Batch 26 | Pred shape: torch.Size([256, 256, 160]) | Label shape: torch.Size([256, 256, 160])
[2025-07-17 11:10:41,318] [DEBUG] [TEST] Batch 27 | Pred shape: torch.Size([256, 256, 160]) | Label shape: torch.Size([256, 256, 160])
[2025-07-17 11:10:41,379] [DEBUG] [TEST] Batch 28 | Pred shape: torch.Size([256, 256, 160]) | Label shape: torch.Size([256, 256, 160])
[2025-07-17 11:10:41,477] [DEBUG] [TEST] Batch 29 | Pred shape: torch.Size([256, 256, 160]) | Label shape: torch.Size([256, 256, 160])
[2025-07-17 11:10:41,532] [DEBUG] [TEST] Batch 30 | Pred shape: torch.Size([256, 256, 160]) | Label shape: torch.Size([256, 256, 160])
[2025-07-17 11:10:43,484] [DEBUG] [TEST] Batch 31 | Pred shape: torch.Size([256, 256, 160]) | Label shape: torch.Size([256, 256, 160])
[2025-07-17 11:10:43,541] [DEBUG] [TEST] Batch 32 | Pred shape: torch.Size([256, 256, 160]) | Label shape: torch.Size([256, 256, 160])
[2025-07-17 11:10:43,596] [DEBUG] [TEST] Batch 33 | Pred shape: torch.Size([256, 256, 160]) | Label shape: torch.Size([256, 256, 160])
[2025-07-17 11:10:43,685] [DEBUG] [TEST] Batch 34 | Pred shape: torch.Size([256, 256, 160]) | Label shape: torch.Size([256, 256, 160])
[2025-07-17 11:10:43,819] [DEBUG] [TEST] Batch 35 | Pred shape: torch.Size([256, 256, 160]) | Label shape: torch.Size([256, 256, 160])
[2025-07-17 11:10:43,970] [DEBUG] [TEST] Batch 36 | Pred shape: torch.Size([256, 256, 160]) | Label shape: torch.Size([256, 256, 160])
[2025-07-17 11:10:44,123] [DEBUG] [TEST] Batch 37 | Pred shape: torch.Size([256, 256, 160]) | Label shape: torch.Size([256, 256, 160])
[2025-07-17 11:10:44,181] [DEBUG] [TEST] Batch 38 | Pred shape: torch.Size([256, 256, 160]) | Label shape: torch.Size([256, 256, 160])
[2025-07-17 11:10:44,236] [DEBUG] [TEST] Batch 39 | Pred shape: torch.Size([256, 256, 160]) | Label shape: torch.Size([256, 256, 160])
[2025-07-17 11:10:47,395] [INFO] [FIT] Final model saved to: Run_UNET_R2Non-IID30%_fedWSOcompC3_20250717/Client2/model_final.pth
[2025-07-17 11:12:44,449] [INFO] [EVALUATE] Starting evaluation...
[2025-07-17 11:12:47,283] [INFO] [DEBUG] Loaded compressed decoded weights.
[2025-07-17 11:13:44,107] [INFO] Model initialized on device: cuda:0
[2025-07-17 11:13:48,881] [INFO] Model initialized on device: cuda:0
[2025-07-17 11:13:50,692] [INFO] Model initialized on device: cuda:0
[2025-07-17 11:13:53,527] [INFO] Model initialized on device: cuda:0
[2025-07-17 11:13:54,630] [INFO] Model initialized on device: cuda:0
[2025-07-17 11:13:54,642] [INFO] Model initialized on device: cuda:0
[2025-07-17 11:13:57,672] [INFO] Model initialized on device: cuda:0
[2025-07-17 11:13:58,089] [INFO] Model initialized on device: cuda:0
[2025-07-17 11:13:58,316] [INFO] Model initialized on device: cuda:0
[2025-07-17 11:13:58,400] [INFO] Model initialized on device: cuda:0
[2025-07-17 11:14:03,704] [DEBUG] [TEST] Batch 1 | Pred shape: torch.Size([256, 256, 160]) | Label shape: torch.Size([256, 256, 160])
[2025-07-17 11:14:03,873] [DEBUG] [TEST] Batch 2 | Pred shape: torch.Size([256, 256, 160]) | Label shape: torch.Size([256, 256, 160])
[2025-07-17 11:14:03,998] [DEBUG] [TEST] Batch 3 | Pred shape: torch.Size([256, 256, 160]) | Label shape: torch.Size([256, 256, 160])
[2025-07-17 11:14:04,176] [DEBUG] [TEST] Batch 4 | Pred shape: torch.Size([256, 256, 160]) | Label shape: torch.Size([256, 256, 160])
[2025-07-17 11:14:04,306] [DEBUG] [TEST] Batch 5 | Pred shape: torch.Size([256, 256, 160]) | Label shape: torch.Size([256, 256, 160])
[2025-07-17 11:14:04,485] [DEBUG] [TEST] Batch 6 | Pred shape: torch.Size([256, 256, 160]) | Label shape: torch.Size([256, 256, 160])
[2025-07-17 11:14:04,677] [DEBUG] [TEST] Batch 7 | Pred shape: torch.Size([256, 256, 160]) | Label shape: torch.Size([256, 256, 160])
[2025-07-17 11:14:04,892] [DEBUG] [TEST] Batch 8 | Pred shape: torch.Size([256, 256, 160]) | Label shape: torch.Size([256, 256, 160])
[2025-07-17 11:14:05,089] [DEBUG] [TEST] Batch 9 | Pred shape: torch.Size([256, 256, 160]) | Label shape: torch.Size([256, 256, 160])
[2025-07-17 11:14:05,288] [DEBUG] [TEST] Batch 10 | Pred shape: torch.Size([256, 256, 160]) | Label shape: torch.Size([256, 256, 160])
[2025-07-17 11:14:07,190] [DEBUG] [TEST] Batch 11 | Pred shape: torch.Size([256, 256, 160]) | Label shape: torch.Size([256, 256, 160])
[2025-07-17 11:14:07,296] [DEBUG] [TEST] Batch 12 | Pred shape: torch.Size([256, 256, 160]) | Label shape: torch.Size([256, 256, 160])
[2025-07-17 11:14:07,492] [DEBUG] [TEST] Batch 13 | Pred shape: torch.Size([256, 256, 160]) | Label shape: torch.Size([256, 256, 160])
[2025-07-17 11:14:07,690] [DEBUG] [TEST] Batch 14 | Pred shape: torch.Size([256, 256, 160]) | Label shape: torch.Size([256, 256, 160])
[2025-07-17 11:14:07,815] [DEBUG] [TEST] Batch 15 | Pred shape: torch.Size([256, 256, 160]) | Label shape: torch.Size([256, 256, 160])
[2025-07-17 11:14:07,986] [DEBUG] [TEST] Batch 16 | Pred shape: torch.Size([256, 256, 160]) | Label shape: torch.Size([256, 256, 160])
[2025-07-17 11:14:08,120] [DEBUG] [TEST] Batch 17 | Pred shape: torch.Size([256, 256, 160]) | Label shape: torch.Size([256, 256, 160])
[2025-07-17 11:14:08,280] [DEBUG] [TEST] Batch 18 | Pred shape: torch.Size([256, 256, 160]) | Label shape: torch.Size([256, 256, 160])
[2025-07-17 11:14:08,377] [DEBUG] [TEST] Batch 19 | Pred shape: torch.Size([256, 256, 160]) | Label shape: torch.Size([256, 256, 160])
[2025-07-17 11:14:08,478] [DEBUG] [TEST] Batch 20 | Pred shape: torch.Size([256, 256, 160]) | Label shape: torch.Size([256, 256, 160])
[2025-07-17 11:14:10,777] [DEBUG] [TEST] Batch 21 | Pred shape: torch.Size([256, 256, 160]) | Label shape: torch.Size([256, 256, 160])
[2025-07-17 11:14:10,876] [DEBUG] [TEST] Batch 22 | Pred shape: torch.Size([256, 256, 160]) | Label shape: torch.Size([256, 256, 160])
[2025-07-17 11:14:11,818] [DEBUG] [TEST] Batch 23 | Pred shape: torch.Size([256, 256, 160]) | Label shape: torch.Size([256, 256, 160])
[2025-07-17 11:14:11,883] [DEBUG] [TEST] Batch 24 | Pred shape: torch.Size([256, 256, 160]) | Label shape: torch.Size([256, 256, 160])
[2025-07-17 11:14:11,939] [DEBUG] [TEST] Batch 25 | Pred shape: torch.Size([256, 256, 160]) | Label shape: torch.Size([256, 256, 160])
[2025-07-17 11:14:12,021] [DEBUG] [TEST] Batch 26 | Pred shape: torch.Size([256, 256, 160]) | Label shape: torch.Size([256, 256, 160])
[2025-07-17 11:14:12,078] [DEBUG] [TEST] Batch 27 | Pred shape: torch.Size([256, 256, 160]) | Label shape: torch.Size([256, 256, 160])
[2025-07-17 11:14:12,141] [DEBUG] [TEST] Batch 28 | Pred shape: torch.Size([256, 256, 160]) | Label shape: torch.Size([256, 256, 160])
[2025-07-17 11:14:12,224] [DEBUG] [TEST] Batch 29 | Pred shape: torch.Size([256, 256, 160]) | Label shape: torch.Size([256, 256, 160])
[2025-07-17 11:14:12,289] [DEBUG] [TEST] Batch 30 | Pred shape: torch.Size([256, 256, 160]) | Label shape: torch.Size([256, 256, 160])
[2025-07-17 11:14:13,335] [DEBUG] [TEST] Batch 31 | Pred shape: torch.Size([256, 256, 160]) | Label shape: torch.Size([256, 256, 160])
[2025-07-17 11:14:13,390] [DEBUG] [TEST] Batch 32 | Pred shape: torch.Size([256, 256, 160]) | Label shape: torch.Size([256, 256, 160])
[2025-07-17 11:14:14,000] [DEBUG] [TEST] Batch 33 | Pred shape: torch.Size([256, 256, 160]) | Label shape: torch.Size([256, 256, 160])
[2025-07-17 11:14:14,056] [DEBUG] [TEST] Batch 34 | Pred shape: torch.Size([256, 256, 160]) | Label shape: torch.Size([256, 256, 160])
[2025-07-17 11:14:14,111] [DEBUG] [TEST] Batch 35 | Pred shape: torch.Size([256, 256, 160]) | Label shape: torch.Size([256, 256, 160])
[2025-07-17 11:14:14,170] [DEBUG] [TEST] Batch 36 | Pred shape: torch.Size([256, 256, 160]) | Label shape: torch.Size([256, 256, 160])
[2025-07-17 11:14:14,225] [DEBUG] [TEST] Batch 37 | Pred shape: torch.Size([256, 256, 160]) | Label shape: torch.Size([256, 256, 160])
[2025-07-17 11:14:14,284] [DEBUG] [TEST] Batch 38 | Pred shape: torch.Size([256, 256, 160]) | Label shape: torch.Size([256, 256, 160])
[2025-07-17 11:14:14,339] [DEBUG] [TEST] Batch 39 | Pred shape: torch.Size([256, 256, 160]) | Label shape: torch.Size([256, 256, 160])
[2025-07-17 11:14:16,624] [INFO] [EVALUATE] Dice WT: 0.2431
[2025-07-17 11:14:19,061] [INFO] [FIT] Received parameters. Starting local training...
[2025-07-17 11:14:21,982] [INFO] [DEBUG] Loaded compressed decoded weights.
[2025-07-17 11:15:29,865] [INFO] Model initialized on device: cuda:0
[2025-07-17 11:15:33,483] [INFO] Model initialized on device: cuda:0
[2025-07-17 11:15:33,574] [INFO] Model initialized on device: cuda:0
[2025-07-17 11:15:33,988] [INFO] Model initialized on device: cuda:0
[2025-07-17 11:15:34,298] [INFO] Model initialized on device: cuda:0
[2025-07-17 11:15:34,301] [INFO] Model initialized on device: cuda:0
[2025-07-17 11:15:34,371] [INFO] Model initialized on device: cuda:0
[2025-07-17 11:15:34,399] [INFO] Model initialized on device: cuda:0
[2025-07-17 11:15:34,401] [INFO] Model initialized on device: cuda:0
[2025-07-17 11:15:34,401] [INFO] Model initialized on device: cuda:0
[2025-07-17 11:19:25,977] [INFO] [TRAIN] Epoch 1 Loss: 0.8442
[2025-07-17 11:20:18,872] [INFO] Model initialized on device: cuda:0
[2025-07-17 11:20:19,077] [INFO] Model initialized on device: cuda:0
[2025-07-17 11:20:19,334] [INFO] Model initialized on device: cuda:0
[2025-07-17 11:20:19,378] [INFO] Model initialized on device: cuda:0
[2025-07-17 11:20:19,435] [INFO] Model initialized on device: cuda:0
[2025-07-17 11:20:20,489] [INFO] Model initialized on device: cuda:0
[2025-07-17 11:20:20,499] [INFO] Model initialized on device: cuda:0
[2025-07-17 11:20:20,894] [INFO] Model initialized on device: cuda:0
[2025-07-17 11:20:21,006] [INFO] Model initialized on device: cuda:0
[2025-07-17 11:20:21,090] [INFO] Model initialized on device: cuda:0
[2025-07-17 11:24:06,809] [INFO] [TRAIN] Epoch 2 Loss: 0.8094
[2025-07-17 11:25:03,740] [INFO] Model initialized on device: cuda:0
[2025-07-17 11:25:03,927] [INFO] Model initialized on device: cuda:0
[2025-07-17 11:25:03,989] [INFO] Model initialized on device: cuda:0
[2025-07-17 11:25:04,284] [INFO] Model initialized on device: cuda:0
[2025-07-17 11:25:04,413] [INFO] Model initialized on device: cuda:0
[2025-07-17 11:25:04,473] [INFO] Model initialized on device: cuda:0
[2025-07-17 11:25:04,478] [INFO] Model initialized on device: cuda:0
[2025-07-17 11:25:04,519] [INFO] Model initialized on device: cuda:0
[2025-07-17 11:25:06,602] [INFO] Model initialized on device: cuda:0
[2025-07-17 11:25:06,602] [INFO] Model initialized on device: cuda:0
[2025-07-17 11:28:12,060] [INFO] [TRAIN] Epoch 3 Loss: 0.7655
[2025-07-17 11:28:33,197] [INFO] Model initialized on device: cuda:0
[2025-07-17 11:28:33,273] [INFO] Model initialized on device: cuda:0
[2025-07-17 11:28:33,503] [INFO] Model initialized on device: cuda:0
[2025-07-17 11:28:33,584] [INFO] Model initialized on device: cuda:0
[2025-07-17 11:28:33,590] [INFO] Model initialized on device: cuda:0
[2025-07-17 11:28:33,592] [INFO] Model initialized on device: cuda:0
[2025-07-17 11:28:33,594] [INFO] Model initialized on device: cuda:0
[2025-07-17 11:28:33,599] [INFO] Model initialized on device: cuda:0
[2025-07-17 11:28:33,611] [INFO] Model initialized on device: cuda:0
[2025-07-17 11:28:33,611] [INFO] Model initialized on device: cuda:0
[2025-07-17 11:30:24,112] [INFO] [TRAIN] Epoch 4 Loss: 0.7107
[2025-07-17 11:30:45,009] [INFO] Model initialized on device: cuda:0
[2025-07-17 11:30:45,012] [INFO] Model initialized on device: cuda:0
[2025-07-17 11:30:45,014] [INFO] Model initialized on device: cuda:0
[2025-07-17 11:30:45,024] [INFO] Model initialized on device: cuda:0
[2025-07-17 11:30:45,097] [INFO] Model initialized on device: cuda:0
[2025-07-17 11:30:45,135] [INFO] Model initialized on device: cuda:0
[2025-07-17 11:30:45,138] [INFO] Model initialized on device: cuda:0
[2025-07-17 11:30:45,140] [INFO] Model initialized on device: cuda:0
[2025-07-17 11:30:45,140] [INFO] Model initialized on device: cuda:0
[2025-07-17 11:30:45,141] [INFO] Model initialized on device: cuda:0
[2025-07-17 11:32:35,680] [INFO] [TRAIN] Epoch 5 Loss: 0.6455
[2025-07-17 11:32:35,682] [INFO] [FIT] Local training finished. Avg Loss: 0.7551
[2025-07-17 11:32:51,329] [INFO] Model initialized on device: cuda:0
[2025-07-17 11:32:51,432] [INFO] Model initialized on device: cuda:0
[2025-07-17 11:32:52,034] [INFO] Model initialized on device: cuda:0
[2025-07-17 11:32:52,848] [INFO] Model initialized on device: cuda:0
[2025-07-17 11:32:54,785] [INFO] Model initialized on device: cuda:0
[2025-07-17 11:32:54,787] [INFO] Model initialized on device: cuda:0
[2025-07-17 11:32:54,822] [INFO] Model initialized on device: cuda:0
[2025-07-17 11:32:54,838] [INFO] Model initialized on device: cuda:0
[2025-07-17 11:32:54,870] [INFO] Model initialized on device: cuda:0
[2025-07-17 11:32:54,875] [INFO] Model initialized on device: cuda:0
[2025-07-17 11:32:58,218] [DEBUG] [TEST] Batch 1 | Pred shape: torch.Size([256, 256, 160]) | Label shape: torch.Size([256, 256, 160])
[2025-07-17 11:32:59,036] [DEBUG] [TEST] Batch 2 | Pred shape: torch.Size([256, 256, 160]) | Label shape: torch.Size([256, 256, 160])
[2025-07-17 11:32:59,103] [DEBUG] [TEST] Batch 3 | Pred shape: torch.Size([256, 256, 160]) | Label shape: torch.Size([256, 256, 160])
[2025-07-17 11:32:59,171] [DEBUG] [TEST] Batch 4 | Pred shape: torch.Size([256, 256, 160]) | Label shape: torch.Size([256, 256, 160])
[2025-07-17 11:32:59,226] [DEBUG] [TEST] Batch 5 | Pred shape: torch.Size([256, 256, 160]) | Label shape: torch.Size([256, 256, 160])
[2025-07-17 11:32:59,285] [DEBUG] [TEST] Batch 6 | Pred shape: torch.Size([256, 256, 160]) | Label shape: torch.Size([256, 256, 160])
[2025-07-17 11:32:59,343] [DEBUG] [TEST] Batch 7 | Pred shape: torch.Size([256, 256, 160]) | Label shape: torch.Size([256, 256, 160])
[2025-07-17 11:32:59,412] [DEBUG] [TEST] Batch 8 | Pred shape: torch.Size([256, 256, 160]) | Label shape: torch.Size([256, 256, 160])
[2025-07-17 11:32:59,578] [DEBUG] [TEST] Batch 9 | Pred shape: torch.Size([256, 256, 160]) | Label shape: torch.Size([256, 256, 160])
[2025-07-17 11:32:59,736] [DEBUG] [TEST] Batch 10 | Pred shape: torch.Size([256, 256, 160]) | Label shape: torch.Size([256, 256, 160])
[2025-07-17 11:33:01,420] [DEBUG] [TEST] Batch 11 | Pred shape: torch.Size([256, 256, 160]) | Label shape: torch.Size([256, 256, 160])
[2025-07-17 11:33:01,777] [DEBUG] [TEST] Batch 12 | Pred shape: torch.Size([256, 256, 160]) | Label shape: torch.Size([256, 256, 160])
[2025-07-17 11:33:01,837] [DEBUG] [TEST] Batch 13 | Pred shape: torch.Size([256, 256, 160]) | Label shape: torch.Size([256, 256, 160])
[2025-07-17 11:33:02,281] [DEBUG] [TEST] Batch 14 | Pred shape: torch.Size([256, 256, 160]) | Label shape: torch.Size([256, 256, 160])
[2025-07-17 11:33:02,375] [DEBUG] [TEST] Batch 15 | Pred shape: torch.Size([256, 256, 160]) | Label shape: torch.Size([256, 256, 160])
[2025-07-17 11:33:02,430] [DEBUG] [TEST] Batch 16 | Pred shape: torch.Size([256, 256, 160]) | Label shape: torch.Size([256, 256, 160])
[2025-07-17 11:33:02,670] [DEBUG] [TEST] Batch 17 | Pred shape: torch.Size([256, 256, 160]) | Label shape: torch.Size([256, 256, 160])
[2025-07-17 11:33:02,814] [DEBUG] [TEST] Batch 18 | Pred shape: torch.Size([256, 256, 160]) | Label shape: torch.Size([256, 256, 160])
[2025-07-17 11:33:03,008] [DEBUG] [TEST] Batch 19 | Pred shape: torch.Size([256, 256, 160]) | Label shape: torch.Size([256, 256, 160])
[2025-07-17 11:33:03,176] [DEBUG] [TEST] Batch 20 | Pred shape: torch.Size([256, 256, 160]) | Label shape: torch.Size([256, 256, 160])
[2025-07-17 11:33:05,221] [DEBUG] [TEST] Batch 21 | Pred shape: torch.Size([256, 256, 160]) | Label shape: torch.Size([256, 256, 160])
[2025-07-17 11:33:05,278] [DEBUG] [TEST] Batch 22 | Pred shape: torch.Size([256, 256, 160]) | Label shape: torch.Size([256, 256, 160])
[2025-07-17 11:33:05,376] [DEBUG] [TEST] Batch 23 | Pred shape: torch.Size([256, 256, 160]) | Label shape: torch.Size([256, 256, 160])
[2025-07-17 11:33:05,773] [DEBUG] [TEST] Batch 24 | Pred shape: torch.Size([256, 256, 160]) | Label shape: torch.Size([256, 256, 160])
[2025-07-17 11:33:05,833] [DEBUG] [TEST] Batch 25 | Pred shape: torch.Size([256, 256, 160]) | Label shape: torch.Size([256, 256, 160])
[2025-07-17 11:33:05,888] [DEBUG] [TEST] Batch 26 | Pred shape: torch.Size([256, 256, 160]) | Label shape: torch.Size([256, 256, 160])
[2025-07-17 11:33:05,976] [DEBUG] [TEST] Batch 27 | Pred shape: torch.Size([256, 256, 160]) | Label shape: torch.Size([256, 256, 160])
[2025-07-17 11:33:06,116] [DEBUG] [TEST] Batch 28 | Pred shape: torch.Size([256, 256, 160]) | Label shape: torch.Size([256, 256, 160])
[2025-07-17 11:33:06,296] [DEBUG] [TEST] Batch 29 | Pred shape: torch.Size([256, 256, 160]) | Label shape: torch.Size([256, 256, 160])
[2025-07-17 11:33:06,443] [DEBUG] [TEST] Batch 30 | Pred shape: torch.Size([256, 256, 160]) | Label shape: torch.Size([256, 256, 160])
[2025-07-17 11:33:08,173] [DEBUG] [TEST] Batch 31 | Pred shape: torch.Size([256, 256, 160]) | Label shape: torch.Size([256, 256, 160])
[2025-07-17 11:33:08,229] [DEBUG] [TEST] Batch 32 | Pred shape: torch.Size([256, 256, 160]) | Label shape: torch.Size([256, 256, 160])
[2025-07-17 11:33:08,289] [DEBUG] [TEST] Batch 33 | Pred shape: torch.Size([256, 256, 160]) | Label shape: torch.Size([256, 256, 160])
[2025-07-17 11:33:08,344] [DEBUG] [TEST] Batch 34 | Pred shape: torch.Size([256, 256, 160]) | Label shape: torch.Size([256, 256, 160])
[2025-07-17 11:33:08,404] [DEBUG] [TEST] Batch 35 | Pred shape: torch.Size([256, 256, 160]) | Label shape: torch.Size([256, 256, 160])
[2025-07-17 11:33:08,459] [DEBUG] [TEST] Batch 36 | Pred shape: torch.Size([256, 256, 160]) | Label shape: torch.Size([256, 256, 160])
[2025-07-17 11:33:08,513] [DEBUG] [TEST] Batch 37 | Pred shape: torch.Size([256, 256, 160]) | Label shape: torch.Size([256, 256, 160])
[2025-07-17 11:33:08,574] [DEBUG] [TEST] Batch 38 | Pred shape: torch.Size([256, 256, 160]) | Label shape: torch.Size([256, 256, 160])
[2025-07-17 11:33:08,705] [DEBUG] [TEST] Batch 39 | Pred shape: torch.Size([256, 256, 160]) | Label shape: torch.Size([256, 256, 160])
[2025-07-17 11:33:11,739] [INFO] [FIT] Final model saved to: Run_UNET_R2Non-IID30%_fedWSOcompC3_20250717/Client2/model_final.pth
[2025-07-17 11:35:17,077] [INFO] [EVALUATE] Starting evaluation...
[2025-07-17 11:35:22,282] [INFO] [DEBUG] Loaded compressed decoded weights.
[2025-07-17 11:36:28,723] [INFO] Model initialized on device: cuda:0
[2025-07-17 11:36:29,052] [INFO] Model initialized on device: cuda:0
[2025-07-17 11:36:29,472] [INFO] Model initialized on device: cuda:0
[2025-07-17 11:36:30,079] [INFO] Model initialized on device: cuda:0
[2025-07-17 11:36:30,081] [INFO] Model initialized on device: cuda:0
[2025-07-17 11:36:30,373] [INFO] Model initialized on device: cuda:0
[2025-07-17 11:36:30,402] [INFO] Model initialized on device: cuda:0
[2025-07-17 11:36:30,594] [INFO] Model initialized on device: cuda:0
[2025-07-17 11:36:30,595] [INFO] Model initialized on device: cuda:0
[2025-07-17 11:36:30,597] [INFO] Model initialized on device: cuda:0
[2025-07-17 11:36:36,379] [DEBUG] [TEST] Batch 1 | Pred shape: torch.Size([256, 256, 160]) | Label shape: torch.Size([256, 256, 160])
[2025-07-17 11:36:39,092] [DEBUG] [TEST] Batch 2 | Pred shape: torch.Size([256, 256, 160]) | Label shape: torch.Size([256, 256, 160])
[2025-07-17 11:36:39,317] [DEBUG] [TEST] Batch 3 | Pred shape: torch.Size([256, 256, 160]) | Label shape: torch.Size([256, 256, 160])
[2025-07-17 11:36:39,590] [DEBUG] [TEST] Batch 4 | Pred shape: torch.Size([256, 256, 160]) | Label shape: torch.Size([256, 256, 160])
[2025-07-17 11:36:39,890] [DEBUG] [TEST] Batch 5 | Pred shape: torch.Size([256, 256, 160]) | Label shape: torch.Size([256, 256, 160])
[2025-07-17 11:36:40,171] [DEBUG] [TEST] Batch 6 | Pred shape: torch.Size([256, 256, 160]) | Label shape: torch.Size([256, 256, 160])
[2025-07-17 11:36:40,303] [DEBUG] [TEST] Batch 7 | Pred shape: torch.Size([256, 256, 160]) | Label shape: torch.Size([256, 256, 160])
[2025-07-17 11:36:40,485] [DEBUG] [TEST] Batch 8 | Pred shape: torch.Size([256, 256, 160]) | Label shape: torch.Size([256, 256, 160])
[2025-07-17 11:36:40,578] [DEBUG] [TEST] Batch 9 | Pred shape: torch.Size([256, 256, 160]) | Label shape: torch.Size([256, 256, 160])
[2025-07-17 11:36:40,679] [DEBUG] [TEST] Batch 10 | Pred shape: torch.Size([256, 256, 160]) | Label shape: torch.Size([256, 256, 160])
[2025-07-17 11:36:42,428] [DEBUG] [TEST] Batch 11 | Pred shape: torch.Size([256, 256, 160]) | Label shape: torch.Size([256, 256, 160])
[2025-07-17 11:36:42,911] [DEBUG] [TEST] Batch 12 | Pred shape: torch.Size([256, 256, 160]) | Label shape: torch.Size([256, 256, 160])
[2025-07-17 11:36:43,198] [DEBUG] [TEST] Batch 13 | Pred shape: torch.Size([256, 256, 160]) | Label shape: torch.Size([256, 256, 160])
[2025-07-17 11:36:43,476] [DEBUG] [TEST] Batch 14 | Pred shape: torch.Size([256, 256, 160]) | Label shape: torch.Size([256, 256, 160])
[2025-07-17 11:36:43,692] [DEBUG] [TEST] Batch 15 | Pred shape: torch.Size([256, 256, 160]) | Label shape: torch.Size([256, 256, 160])
[2025-07-17 11:36:43,875] [DEBUG] [TEST] Batch 16 | Pred shape: torch.Size([256, 256, 160]) | Label shape: torch.Size([256, 256, 160])
[2025-07-17 11:36:43,999] [DEBUG] [TEST] Batch 17 | Pred shape: torch.Size([256, 256, 160]) | Label shape: torch.Size([256, 256, 160])
[2025-07-17 11:36:44,181] [DEBUG] [TEST] Batch 18 | Pred shape: torch.Size([256, 256, 160]) | Label shape: torch.Size([256, 256, 160])
[2025-07-17 11:36:44,301] [DEBUG] [TEST] Batch 19 | Pred shape: torch.Size([256, 256, 160]) | Label shape: torch.Size([256, 256, 160])
[2025-07-17 11:36:44,486] [DEBUG] [TEST] Batch 20 | Pred shape: torch.Size([256, 256, 160]) | Label shape: torch.Size([256, 256, 160])
[2025-07-17 11:36:47,478] [DEBUG] [TEST] Batch 21 | Pred shape: torch.Size([256, 256, 160]) | Label shape: torch.Size([256, 256, 160])
[2025-07-17 11:36:47,780] [DEBUG] [TEST] Batch 22 | Pred shape: torch.Size([256, 256, 160]) | Label shape: torch.Size([256, 256, 160])
[2025-07-17 11:36:47,980] [DEBUG] [TEST] Batch 23 | Pred shape: torch.Size([256, 256, 160]) | Label shape: torch.Size([256, 256, 160])
[2025-07-17 11:36:48,077] [DEBUG] [TEST] Batch 24 | Pred shape: torch.Size([256, 256, 160]) | Label shape: torch.Size([256, 256, 160])
[2025-07-17 11:36:48,702] [DEBUG] [TEST] Batch 25 | Pred shape: torch.Size([256, 256, 160]) | Label shape: torch.Size([256, 256, 160])
[2025-07-17 11:36:48,885] [DEBUG] [TEST] Batch 26 | Pred shape: torch.Size([256, 256, 160]) | Label shape: torch.Size([256, 256, 160])
[2025-07-17 11:36:49,178] [DEBUG] [TEST] Batch 27 | Pred shape: torch.Size([256, 256, 160]) | Label shape: torch.Size([256, 256, 160])
[2025-07-17 11:36:49,277] [DEBUG] [TEST] Batch 28 | Pred shape: torch.Size([256, 256, 160]) | Label shape: torch.Size([256, 256, 160])
[2025-07-17 11:36:49,378] [DEBUG] [TEST] Batch 29 | Pred shape: torch.Size([256, 256, 160]) | Label shape: torch.Size([256, 256, 160])
[2025-07-17 11:36:49,478] [DEBUG] [TEST] Batch 30 | Pred shape: torch.Size([256, 256, 160]) | Label shape: torch.Size([256, 256, 160])
[2025-07-17 11:36:51,295] [DEBUG] [TEST] Batch 31 | Pred shape: torch.Size([256, 256, 160]) | Label shape: torch.Size([256, 256, 160])
[2025-07-17 11:36:52,018] [DEBUG] [TEST] Batch 32 | Pred shape: torch.Size([256, 256, 160]) | Label shape: torch.Size([256, 256, 160])
[2025-07-17 11:36:52,136] [DEBUG] [TEST] Batch 33 | Pred shape: torch.Size([256, 256, 160]) | Label shape: torch.Size([256, 256, 160])
[2025-07-17 11:36:52,262] [DEBUG] [TEST] Batch 34 | Pred shape: torch.Size([256, 256, 160]) | Label shape: torch.Size([256, 256, 160])
[2025-07-17 11:36:52,389] [DEBUG] [TEST] Batch 35 | Pred shape: torch.Size([256, 256, 160]) | Label shape: torch.Size([256, 256, 160])
[2025-07-17 11:36:52,515] [DEBUG] [TEST] Batch 36 | Pred shape: torch.Size([256, 256, 160]) | Label shape: torch.Size([256, 256, 160])
[2025-07-17 11:36:52,626] [DEBUG] [TEST] Batch 37 | Pred shape: torch.Size([256, 256, 160]) | Label shape: torch.Size([256, 256, 160])
[2025-07-17 11:36:52,681] [DEBUG] [TEST] Batch 38 | Pred shape: torch.Size([256, 256, 160]) | Label shape: torch.Size([256, 256, 160])
[2025-07-17 11:36:52,736] [DEBUG] [TEST] Batch 39 | Pred shape: torch.Size([256, 256, 160]) | Label shape: torch.Size([256, 256, 160])
[2025-07-17 11:36:55,282] [INFO] [EVALUATE] Dice WT: 0.5015
[2025-07-17 11:37:02,096] [INFO] [FIT] Received parameters. Starting local training...
[2025-07-17 11:37:06,378] [INFO] [DEBUG] Loaded compressed decoded weights.
[2025-07-17 11:38:13,171] [INFO] Model initialized on device: cuda:0
[2025-07-17 11:38:13,874] [INFO] Model initialized on device: cuda:0
[2025-07-17 11:38:13,884] [INFO] Model initialized on device: cuda:0
[2025-07-17 11:38:14,390] [INFO] Model initialized on device: cuda:0
[2025-07-17 11:38:14,393] [INFO] Model initialized on device: cuda:0
[2025-07-17 11:38:14,505] [INFO] Model initialized on device: cuda:0
[2025-07-17 11:38:14,572] [INFO] Model initialized on device: cuda:0
[2025-07-17 11:38:14,587] [INFO] Model initialized on device: cuda:0
[2025-07-17 11:38:14,683] [INFO] Model initialized on device: cuda:0
[2025-07-17 11:38:14,694] [INFO] Model initialized on device: cuda:0
[2025-07-17 11:42:01,976] [INFO] [TRAIN] Epoch 1 Loss: 0.7185
[2025-07-17 11:42:56,875] [INFO] Model initialized on device: cuda:0
[2025-07-17 11:42:56,904] [INFO] Model initialized on device: cuda:0
[2025-07-17 11:42:57,085] [INFO] Model initialized on device: cuda:0
[2025-07-17 11:42:57,105] [INFO] Model initialized on device: cuda:0
[2025-07-17 11:42:57,473] [INFO] Model initialized on device: cuda:0
[2025-07-17 11:42:57,476] [INFO] Model initialized on device: cuda:0
[2025-07-17 11:42:57,477] [INFO] Model initialized on device: cuda:0
[2025-07-17 11:42:57,488] [INFO] Model initialized on device: cuda:0
[2025-07-17 11:42:57,518] [INFO] Model initialized on device: cuda:0
[2025-07-17 11:42:57,576] [INFO] Model initialized on device: cuda:0
[2025-07-17 11:46:44,225] [INFO] [TRAIN] Epoch 2 Loss: 0.6487
[2025-07-17 11:47:34,676] [INFO] Model initialized on device: cuda:0
[2025-07-17 11:47:34,782] [INFO] Model initialized on device: cuda:0
[2025-07-17 11:47:34,788] [INFO] Model initialized on device: cuda:0
[2025-07-17 11:47:34,974] [INFO] Model initialized on device: cuda:0
[2025-07-17 11:47:34,975] [INFO] Model initialized on device: cuda:0
[2025-07-17 11:47:35,005] [INFO] Model initialized on device: cuda:0
[2025-07-17 11:47:35,288] [INFO] Model initialized on device: cuda:0
[2025-07-17 11:47:36,604] [INFO] Model initialized on device: cuda:0
[2025-07-17 11:47:36,892] [INFO] Model initialized on device: cuda:0
[2025-07-17 11:47:38,671] [INFO] Model initialized on device: cuda:0
[2025-07-17 11:50:47,418] [INFO] [TRAIN] Epoch 3 Loss: 0.5793
[2025-07-17 11:51:08,703] [INFO] Model initialized on device: cuda:0
[2025-07-17 11:51:08,935] [INFO] Model initialized on device: cuda:0
[2025-07-17 11:51:08,970] [INFO] Model initialized on device: cuda:0
[2025-07-17 11:51:09,015] [INFO] Model initialized on device: cuda:0
[2025-07-17 11:51:09,024] [INFO] Model initialized on device: cuda:0
[2025-07-17 11:51:09,041] [INFO] Model initialized on device: cuda:0
[2025-07-17 11:51:09,043] [INFO] Model initialized on device: cuda:0
[2025-07-17 11:51:09,070] [INFO] Model initialized on device: cuda:0
[2025-07-17 11:51:09,073] [INFO] Model initialized on device: cuda:0
[2025-07-17 11:51:09,074] [INFO] Model initialized on device: cuda:0
[2025-07-17 11:52:57,843] [INFO] [TRAIN] Epoch 4 Loss: 0.5077
[2025-07-17 11:53:18,010] [INFO] Model initialized on device: cuda:0
[2025-07-17 11:53:18,184] [INFO] Model initialized on device: cuda:0
[2025-07-17 11:53:18,331] [INFO] Model initialized on device: cuda:0
[2025-07-17 11:53:18,331] [INFO] Model initialized on device: cuda:0
[2025-07-17 11:53:18,332] [INFO] Model initialized on device: cuda:0
[2025-07-17 11:53:18,372] [INFO] Model initialized on device: cuda:0
[2025-07-17 11:53:18,376] [INFO] Model initialized on device: cuda:0
[2025-07-17 11:53:18,385] [INFO] Model initialized on device: cuda:0
[2025-07-17 11:53:18,388] [INFO] Model initialized on device: cuda:0
[2025-07-17 11:53:18,390] [INFO] Model initialized on device: cuda:0
[2025-07-17 11:55:08,171] [INFO] [TRAIN] Epoch 5 Loss: 0.4422
[2025-07-17 11:55:08,172] [INFO] [FIT] Local training finished. Avg Loss: 0.5793
[2025-07-17 11:55:23,692] [INFO] Model initialized on device: cuda:0
[2025-07-17 11:55:24,629] [INFO] Model initialized on device: cuda:0
[2025-07-17 11:55:24,909] [INFO] Model initialized on device: cuda:0
[2025-07-17 11:55:25,516] [INFO] Model initialized on device: cuda:0
[2025-07-17 11:55:27,402] [INFO] Model initialized on device: cuda:0
[2025-07-17 11:55:27,473] [INFO] Model initialized on device: cuda:0
[2025-07-17 11:55:27,498] [INFO] Model initialized on device: cuda:0
[2025-07-17 11:55:27,503] [INFO] Model initialized on device: cuda:0
[2025-07-17 11:55:27,506] [INFO] Model initialized on device: cuda:0
[2025-07-17 11:55:27,510] [INFO] Model initialized on device: cuda:0
[2025-07-17 11:55:31,548] [DEBUG] [TEST] Batch 1 | Pred shape: torch.Size([256, 256, 160]) | Label shape: torch.Size([256, 256, 160])
[2025-07-17 11:55:31,613] [DEBUG] [TEST] Batch 2 | Pred shape: torch.Size([256, 256, 160]) | Label shape: torch.Size([256, 256, 160])
[2025-07-17 11:55:31,677] [DEBUG] [TEST] Batch 3 | Pred shape: torch.Size([256, 256, 160]) | Label shape: torch.Size([256, 256, 160])
[2025-07-17 11:55:31,733] [DEBUG] [TEST] Batch 4 | Pred shape: torch.Size([256, 256, 160]) | Label shape: torch.Size([256, 256, 160])
[2025-07-17 11:55:31,793] [DEBUG] [TEST] Batch 5 | Pred shape: torch.Size([256, 256, 160]) | Label shape: torch.Size([256, 256, 160])
[2025-07-17 11:55:31,875] [DEBUG] [TEST] Batch 6 | Pred shape: torch.Size([256, 256, 160]) | Label shape: torch.Size([256, 256, 160])
[2025-07-17 11:55:31,934] [DEBUG] [TEST] Batch 7 | Pred shape: torch.Size([256, 256, 160]) | Label shape: torch.Size([256, 256, 160])
[2025-07-17 11:55:32,010] [DEBUG] [TEST] Batch 8 | Pred shape: torch.Size([256, 256, 160]) | Label shape: torch.Size([256, 256, 160])
[2025-07-17 11:55:32,077] [DEBUG] [TEST] Batch 9 | Pred shape: torch.Size([256, 256, 160]) | Label shape: torch.Size([256, 256, 160])
[2025-07-17 11:55:32,136] [DEBUG] [TEST] Batch 10 | Pred shape: torch.Size([256, 256, 160]) | Label shape: torch.Size([256, 256, 160])
[2025-07-17 11:55:35,077] [DEBUG] [TEST] Batch 11 | Pred shape: torch.Size([256, 256, 160]) | Label shape: torch.Size([256, 256, 160])
[2025-07-17 11:55:35,173] [DEBUG] [TEST] Batch 12 | Pred shape: torch.Size([256, 256, 160]) | Label shape: torch.Size([256, 256, 160])
[2025-07-17 11:55:35,229] [DEBUG] [TEST] Batch 13 | Pred shape: torch.Size([256, 256, 160]) | Label shape: torch.Size([256, 256, 160])
[2025-07-17 11:55:35,311] [DEBUG] [TEST] Batch 14 | Pred shape: torch.Size([256, 256, 160]) | Label shape: torch.Size([256, 256, 160])
[2025-07-17 11:55:35,378] [DEBUG] [TEST] Batch 15 | Pred shape: torch.Size([256, 256, 160]) | Label shape: torch.Size([256, 256, 160])
[2025-07-17 11:55:35,472] [DEBUG] [TEST] Batch 16 | Pred shape: torch.Size([256, 256, 160]) | Label shape: torch.Size([256, 256, 160])
[2025-07-17 11:55:35,530] [DEBUG] [TEST] Batch 17 | Pred shape: torch.Size([256, 256, 160]) | Label shape: torch.Size([256, 256, 160])
[2025-07-17 11:55:35,621] [DEBUG] [TEST] Batch 18 | Pred shape: torch.Size([256, 256, 160]) | Label shape: torch.Size([256, 256, 160])
[2025-07-17 11:55:35,682] [DEBUG] [TEST] Batch 19 | Pred shape: torch.Size([256, 256, 160]) | Label shape: torch.Size([256, 256, 160])
[2025-07-17 11:55:35,780] [DEBUG] [TEST] Batch 20 | Pred shape: torch.Size([256, 256, 160]) | Label shape: torch.Size([256, 256, 160])
[2025-07-17 11:55:37,978] [DEBUG] [TEST] Batch 21 | Pred shape: torch.Size([256, 256, 160]) | Label shape: torch.Size([256, 256, 160])
[2025-07-17 11:55:38,036] [DEBUG] [TEST] Batch 22 | Pred shape: torch.Size([256, 256, 160]) | Label shape: torch.Size([256, 256, 160])
[2025-07-17 11:55:38,119] [DEBUG] [TEST] Batch 23 | Pred shape: torch.Size([256, 256, 160]) | Label shape: torch.Size([256, 256, 160])
[2025-07-17 11:55:38,177] [DEBUG] [TEST] Batch 24 | Pred shape: torch.Size([256, 256, 160]) | Label shape: torch.Size([256, 256, 160])
[2025-07-17 11:55:38,270] [DEBUG] [TEST] Batch 25 | Pred shape: torch.Size([256, 256, 160]) | Label shape: torch.Size([256, 256, 160])
[2025-07-17 11:55:38,327] [DEBUG] [TEST] Batch 26 | Pred shape: torch.Size([256, 256, 160]) | Label shape: torch.Size([256, 256, 160])
[2025-07-17 11:55:38,386] [DEBUG] [TEST] Batch 27 | Pred shape: torch.Size([256, 256, 160]) | Label shape: torch.Size([256, 256, 160])
[2025-07-17 11:55:38,445] [DEBUG] [TEST] Batch 28 | Pred shape: torch.Size([256, 256, 160]) | Label shape: torch.Size([256, 256, 160])
[2025-07-17 11:55:38,500] [DEBUG] [TEST] Batch 29 | Pred shape: torch.Size([256, 256, 160]) | Label shape: torch.Size([256, 256, 160])
[2025-07-17 11:55:38,559] [DEBUG] [TEST] Batch 30 | Pred shape: torch.Size([256, 256, 160]) | Label shape: torch.Size([256, 256, 160])
[2025-07-17 11:55:40,522] [DEBUG] [TEST] Batch 31 | Pred shape: torch.Size([256, 256, 160]) | Label shape: torch.Size([256, 256, 160])
[2025-07-17 11:55:40,580] [DEBUG] [TEST] Batch 32 | Pred shape: torch.Size([256, 256, 160]) | Label shape: torch.Size([256, 256, 160])
[2025-07-17 11:55:40,635] [DEBUG] [TEST] Batch 33 | Pred shape: torch.Size([256, 256, 160]) | Label shape: torch.Size([256, 256, 160])
[2025-07-17 11:55:40,692] [DEBUG] [TEST] Batch 34 | Pred shape: torch.Size([256, 256, 160]) | Label shape: torch.Size([256, 256, 160])
[2025-07-17 11:55:40,747] [DEBUG] [TEST] Batch 35 | Pred shape: torch.Size([256, 256, 160]) | Label shape: torch.Size([256, 256, 160])
[2025-07-17 11:55:40,806] [DEBUG] [TEST] Batch 36 | Pred shape: torch.Size([256, 256, 160]) | Label shape: torch.Size([256, 256, 160])
[2025-07-17 11:55:40,863] [DEBUG] [TEST] Batch 37 | Pred shape: torch.Size([256, 256, 160]) | Label shape: torch.Size([256, 256, 160])
[2025-07-17 11:55:40,918] [DEBUG] [TEST] Batch 38 | Pred shape: torch.Size([256, 256, 160]) | Label shape: torch.Size([256, 256, 160])
[2025-07-17 11:55:40,973] [DEBUG] [TEST] Batch 39 | Pred shape: torch.Size([256, 256, 160]) | Label shape: torch.Size([256, 256, 160])
[2025-07-17 11:55:44,023] [INFO] [FIT] Final model saved to: Run_UNET_R2Non-IID30%_fedWSOcompC3_20250717/Client2/model_final.pth
[2025-07-17 11:57:54,675] [INFO] [EVALUATE] Starting evaluation...
[2025-07-17 11:57:56,575] [INFO] [DEBUG] Loaded compressed decoded weights.
[2025-07-17 11:58:56,961] [INFO] Model initialized on device: cuda:0
[2025-07-17 11:58:57,008] [INFO] Model initialized on device: cuda:0
[2025-07-17 11:58:57,062] [INFO] Model initialized on device: cuda:0
[2025-07-17 11:58:57,080] [INFO] Model initialized on device: cuda:0
[2025-07-17 11:58:57,089] [INFO] Model initialized on device: cuda:0
[2025-07-17 11:58:57,220] [INFO] Model initialized on device: cuda:0
[2025-07-17 11:58:58,636] [INFO] Model initialized on device: cuda:0
[2025-07-17 11:58:59,873] [INFO] Model initialized on device: cuda:0
[2025-07-17 11:58:59,945] [DEBUG] [TEST] Batch 1 | Pred shape: torch.Size([256, 256, 160]) | Label shape: torch.Size([256, 256, 160])
[2025-07-17 11:59:01,893] [INFO] Model initialized on device: cuda:0
[2025-07-17 11:59:04,243] [INFO] Model initialized on device: cuda:0
[2025-07-17 11:59:04,340] [DEBUG] [TEST] Batch 2 | Pred shape: torch.Size([256, 256, 160]) | Label shape: torch.Size([256, 256, 160])
[2025-07-17 11:59:04,396] [DEBUG] [TEST] Batch 3 | Pred shape: torch.Size([256, 256, 160]) | Label shape: torch.Size([256, 256, 160])
[2025-07-17 11:59:04,476] [DEBUG] [TEST] Batch 4 | Pred shape: torch.Size([256, 256, 160]) | Label shape: torch.Size([256, 256, 160])
[2025-07-17 11:59:04,537] [DEBUG] [TEST] Batch 5 | Pred shape: torch.Size([256, 256, 160]) | Label shape: torch.Size([256, 256, 160])
[2025-07-17 11:59:04,654] [DEBUG] [TEST] Batch 6 | Pred shape: torch.Size([256, 256, 160]) | Label shape: torch.Size([256, 256, 160])
[2025-07-17 11:59:04,715] [DEBUG] [TEST] Batch 7 | Pred shape: torch.Size([256, 256, 160]) | Label shape: torch.Size([256, 256, 160])
[2025-07-17 11:59:06,754] [DEBUG] [TEST] Batch 8 | Pred shape: torch.Size([256, 256, 160]) | Label shape: torch.Size([256, 256, 160])
[2025-07-17 11:59:06,874] [DEBUG] [TEST] Batch 9 | Pred shape: torch.Size([256, 256, 160]) | Label shape: torch.Size([256, 256, 160])
[2025-07-17 11:59:06,947] [DEBUG] [TEST] Batch 10 | Pred shape: torch.Size([256, 256, 160]) | Label shape: torch.Size([256, 256, 160])
[2025-07-17 11:59:07,070] [DEBUG] [TEST] Batch 11 | Pred shape: torch.Size([256, 256, 160]) | Label shape: torch.Size([256, 256, 160])
[2025-07-17 11:59:07,136] [DEBUG] [TEST] Batch 12 | Pred shape: torch.Size([256, 256, 160]) | Label shape: torch.Size([256, 256, 160])
[2025-07-17 11:59:07,339] [DEBUG] [TEST] Batch 13 | Pred shape: torch.Size([256, 256, 160]) | Label shape: torch.Size([256, 256, 160])
[2025-07-17 11:59:07,517] [DEBUG] [TEST] Batch 14 | Pred shape: torch.Size([256, 256, 160]) | Label shape: torch.Size([256, 256, 160])
[2025-07-17 11:59:07,685] [DEBUG] [TEST] Batch 15 | Pred shape: torch.Size([256, 256, 160]) | Label shape: torch.Size([256, 256, 160])
[2025-07-17 11:59:07,917] [DEBUG] [TEST] Batch 16 | Pred shape: torch.Size([256, 256, 160]) | Label shape: torch.Size([256, 256, 160])
[2025-07-17 11:59:08,282] [DEBUG] [TEST] Batch 17 | Pred shape: torch.Size([256, 256, 160]) | Label shape: torch.Size([256, 256, 160])
[2025-07-17 11:59:11,078] [DEBUG] [TEST] Batch 18 | Pred shape: torch.Size([256, 256, 160]) | Label shape: torch.Size([256, 256, 160])
[2025-07-17 11:59:11,177] [DEBUG] [TEST] Batch 19 | Pred shape: torch.Size([256, 256, 160]) | Label shape: torch.Size([256, 256, 160])
[2025-07-17 11:59:11,281] [DEBUG] [TEST] Batch 20 | Pred shape: torch.Size([256, 256, 160]) | Label shape: torch.Size([256, 256, 160])
[2025-07-17 11:59:11,377] [DEBUG] [TEST] Batch 21 | Pred shape: torch.Size([256, 256, 160]) | Label shape: torch.Size([256, 256, 160])
[2025-07-17 11:59:11,579] [DEBUG] [TEST] Batch 22 | Pred shape: torch.Size([256, 256, 160]) | Label shape: torch.Size([256, 256, 160])
[2025-07-17 11:59:11,677] [DEBUG] [TEST] Batch 23 | Pred shape: torch.Size([256, 256, 160]) | Label shape: torch.Size([256, 256, 160])
[2025-07-17 11:59:11,878] [DEBUG] [TEST] Batch 24 | Pred shape: torch.Size([256, 256, 160]) | Label shape: torch.Size([256, 256, 160])
[2025-07-17 11:59:11,978] [DEBUG] [TEST] Batch 25 | Pred shape: torch.Size([256, 256, 160]) | Label shape: torch.Size([256, 256, 160])
[2025-07-17 11:59:12,077] [DEBUG] [TEST] Batch 26 | Pred shape: torch.Size([256, 256, 160]) | Label shape: torch.Size([256, 256, 160])
[2025-07-17 11:59:12,178] [DEBUG] [TEST] Batch 27 | Pred shape: torch.Size([256, 256, 160]) | Label shape: torch.Size([256, 256, 160])
[2025-07-17 11:59:16,574] [DEBUG] [TEST] Batch 28 | Pred shape: torch.Size([256, 256, 160]) | Label shape: torch.Size([256, 256, 160])
[2025-07-17 11:59:16,711] [DEBUG] [TEST] Batch 29 | Pred shape: torch.Size([256, 256, 160]) | Label shape: torch.Size([256, 256, 160])
[2025-07-17 11:59:16,890] [DEBUG] [TEST] Batch 30 | Pred shape: torch.Size([256, 256, 160]) | Label shape: torch.Size([256, 256, 160])
[2025-07-17 11:59:17,091] [DEBUG] [TEST] Batch 31 | Pred shape: torch.Size([256, 256, 160]) | Label shape: torch.Size([256, 256, 160])
[2025-07-17 11:59:17,287] [DEBUG] [TEST] Batch 32 | Pred shape: torch.Size([256, 256, 160]) | Label shape: torch.Size([256, 256, 160])
[2025-07-17 11:59:17,485] [DEBUG] [TEST] Batch 33 | Pred shape: torch.Size([256, 256, 160]) | Label shape: torch.Size([256, 256, 160])
[2025-07-17 11:59:17,692] [DEBUG] [TEST] Batch 34 | Pred shape: torch.Size([256, 256, 160]) | Label shape: torch.Size([256, 256, 160])
[2025-07-17 11:59:17,777] [DEBUG] [TEST] Batch 35 | Pred shape: torch.Size([256, 256, 160]) | Label shape: torch.Size([256, 256, 160])
[2025-07-17 11:59:17,832] [DEBUG] [TEST] Batch 36 | Pred shape: torch.Size([256, 256, 160]) | Label shape: torch.Size([256, 256, 160])
[2025-07-17 11:59:17,918] [DEBUG] [TEST] Batch 37 | Pred shape: torch.Size([256, 256, 160]) | Label shape: torch.Size([256, 256, 160])
[2025-07-17 11:59:19,221] [DEBUG] [TEST] Batch 38 | Pred shape: torch.Size([256, 256, 160]) | Label shape: torch.Size([256, 256, 160])
[2025-07-17 11:59:19,377] [DEBUG] [TEST] Batch 39 | Pred shape: torch.Size([256, 256, 160]) | Label shape: torch.Size([256, 256, 160])
[2025-07-17 11:59:26,706] [INFO] [EVALUATE] Dice WT: 0.6451
[2025-07-17 11:59:36,587] [INFO] [FIT] Received parameters. Starting local training...
[2025-07-17 11:59:39,778] [INFO] [DEBUG] Loaded compressed decoded weights.
[2025-07-17 12:00:45,226] [INFO] Model initialized on device: cuda:0
[2025-07-17 12:00:46,292] [INFO] Model initialized on device: cuda:0
[2025-07-17 12:00:46,538] [INFO] Model initialized on device: cuda:0
[2025-07-17 12:00:46,575] [INFO] Model initialized on device: cuda:0
[2025-07-17 12:00:46,613] [INFO] Model initialized on device: cuda:0
[2025-07-17 12:00:46,650] [INFO] Model initialized on device: cuda:0
[2025-07-17 12:00:46,701] [INFO] Model initialized on device: cuda:0
[2025-07-17 12:00:46,778] [INFO] Model initialized on device: cuda:0
[2025-07-17 12:00:49,901] [INFO] Model initialized on device: cuda:0
[2025-07-17 12:00:50,285] [INFO] Model initialized on device: cuda:0
[2025-07-17 12:04:38,320] [INFO] [TRAIN] Epoch 1 Loss: 0.5617
[2025-07-17 12:05:30,887] [INFO] Model initialized on device: cuda:0
[2025-07-17 12:05:31,027] [INFO] Model initialized on device: cuda:0
[2025-07-17 12:05:31,046] [INFO] Model initialized on device: cuda:0
[2025-07-17 12:05:31,076] [INFO] Model initialized on device: cuda:0
[2025-07-17 12:05:31,084] [INFO] Model initialized on device: cuda:0
[2025-07-17 12:05:31,185] [INFO] Model initialized on device: cuda:0
[2025-07-17 12:05:31,475] [INFO] Model initialized on device: cuda:0
[2025-07-17 12:05:32,570] [INFO] Model initialized on device: cuda:0
[2025-07-17 12:05:33,707] [INFO] Model initialized on device: cuda:0
[2025-07-17 12:05:36,002] [INFO] Model initialized on device: cuda:0
[2025-07-17 12:09:26,930] [INFO] [TRAIN] Epoch 2 Loss: 0.4693
[2025-07-17 12:10:14,309] [INFO] Model initialized on device: cuda:0
[2025-07-17 12:10:16,790] [INFO] Model initialized on device: cuda:0
[2025-07-17 12:10:16,979] [INFO] Model initialized on device: cuda:0
[2025-07-17 12:10:16,979] [INFO] Model initialized on device: cuda:0
[2025-07-17 12:10:18,122] [INFO] Model initialized on device: cuda:0
[2025-07-17 12:10:18,188] [INFO] Model initialized on device: cuda:0
[2025-07-17 12:10:18,199] [INFO] Model initialized on device: cuda:0
[2025-07-17 12:10:18,482] [INFO] Model initialized on device: cuda:0
[2025-07-17 12:10:18,675] [INFO] Model initialized on device: cuda:0
[2025-07-17 12:10:18,979] [INFO] Model initialized on device: cuda:0
[2025-07-17 12:13:25,020] [INFO] [TRAIN] Epoch 3 Loss: 0.4130
[2025-07-17 12:13:46,429] [INFO] Model initialized on device: cuda:0
[2025-07-17 12:13:46,523] [INFO] Model initialized on device: cuda:0
[2025-07-17 12:13:46,612] [INFO] Model initialized on device: cuda:0
[2025-07-17 12:13:46,723] [INFO] Model initialized on device: cuda:0
[2025-07-17 12:13:46,770] [INFO] Model initialized on device: cuda:0
[2025-07-17 12:13:46,772] [INFO] Model initialized on device: cuda:0
[2025-07-17 12:13:46,788] [INFO] Model initialized on device: cuda:0
[2025-07-17 12:13:46,796] [INFO] Model initialized on device: cuda:0
[2025-07-17 12:13:46,796] [INFO] Model initialized on device: cuda:0
[2025-07-17 12:13:46,796] [INFO] Model initialized on device: cuda:0
[2025-07-17 12:15:39,657] [INFO] [TRAIN] Epoch 4 Loss: 0.3657
[2025-07-17 12:16:00,835] [INFO] Model initialized on device: cuda:0
[2025-07-17 12:16:00,926] [INFO] Model initialized on device: cuda:0
[2025-07-17 12:16:00,976] [INFO] Model initialized on device: cuda:0
[2025-07-17 12:16:01,070] [INFO] Model initialized on device: cuda:0
[2025-07-17 12:16:01,071] [INFO] Model initialized on device: cuda:0
[2025-07-17 12:16:01,114] [INFO] Model initialized on device: cuda:0
[2025-07-17 12:16:01,120] [INFO] Model initialized on device: cuda:0
[2025-07-17 12:16:01,173] [INFO] Model initialized on device: cuda:0
[2025-07-17 12:16:01,174] [INFO] Model initialized on device: cuda:0
[2025-07-17 12:16:01,179] [INFO] Model initialized on device: cuda:0
[2025-07-17 12:17:51,169] [INFO] [TRAIN] Epoch 5 Loss: 0.3123
[2025-07-17 12:17:51,171] [INFO] [FIT] Local training finished. Avg Loss: 0.4244
[2025-07-17 12:18:08,275] [INFO] Model initialized on device: cuda:0
[2025-07-17 12:18:08,528] [INFO] Model initialized on device: cuda:0
[2025-07-17 12:18:10,071] [INFO] Model initialized on device: cuda:0
[2025-07-17 12:18:10,874] [INFO] Model initialized on device: cuda:0
[2025-07-17 12:18:11,180] [INFO] Model initialized on device: cuda:0
[2025-07-17 12:18:11,188] [INFO] Model initialized on device: cuda:0
[2025-07-17 12:18:11,200] [INFO] Model initialized on device: cuda:0
[2025-07-17 12:18:11,225] [INFO] Model initialized on device: cuda:0
[2025-07-17 12:18:11,240] [INFO] Model initialized on device: cuda:0
[2025-07-17 12:18:11,245] [INFO] Model initialized on device: cuda:0
[2025-07-17 12:18:14,821] [DEBUG] [TEST] Batch 1 | Pred shape: torch.Size([256, 256, 160]) | Label shape: torch.Size([256, 256, 160])
[2025-07-17 12:18:15,708] [DEBUG] [TEST] Batch 2 | Pred shape: torch.Size([256, 256, 160]) | Label shape: torch.Size([256, 256, 160])
[2025-07-17 12:18:15,778] [DEBUG] [TEST] Batch 3 | Pred shape: torch.Size([256, 256, 160]) | Label shape: torch.Size([256, 256, 160])
[2025-07-17 12:18:15,845] [DEBUG] [TEST] Batch 4 | Pred shape: torch.Size([256, 256, 160]) | Label shape: torch.Size([256, 256, 160])
[2025-07-17 12:18:16,002] [DEBUG] [TEST] Batch 5 | Pred shape: torch.Size([256, 256, 160]) | Label shape: torch.Size([256, 256, 160])
[2025-07-17 12:18:16,174] [DEBUG] [TEST] Batch 6 | Pred shape: torch.Size([256, 256, 160]) | Label shape: torch.Size([256, 256, 160])
[2025-07-17 12:18:16,271] [DEBUG] [TEST] Batch 7 | Pred shape: torch.Size([256, 256, 160]) | Label shape: torch.Size([256, 256, 160])
[2025-07-17 12:18:16,330] [DEBUG] [TEST] Batch 8 | Pred shape: torch.Size([256, 256, 160]) | Label shape: torch.Size([256, 256, 160])
[2025-07-17 12:18:16,409] [DEBUG] [TEST] Batch 9 | Pred shape: torch.Size([256, 256, 160]) | Label shape: torch.Size([256, 256, 160])
[2025-07-17 12:18:16,477] [DEBUG] [TEST] Batch 10 | Pred shape: torch.Size([256, 256, 160]) | Label shape: torch.Size([256, 256, 160])
[2025-07-17 12:18:18,418] [DEBUG] [TEST] Batch 11 | Pred shape: torch.Size([256, 256, 160]) | Label shape: torch.Size([256, 256, 160])
[2025-07-17 12:18:18,592] [DEBUG] [TEST] Batch 12 | Pred shape: torch.Size([256, 256, 160]) | Label shape: torch.Size([256, 256, 160])
[2025-07-17 12:18:18,832] [DEBUG] [TEST] Batch 13 | Pred shape: torch.Size([256, 256, 160]) | Label shape: torch.Size([256, 256, 160])
[2025-07-17 12:18:19,006] [DEBUG] [TEST] Batch 14 | Pred shape: torch.Size([256, 256, 160]) | Label shape: torch.Size([256, 256, 160])
[2025-07-17 12:18:19,171] [DEBUG] [TEST] Batch 15 | Pred shape: torch.Size([256, 256, 160]) | Label shape: torch.Size([256, 256, 160])
[2025-07-17 12:18:19,372] [DEBUG] [TEST] Batch 16 | Pred shape: torch.Size([256, 256, 160]) | Label shape: torch.Size([256, 256, 160])
[2025-07-17 12:18:19,529] [DEBUG] [TEST] Batch 17 | Pred shape: torch.Size([256, 256, 160]) | Label shape: torch.Size([256, 256, 160])
[2025-07-17 12:18:19,772] [DEBUG] [TEST] Batch 18 | Pred shape: torch.Size([256, 256, 160]) | Label shape: torch.Size([256, 256, 160])
[2025-07-17 12:18:19,909] [DEBUG] [TEST] Batch 19 | Pred shape: torch.Size([256, 256, 160]) | Label shape: torch.Size([256, 256, 160])
[2025-07-17 12:18:19,977] [DEBUG] [TEST] Batch 20 | Pred shape: torch.Size([256, 256, 160]) | Label shape: torch.Size([256, 256, 160])
[2025-07-17 12:18:22,019] [DEBUG] [TEST] Batch 21 | Pred shape: torch.Size([256, 256, 160]) | Label shape: torch.Size([256, 256, 160])
[2025-07-17 12:18:22,309] [DEBUG] [TEST] Batch 22 | Pred shape: torch.Size([256, 256, 160]) | Label shape: torch.Size([256, 256, 160])
[2025-07-17 12:18:22,577] [DEBUG] [TEST] Batch 23 | Pred shape: torch.Size([256, 256, 160]) | Label shape: torch.Size([256, 256, 160])
[2025-07-17 12:18:22,739] [DEBUG] [TEST] Batch 24 | Pred shape: torch.Size([256, 256, 160]) | Label shape: torch.Size([256, 256, 160])
[2025-07-17 12:18:22,910] [DEBUG] [TEST] Batch 25 | Pred shape: torch.Size([256, 256, 160]) | Label shape: torch.Size([256, 256, 160])
[2025-07-17 12:18:23,103] [DEBUG] [TEST] Batch 26 | Pred shape: torch.Size([256, 256, 160]) | Label shape: torch.Size([256, 256, 160])
[2025-07-17 12:18:23,178] [DEBUG] [TEST] Batch 27 | Pred shape: torch.Size([256, 256, 160]) | Label shape: torch.Size([256, 256, 160])
[2025-07-17 12:18:23,235] [DEBUG] [TEST] Batch 28 | Pred shape: torch.Size([256, 256, 160]) | Label shape: torch.Size([256, 256, 160])
[2025-07-17 12:18:23,318] [DEBUG] [TEST] Batch 29 | Pred shape: torch.Size([256, 256, 160]) | Label shape: torch.Size([256, 256, 160])
[2025-07-17 12:18:23,377] [DEBUG] [TEST] Batch 30 | Pred shape: torch.Size([256, 256, 160]) | Label shape: torch.Size([256, 256, 160])
[2025-07-17 12:18:25,045] [DEBUG] [TEST] Batch 31 | Pred shape: torch.Size([256, 256, 160]) | Label shape: torch.Size([256, 256, 160])
[2025-07-17 12:18:25,283] [DEBUG] [TEST] Batch 32 | Pred shape: torch.Size([256, 256, 160]) | Label shape: torch.Size([256, 256, 160])
[2025-07-17 12:18:25,435] [DEBUG] [TEST] Batch 33 | Pred shape: torch.Size([256, 256, 160]) | Label shape: torch.Size([256, 256, 160])
[2025-07-17 12:18:25,589] [DEBUG] [TEST] Batch 34 | Pred shape: torch.Size([256, 256, 160]) | Label shape: torch.Size([256, 256, 160])
[2025-07-17 12:18:25,741] [DEBUG] [TEST] Batch 35 | Pred shape: torch.Size([256, 256, 160]) | Label shape: torch.Size([256, 256, 160])
[2025-07-17 12:18:25,900] [DEBUG] [TEST] Batch 36 | Pred shape: torch.Size([256, 256, 160]) | Label shape: torch.Size([256, 256, 160])
[2025-07-17 12:18:26,058] [DEBUG] [TEST] Batch 37 | Pred shape: torch.Size([256, 256, 160]) | Label shape: torch.Size([256, 256, 160])
[2025-07-17 12:18:26,116] [DEBUG] [TEST] Batch 38 | Pred shape: torch.Size([256, 256, 160]) | Label shape: torch.Size([256, 256, 160])
[2025-07-17 12:18:26,173] [DEBUG] [TEST] Batch 39 | Pred shape: torch.Size([256, 256, 160]) | Label shape: torch.Size([256, 256, 160])
[2025-07-17 12:18:29,394] [INFO] [FIT] Final model saved to: Run_UNET_R2Non-IID30%_fedWSOcompC3_20250717/Client2/model_final.pth
[2025-07-17 12:20:37,390] [INFO] [EVALUATE] Starting evaluation...
[2025-07-17 12:20:39,384] [INFO] [DEBUG] Loaded compressed decoded weights.
[2025-07-17 12:21:42,747] [INFO] Model initialized on device: cuda:0
[2025-07-17 12:21:42,905] [INFO] Model initialized on device: cuda:0
[2025-07-17 12:21:43,155] [INFO] Model initialized on device: cuda:0
[2025-07-17 12:21:43,212] [INFO] Model initialized on device: cuda:0
[2025-07-17 12:21:43,395] [INFO] Model initialized on device: cuda:0
[2025-07-17 12:21:43,415] [INFO] Model initialized on device: cuda:0
[2025-07-17 12:21:43,432] [INFO] Model initialized on device: cuda:0
[2025-07-17 12:21:44,699] [INFO] Model initialized on device: cuda:0
[2025-07-17 12:21:45,651] [INFO] Model initialized on device: cuda:0
[2025-07-17 12:21:45,877] [DEBUG] [TEST] Batch 1 | Pred shape: torch.Size([256, 256, 160]) | Label shape: torch.Size([256, 256, 160])
[2025-07-17 12:21:45,976] [DEBUG] [TEST] Batch 2 | Pred shape: torch.Size([256, 256, 160]) | Label shape: torch.Size([256, 256, 160])
[2025-07-17 12:21:46,070] [DEBUG] [TEST] Batch 3 | Pred shape: torch.Size([256, 256, 160]) | Label shape: torch.Size([256, 256, 160])
[2025-07-17 12:21:46,130] [INFO] Model initialized on device: cuda:0
[2025-07-17 12:21:49,679] [DEBUG] [TEST] Batch 4 | Pred shape: torch.Size([256, 256, 160]) | Label shape: torch.Size([256, 256, 160])
[2025-07-17 12:21:49,778] [DEBUG] [TEST] Batch 5 | Pred shape: torch.Size([256, 256, 160]) | Label shape: torch.Size([256, 256, 160])
[2025-07-17 12:21:49,845] [DEBUG] [TEST] Batch 6 | Pred shape: torch.Size([256, 256, 160]) | Label shape: torch.Size([256, 256, 160])
[2025-07-17 12:21:49,910] [DEBUG] [TEST] Batch 7 | Pred shape: torch.Size([256, 256, 160]) | Label shape: torch.Size([256, 256, 160])
[2025-07-17 12:21:50,023] [DEBUG] [TEST] Batch 8 | Pred shape: torch.Size([256, 256, 160]) | Label shape: torch.Size([256, 256, 160])
[2025-07-17 12:21:50,134] [DEBUG] [TEST] Batch 9 | Pred shape: torch.Size([256, 256, 160]) | Label shape: torch.Size([256, 256, 160])
[2025-07-17 12:21:50,409] [DEBUG] [TEST] Batch 10 | Pred shape: torch.Size([256, 256, 160]) | Label shape: torch.Size([256, 256, 160])
[2025-07-17 12:21:50,489] [DEBUG] [TEST] Batch 11 | Pred shape: torch.Size([256, 256, 160]) | Label shape: torch.Size([256, 256, 160])
[2025-07-17 12:21:50,617] [DEBUG] [TEST] Batch 12 | Pred shape: torch.Size([256, 256, 160]) | Label shape: torch.Size([256, 256, 160])
[2025-07-17 12:21:50,677] [DEBUG] [TEST] Batch 13 | Pred shape: torch.Size([256, 256, 160]) | Label shape: torch.Size([256, 256, 160])
[2025-07-17 12:21:53,881] [DEBUG] [TEST] Batch 14 | Pred shape: torch.Size([256, 256, 160]) | Label shape: torch.Size([256, 256, 160])
[2025-07-17 12:21:53,984] [DEBUG] [TEST] Batch 15 | Pred shape: torch.Size([256, 256, 160]) | Label shape: torch.Size([256, 256, 160])
[2025-07-17 12:21:54,080] [DEBUG] [TEST] Batch 16 | Pred shape: torch.Size([256, 256, 160]) | Label shape: torch.Size([256, 256, 160])
[2025-07-17 12:21:54,178] [DEBUG] [TEST] Batch 17 | Pred shape: torch.Size([256, 256, 160]) | Label shape: torch.Size([256, 256, 160])
[2025-07-17 12:21:54,376] [DEBUG] [TEST] Batch 18 | Pred shape: torch.Size([256, 256, 160]) | Label shape: torch.Size([256, 256, 160])
[2025-07-17 12:21:54,479] [DEBUG] [TEST] Batch 19 | Pred shape: torch.Size([256, 256, 160]) | Label shape: torch.Size([256, 256, 160])
[2025-07-17 12:21:54,585] [DEBUG] [TEST] Batch 20 | Pred shape: torch.Size([256, 256, 160]) | Label shape: torch.Size([256, 256, 160])
[2025-07-17 12:21:54,686] [DEBUG] [TEST] Batch 21 | Pred shape: torch.Size([256, 256, 160]) | Label shape: torch.Size([256, 256, 160])
[2025-07-17 12:21:54,778] [DEBUG] [TEST] Batch 22 | Pred shape: torch.Size([256, 256, 160]) | Label shape: torch.Size([256, 256, 160])
[2025-07-17 12:21:54,896] [DEBUG] [TEST] Batch 23 | Pred shape: torch.Size([256, 256, 160]) | Label shape: torch.Size([256, 256, 160])
[2025-07-17 12:21:59,014] [DEBUG] [TEST] Batch 24 | Pred shape: torch.Size([256, 256, 160]) | Label shape: torch.Size([256, 256, 160])
[2025-07-17 12:21:59,082] [DEBUG] [TEST] Batch 25 | Pred shape: torch.Size([256, 256, 160]) | Label shape: torch.Size([256, 256, 160])
[2025-07-17 12:21:59,177] [DEBUG] [TEST] Batch 26 | Pred shape: torch.Size([256, 256, 160]) | Label shape: torch.Size([256, 256, 160])
[2025-07-17 12:21:59,274] [DEBUG] [TEST] Batch 27 | Pred shape: torch.Size([256, 256, 160]) | Label shape: torch.Size([256, 256, 160])
[2025-07-17 12:21:59,373] [DEBUG] [TEST] Batch 28 | Pred shape: torch.Size([256, 256, 160]) | Label shape: torch.Size([256, 256, 160])
[2025-07-17 12:21:59,472] [DEBUG] [TEST] Batch 29 | Pred shape: torch.Size([256, 256, 160]) | Label shape: torch.Size([256, 256, 160])
[2025-07-17 12:21:59,572] [DEBUG] [TEST] Batch 30 | Pred shape: torch.Size([256, 256, 160]) | Label shape: torch.Size([256, 256, 160])
[2025-07-17 12:21:59,685] [DEBUG] [TEST] Batch 31 | Pred shape: torch.Size([256, 256, 160]) | Label shape: torch.Size([256, 256, 160])
[2025-07-17 12:21:59,881] [DEBUG] [TEST] Batch 32 | Pred shape: torch.Size([256, 256, 160]) | Label shape: torch.Size([256, 256, 160])
[2025-07-17 12:22:00,100] [DEBUG] [TEST] Batch 33 | Pred shape: torch.Size([256, 256, 160]) | Label shape: torch.Size([256, 256, 160])
[2025-07-17 12:22:03,079] [DEBUG] [TEST] Batch 34 | Pred shape: torch.Size([256, 256, 160]) | Label shape: torch.Size([256, 256, 160])
[2025-07-17 12:22:03,179] [DEBUG] [TEST] Batch 35 | Pred shape: torch.Size([256, 256, 160]) | Label shape: torch.Size([256, 256, 160])
[2025-07-17 12:22:03,303] [DEBUG] [TEST] Batch 36 | Pred shape: torch.Size([256, 256, 160]) | Label shape: torch.Size([256, 256, 160])
[2025-07-17 12:22:03,485] [DEBUG] [TEST] Batch 37 | Pred shape: torch.Size([256, 256, 160]) | Label shape: torch.Size([256, 256, 160])
[2025-07-17 12:22:03,578] [DEBUG] [TEST] Batch 38 | Pred shape: torch.Size([256, 256, 160]) | Label shape: torch.Size([256, 256, 160])
[2025-07-17 12:22:03,695] [DEBUG] [TEST] Batch 39 | Pred shape: torch.Size([256, 256, 160]) | Label shape: torch.Size([256, 256, 160])
[2025-07-17 12:22:10,051] [INFO] [EVALUATE] Dice WT: 0.7112
[2025-07-17 12:22:22,274] [INFO] [FIT] Received parameters. Starting local training...
[2025-07-17 12:22:26,088] [INFO] [DEBUG] Loaded compressed decoded weights.
[2025-07-17 12:23:32,363] [INFO] Model initialized on device: cuda:0
[2025-07-17 12:23:32,617] [INFO] Model initialized on device: cuda:0
[2025-07-17 12:23:33,204] [INFO] Model initialized on device: cuda:0
[2025-07-17 12:23:33,487] [INFO] Model initialized on device: cuda:0
[2025-07-17 12:23:33,493] [INFO] Model initialized on device: cuda:0
[2025-07-17 12:23:33,580] [INFO] Model initialized on device: cuda:0
[2025-07-17 12:23:33,673] [INFO] Model initialized on device: cuda:0
[2025-07-17 12:23:33,674] [INFO] Model initialized on device: cuda:0
[2025-07-17 12:23:33,805] [INFO] Model initialized on device: cuda:0
[2025-07-17 12:23:33,877] [INFO] Model initialized on device: cuda:0
[2025-07-17 12:27:39,022] [INFO] [TRAIN] Epoch 1 Loss: 0.4287
[2025-07-17 12:28:19,604] [INFO] Model initialized on device: cuda:0
[2025-07-17 12:28:22,374] [INFO] Model initialized on device: cuda:0
[2025-07-17 12:28:22,567] [INFO] Model initialized on device: cuda:0
[2025-07-17 12:28:23,174] [INFO] Model initialized on device: cuda:0
[2025-07-17 12:28:23,293] [INFO] Model initialized on device: cuda:0
[2025-07-17 12:28:23,293] [INFO] Model initialized on device: cuda:0
[2025-07-17 12:28:23,406] [INFO] Model initialized on device: cuda:0
[2025-07-17 12:28:23,507] [INFO] Model initialized on device: cuda:0
[2025-07-17 12:28:23,693] [INFO] Model initialized on device: cuda:0
[2025-07-17 12:28:23,986] [INFO] Model initialized on device: cuda:0
[2025-07-17 12:32:15,779] [INFO] [TRAIN] Epoch 2 Loss: 0.3483
[2025-07-17 12:33:01,876] [INFO] Model initialized on device: cuda:0
[2025-07-17 12:33:01,883] [INFO] Model initialized on device: cuda:0
[2025-07-17 12:33:02,192] [INFO] Model initialized on device: cuda:0
[2025-07-17 12:33:03,373] [INFO] Model initialized on device: cuda:0
[2025-07-17 12:33:03,588] [INFO] Model initialized on device: cuda:0
[2025-07-17 12:33:03,594] [INFO] Model initialized on device: cuda:0
[2025-07-17 12:33:04,086] [INFO] Model initialized on device: cuda:0
[2025-07-17 12:33:04,094] [INFO] Model initialized on device: cuda:0
[2025-07-17 12:33:04,098] [INFO] Model initialized on device: cuda:0
[2025-07-17 12:33:04,108] [INFO] Model initialized on device: cuda:0
[2025-07-17 12:36:15,067] [INFO] [TRAIN] Epoch 3 Loss: 0.3032
[2025-07-17 12:36:36,509] [INFO] Model initialized on device: cuda:0
[2025-07-17 12:36:36,583] [INFO] Model initialized on device: cuda:0
[2025-07-17 12:36:36,877] [INFO] Model initialized on device: cuda:0
[2025-07-17 12:36:36,881] [INFO] Model initialized on device: cuda:0
[2025-07-17 12:36:37,013] [INFO] Model initialized on device: cuda:0
[2025-07-17 12:36:37,198] [INFO] Model initialized on device: cuda:0
[2025-07-17 12:36:37,203] [INFO] Model initialized on device: cuda:0
[2025-07-17 12:36:37,204] [INFO] Model initialized on device: cuda:0
[2025-07-17 12:36:37,270] [INFO] Model initialized on device: cuda:0
[2025-07-17 12:36:37,270] [INFO] Model initialized on device: cuda:0
[2025-07-17 12:38:31,618] [INFO] [TRAIN] Epoch 4 Loss: 0.2619
[2025-07-17 12:38:51,074] [INFO] Model initialized on device: cuda:0
[2025-07-17 12:38:51,180] [INFO] Model initialized on device: cuda:0
[2025-07-17 12:38:51,276] [INFO] Model initialized on device: cuda:0
[2025-07-17 12:38:51,302] [INFO] Model initialized on device: cuda:0
[2025-07-17 12:38:51,525] [INFO] Model initialized on device: cuda:0
[2025-07-17 12:38:51,974] [INFO] Model initialized on device: cuda:0
[2025-07-17 12:38:52,038] [INFO] Model initialized on device: cuda:0
[2025-07-17 12:38:52,379] [INFO] Model initialized on device: cuda:0
[2025-07-17 12:38:52,477] [INFO] Model initialized on device: cuda:0
[2025-07-17 12:38:52,483] [INFO] Model initialized on device: cuda:0
[2025-07-17 12:40:48,460] [INFO] [TRAIN] Epoch 5 Loss: 0.2381
[2025-07-17 12:40:48,461] [INFO] [FIT] Local training finished. Avg Loss: 0.3160
[2025-07-17 12:41:04,318] [INFO] Model initialized on device: cuda:0
[2025-07-17 12:41:05,223] [INFO] Model initialized on device: cuda:0
[2025-07-17 12:41:05,426] [INFO] Model initialized on device: cuda:0
[2025-07-17 12:41:06,941] [INFO] Model initialized on device: cuda:0
[2025-07-17 12:41:07,295] [INFO] Model initialized on device: cuda:0
[2025-07-17 12:41:08,081] [INFO] Model initialized on device: cuda:0
[2025-07-17 12:41:08,133] [INFO] Model initialized on device: cuda:0
[2025-07-17 12:41:08,196] [INFO] Model initialized on device: cuda:0
[2025-07-17 12:41:08,229] [INFO] Model initialized on device: cuda:0
[2025-07-17 12:41:08,276] [INFO] Model initialized on device: cuda:0
[2025-07-17 12:41:12,121] [DEBUG] [TEST] Batch 1 | Pred shape: torch.Size([256, 256, 160]) | Label shape: torch.Size([256, 256, 160])
[2025-07-17 12:41:12,218] [DEBUG] [TEST] Batch 2 | Pred shape: torch.Size([256, 256, 160]) | Label shape: torch.Size([256, 256, 160])
[2025-07-17 12:41:12,299] [DEBUG] [TEST] Batch 3 | Pred shape: torch.Size([256, 256, 160]) | Label shape: torch.Size([256, 256, 160])
[2025-07-17 12:41:12,378] [DEBUG] [TEST] Batch 4 | Pred shape: torch.Size([256, 256, 160]) | Label shape: torch.Size([256, 256, 160])
[2025-07-17 12:41:12,437] [DEBUG] [TEST] Batch 5 | Pred shape: torch.Size([256, 256, 160]) | Label shape: torch.Size([256, 256, 160])
[2025-07-17 12:41:12,528] [DEBUG] [TEST] Batch 6 | Pred shape: torch.Size([256, 256, 160]) | Label shape: torch.Size([256, 256, 160])
[2025-07-17 12:41:12,618] [DEBUG] [TEST] Batch 7 | Pred shape: torch.Size([256, 256, 160]) | Label shape: torch.Size([256, 256, 160])
[2025-07-17 12:41:12,677] [DEBUG] [TEST] Batch 8 | Pred shape: torch.Size([256, 256, 160]) | Label shape: torch.Size([256, 256, 160])
[2025-07-17 12:41:12,735] [DEBUG] [TEST] Batch 9 | Pred shape: torch.Size([256, 256, 160]) | Label shape: torch.Size([256, 256, 160])
[2025-07-17 12:41:12,818] [DEBUG] [TEST] Batch 10 | Pred shape: torch.Size([256, 256, 160]) | Label shape: torch.Size([256, 256, 160])
[2025-07-17 12:41:15,737] [DEBUG] [TEST] Batch 11 | Pred shape: torch.Size([256, 256, 160]) | Label shape: torch.Size([256, 256, 160])
[2025-07-17 12:41:15,912] [DEBUG] [TEST] Batch 12 | Pred shape: torch.Size([256, 256, 160]) | Label shape: torch.Size([256, 256, 160])
[2025-07-17 12:41:16,076] [DEBUG] [TEST] Batch 13 | Pred shape: torch.Size([256, 256, 160]) | Label shape: torch.Size([256, 256, 160])
[2025-07-17 12:41:16,137] [DEBUG] [TEST] Batch 14 | Pred shape: torch.Size([256, 256, 160]) | Label shape: torch.Size([256, 256, 160])
[2025-07-17 12:41:16,309] [DEBUG] [TEST] Batch 15 | Pred shape: torch.Size([256, 256, 160]) | Label shape: torch.Size([256, 256, 160])
[2025-07-17 12:41:16,498] [DEBUG] [TEST] Batch 16 | Pred shape: torch.Size([256, 256, 160]) | Label shape: torch.Size([256, 256, 160])
[2025-07-17 12:41:16,674] [DEBUG] [TEST] Batch 17 | Pred shape: torch.Size([256, 256, 160]) | Label shape: torch.Size([256, 256, 160])
[2025-07-17 12:41:16,916] [DEBUG] [TEST] Batch 18 | Pred shape: torch.Size([256, 256, 160]) | Label shape: torch.Size([256, 256, 160])
[2025-07-17 12:41:17,101] [DEBUG] [TEST] Batch 19 | Pred shape: torch.Size([256, 256, 160]) | Label shape: torch.Size([256, 256, 160])
[2025-07-17 12:41:17,182] [DEBUG] [TEST] Batch 20 | Pred shape: torch.Size([256, 256, 160]) | Label shape: torch.Size([256, 256, 160])
[2025-07-17 12:41:19,304] [DEBUG] [TEST] Batch 21 | Pred shape: torch.Size([256, 256, 160]) | Label shape: torch.Size([256, 256, 160])
[2025-07-17 12:41:19,379] [DEBUG] [TEST] Batch 22 | Pred shape: torch.Size([256, 256, 160]) | Label shape: torch.Size([256, 256, 160])
[2025-07-17 12:41:19,487] [DEBUG] [TEST] Batch 23 | Pred shape: torch.Size([256, 256, 160]) | Label shape: torch.Size([256, 256, 160])
[2025-07-17 12:41:19,572] [DEBUG] [TEST] Batch 24 | Pred shape: torch.Size([256, 256, 160]) | Label shape: torch.Size([256, 256, 160])
[2025-07-17 12:41:19,633] [DEBUG] [TEST] Batch 25 | Pred shape: torch.Size([256, 256, 160]) | Label shape: torch.Size([256, 256, 160])
[2025-07-17 12:41:19,689] [DEBUG] [TEST] Batch 26 | Pred shape: torch.Size([256, 256, 160]) | Label shape: torch.Size([256, 256, 160])
[2025-07-17 12:41:19,874] [DEBUG] [TEST] Batch 27 | Pred shape: torch.Size([256, 256, 160]) | Label shape: torch.Size([256, 256, 160])
[2025-07-17 12:41:20,028] [DEBUG] [TEST] Batch 28 | Pred shape: torch.Size([256, 256, 160]) | Label shape: torch.Size([256, 256, 160])
[2025-07-17 12:41:20,178] [DEBUG] [TEST] Batch 29 | Pred shape: torch.Size([256, 256, 160]) | Label shape: torch.Size([256, 256, 160])
[2025-07-17 12:41:20,330] [DEBUG] [TEST] Batch 30 | Pred shape: torch.Size([256, 256, 160]) | Label shape: torch.Size([256, 256, 160])
[2025-07-17 12:41:21,843] [DEBUG] [TEST] Batch 31 | Pred shape: torch.Size([256, 256, 160]) | Label shape: torch.Size([256, 256, 160])
[2025-07-17 12:41:21,898] [DEBUG] [TEST] Batch 32 | Pred shape: torch.Size([256, 256, 160]) | Label shape: torch.Size([256, 256, 160])
[2025-07-17 12:41:21,953] [DEBUG] [TEST] Batch 33 | Pred shape: torch.Size([256, 256, 160]) | Label shape: torch.Size([256, 256, 160])
[2025-07-17 12:41:22,102] [DEBUG] [TEST] Batch 34 | Pred shape: torch.Size([256, 256, 160]) | Label shape: torch.Size([256, 256, 160])
[2025-07-17 12:41:22,260] [DEBUG] [TEST] Batch 35 | Pred shape: torch.Size([256, 256, 160]) | Label shape: torch.Size([256, 256, 160])
[2025-07-17 12:41:22,319] [DEBUG] [TEST] Batch 36 | Pred shape: torch.Size([256, 256, 160]) | Label shape: torch.Size([256, 256, 160])
[2025-07-17 12:41:22,374] [DEBUG] [TEST] Batch 37 | Pred shape: torch.Size([256, 256, 160]) | Label shape: torch.Size([256, 256, 160])
[2025-07-17 12:41:22,432] [DEBUG] [TEST] Batch 38 | Pred shape: torch.Size([256, 256, 160]) | Label shape: torch.Size([256, 256, 160])
[2025-07-17 12:41:22,486] [DEBUG] [TEST] Batch 39 | Pred shape: torch.Size([256, 256, 160]) | Label shape: torch.Size([256, 256, 160])
[2025-07-17 12:41:25,828] [INFO] [FIT] Final model saved to: Run_UNET_R2Non-IID30%_fedWSOcompC3_20250717/Client2/model_final.pth
[2025-07-17 12:43:37,092] [INFO] [EVALUATE] Starting evaluation...
[2025-07-17 12:43:39,088] [INFO] [DEBUG] Loaded compressed decoded weights.
[2025-07-17 12:44:48,685] [INFO] Model initialized on device: cuda:0
[2025-07-17 12:44:50,885] [INFO] Model initialized on device: cuda:0
[2025-07-17 12:44:51,093] [INFO] Model initialized on device: cuda:0
[2025-07-17 12:44:51,305] [INFO] Model initialized on device: cuda:0
[2025-07-17 12:44:52,374] [INFO] Model initialized on device: cuda:0
[2025-07-17 12:44:52,475] [INFO] Model initialized on device: cuda:0
[2025-07-17 12:44:52,477] [INFO] Model initialized on device: cuda:0
[2025-07-17 12:44:52,487] [INFO] Model initialized on device: cuda:0
[2025-07-17 12:44:52,488] [INFO] Model initialized on device: cuda:0
[2025-07-17 12:44:52,796] [INFO] Model initialized on device: cuda:0
[2025-07-17 12:45:00,883] [DEBUG] [TEST] Batch 1 | Pred shape: torch.Size([256, 256, 160]) | Label shape: torch.Size([256, 256, 160])
[2025-07-17 12:45:00,978] [DEBUG] [TEST] Batch 2 | Pred shape: torch.Size([256, 256, 160]) | Label shape: torch.Size([256, 256, 160])
[2025-07-17 12:45:01,078] [DEBUG] [TEST] Batch 3 | Pred shape: torch.Size([256, 256, 160]) | Label shape: torch.Size([256, 256, 160])
[2025-07-17 12:45:01,177] [DEBUG] [TEST] Batch 4 | Pred shape: torch.Size([256, 256, 160]) | Label shape: torch.Size([256, 256, 160])
[2025-07-17 12:45:01,278] [DEBUG] [TEST] Batch 5 | Pred shape: torch.Size([256, 256, 160]) | Label shape: torch.Size([256, 256, 160])
[2025-07-17 12:45:01,378] [DEBUG] [TEST] Batch 6 | Pred shape: torch.Size([256, 256, 160]) | Label shape: torch.Size([256, 256, 160])
[2025-07-17 12:45:01,477] [DEBUG] [TEST] Batch 7 | Pred shape: torch.Size([256, 256, 160]) | Label shape: torch.Size([256, 256, 160])
[2025-07-17 12:45:01,598] [DEBUG] [TEST] Batch 8 | Pred shape: torch.Size([256, 256, 160]) | Label shape: torch.Size([256, 256, 160])
[2025-07-17 12:45:01,891] [DEBUG] [TEST] Batch 9 | Pred shape: torch.Size([256, 256, 160]) | Label shape: torch.Size([256, 256, 160])
[2025-07-17 12:45:02,109] [DEBUG] [TEST] Batch 10 | Pred shape: torch.Size([256, 256, 160]) | Label shape: torch.Size([256, 256, 160])
[2025-07-17 12:45:05,479] [DEBUG] [TEST] Batch 11 | Pred shape: torch.Size([256, 256, 160]) | Label shape: torch.Size([256, 256, 160])
[2025-07-17 12:45:05,675] [DEBUG] [TEST] Batch 12 | Pred shape: torch.Size([256, 256, 160]) | Label shape: torch.Size([256, 256, 160])
[2025-07-17 12:45:06,477] [DEBUG] [TEST] Batch 13 | Pred shape: torch.Size([256, 256, 160]) | Label shape: torch.Size([256, 256, 160])
[2025-07-17 12:45:06,604] [DEBUG] [TEST] Batch 14 | Pred shape: torch.Size([256, 256, 160]) | Label shape: torch.Size([256, 256, 160])
[2025-07-17 12:45:06,785] [DEBUG] [TEST] Batch 15 | Pred shape: torch.Size([256, 256, 160]) | Label shape: torch.Size([256, 256, 160])
[2025-07-17 12:45:06,986] [DEBUG] [TEST] Batch 16 | Pred shape: torch.Size([256, 256, 160]) | Label shape: torch.Size([256, 256, 160])
[2025-07-17 12:45:07,077] [DEBUG] [TEST] Batch 17 | Pred shape: torch.Size([256, 256, 160]) | Label shape: torch.Size([256, 256, 160])
[2025-07-17 12:45:07,177] [DEBUG] [TEST] Batch 18 | Pred shape: torch.Size([256, 256, 160]) | Label shape: torch.Size([256, 256, 160])
[2025-07-17 12:45:07,278] [DEBUG] [TEST] Batch 19 | Pred shape: torch.Size([256, 256, 160]) | Label shape: torch.Size([256, 256, 160])
[2025-07-17 12:45:07,476] [DEBUG] [TEST] Batch 20 | Pred shape: torch.Size([256, 256, 160]) | Label shape: torch.Size([256, 256, 160])
[2025-07-17 12:45:11,623] [DEBUG] [TEST] Batch 21 | Pred shape: torch.Size([256, 256, 160]) | Label shape: torch.Size([256, 256, 160])
[2025-07-17 12:45:11,770] [DEBUG] [TEST] Batch 22 | Pred shape: torch.Size([256, 256, 160]) | Label shape: torch.Size([256, 256, 160])
[2025-07-17 12:45:12,335] [DEBUG] [TEST] Batch 23 | Pred shape: torch.Size([256, 256, 160]) | Label shape: torch.Size([256, 256, 160])
[2025-07-17 12:45:12,418] [DEBUG] [TEST] Batch 24 | Pred shape: torch.Size([256, 256, 160]) | Label shape: torch.Size([256, 256, 160])
[2025-07-17 12:45:12,495] [DEBUG] [TEST] Batch 25 | Pred shape: torch.Size([256, 256, 160]) | Label shape: torch.Size([256, 256, 160])
[2025-07-17 12:45:12,580] [DEBUG] [TEST] Batch 26 | Pred shape: torch.Size([256, 256, 160]) | Label shape: torch.Size([256, 256, 160])
[2025-07-17 12:45:12,689] [DEBUG] [TEST] Batch 27 | Pred shape: torch.Size([256, 256, 160]) | Label shape: torch.Size([256, 256, 160])
[2025-07-17 12:45:12,775] [DEBUG] [TEST] Batch 28 | Pred shape: torch.Size([256, 256, 160]) | Label shape: torch.Size([256, 256, 160])
[2025-07-17 12:45:12,833] [DEBUG] [TEST] Batch 29 | Pred shape: torch.Size([256, 256, 160]) | Label shape: torch.Size([256, 256, 160])
[2025-07-17 12:45:12,918] [DEBUG] [TEST] Batch 30 | Pred shape: torch.Size([256, 256, 160]) | Label shape: torch.Size([256, 256, 160])
[2025-07-17 12:45:14,590] [DEBUG] [TEST] Batch 31 | Pred shape: torch.Size([256, 256, 160]) | Label shape: torch.Size([256, 256, 160])
[2025-07-17 12:45:14,678] [DEBUG] [TEST] Batch 32 | Pred shape: torch.Size([256, 256, 160]) | Label shape: torch.Size([256, 256, 160])
[2025-07-17 12:45:15,071] [DEBUG] [TEST] Batch 33 | Pred shape: torch.Size([256, 256, 160]) | Label shape: torch.Size([256, 256, 160])
[2025-07-17 12:45:15,193] [DEBUG] [TEST] Batch 34 | Pred shape: torch.Size([256, 256, 160]) | Label shape: torch.Size([256, 256, 160])
[2025-07-17 12:45:15,313] [DEBUG] [TEST] Batch 35 | Pred shape: torch.Size([256, 256, 160]) | Label shape: torch.Size([256, 256, 160])
[2025-07-17 12:45:15,438] [DEBUG] [TEST] Batch 36 | Pred shape: torch.Size([256, 256, 160]) | Label shape: torch.Size([256, 256, 160])
[2025-07-17 12:45:15,497] [DEBUG] [TEST] Batch 37 | Pred shape: torch.Size([256, 256, 160]) | Label shape: torch.Size([256, 256, 160])
[2025-07-17 12:45:15,552] [DEBUG] [TEST] Batch 38 | Pred shape: torch.Size([256, 256, 160]) | Label shape: torch.Size([256, 256, 160])
[2025-07-17 12:45:15,610] [DEBUG] [TEST] Batch 39 | Pred shape: torch.Size([256, 256, 160]) | Label shape: torch.Size([256, 256, 160])
[2025-07-17 12:45:18,203] [INFO] [EVALUATE] Dice WT: 0.7691
[2025-07-17 12:45:23,401] [INFO] [FIT] Received parameters. Starting local training...
[2025-07-17 12:45:25,872] [INFO] [DEBUG] Loaded compressed decoded weights.
[2025-07-17 12:46:35,088] [INFO] Model initialized on device: cuda:0
[2025-07-17 12:46:38,296] [INFO] Model initialized on device: cuda:0
[2025-07-17 12:46:38,300] [INFO] Model initialized on device: cuda:0
[2025-07-17 12:46:38,339] [INFO] Model initialized on device: cuda:0
[2025-07-17 12:46:39,296] [INFO] Model initialized on device: cuda:0
[2025-07-17 12:46:39,470] [INFO] Model initialized on device: cuda:0
[2025-07-17 12:46:39,874] [INFO] Model initialized on device: cuda:0
[2025-07-17 12:46:39,892] [INFO] Model initialized on device: cuda:0
[2025-07-17 12:46:39,972] [INFO] Model initialized on device: cuda:0
[2025-07-17 12:46:39,973] [INFO] Model initialized on device: cuda:0
[2025-07-17 12:50:32,481] [INFO] [TRAIN] Epoch 1 Loss: 0.3505
[2025-07-17 12:51:16,806] [INFO] Model initialized on device: cuda:0
[2025-07-17 12:51:16,815] [INFO] Model initialized on device: cuda:0
[2025-07-17 12:51:16,875] [INFO] Model initialized on device: cuda:0
[2025-07-17 12:51:16,875] [INFO] Model initialized on device: cuda:0
[2025-07-17 12:51:16,881] [INFO] Model initialized on device: cuda:0
[2025-07-17 12:51:16,886] [INFO] Model initialized on device: cuda:0
[2025-07-17 12:51:16,894] [INFO] Model initialized on device: cuda:0
[2025-07-17 12:51:16,896] [INFO] Model initialized on device: cuda:0
[2025-07-17 12:51:16,901] [INFO] Model initialized on device: cuda:0
[2025-07-17 12:51:16,901] [INFO] Model initialized on device: cuda:0
[2025-07-17 12:55:04,302] [INFO] [TRAIN] Epoch 2 Loss: 0.2806
[2025-07-17 12:56:02,771] [INFO] Model initialized on device: cuda:0
[2025-07-17 12:56:02,991] [INFO] Model initialized on device: cuda:0
[2025-07-17 12:56:02,992] [INFO] Model initialized on device: cuda:0
[2025-07-17 12:56:03,174] [INFO] Model initialized on device: cuda:0
[2025-07-17 12:56:03,175] [INFO] Model initialized on device: cuda:0
[2025-07-17 12:56:03,183] [INFO] Model initialized on device: cuda:0
[2025-07-17 12:56:03,395] [INFO] Model initialized on device: cuda:0
[2025-07-17 12:56:03,400] [INFO] Model initialized on device: cuda:0
[2025-07-17 12:56:03,418] [INFO] Model initialized on device: cuda:0
[2025-07-17 12:56:03,506] [INFO] Model initialized on device: cuda:0
[2025-07-17 12:59:15,653] [INFO] [TRAIN] Epoch 3 Loss: 0.2470
[2025-07-17 12:59:36,872] [INFO] Model initialized on device: cuda:0
[2025-07-17 12:59:36,973] [INFO] Model initialized on device: cuda:0
[2025-07-17 12:59:36,976] [INFO] Model initialized on device: cuda:0
[2025-07-17 12:59:37,000] [INFO] Model initialized on device: cuda:0
[2025-07-17 12:59:37,002] [INFO] Model initialized on device: cuda:0
[2025-07-17 12:59:37,012] [INFO] Model initialized on device: cuda:0
[2025-07-17 12:59:37,012] [INFO] Model initialized on device: cuda:0
[2025-07-17 12:59:37,013] [INFO] Model initialized on device: cuda:0
[2025-07-17 12:59:37,014] [INFO] Model initialized on device: cuda:0
[2025-07-17 12:59:37,014] [INFO] Model initialized on device: cuda:0
[2025-07-17 13:01:27,556] [INFO] [TRAIN] Epoch 4 Loss: 0.2252
[2025-07-17 13:01:42,839] [INFO] Model initialized on device: cuda:0
[2025-07-17 13:01:42,872] [INFO] Model initialized on device: cuda:0
[2025-07-17 13:01:43,274] [INFO] Model initialized on device: cuda:0
[2025-07-17 13:01:45,686] [INFO] Model initialized on device: cuda:0
[2025-07-17 13:01:46,025] [INFO] Model initialized on device: cuda:0
[2025-07-17 13:01:46,079] [INFO] Model initialized on device: cuda:0
[2025-07-17 13:01:46,172] [INFO] Model initialized on device: cuda:0
[2025-07-17 13:01:46,179] [INFO] Model initialized on device: cuda:0
[2025-07-17 13:01:46,206] [INFO] Model initialized on device: cuda:0
[2025-07-17 13:01:46,219] [INFO] Model initialized on device: cuda:0
[2025-07-17 13:03:40,035] [INFO] [TRAIN] Epoch 5 Loss: 0.2083
[2025-07-17 13:03:40,037] [INFO] [FIT] Local training finished. Avg Loss: 0.2623
[2025-07-17 13:03:55,079] [INFO] Model initialized on device: cuda:0
[2025-07-17 13:03:55,473] [INFO] Model initialized on device: cuda:0
[2025-07-17 13:03:57,219] [INFO] Model initialized on device: cuda:0
[2025-07-17 13:03:57,506] [INFO] Model initialized on device: cuda:0
[2025-07-17 13:03:57,753] [INFO] Model initialized on device: cuda:0
[2025-07-17 13:03:58,415] [INFO] Model initialized on device: cuda:0
[2025-07-17 13:03:58,785] [INFO] Model initialized on device: cuda:0
[2025-07-17 13:03:58,785] [INFO] Model initialized on device: cuda:0
[2025-07-17 13:03:58,798] [INFO] Model initialized on device: cuda:0
[2025-07-17 13:03:58,830] [INFO] Model initialized on device: cuda:0
[2025-07-17 13:04:02,521] [DEBUG] [TEST] Batch 1 | Pred shape: torch.Size([256, 256, 160]) | Label shape: torch.Size([256, 256, 160])
[2025-07-17 13:04:02,840] [DEBUG] [TEST] Batch 2 | Pred shape: torch.Size([256, 256, 160]) | Label shape: torch.Size([256, 256, 160])
[2025-07-17 13:04:02,928] [DEBUG] [TEST] Batch 3 | Pred shape: torch.Size([256, 256, 160]) | Label shape: torch.Size([256, 256, 160])
[2025-07-17 13:04:03,108] [DEBUG] [TEST] Batch 4 | Pred shape: torch.Size([256, 256, 160]) | Label shape: torch.Size([256, 256, 160])
[2025-07-17 13:04:03,177] [DEBUG] [TEST] Batch 5 | Pred shape: torch.Size([256, 256, 160]) | Label shape: torch.Size([256, 256, 160])
[2025-07-17 13:04:03,242] [DEBUG] [TEST] Batch 6 | Pred shape: torch.Size([256, 256, 160]) | Label shape: torch.Size([256, 256, 160])
[2025-07-17 13:04:03,326] [DEBUG] [TEST] Batch 7 | Pred shape: torch.Size([256, 256, 160]) | Label shape: torch.Size([256, 256, 160])
[2025-07-17 13:04:03,421] [DEBUG] [TEST] Batch 8 | Pred shape: torch.Size([256, 256, 160]) | Label shape: torch.Size([256, 256, 160])
[2025-07-17 13:04:03,523] [DEBUG] [TEST] Batch 9 | Pred shape: torch.Size([256, 256, 160]) | Label shape: torch.Size([256, 256, 160])
[2025-07-17 13:04:03,619] [DEBUG] [TEST] Batch 10 | Pred shape: torch.Size([256, 256, 160]) | Label shape: torch.Size([256, 256, 160])
[2025-07-17 13:04:05,319] [DEBUG] [TEST] Batch 11 | Pred shape: torch.Size([256, 256, 160]) | Label shape: torch.Size([256, 256, 160])
[2025-07-17 13:04:06,220] [DEBUG] [TEST] Batch 12 | Pred shape: torch.Size([256, 256, 160]) | Label shape: torch.Size([256, 256, 160])
[2025-07-17 13:04:06,299] [DEBUG] [TEST] Batch 13 | Pred shape: torch.Size([256, 256, 160]) | Label shape: torch.Size([256, 256, 160])
[2025-07-17 13:04:06,377] [DEBUG] [TEST] Batch 14 | Pred shape: torch.Size([256, 256, 160]) | Label shape: torch.Size([256, 256, 160])
[2025-07-17 13:04:06,476] [DEBUG] [TEST] Batch 15 | Pred shape: torch.Size([256, 256, 160]) | Label shape: torch.Size([256, 256, 160])
[2025-07-17 13:04:06,571] [DEBUG] [TEST] Batch 16 | Pred shape: torch.Size([256, 256, 160]) | Label shape: torch.Size([256, 256, 160])
[2025-07-17 13:04:06,626] [DEBUG] [TEST] Batch 17 | Pred shape: torch.Size([256, 256, 160]) | Label shape: torch.Size([256, 256, 160])
[2025-07-17 13:04:06,684] [DEBUG] [TEST] Batch 18 | Pred shape: torch.Size([256, 256, 160]) | Label shape: torch.Size([256, 256, 160])
[2025-07-17 13:04:06,870] [DEBUG] [TEST] Batch 19 | Pred shape: torch.Size([256, 256, 160]) | Label shape: torch.Size([256, 256, 160])
[2025-07-17 13:04:06,928] [DEBUG] [TEST] Batch 20 | Pred shape: torch.Size([256, 256, 160]) | Label shape: torch.Size([256, 256, 160])
[2025-07-17 13:04:08,528] [DEBUG] [TEST] Batch 21 | Pred shape: torch.Size([256, 256, 160]) | Label shape: torch.Size([256, 256, 160])
[2025-07-17 13:04:09,277] [DEBUG] [TEST] Batch 22 | Pred shape: torch.Size([256, 256, 160]) | Label shape: torch.Size([256, 256, 160])
[2025-07-17 13:04:09,426] [DEBUG] [TEST] Batch 23 | Pred shape: torch.Size([256, 256, 160]) | Label shape: torch.Size([256, 256, 160])
[2025-07-17 13:04:09,605] [DEBUG] [TEST] Batch 24 | Pred shape: torch.Size([256, 256, 160]) | Label shape: torch.Size([256, 256, 160])
[2025-07-17 13:04:09,677] [DEBUG] [TEST] Batch 25 | Pred shape: torch.Size([256, 256, 160]) | Label shape: torch.Size([256, 256, 160])
[2025-07-17 13:04:09,733] [DEBUG] [TEST] Batch 26 | Pred shape: torch.Size([256, 256, 160]) | Label shape: torch.Size([256, 256, 160])
[2025-07-17 13:04:09,818] [DEBUG] [TEST] Batch 27 | Pred shape: torch.Size([256, 256, 160]) | Label shape: torch.Size([256, 256, 160])
[2025-07-17 13:04:09,978] [DEBUG] [TEST] Batch 28 | Pred shape: torch.Size([256, 256, 160]) | Label shape: torch.Size([256, 256, 160])
[2025-07-17 13:04:10,071] [DEBUG] [TEST] Batch 29 | Pred shape: torch.Size([256, 256, 160]) | Label shape: torch.Size([256, 256, 160])
[2025-07-17 13:04:10,180] [DEBUG] [TEST] Batch 30 | Pred shape: torch.Size([256, 256, 160]) | Label shape: torch.Size([256, 256, 160])
[2025-07-17 13:04:11,271] [DEBUG] [TEST] Batch 31 | Pred shape: torch.Size([256, 256, 160]) | Label shape: torch.Size([256, 256, 160])
[2025-07-17 13:04:11,973] [DEBUG] [TEST] Batch 32 | Pred shape: torch.Size([256, 256, 160]) | Label shape: torch.Size([256, 256, 160])
[2025-07-17 13:04:12,031] [DEBUG] [TEST] Batch 33 | Pred shape: torch.Size([256, 256, 160]) | Label shape: torch.Size([256, 256, 160])
[2025-07-17 13:04:12,088] [DEBUG] [TEST] Batch 34 | Pred shape: torch.Size([256, 256, 160]) | Label shape: torch.Size([256, 256, 160])
[2025-07-17 13:04:12,143] [DEBUG] [TEST] Batch 35 | Pred shape: torch.Size([256, 256, 160]) | Label shape: torch.Size([256, 256, 160])
[2025-07-17 13:04:12,281] [DEBUG] [TEST] Batch 36 | Pred shape: torch.Size([256, 256, 160]) | Label shape: torch.Size([256, 256, 160])
[2025-07-17 13:04:12,439] [DEBUG] [TEST] Batch 37 | Pred shape: torch.Size([256, 256, 160]) | Label shape: torch.Size([256, 256, 160])
[2025-07-17 13:04:12,579] [DEBUG] [TEST] Batch 38 | Pred shape: torch.Size([256, 256, 160]) | Label shape: torch.Size([256, 256, 160])
[2025-07-17 13:04:12,636] [DEBUG] [TEST] Batch 39 | Pred shape: torch.Size([256, 256, 160]) | Label shape: torch.Size([256, 256, 160])
[2025-07-17 13:04:15,881] [INFO] [FIT] Final model saved to: Run_UNET_R2Non-IID30%_fedWSOcompC3_20250717/Client2/model_final.pth
[2025-07-17 13:06:35,245] [INFO] [EVALUATE] Starting evaluation...
[2025-07-17 13:06:38,187] [INFO] [DEBUG] Loaded compressed decoded weights.
[2025-07-17 13:07:46,638] [INFO] Model initialized on device: cuda:0
[2025-07-17 13:07:47,028] [INFO] Model initialized on device: cuda:0
[2025-07-17 13:07:47,141] [INFO] Model initialized on device: cuda:0
[2025-07-17 13:07:47,397] [INFO] Model initialized on device: cuda:0
[2025-07-17 13:07:47,686] [INFO] Model initialized on device: cuda:0
[2025-07-17 13:07:47,687] [INFO] Model initialized on device: cuda:0
[2025-07-17 13:07:48,076] [INFO] Model initialized on device: cuda:0
[2025-07-17 13:07:48,175] [INFO] Model initialized on device: cuda:0
[2025-07-17 13:07:48,371] [INFO] Model initialized on device: cuda:0
[2025-07-17 13:07:48,374] [INFO] Model initialized on device: cuda:0
[2025-07-17 13:07:54,379] [DEBUG] [TEST] Batch 1 | Pred shape: torch.Size([256, 256, 160]) | Label shape: torch.Size([256, 256, 160])
[2025-07-17 13:07:56,690] [DEBUG] [TEST] Batch 2 | Pred shape: torch.Size([256, 256, 160]) | Label shape: torch.Size([256, 256, 160])
[2025-07-17 13:07:56,994] [DEBUG] [TEST] Batch 3 | Pred shape: torch.Size([256, 256, 160]) | Label shape: torch.Size([256, 256, 160])
[2025-07-17 13:07:57,295] [DEBUG] [TEST] Batch 4 | Pred shape: torch.Size([256, 256, 160]) | Label shape: torch.Size([256, 256, 160])
[2025-07-17 13:07:57,672] [DEBUG] [TEST] Batch 5 | Pred shape: torch.Size([256, 256, 160]) | Label shape: torch.Size([256, 256, 160])
[2025-07-17 13:07:58,077] [DEBUG] [TEST] Batch 6 | Pred shape: torch.Size([256, 256, 160]) | Label shape: torch.Size([256, 256, 160])
[2025-07-17 13:07:58,196] [DEBUG] [TEST] Batch 7 | Pred shape: torch.Size([256, 256, 160]) | Label shape: torch.Size([256, 256, 160])
[2025-07-17 13:07:58,499] [DEBUG] [TEST] Batch 8 | Pred shape: torch.Size([256, 256, 160]) | Label shape: torch.Size([256, 256, 160])
[2025-07-17 13:07:58,685] [DEBUG] [TEST] Batch 9 | Pred shape: torch.Size([256, 256, 160]) | Label shape: torch.Size([256, 256, 160])
[2025-07-17 13:07:58,871] [DEBUG] [TEST] Batch 10 | Pred shape: torch.Size([256, 256, 160]) | Label shape: torch.Size([256, 256, 160])
[2025-07-17 13:08:00,577] [DEBUG] [TEST] Batch 11 | Pred shape: torch.Size([256, 256, 160]) | Label shape: torch.Size([256, 256, 160])
[2025-07-17 13:08:01,584] [DEBUG] [TEST] Batch 12 | Pred shape: torch.Size([256, 256, 160]) | Label shape: torch.Size([256, 256, 160])
[2025-07-17 13:08:01,687] [DEBUG] [TEST] Batch 13 | Pred shape: torch.Size([256, 256, 160]) | Label shape: torch.Size([256, 256, 160])
[2025-07-17 13:08:01,889] [DEBUG] [TEST] Batch 14 | Pred shape: torch.Size([256, 256, 160]) | Label shape: torch.Size([256, 256, 160])
[2025-07-17 13:08:02,008] [DEBUG] [TEST] Batch 15 | Pred shape: torch.Size([256, 256, 160]) | Label shape: torch.Size([256, 256, 160])
[2025-07-17 13:08:02,181] [DEBUG] [TEST] Batch 16 | Pred shape: torch.Size([256, 256, 160]) | Label shape: torch.Size([256, 256, 160])
[2025-07-17 13:08:02,278] [DEBUG] [TEST] Batch 17 | Pred shape: torch.Size([256, 256, 160]) | Label shape: torch.Size([256, 256, 160])
[2025-07-17 13:08:02,380] [DEBUG] [TEST] Batch 18 | Pred shape: torch.Size([256, 256, 160]) | Label shape: torch.Size([256, 256, 160])
[2025-07-17 13:08:02,480] [DEBUG] [TEST] Batch 19 | Pred shape: torch.Size([256, 256, 160]) | Label shape: torch.Size([256, 256, 160])
[2025-07-17 13:08:02,578] [DEBUG] [TEST] Batch 20 | Pred shape: torch.Size([256, 256, 160]) | Label shape: torch.Size([256, 256, 160])
[2025-07-17 13:08:06,604] [DEBUG] [TEST] Batch 21 | Pred shape: torch.Size([256, 256, 160]) | Label shape: torch.Size([256, 256, 160])
[2025-07-17 13:08:07,673] [DEBUG] [TEST] Batch 22 | Pred shape: torch.Size([256, 256, 160]) | Label shape: torch.Size([256, 256, 160])
[2025-07-17 13:08:07,779] [DEBUG] [TEST] Batch 23 | Pred shape: torch.Size([256, 256, 160]) | Label shape: torch.Size([256, 256, 160])
[2025-07-17 13:08:07,878] [DEBUG] [TEST] Batch 24 | Pred shape: torch.Size([256, 256, 160]) | Label shape: torch.Size([256, 256, 160])
[2025-07-17 13:08:07,977] [DEBUG] [TEST] Batch 25 | Pred shape: torch.Size([256, 256, 160]) | Label shape: torch.Size([256, 256, 160])
[2025-07-17 13:08:08,077] [DEBUG] [TEST] Batch 26 | Pred shape: torch.Size([256, 256, 160]) | Label shape: torch.Size([256, 256, 160])
[2025-07-17 13:08:08,178] [DEBUG] [TEST] Batch 27 | Pred shape: torch.Size([256, 256, 160]) | Label shape: torch.Size([256, 256, 160])
[2025-07-17 13:08:08,286] [DEBUG] [TEST] Batch 28 | Pred shape: torch.Size([256, 256, 160]) | Label shape: torch.Size([256, 256, 160])
[2025-07-17 13:08:08,377] [DEBUG] [TEST] Batch 29 | Pred shape: torch.Size([256, 256, 160]) | Label shape: torch.Size([256, 256, 160])
[2025-07-17 13:08:08,479] [DEBUG] [TEST] Batch 30 | Pred shape: torch.Size([256, 256, 160]) | Label shape: torch.Size([256, 256, 160])
[2025-07-17 13:08:10,233] [DEBUG] [TEST] Batch 31 | Pred shape: torch.Size([256, 256, 160]) | Label shape: torch.Size([256, 256, 160])
[2025-07-17 13:08:10,572] [DEBUG] [TEST] Batch 32 | Pred shape: torch.Size([256, 256, 160]) | Label shape: torch.Size([256, 256, 160])
[2025-07-17 13:08:10,696] [DEBUG] [TEST] Batch 33 | Pred shape: torch.Size([256, 256, 160]) | Label shape: torch.Size([256, 256, 160])
[2025-07-17 13:08:10,816] [DEBUG] [TEST] Batch 34 | Pred shape: torch.Size([256, 256, 160]) | Label shape: torch.Size([256, 256, 160])
[2025-07-17 13:08:10,876] [DEBUG] [TEST] Batch 35 | Pred shape: torch.Size([256, 256, 160]) | Label shape: torch.Size([256, 256, 160])
[2025-07-17 13:08:10,931] [DEBUG] [TEST] Batch 36 | Pred shape: torch.Size([256, 256, 160]) | Label shape: torch.Size([256, 256, 160])
[2025-07-17 13:08:10,989] [DEBUG] [TEST] Batch 37 | Pred shape: torch.Size([256, 256, 160]) | Label shape: torch.Size([256, 256, 160])
[2025-07-17 13:08:11,046] [DEBUG] [TEST] Batch 38 | Pred shape: torch.Size([256, 256, 160]) | Label shape: torch.Size([256, 256, 160])
[2025-07-17 13:08:11,102] [DEBUG] [TEST] Batch 39 | Pred shape: torch.Size([256, 256, 160]) | Label shape: torch.Size([256, 256, 160])
[2025-07-17 13:08:13,629] [INFO] [EVALUATE] Dice WT: 0.7538
[2025-07-17 13:08:21,141] [INFO] [FIT] Received parameters. Starting local training...
[2025-07-17 13:08:25,679] [INFO] [DEBUG] Loaded compressed decoded weights.
[2025-07-17 13:09:26,083] [INFO] Model initialized on device: cuda:0
[2025-07-17 13:09:29,795] [INFO] Model initialized on device: cuda:0
[2025-07-17 13:09:29,905] [INFO] Model initialized on device: cuda:0
[2025-07-17 13:09:30,587] [INFO] Model initialized on device: cuda:0
[2025-07-17 13:09:31,175] [INFO] Model initialized on device: cuda:0
[2025-07-17 13:09:31,579] [INFO] Model initialized on device: cuda:0
[2025-07-17 13:09:31,582] [INFO] Model initialized on device: cuda:0
[2025-07-17 13:09:31,898] [INFO] Model initialized on device: cuda:0
[2025-07-17 13:09:31,899] [INFO] Model initialized on device: cuda:0
[2025-07-17 13:09:31,900] [INFO] Model initialized on device: cuda:0
[2025-07-17 13:13:24,472] [INFO] [TRAIN] Epoch 1 Loss: 0.3208
[2025-07-17 13:14:08,812] [INFO] Model initialized on device: cuda:0
[2025-07-17 13:14:08,903] [INFO] Model initialized on device: cuda:0
[2025-07-17 13:14:08,974] [INFO] Model initialized on device: cuda:0
[2025-07-17 13:14:09,010] [INFO] Model initialized on device: cuda:0
[2025-07-17 13:14:09,010] [INFO] Model initialized on device: cuda:0
[2025-07-17 13:14:09,073] [INFO] Model initialized on device: cuda:0
[2025-07-17 13:14:09,073] [INFO] Model initialized on device: cuda:0
[2025-07-17 13:14:09,091] [INFO] Model initialized on device: cuda:0
[2025-07-17 13:14:09,092] [INFO] Model initialized on device: cuda:0
[2025-07-17 13:14:09,174] [INFO] Model initialized on device: cuda:0
[2025-07-17 13:18:10,175] [INFO] [TRAIN] Epoch 2 Loss: 0.2494
[2025-07-17 13:19:06,040] [INFO] Model initialized on device: cuda:0
[2025-07-17 13:19:06,593] [INFO] Model initialized on device: cuda:0
[2025-07-17 13:19:06,671] [INFO] Model initialized on device: cuda:0
[2025-07-17 13:19:06,842] [INFO] Model initialized on device: cuda:0
[2025-07-17 13:19:06,920] [INFO] Model initialized on device: cuda:0
[2025-07-17 13:19:07,210] [INFO] Model initialized on device: cuda:0
[2025-07-17 13:19:07,215] [INFO] Model initialized on device: cuda:0
[2025-07-17 13:19:07,271] [INFO] Model initialized on device: cuda:0
[2025-07-17 13:19:07,397] [INFO] Model initialized on device: cuda:0
[2025-07-17 13:19:07,506] [INFO] Model initialized on device: cuda:0
[2025-07-17 13:22:14,909] [INFO] [TRAIN] Epoch 3 Loss: 0.2302
[2025-07-17 13:22:34,448] [INFO] Model initialized on device: cuda:0
[2025-07-17 13:22:34,744] [INFO] Model initialized on device: cuda:0
[2025-07-17 13:22:34,889] [INFO] Model initialized on device: cuda:0
[2025-07-17 13:22:34,889] [INFO] Model initialized on device: cuda:0
[2025-07-17 13:22:34,905] [INFO] Model initialized on device: cuda:0
[2025-07-17 13:22:34,907] [INFO] Model initialized on device: cuda:0
[2025-07-17 13:22:34,909] [INFO] Model initialized on device: cuda:0
[2025-07-17 13:22:34,927] [INFO] Model initialized on device: cuda:0
[2025-07-17 13:22:34,932] [INFO] Model initialized on device: cuda:0
[2025-07-17 13:22:34,932] [INFO] Model initialized on device: cuda:0
[2025-07-17 13:24:25,838] [INFO] [TRAIN] Epoch 4 Loss: 0.2034
[2025-07-17 13:24:45,464] [INFO] Model initialized on device: cuda:0
[2025-07-17 13:24:45,515] [INFO] Model initialized on device: cuda:0
[2025-07-17 13:24:45,605] [INFO] Model initialized on device: cuda:0
[2025-07-17 13:24:45,638] [INFO] Model initialized on device: cuda:0
[2025-07-17 13:24:45,681] [INFO] Model initialized on device: cuda:0
[2025-07-17 13:24:45,774] [INFO] Model initialized on device: cuda:0
[2025-07-17 13:24:45,799] [INFO] Model initialized on device: cuda:0
[2025-07-17 13:24:45,804] [INFO] Model initialized on device: cuda:0
[2025-07-17 13:24:45,810] [INFO] Model initialized on device: cuda:0
[2025-07-17 13:24:45,810] [INFO] Model initialized on device: cuda:0
[2025-07-17 13:26:35,280] [INFO] [TRAIN] Epoch 5 Loss: 0.1940
[2025-07-17 13:26:35,281] [INFO] [FIT] Local training finished. Avg Loss: 0.2396
[2025-07-17 13:26:51,025] [INFO] Model initialized on device: cuda:0
[2025-07-17 13:26:51,743] [INFO] Model initialized on device: cuda:0
[2025-07-17 13:26:51,802] [INFO] Model initialized on device: cuda:0
[2025-07-17 13:26:52,473] [INFO] Model initialized on device: cuda:0
[2025-07-17 13:26:52,474] [INFO] Model initialized on device: cuda:0
[2025-07-17 13:26:53,636] [INFO] Model initialized on device: cuda:0
[2025-07-17 13:26:53,687] [INFO] Model initialized on device: cuda:0
[2025-07-17 13:26:53,804] [INFO] Model initialized on device: cuda:0
[2025-07-17 13:26:53,817] [INFO] Model initialized on device: cuda:0
[2025-07-17 13:26:53,835] [INFO] Model initialized on device: cuda:0
[2025-07-17 13:26:57,433] [DEBUG] [TEST] Batch 1 | Pred shape: torch.Size([256, 256, 160]) | Label shape: torch.Size([256, 256, 160])
[2025-07-17 13:26:57,532] [DEBUG] [TEST] Batch 2 | Pred shape: torch.Size([256, 256, 160]) | Label shape: torch.Size([256, 256, 160])
[2025-07-17 13:26:57,672] [DEBUG] [TEST] Batch 3 | Pred shape: torch.Size([256, 256, 160]) | Label shape: torch.Size([256, 256, 160])
[2025-07-17 13:26:57,733] [DEBUG] [TEST] Batch 4 | Pred shape: torch.Size([256, 256, 160]) | Label shape: torch.Size([256, 256, 160])
[2025-07-17 13:26:57,789] [DEBUG] [TEST] Batch 5 | Pred shape: torch.Size([256, 256, 160]) | Label shape: torch.Size([256, 256, 160])
[2025-07-17 13:26:57,877] [DEBUG] [TEST] Batch 6 | Pred shape: torch.Size([256, 256, 160]) | Label shape: torch.Size([256, 256, 160])
[2025-07-17 13:26:57,978] [DEBUG] [TEST] Batch 7 | Pred shape: torch.Size([256, 256, 160]) | Label shape: torch.Size([256, 256, 160])
[2025-07-17 13:26:58,198] [DEBUG] [TEST] Batch 8 | Pred shape: torch.Size([256, 256, 160]) | Label shape: torch.Size([256, 256, 160])
[2025-07-17 13:26:58,277] [DEBUG] [TEST] Batch 9 | Pred shape: torch.Size([256, 256, 160]) | Label shape: torch.Size([256, 256, 160])
[2025-07-17 13:26:58,427] [DEBUG] [TEST] Batch 10 | Pred shape: torch.Size([256, 256, 160]) | Label shape: torch.Size([256, 256, 160])
[2025-07-17 13:27:01,242] [DEBUG] [TEST] Batch 11 | Pred shape: torch.Size([256, 256, 160]) | Label shape: torch.Size([256, 256, 160])
[2025-07-17 13:27:01,320] [DEBUG] [TEST] Batch 12 | Pred shape: torch.Size([256, 256, 160]) | Label shape: torch.Size([256, 256, 160])
[2025-07-17 13:27:01,430] [DEBUG] [TEST] Batch 13 | Pred shape: torch.Size([256, 256, 160]) | Label shape: torch.Size([256, 256, 160])
[2025-07-17 13:27:01,529] [DEBUG] [TEST] Batch 14 | Pred shape: torch.Size([256, 256, 160]) | Label shape: torch.Size([256, 256, 160])
[2025-07-17 13:27:01,619] [DEBUG] [TEST] Batch 15 | Pred shape: torch.Size([256, 256, 160]) | Label shape: torch.Size([256, 256, 160])
[2025-07-17 13:27:01,677] [DEBUG] [TEST] Batch 16 | Pred shape: torch.Size([256, 256, 160]) | Label shape: torch.Size([256, 256, 160])
[2025-07-17 13:27:01,870] [DEBUG] [TEST] Batch 17 | Pred shape: torch.Size([256, 256, 160]) | Label shape: torch.Size([256, 256, 160])
[2025-07-17 13:27:02,072] [DEBUG] [TEST] Batch 18 | Pred shape: torch.Size([256, 256, 160]) | Label shape: torch.Size([256, 256, 160])
[2025-07-17 13:27:02,236] [DEBUG] [TEST] Batch 19 | Pred shape: torch.Size([256, 256, 160]) | Label shape: torch.Size([256, 256, 160])
[2025-07-17 13:27:02,418] [DEBUG] [TEST] Batch 20 | Pred shape: torch.Size([256, 256, 160]) | Label shape: torch.Size([256, 256, 160])
[2025-07-17 13:27:04,270] [DEBUG] [TEST] Batch 21 | Pred shape: torch.Size([256, 256, 160]) | Label shape: torch.Size([256, 256, 160])
[2025-07-17 13:27:04,330] [DEBUG] [TEST] Batch 22 | Pred shape: torch.Size([256, 256, 160]) | Label shape: torch.Size([256, 256, 160])
[2025-07-17 13:27:04,405] [DEBUG] [TEST] Batch 23 | Pred shape: torch.Size([256, 256, 160]) | Label shape: torch.Size([256, 256, 160])
[2025-07-17 13:27:04,478] [DEBUG] [TEST] Batch 24 | Pred shape: torch.Size([256, 256, 160]) | Label shape: torch.Size([256, 256, 160])
[2025-07-17 13:27:04,538] [DEBUG] [TEST] Batch 25 | Pred shape: torch.Size([256, 256, 160]) | Label shape: torch.Size([256, 256, 160])
[2025-07-17 13:27:04,617] [DEBUG] [TEST] Batch 26 | Pred shape: torch.Size([256, 256, 160]) | Label shape: torch.Size([256, 256, 160])
[2025-07-17 13:27:04,677] [DEBUG] [TEST] Batch 27 | Pred shape: torch.Size([256, 256, 160]) | Label shape: torch.Size([256, 256, 160])
[2025-07-17 13:27:04,791] [DEBUG] [TEST] Batch 28 | Pred shape: torch.Size([256, 256, 160]) | Label shape: torch.Size([256, 256, 160])
[2025-07-17 13:27:04,879] [DEBUG] [TEST] Batch 29 | Pred shape: torch.Size([256, 256, 160]) | Label shape: torch.Size([256, 256, 160])
[2025-07-17 13:27:04,985] [DEBUG] [TEST] Batch 30 | Pred shape: torch.Size([256, 256, 160]) | Label shape: torch.Size([256, 256, 160])
[2025-07-17 13:27:06,853] [DEBUG] [TEST] Batch 31 | Pred shape: torch.Size([256, 256, 160]) | Label shape: torch.Size([256, 256, 160])
[2025-07-17 13:27:06,912] [DEBUG] [TEST] Batch 32 | Pred shape: torch.Size([256, 256, 160]) | Label shape: torch.Size([256, 256, 160])
[2025-07-17 13:27:06,970] [DEBUG] [TEST] Batch 33 | Pred shape: torch.Size([256, 256, 160]) | Label shape: torch.Size([256, 256, 160])
[2025-07-17 13:27:07,030] [DEBUG] [TEST] Batch 34 | Pred shape: torch.Size([256, 256, 160]) | Label shape: torch.Size([256, 256, 160])
[2025-07-17 13:27:07,088] [DEBUG] [TEST] Batch 35 | Pred shape: torch.Size([256, 256, 160]) | Label shape: torch.Size([256, 256, 160])
[2025-07-17 13:27:07,147] [DEBUG] [TEST] Batch 36 | Pred shape: torch.Size([256, 256, 160]) | Label shape: torch.Size([256, 256, 160])
[2025-07-17 13:27:07,205] [DEBUG] [TEST] Batch 37 | Pred shape: torch.Size([256, 256, 160]) | Label shape: torch.Size([256, 256, 160])
[2025-07-17 13:27:07,574] [DEBUG] [TEST] Batch 38 | Pred shape: torch.Size([256, 256, 160]) | Label shape: torch.Size([256, 256, 160])
[2025-07-17 13:27:07,633] [DEBUG] [TEST] Batch 39 | Pred shape: torch.Size([256, 256, 160]) | Label shape: torch.Size([256, 256, 160])
[2025-07-17 13:27:10,666] [INFO] [FIT] Final model saved to: Run_UNET_R2Non-IID30%_fedWSOcompC3_20250717/Client2/model_final.pth
[2025-07-17 13:29:22,970] [INFO] [EVALUATE] Starting evaluation...
[2025-07-17 13:29:27,881] [INFO] [DEBUG] Loaded compressed decoded weights.
[2025-07-17 13:30:34,237] [INFO] Model initialized on device: cuda:0
[2025-07-17 13:30:34,782] [INFO] Model initialized on device: cuda:0
[2025-07-17 13:30:35,599] [INFO] Model initialized on device: cuda:0
[2025-07-17 13:30:35,601] [INFO] Model initialized on device: cuda:0
[2025-07-17 13:30:35,674] [INFO] Model initialized on device: cuda:0
[2025-07-17 13:30:35,704] [INFO] Model initialized on device: cuda:0
[2025-07-17 13:30:35,706] [INFO] Model initialized on device: cuda:0
[2025-07-17 13:30:35,804] [INFO] Model initialized on device: cuda:0
[2025-07-17 13:30:35,886] [INFO] Model initialized on device: cuda:0
[2025-07-17 13:30:35,897] [INFO] Model initialized on device: cuda:0
[2025-07-17 13:30:42,278] [DEBUG] [TEST] Batch 1 | Pred shape: torch.Size([256, 256, 160]) | Label shape: torch.Size([256, 256, 160])
[2025-07-17 13:30:42,977] [DEBUG] [TEST] Batch 2 | Pred shape: torch.Size([256, 256, 160]) | Label shape: torch.Size([256, 256, 160])
[2025-07-17 13:30:43,297] [DEBUG] [TEST] Batch 3 | Pred shape: torch.Size([256, 256, 160]) | Label shape: torch.Size([256, 256, 160])
[2025-07-17 13:30:44,900] [DEBUG] [TEST] Batch 4 | Pred shape: torch.Size([256, 256, 160]) | Label shape: torch.Size([256, 256, 160])
[2025-07-17 13:30:45,085] [DEBUG] [TEST] Batch 5 | Pred shape: torch.Size([256, 256, 160]) | Label shape: torch.Size([256, 256, 160])
[2025-07-17 13:30:45,289] [DEBUG] [TEST] Batch 6 | Pred shape: torch.Size([256, 256, 160]) | Label shape: torch.Size([256, 256, 160])
[2025-07-17 13:30:45,491] [DEBUG] [TEST] Batch 7 | Pred shape: torch.Size([256, 256, 160]) | Label shape: torch.Size([256, 256, 160])
[2025-07-17 13:30:45,786] [DEBUG] [TEST] Batch 8 | Pred shape: torch.Size([256, 256, 160]) | Label shape: torch.Size([256, 256, 160])
[2025-07-17 13:30:45,985] [DEBUG] [TEST] Batch 9 | Pred shape: torch.Size([256, 256, 160]) | Label shape: torch.Size([256, 256, 160])
[2025-07-17 13:30:46,182] [DEBUG] [TEST] Batch 10 | Pred shape: torch.Size([256, 256, 160]) | Label shape: torch.Size([256, 256, 160])
[2025-07-17 13:30:47,885] [DEBUG] [TEST] Batch 11 | Pred shape: torch.Size([256, 256, 160]) | Label shape: torch.Size([256, 256, 160])
[2025-07-17 13:30:48,271] [DEBUG] [TEST] Batch 12 | Pred shape: torch.Size([256, 256, 160]) | Label shape: torch.Size([256, 256, 160])
[2025-07-17 13:30:48,576] [DEBUG] [TEST] Batch 13 | Pred shape: torch.Size([256, 256, 160]) | Label shape: torch.Size([256, 256, 160])
[2025-07-17 13:30:49,280] [DEBUG] [TEST] Batch 14 | Pred shape: torch.Size([256, 256, 160]) | Label shape: torch.Size([256, 256, 160])
[2025-07-17 13:30:49,398] [DEBUG] [TEST] Batch 15 | Pred shape: torch.Size([256, 256, 160]) | Label shape: torch.Size([256, 256, 160])
[2025-07-17 13:30:49,586] [DEBUG] [TEST] Batch 16 | Pred shape: torch.Size([256, 256, 160]) | Label shape: torch.Size([256, 256, 160])
[2025-07-17 13:30:49,678] [DEBUG] [TEST] Batch 17 | Pred shape: torch.Size([256, 256, 160]) | Label shape: torch.Size([256, 256, 160])
[2025-07-17 13:30:49,778] [DEBUG] [TEST] Batch 18 | Pred shape: torch.Size([256, 256, 160]) | Label shape: torch.Size([256, 256, 160])
[2025-07-17 13:30:49,878] [DEBUG] [TEST] Batch 19 | Pred shape: torch.Size([256, 256, 160]) | Label shape: torch.Size([256, 256, 160])
[2025-07-17 13:30:49,978] [DEBUG] [TEST] Batch 20 | Pred shape: torch.Size([256, 256, 160]) | Label shape: torch.Size([256, 256, 160])
[2025-07-17 13:30:53,475] [DEBUG] [TEST] Batch 21 | Pred shape: torch.Size([256, 256, 160]) | Label shape: torch.Size([256, 256, 160])
[2025-07-17 13:30:53,591] [DEBUG] [TEST] Batch 22 | Pred shape: torch.Size([256, 256, 160]) | Label shape: torch.Size([256, 256, 160])
[2025-07-17 13:30:54,277] [DEBUG] [TEST] Batch 23 | Pred shape: torch.Size([256, 256, 160]) | Label shape: torch.Size([256, 256, 160])
[2025-07-17 13:30:54,900] [DEBUG] [TEST] Batch 24 | Pred shape: torch.Size([256, 256, 160]) | Label shape: torch.Size([256, 256, 160])
[2025-07-17 13:30:55,073] [DEBUG] [TEST] Batch 25 | Pred shape: torch.Size([256, 256, 160]) | Label shape: torch.Size([256, 256, 160])
[2025-07-17 13:30:55,527] [DEBUG] [TEST] Batch 26 | Pred shape: torch.Size([256, 256, 160]) | Label shape: torch.Size([256, 256, 160])
[2025-07-17 13:30:55,618] [DEBUG] [TEST] Batch 27 | Pred shape: torch.Size([256, 256, 160]) | Label shape: torch.Size([256, 256, 160])
[2025-07-17 13:30:55,771] [DEBUG] [TEST] Batch 28 | Pred shape: torch.Size([256, 256, 160]) | Label shape: torch.Size([256, 256, 160])
[2025-07-17 13:30:55,876] [DEBUG] [TEST] Batch 29 | Pred shape: torch.Size([256, 256, 160]) | Label shape: torch.Size([256, 256, 160])
[2025-07-17 13:30:55,976] [DEBUG] [TEST] Batch 30 | Pred shape: torch.Size([256, 256, 160]) | Label shape: torch.Size([256, 256, 160])
[2025-07-17 13:30:57,499] [DEBUG] [TEST] Batch 31 | Pred shape: torch.Size([256, 256, 160]) | Label shape: torch.Size([256, 256, 160])
[2025-07-17 13:30:57,554] [DEBUG] [TEST] Batch 32 | Pred shape: torch.Size([256, 256, 160]) | Label shape: torch.Size([256, 256, 160])
[2025-07-17 13:30:57,620] [DEBUG] [TEST] Batch 33 | Pred shape: torch.Size([256, 256, 160]) | Label shape: torch.Size([256, 256, 160])
[2025-07-17 13:30:57,925] [DEBUG] [TEST] Batch 34 | Pred shape: torch.Size([256, 256, 160]) | Label shape: torch.Size([256, 256, 160])
[2025-07-17 13:30:57,983] [DEBUG] [TEST] Batch 35 | Pred shape: torch.Size([256, 256, 160]) | Label shape: torch.Size([256, 256, 160])
[2025-07-17 13:30:59,038] [DEBUG] [TEST] Batch 36 | Pred shape: torch.Size([256, 256, 160]) | Label shape: torch.Size([256, 256, 160])
[2025-07-17 13:30:59,093] [DEBUG] [TEST] Batch 37 | Pred shape: torch.Size([256, 256, 160]) | Label shape: torch.Size([256, 256, 160])
[2025-07-17 13:30:59,151] [DEBUG] [TEST] Batch 38 | Pred shape: torch.Size([256, 256, 160]) | Label shape: torch.Size([256, 256, 160])
[2025-07-17 13:30:59,208] [DEBUG] [TEST] Batch 39 | Pred shape: torch.Size([256, 256, 160]) | Label shape: torch.Size([256, 256, 160])
[2025-07-17 13:31:02,134] [INFO] [EVALUATE] Dice WT: 0.6156
[2025-07-17 13:31:07,423] [INFO] [FIT] Received parameters. Starting local training...
[2025-07-17 13:31:11,384] [INFO] [DEBUG] Loaded compressed decoded weights.
[2025-07-17 13:32:20,620] [INFO] Model initialized on device: cuda:0
[2025-07-17 13:32:20,893] [INFO] Model initialized on device: cuda:0
[2025-07-17 13:32:20,895] [INFO] Model initialized on device: cuda:0
[2025-07-17 13:32:20,897] [INFO] Model initialized on device: cuda:0
[2025-07-17 13:32:21,677] [INFO] Model initialized on device: cuda:0
[2025-07-17 13:32:21,677] [INFO] Model initialized on device: cuda:0
[2025-07-17 13:32:21,902] [INFO] Model initialized on device: cuda:0
[2025-07-17 13:32:21,990] [INFO] Model initialized on device: cuda:0
[2025-07-17 13:32:21,991] [INFO] Model initialized on device: cuda:0
[2025-07-17 13:32:21,993] [INFO] Model initialized on device: cuda:0
[2025-07-17 13:36:09,272] [INFO] [TRAIN] Epoch 1 Loss: 0.2945
[2025-07-17 13:36:48,376] [INFO] Model initialized on device: cuda:0
[2025-07-17 13:36:48,677] [INFO] Model initialized on device: cuda:0
[2025-07-17 13:36:48,678] [INFO] Model initialized on device: cuda:0
[2025-07-17 13:36:49,081] [INFO] Model initialized on device: cuda:0
[2025-07-17 13:36:49,206] [INFO] Model initialized on device: cuda:0
[2025-07-17 13:36:49,273] [INFO] Model initialized on device: cuda:0
[2025-07-17 13:36:49,274] [INFO] Model initialized on device: cuda:0
[2025-07-17 13:36:49,275] [INFO] Model initialized on device: cuda:0
[2025-07-17 13:36:49,277] [INFO] Model initialized on device: cuda:0
[2025-07-17 13:36:49,277] [INFO] Model initialized on device: cuda:0
[2025-07-17 13:40:25,582] [INFO] [TRAIN] Epoch 2 Loss: 0.2351
[2025-07-17 13:41:13,091] [INFO] Model initialized on device: cuda:0
[2025-07-17 13:41:13,182] [INFO] Model initialized on device: cuda:0
[2025-07-17 13:41:13,188] [INFO] Model initialized on device: cuda:0
[2025-07-17 13:41:13,190] [INFO] Model initialized on device: cuda:0
[2025-07-17 13:41:13,593] [INFO] Model initialized on device: cuda:0
[2025-07-17 13:41:13,596] [INFO] Model initialized on device: cuda:0
[2025-07-17 13:41:13,673] [INFO] Model initialized on device: cuda:0
[2025-07-17 13:41:13,676] [INFO] Model initialized on device: cuda:0
[2025-07-17 13:41:13,677] [INFO] Model initialized on device: cuda:0
[2025-07-17 13:41:13,677] [INFO] Model initialized on device: cuda:0
[2025-07-17 13:44:40,322] [INFO] [TRAIN] Epoch 3 Loss: 0.2182
[2025-07-17 13:45:02,220] [INFO] Model initialized on device: cuda:0
[2025-07-17 13:45:02,449] [INFO] Model initialized on device: cuda:0
[2025-07-17 13:45:02,541] [INFO] Model initialized on device: cuda:0
[2025-07-17 13:45:02,579] [INFO] Model initialized on device: cuda:0
[2025-07-17 13:45:02,587] [INFO] Model initialized on device: cuda:0
[2025-07-17 13:45:02,612] [INFO] Model initialized on device: cuda:0
[2025-07-17 13:45:02,624] [INFO] Model initialized on device: cuda:0
[2025-07-17 13:45:02,640] [INFO] Model initialized on device: cuda:0
[2025-07-17 13:45:02,684] [INFO] Model initialized on device: cuda:0
[2025-07-17 13:45:02,699] [INFO] Model initialized on device: cuda:0
[2025-07-17 13:46:53,764] [INFO] [TRAIN] Epoch 4 Loss: 0.1943
[2025-07-17 13:47:08,906] [INFO] Model initialized on device: cuda:0
[2025-07-17 13:47:09,021] [INFO] Model initialized on device: cuda:0
[2025-07-17 13:47:09,364] [INFO] Model initialized on device: cuda:0
[2025-07-17 13:47:09,852] [INFO] Model initialized on device: cuda:0
[2025-07-17 13:47:11,499] [INFO] Model initialized on device: cuda:0
[2025-07-17 13:47:11,572] [INFO] Model initialized on device: cuda:0
[2025-07-17 13:47:11,677] [INFO] Model initialized on device: cuda:0
[2025-07-17 13:47:11,680] [INFO] Model initialized on device: cuda:0
[2025-07-17 13:47:11,681] [INFO] Model initialized on device: cuda:0
[2025-07-17 13:47:11,727] [INFO] Model initialized on device: cuda:0
[2025-07-17 13:49:06,581] [INFO] [TRAIN] Epoch 5 Loss: 0.1785
[2025-07-17 13:49:06,583] [INFO] [FIT] Local training finished. Avg Loss: 0.2241
[2025-07-17 13:49:23,120] [INFO] Model initialized on device: cuda:0
[2025-07-17 13:49:23,377] [INFO] Model initialized on device: cuda:0
[2025-07-17 13:49:24,884] [INFO] Model initialized on device: cuda:0
[2025-07-17 13:49:25,999] [INFO] Model initialized on device: cuda:0
[2025-07-17 13:49:26,324] [INFO] Model initialized on device: cuda:0
[2025-07-17 13:49:26,572] [INFO] Model initialized on device: cuda:0
[2025-07-17 13:49:26,699] [INFO] Model initialized on device: cuda:0
[2025-07-17 13:49:26,707] [INFO] Model initialized on device: cuda:0
[2025-07-17 13:49:26,708] [INFO] Model initialized on device: cuda:0
[2025-07-17 13:49:26,709] [INFO] Model initialized on device: cuda:0
[2025-07-17 13:49:31,248] [DEBUG] [TEST] Batch 1 | Pred shape: torch.Size([256, 256, 160]) | Label shape: torch.Size([256, 256, 160])
[2025-07-17 13:49:31,341] [DEBUG] [TEST] Batch 2 | Pred shape: torch.Size([256, 256, 160]) | Label shape: torch.Size([256, 256, 160])
[2025-07-17 13:49:31,418] [DEBUG] [TEST] Batch 3 | Pred shape: torch.Size([256, 256, 160]) | Label shape: torch.Size([256, 256, 160])
[2025-07-17 13:49:31,477] [DEBUG] [TEST] Batch 4 | Pred shape: torch.Size([256, 256, 160]) | Label shape: torch.Size([256, 256, 160])
[2025-07-17 13:49:31,537] [DEBUG] [TEST] Batch 5 | Pred shape: torch.Size([256, 256, 160]) | Label shape: torch.Size([256, 256, 160])
[2025-07-17 13:49:31,687] [DEBUG] [TEST] Batch 6 | Pred shape: torch.Size([256, 256, 160]) | Label shape: torch.Size([256, 256, 160])
[2025-07-17 13:49:31,844] [DEBUG] [TEST] Batch 7 | Pred shape: torch.Size([256, 256, 160]) | Label shape: torch.Size([256, 256, 160])
[2025-07-17 13:49:32,016] [DEBUG] [TEST] Batch 8 | Pred shape: torch.Size([256, 256, 160]) | Label shape: torch.Size([256, 256, 160])
[2025-07-17 13:49:32,212] [DEBUG] [TEST] Batch 9 | Pred shape: torch.Size([256, 256, 160]) | Label shape: torch.Size([256, 256, 160])
[2025-07-17 13:49:32,417] [DEBUG] [TEST] Batch 10 | Pred shape: torch.Size([256, 256, 160]) | Label shape: torch.Size([256, 256, 160])
[2025-07-17 13:49:34,373] [DEBUG] [TEST] Batch 11 | Pred shape: torch.Size([256, 256, 160]) | Label shape: torch.Size([256, 256, 160])
[2025-07-17 13:49:34,433] [DEBUG] [TEST] Batch 12 | Pred shape: torch.Size([256, 256, 160]) | Label shape: torch.Size([256, 256, 160])
[2025-07-17 13:49:34,518] [DEBUG] [TEST] Batch 13 | Pred shape: torch.Size([256, 256, 160]) | Label shape: torch.Size([256, 256, 160])
[2025-07-17 13:49:34,733] [DEBUG] [TEST] Batch 14 | Pred shape: torch.Size([256, 256, 160]) | Label shape: torch.Size([256, 256, 160])
[2025-07-17 13:49:34,910] [DEBUG] [TEST] Batch 15 | Pred shape: torch.Size([256, 256, 160]) | Label shape: torch.Size([256, 256, 160])
[2025-07-17 13:49:35,076] [DEBUG] [TEST] Batch 16 | Pred shape: torch.Size([256, 256, 160]) | Label shape: torch.Size([256, 256, 160])
[2025-07-17 13:49:35,272] [DEBUG] [TEST] Batch 17 | Pred shape: torch.Size([256, 256, 160]) | Label shape: torch.Size([256, 256, 160])
[2025-07-17 13:49:35,414] [DEBUG] [TEST] Batch 18 | Pred shape: torch.Size([256, 256, 160]) | Label shape: torch.Size([256, 256, 160])
[2025-07-17 13:49:35,602] [DEBUG] [TEST] Batch 19 | Pred shape: torch.Size([256, 256, 160]) | Label shape: torch.Size([256, 256, 160])
[2025-07-17 13:49:35,774] [DEBUG] [TEST] Batch 20 | Pred shape: torch.Size([256, 256, 160]) | Label shape: torch.Size([256, 256, 160])
[2025-07-17 13:49:37,777] [DEBUG] [TEST] Batch 21 | Pred shape: torch.Size([256, 256, 160]) | Label shape: torch.Size([256, 256, 160])
[2025-07-17 13:49:37,834] [DEBUG] [TEST] Batch 22 | Pred shape: torch.Size([256, 256, 160]) | Label shape: torch.Size([256, 256, 160])
[2025-07-17 13:49:37,918] [DEBUG] [TEST] Batch 23 | Pred shape: torch.Size([256, 256, 160]) | Label shape: torch.Size([256, 256, 160])
[2025-07-17 13:49:37,978] [DEBUG] [TEST] Batch 24 | Pred shape: torch.Size([256, 256, 160]) | Label shape: torch.Size([256, 256, 160])
[2025-07-17 13:49:38,036] [DEBUG] [TEST] Batch 25 | Pred shape: torch.Size([256, 256, 160]) | Label shape: torch.Size([256, 256, 160])
[2025-07-17 13:49:38,146] [DEBUG] [TEST] Batch 26 | Pred shape: torch.Size([256, 256, 160]) | Label shape: torch.Size([256, 256, 160])
[2025-07-17 13:49:38,218] [DEBUG] [TEST] Batch 27 | Pred shape: torch.Size([256, 256, 160]) | Label shape: torch.Size([256, 256, 160])
[2025-07-17 13:49:38,277] [DEBUG] [TEST] Batch 28 | Pred shape: torch.Size([256, 256, 160]) | Label shape: torch.Size([256, 256, 160])
[2025-07-17 13:49:38,427] [DEBUG] [TEST] Batch 29 | Pred shape: torch.Size([256, 256, 160]) | Label shape: torch.Size([256, 256, 160])
[2025-07-17 13:49:38,575] [DEBUG] [TEST] Batch 30 | Pred shape: torch.Size([256, 256, 160]) | Label shape: torch.Size([256, 256, 160])
[2025-07-17 13:49:40,445] [DEBUG] [TEST] Batch 31 | Pred shape: torch.Size([256, 256, 160]) | Label shape: torch.Size([256, 256, 160])
[2025-07-17 13:49:40,501] [DEBUG] [TEST] Batch 32 | Pred shape: torch.Size([256, 256, 160]) | Label shape: torch.Size([256, 256, 160])
[2025-07-17 13:49:40,557] [DEBUG] [TEST] Batch 33 | Pred shape: torch.Size([256, 256, 160]) | Label shape: torch.Size([256, 256, 160])
[2025-07-17 13:49:40,617] [DEBUG] [TEST] Batch 34 | Pred shape: torch.Size([256, 256, 160]) | Label shape: torch.Size([256, 256, 160])
[2025-07-17 13:49:40,674] [DEBUG] [TEST] Batch 35 | Pred shape: torch.Size([256, 256, 160]) | Label shape: torch.Size([256, 256, 160])
[2025-07-17 13:49:40,735] [DEBUG] [TEST] Batch 36 | Pred shape: torch.Size([256, 256, 160]) | Label shape: torch.Size([256, 256, 160])
[2025-07-17 13:49:40,790] [DEBUG] [TEST] Batch 37 | Pred shape: torch.Size([256, 256, 160]) | Label shape: torch.Size([256, 256, 160])
[2025-07-17 13:49:40,849] [DEBUG] [TEST] Batch 38 | Pred shape: torch.Size([256, 256, 160]) | Label shape: torch.Size([256, 256, 160])
[2025-07-17 13:49:40,904] [DEBUG] [TEST] Batch 39 | Pred shape: torch.Size([256, 256, 160]) | Label shape: torch.Size([256, 256, 160])
[2025-07-17 13:49:44,091] [INFO] [FIT] Final model saved to: Run_UNET_R2Non-IID30%_fedWSOcompC3_20250717/Client2/model_final.pth
[2025-07-17 13:52:09,072] [INFO] [EVALUATE] Starting evaluation...
[2025-07-17 13:52:13,381] [INFO] [DEBUG] Loaded compressed decoded weights.
[2025-07-17 13:53:23,293] [INFO] Model initialized on device: cuda:0
[2025-07-17 13:53:23,295] [INFO] Model initialized on device: cuda:0
[2025-07-17 13:53:23,974] [INFO] Model initialized on device: cuda:0
[2025-07-17 13:53:24,071] [INFO] Model initialized on device: cuda:0
[2025-07-17 13:53:24,486] [INFO] Model initialized on device: cuda:0
[2025-07-17 13:53:24,606] [INFO] Model initialized on device: cuda:0
[2025-07-17 13:53:24,682] [INFO] Model initialized on device: cuda:0
[2025-07-17 13:53:24,701] [INFO] Model initialized on device: cuda:0
[2025-07-17 13:53:24,708] [INFO] Model initialized on device: cuda:0
[2025-07-17 13:53:24,771] [INFO] Model initialized on device: cuda:0
[2025-07-17 13:53:31,700] [DEBUG] [TEST] Batch 1 | Pred shape: torch.Size([256, 256, 160]) | Label shape: torch.Size([256, 256, 160])
[2025-07-17 13:53:31,977] [DEBUG] [TEST] Batch 2 | Pred shape: torch.Size([256, 256, 160]) | Label shape: torch.Size([256, 256, 160])
[2025-07-17 13:53:32,191] [DEBUG] [TEST] Batch 3 | Pred shape: torch.Size([256, 256, 160]) | Label shape: torch.Size([256, 256, 160])
[2025-07-17 13:53:32,383] [DEBUG] [TEST] Batch 4 | Pred shape: torch.Size([256, 256, 160]) | Label shape: torch.Size([256, 256, 160])
[2025-07-17 13:53:32,480] [DEBUG] [TEST] Batch 5 | Pred shape: torch.Size([256, 256, 160]) | Label shape: torch.Size([256, 256, 160])
[2025-07-17 13:53:32,581] [DEBUG] [TEST] Batch 6 | Pred shape: torch.Size([256, 256, 160]) | Label shape: torch.Size([256, 256, 160])
[2025-07-17 13:53:32,703] [DEBUG] [TEST] Batch 7 | Pred shape: torch.Size([256, 256, 160]) | Label shape: torch.Size([256, 256, 160])
[2025-07-17 13:53:32,871] [DEBUG] [TEST] Batch 8 | Pred shape: torch.Size([256, 256, 160]) | Label shape: torch.Size([256, 256, 160])
[2025-07-17 13:53:33,078] [DEBUG] [TEST] Batch 9 | Pred shape: torch.Size([256, 256, 160]) | Label shape: torch.Size([256, 256, 160])
[2025-07-17 13:53:33,181] [DEBUG] [TEST] Batch 10 | Pred shape: torch.Size([256, 256, 160]) | Label shape: torch.Size([256, 256, 160])
[2025-07-17 13:53:36,584] [DEBUG] [TEST] Batch 11 | Pred shape: torch.Size([256, 256, 160]) | Label shape: torch.Size([256, 256, 160])
[2025-07-17 13:53:37,278] [DEBUG] [TEST] Batch 12 | Pred shape: torch.Size([256, 256, 160]) | Label shape: torch.Size([256, 256, 160])
[2025-07-17 13:53:37,396] [DEBUG] [TEST] Batch 13 | Pred shape: torch.Size([256, 256, 160]) | Label shape: torch.Size([256, 256, 160])
[2025-07-17 13:53:37,479] [DEBUG] [TEST] Batch 14 | Pred shape: torch.Size([256, 256, 160]) | Label shape: torch.Size([256, 256, 160])
[2025-07-17 13:53:37,579] [DEBUG] [TEST] Batch 15 | Pred shape: torch.Size([256, 256, 160]) | Label shape: torch.Size([256, 256, 160])
[2025-07-17 13:53:37,677] [DEBUG] [TEST] Batch 16 | Pred shape: torch.Size([256, 256, 160]) | Label shape: torch.Size([256, 256, 160])
[2025-07-17 13:53:38,182] [DEBUG] [TEST] Batch 17 | Pred shape: torch.Size([256, 256, 160]) | Label shape: torch.Size([256, 256, 160])
[2025-07-17 13:53:38,285] [DEBUG] [TEST] Batch 18 | Pred shape: torch.Size([256, 256, 160]) | Label shape: torch.Size([256, 256, 160])
[2025-07-17 13:53:38,486] [DEBUG] [TEST] Batch 19 | Pred shape: torch.Size([256, 256, 160]) | Label shape: torch.Size([256, 256, 160])
[2025-07-17 13:53:38,676] [DEBUG] [TEST] Batch 20 | Pred shape: torch.Size([256, 256, 160]) | Label shape: torch.Size([256, 256, 160])
[2025-07-17 13:53:42,477] [DEBUG] [TEST] Batch 21 | Pred shape: torch.Size([256, 256, 160]) | Label shape: torch.Size([256, 256, 160])
[2025-07-17 13:53:43,412] [DEBUG] [TEST] Batch 22 | Pred shape: torch.Size([256, 256, 160]) | Label shape: torch.Size([256, 256, 160])
[2025-07-17 13:53:43,476] [DEBUG] [TEST] Batch 23 | Pred shape: torch.Size([256, 256, 160]) | Label shape: torch.Size([256, 256, 160])
[2025-07-17 13:53:43,601] [DEBUG] [TEST] Batch 24 | Pred shape: torch.Size([256, 256, 160]) | Label shape: torch.Size([256, 256, 160])
[2025-07-17 13:53:43,725] [DEBUG] [TEST] Batch 25 | Pred shape: torch.Size([256, 256, 160]) | Label shape: torch.Size([256, 256, 160])
[2025-07-17 13:53:43,884] [DEBUG] [TEST] Batch 26 | Pred shape: torch.Size([256, 256, 160]) | Label shape: torch.Size([256, 256, 160])
[2025-07-17 13:53:44,020] [DEBUG] [TEST] Batch 27 | Pred shape: torch.Size([256, 256, 160]) | Label shape: torch.Size([256, 256, 160])
[2025-07-17 13:53:44,178] [DEBUG] [TEST] Batch 28 | Pred shape: torch.Size([256, 256, 160]) | Label shape: torch.Size([256, 256, 160])
[2025-07-17 13:53:44,276] [DEBUG] [TEST] Batch 29 | Pred shape: torch.Size([256, 256, 160]) | Label shape: torch.Size([256, 256, 160])
[2025-07-17 13:53:44,396] [DEBUG] [TEST] Batch 30 | Pred shape: torch.Size([256, 256, 160]) | Label shape: torch.Size([256, 256, 160])
[2025-07-17 13:53:45,521] [DEBUG] [TEST] Batch 31 | Pred shape: torch.Size([256, 256, 160]) | Label shape: torch.Size([256, 256, 160])
[2025-07-17 13:53:46,390] [DEBUG] [TEST] Batch 32 | Pred shape: torch.Size([256, 256, 160]) | Label shape: torch.Size([256, 256, 160])
[2025-07-17 13:53:46,446] [DEBUG] [TEST] Batch 33 | Pred shape: torch.Size([256, 256, 160]) | Label shape: torch.Size([256, 256, 160])
[2025-07-17 13:53:46,713] [DEBUG] [TEST] Batch 34 | Pred shape: torch.Size([256, 256, 160]) | Label shape: torch.Size([256, 256, 160])
[2025-07-17 13:53:46,829] [DEBUG] [TEST] Batch 35 | Pred shape: torch.Size([256, 256, 160]) | Label shape: torch.Size([256, 256, 160])
[2025-07-17 13:53:46,943] [DEBUG] [TEST] Batch 36 | Pred shape: torch.Size([256, 256, 160]) | Label shape: torch.Size([256, 256, 160])
[2025-07-17 13:53:47,248] [DEBUG] [TEST] Batch 37 | Pred shape: torch.Size([256, 256, 160]) | Label shape: torch.Size([256, 256, 160])
[2025-07-17 13:53:47,307] [DEBUG] [TEST] Batch 38 | Pred shape: torch.Size([256, 256, 160]) | Label shape: torch.Size([256, 256, 160])
[2025-07-17 13:53:47,363] [DEBUG] [TEST] Batch 39 | Pred shape: torch.Size([256, 256, 160]) | Label shape: torch.Size([256, 256, 160])
[2025-07-17 13:53:50,742] [INFO] [EVALUATE] Dice WT: 0.6293
[2025-07-17 13:53:58,380] [INFO] [FIT] Received parameters. Starting local training...
[2025-07-17 13:54:02,774] [INFO] [DEBUG] Loaded compressed decoded weights.
[2025-07-17 13:55:05,875] [INFO] Model initialized on device: cuda:0
[2025-07-17 13:55:06,999] [INFO] Model initialized on device: cuda:0
[2025-07-17 13:55:07,681] [INFO] Model initialized on device: cuda:0
[2025-07-17 13:55:08,374] [INFO] Model initialized on device: cuda:0
[2025-07-17 13:55:08,601] [INFO] Model initialized on device: cuda:0
[2025-07-17 13:55:09,175] [INFO] Model initialized on device: cuda:0
[2025-07-17 13:55:09,574] [INFO] Model initialized on device: cuda:0
[2025-07-17 13:55:09,576] [INFO] Model initialized on device: cuda:0
[2025-07-17 13:55:09,582] [INFO] Model initialized on device: cuda:0
[2025-07-17 13:55:09,583] [INFO] Model initialized on device: cuda:0
[2025-07-17 13:59:07,473] [INFO] [TRAIN] Epoch 1 Loss: 0.2848
[2025-07-17 13:59:51,916] [INFO] Model initialized on device: cuda:0
[2025-07-17 13:59:52,301] [INFO] Model initialized on device: cuda:0
[2025-07-17 13:59:52,407] [INFO] Model initialized on device: cuda:0
[2025-07-17 13:59:52,408] [INFO] Model initialized on device: cuda:0
[2025-07-17 13:59:52,471] [INFO] Model initialized on device: cuda:0
[2025-07-17 13:59:52,488] [INFO] Model initialized on device: cuda:0
[2025-07-17 13:59:52,507] [INFO] Model initialized on device: cuda:0
[2025-07-17 13:59:52,577] [INFO] Model initialized on device: cuda:0
[2025-07-17 13:59:52,579] [INFO] Model initialized on device: cuda:0
[2025-07-17 13:59:52,579] [INFO] Model initialized on device: cuda:0
[2025-07-17 14:03:36,275] [INFO] [TRAIN] Epoch 2 Loss: 0.2247
[2025-07-17 14:04:22,375] [INFO] Model initialized on device: cuda:0
[2025-07-17 14:04:22,476] [INFO] Model initialized on device: cuda:0
[2025-07-17 14:04:22,598] [INFO] Model initialized on device: cuda:0
[2025-07-17 14:04:22,793] [INFO] Model initialized on device: cuda:0
[2025-07-17 14:04:22,871] [INFO] Model initialized on device: cuda:0
[2025-07-17 14:04:22,874] [INFO] Model initialized on device: cuda:0
[2025-07-17 14:04:22,877] [INFO] Model initialized on device: cuda:0
[2025-07-17 14:04:22,886] [INFO] Model initialized on device: cuda:0
[2025-07-17 14:04:22,887] [INFO] Model initialized on device: cuda:0
[2025-07-17 14:04:22,888] [INFO] Model initialized on device: cuda:0
[2025-07-17 14:07:47,105] [INFO] [TRAIN] Epoch 3 Loss: 0.2017
[2025-07-17 14:08:08,682] [INFO] Model initialized on device: cuda:0
[2025-07-17 14:08:08,715] [INFO] Model initialized on device: cuda:0
[2025-07-17 14:08:08,936] [INFO] Model initialized on device: cuda:0
[2025-07-17 14:08:08,972] [INFO] Model initialized on device: cuda:0
[2025-07-17 14:08:08,987] [INFO] Model initialized on device: cuda:0
[2025-07-17 14:08:08,988] [INFO] Model initialized on device: cuda:0
[2025-07-17 14:08:08,991] [INFO] Model initialized on device: cuda:0
[2025-07-17 14:08:08,994] [INFO] Model initialized on device: cuda:0
[2025-07-17 14:08:09,002] [INFO] Model initialized on device: cuda:0
[2025-07-17 14:08:09,003] [INFO] Model initialized on device: cuda:0
[2025-07-17 14:10:02,684] [INFO] [TRAIN] Epoch 4 Loss: 0.2039
[2025-07-17 14:10:18,404] [INFO] Model initialized on device: cuda:0
[2025-07-17 14:10:18,411] [INFO] Model initialized on device: cuda:0
[2025-07-17 14:10:18,503] [INFO] Model initialized on device: cuda:0
[2025-07-17 14:10:19,774] [INFO] Model initialized on device: cuda:0
[2025-07-17 14:10:19,877] [INFO] Model initialized on device: cuda:0
[2025-07-17 14:10:21,109] [INFO] Model initialized on device: cuda:0
[2025-07-17 14:10:21,215] [INFO] Model initialized on device: cuda:0
[2025-07-17 14:10:21,225] [INFO] Model initialized on device: cuda:0
[2025-07-17 14:10:21,286] [INFO] Model initialized on device: cuda:0
[2025-07-17 14:10:21,318] [INFO] Model initialized on device: cuda:0
[2025-07-17 14:12:15,096] [INFO] [TRAIN] Epoch 5 Loss: 0.1886
[2025-07-17 14:12:15,100] [INFO] [FIT] Local training finished. Avg Loss: 0.2207
[2025-07-17 14:12:30,373] [INFO] Model initialized on device: cuda:0
[2025-07-17 14:12:31,620] [INFO] Model initialized on device: cuda:0
[2025-07-17 14:12:31,900] [INFO] Model initialized on device: cuda:0
[2025-07-17 14:12:33,311] [INFO] Model initialized on device: cuda:0
[2025-07-17 14:12:33,370] [INFO] Model initialized on device: cuda:0
[2025-07-17 14:12:33,599] [INFO] Model initialized on device: cuda:0
[2025-07-17 14:12:33,609] [INFO] Model initialized on device: cuda:0
[2025-07-17 14:12:33,703] [INFO] Model initialized on device: cuda:0
[2025-07-17 14:12:33,706] [INFO] Model initialized on device: cuda:0
[2025-07-17 14:12:33,706] [INFO] Model initialized on device: cuda:0
[2025-07-17 14:12:37,830] [DEBUG] [TEST] Batch 1 | Pred shape: torch.Size([256, 256, 160]) | Label shape: torch.Size([256, 256, 160])
[2025-07-17 14:12:37,918] [DEBUG] [TEST] Batch 2 | Pred shape: torch.Size([256, 256, 160]) | Label shape: torch.Size([256, 256, 160])
[2025-07-17 14:12:37,976] [DEBUG] [TEST] Batch 3 | Pred shape: torch.Size([256, 256, 160]) | Label shape: torch.Size([256, 256, 160])
[2025-07-17 14:12:38,035] [DEBUG] [TEST] Batch 4 | Pred shape: torch.Size([256, 256, 160]) | Label shape: torch.Size([256, 256, 160])
[2025-07-17 14:12:38,121] [DEBUG] [TEST] Batch 5 | Pred shape: torch.Size([256, 256, 160]) | Label shape: torch.Size([256, 256, 160])
[2025-07-17 14:12:38,225] [DEBUG] [TEST] Batch 6 | Pred shape: torch.Size([256, 256, 160]) | Label shape: torch.Size([256, 256, 160])
[2025-07-17 14:12:38,387] [DEBUG] [TEST] Batch 7 | Pred shape: torch.Size([256, 256, 160]) | Label shape: torch.Size([256, 256, 160])
[2025-07-17 14:12:38,534] [DEBUG] [TEST] Batch 8 | Pred shape: torch.Size([256, 256, 160]) | Label shape: torch.Size([256, 256, 160])
[2025-07-17 14:12:38,623] [DEBUG] [TEST] Batch 9 | Pred shape: torch.Size([256, 256, 160]) | Label shape: torch.Size([256, 256, 160])
[2025-07-17 14:12:38,716] [DEBUG] [TEST] Batch 10 | Pred shape: torch.Size([256, 256, 160]) | Label shape: torch.Size([256, 256, 160])
[2025-07-17 14:12:41,175] [DEBUG] [TEST] Batch 11 | Pred shape: torch.Size([256, 256, 160]) | Label shape: torch.Size([256, 256, 160])
[2025-07-17 14:12:41,278] [DEBUG] [TEST] Batch 12 | Pred shape: torch.Size([256, 256, 160]) | Label shape: torch.Size([256, 256, 160])
[2025-07-17 14:12:41,374] [DEBUG] [TEST] Batch 13 | Pred shape: torch.Size([256, 256, 160]) | Label shape: torch.Size([256, 256, 160])
[2025-07-17 14:12:41,431] [DEBUG] [TEST] Batch 14 | Pred shape: torch.Size([256, 256, 160]) | Label shape: torch.Size([256, 256, 160])
[2025-07-17 14:12:41,518] [DEBUG] [TEST] Batch 15 | Pred shape: torch.Size([256, 256, 160]) | Label shape: torch.Size([256, 256, 160])
[2025-07-17 14:12:41,576] [DEBUG] [TEST] Batch 16 | Pred shape: torch.Size([256, 256, 160]) | Label shape: torch.Size([256, 256, 160])
[2025-07-17 14:12:41,637] [DEBUG] [TEST] Batch 17 | Pred shape: torch.Size([256, 256, 160]) | Label shape: torch.Size([256, 256, 160])
[2025-07-17 14:12:41,719] [DEBUG] [TEST] Batch 18 | Pred shape: torch.Size([256, 256, 160]) | Label shape: torch.Size([256, 256, 160])
[2025-07-17 14:12:41,779] [DEBUG] [TEST] Batch 19 | Pred shape: torch.Size([256, 256, 160]) | Label shape: torch.Size([256, 256, 160])
[2025-07-17 14:12:41,836] [DEBUG] [TEST] Batch 20 | Pred shape: torch.Size([256, 256, 160]) | Label shape: torch.Size([256, 256, 160])
[2025-07-17 14:12:44,378] [DEBUG] [TEST] Batch 21 | Pred shape: torch.Size([256, 256, 160]) | Label shape: torch.Size([256, 256, 160])
[2025-07-17 14:12:44,532] [DEBUG] [TEST] Batch 22 | Pred shape: torch.Size([256, 256, 160]) | Label shape: torch.Size([256, 256, 160])
[2025-07-17 14:12:44,618] [DEBUG] [TEST] Batch 23 | Pred shape: torch.Size([256, 256, 160]) | Label shape: torch.Size([256, 256, 160])
[2025-07-17 14:12:44,677] [DEBUG] [TEST] Batch 24 | Pred shape: torch.Size([256, 256, 160]) | Label shape: torch.Size([256, 256, 160])
[2025-07-17 14:12:44,841] [DEBUG] [TEST] Batch 25 | Pred shape: torch.Size([256, 256, 160]) | Label shape: torch.Size([256, 256, 160])
[2025-07-17 14:12:44,916] [DEBUG] [TEST] Batch 26 | Pred shape: torch.Size([256, 256, 160]) | Label shape: torch.Size([256, 256, 160])
[2025-07-17 14:12:44,978] [DEBUG] [TEST] Batch 27 | Pred shape: torch.Size([256, 256, 160]) | Label shape: torch.Size([256, 256, 160])
[2025-07-17 14:12:45,043] [DEBUG] [TEST] Batch 28 | Pred shape: torch.Size([256, 256, 160]) | Label shape: torch.Size([256, 256, 160])
[2025-07-17 14:12:45,098] [DEBUG] [TEST] Batch 29 | Pred shape: torch.Size([256, 256, 160]) | Label shape: torch.Size([256, 256, 160])
[2025-07-17 14:12:45,155] [DEBUG] [TEST] Batch 30 | Pred shape: torch.Size([256, 256, 160]) | Label shape: torch.Size([256, 256, 160])
[2025-07-17 14:12:47,040] [DEBUG] [TEST] Batch 31 | Pred shape: torch.Size([256, 256, 160]) | Label shape: torch.Size([256, 256, 160])
[2025-07-17 14:12:47,208] [DEBUG] [TEST] Batch 32 | Pred shape: torch.Size([256, 256, 160]) | Label shape: torch.Size([256, 256, 160])
[2025-07-17 14:12:47,362] [DEBUG] [TEST] Batch 33 | Pred shape: torch.Size([256, 256, 160]) | Label shape: torch.Size([256, 256, 160])
[2025-07-17 14:12:47,522] [DEBUG] [TEST] Batch 34 | Pred shape: torch.Size([256, 256, 160]) | Label shape: torch.Size([256, 256, 160])
[2025-07-17 14:12:47,683] [DEBUG] [TEST] Batch 35 | Pred shape: torch.Size([256, 256, 160]) | Label shape: torch.Size([256, 256, 160])
[2025-07-17 14:12:47,740] [DEBUG] [TEST] Batch 36 | Pred shape: torch.Size([256, 256, 160]) | Label shape: torch.Size([256, 256, 160])
[2025-07-17 14:12:47,797] [DEBUG] [TEST] Batch 37 | Pred shape: torch.Size([256, 256, 160]) | Label shape: torch.Size([256, 256, 160])
[2025-07-17 14:12:47,852] [DEBUG] [TEST] Batch 38 | Pred shape: torch.Size([256, 256, 160]) | Label shape: torch.Size([256, 256, 160])
[2025-07-17 14:12:47,910] [DEBUG] [TEST] Batch 39 | Pred shape: torch.Size([256, 256, 160]) | Label shape: torch.Size([256, 256, 160])
[2025-07-17 14:12:51,082] [INFO] [FIT] Final model saved to: Run_UNET_R2Non-IID30%_fedWSOcompC3_20250717/Client2/model_final.pth
[2025-07-17 14:15:13,763] [INFO] [EVALUATE] Starting evaluation...
[2025-07-17 14:15:19,280] [INFO] [DEBUG] Loaded compressed decoded weights.
[2025-07-17 14:16:26,484] [INFO] Model initialized on device: cuda:0
[2025-07-17 14:16:26,484] [INFO] Model initialized on device: cuda:0
[2025-07-17 14:16:26,592] [INFO] Model initialized on device: cuda:0
[2025-07-17 14:16:26,604] [INFO] Model initialized on device: cuda:0
[2025-07-17 14:16:26,791] [INFO] Model initialized on device: cuda:0
[2025-07-17 14:16:27,581] [INFO] Model initialized on device: cuda:0
[2025-07-17 14:16:27,604] [INFO] Model initialized on device: cuda:0
[2025-07-17 14:16:27,798] [INFO] Model initialized on device: cuda:0
[2025-07-17 14:16:27,992] [INFO] Model initialized on device: cuda:0
[2025-07-17 14:16:27,997] [INFO] Model initialized on device: cuda:0
[2025-07-17 14:16:32,287] [DEBUG] [TEST] Batch 1 | Pred shape: torch.Size([256, 256, 160]) | Label shape: torch.Size([256, 256, 160])
[2025-07-17 14:16:34,279] [DEBUG] [TEST] Batch 2 | Pred shape: torch.Size([256, 256, 160]) | Label shape: torch.Size([256, 256, 160])
[2025-07-17 14:16:35,410] [DEBUG] [TEST] Batch 3 | Pred shape: torch.Size([256, 256, 160]) | Label shape: torch.Size([256, 256, 160])
[2025-07-17 14:16:35,904] [DEBUG] [TEST] Batch 4 | Pred shape: torch.Size([256, 256, 160]) | Label shape: torch.Size([256, 256, 160])
[2025-07-17 14:16:36,188] [DEBUG] [TEST] Batch 5 | Pred shape: torch.Size([256, 256, 160]) | Label shape: torch.Size([256, 256, 160])
[2025-07-17 14:16:36,384] [DEBUG] [TEST] Batch 6 | Pred shape: torch.Size([256, 256, 160]) | Label shape: torch.Size([256, 256, 160])
[2025-07-17 14:16:36,605] [DEBUG] [TEST] Batch 7 | Pred shape: torch.Size([256, 256, 160]) | Label shape: torch.Size([256, 256, 160])
[2025-07-17 14:16:36,899] [DEBUG] [TEST] Batch 8 | Pred shape: torch.Size([256, 256, 160]) | Label shape: torch.Size([256, 256, 160])
[2025-07-17 14:16:37,199] [DEBUG] [TEST] Batch 9 | Pred shape: torch.Size([256, 256, 160]) | Label shape: torch.Size([256, 256, 160])
[2025-07-17 14:16:37,499] [DEBUG] [TEST] Batch 10 | Pred shape: torch.Size([256, 256, 160]) | Label shape: torch.Size([256, 256, 160])
[2025-07-17 14:16:37,796] [DEBUG] [TEST] Batch 11 | Pred shape: torch.Size([256, 256, 160]) | Label shape: torch.Size([256, 256, 160])
[2025-07-17 14:16:38,877] [DEBUG] [TEST] Batch 12 | Pred shape: torch.Size([256, 256, 160]) | Label shape: torch.Size([256, 256, 160])
[2025-07-17 14:16:39,981] [DEBUG] [TEST] Batch 13 | Pred shape: torch.Size([256, 256, 160]) | Label shape: torch.Size([256, 256, 160])
[2025-07-17 14:16:40,777] [DEBUG] [TEST] Batch 14 | Pred shape: torch.Size([256, 256, 160]) | Label shape: torch.Size([256, 256, 160])
[2025-07-17 14:16:40,904] [DEBUG] [TEST] Batch 15 | Pred shape: torch.Size([256, 256, 160]) | Label shape: torch.Size([256, 256, 160])
[2025-07-17 14:16:41,186] [DEBUG] [TEST] Batch 16 | Pred shape: torch.Size([256, 256, 160]) | Label shape: torch.Size([256, 256, 160])
[2025-07-17 14:16:41,486] [DEBUG] [TEST] Batch 17 | Pred shape: torch.Size([256, 256, 160]) | Label shape: torch.Size([256, 256, 160])
[2025-07-17 14:16:41,688] [DEBUG] [TEST] Batch 18 | Pred shape: torch.Size([256, 256, 160]) | Label shape: torch.Size([256, 256, 160])
[2025-07-17 14:16:41,886] [DEBUG] [TEST] Batch 19 | Pred shape: torch.Size([256, 256, 160]) | Label shape: torch.Size([256, 256, 160])
[2025-07-17 14:16:42,086] [DEBUG] [TEST] Batch 20 | Pred shape: torch.Size([256, 256, 160]) | Label shape: torch.Size([256, 256, 160])
[2025-07-17 14:16:42,578] [DEBUG] [TEST] Batch 21 | Pred shape: torch.Size([256, 256, 160]) | Label shape: torch.Size([256, 256, 160])
[2025-07-17 14:16:43,578] [DEBUG] [TEST] Batch 22 | Pred shape: torch.Size([256, 256, 160]) | Label shape: torch.Size([256, 256, 160])
[2025-07-17 14:16:46,803] [DEBUG] [TEST] Batch 23 | Pred shape: torch.Size([256, 256, 160]) | Label shape: torch.Size([256, 256, 160])
[2025-07-17 14:16:46,913] [DEBUG] [TEST] Batch 24 | Pred shape: torch.Size([256, 256, 160]) | Label shape: torch.Size([256, 256, 160])
[2025-07-17 14:16:46,981] [DEBUG] [TEST] Batch 25 | Pred shape: torch.Size([256, 256, 160]) | Label shape: torch.Size([256, 256, 160])
[2025-07-17 14:16:47,109] [DEBUG] [TEST] Batch 26 | Pred shape: torch.Size([256, 256, 160]) | Label shape: torch.Size([256, 256, 160])
[2025-07-17 14:16:47,285] [DEBUG] [TEST] Batch 27 | Pred shape: torch.Size([256, 256, 160]) | Label shape: torch.Size([256, 256, 160])
[2025-07-17 14:16:47,680] [DEBUG] [TEST] Batch 28 | Pred shape: torch.Size([256, 256, 160]) | Label shape: torch.Size([256, 256, 160])
[2025-07-17 14:16:47,736] [DEBUG] [TEST] Batch 29 | Pred shape: torch.Size([256, 256, 160]) | Label shape: torch.Size([256, 256, 160])
[2025-07-17 14:16:47,819] [DEBUG] [TEST] Batch 30 | Pred shape: torch.Size([256, 256, 160]) | Label shape: torch.Size([256, 256, 160])
[2025-07-17 14:16:48,623] [DEBUG] [TEST] Batch 31 | Pred shape: torch.Size([256, 256, 160]) | Label shape: torch.Size([256, 256, 160])
[2025-07-17 14:16:49,457] [DEBUG] [TEST] Batch 32 | Pred shape: torch.Size([256, 256, 160]) | Label shape: torch.Size([256, 256, 160])
[2025-07-17 14:16:50,214] [DEBUG] [TEST] Batch 33 | Pred shape: torch.Size([256, 256, 160]) | Label shape: torch.Size([256, 256, 160])
[2025-07-17 14:16:50,329] [DEBUG] [TEST] Batch 34 | Pred shape: torch.Size([256, 256, 160]) | Label shape: torch.Size([256, 256, 160])
[2025-07-17 14:16:50,455] [DEBUG] [TEST] Batch 35 | Pred shape: torch.Size([256, 256, 160]) | Label shape: torch.Size([256, 256, 160])
[2025-07-17 14:16:50,516] [DEBUG] [TEST] Batch 36 | Pred shape: torch.Size([256, 256, 160]) | Label shape: torch.Size([256, 256, 160])
[2025-07-17 14:16:50,574] [DEBUG] [TEST] Batch 37 | Pred shape: torch.Size([256, 256, 160]) | Label shape: torch.Size([256, 256, 160])
[2025-07-17 14:16:50,707] [DEBUG] [TEST] Batch 38 | Pred shape: torch.Size([256, 256, 160]) | Label shape: torch.Size([256, 256, 160])
[2025-07-17 14:16:50,776] [DEBUG] [TEST] Batch 39 | Pred shape: torch.Size([256, 256, 160]) | Label shape: torch.Size([256, 256, 160])
[2025-07-17 14:16:53,563] [INFO] [EVALUATE] Dice WT: 0.5892
[2025-07-17 14:16:59,694] [INFO] [FIT] Received parameters. Starting local training...
[2025-07-17 14:17:02,580] [INFO] [DEBUG] Loaded compressed decoded weights.
[2025-07-17 14:18:09,133] [INFO] Model initialized on device: cuda:0
[2025-07-17 14:18:11,973] [INFO] Model initialized on device: cuda:0
[2025-07-17 14:18:12,872] [INFO] Model initialized on device: cuda:0
[2025-07-17 14:18:12,881] [INFO] Model initialized on device: cuda:0
[2025-07-17 14:18:13,002] [INFO] Model initialized on device: cuda:0
[2025-07-17 14:18:13,308] [INFO] Model initialized on device: cuda:0
[2025-07-17 14:18:13,385] [INFO] Model initialized on device: cuda:0
[2025-07-17 14:18:13,471] [INFO] Model initialized on device: cuda:0
[2025-07-17 14:18:13,496] [INFO] Model initialized on device: cuda:0
[2025-07-17 14:18:13,500] [INFO] Model initialized on device: cuda:0
[2025-07-17 14:22:08,403] [INFO] [TRAIN] Epoch 1 Loss: 0.2871
[2025-07-17 14:22:53,595] [INFO] Model initialized on device: cuda:0
[2025-07-17 14:22:53,712] [INFO] Model initialized on device: cuda:0
[2025-07-17 14:22:53,983] [INFO] Model initialized on device: cuda:0
[2025-07-17 14:22:54,279] [INFO] Model initialized on device: cuda:0
[2025-07-17 14:22:54,982] [INFO] Model initialized on device: cuda:0
[2025-07-17 14:22:54,989] [INFO] Model initialized on device: cuda:0
[2025-07-17 14:22:55,213] [INFO] Model initialized on device: cuda:0
[2025-07-17 14:22:55,274] [INFO] Model initialized on device: cuda:0
[2025-07-17 14:22:55,287] [INFO] Model initialized on device: cuda:0
[2025-07-17 14:22:55,297] [INFO] Model initialized on device: cuda:0
[2025-07-17 14:26:40,879] [INFO] [TRAIN] Epoch 2 Loss: 0.2202
[2025-07-17 14:27:26,273] [INFO] Model initialized on device: cuda:0
[2025-07-17 14:27:26,281] [INFO] Model initialized on device: cuda:0
[2025-07-17 14:27:26,693] [INFO] Model initialized on device: cuda:0
[2025-07-17 14:27:26,777] [INFO] Model initialized on device: cuda:0
[2025-07-17 14:27:26,799] [INFO] Model initialized on device: cuda:0
[2025-07-17 14:27:26,809] [INFO] Model initialized on device: cuda:0
[2025-07-17 14:27:26,878] [INFO] Model initialized on device: cuda:0
[2025-07-17 14:27:26,885] [INFO] Model initialized on device: cuda:0
[2025-07-17 14:27:26,902] [INFO] Model initialized on device: cuda:0
[2025-07-17 14:27:26,902] [INFO] Model initialized on device: cuda:0
[2025-07-17 14:30:44,188] [INFO] [TRAIN] Epoch 3 Loss: 0.2023
[2025-07-17 14:31:02,175] [INFO] Model initialized on device: cuda:0
[2025-07-17 14:31:02,528] [INFO] Model initialized on device: cuda:0
[2025-07-17 14:31:02,929] [INFO] Model initialized on device: cuda:0
[2025-07-17 14:31:03,273] [INFO] Model initialized on device: cuda:0
[2025-07-17 14:31:03,778] [INFO] Model initialized on device: cuda:0
[2025-07-17 14:31:03,822] [INFO] Model initialized on device: cuda:0
[2025-07-17 14:31:03,825] [INFO] Model initialized on device: cuda:0
[2025-07-17 14:31:03,883] [INFO] Model initialized on device: cuda:0
[2025-07-17 14:31:03,890] [INFO] Model initialized on device: cuda:0
[2025-07-17 14:31:03,976] [INFO] Model initialized on device: cuda:0
[2025-07-17 14:32:53,671] [INFO] [TRAIN] Epoch 4 Loss: 0.1868
[2025-07-17 14:33:08,582] [INFO] Model initialized on device: cuda:0
[2025-07-17 14:33:09,209] [INFO] Model initialized on device: cuda:0
[2025-07-17 14:33:10,291] [INFO] Model initialized on device: cuda:0
[2025-07-17 14:33:10,497] [INFO] Model initialized on device: cuda:0
[2025-07-17 14:33:11,103] [INFO] Model initialized on device: cuda:0
[2025-07-17 14:33:11,535] [INFO] Model initialized on device: cuda:0
[2025-07-17 14:33:11,543] [INFO] Model initialized on device: cuda:0
[2025-07-17 14:33:11,611] [INFO] Model initialized on device: cuda:0
[2025-07-17 14:33:12,070] [INFO] Model initialized on device: cuda:0
[2025-07-17 14:33:12,083] [INFO] Model initialized on device: cuda:0
[2025-07-17 14:35:05,449] [INFO] [TRAIN] Epoch 5 Loss: 0.1765
[2025-07-17 14:35:05,451] [INFO] [FIT] Local training finished. Avg Loss: 0.2146
[2025-07-17 14:35:20,911] [INFO] Model initialized on device: cuda:0
[2025-07-17 14:35:21,650] [INFO] Model initialized on device: cuda:0
[2025-07-17 14:35:21,692] [INFO] Model initialized on device: cuda:0
[2025-07-17 14:35:23,647] [INFO] Model initialized on device: cuda:0
[2025-07-17 14:35:23,721] [INFO] Model initialized on device: cuda:0
[2025-07-17 14:35:23,818] [INFO] Model initialized on device: cuda:0
[2025-07-17 14:35:23,975] [INFO] Model initialized on device: cuda:0
[2025-07-17 14:35:24,274] [INFO] Model initialized on device: cuda:0
[2025-07-17 14:35:24,283] [INFO] Model initialized on device: cuda:0
[2025-07-17 14:35:24,297] [INFO] Model initialized on device: cuda:0
[2025-07-17 14:35:27,878] [DEBUG] [TEST] Batch 1 | Pred shape: torch.Size([256, 256, 160]) | Label shape: torch.Size([256, 256, 160])
[2025-07-17 14:35:28,049] [DEBUG] [TEST] Batch 2 | Pred shape: torch.Size([256, 256, 160]) | Label shape: torch.Size([256, 256, 160])
[2025-07-17 14:35:28,120] [DEBUG] [TEST] Batch 3 | Pred shape: torch.Size([256, 256, 160]) | Label shape: torch.Size([256, 256, 160])
[2025-07-17 14:35:28,178] [DEBUG] [TEST] Batch 4 | Pred shape: torch.Size([256, 256, 160]) | Label shape: torch.Size([256, 256, 160])
[2025-07-17 14:35:28,822] [DEBUG] [TEST] Batch 5 | Pred shape: torch.Size([256, 256, 160]) | Label shape: torch.Size([256, 256, 160])
[2025-07-17 14:35:28,998] [DEBUG] [TEST] Batch 6 | Pred shape: torch.Size([256, 256, 160]) | Label shape: torch.Size([256, 256, 160])
[2025-07-17 14:35:29,177] [DEBUG] [TEST] Batch 7 | Pred shape: torch.Size([256, 256, 160]) | Label shape: torch.Size([256, 256, 160])
[2025-07-17 14:35:29,373] [DEBUG] [TEST] Batch 8 | Pred shape: torch.Size([256, 256, 160]) | Label shape: torch.Size([256, 256, 160])
[2025-07-17 14:35:29,574] [DEBUG] [TEST] Batch 9 | Pred shape: torch.Size([256, 256, 160]) | Label shape: torch.Size([256, 256, 160])
[2025-07-17 14:35:29,781] [DEBUG] [TEST] Batch 10 | Pred shape: torch.Size([256, 256, 160]) | Label shape: torch.Size([256, 256, 160])
[2025-07-17 14:35:31,079] [DEBUG] [TEST] Batch 11 | Pred shape: torch.Size([256, 256, 160]) | Label shape: torch.Size([256, 256, 160])
[2025-07-17 14:35:31,526] [DEBUG] [TEST] Batch 12 | Pred shape: torch.Size([256, 256, 160]) | Label shape: torch.Size([256, 256, 160])
[2025-07-17 14:35:31,610] [DEBUG] [TEST] Batch 13 | Pred shape: torch.Size([256, 256, 160]) | Label shape: torch.Size([256, 256, 160])
[2025-07-17 14:35:31,700] [DEBUG] [TEST] Batch 14 | Pred shape: torch.Size([256, 256, 160]) | Label shape: torch.Size([256, 256, 160])
[2025-07-17 14:35:31,776] [DEBUG] [TEST] Batch 15 | Pred shape: torch.Size([256, 256, 160]) | Label shape: torch.Size([256, 256, 160])
[2025-07-17 14:35:31,873] [DEBUG] [TEST] Batch 16 | Pred shape: torch.Size([256, 256, 160]) | Label shape: torch.Size([256, 256, 160])
[2025-07-17 14:35:31,931] [DEBUG] [TEST] Batch 17 | Pred shape: torch.Size([256, 256, 160]) | Label shape: torch.Size([256, 256, 160])
[2025-07-17 14:35:32,030] [DEBUG] [TEST] Batch 18 | Pred shape: torch.Size([256, 256, 160]) | Label shape: torch.Size([256, 256, 160])
[2025-07-17 14:35:32,119] [DEBUG] [TEST] Batch 19 | Pred shape: torch.Size([256, 256, 160]) | Label shape: torch.Size([256, 256, 160])
[2025-07-17 14:35:32,277] [DEBUG] [TEST] Batch 20 | Pred shape: torch.Size([256, 256, 160]) | Label shape: torch.Size([256, 256, 160])
[2025-07-17 14:35:34,032] [DEBUG] [TEST] Batch 21 | Pred shape: torch.Size([256, 256, 160]) | Label shape: torch.Size([256, 256, 160])
[2025-07-17 14:35:34,817] [DEBUG] [TEST] Batch 22 | Pred shape: torch.Size([256, 256, 160]) | Label shape: torch.Size([256, 256, 160])
[2025-07-17 14:35:34,876] [DEBUG] [TEST] Batch 23 | Pred shape: torch.Size([256, 256, 160]) | Label shape: torch.Size([256, 256, 160])
[2025-07-17 14:35:34,933] [DEBUG] [TEST] Batch 24 | Pred shape: torch.Size([256, 256, 160]) | Label shape: torch.Size([256, 256, 160])
[2025-07-17 14:35:35,594] [DEBUG] [TEST] Batch 25 | Pred shape: torch.Size([256, 256, 160]) | Label shape: torch.Size([256, 256, 160])
[2025-07-17 14:35:35,680] [DEBUG] [TEST] Batch 26 | Pred shape: torch.Size([256, 256, 160]) | Label shape: torch.Size([256, 256, 160])
[2025-07-17 14:35:35,794] [DEBUG] [TEST] Batch 27 | Pred shape: torch.Size([256, 256, 160]) | Label shape: torch.Size([256, 256, 160])
[2025-07-17 14:35:35,878] [DEBUG] [TEST] Batch 28 | Pred shape: torch.Size([256, 256, 160]) | Label shape: torch.Size([256, 256, 160])
[2025-07-17 14:35:36,023] [DEBUG] [TEST] Batch 29 | Pred shape: torch.Size([256, 256, 160]) | Label shape: torch.Size([256, 256, 160])
[2025-07-17 14:35:36,213] [DEBUG] [TEST] Batch 30 | Pred shape: torch.Size([256, 256, 160]) | Label shape: torch.Size([256, 256, 160])
[2025-07-17 14:35:36,476] [DEBUG] [TEST] Batch 31 | Pred shape: torch.Size([256, 256, 160]) | Label shape: torch.Size([256, 256, 160])
[2025-07-17 14:35:37,987] [DEBUG] [TEST] Batch 32 | Pred shape: torch.Size([256, 256, 160]) | Label shape: torch.Size([256, 256, 160])
[2025-07-17 14:35:38,135] [DEBUG] [TEST] Batch 33 | Pred shape: torch.Size([256, 256, 160]) | Label shape: torch.Size([256, 256, 160])
[2025-07-17 14:35:38,194] [DEBUG] [TEST] Batch 34 | Pred shape: torch.Size([256, 256, 160]) | Label shape: torch.Size([256, 256, 160])
[2025-07-17 14:35:38,251] [DEBUG] [TEST] Batch 35 | Pred shape: torch.Size([256, 256, 160]) | Label shape: torch.Size([256, 256, 160])
[2025-07-17 14:35:38,310] [DEBUG] [TEST] Batch 36 | Pred shape: torch.Size([256, 256, 160]) | Label shape: torch.Size([256, 256, 160])
[2025-07-17 14:35:38,455] [DEBUG] [TEST] Batch 37 | Pred shape: torch.Size([256, 256, 160]) | Label shape: torch.Size([256, 256, 160])
[2025-07-17 14:35:38,616] [DEBUG] [TEST] Batch 38 | Pred shape: torch.Size([256, 256, 160]) | Label shape: torch.Size([256, 256, 160])
[2025-07-17 14:35:38,769] [DEBUG] [TEST] Batch 39 | Pred shape: torch.Size([256, 256, 160]) | Label shape: torch.Size([256, 256, 160])
[2025-07-17 14:35:41,987] [INFO] [FIT] Final model saved to: Run_UNET_R2Non-IID30%_fedWSOcompC3_20250717/Client2/model_final.pth
[2025-07-17 14:38:05,692] [INFO] [EVALUATE] Starting evaluation...
[2025-07-17 14:38:11,673] [INFO] [DEBUG] Loaded compressed decoded weights.
[2025-07-17 14:39:19,195] [INFO] Model initialized on device: cuda:0
[2025-07-17 14:39:19,785] [INFO] Model initialized on device: cuda:0
[2025-07-17 14:39:19,813] [INFO] Model initialized on device: cuda:0
[2025-07-17 14:39:20,073] [INFO] Model initialized on device: cuda:0
[2025-07-17 14:39:20,381] [INFO] Model initialized on device: cuda:0
[2025-07-17 14:39:20,774] [INFO] Model initialized on device: cuda:0
[2025-07-17 14:39:20,877] [INFO] Model initialized on device: cuda:0
[2025-07-17 14:39:20,902] [INFO] Model initialized on device: cuda:0
[2025-07-17 14:39:20,974] [INFO] Model initialized on device: cuda:0
[2025-07-17 14:39:20,974] [INFO] Model initialized on device: cuda:0
[2025-07-17 14:39:27,082] [DEBUG] [TEST] Batch 1 | Pred shape: torch.Size([256, 256, 160]) | Label shape: torch.Size([256, 256, 160])
[2025-07-17 14:39:28,682] [DEBUG] [TEST] Batch 2 | Pred shape: torch.Size([256, 256, 160]) | Label shape: torch.Size([256, 256, 160])
[2025-07-17 14:39:28,885] [DEBUG] [TEST] Batch 3 | Pred shape: torch.Size([256, 256, 160]) | Label shape: torch.Size([256, 256, 160])
[2025-07-17 14:39:29,171] [DEBUG] [TEST] Batch 4 | Pred shape: torch.Size([256, 256, 160]) | Label shape: torch.Size([256, 256, 160])
[2025-07-17 14:39:29,410] [DEBUG] [TEST] Batch 5 | Pred shape: torch.Size([256, 256, 160]) | Label shape: torch.Size([256, 256, 160])
[2025-07-17 14:39:29,694] [DEBUG] [TEST] Batch 6 | Pred shape: torch.Size([256, 256, 160]) | Label shape: torch.Size([256, 256, 160])
[2025-07-17 14:39:29,976] [DEBUG] [TEST] Batch 7 | Pred shape: torch.Size([256, 256, 160]) | Label shape: torch.Size([256, 256, 160])
[2025-07-17 14:39:30,097] [DEBUG] [TEST] Batch 8 | Pred shape: torch.Size([256, 256, 160]) | Label shape: torch.Size([256, 256, 160])
[2025-07-17 14:39:30,388] [DEBUG] [TEST] Batch 9 | Pred shape: torch.Size([256, 256, 160]) | Label shape: torch.Size([256, 256, 160])
[2025-07-17 14:39:30,697] [DEBUG] [TEST] Batch 10 | Pred shape: torch.Size([256, 256, 160]) | Label shape: torch.Size([256, 256, 160])
[2025-07-17 14:39:31,378] [DEBUG] [TEST] Batch 11 | Pred shape: torch.Size([256, 256, 160]) | Label shape: torch.Size([256, 256, 160])
[2025-07-17 14:39:33,381] [DEBUG] [TEST] Batch 12 | Pred shape: torch.Size([256, 256, 160]) | Label shape: torch.Size([256, 256, 160])
[2025-07-17 14:39:33,877] [DEBUG] [TEST] Batch 13 | Pred shape: torch.Size([256, 256, 160]) | Label shape: torch.Size([256, 256, 160])
[2025-07-17 14:39:33,977] [DEBUG] [TEST] Batch 14 | Pred shape: torch.Size([256, 256, 160]) | Label shape: torch.Size([256, 256, 160])
[2025-07-17 14:39:34,680] [DEBUG] [TEST] Batch 15 | Pred shape: torch.Size([256, 256, 160]) | Label shape: torch.Size([256, 256, 160])
[2025-07-17 14:39:34,777] [DEBUG] [TEST] Batch 16 | Pred shape: torch.Size([256, 256, 160]) | Label shape: torch.Size([256, 256, 160])
[2025-07-17 14:39:34,877] [DEBUG] [TEST] Batch 17 | Pred shape: torch.Size([256, 256, 160]) | Label shape: torch.Size([256, 256, 160])
[2025-07-17 14:39:34,976] [DEBUG] [TEST] Batch 18 | Pred shape: torch.Size([256, 256, 160]) | Label shape: torch.Size([256, 256, 160])
[2025-07-17 14:39:35,076] [DEBUG] [TEST] Batch 19 | Pred shape: torch.Size([256, 256, 160]) | Label shape: torch.Size([256, 256, 160])
[2025-07-17 14:39:35,206] [DEBUG] [TEST] Batch 20 | Pred shape: torch.Size([256, 256, 160]) | Label shape: torch.Size([256, 256, 160])
[2025-07-17 14:39:36,079] [DEBUG] [TEST] Batch 21 | Pred shape: torch.Size([256, 256, 160]) | Label shape: torch.Size([256, 256, 160])
[2025-07-17 14:39:39,379] [DEBUG] [TEST] Batch 22 | Pred shape: torch.Size([256, 256, 160]) | Label shape: torch.Size([256, 256, 160])
[2025-07-17 14:39:39,698] [DEBUG] [TEST] Batch 23 | Pred shape: torch.Size([256, 256, 160]) | Label shape: torch.Size([256, 256, 160])
[2025-07-17 14:39:39,776] [DEBUG] [TEST] Batch 24 | Pred shape: torch.Size([256, 256, 160]) | Label shape: torch.Size([256, 256, 160])
[2025-07-17 14:39:40,700] [DEBUG] [TEST] Batch 25 | Pred shape: torch.Size([256, 256, 160]) | Label shape: torch.Size([256, 256, 160])
[2025-07-17 14:39:40,821] [DEBUG] [TEST] Batch 26 | Pred shape: torch.Size([256, 256, 160]) | Label shape: torch.Size([256, 256, 160])
[2025-07-17 14:39:40,985] [DEBUG] [TEST] Batch 27 | Pred shape: torch.Size([256, 256, 160]) | Label shape: torch.Size([256, 256, 160])
[2025-07-17 14:39:41,114] [DEBUG] [TEST] Batch 28 | Pred shape: torch.Size([256, 256, 160]) | Label shape: torch.Size([256, 256, 160])
[2025-07-17 14:39:41,283] [DEBUG] [TEST] Batch 29 | Pred shape: torch.Size([256, 256, 160]) | Label shape: torch.Size([256, 256, 160])
[2025-07-17 14:39:41,406] [DEBUG] [TEST] Batch 30 | Pred shape: torch.Size([256, 256, 160]) | Label shape: torch.Size([256, 256, 160])
[2025-07-17 14:39:41,478] [DEBUG] [TEST] Batch 31 | Pred shape: torch.Size([256, 256, 160]) | Label shape: torch.Size([256, 256, 160])
[2025-07-17 14:39:42,818] [DEBUG] [TEST] Batch 32 | Pred shape: torch.Size([256, 256, 160]) | Label shape: torch.Size([256, 256, 160])
[2025-07-17 14:39:42,942] [DEBUG] [TEST] Batch 33 | Pred shape: torch.Size([256, 256, 160]) | Label shape: torch.Size([256, 256, 160])
[2025-07-17 14:39:43,063] [DEBUG] [TEST] Batch 34 | Pred shape: torch.Size([256, 256, 160]) | Label shape: torch.Size([256, 256, 160])
[2025-07-17 14:39:43,723] [DEBUG] [TEST] Batch 35 | Pred shape: torch.Size([256, 256, 160]) | Label shape: torch.Size([256, 256, 160])
[2025-07-17 14:39:43,779] [DEBUG] [TEST] Batch 36 | Pred shape: torch.Size([256, 256, 160]) | Label shape: torch.Size([256, 256, 160])
[2025-07-17 14:39:43,838] [DEBUG] [TEST] Batch 37 | Pred shape: torch.Size([256, 256, 160]) | Label shape: torch.Size([256, 256, 160])
[2025-07-17 14:39:43,893] [DEBUG] [TEST] Batch 38 | Pred shape: torch.Size([256, 256, 160]) | Label shape: torch.Size([256, 256, 160])
[2025-07-17 14:39:43,951] [DEBUG] [TEST] Batch 39 | Pred shape: torch.Size([256, 256, 160]) | Label shape: torch.Size([256, 256, 160])
[2025-07-17 14:39:46,829] [INFO] [EVALUATE] Dice WT: 0.4881
[2025-07-17 14:39:54,499] [INFO] [FIT] Received parameters. Starting local training...
[2025-07-17 14:39:57,979] [INFO] [DEBUG] Loaded compressed decoded weights.
[2025-07-17 14:41:06,301] [INFO] Model initialized on device: cuda:0
[2025-07-17 14:41:06,589] [INFO] Model initialized on device: cuda:0
[2025-07-17 14:41:06,929] [INFO] Model initialized on device: cuda:0
[2025-07-17 14:41:07,394] [INFO] Model initialized on device: cuda:0
[2025-07-17 14:41:07,476] [INFO] Model initialized on device: cuda:0
[2025-07-17 14:41:07,481] [INFO] Model initialized on device: cuda:0
[2025-07-17 14:41:07,504] [INFO] Model initialized on device: cuda:0
[2025-07-17 14:41:07,504] [INFO] Model initialized on device: cuda:0
[2025-07-17 14:41:07,511] [INFO] Model initialized on device: cuda:0
[2025-07-17 14:41:08,194] [INFO] Model initialized on device: cuda:0
[2025-07-17 14:45:03,478] [INFO] [TRAIN] Epoch 1 Loss: 0.2827
[2025-07-17 14:45:48,870] [INFO] Model initialized on device: cuda:0
[2025-07-17 14:45:48,874] [INFO] Model initialized on device: cuda:0
[2025-07-17 14:45:48,983] [INFO] Model initialized on device: cuda:0
[2025-07-17 14:45:49,016] [INFO] Model initialized on device: cuda:0
[2025-07-17 14:45:49,016] [INFO] Model initialized on device: cuda:0
[2025-07-17 14:45:49,018] [INFO] Model initialized on device: cuda:0
[2025-07-17 14:45:49,074] [INFO] Model initialized on device: cuda:0
[2025-07-17 14:45:49,074] [INFO] Model initialized on device: cuda:0
[2025-07-17 14:45:49,075] [INFO] Model initialized on device: cuda:0
[2025-07-17 14:45:49,075] [INFO] Model initialized on device: cuda:0
[2025-07-17 14:49:36,285] [INFO] [TRAIN] Epoch 2 Loss: 0.2152
[2025-07-17 14:50:19,796] [INFO] Model initialized on device: cuda:0
[2025-07-17 14:50:21,374] [INFO] Model initialized on device: cuda:0
[2025-07-17 14:50:21,379] [INFO] Model initialized on device: cuda:0
[2025-07-17 14:50:21,382] [INFO] Model initialized on device: cuda:0
[2025-07-17 14:50:21,387] [INFO] Model initialized on device: cuda:0
[2025-07-17 14:50:21,398] [INFO] Model initialized on device: cuda:0
[2025-07-17 14:50:21,482] [INFO] Model initialized on device: cuda:0
[2025-07-17 14:50:21,482] [INFO] Model initialized on device: cuda:0
[2025-07-17 14:50:21,484] [INFO] Model initialized on device: cuda:0
[2025-07-17 14:50:21,484] [INFO] Model initialized on device: cuda:0
[2025-07-17 14:53:41,967] [INFO] [TRAIN] Epoch 3 Loss: 0.1952
[2025-07-17 14:54:03,676] [INFO] Model initialized on device: cuda:0
[2025-07-17 14:54:03,777] [INFO] Model initialized on device: cuda:0
[2025-07-17 14:54:03,877] [INFO] Model initialized on device: cuda:0
[2025-07-17 14:54:03,895] [INFO] Model initialized on device: cuda:0
[2025-07-17 14:54:03,895] [INFO] Model initialized on device: cuda:0
[2025-07-17 14:54:03,917] [INFO] Model initialized on device: cuda:0
[2025-07-17 14:54:03,922] [INFO] Model initialized on device: cuda:0
[2025-07-17 14:54:03,930] [INFO] Model initialized on device: cuda:0
[2025-07-17 14:54:03,932] [INFO] Model initialized on device: cuda:0
[2025-07-17 14:54:03,933] [INFO] Model initialized on device: cuda:0
[2025-07-17 14:55:56,299] [INFO] [TRAIN] Epoch 4 Loss: 0.1839
[2025-07-17 14:56:12,396] [INFO] Model initialized on device: cuda:0
[2025-07-17 14:56:13,285] [INFO] Model initialized on device: cuda:0
[2025-07-17 14:56:13,529] [INFO] Model initialized on device: cuda:0
[2025-07-17 14:56:14,072] [INFO] Model initialized on device: cuda:0
[2025-07-17 14:56:15,938] [INFO] Model initialized on device: cuda:0
[2025-07-17 14:56:15,940] [INFO] Model initialized on device: cuda:0
[2025-07-17 14:56:15,992] [INFO] Model initialized on device: cuda:0
[2025-07-17 14:56:15,992] [INFO] Model initialized on device: cuda:0
[2025-07-17 14:56:16,233] [INFO] Model initialized on device: cuda:0
[2025-07-17 14:56:16,274] [INFO] Model initialized on device: cuda:0
[2025-07-17 14:58:11,267] [INFO] [TRAIN] Epoch 5 Loss: 0.1721
[2025-07-17 14:58:11,269] [INFO] [FIT] Local training finished. Avg Loss: 0.2098
[2025-07-17 14:58:27,139] [INFO] Model initialized on device: cuda:0
[2025-07-17 14:58:28,099] [INFO] Model initialized on device: cuda:0
[2025-07-17 14:58:28,680] [INFO] Model initialized on device: cuda:0
[2025-07-17 14:58:30,180] [INFO] Model initialized on device: cuda:0
[2025-07-17 14:58:30,378] [INFO] Model initialized on device: cuda:0
[2025-07-17 14:58:30,592] [INFO] Model initialized on device: cuda:0
[2025-07-17 14:58:31,320] [INFO] Model initialized on device: cuda:0
[2025-07-17 14:58:31,375] [INFO] Model initialized on device: cuda:0
[2025-07-17 14:58:31,381] [INFO] Model initialized on device: cuda:0
[2025-07-17 14:58:31,384] [INFO] Model initialized on device: cuda:0
[2025-07-17 14:58:34,106] [DEBUG] [TEST] Batch 1 | Pred shape: torch.Size([256, 256, 160]) | Label shape: torch.Size([256, 256, 160])
[2025-07-17 14:58:34,279] [DEBUG] [TEST] Batch 2 | Pred shape: torch.Size([256, 256, 160]) | Label shape: torch.Size([256, 256, 160])
[2025-07-17 14:58:34,479] [DEBUG] [TEST] Batch 3 | Pred shape: torch.Size([256, 256, 160]) | Label shape: torch.Size([256, 256, 160])
[2025-07-17 14:58:34,578] [DEBUG] [TEST] Batch 4 | Pred shape: torch.Size([256, 256, 160]) | Label shape: torch.Size([256, 256, 160])
[2025-07-17 14:58:34,697] [DEBUG] [TEST] Batch 5 | Pred shape: torch.Size([256, 256, 160]) | Label shape: torch.Size([256, 256, 160])
[2025-07-17 14:58:34,833] [DEBUG] [TEST] Batch 6 | Pred shape: torch.Size([256, 256, 160]) | Label shape: torch.Size([256, 256, 160])
[2025-07-17 14:58:34,900] [DEBUG] [TEST] Batch 7 | Pred shape: torch.Size([256, 256, 160]) | Label shape: torch.Size([256, 256, 160])
[2025-07-17 14:58:34,976] [DEBUG] [TEST] Batch 8 | Pred shape: torch.Size([256, 256, 160]) | Label shape: torch.Size([256, 256, 160])
[2025-07-17 14:58:35,378] [DEBUG] [TEST] Batch 9 | Pred shape: torch.Size([256, 256, 160]) | Label shape: torch.Size([256, 256, 160])
[2025-07-17 14:58:35,581] [DEBUG] [TEST] Batch 10 | Pred shape: torch.Size([256, 256, 160]) | Label shape: torch.Size([256, 256, 160])
[2025-07-17 14:58:37,300] [DEBUG] [TEST] Batch 11 | Pred shape: torch.Size([256, 256, 160]) | Label shape: torch.Size([256, 256, 160])
[2025-07-17 14:58:37,381] [DEBUG] [TEST] Batch 12 | Pred shape: torch.Size([256, 256, 160]) | Label shape: torch.Size([256, 256, 160])
[2025-07-17 14:58:37,472] [DEBUG] [TEST] Batch 13 | Pred shape: torch.Size([256, 256, 160]) | Label shape: torch.Size([256, 256, 160])
[2025-07-17 14:58:37,611] [DEBUG] [TEST] Batch 14 | Pred shape: torch.Size([256, 256, 160]) | Label shape: torch.Size([256, 256, 160])
[2025-07-17 14:58:38,477] [DEBUG] [TEST] Batch 15 | Pred shape: torch.Size([256, 256, 160]) | Label shape: torch.Size([256, 256, 160])
[2025-07-17 14:58:38,579] [DEBUG] [TEST] Batch 16 | Pred shape: torch.Size([256, 256, 160]) | Label shape: torch.Size([256, 256, 160])
[2025-07-17 14:58:38,680] [DEBUG] [TEST] Batch 17 | Pred shape: torch.Size([256, 256, 160]) | Label shape: torch.Size([256, 256, 160])
[2025-07-17 14:58:38,777] [DEBUG] [TEST] Batch 18 | Pred shape: torch.Size([256, 256, 160]) | Label shape: torch.Size([256, 256, 160])
[2025-07-17 14:58:38,875] [DEBUG] [TEST] Batch 19 | Pred shape: torch.Size([256, 256, 160]) | Label shape: torch.Size([256, 256, 160])
[2025-07-17 14:58:39,431] [DEBUG] [TEST] Batch 20 | Pred shape: torch.Size([256, 256, 160]) | Label shape: torch.Size([256, 256, 160])
[2025-07-17 14:58:41,012] [DEBUG] [TEST] Batch 21 | Pred shape: torch.Size([256, 256, 160]) | Label shape: torch.Size([256, 256, 160])
[2025-07-17 14:58:41,177] [DEBUG] [TEST] Batch 22 | Pred shape: torch.Size([256, 256, 160]) | Label shape: torch.Size([256, 256, 160])
[2025-07-17 14:58:41,303] [DEBUG] [TEST] Batch 23 | Pred shape: torch.Size([256, 256, 160]) | Label shape: torch.Size([256, 256, 160])
[2025-07-17 14:58:41,504] [DEBUG] [TEST] Batch 24 | Pred shape: torch.Size([256, 256, 160]) | Label shape: torch.Size([256, 256, 160])
[2025-07-17 14:58:42,073] [DEBUG] [TEST] Batch 25 | Pred shape: torch.Size([256, 256, 160]) | Label shape: torch.Size([256, 256, 160])
[2025-07-17 14:58:42,185] [DEBUG] [TEST] Batch 26 | Pred shape: torch.Size([256, 256, 160]) | Label shape: torch.Size([256, 256, 160])
[2025-07-17 14:58:42,247] [DEBUG] [TEST] Batch 27 | Pred shape: torch.Size([256, 256, 160]) | Label shape: torch.Size([256, 256, 160])
[2025-07-17 14:58:42,378] [DEBUG] [TEST] Batch 28 | Pred shape: torch.Size([256, 256, 160]) | Label shape: torch.Size([256, 256, 160])
[2025-07-17 14:58:42,478] [DEBUG] [TEST] Batch 29 | Pred shape: torch.Size([256, 256, 160]) | Label shape: torch.Size([256, 256, 160])
[2025-07-17 14:58:42,724] [DEBUG] [TEST] Batch 30 | Pred shape: torch.Size([256, 256, 160]) | Label shape: torch.Size([256, 256, 160])
[2025-07-17 14:58:43,498] [DEBUG] [TEST] Batch 31 | Pred shape: torch.Size([256, 256, 160]) | Label shape: torch.Size([256, 256, 160])
[2025-07-17 14:58:43,555] [DEBUG] [TEST] Batch 32 | Pred shape: torch.Size([256, 256, 160]) | Label shape: torch.Size([256, 256, 160])
[2025-07-17 14:58:43,611] [DEBUG] [TEST] Batch 33 | Pred shape: torch.Size([256, 256, 160]) | Label shape: torch.Size([256, 256, 160])
[2025-07-17 14:58:43,686] [DEBUG] [TEST] Batch 34 | Pred shape: torch.Size([256, 256, 160]) | Label shape: torch.Size([256, 256, 160])
[2025-07-17 14:58:44,770] [DEBUG] [TEST] Batch 35 | Pred shape: torch.Size([256, 256, 160]) | Label shape: torch.Size([256, 256, 160])
[2025-07-17 14:58:44,827] [DEBUG] [TEST] Batch 36 | Pred shape: torch.Size([256, 256, 160]) | Label shape: torch.Size([256, 256, 160])
[2025-07-17 14:58:44,974] [DEBUG] [TEST] Batch 37 | Pred shape: torch.Size([256, 256, 160]) | Label shape: torch.Size([256, 256, 160])
[2025-07-17 14:58:45,030] [DEBUG] [TEST] Batch 38 | Pred shape: torch.Size([256, 256, 160]) | Label shape: torch.Size([256, 256, 160])
[2025-07-17 14:58:45,086] [DEBUG] [TEST] Batch 39 | Pred shape: torch.Size([256, 256, 160]) | Label shape: torch.Size([256, 256, 160])
[2025-07-17 14:58:48,431] [INFO] [FIT] Final model saved to: Run_UNET_R2Non-IID30%_fedWSOcompC3_20250717/Client2/model_final.pth
[2025-07-17 15:01:11,988] [INFO] [EVALUATE] Starting evaluation...
[2025-07-17 15:01:15,384] [INFO] [DEBUG] Loaded compressed decoded weights.
[2025-07-17 15:02:25,873] [INFO] Model initialized on device: cuda:0
[2025-07-17 15:02:26,076] [INFO] Model initialized on device: cuda:0
[2025-07-17 15:02:26,400] [INFO] Model initialized on device: cuda:0
[2025-07-17 15:02:26,403] [INFO] Model initialized on device: cuda:0
[2025-07-17 15:02:26,770] [INFO] Model initialized on device: cuda:0
[2025-07-17 15:02:27,000] [INFO] Model initialized on device: cuda:0
[2025-07-17 15:02:27,003] [INFO] Model initialized on device: cuda:0
[2025-07-17 15:02:27,004] [INFO] Model initialized on device: cuda:0
[2025-07-17 15:02:27,086] [INFO] Model initialized on device: cuda:0
[2025-07-17 15:02:27,108] [INFO] Model initialized on device: cuda:0
[2025-07-17 15:02:31,879] [DEBUG] [TEST] Batch 1 | Pred shape: torch.Size([256, 256, 160]) | Label shape: torch.Size([256, 256, 160])
[2025-07-17 15:02:34,301] [DEBUG] [TEST] Batch 2 | Pred shape: torch.Size([256, 256, 160]) | Label shape: torch.Size([256, 256, 160])
[2025-07-17 15:02:35,176] [DEBUG] [TEST] Batch 3 | Pred shape: torch.Size([256, 256, 160]) | Label shape: torch.Size([256, 256, 160])
[2025-07-17 15:02:35,306] [DEBUG] [TEST] Batch 4 | Pred shape: torch.Size([256, 256, 160]) | Label shape: torch.Size([256, 256, 160])
[2025-07-17 15:02:35,573] [DEBUG] [TEST] Batch 5 | Pred shape: torch.Size([256, 256, 160]) | Label shape: torch.Size([256, 256, 160])
[2025-07-17 15:02:35,892] [DEBUG] [TEST] Batch 6 | Pred shape: torch.Size([256, 256, 160]) | Label shape: torch.Size([256, 256, 160])
[2025-07-17 15:02:35,987] [DEBUG] [TEST] Batch 7 | Pred shape: torch.Size([256, 256, 160]) | Label shape: torch.Size([256, 256, 160])
[2025-07-17 15:02:36,277] [DEBUG] [TEST] Batch 8 | Pred shape: torch.Size([256, 256, 160]) | Label shape: torch.Size([256, 256, 160])
[2025-07-17 15:02:36,488] [DEBUG] [TEST] Batch 9 | Pred shape: torch.Size([256, 256, 160]) | Label shape: torch.Size([256, 256, 160])
[2025-07-17 15:02:36,576] [DEBUG] [TEST] Batch 10 | Pred shape: torch.Size([256, 256, 160]) | Label shape: torch.Size([256, 256, 160])
[2025-07-17 15:02:37,897] [DEBUG] [TEST] Batch 11 | Pred shape: torch.Size([256, 256, 160]) | Label shape: torch.Size([256, 256, 160])
[2025-07-17 15:02:39,980] [DEBUG] [TEST] Batch 12 | Pred shape: torch.Size([256, 256, 160]) | Label shape: torch.Size([256, 256, 160])
[2025-07-17 15:02:40,103] [DEBUG] [TEST] Batch 13 | Pred shape: torch.Size([256, 256, 160]) | Label shape: torch.Size([256, 256, 160])
[2025-07-17 15:02:40,285] [DEBUG] [TEST] Batch 14 | Pred shape: torch.Size([256, 256, 160]) | Label shape: torch.Size([256, 256, 160])
[2025-07-17 15:02:41,381] [DEBUG] [TEST] Batch 15 | Pred shape: torch.Size([256, 256, 160]) | Label shape: torch.Size([256, 256, 160])
[2025-07-17 15:02:41,477] [DEBUG] [TEST] Batch 16 | Pred shape: torch.Size([256, 256, 160]) | Label shape: torch.Size([256, 256, 160])
[2025-07-17 15:02:41,577] [DEBUG] [TEST] Batch 17 | Pred shape: torch.Size([256, 256, 160]) | Label shape: torch.Size([256, 256, 160])
[2025-07-17 15:02:41,677] [DEBUG] [TEST] Batch 18 | Pred shape: torch.Size([256, 256, 160]) | Label shape: torch.Size([256, 256, 160])
[2025-07-17 15:02:41,779] [DEBUG] [TEST] Batch 19 | Pred shape: torch.Size([256, 256, 160]) | Label shape: torch.Size([256, 256, 160])
[2025-07-17 15:02:41,877] [DEBUG] [TEST] Batch 20 | Pred shape: torch.Size([256, 256, 160]) | Label shape: torch.Size([256, 256, 160])
[2025-07-17 15:02:43,178] [DEBUG] [TEST] Batch 21 | Pred shape: torch.Size([256, 256, 160]) | Label shape: torch.Size([256, 256, 160])
[2025-07-17 15:02:45,019] [DEBUG] [TEST] Batch 22 | Pred shape: torch.Size([256, 256, 160]) | Label shape: torch.Size([256, 256, 160])
[2025-07-17 15:02:46,383] [DEBUG] [TEST] Batch 23 | Pred shape: torch.Size([256, 256, 160]) | Label shape: torch.Size([256, 256, 160])
[2025-07-17 15:02:46,509] [DEBUG] [TEST] Batch 24 | Pred shape: torch.Size([256, 256, 160]) | Label shape: torch.Size([256, 256, 160])
[2025-07-17 15:02:46,685] [DEBUG] [TEST] Batch 25 | Pred shape: torch.Size([256, 256, 160]) | Label shape: torch.Size([256, 256, 160])
[2025-07-17 15:02:46,810] [DEBUG] [TEST] Batch 26 | Pred shape: torch.Size([256, 256, 160]) | Label shape: torch.Size([256, 256, 160])
[2025-07-17 15:02:46,985] [DEBUG] [TEST] Batch 27 | Pred shape: torch.Size([256, 256, 160]) | Label shape: torch.Size([256, 256, 160])
[2025-07-17 15:02:47,074] [DEBUG] [TEST] Batch 28 | Pred shape: torch.Size([256, 256, 160]) | Label shape: torch.Size([256, 256, 160])
[2025-07-17 15:02:47,135] [DEBUG] [TEST] Batch 29 | Pred shape: torch.Size([256, 256, 160]) | Label shape: torch.Size([256, 256, 160])
[2025-07-17 15:02:47,219] [DEBUG] [TEST] Batch 30 | Pred shape: torch.Size([256, 256, 160]) | Label shape: torch.Size([256, 256, 160])
[2025-07-17 15:02:47,280] [DEBUG] [TEST] Batch 31 | Pred shape: torch.Size([256, 256, 160]) | Label shape: torch.Size([256, 256, 160])
[2025-07-17 15:02:47,823] [DEBUG] [TEST] Batch 32 | Pred shape: torch.Size([256, 256, 160]) | Label shape: torch.Size([256, 256, 160])
[2025-07-17 15:02:49,451] [DEBUG] [TEST] Batch 33 | Pred shape: torch.Size([256, 256, 160]) | Label shape: torch.Size([256, 256, 160])
[2025-07-17 15:02:49,575] [DEBUG] [TEST] Batch 34 | Pred shape: torch.Size([256, 256, 160]) | Label shape: torch.Size([256, 256, 160])
[2025-07-17 15:02:49,697] [DEBUG] [TEST] Batch 35 | Pred shape: torch.Size([256, 256, 160]) | Label shape: torch.Size([256, 256, 160])
[2025-07-17 15:02:49,756] [DEBUG] [TEST] Batch 36 | Pred shape: torch.Size([256, 256, 160]) | Label shape: torch.Size([256, 256, 160])
[2025-07-17 15:02:49,812] [DEBUG] [TEST] Batch 37 | Pred shape: torch.Size([256, 256, 160]) | Label shape: torch.Size([256, 256, 160])
[2025-07-17 15:02:49,871] [DEBUG] [TEST] Batch 38 | Pred shape: torch.Size([256, 256, 160]) | Label shape: torch.Size([256, 256, 160])
[2025-07-17 15:02:49,926] [DEBUG] [TEST] Batch 39 | Pred shape: torch.Size([256, 256, 160]) | Label shape: torch.Size([256, 256, 160])
[2025-07-17 15:02:52,497] [INFO] [EVALUATE] Dice WT: 0.4252
[2025-07-17 15:03:00,974] [INFO] [FIT] Received parameters. Starting local training...
[2025-07-17 15:03:04,979] [INFO] [DEBUG] Loaded compressed decoded weights.
[2025-07-17 15:04:12,574] [INFO] Model initialized on device: cuda:0
[2025-07-17 15:04:13,606] [INFO] Model initialized on device: cuda:0
[2025-07-17 15:04:14,101] [INFO] Model initialized on device: cuda:0
[2025-07-17 15:04:14,176] [INFO] Model initialized on device: cuda:0
[2025-07-17 15:04:14,596] [INFO] Model initialized on device: cuda:0
[2025-07-17 15:04:14,603] [INFO] Model initialized on device: cuda:0
[2025-07-17 15:04:14,604] [INFO] Model initialized on device: cuda:0
[2025-07-17 15:04:14,671] [INFO] Model initialized on device: cuda:0
[2025-07-17 15:04:14,776] [INFO] Model initialized on device: cuda:0
[2025-07-17 15:04:14,788] [INFO] Model initialized on device: cuda:0
[2025-07-17 15:08:13,578] [INFO] [TRAIN] Epoch 1 Loss: 0.2726
[2025-07-17 15:08:59,970] [INFO] Model initialized on device: cuda:0
[2025-07-17 15:08:59,973] [INFO] Model initialized on device: cuda:0
[2025-07-17 15:09:00,107] [INFO] Model initialized on device: cuda:0
[2025-07-17 15:09:00,111] [INFO] Model initialized on device: cuda:0
[2025-07-17 15:09:00,171] [INFO] Model initialized on device: cuda:0
[2025-07-17 15:09:00,208] [INFO] Model initialized on device: cuda:0
[2025-07-17 15:09:00,216] [INFO] Model initialized on device: cuda:0
[2025-07-17 15:09:00,217] [INFO] Model initialized on device: cuda:0
[2025-07-17 15:09:00,271] [INFO] Model initialized on device: cuda:0
[2025-07-17 15:09:00,475] [INFO] Model initialized on device: cuda:0
[2025-07-17 15:12:44,980] [INFO] [TRAIN] Epoch 2 Loss: 0.2109
[2025-07-17 15:13:27,173] [INFO] Model initialized on device: cuda:0
[2025-07-17 15:13:27,575] [INFO] Model initialized on device: cuda:0
[2025-07-17 15:13:27,579] [INFO] Model initialized on device: cuda:0
[2025-07-17 15:13:28,104] [INFO] Model initialized on device: cuda:0
[2025-07-17 15:13:28,202] [INFO] Model initialized on device: cuda:0
[2025-07-17 15:13:28,271] [INFO] Model initialized on device: cuda:0
[2025-07-17 15:13:28,285] [INFO] Model initialized on device: cuda:0
[2025-07-17 15:13:28,289] [INFO] Model initialized on device: cuda:0
[2025-07-17 15:13:28,290] [INFO] Model initialized on device: cuda:0
[2025-07-17 15:13:28,292] [INFO] Model initialized on device: cuda:0
[2025-07-17 15:16:47,718] [INFO] [TRAIN] Epoch 3 Loss: 0.1987
[2025-07-17 15:17:06,246] [INFO] Model initialized on device: cuda:0
[2025-07-17 15:17:06,305] [INFO] Model initialized on device: cuda:0
[2025-07-17 15:17:06,443] [INFO] Model initialized on device: cuda:0
[2025-07-17 15:17:06,490] [INFO] Model initialized on device: cuda:0
[2025-07-17 15:17:07,075] [INFO] Model initialized on device: cuda:0
[2025-07-17 15:17:07,075] [INFO] Model initialized on device: cuda:0
[2025-07-17 15:17:07,098] [INFO] Model initialized on device: cuda:0
[2025-07-17 15:17:07,099] [INFO] Model initialized on device: cuda:0
[2025-07-17 15:17:07,195] [INFO] Model initialized on device: cuda:0
[2025-07-17 15:17:07,286] [INFO] Model initialized on device: cuda:0
[2025-07-17 15:18:57,217] [INFO] [TRAIN] Epoch 4 Loss: 0.1804
[2025-07-17 15:19:12,294] [INFO] Model initialized on device: cuda:0
[2025-07-17 15:19:13,485] [INFO] Model initialized on device: cuda:0
[2025-07-17 15:19:13,501] [INFO] Model initialized on device: cuda:0
[2025-07-17 15:19:14,453] [INFO] Model initialized on device: cuda:0
[2025-07-17 15:19:15,110] [INFO] Model initialized on device: cuda:0
[2025-07-17 15:19:15,128] [INFO] Model initialized on device: cuda:0
[2025-07-17 15:19:15,881] [INFO] Model initialized on device: cuda:0
[2025-07-17 15:19:15,972] [INFO] Model initialized on device: cuda:0
[2025-07-17 15:19:15,972] [INFO] Model initialized on device: cuda:0
[2025-07-17 15:19:15,972] [INFO] Model initialized on device: cuda:0
[2025-07-17 15:21:10,444] [INFO] [TRAIN] Epoch 5 Loss: 0.1774
[2025-07-17 15:21:10,445] [INFO] [FIT] Local training finished. Avg Loss: 0.2080
[2025-07-17 15:21:26,884] [INFO] Model initialized on device: cuda:0
[2025-07-17 15:21:27,521] [INFO] Model initialized on device: cuda:0
[2025-07-17 15:21:27,572] [INFO] Model initialized on device: cuda:0
[2025-07-17 15:21:30,292] [INFO] Model initialized on device: cuda:0
[2025-07-17 15:21:30,334] [INFO] Model initialized on device: cuda:0
[2025-07-17 15:21:30,338] [INFO] Model initialized on device: cuda:0
[2025-07-17 15:21:30,338] [INFO] Model initialized on device: cuda:0
[2025-07-17 15:21:30,342] [INFO] Model initialized on device: cuda:0
[2025-07-17 15:21:30,342] [INFO] Model initialized on device: cuda:0
[2025-07-17 15:21:30,371] [INFO] Model initialized on device: cuda:0
[2025-07-17 15:21:34,737] [DEBUG] [TEST] Batch 1 | Pred shape: torch.Size([256, 256, 160]) | Label shape: torch.Size([256, 256, 160])
[2025-07-17 15:21:34,928] [DEBUG] [TEST] Batch 2 | Pred shape: torch.Size([256, 256, 160]) | Label shape: torch.Size([256, 256, 160])
[2025-07-17 15:21:35,018] [DEBUG] [TEST] Batch 3 | Pred shape: torch.Size([256, 256, 160]) | Label shape: torch.Size([256, 256, 160])
[2025-07-17 15:21:35,076] [DEBUG] [TEST] Batch 4 | Pred shape: torch.Size([256, 256, 160]) | Label shape: torch.Size([256, 256, 160])
[2025-07-17 15:21:35,134] [DEBUG] [TEST] Batch 5 | Pred shape: torch.Size([256, 256, 160]) | Label shape: torch.Size([256, 256, 160])
[2025-07-17 15:21:35,218] [DEBUG] [TEST] Batch 6 | Pred shape: torch.Size([256, 256, 160]) | Label shape: torch.Size([256, 256, 160])
[2025-07-17 15:21:35,277] [DEBUG] [TEST] Batch 7 | Pred shape: torch.Size([256, 256, 160]) | Label shape: torch.Size([256, 256, 160])
[2025-07-17 15:21:35,373] [DEBUG] [TEST] Batch 8 | Pred shape: torch.Size([256, 256, 160]) | Label shape: torch.Size([256, 256, 160])
[2025-07-17 15:21:35,476] [DEBUG] [TEST] Batch 9 | Pred shape: torch.Size([256, 256, 160]) | Label shape: torch.Size([256, 256, 160])
[2025-07-17 15:21:35,534] [DEBUG] [TEST] Batch 10 | Pred shape: torch.Size([256, 256, 160]) | Label shape: torch.Size([256, 256, 160])
[2025-07-17 15:21:37,621] [DEBUG] [TEST] Batch 11 | Pred shape: torch.Size([256, 256, 160]) | Label shape: torch.Size([256, 256, 160])
[2025-07-17 15:21:37,816] [DEBUG] [TEST] Batch 12 | Pred shape: torch.Size([256, 256, 160]) | Label shape: torch.Size([256, 256, 160])
[2025-07-17 15:21:37,975] [DEBUG] [TEST] Batch 13 | Pred shape: torch.Size([256, 256, 160]) | Label shape: torch.Size([256, 256, 160])
[2025-07-17 15:21:38,036] [DEBUG] [TEST] Batch 14 | Pred shape: torch.Size([256, 256, 160]) | Label shape: torch.Size([256, 256, 160])
[2025-07-17 15:21:38,126] [DEBUG] [TEST] Batch 15 | Pred shape: torch.Size([256, 256, 160]) | Label shape: torch.Size([256, 256, 160])
[2025-07-17 15:21:38,216] [DEBUG] [TEST] Batch 16 | Pred shape: torch.Size([256, 256, 160]) | Label shape: torch.Size([256, 256, 160])
[2025-07-17 15:21:38,277] [DEBUG] [TEST] Batch 17 | Pred shape: torch.Size([256, 256, 160]) | Label shape: torch.Size([256, 256, 160])
[2025-07-17 15:21:38,337] [DEBUG] [TEST] Batch 18 | Pred shape: torch.Size([256, 256, 160]) | Label shape: torch.Size([256, 256, 160])
[2025-07-17 15:21:38,477] [DEBUG] [TEST] Batch 19 | Pred shape: torch.Size([256, 256, 160]) | Label shape: torch.Size([256, 256, 160])
[2025-07-17 15:21:38,570] [DEBUG] [TEST] Batch 20 | Pred shape: torch.Size([256, 256, 160]) | Label shape: torch.Size([256, 256, 160])
[2025-07-17 15:21:41,177] [DEBUG] [TEST] Batch 21 | Pred shape: torch.Size([256, 256, 160]) | Label shape: torch.Size([256, 256, 160])
[2025-07-17 15:21:41,233] [DEBUG] [TEST] Batch 22 | Pred shape: torch.Size([256, 256, 160]) | Label shape: torch.Size([256, 256, 160])
[2025-07-17 15:21:41,316] [DEBUG] [TEST] Batch 23 | Pred shape: torch.Size([256, 256, 160]) | Label shape: torch.Size([256, 256, 160])
[2025-07-17 15:21:41,376] [DEBUG] [TEST] Batch 24 | Pred shape: torch.Size([256, 256, 160]) | Label shape: torch.Size([256, 256, 160])
[2025-07-17 15:21:41,432] [DEBUG] [TEST] Batch 25 | Pred shape: torch.Size([256, 256, 160]) | Label shape: torch.Size([256, 256, 160])
[2025-07-17 15:21:41,488] [DEBUG] [TEST] Batch 26 | Pred shape: torch.Size([256, 256, 160]) | Label shape: torch.Size([256, 256, 160])
[2025-07-17 15:21:41,576] [DEBUG] [TEST] Batch 27 | Pred shape: torch.Size([256, 256, 160]) | Label shape: torch.Size([256, 256, 160])
[2025-07-17 15:21:41,635] [DEBUG] [TEST] Batch 28 | Pred shape: torch.Size([256, 256, 160]) | Label shape: torch.Size([256, 256, 160])
[2025-07-17 15:21:41,718] [DEBUG] [TEST] Batch 29 | Pred shape: torch.Size([256, 256, 160]) | Label shape: torch.Size([256, 256, 160])
[2025-07-17 15:21:41,777] [DEBUG] [TEST] Batch 30 | Pred shape: torch.Size([256, 256, 160]) | Label shape: torch.Size([256, 256, 160])
[2025-07-17 15:21:43,952] [DEBUG] [TEST] Batch 31 | Pred shape: torch.Size([256, 256, 160]) | Label shape: torch.Size([256, 256, 160])
[2025-07-17 15:21:44,111] [DEBUG] [TEST] Batch 32 | Pred shape: torch.Size([256, 256, 160]) | Label shape: torch.Size([256, 256, 160])
[2025-07-17 15:21:44,265] [DEBUG] [TEST] Batch 33 | Pred shape: torch.Size([256, 256, 160]) | Label shape: torch.Size([256, 256, 160])
[2025-07-17 15:21:44,428] [DEBUG] [TEST] Batch 34 | Pred shape: torch.Size([256, 256, 160]) | Label shape: torch.Size([256, 256, 160])
[2025-07-17 15:21:44,486] [DEBUG] [TEST] Batch 35 | Pred shape: torch.Size([256, 256, 160]) | Label shape: torch.Size([256, 256, 160])
[2025-07-17 15:21:44,541] [DEBUG] [TEST] Batch 36 | Pred shape: torch.Size([256, 256, 160]) | Label shape: torch.Size([256, 256, 160])
[2025-07-17 15:21:44,600] [DEBUG] [TEST] Batch 37 | Pred shape: torch.Size([256, 256, 160]) | Label shape: torch.Size([256, 256, 160])
[2025-07-17 15:21:44,657] [DEBUG] [TEST] Batch 38 | Pred shape: torch.Size([256, 256, 160]) | Label shape: torch.Size([256, 256, 160])
[2025-07-17 15:21:44,712] [DEBUG] [TEST] Batch 39 | Pred shape: torch.Size([256, 256, 160]) | Label shape: torch.Size([256, 256, 160])
[2025-07-17 15:21:48,004] [INFO] [FIT] Final model saved to: Run_UNET_R2Non-IID30%_fedWSOcompC3_20250717/Client2/model_final.pth
[2025-07-17 15:24:11,641] [INFO] [EVALUATE] Starting evaluation...
[2025-07-17 15:24:14,484] [INFO] [DEBUG] Loaded compressed decoded weights.
[2025-07-17 15:25:23,676] [INFO] Model initialized on device: cuda:0
[2025-07-17 15:25:24,383] [INFO] Model initialized on device: cuda:0
[2025-07-17 15:25:24,391] [INFO] Model initialized on device: cuda:0
[2025-07-17 15:25:24,393] [INFO] Model initialized on device: cuda:0
[2025-07-17 15:25:24,475] [INFO] Model initialized on device: cuda:0
[2025-07-17 15:25:24,491] [INFO] Model initialized on device: cuda:0
[2025-07-17 15:25:24,690] [INFO] Model initialized on device: cuda:0
[2025-07-17 15:25:24,770] [INFO] Model initialized on device: cuda:0
[2025-07-17 15:25:24,797] [INFO] Model initialized on device: cuda:0
[2025-07-17 15:25:24,870] [INFO] Model initialized on device: cuda:0
[2025-07-17 15:25:30,078] [DEBUG] [TEST] Batch 1 | Pred shape: torch.Size([256, 256, 160]) | Label shape: torch.Size([256, 256, 160])
[2025-07-17 15:25:33,483] [DEBUG] [TEST] Batch 2 | Pred shape: torch.Size([256, 256, 160]) | Label shape: torch.Size([256, 256, 160])
[2025-07-17 15:25:33,586] [DEBUG] [TEST] Batch 3 | Pred shape: torch.Size([256, 256, 160]) | Label shape: torch.Size([256, 256, 160])
[2025-07-17 15:25:33,773] [DEBUG] [TEST] Batch 4 | Pred shape: torch.Size([256, 256, 160]) | Label shape: torch.Size([256, 256, 160])
[2025-07-17 15:25:33,877] [DEBUG] [TEST] Batch 5 | Pred shape: torch.Size([256, 256, 160]) | Label shape: torch.Size([256, 256, 160])
[2025-07-17 15:25:33,985] [DEBUG] [TEST] Batch 6 | Pred shape: torch.Size([256, 256, 160]) | Label shape: torch.Size([256, 256, 160])
[2025-07-17 15:25:34,079] [DEBUG] [TEST] Batch 7 | Pred shape: torch.Size([256, 256, 160]) | Label shape: torch.Size([256, 256, 160])
[2025-07-17 15:25:34,210] [DEBUG] [TEST] Batch 8 | Pred shape: torch.Size([256, 256, 160]) | Label shape: torch.Size([256, 256, 160])
[2025-07-17 15:25:34,500] [DEBUG] [TEST] Batch 9 | Pred shape: torch.Size([256, 256, 160]) | Label shape: torch.Size([256, 256, 160])
[2025-07-17 15:25:34,672] [DEBUG] [TEST] Batch 10 | Pred shape: torch.Size([256, 256, 160]) | Label shape: torch.Size([256, 256, 160])
[2025-07-17 15:25:35,202] [DEBUG] [TEST] Batch 11 | Pred shape: torch.Size([256, 256, 160]) | Label shape: torch.Size([256, 256, 160])
[2025-07-17 15:25:37,274] [DEBUG] [TEST] Batch 12 | Pred shape: torch.Size([256, 256, 160]) | Label shape: torch.Size([256, 256, 160])
[2025-07-17 15:25:37,482] [DEBUG] [TEST] Batch 13 | Pred shape: torch.Size([256, 256, 160]) | Label shape: torch.Size([256, 256, 160])
[2025-07-17 15:25:37,593] [DEBUG] [TEST] Batch 14 | Pred shape: torch.Size([256, 256, 160]) | Label shape: torch.Size([256, 256, 160])
[2025-07-17 15:25:37,773] [DEBUG] [TEST] Batch 15 | Pred shape: torch.Size([256, 256, 160]) | Label shape: torch.Size([256, 256, 160])
[2025-07-17 15:25:38,080] [DEBUG] [TEST] Batch 16 | Pred shape: torch.Size([256, 256, 160]) | Label shape: torch.Size([256, 256, 160])
[2025-07-17 15:25:39,373] [DEBUG] [TEST] Batch 17 | Pred shape: torch.Size([256, 256, 160]) | Label shape: torch.Size([256, 256, 160])
[2025-07-17 15:25:39,482] [DEBUG] [TEST] Batch 18 | Pred shape: torch.Size([256, 256, 160]) | Label shape: torch.Size([256, 256, 160])
[2025-07-17 15:25:39,602] [DEBUG] [TEST] Batch 19 | Pred shape: torch.Size([256, 256, 160]) | Label shape: torch.Size([256, 256, 160])
[2025-07-17 15:25:39,786] [DEBUG] [TEST] Batch 20 | Pred shape: torch.Size([256, 256, 160]) | Label shape: torch.Size([256, 256, 160])
[2025-07-17 15:25:39,986] [DEBUG] [TEST] Batch 21 | Pred shape: torch.Size([256, 256, 160]) | Label shape: torch.Size([256, 256, 160])
[2025-07-17 15:25:44,937] [DEBUG] [TEST] Batch 22 | Pred shape: torch.Size([256, 256, 160]) | Label shape: torch.Size([256, 256, 160])
[2025-07-17 15:25:45,178] [DEBUG] [TEST] Batch 23 | Pred shape: torch.Size([256, 256, 160]) | Label shape: torch.Size([256, 256, 160])
[2025-07-17 15:25:45,318] [DEBUG] [TEST] Batch 24 | Pred shape: torch.Size([256, 256, 160]) | Label shape: torch.Size([256, 256, 160])
[2025-07-17 15:25:45,409] [DEBUG] [TEST] Batch 25 | Pred shape: torch.Size([256, 256, 160]) | Label shape: torch.Size([256, 256, 160])
[2025-07-17 15:25:45,476] [DEBUG] [TEST] Batch 26 | Pred shape: torch.Size([256, 256, 160]) | Label shape: torch.Size([256, 256, 160])
[2025-07-17 15:25:45,535] [DEBUG] [TEST] Batch 27 | Pred shape: torch.Size([256, 256, 160]) | Label shape: torch.Size([256, 256, 160])
[2025-07-17 15:25:45,618] [DEBUG] [TEST] Batch 28 | Pred shape: torch.Size([256, 256, 160]) | Label shape: torch.Size([256, 256, 160])
[2025-07-17 15:25:45,713] [DEBUG] [TEST] Batch 29 | Pred shape: torch.Size([256, 256, 160]) | Label shape: torch.Size([256, 256, 160])
[2025-07-17 15:25:45,836] [DEBUG] [TEST] Batch 30 | Pred shape: torch.Size([256, 256, 160]) | Label shape: torch.Size([256, 256, 160])
[2025-07-17 15:25:45,920] [DEBUG] [TEST] Batch 31 | Pred shape: torch.Size([256, 256, 160]) | Label shape: torch.Size([256, 256, 160])
[2025-07-17 15:25:47,398] [DEBUG] [TEST] Batch 32 | Pred shape: torch.Size([256, 256, 160]) | Label shape: torch.Size([256, 256, 160])
[2025-07-17 15:25:47,456] [DEBUG] [TEST] Batch 33 | Pred shape: torch.Size([256, 256, 160]) | Label shape: torch.Size([256, 256, 160])
[2025-07-17 15:25:47,544] [DEBUG] [TEST] Batch 34 | Pred shape: torch.Size([256, 256, 160]) | Label shape: torch.Size([256, 256, 160])
[2025-07-17 15:25:47,602] [DEBUG] [TEST] Batch 35 | Pred shape: torch.Size([256, 256, 160]) | Label shape: torch.Size([256, 256, 160])
[2025-07-17 15:25:47,659] [DEBUG] [TEST] Batch 36 | Pred shape: torch.Size([256, 256, 160]) | Label shape: torch.Size([256, 256, 160])
[2025-07-17 15:25:47,714] [DEBUG] [TEST] Batch 37 | Pred shape: torch.Size([256, 256, 160]) | Label shape: torch.Size([256, 256, 160])
[2025-07-17 15:25:47,839] [DEBUG] [TEST] Batch 38 | Pred shape: torch.Size([256, 256, 160]) | Label shape: torch.Size([256, 256, 160])
[2025-07-17 15:25:48,126] [DEBUG] [TEST] Batch 39 | Pred shape: torch.Size([256, 256, 160]) | Label shape: torch.Size([256, 256, 160])
[2025-07-17 15:25:50,980] [INFO] [EVALUATE] Dice WT: 0.4824
[2025-07-17 15:25:56,377] [INFO] [FIT] Received parameters. Starting local training...
[2025-07-17 15:25:58,292] [INFO] [DEBUG] Loaded compressed decoded weights.
[2025-07-17 15:27:00,444] [INFO] Model initialized on device: cuda:0
[2025-07-17 15:27:00,445] [INFO] Model initialized on device: cuda:0
[2025-07-17 15:27:00,458] [INFO] Model initialized on device: cuda:0
[2025-07-17 15:27:02,136] [INFO] Model initialized on device: cuda:0
[2025-07-17 15:27:02,188] [INFO] Model initialized on device: cuda:0
[2025-07-17 15:27:02,466] [INFO] Model initialized on device: cuda:0
[2025-07-17 15:27:02,974] [INFO] Model initialized on device: cuda:0
[2025-07-17 15:27:03,831] [INFO] Model initialized on device: cuda:0
[2025-07-17 15:27:04,691] [INFO] Model initialized on device: cuda:0
[2025-07-17 15:27:04,771] [INFO] Model initialized on device: cuda:0
[2025-07-17 15:31:04,871] [INFO] [TRAIN] Epoch 1 Loss: 0.2589
[2025-07-17 15:31:43,586] [INFO] Model initialized on device: cuda:0
[2025-07-17 15:31:49,903] [INFO] Model initialized on device: cuda:0
[2025-07-17 15:31:50,177] [INFO] Model initialized on device: cuda:0
[2025-07-17 15:31:50,678] [INFO] Model initialized on device: cuda:0
[2025-07-17 15:31:52,984] [INFO] Model initialized on device: cuda:0
[2025-07-17 15:31:53,174] [INFO] Model initialized on device: cuda:0
[2025-07-17 15:31:53,200] [INFO] Model initialized on device: cuda:0
[2025-07-17 15:31:53,270] [INFO] Model initialized on device: cuda:0
[2025-07-17 15:31:53,295] [INFO] Model initialized on device: cuda:0
[2025-07-17 15:31:53,295] [INFO] Model initialized on device: cuda:0
[2025-07-17 15:35:41,074] [INFO] [TRAIN] Epoch 2 Loss: 0.2042
[2025-07-17 15:36:10,379] [INFO] Model initialized on device: cuda:0
[2025-07-17 15:36:11,193] [INFO] Model initialized on device: cuda:0
[2025-07-17 15:36:12,375] [INFO] Model initialized on device: cuda:0
[2025-07-17 15:36:13,491] [INFO] Model initialized on device: cuda:0
[2025-07-17 15:36:15,973] [INFO] Model initialized on device: cuda:0
[2025-07-17 15:36:20,172] [INFO] Model initialized on device: cuda:0
[2025-07-17 15:36:20,190] [INFO] Model initialized on device: cuda:0
[2025-07-17 15:36:20,270] [INFO] Model initialized on device: cuda:0
[2025-07-17 15:36:20,271] [INFO] Model initialized on device: cuda:0
[2025-07-17 15:36:20,272] [INFO] Model initialized on device: cuda:0
[2025-07-17 15:39:28,276] [INFO] [TRAIN] Epoch 3 Loss: 0.1921
[2025-07-17 15:39:47,774] [INFO] Model initialized on device: cuda:0
[2025-07-17 15:39:47,826] [INFO] Model initialized on device: cuda:0
[2025-07-17 15:39:47,831] [INFO] Model initialized on device: cuda:0
[2025-07-17 15:39:48,083] [INFO] Model initialized on device: cuda:0
[2025-07-17 15:39:48,103] [INFO] Model initialized on device: cuda:0
[2025-07-17 15:39:48,373] [INFO] Model initialized on device: cuda:0
[2025-07-17 15:39:48,373] [INFO] Model initialized on device: cuda:0
[2025-07-17 15:39:48,381] [INFO] Model initialized on device: cuda:0
[2025-07-17 15:39:48,386] [INFO] Model initialized on device: cuda:0
[2025-07-17 15:39:48,477] [INFO] Model initialized on device: cuda:0
[2025-07-17 15:41:38,231] [INFO] [TRAIN] Epoch 4 Loss: 0.1802
[2025-07-17 15:41:53,677] [INFO] Model initialized on device: cuda:0
[2025-07-17 15:41:54,276] [INFO] Model initialized on device: cuda:0
[2025-07-17 15:41:54,877] [INFO] Model initialized on device: cuda:0
[2025-07-17 15:41:56,287] [INFO] Model initialized on device: cuda:0
[2025-07-17 15:41:56,922] [INFO] Model initialized on device: cuda:0
[2025-07-17 15:41:57,331] [INFO] Model initialized on device: cuda:0
[2025-07-17 15:41:57,333] [INFO] Model initialized on device: cuda:0
[2025-07-17 15:41:57,333] [INFO] Model initialized on device: cuda:0
[2025-07-17 15:41:57,336] [INFO] Model initialized on device: cuda:0
[2025-07-17 15:41:57,337] [INFO] Model initialized on device: cuda:0
[2025-07-17 15:43:53,230] [INFO] [TRAIN] Epoch 5 Loss: 0.1679
[2025-07-17 15:43:53,231] [INFO] [FIT] Local training finished. Avg Loss: 0.2007
[2025-07-17 15:44:13,666] [INFO] Model initialized on device: cuda:0
[2025-07-17 15:44:13,744] [INFO] Model initialized on device: cuda:0
[2025-07-17 15:44:13,808] [INFO] Model initialized on device: cuda:0
[2025-07-17 15:44:13,816] [INFO] Model initialized on device: cuda:0
[2025-07-17 15:44:13,846] [INFO] Model initialized on device: cuda:0
[2025-07-17 15:44:13,882] [INFO] Model initialized on device: cuda:0
[2025-07-17 15:44:13,924] [INFO] Model initialized on device: cuda:0
[2025-07-17 15:44:13,948] [INFO] Model initialized on device: cuda:0
[2025-07-17 15:44:13,950] [INFO] Model initialized on device: cuda:0
[2025-07-17 15:44:13,956] [INFO] Model initialized on device: cuda:0
[2025-07-17 15:44:17,181] [DEBUG] [TEST] Batch 1 | Pred shape: torch.Size([256, 256, 160]) | Label shape: torch.Size([256, 256, 160])
[2025-07-17 15:44:17,292] [DEBUG] [TEST] Batch 2 | Pred shape: torch.Size([256, 256, 160]) | Label shape: torch.Size([256, 256, 160])
[2025-07-17 15:44:17,470] [DEBUG] [TEST] Batch 3 | Pred shape: torch.Size([256, 256, 160]) | Label shape: torch.Size([256, 256, 160])
[2025-07-17 15:44:17,530] [DEBUG] [TEST] Batch 4 | Pred shape: torch.Size([256, 256, 160]) | Label shape: torch.Size([256, 256, 160])
[2025-07-17 15:44:17,608] [DEBUG] [TEST] Batch 5 | Pred shape: torch.Size([256, 256, 160]) | Label shape: torch.Size([256, 256, 160])
[2025-07-17 15:44:17,676] [DEBUG] [TEST] Batch 6 | Pred shape: torch.Size([256, 256, 160]) | Label shape: torch.Size([256, 256, 160])
[2025-07-17 15:44:17,735] [DEBUG] [TEST] Batch 7 | Pred shape: torch.Size([256, 256, 160]) | Label shape: torch.Size([256, 256, 160])
[2025-07-17 15:44:17,808] [DEBUG] [TEST] Batch 8 | Pred shape: torch.Size([256, 256, 160]) | Label shape: torch.Size([256, 256, 160])
[2025-07-17 15:44:17,876] [DEBUG] [TEST] Batch 9 | Pred shape: torch.Size([256, 256, 160]) | Label shape: torch.Size([256, 256, 160])
[2025-07-17 15:44:17,931] [DEBUG] [TEST] Batch 10 | Pred shape: torch.Size([256, 256, 160]) | Label shape: torch.Size([256, 256, 160])
[2025-07-17 15:44:20,534] [DEBUG] [TEST] Batch 11 | Pred shape: torch.Size([256, 256, 160]) | Label shape: torch.Size([256, 256, 160])
[2025-07-17 15:44:20,619] [DEBUG] [TEST] Batch 12 | Pred shape: torch.Size([256, 256, 160]) | Label shape: torch.Size([256, 256, 160])
[2025-07-17 15:44:20,677] [DEBUG] [TEST] Batch 13 | Pred shape: torch.Size([256, 256, 160]) | Label shape: torch.Size([256, 256, 160])
[2025-07-17 15:44:20,735] [DEBUG] [TEST] Batch 14 | Pred shape: torch.Size([256, 256, 160]) | Label shape: torch.Size([256, 256, 160])
[2025-07-17 15:44:20,819] [DEBUG] [TEST] Batch 15 | Pred shape: torch.Size([256, 256, 160]) | Label shape: torch.Size([256, 256, 160])
[2025-07-17 15:44:20,877] [DEBUG] [TEST] Batch 16 | Pred shape: torch.Size([256, 256, 160]) | Label shape: torch.Size([256, 256, 160])
[2025-07-17 15:44:20,937] [DEBUG] [TEST] Batch 17 | Pred shape: torch.Size([256, 256, 160]) | Label shape: torch.Size([256, 256, 160])
[2025-07-17 15:44:21,028] [DEBUG] [TEST] Batch 18 | Pred shape: torch.Size([256, 256, 160]) | Label shape: torch.Size([256, 256, 160])
[2025-07-17 15:44:21,118] [DEBUG] [TEST] Batch 19 | Pred shape: torch.Size([256, 256, 160]) | Label shape: torch.Size([256, 256, 160])
[2025-07-17 15:44:21,177] [DEBUG] [TEST] Batch 20 | Pred shape: torch.Size([256, 256, 160]) | Label shape: torch.Size([256, 256, 160])
[2025-07-17 15:44:23,122] [DEBUG] [TEST] Batch 21 | Pred shape: torch.Size([256, 256, 160]) | Label shape: torch.Size([256, 256, 160])
[2025-07-17 15:44:23,280] [DEBUG] [TEST] Batch 22 | Pred shape: torch.Size([256, 256, 160]) | Label shape: torch.Size([256, 256, 160])
[2025-07-17 15:44:23,993] [DEBUG] [TEST] Batch 23 | Pred shape: torch.Size([256, 256, 160]) | Label shape: torch.Size([256, 256, 160])
[2025-07-17 15:44:24,081] [DEBUG] [TEST] Batch 24 | Pred shape: torch.Size([256, 256, 160]) | Label shape: torch.Size([256, 256, 160])
[2025-07-17 15:44:24,141] [DEBUG] [TEST] Batch 25 | Pred shape: torch.Size([256, 256, 160]) | Label shape: torch.Size([256, 256, 160])
[2025-07-17 15:44:24,221] [DEBUG] [TEST] Batch 26 | Pred shape: torch.Size([256, 256, 160]) | Label shape: torch.Size([256, 256, 160])
[2025-07-17 15:44:24,281] [DEBUG] [TEST] Batch 27 | Pred shape: torch.Size([256, 256, 160]) | Label shape: torch.Size([256, 256, 160])
[2025-07-17 15:44:24,340] [DEBUG] [TEST] Batch 28 | Pred shape: torch.Size([256, 256, 160]) | Label shape: torch.Size([256, 256, 160])
[2025-07-17 15:44:24,420] [DEBUG] [TEST] Batch 29 | Pred shape: torch.Size([256, 256, 160]) | Label shape: torch.Size([256, 256, 160])
[2025-07-17 15:44:24,477] [DEBUG] [TEST] Batch 30 | Pred shape: torch.Size([256, 256, 160]) | Label shape: torch.Size([256, 256, 160])
[2025-07-17 15:44:26,075] [DEBUG] [TEST] Batch 31 | Pred shape: torch.Size([256, 256, 160]) | Label shape: torch.Size([256, 256, 160])
[2025-07-17 15:44:26,185] [DEBUG] [TEST] Batch 32 | Pred shape: torch.Size([256, 256, 160]) | Label shape: torch.Size([256, 256, 160])
[2025-07-17 15:44:26,772] [DEBUG] [TEST] Batch 33 | Pred shape: torch.Size([256, 256, 160]) | Label shape: torch.Size([256, 256, 160])
[2025-07-17 15:44:26,831] [DEBUG] [TEST] Batch 34 | Pred shape: torch.Size([256, 256, 160]) | Label shape: torch.Size([256, 256, 160])
[2025-07-17 15:44:26,889] [DEBUG] [TEST] Batch 35 | Pred shape: torch.Size([256, 256, 160]) | Label shape: torch.Size([256, 256, 160])
[2025-07-17 15:44:26,954] [DEBUG] [TEST] Batch 36 | Pred shape: torch.Size([256, 256, 160]) | Label shape: torch.Size([256, 256, 160])
[2025-07-17 15:44:27,013] [DEBUG] [TEST] Batch 37 | Pred shape: torch.Size([256, 256, 160]) | Label shape: torch.Size([256, 256, 160])
[2025-07-17 15:44:27,075] [DEBUG] [TEST] Batch 38 | Pred shape: torch.Size([256, 256, 160]) | Label shape: torch.Size([256, 256, 160])
[2025-07-17 15:44:27,131] [DEBUG] [TEST] Batch 39 | Pred shape: torch.Size([256, 256, 160]) | Label shape: torch.Size([256, 256, 160])
[2025-07-17 15:44:30,172] [INFO] [FIT] Final model saved to: Run_UNET_R2Non-IID30%_fedWSOcompC3_20250717/Client2/model_final.pth
[2025-07-17 15:47:03,172] [INFO] [EVALUATE] Starting evaluation...
[2025-07-17 15:47:05,084] [INFO] [DEBUG] Loaded compressed decoded weights.
[2025-07-17 15:48:02,584] [INFO] Model initialized on device: cuda:0
[2025-07-17 15:48:02,608] [INFO] Model initialized on device: cuda:0
[2025-07-17 15:48:02,615] [INFO] Model initialized on device: cuda:0
[2025-07-17 15:48:02,639] [INFO] Model initialized on device: cuda:0
[2025-07-17 15:48:02,640] [INFO] Model initialized on device: cuda:0
[2025-07-17 15:48:03,299] [INFO] Model initialized on device: cuda:0
[2025-07-17 15:48:03,302] [INFO] Model initialized on device: cuda:0
[2025-07-17 15:48:03,442] [INFO] Model initialized on device: cuda:0
[2025-07-17 15:48:03,660] [INFO] Model initialized on device: cuda:0
[2025-07-17 15:48:03,784] [INFO] Model initialized on device: cuda:0
[2025-07-17 15:48:06,124] [DEBUG] [TEST] Batch 1 | Pred shape: torch.Size([256, 256, 160]) | Label shape: torch.Size([256, 256, 160])
[2025-07-17 15:48:06,412] [DEBUG] [TEST] Batch 2 | Pred shape: torch.Size([256, 256, 160]) | Label shape: torch.Size([256, 256, 160])
[2025-07-17 15:48:06,476] [DEBUG] [TEST] Batch 3 | Pred shape: torch.Size([256, 256, 160]) | Label shape: torch.Size([256, 256, 160])
[2025-07-17 15:48:06,847] [DEBUG] [TEST] Batch 4 | Pred shape: torch.Size([256, 256, 160]) | Label shape: torch.Size([256, 256, 160])
[2025-07-17 15:48:06,921] [DEBUG] [TEST] Batch 5 | Pred shape: torch.Size([256, 256, 160]) | Label shape: torch.Size([256, 256, 160])
[2025-07-17 15:48:06,978] [DEBUG] [TEST] Batch 6 | Pred shape: torch.Size([256, 256, 160]) | Label shape: torch.Size([256, 256, 160])
[2025-07-17 15:48:07,039] [DEBUG] [TEST] Batch 7 | Pred shape: torch.Size([256, 256, 160]) | Label shape: torch.Size([256, 256, 160])
[2025-07-17 15:48:07,118] [DEBUG] [TEST] Batch 8 | Pred shape: torch.Size([256, 256, 160]) | Label shape: torch.Size([256, 256, 160])
[2025-07-17 15:48:07,178] [DEBUG] [TEST] Batch 9 | Pred shape: torch.Size([256, 256, 160]) | Label shape: torch.Size([256, 256, 160])
[2025-07-17 15:48:07,235] [DEBUG] [TEST] Batch 10 | Pred shape: torch.Size([256, 256, 160]) | Label shape: torch.Size([256, 256, 160])
[2025-07-17 15:48:08,719] [DEBUG] [TEST] Batch 11 | Pred shape: torch.Size([256, 256, 160]) | Label shape: torch.Size([256, 256, 160])
[2025-07-17 15:48:09,321] [DEBUG] [TEST] Batch 12 | Pred shape: torch.Size([256, 256, 160]) | Label shape: torch.Size([256, 256, 160])
[2025-07-17 15:48:09,478] [DEBUG] [TEST] Batch 13 | Pred shape: torch.Size([256, 256, 160]) | Label shape: torch.Size([256, 256, 160])
[2025-07-17 15:48:09,588] [DEBUG] [TEST] Batch 14 | Pred shape: torch.Size([256, 256, 160]) | Label shape: torch.Size([256, 256, 160])
[2025-07-17 15:48:09,678] [DEBUG] [TEST] Batch 15 | Pred shape: torch.Size([256, 256, 160]) | Label shape: torch.Size([256, 256, 160])
[2025-07-17 15:48:09,773] [DEBUG] [TEST] Batch 16 | Pred shape: torch.Size([256, 256, 160]) | Label shape: torch.Size([256, 256, 160])
[2025-07-17 15:48:09,835] [DEBUG] [TEST] Batch 17 | Pred shape: torch.Size([256, 256, 160]) | Label shape: torch.Size([256, 256, 160])
[2025-07-17 15:48:09,890] [DEBUG] [TEST] Batch 18 | Pred shape: torch.Size([256, 256, 160]) | Label shape: torch.Size([256, 256, 160])
[2025-07-17 15:48:10,009] [DEBUG] [TEST] Batch 19 | Pred shape: torch.Size([256, 256, 160]) | Label shape: torch.Size([256, 256, 160])
[2025-07-17 15:48:10,078] [DEBUG] [TEST] Batch 20 | Pred shape: torch.Size([256, 256, 160]) | Label shape: torch.Size([256, 256, 160])
[2025-07-17 15:48:11,803] [DEBUG] [TEST] Batch 21 | Pred shape: torch.Size([256, 256, 160]) | Label shape: torch.Size([256, 256, 160])
[2025-07-17 15:48:12,775] [DEBUG] [TEST] Batch 22 | Pred shape: torch.Size([256, 256, 160]) | Label shape: torch.Size([256, 256, 160])
[2025-07-17 15:48:12,841] [DEBUG] [TEST] Batch 23 | Pred shape: torch.Size([256, 256, 160]) | Label shape: torch.Size([256, 256, 160])
[2025-07-17 15:48:12,921] [DEBUG] [TEST] Batch 24 | Pred shape: torch.Size([256, 256, 160]) | Label shape: torch.Size([256, 256, 160])
[2025-07-17 15:48:12,978] [DEBUG] [TEST] Batch 25 | Pred shape: torch.Size([256, 256, 160]) | Label shape: torch.Size([256, 256, 160])
[2025-07-17 15:48:13,078] [DEBUG] [TEST] Batch 26 | Pred shape: torch.Size([256, 256, 160]) | Label shape: torch.Size([256, 256, 160])
[2025-07-17 15:48:13,202] [DEBUG] [TEST] Batch 27 | Pred shape: torch.Size([256, 256, 160]) | Label shape: torch.Size([256, 256, 160])
[2025-07-17 15:48:13,282] [DEBUG] [TEST] Batch 28 | Pred shape: torch.Size([256, 256, 160]) | Label shape: torch.Size([256, 256, 160])
[2025-07-17 15:48:13,382] [DEBUG] [TEST] Batch 29 | Pred shape: torch.Size([256, 256, 160]) | Label shape: torch.Size([256, 256, 160])
[2025-07-17 15:48:13,473] [DEBUG] [TEST] Batch 30 | Pred shape: torch.Size([256, 256, 160]) | Label shape: torch.Size([256, 256, 160])
[2025-07-17 15:48:14,420] [DEBUG] [TEST] Batch 31 | Pred shape: torch.Size([256, 256, 160]) | Label shape: torch.Size([256, 256, 160])
[2025-07-17 15:48:15,583] [DEBUG] [TEST] Batch 32 | Pred shape: torch.Size([256, 256, 160]) | Label shape: torch.Size([256, 256, 160])
[2025-07-17 15:48:15,640] [DEBUG] [TEST] Batch 33 | Pred shape: torch.Size([256, 256, 160]) | Label shape: torch.Size([256, 256, 160])
[2025-07-17 15:48:15,709] [DEBUG] [TEST] Batch 34 | Pred shape: torch.Size([256, 256, 160]) | Label shape: torch.Size([256, 256, 160])
[2025-07-17 15:48:15,766] [DEBUG] [TEST] Batch 35 | Pred shape: torch.Size([256, 256, 160]) | Label shape: torch.Size([256, 256, 160])
[2025-07-17 15:48:15,823] [DEBUG] [TEST] Batch 36 | Pred shape: torch.Size([256, 256, 160]) | Label shape: torch.Size([256, 256, 160])
[2025-07-17 15:48:15,880] [DEBUG] [TEST] Batch 37 | Pred shape: torch.Size([256, 256, 160]) | Label shape: torch.Size([256, 256, 160])
[2025-07-17 15:48:15,936] [DEBUG] [TEST] Batch 38 | Pred shape: torch.Size([256, 256, 160]) | Label shape: torch.Size([256, 256, 160])
[2025-07-17 15:48:16,024] [DEBUG] [TEST] Batch 39 | Pred shape: torch.Size([256, 256, 160]) | Label shape: torch.Size([256, 256, 160])
[2025-07-17 15:48:21,774] [INFO] [EVALUATE] Dice WT: 0.4937
[2025-07-17 15:48:42,212] [INFO] [FIT] Received parameters. Starting local training...
[2025-07-17 15:48:46,572] [INFO] [DEBUG] Loaded compressed decoded weights.
[2025-07-17 15:49:55,777] [INFO] Model initialized on device: cuda:0
[2025-07-17 15:49:55,977] [INFO] Model initialized on device: cuda:0
[2025-07-17 15:49:56,097] [INFO] Model initialized on device: cuda:0
[2025-07-17 15:49:56,306] [INFO] Model initialized on device: cuda:0
[2025-07-17 15:49:56,410] [INFO] Model initialized on device: cuda:0
[2025-07-17 15:49:56,604] [INFO] Model initialized on device: cuda:0
[2025-07-17 15:49:56,608] [INFO] Model initialized on device: cuda:0
[2025-07-17 15:49:56,672] [INFO] Model initialized on device: cuda:0
[2025-07-17 15:49:56,806] [INFO] Model initialized on device: cuda:0
[2025-07-17 15:49:57,194] [INFO] Model initialized on device: cuda:0
[2025-07-17 15:53:52,915] [INFO] [TRAIN] Epoch 1 Loss: 0.2726
[2025-07-17 15:54:48,995] [INFO] Model initialized on device: cuda:0
[2025-07-17 15:54:49,017] [INFO] Model initialized on device: cuda:0
[2025-07-17 15:54:49,052] [INFO] Model initialized on device: cuda:0
[2025-07-17 15:54:49,120] [INFO] Model initialized on device: cuda:0
[2025-07-17 15:54:49,175] [INFO] Model initialized on device: cuda:0
[2025-07-17 15:54:50,097] [INFO] Model initialized on device: cuda:0
[2025-07-17 15:54:50,328] [INFO] Model initialized on device: cuda:0
[2025-07-17 15:54:50,373] [INFO] Model initialized on device: cuda:0
[2025-07-17 15:54:50,406] [INFO] Model initialized on device: cuda:0
[2025-07-17 15:54:50,481] [INFO] Model initialized on device: cuda:0
[2025-07-17 15:58:36,701] [INFO] [TRAIN] Epoch 2 Loss: 0.2160
[2025-07-17 15:59:19,873] [INFO] Model initialized on device: cuda:0
[2025-07-17 15:59:20,394] [INFO] Model initialized on device: cuda:0
[2025-07-17 15:59:20,479] [INFO] Model initialized on device: cuda:0
[2025-07-17 15:59:20,573] [INFO] Model initialized on device: cuda:0
[2025-07-17 15:59:20,574] [INFO] Model initialized on device: cuda:0
[2025-07-17 15:59:20,599] [INFO] Model initialized on device: cuda:0
[2025-07-17 15:59:20,599] [INFO] Model initialized on device: cuda:0
[2025-07-17 15:59:20,605] [INFO] Model initialized on device: cuda:0
[2025-07-17 15:59:20,607] [INFO] Model initialized on device: cuda:0
[2025-07-17 15:59:20,670] [INFO] Model initialized on device: cuda:0
[2025-07-17 16:02:37,453] [INFO] [TRAIN] Epoch 3 Loss: 0.1919
[2025-07-17 16:02:58,310] [INFO] Model initialized on device: cuda:0
[2025-07-17 16:02:58,707] [INFO] Model initialized on device: cuda:0
[2025-07-17 16:02:59,023] [INFO] Model initialized on device: cuda:0
[2025-07-17 16:02:59,031] [INFO] Model initialized on device: cuda:0
[2025-07-17 16:02:59,038] [INFO] Model initialized on device: cuda:0
[2025-07-17 16:02:59,038] [INFO] Model initialized on device: cuda:0
[2025-07-17 16:02:59,039] [INFO] Model initialized on device: cuda:0
[2025-07-17 16:02:59,040] [INFO] Model initialized on device: cuda:0
[2025-07-17 16:02:59,070] [INFO] Model initialized on device: cuda:0
[2025-07-17 16:02:59,070] [INFO] Model initialized on device: cuda:0
[2025-07-17 16:04:50,986] [INFO] [TRAIN] Epoch 4 Loss: 0.1798
[2025-07-17 16:05:11,140] [INFO] Model initialized on device: cuda:0
[2025-07-17 16:05:11,183] [INFO] Model initialized on device: cuda:0
[2025-07-17 16:05:11,674] [INFO] Model initialized on device: cuda:0
[2025-07-17 16:05:11,772] [INFO] Model initialized on device: cuda:0
[2025-07-17 16:05:11,776] [INFO] Model initialized on device: cuda:0
[2025-07-17 16:05:11,824] [INFO] Model initialized on device: cuda:0
[2025-07-17 16:05:11,844] [INFO] Model initialized on device: cuda:0
[2025-07-17 16:05:11,870] [INFO] Model initialized on device: cuda:0
[2025-07-17 16:05:11,872] [INFO] Model initialized on device: cuda:0
[2025-07-17 16:05:11,875] [INFO] Model initialized on device: cuda:0
[2025-07-17 16:07:02,920] [INFO] [TRAIN] Epoch 5 Loss: 0.1690
[2025-07-17 16:07:02,921] [INFO] [FIT] Local training finished. Avg Loss: 0.2058
[2025-07-17 16:07:19,688] [INFO] Model initialized on device: cuda:0
[2025-07-17 16:07:19,819] [INFO] Model initialized on device: cuda:0
[2025-07-17 16:07:21,434] [INFO] Model initialized on device: cuda:0
[2025-07-17 16:07:21,453] [INFO] Model initialized on device: cuda:0
[2025-07-17 16:07:21,683] [INFO] Model initialized on device: cuda:0
[2025-07-17 16:07:22,718] [INFO] Model initialized on device: cuda:0
[2025-07-17 16:07:22,718] [INFO] Model initialized on device: cuda:0
[2025-07-17 16:07:22,727] [INFO] Model initialized on device: cuda:0
[2025-07-17 16:07:22,729] [INFO] Model initialized on device: cuda:0
[2025-07-17 16:07:22,729] [INFO] Model initialized on device: cuda:0
[2025-07-17 16:07:25,780] [DEBUG] [TEST] Batch 1 | Pred shape: torch.Size([256, 256, 160]) | Label shape: torch.Size([256, 256, 160])
[2025-07-17 16:07:26,296] [DEBUG] [TEST] Batch 2 | Pred shape: torch.Size([256, 256, 160]) | Label shape: torch.Size([256, 256, 160])
[2025-07-17 16:07:26,475] [DEBUG] [TEST] Batch 3 | Pred shape: torch.Size([256, 256, 160]) | Label shape: torch.Size([256, 256, 160])
[2025-07-17 16:07:26,584] [DEBUG] [TEST] Batch 4 | Pred shape: torch.Size([256, 256, 160]) | Label shape: torch.Size([256, 256, 160])
[2025-07-17 16:07:26,877] [DEBUG] [TEST] Batch 5 | Pred shape: torch.Size([256, 256, 160]) | Label shape: torch.Size([256, 256, 160])
[2025-07-17 16:07:26,970] [DEBUG] [TEST] Batch 6 | Pred shape: torch.Size([256, 256, 160]) | Label shape: torch.Size([256, 256, 160])
[2025-07-17 16:07:27,026] [DEBUG] [TEST] Batch 7 | Pred shape: torch.Size([256, 256, 160]) | Label shape: torch.Size([256, 256, 160])
[2025-07-17 16:07:27,200] [DEBUG] [TEST] Batch 8 | Pred shape: torch.Size([256, 256, 160]) | Label shape: torch.Size([256, 256, 160])
[2025-07-17 16:07:27,272] [DEBUG] [TEST] Batch 9 | Pred shape: torch.Size([256, 256, 160]) | Label shape: torch.Size([256, 256, 160])
[2025-07-17 16:07:27,331] [DEBUG] [TEST] Batch 10 | Pred shape: torch.Size([256, 256, 160]) | Label shape: torch.Size([256, 256, 160])
[2025-07-17 16:07:29,017] [DEBUG] [TEST] Batch 11 | Pred shape: torch.Size([256, 256, 160]) | Label shape: torch.Size([256, 256, 160])
[2025-07-17 16:07:29,721] [DEBUG] [TEST] Batch 12 | Pred shape: torch.Size([256, 256, 160]) | Label shape: torch.Size([256, 256, 160])
[2025-07-17 16:07:29,819] [DEBUG] [TEST] Batch 13 | Pred shape: torch.Size([256, 256, 160]) | Label shape: torch.Size([256, 256, 160])
[2025-07-17 16:07:29,909] [DEBUG] [TEST] Batch 14 | Pred shape: torch.Size([256, 256, 160]) | Label shape: torch.Size([256, 256, 160])
[2025-07-17 16:07:30,679] [DEBUG] [TEST] Batch 15 | Pred shape: torch.Size([256, 256, 160]) | Label shape: torch.Size([256, 256, 160])
[2025-07-17 16:07:30,737] [DEBUG] [TEST] Batch 16 | Pred shape: torch.Size([256, 256, 160]) | Label shape: torch.Size([256, 256, 160])
[2025-07-17 16:07:30,818] [DEBUG] [TEST] Batch 17 | Pred shape: torch.Size([256, 256, 160]) | Label shape: torch.Size([256, 256, 160])
[2025-07-17 16:07:30,879] [DEBUG] [TEST] Batch 18 | Pred shape: torch.Size([256, 256, 160]) | Label shape: torch.Size([256, 256, 160])
[2025-07-17 16:07:30,981] [DEBUG] [TEST] Batch 19 | Pred shape: torch.Size([256, 256, 160]) | Label shape: torch.Size([256, 256, 160])
[2025-07-17 16:07:31,077] [DEBUG] [TEST] Batch 20 | Pred shape: torch.Size([256, 256, 160]) | Label shape: torch.Size([256, 256, 160])
[2025-07-17 16:07:32,431] [DEBUG] [TEST] Batch 21 | Pred shape: torch.Size([256, 256, 160]) | Label shape: torch.Size([256, 256, 160])
[2025-07-17 16:07:32,798] [DEBUG] [TEST] Batch 22 | Pred shape: torch.Size([256, 256, 160]) | Label shape: torch.Size([256, 256, 160])
[2025-07-17 16:07:32,993] [DEBUG] [TEST] Batch 23 | Pred shape: torch.Size([256, 256, 160]) | Label shape: torch.Size([256, 256, 160])
[2025-07-17 16:07:33,111] [DEBUG] [TEST] Batch 24 | Pred shape: torch.Size([256, 256, 160]) | Label shape: torch.Size([256, 256, 160])
[2025-07-17 16:07:33,818] [DEBUG] [TEST] Batch 25 | Pred shape: torch.Size([256, 256, 160]) | Label shape: torch.Size([256, 256, 160])
[2025-07-17 16:07:33,878] [DEBUG] [TEST] Batch 26 | Pred shape: torch.Size([256, 256, 160]) | Label shape: torch.Size([256, 256, 160])
[2025-07-17 16:07:33,973] [DEBUG] [TEST] Batch 27 | Pred shape: torch.Size([256, 256, 160]) | Label shape: torch.Size([256, 256, 160])
[2025-07-17 16:07:34,034] [DEBUG] [TEST] Batch 28 | Pred shape: torch.Size([256, 256, 160]) | Label shape: torch.Size([256, 256, 160])
[2025-07-17 16:07:34,109] [DEBUG] [TEST] Batch 29 | Pred shape: torch.Size([256, 256, 160]) | Label shape: torch.Size([256, 256, 160])
[2025-07-17 16:07:34,191] [DEBUG] [TEST] Batch 30 | Pred shape: torch.Size([256, 256, 160]) | Label shape: torch.Size([256, 256, 160])
[2025-07-17 16:07:34,927] [DEBUG] [TEST] Batch 31 | Pred shape: torch.Size([256, 256, 160]) | Label shape: torch.Size([256, 256, 160])
[2025-07-17 16:07:35,973] [DEBUG] [TEST] Batch 32 | Pred shape: torch.Size([256, 256, 160]) | Label shape: torch.Size([256, 256, 160])
[2025-07-17 16:07:36,130] [DEBUG] [TEST] Batch 33 | Pred shape: torch.Size([256, 256, 160]) | Label shape: torch.Size([256, 256, 160])
[2025-07-17 16:07:36,281] [DEBUG] [TEST] Batch 34 | Pred shape: torch.Size([256, 256, 160]) | Label shape: torch.Size([256, 256, 160])
[2025-07-17 16:07:36,433] [DEBUG] [TEST] Batch 35 | Pred shape: torch.Size([256, 256, 160]) | Label shape: torch.Size([256, 256, 160])
[2025-07-17 16:07:36,592] [DEBUG] [TEST] Batch 36 | Pred shape: torch.Size([256, 256, 160]) | Label shape: torch.Size([256, 256, 160])
[2025-07-17 16:07:36,650] [DEBUG] [TEST] Batch 37 | Pred shape: torch.Size([256, 256, 160]) | Label shape: torch.Size([256, 256, 160])
[2025-07-17 16:07:36,707] [DEBUG] [TEST] Batch 38 | Pred shape: torch.Size([256, 256, 160]) | Label shape: torch.Size([256, 256, 160])
[2025-07-17 16:07:36,768] [DEBUG] [TEST] Batch 39 | Pred shape: torch.Size([256, 256, 160]) | Label shape: torch.Size([256, 256, 160])
[2025-07-17 16:07:40,057] [INFO] [FIT] Final model saved to: Run_UNET_R2Non-IID30%_fedWSOcompC3_20250717/Client2/model_final.pth
[2025-07-17 16:09:51,324] [INFO] [EVALUATE] Starting evaluation...
[2025-07-17 16:09:55,978] [INFO] [DEBUG] Loaded compressed decoded weights.
[2025-07-17 16:11:00,393] [INFO] Model initialized on device: cuda:0
[2025-07-17 16:11:03,270] [INFO] Model initialized on device: cuda:0
[2025-07-17 16:11:03,383] [INFO] Model initialized on device: cuda:0
[2025-07-17 16:11:03,482] [INFO] Model initialized on device: cuda:0
[2025-07-17 16:11:03,488] [INFO] Model initialized on device: cuda:0
[2025-07-17 16:11:03,498] [INFO] Model initialized on device: cuda:0
[2025-07-17 16:11:03,504] [INFO] Model initialized on device: cuda:0
[2025-07-17 16:11:03,506] [INFO] Model initialized on device: cuda:0
[2025-07-17 16:11:03,507] [INFO] Model initialized on device: cuda:0
[2025-07-17 16:11:03,508] [INFO] Model initialized on device: cuda:0
[2025-07-17 16:11:05,977] [DEBUG] [TEST] Batch 1 | Pred shape: torch.Size([256, 256, 160]) | Label shape: torch.Size([256, 256, 160])
[2025-07-17 16:11:10,274] [DEBUG] [TEST] Batch 2 | Pred shape: torch.Size([256, 256, 160]) | Label shape: torch.Size([256, 256, 160])
[2025-07-17 16:11:10,884] [DEBUG] [TEST] Batch 3 | Pred shape: torch.Size([256, 256, 160]) | Label shape: torch.Size([256, 256, 160])
[2025-07-17 16:11:11,186] [DEBUG] [TEST] Batch 4 | Pred shape: torch.Size([256, 256, 160]) | Label shape: torch.Size([256, 256, 160])
[2025-07-17 16:11:11,389] [DEBUG] [TEST] Batch 5 | Pred shape: torch.Size([256, 256, 160]) | Label shape: torch.Size([256, 256, 160])
[2025-07-17 16:11:11,581] [DEBUG] [TEST] Batch 6 | Pred shape: torch.Size([256, 256, 160]) | Label shape: torch.Size([256, 256, 160])
[2025-07-17 16:11:11,790] [DEBUG] [TEST] Batch 7 | Pred shape: torch.Size([256, 256, 160]) | Label shape: torch.Size([256, 256, 160])
[2025-07-17 16:11:11,975] [DEBUG] [TEST] Batch 8 | Pred shape: torch.Size([256, 256, 160]) | Label shape: torch.Size([256, 256, 160])
[2025-07-17 16:11:12,077] [DEBUG] [TEST] Batch 9 | Pred shape: torch.Size([256, 256, 160]) | Label shape: torch.Size([256, 256, 160])
[2025-07-17 16:11:12,177] [DEBUG] [TEST] Batch 10 | Pred shape: torch.Size([256, 256, 160]) | Label shape: torch.Size([256, 256, 160])
[2025-07-17 16:11:12,276] [DEBUG] [TEST] Batch 11 | Pred shape: torch.Size([256, 256, 160]) | Label shape: torch.Size([256, 256, 160])
[2025-07-17 16:11:15,478] [DEBUG] [TEST] Batch 12 | Pred shape: torch.Size([256, 256, 160]) | Label shape: torch.Size([256, 256, 160])
[2025-07-17 16:11:15,577] [DEBUG] [TEST] Batch 13 | Pred shape: torch.Size([256, 256, 160]) | Label shape: torch.Size([256, 256, 160])
[2025-07-17 16:11:15,709] [DEBUG] [TEST] Batch 14 | Pred shape: torch.Size([256, 256, 160]) | Label shape: torch.Size([256, 256, 160])
[2025-07-17 16:11:15,971] [DEBUG] [TEST] Batch 15 | Pred shape: torch.Size([256, 256, 160]) | Label shape: torch.Size([256, 256, 160])
[2025-07-17 16:11:16,174] [DEBUG] [TEST] Batch 16 | Pred shape: torch.Size([256, 256, 160]) | Label shape: torch.Size([256, 256, 160])
[2025-07-17 16:11:16,288] [DEBUG] [TEST] Batch 17 | Pred shape: torch.Size([256, 256, 160]) | Label shape: torch.Size([256, 256, 160])
[2025-07-17 16:11:16,472] [DEBUG] [TEST] Batch 18 | Pred shape: torch.Size([256, 256, 160]) | Label shape: torch.Size([256, 256, 160])
[2025-07-17 16:11:16,596] [DEBUG] [TEST] Batch 19 | Pred shape: torch.Size([256, 256, 160]) | Label shape: torch.Size([256, 256, 160])
[2025-07-17 16:11:16,677] [DEBUG] [TEST] Batch 20 | Pred shape: torch.Size([256, 256, 160]) | Label shape: torch.Size([256, 256, 160])
[2025-07-17 16:11:16,777] [DEBUG] [TEST] Batch 21 | Pred shape: torch.Size([256, 256, 160]) | Label shape: torch.Size([256, 256, 160])
[2025-07-17 16:11:19,576] [DEBUG] [TEST] Batch 22 | Pred shape: torch.Size([256, 256, 160]) | Label shape: torch.Size([256, 256, 160])
[2025-07-17 16:11:19,698] [DEBUG] [TEST] Batch 23 | Pred shape: torch.Size([256, 256, 160]) | Label shape: torch.Size([256, 256, 160])
[2025-07-17 16:11:19,822] [DEBUG] [TEST] Batch 24 | Pred shape: torch.Size([256, 256, 160]) | Label shape: torch.Size([256, 256, 160])
[2025-07-17 16:11:19,946] [DEBUG] [TEST] Batch 25 | Pred shape: torch.Size([256, 256, 160]) | Label shape: torch.Size([256, 256, 160])
[2025-07-17 16:11:20,060] [DEBUG] [TEST] Batch 26 | Pred shape: torch.Size([256, 256, 160]) | Label shape: torch.Size([256, 256, 160])
[2025-07-17 16:11:20,184] [DEBUG] [TEST] Batch 27 | Pred shape: torch.Size([256, 256, 160]) | Label shape: torch.Size([256, 256, 160])
[2025-07-17 16:11:20,310] [DEBUG] [TEST] Batch 28 | Pred shape: torch.Size([256, 256, 160]) | Label shape: torch.Size([256, 256, 160])
[2025-07-17 16:11:20,435] [DEBUG] [TEST] Batch 29 | Pred shape: torch.Size([256, 256, 160]) | Label shape: torch.Size([256, 256, 160])
[2025-07-17 16:11:20,495] [DEBUG] [TEST] Batch 30 | Pred shape: torch.Size([256, 256, 160]) | Label shape: torch.Size([256, 256, 160])
[2025-07-17 16:11:20,552] [DEBUG] [TEST] Batch 31 | Pred shape: torch.Size([256, 256, 160]) | Label shape: torch.Size([256, 256, 160])
[2025-07-17 16:11:22,025] [DEBUG] [TEST] Batch 32 | Pred shape: torch.Size([256, 256, 160]) | Label shape: torch.Size([256, 256, 160])
[2025-07-17 16:11:22,080] [DEBUG] [TEST] Batch 33 | Pred shape: torch.Size([256, 256, 160]) | Label shape: torch.Size([256, 256, 160])
[2025-07-17 16:11:22,136] [DEBUG] [TEST] Batch 34 | Pred shape: torch.Size([256, 256, 160]) | Label shape: torch.Size([256, 256, 160])
[2025-07-17 16:11:22,191] [DEBUG] [TEST] Batch 35 | Pred shape: torch.Size([256, 256, 160]) | Label shape: torch.Size([256, 256, 160])
[2025-07-17 16:11:22,250] [DEBUG] [TEST] Batch 36 | Pred shape: torch.Size([256, 256, 160]) | Label shape: torch.Size([256, 256, 160])
[2025-07-17 16:11:22,305] [DEBUG] [TEST] Batch 37 | Pred shape: torch.Size([256, 256, 160]) | Label shape: torch.Size([256, 256, 160])
[2025-07-17 16:11:22,362] [DEBUG] [TEST] Batch 38 | Pred shape: torch.Size([256, 256, 160]) | Label shape: torch.Size([256, 256, 160])
[2025-07-17 16:11:22,418] [DEBUG] [TEST] Batch 39 | Pred shape: torch.Size([256, 256, 160]) | Label shape: torch.Size([256, 256, 160])
[2025-07-17 16:11:24,762] [INFO] [EVALUATE] Dice WT: 0.4305
[2025-07-17 16:11:29,395] [INFO] [FIT] Received parameters. Starting local training...
[2025-07-17 16:11:34,398] [INFO] [DEBUG] Loaded compressed decoded weights.
[2025-07-17 16:12:40,775] [INFO] Model initialized on device: cuda:0
[2025-07-17 16:12:40,888] [INFO] Model initialized on device: cuda:0
[2025-07-17 16:12:41,274] [INFO] Model initialized on device: cuda:0
[2025-07-17 16:12:41,275] [INFO] Model initialized on device: cuda:0
[2025-07-17 16:12:41,295] [INFO] Model initialized on device: cuda:0
[2025-07-17 16:12:41,301] [INFO] Model initialized on device: cuda:0
[2025-07-17 16:12:41,304] [INFO] Model initialized on device: cuda:0
[2025-07-17 16:12:41,305] [INFO] Model initialized on device: cuda:0
[2025-07-17 16:12:41,370] [INFO] Model initialized on device: cuda:0
[2025-07-17 16:12:41,370] [INFO] Model initialized on device: cuda:0
[2025-07-17 16:16:25,881] [INFO] [TRAIN] Epoch 1 Loss: 0.2706
[2025-07-17 16:17:06,574] [INFO] Model initialized on device: cuda:0
[2025-07-17 16:17:07,190] [INFO] Model initialized on device: cuda:0
[2025-07-17 16:17:07,191] [INFO] Model initialized on device: cuda:0
[2025-07-17 16:17:07,285] [INFO] Model initialized on device: cuda:0
[2025-07-17 16:17:07,479] [INFO] Model initialized on device: cuda:0
[2025-07-17 16:17:07,483] [INFO] Model initialized on device: cuda:0
[2025-07-17 16:17:07,573] [INFO] Model initialized on device: cuda:0
[2025-07-17 16:17:07,574] [INFO] Model initialized on device: cuda:0
[2025-07-17 16:17:07,579] [INFO] Model initialized on device: cuda:0
[2025-07-17 16:17:07,584] [INFO] Model initialized on device: cuda:0
[2025-07-17 16:20:52,572] [INFO] [TRAIN] Epoch 2 Loss: 0.2046
[2025-07-17 16:21:33,075] [INFO] Model initialized on device: cuda:0
[2025-07-17 16:21:34,615] [INFO] Model initialized on device: cuda:0
[2025-07-17 16:21:34,618] [INFO] Model initialized on device: cuda:0
[2025-07-17 16:21:34,671] [INFO] Model initialized on device: cuda:0
[2025-07-17 16:21:34,674] [INFO] Model initialized on device: cuda:0
[2025-07-17 16:21:34,694] [INFO] Model initialized on device: cuda:0
[2025-07-17 16:21:34,697] [INFO] Model initialized on device: cuda:0
[2025-07-17 16:21:34,709] [INFO] Model initialized on device: cuda:0
[2025-07-17 16:21:34,711] [INFO] Model initialized on device: cuda:0
[2025-07-17 16:21:34,711] [INFO] Model initialized on device: cuda:0
[2025-07-17 16:24:58,405] [INFO] [TRAIN] Epoch 3 Loss: 0.1886
[2025-07-17 16:25:17,201] [INFO] Model initialized on device: cuda:0
[2025-07-17 16:25:17,477] [INFO] Model initialized on device: cuda:0
[2025-07-17 16:25:18,109] [INFO] Model initialized on device: cuda:0
[2025-07-17 16:25:18,885] [INFO] Model initialized on device: cuda:0
[2025-07-17 16:25:19,110] [INFO] Model initialized on device: cuda:0
[2025-07-17 16:25:19,113] [INFO] Model initialized on device: cuda:0
[2025-07-17 16:25:19,116] [INFO] Model initialized on device: cuda:0
[2025-07-17 16:25:19,125] [INFO] Model initialized on device: cuda:0
[2025-07-17 16:25:19,129] [INFO] Model initialized on device: cuda:0
[2025-07-17 16:25:19,170] [INFO] Model initialized on device: cuda:0
[2025-07-17 16:27:10,659] [INFO] [TRAIN] Epoch 4 Loss: 0.1867
[2025-07-17 16:27:25,538] [INFO] Model initialized on device: cuda:0
[2025-07-17 16:27:26,632] [INFO] Model initialized on device: cuda:0
[2025-07-17 16:27:28,370] [INFO] Model initialized on device: cuda:0
[2025-07-17 16:27:29,804] [INFO] Model initialized on device: cuda:0
[2025-07-17 16:27:29,939] [INFO] Model initialized on device: cuda:0
[2025-07-17 16:27:29,973] [INFO] Model initialized on device: cuda:0
[2025-07-17 16:27:29,973] [INFO] Model initialized on device: cuda:0
[2025-07-17 16:27:29,983] [INFO] Model initialized on device: cuda:0
[2025-07-17 16:27:29,983] [INFO] Model initialized on device: cuda:0
[2025-07-17 16:27:29,989] [INFO] Model initialized on device: cuda:0
[2025-07-17 16:29:23,902] [INFO] [TRAIN] Epoch 5 Loss: 0.1730
[2025-07-17 16:29:23,903] [INFO] [FIT] Local training finished. Avg Loss: 0.2047
[2025-07-17 16:29:41,429] [INFO] Model initialized on device: cuda:0
[2025-07-17 16:29:42,519] [INFO] Model initialized on device: cuda:0
[2025-07-17 16:29:42,781] [INFO] Model initialized on device: cuda:0
[2025-07-17 16:29:44,224] [INFO] Model initialized on device: cuda:0
[2025-07-17 16:29:44,226] [INFO] Model initialized on device: cuda:0
[2025-07-17 16:29:44,230] [INFO] Model initialized on device: cuda:0
[2025-07-17 16:29:44,294] [INFO] Model initialized on device: cuda:0
[2025-07-17 16:29:44,296] [INFO] Model initialized on device: cuda:0
[2025-07-17 16:29:44,297] [INFO] Model initialized on device: cuda:0
[2025-07-17 16:29:44,297] [INFO] Model initialized on device: cuda:0
[2025-07-17 16:29:45,677] [DEBUG] [TEST] Batch 1 | Pred shape: torch.Size([256, 256, 160]) | Label shape: torch.Size([256, 256, 160])
[2025-07-17 16:29:45,735] [DEBUG] [TEST] Batch 2 | Pred shape: torch.Size([256, 256, 160]) | Label shape: torch.Size([256, 256, 160])
[2025-07-17 16:29:48,592] [DEBUG] [TEST] Batch 3 | Pred shape: torch.Size([256, 256, 160]) | Label shape: torch.Size([256, 256, 160])
[2025-07-17 16:29:48,676] [DEBUG] [TEST] Batch 4 | Pred shape: torch.Size([256, 256, 160]) | Label shape: torch.Size([256, 256, 160])
[2025-07-17 16:29:48,733] [DEBUG] [TEST] Batch 5 | Pred shape: torch.Size([256, 256, 160]) | Label shape: torch.Size([256, 256, 160])
[2025-07-17 16:29:48,789] [DEBUG] [TEST] Batch 6 | Pred shape: torch.Size([256, 256, 160]) | Label shape: torch.Size([256, 256, 160])
[2025-07-17 16:29:48,876] [DEBUG] [TEST] Batch 7 | Pred shape: torch.Size([256, 256, 160]) | Label shape: torch.Size([256, 256, 160])
[2025-07-17 16:29:48,936] [DEBUG] [TEST] Batch 8 | Pred shape: torch.Size([256, 256, 160]) | Label shape: torch.Size([256, 256, 160])
[2025-07-17 16:29:49,023] [DEBUG] [TEST] Batch 9 | Pred shape: torch.Size([256, 256, 160]) | Label shape: torch.Size([256, 256, 160])
[2025-07-17 16:29:49,083] [DEBUG] [TEST] Batch 10 | Pred shape: torch.Size([256, 256, 160]) | Label shape: torch.Size([256, 256, 160])
[2025-07-17 16:29:49,307] [DEBUG] [TEST] Batch 11 | Pred shape: torch.Size([256, 256, 160]) | Label shape: torch.Size([256, 256, 160])
[2025-07-17 16:29:49,474] [DEBUG] [TEST] Batch 12 | Pred shape: torch.Size([256, 256, 160]) | Label shape: torch.Size([256, 256, 160])
[2025-07-17 16:29:51,394] [DEBUG] [TEST] Batch 13 | Pred shape: torch.Size([256, 256, 160]) | Label shape: torch.Size([256, 256, 160])
[2025-07-17 16:29:51,736] [DEBUG] [TEST] Batch 14 | Pred shape: torch.Size([256, 256, 160]) | Label shape: torch.Size([256, 256, 160])
[2025-07-17 16:29:51,819] [DEBUG] [TEST] Batch 15 | Pred shape: torch.Size([256, 256, 160]) | Label shape: torch.Size([256, 256, 160])
[2025-07-17 16:29:51,878] [DEBUG] [TEST] Batch 16 | Pred shape: torch.Size([256, 256, 160]) | Label shape: torch.Size([256, 256, 160])
[2025-07-17 16:29:51,936] [DEBUG] [TEST] Batch 17 | Pred shape: torch.Size([256, 256, 160]) | Label shape: torch.Size([256, 256, 160])
[2025-07-17 16:29:52,018] [DEBUG] [TEST] Batch 18 | Pred shape: torch.Size([256, 256, 160]) | Label shape: torch.Size([256, 256, 160])
[2025-07-17 16:29:52,077] [DEBUG] [TEST] Batch 19 | Pred shape: torch.Size([256, 256, 160]) | Label shape: torch.Size([256, 256, 160])
[2025-07-17 16:29:52,136] [DEBUG] [TEST] Batch 20 | Pred shape: torch.Size([256, 256, 160]) | Label shape: torch.Size([256, 256, 160])
[2025-07-17 16:29:52,495] [DEBUG] [TEST] Batch 21 | Pred shape: torch.Size([256, 256, 160]) | Label shape: torch.Size([256, 256, 160])
[2025-07-17 16:29:52,577] [DEBUG] [TEST] Batch 22 | Pred shape: torch.Size([256, 256, 160]) | Label shape: torch.Size([256, 256, 160])
[2025-07-17 16:29:55,184] [DEBUG] [TEST] Batch 23 | Pred shape: torch.Size([256, 256, 160]) | Label shape: torch.Size([256, 256, 160])
[2025-07-17 16:29:55,240] [DEBUG] [TEST] Batch 24 | Pred shape: torch.Size([256, 256, 160]) | Label shape: torch.Size([256, 256, 160])
[2025-07-17 16:29:55,321] [DEBUG] [TEST] Batch 25 | Pred shape: torch.Size([256, 256, 160]) | Label shape: torch.Size([256, 256, 160])
[2025-07-17 16:29:55,377] [DEBUG] [TEST] Batch 26 | Pred shape: torch.Size([256, 256, 160]) | Label shape: torch.Size([256, 256, 160])
[2025-07-17 16:29:55,436] [DEBUG] [TEST] Batch 27 | Pred shape: torch.Size([256, 256, 160]) | Label shape: torch.Size([256, 256, 160])
[2025-07-17 16:29:55,492] [DEBUG] [TEST] Batch 28 | Pred shape: torch.Size([256, 256, 160]) | Label shape: torch.Size([256, 256, 160])
[2025-07-17 16:29:55,571] [DEBUG] [TEST] Batch 29 | Pred shape: torch.Size([256, 256, 160]) | Label shape: torch.Size([256, 256, 160])
[2025-07-17 16:29:55,673] [DEBUG] [TEST] Batch 30 | Pred shape: torch.Size([256, 256, 160]) | Label shape: torch.Size([256, 256, 160])
[2025-07-17 16:29:55,732] [DEBUG] [TEST] Batch 31 | Pred shape: torch.Size([256, 256, 160]) | Label shape: torch.Size([256, 256, 160])
[2025-07-17 16:29:55,788] [DEBUG] [TEST] Batch 32 | Pred shape: torch.Size([256, 256, 160]) | Label shape: torch.Size([256, 256, 160])
[2025-07-17 16:29:57,589] [DEBUG] [TEST] Batch 33 | Pred shape: torch.Size([256, 256, 160]) | Label shape: torch.Size([256, 256, 160])
[2025-07-17 16:29:57,663] [DEBUG] [TEST] Batch 34 | Pred shape: torch.Size([256, 256, 160]) | Label shape: torch.Size([256, 256, 160])
[2025-07-17 16:29:57,721] [DEBUG] [TEST] Batch 35 | Pred shape: torch.Size([256, 256, 160]) | Label shape: torch.Size([256, 256, 160])
[2025-07-17 16:29:57,779] [DEBUG] [TEST] Batch 36 | Pred shape: torch.Size([256, 256, 160]) | Label shape: torch.Size([256, 256, 160])
[2025-07-17 16:29:57,837] [DEBUG] [TEST] Batch 37 | Pred shape: torch.Size([256, 256, 160]) | Label shape: torch.Size([256, 256, 160])
[2025-07-17 16:29:57,892] [DEBUG] [TEST] Batch 38 | Pred shape: torch.Size([256, 256, 160]) | Label shape: torch.Size([256, 256, 160])
[2025-07-17 16:29:57,951] [DEBUG] [TEST] Batch 39 | Pred shape: torch.Size([256, 256, 160]) | Label shape: torch.Size([256, 256, 160])
[2025-07-17 16:30:01,161] [INFO] [FIT] Final model saved to: Run_UNET_R2Non-IID30%_fedWSOcompC3_20250717/Client2/model_final.pth
[2025-07-17 16:32:19,734] [INFO] [EVALUATE] Starting evaluation...
[2025-07-17 16:32:21,686] [INFO] [DEBUG] Loaded compressed decoded weights.
[2025-07-17 16:33:32,882] [INFO] Model initialized on device: cuda:0
[2025-07-17 16:33:33,075] [INFO] Model initialized on device: cuda:0
[2025-07-17 16:33:33,574] [INFO] Model initialized on device: cuda:0
[2025-07-17 16:33:33,580] [INFO] Model initialized on device: cuda:0
[2025-07-17 16:33:34,175] [INFO] Model initialized on device: cuda:0
[2025-07-17 16:33:34,177] [INFO] Model initialized on device: cuda:0
[2025-07-17 16:33:34,179] [INFO] Model initialized on device: cuda:0
[2025-07-17 16:33:34,202] [INFO] Model initialized on device: cuda:0
[2025-07-17 16:33:34,270] [INFO] Model initialized on device: cuda:0
[2025-07-17 16:33:34,271] [INFO] Model initialized on device: cuda:0
[2025-07-17 16:33:41,273] [DEBUG] [TEST] Batch 1 | Pred shape: torch.Size([256, 256, 160]) | Label shape: torch.Size([256, 256, 160])
[2025-07-17 16:33:41,378] [DEBUG] [TEST] Batch 2 | Pred shape: torch.Size([256, 256, 160]) | Label shape: torch.Size([256, 256, 160])
[2025-07-17 16:33:41,571] [DEBUG] [TEST] Batch 3 | Pred shape: torch.Size([256, 256, 160]) | Label shape: torch.Size([256, 256, 160])
[2025-07-17 16:33:41,679] [DEBUG] [TEST] Batch 4 | Pred shape: torch.Size([256, 256, 160]) | Label shape: torch.Size([256, 256, 160])
[2025-07-17 16:33:42,476] [DEBUG] [TEST] Batch 5 | Pred shape: torch.Size([256, 256, 160]) | Label shape: torch.Size([256, 256, 160])
[2025-07-17 16:33:42,605] [DEBUG] [TEST] Batch 6 | Pred shape: torch.Size([256, 256, 160]) | Label shape: torch.Size([256, 256, 160])
[2025-07-17 16:33:42,792] [DEBUG] [TEST] Batch 7 | Pred shape: torch.Size([256, 256, 160]) | Label shape: torch.Size([256, 256, 160])
[2025-07-17 16:33:42,988] [DEBUG] [TEST] Batch 8 | Pred shape: torch.Size([256, 256, 160]) | Label shape: torch.Size([256, 256, 160])
[2025-07-17 16:33:43,294] [DEBUG] [TEST] Batch 9 | Pred shape: torch.Size([256, 256, 160]) | Label shape: torch.Size([256, 256, 160])
[2025-07-17 16:33:43,481] [DEBUG] [TEST] Batch 10 | Pred shape: torch.Size([256, 256, 160]) | Label shape: torch.Size([256, 256, 160])
[2025-07-17 16:33:46,080] [DEBUG] [TEST] Batch 11 | Pred shape: torch.Size([256, 256, 160]) | Label shape: torch.Size([256, 256, 160])
[2025-07-17 16:33:46,177] [DEBUG] [TEST] Batch 12 | Pred shape: torch.Size([256, 256, 160]) | Label shape: torch.Size([256, 256, 160])
[2025-07-17 16:33:46,282] [DEBUG] [TEST] Batch 13 | Pred shape: torch.Size([256, 256, 160]) | Label shape: torch.Size([256, 256, 160])
[2025-07-17 16:33:46,685] [DEBUG] [TEST] Batch 14 | Pred shape: torch.Size([256, 256, 160]) | Label shape: torch.Size([256, 256, 160])
[2025-07-17 16:33:46,894] [DEBUG] [TEST] Batch 15 | Pred shape: torch.Size([256, 256, 160]) | Label shape: torch.Size([256, 256, 160])
[2025-07-17 16:33:46,980] [DEBUG] [TEST] Batch 16 | Pred shape: torch.Size([256, 256, 160]) | Label shape: torch.Size([256, 256, 160])
[2025-07-17 16:33:47,180] [DEBUG] [TEST] Batch 17 | Pred shape: torch.Size([256, 256, 160]) | Label shape: torch.Size([256, 256, 160])
[2025-07-17 16:33:47,392] [DEBUG] [TEST] Batch 18 | Pred shape: torch.Size([256, 256, 160]) | Label shape: torch.Size([256, 256, 160])
[2025-07-17 16:33:47,589] [DEBUG] [TEST] Batch 19 | Pred shape: torch.Size([256, 256, 160]) | Label shape: torch.Size([256, 256, 160])
[2025-07-17 16:33:47,788] [DEBUG] [TEST] Batch 20 | Pred shape: torch.Size([256, 256, 160]) | Label shape: torch.Size([256, 256, 160])
[2025-07-17 16:33:50,378] [DEBUG] [TEST] Batch 21 | Pred shape: torch.Size([256, 256, 160]) | Label shape: torch.Size([256, 256, 160])
[2025-07-17 16:33:50,478] [DEBUG] [TEST] Batch 22 | Pred shape: torch.Size([256, 256, 160]) | Label shape: torch.Size([256, 256, 160])
[2025-07-17 16:33:51,777] [DEBUG] [TEST] Batch 23 | Pred shape: torch.Size([256, 256, 160]) | Label shape: torch.Size([256, 256, 160])
[2025-07-17 16:33:52,076] [DEBUG] [TEST] Batch 24 | Pred shape: torch.Size([256, 256, 160]) | Label shape: torch.Size([256, 256, 160])
[2025-07-17 16:33:52,686] [DEBUG] [TEST] Batch 25 | Pred shape: torch.Size([256, 256, 160]) | Label shape: torch.Size([256, 256, 160])
[2025-07-17 16:33:52,781] [DEBUG] [TEST] Batch 26 | Pred shape: torch.Size([256, 256, 160]) | Label shape: torch.Size([256, 256, 160])
[2025-07-17 16:33:52,908] [DEBUG] [TEST] Batch 27 | Pred shape: torch.Size([256, 256, 160]) | Label shape: torch.Size([256, 256, 160])
[2025-07-17 16:33:52,976] [DEBUG] [TEST] Batch 28 | Pred shape: torch.Size([256, 256, 160]) | Label shape: torch.Size([256, 256, 160])
[2025-07-17 16:33:53,076] [DEBUG] [TEST] Batch 29 | Pred shape: torch.Size([256, 256, 160]) | Label shape: torch.Size([256, 256, 160])
[2025-07-17 16:33:53,188] [DEBUG] [TEST] Batch 30 | Pred shape: torch.Size([256, 256, 160]) | Label shape: torch.Size([256, 256, 160])
[2025-07-17 16:33:55,633] [DEBUG] [TEST] Batch 31 | Pred shape: torch.Size([256, 256, 160]) | Label shape: torch.Size([256, 256, 160])
[2025-07-17 16:33:55,692] [DEBUG] [TEST] Batch 32 | Pred shape: torch.Size([256, 256, 160]) | Label shape: torch.Size([256, 256, 160])
[2025-07-17 16:33:56,126] [DEBUG] [TEST] Batch 33 | Pred shape: torch.Size([256, 256, 160]) | Label shape: torch.Size([256, 256, 160])
[2025-07-17 16:33:56,252] [DEBUG] [TEST] Batch 34 | Pred shape: torch.Size([256, 256, 160]) | Label shape: torch.Size([256, 256, 160])
[2025-07-17 16:33:56,314] [DEBUG] [TEST] Batch 35 | Pred shape: torch.Size([256, 256, 160]) | Label shape: torch.Size([256, 256, 160])
[2025-07-17 16:33:56,426] [DEBUG] [TEST] Batch 36 | Pred shape: torch.Size([256, 256, 160]) | Label shape: torch.Size([256, 256, 160])
[2025-07-17 16:33:56,547] [DEBUG] [TEST] Batch 37 | Pred shape: torch.Size([256, 256, 160]) | Label shape: torch.Size([256, 256, 160])
[2025-07-17 16:33:56,673] [DEBUG] [TEST] Batch 38 | Pred shape: torch.Size([256, 256, 160]) | Label shape: torch.Size([256, 256, 160])
[2025-07-17 16:33:56,800] [DEBUG] [TEST] Batch 39 | Pred shape: torch.Size([256, 256, 160]) | Label shape: torch.Size([256, 256, 160])
[2025-07-17 16:33:59,526] [INFO] [EVALUATE] Dice WT: 0.4308
[2025-07-17 16:34:06,175] [INFO] [FIT] Received parameters. Starting local training...
[2025-07-17 16:34:10,575] [INFO] [DEBUG] Loaded compressed decoded weights.
[2025-07-17 16:35:15,978] [INFO] Model initialized on device: cuda:0
[2025-07-17 16:35:18,244] [INFO] Model initialized on device: cuda:0
[2025-07-17 16:35:18,406] [INFO] Model initialized on device: cuda:0
[2025-07-17 16:35:18,603] [INFO] Model initialized on device: cuda:0
[2025-07-17 16:35:18,919] [INFO] Model initialized on device: cuda:0
[2025-07-17 16:35:19,388] [INFO] Model initialized on device: cuda:0
[2025-07-17 16:35:20,204] [INFO] Model initialized on device: cuda:0
[2025-07-17 16:35:20,297] [INFO] Model initialized on device: cuda:0
[2025-07-17 16:35:20,304] [INFO] Model initialized on device: cuda:0
[2025-07-17 16:35:20,305] [INFO] Model initialized on device: cuda:0
[2025-07-17 16:39:10,077] [INFO] [TRAIN] Epoch 1 Loss: 0.2698
[2025-07-17 16:39:50,583] [INFO] Model initialized on device: cuda:0
[2025-07-17 16:39:50,974] [INFO] Model initialized on device: cuda:0
[2025-07-17 16:39:51,376] [INFO] Model initialized on device: cuda:0
[2025-07-17 16:39:51,497] [INFO] Model initialized on device: cuda:0
[2025-07-17 16:39:51,504] [INFO] Model initialized on device: cuda:0
[2025-07-17 16:39:51,575] [INFO] Model initialized on device: cuda:0
[2025-07-17 16:39:51,579] [INFO] Model initialized on device: cuda:0
[2025-07-17 16:39:51,579] [INFO] Model initialized on device: cuda:0
[2025-07-17 16:39:51,580] [INFO] Model initialized on device: cuda:0
[2025-07-17 16:39:51,581] [INFO] Model initialized on device: cuda:0
[2025-07-17 16:43:48,013] [INFO] [TRAIN] Epoch 2 Loss: 0.2058
[2025-07-17 16:44:31,975] [INFO] Model initialized on device: cuda:0
[2025-07-17 16:44:31,993] [INFO] Model initialized on device: cuda:0
[2025-07-17 16:44:31,993] [INFO] Model initialized on device: cuda:0
[2025-07-17 16:44:32,176] [INFO] Model initialized on device: cuda:0
[2025-07-17 16:44:32,292] [INFO] Model initialized on device: cuda:0
[2025-07-17 16:44:32,371] [INFO] Model initialized on device: cuda:0
[2025-07-17 16:44:32,384] [INFO] Model initialized on device: cuda:0
[2025-07-17 16:44:32,475] [INFO] Model initialized on device: cuda:0
[2025-07-17 16:44:32,479] [INFO] Model initialized on device: cuda:0
[2025-07-17 16:44:32,487] [INFO] Model initialized on device: cuda:0
[2025-07-17 16:47:49,917] [INFO] [TRAIN] Epoch 3 Loss: 0.1970
[2025-07-17 16:48:09,378] [INFO] Model initialized on device: cuda:0
[2025-07-17 16:48:09,535] [INFO] Model initialized on device: cuda:0
[2025-07-17 16:48:10,111] [INFO] Model initialized on device: cuda:0
[2025-07-17 16:48:10,298] [INFO] Model initialized on device: cuda:0
[2025-07-17 16:48:10,425] [INFO] Model initialized on device: cuda:0
[2025-07-17 16:48:10,507] [INFO] Model initialized on device: cuda:0
[2025-07-17 16:48:10,519] [INFO] Model initialized on device: cuda:0
[2025-07-17 16:48:10,525] [INFO] Model initialized on device: cuda:0
[2025-07-17 16:48:10,527] [INFO] Model initialized on device: cuda:0
[2025-07-17 16:48:10,528] [INFO] Model initialized on device: cuda:0
[2025-07-17 16:50:02,008] [INFO] [TRAIN] Epoch 4 Loss: 0.1803
[2025-07-17 16:50:18,039] [INFO] Model initialized on device: cuda:0
[2025-07-17 16:50:18,233] [INFO] Model initialized on device: cuda:0
[2025-07-17 16:50:19,101] [INFO] Model initialized on device: cuda:0
[2025-07-17 16:50:20,993] [INFO] Model initialized on device: cuda:0
[2025-07-17 16:50:21,026] [INFO] Model initialized on device: cuda:0
[2025-07-17 16:50:21,120] [INFO] Model initialized on device: cuda:0
[2025-07-17 16:50:21,182] [INFO] Model initialized on device: cuda:0
[2025-07-17 16:50:21,187] [INFO] Model initialized on device: cuda:0
[2025-07-17 16:50:21,193] [INFO] Model initialized on device: cuda:0
[2025-07-17 16:50:21,196] [INFO] Model initialized on device: cuda:0
[2025-07-17 16:52:13,156] [INFO] [TRAIN] Epoch 5 Loss: 0.1680
[2025-07-17 16:52:13,158] [INFO] [FIT] Local training finished. Avg Loss: 0.2042
[2025-07-17 16:52:28,616] [INFO] Model initialized on device: cuda:0
[2025-07-17 16:52:30,276] [INFO] Model initialized on device: cuda:0
[2025-07-17 16:52:30,329] [INFO] Model initialized on device: cuda:0
[2025-07-17 16:52:31,132] [INFO] Model initialized on device: cuda:0
[2025-07-17 16:52:32,507] [INFO] Model initialized on device: cuda:0
[2025-07-17 16:52:32,508] [INFO] Model initialized on device: cuda:0
[2025-07-17 16:52:32,510] [INFO] Model initialized on device: cuda:0
[2025-07-17 16:52:32,534] [INFO] Model initialized on device: cuda:0
[2025-07-17 16:52:32,537] [INFO] Model initialized on device: cuda:0
[2025-07-17 16:52:32,545] [INFO] Model initialized on device: cuda:0
[2025-07-17 16:52:36,823] [DEBUG] [TEST] Batch 1 | Pred shape: torch.Size([256, 256, 160]) | Label shape: torch.Size([256, 256, 160])
[2025-07-17 16:52:36,932] [DEBUG] [TEST] Batch 2 | Pred shape: torch.Size([256, 256, 160]) | Label shape: torch.Size([256, 256, 160])
[2025-07-17 16:52:37,100] [DEBUG] [TEST] Batch 3 | Pred shape: torch.Size([256, 256, 160]) | Label shape: torch.Size([256, 256, 160])
[2025-07-17 16:52:37,273] [DEBUG] [TEST] Batch 4 | Pred shape: torch.Size([256, 256, 160]) | Label shape: torch.Size([256, 256, 160])
[2025-07-17 16:52:37,328] [DEBUG] [TEST] Batch 5 | Pred shape: torch.Size([256, 256, 160]) | Label shape: torch.Size([256, 256, 160])
[2025-07-17 16:52:37,383] [DEBUG] [TEST] Batch 6 | Pred shape: torch.Size([256, 256, 160]) | Label shape: torch.Size([256, 256, 160])
[2025-07-17 16:52:37,439] [DEBUG] [TEST] Batch 7 | Pred shape: torch.Size([256, 256, 160]) | Label shape: torch.Size([256, 256, 160])
[2025-07-17 16:52:37,516] [DEBUG] [TEST] Batch 8 | Pred shape: torch.Size([256, 256, 160]) | Label shape: torch.Size([256, 256, 160])
[2025-07-17 16:52:37,576] [DEBUG] [TEST] Batch 9 | Pred shape: torch.Size([256, 256, 160]) | Label shape: torch.Size([256, 256, 160])
[2025-07-17 16:52:37,673] [DEBUG] [TEST] Batch 10 | Pred shape: torch.Size([256, 256, 160]) | Label shape: torch.Size([256, 256, 160])
[2025-07-17 16:52:39,536] [DEBUG] [TEST] Batch 11 | Pred shape: torch.Size([256, 256, 160]) | Label shape: torch.Size([256, 256, 160])
[2025-07-17 16:52:39,610] [DEBUG] [TEST] Batch 12 | Pred shape: torch.Size([256, 256, 160]) | Label shape: torch.Size([256, 256, 160])
[2025-07-17 16:52:39,677] [DEBUG] [TEST] Batch 13 | Pred shape: torch.Size([256, 256, 160]) | Label shape: torch.Size([256, 256, 160])
[2025-07-17 16:52:39,777] [DEBUG] [TEST] Batch 14 | Pred shape: torch.Size([256, 256, 160]) | Label shape: torch.Size([256, 256, 160])
[2025-07-17 16:52:39,834] [DEBUG] [TEST] Batch 15 | Pred shape: torch.Size([256, 256, 160]) | Label shape: torch.Size([256, 256, 160])
[2025-07-17 16:52:39,926] [DEBUG] [TEST] Batch 16 | Pred shape: torch.Size([256, 256, 160]) | Label shape: torch.Size([256, 256, 160])
[2025-07-17 16:52:40,077] [DEBUG] [TEST] Batch 17 | Pred shape: torch.Size([256, 256, 160]) | Label shape: torch.Size([256, 256, 160])
[2025-07-17 16:52:40,173] [DEBUG] [TEST] Batch 18 | Pred shape: torch.Size([256, 256, 160]) | Label shape: torch.Size([256, 256, 160])
[2025-07-17 16:52:40,229] [DEBUG] [TEST] Batch 19 | Pred shape: torch.Size([256, 256, 160]) | Label shape: torch.Size([256, 256, 160])
[2025-07-17 16:52:40,319] [DEBUG] [TEST] Batch 20 | Pred shape: torch.Size([256, 256, 160]) | Label shape: torch.Size([256, 256, 160])
[2025-07-17 16:52:42,720] [DEBUG] [TEST] Batch 21 | Pred shape: torch.Size([256, 256, 160]) | Label shape: torch.Size([256, 256, 160])
[2025-07-17 16:52:42,776] [DEBUG] [TEST] Batch 22 | Pred shape: torch.Size([256, 256, 160]) | Label shape: torch.Size([256, 256, 160])
[2025-07-17 16:52:42,835] [DEBUG] [TEST] Batch 23 | Pred shape: torch.Size([256, 256, 160]) | Label shape: torch.Size([256, 256, 160])
[2025-07-17 16:52:42,908] [DEBUG] [TEST] Batch 24 | Pred shape: torch.Size([256, 256, 160]) | Label shape: torch.Size([256, 256, 160])
[2025-07-17 16:52:42,978] [DEBUG] [TEST] Batch 25 | Pred shape: torch.Size([256, 256, 160]) | Label shape: torch.Size([256, 256, 160])
[2025-07-17 16:52:43,037] [DEBUG] [TEST] Batch 26 | Pred shape: torch.Size([256, 256, 160]) | Label shape: torch.Size([256, 256, 160])
[2025-07-17 16:52:43,093] [DEBUG] [TEST] Batch 27 | Pred shape: torch.Size([256, 256, 160]) | Label shape: torch.Size([256, 256, 160])
[2025-07-17 16:52:43,173] [DEBUG] [TEST] Batch 28 | Pred shape: torch.Size([256, 256, 160]) | Label shape: torch.Size([256, 256, 160])
[2025-07-17 16:52:43,229] [DEBUG] [TEST] Batch 29 | Pred shape: torch.Size([256, 256, 160]) | Label shape: torch.Size([256, 256, 160])
[2025-07-17 16:52:43,376] [DEBUG] [TEST] Batch 30 | Pred shape: torch.Size([256, 256, 160]) | Label shape: torch.Size([256, 256, 160])
[2025-07-17 16:52:45,870] [DEBUG] [TEST] Batch 31 | Pred shape: torch.Size([256, 256, 160]) | Label shape: torch.Size([256, 256, 160])
[2025-07-17 16:52:45,929] [DEBUG] [TEST] Batch 32 | Pred shape: torch.Size([256, 256, 160]) | Label shape: torch.Size([256, 256, 160])
[2025-07-17 16:52:45,984] [DEBUG] [TEST] Batch 33 | Pred shape: torch.Size([256, 256, 160]) | Label shape: torch.Size([256, 256, 160])
[2025-07-17 16:52:46,039] [DEBUG] [TEST] Batch 34 | Pred shape: torch.Size([256, 256, 160]) | Label shape: torch.Size([256, 256, 160])
[2025-07-17 16:52:46,096] [DEBUG] [TEST] Batch 35 | Pred shape: torch.Size([256, 256, 160]) | Label shape: torch.Size([256, 256, 160])
[2025-07-17 16:52:46,176] [DEBUG] [TEST] Batch 36 | Pred shape: torch.Size([256, 256, 160]) | Label shape: torch.Size([256, 256, 160])
[2025-07-17 16:52:46,233] [DEBUG] [TEST] Batch 37 | Pred shape: torch.Size([256, 256, 160]) | Label shape: torch.Size([256, 256, 160])
[2025-07-17 16:52:46,289] [DEBUG] [TEST] Batch 38 | Pred shape: torch.Size([256, 256, 160]) | Label shape: torch.Size([256, 256, 160])
[2025-07-17 16:52:46,349] [DEBUG] [TEST] Batch 39 | Pred shape: torch.Size([256, 256, 160]) | Label shape: torch.Size([256, 256, 160])
[2025-07-17 16:52:49,361] [INFO] [FIT] Final model saved to: Run_UNET_R2Non-IID30%_fedWSOcompC3_20250717/Client2/model_final.pth
[2025-07-17 16:55:06,332] [INFO] [EVALUATE] Starting evaluation...
[2025-07-17 16:55:08,286] [INFO] [DEBUG] Loaded compressed decoded weights.
[2025-07-17 16:56:17,938] [INFO] Model initialized on device: cuda:0
[2025-07-17 16:56:17,955] [INFO] Model initialized on device: cuda:0
[2025-07-17 16:56:17,987] [INFO] Model initialized on device: cuda:0
[2025-07-17 16:56:17,989] [INFO] Model initialized on device: cuda:0
[2025-07-17 16:56:19,071] [INFO] Model initialized on device: cuda:0
[2025-07-17 16:56:19,113] [INFO] Model initialized on device: cuda:0
[2025-07-17 16:56:19,277] [INFO] Model initialized on device: cuda:0
[2025-07-17 16:56:19,292] [INFO] Model initialized on device: cuda:0
[2025-07-17 16:56:20,770] [INFO] Model initialized on device: cuda:0
[2025-07-17 16:56:21,190] [INFO] Model initialized on device: cuda:0
[2025-07-17 16:56:22,779] [DEBUG] [TEST] Batch 1 | Pred shape: torch.Size([256, 256, 160]) | Label shape: torch.Size([256, 256, 160])
[2025-07-17 16:56:25,878] [DEBUG] [TEST] Batch 2 | Pred shape: torch.Size([256, 256, 160]) | Label shape: torch.Size([256, 256, 160])
[2025-07-17 16:56:26,277] [DEBUG] [TEST] Batch 3 | Pred shape: torch.Size([256, 256, 160]) | Label shape: torch.Size([256, 256, 160])
[2025-07-17 16:56:26,879] [DEBUG] [TEST] Batch 4 | Pred shape: torch.Size([256, 256, 160]) | Label shape: torch.Size([256, 256, 160])
[2025-07-17 16:56:27,378] [DEBUG] [TEST] Batch 5 | Pred shape: torch.Size([256, 256, 160]) | Label shape: torch.Size([256, 256, 160])
[2025-07-17 16:56:27,479] [DEBUG] [TEST] Batch 6 | Pred shape: torch.Size([256, 256, 160]) | Label shape: torch.Size([256, 256, 160])
[2025-07-17 16:56:27,578] [DEBUG] [TEST] Batch 7 | Pred shape: torch.Size([256, 256, 160]) | Label shape: torch.Size([256, 256, 160])
[2025-07-17 16:56:27,779] [DEBUG] [TEST] Batch 8 | Pred shape: torch.Size([256, 256, 160]) | Label shape: torch.Size([256, 256, 160])
[2025-07-17 16:56:27,978] [DEBUG] [TEST] Batch 9 | Pred shape: torch.Size([256, 256, 160]) | Label shape: torch.Size([256, 256, 160])
[2025-07-17 16:56:28,091] [DEBUG] [TEST] Batch 10 | Pred shape: torch.Size([256, 256, 160]) | Label shape: torch.Size([256, 256, 160])
[2025-07-17 16:56:28,981] [DEBUG] [TEST] Batch 11 | Pred shape: torch.Size([256, 256, 160]) | Label shape: torch.Size([256, 256, 160])
[2025-07-17 16:56:30,782] [DEBUG] [TEST] Batch 12 | Pred shape: torch.Size([256, 256, 160]) | Label shape: torch.Size([256, 256, 160])
[2025-07-17 16:56:30,988] [DEBUG] [TEST] Batch 13 | Pred shape: torch.Size([256, 256, 160]) | Label shape: torch.Size([256, 256, 160])
[2025-07-17 16:56:31,377] [DEBUG] [TEST] Batch 14 | Pred shape: torch.Size([256, 256, 160]) | Label shape: torch.Size([256, 256, 160])
[2025-07-17 16:56:32,376] [DEBUG] [TEST] Batch 15 | Pred shape: torch.Size([256, 256, 160]) | Label shape: torch.Size([256, 256, 160])
[2025-07-17 16:56:32,509] [DEBUG] [TEST] Batch 16 | Pred shape: torch.Size([256, 256, 160]) | Label shape: torch.Size([256, 256, 160])
[2025-07-17 16:56:32,617] [DEBUG] [TEST] Batch 17 | Pred shape: torch.Size([256, 256, 160]) | Label shape: torch.Size([256, 256, 160])
[2025-07-17 16:56:32,779] [DEBUG] [TEST] Batch 18 | Pred shape: torch.Size([256, 256, 160]) | Label shape: torch.Size([256, 256, 160])
[2025-07-17 16:56:32,910] [DEBUG] [TEST] Batch 19 | Pred shape: torch.Size([256, 256, 160]) | Label shape: torch.Size([256, 256, 160])
[2025-07-17 16:56:33,170] [DEBUG] [TEST] Batch 20 | Pred shape: torch.Size([256, 256, 160]) | Label shape: torch.Size([256, 256, 160])
[2025-07-17 16:56:33,285] [DEBUG] [TEST] Batch 21 | Pred shape: torch.Size([256, 256, 160]) | Label shape: torch.Size([256, 256, 160])
[2025-07-17 16:56:36,573] [DEBUG] [TEST] Batch 22 | Pred shape: torch.Size([256, 256, 160]) | Label shape: torch.Size([256, 256, 160])
[2025-07-17 16:56:37,278] [DEBUG] [TEST] Batch 23 | Pred shape: torch.Size([256, 256, 160]) | Label shape: torch.Size([256, 256, 160])
[2025-07-17 16:56:37,393] [DEBUG] [TEST] Batch 24 | Pred shape: torch.Size([256, 256, 160]) | Label shape: torch.Size([256, 256, 160])
[2025-07-17 16:56:37,677] [DEBUG] [TEST] Batch 25 | Pred shape: torch.Size([256, 256, 160]) | Label shape: torch.Size([256, 256, 160])
[2025-07-17 16:56:37,796] [DEBUG] [TEST] Batch 26 | Pred shape: torch.Size([256, 256, 160]) | Label shape: torch.Size([256, 256, 160])
[2025-07-17 16:56:37,877] [DEBUG] [TEST] Batch 27 | Pred shape: torch.Size([256, 256, 160]) | Label shape: torch.Size([256, 256, 160])
[2025-07-17 16:56:37,977] [DEBUG] [TEST] Batch 28 | Pred shape: torch.Size([256, 256, 160]) | Label shape: torch.Size([256, 256, 160])
[2025-07-17 16:56:38,784] [DEBUG] [TEST] Batch 29 | Pred shape: torch.Size([256, 256, 160]) | Label shape: torch.Size([256, 256, 160])
[2025-07-17 16:56:38,905] [DEBUG] [TEST] Batch 30 | Pred shape: torch.Size([256, 256, 160]) | Label shape: torch.Size([256, 256, 160])
[2025-07-17 16:56:39,084] [DEBUG] [TEST] Batch 31 | Pred shape: torch.Size([256, 256, 160]) | Label shape: torch.Size([256, 256, 160])
[2025-07-17 16:56:40,990] [DEBUG] [TEST] Batch 32 | Pred shape: torch.Size([256, 256, 160]) | Label shape: torch.Size([256, 256, 160])
[2025-07-17 16:56:41,089] [DEBUG] [TEST] Batch 33 | Pred shape: torch.Size([256, 256, 160]) | Label shape: torch.Size([256, 256, 160])
[2025-07-17 16:56:41,147] [DEBUG] [TEST] Batch 34 | Pred shape: torch.Size([256, 256, 160]) | Label shape: torch.Size([256, 256, 160])
[2025-07-17 16:56:41,380] [DEBUG] [TEST] Batch 35 | Pred shape: torch.Size([256, 256, 160]) | Label shape: torch.Size([256, 256, 160])
[2025-07-17 16:56:41,435] [DEBUG] [TEST] Batch 36 | Pred shape: torch.Size([256, 256, 160]) | Label shape: torch.Size([256, 256, 160])
[2025-07-17 16:56:41,490] [DEBUG] [TEST] Batch 37 | Pred shape: torch.Size([256, 256, 160]) | Label shape: torch.Size([256, 256, 160])
[2025-07-17 16:56:41,549] [DEBUG] [TEST] Batch 38 | Pred shape: torch.Size([256, 256, 160]) | Label shape: torch.Size([256, 256, 160])
[2025-07-17 16:56:41,981] [DEBUG] [TEST] Batch 39 | Pred shape: torch.Size([256, 256, 160]) | Label shape: torch.Size([256, 256, 160])
[2025-07-17 16:56:44,560] [INFO] [EVALUATE] Dice WT: 0.4305
[2025-07-17 16:56:51,500] [INFO] [FIT] Received parameters. Starting local training...
[2025-07-17 16:56:55,674] [INFO] [DEBUG] Loaded compressed decoded weights.
[2025-07-17 16:58:02,735] [INFO] Model initialized on device: cuda:0
[2025-07-17 16:58:03,403] [INFO] Model initialized on device: cuda:0
[2025-07-17 16:58:04,402] [INFO] Model initialized on device: cuda:0
[2025-07-17 16:58:04,470] [INFO] Model initialized on device: cuda:0
[2025-07-17 16:58:04,475] [INFO] Model initialized on device: cuda:0
[2025-07-17 16:58:04,478] [INFO] Model initialized on device: cuda:0
[2025-07-17 16:58:04,486] [INFO] Model initialized on device: cuda:0
[2025-07-17 16:58:04,491] [INFO] Model initialized on device: cuda:0
[2025-07-17 16:58:04,576] [INFO] Model initialized on device: cuda:0
[2025-07-17 16:58:04,580] [INFO] Model initialized on device: cuda:0
[2025-07-17 17:01:50,314] [INFO] [TRAIN] Epoch 1 Loss: 0.2607
[2025-07-17 17:02:33,077] [INFO] Model initialized on device: cuda:0
[2025-07-17 17:02:33,081] [INFO] Model initialized on device: cuda:0
[2025-07-17 17:02:33,183] [INFO] Model initialized on device: cuda:0
[2025-07-17 17:02:33,381] [INFO] Model initialized on device: cuda:0
[2025-07-17 17:02:33,471] [INFO] Model initialized on device: cuda:0
[2025-07-17 17:02:33,473] [INFO] Model initialized on device: cuda:0
[2025-07-17 17:02:33,484] [INFO] Model initialized on device: cuda:0
[2025-07-17 17:02:33,494] [INFO] Model initialized on device: cuda:0
[2025-07-17 17:02:33,497] [INFO] Model initialized on device: cuda:0
[2025-07-17 17:02:33,499] [INFO] Model initialized on device: cuda:0
[2025-07-17 17:06:31,181] [INFO] [TRAIN] Epoch 2 Loss: 0.2024
[2025-07-17 17:07:12,206] [INFO] Model initialized on device: cuda:0
[2025-07-17 17:07:12,390] [INFO] Model initialized on device: cuda:0
[2025-07-17 17:07:12,471] [INFO] Model initialized on device: cuda:0
[2025-07-17 17:07:12,473] [INFO] Model initialized on device: cuda:0
[2025-07-17 17:07:12,473] [INFO] Model initialized on device: cuda:0
[2025-07-17 17:07:12,488] [INFO] Model initialized on device: cuda:0
[2025-07-17 17:07:12,488] [INFO] Model initialized on device: cuda:0
[2025-07-17 17:07:12,495] [INFO] Model initialized on device: cuda:0
[2025-07-17 17:07:12,500] [INFO] Model initialized on device: cuda:0
[2025-07-17 17:07:12,500] [INFO] Model initialized on device: cuda:0
[2025-07-17 17:10:32,382] [INFO] [TRAIN] Epoch 3 Loss: 0.1856
[2025-07-17 17:10:53,488] [INFO] Model initialized on device: cuda:0
[2025-07-17 17:10:53,525] [INFO] Model initialized on device: cuda:0
[2025-07-17 17:10:53,546] [INFO] Model initialized on device: cuda:0
[2025-07-17 17:10:53,652] [INFO] Model initialized on device: cuda:0
[2025-07-17 17:10:53,899] [INFO] Model initialized on device: cuda:0
[2025-07-17 17:10:53,911] [INFO] Model initialized on device: cuda:0
[2025-07-17 17:10:53,927] [INFO] Model initialized on device: cuda:0
[2025-07-17 17:10:53,931] [INFO] Model initialized on device: cuda:0
[2025-07-17 17:10:53,940] [INFO] Model initialized on device: cuda:0
[2025-07-17 17:10:53,941] [INFO] Model initialized on device: cuda:0
[2025-07-17 17:12:45,481] [INFO] [TRAIN] Epoch 4 Loss: 0.1753
[2025-07-17 17:13:01,616] [INFO] Model initialized on device: cuda:0
[2025-07-17 17:13:01,616] [INFO] Model initialized on device: cuda:0
[2025-07-17 17:13:02,784] [INFO] Model initialized on device: cuda:0
[2025-07-17 17:13:03,193] [INFO] Model initialized on device: cuda:0
[2025-07-17 17:13:04,176] [INFO] Model initialized on device: cuda:0
[2025-07-17 17:13:04,187] [INFO] Model initialized on device: cuda:0
[2025-07-17 17:13:04,195] [INFO] Model initialized on device: cuda:0
[2025-07-17 17:13:04,210] [INFO] Model initialized on device: cuda:0
[2025-07-17 17:13:04,211] [INFO] Model initialized on device: cuda:0
[2025-07-17 17:13:04,220] [INFO] Model initialized on device: cuda:0
[2025-07-17 17:14:59,080] [INFO] [TRAIN] Epoch 5 Loss: 0.1637
[2025-07-17 17:14:59,083] [INFO] [FIT] Local training finished. Avg Loss: 0.1975
[2025-07-17 17:15:14,428] [INFO] Model initialized on device: cuda:0
[2025-07-17 17:15:15,012] [INFO] Model initialized on device: cuda:0
[2025-07-17 17:15:15,845] [INFO] Model initialized on device: cuda:0
[2025-07-17 17:15:16,539] [INFO] Model initialized on device: cuda:0
[2025-07-17 17:15:17,925] [INFO] Model initialized on device: cuda:0
[2025-07-17 17:15:17,993] [INFO] Model initialized on device: cuda:0
[2025-07-17 17:15:18,021] [INFO] Model initialized on device: cuda:0
[2025-07-17 17:15:18,023] [INFO] Model initialized on device: cuda:0
[2025-07-17 17:15:18,026] [INFO] Model initialized on device: cuda:0
[2025-07-17 17:15:18,072] [INFO] Model initialized on device: cuda:0
[2025-07-17 17:15:19,778] [DEBUG] [TEST] Batch 1 | Pred shape: torch.Size([256, 256, 160]) | Label shape: torch.Size([256, 256, 160])
[2025-07-17 17:15:22,438] [DEBUG] [TEST] Batch 2 | Pred shape: torch.Size([256, 256, 160]) | Label shape: torch.Size([256, 256, 160])
[2025-07-17 17:15:22,615] [DEBUG] [TEST] Batch 3 | Pred shape: torch.Size([256, 256, 160]) | Label shape: torch.Size([256, 256, 160])
[2025-07-17 17:15:22,773] [DEBUG] [TEST] Batch 4 | Pred shape: torch.Size([256, 256, 160]) | Label shape: torch.Size([256, 256, 160])
[2025-07-17 17:15:22,927] [DEBUG] [TEST] Batch 5 | Pred shape: torch.Size([256, 256, 160]) | Label shape: torch.Size([256, 256, 160])
[2025-07-17 17:15:23,111] [DEBUG] [TEST] Batch 6 | Pred shape: torch.Size([256, 256, 160]) | Label shape: torch.Size([256, 256, 160])
[2025-07-17 17:15:23,177] [DEBUG] [TEST] Batch 7 | Pred shape: torch.Size([256, 256, 160]) | Label shape: torch.Size([256, 256, 160])
[2025-07-17 17:15:23,273] [DEBUG] [TEST] Batch 8 | Pred shape: torch.Size([256, 256, 160]) | Label shape: torch.Size([256, 256, 160])
[2025-07-17 17:15:23,372] [DEBUG] [TEST] Batch 9 | Pred shape: torch.Size([256, 256, 160]) | Label shape: torch.Size([256, 256, 160])
[2025-07-17 17:15:23,476] [DEBUG] [TEST] Batch 10 | Pred shape: torch.Size([256, 256, 160]) | Label shape: torch.Size([256, 256, 160])
[2025-07-17 17:15:23,532] [DEBUG] [TEST] Batch 11 | Pred shape: torch.Size([256, 256, 160]) | Label shape: torch.Size([256, 256, 160])
[2025-07-17 17:15:25,182] [DEBUG] [TEST] Batch 12 | Pred shape: torch.Size([256, 256, 160]) | Label shape: torch.Size([256, 256, 160])
[2025-07-17 17:15:25,717] [DEBUG] [TEST] Batch 13 | Pred shape: torch.Size([256, 256, 160]) | Label shape: torch.Size([256, 256, 160])
[2025-07-17 17:15:25,831] [DEBUG] [TEST] Batch 14 | Pred shape: torch.Size([256, 256, 160]) | Label shape: torch.Size([256, 256, 160])
[2025-07-17 17:15:26,007] [DEBUG] [TEST] Batch 15 | Pred shape: torch.Size([256, 256, 160]) | Label shape: torch.Size([256, 256, 160])
[2025-07-17 17:15:26,175] [DEBUG] [TEST] Batch 16 | Pred shape: torch.Size([256, 256, 160]) | Label shape: torch.Size([256, 256, 160])
[2025-07-17 17:15:26,324] [DEBUG] [TEST] Batch 17 | Pred shape: torch.Size([256, 256, 160]) | Label shape: torch.Size([256, 256, 160])
[2025-07-17 17:15:26,510] [DEBUG] [TEST] Batch 18 | Pred shape: torch.Size([256, 256, 160]) | Label shape: torch.Size([256, 256, 160])
[2025-07-17 17:15:26,583] [DEBUG] [TEST] Batch 19 | Pred shape: torch.Size([256, 256, 160]) | Label shape: torch.Size([256, 256, 160])
[2025-07-17 17:15:26,676] [DEBUG] [TEST] Batch 20 | Pred shape: torch.Size([256, 256, 160]) | Label shape: torch.Size([256, 256, 160])
[2025-07-17 17:15:26,777] [DEBUG] [TEST] Batch 21 | Pred shape: torch.Size([256, 256, 160]) | Label shape: torch.Size([256, 256, 160])
[2025-07-17 17:15:28,521] [DEBUG] [TEST] Batch 22 | Pred shape: torch.Size([256, 256, 160]) | Label shape: torch.Size([256, 256, 160])
[2025-07-17 17:15:28,934] [DEBUG] [TEST] Batch 23 | Pred shape: torch.Size([256, 256, 160]) | Label shape: torch.Size([256, 256, 160])
[2025-07-17 17:15:29,082] [DEBUG] [TEST] Batch 24 | Pred shape: torch.Size([256, 256, 160]) | Label shape: torch.Size([256, 256, 160])
[2025-07-17 17:15:29,208] [DEBUG] [TEST] Batch 25 | Pred shape: torch.Size([256, 256, 160]) | Label shape: torch.Size([256, 256, 160])
[2025-07-17 17:15:29,284] [DEBUG] [TEST] Batch 26 | Pred shape: torch.Size([256, 256, 160]) | Label shape: torch.Size([256, 256, 160])
[2025-07-17 17:15:29,343] [DEBUG] [TEST] Batch 27 | Pred shape: torch.Size([256, 256, 160]) | Label shape: torch.Size([256, 256, 160])
[2025-07-17 17:15:29,419] [DEBUG] [TEST] Batch 28 | Pred shape: torch.Size([256, 256, 160]) | Label shape: torch.Size([256, 256, 160])
[2025-07-17 17:15:29,579] [DEBUG] [TEST] Batch 29 | Pred shape: torch.Size([256, 256, 160]) | Label shape: torch.Size([256, 256, 160])
[2025-07-17 17:15:29,723] [DEBUG] [TEST] Batch 30 | Pred shape: torch.Size([256, 256, 160]) | Label shape: torch.Size([256, 256, 160])
[2025-07-17 17:15:30,070] [DEBUG] [TEST] Batch 31 | Pred shape: torch.Size([256, 256, 160]) | Label shape: torch.Size([256, 256, 160])
[2025-07-17 17:15:31,232] [DEBUG] [TEST] Batch 32 | Pred shape: torch.Size([256, 256, 160]) | Label shape: torch.Size([256, 256, 160])
[2025-07-17 17:15:31,354] [DEBUG] [TEST] Batch 33 | Pred shape: torch.Size([256, 256, 160]) | Label shape: torch.Size([256, 256, 160])
[2025-07-17 17:15:31,486] [DEBUG] [TEST] Batch 34 | Pred shape: torch.Size([256, 256, 160]) | Label shape: torch.Size([256, 256, 160])
[2025-07-17 17:15:31,637] [DEBUG] [TEST] Batch 35 | Pred shape: torch.Size([256, 256, 160]) | Label shape: torch.Size([256, 256, 160])
[2025-07-17 17:15:31,802] [DEBUG] [TEST] Batch 36 | Pred shape: torch.Size([256, 256, 160]) | Label shape: torch.Size([256, 256, 160])
[2025-07-17 17:15:31,959] [DEBUG] [TEST] Batch 37 | Pred shape: torch.Size([256, 256, 160]) | Label shape: torch.Size([256, 256, 160])
[2025-07-17 17:15:32,019] [DEBUG] [TEST] Batch 38 | Pred shape: torch.Size([256, 256, 160]) | Label shape: torch.Size([256, 256, 160])
[2025-07-17 17:15:32,074] [DEBUG] [TEST] Batch 39 | Pred shape: torch.Size([256, 256, 160]) | Label shape: torch.Size([256, 256, 160])
[2025-07-17 17:15:35,362] [INFO] [FIT] Final model saved to: Run_UNET_R2Non-IID30%_fedWSOcompC3_20250717/Client2/model_final.pth
[2025-07-17 17:17:51,242] [INFO] [EVALUATE] Starting evaluation...
[2025-07-17 17:17:53,181] [INFO] [DEBUG] Loaded compressed decoded weights.
[2025-07-17 17:19:07,505] [INFO] Model initialized on device: cuda:0
[2025-07-17 17:19:07,680] [INFO] Model initialized on device: cuda:0
[2025-07-17 17:19:07,702] [INFO] Model initialized on device: cuda:0
[2025-07-17 17:19:07,771] [INFO] Model initialized on device: cuda:0
[2025-07-17 17:19:07,773] [INFO] Model initialized on device: cuda:0
[2025-07-17 17:19:07,774] [INFO] Model initialized on device: cuda:0
[2025-07-17 17:19:07,778] [INFO] Model initialized on device: cuda:0
[2025-07-17 17:19:07,803] [INFO] Model initialized on device: cuda:0
[2025-07-17 17:19:07,883] [INFO] Model initialized on device: cuda:0
[2025-07-17 17:19:07,893] [INFO] Model initialized on device: cuda:0
[2025-07-17 17:19:14,286] [DEBUG] [TEST] Batch 1 | Pred shape: torch.Size([256, 256, 160]) | Label shape: torch.Size([256, 256, 160])
[2025-07-17 17:19:16,385] [DEBUG] [TEST] Batch 2 | Pred shape: torch.Size([256, 256, 160]) | Label shape: torch.Size([256, 256, 160])
[2025-07-17 17:19:16,586] [DEBUG] [TEST] Batch 3 | Pred shape: torch.Size([256, 256, 160]) | Label shape: torch.Size([256, 256, 160])
[2025-07-17 17:19:16,878] [DEBUG] [TEST] Batch 4 | Pred shape: torch.Size([256, 256, 160]) | Label shape: torch.Size([256, 256, 160])
[2025-07-17 17:19:16,994] [DEBUG] [TEST] Batch 5 | Pred shape: torch.Size([256, 256, 160]) | Label shape: torch.Size([256, 256, 160])
[2025-07-17 17:19:17,179] [DEBUG] [TEST] Batch 6 | Pred shape: torch.Size([256, 256, 160]) | Label shape: torch.Size([256, 256, 160])
[2025-07-17 17:19:17,376] [DEBUG] [TEST] Batch 7 | Pred shape: torch.Size([256, 256, 160]) | Label shape: torch.Size([256, 256, 160])
[2025-07-17 17:19:17,478] [DEBUG] [TEST] Batch 8 | Pred shape: torch.Size([256, 256, 160]) | Label shape: torch.Size([256, 256, 160])
[2025-07-17 17:19:17,579] [DEBUG] [TEST] Batch 9 | Pred shape: torch.Size([256, 256, 160]) | Label shape: torch.Size([256, 256, 160])
[2025-07-17 17:19:17,679] [DEBUG] [TEST] Batch 10 | Pred shape: torch.Size([256, 256, 160]) | Label shape: torch.Size([256, 256, 160])
[2025-07-17 17:19:20,108] [DEBUG] [TEST] Batch 11 | Pred shape: torch.Size([256, 256, 160]) | Label shape: torch.Size([256, 256, 160])
[2025-07-17 17:19:20,689] [DEBUG] [TEST] Batch 12 | Pred shape: torch.Size([256, 256, 160]) | Label shape: torch.Size([256, 256, 160])
[2025-07-17 17:19:20,970] [DEBUG] [TEST] Batch 13 | Pred shape: torch.Size([256, 256, 160]) | Label shape: torch.Size([256, 256, 160])
[2025-07-17 17:19:21,187] [DEBUG] [TEST] Batch 14 | Pred shape: torch.Size([256, 256, 160]) | Label shape: torch.Size([256, 256, 160])
[2025-07-17 17:19:21,382] [DEBUG] [TEST] Batch 15 | Pred shape: torch.Size([256, 256, 160]) | Label shape: torch.Size([256, 256, 160])
[2025-07-17 17:19:21,576] [DEBUG] [TEST] Batch 16 | Pred shape: torch.Size([256, 256, 160]) | Label shape: torch.Size([256, 256, 160])
[2025-07-17 17:19:21,777] [DEBUG] [TEST] Batch 17 | Pred shape: torch.Size([256, 256, 160]) | Label shape: torch.Size([256, 256, 160])
[2025-07-17 17:19:21,971] [DEBUG] [TEST] Batch 18 | Pred shape: torch.Size([256, 256, 160]) | Label shape: torch.Size([256, 256, 160])
[2025-07-17 17:19:22,092] [DEBUG] [TEST] Batch 19 | Pred shape: torch.Size([256, 256, 160]) | Label shape: torch.Size([256, 256, 160])
[2025-07-17 17:19:22,272] [DEBUG] [TEST] Batch 20 | Pred shape: torch.Size([256, 256, 160]) | Label shape: torch.Size([256, 256, 160])
[2025-07-17 17:19:24,483] [DEBUG] [TEST] Batch 21 | Pred shape: torch.Size([256, 256, 160]) | Label shape: torch.Size([256, 256, 160])
[2025-07-17 17:19:25,673] [DEBUG] [TEST] Batch 22 | Pred shape: torch.Size([256, 256, 160]) | Label shape: torch.Size([256, 256, 160])
[2025-07-17 17:19:25,796] [DEBUG] [TEST] Batch 23 | Pred shape: torch.Size([256, 256, 160]) | Label shape: torch.Size([256, 256, 160])
[2025-07-17 17:19:25,976] [DEBUG] [TEST] Batch 24 | Pred shape: torch.Size([256, 256, 160]) | Label shape: torch.Size([256, 256, 160])
[2025-07-17 17:19:26,095] [DEBUG] [TEST] Batch 25 | Pred shape: torch.Size([256, 256, 160]) | Label shape: torch.Size([256, 256, 160])
[2025-07-17 17:19:26,277] [DEBUG] [TEST] Batch 26 | Pred shape: torch.Size([256, 256, 160]) | Label shape: torch.Size([256, 256, 160])
[2025-07-17 17:19:26,385] [DEBUG] [TEST] Batch 27 | Pred shape: torch.Size([256, 256, 160]) | Label shape: torch.Size([256, 256, 160])
[2025-07-17 17:19:26,506] [DEBUG] [TEST] Batch 28 | Pred shape: torch.Size([256, 256, 160]) | Label shape: torch.Size([256, 256, 160])
[2025-07-17 17:19:26,671] [DEBUG] [TEST] Batch 29 | Pred shape: torch.Size([256, 256, 160]) | Label shape: torch.Size([256, 256, 160])
[2025-07-17 17:19:26,785] [DEBUG] [TEST] Batch 30 | Pred shape: torch.Size([256, 256, 160]) | Label shape: torch.Size([256, 256, 160])
[2025-07-17 17:19:28,178] [DEBUG] [TEST] Batch 31 | Pred shape: torch.Size([256, 256, 160]) | Label shape: torch.Size([256, 256, 160])
[2025-07-17 17:19:29,195] [DEBUG] [TEST] Batch 32 | Pred shape: torch.Size([256, 256, 160]) | Label shape: torch.Size([256, 256, 160])
[2025-07-17 17:19:29,378] [DEBUG] [TEST] Batch 33 | Pred shape: torch.Size([256, 256, 160]) | Label shape: torch.Size([256, 256, 160])
[2025-07-17 17:19:29,504] [DEBUG] [TEST] Batch 34 | Pred shape: torch.Size([256, 256, 160]) | Label shape: torch.Size([256, 256, 160])
[2025-07-17 17:19:29,627] [DEBUG] [TEST] Batch 35 | Pred shape: torch.Size([256, 256, 160]) | Label shape: torch.Size([256, 256, 160])
[2025-07-17 17:19:29,754] [DEBUG] [TEST] Batch 36 | Pred shape: torch.Size([256, 256, 160]) | Label shape: torch.Size([256, 256, 160])
[2025-07-17 17:19:29,879] [DEBUG] [TEST] Batch 37 | Pred shape: torch.Size([256, 256, 160]) | Label shape: torch.Size([256, 256, 160])
[2025-07-17 17:19:29,938] [DEBUG] [TEST] Batch 38 | Pred shape: torch.Size([256, 256, 160]) | Label shape: torch.Size([256, 256, 160])
[2025-07-17 17:19:29,994] [DEBUG] [TEST] Batch 39 | Pred shape: torch.Size([256, 256, 160]) | Label shape: torch.Size([256, 256, 160])
[2025-07-17 17:19:32,629] [INFO] [EVALUATE] Dice WT: 0.3718
[2025-07-17 17:19:38,214] [INFO] [FIT] Received parameters. Starting local training...
[2025-07-17 17:19:40,273] [INFO] [DEBUG] Loaded compressed decoded weights.
[2025-07-17 17:20:52,174] [INFO] Model initialized on device: cuda:0
[2025-07-17 17:20:52,332] [INFO] Model initialized on device: cuda:0
[2025-07-17 17:20:52,534] [INFO] Model initialized on device: cuda:0
[2025-07-17 17:20:52,581] [INFO] Model initialized on device: cuda:0
[2025-07-17 17:20:52,694] [INFO] Model initialized on device: cuda:0
[2025-07-17 17:20:52,974] [INFO] Model initialized on device: cuda:0
[2025-07-17 17:20:53,472] [INFO] Model initialized on device: cuda:0
[2025-07-17 17:20:53,476] [INFO] Model initialized on device: cuda:0
[2025-07-17 17:20:53,579] [INFO] Model initialized on device: cuda:0
[2025-07-17 17:20:53,702] [INFO] Model initialized on device: cuda:0
[2025-07-17 17:24:48,080] [INFO] [TRAIN] Epoch 1 Loss: 0.2679
[2025-07-17 17:25:30,196] [INFO] Model initialized on device: cuda:0
[2025-07-17 17:25:30,803] [INFO] Model initialized on device: cuda:0
[2025-07-17 17:25:31,079] [INFO] Model initialized on device: cuda:0
[2025-07-17 17:25:31,080] [INFO] Model initialized on device: cuda:0
[2025-07-17 17:25:31,271] [INFO] Model initialized on device: cuda:0
[2025-07-17 17:25:31,275] [INFO] Model initialized on device: cuda:0
[2025-07-17 17:25:31,277] [INFO] Model initialized on device: cuda:0
[2025-07-17 17:25:31,277] [INFO] Model initialized on device: cuda:0
[2025-07-17 17:25:31,280] [INFO] Model initialized on device: cuda:0
[2025-07-17 17:25:31,280] [INFO] Model initialized on device: cuda:0
[2025-07-17 17:29:20,576] [INFO] [TRAIN] Epoch 2 Loss: 0.2076
[2025-07-17 17:30:03,985] [INFO] Model initialized on device: cuda:0
[2025-07-17 17:30:04,873] [INFO] Model initialized on device: cuda:0
[2025-07-17 17:30:04,988] [INFO] Model initialized on device: cuda:0
[2025-07-17 17:30:05,193] [INFO] Model initialized on device: cuda:0
[2025-07-17 17:30:05,282] [INFO] Model initialized on device: cuda:0
[2025-07-17 17:30:05,677] [INFO] Model initialized on device: cuda:0
[2025-07-17 17:30:05,698] [INFO] Model initialized on device: cuda:0
[2025-07-17 17:30:05,770] [INFO] Model initialized on device: cuda:0
[2025-07-17 17:30:05,776] [INFO] Model initialized on device: cuda:0
[2025-07-17 17:30:05,777] [INFO] Model initialized on device: cuda:0
[2025-07-17 17:33:33,146] [INFO] [TRAIN] Epoch 3 Loss: 0.1938
[2025-07-17 17:33:52,052] [INFO] Model initialized on device: cuda:0
[2025-07-17 17:33:53,974] [INFO] Model initialized on device: cuda:0
[2025-07-17 17:33:54,293] [INFO] Model initialized on device: cuda:0
[2025-07-17 17:33:54,293] [INFO] Model initialized on device: cuda:0
[2025-07-17 17:33:54,304] [INFO] Model initialized on device: cuda:0
[2025-07-17 17:33:54,423] [INFO] Model initialized on device: cuda:0
[2025-07-17 17:33:54,527] [INFO] Model initialized on device: cuda:0
[2025-07-17 17:33:54,573] [INFO] Model initialized on device: cuda:0
[2025-07-17 17:33:54,578] [INFO] Model initialized on device: cuda:0
[2025-07-17 17:33:54,581] [INFO] Model initialized on device: cuda:0
[2025-07-17 17:35:48,873] [INFO] [TRAIN] Epoch 4 Loss: 0.1726
[2025-07-17 17:36:04,906] [INFO] Model initialized on device: cuda:0
[2025-07-17 17:36:05,027] [INFO] Model initialized on device: cuda:0
[2025-07-17 17:36:05,544] [INFO] Model initialized on device: cuda:0
[2025-07-17 17:36:06,297] [INFO] Model initialized on device: cuda:0
[2025-07-17 17:36:08,114] [INFO] Model initialized on device: cuda:0
[2025-07-17 17:36:08,184] [INFO] Model initialized on device: cuda:0
[2025-07-17 17:36:08,194] [INFO] Model initialized on device: cuda:0
[2025-07-17 17:36:08,378] [INFO] Model initialized on device: cuda:0
[2025-07-17 17:36:08,402] [INFO] Model initialized on device: cuda:0
[2025-07-17 17:36:08,427] [INFO] Model initialized on device: cuda:0
[2025-07-17 17:38:01,717] [INFO] [TRAIN] Epoch 5 Loss: 0.1626
[2025-07-17 17:38:01,718] [INFO] [FIT] Local training finished. Avg Loss: 0.2009
[2025-07-17 17:38:18,776] [INFO] Model initialized on device: cuda:0
[2025-07-17 17:38:19,890] [INFO] Model initialized on device: cuda:0
[2025-07-17 17:38:20,374] [INFO] Model initialized on device: cuda:0
[2025-07-17 17:38:21,476] [INFO] Model initialized on device: cuda:0
[2025-07-17 17:38:22,016] [INFO] Model initialized on device: cuda:0
[2025-07-17 17:38:22,096] [INFO] Model initialized on device: cuda:0
[2025-07-17 17:38:22,105] [INFO] Model initialized on device: cuda:0
[2025-07-17 17:38:22,114] [INFO] Model initialized on device: cuda:0
[2025-07-17 17:38:22,124] [INFO] Model initialized on device: cuda:0
[2025-07-17 17:38:22,127] [INFO] Model initialized on device: cuda:0
[2025-07-17 17:38:26,180] [DEBUG] [TEST] Batch 1 | Pred shape: torch.Size([256, 256, 160]) | Label shape: torch.Size([256, 256, 160])
[2025-07-17 17:38:26,239] [DEBUG] [TEST] Batch 2 | Pred shape: torch.Size([256, 256, 160]) | Label shape: torch.Size([256, 256, 160])
[2025-07-17 17:38:26,336] [DEBUG] [TEST] Batch 3 | Pred shape: torch.Size([256, 256, 160]) | Label shape: torch.Size([256, 256, 160])
[2025-07-17 17:38:26,394] [DEBUG] [TEST] Batch 4 | Pred shape: torch.Size([256, 256, 160]) | Label shape: torch.Size([256, 256, 160])
[2025-07-17 17:38:26,490] [DEBUG] [TEST] Batch 5 | Pred shape: torch.Size([256, 256, 160]) | Label shape: torch.Size([256, 256, 160])
[2025-07-17 17:38:26,578] [DEBUG] [TEST] Batch 6 | Pred shape: torch.Size([256, 256, 160]) | Label shape: torch.Size([256, 256, 160])
[2025-07-17 17:38:26,638] [DEBUG] [TEST] Batch 7 | Pred shape: torch.Size([256, 256, 160]) | Label shape: torch.Size([256, 256, 160])
[2025-07-17 17:38:26,721] [DEBUG] [TEST] Batch 8 | Pred shape: torch.Size([256, 256, 160]) | Label shape: torch.Size([256, 256, 160])
[2025-07-17 17:38:26,782] [DEBUG] [TEST] Batch 9 | Pred shape: torch.Size([256, 256, 160]) | Label shape: torch.Size([256, 256, 160])
[2025-07-17 17:38:26,974] [DEBUG] [TEST] Batch 10 | Pred shape: torch.Size([256, 256, 160]) | Label shape: torch.Size([256, 256, 160])
[2025-07-17 17:38:29,985] [DEBUG] [TEST] Batch 11 | Pred shape: torch.Size([256, 256, 160]) | Label shape: torch.Size([256, 256, 160])
[2025-07-17 17:38:30,078] [DEBUG] [TEST] Batch 12 | Pred shape: torch.Size([256, 256, 160]) | Label shape: torch.Size([256, 256, 160])
[2025-07-17 17:38:30,179] [DEBUG] [TEST] Batch 13 | Pred shape: torch.Size([256, 256, 160]) | Label shape: torch.Size([256, 256, 160])
[2025-07-17 17:38:30,239] [DEBUG] [TEST] Batch 14 | Pred shape: torch.Size([256, 256, 160]) | Label shape: torch.Size([256, 256, 160])
[2025-07-17 17:38:30,315] [DEBUG] [TEST] Batch 15 | Pred shape: torch.Size([256, 256, 160]) | Label shape: torch.Size([256, 256, 160])
[2025-07-17 17:38:30,377] [DEBUG] [TEST] Batch 16 | Pred shape: torch.Size([256, 256, 160]) | Label shape: torch.Size([256, 256, 160])
[2025-07-17 17:38:30,434] [DEBUG] [TEST] Batch 17 | Pred shape: torch.Size([256, 256, 160]) | Label shape: torch.Size([256, 256, 160])
[2025-07-17 17:38:30,495] [DEBUG] [TEST] Batch 18 | Pred shape: torch.Size([256, 256, 160]) | Label shape: torch.Size([256, 256, 160])
[2025-07-17 17:38:30,578] [DEBUG] [TEST] Batch 19 | Pred shape: torch.Size([256, 256, 160]) | Label shape: torch.Size([256, 256, 160])
[2025-07-17 17:38:30,677] [DEBUG] [TEST] Batch 20 | Pred shape: torch.Size([256, 256, 160]) | Label shape: torch.Size([256, 256, 160])
[2025-07-17 17:38:33,331] [DEBUG] [TEST] Batch 21 | Pred shape: torch.Size([256, 256, 160]) | Label shape: torch.Size([256, 256, 160])
[2025-07-17 17:38:33,388] [DEBUG] [TEST] Batch 22 | Pred shape: torch.Size([256, 256, 160]) | Label shape: torch.Size([256, 256, 160])
[2025-07-17 17:38:33,476] [DEBUG] [TEST] Batch 23 | Pred shape: torch.Size([256, 256, 160]) | Label shape: torch.Size([256, 256, 160])
[2025-07-17 17:38:33,536] [DEBUG] [TEST] Batch 24 | Pred shape: torch.Size([256, 256, 160]) | Label shape: torch.Size([256, 256, 160])
[2025-07-17 17:38:33,619] [DEBUG] [TEST] Batch 25 | Pred shape: torch.Size([256, 256, 160]) | Label shape: torch.Size([256, 256, 160])
[2025-07-17 17:38:33,678] [DEBUG] [TEST] Batch 26 | Pred shape: torch.Size([256, 256, 160]) | Label shape: torch.Size([256, 256, 160])
[2025-07-17 17:38:33,774] [DEBUG] [TEST] Batch 27 | Pred shape: torch.Size([256, 256, 160]) | Label shape: torch.Size([256, 256, 160])
[2025-07-17 17:38:33,832] [DEBUG] [TEST] Batch 28 | Pred shape: torch.Size([256, 256, 160]) | Label shape: torch.Size([256, 256, 160])
[2025-07-17 17:38:33,906] [DEBUG] [TEST] Batch 29 | Pred shape: torch.Size([256, 256, 160]) | Label shape: torch.Size([256, 256, 160])
[2025-07-17 17:38:33,976] [DEBUG] [TEST] Batch 30 | Pred shape: torch.Size([256, 256, 160]) | Label shape: torch.Size([256, 256, 160])
[2025-07-17 17:38:36,036] [DEBUG] [TEST] Batch 31 | Pred shape: torch.Size([256, 256, 160]) | Label shape: torch.Size([256, 256, 160])
[2025-07-17 17:38:36,091] [DEBUG] [TEST] Batch 32 | Pred shape: torch.Size([256, 256, 160]) | Label shape: torch.Size([256, 256, 160])
[2025-07-17 17:38:36,147] [DEBUG] [TEST] Batch 33 | Pred shape: torch.Size([256, 256, 160]) | Label shape: torch.Size([256, 256, 160])
[2025-07-17 17:38:36,202] [DEBUG] [TEST] Batch 34 | Pred shape: torch.Size([256, 256, 160]) | Label shape: torch.Size([256, 256, 160])
[2025-07-17 17:38:36,257] [DEBUG] [TEST] Batch 35 | Pred shape: torch.Size([256, 256, 160]) | Label shape: torch.Size([256, 256, 160])
[2025-07-17 17:38:36,312] [DEBUG] [TEST] Batch 36 | Pred shape: torch.Size([256, 256, 160]) | Label shape: torch.Size([256, 256, 160])
[2025-07-17 17:38:36,367] [DEBUG] [TEST] Batch 37 | Pred shape: torch.Size([256, 256, 160]) | Label shape: torch.Size([256, 256, 160])
[2025-07-17 17:38:36,422] [DEBUG] [TEST] Batch 38 | Pred shape: torch.Size([256, 256, 160]) | Label shape: torch.Size([256, 256, 160])
[2025-07-17 17:38:36,478] [DEBUG] [TEST] Batch 39 | Pred shape: torch.Size([256, 256, 160]) | Label shape: torch.Size([256, 256, 160])
[2025-07-17 17:38:39,673] [INFO] [FIT] Final model saved to: Run_UNET_R2Non-IID30%_fedWSOcompC3_20250717/Client2/model_final.pth
[2025-07-17 17:41:01,797] [INFO] [EVALUATE] Starting evaluation...
[2025-07-17 17:41:03,783] [INFO] [DEBUG] Loaded compressed decoded weights.
[2025-07-17 17:42:10,774] [INFO] Model initialized on device: cuda:0
[2025-07-17 17:42:10,774] [INFO] Model initialized on device: cuda:0
[2025-07-17 17:42:10,791] [INFO] Model initialized on device: cuda:0
[2025-07-17 17:42:10,791] [INFO] Model initialized on device: cuda:0
[2025-07-17 17:42:10,792] [INFO] Model initialized on device: cuda:0
[2025-07-17 17:42:11,018] [INFO] Model initialized on device: cuda:0
[2025-07-17 17:42:11,312] [INFO] Model initialized on device: cuda:0
[2025-07-17 17:42:11,341] [INFO] Model initialized on device: cuda:0
[2025-07-17 17:42:13,378] [INFO] Model initialized on device: cuda:0
[2025-07-17 17:42:15,474] [INFO] Model initialized on device: cuda:0
[2025-07-17 17:42:16,273] [DEBUG] [TEST] Batch 1 | Pred shape: torch.Size([256, 256, 160]) | Label shape: torch.Size([256, 256, 160])
[2025-07-17 17:42:16,377] [DEBUG] [TEST] Batch 2 | Pred shape: torch.Size([256, 256, 160]) | Label shape: torch.Size([256, 256, 160])
[2025-07-17 17:42:16,778] [DEBUG] [TEST] Batch 3 | Pred shape: torch.Size([256, 256, 160]) | Label shape: torch.Size([256, 256, 160])
[2025-07-17 17:42:16,878] [DEBUG] [TEST] Batch 4 | Pred shape: torch.Size([256, 256, 160]) | Label shape: torch.Size([256, 256, 160])
[2025-07-17 17:42:20,979] [DEBUG] [TEST] Batch 5 | Pred shape: torch.Size([256, 256, 160]) | Label shape: torch.Size([256, 256, 160])
[2025-07-17 17:42:21,095] [DEBUG] [TEST] Batch 6 | Pred shape: torch.Size([256, 256, 160]) | Label shape: torch.Size([256, 256, 160])
[2025-07-17 17:42:21,278] [DEBUG] [TEST] Batch 7 | Pred shape: torch.Size([256, 256, 160]) | Label shape: torch.Size([256, 256, 160])
[2025-07-17 17:42:23,891] [DEBUG] [TEST] Batch 8 | Pred shape: torch.Size([256, 256, 160]) | Label shape: torch.Size([256, 256, 160])
[2025-07-17 17:42:23,977] [DEBUG] [TEST] Batch 9 | Pred shape: torch.Size([256, 256, 160]) | Label shape: torch.Size([256, 256, 160])
[2025-07-17 17:42:24,078] [DEBUG] [TEST] Batch 10 | Pred shape: torch.Size([256, 256, 160]) | Label shape: torch.Size([256, 256, 160])
[2025-07-17 17:42:24,192] [DEBUG] [TEST] Batch 11 | Pred shape: torch.Size([256, 256, 160]) | Label shape: torch.Size([256, 256, 160])
[2025-07-17 17:42:24,385] [DEBUG] [TEST] Batch 12 | Pred shape: torch.Size([256, 256, 160]) | Label shape: torch.Size([256, 256, 160])
[2025-07-17 17:42:24,572] [DEBUG] [TEST] Batch 13 | Pred shape: torch.Size([256, 256, 160]) | Label shape: torch.Size([256, 256, 160])
[2025-07-17 17:42:24,702] [DEBUG] [TEST] Batch 14 | Pred shape: torch.Size([256, 256, 160]) | Label shape: torch.Size([256, 256, 160])
[2025-07-17 17:42:26,716] [DEBUG] [TEST] Batch 15 | Pred shape: torch.Size([256, 256, 160]) | Label shape: torch.Size([256, 256, 160])
[2025-07-17 17:42:26,877] [DEBUG] [TEST] Batch 16 | Pred shape: torch.Size([256, 256, 160]) | Label shape: torch.Size([256, 256, 160])
[2025-07-17 17:42:26,977] [DEBUG] [TEST] Batch 17 | Pred shape: torch.Size([256, 256, 160]) | Label shape: torch.Size([256, 256, 160])
[2025-07-17 17:42:28,600] [DEBUG] [TEST] Batch 18 | Pred shape: torch.Size([256, 256, 160]) | Label shape: torch.Size([256, 256, 160])
[2025-07-17 17:42:28,709] [DEBUG] [TEST] Batch 19 | Pred shape: torch.Size([256, 256, 160]) | Label shape: torch.Size([256, 256, 160])
[2025-07-17 17:42:28,887] [DEBUG] [TEST] Batch 20 | Pred shape: torch.Size([256, 256, 160]) | Label shape: torch.Size([256, 256, 160])
[2025-07-17 17:42:28,976] [DEBUG] [TEST] Batch 21 | Pred shape: torch.Size([256, 256, 160]) | Label shape: torch.Size([256, 256, 160])
[2025-07-17 17:42:29,077] [DEBUG] [TEST] Batch 22 | Pred shape: torch.Size([256, 256, 160]) | Label shape: torch.Size([256, 256, 160])
[2025-07-17 17:42:29,180] [DEBUG] [TEST] Batch 23 | Pred shape: torch.Size([256, 256, 160]) | Label shape: torch.Size([256, 256, 160])
[2025-07-17 17:42:29,277] [DEBUG] [TEST] Batch 24 | Pred shape: torch.Size([256, 256, 160]) | Label shape: torch.Size([256, 256, 160])
[2025-07-17 17:42:31,778] [DEBUG] [TEST] Batch 25 | Pred shape: torch.Size([256, 256, 160]) | Label shape: torch.Size([256, 256, 160])
[2025-07-17 17:42:31,877] [DEBUG] [TEST] Batch 26 | Pred shape: torch.Size([256, 256, 160]) | Label shape: torch.Size([256, 256, 160])
[2025-07-17 17:42:31,978] [DEBUG] [TEST] Batch 27 | Pred shape: torch.Size([256, 256, 160]) | Label shape: torch.Size([256, 256, 160])
[2025-07-17 17:42:34,079] [DEBUG] [TEST] Batch 28 | Pred shape: torch.Size([256, 256, 160]) | Label shape: torch.Size([256, 256, 160])
[2025-07-17 17:42:34,177] [DEBUG] [TEST] Batch 29 | Pred shape: torch.Size([256, 256, 160]) | Label shape: torch.Size([256, 256, 160])
[2025-07-17 17:42:34,277] [DEBUG] [TEST] Batch 30 | Pred shape: torch.Size([256, 256, 160]) | Label shape: torch.Size([256, 256, 160])
[2025-07-17 17:42:34,381] [DEBUG] [TEST] Batch 31 | Pred shape: torch.Size([256, 256, 160]) | Label shape: torch.Size([256, 256, 160])
[2025-07-17 17:42:34,479] [DEBUG] [TEST] Batch 32 | Pred shape: torch.Size([256, 256, 160]) | Label shape: torch.Size([256, 256, 160])
[2025-07-17 17:42:34,618] [DEBUG] [TEST] Batch 33 | Pred shape: torch.Size([256, 256, 160]) | Label shape: torch.Size([256, 256, 160])
[2025-07-17 17:42:34,911] [DEBUG] [TEST] Batch 34 | Pred shape: torch.Size([256, 256, 160]) | Label shape: torch.Size([256, 256, 160])
[2025-07-17 17:42:36,197] [DEBUG] [TEST] Batch 35 | Pred shape: torch.Size([256, 256, 160]) | Label shape: torch.Size([256, 256, 160])
[2025-07-17 17:42:36,252] [DEBUG] [TEST] Batch 36 | Pred shape: torch.Size([256, 256, 160]) | Label shape: torch.Size([256, 256, 160])
[2025-07-17 17:42:36,308] [DEBUG] [TEST] Batch 37 | Pred shape: torch.Size([256, 256, 160]) | Label shape: torch.Size([256, 256, 160])
[2025-07-17 17:42:36,711] [DEBUG] [TEST] Batch 38 | Pred shape: torch.Size([256, 256, 160]) | Label shape: torch.Size([256, 256, 160])
[2025-07-17 17:42:36,766] [DEBUG] [TEST] Batch 39 | Pred shape: torch.Size([256, 256, 160]) | Label shape: torch.Size([256, 256, 160])
[2025-07-17 17:42:39,256] [INFO] [EVALUATE] Dice WT: 0.4119
[2025-07-17 17:42:46,133] [INFO] [FIT] Received parameters. Starting local training...
[2025-07-17 17:42:49,972] [INFO] [DEBUG] Loaded compressed decoded weights.
[2025-07-17 17:43:54,191] [INFO] Model initialized on device: cuda:0
[2025-07-17 17:43:56,379] [INFO] Model initialized on device: cuda:0
[2025-07-17 17:43:58,191] [INFO] Model initialized on device: cuda:0
[2025-07-17 17:43:58,295] [INFO] Model initialized on device: cuda:0
[2025-07-17 17:43:58,383] [INFO] Model initialized on device: cuda:0
[2025-07-17 17:43:58,474] [INFO] Model initialized on device: cuda:0
[2025-07-17 17:43:58,588] [INFO] Model initialized on device: cuda:0
[2025-07-17 17:43:58,687] [INFO] Model initialized on device: cuda:0
[2025-07-17 17:43:58,696] [INFO] Model initialized on device: cuda:0
[2025-07-17 17:43:58,770] [INFO] Model initialized on device: cuda:0
[2025-07-17 17:47:57,380] [INFO] [TRAIN] Epoch 1 Loss: 0.2685
[2025-07-17 17:48:38,189] [INFO] Model initialized on device: cuda:0
[2025-07-17 17:48:38,374] [INFO] Model initialized on device: cuda:0
[2025-07-17 17:48:38,374] [INFO] Model initialized on device: cuda:0
[2025-07-17 17:48:38,474] [INFO] Model initialized on device: cuda:0
[2025-07-17 17:48:38,582] [INFO] Model initialized on device: cuda:0
[2025-07-17 17:48:38,605] [INFO] Model initialized on device: cuda:0
[2025-07-17 17:48:38,607] [INFO] Model initialized on device: cuda:0
[2025-07-17 17:48:38,608] [INFO] Model initialized on device: cuda:0
[2025-07-17 17:48:38,610] [INFO] Model initialized on device: cuda:0
[2025-07-17 17:48:38,671] [INFO] Model initialized on device: cuda:0
[2025-07-17 17:52:24,470] [INFO] [TRAIN] Epoch 2 Loss: 0.2123
[2025-07-17 17:53:11,786] [INFO] Model initialized on device: cuda:0
[2025-07-17 17:53:12,304] [INFO] Model initialized on device: cuda:0
[2025-07-17 17:53:12,474] [INFO] Model initialized on device: cuda:0
[2025-07-17 17:53:12,504] [INFO] Model initialized on device: cuda:0
[2025-07-17 17:53:12,575] [INFO] Model initialized on device: cuda:0
[2025-07-17 17:53:12,674] [INFO] Model initialized on device: cuda:0
[2025-07-17 17:53:12,696] [INFO] Model initialized on device: cuda:0
[2025-07-17 17:53:12,702] [INFO] Model initialized on device: cuda:0
[2025-07-17 17:53:12,706] [INFO] Model initialized on device: cuda:0
[2025-07-17 17:53:12,708] [INFO] Model initialized on device: cuda:0
[2025-07-17 17:56:44,680] [INFO] [TRAIN] Epoch 3 Loss: 0.1876
[2025-07-17 17:57:03,778] [INFO] Model initialized on device: cuda:0
[2025-07-17 17:57:05,673] [INFO] Model initialized on device: cuda:0
[2025-07-17 17:57:05,783] [INFO] Model initialized on device: cuda:0
[2025-07-17 17:57:05,803] [INFO] Model initialized on device: cuda:0
[2025-07-17 17:57:06,102] [INFO] Model initialized on device: cuda:0
[2025-07-17 17:57:06,186] [INFO] Model initialized on device: cuda:0
[2025-07-17 17:57:06,281] [INFO] Model initialized on device: cuda:0
[2025-07-17 17:57:06,440] [INFO] Model initialized on device: cuda:0
[2025-07-17 17:57:06,472] [INFO] Model initialized on device: cuda:0
[2025-07-17 17:57:06,476] [INFO] Model initialized on device: cuda:0
[2025-07-17 17:58:58,380] [INFO] [TRAIN] Epoch 4 Loss: 0.1770
[2025-07-17 17:59:15,671] [INFO] Model initialized on device: cuda:0
[2025-07-17 17:59:16,279] [INFO] Model initialized on device: cuda:0
[2025-07-17 17:59:17,838] [INFO] Model initialized on device: cuda:0
[2025-07-17 17:59:18,188] [INFO] Model initialized on device: cuda:0
[2025-07-17 17:59:18,191] [INFO] Model initialized on device: cuda:0
[2025-07-17 17:59:18,281] [INFO] Model initialized on device: cuda:0
[2025-07-17 17:59:18,281] [INFO] Model initialized on device: cuda:0
[2025-07-17 17:59:18,397] [INFO] Model initialized on device: cuda:0
[2025-07-17 17:59:18,482] [INFO] Model initialized on device: cuda:0
[2025-07-17 17:59:18,503] [INFO] Model initialized on device: cuda:0
[2025-07-17 18:01:10,804] [INFO] [TRAIN] Epoch 5 Loss: 0.1640
[2025-07-17 18:01:10,806] [INFO] [FIT] Local training finished. Avg Loss: 0.2019
[2025-07-17 18:01:26,135] [INFO] Model initialized on device: cuda:0
[2025-07-17 18:01:28,859] [INFO] Model initialized on device: cuda:0
[2025-07-17 18:01:29,572] [INFO] Model initialized on device: cuda:0
[2025-07-17 18:01:30,381] [INFO] Model initialized on device: cuda:0
[2025-07-17 18:01:30,383] [INFO] Model initialized on device: cuda:0
[2025-07-17 18:01:30,701] [INFO] Model initialized on device: cuda:0
[2025-07-17 18:01:30,714] [INFO] Model initialized on device: cuda:0
[2025-07-17 18:01:30,717] [INFO] Model initialized on device: cuda:0
[2025-07-17 18:01:30,721] [INFO] Model initialized on device: cuda:0
[2025-07-17 18:01:30,726] [INFO] Model initialized on device: cuda:0
[2025-07-17 18:01:34,477] [DEBUG] [TEST] Batch 1 | Pred shape: torch.Size([256, 256, 160]) | Label shape: torch.Size([256, 256, 160])
[2025-07-17 18:01:34,578] [DEBUG] [TEST] Batch 2 | Pred shape: torch.Size([256, 256, 160]) | Label shape: torch.Size([256, 256, 160])
[2025-07-17 18:01:34,676] [DEBUG] [TEST] Batch 3 | Pred shape: torch.Size([256, 256, 160]) | Label shape: torch.Size([256, 256, 160])
[2025-07-17 18:01:34,776] [DEBUG] [TEST] Batch 4 | Pred shape: torch.Size([256, 256, 160]) | Label shape: torch.Size([256, 256, 160])
[2025-07-17 18:01:34,841] [DEBUG] [TEST] Batch 5 | Pred shape: torch.Size([256, 256, 160]) | Label shape: torch.Size([256, 256, 160])
[2025-07-17 18:01:34,925] [DEBUG] [TEST] Batch 6 | Pred shape: torch.Size([256, 256, 160]) | Label shape: torch.Size([256, 256, 160])
[2025-07-17 18:01:35,011] [DEBUG] [TEST] Batch 7 | Pred shape: torch.Size([256, 256, 160]) | Label shape: torch.Size([256, 256, 160])
[2025-07-17 18:01:35,076] [DEBUG] [TEST] Batch 8 | Pred shape: torch.Size([256, 256, 160]) | Label shape: torch.Size([256, 256, 160])
[2025-07-17 18:01:35,136] [DEBUG] [TEST] Batch 9 | Pred shape: torch.Size([256, 256, 160]) | Label shape: torch.Size([256, 256, 160])
[2025-07-17 18:01:35,226] [DEBUG] [TEST] Batch 10 | Pred shape: torch.Size([256, 256, 160]) | Label shape: torch.Size([256, 256, 160])
[2025-07-17 18:01:37,381] [DEBUG] [TEST] Batch 11 | Pred shape: torch.Size([256, 256, 160]) | Label shape: torch.Size([256, 256, 160])
[2025-07-17 18:01:37,476] [DEBUG] [TEST] Batch 12 | Pred shape: torch.Size([256, 256, 160]) | Label shape: torch.Size([256, 256, 160])
[2025-07-17 18:01:37,576] [DEBUG] [TEST] Batch 13 | Pred shape: torch.Size([256, 256, 160]) | Label shape: torch.Size([256, 256, 160])
[2025-07-17 18:01:37,673] [DEBUG] [TEST] Batch 14 | Pred shape: torch.Size([256, 256, 160]) | Label shape: torch.Size([256, 256, 160])
[2025-07-17 18:01:37,773] [DEBUG] [TEST] Batch 15 | Pred shape: torch.Size([256, 256, 160]) | Label shape: torch.Size([256, 256, 160])
[2025-07-17 18:01:37,881] [DEBUG] [TEST] Batch 16 | Pred shape: torch.Size([256, 256, 160]) | Label shape: torch.Size([256, 256, 160])
[2025-07-17 18:01:37,977] [DEBUG] [TEST] Batch 17 | Pred shape: torch.Size([256, 256, 160]) | Label shape: torch.Size([256, 256, 160])
[2025-07-17 18:01:38,076] [DEBUG] [TEST] Batch 18 | Pred shape: torch.Size([256, 256, 160]) | Label shape: torch.Size([256, 256, 160])
[2025-07-17 18:01:38,176] [DEBUG] [TEST] Batch 19 | Pred shape: torch.Size([256, 256, 160]) | Label shape: torch.Size([256, 256, 160])
[2025-07-17 18:01:38,233] [DEBUG] [TEST] Batch 20 | Pred shape: torch.Size([256, 256, 160]) | Label shape: torch.Size([256, 256, 160])
[2025-07-17 18:01:40,372] [DEBUG] [TEST] Batch 21 | Pred shape: torch.Size([256, 256, 160]) | Label shape: torch.Size([256, 256, 160])
[2025-07-17 18:01:40,430] [DEBUG] [TEST] Batch 22 | Pred shape: torch.Size([256, 256, 160]) | Label shape: torch.Size([256, 256, 160])
[2025-07-17 18:01:41,285] [DEBUG] [TEST] Batch 23 | Pred shape: torch.Size([256, 256, 160]) | Label shape: torch.Size([256, 256, 160])
[2025-07-17 18:01:41,343] [DEBUG] [TEST] Batch 24 | Pred shape: torch.Size([256, 256, 160]) | Label shape: torch.Size([256, 256, 160])
[2025-07-17 18:01:41,418] [DEBUG] [TEST] Batch 25 | Pred shape: torch.Size([256, 256, 160]) | Label shape: torch.Size([256, 256, 160])
[2025-07-17 18:01:41,477] [DEBUG] [TEST] Batch 26 | Pred shape: torch.Size([256, 256, 160]) | Label shape: torch.Size([256, 256, 160])
[2025-07-17 18:01:41,588] [DEBUG] [TEST] Batch 27 | Pred shape: torch.Size([256, 256, 160]) | Label shape: torch.Size([256, 256, 160])
[2025-07-17 18:01:41,776] [DEBUG] [TEST] Batch 28 | Pred shape: torch.Size([256, 256, 160]) | Label shape: torch.Size([256, 256, 160])
[2025-07-17 18:01:41,832] [DEBUG] [TEST] Batch 29 | Pred shape: torch.Size([256, 256, 160]) | Label shape: torch.Size([256, 256, 160])
[2025-07-17 18:01:41,894] [DEBUG] [TEST] Batch 30 | Pred shape: torch.Size([256, 256, 160]) | Label shape: torch.Size([256, 256, 160])
[2025-07-17 18:01:43,516] [DEBUG] [TEST] Batch 31 | Pred shape: torch.Size([256, 256, 160]) | Label shape: torch.Size([256, 256, 160])
[2025-07-17 18:01:43,571] [DEBUG] [TEST] Batch 32 | Pred shape: torch.Size([256, 256, 160]) | Label shape: torch.Size([256, 256, 160])
[2025-07-17 18:01:43,760] [DEBUG] [TEST] Batch 33 | Pred shape: torch.Size([256, 256, 160]) | Label shape: torch.Size([256, 256, 160])
[2025-07-17 18:01:43,816] [DEBUG] [TEST] Batch 34 | Pred shape: torch.Size([256, 256, 160]) | Label shape: torch.Size([256, 256, 160])
[2025-07-17 18:01:43,876] [DEBUG] [TEST] Batch 35 | Pred shape: torch.Size([256, 256, 160]) | Label shape: torch.Size([256, 256, 160])
[2025-07-17 18:01:43,931] [DEBUG] [TEST] Batch 36 | Pred shape: torch.Size([256, 256, 160]) | Label shape: torch.Size([256, 256, 160])
[2025-07-17 18:01:43,988] [DEBUG] [TEST] Batch 37 | Pred shape: torch.Size([256, 256, 160]) | Label shape: torch.Size([256, 256, 160])
[2025-07-17 18:01:44,651] [DEBUG] [TEST] Batch 38 | Pred shape: torch.Size([256, 256, 160]) | Label shape: torch.Size([256, 256, 160])
[2025-07-17 18:01:44,710] [DEBUG] [TEST] Batch 39 | Pred shape: torch.Size([256, 256, 160]) | Label shape: torch.Size([256, 256, 160])
[2025-07-17 18:01:47,734] [INFO] [FIT] Final model saved to: Run_UNET_R2Non-IID30%_fedWSOcompC3_20250717/Client2/model_final.pth
[2025-07-17 18:04:05,573] [INFO] [EVALUATE] Starting evaluation...
[2025-07-17 18:04:10,685] [INFO] [DEBUG] Loaded compressed decoded weights.
[2025-07-17 18:05:18,478] [INFO] Model initialized on device: cuda:0
[2025-07-17 18:05:18,573] [INFO] Model initialized on device: cuda:0
[2025-07-17 18:05:18,990] [INFO] Model initialized on device: cuda:0
[2025-07-17 18:05:19,202] [INFO] Model initialized on device: cuda:0
[2025-07-17 18:05:19,375] [INFO] Model initialized on device: cuda:0
[2025-07-17 18:05:19,383] [INFO] Model initialized on device: cuda:0
[2025-07-17 18:05:19,484] [INFO] Model initialized on device: cuda:0
[2025-07-17 18:05:19,500] [INFO] Model initialized on device: cuda:0
[2025-07-17 18:05:19,510] [INFO] Model initialized on device: cuda:0
[2025-07-17 18:05:19,576] [INFO] Model initialized on device: cuda:0
[2025-07-17 18:05:25,973] [DEBUG] [TEST] Batch 1 | Pred shape: torch.Size([256, 256, 160]) | Label shape: torch.Size([256, 256, 160])
[2025-07-17 18:05:27,574] [DEBUG] [TEST] Batch 2 | Pred shape: torch.Size([256, 256, 160]) | Label shape: torch.Size([256, 256, 160])
[2025-07-17 18:05:27,780] [DEBUG] [TEST] Batch 3 | Pred shape: torch.Size([256, 256, 160]) | Label shape: torch.Size([256, 256, 160])
[2025-07-17 18:05:28,080] [DEBUG] [TEST] Batch 4 | Pred shape: torch.Size([256, 256, 160]) | Label shape: torch.Size([256, 256, 160])
[2025-07-17 18:05:28,385] [DEBUG] [TEST] Batch 5 | Pred shape: torch.Size([256, 256, 160]) | Label shape: torch.Size([256, 256, 160])
[2025-07-17 18:05:28,670] [DEBUG] [TEST] Batch 6 | Pred shape: torch.Size([256, 256, 160]) | Label shape: torch.Size([256, 256, 160])
[2025-07-17 18:05:28,909] [DEBUG] [TEST] Batch 7 | Pred shape: torch.Size([256, 256, 160]) | Label shape: torch.Size([256, 256, 160])
[2025-07-17 18:05:29,198] [DEBUG] [TEST] Batch 8 | Pred shape: torch.Size([256, 256, 160]) | Label shape: torch.Size([256, 256, 160])
[2025-07-17 18:05:29,499] [DEBUG] [TEST] Batch 9 | Pred shape: torch.Size([256, 256, 160]) | Label shape: torch.Size([256, 256, 160])
[2025-07-17 18:05:29,793] [DEBUG] [TEST] Batch 10 | Pred shape: torch.Size([256, 256, 160]) | Label shape: torch.Size([256, 256, 160])
[2025-07-17 18:05:30,377] [DEBUG] [TEST] Batch 11 | Pred shape: torch.Size([256, 256, 160]) | Label shape: torch.Size([256, 256, 160])
[2025-07-17 18:05:32,285] [DEBUG] [TEST] Batch 12 | Pred shape: torch.Size([256, 256, 160]) | Label shape: torch.Size([256, 256, 160])
[2025-07-17 18:05:32,475] [DEBUG] [TEST] Batch 13 | Pred shape: torch.Size([256, 256, 160]) | Label shape: torch.Size([256, 256, 160])
[2025-07-17 18:05:32,595] [DEBUG] [TEST] Batch 14 | Pred shape: torch.Size([256, 256, 160]) | Label shape: torch.Size([256, 256, 160])
[2025-07-17 18:05:32,785] [DEBUG] [TEST] Batch 15 | Pred shape: torch.Size([256, 256, 160]) | Label shape: torch.Size([256, 256, 160])
[2025-07-17 18:05:32,980] [DEBUG] [TEST] Batch 16 | Pred shape: torch.Size([256, 256, 160]) | Label shape: torch.Size([256, 256, 160])
[2025-07-17 18:05:33,095] [DEBUG] [TEST] Batch 17 | Pred shape: torch.Size([256, 256, 160]) | Label shape: torch.Size([256, 256, 160])
[2025-07-17 18:05:33,285] [DEBUG] [TEST] Batch 18 | Pred shape: torch.Size([256, 256, 160]) | Label shape: torch.Size([256, 256, 160])
[2025-07-17 18:05:33,485] [DEBUG] [TEST] Batch 19 | Pred shape: torch.Size([256, 256, 160]) | Label shape: torch.Size([256, 256, 160])
[2025-07-17 18:05:33,686] [DEBUG] [TEST] Batch 20 | Pred shape: torch.Size([256, 256, 160]) | Label shape: torch.Size([256, 256, 160])
[2025-07-17 18:05:35,580] [DEBUG] [TEST] Batch 21 | Pred shape: torch.Size([256, 256, 160]) | Label shape: torch.Size([256, 256, 160])
[2025-07-17 18:05:38,277] [DEBUG] [TEST] Batch 22 | Pred shape: torch.Size([256, 256, 160]) | Label shape: torch.Size([256, 256, 160])
[2025-07-17 18:05:38,389] [DEBUG] [TEST] Batch 23 | Pred shape: torch.Size([256, 256, 160]) | Label shape: torch.Size([256, 256, 160])
[2025-07-17 18:05:38,520] [DEBUG] [TEST] Batch 24 | Pred shape: torch.Size([256, 256, 160]) | Label shape: torch.Size([256, 256, 160])
[2025-07-17 18:05:38,684] [DEBUG] [TEST] Batch 25 | Pred shape: torch.Size([256, 256, 160]) | Label shape: torch.Size([256, 256, 160])
[2025-07-17 18:05:38,821] [DEBUG] [TEST] Batch 26 | Pred shape: torch.Size([256, 256, 160]) | Label shape: torch.Size([256, 256, 160])
[2025-07-17 18:05:38,982] [DEBUG] [TEST] Batch 27 | Pred shape: torch.Size([256, 256, 160]) | Label shape: torch.Size([256, 256, 160])
[2025-07-17 18:05:39,123] [DEBUG] [TEST] Batch 28 | Pred shape: torch.Size([256, 256, 160]) | Label shape: torch.Size([256, 256, 160])
[2025-07-17 18:05:39,179] [DEBUG] [TEST] Batch 29 | Pred shape: torch.Size([256, 256, 160]) | Label shape: torch.Size([256, 256, 160])
[2025-07-17 18:05:39,302] [DEBUG] [TEST] Batch 30 | Pred shape: torch.Size([256, 256, 160]) | Label shape: torch.Size([256, 256, 160])
[2025-07-17 18:05:40,539] [DEBUG] [TEST] Batch 31 | Pred shape: torch.Size([256, 256, 160]) | Label shape: torch.Size([256, 256, 160])
[2025-07-17 18:05:41,378] [DEBUG] [TEST] Batch 32 | Pred shape: torch.Size([256, 256, 160]) | Label shape: torch.Size([256, 256, 160])
[2025-07-17 18:05:41,483] [DEBUG] [TEST] Batch 33 | Pred shape: torch.Size([256, 256, 160]) | Label shape: torch.Size([256, 256, 160])
[2025-07-17 18:05:41,604] [DEBUG] [TEST] Batch 34 | Pred shape: torch.Size([256, 256, 160]) | Label shape: torch.Size([256, 256, 160])
[2025-07-17 18:05:41,727] [DEBUG] [TEST] Batch 35 | Pred shape: torch.Size([256, 256, 160]) | Label shape: torch.Size([256, 256, 160])
[2025-07-17 18:05:41,853] [DEBUG] [TEST] Batch 36 | Pred shape: torch.Size([256, 256, 160]) | Label shape: torch.Size([256, 256, 160])
[2025-07-17 18:05:41,978] [DEBUG] [TEST] Batch 37 | Pred shape: torch.Size([256, 256, 160]) | Label shape: torch.Size([256, 256, 160])
[2025-07-17 18:05:42,102] [DEBUG] [TEST] Batch 38 | Pred shape: torch.Size([256, 256, 160]) | Label shape: torch.Size([256, 256, 160])
[2025-07-17 18:05:42,227] [DEBUG] [TEST] Batch 39 | Pred shape: torch.Size([256, 256, 160]) | Label shape: torch.Size([256, 256, 160])
[2025-07-17 18:05:44,780] [INFO] [EVALUATE] Dice WT: 0.4426
[2025-07-17 18:05:51,370] [INFO] [FIT] Received parameters. Starting local training...
[2025-07-17 18:05:54,581] [INFO] [DEBUG] Loaded compressed decoded weights.
[2025-07-17 18:07:04,433] [INFO] Model initialized on device: cuda:0
[2025-07-17 18:07:04,729] [INFO] Model initialized on device: cuda:0
[2025-07-17 18:07:04,736] [INFO] Model initialized on device: cuda:0
[2025-07-17 18:07:05,002] [INFO] Model initialized on device: cuda:0
[2025-07-17 18:07:05,574] [INFO] Model initialized on device: cuda:0
[2025-07-17 18:07:05,693] [INFO] Model initialized on device: cuda:0
[2025-07-17 18:07:05,792] [INFO] Model initialized on device: cuda:0
[2025-07-17 18:07:06,401] [INFO] Model initialized on device: cuda:0
[2025-07-17 18:07:06,471] [INFO] Model initialized on device: cuda:0
[2025-07-17 18:07:06,472] [INFO] Model initialized on device: cuda:0
[2025-07-17 18:11:02,926] [INFO] [TRAIN] Epoch 1 Loss: 0.2634
[2025-07-17 18:11:50,411] [INFO] Model initialized on device: cuda:0
[2025-07-17 18:11:50,552] [INFO] Model initialized on device: cuda:0
[2025-07-17 18:11:50,684] [INFO] Model initialized on device: cuda:0
[2025-07-17 18:11:50,687] [INFO] Model initialized on device: cuda:0
[2025-07-17 18:11:50,690] [INFO] Model initialized on device: cuda:0
[2025-07-17 18:11:50,870] [INFO] Model initialized on device: cuda:0
[2025-07-17 18:11:50,870] [INFO] Model initialized on device: cuda:0
[2025-07-17 18:11:51,129] [INFO] Model initialized on device: cuda:0
[2025-07-17 18:11:51,133] [INFO] Model initialized on device: cuda:0
[2025-07-17 18:11:54,770] [INFO] Model initialized on device: cuda:0
[2025-07-17 18:15:48,075] [INFO] [TRAIN] Epoch 2 Loss: 0.2057
[2025-07-17 18:16:32,970] [INFO] Model initialized on device: cuda:0
[2025-07-17 18:16:32,984] [INFO] Model initialized on device: cuda:0
[2025-07-17 18:16:33,398] [INFO] Model initialized on device: cuda:0
[2025-07-17 18:16:33,402] [INFO] Model initialized on device: cuda:0
[2025-07-17 18:16:33,480] [INFO] Model initialized on device: cuda:0
[2025-07-17 18:16:33,493] [INFO] Model initialized on device: cuda:0
[2025-07-17 18:16:33,499] [INFO] Model initialized on device: cuda:0
[2025-07-17 18:16:33,505] [INFO] Model initialized on device: cuda:0
[2025-07-17 18:16:33,505] [INFO] Model initialized on device: cuda:0
[2025-07-17 18:16:33,505] [INFO] Model initialized on device: cuda:0
[2025-07-17 18:19:56,240] [INFO] [TRAIN] Epoch 3 Loss: 0.1855
[2025-07-17 18:20:18,419] [INFO] Model initialized on device: cuda:0
[2025-07-17 18:20:18,423] [INFO] Model initialized on device: cuda:0
[2025-07-17 18:20:18,430] [INFO] Model initialized on device: cuda:0
[2025-07-17 18:20:18,430] [INFO] Model initialized on device: cuda:0
[2025-07-17 18:20:18,430] [INFO] Model initialized on device: cuda:0
[2025-07-17 18:20:18,473] [INFO] Model initialized on device: cuda:0
[2025-07-17 18:20:18,474] [INFO] Model initialized on device: cuda:0
[2025-07-17 18:20:18,475] [INFO] Model initialized on device: cuda:0
[2025-07-17 18:20:18,477] [INFO] Model initialized on device: cuda:0
[2025-07-17 18:20:18,478] [INFO] Model initialized on device: cuda:0
[2025-07-17 18:22:17,756] [INFO] [TRAIN] Epoch 4 Loss: 0.1701
[2025-07-17 18:22:34,285] [INFO] Model initialized on device: cuda:0
[2025-07-17 18:22:35,075] [INFO] Model initialized on device: cuda:0
[2025-07-17 18:22:37,109] [INFO] Model initialized on device: cuda:0
[2025-07-17 18:22:38,486] [INFO] Model initialized on device: cuda:0
[2025-07-17 18:22:38,505] [INFO] Model initialized on device: cuda:0
[2025-07-17 18:22:38,505] [INFO] Model initialized on device: cuda:0
[2025-07-17 18:22:38,520] [INFO] Model initialized on device: cuda:0
[2025-07-17 18:22:38,521] [INFO] Model initialized on device: cuda:0
[2025-07-17 18:22:38,521] [INFO] Model initialized on device: cuda:0
[2025-07-17 18:22:38,522] [INFO] Model initialized on device: cuda:0
[2025-07-17 18:24:34,542] [INFO] [TRAIN] Epoch 5 Loss: 0.1642
[2025-07-17 18:24:34,544] [INFO] [FIT] Local training finished. Avg Loss: 0.1978
[2025-07-17 18:24:51,329] [INFO] Model initialized on device: cuda:0
[2025-07-17 18:24:52,830] [INFO] Model initialized on device: cuda:0
[2025-07-17 18:24:53,210] [INFO] Model initialized on device: cuda:0
[2025-07-17 18:24:55,085] [INFO] Model initialized on device: cuda:0
[2025-07-17 18:24:55,094] [INFO] Model initialized on device: cuda:0
[2025-07-17 18:24:55,104] [INFO] Model initialized on device: cuda:0
[2025-07-17 18:24:55,196] [INFO] Model initialized on device: cuda:0
[2025-07-17 18:24:55,295] [INFO] Model initialized on device: cuda:0
[2025-07-17 18:24:55,295] [INFO] Model initialized on device: cuda:0
[2025-07-17 18:24:55,296] [INFO] Model initialized on device: cuda:0
[2025-07-17 18:24:59,022] [DEBUG] [TEST] Batch 1 | Pred shape: torch.Size([256, 256, 160]) | Label shape: torch.Size([256, 256, 160])
[2025-07-17 18:24:59,591] [DEBUG] [TEST] Batch 2 | Pred shape: torch.Size([256, 256, 160]) | Label shape: torch.Size([256, 256, 160])
[2025-07-17 18:24:59,677] [DEBUG] [TEST] Batch 3 | Pred shape: torch.Size([256, 256, 160]) | Label shape: torch.Size([256, 256, 160])
[2025-07-17 18:24:59,733] [DEBUG] [TEST] Batch 4 | Pred shape: torch.Size([256, 256, 160]) | Label shape: torch.Size([256, 256, 160])
[2025-07-17 18:24:59,808] [DEBUG] [TEST] Batch 5 | Pred shape: torch.Size([256, 256, 160]) | Label shape: torch.Size([256, 256, 160])
[2025-07-17 18:24:59,877] [DEBUG] [TEST] Batch 6 | Pred shape: torch.Size([256, 256, 160]) | Label shape: torch.Size([256, 256, 160])
[2025-07-17 18:24:59,935] [DEBUG] [TEST] Batch 7 | Pred shape: torch.Size([256, 256, 160]) | Label shape: torch.Size([256, 256, 160])
[2025-07-17 18:25:00,009] [DEBUG] [TEST] Batch 8 | Pred shape: torch.Size([256, 256, 160]) | Label shape: torch.Size([256, 256, 160])
[2025-07-17 18:25:00,076] [DEBUG] [TEST] Batch 9 | Pred shape: torch.Size([256, 256, 160]) | Label shape: torch.Size([256, 256, 160])
[2025-07-17 18:25:00,132] [DEBUG] [TEST] Batch 10 | Pred shape: torch.Size([256, 256, 160]) | Label shape: torch.Size([256, 256, 160])
[2025-07-17 18:25:02,783] [DEBUG] [TEST] Batch 11 | Pred shape: torch.Size([256, 256, 160]) | Label shape: torch.Size([256, 256, 160])
[2025-07-17 18:25:02,878] [DEBUG] [TEST] Batch 12 | Pred shape: torch.Size([256, 256, 160]) | Label shape: torch.Size([256, 256, 160])
[2025-07-17 18:25:02,937] [DEBUG] [TEST] Batch 13 | Pred shape: torch.Size([256, 256, 160]) | Label shape: torch.Size([256, 256, 160])
[2025-07-17 18:25:03,022] [DEBUG] [TEST] Batch 14 | Pred shape: torch.Size([256, 256, 160]) | Label shape: torch.Size([256, 256, 160])
[2025-07-17 18:25:03,124] [DEBUG] [TEST] Batch 15 | Pred shape: torch.Size([256, 256, 160]) | Label shape: torch.Size([256, 256, 160])
[2025-07-17 18:25:03,186] [DEBUG] [TEST] Batch 16 | Pred shape: torch.Size([256, 256, 160]) | Label shape: torch.Size([256, 256, 160])
[2025-07-17 18:25:03,287] [DEBUG] [TEST] Batch 17 | Pred shape: torch.Size([256, 256, 160]) | Label shape: torch.Size([256, 256, 160])
[2025-07-17 18:25:03,370] [DEBUG] [TEST] Batch 18 | Pred shape: torch.Size([256, 256, 160]) | Label shape: torch.Size([256, 256, 160])
[2025-07-17 18:25:03,486] [DEBUG] [TEST] Batch 19 | Pred shape: torch.Size([256, 256, 160]) | Label shape: torch.Size([256, 256, 160])
[2025-07-17 18:25:03,586] [DEBUG] [TEST] Batch 20 | Pred shape: torch.Size([256, 256, 160]) | Label shape: torch.Size([256, 256, 160])
[2025-07-17 18:25:06,030] [DEBUG] [TEST] Batch 21 | Pred shape: torch.Size([256, 256, 160]) | Label shape: torch.Size([256, 256, 160])
[2025-07-17 18:25:06,293] [DEBUG] [TEST] Batch 22 | Pred shape: torch.Size([256, 256, 160]) | Label shape: torch.Size([256, 256, 160])
[2025-07-17 18:25:06,397] [DEBUG] [TEST] Batch 23 | Pred shape: torch.Size([256, 256, 160]) | Label shape: torch.Size([256, 256, 160])
[2025-07-17 18:25:06,477] [DEBUG] [TEST] Batch 24 | Pred shape: torch.Size([256, 256, 160]) | Label shape: torch.Size([256, 256, 160])
[2025-07-17 18:25:06,674] [DEBUG] [TEST] Batch 25 | Pred shape: torch.Size([256, 256, 160]) | Label shape: torch.Size([256, 256, 160])
[2025-07-17 18:25:06,733] [DEBUG] [TEST] Batch 26 | Pred shape: torch.Size([256, 256, 160]) | Label shape: torch.Size([256, 256, 160])
[2025-07-17 18:25:06,887] [DEBUG] [TEST] Batch 27 | Pred shape: torch.Size([256, 256, 160]) | Label shape: torch.Size([256, 256, 160])
[2025-07-17 18:25:06,979] [DEBUG] [TEST] Batch 28 | Pred shape: torch.Size([256, 256, 160]) | Label shape: torch.Size([256, 256, 160])
[2025-07-17 18:25:07,036] [DEBUG] [TEST] Batch 29 | Pred shape: torch.Size([256, 256, 160]) | Label shape: torch.Size([256, 256, 160])
[2025-07-17 18:25:07,118] [DEBUG] [TEST] Batch 30 | Pred shape: torch.Size([256, 256, 160]) | Label shape: torch.Size([256, 256, 160])
[2025-07-17 18:25:09,074] [DEBUG] [TEST] Batch 31 | Pred shape: torch.Size([256, 256, 160]) | Label shape: torch.Size([256, 256, 160])
[2025-07-17 18:25:09,134] [DEBUG] [TEST] Batch 32 | Pred shape: torch.Size([256, 256, 160]) | Label shape: torch.Size([256, 256, 160])
[2025-07-17 18:25:09,190] [DEBUG] [TEST] Batch 33 | Pred shape: torch.Size([256, 256, 160]) | Label shape: torch.Size([256, 256, 160])
[2025-07-17 18:25:09,249] [DEBUG] [TEST] Batch 34 | Pred shape: torch.Size([256, 256, 160]) | Label shape: torch.Size([256, 256, 160])
[2025-07-17 18:25:09,304] [DEBUG] [TEST] Batch 35 | Pred shape: torch.Size([256, 256, 160]) | Label shape: torch.Size([256, 256, 160])
[2025-07-17 18:25:09,360] [DEBUG] [TEST] Batch 36 | Pred shape: torch.Size([256, 256, 160]) | Label shape: torch.Size([256, 256, 160])
[2025-07-17 18:25:09,419] [DEBUG] [TEST] Batch 37 | Pred shape: torch.Size([256, 256, 160]) | Label shape: torch.Size([256, 256, 160])
[2025-07-17 18:25:09,474] [DEBUG] [TEST] Batch 38 | Pred shape: torch.Size([256, 256, 160]) | Label shape: torch.Size([256, 256, 160])
[2025-07-17 18:25:09,531] [DEBUG] [TEST] Batch 39 | Pred shape: torch.Size([256, 256, 160]) | Label shape: torch.Size([256, 256, 160])
[2025-07-17 18:25:12,832] [INFO] [FIT] Final model saved to: Run_UNET_R2Non-IID30%_fedWSOcompC3_20250717/Client2/model_final.pth
[2025-07-17 18:27:25,544] [INFO] [EVALUATE] Starting evaluation...
[2025-07-17 18:27:27,487] [INFO] [DEBUG] Loaded compressed decoded weights.
[2025-07-17 18:28:25,522] [INFO] Model initialized on device: cuda:0
[2025-07-17 18:28:25,740] [INFO] Model initialized on device: cuda:0
[2025-07-17 18:28:27,097] [INFO] Model initialized on device: cuda:0
[2025-07-17 18:28:27,721] [DEBUG] [TEST] Batch 1 | Pred shape: torch.Size([256, 256, 160]) | Label shape: torch.Size([256, 256, 160])
[2025-07-17 18:28:29,588] [INFO] Model initialized on device: cuda:0
[2025-07-17 18:28:31,498] [INFO] Model initialized on device: cuda:0
[2025-07-17 18:28:33,766] [INFO] Model initialized on device: cuda:0
[2025-07-17 18:28:33,972] [INFO] Model initialized on device: cuda:0
[2025-07-17 18:28:34,004] [INFO] Model initialized on device: cuda:0
[2025-07-17 18:28:34,044] [INFO] Model initialized on device: cuda:0
[2025-07-17 18:28:34,123] [INFO] Model initialized on device: cuda:0
[2025-07-17 18:28:36,400] [DEBUG] [TEST] Batch 2 | Pred shape: torch.Size([256, 256, 160]) | Label shape: torch.Size([256, 256, 160])
[2025-07-17 18:28:36,511] [DEBUG] [TEST] Batch 3 | Pred shape: torch.Size([256, 256, 160]) | Label shape: torch.Size([256, 256, 160])
[2025-07-17 18:28:37,012] [DEBUG] [TEST] Batch 4 | Pred shape: torch.Size([256, 256, 160]) | Label shape: torch.Size([256, 256, 160])
[2025-07-17 18:28:37,194] [DEBUG] [TEST] Batch 5 | Pred shape: torch.Size([256, 256, 160]) | Label shape: torch.Size([256, 256, 160])
[2025-07-17 18:28:37,493] [DEBUG] [TEST] Batch 6 | Pred shape: torch.Size([256, 256, 160]) | Label shape: torch.Size([256, 256, 160])
[2025-07-17 18:28:37,805] [DEBUG] [TEST] Batch 7 | Pred shape: torch.Size([256, 256, 160]) | Label shape: torch.Size([256, 256, 160])
[2025-07-17 18:28:38,170] [DEBUG] [TEST] Batch 8 | Pred shape: torch.Size([256, 256, 160]) | Label shape: torch.Size([256, 256, 160])
[2025-07-17 18:28:38,385] [DEBUG] [TEST] Batch 9 | Pred shape: torch.Size([256, 256, 160]) | Label shape: torch.Size([256, 256, 160])
[2025-07-17 18:28:38,577] [DEBUG] [TEST] Batch 10 | Pred shape: torch.Size([256, 256, 160]) | Label shape: torch.Size([256, 256, 160])
[2025-07-17 18:28:38,678] [DEBUG] [TEST] Batch 11 | Pred shape: torch.Size([256, 256, 160]) | Label shape: torch.Size([256, 256, 160])
[2025-07-17 18:28:41,478] [DEBUG] [TEST] Batch 12 | Pred shape: torch.Size([256, 256, 160]) | Label shape: torch.Size([256, 256, 160])
[2025-07-17 18:28:41,579] [DEBUG] [TEST] Batch 13 | Pred shape: torch.Size([256, 256, 160]) | Label shape: torch.Size([256, 256, 160])
[2025-07-17 18:28:44,078] [DEBUG] [TEST] Batch 14 | Pred shape: torch.Size([256, 256, 160]) | Label shape: torch.Size([256, 256, 160])
[2025-07-17 18:28:44,281] [DEBUG] [TEST] Batch 15 | Pred shape: torch.Size([256, 256, 160]) | Label shape: torch.Size([256, 256, 160])
[2025-07-17 18:28:44,572] [DEBUG] [TEST] Batch 16 | Pred shape: torch.Size([256, 256, 160]) | Label shape: torch.Size([256, 256, 160])
[2025-07-17 18:28:44,721] [DEBUG] [TEST] Batch 17 | Pred shape: torch.Size([256, 256, 160]) | Label shape: torch.Size([256, 256, 160])
[2025-07-17 18:28:44,820] [DEBUG] [TEST] Batch 18 | Pred shape: torch.Size([256, 256, 160]) | Label shape: torch.Size([256, 256, 160])
[2025-07-17 18:28:44,920] [DEBUG] [TEST] Batch 19 | Pred shape: torch.Size([256, 256, 160]) | Label shape: torch.Size([256, 256, 160])
[2025-07-17 18:28:45,020] [DEBUG] [TEST] Batch 20 | Pred shape: torch.Size([256, 256, 160]) | Label shape: torch.Size([256, 256, 160])
[2025-07-17 18:28:45,120] [DEBUG] [TEST] Batch 21 | Pred shape: torch.Size([256, 256, 160]) | Label shape: torch.Size([256, 256, 160])
[2025-07-17 18:28:46,399] [DEBUG] [TEST] Batch 22 | Pred shape: torch.Size([256, 256, 160]) | Label shape: torch.Size([256, 256, 160])
[2025-07-17 18:28:46,699] [DEBUG] [TEST] Batch 23 | Pred shape: torch.Size([256, 256, 160]) | Label shape: torch.Size([256, 256, 160])
[2025-07-17 18:28:48,574] [DEBUG] [TEST] Batch 24 | Pred shape: torch.Size([256, 256, 160]) | Label shape: torch.Size([256, 256, 160])
[2025-07-17 18:28:48,631] [DEBUG] [TEST] Batch 25 | Pred shape: torch.Size([256, 256, 160]) | Label shape: torch.Size([256, 256, 160])
[2025-07-17 18:28:48,708] [DEBUG] [TEST] Batch 26 | Pred shape: torch.Size([256, 256, 160]) | Label shape: torch.Size([256, 256, 160])
[2025-07-17 18:28:48,777] [DEBUG] [TEST] Batch 27 | Pred shape: torch.Size([256, 256, 160]) | Label shape: torch.Size([256, 256, 160])
[2025-07-17 18:28:48,896] [DEBUG] [TEST] Batch 28 | Pred shape: torch.Size([256, 256, 160]) | Label shape: torch.Size([256, 256, 160])
[2025-07-17 18:28:49,111] [DEBUG] [TEST] Batch 29 | Pred shape: torch.Size([256, 256, 160]) | Label shape: torch.Size([256, 256, 160])
[2025-07-17 18:28:49,291] [DEBUG] [TEST] Batch 30 | Pred shape: torch.Size([256, 256, 160]) | Label shape: torch.Size([256, 256, 160])
[2025-07-17 18:28:49,516] [DEBUG] [TEST] Batch 31 | Pred shape: torch.Size([256, 256, 160]) | Label shape: torch.Size([256, 256, 160])
[2025-07-17 18:28:50,577] [DEBUG] [TEST] Batch 32 | Pred shape: torch.Size([256, 256, 160]) | Label shape: torch.Size([256, 256, 160])
[2025-07-17 18:28:50,677] [DEBUG] [TEST] Batch 33 | Pred shape: torch.Size([256, 256, 160]) | Label shape: torch.Size([256, 256, 160])
[2025-07-17 18:28:52,177] [DEBUG] [TEST] Batch 34 | Pred shape: torch.Size([256, 256, 160]) | Label shape: torch.Size([256, 256, 160])
[2025-07-17 18:28:52,278] [DEBUG] [TEST] Batch 35 | Pred shape: torch.Size([256, 256, 160]) | Label shape: torch.Size([256, 256, 160])
[2025-07-17 18:28:52,377] [DEBUG] [TEST] Batch 36 | Pred shape: torch.Size([256, 256, 160]) | Label shape: torch.Size([256, 256, 160])
[2025-07-17 18:28:53,276] [DEBUG] [TEST] Batch 37 | Pred shape: torch.Size([256, 256, 160]) | Label shape: torch.Size([256, 256, 160])
[2025-07-17 18:28:53,331] [DEBUG] [TEST] Batch 38 | Pred shape: torch.Size([256, 256, 160]) | Label shape: torch.Size([256, 256, 160])
[2025-07-17 18:28:53,515] [DEBUG] [TEST] Batch 39 | Pred shape: torch.Size([256, 256, 160]) | Label shape: torch.Size([256, 256, 160])
[2025-07-17 18:28:57,454] [INFO] [EVALUATE] Dice WT: 0.3642
[2025-07-17 18:29:06,311] [INFO] [FIT] Received parameters. Starting local training...
[2025-07-17 18:29:08,282] [INFO] [DEBUG] Loaded compressed decoded weights.
[2025-07-17 18:30:19,263] [INFO] Model initialized on device: cuda:0
[2025-07-17 18:30:20,374] [INFO] Model initialized on device: cuda:0
[2025-07-17 18:30:20,502] [INFO] Model initialized on device: cuda:0
[2025-07-17 18:30:20,592] [INFO] Model initialized on device: cuda:0
[2025-07-17 18:30:20,594] [INFO] Model initialized on device: cuda:0
[2025-07-17 18:30:20,771] [INFO] Model initialized on device: cuda:0
[2025-07-17 18:30:20,785] [INFO] Model initialized on device: cuda:0
[2025-07-17 18:30:20,870] [INFO] Model initialized on device: cuda:0
[2025-07-17 18:30:20,878] [INFO] Model initialized on device: cuda:0
[2025-07-17 18:30:20,883] [INFO] Model initialized on device: cuda:0
[2025-07-17 18:34:25,913] [INFO] [TRAIN] Epoch 1 Loss: 0.2698
[2025-07-17 18:35:07,112] [INFO] Model initialized on device: cuda:0
[2025-07-17 18:35:07,684] [INFO] Model initialized on device: cuda:0
[2025-07-17 18:35:07,797] [INFO] Model initialized on device: cuda:0
[2025-07-17 18:35:07,882] [INFO] Model initialized on device: cuda:0
[2025-07-17 18:35:07,884] [INFO] Model initialized on device: cuda:0
[2025-07-17 18:35:07,996] [INFO] Model initialized on device: cuda:0
[2025-07-17 18:35:08,002] [INFO] Model initialized on device: cuda:0
[2025-07-17 18:35:08,173] [INFO] Model initialized on device: cuda:0
[2025-07-17 18:35:08,179] [INFO] Model initialized on device: cuda:0
[2025-07-17 18:35:08,189] [INFO] Model initialized on device: cuda:0
[2025-07-17 18:38:59,228] [INFO] [TRAIN] Epoch 2 Loss: 0.2088
[2025-07-17 18:39:44,119] [INFO] Model initialized on device: cuda:0
[2025-07-17 18:39:44,500] [INFO] Model initialized on device: cuda:0
[2025-07-17 18:39:45,075] [INFO] Model initialized on device: cuda:0
[2025-07-17 18:39:45,713] [INFO] Model initialized on device: cuda:0
[2025-07-17 18:39:45,871] [INFO] Model initialized on device: cuda:0
[2025-07-17 18:39:45,871] [INFO] Model initialized on device: cuda:0
[2025-07-17 18:39:45,877] [INFO] Model initialized on device: cuda:0
[2025-07-17 18:39:46,493] [INFO] Model initialized on device: cuda:0
[2025-07-17 18:39:46,595] [INFO] Model initialized on device: cuda:0
[2025-07-17 18:39:46,875] [INFO] Model initialized on device: cuda:0
[2025-07-17 18:43:09,130] [INFO] [TRAIN] Epoch 3 Loss: 0.1888
[2025-07-17 18:43:29,674] [INFO] Model initialized on device: cuda:0
[2025-07-17 18:43:29,703] [INFO] Model initialized on device: cuda:0
[2025-07-17 18:43:29,773] [INFO] Model initialized on device: cuda:0
[2025-07-17 18:43:29,773] [INFO] Model initialized on device: cuda:0
[2025-07-17 18:43:29,774] [INFO] Model initialized on device: cuda:0
[2025-07-17 18:43:29,780] [INFO] Model initialized on device: cuda:0
[2025-07-17 18:43:29,786] [INFO] Model initialized on device: cuda:0
[2025-07-17 18:43:29,786] [INFO] Model initialized on device: cuda:0
[2025-07-17 18:43:29,787] [INFO] Model initialized on device: cuda:0
[2025-07-17 18:43:29,788] [INFO] Model initialized on device: cuda:0
[2025-07-17 18:45:25,613] [INFO] [TRAIN] Epoch 4 Loss: 0.1732
[2025-07-17 18:45:41,572] [INFO] Model initialized on device: cuda:0
[2025-07-17 18:45:41,616] [INFO] Model initialized on device: cuda:0
[2025-07-17 18:45:43,098] [INFO] Model initialized on device: cuda:0
[2025-07-17 18:45:43,205] [INFO] Model initialized on device: cuda:0
[2025-07-17 18:45:44,170] [INFO] Model initialized on device: cuda:0
[2025-07-17 18:45:44,174] [INFO] Model initialized on device: cuda:0
[2025-07-17 18:45:44,273] [INFO] Model initialized on device: cuda:0
[2025-07-17 18:45:44,372] [INFO] Model initialized on device: cuda:0
[2025-07-17 18:45:44,393] [INFO] Model initialized on device: cuda:0
[2025-07-17 18:45:44,408] [INFO] Model initialized on device: cuda:0
[2025-07-17 18:47:41,914] [INFO] [TRAIN] Epoch 5 Loss: 0.1666
[2025-07-17 18:47:41,915] [INFO] [FIT] Local training finished. Avg Loss: 0.2014
[2025-07-17 18:47:57,814] [INFO] Model initialized on device: cuda:0
[2025-07-17 18:47:58,805] [INFO] Model initialized on device: cuda:0
[2025-07-17 18:48:00,387] [INFO] Model initialized on device: cuda:0
[2025-07-17 18:48:00,737] [INFO] Model initialized on device: cuda:0
[2025-07-17 18:48:01,177] [INFO] Model initialized on device: cuda:0
[2025-07-17 18:48:01,281] [INFO] Model initialized on device: cuda:0
[2025-07-17 18:48:01,282] [INFO] Model initialized on device: cuda:0
[2025-07-17 18:48:01,297] [INFO] Model initialized on device: cuda:0
[2025-07-17 18:48:01,310] [INFO] Model initialized on device: cuda:0
[2025-07-17 18:48:01,312] [INFO] Model initialized on device: cuda:0
[2025-07-17 18:48:04,835] [DEBUG] [TEST] Batch 1 | Pred shape: torch.Size([256, 256, 160]) | Label shape: torch.Size([256, 256, 160])
[2025-07-17 18:48:04,970] [DEBUG] [TEST] Batch 2 | Pred shape: torch.Size([256, 256, 160]) | Label shape: torch.Size([256, 256, 160])
[2025-07-17 18:48:05,186] [DEBUG] [TEST] Batch 3 | Pred shape: torch.Size([256, 256, 160]) | Label shape: torch.Size([256, 256, 160])
[2025-07-17 18:48:05,377] [DEBUG] [TEST] Batch 4 | Pred shape: torch.Size([256, 256, 160]) | Label shape: torch.Size([256, 256, 160])
[2025-07-17 18:48:05,475] [DEBUG] [TEST] Batch 5 | Pred shape: torch.Size([256, 256, 160]) | Label shape: torch.Size([256, 256, 160])
[2025-07-17 18:48:05,826] [DEBUG] [TEST] Batch 6 | Pred shape: torch.Size([256, 256, 160]) | Label shape: torch.Size([256, 256, 160])
[2025-07-17 18:48:06,009] [DEBUG] [TEST] Batch 7 | Pred shape: torch.Size([256, 256, 160]) | Label shape: torch.Size([256, 256, 160])
[2025-07-17 18:48:06,178] [DEBUG] [TEST] Batch 8 | Pred shape: torch.Size([256, 256, 160]) | Label shape: torch.Size([256, 256, 160])
[2025-07-17 18:48:06,330] [DEBUG] [TEST] Batch 9 | Pred shape: torch.Size([256, 256, 160]) | Label shape: torch.Size([256, 256, 160])
[2025-07-17 18:48:06,512] [DEBUG] [TEST] Batch 10 | Pred shape: torch.Size([256, 256, 160]) | Label shape: torch.Size([256, 256, 160])
[2025-07-17 18:48:07,779] [DEBUG] [TEST] Batch 11 | Pred shape: torch.Size([256, 256, 160]) | Label shape: torch.Size([256, 256, 160])
[2025-07-17 18:48:07,878] [DEBUG] [TEST] Batch 12 | Pred shape: torch.Size([256, 256, 160]) | Label shape: torch.Size([256, 256, 160])
[2025-07-17 18:48:09,106] [DEBUG] [TEST] Batch 13 | Pred shape: torch.Size([256, 256, 160]) | Label shape: torch.Size([256, 256, 160])
[2025-07-17 18:48:09,184] [DEBUG] [TEST] Batch 14 | Pred shape: torch.Size([256, 256, 160]) | Label shape: torch.Size([256, 256, 160])
[2025-07-17 18:48:09,330] [DEBUG] [TEST] Batch 15 | Pred shape: torch.Size([256, 256, 160]) | Label shape: torch.Size([256, 256, 160])
[2025-07-17 18:48:09,580] [DEBUG] [TEST] Batch 16 | Pred shape: torch.Size([256, 256, 160]) | Label shape: torch.Size([256, 256, 160])
[2025-07-17 18:48:09,712] [DEBUG] [TEST] Batch 17 | Pred shape: torch.Size([256, 256, 160]) | Label shape: torch.Size([256, 256, 160])
[2025-07-17 18:48:09,901] [DEBUG] [TEST] Batch 18 | Pred shape: torch.Size([256, 256, 160]) | Label shape: torch.Size([256, 256, 160])
[2025-07-17 18:48:10,074] [DEBUG] [TEST] Batch 19 | Pred shape: torch.Size([256, 256, 160]) | Label shape: torch.Size([256, 256, 160])
[2025-07-17 18:48:10,235] [DEBUG] [TEST] Batch 20 | Pred shape: torch.Size([256, 256, 160]) | Label shape: torch.Size([256, 256, 160])
[2025-07-17 18:48:10,870] [DEBUG] [TEST] Batch 21 | Pred shape: torch.Size([256, 256, 160]) | Label shape: torch.Size([256, 256, 160])
[2025-07-17 18:48:10,970] [DEBUG] [TEST] Batch 22 | Pred shape: torch.Size([256, 256, 160]) | Label shape: torch.Size([256, 256, 160])
[2025-07-17 18:48:12,978] [DEBUG] [TEST] Batch 23 | Pred shape: torch.Size([256, 256, 160]) | Label shape: torch.Size([256, 256, 160])
[2025-07-17 18:48:13,074] [DEBUG] [TEST] Batch 24 | Pred shape: torch.Size([256, 256, 160]) | Label shape: torch.Size([256, 256, 160])
[2025-07-17 18:48:13,177] [DEBUG] [TEST] Batch 25 | Pred shape: torch.Size([256, 256, 160]) | Label shape: torch.Size([256, 256, 160])
[2025-07-17 18:48:13,292] [DEBUG] [TEST] Batch 26 | Pred shape: torch.Size([256, 256, 160]) | Label shape: torch.Size([256, 256, 160])
[2025-07-17 18:48:13,472] [DEBUG] [TEST] Batch 27 | Pred shape: torch.Size([256, 256, 160]) | Label shape: torch.Size([256, 256, 160])
[2025-07-17 18:48:13,624] [DEBUG] [TEST] Batch 28 | Pred shape: torch.Size([256, 256, 160]) | Label shape: torch.Size([256, 256, 160])
[2025-07-17 18:48:13,810] [DEBUG] [TEST] Batch 29 | Pred shape: torch.Size([256, 256, 160]) | Label shape: torch.Size([256, 256, 160])
[2025-07-17 18:48:13,975] [DEBUG] [TEST] Batch 30 | Pred shape: torch.Size([256, 256, 160]) | Label shape: torch.Size([256, 256, 160])
[2025-07-17 18:48:14,200] [DEBUG] [TEST] Batch 31 | Pred shape: torch.Size([256, 256, 160]) | Label shape: torch.Size([256, 256, 160])
[2025-07-17 18:48:14,317] [DEBUG] [TEST] Batch 32 | Pred shape: torch.Size([256, 256, 160]) | Label shape: torch.Size([256, 256, 160])
[2025-07-17 18:48:15,844] [DEBUG] [TEST] Batch 33 | Pred shape: torch.Size([256, 256, 160]) | Label shape: torch.Size([256, 256, 160])
[2025-07-17 18:48:15,899] [DEBUG] [TEST] Batch 34 | Pred shape: torch.Size([256, 256, 160]) | Label shape: torch.Size([256, 256, 160])
[2025-07-17 18:48:15,960] [DEBUG] [TEST] Batch 35 | Pred shape: torch.Size([256, 256, 160]) | Label shape: torch.Size([256, 256, 160])
[2025-07-17 18:48:16,015] [DEBUG] [TEST] Batch 36 | Pred shape: torch.Size([256, 256, 160]) | Label shape: torch.Size([256, 256, 160])
[2025-07-17 18:48:16,075] [DEBUG] [TEST] Batch 37 | Pred shape: torch.Size([256, 256, 160]) | Label shape: torch.Size([256, 256, 160])
[2025-07-17 18:48:16,131] [DEBUG] [TEST] Batch 38 | Pred shape: torch.Size([256, 256, 160]) | Label shape: torch.Size([256, 256, 160])
[2025-07-17 18:48:16,185] [DEBUG] [TEST] Batch 39 | Pred shape: torch.Size([256, 256, 160]) | Label shape: torch.Size([256, 256, 160])
[2025-07-17 18:48:19,432] [INFO] [FIT] Final model saved to: Run_UNET_R2Non-IID30%_fedWSOcompC3_20250717/Client2/model_final.pth
[2025-07-17 18:50:44,479] [INFO] [EVALUATE] Starting evaluation...
[2025-07-17 18:50:47,778] [INFO] [DEBUG] Loaded compressed decoded weights.
[2025-07-17 18:51:52,371] [INFO] Model initialized on device: cuda:0
[2025-07-17 18:51:53,698] [INFO] Model initialized on device: cuda:0
[2025-07-17 18:51:54,374] [INFO] Model initialized on device: cuda:0
[2025-07-17 18:51:54,802] [INFO] Model initialized on device: cuda:0
[2025-07-17 18:51:54,806] [INFO] Model initialized on device: cuda:0
[2025-07-17 18:51:54,874] [INFO] Model initialized on device: cuda:0
[2025-07-17 18:51:55,274] [INFO] Model initialized on device: cuda:0
[2025-07-17 18:51:55,290] [INFO] Model initialized on device: cuda:0
[2025-07-17 18:51:55,292] [INFO] Model initialized on device: cuda:0
[2025-07-17 18:51:55,393] [INFO] Model initialized on device: cuda:0
[2025-07-17 18:52:02,579] [DEBUG] [TEST] Batch 1 | Pred shape: torch.Size([256, 256, 160]) | Label shape: torch.Size([256, 256, 160])
[2025-07-17 18:52:02,678] [DEBUG] [TEST] Batch 2 | Pred shape: torch.Size([256, 256, 160]) | Label shape: torch.Size([256, 256, 160])
[2025-07-17 18:52:02,778] [DEBUG] [TEST] Batch 3 | Pred shape: torch.Size([256, 256, 160]) | Label shape: torch.Size([256, 256, 160])
[2025-07-17 18:52:02,878] [DEBUG] [TEST] Batch 4 | Pred shape: torch.Size([256, 256, 160]) | Label shape: torch.Size([256, 256, 160])
[2025-07-17 18:52:03,002] [DEBUG] [TEST] Batch 5 | Pred shape: torch.Size([256, 256, 160]) | Label shape: torch.Size([256, 256, 160])
[2025-07-17 18:52:03,178] [DEBUG] [TEST] Batch 6 | Pred shape: torch.Size([256, 256, 160]) | Label shape: torch.Size([256, 256, 160])
[2025-07-17 18:52:03,277] [DEBUG] [TEST] Batch 7 | Pred shape: torch.Size([256, 256, 160]) | Label shape: torch.Size([256, 256, 160])
[2025-07-17 18:52:03,379] [DEBUG] [TEST] Batch 8 | Pred shape: torch.Size([256, 256, 160]) | Label shape: torch.Size([256, 256, 160])
[2025-07-17 18:52:03,477] [DEBUG] [TEST] Batch 9 | Pred shape: torch.Size([256, 256, 160]) | Label shape: torch.Size([256, 256, 160])
[2025-07-17 18:52:03,576] [DEBUG] [TEST] Batch 10 | Pred shape: torch.Size([256, 256, 160]) | Label shape: torch.Size([256, 256, 160])
[2025-07-17 18:52:08,397] [DEBUG] [TEST] Batch 11 | Pred shape: torch.Size([256, 256, 160]) | Label shape: torch.Size([256, 256, 160])
[2025-07-17 18:52:08,478] [DEBUG] [TEST] Batch 12 | Pred shape: torch.Size([256, 256, 160]) | Label shape: torch.Size([256, 256, 160])
[2025-07-17 18:52:08,675] [DEBUG] [TEST] Batch 13 | Pred shape: torch.Size([256, 256, 160]) | Label shape: torch.Size([256, 256, 160])
[2025-07-17 18:52:08,783] [DEBUG] [TEST] Batch 14 | Pred shape: torch.Size([256, 256, 160]) | Label shape: torch.Size([256, 256, 160])
[2025-07-17 18:52:08,876] [DEBUG] [TEST] Batch 15 | Pred shape: torch.Size([256, 256, 160]) | Label shape: torch.Size([256, 256, 160])
[2025-07-17 18:52:08,985] [DEBUG] [TEST] Batch 16 | Pred shape: torch.Size([256, 256, 160]) | Label shape: torch.Size([256, 256, 160])
[2025-07-17 18:52:09,176] [DEBUG] [TEST] Batch 17 | Pred shape: torch.Size([256, 256, 160]) | Label shape: torch.Size([256, 256, 160])
[2025-07-17 18:52:09,306] [DEBUG] [TEST] Batch 18 | Pred shape: torch.Size([256, 256, 160]) | Label shape: torch.Size([256, 256, 160])
[2025-07-17 18:52:09,477] [DEBUG] [TEST] Batch 19 | Pred shape: torch.Size([256, 256, 160]) | Label shape: torch.Size([256, 256, 160])
[2025-07-17 18:52:09,578] [DEBUG] [TEST] Batch 20 | Pred shape: torch.Size([256, 256, 160]) | Label shape: torch.Size([256, 256, 160])
[2025-07-17 18:52:12,185] [DEBUG] [TEST] Batch 21 | Pred shape: torch.Size([256, 256, 160]) | Label shape: torch.Size([256, 256, 160])
[2025-07-17 18:52:12,298] [DEBUG] [TEST] Batch 22 | Pred shape: torch.Size([256, 256, 160]) | Label shape: torch.Size([256, 256, 160])
[2025-07-17 18:52:12,487] [DEBUG] [TEST] Batch 23 | Pred shape: torch.Size([256, 256, 160]) | Label shape: torch.Size([256, 256, 160])
[2025-07-17 18:52:12,677] [DEBUG] [TEST] Batch 24 | Pred shape: torch.Size([256, 256, 160]) | Label shape: torch.Size([256, 256, 160])
[2025-07-17 18:52:12,786] [DEBUG] [TEST] Batch 25 | Pred shape: torch.Size([256, 256, 160]) | Label shape: torch.Size([256, 256, 160])
[2025-07-17 18:52:12,880] [DEBUG] [TEST] Batch 26 | Pred shape: torch.Size([256, 256, 160]) | Label shape: torch.Size([256, 256, 160])
[2025-07-17 18:52:12,977] [DEBUG] [TEST] Batch 27 | Pred shape: torch.Size([256, 256, 160]) | Label shape: torch.Size([256, 256, 160])
[2025-07-17 18:52:13,090] [DEBUG] [TEST] Batch 28 | Pred shape: torch.Size([256, 256, 160]) | Label shape: torch.Size([256, 256, 160])
[2025-07-17 18:52:13,219] [DEBUG] [TEST] Batch 29 | Pred shape: torch.Size([256, 256, 160]) | Label shape: torch.Size([256, 256, 160])
[2025-07-17 18:52:13,386] [DEBUG] [TEST] Batch 30 | Pred shape: torch.Size([256, 256, 160]) | Label shape: torch.Size([256, 256, 160])
[2025-07-17 18:52:15,282] [DEBUG] [TEST] Batch 31 | Pred shape: torch.Size([256, 256, 160]) | Label shape: torch.Size([256, 256, 160])
[2025-07-17 18:52:15,449] [DEBUG] [TEST] Batch 32 | Pred shape: torch.Size([256, 256, 160]) | Label shape: torch.Size([256, 256, 160])
[2025-07-17 18:52:15,510] [DEBUG] [TEST] Batch 33 | Pred shape: torch.Size([256, 256, 160]) | Label shape: torch.Size([256, 256, 160])
[2025-07-17 18:52:15,566] [DEBUG] [TEST] Batch 34 | Pred shape: torch.Size([256, 256, 160]) | Label shape: torch.Size([256, 256, 160])
[2025-07-17 18:52:15,624] [DEBUG] [TEST] Batch 35 | Pred shape: torch.Size([256, 256, 160]) | Label shape: torch.Size([256, 256, 160])
[2025-07-17 18:52:15,680] [DEBUG] [TEST] Batch 36 | Pred shape: torch.Size([256, 256, 160]) | Label shape: torch.Size([256, 256, 160])
[2025-07-17 18:52:15,735] [DEBUG] [TEST] Batch 37 | Pred shape: torch.Size([256, 256, 160]) | Label shape: torch.Size([256, 256, 160])
[2025-07-17 18:52:15,858] [DEBUG] [TEST] Batch 38 | Pred shape: torch.Size([256, 256, 160]) | Label shape: torch.Size([256, 256, 160])
[2025-07-17 18:52:15,979] [DEBUG] [TEST] Batch 39 | Pred shape: torch.Size([256, 256, 160]) | Label shape: torch.Size([256, 256, 160])
[2025-07-17 18:52:18,493] [INFO] [EVALUATE] Dice WT: 0.4003
[2025-07-17 18:52:24,994] [INFO] [FIT] Received parameters. Starting local training...
[2025-07-17 18:52:29,175] [INFO] [DEBUG] Loaded compressed decoded weights.
[2025-07-17 18:53:33,275] [INFO] Model initialized on device: cuda:0
[2025-07-17 18:53:33,277] [INFO] Model initialized on device: cuda:0
[2025-07-17 18:53:33,588] [INFO] Model initialized on device: cuda:0
[2025-07-17 18:53:33,805] [INFO] Model initialized on device: cuda:0
[2025-07-17 18:53:33,986] [INFO] Model initialized on device: cuda:0
[2025-07-17 18:53:33,996] [INFO] Model initialized on device: cuda:0
[2025-07-17 18:53:34,086] [INFO] Model initialized on device: cuda:0
[2025-07-17 18:53:34,094] [INFO] Model initialized on device: cuda:0
[2025-07-17 18:53:34,099] [INFO] Model initialized on device: cuda:0
[2025-07-17 18:53:34,099] [INFO] Model initialized on device: cuda:0
[2025-07-17 18:57:29,678] [INFO] [TRAIN] Epoch 1 Loss: 0.2718
[2025-07-17 18:58:08,295] [INFO] Model initialized on device: cuda:0
[2025-07-17 18:58:08,591] [INFO] Model initialized on device: cuda:0
[2025-07-17 18:58:08,679] [INFO] Model initialized on device: cuda:0
[2025-07-17 18:58:08,683] [INFO] Model initialized on device: cuda:0
[2025-07-17 18:58:08,804] [INFO] Model initialized on device: cuda:0
[2025-07-17 18:58:08,870] [INFO] Model initialized on device: cuda:0
[2025-07-17 18:58:08,878] [INFO] Model initialized on device: cuda:0
[2025-07-17 18:58:08,883] [INFO] Model initialized on device: cuda:0
[2025-07-17 18:58:08,884] [INFO] Model initialized on device: cuda:0
[2025-07-17 18:58:08,889] [INFO] Model initialized on device: cuda:0
[2025-07-17 19:01:48,979] [INFO] [TRAIN] Epoch 2 Loss: 0.2072
[2025-07-17 19:02:35,476] [INFO] Model initialized on device: cuda:0
[2025-07-17 19:02:37,172] [INFO] Model initialized on device: cuda:0
[2025-07-17 19:02:38,775] [INFO] Model initialized on device: cuda:0
[2025-07-17 19:02:38,777] [INFO] Model initialized on device: cuda:0
[2025-07-17 19:02:38,781] [INFO] Model initialized on device: cuda:0
[2025-07-17 19:02:38,781] [INFO] Model initialized on device: cuda:0
[2025-07-17 19:02:38,797] [INFO] Model initialized on device: cuda:0
[2025-07-17 19:02:38,805] [INFO] Model initialized on device: cuda:0
[2025-07-17 19:02:38,870] [INFO] Model initialized on device: cuda:0
[2025-07-17 19:02:38,876] [INFO] Model initialized on device: cuda:0
[2025-07-17 19:06:10,199] [INFO] [TRAIN] Epoch 3 Loss: 0.1845
[2025-07-17 19:06:30,915] [INFO] Model initialized on device: cuda:0
[2025-07-17 19:06:30,915] [INFO] Model initialized on device: cuda:0
[2025-07-17 19:06:31,073] [INFO] Model initialized on device: cuda:0
[2025-07-17 19:06:31,101] [INFO] Model initialized on device: cuda:0
[2025-07-17 19:06:31,172] [INFO] Model initialized on device: cuda:0
[2025-07-17 19:06:31,228] [INFO] Model initialized on device: cuda:0
[2025-07-17 19:06:31,270] [INFO] Model initialized on device: cuda:0
[2025-07-17 19:06:31,300] [INFO] Model initialized on device: cuda:0
[2025-07-17 19:06:31,321] [INFO] Model initialized on device: cuda:0
[2025-07-17 19:06:31,322] [INFO] Model initialized on device: cuda:0
[2025-07-17 19:08:24,015] [INFO] [TRAIN] Epoch 4 Loss: 0.1802
[2025-07-17 19:08:40,180] [INFO] Model initialized on device: cuda:0
[2025-07-17 19:08:40,732] [INFO] Model initialized on device: cuda:0
[2025-07-17 19:08:41,686] [INFO] Model initialized on device: cuda:0
[2025-07-17 19:08:43,513] [INFO] Model initialized on device: cuda:0
[2025-07-17 19:08:43,604] [INFO] Model initialized on device: cuda:0
[2025-07-17 19:08:43,736] [INFO] Model initialized on device: cuda:0
[2025-07-17 19:08:43,898] [INFO] Model initialized on device: cuda:0
[2025-07-17 19:08:43,929] [INFO] Model initialized on device: cuda:0
[2025-07-17 19:08:44,028] [INFO] Model initialized on device: cuda:0
[2025-07-17 19:08:44,114] [INFO] Model initialized on device: cuda:0
[2025-07-17 19:10:41,482] [INFO] [TRAIN] Epoch 5 Loss: 0.1678
[2025-07-17 19:10:41,484] [INFO] [FIT] Local training finished. Avg Loss: 0.2023
[2025-07-17 19:10:57,325] [INFO] Model initialized on device: cuda:0
[2025-07-17 19:10:57,416] [INFO] Model initialized on device: cuda:0
[2025-07-17 19:10:57,419] [INFO] Model initialized on device: cuda:0
[2025-07-17 19:10:59,019] [INFO] Model initialized on device: cuda:0
[2025-07-17 19:11:00,376] [INFO] Model initialized on device: cuda:0
[2025-07-17 19:11:00,417] [INFO] Model initialized on device: cuda:0
[2025-07-17 19:11:00,427] [INFO] Model initialized on device: cuda:0
[2025-07-17 19:11:00,518] [INFO] Model initialized on device: cuda:0
[2025-07-17 19:11:00,519] [INFO] Model initialized on device: cuda:0
[2025-07-17 19:11:00,570] [INFO] Model initialized on device: cuda:0
[2025-07-17 19:11:03,021] [DEBUG] [TEST] Batch 1 | Pred shape: torch.Size([256, 256, 160]) | Label shape: torch.Size([256, 256, 160])
[2025-07-17 19:11:04,274] [DEBUG] [TEST] Batch 2 | Pred shape: torch.Size([256, 256, 160]) | Label shape: torch.Size([256, 256, 160])
[2025-07-17 19:11:04,990] [DEBUG] [TEST] Batch 3 | Pred shape: torch.Size([256, 256, 160]) | Label shape: torch.Size([256, 256, 160])
[2025-07-17 19:11:05,072] [DEBUG] [TEST] Batch 4 | Pred shape: torch.Size([256, 256, 160]) | Label shape: torch.Size([256, 256, 160])
[2025-07-17 19:11:05,227] [DEBUG] [TEST] Batch 5 | Pred shape: torch.Size([256, 256, 160]) | Label shape: torch.Size([256, 256, 160])
[2025-07-17 19:11:05,316] [DEBUG] [TEST] Batch 6 | Pred shape: torch.Size([256, 256, 160]) | Label shape: torch.Size([256, 256, 160])
[2025-07-17 19:11:05,376] [DEBUG] [TEST] Batch 7 | Pred shape: torch.Size([256, 256, 160]) | Label shape: torch.Size([256, 256, 160])
[2025-07-17 19:11:05,521] [DEBUG] [TEST] Batch 8 | Pred shape: torch.Size([256, 256, 160]) | Label shape: torch.Size([256, 256, 160])
[2025-07-17 19:11:05,577] [DEBUG] [TEST] Batch 9 | Pred shape: torch.Size([256, 256, 160]) | Label shape: torch.Size([256, 256, 160])
[2025-07-17 19:11:05,636] [DEBUG] [TEST] Batch 10 | Pred shape: torch.Size([256, 256, 160]) | Label shape: torch.Size([256, 256, 160])
[2025-07-17 19:11:06,110] [DEBUG] [TEST] Batch 11 | Pred shape: torch.Size([256, 256, 160]) | Label shape: torch.Size([256, 256, 160])
[2025-07-17 19:11:07,594] [DEBUG] [TEST] Batch 12 | Pred shape: torch.Size([256, 256, 160]) | Label shape: torch.Size([256, 256, 160])
[2025-07-17 19:11:07,921] [DEBUG] [TEST] Batch 13 | Pred shape: torch.Size([256, 256, 160]) | Label shape: torch.Size([256, 256, 160])
[2025-07-17 19:11:08,017] [DEBUG] [TEST] Batch 14 | Pred shape: torch.Size([256, 256, 160]) | Label shape: torch.Size([256, 256, 160])
[2025-07-17 19:11:08,118] [DEBUG] [TEST] Batch 15 | Pred shape: torch.Size([256, 256, 160]) | Label shape: torch.Size([256, 256, 160])
[2025-07-17 19:11:08,179] [DEBUG] [TEST] Batch 16 | Pred shape: torch.Size([256, 256, 160]) | Label shape: torch.Size([256, 256, 160])
[2025-07-17 19:11:08,237] [DEBUG] [TEST] Batch 17 | Pred shape: torch.Size([256, 256, 160]) | Label shape: torch.Size([256, 256, 160])
[2025-07-17 19:11:08,330] [DEBUG] [TEST] Batch 18 | Pred shape: torch.Size([256, 256, 160]) | Label shape: torch.Size([256, 256, 160])
[2025-07-17 19:11:08,419] [DEBUG] [TEST] Batch 19 | Pred shape: torch.Size([256, 256, 160]) | Label shape: torch.Size([256, 256, 160])
[2025-07-17 19:11:08,479] [DEBUG] [TEST] Batch 20 | Pred shape: torch.Size([256, 256, 160]) | Label shape: torch.Size([256, 256, 160])
[2025-07-17 19:11:10,081] [DEBUG] [TEST] Batch 21 | Pred shape: torch.Size([256, 256, 160]) | Label shape: torch.Size([256, 256, 160])
[2025-07-17 19:11:10,992] [DEBUG] [TEST] Batch 22 | Pred shape: torch.Size([256, 256, 160]) | Label shape: torch.Size([256, 256, 160])
[2025-07-17 19:11:11,177] [DEBUG] [TEST] Batch 23 | Pred shape: torch.Size([256, 256, 160]) | Label shape: torch.Size([256, 256, 160])
[2025-07-17 19:11:11,375] [DEBUG] [TEST] Batch 24 | Pred shape: torch.Size([256, 256, 160]) | Label shape: torch.Size([256, 256, 160])
[2025-07-17 19:11:11,644] [DEBUG] [TEST] Batch 25 | Pred shape: torch.Size([256, 256, 160]) | Label shape: torch.Size([256, 256, 160])
[2025-07-17 19:11:11,719] [DEBUG] [TEST] Batch 26 | Pred shape: torch.Size([256, 256, 160]) | Label shape: torch.Size([256, 256, 160])
[2025-07-17 19:11:11,779] [DEBUG] [TEST] Batch 27 | Pred shape: torch.Size([256, 256, 160]) | Label shape: torch.Size([256, 256, 160])
[2025-07-17 19:11:11,870] [DEBUG] [TEST] Batch 28 | Pred shape: torch.Size([256, 256, 160]) | Label shape: torch.Size([256, 256, 160])
[2025-07-17 19:11:11,972] [DEBUG] [TEST] Batch 29 | Pred shape: torch.Size([256, 256, 160]) | Label shape: torch.Size([256, 256, 160])
[2025-07-17 19:11:12,032] [DEBUG] [TEST] Batch 30 | Pred shape: torch.Size([256, 256, 160]) | Label shape: torch.Size([256, 256, 160])
[2025-07-17 19:11:13,277] [DEBUG] [TEST] Batch 31 | Pred shape: torch.Size([256, 256, 160]) | Label shape: torch.Size([256, 256, 160])
[2025-07-17 19:11:13,853] [DEBUG] [TEST] Batch 32 | Pred shape: torch.Size([256, 256, 160]) | Label shape: torch.Size([256, 256, 160])
[2025-07-17 19:11:13,962] [DEBUG] [TEST] Batch 33 | Pred shape: torch.Size([256, 256, 160]) | Label shape: torch.Size([256, 256, 160])
[2025-07-17 19:11:14,103] [DEBUG] [TEST] Batch 34 | Pred shape: torch.Size([256, 256, 160]) | Label shape: torch.Size([256, 256, 160])
[2025-07-17 19:11:14,326] [DEBUG] [TEST] Batch 35 | Pred shape: torch.Size([256, 256, 160]) | Label shape: torch.Size([256, 256, 160])
[2025-07-17 19:11:14,482] [DEBUG] [TEST] Batch 36 | Pred shape: torch.Size([256, 256, 160]) | Label shape: torch.Size([256, 256, 160])
[2025-07-17 19:11:14,640] [DEBUG] [TEST] Batch 37 | Pred shape: torch.Size([256, 256, 160]) | Label shape: torch.Size([256, 256, 160])
[2025-07-17 19:11:14,796] [DEBUG] [TEST] Batch 38 | Pred shape: torch.Size([256, 256, 160]) | Label shape: torch.Size([256, 256, 160])
[2025-07-17 19:11:14,852] [DEBUG] [TEST] Batch 39 | Pred shape: torch.Size([256, 256, 160]) | Label shape: torch.Size([256, 256, 160])
[2025-07-17 19:11:18,409] [INFO] [FIT] Final model saved to: Run_UNET_R2Non-IID30%_fedWSOcompC3_20250717/Client2/model_final.pth
[2025-07-17 19:14:38,636] [INFO] [EVALUATE] Starting evaluation...
[2025-07-17 19:14:41,579] [INFO] [DEBUG] Loaded compressed decoded weights.
[2025-07-17 19:15:48,349] [INFO] Model initialized on device: cuda:0
[2025-07-17 19:15:48,415] [INFO] Model initialized on device: cuda:0
[2025-07-17 19:15:48,615] [INFO] Model initialized on device: cuda:0
[2025-07-17 19:15:48,629] [INFO] Model initialized on device: cuda:0
[2025-07-17 19:15:49,680] [INFO] Model initialized on device: cuda:0
[2025-07-17 19:15:49,789] [INFO] Model initialized on device: cuda:0
[2025-07-17 19:15:49,974] [INFO] Model initialized on device: cuda:0
[2025-07-17 19:15:49,986] [INFO] Model initialized on device: cuda:0
[2025-07-17 19:15:50,002] [INFO] Model initialized on device: cuda:0
[2025-07-17 19:15:50,073] [INFO] Model initialized on device: cuda:0
[2025-07-17 19:15:57,283] [DEBUG] [TEST] Batch 1 | Pred shape: torch.Size([256, 256, 160]) | Label shape: torch.Size([256, 256, 160])
[2025-07-17 19:15:57,479] [DEBUG] [TEST] Batch 2 | Pred shape: torch.Size([256, 256, 160]) | Label shape: torch.Size([256, 256, 160])
[2025-07-17 19:15:57,595] [DEBUG] [TEST] Batch 3 | Pred shape: torch.Size([256, 256, 160]) | Label shape: torch.Size([256, 256, 160])
[2025-07-17 19:15:57,776] [DEBUG] [TEST] Batch 4 | Pred shape: torch.Size([256, 256, 160]) | Label shape: torch.Size([256, 256, 160])
[2025-07-17 19:15:57,911] [DEBUG] [TEST] Batch 5 | Pred shape: torch.Size([256, 256, 160]) | Label shape: torch.Size([256, 256, 160])
[2025-07-17 19:15:58,673] [DEBUG] [TEST] Batch 6 | Pred shape: torch.Size([256, 256, 160]) | Label shape: torch.Size([256, 256, 160])
[2025-07-17 19:15:58,780] [DEBUG] [TEST] Batch 7 | Pred shape: torch.Size([256, 256, 160]) | Label shape: torch.Size([256, 256, 160])
[2025-07-17 19:15:58,878] [DEBUG] [TEST] Batch 8 | Pred shape: torch.Size([256, 256, 160]) | Label shape: torch.Size([256, 256, 160])
[2025-07-17 19:15:59,004] [DEBUG] [TEST] Batch 9 | Pred shape: torch.Size([256, 256, 160]) | Label shape: torch.Size([256, 256, 160])
[2025-07-17 19:15:59,186] [DEBUG] [TEST] Batch 10 | Pred shape: torch.Size([256, 256, 160]) | Label shape: torch.Size([256, 256, 160])
[2025-07-17 19:16:04,080] [DEBUG] [TEST] Batch 11 | Pred shape: torch.Size([256, 256, 160]) | Label shape: torch.Size([256, 256, 160])
[2025-07-17 19:16:04,186] [DEBUG] [TEST] Batch 12 | Pred shape: torch.Size([256, 256, 160]) | Label shape: torch.Size([256, 256, 160])
[2025-07-17 19:16:04,278] [DEBUG] [TEST] Batch 13 | Pred shape: torch.Size([256, 256, 160]) | Label shape: torch.Size([256, 256, 160])
[2025-07-17 19:16:04,378] [DEBUG] [TEST] Batch 14 | Pred shape: torch.Size([256, 256, 160]) | Label shape: torch.Size([256, 256, 160])
[2025-07-17 19:16:04,479] [DEBUG] [TEST] Batch 15 | Pred shape: torch.Size([256, 256, 160]) | Label shape: torch.Size([256, 256, 160])
[2025-07-17 19:16:04,578] [DEBUG] [TEST] Batch 16 | Pred shape: torch.Size([256, 256, 160]) | Label shape: torch.Size([256, 256, 160])
[2025-07-17 19:16:04,678] [DEBUG] [TEST] Batch 17 | Pred shape: torch.Size([256, 256, 160]) | Label shape: torch.Size([256, 256, 160])
[2025-07-17 19:16:04,778] [DEBUG] [TEST] Batch 18 | Pred shape: torch.Size([256, 256, 160]) | Label shape: torch.Size([256, 256, 160])
[2025-07-17 19:16:04,896] [DEBUG] [TEST] Batch 19 | Pred shape: torch.Size([256, 256, 160]) | Label shape: torch.Size([256, 256, 160])
[2025-07-17 19:16:05,085] [DEBUG] [TEST] Batch 20 | Pred shape: torch.Size([256, 256, 160]) | Label shape: torch.Size([256, 256, 160])
[2025-07-17 19:16:10,078] [DEBUG] [TEST] Batch 21 | Pred shape: torch.Size([256, 256, 160]) | Label shape: torch.Size([256, 256, 160])
[2025-07-17 19:16:10,175] [DEBUG] [TEST] Batch 22 | Pred shape: torch.Size([256, 256, 160]) | Label shape: torch.Size([256, 256, 160])
[2025-07-17 19:16:10,272] [DEBUG] [TEST] Batch 23 | Pred shape: torch.Size([256, 256, 160]) | Label shape: torch.Size([256, 256, 160])
[2025-07-17 19:16:10,384] [DEBUG] [TEST] Batch 24 | Pred shape: torch.Size([256, 256, 160]) | Label shape: torch.Size([256, 256, 160])
[2025-07-17 19:16:10,477] [DEBUG] [TEST] Batch 25 | Pred shape: torch.Size([256, 256, 160]) | Label shape: torch.Size([256, 256, 160])
[2025-07-17 19:16:10,673] [DEBUG] [TEST] Batch 26 | Pred shape: torch.Size([256, 256, 160]) | Label shape: torch.Size([256, 256, 160])
[2025-07-17 19:16:10,786] [DEBUG] [TEST] Batch 27 | Pred shape: torch.Size([256, 256, 160]) | Label shape: torch.Size([256, 256, 160])
[2025-07-17 19:16:10,920] [DEBUG] [TEST] Batch 28 | Pred shape: torch.Size([256, 256, 160]) | Label shape: torch.Size([256, 256, 160])
[2025-07-17 19:16:11,023] [DEBUG] [TEST] Batch 29 | Pred shape: torch.Size([256, 256, 160]) | Label shape: torch.Size([256, 256, 160])
[2025-07-17 19:16:11,092] [DEBUG] [TEST] Batch 30 | Pred shape: torch.Size([256, 256, 160]) | Label shape: torch.Size([256, 256, 160])
[2025-07-17 19:16:13,101] [DEBUG] [TEST] Batch 31 | Pred shape: torch.Size([256, 256, 160]) | Label shape: torch.Size([256, 256, 160])
[2025-07-17 19:16:13,215] [DEBUG] [TEST] Batch 32 | Pred shape: torch.Size([256, 256, 160]) | Label shape: torch.Size([256, 256, 160])
[2025-07-17 19:16:13,340] [DEBUG] [TEST] Batch 33 | Pred shape: torch.Size([256, 256, 160]) | Label shape: torch.Size([256, 256, 160])
[2025-07-17 19:16:13,464] [DEBUG] [TEST] Batch 34 | Pred shape: torch.Size([256, 256, 160]) | Label shape: torch.Size([256, 256, 160])
[2025-07-17 19:16:13,590] [DEBUG] [TEST] Batch 35 | Pred shape: torch.Size([256, 256, 160]) | Label shape: torch.Size([256, 256, 160])
[2025-07-17 19:16:13,714] [DEBUG] [TEST] Batch 36 | Pred shape: torch.Size([256, 256, 160]) | Label shape: torch.Size([256, 256, 160])
[2025-07-17 19:16:13,834] [DEBUG] [TEST] Batch 37 | Pred shape: torch.Size([256, 256, 160]) | Label shape: torch.Size([256, 256, 160])
[2025-07-17 19:16:13,962] [DEBUG] [TEST] Batch 38 | Pred shape: torch.Size([256, 256, 160]) | Label shape: torch.Size([256, 256, 160])
[2025-07-17 19:16:14,080] [DEBUG] [TEST] Batch 39 | Pred shape: torch.Size([256, 256, 160]) | Label shape: torch.Size([256, 256, 160])
[2025-07-17 19:16:16,793] [INFO] [EVALUATE] Dice WT: 0.4207
