[2026-01-23 23:20:50,641] [INFO] Model initialized on device: cuda:0
[2026-01-23 23:20:50,641] [INFO] [CLIENT INIT] Mode=KH | Sparsity=OFF (UsedSparsity=0) | Clusters=ON (UsedClusters=64) | EnvSparsityCfg={'Conv': 0.6, 'Linear': 0.6, 'Bias': 0.0, 'BatchNorm': 0.0} | EnvNClusters=64
[2026-01-23 23:21:02,797] [INFO] [FIT] Received parameters. Starting local training...
[2026-01-23 23:21:05,516] [INFO] [DEBUG] Loaded uncompressed weights.
[2026-01-23 23:22:11,809] [INFO] Model initialized on device: cuda:0
[2026-01-23 23:22:11,809] [INFO] [CLIENT INIT] Mode=KH | Sparsity=OFF (UsedSparsity=0) | Clusters=ON (UsedClusters=64) | EnvSparsityCfg={'Conv': 0.6, 'Linear': 0.6, 'Bias': 0.0, 'BatchNorm': 0.0} | EnvNClusters=64
[2026-01-23 23:22:12,051] [INFO] Model initialized on device: cuda:0
[2026-01-23 23:22:12,051] [INFO] [CLIENT INIT] Mode=KH | Sparsity=OFF (UsedSparsity=0) | Clusters=ON (UsedClusters=64) | EnvSparsityCfg={'Conv': 0.6, 'Linear': 0.6, 'Bias': 0.0, 'BatchNorm': 0.0} | EnvNClusters=64
[2026-01-23 23:22:14,175] [INFO] Model initialized on device: cuda:0
[2026-01-23 23:22:14,175] [INFO] [CLIENT INIT] Mode=KH | Sparsity=OFF (UsedSparsity=0) | Clusters=ON (UsedClusters=64) | EnvSparsityCfg={'Conv': 0.6, 'Linear': 0.6, 'Bias': 0.0, 'BatchNorm': 0.0} | EnvNClusters=64
[2026-01-23 23:22:14,466] [INFO] Model initialized on device: cuda:0
[2026-01-23 23:22:14,466] [INFO] [CLIENT INIT] Mode=KH | Sparsity=OFF (UsedSparsity=0) | Clusters=ON (UsedClusters=64) | EnvSparsityCfg={'Conv': 0.6, 'Linear': 0.6, 'Bias': 0.0, 'BatchNorm': 0.0} | EnvNClusters=64
[2026-01-23 23:22:14,812] [INFO] Model initialized on device: cuda:0
[2026-01-23 23:22:14,812] [INFO] Model initialized on device: cuda:0
[2026-01-23 23:22:14,812] [INFO] [CLIENT INIT] Mode=KH | Sparsity=OFF (UsedSparsity=0) | Clusters=ON (UsedClusters=64) | EnvSparsityCfg={'Conv': 0.6, 'Linear': 0.6, 'Bias': 0.0, 'BatchNorm': 0.0} | EnvNClusters=64
[2026-01-23 23:22:14,812] [INFO] [CLIENT INIT] Mode=KH | Sparsity=OFF (UsedSparsity=0) | Clusters=ON (UsedClusters=64) | EnvSparsityCfg={'Conv': 0.6, 'Linear': 0.6, 'Bias': 0.0, 'BatchNorm': 0.0} | EnvNClusters=64
[2026-01-23 23:22:14,814] [INFO] Model initialized on device: cuda:0
[2026-01-23 23:22:14,814] [INFO] [CLIENT INIT] Mode=KH | Sparsity=OFF (UsedSparsity=0) | Clusters=ON (UsedClusters=64) | EnvSparsityCfg={'Conv': 0.6, 'Linear': 0.6, 'Bias': 0.0, 'BatchNorm': 0.0} | EnvNClusters=64
[2026-01-23 23:22:14,838] [INFO] Model initialized on device: cuda:0
[2026-01-23 23:22:14,838] [INFO] [CLIENT INIT] Mode=KH | Sparsity=OFF (UsedSparsity=0) | Clusters=ON (UsedClusters=64) | EnvSparsityCfg={'Conv': 0.6, 'Linear': 0.6, 'Bias': 0.0, 'BatchNorm': 0.0} | EnvNClusters=64
[2026-01-23 23:22:14,839] [INFO] Model initialized on device: cuda:0
[2026-01-23 23:22:14,839] [INFO] [CLIENT INIT] Mode=KH | Sparsity=OFF (UsedSparsity=0) | Clusters=ON (UsedClusters=64) | EnvSparsityCfg={'Conv': 0.6, 'Linear': 0.6, 'Bias': 0.0, 'BatchNorm': 0.0} | EnvNClusters=64
[2026-01-23 23:22:14,845] [INFO] Model initialized on device: cuda:0
[2026-01-23 23:22:14,845] [INFO] [CLIENT INIT] Mode=KH | Sparsity=OFF (UsedSparsity=0) | Clusters=ON (UsedClusters=64) | EnvSparsityCfg={'Conv': 0.6, 'Linear': 0.6, 'Bias': 0.0, 'BatchNorm': 0.0} | EnvNClusters=64
[2026-01-23 23:23:23,318] [INFO] [TRAIN] Epoch 1 Loss: 0.9622
[2026-01-23 23:24:30,328] [INFO] Model initialized on device: cuda:0
[2026-01-23 23:24:30,328] [INFO] [CLIENT INIT] Mode=KH | Sparsity=OFF (UsedSparsity=0) | Clusters=ON (UsedClusters=64) | EnvSparsityCfg={'Conv': 0.6, 'Linear': 0.6, 'Bias': 0.0, 'BatchNorm': 0.0} | EnvNClusters=64
[2026-01-23 23:24:30,329] [INFO] Model initialized on device: cuda:0
[2026-01-23 23:24:30,329] [INFO] [CLIENT INIT] Mode=KH | Sparsity=OFF (UsedSparsity=0) | Clusters=ON (UsedClusters=64) | EnvSparsityCfg={'Conv': 0.6, 'Linear': 0.6, 'Bias': 0.0, 'BatchNorm': 0.0} | EnvNClusters=64
[2026-01-23 23:24:30,433] [INFO] Model initialized on device: cuda:0
[2026-01-23 23:24:30,434] [INFO] [CLIENT INIT] Mode=KH | Sparsity=OFF (UsedSparsity=0) | Clusters=ON (UsedClusters=64) | EnvSparsityCfg={'Conv': 0.6, 'Linear': 0.6, 'Bias': 0.0, 'BatchNorm': 0.0} | EnvNClusters=64
[2026-01-23 23:24:30,521] [INFO] Model initialized on device: cuda:0
[2026-01-23 23:24:30,521] [INFO] [CLIENT INIT] Mode=KH | Sparsity=OFF (UsedSparsity=0) | Clusters=ON (UsedClusters=64) | EnvSparsityCfg={'Conv': 0.6, 'Linear': 0.6, 'Bias': 0.0, 'BatchNorm': 0.0} | EnvNClusters=64
[2026-01-23 23:24:30,708] [INFO] Model initialized on device: cuda:0
[2026-01-23 23:24:30,708] [INFO] [CLIENT INIT] Mode=KH | Sparsity=OFF (UsedSparsity=0) | Clusters=ON (UsedClusters=64) | EnvSparsityCfg={'Conv': 0.6, 'Linear': 0.6, 'Bias': 0.0, 'BatchNorm': 0.0} | EnvNClusters=64
[2026-01-23 23:24:31,412] [INFO] Model initialized on device: cuda:0
[2026-01-23 23:24:31,413] [INFO] [CLIENT INIT] Mode=KH | Sparsity=OFF (UsedSparsity=0) | Clusters=ON (UsedClusters=64) | EnvSparsityCfg={'Conv': 0.6, 'Linear': 0.6, 'Bias': 0.0, 'BatchNorm': 0.0} | EnvNClusters=64
[2026-01-23 23:24:31,618] [INFO] Model initialized on device: cuda:0
[2026-01-23 23:24:31,618] [INFO] [CLIENT INIT] Mode=KH | Sparsity=OFF (UsedSparsity=0) | Clusters=ON (UsedClusters=64) | EnvSparsityCfg={'Conv': 0.6, 'Linear': 0.6, 'Bias': 0.0, 'BatchNorm': 0.0} | EnvNClusters=64
[2026-01-23 23:24:31,622] [INFO] Model initialized on device: cuda:0
[2026-01-23 23:24:31,622] [INFO] [CLIENT INIT] Mode=KH | Sparsity=OFF (UsedSparsity=0) | Clusters=ON (UsedClusters=64) | EnvSparsityCfg={'Conv': 0.6, 'Linear': 0.6, 'Bias': 0.0, 'BatchNorm': 0.0} | EnvNClusters=64
[2026-01-23 23:24:31,811] [INFO] Model initialized on device: cuda:0
[2026-01-23 23:24:31,811] [INFO] [CLIENT INIT] Mode=KH | Sparsity=OFF (UsedSparsity=0) | Clusters=ON (UsedClusters=64) | EnvSparsityCfg={'Conv': 0.6, 'Linear': 0.6, 'Bias': 0.0, 'BatchNorm': 0.0} | EnvNClusters=64
[2026-01-23 23:24:31,812] [INFO] Model initialized on device: cuda:0
[2026-01-23 23:24:31,812] [INFO] [CLIENT INIT] Mode=KH | Sparsity=OFF (UsedSparsity=0) | Clusters=ON (UsedClusters=64) | EnvSparsityCfg={'Conv': 0.6, 'Linear': 0.6, 'Bias': 0.0, 'BatchNorm': 0.0} | EnvNClusters=64
[2026-01-23 23:25:35,352] [INFO] [TRAIN] Epoch 2 Loss: 0.9576
[2026-01-23 23:26:13,915] [INFO] Model initialized on device: cuda:0
[2026-01-23 23:26:13,916] [INFO] [CLIENT INIT] Mode=KH | Sparsity=OFF (UsedSparsity=0) | Clusters=ON (UsedClusters=64) | EnvSparsityCfg={'Conv': 0.6, 'Linear': 0.6, 'Bias': 0.0, 'BatchNorm': 0.0} | EnvNClusters=64
[2026-01-23 23:26:21,448] [INFO] Model initialized on device: cuda:0
[2026-01-23 23:26:21,448] [INFO] [CLIENT INIT] Mode=KH | Sparsity=OFF (UsedSparsity=0) | Clusters=ON (UsedClusters=64) | EnvSparsityCfg={'Conv': 0.6, 'Linear': 0.6, 'Bias': 0.0, 'BatchNorm': 0.0} | EnvNClusters=64
[2026-01-23 23:26:28,132] [INFO] Model initialized on device: cuda:0
[2026-01-23 23:26:28,132] [INFO] [CLIENT INIT] Mode=KH | Sparsity=OFF (UsedSparsity=0) | Clusters=ON (UsedClusters=64) | EnvSparsityCfg={'Conv': 0.6, 'Linear': 0.6, 'Bias': 0.0, 'BatchNorm': 0.0} | EnvNClusters=64
[2026-01-23 23:26:32,332] [INFO] Model initialized on device: cuda:0
[2026-01-23 23:26:32,332] [INFO] [CLIENT INIT] Mode=KH | Sparsity=OFF (UsedSparsity=0) | Clusters=ON (UsedClusters=64) | EnvSparsityCfg={'Conv': 0.6, 'Linear': 0.6, 'Bias': 0.0, 'BatchNorm': 0.0} | EnvNClusters=64
[2026-01-23 23:26:32,638] [INFO] Model initialized on device: cuda:0
[2026-01-23 23:26:32,639] [INFO] [CLIENT INIT] Mode=KH | Sparsity=OFF (UsedSparsity=0) | Clusters=ON (UsedClusters=64) | EnvSparsityCfg={'Conv': 0.6, 'Linear': 0.6, 'Bias': 0.0, 'BatchNorm': 0.0} | EnvNClusters=64
[2026-01-23 23:26:32,644] [INFO] Model initialized on device: cuda:0
[2026-01-23 23:26:32,645] [INFO] [CLIENT INIT] Mode=KH | Sparsity=OFF (UsedSparsity=0) | Clusters=ON (UsedClusters=64) | EnvSparsityCfg={'Conv': 0.6, 'Linear': 0.6, 'Bias': 0.0, 'BatchNorm': 0.0} | EnvNClusters=64
[2026-01-23 23:26:32,747] [INFO] Model initialized on device: cuda:0
[2026-01-23 23:26:32,748] [INFO] [CLIENT INIT] Mode=KH | Sparsity=OFF (UsedSparsity=0) | Clusters=ON (UsedClusters=64) | EnvSparsityCfg={'Conv': 0.6, 'Linear': 0.6, 'Bias': 0.0, 'BatchNorm': 0.0} | EnvNClusters=64
[2026-01-23 23:26:33,216] [INFO] Model initialized on device: cuda:0
[2026-01-23 23:26:33,216] [INFO] [CLIENT INIT] Mode=KH | Sparsity=OFF (UsedSparsity=0) | Clusters=ON (UsedClusters=64) | EnvSparsityCfg={'Conv': 0.6, 'Linear': 0.6, 'Bias': 0.0, 'BatchNorm': 0.0} | EnvNClusters=64
[2026-01-23 23:26:33,411] [INFO] Model initialized on device: cuda:0
[2026-01-23 23:26:33,411] [INFO] [CLIENT INIT] Mode=KH | Sparsity=OFF (UsedSparsity=0) | Clusters=ON (UsedClusters=64) | EnvSparsityCfg={'Conv': 0.6, 'Linear': 0.6, 'Bias': 0.0, 'BatchNorm': 0.0} | EnvNClusters=64
[2026-01-23 23:26:33,416] [INFO] Model initialized on device: cuda:0
[2026-01-23 23:26:33,416] [INFO] [CLIENT INIT] Mode=KH | Sparsity=OFF (UsedSparsity=0) | Clusters=ON (UsedClusters=64) | EnvSparsityCfg={'Conv': 0.6, 'Linear': 0.6, 'Bias': 0.0, 'BatchNorm': 0.0} | EnvNClusters=64
[2026-01-23 23:27:27,822] [INFO] [TRAIN] Epoch 3 Loss: 0.9567
[2026-01-23 23:28:01,017] [INFO] Model initialized on device: cuda:0
[2026-01-23 23:28:01,018] [INFO] [CLIENT INIT] Mode=KH | Sparsity=OFF (UsedSparsity=0) | Clusters=ON (UsedClusters=64) | EnvSparsityCfg={'Conv': 0.6, 'Linear': 0.6, 'Bias': 0.0, 'BatchNorm': 0.0} | EnvNClusters=64
[2026-01-23 23:28:02,017] [INFO] Model initialized on device: cuda:0
[2026-01-23 23:28:02,017] [INFO] [CLIENT INIT] Mode=KH | Sparsity=OFF (UsedSparsity=0) | Clusters=ON (UsedClusters=64) | EnvSparsityCfg={'Conv': 0.6, 'Linear': 0.6, 'Bias': 0.0, 'BatchNorm': 0.0} | EnvNClusters=64
[2026-01-23 23:28:03,639] [INFO] Model initialized on device: cuda:0
[2026-01-23 23:28:03,639] [INFO] [CLIENT INIT] Mode=KH | Sparsity=OFF (UsedSparsity=0) | Clusters=ON (UsedClusters=64) | EnvSparsityCfg={'Conv': 0.6, 'Linear': 0.6, 'Bias': 0.0, 'BatchNorm': 0.0} | EnvNClusters=64
[2026-01-23 23:28:04,648] [INFO] Model initialized on device: cuda:0
[2026-01-23 23:28:04,648] [INFO] [CLIENT INIT] Mode=KH | Sparsity=OFF (UsedSparsity=0) | Clusters=ON (UsedClusters=64) | EnvSparsityCfg={'Conv': 0.6, 'Linear': 0.6, 'Bias': 0.0, 'BatchNorm': 0.0} | EnvNClusters=64
[2026-01-23 23:28:09,420] [INFO] Model initialized on device: cuda:0
[2026-01-23 23:28:09,420] [INFO] [CLIENT INIT] Mode=KH | Sparsity=OFF (UsedSparsity=0) | Clusters=ON (UsedClusters=64) | EnvSparsityCfg={'Conv': 0.6, 'Linear': 0.6, 'Bias': 0.0, 'BatchNorm': 0.0} | EnvNClusters=64
[2026-01-23 23:28:09,633] [INFO] Model initialized on device: cuda:0
[2026-01-23 23:28:09,633] [INFO] [CLIENT INIT] Mode=KH | Sparsity=OFF (UsedSparsity=0) | Clusters=ON (UsedClusters=64) | EnvSparsityCfg={'Conv': 0.6, 'Linear': 0.6, 'Bias': 0.0, 'BatchNorm': 0.0} | EnvNClusters=64
[2026-01-23 23:28:11,916] [INFO] Model initialized on device: cuda:0
[2026-01-23 23:28:11,917] [INFO] [CLIENT INIT] Mode=KH | Sparsity=OFF (UsedSparsity=0) | Clusters=ON (UsedClusters=64) | EnvSparsityCfg={'Conv': 0.6, 'Linear': 0.6, 'Bias': 0.0, 'BatchNorm': 0.0} | EnvNClusters=64
[2026-01-23 23:28:12,112] [INFO] Model initialized on device: cuda:0
[2026-01-23 23:28:12,112] [INFO] [CLIENT INIT] Mode=KH | Sparsity=OFF (UsedSparsity=0) | Clusters=ON (UsedClusters=64) | EnvSparsityCfg={'Conv': 0.6, 'Linear': 0.6, 'Bias': 0.0, 'BatchNorm': 0.0} | EnvNClusters=64
[2026-01-23 23:28:12,428] [INFO] Model initialized on device: cuda:0
[2026-01-23 23:28:12,429] [INFO] [CLIENT INIT] Mode=KH | Sparsity=OFF (UsedSparsity=0) | Clusters=ON (UsedClusters=64) | EnvSparsityCfg={'Conv': 0.6, 'Linear': 0.6, 'Bias': 0.0, 'BatchNorm': 0.0} | EnvNClusters=64
[2026-01-23 23:28:12,447] [INFO] Model initialized on device: cuda:0
[2026-01-23 23:28:12,447] [INFO] [CLIENT INIT] Mode=KH | Sparsity=OFF (UsedSparsity=0) | Clusters=ON (UsedClusters=64) | EnvSparsityCfg={'Conv': 0.6, 'Linear': 0.6, 'Bias': 0.0, 'BatchNorm': 0.0} | EnvNClusters=64
[2026-01-23 23:29:10,890] [INFO] [TRAIN] Epoch 4 Loss: 0.9559
[2026-01-23 23:29:39,912] [INFO] Model initialized on device: cuda:0
[2026-01-23 23:29:39,912] [INFO] [CLIENT INIT] Mode=KH | Sparsity=OFF (UsedSparsity=0) | Clusters=ON (UsedClusters=64) | EnvSparsityCfg={'Conv': 0.6, 'Linear': 0.6, 'Bias': 0.0, 'BatchNorm': 0.0} | EnvNClusters=64
[2026-01-23 23:29:43,921] [INFO] Model initialized on device: cuda:0
[2026-01-23 23:29:43,921] [INFO] [CLIENT INIT] Mode=KH | Sparsity=OFF (UsedSparsity=0) | Clusters=ON (UsedClusters=64) | EnvSparsityCfg={'Conv': 0.6, 'Linear': 0.6, 'Bias': 0.0, 'BatchNorm': 0.0} | EnvNClusters=64
[2026-01-23 23:29:44,513] [INFO] Model initialized on device: cuda:0
[2026-01-23 23:29:44,513] [INFO] [CLIENT INIT] Mode=KH | Sparsity=OFF (UsedSparsity=0) | Clusters=ON (UsedClusters=64) | EnvSparsityCfg={'Conv': 0.6, 'Linear': 0.6, 'Bias': 0.0, 'BatchNorm': 0.0} | EnvNClusters=64
[2026-01-23 23:29:47,037] [INFO] Model initialized on device: cuda:0
[2026-01-23 23:29:47,037] [INFO] [CLIENT INIT] Mode=KH | Sparsity=OFF (UsedSparsity=0) | Clusters=ON (UsedClusters=64) | EnvSparsityCfg={'Conv': 0.6, 'Linear': 0.6, 'Bias': 0.0, 'BatchNorm': 0.0} | EnvNClusters=64
[2026-01-23 23:29:47,441] [INFO] Model initialized on device: cuda:0
[2026-01-23 23:29:47,441] [INFO] [CLIENT INIT] Mode=KH | Sparsity=OFF (UsedSparsity=0) | Clusters=ON (UsedClusters=64) | EnvSparsityCfg={'Conv': 0.6, 'Linear': 0.6, 'Bias': 0.0, 'BatchNorm': 0.0} | EnvNClusters=64
[2026-01-23 23:29:47,516] [INFO] Model initialized on device: cuda:0
[2026-01-23 23:29:47,516] [INFO] [CLIENT INIT] Mode=KH | Sparsity=OFF (UsedSparsity=0) | Clusters=ON (UsedClusters=64) | EnvSparsityCfg={'Conv': 0.6, 'Linear': 0.6, 'Bias': 0.0, 'BatchNorm': 0.0} | EnvNClusters=64
[2026-01-23 23:29:47,536] [INFO] Model initialized on device: cuda:0
[2026-01-23 23:29:47,536] [INFO] [CLIENT INIT] Mode=KH | Sparsity=OFF (UsedSparsity=0) | Clusters=ON (UsedClusters=64) | EnvSparsityCfg={'Conv': 0.6, 'Linear': 0.6, 'Bias': 0.0, 'BatchNorm': 0.0} | EnvNClusters=64
[2026-01-23 23:29:47,618] [INFO] Model initialized on device: cuda:0
[2026-01-23 23:29:47,619] [INFO] [CLIENT INIT] Mode=KH | Sparsity=OFF (UsedSparsity=0) | Clusters=ON (UsedClusters=64) | EnvSparsityCfg={'Conv': 0.6, 'Linear': 0.6, 'Bias': 0.0, 'BatchNorm': 0.0} | EnvNClusters=64
[2026-01-23 23:29:47,621] [INFO] Model initialized on device: cuda:0
[2026-01-23 23:29:47,621] [INFO] [CLIENT INIT] Mode=KH | Sparsity=OFF (UsedSparsity=0) | Clusters=ON (UsedClusters=64) | EnvSparsityCfg={'Conv': 0.6, 'Linear': 0.6, 'Bias': 0.0, 'BatchNorm': 0.0} | EnvNClusters=64
[2026-01-23 23:29:47,624] [INFO] Model initialized on device: cuda:0
[2026-01-23 23:29:47,624] [INFO] [CLIENT INIT] Mode=KH | Sparsity=OFF (UsedSparsity=0) | Clusters=ON (UsedClusters=64) | EnvSparsityCfg={'Conv': 0.6, 'Linear': 0.6, 'Bias': 0.0, 'BatchNorm': 0.0} | EnvNClusters=64
[2026-01-23 23:30:47,812] [INFO] [TRAIN] Epoch 5 Loss: 0.9555
[2026-01-23 23:30:47,813] [INFO] [FIT] Local training finished. Avg Loss: 0.9576
[2026-01-23 23:31:27,817] [INFO] Model initialized on device: cuda:0
[2026-01-23 23:31:27,817] [INFO] [CLIENT INIT] Mode=KH | Sparsity=OFF (UsedSparsity=0) | Clusters=ON (UsedClusters=64) | EnvSparsityCfg={'Conv': 0.6, 'Linear': 0.6, 'Bias': 0.0, 'BatchNorm': 0.0} | EnvNClusters=64
[2026-01-23 23:31:30,355] [INFO] Model initialized on device: cuda:0
[2026-01-23 23:31:30,355] [INFO] [CLIENT INIT] Mode=KH | Sparsity=OFF (UsedSparsity=0) | Clusters=ON (UsedClusters=64) | EnvSparsityCfg={'Conv': 0.6, 'Linear': 0.6, 'Bias': 0.0, 'BatchNorm': 0.0} | EnvNClusters=64
[2026-01-23 23:31:31,281] [INFO] Model initialized on device: cuda:0
[2026-01-23 23:31:31,281] [INFO] [CLIENT INIT] Mode=KH | Sparsity=OFF (UsedSparsity=0) | Clusters=ON (UsedClusters=64) | EnvSparsityCfg={'Conv': 0.6, 'Linear': 0.6, 'Bias': 0.0, 'BatchNorm': 0.0} | EnvNClusters=64
[2026-01-23 23:31:32,207] [INFO] Model initialized on device: cuda:0
[2026-01-23 23:31:32,207] [INFO] [CLIENT INIT] Mode=KH | Sparsity=OFF (UsedSparsity=0) | Clusters=ON (UsedClusters=64) | EnvSparsityCfg={'Conv': 0.6, 'Linear': 0.6, 'Bias': 0.0, 'BatchNorm': 0.0} | EnvNClusters=64
[2026-01-23 23:31:32,471] [INFO] Model initialized on device: cuda:0
[2026-01-23 23:31:32,471] [INFO] [CLIENT INIT] Mode=KH | Sparsity=OFF (UsedSparsity=0) | Clusters=ON (UsedClusters=64) | EnvSparsityCfg={'Conv': 0.6, 'Linear': 0.6, 'Bias': 0.0, 'BatchNorm': 0.0} | EnvNClusters=64
[2026-01-23 23:31:32,511] [INFO] Model initialized on device: cuda:0
[2026-01-23 23:31:32,511] [INFO] [CLIENT INIT] Mode=KH | Sparsity=OFF (UsedSparsity=0) | Clusters=ON (UsedClusters=64) | EnvSparsityCfg={'Conv': 0.6, 'Linear': 0.6, 'Bias': 0.0, 'BatchNorm': 0.0} | EnvNClusters=64
[2026-01-23 23:31:32,528] [INFO] Model initialized on device: cuda:0
[2026-01-23 23:31:32,528] [INFO] [CLIENT INIT] Mode=KH | Sparsity=OFF (UsedSparsity=0) | Clusters=ON (UsedClusters=64) | EnvSparsityCfg={'Conv': 0.6, 'Linear': 0.6, 'Bias': 0.0, 'BatchNorm': 0.0} | EnvNClusters=64
[2026-01-23 23:31:32,531] [INFO] Model initialized on device: cuda:0
[2026-01-23 23:31:32,531] [INFO] [CLIENT INIT] Mode=KH | Sparsity=OFF (UsedSparsity=0) | Clusters=ON (UsedClusters=64) | EnvSparsityCfg={'Conv': 0.6, 'Linear': 0.6, 'Bias': 0.0, 'BatchNorm': 0.0} | EnvNClusters=64
[2026-01-23 23:31:32,708] [INFO] Model initialized on device: cuda:0
[2026-01-23 23:31:32,708] [INFO] [CLIENT INIT] Mode=KH | Sparsity=OFF (UsedSparsity=0) | Clusters=ON (UsedClusters=64) | EnvSparsityCfg={'Conv': 0.6, 'Linear': 0.6, 'Bias': 0.0, 'BatchNorm': 0.0} | EnvNClusters=64
[2026-01-23 23:31:32,709] [INFO] Model initialized on device: cuda:0
[2026-01-23 23:31:32,709] [INFO] [CLIENT INIT] Mode=KH | Sparsity=OFF (UsedSparsity=0) | Clusters=ON (UsedClusters=64) | EnvSparsityCfg={'Conv': 0.6, 'Linear': 0.6, 'Bias': 0.0, 'BatchNorm': 0.0} | EnvNClusters=64
[2026-01-23 23:31:37,193] [DEBUG] [TEST] Batch 1 | Pred shape: torch.Size([256, 256, 160]) | Label shape: torch.Size([256, 256, 160])
[2026-01-23 23:31:37,252] [DEBUG] [TEST] Batch 2 | Pred shape: torch.Size([256, 256, 160]) | Label shape: torch.Size([256, 256, 160])
[2026-01-23 23:31:37,307] [DEBUG] [TEST] Batch 3 | Pred shape: torch.Size([256, 256, 160]) | Label shape: torch.Size([256, 256, 160])
[2026-01-23 23:31:37,362] [DEBUG] [TEST] Batch 4 | Pred shape: torch.Size([256, 256, 160]) | Label shape: torch.Size([256, 256, 160])
[2026-01-23 23:31:37,418] [DEBUG] [TEST] Batch 5 | Pred shape: torch.Size([256, 256, 160]) | Label shape: torch.Size([256, 256, 160])
[2026-01-23 23:31:37,472] [DEBUG] [TEST] Batch 6 | Pred shape: torch.Size([256, 256, 160]) | Label shape: torch.Size([256, 256, 160])
[2026-01-23 23:31:37,527] [DEBUG] [TEST] Batch 7 | Pred shape: torch.Size([256, 256, 160]) | Label shape: torch.Size([256, 256, 160])
[2026-01-23 23:31:37,583] [DEBUG] [TEST] Batch 8 | Pred shape: torch.Size([256, 256, 160]) | Label shape: torch.Size([256, 256, 160])
[2026-01-23 23:31:37,638] [DEBUG] [TEST] Batch 9 | Pred shape: torch.Size([256, 256, 160]) | Label shape: torch.Size([256, 256, 160])
[2026-01-23 23:31:37,697] [DEBUG] [TEST] Batch 10 | Pred shape: torch.Size([256, 256, 160]) | Label shape: torch.Size([256, 256, 160])
[2026-01-23 23:31:41,472] [INFO] [FIT] Final model saved to: Revision2/Run_UNET_IID_KH64_20260123/Client4/model_final.pth
[2026-01-23 23:31:59,492] [INFO] [COMM][CLIENT] Round=-1 Mode=KH UsedSparsity=0 UsedClusters=64 BaselineBits=154016352.0 CompressedBits=123207322.0 CR=1.250
[2026-01-23 23:32:48,815] [INFO] [EVALUATE] Starting evaluation...
[2026-01-23 23:32:51,310] [INFO] [DEBUG] Loaded compressed decoded weights.
[2026-01-23 23:33:58,354] [INFO] Model initialized on device: cuda:0
[2026-01-23 23:33:58,354] [INFO] [CLIENT INIT] Mode=KH | Sparsity=OFF (UsedSparsity=0) | Clusters=ON (UsedClusters=64) | EnvSparsityCfg={'Conv': 0.6, 'Linear': 0.6, 'Bias': 0.0, 'BatchNorm': 0.0} | EnvNClusters=64
[2026-01-23 23:33:59,038] [INFO] Model initialized on device: cuda:0
[2026-01-23 23:33:59,038] [INFO] [CLIENT INIT] Mode=KH | Sparsity=OFF (UsedSparsity=0) | Clusters=ON (UsedClusters=64) | EnvSparsityCfg={'Conv': 0.6, 'Linear': 0.6, 'Bias': 0.0, 'BatchNorm': 0.0} | EnvNClusters=64
[2026-01-23 23:33:59,518] [INFO] Model initialized on device: cuda:0
[2026-01-23 23:33:59,519] [INFO] [CLIENT INIT] Mode=KH | Sparsity=OFF (UsedSparsity=0) | Clusters=ON (UsedClusters=64) | EnvSparsityCfg={'Conv': 0.6, 'Linear': 0.6, 'Bias': 0.0, 'BatchNorm': 0.0} | EnvNClusters=64
[2026-01-23 23:33:59,828] [INFO] Model initialized on device: cuda:0
[2026-01-23 23:33:59,828] [INFO] [CLIENT INIT] Mode=KH | Sparsity=OFF (UsedSparsity=0) | Clusters=ON (UsedClusters=64) | EnvSparsityCfg={'Conv': 0.6, 'Linear': 0.6, 'Bias': 0.0, 'BatchNorm': 0.0} | EnvNClusters=64
[2026-01-23 23:33:59,834] [INFO] Model initialized on device: cuda:0
[2026-01-23 23:33:59,835] [INFO] [CLIENT INIT] Mode=KH | Sparsity=OFF (UsedSparsity=0) | Clusters=ON (UsedClusters=64) | EnvSparsityCfg={'Conv': 0.6, 'Linear': 0.6, 'Bias': 0.0, 'BatchNorm': 0.0} | EnvNClusters=64
[2026-01-23 23:33:59,914] [INFO] Model initialized on device: cuda:0
[2026-01-23 23:33:59,915] [INFO] [CLIENT INIT] Mode=KH | Sparsity=OFF (UsedSparsity=0) | Clusters=ON (UsedClusters=64) | EnvSparsityCfg={'Conv': 0.6, 'Linear': 0.6, 'Bias': 0.0, 'BatchNorm': 0.0} | EnvNClusters=64
[2026-01-23 23:33:59,919] [INFO] Model initialized on device: cuda:0
[2026-01-23 23:33:59,919] [INFO] [CLIENT INIT] Mode=KH | Sparsity=OFF (UsedSparsity=0) | Clusters=ON (UsedClusters=64) | EnvSparsityCfg={'Conv': 0.6, 'Linear': 0.6, 'Bias': 0.0, 'BatchNorm': 0.0} | EnvNClusters=64
[2026-01-23 23:33:59,924] [INFO] Model initialized on device: cuda:0
[2026-01-23 23:33:59,924] [INFO] [CLIENT INIT] Mode=KH | Sparsity=OFF (UsedSparsity=0) | Clusters=ON (UsedClusters=64) | EnvSparsityCfg={'Conv': 0.6, 'Linear': 0.6, 'Bias': 0.0, 'BatchNorm': 0.0} | EnvNClusters=64
[2026-01-23 23:33:59,939] [INFO] Model initialized on device: cuda:0
[2026-01-23 23:33:59,940] [INFO] [CLIENT INIT] Mode=KH | Sparsity=OFF (UsedSparsity=0) | Clusters=ON (UsedClusters=64) | EnvSparsityCfg={'Conv': 0.6, 'Linear': 0.6, 'Bias': 0.0, 'BatchNorm': 0.0} | EnvNClusters=64
[2026-01-23 23:34:00,023] [INFO] Model initialized on device: cuda:0
[2026-01-23 23:34:00,024] [INFO] [CLIENT INIT] Mode=KH | Sparsity=OFF (UsedSparsity=0) | Clusters=ON (UsedClusters=64) | EnvSparsityCfg={'Conv': 0.6, 'Linear': 0.6, 'Bias': 0.0, 'BatchNorm': 0.0} | EnvNClusters=64
[2026-01-23 23:34:03,516] [DEBUG] [TEST] Batch 1 | Pred shape: torch.Size([256, 256, 160]) | Label shape: torch.Size([256, 256, 160])
[2026-01-23 23:34:05,584] [DEBUG] [TEST] Batch 2 | Pred shape: torch.Size([256, 256, 160]) | Label shape: torch.Size([256, 256, 160])
[2026-01-23 23:34:05,828] [DEBUG] [TEST] Batch 3 | Pred shape: torch.Size([256, 256, 160]) | Label shape: torch.Size([256, 256, 160])
[2026-01-23 23:34:05,938] [DEBUG] [TEST] Batch 4 | Pred shape: torch.Size([256, 256, 160]) | Label shape: torch.Size([256, 256, 160])
[2026-01-23 23:34:06,118] [DEBUG] [TEST] Batch 5 | Pred shape: torch.Size([256, 256, 160]) | Label shape: torch.Size([256, 256, 160])
[2026-01-23 23:34:06,241] [DEBUG] [TEST] Batch 6 | Pred shape: torch.Size([256, 256, 160]) | Label shape: torch.Size([256, 256, 160])
[2026-01-23 23:34:06,371] [DEBUG] [TEST] Batch 7 | Pred shape: torch.Size([256, 256, 160]) | Label shape: torch.Size([256, 256, 160])
[2026-01-23 23:34:06,475] [DEBUG] [TEST] Batch 8 | Pred shape: torch.Size([256, 256, 160]) | Label shape: torch.Size([256, 256, 160])
[2026-01-23 23:34:06,541] [DEBUG] [TEST] Batch 9 | Pred shape: torch.Size([256, 256, 160]) | Label shape: torch.Size([256, 256, 160])
[2026-01-23 23:34:06,663] [DEBUG] [TEST] Batch 10 | Pred shape: torch.Size([256, 256, 160]) | Label shape: torch.Size([256, 256, 160])
[2026-01-23 23:34:11,953] [INFO] [EVALUATE] Dice WT: 0.2861
[2026-01-23 23:34:14,565] [INFO] [FIT] Received parameters. Starting local training...
[2026-01-23 23:34:15,709] [INFO] [DEBUG] Loaded compressed decoded weights.
[2026-01-23 23:35:25,917] [INFO] Model initialized on device: cuda:0
[2026-01-23 23:35:25,917] [INFO] [CLIENT INIT] Mode=KH | Sparsity=OFF (UsedSparsity=0) | Clusters=ON (UsedClusters=64) | EnvSparsityCfg={'Conv': 0.6, 'Linear': 0.6, 'Bias': 0.0, 'BatchNorm': 0.0} | EnvNClusters=64
[2026-01-23 23:35:26,157] [INFO] Model initialized on device: cuda:0
[2026-01-23 23:35:26,157] [INFO] [CLIENT INIT] Mode=KH | Sparsity=OFF (UsedSparsity=0) | Clusters=ON (UsedClusters=64) | EnvSparsityCfg={'Conv': 0.6, 'Linear': 0.6, 'Bias': 0.0, 'BatchNorm': 0.0} | EnvNClusters=64
[2026-01-23 23:35:26,573] [INFO] Model initialized on device: cuda:0
[2026-01-23 23:35:26,573] [INFO] [CLIENT INIT] Mode=KH | Sparsity=OFF (UsedSparsity=0) | Clusters=ON (UsedClusters=64) | EnvSparsityCfg={'Conv': 0.6, 'Linear': 0.6, 'Bias': 0.0, 'BatchNorm': 0.0} | EnvNClusters=64
[2026-01-23 23:35:26,575] [INFO] Model initialized on device: cuda:0
[2026-01-23 23:35:26,575] [INFO] [CLIENT INIT] Mode=KH | Sparsity=OFF (UsedSparsity=0) | Clusters=ON (UsedClusters=64) | EnvSparsityCfg={'Conv': 0.6, 'Linear': 0.6, 'Bias': 0.0, 'BatchNorm': 0.0} | EnvNClusters=64
[2026-01-23 23:35:27,243] [INFO] Model initialized on device: cuda:0
[2026-01-23 23:35:27,244] [INFO] [CLIENT INIT] Mode=KH | Sparsity=OFF (UsedSparsity=0) | Clusters=ON (UsedClusters=64) | EnvSparsityCfg={'Conv': 0.6, 'Linear': 0.6, 'Bias': 0.0, 'BatchNorm': 0.0} | EnvNClusters=64
[2026-01-23 23:35:27,620] [INFO] Model initialized on device: cuda:0
[2026-01-23 23:35:27,620] [INFO] [CLIENT INIT] Mode=KH | Sparsity=OFF (UsedSparsity=0) | Clusters=ON (UsedClusters=64) | EnvSparsityCfg={'Conv': 0.6, 'Linear': 0.6, 'Bias': 0.0, 'BatchNorm': 0.0} | EnvNClusters=64
[2026-01-23 23:35:27,628] [INFO] Model initialized on device: cuda:0
[2026-01-23 23:35:27,629] [INFO] [CLIENT INIT] Mode=KH | Sparsity=OFF (UsedSparsity=0) | Clusters=ON (UsedClusters=64) | EnvSparsityCfg={'Conv': 0.6, 'Linear': 0.6, 'Bias': 0.0, 'BatchNorm': 0.0} | EnvNClusters=64
[2026-01-23 23:35:27,810] [INFO] Model initialized on device: cuda:0
[2026-01-23 23:35:27,810] [INFO] [CLIENT INIT] Mode=KH | Sparsity=OFF (UsedSparsity=0) | Clusters=ON (UsedClusters=64) | EnvSparsityCfg={'Conv': 0.6, 'Linear': 0.6, 'Bias': 0.0, 'BatchNorm': 0.0} | EnvNClusters=64
[2026-01-23 23:35:27,909] [INFO] Model initialized on device: cuda:0
[2026-01-23 23:35:27,910] [INFO] [CLIENT INIT] Mode=KH | Sparsity=OFF (UsedSparsity=0) | Clusters=ON (UsedClusters=64) | EnvSparsityCfg={'Conv': 0.6, 'Linear': 0.6, 'Bias': 0.0, 'BatchNorm': 0.0} | EnvNClusters=64
[2026-01-23 23:35:27,914] [INFO] Model initialized on device: cuda:0
[2026-01-23 23:35:27,914] [INFO] [CLIENT INIT] Mode=KH | Sparsity=OFF (UsedSparsity=0) | Clusters=ON (UsedClusters=64) | EnvSparsityCfg={'Conv': 0.6, 'Linear': 0.6, 'Bias': 0.0, 'BatchNorm': 0.0} | EnvNClusters=64
[2026-01-23 23:36:37,210] [INFO] [TRAIN] Epoch 1 Loss: 0.9553
[2026-01-23 23:37:33,279] [INFO] Model initialized on device: cuda:0
[2026-01-23 23:37:33,279] [INFO] [CLIENT INIT] Mode=KH | Sparsity=OFF (UsedSparsity=0) | Clusters=ON (UsedClusters=64) | EnvSparsityCfg={'Conv': 0.6, 'Linear': 0.6, 'Bias': 0.0, 'BatchNorm': 0.0} | EnvNClusters=64
[2026-01-23 23:37:33,418] [INFO] Model initialized on device: cuda:0
[2026-01-23 23:37:33,418] [INFO] [CLIENT INIT] Mode=KH | Sparsity=OFF (UsedSparsity=0) | Clusters=ON (UsedClusters=64) | EnvSparsityCfg={'Conv': 0.6, 'Linear': 0.6, 'Bias': 0.0, 'BatchNorm': 0.0} | EnvNClusters=64
[2026-01-23 23:37:33,525] [INFO] Model initialized on device: cuda:0
[2026-01-23 23:37:33,525] [INFO] Model initialized on device: cuda:0
[2026-01-23 23:37:33,525] [INFO] [CLIENT INIT] Mode=KH | Sparsity=OFF (UsedSparsity=0) | Clusters=ON (UsedClusters=64) | EnvSparsityCfg={'Conv': 0.6, 'Linear': 0.6, 'Bias': 0.0, 'BatchNorm': 0.0} | EnvNClusters=64
[2026-01-23 23:37:33,525] [INFO] [CLIENT INIT] Mode=KH | Sparsity=OFF (UsedSparsity=0) | Clusters=ON (UsedClusters=64) | EnvSparsityCfg={'Conv': 0.6, 'Linear': 0.6, 'Bias': 0.0, 'BatchNorm': 0.0} | EnvNClusters=64
[2026-01-23 23:37:33,536] [INFO] Model initialized on device: cuda:0
[2026-01-23 23:37:33,537] [INFO] [CLIENT INIT] Mode=KH | Sparsity=OFF (UsedSparsity=0) | Clusters=ON (UsedClusters=64) | EnvSparsityCfg={'Conv': 0.6, 'Linear': 0.6, 'Bias': 0.0, 'BatchNorm': 0.0} | EnvNClusters=64
[2026-01-23 23:37:33,562] [INFO] Model initialized on device: cuda:0
[2026-01-23 23:37:33,563] [INFO] [CLIENT INIT] Mode=KH | Sparsity=OFF (UsedSparsity=0) | Clusters=ON (UsedClusters=64) | EnvSparsityCfg={'Conv': 0.6, 'Linear': 0.6, 'Bias': 0.0, 'BatchNorm': 0.0} | EnvNClusters=64
[2026-01-23 23:37:33,622] [INFO] Model initialized on device: cuda:0
[2026-01-23 23:37:33,622] [INFO] [CLIENT INIT] Mode=KH | Sparsity=OFF (UsedSparsity=0) | Clusters=ON (UsedClusters=64) | EnvSparsityCfg={'Conv': 0.6, 'Linear': 0.6, 'Bias': 0.0, 'BatchNorm': 0.0} | EnvNClusters=64
[2026-01-23 23:37:33,633] [INFO] Model initialized on device: cuda:0
[2026-01-23 23:37:33,633] [INFO] [CLIENT INIT] Mode=KH | Sparsity=OFF (UsedSparsity=0) | Clusters=ON (UsedClusters=64) | EnvSparsityCfg={'Conv': 0.6, 'Linear': 0.6, 'Bias': 0.0, 'BatchNorm': 0.0} | EnvNClusters=64
[2026-01-23 23:37:33,643] [INFO] Model initialized on device: cuda:0
[2026-01-23 23:37:33,644] [INFO] [CLIENT INIT] Mode=KH | Sparsity=OFF (UsedSparsity=0) | Clusters=ON (UsedClusters=64) | EnvSparsityCfg={'Conv': 0.6, 'Linear': 0.6, 'Bias': 0.0, 'BatchNorm': 0.0} | EnvNClusters=64
[2026-01-23 23:37:33,667] [INFO] Model initialized on device: cuda:0
[2026-01-23 23:37:33,667] [INFO] [CLIENT INIT] Mode=KH | Sparsity=OFF (UsedSparsity=0) | Clusters=ON (UsedClusters=64) | EnvSparsityCfg={'Conv': 0.6, 'Linear': 0.6, 'Bias': 0.0, 'BatchNorm': 0.0} | EnvNClusters=64
[2026-01-23 23:38:25,629] [INFO] [TRAIN] Epoch 2 Loss: 0.9546
[2026-01-23 23:39:03,109] [INFO] Model initialized on device: cuda:0
[2026-01-23 23:39:03,110] [INFO] [CLIENT INIT] Mode=KH | Sparsity=OFF (UsedSparsity=0) | Clusters=ON (UsedClusters=64) | EnvSparsityCfg={'Conv': 0.6, 'Linear': 0.6, 'Bias': 0.0, 'BatchNorm': 0.0} | EnvNClusters=64
[2026-01-23 23:39:03,519] [INFO] Model initialized on device: cuda:0
[2026-01-23 23:39:03,519] [INFO] [CLIENT INIT] Mode=KH | Sparsity=OFF (UsedSparsity=0) | Clusters=ON (UsedClusters=64) | EnvSparsityCfg={'Conv': 0.6, 'Linear': 0.6, 'Bias': 0.0, 'BatchNorm': 0.0} | EnvNClusters=64
[2026-01-23 23:39:03,612] [INFO] Model initialized on device: cuda:0
[2026-01-23 23:39:03,612] [INFO] [CLIENT INIT] Mode=KH | Sparsity=OFF (UsedSparsity=0) | Clusters=ON (UsedClusters=64) | EnvSparsityCfg={'Conv': 0.6, 'Linear': 0.6, 'Bias': 0.0, 'BatchNorm': 0.0} | EnvNClusters=64
[2026-01-23 23:39:03,826] [INFO] Model initialized on device: cuda:0
[2026-01-23 23:39:03,827] [INFO] [CLIENT INIT] Mode=KH | Sparsity=OFF (UsedSparsity=0) | Clusters=ON (UsedClusters=64) | EnvSparsityCfg={'Conv': 0.6, 'Linear': 0.6, 'Bias': 0.0, 'BatchNorm': 0.0} | EnvNClusters=64
[2026-01-23 23:39:03,831] [INFO] Model initialized on device: cuda:0
[2026-01-23 23:39:03,831] [INFO] [CLIENT INIT] Mode=KH | Sparsity=OFF (UsedSparsity=0) | Clusters=ON (UsedClusters=64) | EnvSparsityCfg={'Conv': 0.6, 'Linear': 0.6, 'Bias': 0.0, 'BatchNorm': 0.0} | EnvNClusters=64
[2026-01-23 23:39:03,927] [INFO] Model initialized on device: cuda:0
[2026-01-23 23:39:03,928] [INFO] [CLIENT INIT] Mode=KH | Sparsity=OFF (UsedSparsity=0) | Clusters=ON (UsedClusters=64) | EnvSparsityCfg={'Conv': 0.6, 'Linear': 0.6, 'Bias': 0.0, 'BatchNorm': 0.0} | EnvNClusters=64
[2026-01-23 23:39:03,930] [INFO] Model initialized on device: cuda:0
[2026-01-23 23:39:03,930] [INFO] [CLIENT INIT] Mode=KH | Sparsity=OFF (UsedSparsity=0) | Clusters=ON (UsedClusters=64) | EnvSparsityCfg={'Conv': 0.6, 'Linear': 0.6, 'Bias': 0.0, 'BatchNorm': 0.0} | EnvNClusters=64
[2026-01-23 23:39:03,936] [INFO] Model initialized on device: cuda:0
[2026-01-23 23:39:03,936] [INFO] [CLIENT INIT] Mode=KH | Sparsity=OFF (UsedSparsity=0) | Clusters=ON (UsedClusters=64) | EnvSparsityCfg={'Conv': 0.6, 'Linear': 0.6, 'Bias': 0.0, 'BatchNorm': 0.0} | EnvNClusters=64
[2026-01-23 23:39:03,939] [INFO] Model initialized on device: cuda:0
[2026-01-23 23:39:03,939] [INFO] [CLIENT INIT] Mode=KH | Sparsity=OFF (UsedSparsity=0) | Clusters=ON (UsedClusters=64) | EnvSparsityCfg={'Conv': 0.6, 'Linear': 0.6, 'Bias': 0.0, 'BatchNorm': 0.0} | EnvNClusters=64
[2026-01-23 23:39:03,939] [INFO] Model initialized on device: cuda:0
[2026-01-23 23:39:03,939] [INFO] [CLIENT INIT] Mode=KH | Sparsity=OFF (UsedSparsity=0) | Clusters=ON (UsedClusters=64) | EnvSparsityCfg={'Conv': 0.6, 'Linear': 0.6, 'Bias': 0.0, 'BatchNorm': 0.0} | EnvNClusters=64
[2026-01-23 23:40:02,637] [INFO] [TRAIN] Epoch 3 Loss: 0.9541
[2026-01-23 23:40:47,739] [INFO] Model initialized on device: cuda:0
[2026-01-23 23:40:47,739] [INFO] [CLIENT INIT] Mode=KH | Sparsity=OFF (UsedSparsity=0) | Clusters=ON (UsedClusters=64) | EnvSparsityCfg={'Conv': 0.6, 'Linear': 0.6, 'Bias': 0.0, 'BatchNorm': 0.0} | EnvNClusters=64
[2026-01-23 23:40:47,913] [INFO] Model initialized on device: cuda:0
[2026-01-23 23:40:47,913] [INFO] [CLIENT INIT] Mode=KH | Sparsity=OFF (UsedSparsity=0) | Clusters=ON (UsedClusters=64) | EnvSparsityCfg={'Conv': 0.6, 'Linear': 0.6, 'Bias': 0.0, 'BatchNorm': 0.0} | EnvNClusters=64
[2026-01-23 23:40:48,113] [INFO] Model initialized on device: cuda:0
[2026-01-23 23:40:48,113] [INFO] [CLIENT INIT] Mode=KH | Sparsity=OFF (UsedSparsity=0) | Clusters=ON (UsedClusters=64) | EnvSparsityCfg={'Conv': 0.6, 'Linear': 0.6, 'Bias': 0.0, 'BatchNorm': 0.0} | EnvNClusters=64
[2026-01-23 23:40:48,228] [INFO] Model initialized on device: cuda:0
[2026-01-23 23:40:48,229] [INFO] [CLIENT INIT] Mode=KH | Sparsity=OFF (UsedSparsity=0) | Clusters=ON (UsedClusters=64) | EnvSparsityCfg={'Conv': 0.6, 'Linear': 0.6, 'Bias': 0.0, 'BatchNorm': 0.0} | EnvNClusters=64
[2026-01-23 23:40:48,513] [INFO] Model initialized on device: cuda:0
[2026-01-23 23:40:48,514] [INFO] [CLIENT INIT] Mode=KH | Sparsity=OFF (UsedSparsity=0) | Clusters=ON (UsedClusters=64) | EnvSparsityCfg={'Conv': 0.6, 'Linear': 0.6, 'Bias': 0.0, 'BatchNorm': 0.0} | EnvNClusters=64
[2026-01-23 23:40:48,715] [INFO] Model initialized on device: cuda:0
[2026-01-23 23:40:48,716] [INFO] [CLIENT INIT] Mode=KH | Sparsity=OFF (UsedSparsity=0) | Clusters=ON (UsedClusters=64) | EnvSparsityCfg={'Conv': 0.6, 'Linear': 0.6, 'Bias': 0.0, 'BatchNorm': 0.0} | EnvNClusters=64
[2026-01-23 23:40:49,016] [INFO] Model initialized on device: cuda:0
[2026-01-23 23:40:49,016] [INFO] [CLIENT INIT] Mode=KH | Sparsity=OFF (UsedSparsity=0) | Clusters=ON (UsedClusters=64) | EnvSparsityCfg={'Conv': 0.6, 'Linear': 0.6, 'Bias': 0.0, 'BatchNorm': 0.0} | EnvNClusters=64
[2026-01-23 23:40:49,451] [INFO] Model initialized on device: cuda:0
[2026-01-23 23:40:49,451] [INFO] [CLIENT INIT] Mode=KH | Sparsity=OFF (UsedSparsity=0) | Clusters=ON (UsedClusters=64) | EnvSparsityCfg={'Conv': 0.6, 'Linear': 0.6, 'Bias': 0.0, 'BatchNorm': 0.0} | EnvNClusters=64
[2026-01-23 23:40:49,454] [INFO] Model initialized on device: cuda:0
[2026-01-23 23:40:49,455] [INFO] [CLIENT INIT] Mode=KH | Sparsity=OFF (UsedSparsity=0) | Clusters=ON (UsedClusters=64) | EnvSparsityCfg={'Conv': 0.6, 'Linear': 0.6, 'Bias': 0.0, 'BatchNorm': 0.0} | EnvNClusters=64
[2026-01-23 23:40:49,717] [INFO] Model initialized on device: cuda:0
[2026-01-23 23:40:49,717] [INFO] [CLIENT INIT] Mode=KH | Sparsity=OFF (UsedSparsity=0) | Clusters=ON (UsedClusters=64) | EnvSparsityCfg={'Conv': 0.6, 'Linear': 0.6, 'Bias': 0.0, 'BatchNorm': 0.0} | EnvNClusters=64
[2026-01-23 23:41:49,456] [INFO] [TRAIN] Epoch 4 Loss: 0.9537
[2026-01-23 23:42:22,015] [INFO] Model initialized on device: cuda:0
[2026-01-23 23:42:22,016] [INFO] [CLIENT INIT] Mode=KH | Sparsity=OFF (UsedSparsity=0) | Clusters=ON (UsedClusters=64) | EnvSparsityCfg={'Conv': 0.6, 'Linear': 0.6, 'Bias': 0.0, 'BatchNorm': 0.0} | EnvNClusters=64
[2026-01-23 23:42:25,129] [INFO] Model initialized on device: cuda:0
[2026-01-23 23:42:25,129] [INFO] [CLIENT INIT] Mode=KH | Sparsity=OFF (UsedSparsity=0) | Clusters=ON (UsedClusters=64) | EnvSparsityCfg={'Conv': 0.6, 'Linear': 0.6, 'Bias': 0.0, 'BatchNorm': 0.0} | EnvNClusters=64
[2026-01-23 23:42:27,138] [INFO] Model initialized on device: cuda:0
[2026-01-23 23:42:27,138] [INFO] [CLIENT INIT] Mode=KH | Sparsity=OFF (UsedSparsity=0) | Clusters=ON (UsedClusters=64) | EnvSparsityCfg={'Conv': 0.6, 'Linear': 0.6, 'Bias': 0.0, 'BatchNorm': 0.0} | EnvNClusters=64
[2026-01-23 23:42:29,116] [INFO] Model initialized on device: cuda:0
[2026-01-23 23:42:29,116] [INFO] [CLIENT INIT] Mode=KH | Sparsity=OFF (UsedSparsity=0) | Clusters=ON (UsedClusters=64) | EnvSparsityCfg={'Conv': 0.6, 'Linear': 0.6, 'Bias': 0.0, 'BatchNorm': 0.0} | EnvNClusters=64
[2026-01-23 23:42:32,527] [INFO] Model initialized on device: cuda:0
[2026-01-23 23:42:32,527] [INFO] [CLIENT INIT] Mode=KH | Sparsity=OFF (UsedSparsity=0) | Clusters=ON (UsedClusters=64) | EnvSparsityCfg={'Conv': 0.6, 'Linear': 0.6, 'Bias': 0.0, 'BatchNorm': 0.0} | EnvNClusters=64
[2026-01-23 23:42:33,009] [INFO] Model initialized on device: cuda:0
[2026-01-23 23:42:33,010] [INFO] [CLIENT INIT] Mode=KH | Sparsity=OFF (UsedSparsity=0) | Clusters=ON (UsedClusters=64) | EnvSparsityCfg={'Conv': 0.6, 'Linear': 0.6, 'Bias': 0.0, 'BatchNorm': 0.0} | EnvNClusters=64
[2026-01-23 23:42:33,011] [INFO] Model initialized on device: cuda:0
[2026-01-23 23:42:33,011] [INFO] [CLIENT INIT] Mode=KH | Sparsity=OFF (UsedSparsity=0) | Clusters=ON (UsedClusters=64) | EnvSparsityCfg={'Conv': 0.6, 'Linear': 0.6, 'Bias': 0.0, 'BatchNorm': 0.0} | EnvNClusters=64
[2026-01-23 23:42:33,130] [INFO] Model initialized on device: cuda:0
[2026-01-23 23:42:33,130] [INFO] [CLIENT INIT] Mode=KH | Sparsity=OFF (UsedSparsity=0) | Clusters=ON (UsedClusters=64) | EnvSparsityCfg={'Conv': 0.6, 'Linear': 0.6, 'Bias': 0.0, 'BatchNorm': 0.0} | EnvNClusters=64
[2026-01-23 23:42:33,134] [INFO] Model initialized on device: cuda:0
[2026-01-23 23:42:33,134] [INFO] [CLIENT INIT] Mode=KH | Sparsity=OFF (UsedSparsity=0) | Clusters=ON (UsedClusters=64) | EnvSparsityCfg={'Conv': 0.6, 'Linear': 0.6, 'Bias': 0.0, 'BatchNorm': 0.0} | EnvNClusters=64
[2026-01-23 23:42:33,135] [INFO] Model initialized on device: cuda:0
[2026-01-23 23:42:33,135] [INFO] [CLIENT INIT] Mode=KH | Sparsity=OFF (UsedSparsity=0) | Clusters=ON (UsedClusters=64) | EnvSparsityCfg={'Conv': 0.6, 'Linear': 0.6, 'Bias': 0.0, 'BatchNorm': 0.0} | EnvNClusters=64
[2026-01-23 23:43:34,925] [INFO] [TRAIN] Epoch 5 Loss: 0.9534
[2026-01-23 23:43:34,927] [INFO] [FIT] Local training finished. Avg Loss: 0.9542
[2026-01-23 23:44:14,415] [INFO] Model initialized on device: cuda:0
[2026-01-23 23:44:14,415] [INFO] [CLIENT INIT] Mode=KH | Sparsity=OFF (UsedSparsity=0) | Clusters=ON (UsedClusters=64) | EnvSparsityCfg={'Conv': 0.6, 'Linear': 0.6, 'Bias': 0.0, 'BatchNorm': 0.0} | EnvNClusters=64
[2026-01-23 23:44:15,031] [INFO] Model initialized on device: cuda:0
[2026-01-23 23:44:15,032] [INFO] [CLIENT INIT] Mode=KH | Sparsity=OFF (UsedSparsity=0) | Clusters=ON (UsedClusters=64) | EnvSparsityCfg={'Conv': 0.6, 'Linear': 0.6, 'Bias': 0.0, 'BatchNorm': 0.0} | EnvNClusters=64
[2026-01-23 23:44:16,315] [INFO] Model initialized on device: cuda:0
[2026-01-23 23:44:16,315] [INFO] [CLIENT INIT] Mode=KH | Sparsity=OFF (UsedSparsity=0) | Clusters=ON (UsedClusters=64) | EnvSparsityCfg={'Conv': 0.6, 'Linear': 0.6, 'Bias': 0.0, 'BatchNorm': 0.0} | EnvNClusters=64
[2026-01-23 23:44:18,021] [INFO] Model initialized on device: cuda:0
[2026-01-23 23:44:18,021] [INFO] [CLIENT INIT] Mode=KH | Sparsity=OFF (UsedSparsity=0) | Clusters=ON (UsedClusters=64) | EnvSparsityCfg={'Conv': 0.6, 'Linear': 0.6, 'Bias': 0.0, 'BatchNorm': 0.0} | EnvNClusters=64
[2026-01-23 23:44:18,235] [INFO] Model initialized on device: cuda:0
[2026-01-23 23:44:18,235] [INFO] [CLIENT INIT] Mode=KH | Sparsity=OFF (UsedSparsity=0) | Clusters=ON (UsedClusters=64) | EnvSparsityCfg={'Conv': 0.6, 'Linear': 0.6, 'Bias': 0.0, 'BatchNorm': 0.0} | EnvNClusters=64
[2026-01-23 23:44:18,324] [INFO] Model initialized on device: cuda:0
[2026-01-23 23:44:18,324] [INFO] [CLIENT INIT] Mode=KH | Sparsity=OFF (UsedSparsity=0) | Clusters=ON (UsedClusters=64) | EnvSparsityCfg={'Conv': 0.6, 'Linear': 0.6, 'Bias': 0.0, 'BatchNorm': 0.0} | EnvNClusters=64
[2026-01-23 23:44:18,325] [INFO] Model initialized on device: cuda:0
[2026-01-23 23:44:18,326] [INFO] [CLIENT INIT] Mode=KH | Sparsity=OFF (UsedSparsity=0) | Clusters=ON (UsedClusters=64) | EnvSparsityCfg={'Conv': 0.6, 'Linear': 0.6, 'Bias': 0.0, 'BatchNorm': 0.0} | EnvNClusters=64
[2026-01-23 23:44:18,337] [INFO] Model initialized on device: cuda:0
[2026-01-23 23:44:18,338] [INFO] [CLIENT INIT] Mode=KH | Sparsity=OFF (UsedSparsity=0) | Clusters=ON (UsedClusters=64) | EnvSparsityCfg={'Conv': 0.6, 'Linear': 0.6, 'Bias': 0.0, 'BatchNorm': 0.0} | EnvNClusters=64
[2026-01-23 23:44:18,411] [INFO] Model initialized on device: cuda:0
[2026-01-23 23:44:18,411] [INFO] [CLIENT INIT] Mode=KH | Sparsity=OFF (UsedSparsity=0) | Clusters=ON (UsedClusters=64) | EnvSparsityCfg={'Conv': 0.6, 'Linear': 0.6, 'Bias': 0.0, 'BatchNorm': 0.0} | EnvNClusters=64
[2026-01-23 23:44:18,412] [INFO] Model initialized on device: cuda:0
[2026-01-23 23:44:18,412] [INFO] [CLIENT INIT] Mode=KH | Sparsity=OFF (UsedSparsity=0) | Clusters=ON (UsedClusters=64) | EnvSparsityCfg={'Conv': 0.6, 'Linear': 0.6, 'Bias': 0.0, 'BatchNorm': 0.0} | EnvNClusters=64
[2026-01-23 23:44:25,713] [DEBUG] [TEST] Batch 1 | Pred shape: torch.Size([256, 256, 160]) | Label shape: torch.Size([256, 256, 160])
[2026-01-23 23:44:25,831] [DEBUG] [TEST] Batch 2 | Pred shape: torch.Size([256, 256, 160]) | Label shape: torch.Size([256, 256, 160])
[2026-01-23 23:44:26,111] [DEBUG] [TEST] Batch 3 | Pred shape: torch.Size([256, 256, 160]) | Label shape: torch.Size([256, 256, 160])
[2026-01-23 23:44:26,214] [DEBUG] [TEST] Batch 4 | Pred shape: torch.Size([256, 256, 160]) | Label shape: torch.Size([256, 256, 160])
[2026-01-23 23:44:26,570] [DEBUG] [TEST] Batch 5 | Pred shape: torch.Size([256, 256, 160]) | Label shape: torch.Size([256, 256, 160])
[2026-01-23 23:44:26,656] [DEBUG] [TEST] Batch 6 | Pred shape: torch.Size([256, 256, 160]) | Label shape: torch.Size([256, 256, 160])
[2026-01-23 23:44:26,831] [DEBUG] [TEST] Batch 7 | Pred shape: torch.Size([256, 256, 160]) | Label shape: torch.Size([256, 256, 160])
[2026-01-23 23:44:27,062] [DEBUG] [TEST] Batch 8 | Pred shape: torch.Size([256, 256, 160]) | Label shape: torch.Size([256, 256, 160])
[2026-01-23 23:44:27,345] [DEBUG] [TEST] Batch 9 | Pred shape: torch.Size([256, 256, 160]) | Label shape: torch.Size([256, 256, 160])
[2026-01-23 23:44:27,717] [DEBUG] [TEST] Batch 10 | Pred shape: torch.Size([256, 256, 160]) | Label shape: torch.Size([256, 256, 160])
[2026-01-23 23:44:33,907] [INFO] [FIT] Final model saved to: Revision2/Run_UNET_IID_KH64_20260123/Client4/model_final.pth
[2026-01-23 23:45:01,878] [INFO] [COMM][CLIENT] Round=-1 Mode=KH UsedSparsity=0 UsedClusters=64 BaselineBits=154016352.0 CompressedBits=123058581.0 CR=1.252
[2026-01-23 23:46:14,167] [INFO] [EVALUATE] Starting evaluation...
[2026-01-23 23:46:17,016] [INFO] [DEBUG] Loaded compressed decoded weights.
[2026-01-23 23:47:19,456] [INFO] Model initialized on device: cuda:0
[2026-01-23 23:47:19,456] [INFO] [CLIENT INIT] Mode=KH | Sparsity=OFF (UsedSparsity=0) | Clusters=ON (UsedClusters=64) | EnvSparsityCfg={'Conv': 0.6, 'Linear': 0.6, 'Bias': 0.0, 'BatchNorm': 0.0} | EnvNClusters=64
[2026-01-23 23:47:19,953] [INFO] Model initialized on device: cuda:0
[2026-01-23 23:47:19,954] [INFO] [CLIENT INIT] Mode=KH | Sparsity=OFF (UsedSparsity=0) | Clusters=ON (UsedClusters=64) | EnvSparsityCfg={'Conv': 0.6, 'Linear': 0.6, 'Bias': 0.0, 'BatchNorm': 0.0} | EnvNClusters=64
[2026-01-23 23:47:20,101] [INFO] Model initialized on device: cuda:0
[2026-01-23 23:47:20,101] [INFO] [CLIENT INIT] Mode=KH | Sparsity=OFF (UsedSparsity=0) | Clusters=ON (UsedClusters=64) | EnvSparsityCfg={'Conv': 0.6, 'Linear': 0.6, 'Bias': 0.0, 'BatchNorm': 0.0} | EnvNClusters=64
[2026-01-23 23:47:20,750] [INFO] Model initialized on device: cuda:0
[2026-01-23 23:47:20,751] [INFO] [CLIENT INIT] Mode=KH | Sparsity=OFF (UsedSparsity=0) | Clusters=ON (UsedClusters=64) | EnvSparsityCfg={'Conv': 0.6, 'Linear': 0.6, 'Bias': 0.0, 'BatchNorm': 0.0} | EnvNClusters=64
[2026-01-23 23:47:22,632] [INFO] Model initialized on device: cuda:0
[2026-01-23 23:47:22,632] [INFO] [CLIENT INIT] Mode=KH | Sparsity=OFF (UsedSparsity=0) | Clusters=ON (UsedClusters=64) | EnvSparsityCfg={'Conv': 0.6, 'Linear': 0.6, 'Bias': 0.0, 'BatchNorm': 0.0} | EnvNClusters=64
[2026-01-23 23:47:22,960] [INFO] Model initialized on device: cuda:0
[2026-01-23 23:47:22,960] [INFO] [CLIENT INIT] Mode=KH | Sparsity=OFF (UsedSparsity=0) | Clusters=ON (UsedClusters=64) | EnvSparsityCfg={'Conv': 0.6, 'Linear': 0.6, 'Bias': 0.0, 'BatchNorm': 0.0} | EnvNClusters=64
[2026-01-23 23:47:23,097] [INFO] Model initialized on device: cuda:0
[2026-01-23 23:47:23,097] [INFO] [CLIENT INIT] Mode=KH | Sparsity=OFF (UsedSparsity=0) | Clusters=ON (UsedClusters=64) | EnvSparsityCfg={'Conv': 0.6, 'Linear': 0.6, 'Bias': 0.0, 'BatchNorm': 0.0} | EnvNClusters=64
[2026-01-23 23:47:23,555] [INFO] Model initialized on device: cuda:0
[2026-01-23 23:47:23,555] [INFO] [CLIENT INIT] Mode=KH | Sparsity=OFF (UsedSparsity=0) | Clusters=ON (UsedClusters=64) | EnvSparsityCfg={'Conv': 0.6, 'Linear': 0.6, 'Bias': 0.0, 'BatchNorm': 0.0} | EnvNClusters=64
[2026-01-23 23:47:23,717] [INFO] Model initialized on device: cuda:0
[2026-01-23 23:47:23,717] [INFO] [CLIENT INIT] Mode=KH | Sparsity=OFF (UsedSparsity=0) | Clusters=ON (UsedClusters=64) | EnvSparsityCfg={'Conv': 0.6, 'Linear': 0.6, 'Bias': 0.0, 'BatchNorm': 0.0} | EnvNClusters=64
[2026-01-23 23:47:24,663] [INFO] Model initialized on device: cuda:0
[2026-01-23 23:47:24,664] [INFO] [CLIENT INIT] Mode=KH | Sparsity=OFF (UsedSparsity=0) | Clusters=ON (UsedClusters=64) | EnvSparsityCfg={'Conv': 0.6, 'Linear': 0.6, 'Bias': 0.0, 'BatchNorm': 0.0} | EnvNClusters=64
[2026-01-23 23:47:27,880] [DEBUG] [TEST] Batch 1 | Pred shape: torch.Size([256, 256, 160]) | Label shape: torch.Size([256, 256, 160])
[2026-01-23 23:47:27,935] [DEBUG] [TEST] Batch 2 | Pred shape: torch.Size([256, 256, 160]) | Label shape: torch.Size([256, 256, 160])
[2026-01-23 23:47:27,990] [DEBUG] [TEST] Batch 3 | Pred shape: torch.Size([256, 256, 160]) | Label shape: torch.Size([256, 256, 160])
[2026-01-23 23:47:28,046] [DEBUG] [TEST] Batch 4 | Pred shape: torch.Size([256, 256, 160]) | Label shape: torch.Size([256, 256, 160])
[2026-01-23 23:47:28,101] [DEBUG] [TEST] Batch 5 | Pred shape: torch.Size([256, 256, 160]) | Label shape: torch.Size([256, 256, 160])
[2026-01-23 23:47:28,206] [DEBUG] [TEST] Batch 6 | Pred shape: torch.Size([256, 256, 160]) | Label shape: torch.Size([256, 256, 160])
[2026-01-23 23:47:28,317] [DEBUG] [TEST] Batch 7 | Pred shape: torch.Size([256, 256, 160]) | Label shape: torch.Size([256, 256, 160])
[2026-01-23 23:47:28,383] [DEBUG] [TEST] Batch 8 | Pred shape: torch.Size([256, 256, 160]) | Label shape: torch.Size([256, 256, 160])
[2026-01-23 23:47:28,503] [DEBUG] [TEST] Batch 9 | Pred shape: torch.Size([256, 256, 160]) | Label shape: torch.Size([256, 256, 160])
[2026-01-23 23:47:28,623] [DEBUG] [TEST] Batch 10 | Pred shape: torch.Size([256, 256, 160]) | Label shape: torch.Size([256, 256, 160])
[2026-01-23 23:47:32,078] [INFO] [EVALUATE] Dice WT: 0.2686
[2026-01-23 23:47:34,032] [INFO] [FIT] Received parameters. Starting local training...
[2026-01-23 23:47:35,220] [INFO] [DEBUG] Loaded compressed decoded weights.
[2026-01-23 23:48:38,152] [INFO] Model initialized on device: cuda:0
[2026-01-23 23:48:38,152] [INFO] [CLIENT INIT] Mode=KH | Sparsity=OFF (UsedSparsity=0) | Clusters=ON (UsedClusters=64) | EnvSparsityCfg={'Conv': 0.6, 'Linear': 0.6, 'Bias': 0.0, 'BatchNorm': 0.0} | EnvNClusters=64
[2026-01-23 23:48:39,701] [INFO] Model initialized on device: cuda:0
[2026-01-23 23:48:39,701] [INFO] [CLIENT INIT] Mode=KH | Sparsity=OFF (UsedSparsity=0) | Clusters=ON (UsedClusters=64) | EnvSparsityCfg={'Conv': 0.6, 'Linear': 0.6, 'Bias': 0.0, 'BatchNorm': 0.0} | EnvNClusters=64
[2026-01-23 23:48:39,719] [INFO] Model initialized on device: cuda:0
[2026-01-23 23:48:39,719] [INFO] [CLIENT INIT] Mode=KH | Sparsity=OFF (UsedSparsity=0) | Clusters=ON (UsedClusters=64) | EnvSparsityCfg={'Conv': 0.6, 'Linear': 0.6, 'Bias': 0.0, 'BatchNorm': 0.0} | EnvNClusters=64
[2026-01-23 23:48:39,776] [INFO] Model initialized on device: cuda:0
[2026-01-23 23:48:39,776] [INFO] [CLIENT INIT] Mode=KH | Sparsity=OFF (UsedSparsity=0) | Clusters=ON (UsedClusters=64) | EnvSparsityCfg={'Conv': 0.6, 'Linear': 0.6, 'Bias': 0.0, 'BatchNorm': 0.0} | EnvNClusters=64
[2026-01-23 23:48:41,329] [INFO] Model initialized on device: cuda:0
[2026-01-23 23:48:41,329] [INFO] [CLIENT INIT] Mode=KH | Sparsity=OFF (UsedSparsity=0) | Clusters=ON (UsedClusters=64) | EnvSparsityCfg={'Conv': 0.6, 'Linear': 0.6, 'Bias': 0.0, 'BatchNorm': 0.0} | EnvNClusters=64
[2026-01-23 23:48:41,354] [INFO] Model initialized on device: cuda:0
[2026-01-23 23:48:41,355] [INFO] [CLIENT INIT] Mode=KH | Sparsity=OFF (UsedSparsity=0) | Clusters=ON (UsedClusters=64) | EnvSparsityCfg={'Conv': 0.6, 'Linear': 0.6, 'Bias': 0.0, 'BatchNorm': 0.0} | EnvNClusters=64
[2026-01-23 23:48:41,366] [INFO] Model initialized on device: cuda:0
[2026-01-23 23:48:41,366] [INFO] [CLIENT INIT] Mode=KH | Sparsity=OFF (UsedSparsity=0) | Clusters=ON (UsedClusters=64) | EnvSparsityCfg={'Conv': 0.6, 'Linear': 0.6, 'Bias': 0.0, 'BatchNorm': 0.0} | EnvNClusters=64
[2026-01-23 23:48:41,525] [INFO] Model initialized on device: cuda:0
[2026-01-23 23:48:41,525] [INFO] [CLIENT INIT] Mode=KH | Sparsity=OFF (UsedSparsity=0) | Clusters=ON (UsedClusters=64) | EnvSparsityCfg={'Conv': 0.6, 'Linear': 0.6, 'Bias': 0.0, 'BatchNorm': 0.0} | EnvNClusters=64
[2026-01-23 23:48:41,542] [INFO] Model initialized on device: cuda:0
[2026-01-23 23:48:41,542] [INFO] [CLIENT INIT] Mode=KH | Sparsity=OFF (UsedSparsity=0) | Clusters=ON (UsedClusters=64) | EnvSparsityCfg={'Conv': 0.6, 'Linear': 0.6, 'Bias': 0.0, 'BatchNorm': 0.0} | EnvNClusters=64
[2026-01-23 23:48:45,322] [INFO] Model initialized on device: cuda:0
[2026-01-23 23:48:45,322] [INFO] [CLIENT INIT] Mode=KH | Sparsity=OFF (UsedSparsity=0) | Clusters=ON (UsedClusters=64) | EnvSparsityCfg={'Conv': 0.6, 'Linear': 0.6, 'Bias': 0.0, 'BatchNorm': 0.0} | EnvNClusters=64
[2026-01-23 23:49:49,314] [INFO] [TRAIN] Epoch 1 Loss: 0.9533
[2026-01-23 23:50:39,212] [INFO] Model initialized on device: cuda:0
[2026-01-23 23:50:39,212] [INFO] [CLIENT INIT] Mode=KH | Sparsity=OFF (UsedSparsity=0) | Clusters=ON (UsedClusters=64) | EnvSparsityCfg={'Conv': 0.6, 'Linear': 0.6, 'Bias': 0.0, 'BatchNorm': 0.0} | EnvNClusters=64
[2026-01-23 23:50:39,326] [INFO] Model initialized on device: cuda:0
[2026-01-23 23:50:39,326] [INFO] [CLIENT INIT] Mode=KH | Sparsity=OFF (UsedSparsity=0) | Clusters=ON (UsedClusters=64) | EnvSparsityCfg={'Conv': 0.6, 'Linear': 0.6, 'Bias': 0.0, 'BatchNorm': 0.0} | EnvNClusters=64
[2026-01-23 23:50:39,512] [INFO] Model initialized on device: cuda:0
[2026-01-23 23:50:39,513] [INFO] [CLIENT INIT] Mode=KH | Sparsity=OFF (UsedSparsity=0) | Clusters=ON (UsedClusters=64) | EnvSparsityCfg={'Conv': 0.6, 'Linear': 0.6, 'Bias': 0.0, 'BatchNorm': 0.0} | EnvNClusters=64
[2026-01-23 23:50:39,530] [INFO] Model initialized on device: cuda:0
[2026-01-23 23:50:39,531] [INFO] [CLIENT INIT] Mode=KH | Sparsity=OFF (UsedSparsity=0) | Clusters=ON (UsedClusters=64) | EnvSparsityCfg={'Conv': 0.6, 'Linear': 0.6, 'Bias': 0.0, 'BatchNorm': 0.0} | EnvNClusters=64
[2026-01-23 23:50:39,532] [INFO] Model initialized on device: cuda:0
[2026-01-23 23:50:39,532] [INFO] [CLIENT INIT] Mode=KH | Sparsity=OFF (UsedSparsity=0) | Clusters=ON (UsedClusters=64) | EnvSparsityCfg={'Conv': 0.6, 'Linear': 0.6, 'Bias': 0.0, 'BatchNorm': 0.0} | EnvNClusters=64
[2026-01-23 23:50:39,612] [INFO] Model initialized on device: cuda:0
[2026-01-23 23:50:39,612] [INFO] [CLIENT INIT] Mode=KH | Sparsity=OFF (UsedSparsity=0) | Clusters=ON (UsedClusters=64) | EnvSparsityCfg={'Conv': 0.6, 'Linear': 0.6, 'Bias': 0.0, 'BatchNorm': 0.0} | EnvNClusters=64
[2026-01-23 23:50:39,638] [INFO] Model initialized on device: cuda:0
[2026-01-23 23:50:39,638] [INFO] [CLIENT INIT] Mode=KH | Sparsity=OFF (UsedSparsity=0) | Clusters=ON (UsedClusters=64) | EnvSparsityCfg={'Conv': 0.6, 'Linear': 0.6, 'Bias': 0.0, 'BatchNorm': 0.0} | EnvNClusters=64
[2026-01-23 23:50:39,711] [INFO] Model initialized on device: cuda:0
[2026-01-23 23:50:39,711] [INFO] [CLIENT INIT] Mode=KH | Sparsity=OFF (UsedSparsity=0) | Clusters=ON (UsedClusters=64) | EnvSparsityCfg={'Conv': 0.6, 'Linear': 0.6, 'Bias': 0.0, 'BatchNorm': 0.0} | EnvNClusters=64
[2026-01-23 23:50:39,714] [INFO] Model initialized on device: cuda:0
[2026-01-23 23:50:39,714] [INFO] [CLIENT INIT] Mode=KH | Sparsity=OFF (UsedSparsity=0) | Clusters=ON (UsedClusters=64) | EnvSparsityCfg={'Conv': 0.6, 'Linear': 0.6, 'Bias': 0.0, 'BatchNorm': 0.0} | EnvNClusters=64
[2026-01-23 23:50:39,732] [INFO] Model initialized on device: cuda:0
[2026-01-23 23:50:39,732] [INFO] [CLIENT INIT] Mode=KH | Sparsity=OFF (UsedSparsity=0) | Clusters=ON (UsedClusters=64) | EnvSparsityCfg={'Conv': 0.6, 'Linear': 0.6, 'Bias': 0.0, 'BatchNorm': 0.0} | EnvNClusters=64
[2026-01-23 23:51:28,040] [INFO] [TRAIN] Epoch 2 Loss: 0.9526
[2026-01-23 23:52:09,515] [INFO] Model initialized on device: cuda:0
[2026-01-23 23:52:09,515] [INFO] [CLIENT INIT] Mode=KH | Sparsity=OFF (UsedSparsity=0) | Clusters=ON (UsedClusters=64) | EnvSparsityCfg={'Conv': 0.6, 'Linear': 0.6, 'Bias': 0.0, 'BatchNorm': 0.0} | EnvNClusters=64
[2026-01-23 23:52:10,016] [INFO] Model initialized on device: cuda:0
[2026-01-23 23:52:10,016] [INFO] [CLIENT INIT] Mode=KH | Sparsity=OFF (UsedSparsity=0) | Clusters=ON (UsedClusters=64) | EnvSparsityCfg={'Conv': 0.6, 'Linear': 0.6, 'Bias': 0.0, 'BatchNorm': 0.0} | EnvNClusters=64
[2026-01-23 23:52:10,433] [INFO] Model initialized on device: cuda:0
[2026-01-23 23:52:10,433] [INFO] [CLIENT INIT] Mode=KH | Sparsity=OFF (UsedSparsity=0) | Clusters=ON (UsedClusters=64) | EnvSparsityCfg={'Conv': 0.6, 'Linear': 0.6, 'Bias': 0.0, 'BatchNorm': 0.0} | EnvNClusters=64
[2026-01-23 23:52:10,508] [INFO] Model initialized on device: cuda:0
[2026-01-23 23:52:10,508] [INFO] [CLIENT INIT] Mode=KH | Sparsity=OFF (UsedSparsity=0) | Clusters=ON (UsedClusters=64) | EnvSparsityCfg={'Conv': 0.6, 'Linear': 0.6, 'Bias': 0.0, 'BatchNorm': 0.0} | EnvNClusters=64
[2026-01-23 23:52:10,547] [INFO] Model initialized on device: cuda:0
[2026-01-23 23:52:10,547] [INFO] [CLIENT INIT] Mode=KH | Sparsity=OFF (UsedSparsity=0) | Clusters=ON (UsedClusters=64) | EnvSparsityCfg={'Conv': 0.6, 'Linear': 0.6, 'Bias': 0.0, 'BatchNorm': 0.0} | EnvNClusters=64
[2026-01-23 23:52:10,612] [INFO] Model initialized on device: cuda:0
[2026-01-23 23:52:10,612] [INFO] [CLIENT INIT] Mode=KH | Sparsity=OFF (UsedSparsity=0) | Clusters=ON (UsedClusters=64) | EnvSparsityCfg={'Conv': 0.6, 'Linear': 0.6, 'Bias': 0.0, 'BatchNorm': 0.0} | EnvNClusters=64
[2026-01-23 23:52:10,635] [INFO] Model initialized on device: cuda:0
[2026-01-23 23:52:10,635] [INFO] [CLIENT INIT] Mode=KH | Sparsity=OFF (UsedSparsity=0) | Clusters=ON (UsedClusters=64) | EnvSparsityCfg={'Conv': 0.6, 'Linear': 0.6, 'Bias': 0.0, 'BatchNorm': 0.0} | EnvNClusters=64
[2026-01-23 23:52:10,708] [INFO] Model initialized on device: cuda:0
[2026-01-23 23:52:10,708] [INFO] [CLIENT INIT] Mode=KH | Sparsity=OFF (UsedSparsity=0) | Clusters=ON (UsedClusters=64) | EnvSparsityCfg={'Conv': 0.6, 'Linear': 0.6, 'Bias': 0.0, 'BatchNorm': 0.0} | EnvNClusters=64
[2026-01-23 23:52:10,713] [INFO] Model initialized on device: cuda:0
[2026-01-23 23:52:10,713] [INFO] [CLIENT INIT] Mode=KH | Sparsity=OFF (UsedSparsity=0) | Clusters=ON (UsedClusters=64) | EnvSparsityCfg={'Conv': 0.6, 'Linear': 0.6, 'Bias': 0.0, 'BatchNorm': 0.0} | EnvNClusters=64
[2026-01-23 23:52:10,719] [INFO] Model initialized on device: cuda:0
[2026-01-23 23:52:10,720] [INFO] [CLIENT INIT] Mode=KH | Sparsity=OFF (UsedSparsity=0) | Clusters=ON (UsedClusters=64) | EnvSparsityCfg={'Conv': 0.6, 'Linear': 0.6, 'Bias': 0.0, 'BatchNorm': 0.0} | EnvNClusters=64
[2026-01-23 23:53:06,510] [INFO] [TRAIN] Epoch 3 Loss: 0.9522
[2026-01-23 23:53:51,533] [INFO] Model initialized on device: cuda:0
[2026-01-23 23:53:51,533] [INFO] [CLIENT INIT] Mode=KH | Sparsity=OFF (UsedSparsity=0) | Clusters=ON (UsedClusters=64) | EnvSparsityCfg={'Conv': 0.6, 'Linear': 0.6, 'Bias': 0.0, 'BatchNorm': 0.0} | EnvNClusters=64
[2026-01-23 23:53:51,610] [INFO] Model initialized on device: cuda:0
[2026-01-23 23:53:51,611] [INFO] [CLIENT INIT] Mode=KH | Sparsity=OFF (UsedSparsity=0) | Clusters=ON (UsedClusters=64) | EnvSparsityCfg={'Conv': 0.6, 'Linear': 0.6, 'Bias': 0.0, 'BatchNorm': 0.0} | EnvNClusters=64
[2026-01-23 23:53:51,639] [INFO] Model initialized on device: cuda:0
[2026-01-23 23:53:51,639] [INFO] [CLIENT INIT] Mode=KH | Sparsity=OFF (UsedSparsity=0) | Clusters=ON (UsedClusters=64) | EnvSparsityCfg={'Conv': 0.6, 'Linear': 0.6, 'Bias': 0.0, 'BatchNorm': 0.0} | EnvNClusters=64
[2026-01-23 23:53:52,117] [INFO] Model initialized on device: cuda:0
[2026-01-23 23:53:52,118] [INFO] [CLIENT INIT] Mode=KH | Sparsity=OFF (UsedSparsity=0) | Clusters=ON (UsedClusters=64) | EnvSparsityCfg={'Conv': 0.6, 'Linear': 0.6, 'Bias': 0.0, 'BatchNorm': 0.0} | EnvNClusters=64
[2026-01-23 23:53:52,215] [INFO] Model initialized on device: cuda:0
[2026-01-23 23:53:52,215] [INFO] [CLIENT INIT] Mode=KH | Sparsity=OFF (UsedSparsity=0) | Clusters=ON (UsedClusters=64) | EnvSparsityCfg={'Conv': 0.6, 'Linear': 0.6, 'Bias': 0.0, 'BatchNorm': 0.0} | EnvNClusters=64
[2026-01-23 23:53:52,217] [INFO] Model initialized on device: cuda:0
[2026-01-23 23:53:52,217] [INFO] [CLIENT INIT] Mode=KH | Sparsity=OFF (UsedSparsity=0) | Clusters=ON (UsedClusters=64) | EnvSparsityCfg={'Conv': 0.6, 'Linear': 0.6, 'Bias': 0.0, 'BatchNorm': 0.0} | EnvNClusters=64
[2026-01-23 23:53:53,115] [INFO] Model initialized on device: cuda:0
[2026-01-23 23:53:53,115] [INFO] [CLIENT INIT] Mode=KH | Sparsity=OFF (UsedSparsity=0) | Clusters=ON (UsedClusters=64) | EnvSparsityCfg={'Conv': 0.6, 'Linear': 0.6, 'Bias': 0.0, 'BatchNorm': 0.0} | EnvNClusters=64
[2026-01-23 23:53:53,212] [INFO] Model initialized on device: cuda:0
[2026-01-23 23:53:53,212] [INFO] [CLIENT INIT] Mode=KH | Sparsity=OFF (UsedSparsity=0) | Clusters=ON (UsedClusters=64) | EnvSparsityCfg={'Conv': 0.6, 'Linear': 0.6, 'Bias': 0.0, 'BatchNorm': 0.0} | EnvNClusters=64
[2026-01-23 23:53:53,227] [INFO] Model initialized on device: cuda:0
[2026-01-23 23:53:53,227] [INFO] [CLIENT INIT] Mode=KH | Sparsity=OFF (UsedSparsity=0) | Clusters=ON (UsedClusters=64) | EnvSparsityCfg={'Conv': 0.6, 'Linear': 0.6, 'Bias': 0.0, 'BatchNorm': 0.0} | EnvNClusters=64
[2026-01-23 23:53:53,426] [INFO] Model initialized on device: cuda:0
[2026-01-23 23:53:53,426] [INFO] [CLIENT INIT] Mode=KH | Sparsity=OFF (UsedSparsity=0) | Clusters=ON (UsedClusters=64) | EnvSparsityCfg={'Conv': 0.6, 'Linear': 0.6, 'Bias': 0.0, 'BatchNorm': 0.0} | EnvNClusters=64
[2026-01-23 23:54:52,409] [INFO] [TRAIN] Epoch 4 Loss: 0.9518
[2026-01-23 23:55:17,521] [INFO] Model initialized on device: cuda:0
[2026-01-23 23:55:17,521] [INFO] [CLIENT INIT] Mode=KH | Sparsity=OFF (UsedSparsity=0) | Clusters=ON (UsedClusters=64) | EnvSparsityCfg={'Conv': 0.6, 'Linear': 0.6, 'Bias': 0.0, 'BatchNorm': 0.0} | EnvNClusters=64
[2026-01-23 23:55:19,421] [INFO] Model initialized on device: cuda:0
[2026-01-23 23:55:19,421] [INFO] [CLIENT INIT] Mode=KH | Sparsity=OFF (UsedSparsity=0) | Clusters=ON (UsedClusters=64) | EnvSparsityCfg={'Conv': 0.6, 'Linear': 0.6, 'Bias': 0.0, 'BatchNorm': 0.0} | EnvNClusters=64
[2026-01-23 23:55:20,222] [INFO] Model initialized on device: cuda:0
[2026-01-23 23:55:20,223] [INFO] [CLIENT INIT] Mode=KH | Sparsity=OFF (UsedSparsity=0) | Clusters=ON (UsedClusters=64) | EnvSparsityCfg={'Conv': 0.6, 'Linear': 0.6, 'Bias': 0.0, 'BatchNorm': 0.0} | EnvNClusters=64
[2026-01-23 23:55:28,312] [INFO] Model initialized on device: cuda:0
[2026-01-23 23:55:28,312] [INFO] [CLIENT INIT] Mode=KH | Sparsity=OFF (UsedSparsity=0) | Clusters=ON (UsedClusters=64) | EnvSparsityCfg={'Conv': 0.6, 'Linear': 0.6, 'Bias': 0.0, 'BatchNorm': 0.0} | EnvNClusters=64
[2026-01-23 23:55:28,911] [INFO] Model initialized on device: cuda:0
[2026-01-23 23:55:28,912] [INFO] [CLIENT INIT] Mode=KH | Sparsity=OFF (UsedSparsity=0) | Clusters=ON (UsedClusters=64) | EnvSparsityCfg={'Conv': 0.6, 'Linear': 0.6, 'Bias': 0.0, 'BatchNorm': 0.0} | EnvNClusters=64
[2026-01-23 23:55:29,111] [INFO] Model initialized on device: cuda:0
[2026-01-23 23:55:29,111] [INFO] [CLIENT INIT] Mode=KH | Sparsity=OFF (UsedSparsity=0) | Clusters=ON (UsedClusters=64) | EnvSparsityCfg={'Conv': 0.6, 'Linear': 0.6, 'Bias': 0.0, 'BatchNorm': 0.0} | EnvNClusters=64
[2026-01-23 23:55:29,215] [INFO] Model initialized on device: cuda:0
[2026-01-23 23:55:29,215] [INFO] [CLIENT INIT] Mode=KH | Sparsity=OFF (UsedSparsity=0) | Clusters=ON (UsedClusters=64) | EnvSparsityCfg={'Conv': 0.6, 'Linear': 0.6, 'Bias': 0.0, 'BatchNorm': 0.0} | EnvNClusters=64
[2026-01-23 23:55:29,311] [INFO] Model initialized on device: cuda:0
[2026-01-23 23:55:29,311] [INFO] [CLIENT INIT] Mode=KH | Sparsity=OFF (UsedSparsity=0) | Clusters=ON (UsedClusters=64) | EnvSparsityCfg={'Conv': 0.6, 'Linear': 0.6, 'Bias': 0.0, 'BatchNorm': 0.0} | EnvNClusters=64
[2026-01-23 23:55:29,315] [INFO] Model initialized on device: cuda:0
[2026-01-23 23:55:29,315] [INFO] [CLIENT INIT] Mode=KH | Sparsity=OFF (UsedSparsity=0) | Clusters=ON (UsedClusters=64) | EnvSparsityCfg={'Conv': 0.6, 'Linear': 0.6, 'Bias': 0.0, 'BatchNorm': 0.0} | EnvNClusters=64
[2026-01-23 23:55:29,330] [INFO] Model initialized on device: cuda:0
[2026-01-23 23:55:29,330] [INFO] [CLIENT INIT] Mode=KH | Sparsity=OFF (UsedSparsity=0) | Clusters=ON (UsedClusters=64) | EnvSparsityCfg={'Conv': 0.6, 'Linear': 0.6, 'Bias': 0.0, 'BatchNorm': 0.0} | EnvNClusters=64
[2026-01-23 23:56:23,714] [INFO] [TRAIN] Epoch 5 Loss: 0.9513
[2026-01-23 23:56:23,715] [INFO] [FIT] Local training finished. Avg Loss: 0.9522
[2026-01-23 23:57:15,123] [INFO] Model initialized on device: cuda:0
[2026-01-23 23:57:15,123] [INFO] [CLIENT INIT] Mode=KH | Sparsity=OFF (UsedSparsity=0) | Clusters=ON (UsedClusters=64) | EnvSparsityCfg={'Conv': 0.6, 'Linear': 0.6, 'Bias': 0.0, 'BatchNorm': 0.0} | EnvNClusters=64
[2026-01-23 23:57:15,125] [INFO] Model initialized on device: cuda:0
[2026-01-23 23:57:15,125] [INFO] [CLIENT INIT] Mode=KH | Sparsity=OFF (UsedSparsity=0) | Clusters=ON (UsedClusters=64) | EnvSparsityCfg={'Conv': 0.6, 'Linear': 0.6, 'Bias': 0.0, 'BatchNorm': 0.0} | EnvNClusters=64
[2026-01-23 23:57:15,834] [INFO] Model initialized on device: cuda:0
[2026-01-23 23:57:15,834] [INFO] [CLIENT INIT] Mode=KH | Sparsity=OFF (UsedSparsity=0) | Clusters=ON (UsedClusters=64) | EnvSparsityCfg={'Conv': 0.6, 'Linear': 0.6, 'Bias': 0.0, 'BatchNorm': 0.0} | EnvNClusters=64
[2026-01-23 23:57:16,323] [INFO] Model initialized on device: cuda:0
[2026-01-23 23:57:16,324] [INFO] [CLIENT INIT] Mode=KH | Sparsity=OFF (UsedSparsity=0) | Clusters=ON (UsedClusters=64) | EnvSparsityCfg={'Conv': 0.6, 'Linear': 0.6, 'Bias': 0.0, 'BatchNorm': 0.0} | EnvNClusters=64
[2026-01-23 23:57:16,714] [INFO] Model initialized on device: cuda:0
[2026-01-23 23:57:16,715] [INFO] [CLIENT INIT] Mode=KH | Sparsity=OFF (UsedSparsity=0) | Clusters=ON (UsedClusters=64) | EnvSparsityCfg={'Conv': 0.6, 'Linear': 0.6, 'Bias': 0.0, 'BatchNorm': 0.0} | EnvNClusters=64
[2026-01-23 23:57:16,715] [INFO] Model initialized on device: cuda:0
[2026-01-23 23:57:16,715] [INFO] [CLIENT INIT] Mode=KH | Sparsity=OFF (UsedSparsity=0) | Clusters=ON (UsedClusters=64) | EnvSparsityCfg={'Conv': 0.6, 'Linear': 0.6, 'Bias': 0.0, 'BatchNorm': 0.0} | EnvNClusters=64
[2026-01-23 23:57:16,814] [INFO] Model initialized on device: cuda:0
[2026-01-23 23:57:16,814] [INFO] [CLIENT INIT] Mode=KH | Sparsity=OFF (UsedSparsity=0) | Clusters=ON (UsedClusters=64) | EnvSparsityCfg={'Conv': 0.6, 'Linear': 0.6, 'Bias': 0.0, 'BatchNorm': 0.0} | EnvNClusters=64
[2026-01-23 23:57:16,818] [INFO] Model initialized on device: cuda:0
[2026-01-23 23:57:16,818] [INFO] [CLIENT INIT] Mode=KH | Sparsity=OFF (UsedSparsity=0) | Clusters=ON (UsedClusters=64) | EnvSparsityCfg={'Conv': 0.6, 'Linear': 0.6, 'Bias': 0.0, 'BatchNorm': 0.0} | EnvNClusters=64
[2026-01-23 23:57:17,014] [INFO] Model initialized on device: cuda:0
[2026-01-23 23:57:17,014] [INFO] [CLIENT INIT] Mode=KH | Sparsity=OFF (UsedSparsity=0) | Clusters=ON (UsedClusters=64) | EnvSparsityCfg={'Conv': 0.6, 'Linear': 0.6, 'Bias': 0.0, 'BatchNorm': 0.0} | EnvNClusters=64
[2026-01-23 23:57:17,113] [INFO] Model initialized on device: cuda:0
[2026-01-23 23:57:17,113] [INFO] [CLIENT INIT] Mode=KH | Sparsity=OFF (UsedSparsity=0) | Clusters=ON (UsedClusters=64) | EnvSparsityCfg={'Conv': 0.6, 'Linear': 0.6, 'Bias': 0.0, 'BatchNorm': 0.0} | EnvNClusters=64
[2026-01-23 23:57:25,242] [DEBUG] [TEST] Batch 1 | Pred shape: torch.Size([256, 256, 160]) | Label shape: torch.Size([256, 256, 160])
[2026-01-23 23:57:25,515] [DEBUG] [TEST] Batch 2 | Pred shape: torch.Size([256, 256, 160]) | Label shape: torch.Size([256, 256, 160])
[2026-01-23 23:57:25,622] [DEBUG] [TEST] Batch 3 | Pred shape: torch.Size([256, 256, 160]) | Label shape: torch.Size([256, 256, 160])
[2026-01-23 23:57:25,817] [DEBUG] [TEST] Batch 4 | Pred shape: torch.Size([256, 256, 160]) | Label shape: torch.Size([256, 256, 160])
[2026-01-23 23:57:25,924] [DEBUG] [TEST] Batch 5 | Pred shape: torch.Size([256, 256, 160]) | Label shape: torch.Size([256, 256, 160])
[2026-01-23 23:57:26,014] [DEBUG] [TEST] Batch 6 | Pred shape: torch.Size([256, 256, 160]) | Label shape: torch.Size([256, 256, 160])
[2026-01-23 23:57:26,114] [DEBUG] [TEST] Batch 7 | Pred shape: torch.Size([256, 256, 160]) | Label shape: torch.Size([256, 256, 160])
[2026-01-23 23:57:26,214] [DEBUG] [TEST] Batch 8 | Pred shape: torch.Size([256, 256, 160]) | Label shape: torch.Size([256, 256, 160])
[2026-01-23 23:57:26,314] [DEBUG] [TEST] Batch 9 | Pred shape: torch.Size([256, 256, 160]) | Label shape: torch.Size([256, 256, 160])
[2026-01-23 23:57:26,414] [DEBUG] [TEST] Batch 10 | Pred shape: torch.Size([256, 256, 160]) | Label shape: torch.Size([256, 256, 160])
[2026-01-23 23:57:34,609] [INFO] [FIT] Final model saved to: Revision2/Run_UNET_IID_KH64_20260123/Client4/model_final.pth
[2026-01-23 23:58:06,050] [INFO] [COMM][CLIENT] Round=-1 Mode=KH UsedSparsity=0 UsedClusters=64 BaselineBits=154016352.0 CompressedBits=122809546.0 CR=1.254
[2026-01-23 23:59:24,313] [INFO] [EVALUATE] Starting evaluation...
[2026-01-23 23:59:25,812] [INFO] [DEBUG] Loaded compressed decoded weights.
[2026-01-24 00:00:39,020] [DEBUG] [TEST] Batch 1 | Pred shape: torch.Size([256, 256, 160]) | Label shape: torch.Size([256, 256, 160])
[2026-01-24 00:00:39,105] [DEBUG] [TEST] Batch 2 | Pred shape: torch.Size([256, 256, 160]) | Label shape: torch.Size([256, 256, 160])
[2026-01-24 00:00:39,161] [DEBUG] [TEST] Batch 3 | Pred shape: torch.Size([256, 256, 160]) | Label shape: torch.Size([256, 256, 160])
[2026-01-24 00:00:39,342] [DEBUG] [TEST] Batch 4 | Pred shape: torch.Size([256, 256, 160]) | Label shape: torch.Size([256, 256, 160])
[2026-01-24 00:00:39,478] [DEBUG] [TEST] Batch 5 | Pred shape: torch.Size([256, 256, 160]) | Label shape: torch.Size([256, 256, 160])
[2026-01-24 00:00:39,697] [DEBUG] [TEST] Batch 6 | Pred shape: torch.Size([256, 256, 160]) | Label shape: torch.Size([256, 256, 160])
[2026-01-24 00:00:40,032] [DEBUG] [TEST] Batch 7 | Pred shape: torch.Size([256, 256, 160]) | Label shape: torch.Size([256, 256, 160])
[2026-01-24 00:00:40,176] [DEBUG] [TEST] Batch 8 | Pred shape: torch.Size([256, 256, 160]) | Label shape: torch.Size([256, 256, 160])
[2026-01-24 00:00:40,417] [DEBUG] [TEST] Batch 9 | Pred shape: torch.Size([256, 256, 160]) | Label shape: torch.Size([256, 256, 160])
[2026-01-24 00:00:40,654] [DEBUG] [TEST] Batch 10 | Pred shape: torch.Size([256, 256, 160]) | Label shape: torch.Size([256, 256, 160])
[2026-01-24 00:00:48,714] [INFO] [EVALUATE] Dice WT: 0.3504
[2026-01-24 00:00:55,365] [INFO] [FIT] Received parameters. Starting local training...
[2026-01-24 00:00:56,617] [INFO] [DEBUG] Loaded compressed decoded weights.
[2026-01-24 00:03:16,083] [INFO] [TRAIN] Epoch 1 Loss: 0.9511
[2026-01-24 00:05:21,341] [INFO] [TRAIN] Epoch 2 Loss: 0.9506
[2026-01-24 00:07:19,217] [INFO] [TRAIN] Epoch 3 Loss: 0.9500
[2026-01-24 00:09:12,614] [INFO] [TRAIN] Epoch 4 Loss: 0.9493
[2026-01-24 00:10:54,870] [INFO] [TRAIN] Epoch 5 Loss: 0.9487
[2026-01-24 00:10:54,871] [INFO] [FIT] Local training finished. Avg Loss: 0.9499
[2026-01-24 00:11:30,743] [DEBUG] [TEST] Batch 1 | Pred shape: torch.Size([256, 256, 160]) | Label shape: torch.Size([256, 256, 160])
[2026-01-24 00:11:30,814] [DEBUG] [TEST] Batch 2 | Pred shape: torch.Size([256, 256, 160]) | Label shape: torch.Size([256, 256, 160])
[2026-01-24 00:11:31,315] [DEBUG] [TEST] Batch 3 | Pred shape: torch.Size([256, 256, 160]) | Label shape: torch.Size([256, 256, 160])
[2026-01-24 00:11:31,372] [DEBUG] [TEST] Batch 4 | Pred shape: torch.Size([256, 256, 160]) | Label shape: torch.Size([256, 256, 160])
[2026-01-24 00:11:31,542] [DEBUG] [TEST] Batch 5 | Pred shape: torch.Size([256, 256, 160]) | Label shape: torch.Size([256, 256, 160])
[2026-01-24 00:11:31,949] [DEBUG] [TEST] Batch 6 | Pred shape: torch.Size([256, 256, 160]) | Label shape: torch.Size([256, 256, 160])
[2026-01-24 00:11:32,040] [DEBUG] [TEST] Batch 7 | Pred shape: torch.Size([256, 256, 160]) | Label shape: torch.Size([256, 256, 160])
[2026-01-24 00:11:32,096] [DEBUG] [TEST] Batch 8 | Pred shape: torch.Size([256, 256, 160]) | Label shape: torch.Size([256, 256, 160])
[2026-01-24 00:11:32,155] [DEBUG] [TEST] Batch 9 | Pred shape: torch.Size([256, 256, 160]) | Label shape: torch.Size([256, 256, 160])
[2026-01-24 00:11:32,216] [DEBUG] [TEST] Batch 10 | Pred shape: torch.Size([256, 256, 160]) | Label shape: torch.Size([256, 256, 160])
[2026-01-24 00:11:35,529] [INFO] [FIT] Final model saved to: Revision2/Run_UNET_IID_KH64_20260123/Client4/model_final.pth
[2026-01-24 00:11:52,862] [INFO] [COMM][CLIENT] Round=-1 Mode=KH UsedSparsity=0 UsedClusters=64 BaselineBits=154016352.0 CompressedBits=122525913.0 CR=1.257
[2026-01-24 00:12:39,927] [INFO] [EVALUATE] Starting evaluation...
[2026-01-24 00:12:41,116] [INFO] [DEBUG] Loaded compressed decoded weights.
[2026-01-24 00:13:55,016] [DEBUG] [TEST] Batch 1 | Pred shape: torch.Size([256, 256, 160]) | Label shape: torch.Size([256, 256, 160])
[2026-01-24 00:13:55,115] [DEBUG] [TEST] Batch 2 | Pred shape: torch.Size([256, 256, 160]) | Label shape: torch.Size([256, 256, 160])
[2026-01-24 00:13:57,480] [DEBUG] [TEST] Batch 3 | Pred shape: torch.Size([256, 256, 160]) | Label shape: torch.Size([256, 256, 160])
[2026-01-24 00:13:57,690] [DEBUG] [TEST] Batch 4 | Pred shape: torch.Size([256, 256, 160]) | Label shape: torch.Size([256, 256, 160])
[2026-01-24 00:13:57,902] [DEBUG] [TEST] Batch 5 | Pred shape: torch.Size([256, 256, 160]) | Label shape: torch.Size([256, 256, 160])
[2026-01-24 00:13:58,051] [DEBUG] [TEST] Batch 6 | Pred shape: torch.Size([256, 256, 160]) | Label shape: torch.Size([256, 256, 160])
[2026-01-24 00:13:58,206] [DEBUG] [TEST] Batch 7 | Pred shape: torch.Size([256, 256, 160]) | Label shape: torch.Size([256, 256, 160])
[2026-01-24 00:13:58,379] [DEBUG] [TEST] Batch 8 | Pred shape: torch.Size([256, 256, 160]) | Label shape: torch.Size([256, 256, 160])
[2026-01-24 00:13:58,560] [DEBUG] [TEST] Batch 9 | Pred shape: torch.Size([256, 256, 160]) | Label shape: torch.Size([256, 256, 160])
[2026-01-24 00:13:58,673] [DEBUG] [TEST] Batch 10 | Pred shape: torch.Size([256, 256, 160]) | Label shape: torch.Size([256, 256, 160])
[2026-01-24 00:14:05,944] [INFO] [EVALUATE] Dice WT: 0.2628
[2026-01-24 00:14:12,450] [INFO] [FIT] Received parameters. Starting local training...
[2026-01-24 00:14:15,422] [INFO] [DEBUG] Loaded compressed decoded weights.
[2026-01-24 00:16:27,523] [INFO] [TRAIN] Epoch 1 Loss: 0.9479
[2026-01-24 00:18:19,220] [INFO] [TRAIN] Epoch 2 Loss: 0.9470
[2026-01-24 00:19:47,842] [INFO] [TRAIN] Epoch 3 Loss: 0.9461
[2026-01-24 00:21:29,921] [INFO] [TRAIN] Epoch 4 Loss: 0.9450
[2026-01-24 00:23:07,817] [INFO] [TRAIN] Epoch 5 Loss: 0.9440
[2026-01-24 00:23:07,818] [INFO] [FIT] Local training finished. Avg Loss: 0.9460
[2026-01-24 00:24:09,814] [DEBUG] [TEST] Batch 1 | Pred shape: torch.Size([256, 256, 160]) | Label shape: torch.Size([256, 256, 160])
[2026-01-24 00:24:10,907] [DEBUG] [TEST] Batch 2 | Pred shape: torch.Size([256, 256, 160]) | Label shape: torch.Size([256, 256, 160])
[2026-01-24 00:24:11,015] [DEBUG] [TEST] Batch 3 | Pred shape: torch.Size([256, 256, 160]) | Label shape: torch.Size([256, 256, 160])
[2026-01-24 00:24:12,312] [DEBUG] [TEST] Batch 4 | Pred shape: torch.Size([256, 256, 160]) | Label shape: torch.Size([256, 256, 160])
[2026-01-24 00:24:12,414] [DEBUG] [TEST] Batch 5 | Pred shape: torch.Size([256, 256, 160]) | Label shape: torch.Size([256, 256, 160])
[2026-01-24 00:24:12,515] [DEBUG] [TEST] Batch 6 | Pred shape: torch.Size([256, 256, 160]) | Label shape: torch.Size([256, 256, 160])
[2026-01-24 00:24:12,616] [DEBUG] [TEST] Batch 7 | Pred shape: torch.Size([256, 256, 160]) | Label shape: torch.Size([256, 256, 160])
[2026-01-24 00:24:12,714] [DEBUG] [TEST] Batch 8 | Pred shape: torch.Size([256, 256, 160]) | Label shape: torch.Size([256, 256, 160])
[2026-01-24 00:24:12,815] [DEBUG] [TEST] Batch 9 | Pred shape: torch.Size([256, 256, 160]) | Label shape: torch.Size([256, 256, 160])
[2026-01-24 00:24:12,915] [DEBUG] [TEST] Batch 10 | Pred shape: torch.Size([256, 256, 160]) | Label shape: torch.Size([256, 256, 160])
[2026-01-24 00:24:21,507] [INFO] [FIT] Final model saved to: Revision2/Run_UNET_IID_KH64_20260123/Client4/model_final.pth
[2026-01-24 00:24:56,815] [INFO] [COMM][CLIENT] Round=-1 Mode=KH UsedSparsity=0 UsedClusters=64 BaselineBits=154016352.0 CompressedBits=122390629.0 CR=1.258
[2026-01-24 00:26:26,345] [INFO] [EVALUATE] Starting evaluation...
[2026-01-24 00:26:27,517] [INFO] [DEBUG] Loaded compressed decoded weights.
[2026-01-24 00:27:44,016] [DEBUG] [TEST] Batch 1 | Pred shape: torch.Size([256, 256, 160]) | Label shape: torch.Size([256, 256, 160])
[2026-01-24 00:27:44,711] [DEBUG] [TEST] Batch 2 | Pred shape: torch.Size([256, 256, 160]) | Label shape: torch.Size([256, 256, 160])
[2026-01-24 00:27:44,891] [DEBUG] [TEST] Batch 3 | Pred shape: torch.Size([256, 256, 160]) | Label shape: torch.Size([256, 256, 160])
[2026-01-24 00:27:45,243] [DEBUG] [TEST] Batch 4 | Pred shape: torch.Size([256, 256, 160]) | Label shape: torch.Size([256, 256, 160])
[2026-01-24 00:27:45,431] [DEBUG] [TEST] Batch 5 | Pred shape: torch.Size([256, 256, 160]) | Label shape: torch.Size([256, 256, 160])
[2026-01-24 00:27:45,576] [DEBUG] [TEST] Batch 6 | Pred shape: torch.Size([256, 256, 160]) | Label shape: torch.Size([256, 256, 160])
[2026-01-24 00:27:45,812] [DEBUG] [TEST] Batch 7 | Pred shape: torch.Size([256, 256, 160]) | Label shape: torch.Size([256, 256, 160])
[2026-01-24 00:27:46,060] [DEBUG] [TEST] Batch 8 | Pred shape: torch.Size([256, 256, 160]) | Label shape: torch.Size([256, 256, 160])
[2026-01-24 00:27:46,306] [DEBUG] [TEST] Batch 9 | Pred shape: torch.Size([256, 256, 160]) | Label shape: torch.Size([256, 256, 160])
[2026-01-24 00:27:46,550] [DEBUG] [TEST] Batch 10 | Pred shape: torch.Size([256, 256, 160]) | Label shape: torch.Size([256, 256, 160])
[2026-01-24 00:27:55,071] [INFO] [EVALUATE] Dice WT: 0.5503
[2026-01-24 00:28:02,613] [INFO] [FIT] Received parameters. Starting local training...
[2026-01-24 00:28:04,214] [INFO] [DEBUG] Loaded compressed decoded weights.
[2026-01-24 00:30:19,728] [INFO] [TRAIN] Epoch 1 Loss: 0.9427
[2026-01-24 00:32:26,262] [INFO] [TRAIN] Epoch 2 Loss: 0.9412
[2026-01-24 00:34:33,731] [INFO] [TRAIN] Epoch 3 Loss: 0.9392
[2026-01-24 00:36:39,313] [INFO] [TRAIN] Epoch 4 Loss: 0.9374
[2026-01-24 00:38:40,651] [INFO] [TRAIN] Epoch 5 Loss: 0.9355
[2026-01-24 00:38:40,708] [INFO] [FIT] Local training finished. Avg Loss: 0.9392
[2026-01-24 00:39:42,544] [DEBUG] [TEST] Batch 1 | Pred shape: torch.Size([256, 256, 160]) | Label shape: torch.Size([256, 256, 160])
[2026-01-24 00:39:42,616] [DEBUG] [TEST] Batch 2 | Pred shape: torch.Size([256, 256, 160]) | Label shape: torch.Size([256, 256, 160])
[2026-01-24 00:39:42,739] [DEBUG] [TEST] Batch 3 | Pred shape: torch.Size([256, 256, 160]) | Label shape: torch.Size([256, 256, 160])
[2026-01-24 00:39:42,814] [DEBUG] [TEST] Batch 4 | Pred shape: torch.Size([256, 256, 160]) | Label shape: torch.Size([256, 256, 160])
[2026-01-24 00:39:42,869] [DEBUG] [TEST] Batch 5 | Pred shape: torch.Size([256, 256, 160]) | Label shape: torch.Size([256, 256, 160])
[2026-01-24 00:39:42,954] [DEBUG] [TEST] Batch 6 | Pred shape: torch.Size([256, 256, 160]) | Label shape: torch.Size([256, 256, 160])
[2026-01-24 00:39:43,183] [DEBUG] [TEST] Batch 7 | Pred shape: torch.Size([256, 256, 160]) | Label shape: torch.Size([256, 256, 160])
[2026-01-24 00:39:43,239] [DEBUG] [TEST] Batch 8 | Pred shape: torch.Size([256, 256, 160]) | Label shape: torch.Size([256, 256, 160])
[2026-01-24 00:39:43,298] [DEBUG] [TEST] Batch 9 | Pred shape: torch.Size([256, 256, 160]) | Label shape: torch.Size([256, 256, 160])
[2026-01-24 00:39:43,355] [DEBUG] [TEST] Batch 10 | Pred shape: torch.Size([256, 256, 160]) | Label shape: torch.Size([256, 256, 160])
[2026-01-24 00:39:47,552] [INFO] [FIT] Final model saved to: Revision2/Run_UNET_IID_KH64_20260123/Client4/model_final.pth
[2026-01-24 00:40:06,307] [INFO] [COMM][CLIENT] Round=-1 Mode=KH UsedSparsity=0 UsedClusters=64 BaselineBits=154016352.0 CompressedBits=122160132.0 CR=1.261
[2026-01-24 00:40:58,943] [INFO] [EVALUATE] Starting evaluation...
[2026-01-24 00:41:00,514] [INFO] [DEBUG] Loaded compressed decoded weights.
[2026-01-24 00:42:11,126] [DEBUG] [TEST] Batch 1 | Pred shape: torch.Size([256, 256, 160]) | Label shape: torch.Size([256, 256, 160])
[2026-01-24 00:42:11,290] [DEBUG] [TEST] Batch 2 | Pred shape: torch.Size([256, 256, 160]) | Label shape: torch.Size([256, 256, 160])
[2026-01-24 00:42:11,422] [DEBUG] [TEST] Batch 3 | Pred shape: torch.Size([256, 256, 160]) | Label shape: torch.Size([256, 256, 160])
[2026-01-24 00:42:11,534] [DEBUG] [TEST] Batch 4 | Pred shape: torch.Size([256, 256, 160]) | Label shape: torch.Size([256, 256, 160])
[2026-01-24 00:42:11,660] [DEBUG] [TEST] Batch 5 | Pred shape: torch.Size([256, 256, 160]) | Label shape: torch.Size([256, 256, 160])
[2026-01-24 00:42:11,715] [DEBUG] [TEST] Batch 6 | Pred shape: torch.Size([256, 256, 160]) | Label shape: torch.Size([256, 256, 160])
[2026-01-24 00:42:11,774] [DEBUG] [TEST] Batch 7 | Pred shape: torch.Size([256, 256, 160]) | Label shape: torch.Size([256, 256, 160])
[2026-01-24 00:42:11,917] [DEBUG] [TEST] Batch 8 | Pred shape: torch.Size([256, 256, 160]) | Label shape: torch.Size([256, 256, 160])
[2026-01-24 00:42:12,018] [DEBUG] [TEST] Batch 9 | Pred shape: torch.Size([256, 256, 160]) | Label shape: torch.Size([256, 256, 160])
[2026-01-24 00:42:12,074] [DEBUG] [TEST] Batch 10 | Pred shape: torch.Size([256, 256, 160]) | Label shape: torch.Size([256, 256, 160])
[2026-01-24 00:42:16,841] [INFO] [EVALUATE] Dice WT: 0.6878
[2026-01-24 00:42:19,185] [INFO] [FIT] Received parameters. Starting local training...
[2026-01-24 00:42:20,217] [INFO] [DEBUG] Loaded compressed decoded weights.
[2026-01-24 00:44:36,113] [INFO] [TRAIN] Epoch 1 Loss: 0.9331
[2026-01-24 00:46:26,409] [INFO] [TRAIN] Epoch 2 Loss: 0.9307
[2026-01-24 00:48:02,218] [INFO] [TRAIN] Epoch 3 Loss: 0.9281
[2026-01-24 00:49:46,219] [INFO] [TRAIN] Epoch 4 Loss: 0.9256
[2026-01-24 00:51:31,167] [INFO] [TRAIN] Epoch 5 Loss: 0.9227
[2026-01-24 00:51:31,168] [INFO] [FIT] Local training finished. Avg Loss: 0.9280
[2026-01-24 00:52:18,345] [DEBUG] [TEST] Batch 1 | Pred shape: torch.Size([256, 256, 160]) | Label shape: torch.Size([256, 256, 160])
[2026-01-24 00:52:18,414] [DEBUG] [TEST] Batch 2 | Pred shape: torch.Size([256, 256, 160]) | Label shape: torch.Size([256, 256, 160])
[2026-01-24 00:52:18,469] [DEBUG] [TEST] Batch 3 | Pred shape: torch.Size([256, 256, 160]) | Label shape: torch.Size([256, 256, 160])
[2026-01-24 00:52:18,525] [DEBUG] [TEST] Batch 4 | Pred shape: torch.Size([256, 256, 160]) | Label shape: torch.Size([256, 256, 160])
[2026-01-24 00:52:18,580] [DEBUG] [TEST] Batch 5 | Pred shape: torch.Size([256, 256, 160]) | Label shape: torch.Size([256, 256, 160])
[2026-01-24 00:52:18,655] [DEBUG] [TEST] Batch 6 | Pred shape: torch.Size([256, 256, 160]) | Label shape: torch.Size([256, 256, 160])
[2026-01-24 00:52:18,715] [DEBUG] [TEST] Batch 7 | Pred shape: torch.Size([256, 256, 160]) | Label shape: torch.Size([256, 256, 160])
[2026-01-24 00:52:18,777] [DEBUG] [TEST] Batch 8 | Pred shape: torch.Size([256, 256, 160]) | Label shape: torch.Size([256, 256, 160])
[2026-01-24 00:52:18,843] [DEBUG] [TEST] Batch 9 | Pred shape: torch.Size([256, 256, 160]) | Label shape: torch.Size([256, 256, 160])
[2026-01-24 00:52:18,907] [DEBUG] [TEST] Batch 10 | Pred shape: torch.Size([256, 256, 160]) | Label shape: torch.Size([256, 256, 160])
[2026-01-24 00:52:24,956] [INFO] [FIT] Final model saved to: Revision2/Run_UNET_IID_KH64_20260123/Client4/model_final.pth
[2026-01-24 00:52:54,303] [INFO] [COMM][CLIENT] Round=-1 Mode=KH UsedSparsity=0 UsedClusters=64 BaselineBits=154016352.0 CompressedBits=122407979.0 CR=1.258
[2026-01-24 00:54:04,469] [INFO] [EVALUATE] Starting evaluation...
[2026-01-24 00:54:06,318] [INFO] [DEBUG] Loaded compressed decoded weights.
[2026-01-24 00:55:17,061] [DEBUG] [TEST] Batch 1 | Pred shape: torch.Size([256, 256, 160]) | Label shape: torch.Size([256, 256, 160])
[2026-01-24 00:55:18,142] [DEBUG] [TEST] Batch 2 | Pred shape: torch.Size([256, 256, 160]) | Label shape: torch.Size([256, 256, 160])
[2026-01-24 00:55:19,666] [DEBUG] [TEST] Batch 3 | Pred shape: torch.Size([256, 256, 160]) | Label shape: torch.Size([256, 256, 160])
[2026-01-24 00:55:19,788] [DEBUG] [TEST] Batch 4 | Pred shape: torch.Size([256, 256, 160]) | Label shape: torch.Size([256, 256, 160])
[2026-01-24 00:55:19,907] [DEBUG] [TEST] Batch 5 | Pred shape: torch.Size([256, 256, 160]) | Label shape: torch.Size([256, 256, 160])
[2026-01-24 00:55:20,025] [DEBUG] [TEST] Batch 6 | Pred shape: torch.Size([256, 256, 160]) | Label shape: torch.Size([256, 256, 160])
[2026-01-24 00:55:20,144] [DEBUG] [TEST] Batch 7 | Pred shape: torch.Size([256, 256, 160]) | Label shape: torch.Size([256, 256, 160])
[2026-01-24 00:55:20,268] [DEBUG] [TEST] Batch 8 | Pred shape: torch.Size([256, 256, 160]) | Label shape: torch.Size([256, 256, 160])
[2026-01-24 00:55:20,393] [DEBUG] [TEST] Batch 9 | Pred shape: torch.Size([256, 256, 160]) | Label shape: torch.Size([256, 256, 160])
[2026-01-24 00:55:20,449] [DEBUG] [TEST] Batch 10 | Pred shape: torch.Size([256, 256, 160]) | Label shape: torch.Size([256, 256, 160])
[2026-01-24 00:55:24,194] [INFO] [EVALUATE] Dice WT: 0.6547
[2026-01-24 00:55:31,818] [INFO] [FIT] Received parameters. Starting local training...
[2026-01-24 00:55:33,216] [INFO] [DEBUG] Loaded compressed decoded weights.
[2026-01-24 00:57:44,772] [INFO] [TRAIN] Epoch 1 Loss: 0.9198
[2026-01-24 00:59:55,909] [INFO] [TRAIN] Epoch 2 Loss: 0.9166
[2026-01-24 01:01:41,814] [INFO] [TRAIN] Epoch 3 Loss: 0.9128
[2026-01-24 01:03:12,845] [INFO] [TRAIN] Epoch 4 Loss: 0.9091
[2026-01-24 01:04:53,779] [INFO] [TRAIN] Epoch 5 Loss: 0.9052
[2026-01-24 01:04:53,780] [INFO] [FIT] Local training finished. Avg Loss: 0.9127
[2026-01-24 01:05:36,716] [DEBUG] [TEST] Batch 1 | Pred shape: torch.Size([256, 256, 160]) | Label shape: torch.Size([256, 256, 160])
[2026-01-24 01:05:37,625] [DEBUG] [TEST] Batch 2 | Pred shape: torch.Size([256, 256, 160]) | Label shape: torch.Size([256, 256, 160])
[2026-01-24 01:05:38,726] [DEBUG] [TEST] Batch 3 | Pred shape: torch.Size([256, 256, 160]) | Label shape: torch.Size([256, 256, 160])
[2026-01-24 01:05:38,814] [DEBUG] [TEST] Batch 4 | Pred shape: torch.Size([256, 256, 160]) | Label shape: torch.Size([256, 256, 160])
[2026-01-24 01:05:38,914] [DEBUG] [TEST] Batch 5 | Pred shape: torch.Size([256, 256, 160]) | Label shape: torch.Size([256, 256, 160])
[2026-01-24 01:05:39,015] [DEBUG] [TEST] Batch 6 | Pred shape: torch.Size([256, 256, 160]) | Label shape: torch.Size([256, 256, 160])
[2026-01-24 01:05:39,114] [DEBUG] [TEST] Batch 7 | Pred shape: torch.Size([256, 256, 160]) | Label shape: torch.Size([256, 256, 160])
[2026-01-24 01:05:39,239] [DEBUG] [TEST] Batch 8 | Pred shape: torch.Size([256, 256, 160]) | Label shape: torch.Size([256, 256, 160])
[2026-01-24 01:05:39,428] [DEBUG] [TEST] Batch 9 | Pred shape: torch.Size([256, 256, 160]) | Label shape: torch.Size([256, 256, 160])
[2026-01-24 01:05:39,608] [DEBUG] [TEST] Batch 10 | Pred shape: torch.Size([256, 256, 160]) | Label shape: torch.Size([256, 256, 160])
[2026-01-24 01:05:46,110] [INFO] [FIT] Final model saved to: Revision2/Run_UNET_IID_KH64_20260123/Client4/model_final.pth
[2026-01-24 01:06:16,941] [INFO] [COMM][CLIENT] Round=-1 Mode=KH UsedSparsity=0 UsedClusters=64 BaselineBits=154016352.0 CompressedBits=122286423.0 CR=1.259
[2026-01-24 01:07:31,016] [INFO] [EVALUATE] Starting evaluation...
[2026-01-24 01:07:33,310] [INFO] [DEBUG] Loaded compressed decoded weights.
[2026-01-24 01:08:45,056] [DEBUG] [TEST] Batch 1 | Pred shape: torch.Size([256, 256, 160]) | Label shape: torch.Size([256, 256, 160])
[2026-01-24 01:08:45,486] [DEBUG] [TEST] Batch 2 | Pred shape: torch.Size([256, 256, 160]) | Label shape: torch.Size([256, 256, 160])
[2026-01-24 01:08:46,473] [DEBUG] [TEST] Batch 3 | Pred shape: torch.Size([256, 256, 160]) | Label shape: torch.Size([256, 256, 160])
[2026-01-24 01:08:46,598] [DEBUG] [TEST] Batch 4 | Pred shape: torch.Size([256, 256, 160]) | Label shape: torch.Size([256, 256, 160])
[2026-01-24 01:08:46,719] [DEBUG] [TEST] Batch 5 | Pred shape: torch.Size([256, 256, 160]) | Label shape: torch.Size([256, 256, 160])
[2026-01-24 01:08:46,847] [DEBUG] [TEST] Batch 6 | Pred shape: torch.Size([256, 256, 160]) | Label shape: torch.Size([256, 256, 160])
[2026-01-24 01:08:46,968] [DEBUG] [TEST] Batch 7 | Pred shape: torch.Size([256, 256, 160]) | Label shape: torch.Size([256, 256, 160])
[2026-01-24 01:08:47,027] [DEBUG] [TEST] Batch 8 | Pred shape: torch.Size([256, 256, 160]) | Label shape: torch.Size([256, 256, 160])
[2026-01-24 01:08:47,082] [DEBUG] [TEST] Batch 9 | Pred shape: torch.Size([256, 256, 160]) | Label shape: torch.Size([256, 256, 160])
[2026-01-24 01:08:47,140] [DEBUG] [TEST] Batch 10 | Pred shape: torch.Size([256, 256, 160]) | Label shape: torch.Size([256, 256, 160])
[2026-01-24 01:08:50,661] [INFO] [EVALUATE] Dice WT: 0.3048
[2026-01-24 01:08:56,068] [INFO] [FIT] Received parameters. Starting local training...
[2026-01-24 01:08:57,920] [INFO] [DEBUG] Loaded compressed decoded weights.
[2026-01-24 01:11:21,624] [INFO] [TRAIN] Epoch 1 Loss: 0.9007
[2026-01-24 01:13:36,495] [INFO] [TRAIN] Epoch 2 Loss: 0.8966
[2026-01-24 01:15:46,321] [INFO] [TRAIN] Epoch 3 Loss: 0.8913
[2026-01-24 01:17:42,215] [INFO] [TRAIN] Epoch 4 Loss: 0.8871
[2026-01-24 01:19:30,391] [INFO] [TRAIN] Epoch 5 Loss: 0.8810
[2026-01-24 01:19:30,393] [INFO] [FIT] Local training finished. Avg Loss: 0.8914
[2026-01-24 01:20:05,731] [DEBUG] [TEST] Batch 1 | Pred shape: torch.Size([256, 256, 160]) | Label shape: torch.Size([256, 256, 160])
[2026-01-24 01:20:05,789] [DEBUG] [TEST] Batch 2 | Pred shape: torch.Size([256, 256, 160]) | Label shape: torch.Size([256, 256, 160])
[2026-01-24 01:20:05,854] [DEBUG] [TEST] Batch 3 | Pred shape: torch.Size([256, 256, 160]) | Label shape: torch.Size([256, 256, 160])
[2026-01-24 01:20:05,913] [DEBUG] [TEST] Batch 4 | Pred shape: torch.Size([256, 256, 160]) | Label shape: torch.Size([256, 256, 160])
[2026-01-24 01:20:05,968] [DEBUG] [TEST] Batch 5 | Pred shape: torch.Size([256, 256, 160]) | Label shape: torch.Size([256, 256, 160])
[2026-01-24 01:20:06,914] [DEBUG] [TEST] Batch 6 | Pred shape: torch.Size([256, 256, 160]) | Label shape: torch.Size([256, 256, 160])
[2026-01-24 01:20:07,008] [DEBUG] [TEST] Batch 7 | Pred shape: torch.Size([256, 256, 160]) | Label shape: torch.Size([256, 256, 160])
[2026-01-24 01:20:07,183] [DEBUG] [TEST] Batch 8 | Pred shape: torch.Size([256, 256, 160]) | Label shape: torch.Size([256, 256, 160])
[2026-01-24 01:20:07,596] [DEBUG] [TEST] Batch 9 | Pred shape: torch.Size([256, 256, 160]) | Label shape: torch.Size([256, 256, 160])
[2026-01-24 01:20:07,652] [DEBUG] [TEST] Batch 10 | Pred shape: torch.Size([256, 256, 160]) | Label shape: torch.Size([256, 256, 160])
[2026-01-24 01:20:10,442] [INFO] [FIT] Final model saved to: Revision2/Run_UNET_IID_KH64_20260123/Client4/model_final.pth
[2026-01-24 01:20:27,506] [INFO] [COMM][CLIENT] Round=-1 Mode=KH UsedSparsity=0 UsedClusters=64 BaselineBits=154016352.0 CompressedBits=122070073.0 CR=1.262
[2026-01-24 01:21:10,035] [INFO] [EVALUATE] Starting evaluation...
[2026-01-24 01:21:11,217] [INFO] [DEBUG] Loaded compressed decoded weights.
[2026-01-24 01:22:30,554] [DEBUG] [TEST] Batch 1 | Pred shape: torch.Size([256, 256, 160]) | Label shape: torch.Size([256, 256, 160])
[2026-01-24 01:22:30,613] [DEBUG] [TEST] Batch 2 | Pred shape: torch.Size([256, 256, 160]) | Label shape: torch.Size([256, 256, 160])
[2026-01-24 01:22:30,823] [DEBUG] [TEST] Batch 3 | Pred shape: torch.Size([256, 256, 160]) | Label shape: torch.Size([256, 256, 160])
[2026-01-24 01:22:31,053] [DEBUG] [TEST] Batch 4 | Pred shape: torch.Size([256, 256, 160]) | Label shape: torch.Size([256, 256, 160])
[2026-01-24 01:22:31,299] [DEBUG] [TEST] Batch 5 | Pred shape: torch.Size([256, 256, 160]) | Label shape: torch.Size([256, 256, 160])
[2026-01-24 01:22:31,535] [DEBUG] [TEST] Batch 6 | Pred shape: torch.Size([256, 256, 160]) | Label shape: torch.Size([256, 256, 160])
[2026-01-24 01:22:31,765] [DEBUG] [TEST] Batch 7 | Pred shape: torch.Size([256, 256, 160]) | Label shape: torch.Size([256, 256, 160])
[2026-01-24 01:22:31,988] [DEBUG] [TEST] Batch 8 | Pred shape: torch.Size([256, 256, 160]) | Label shape: torch.Size([256, 256, 160])
[2026-01-24 01:22:32,227] [DEBUG] [TEST] Batch 9 | Pred shape: torch.Size([256, 256, 160]) | Label shape: torch.Size([256, 256, 160])
[2026-01-24 01:22:32,415] [DEBUG] [TEST] Batch 10 | Pred shape: torch.Size([256, 256, 160]) | Label shape: torch.Size([256, 256, 160])
[2026-01-24 01:22:40,190] [INFO] [EVALUATE] Dice WT: 0.3667
[2026-01-24 01:22:44,311] [INFO] [FIT] Received parameters. Starting local training...
[2026-01-24 01:22:46,717] [INFO] [DEBUG] Loaded compressed decoded weights.
[2026-01-24 01:25:07,574] [INFO] [TRAIN] Epoch 1 Loss: 0.8746
[2026-01-24 01:26:55,748] [INFO] [TRAIN] Epoch 2 Loss: 0.8688
[2026-01-24 01:28:23,313] [INFO] [TRAIN] Epoch 3 Loss: 0.8621
[2026-01-24 01:30:09,493] [INFO] [TRAIN] Epoch 4 Loss: 0.8550
[2026-01-24 01:31:39,553] [INFO] [TRAIN] Epoch 5 Loss: 0.8474
[2026-01-24 01:31:39,553] [INFO] [FIT] Local training finished. Avg Loss: 0.8616
[2026-01-24 01:32:36,419] [DEBUG] [TEST] Batch 1 | Pred shape: torch.Size([256, 256, 160]) | Label shape: torch.Size([256, 256, 160])
[2026-01-24 01:32:36,712] [DEBUG] [TEST] Batch 2 | Pred shape: torch.Size([256, 256, 160]) | Label shape: torch.Size([256, 256, 160])
[2026-01-24 01:32:36,910] [DEBUG] [TEST] Batch 3 | Pred shape: torch.Size([256, 256, 160]) | Label shape: torch.Size([256, 256, 160])
[2026-01-24 01:32:37,013] [DEBUG] [TEST] Batch 4 | Pred shape: torch.Size([256, 256, 160]) | Label shape: torch.Size([256, 256, 160])
[2026-01-24 01:32:37,113] [DEBUG] [TEST] Batch 5 | Pred shape: torch.Size([256, 256, 160]) | Label shape: torch.Size([256, 256, 160])
[2026-01-24 01:32:37,214] [DEBUG] [TEST] Batch 6 | Pred shape: torch.Size([256, 256, 160]) | Label shape: torch.Size([256, 256, 160])
[2026-01-24 01:32:37,314] [DEBUG] [TEST] Batch 7 | Pred shape: torch.Size([256, 256, 160]) | Label shape: torch.Size([256, 256, 160])
[2026-01-24 01:32:37,414] [DEBUG] [TEST] Batch 8 | Pred shape: torch.Size([256, 256, 160]) | Label shape: torch.Size([256, 256, 160])
[2026-01-24 01:32:37,513] [DEBUG] [TEST] Batch 9 | Pred shape: torch.Size([256, 256, 160]) | Label shape: torch.Size([256, 256, 160])
[2026-01-24 01:32:37,613] [DEBUG] [TEST] Batch 10 | Pred shape: torch.Size([256, 256, 160]) | Label shape: torch.Size([256, 256, 160])
[2026-01-24 01:32:45,455] [INFO] [FIT] Final model saved to: Revision2/Run_UNET_IID_KH64_20260123/Client4/model_final.pth
[2026-01-24 01:33:14,245] [INFO] [COMM][CLIENT] Round=-1 Mode=KH UsedSparsity=0 UsedClusters=64 BaselineBits=154016352.0 CompressedBits=122171798.0 CR=1.261
[2026-01-24 01:34:41,986] [INFO] [EVALUATE] Starting evaluation...
[2026-01-24 01:34:43,716] [INFO] [DEBUG] Loaded compressed decoded weights.
[2026-01-24 01:35:51,490] [DEBUG] [TEST] Batch 1 | Pred shape: torch.Size([256, 256, 160]) | Label shape: torch.Size([256, 256, 160])
[2026-01-24 01:35:51,554] [DEBUG] [TEST] Batch 2 | Pred shape: torch.Size([256, 256, 160]) | Label shape: torch.Size([256, 256, 160])
[2026-01-24 01:35:51,658] [DEBUG] [TEST] Batch 3 | Pred shape: torch.Size([256, 256, 160]) | Label shape: torch.Size([256, 256, 160])
[2026-01-24 01:35:51,717] [DEBUG] [TEST] Batch 4 | Pred shape: torch.Size([256, 256, 160]) | Label shape: torch.Size([256, 256, 160])
[2026-01-24 01:35:54,093] [DEBUG] [TEST] Batch 5 | Pred shape: torch.Size([256, 256, 160]) | Label shape: torch.Size([256, 256, 160])
[2026-01-24 01:35:54,154] [DEBUG] [TEST] Batch 6 | Pred shape: torch.Size([256, 256, 160]) | Label shape: torch.Size([256, 256, 160])
[2026-01-24 01:35:55,718] [DEBUG] [TEST] Batch 7 | Pred shape: torch.Size([256, 256, 160]) | Label shape: torch.Size([256, 256, 160])
[2026-01-24 01:35:55,776] [DEBUG] [TEST] Batch 8 | Pred shape: torch.Size([256, 256, 160]) | Label shape: torch.Size([256, 256, 160])
[2026-01-24 01:35:55,922] [DEBUG] [TEST] Batch 9 | Pred shape: torch.Size([256, 256, 160]) | Label shape: torch.Size([256, 256, 160])
[2026-01-24 01:35:56,046] [DEBUG] [TEST] Batch 10 | Pred shape: torch.Size([256, 256, 160]) | Label shape: torch.Size([256, 256, 160])
[2026-01-24 01:36:02,875] [INFO] [EVALUATE] Dice WT: 0.2094
[2026-01-24 01:36:11,244] [INFO] [FIT] Received parameters. Starting local training...
[2026-01-24 01:36:12,523] [INFO] [DEBUG] Loaded compressed decoded weights.
[2026-01-24 01:38:34,975] [INFO] [TRAIN] Epoch 1 Loss: 0.8395
[2026-01-24 01:40:59,413] [INFO] [TRAIN] Epoch 2 Loss: 0.8298
[2026-01-24 01:43:11,793] [INFO] [TRAIN] Epoch 3 Loss: 0.8210
[2026-01-24 01:45:16,616] [INFO] [TRAIN] Epoch 4 Loss: 0.8105
[2026-01-24 01:47:14,353] [INFO] [TRAIN] Epoch 5 Loss: 0.7994
[2026-01-24 01:47:14,355] [INFO] [FIT] Local training finished. Avg Loss: 0.8200
[2026-01-24 01:47:56,051] [DEBUG] [TEST] Batch 1 | Pred shape: torch.Size([256, 256, 160]) | Label shape: torch.Size([256, 256, 160])
[2026-01-24 01:47:59,763] [DEBUG] [TEST] Batch 2 | Pred shape: torch.Size([256, 256, 160]) | Label shape: torch.Size([256, 256, 160])
[2026-01-24 01:47:59,819] [DEBUG] [TEST] Batch 3 | Pred shape: torch.Size([256, 256, 160]) | Label shape: torch.Size([256, 256, 160])
[2026-01-24 01:47:59,897] [DEBUG] [TEST] Batch 4 | Pred shape: torch.Size([256, 256, 160]) | Label shape: torch.Size([256, 256, 160])
[2026-01-24 01:47:59,979] [DEBUG] [TEST] Batch 5 | Pred shape: torch.Size([256, 256, 160]) | Label shape: torch.Size([256, 256, 160])
[2026-01-24 01:48:00,101] [DEBUG] [TEST] Batch 6 | Pred shape: torch.Size([256, 256, 160]) | Label shape: torch.Size([256, 256, 160])
[2026-01-24 01:48:00,221] [DEBUG] [TEST] Batch 7 | Pred shape: torch.Size([256, 256, 160]) | Label shape: torch.Size([256, 256, 160])
[2026-01-24 01:48:00,352] [DEBUG] [TEST] Batch 8 | Pred shape: torch.Size([256, 256, 160]) | Label shape: torch.Size([256, 256, 160])
[2026-01-24 01:48:00,471] [DEBUG] [TEST] Batch 9 | Pred shape: torch.Size([256, 256, 160]) | Label shape: torch.Size([256, 256, 160])
[2026-01-24 01:48:00,594] [DEBUG] [TEST] Batch 10 | Pred shape: torch.Size([256, 256, 160]) | Label shape: torch.Size([256, 256, 160])
[2026-01-24 01:48:04,807] [INFO] [FIT] Final model saved to: Revision2/Run_UNET_IID_KH64_20260123/Client4/model_final.pth
[2026-01-24 01:48:21,884] [INFO] [COMM][CLIENT] Round=-1 Mode=KH UsedSparsity=0 UsedClusters=64 BaselineBits=154016352.0 CompressedBits=122165920.0 CR=1.261
[2026-01-24 01:49:03,683] [INFO] [EVALUATE] Starting evaluation...
[2026-01-24 01:49:05,013] [INFO] [DEBUG] Loaded compressed decoded weights.
[2026-01-24 01:50:23,019] [DEBUG] [TEST] Batch 1 | Pred shape: torch.Size([256, 256, 160]) | Label shape: torch.Size([256, 256, 160])
[2026-01-24 01:50:23,380] [DEBUG] [TEST] Batch 2 | Pred shape: torch.Size([256, 256, 160]) | Label shape: torch.Size([256, 256, 160])
[2026-01-24 01:50:23,590] [DEBUG] [TEST] Batch 3 | Pred shape: torch.Size([256, 256, 160]) | Label shape: torch.Size([256, 256, 160])
[2026-01-24 01:50:23,805] [DEBUG] [TEST] Batch 4 | Pred shape: torch.Size([256, 256, 160]) | Label shape: torch.Size([256, 256, 160])
[2026-01-24 01:50:24,016] [DEBUG] [TEST] Batch 5 | Pred shape: torch.Size([256, 256, 160]) | Label shape: torch.Size([256, 256, 160])
[2026-01-24 01:50:24,216] [DEBUG] [TEST] Batch 6 | Pred shape: torch.Size([256, 256, 160]) | Label shape: torch.Size([256, 256, 160])
[2026-01-24 01:50:24,432] [DEBUG] [TEST] Batch 7 | Pred shape: torch.Size([256, 256, 160]) | Label shape: torch.Size([256, 256, 160])
[2026-01-24 01:50:24,603] [DEBUG] [TEST] Batch 8 | Pred shape: torch.Size([256, 256, 160]) | Label shape: torch.Size([256, 256, 160])
[2026-01-24 01:50:24,785] [DEBUG] [TEST] Batch 9 | Pred shape: torch.Size([256, 256, 160]) | Label shape: torch.Size([256, 256, 160])
[2026-01-24 01:50:24,964] [DEBUG] [TEST] Batch 10 | Pred shape: torch.Size([256, 256, 160]) | Label shape: torch.Size([256, 256, 160])
[2026-01-24 01:50:32,156] [INFO] [EVALUATE] Dice WT: 0.3559
[2026-01-24 01:50:37,109] [INFO] [FIT] Received parameters. Starting local training...
[2026-01-24 01:50:39,422] [INFO] [DEBUG] Loaded compressed decoded weights.
[2026-01-24 01:52:56,841] [INFO] [TRAIN] Epoch 1 Loss: 0.7901
[2026-01-24 01:55:01,615] [INFO] [TRAIN] Epoch 2 Loss: 0.7751
[2026-01-24 01:57:11,753] [INFO] [TRAIN] Epoch 3 Loss: 0.7626
[2026-01-24 01:59:29,040] [INFO] [TRAIN] Epoch 4 Loss: 0.7480
[2026-01-24 02:01:37,953] [INFO] [TRAIN] Epoch 5 Loss: 0.7323
[2026-01-24 02:01:37,954] [INFO] [FIT] Local training finished. Avg Loss: 0.7616
[2026-01-24 02:02:28,295] [DEBUG] [TEST] Batch 1 | Pred shape: torch.Size([256, 256, 160]) | Label shape: torch.Size([256, 256, 160])
[2026-01-24 02:02:28,413] [DEBUG] [TEST] Batch 2 | Pred shape: torch.Size([256, 256, 160]) | Label shape: torch.Size([256, 256, 160])
[2026-01-24 02:02:28,533] [DEBUG] [TEST] Batch 3 | Pred shape: torch.Size([256, 256, 160]) | Label shape: torch.Size([256, 256, 160])
[2026-01-24 02:02:28,653] [DEBUG] [TEST] Batch 4 | Pred shape: torch.Size([256, 256, 160]) | Label shape: torch.Size([256, 256, 160])
[2026-01-24 02:02:28,782] [DEBUG] [TEST] Batch 5 | Pred shape: torch.Size([256, 256, 160]) | Label shape: torch.Size([256, 256, 160])
[2026-01-24 02:02:28,905] [DEBUG] [TEST] Batch 6 | Pred shape: torch.Size([256, 256, 160]) | Label shape: torch.Size([256, 256, 160])
[2026-01-24 02:02:29,026] [DEBUG] [TEST] Batch 7 | Pred shape: torch.Size([256, 256, 160]) | Label shape: torch.Size([256, 256, 160])
[2026-01-24 02:02:29,151] [DEBUG] [TEST] Batch 8 | Pred shape: torch.Size([256, 256, 160]) | Label shape: torch.Size([256, 256, 160])
[2026-01-24 02:02:29,213] [DEBUG] [TEST] Batch 9 | Pred shape: torch.Size([256, 256, 160]) | Label shape: torch.Size([256, 256, 160])
[2026-01-24 02:02:29,269] [DEBUG] [TEST] Batch 10 | Pred shape: torch.Size([256, 256, 160]) | Label shape: torch.Size([256, 256, 160])
[2026-01-24 02:02:33,716] [INFO] [FIT] Final model saved to: Revision2/Run_UNET_IID_KH64_20260123/Client4/model_final.pth
[2026-01-24 02:02:50,311] [INFO] [COMM][CLIENT] Round=-1 Mode=KH UsedSparsity=0 UsedClusters=64 BaselineBits=154016352.0 CompressedBits=122037274.0 CR=1.262
[2026-01-24 02:03:31,934] [INFO] [EVALUATE] Starting evaluation...
[2026-01-24 02:03:33,309] [INFO] [DEBUG] Loaded compressed decoded weights.
[2026-01-24 02:04:50,019] [DEBUG] [TEST] Batch 1 | Pred shape: torch.Size([256, 256, 160]) | Label shape: torch.Size([256, 256, 160])
[2026-01-24 02:04:50,129] [DEBUG] [TEST] Batch 2 | Pred shape: torch.Size([256, 256, 160]) | Label shape: torch.Size([256, 256, 160])
[2026-01-24 02:04:50,717] [DEBUG] [TEST] Batch 3 | Pred shape: torch.Size([256, 256, 160]) | Label shape: torch.Size([256, 256, 160])
[2026-01-24 02:04:51,001] [DEBUG] [TEST] Batch 4 | Pred shape: torch.Size([256, 256, 160]) | Label shape: torch.Size([256, 256, 160])
[2026-01-24 02:04:51,217] [DEBUG] [TEST] Batch 5 | Pred shape: torch.Size([256, 256, 160]) | Label shape: torch.Size([256, 256, 160])
[2026-01-24 02:04:51,451] [DEBUG] [TEST] Batch 6 | Pred shape: torch.Size([256, 256, 160]) | Label shape: torch.Size([256, 256, 160])
[2026-01-24 02:04:51,668] [DEBUG] [TEST] Batch 7 | Pred shape: torch.Size([256, 256, 160]) | Label shape: torch.Size([256, 256, 160])
[2026-01-24 02:04:51,886] [DEBUG] [TEST] Batch 8 | Pred shape: torch.Size([256, 256, 160]) | Label shape: torch.Size([256, 256, 160])
[2026-01-24 02:04:52,111] [DEBUG] [TEST] Batch 9 | Pred shape: torch.Size([256, 256, 160]) | Label shape: torch.Size([256, 256, 160])
[2026-01-24 02:04:52,295] [DEBUG] [TEST] Batch 10 | Pred shape: torch.Size([256, 256, 160]) | Label shape: torch.Size([256, 256, 160])
[2026-01-24 02:05:00,616] [INFO] [EVALUATE] Dice WT: 0.3411
[2026-01-24 02:05:07,213] [INFO] [FIT] Received parameters. Starting local training...
[2026-01-24 02:05:09,613] [INFO] [DEBUG] Loaded compressed decoded weights.
[2026-01-24 02:07:29,894] [INFO] [TRAIN] Epoch 1 Loss: 0.7167
[2026-01-24 02:09:43,978] [INFO] [TRAIN] Epoch 2 Loss: 0.7001
[2026-01-24 02:12:02,426] [INFO] [TRAIN] Epoch 3 Loss: 0.6827
[2026-01-24 02:14:11,815] [INFO] [TRAIN] Epoch 4 Loss: 0.6687
[2026-01-24 02:16:01,244] [INFO] [TRAIN] Epoch 5 Loss: 0.6503
[2026-01-24 02:16:01,246] [INFO] [FIT] Local training finished. Avg Loss: 0.6837
[2026-01-24 02:16:49,415] [DEBUG] [TEST] Batch 1 | Pred shape: torch.Size([256, 256, 160]) | Label shape: torch.Size([256, 256, 160])
[2026-01-24 02:16:49,513] [DEBUG] [TEST] Batch 2 | Pred shape: torch.Size([256, 256, 160]) | Label shape: torch.Size([256, 256, 160])
[2026-01-24 02:16:49,710] [DEBUG] [TEST] Batch 3 | Pred shape: torch.Size([256, 256, 160]) | Label shape: torch.Size([256, 256, 160])
[2026-01-24 02:16:49,814] [DEBUG] [TEST] Batch 4 | Pred shape: torch.Size([256, 256, 160]) | Label shape: torch.Size([256, 256, 160])
[2026-01-24 02:16:50,013] [DEBUG] [TEST] Batch 5 | Pred shape: torch.Size([256, 256, 160]) | Label shape: torch.Size([256, 256, 160])
[2026-01-24 02:16:50,113] [DEBUG] [TEST] Batch 6 | Pred shape: torch.Size([256, 256, 160]) | Label shape: torch.Size([256, 256, 160])
[2026-01-24 02:16:50,209] [DEBUG] [TEST] Batch 7 | Pred shape: torch.Size([256, 256, 160]) | Label shape: torch.Size([256, 256, 160])
[2026-01-24 02:16:50,307] [DEBUG] [TEST] Batch 8 | Pred shape: torch.Size([256, 256, 160]) | Label shape: torch.Size([256, 256, 160])
[2026-01-24 02:16:50,414] [DEBUG] [TEST] Batch 9 | Pred shape: torch.Size([256, 256, 160]) | Label shape: torch.Size([256, 256, 160])
[2026-01-24 02:16:50,613] [DEBUG] [TEST] Batch 10 | Pred shape: torch.Size([256, 256, 160]) | Label shape: torch.Size([256, 256, 160])
[2026-01-24 02:16:56,144] [INFO] [FIT] Final model saved to: Revision2/Run_UNET_IID_KH64_20260123/Client4/model_final.pth
[2026-01-24 02:17:20,715] [INFO] [COMM][CLIENT] Round=-1 Mode=KH UsedSparsity=0 UsedClusters=64 BaselineBits=154016352.0 CompressedBits=122144743.0 CR=1.261
[2026-01-24 02:18:18,857] [INFO] [EVALUATE] Starting evaluation...
[2026-01-24 02:18:20,016] [INFO] [DEBUG] Loaded compressed decoded weights.
[2026-01-24 02:19:38,311] [DEBUG] [TEST] Batch 1 | Pred shape: torch.Size([256, 256, 160]) | Label shape: torch.Size([256, 256, 160])
[2026-01-24 02:19:39,204] [DEBUG] [TEST] Batch 2 | Pred shape: torch.Size([256, 256, 160]) | Label shape: torch.Size([256, 256, 160])
[2026-01-24 02:19:39,450] [DEBUG] [TEST] Batch 3 | Pred shape: torch.Size([256, 256, 160]) | Label shape: torch.Size([256, 256, 160])
[2026-01-24 02:19:39,689] [DEBUG] [TEST] Batch 4 | Pred shape: torch.Size([256, 256, 160]) | Label shape: torch.Size([256, 256, 160])
[2026-01-24 02:19:39,915] [DEBUG] [TEST] Batch 5 | Pred shape: torch.Size([256, 256, 160]) | Label shape: torch.Size([256, 256, 160])
[2026-01-24 02:19:40,143] [DEBUG] [TEST] Batch 6 | Pred shape: torch.Size([256, 256, 160]) | Label shape: torch.Size([256, 256, 160])
[2026-01-24 02:19:40,376] [DEBUG] [TEST] Batch 7 | Pred shape: torch.Size([256, 256, 160]) | Label shape: torch.Size([256, 256, 160])
[2026-01-24 02:19:40,605] [DEBUG] [TEST] Batch 8 | Pred shape: torch.Size([256, 256, 160]) | Label shape: torch.Size([256, 256, 160])
[2026-01-24 02:19:40,846] [DEBUG] [TEST] Batch 9 | Pred shape: torch.Size([256, 256, 160]) | Label shape: torch.Size([256, 256, 160])
[2026-01-24 02:19:41,089] [DEBUG] [TEST] Batch 10 | Pred shape: torch.Size([256, 256, 160]) | Label shape: torch.Size([256, 256, 160])
[2026-01-24 02:19:48,035] [INFO] [EVALUATE] Dice WT: 0.6548
[2026-01-24 02:19:51,063] [INFO] [FIT] Received parameters. Starting local training...
[2026-01-24 02:19:52,211] [INFO] [DEBUG] Loaded compressed decoded weights.
[2026-01-24 02:22:07,905] [INFO] [TRAIN] Epoch 1 Loss: 0.6262
[2026-01-24 02:24:22,914] [INFO] [TRAIN] Epoch 2 Loss: 0.6094
[2026-01-24 02:26:12,851] [INFO] [TRAIN] Epoch 3 Loss: 0.5857
[2026-01-24 02:27:41,938] [INFO] [TRAIN] Epoch 4 Loss: 0.5636
[2026-01-24 02:29:23,415] [INFO] [TRAIN] Epoch 5 Loss: 0.5431
[2026-01-24 02:29:23,416] [INFO] [FIT] Local training finished. Avg Loss: 0.5856
[2026-01-24 02:30:00,221] [DEBUG] [TEST] Batch 1 | Pred shape: torch.Size([256, 256, 160]) | Label shape: torch.Size([256, 256, 160])
[2026-01-24 02:30:00,424] [DEBUG] [TEST] Batch 2 | Pred shape: torch.Size([256, 256, 160]) | Label shape: torch.Size([256, 256, 160])
[2026-01-24 02:30:06,807] [DEBUG] [TEST] Batch 3 | Pred shape: torch.Size([256, 256, 160]) | Label shape: torch.Size([256, 256, 160])
[2026-01-24 02:30:07,011] [DEBUG] [TEST] Batch 4 | Pred shape: torch.Size([256, 256, 160]) | Label shape: torch.Size([256, 256, 160])
[2026-01-24 02:30:07,210] [DEBUG] [TEST] Batch 5 | Pred shape: torch.Size([256, 256, 160]) | Label shape: torch.Size([256, 256, 160])
[2026-01-24 02:30:08,809] [DEBUG] [TEST] Batch 6 | Pred shape: torch.Size([256, 256, 160]) | Label shape: torch.Size([256, 256, 160])
[2026-01-24 02:30:08,915] [DEBUG] [TEST] Batch 7 | Pred shape: torch.Size([256, 256, 160]) | Label shape: torch.Size([256, 256, 160])
[2026-01-24 02:30:09,109] [DEBUG] [TEST] Batch 8 | Pred shape: torch.Size([256, 256, 160]) | Label shape: torch.Size([256, 256, 160])
[2026-01-24 02:30:09,214] [DEBUG] [TEST] Batch 9 | Pred shape: torch.Size([256, 256, 160]) | Label shape: torch.Size([256, 256, 160])
[2026-01-24 02:30:09,314] [DEBUG] [TEST] Batch 10 | Pred shape: torch.Size([256, 256, 160]) | Label shape: torch.Size([256, 256, 160])
[2026-01-24 02:30:16,607] [INFO] [FIT] Final model saved to: Revision2/Run_UNET_IID_KH64_20260123/Client4/model_final.pth
[2026-01-24 02:30:46,745] [INFO] [COMM][CLIENT] Round=-1 Mode=KH UsedSparsity=0 UsedClusters=64 BaselineBits=154016352.0 CompressedBits=122048648.0 CR=1.262
[2026-01-24 02:32:09,714] [INFO] [EVALUATE] Starting evaluation...
[2026-01-24 02:32:10,813] [INFO] [DEBUG] Loaded compressed decoded weights.
[2026-01-24 02:33:21,696] [DEBUG] [TEST] Batch 1 | Pred shape: torch.Size([256, 256, 160]) | Label shape: torch.Size([256, 256, 160])
[2026-01-24 02:33:21,753] [DEBUG] [TEST] Batch 2 | Pred shape: torch.Size([256, 256, 160]) | Label shape: torch.Size([256, 256, 160])
[2026-01-24 02:33:21,810] [DEBUG] [TEST] Batch 3 | Pred shape: torch.Size([256, 256, 160]) | Label shape: torch.Size([256, 256, 160])
[2026-01-24 02:33:21,867] [DEBUG] [TEST] Batch 4 | Pred shape: torch.Size([256, 256, 160]) | Label shape: torch.Size([256, 256, 160])
[2026-01-24 02:33:21,928] [DEBUG] [TEST] Batch 5 | Pred shape: torch.Size([256, 256, 160]) | Label shape: torch.Size([256, 256, 160])
[2026-01-24 02:33:21,988] [DEBUG] [TEST] Batch 6 | Pred shape: torch.Size([256, 256, 160]) | Label shape: torch.Size([256, 256, 160])
[2026-01-24 02:33:23,111] [DEBUG] [TEST] Batch 7 | Pred shape: torch.Size([256, 256, 160]) | Label shape: torch.Size([256, 256, 160])
[2026-01-24 02:33:23,316] [DEBUG] [TEST] Batch 8 | Pred shape: torch.Size([256, 256, 160]) | Label shape: torch.Size([256, 256, 160])
[2026-01-24 02:33:23,414] [DEBUG] [TEST] Batch 9 | Pred shape: torch.Size([256, 256, 160]) | Label shape: torch.Size([256, 256, 160])
[2026-01-24 02:33:23,515] [DEBUG] [TEST] Batch 10 | Pred shape: torch.Size([256, 256, 160]) | Label shape: torch.Size([256, 256, 160])
[2026-01-24 02:33:29,129] [INFO] [EVALUATE] Dice WT: 0.7668
[2026-01-24 02:33:41,768] [INFO] [FIT] Received parameters. Starting local training...
[2026-01-24 02:33:43,017] [INFO] [DEBUG] Loaded compressed decoded weights.
[2026-01-24 02:36:02,740] [INFO] [TRAIN] Epoch 1 Loss: 0.5171
[2026-01-24 02:38:12,752] [INFO] [TRAIN] Epoch 2 Loss: 0.4965
[2026-01-24 02:40:07,518] [INFO] [TRAIN] Epoch 3 Loss: 0.4745
[2026-01-24 02:41:53,116] [INFO] [TRAIN] Epoch 4 Loss: 0.4545
[2026-01-24 02:43:37,075] [INFO] [TRAIN] Epoch 5 Loss: 0.4336
[2026-01-24 02:43:37,108] [INFO] [FIT] Local training finished. Avg Loss: 0.4752
[2026-01-24 02:44:11,370] [DEBUG] [TEST] Batch 1 | Pred shape: torch.Size([256, 256, 160]) | Label shape: torch.Size([256, 256, 160])
[2026-01-24 02:44:14,332] [DEBUG] [TEST] Batch 2 | Pred shape: torch.Size([256, 256, 160]) | Label shape: torch.Size([256, 256, 160])
[2026-01-24 02:44:14,393] [DEBUG] [TEST] Batch 3 | Pred shape: torch.Size([256, 256, 160]) | Label shape: torch.Size([256, 256, 160])
[2026-01-24 02:44:14,461] [DEBUG] [TEST] Batch 4 | Pred shape: torch.Size([256, 256, 160]) | Label shape: torch.Size([256, 256, 160])
[2026-01-24 02:44:14,520] [DEBUG] [TEST] Batch 5 | Pred shape: torch.Size([256, 256, 160]) | Label shape: torch.Size([256, 256, 160])
[2026-01-24 02:44:14,586] [DEBUG] [TEST] Batch 6 | Pred shape: torch.Size([256, 256, 160]) | Label shape: torch.Size([256, 256, 160])
[2026-01-24 02:44:14,651] [DEBUG] [TEST] Batch 7 | Pred shape: torch.Size([256, 256, 160]) | Label shape: torch.Size([256, 256, 160])
[2026-01-24 02:44:14,715] [DEBUG] [TEST] Batch 8 | Pred shape: torch.Size([256, 256, 160]) | Label shape: torch.Size([256, 256, 160])
[2026-01-24 02:44:14,770] [DEBUG] [TEST] Batch 9 | Pred shape: torch.Size([256, 256, 160]) | Label shape: torch.Size([256, 256, 160])
[2026-01-24 02:44:14,836] [DEBUG] [TEST] Batch 10 | Pred shape: torch.Size([256, 256, 160]) | Label shape: torch.Size([256, 256, 160])
[2026-01-24 02:44:18,131] [INFO] [FIT] Final model saved to: Revision2/Run_UNET_IID_KH64_20260123/Client4/model_final.pth
[2026-01-24 02:44:35,486] [INFO] [COMM][CLIENT] Round=-1 Mode=KH UsedSparsity=0 UsedClusters=64 BaselineBits=154016352.0 CompressedBits=122278776.0 CR=1.260
[2026-01-24 02:45:23,508] [INFO] [EVALUATE] Starting evaluation...
[2026-01-24 02:45:26,210] [INFO] [DEBUG] Loaded compressed decoded weights.
[2026-01-24 02:46:38,162] [DEBUG] [TEST] Batch 1 | Pred shape: torch.Size([256, 256, 160]) | Label shape: torch.Size([256, 256, 160])
[2026-01-24 02:46:38,233] [DEBUG] [TEST] Batch 2 | Pred shape: torch.Size([256, 256, 160]) | Label shape: torch.Size([256, 256, 160])
[2026-01-24 02:46:38,639] [DEBUG] [TEST] Batch 3 | Pred shape: torch.Size([256, 256, 160]) | Label shape: torch.Size([256, 256, 160])
[2026-01-24 02:46:38,751] [DEBUG] [TEST] Batch 4 | Pred shape: torch.Size([256, 256, 160]) | Label shape: torch.Size([256, 256, 160])
[2026-01-24 02:46:38,978] [DEBUG] [TEST] Batch 5 | Pred shape: torch.Size([256, 256, 160]) | Label shape: torch.Size([256, 256, 160])
[2026-01-24 02:46:39,224] [DEBUG] [TEST] Batch 6 | Pred shape: torch.Size([256, 256, 160]) | Label shape: torch.Size([256, 256, 160])
[2026-01-24 02:46:39,472] [DEBUG] [TEST] Batch 7 | Pred shape: torch.Size([256, 256, 160]) | Label shape: torch.Size([256, 256, 160])
[2026-01-24 02:46:39,711] [DEBUG] [TEST] Batch 8 | Pred shape: torch.Size([256, 256, 160]) | Label shape: torch.Size([256, 256, 160])
[2026-01-24 02:46:39,954] [DEBUG] [TEST] Batch 9 | Pred shape: torch.Size([256, 256, 160]) | Label shape: torch.Size([256, 256, 160])
[2026-01-24 02:46:40,200] [DEBUG] [TEST] Batch 10 | Pred shape: torch.Size([256, 256, 160]) | Label shape: torch.Size([256, 256, 160])
[2026-01-24 02:46:48,793] [INFO] [EVALUATE] Dice WT: 0.9323
[2026-01-24 02:46:53,152] [INFO] [FIT] Received parameters. Starting local training...
[2026-01-24 02:46:56,018] [INFO] [DEBUG] Loaded compressed decoded weights.
[2026-01-24 02:49:15,758] [INFO] [TRAIN] Epoch 1 Loss: 0.4142
[2026-01-24 02:51:26,743] [INFO] [TRAIN] Epoch 2 Loss: 0.3900
[2026-01-24 02:53:16,514] [INFO] [TRAIN] Epoch 3 Loss: 0.3708
[2026-01-24 02:54:55,514] [INFO] [TRAIN] Epoch 4 Loss: 0.3578
[2026-01-24 02:56:40,107] [INFO] [TRAIN] Epoch 5 Loss: 0.3399
[2026-01-24 02:56:40,108] [INFO] [FIT] Local training finished. Avg Loss: 0.3745
[2026-01-24 02:57:35,443] [DEBUG] [TEST] Batch 1 | Pred shape: torch.Size([256, 256, 160]) | Label shape: torch.Size([256, 256, 160])
[2026-01-24 02:57:35,619] [DEBUG] [TEST] Batch 2 | Pred shape: torch.Size([256, 256, 160]) | Label shape: torch.Size([256, 256, 160])
[2026-01-24 02:57:35,675] [DEBUG] [TEST] Batch 3 | Pred shape: torch.Size([256, 256, 160]) | Label shape: torch.Size([256, 256, 160])
[2026-01-24 02:57:35,745] [DEBUG] [TEST] Batch 4 | Pred shape: torch.Size([256, 256, 160]) | Label shape: torch.Size([256, 256, 160])
[2026-01-24 02:57:36,365] [DEBUG] [TEST] Batch 5 | Pred shape: torch.Size([256, 256, 160]) | Label shape: torch.Size([256, 256, 160])
[2026-01-24 02:57:36,430] [DEBUG] [TEST] Batch 6 | Pred shape: torch.Size([256, 256, 160]) | Label shape: torch.Size([256, 256, 160])
[2026-01-24 02:57:36,485] [DEBUG] [TEST] Batch 7 | Pred shape: torch.Size([256, 256, 160]) | Label shape: torch.Size([256, 256, 160])
[2026-01-24 02:57:36,540] [DEBUG] [TEST] Batch 8 | Pred shape: torch.Size([256, 256, 160]) | Label shape: torch.Size([256, 256, 160])
[2026-01-24 02:57:36,662] [DEBUG] [TEST] Batch 9 | Pred shape: torch.Size([256, 256, 160]) | Label shape: torch.Size([256, 256, 160])
[2026-01-24 02:57:36,781] [DEBUG] [TEST] Batch 10 | Pred shape: torch.Size([256, 256, 160]) | Label shape: torch.Size([256, 256, 160])
[2026-01-24 02:57:42,186] [INFO] [FIT] Final model saved to: Revision2/Run_UNET_IID_KH64_20260123/Client4/model_final.pth
[2026-01-24 02:58:00,811] [INFO] [COMM][CLIENT] Round=-1 Mode=KH UsedSparsity=0 UsedClusters=64 BaselineBits=154016352.0 CompressedBits=122285921.0 CR=1.259
[2026-01-24 02:58:54,421] [INFO] [EVALUATE] Starting evaluation...
[2026-01-24 02:58:56,116] [INFO] [DEBUG] Loaded compressed decoded weights.
[2026-01-24 03:00:06,693] [DEBUG] [TEST] Batch 1 | Pred shape: torch.Size([256, 256, 160]) | Label shape: torch.Size([256, 256, 160])
[2026-01-24 03:00:06,807] [DEBUG] [TEST] Batch 2 | Pred shape: torch.Size([256, 256, 160]) | Label shape: torch.Size([256, 256, 160])
[2026-01-24 03:00:06,927] [DEBUG] [TEST] Batch 3 | Pred shape: torch.Size([256, 256, 160]) | Label shape: torch.Size([256, 256, 160])
[2026-01-24 03:00:07,050] [DEBUG] [TEST] Batch 4 | Pred shape: torch.Size([256, 256, 160]) | Label shape: torch.Size([256, 256, 160])
[2026-01-24 03:00:07,111] [DEBUG] [TEST] Batch 5 | Pred shape: torch.Size([256, 256, 160]) | Label shape: torch.Size([256, 256, 160])
[2026-01-24 03:00:07,166] [DEBUG] [TEST] Batch 6 | Pred shape: torch.Size([256, 256, 160]) | Label shape: torch.Size([256, 256, 160])
[2026-01-24 03:00:07,221] [DEBUG] [TEST] Batch 7 | Pred shape: torch.Size([256, 256, 160]) | Label shape: torch.Size([256, 256, 160])
[2026-01-24 03:00:07,276] [DEBUG] [TEST] Batch 8 | Pred shape: torch.Size([256, 256, 160]) | Label shape: torch.Size([256, 256, 160])
[2026-01-24 03:00:07,334] [DEBUG] [TEST] Batch 9 | Pred shape: torch.Size([256, 256, 160]) | Label shape: torch.Size([256, 256, 160])
[2026-01-24 03:00:07,389] [DEBUG] [TEST] Batch 10 | Pred shape: torch.Size([256, 256, 160]) | Label shape: torch.Size([256, 256, 160])
[2026-01-24 03:00:11,022] [INFO] [EVALUATE] Dice WT: 0.9893
[2026-01-24 03:00:16,216] [INFO] [FIT] Received parameters. Starting local training...
[2026-01-24 03:00:18,110] [INFO] [DEBUG] Loaded compressed decoded weights.
[2026-01-24 03:02:34,168] [INFO] [TRAIN] Epoch 1 Loss: 0.3189
[2026-01-24 03:04:37,658] [INFO] [TRAIN] Epoch 2 Loss: 0.3027
[2026-01-24 03:06:36,578] [INFO] [TRAIN] Epoch 3 Loss: 0.2875
[2026-01-24 03:08:38,230] [INFO] [TRAIN] Epoch 4 Loss: 0.2787
[2026-01-24 03:10:37,910] [INFO] [TRAIN] Epoch 5 Loss: 0.2615
[2026-01-24 03:10:37,912] [INFO] [FIT] Local training finished. Avg Loss: 0.2899
[2026-01-24 03:11:25,165] [DEBUG] [TEST] Batch 1 | Pred shape: torch.Size([256, 256, 160]) | Label shape: torch.Size([256, 256, 160])
[2026-01-24 03:11:25,296] [DEBUG] [TEST] Batch 2 | Pred shape: torch.Size([256, 256, 160]) | Label shape: torch.Size([256, 256, 160])
[2026-01-24 03:11:25,654] [DEBUG] [TEST] Batch 3 | Pred shape: torch.Size([256, 256, 160]) | Label shape: torch.Size([256, 256, 160])
[2026-01-24 03:11:25,776] [DEBUG] [TEST] Batch 4 | Pred shape: torch.Size([256, 256, 160]) | Label shape: torch.Size([256, 256, 160])
[2026-01-24 03:11:25,897] [DEBUG] [TEST] Batch 5 | Pred shape: torch.Size([256, 256, 160]) | Label shape: torch.Size([256, 256, 160])
[2026-01-24 03:11:26,017] [DEBUG] [TEST] Batch 6 | Pred shape: torch.Size([256, 256, 160]) | Label shape: torch.Size([256, 256, 160])
[2026-01-24 03:11:26,138] [DEBUG] [TEST] Batch 7 | Pred shape: torch.Size([256, 256, 160]) | Label shape: torch.Size([256, 256, 160])
[2026-01-24 03:11:26,257] [DEBUG] [TEST] Batch 8 | Pred shape: torch.Size([256, 256, 160]) | Label shape: torch.Size([256, 256, 160])
[2026-01-24 03:11:26,378] [DEBUG] [TEST] Batch 9 | Pred shape: torch.Size([256, 256, 160]) | Label shape: torch.Size([256, 256, 160])
[2026-01-24 03:11:26,497] [DEBUG] [TEST] Batch 10 | Pred shape: torch.Size([256, 256, 160]) | Label shape: torch.Size([256, 256, 160])
[2026-01-24 03:11:30,621] [INFO] [FIT] Final model saved to: Revision2/Run_UNET_IID_KH64_20260123/Client4/model_final.pth
[2026-01-24 03:11:46,899] [INFO] [COMM][CLIENT] Round=-1 Mode=KH UsedSparsity=0 UsedClusters=64 BaselineBits=154016352.0 CompressedBits=122234113.0 CR=1.260
[2026-01-24 03:12:32,179] [INFO] [EVALUATE] Starting evaluation...
[2026-01-24 03:12:34,708] [INFO] [DEBUG] Loaded compressed decoded weights.
[2026-01-24 03:13:43,317] [DEBUG] [TEST] Batch 1 | Pred shape: torch.Size([256, 256, 160]) | Label shape: torch.Size([256, 256, 160])
[2026-01-24 03:13:44,146] [DEBUG] [TEST] Batch 2 | Pred shape: torch.Size([256, 256, 160]) | Label shape: torch.Size([256, 256, 160])
[2026-01-24 03:13:44,256] [DEBUG] [TEST] Batch 3 | Pred shape: torch.Size([256, 256, 160]) | Label shape: torch.Size([256, 256, 160])
[2026-01-24 03:13:45,033] [DEBUG] [TEST] Batch 4 | Pred shape: torch.Size([256, 256, 160]) | Label shape: torch.Size([256, 256, 160])
[2026-01-24 03:13:45,092] [DEBUG] [TEST] Batch 5 | Pred shape: torch.Size([256, 256, 160]) | Label shape: torch.Size([256, 256, 160])
[2026-01-24 03:13:45,148] [DEBUG] [TEST] Batch 6 | Pred shape: torch.Size([256, 256, 160]) | Label shape: torch.Size([256, 256, 160])
[2026-01-24 03:13:45,204] [DEBUG] [TEST] Batch 7 | Pred shape: torch.Size([256, 256, 160]) | Label shape: torch.Size([256, 256, 160])
[2026-01-24 03:13:45,265] [DEBUG] [TEST] Batch 8 | Pred shape: torch.Size([256, 256, 160]) | Label shape: torch.Size([256, 256, 160])
[2026-01-24 03:13:45,320] [DEBUG] [TEST] Batch 9 | Pred shape: torch.Size([256, 256, 160]) | Label shape: torch.Size([256, 256, 160])
[2026-01-24 03:13:45,376] [DEBUG] [TEST] Batch 10 | Pred shape: torch.Size([256, 256, 160]) | Label shape: torch.Size([256, 256, 160])
[2026-01-24 03:13:49,215] [INFO] [EVALUATE] Dice WT: 1.0000
[2026-01-24 03:13:51,817] [INFO] [FIT] Received parameters. Starting local training...
[2026-01-24 03:13:52,816] [INFO] [DEBUG] Loaded compressed decoded weights.
[2026-01-24 03:16:09,714] [INFO] [TRAIN] Epoch 1 Loss: 0.2583
[2026-01-24 03:18:15,751] [INFO] [TRAIN] Epoch 2 Loss: 0.2442
[2026-01-24 03:20:02,047] [INFO] [TRAIN] Epoch 3 Loss: 0.2257
[2026-01-24 03:21:52,414] [INFO] [TRAIN] Epoch 4 Loss: 0.2183
[2026-01-24 03:23:52,659] [INFO] [TRAIN] Epoch 5 Loss: 0.2108
[2026-01-24 03:23:52,660] [INFO] [FIT] Local training finished. Avg Loss: 0.2315
[2026-01-24 03:24:46,841] [DEBUG] [TEST] Batch 1 | Pred shape: torch.Size([256, 256, 160]) | Label shape: torch.Size([256, 256, 160])
[2026-01-24 03:24:47,929] [DEBUG] [TEST] Batch 2 | Pred shape: torch.Size([256, 256, 160]) | Label shape: torch.Size([256, 256, 160])
[2026-01-24 03:24:48,673] [DEBUG] [TEST] Batch 3 | Pred shape: torch.Size([256, 256, 160]) | Label shape: torch.Size([256, 256, 160])
[2026-01-24 03:24:48,818] [DEBUG] [TEST] Batch 4 | Pred shape: torch.Size([256, 256, 160]) | Label shape: torch.Size([256, 256, 160])
[2026-01-24 03:24:48,876] [DEBUG] [TEST] Batch 5 | Pred shape: torch.Size([256, 256, 160]) | Label shape: torch.Size([256, 256, 160])
[2026-01-24 03:24:48,931] [DEBUG] [TEST] Batch 6 | Pred shape: torch.Size([256, 256, 160]) | Label shape: torch.Size([256, 256, 160])
[2026-01-24 03:24:48,987] [DEBUG] [TEST] Batch 7 | Pred shape: torch.Size([256, 256, 160]) | Label shape: torch.Size([256, 256, 160])
[2026-01-24 03:24:49,228] [DEBUG] [TEST] Batch 8 | Pred shape: torch.Size([256, 256, 160]) | Label shape: torch.Size([256, 256, 160])
[2026-01-24 03:24:49,319] [DEBUG] [TEST] Batch 9 | Pred shape: torch.Size([256, 256, 160]) | Label shape: torch.Size([256, 256, 160])
[2026-01-24 03:24:49,412] [DEBUG] [TEST] Batch 10 | Pred shape: torch.Size([256, 256, 160]) | Label shape: torch.Size([256, 256, 160])
[2026-01-24 03:24:55,107] [INFO] [FIT] Final model saved to: Revision2/Run_UNET_IID_KH64_20260123/Client4/model_final.pth
[2026-01-24 03:25:14,402] [INFO] [COMM][CLIENT] Round=-1 Mode=KH UsedSparsity=0 UsedClusters=64 BaselineBits=154016352.0 CompressedBits=122356004.0 CR=1.259
[2026-01-24 03:26:05,911] [INFO] [EVALUATE] Starting evaluation...
[2026-01-24 03:26:07,816] [INFO] [DEBUG] Loaded compressed decoded weights.
[2026-01-24 03:27:23,235] [DEBUG] [TEST] Batch 1 | Pred shape: torch.Size([256, 256, 160]) | Label shape: torch.Size([256, 256, 160])
[2026-01-24 03:27:23,470] [DEBUG] [TEST] Batch 2 | Pred shape: torch.Size([256, 256, 160]) | Label shape: torch.Size([256, 256, 160])
[2026-01-24 03:27:23,714] [DEBUG] [TEST] Batch 3 | Pred shape: torch.Size([256, 256, 160]) | Label shape: torch.Size([256, 256, 160])
[2026-01-24 03:27:23,941] [DEBUG] [TEST] Batch 4 | Pred shape: torch.Size([256, 256, 160]) | Label shape: torch.Size([256, 256, 160])
[2026-01-24 03:27:24,196] [DEBUG] [TEST] Batch 5 | Pred shape: torch.Size([256, 256, 160]) | Label shape: torch.Size([256, 256, 160])
[2026-01-24 03:27:24,444] [DEBUG] [TEST] Batch 6 | Pred shape: torch.Size([256, 256, 160]) | Label shape: torch.Size([256, 256, 160])
[2026-01-24 03:27:24,632] [DEBUG] [TEST] Batch 7 | Pred shape: torch.Size([256, 256, 160]) | Label shape: torch.Size([256, 256, 160])
[2026-01-24 03:27:24,810] [DEBUG] [TEST] Batch 8 | Pred shape: torch.Size([256, 256, 160]) | Label shape: torch.Size([256, 256, 160])
[2026-01-24 03:27:24,980] [DEBUG] [TEST] Batch 9 | Pred shape: torch.Size([256, 256, 160]) | Label shape: torch.Size([256, 256, 160])
[2026-01-24 03:27:25,168] [DEBUG] [TEST] Batch 10 | Pred shape: torch.Size([256, 256, 160]) | Label shape: torch.Size([256, 256, 160])
[2026-01-24 03:27:32,433] [INFO] [EVALUATE] Dice WT: 1.0000
[2026-01-24 03:27:38,277] [INFO] [FIT] Received parameters. Starting local training...
[2026-01-24 03:27:41,311] [INFO] [DEBUG] Loaded compressed decoded weights.
[2026-01-24 03:30:01,770] [INFO] [TRAIN] Epoch 1 Loss: 0.2103
[2026-01-24 03:32:12,912] [INFO] [TRAIN] Epoch 2 Loss: 0.1939
[2026-01-24 03:34:04,214] [INFO] [TRAIN] Epoch 3 Loss: 0.1866
[2026-01-24 03:35:52,823] [INFO] [TRAIN] Epoch 4 Loss: 0.1795
[2026-01-24 03:37:33,316] [INFO] [TRAIN] Epoch 5 Loss: 0.1826
[2026-01-24 03:37:33,319] [INFO] [FIT] Local training finished. Avg Loss: 0.1906
[2026-01-24 03:38:01,715] [DEBUG] [TEST] Batch 1 | Pred shape: torch.Size([256, 256, 160]) | Label shape: torch.Size([256, 256, 160])
[2026-01-24 03:38:01,815] [DEBUG] [TEST] Batch 2 | Pred shape: torch.Size([256, 256, 160]) | Label shape: torch.Size([256, 256, 160])
[2026-01-24 03:38:01,871] [DEBUG] [TEST] Batch 3 | Pred shape: torch.Size([256, 256, 160]) | Label shape: torch.Size([256, 256, 160])
[2026-01-24 03:38:01,937] [DEBUG] [TEST] Batch 4 | Pred shape: torch.Size([256, 256, 160]) | Label shape: torch.Size([256, 256, 160])
[2026-01-24 03:38:02,014] [DEBUG] [TEST] Batch 5 | Pred shape: torch.Size([256, 256, 160]) | Label shape: torch.Size([256, 256, 160])
[2026-01-24 03:38:02,070] [DEBUG] [TEST] Batch 6 | Pred shape: torch.Size([256, 256, 160]) | Label shape: torch.Size([256, 256, 160])
[2026-01-24 03:38:02,128] [DEBUG] [TEST] Batch 7 | Pred shape: torch.Size([256, 256, 160]) | Label shape: torch.Size([256, 256, 160])
[2026-01-24 03:38:02,184] [DEBUG] [TEST] Batch 8 | Pred shape: torch.Size([256, 256, 160]) | Label shape: torch.Size([256, 256, 160])
[2026-01-24 03:38:02,240] [DEBUG] [TEST] Batch 9 | Pred shape: torch.Size([256, 256, 160]) | Label shape: torch.Size([256, 256, 160])
[2026-01-24 03:38:02,296] [DEBUG] [TEST] Batch 10 | Pred shape: torch.Size([256, 256, 160]) | Label shape: torch.Size([256, 256, 160])
[2026-01-24 03:38:05,702] [INFO] [FIT] Final model saved to: Revision2/Run_UNET_IID_KH64_20260123/Client4/model_final.pth
[2026-01-24 03:38:23,554] [INFO] [COMM][CLIENT] Round=-1 Mode=KH UsedSparsity=0 UsedClusters=64 BaselineBits=154016352.0 CompressedBits=122189853.0 CR=1.260
[2026-01-24 03:39:14,830] [INFO] [EVALUATE] Starting evaluation...
[2026-01-24 03:39:16,315] [INFO] [DEBUG] Loaded compressed decoded weights.
[2026-01-24 03:40:27,157] [DEBUG] [TEST] Batch 1 | Pred shape: torch.Size([256, 256, 160]) | Label shape: torch.Size([256, 256, 160])
[2026-01-24 03:40:27,393] [DEBUG] [TEST] Batch 2 | Pred shape: torch.Size([256, 256, 160]) | Label shape: torch.Size([256, 256, 160])
[2026-01-24 03:40:27,653] [DEBUG] [TEST] Batch 3 | Pred shape: torch.Size([256, 256, 160]) | Label shape: torch.Size([256, 256, 160])
[2026-01-24 03:40:27,882] [DEBUG] [TEST] Batch 4 | Pred shape: torch.Size([256, 256, 160]) | Label shape: torch.Size([256, 256, 160])
[2026-01-24 03:40:28,117] [DEBUG] [TEST] Batch 5 | Pred shape: torch.Size([256, 256, 160]) | Label shape: torch.Size([256, 256, 160])
[2026-01-24 03:40:28,364] [DEBUG] [TEST] Batch 6 | Pred shape: torch.Size([256, 256, 160]) | Label shape: torch.Size([256, 256, 160])
[2026-01-24 03:40:28,550] [DEBUG] [TEST] Batch 7 | Pred shape: torch.Size([256, 256, 160]) | Label shape: torch.Size([256, 256, 160])
[2026-01-24 03:40:28,737] [DEBUG] [TEST] Batch 8 | Pred shape: torch.Size([256, 256, 160]) | Label shape: torch.Size([256, 256, 160])
[2026-01-24 03:40:28,922] [DEBUG] [TEST] Batch 9 | Pred shape: torch.Size([256, 256, 160]) | Label shape: torch.Size([256, 256, 160])
[2026-01-24 03:40:29,010] [DEBUG] [TEST] Batch 10 | Pred shape: torch.Size([256, 256, 160]) | Label shape: torch.Size([256, 256, 160])
[2026-01-24 03:40:36,335] [INFO] [EVALUATE] Dice WT: 1.0000
[2026-01-24 03:40:40,428] [INFO] [FIT] Received parameters. Starting local training...
[2026-01-24 03:40:43,120] [INFO] [DEBUG] Loaded compressed decoded weights.
[2026-01-24 03:43:05,628] [INFO] [TRAIN] Epoch 1 Loss: 0.1741
[2026-01-24 03:45:22,348] [INFO] [TRAIN] Epoch 2 Loss: 0.1639
[2026-01-24 03:47:03,643] [INFO] [TRAIN] Epoch 3 Loss: 0.1611
[2026-01-24 03:48:37,816] [INFO] [TRAIN] Epoch 4 Loss: 0.1525
[2026-01-24 03:50:16,516] [INFO] [TRAIN] Epoch 5 Loss: 0.1478
[2026-01-24 03:50:16,517] [INFO] [FIT] Local training finished. Avg Loss: 0.1599
[2026-01-24 03:50:58,828] [DEBUG] [TEST] Batch 1 | Pred shape: torch.Size([256, 256, 160]) | Label shape: torch.Size([256, 256, 160])
[2026-01-24 03:50:58,927] [DEBUG] [TEST] Batch 2 | Pred shape: torch.Size([256, 256, 160]) | Label shape: torch.Size([256, 256, 160])
[2026-01-24 03:50:59,109] [DEBUG] [TEST] Batch 3 | Pred shape: torch.Size([256, 256, 160]) | Label shape: torch.Size([256, 256, 160])
[2026-01-24 03:50:59,309] [DEBUG] [TEST] Batch 4 | Pred shape: torch.Size([256, 256, 160]) | Label shape: torch.Size([256, 256, 160])
[2026-01-24 03:50:59,509] [DEBUG] [TEST] Batch 5 | Pred shape: torch.Size([256, 256, 160]) | Label shape: torch.Size([256, 256, 160])
[2026-01-24 03:50:59,710] [DEBUG] [TEST] Batch 6 | Pred shape: torch.Size([256, 256, 160]) | Label shape: torch.Size([256, 256, 160])
[2026-01-24 03:50:59,911] [DEBUG] [TEST] Batch 7 | Pred shape: torch.Size([256, 256, 160]) | Label shape: torch.Size([256, 256, 160])
[2026-01-24 03:51:00,121] [DEBUG] [TEST] Batch 8 | Pred shape: torch.Size([256, 256, 160]) | Label shape: torch.Size([256, 256, 160])
[2026-01-24 03:51:00,421] [DEBUG] [TEST] Batch 9 | Pred shape: torch.Size([256, 256, 160]) | Label shape: torch.Size([256, 256, 160])
[2026-01-24 03:51:00,711] [DEBUG] [TEST] Batch 10 | Pred shape: torch.Size([256, 256, 160]) | Label shape: torch.Size([256, 256, 160])
[2026-01-24 03:51:07,556] [INFO] [FIT] Final model saved to: Revision2/Run_UNET_IID_KH64_20260123/Client4/model_final.pth
[2026-01-24 03:51:36,944] [INFO] [COMM][CLIENT] Round=-1 Mode=KH UsedSparsity=0 UsedClusters=64 BaselineBits=154016352.0 CompressedBits=122341913.0 CR=1.259
[2026-01-24 03:53:07,766] [INFO] [EVALUATE] Starting evaluation...
[2026-01-24 03:53:09,218] [INFO] [DEBUG] Loaded compressed decoded weights.
[2026-01-24 03:54:12,129] [DEBUG] [TEST] Batch 1 | Pred shape: torch.Size([256, 256, 160]) | Label shape: torch.Size([256, 256, 160])
[2026-01-24 03:54:17,696] [DEBUG] [TEST] Batch 2 | Pred shape: torch.Size([256, 256, 160]) | Label shape: torch.Size([256, 256, 160])
[2026-01-24 03:54:18,174] [DEBUG] [TEST] Batch 3 | Pred shape: torch.Size([256, 256, 160]) | Label shape: torch.Size([256, 256, 160])
[2026-01-24 03:54:18,256] [DEBUG] [TEST] Batch 4 | Pred shape: torch.Size([256, 256, 160]) | Label shape: torch.Size([256, 256, 160])
[2026-01-24 03:54:18,315] [DEBUG] [TEST] Batch 5 | Pred shape: torch.Size([256, 256, 160]) | Label shape: torch.Size([256, 256, 160])
[2026-01-24 03:54:18,372] [DEBUG] [TEST] Batch 6 | Pred shape: torch.Size([256, 256, 160]) | Label shape: torch.Size([256, 256, 160])
[2026-01-24 03:54:18,522] [DEBUG] [TEST] Batch 7 | Pred shape: torch.Size([256, 256, 160]) | Label shape: torch.Size([256, 256, 160])
[2026-01-24 03:54:18,649] [DEBUG] [TEST] Batch 8 | Pred shape: torch.Size([256, 256, 160]) | Label shape: torch.Size([256, 256, 160])
[2026-01-24 03:54:18,774] [DEBUG] [TEST] Batch 9 | Pred shape: torch.Size([256, 256, 160]) | Label shape: torch.Size([256, 256, 160])
[2026-01-24 03:54:18,923] [DEBUG] [TEST] Batch 10 | Pred shape: torch.Size([256, 256, 160]) | Label shape: torch.Size([256, 256, 160])
[2026-01-24 03:54:25,199] [INFO] [EVALUATE] Dice WT: 1.0000
[2026-01-24 03:54:31,578] [INFO] [FIT] Received parameters. Starting local training...
[2026-01-24 03:54:33,417] [INFO] [DEBUG] Loaded compressed decoded weights.
[2026-01-24 03:56:48,279] [INFO] [TRAIN] Epoch 1 Loss: 0.1579
[2026-01-24 03:58:57,542] [INFO] [TRAIN] Epoch 2 Loss: 0.1471
[2026-01-24 04:00:52,043] [INFO] [TRAIN] Epoch 3 Loss: 0.1504
[2026-01-24 04:02:40,560] [INFO] [TRAIN] Epoch 4 Loss: 0.1372
[2026-01-24 04:04:21,511] [INFO] [TRAIN] Epoch 5 Loss: 0.1361
[2026-01-24 04:04:21,512] [INFO] [FIT] Local training finished. Avg Loss: 0.1457
[2026-01-24 04:04:52,079] [DEBUG] [TEST] Batch 1 | Pred shape: torch.Size([256, 256, 160]) | Label shape: torch.Size([256, 256, 160])
[2026-01-24 04:04:52,138] [DEBUG] [TEST] Batch 2 | Pred shape: torch.Size([256, 256, 160]) | Label shape: torch.Size([256, 256, 160])
[2026-01-24 04:04:52,203] [DEBUG] [TEST] Batch 3 | Pred shape: torch.Size([256, 256, 160]) | Label shape: torch.Size([256, 256, 160])
[2026-01-24 04:04:52,258] [DEBUG] [TEST] Batch 4 | Pred shape: torch.Size([256, 256, 160]) | Label shape: torch.Size([256, 256, 160])
[2026-01-24 04:04:52,318] [DEBUG] [TEST] Batch 5 | Pred shape: torch.Size([256, 256, 160]) | Label shape: torch.Size([256, 256, 160])
[2026-01-24 04:04:52,374] [DEBUG] [TEST] Batch 6 | Pred shape: torch.Size([256, 256, 160]) | Label shape: torch.Size([256, 256, 160])
[2026-01-24 04:04:52,429] [DEBUG] [TEST] Batch 7 | Pred shape: torch.Size([256, 256, 160]) | Label shape: torch.Size([256, 256, 160])
[2026-01-24 04:04:52,486] [DEBUG] [TEST] Batch 8 | Pred shape: torch.Size([256, 256, 160]) | Label shape: torch.Size([256, 256, 160])
[2026-01-24 04:04:52,541] [DEBUG] [TEST] Batch 9 | Pred shape: torch.Size([256, 256, 160]) | Label shape: torch.Size([256, 256, 160])
[2026-01-24 04:04:52,601] [DEBUG] [TEST] Batch 10 | Pred shape: torch.Size([256, 256, 160]) | Label shape: torch.Size([256, 256, 160])
[2026-01-24 04:04:55,528] [INFO] [FIT] Final model saved to: Revision2/Run_UNET_IID_KH64_20260123/Client4/model_final.pth
[2026-01-24 04:05:11,383] [INFO] [COMM][CLIENT] Round=-1 Mode=KH UsedSparsity=0 UsedClusters=64 BaselineBits=154016352.0 CompressedBits=122370809.0 CR=1.259
[2026-01-24 04:05:57,219] [INFO] [EVALUATE] Starting evaluation...
[2026-01-24 04:06:00,217] [INFO] [DEBUG] Loaded compressed decoded weights.
[2026-01-24 04:07:11,723] [DEBUG] [TEST] Batch 1 | Pred shape: torch.Size([256, 256, 160]) | Label shape: torch.Size([256, 256, 160])
[2026-01-24 04:07:11,815] [DEBUG] [TEST] Batch 2 | Pred shape: torch.Size([256, 256, 160]) | Label shape: torch.Size([256, 256, 160])
[2026-01-24 04:07:12,586] [DEBUG] [TEST] Batch 3 | Pred shape: torch.Size([256, 256, 160]) | Label shape: torch.Size([256, 256, 160])
[2026-01-24 04:07:12,725] [DEBUG] [TEST] Batch 4 | Pred shape: torch.Size([256, 256, 160]) | Label shape: torch.Size([256, 256, 160])
[2026-01-24 04:07:12,923] [DEBUG] [TEST] Batch 5 | Pred shape: torch.Size([256, 256, 160]) | Label shape: torch.Size([256, 256, 160])
[2026-01-24 04:07:13,135] [DEBUG] [TEST] Batch 6 | Pred shape: torch.Size([256, 256, 160]) | Label shape: torch.Size([256, 256, 160])
[2026-01-24 04:07:13,383] [DEBUG] [TEST] Batch 7 | Pred shape: torch.Size([256, 256, 160]) | Label shape: torch.Size([256, 256, 160])
[2026-01-24 04:07:13,635] [DEBUG] [TEST] Batch 8 | Pred shape: torch.Size([256, 256, 160]) | Label shape: torch.Size([256, 256, 160])
[2026-01-24 04:07:13,876] [DEBUG] [TEST] Batch 9 | Pred shape: torch.Size([256, 256, 160]) | Label shape: torch.Size([256, 256, 160])
[2026-01-24 04:07:14,117] [DEBUG] [TEST] Batch 10 | Pred shape: torch.Size([256, 256, 160]) | Label shape: torch.Size([256, 256, 160])
[2026-01-24 04:07:21,004] [INFO] [EVALUATE] Dice WT: 1.0000
[2026-01-24 04:07:25,219] [INFO] [FIT] Received parameters. Starting local training...
[2026-01-24 04:07:26,416] [INFO] [DEBUG] Loaded compressed decoded weights.
[2026-01-24 04:09:44,019] [INFO] [TRAIN] Epoch 1 Loss: 0.1463
[2026-01-24 04:11:58,075] [INFO] [TRAIN] Epoch 2 Loss: 0.1507
[2026-01-24 04:14:08,909] [INFO] [TRAIN] Epoch 3 Loss: 0.1340
[2026-01-24 04:16:11,315] [INFO] [TRAIN] Epoch 4 Loss: 0.1250
[2026-01-24 04:17:51,839] [INFO] [TRAIN] Epoch 5 Loss: 0.1235
[2026-01-24 04:17:51,840] [INFO] [FIT] Local training finished. Avg Loss: 0.1359
[2026-01-24 04:18:32,147] [DEBUG] [TEST] Batch 1 | Pred shape: torch.Size([256, 256, 160]) | Label shape: torch.Size([256, 256, 160])
[2026-01-24 04:18:32,214] [DEBUG] [TEST] Batch 2 | Pred shape: torch.Size([256, 256, 160]) | Label shape: torch.Size([256, 256, 160])
[2026-01-24 04:18:32,269] [DEBUG] [TEST] Batch 3 | Pred shape: torch.Size([256, 256, 160]) | Label shape: torch.Size([256, 256, 160])
[2026-01-24 04:18:32,357] [DEBUG] [TEST] Batch 4 | Pred shape: torch.Size([256, 256, 160]) | Label shape: torch.Size([256, 256, 160])
[2026-01-24 04:18:32,414] [DEBUG] [TEST] Batch 5 | Pred shape: torch.Size([256, 256, 160]) | Label shape: torch.Size([256, 256, 160])
[2026-01-24 04:18:32,471] [DEBUG] [TEST] Batch 6 | Pred shape: torch.Size([256, 256, 160]) | Label shape: torch.Size([256, 256, 160])
[2026-01-24 04:18:32,530] [DEBUG] [TEST] Batch 7 | Pred shape: torch.Size([256, 256, 160]) | Label shape: torch.Size([256, 256, 160])
[2026-01-24 04:18:32,586] [DEBUG] [TEST] Batch 8 | Pred shape: torch.Size([256, 256, 160]) | Label shape: torch.Size([256, 256, 160])
[2026-01-24 04:18:32,642] [DEBUG] [TEST] Batch 9 | Pred shape: torch.Size([256, 256, 160]) | Label shape: torch.Size([256, 256, 160])
[2026-01-24 04:18:32,714] [DEBUG] [TEST] Batch 10 | Pred shape: torch.Size([256, 256, 160]) | Label shape: torch.Size([256, 256, 160])
[2026-01-24 04:18:37,081] [INFO] [FIT] Final model saved to: Revision2/Run_UNET_IID_KH64_20260123/Client4/model_final.pth
[2026-01-24 04:18:56,389] [INFO] [COMM][CLIENT] Round=-1 Mode=KH UsedSparsity=0 UsedClusters=64 BaselineBits=154016352.0 CompressedBits=122299924.0 CR=1.259
[2026-01-24 04:19:47,473] [INFO] [EVALUATE] Starting evaluation...
[2026-01-24 04:19:48,720] [INFO] [DEBUG] Loaded compressed decoded weights.
[2026-01-24 04:20:56,650] [DEBUG] [TEST] Batch 1 | Pred shape: torch.Size([256, 256, 160]) | Label shape: torch.Size([256, 256, 160])
[2026-01-24 04:20:56,808] [DEBUG] [TEST] Batch 2 | Pred shape: torch.Size([256, 256, 160]) | Label shape: torch.Size([256, 256, 160])
[2026-01-24 04:20:57,426] [DEBUG] [TEST] Batch 3 | Pred shape: torch.Size([256, 256, 160]) | Label shape: torch.Size([256, 256, 160])
[2026-01-24 04:20:57,717] [DEBUG] [TEST] Batch 4 | Pred shape: torch.Size([256, 256, 160]) | Label shape: torch.Size([256, 256, 160])
[2026-01-24 04:20:57,773] [DEBUG] [TEST] Batch 5 | Pred shape: torch.Size([256, 256, 160]) | Label shape: torch.Size([256, 256, 160])
[2026-01-24 04:20:57,938] [DEBUG] [TEST] Batch 6 | Pred shape: torch.Size([256, 256, 160]) | Label shape: torch.Size([256, 256, 160])
[2026-01-24 04:20:59,315] [DEBUG] [TEST] Batch 7 | Pred shape: torch.Size([256, 256, 160]) | Label shape: torch.Size([256, 256, 160])
[2026-01-24 04:20:59,373] [DEBUG] [TEST] Batch 8 | Pred shape: torch.Size([256, 256, 160]) | Label shape: torch.Size([256, 256, 160])
[2026-01-24 04:20:59,429] [DEBUG] [TEST] Batch 9 | Pred shape: torch.Size([256, 256, 160]) | Label shape: torch.Size([256, 256, 160])
[2026-01-24 04:20:59,509] [DEBUG] [TEST] Batch 10 | Pred shape: torch.Size([256, 256, 160]) | Label shape: torch.Size([256, 256, 160])
[2026-01-24 04:21:03,365] [INFO] [EVALUATE] Dice WT: 1.0000
[2026-01-24 04:21:09,322] [INFO] [FIT] Received parameters. Starting local training...
[2026-01-24 04:21:10,414] [INFO] [DEBUG] Loaded compressed decoded weights.
[2026-01-24 04:23:29,771] [INFO] [TRAIN] Epoch 1 Loss: 0.1259
[2026-01-24 04:25:50,241] [INFO] [TRAIN] Epoch 2 Loss: 0.1234
[2026-01-24 04:28:01,712] [INFO] [TRAIN] Epoch 3 Loss: 0.1155
[2026-01-24 04:29:49,209] [INFO] [TRAIN] Epoch 4 Loss: 0.1134
[2026-01-24 04:31:24,114] [INFO] [TRAIN] Epoch 5 Loss: 0.1192
[2026-01-24 04:31:24,115] [INFO] [FIT] Local training finished. Avg Loss: 0.1195
[2026-01-24 04:32:11,347] [DEBUG] [TEST] Batch 1 | Pred shape: torch.Size([256, 256, 160]) | Label shape: torch.Size([256, 256, 160])
[2026-01-24 04:32:11,737] [DEBUG] [TEST] Batch 2 | Pred shape: torch.Size([256, 256, 160]) | Label shape: torch.Size([256, 256, 160])
[2026-01-24 04:32:11,822] [DEBUG] [TEST] Batch 3 | Pred shape: torch.Size([256, 256, 160]) | Label shape: torch.Size([256, 256, 160])
[2026-01-24 04:32:11,958] [DEBUG] [TEST] Batch 4 | Pred shape: torch.Size([256, 256, 160]) | Label shape: torch.Size([256, 256, 160])
[2026-01-24 04:32:12,075] [DEBUG] [TEST] Batch 5 | Pred shape: torch.Size([256, 256, 160]) | Label shape: torch.Size([256, 256, 160])
[2026-01-24 04:32:12,189] [DEBUG] [TEST] Batch 6 | Pred shape: torch.Size([256, 256, 160]) | Label shape: torch.Size([256, 256, 160])
[2026-01-24 04:32:12,267] [DEBUG] [TEST] Batch 7 | Pred shape: torch.Size([256, 256, 160]) | Label shape: torch.Size([256, 256, 160])
[2026-01-24 04:32:12,324] [DEBUG] [TEST] Batch 8 | Pred shape: torch.Size([256, 256, 160]) | Label shape: torch.Size([256, 256, 160])
[2026-01-24 04:32:12,379] [DEBUG] [TEST] Batch 9 | Pred shape: torch.Size([256, 256, 160]) | Label shape: torch.Size([256, 256, 160])
[2026-01-24 04:32:12,439] [DEBUG] [TEST] Batch 10 | Pred shape: torch.Size([256, 256, 160]) | Label shape: torch.Size([256, 256, 160])
[2026-01-24 04:32:16,336] [INFO] [FIT] Final model saved to: Revision2/Run_UNET_IID_KH64_20260123/Client4/model_final.pth
[2026-01-24 04:32:33,238] [INFO] [COMM][CLIENT] Round=-1 Mode=KH UsedSparsity=0 UsedClusters=64 BaselineBits=154016352.0 CompressedBits=122324691.0 CR=1.259
[2026-01-24 04:33:18,832] [INFO] [EVALUATE] Starting evaluation...
[2026-01-24 04:33:20,811] [INFO] [DEBUG] Loaded compressed decoded weights.
[2026-01-24 04:34:36,836] [DEBUG] [TEST] Batch 1 | Pred shape: torch.Size([256, 256, 160]) | Label shape: torch.Size([256, 256, 160])
[2026-01-24 04:34:37,084] [DEBUG] [TEST] Batch 2 | Pred shape: torch.Size([256, 256, 160]) | Label shape: torch.Size([256, 256, 160])
[2026-01-24 04:34:37,334] [DEBUG] [TEST] Batch 3 | Pred shape: torch.Size([256, 256, 160]) | Label shape: torch.Size([256, 256, 160])
[2026-01-24 04:34:37,580] [DEBUG] [TEST] Batch 4 | Pred shape: torch.Size([256, 256, 160]) | Label shape: torch.Size([256, 256, 160])
[2026-01-24 04:34:37,823] [DEBUG] [TEST] Batch 5 | Pred shape: torch.Size([256, 256, 160]) | Label shape: torch.Size([256, 256, 160])
[2026-01-24 04:34:38,006] [DEBUG] [TEST] Batch 6 | Pred shape: torch.Size([256, 256, 160]) | Label shape: torch.Size([256, 256, 160])
[2026-01-24 04:34:38,188] [DEBUG] [TEST] Batch 7 | Pred shape: torch.Size([256, 256, 160]) | Label shape: torch.Size([256, 256, 160])
[2026-01-24 04:34:38,322] [DEBUG] [TEST] Batch 8 | Pred shape: torch.Size([256, 256, 160]) | Label shape: torch.Size([256, 256, 160])
[2026-01-24 04:34:38,414] [DEBUG] [TEST] Batch 9 | Pred shape: torch.Size([256, 256, 160]) | Label shape: torch.Size([256, 256, 160])
[2026-01-24 04:34:38,513] [DEBUG] [TEST] Batch 10 | Pred shape: torch.Size([256, 256, 160]) | Label shape: torch.Size([256, 256, 160])
[2026-01-24 04:34:46,084] [INFO] [EVALUATE] Dice WT: 1.0000
[2026-01-24 04:34:50,829] [INFO] [FIT] Received parameters. Starting local training...
[2026-01-24 04:34:52,918] [INFO] [DEBUG] Loaded compressed decoded weights.
[2026-01-24 04:37:09,170] [INFO] [TRAIN] Epoch 1 Loss: 0.1179
[2026-01-24 04:39:15,557] [INFO] [TRAIN] Epoch 2 Loss: 0.1245
[2026-01-24 04:41:19,014] [INFO] [TRAIN] Epoch 3 Loss: 0.1122
[2026-01-24 04:43:14,349] [INFO] [TRAIN] Epoch 4 Loss: 0.1150
[2026-01-24 04:45:04,810] [INFO] [TRAIN] Epoch 5 Loss: 0.1197
[2026-01-24 04:45:04,811] [INFO] [FIT] Local training finished. Avg Loss: 0.1179
[2026-01-24 04:46:02,127] [DEBUG] [TEST] Batch 1 | Pred shape: torch.Size([256, 256, 160]) | Label shape: torch.Size([256, 256, 160])
[2026-01-24 04:46:02,238] [DEBUG] [TEST] Batch 2 | Pred shape: torch.Size([256, 256, 160]) | Label shape: torch.Size([256, 256, 160])
[2026-01-24 04:46:02,512] [DEBUG] [TEST] Batch 3 | Pred shape: torch.Size([256, 256, 160]) | Label shape: torch.Size([256, 256, 160])
[2026-01-24 04:46:02,567] [DEBUG] [TEST] Batch 4 | Pred shape: torch.Size([256, 256, 160]) | Label shape: torch.Size([256, 256, 160])
[2026-01-24 04:46:02,641] [DEBUG] [TEST] Batch 5 | Pred shape: torch.Size([256, 256, 160]) | Label shape: torch.Size([256, 256, 160])
[2026-01-24 04:46:02,751] [DEBUG] [TEST] Batch 6 | Pred shape: torch.Size([256, 256, 160]) | Label shape: torch.Size([256, 256, 160])
[2026-01-24 04:46:02,868] [DEBUG] [TEST] Batch 7 | Pred shape: torch.Size([256, 256, 160]) | Label shape: torch.Size([256, 256, 160])
[2026-01-24 04:46:02,987] [DEBUG] [TEST] Batch 8 | Pred shape: torch.Size([256, 256, 160]) | Label shape: torch.Size([256, 256, 160])
[2026-01-24 04:46:03,045] [DEBUG] [TEST] Batch 9 | Pred shape: torch.Size([256, 256, 160]) | Label shape: torch.Size([256, 256, 160])
[2026-01-24 04:46:03,114] [DEBUG] [TEST] Batch 10 | Pred shape: torch.Size([256, 256, 160]) | Label shape: torch.Size([256, 256, 160])
[2026-01-24 04:46:09,259] [INFO] [FIT] Final model saved to: Revision2/Run_UNET_IID_KH64_20260123/Client4/model_final.pth
[2026-01-24 04:46:29,863] [INFO] [COMM][CLIENT] Round=-1 Mode=KH UsedSparsity=0 UsedClusters=64 BaselineBits=154016352.0 CompressedBits=122331626.0 CR=1.259
[2026-01-24 04:47:19,437] [INFO] [EVALUATE] Starting evaluation...
[2026-01-24 04:47:20,611] [INFO] [DEBUG] Loaded compressed decoded weights.
[2026-01-24 04:48:32,459] [DEBUG] [TEST] Batch 1 | Pred shape: torch.Size([256, 256, 160]) | Label shape: torch.Size([256, 256, 160])
[2026-01-24 04:48:32,646] [DEBUG] [TEST] Batch 2 | Pred shape: torch.Size([256, 256, 160]) | Label shape: torch.Size([256, 256, 160])
[2026-01-24 04:48:32,914] [DEBUG] [TEST] Batch 3 | Pred shape: torch.Size([256, 256, 160]) | Label shape: torch.Size([256, 256, 160])
[2026-01-24 04:48:32,969] [DEBUG] [TEST] Batch 4 | Pred shape: torch.Size([256, 256, 160]) | Label shape: torch.Size([256, 256, 160])
[2026-01-24 04:48:33,057] [DEBUG] [TEST] Batch 5 | Pred shape: torch.Size([256, 256, 160]) | Label shape: torch.Size([256, 256, 160])
[2026-01-24 04:48:33,146] [DEBUG] [TEST] Batch 6 | Pred shape: torch.Size([256, 256, 160]) | Label shape: torch.Size([256, 256, 160])
[2026-01-24 04:48:33,215] [DEBUG] [TEST] Batch 7 | Pred shape: torch.Size([256, 256, 160]) | Label shape: torch.Size([256, 256, 160])
[2026-01-24 04:48:33,271] [DEBUG] [TEST] Batch 8 | Pred shape: torch.Size([256, 256, 160]) | Label shape: torch.Size([256, 256, 160])
[2026-01-24 04:48:33,357] [DEBUG] [TEST] Batch 9 | Pred shape: torch.Size([256, 256, 160]) | Label shape: torch.Size([256, 256, 160])
[2026-01-24 04:48:33,414] [DEBUG] [TEST] Batch 10 | Pred shape: torch.Size([256, 256, 160]) | Label shape: torch.Size([256, 256, 160])
[2026-01-24 04:48:38,370] [INFO] [EVALUATE] Dice WT: 1.0000
[2026-01-24 04:48:51,356] [INFO] [FIT] Received parameters. Starting local training...
[2026-01-24 04:48:53,213] [INFO] [DEBUG] Loaded compressed decoded weights.
[2026-01-24 04:51:13,641] [INFO] [TRAIN] Epoch 1 Loss: 0.1151
[2026-01-24 04:53:28,061] [INFO] [TRAIN] Epoch 2 Loss: 0.1087
[2026-01-24 04:55:38,715] [INFO] [TRAIN] Epoch 3 Loss: 0.1135
[2026-01-24 04:57:41,710] [INFO] [TRAIN] Epoch 4 Loss: 0.1033
[2026-01-24 04:59:25,441] [INFO] [TRAIN] Epoch 5 Loss: 0.1034
[2026-01-24 04:59:25,443] [INFO] [FIT] Local training finished. Avg Loss: 0.1088
[2026-01-24 04:59:56,049] [DEBUG] [TEST] Batch 1 | Pred shape: torch.Size([256, 256, 160]) | Label shape: torch.Size([256, 256, 160])
[2026-01-24 04:59:56,216] [DEBUG] [TEST] Batch 2 | Pred shape: torch.Size([256, 256, 160]) | Label shape: torch.Size([256, 256, 160])
[2026-01-24 04:59:56,280] [DEBUG] [TEST] Batch 3 | Pred shape: torch.Size([256, 256, 160]) | Label shape: torch.Size([256, 256, 160])
[2026-01-24 04:59:56,336] [DEBUG] [TEST] Batch 4 | Pred shape: torch.Size([256, 256, 160]) | Label shape: torch.Size([256, 256, 160])
[2026-01-24 04:59:56,391] [DEBUG] [TEST] Batch 5 | Pred shape: torch.Size([256, 256, 160]) | Label shape: torch.Size([256, 256, 160])
[2026-01-24 04:59:56,451] [DEBUG] [TEST] Batch 6 | Pred shape: torch.Size([256, 256, 160]) | Label shape: torch.Size([256, 256, 160])
[2026-01-24 04:59:56,507] [DEBUG] [TEST] Batch 7 | Pred shape: torch.Size([256, 256, 160]) | Label shape: torch.Size([256, 256, 160])
[2026-01-24 04:59:56,562] [DEBUG] [TEST] Batch 8 | Pred shape: torch.Size([256, 256, 160]) | Label shape: torch.Size([256, 256, 160])
[2026-01-24 04:59:56,621] [DEBUG] [TEST] Batch 9 | Pred shape: torch.Size([256, 256, 160]) | Label shape: torch.Size([256, 256, 160])
[2026-01-24 04:59:56,676] [DEBUG] [TEST] Batch 10 | Pred shape: torch.Size([256, 256, 160]) | Label shape: torch.Size([256, 256, 160])
[2026-01-24 04:59:59,727] [INFO] [FIT] Final model saved to: Revision2/Run_UNET_IID_KH64_20260123/Client4/model_final.pth
[2026-01-24 05:00:16,911] [INFO] [COMM][CLIENT] Round=-1 Mode=KH UsedSparsity=0 UsedClusters=64 BaselineBits=154016352.0 CompressedBits=122359269.0 CR=1.259
[2026-01-24 05:01:50,118] [INFO] [EVALUATE] Starting evaluation...
[2026-01-24 05:01:51,136] [INFO] [DEBUG] Loaded compressed decoded weights.
[2026-01-24 05:03:01,370] [DEBUG] [TEST] Batch 1 | Pred shape: torch.Size([256, 256, 160]) | Label shape: torch.Size([256, 256, 160])
[2026-01-24 05:03:01,969] [DEBUG] [TEST] Batch 2 | Pred shape: torch.Size([256, 256, 160]) | Label shape: torch.Size([256, 256, 160])
[2026-01-24 05:03:02,039] [DEBUG] [TEST] Batch 3 | Pred shape: torch.Size([256, 256, 160]) | Label shape: torch.Size([256, 256, 160])
[2026-01-24 05:03:02,107] [DEBUG] [TEST] Batch 4 | Pred shape: torch.Size([256, 256, 160]) | Label shape: torch.Size([256, 256, 160])
[2026-01-24 05:03:02,164] [DEBUG] [TEST] Batch 5 | Pred shape: torch.Size([256, 256, 160]) | Label shape: torch.Size([256, 256, 160])
[2026-01-24 05:03:02,219] [DEBUG] [TEST] Batch 6 | Pred shape: torch.Size([256, 256, 160]) | Label shape: torch.Size([256, 256, 160])
[2026-01-24 05:03:02,279] [DEBUG] [TEST] Batch 7 | Pred shape: torch.Size([256, 256, 160]) | Label shape: torch.Size([256, 256, 160])
[2026-01-24 05:03:02,334] [DEBUG] [TEST] Batch 8 | Pred shape: torch.Size([256, 256, 160]) | Label shape: torch.Size([256, 256, 160])
[2026-01-24 05:03:02,395] [DEBUG] [TEST] Batch 9 | Pred shape: torch.Size([256, 256, 160]) | Label shape: torch.Size([256, 256, 160])
[2026-01-24 05:03:02,454] [DEBUG] [TEST] Batch 10 | Pred shape: torch.Size([256, 256, 160]) | Label shape: torch.Size([256, 256, 160])
[2026-01-24 05:03:06,922] [INFO] [EVALUATE] Dice WT: 1.0000
