[2026-01-24 10:41:35,030] [INFO] Model initialized on device: cuda:0
[2026-01-24 10:41:35,030] [INFO] [CLIENT INIT] Mode=FEDAVG | Sparsity=OFF (UsedSparsity=0) | Clusters=OFF (UsedClusters=0) | EnvSparsityCfg={'Conv': 0.6, 'Linear': 0.6, 'Bias': 0.0, 'BatchNorm': 0.0} | EnvNClusters=3
[2026-01-24 10:41:46,619] [INFO] [FIT] Received parameters. Starting local training...
[2026-01-24 10:41:48,309] [INFO] [DEBUG] Loaded uncompressed weights.
[2026-01-24 10:42:54,495] [INFO] Model initialized on device: cuda:0
[2026-01-24 10:42:54,495] [INFO] [CLIENT INIT] Mode=FEDAVG | Sparsity=OFF (UsedSparsity=0) | Clusters=OFF (UsedClusters=0) | EnvSparsityCfg={'Conv': 0.6, 'Linear': 0.6, 'Bias': 0.0, 'BatchNorm': 0.0} | EnvNClusters=3
[2026-01-24 10:42:54,656] [INFO] Model initialized on device: cuda:0
[2026-01-24 10:42:54,656] [INFO] [CLIENT INIT] Mode=FEDAVG | Sparsity=OFF (UsedSparsity=0) | Clusters=OFF (UsedClusters=0) | EnvSparsityCfg={'Conv': 0.6, 'Linear': 0.6, 'Bias': 0.0, 'BatchNorm': 0.0} | EnvNClusters=3
[2026-01-24 10:42:54,922] [INFO] Model initialized on device: cuda:0
[2026-01-24 10:42:54,922] [INFO] [CLIENT INIT] Mode=FEDAVG | Sparsity=OFF (UsedSparsity=0) | Clusters=OFF (UsedClusters=0) | EnvSparsityCfg={'Conv': 0.6, 'Linear': 0.6, 'Bias': 0.0, 'BatchNorm': 0.0} | EnvNClusters=3
[2026-01-24 10:42:55,055] [INFO] Model initialized on device: cuda:0
[2026-01-24 10:42:55,055] [INFO] [CLIENT INIT] Mode=FEDAVG | Sparsity=OFF (UsedSparsity=0) | Clusters=OFF (UsedClusters=0) | EnvSparsityCfg={'Conv': 0.6, 'Linear': 0.6, 'Bias': 0.0, 'BatchNorm': 0.0} | EnvNClusters=3
[2026-01-24 10:42:55,777] [INFO] Model initialized on device: cuda:0
[2026-01-24 10:42:55,777] [INFO] [CLIENT INIT] Mode=FEDAVG | Sparsity=OFF (UsedSparsity=0) | Clusters=OFF (UsedClusters=0) | EnvSparsityCfg={'Conv': 0.6, 'Linear': 0.6, 'Bias': 0.0, 'BatchNorm': 0.0} | EnvNClusters=3
[2026-01-24 10:42:56,384] [INFO] Model initialized on device: cuda:0
[2026-01-24 10:42:56,384] [INFO] [CLIENT INIT] Mode=FEDAVG | Sparsity=OFF (UsedSparsity=0) | Clusters=OFF (UsedClusters=0) | EnvSparsityCfg={'Conv': 0.6, 'Linear': 0.6, 'Bias': 0.0, 'BatchNorm': 0.0} | EnvNClusters=3
[2026-01-24 10:42:56,629] [INFO] Model initialized on device: cuda:0
[2026-01-24 10:42:56,630] [INFO] [CLIENT INIT] Mode=FEDAVG | Sparsity=OFF (UsedSparsity=0) | Clusters=OFF (UsedClusters=0) | EnvSparsityCfg={'Conv': 0.6, 'Linear': 0.6, 'Bias': 0.0, 'BatchNorm': 0.0} | EnvNClusters=3
[2026-01-24 10:42:57,026] [INFO] Model initialized on device: cuda:0
[2026-01-24 10:42:57,026] [INFO] [CLIENT INIT] Mode=FEDAVG | Sparsity=OFF (UsedSparsity=0) | Clusters=OFF (UsedClusters=0) | EnvSparsityCfg={'Conv': 0.6, 'Linear': 0.6, 'Bias': 0.0, 'BatchNorm': 0.0} | EnvNClusters=3
[2026-01-24 10:43:01,717] [INFO] Model initialized on device: cuda:0
[2026-01-24 10:43:01,718] [INFO] [CLIENT INIT] Mode=FEDAVG | Sparsity=OFF (UsedSparsity=0) | Clusters=OFF (UsedClusters=0) | EnvSparsityCfg={'Conv': 0.6, 'Linear': 0.6, 'Bias': 0.0, 'BatchNorm': 0.0} | EnvNClusters=3
[2026-01-24 10:43:02,113] [INFO] Model initialized on device: cuda:0
[2026-01-24 10:43:02,113] [INFO] [CLIENT INIT] Mode=FEDAVG | Sparsity=OFF (UsedSparsity=0) | Clusters=OFF (UsedClusters=0) | EnvSparsityCfg={'Conv': 0.6, 'Linear': 0.6, 'Bias': 0.0, 'BatchNorm': 0.0} | EnvNClusters=3
[2026-01-24 10:44:01,016] [INFO] [TRAIN] Epoch 1 Loss: 0.9622
[2026-01-24 10:44:47,233] [INFO] Model initialized on device: cuda:0
[2026-01-24 10:44:47,234] [INFO] [CLIENT INIT] Mode=FEDAVG | Sparsity=OFF (UsedSparsity=0) | Clusters=OFF (UsedClusters=0) | EnvSparsityCfg={'Conv': 0.6, 'Linear': 0.6, 'Bias': 0.0, 'BatchNorm': 0.0} | EnvNClusters=3
[2026-01-24 10:44:47,415] [INFO] Model initialized on device: cuda:0
[2026-01-24 10:44:47,416] [INFO] [CLIENT INIT] Mode=FEDAVG | Sparsity=OFF (UsedSparsity=0) | Clusters=OFF (UsedClusters=0) | EnvSparsityCfg={'Conv': 0.6, 'Linear': 0.6, 'Bias': 0.0, 'BatchNorm': 0.0} | EnvNClusters=3
[2026-01-24 10:44:47,443] [INFO] Model initialized on device: cuda:0
[2026-01-24 10:44:47,443] [INFO] [CLIENT INIT] Mode=FEDAVG | Sparsity=OFF (UsedSparsity=0) | Clusters=OFF (UsedClusters=0) | EnvSparsityCfg={'Conv': 0.6, 'Linear': 0.6, 'Bias': 0.0, 'BatchNorm': 0.0} | EnvNClusters=3
[2026-01-24 10:44:47,817] [INFO] Model initialized on device: cuda:0
[2026-01-24 10:44:47,817] [INFO] [CLIENT INIT] Mode=FEDAVG | Sparsity=OFF (UsedSparsity=0) | Clusters=OFF (UsedClusters=0) | EnvSparsityCfg={'Conv': 0.6, 'Linear': 0.6, 'Bias': 0.0, 'BatchNorm': 0.0} | EnvNClusters=3
[2026-01-24 10:44:47,921] [INFO] Model initialized on device: cuda:0
[2026-01-24 10:44:47,921] [INFO] [CLIENT INIT] Mode=FEDAVG | Sparsity=OFF (UsedSparsity=0) | Clusters=OFF (UsedClusters=0) | EnvSparsityCfg={'Conv': 0.6, 'Linear': 0.6, 'Bias': 0.0, 'BatchNorm': 0.0} | EnvNClusters=3
[2026-01-24 10:44:48,112] [INFO] Model initialized on device: cuda:0
[2026-01-24 10:44:48,112] [INFO] [CLIENT INIT] Mode=FEDAVG | Sparsity=OFF (UsedSparsity=0) | Clusters=OFF (UsedClusters=0) | EnvSparsityCfg={'Conv': 0.6, 'Linear': 0.6, 'Bias': 0.0, 'BatchNorm': 0.0} | EnvNClusters=3
[2026-01-24 10:44:48,114] [INFO] Model initialized on device: cuda:0
[2026-01-24 10:44:48,114] [INFO] [CLIENT INIT] Mode=FEDAVG | Sparsity=OFF (UsedSparsity=0) | Clusters=OFF (UsedClusters=0) | EnvSparsityCfg={'Conv': 0.6, 'Linear': 0.6, 'Bias': 0.0, 'BatchNorm': 0.0} | EnvNClusters=3
[2026-01-24 10:44:48,114] [INFO] Model initialized on device: cuda:0
[2026-01-24 10:44:48,114] [INFO] [CLIENT INIT] Mode=FEDAVG | Sparsity=OFF (UsedSparsity=0) | Clusters=OFF (UsedClusters=0) | EnvSparsityCfg={'Conv': 0.6, 'Linear': 0.6, 'Bias': 0.0, 'BatchNorm': 0.0} | EnvNClusters=3
[2026-01-24 10:44:48,119] [INFO] Model initialized on device: cuda:0
[2026-01-24 10:44:48,119] [INFO] [CLIENT INIT] Mode=FEDAVG | Sparsity=OFF (UsedSparsity=0) | Clusters=OFF (UsedClusters=0) | EnvSparsityCfg={'Conv': 0.6, 'Linear': 0.6, 'Bias': 0.0, 'BatchNorm': 0.0} | EnvNClusters=3
[2026-01-24 10:44:48,122] [INFO] Model initialized on device: cuda:0
[2026-01-24 10:44:48,122] [INFO] [CLIENT INIT] Mode=FEDAVG | Sparsity=OFF (UsedSparsity=0) | Clusters=OFF (UsedClusters=0) | EnvSparsityCfg={'Conv': 0.6, 'Linear': 0.6, 'Bias': 0.0, 'BatchNorm': 0.0} | EnvNClusters=3
[2026-01-24 10:45:39,419] [INFO] [TRAIN] Epoch 2 Loss: 0.9576
[2026-01-24 10:46:23,255] [INFO] Model initialized on device: cuda:0
[2026-01-24 10:46:23,256] [INFO] [CLIENT INIT] Mode=FEDAVG | Sparsity=OFF (UsedSparsity=0) | Clusters=OFF (UsedClusters=0) | EnvSparsityCfg={'Conv': 0.6, 'Linear': 0.6, 'Bias': 0.0, 'BatchNorm': 0.0} | EnvNClusters=3
[2026-01-24 10:46:25,352] [INFO] Model initialized on device: cuda:0
[2026-01-24 10:46:25,352] [INFO] [CLIENT INIT] Mode=FEDAVG | Sparsity=OFF (UsedSparsity=0) | Clusters=OFF (UsedClusters=0) | EnvSparsityCfg={'Conv': 0.6, 'Linear': 0.6, 'Bias': 0.0, 'BatchNorm': 0.0} | EnvNClusters=3
[2026-01-24 10:46:25,632] [INFO] Model initialized on device: cuda:0
[2026-01-24 10:46:25,632] [INFO] [CLIENT INIT] Mode=FEDAVG | Sparsity=OFF (UsedSparsity=0) | Clusters=OFF (UsedClusters=0) | EnvSparsityCfg={'Conv': 0.6, 'Linear': 0.6, 'Bias': 0.0, 'BatchNorm': 0.0} | EnvNClusters=3
[2026-01-24 10:46:25,649] [INFO] Model initialized on device: cuda:0
[2026-01-24 10:46:25,650] [INFO] [CLIENT INIT] Mode=FEDAVG | Sparsity=OFF (UsedSparsity=0) | Clusters=OFF (UsedClusters=0) | EnvSparsityCfg={'Conv': 0.6, 'Linear': 0.6, 'Bias': 0.0, 'BatchNorm': 0.0} | EnvNClusters=3
[2026-01-24 10:46:25,816] [INFO] Model initialized on device: cuda:0
[2026-01-24 10:46:25,816] [INFO] [CLIENT INIT] Mode=FEDAVG | Sparsity=OFF (UsedSparsity=0) | Clusters=OFF (UsedClusters=0) | EnvSparsityCfg={'Conv': 0.6, 'Linear': 0.6, 'Bias': 0.0, 'BatchNorm': 0.0} | EnvNClusters=3
[2026-01-24 10:46:26,027] [INFO] Model initialized on device: cuda:0
[2026-01-24 10:46:26,027] [INFO] [CLIENT INIT] Mode=FEDAVG | Sparsity=OFF (UsedSparsity=0) | Clusters=OFF (UsedClusters=0) | EnvSparsityCfg={'Conv': 0.6, 'Linear': 0.6, 'Bias': 0.0, 'BatchNorm': 0.0} | EnvNClusters=3
[2026-01-24 10:46:26,039] [INFO] Model initialized on device: cuda:0
[2026-01-24 10:46:26,039] [INFO] [CLIENT INIT] Mode=FEDAVG | Sparsity=OFF (UsedSparsity=0) | Clusters=OFF (UsedClusters=0) | EnvSparsityCfg={'Conv': 0.6, 'Linear': 0.6, 'Bias': 0.0, 'BatchNorm': 0.0} | EnvNClusters=3
[2026-01-24 10:46:26,207] [INFO] Model initialized on device: cuda:0
[2026-01-24 10:46:26,208] [INFO] [CLIENT INIT] Mode=FEDAVG | Sparsity=OFF (UsedSparsity=0) | Clusters=OFF (UsedClusters=0) | EnvSparsityCfg={'Conv': 0.6, 'Linear': 0.6, 'Bias': 0.0, 'BatchNorm': 0.0} | EnvNClusters=3
[2026-01-24 10:46:26,247] [INFO] Model initialized on device: cuda:0
[2026-01-24 10:46:26,247] [INFO] [CLIENT INIT] Mode=FEDAVG | Sparsity=OFF (UsedSparsity=0) | Clusters=OFF (UsedClusters=0) | EnvSparsityCfg={'Conv': 0.6, 'Linear': 0.6, 'Bias': 0.0, 'BatchNorm': 0.0} | EnvNClusters=3
[2026-01-24 10:46:26,910] [INFO] Model initialized on device: cuda:0
[2026-01-24 10:46:26,910] [INFO] [CLIENT INIT] Mode=FEDAVG | Sparsity=OFF (UsedSparsity=0) | Clusters=OFF (UsedClusters=0) | EnvSparsityCfg={'Conv': 0.6, 'Linear': 0.6, 'Bias': 0.0, 'BatchNorm': 0.0} | EnvNClusters=3
[2026-01-24 10:47:24,385] [INFO] [TRAIN] Epoch 3 Loss: 0.9567
[2026-01-24 10:48:06,531] [INFO] Model initialized on device: cuda:0
[2026-01-24 10:48:06,531] [INFO] [CLIENT INIT] Mode=FEDAVG | Sparsity=OFF (UsedSparsity=0) | Clusters=OFF (UsedClusters=0) | EnvSparsityCfg={'Conv': 0.6, 'Linear': 0.6, 'Bias': 0.0, 'BatchNorm': 0.0} | EnvNClusters=3
[2026-01-24 10:48:06,910] [INFO] Model initialized on device: cuda:0
[2026-01-24 10:48:06,911] [INFO] [CLIENT INIT] Mode=FEDAVG | Sparsity=OFF (UsedSparsity=0) | Clusters=OFF (UsedClusters=0) | EnvSparsityCfg={'Conv': 0.6, 'Linear': 0.6, 'Bias': 0.0, 'BatchNorm': 0.0} | EnvNClusters=3
[2026-01-24 10:48:06,912] [INFO] Model initialized on device: cuda:0
[2026-01-24 10:48:06,912] [INFO] [CLIENT INIT] Mode=FEDAVG | Sparsity=OFF (UsedSparsity=0) | Clusters=OFF (UsedClusters=0) | EnvSparsityCfg={'Conv': 0.6, 'Linear': 0.6, 'Bias': 0.0, 'BatchNorm': 0.0} | EnvNClusters=3
[2026-01-24 10:48:07,031] [INFO] Model initialized on device: cuda:0
[2026-01-24 10:48:07,031] [INFO] [CLIENT INIT] Mode=FEDAVG | Sparsity=OFF (UsedSparsity=0) | Clusters=OFF (UsedClusters=0) | EnvSparsityCfg={'Conv': 0.6, 'Linear': 0.6, 'Bias': 0.0, 'BatchNorm': 0.0} | EnvNClusters=3
[2026-01-24 10:48:07,513] [INFO] Model initialized on device: cuda:0
[2026-01-24 10:48:07,514] [INFO] [CLIENT INIT] Mode=FEDAVG | Sparsity=OFF (UsedSparsity=0) | Clusters=OFF (UsedClusters=0) | EnvSparsityCfg={'Conv': 0.6, 'Linear': 0.6, 'Bias': 0.0, 'BatchNorm': 0.0} | EnvNClusters=3
[2026-01-24 10:48:08,008] [INFO] Model initialized on device: cuda:0
[2026-01-24 10:48:08,008] [INFO] [CLIENT INIT] Mode=FEDAVG | Sparsity=OFF (UsedSparsity=0) | Clusters=OFF (UsedClusters=0) | EnvSparsityCfg={'Conv': 0.6, 'Linear': 0.6, 'Bias': 0.0, 'BatchNorm': 0.0} | EnvNClusters=3
[2026-01-24 10:48:08,120] [INFO] Model initialized on device: cuda:0
[2026-01-24 10:48:08,120] [INFO] [CLIENT INIT] Mode=FEDAVG | Sparsity=OFF (UsedSparsity=0) | Clusters=OFF (UsedClusters=0) | EnvSparsityCfg={'Conv': 0.6, 'Linear': 0.6, 'Bias': 0.0, 'BatchNorm': 0.0} | EnvNClusters=3
[2026-01-24 10:48:08,227] [INFO] Model initialized on device: cuda:0
[2026-01-24 10:48:08,227] [INFO] [CLIENT INIT] Mode=FEDAVG | Sparsity=OFF (UsedSparsity=0) | Clusters=OFF (UsedClusters=0) | EnvSparsityCfg={'Conv': 0.6, 'Linear': 0.6, 'Bias': 0.0, 'BatchNorm': 0.0} | EnvNClusters=3
[2026-01-24 10:48:08,915] [INFO] Model initialized on device: cuda:0
[2026-01-24 10:48:08,916] [INFO] [CLIENT INIT] Mode=FEDAVG | Sparsity=OFF (UsedSparsity=0) | Clusters=OFF (UsedClusters=0) | EnvSparsityCfg={'Conv': 0.6, 'Linear': 0.6, 'Bias': 0.0, 'BatchNorm': 0.0} | EnvNClusters=3
[2026-01-24 10:48:08,919] [INFO] Model initialized on device: cuda:0
[2026-01-24 10:48:08,920] [INFO] [CLIENT INIT] Mode=FEDAVG | Sparsity=OFF (UsedSparsity=0) | Clusters=OFF (UsedClusters=0) | EnvSparsityCfg={'Conv': 0.6, 'Linear': 0.6, 'Bias': 0.0, 'BatchNorm': 0.0} | EnvNClusters=3
[2026-01-24 10:49:02,412] [INFO] [TRAIN] Epoch 4 Loss: 0.9559
[2026-01-24 10:49:33,614] [INFO] Model initialized on device: cuda:0
[2026-01-24 10:49:33,614] [INFO] [CLIENT INIT] Mode=FEDAVG | Sparsity=OFF (UsedSparsity=0) | Clusters=OFF (UsedClusters=0) | EnvSparsityCfg={'Conv': 0.6, 'Linear': 0.6, 'Bias': 0.0, 'BatchNorm': 0.0} | EnvNClusters=3
[2026-01-24 10:49:34,536] [INFO] Model initialized on device: cuda:0
[2026-01-24 10:49:34,536] [INFO] [CLIENT INIT] Mode=FEDAVG | Sparsity=OFF (UsedSparsity=0) | Clusters=OFF (UsedClusters=0) | EnvSparsityCfg={'Conv': 0.6, 'Linear': 0.6, 'Bias': 0.0, 'BatchNorm': 0.0} | EnvNClusters=3
[2026-01-24 10:49:36,013] [INFO] Model initialized on device: cuda:0
[2026-01-24 10:49:36,013] [INFO] [CLIENT INIT] Mode=FEDAVG | Sparsity=OFF (UsedSparsity=0) | Clusters=OFF (UsedClusters=0) | EnvSparsityCfg={'Conv': 0.6, 'Linear': 0.6, 'Bias': 0.0, 'BatchNorm': 0.0} | EnvNClusters=3
[2026-01-24 10:49:36,127] [INFO] Model initialized on device: cuda:0
[2026-01-24 10:49:36,127] [INFO] [CLIENT INIT] Mode=FEDAVG | Sparsity=OFF (UsedSparsity=0) | Clusters=OFF (UsedClusters=0) | EnvSparsityCfg={'Conv': 0.6, 'Linear': 0.6, 'Bias': 0.0, 'BatchNorm': 0.0} | EnvNClusters=3
[2026-01-24 10:49:38,926] [INFO] Model initialized on device: cuda:0
[2026-01-24 10:49:38,926] [INFO] [CLIENT INIT] Mode=FEDAVG | Sparsity=OFF (UsedSparsity=0) | Clusters=OFF (UsedClusters=0) | EnvSparsityCfg={'Conv': 0.6, 'Linear': 0.6, 'Bias': 0.0, 'BatchNorm': 0.0} | EnvNClusters=3
[2026-01-24 10:49:39,220] [INFO] Model initialized on device: cuda:0
[2026-01-24 10:49:39,220] [INFO] [CLIENT INIT] Mode=FEDAVG | Sparsity=OFF (UsedSparsity=0) | Clusters=OFF (UsedClusters=0) | EnvSparsityCfg={'Conv': 0.6, 'Linear': 0.6, 'Bias': 0.0, 'BatchNorm': 0.0} | EnvNClusters=3
[2026-01-24 10:49:39,817] [INFO] Model initialized on device: cuda:0
[2026-01-24 10:49:39,818] [INFO] [CLIENT INIT] Mode=FEDAVG | Sparsity=OFF (UsedSparsity=0) | Clusters=OFF (UsedClusters=0) | EnvSparsityCfg={'Conv': 0.6, 'Linear': 0.6, 'Bias': 0.0, 'BatchNorm': 0.0} | EnvNClusters=3
[2026-01-24 10:49:39,822] [INFO] Model initialized on device: cuda:0
[2026-01-24 10:49:39,822] [INFO] [CLIENT INIT] Mode=FEDAVG | Sparsity=OFF (UsedSparsity=0) | Clusters=OFF (UsedClusters=0) | EnvSparsityCfg={'Conv': 0.6, 'Linear': 0.6, 'Bias': 0.0, 'BatchNorm': 0.0} | EnvNClusters=3
[2026-01-24 10:49:39,824] [INFO] Model initialized on device: cuda:0
[2026-01-24 10:49:39,824] [INFO] [CLIENT INIT] Mode=FEDAVG | Sparsity=OFF (UsedSparsity=0) | Clusters=OFF (UsedClusters=0) | EnvSparsityCfg={'Conv': 0.6, 'Linear': 0.6, 'Bias': 0.0, 'BatchNorm': 0.0} | EnvNClusters=3
[2026-01-24 10:49:39,837] [INFO] Model initialized on device: cuda:0
[2026-01-24 10:49:39,837] [INFO] [CLIENT INIT] Mode=FEDAVG | Sparsity=OFF (UsedSparsity=0) | Clusters=OFF (UsedClusters=0) | EnvSparsityCfg={'Conv': 0.6, 'Linear': 0.6, 'Bias': 0.0, 'BatchNorm': 0.0} | EnvNClusters=3
[2026-01-24 10:50:41,353] [INFO] [TRAIN] Epoch 5 Loss: 0.9555
[2026-01-24 10:50:41,355] [INFO] [FIT] Local training finished. Avg Loss: 0.9576
[2026-01-24 10:51:34,144] [INFO] Model initialized on device: cuda:0
[2026-01-24 10:51:34,144] [INFO] [CLIENT INIT] Mode=FEDAVG | Sparsity=OFF (UsedSparsity=0) | Clusters=OFF (UsedClusters=0) | EnvSparsityCfg={'Conv': 0.6, 'Linear': 0.6, 'Bias': 0.0, 'BatchNorm': 0.0} | EnvNClusters=3
[2026-01-24 10:51:36,635] [INFO] Model initialized on device: cuda:0
[2026-01-24 10:51:36,635] [INFO] [CLIENT INIT] Mode=FEDAVG | Sparsity=OFF (UsedSparsity=0) | Clusters=OFF (UsedClusters=0) | EnvSparsityCfg={'Conv': 0.6, 'Linear': 0.6, 'Bias': 0.0, 'BatchNorm': 0.0} | EnvNClusters=3
[2026-01-24 10:51:37,036] [INFO] Model initialized on device: cuda:0
[2026-01-24 10:51:37,036] [INFO] [CLIENT INIT] Mode=FEDAVG | Sparsity=OFF (UsedSparsity=0) | Clusters=OFF (UsedClusters=0) | EnvSparsityCfg={'Conv': 0.6, 'Linear': 0.6, 'Bias': 0.0, 'BatchNorm': 0.0} | EnvNClusters=3
[2026-01-24 10:51:37,108] [INFO] Model initialized on device: cuda:0
[2026-01-24 10:51:37,108] [INFO] [CLIENT INIT] Mode=FEDAVG | Sparsity=OFF (UsedSparsity=0) | Clusters=OFF (UsedClusters=0) | EnvSparsityCfg={'Conv': 0.6, 'Linear': 0.6, 'Bias': 0.0, 'BatchNorm': 0.0} | EnvNClusters=3
[2026-01-24 10:51:37,246] [INFO] Model initialized on device: cuda:0
[2026-01-24 10:51:37,246] [INFO] [CLIENT INIT] Mode=FEDAVG | Sparsity=OFF (UsedSparsity=0) | Clusters=OFF (UsedClusters=0) | EnvSparsityCfg={'Conv': 0.6, 'Linear': 0.6, 'Bias': 0.0, 'BatchNorm': 0.0} | EnvNClusters=3
[2026-01-24 10:51:37,328] [INFO] Model initialized on device: cuda:0
[2026-01-24 10:51:37,328] [INFO] [CLIENT INIT] Mode=FEDAVG | Sparsity=OFF (UsedSparsity=0) | Clusters=OFF (UsedClusters=0) | EnvSparsityCfg={'Conv': 0.6, 'Linear': 0.6, 'Bias': 0.0, 'BatchNorm': 0.0} | EnvNClusters=3
[2026-01-24 10:51:37,340] [INFO] Model initialized on device: cuda:0
[2026-01-24 10:51:37,340] [INFO] [CLIENT INIT] Mode=FEDAVG | Sparsity=OFF (UsedSparsity=0) | Clusters=OFF (UsedClusters=0) | EnvSparsityCfg={'Conv': 0.6, 'Linear': 0.6, 'Bias': 0.0, 'BatchNorm': 0.0} | EnvNClusters=3
[2026-01-24 10:51:37,345] [INFO] Model initialized on device: cuda:0
[2026-01-24 10:51:37,345] [INFO] [CLIENT INIT] Mode=FEDAVG | Sparsity=OFF (UsedSparsity=0) | Clusters=OFF (UsedClusters=0) | EnvSparsityCfg={'Conv': 0.6, 'Linear': 0.6, 'Bias': 0.0, 'BatchNorm': 0.0} | EnvNClusters=3
[2026-01-24 10:51:37,416] [INFO] Model initialized on device: cuda:0
[2026-01-24 10:51:37,416] [INFO] [CLIENT INIT] Mode=FEDAVG | Sparsity=OFF (UsedSparsity=0) | Clusters=OFF (UsedClusters=0) | EnvSparsityCfg={'Conv': 0.6, 'Linear': 0.6, 'Bias': 0.0, 'BatchNorm': 0.0} | EnvNClusters=3
[2026-01-24 10:51:37,424] [INFO] Model initialized on device: cuda:0
[2026-01-24 10:51:37,424] [INFO] [CLIENT INIT] Mode=FEDAVG | Sparsity=OFF (UsedSparsity=0) | Clusters=OFF (UsedClusters=0) | EnvSparsityCfg={'Conv': 0.6, 'Linear': 0.6, 'Bias': 0.0, 'BatchNorm': 0.0} | EnvNClusters=3
[2026-01-24 10:51:44,613] [DEBUG] [TEST] Batch 1 | Pred shape: torch.Size([256, 256, 160]) | Label shape: torch.Size([256, 256, 160])
[2026-01-24 10:51:44,711] [DEBUG] [TEST] Batch 2 | Pred shape: torch.Size([256, 256, 160]) | Label shape: torch.Size([256, 256, 160])
[2026-01-24 10:51:44,808] [DEBUG] [TEST] Batch 3 | Pred shape: torch.Size([256, 256, 160]) | Label shape: torch.Size([256, 256, 160])
[2026-01-24 10:51:44,914] [DEBUG] [TEST] Batch 4 | Pred shape: torch.Size([256, 256, 160]) | Label shape: torch.Size([256, 256, 160])
[2026-01-24 10:51:45,013] [DEBUG] [TEST] Batch 5 | Pred shape: torch.Size([256, 256, 160]) | Label shape: torch.Size([256, 256, 160])
[2026-01-24 10:51:45,109] [DEBUG] [TEST] Batch 6 | Pred shape: torch.Size([256, 256, 160]) | Label shape: torch.Size([256, 256, 160])
[2026-01-24 10:51:45,165] [DEBUG] [TEST] Batch 7 | Pred shape: torch.Size([256, 256, 160]) | Label shape: torch.Size([256, 256, 160])
[2026-01-24 10:51:45,258] [DEBUG] [TEST] Batch 8 | Pred shape: torch.Size([256, 256, 160]) | Label shape: torch.Size([256, 256, 160])
[2026-01-24 10:51:45,357] [DEBUG] [TEST] Batch 9 | Pred shape: torch.Size([256, 256, 160]) | Label shape: torch.Size([256, 256, 160])
[2026-01-24 10:51:45,538] [DEBUG] [TEST] Batch 10 | Pred shape: torch.Size([256, 256, 160]) | Label shape: torch.Size([256, 256, 160])
[2026-01-24 10:51:52,707] [INFO] [FIT] Final model saved to: Revision2/Run_UNET_IID_Fedavg_20260124/Client4/model_final.pth
[2026-01-24 10:51:52,721] [INFO] [COMM][CLIENT] Round=-1 Mode=FEDAVG UsedSparsity=0 UsedClusters=0 BaselineBits=154016352.0 CompressedBits=154016352.0 CR=1.000
[2026-01-24 10:53:06,915] [INFO] [EVALUATE] Starting evaluation...
[2026-01-24 10:53:08,811] [INFO] [DEBUG] Loaded uncompressed weights.
[2026-01-24 10:54:16,017] [INFO] Model initialized on device: cuda:0
[2026-01-24 10:54:16,018] [INFO] [CLIENT INIT] Mode=FEDAVG | Sparsity=OFF (UsedSparsity=0) | Clusters=OFF (UsedClusters=0) | EnvSparsityCfg={'Conv': 0.6, 'Linear': 0.6, 'Bias': 0.0, 'BatchNorm': 0.0} | EnvNClusters=3
[2026-01-24 10:54:16,847] [INFO] Model initialized on device: cuda:0
[2026-01-24 10:54:16,848] [INFO] [CLIENT INIT] Mode=FEDAVG | Sparsity=OFF (UsedSparsity=0) | Clusters=OFF (UsedClusters=0) | EnvSparsityCfg={'Conv': 0.6, 'Linear': 0.6, 'Bias': 0.0, 'BatchNorm': 0.0} | EnvNClusters=3
[2026-01-24 10:54:17,112] [INFO] Model initialized on device: cuda:0
[2026-01-24 10:54:17,113] [INFO] [CLIENT INIT] Mode=FEDAVG | Sparsity=OFF (UsedSparsity=0) | Clusters=OFF (UsedClusters=0) | EnvSparsityCfg={'Conv': 0.6, 'Linear': 0.6, 'Bias': 0.0, 'BatchNorm': 0.0} | EnvNClusters=3
[2026-01-24 10:54:17,114] [INFO] Model initialized on device: cuda:0
[2026-01-24 10:54:17,114] [INFO] [CLIENT INIT] Mode=FEDAVG | Sparsity=OFF (UsedSparsity=0) | Clusters=OFF (UsedClusters=0) | EnvSparsityCfg={'Conv': 0.6, 'Linear': 0.6, 'Bias': 0.0, 'BatchNorm': 0.0} | EnvNClusters=3
[2026-01-24 10:54:17,123] [INFO] Model initialized on device: cuda:0
[2026-01-24 10:54:17,124] [INFO] [CLIENT INIT] Mode=FEDAVG | Sparsity=OFF (UsedSparsity=0) | Clusters=OFF (UsedClusters=0) | EnvSparsityCfg={'Conv': 0.6, 'Linear': 0.6, 'Bias': 0.0, 'BatchNorm': 0.0} | EnvNClusters=3
[2026-01-24 10:54:17,130] [INFO] Model initialized on device: cuda:0
[2026-01-24 10:54:17,130] [INFO] [CLIENT INIT] Mode=FEDAVG | Sparsity=OFF (UsedSparsity=0) | Clusters=OFF (UsedClusters=0) | EnvSparsityCfg={'Conv': 0.6, 'Linear': 0.6, 'Bias': 0.0, 'BatchNorm': 0.0} | EnvNClusters=3
[2026-01-24 10:54:17,136] [INFO] Model initialized on device: cuda:0
[2026-01-24 10:54:17,136] [INFO] [CLIENT INIT] Mode=FEDAVG | Sparsity=OFF (UsedSparsity=0) | Clusters=OFF (UsedClusters=0) | EnvSparsityCfg={'Conv': 0.6, 'Linear': 0.6, 'Bias': 0.0, 'BatchNorm': 0.0} | EnvNClusters=3
[2026-01-24 10:54:17,212] [INFO] Model initialized on device: cuda:0
[2026-01-24 10:54:17,212] [INFO] [CLIENT INIT] Mode=FEDAVG | Sparsity=OFF (UsedSparsity=0) | Clusters=OFF (UsedClusters=0) | EnvSparsityCfg={'Conv': 0.6, 'Linear': 0.6, 'Bias': 0.0, 'BatchNorm': 0.0} | EnvNClusters=3
[2026-01-24 10:54:17,215] [INFO] Model initialized on device: cuda:0
[2026-01-24 10:54:17,215] [INFO] [CLIENT INIT] Mode=FEDAVG | Sparsity=OFF (UsedSparsity=0) | Clusters=OFF (UsedClusters=0) | EnvSparsityCfg={'Conv': 0.6, 'Linear': 0.6, 'Bias': 0.0, 'BatchNorm': 0.0} | EnvNClusters=3
[2026-01-24 10:54:17,217] [INFO] Model initialized on device: cuda:0
[2026-01-24 10:54:17,217] [INFO] [CLIENT INIT] Mode=FEDAVG | Sparsity=OFF (UsedSparsity=0) | Clusters=OFF (UsedClusters=0) | EnvSparsityCfg={'Conv': 0.6, 'Linear': 0.6, 'Bias': 0.0, 'BatchNorm': 0.0} | EnvNClusters=3
[2026-01-24 10:54:24,281] [DEBUG] [TEST] Batch 1 | Pred shape: torch.Size([256, 256, 160]) | Label shape: torch.Size([256, 256, 160])
[2026-01-24 10:54:24,503] [DEBUG] [TEST] Batch 2 | Pred shape: torch.Size([256, 256, 160]) | Label shape: torch.Size([256, 256, 160])
[2026-01-24 10:54:24,711] [DEBUG] [TEST] Batch 3 | Pred shape: torch.Size([256, 256, 160]) | Label shape: torch.Size([256, 256, 160])
[2026-01-24 10:54:24,908] [DEBUG] [TEST] Batch 4 | Pred shape: torch.Size([256, 256, 160]) | Label shape: torch.Size([256, 256, 160])
[2026-01-24 10:54:25,091] [DEBUG] [TEST] Batch 5 | Pred shape: torch.Size([256, 256, 160]) | Label shape: torch.Size([256, 256, 160])
[2026-01-24 10:54:25,316] [DEBUG] [TEST] Batch 6 | Pred shape: torch.Size([256, 256, 160]) | Label shape: torch.Size([256, 256, 160])
[2026-01-24 10:54:25,420] [DEBUG] [TEST] Batch 7 | Pred shape: torch.Size([256, 256, 160]) | Label shape: torch.Size([256, 256, 160])
[2026-01-24 10:54:25,546] [DEBUG] [TEST] Batch 8 | Pred shape: torch.Size([256, 256, 160]) | Label shape: torch.Size([256, 256, 160])
[2026-01-24 10:54:25,665] [DEBUG] [TEST] Batch 9 | Pred shape: torch.Size([256, 256, 160]) | Label shape: torch.Size([256, 256, 160])
[2026-01-24 10:54:25,810] [DEBUG] [TEST] Batch 10 | Pred shape: torch.Size([256, 256, 160]) | Label shape: torch.Size([256, 256, 160])
[2026-01-24 10:54:33,699] [INFO] [EVALUATE] Dice WT: 0.2724
[2026-01-24 10:54:34,207] [INFO] [FIT] Received parameters. Starting local training...
[2026-01-24 10:54:35,121] [INFO] [DEBUG] Loaded uncompressed weights.
[2026-01-24 10:55:45,310] [INFO] Model initialized on device: cuda:0
[2026-01-24 10:55:45,310] [INFO] [CLIENT INIT] Mode=FEDAVG | Sparsity=OFF (UsedSparsity=0) | Clusters=OFF (UsedClusters=0) | EnvSparsityCfg={'Conv': 0.6, 'Linear': 0.6, 'Bias': 0.0, 'BatchNorm': 0.0} | EnvNClusters=3
[2026-01-24 10:55:46,119] [INFO] Model initialized on device: cuda:0
[2026-01-24 10:55:46,119] [INFO] [CLIENT INIT] Mode=FEDAVG | Sparsity=OFF (UsedSparsity=0) | Clusters=OFF (UsedClusters=0) | EnvSparsityCfg={'Conv': 0.6, 'Linear': 0.6, 'Bias': 0.0, 'BatchNorm': 0.0} | EnvNClusters=3
[2026-01-24 10:55:46,449] [INFO] Model initialized on device: cuda:0
[2026-01-24 10:55:46,449] [INFO] [CLIENT INIT] Mode=FEDAVG | Sparsity=OFF (UsedSparsity=0) | Clusters=OFF (UsedClusters=0) | EnvSparsityCfg={'Conv': 0.6, 'Linear': 0.6, 'Bias': 0.0, 'BatchNorm': 0.0} | EnvNClusters=3
[2026-01-24 10:55:46,512] [INFO] Model initialized on device: cuda:0
[2026-01-24 10:55:46,512] [INFO] [CLIENT INIT] Mode=FEDAVG | Sparsity=OFF (UsedSparsity=0) | Clusters=OFF (UsedClusters=0) | EnvSparsityCfg={'Conv': 0.6, 'Linear': 0.6, 'Bias': 0.0, 'BatchNorm': 0.0} | EnvNClusters=3
[2026-01-24 10:55:47,308] [INFO] Model initialized on device: cuda:0
[2026-01-24 10:55:47,308] [INFO] [CLIENT INIT] Mode=FEDAVG | Sparsity=OFF (UsedSparsity=0) | Clusters=OFF (UsedClusters=0) | EnvSparsityCfg={'Conv': 0.6, 'Linear': 0.6, 'Bias': 0.0, 'BatchNorm': 0.0} | EnvNClusters=3
[2026-01-24 10:55:47,332] [INFO] Model initialized on device: cuda:0
[2026-01-24 10:55:47,332] [INFO] [CLIENT INIT] Mode=FEDAVG | Sparsity=OFF (UsedSparsity=0) | Clusters=OFF (UsedClusters=0) | EnvSparsityCfg={'Conv': 0.6, 'Linear': 0.6, 'Bias': 0.0, 'BatchNorm': 0.0} | EnvNClusters=3
[2026-01-24 10:55:47,414] [INFO] Model initialized on device: cuda:0
[2026-01-24 10:55:47,414] [INFO] [CLIENT INIT] Mode=FEDAVG | Sparsity=OFF (UsedSparsity=0) | Clusters=OFF (UsedClusters=0) | EnvSparsityCfg={'Conv': 0.6, 'Linear': 0.6, 'Bias': 0.0, 'BatchNorm': 0.0} | EnvNClusters=3
[2026-01-24 10:55:47,432] [INFO] Model initialized on device: cuda:0
[2026-01-24 10:55:47,432] [INFO] [CLIENT INIT] Mode=FEDAVG | Sparsity=OFF (UsedSparsity=0) | Clusters=OFF (UsedClusters=0) | EnvSparsityCfg={'Conv': 0.6, 'Linear': 0.6, 'Bias': 0.0, 'BatchNorm': 0.0} | EnvNClusters=3
[2026-01-24 10:55:47,437] [INFO] Model initialized on device: cuda:0
[2026-01-24 10:55:47,437] [INFO] [CLIENT INIT] Mode=FEDAVG | Sparsity=OFF (UsedSparsity=0) | Clusters=OFF (UsedClusters=0) | EnvSparsityCfg={'Conv': 0.6, 'Linear': 0.6, 'Bias': 0.0, 'BatchNorm': 0.0} | EnvNClusters=3
[2026-01-24 10:55:47,440] [INFO] Model initialized on device: cuda:0
[2026-01-24 10:55:47,441] [INFO] [CLIENT INIT] Mode=FEDAVG | Sparsity=OFF (UsedSparsity=0) | Clusters=OFF (UsedClusters=0) | EnvSparsityCfg={'Conv': 0.6, 'Linear': 0.6, 'Bias': 0.0, 'BatchNorm': 0.0} | EnvNClusters=3
[2026-01-24 10:56:59,218] [INFO] [TRAIN] Epoch 1 Loss: 0.9553
[2026-01-24 10:57:56,371] [INFO] Model initialized on device: cuda:0
[2026-01-24 10:57:56,371] [INFO] [CLIENT INIT] Mode=FEDAVG | Sparsity=OFF (UsedSparsity=0) | Clusters=OFF (UsedClusters=0) | EnvSparsityCfg={'Conv': 0.6, 'Linear': 0.6, 'Bias': 0.0, 'BatchNorm': 0.0} | EnvNClusters=3
[2026-01-24 10:57:56,457] [INFO] Model initialized on device: cuda:0
[2026-01-24 10:57:56,457] [INFO] [CLIENT INIT] Mode=FEDAVG | Sparsity=OFF (UsedSparsity=0) | Clusters=OFF (UsedClusters=0) | EnvSparsityCfg={'Conv': 0.6, 'Linear': 0.6, 'Bias': 0.0, 'BatchNorm': 0.0} | EnvNClusters=3
[2026-01-24 10:57:56,582] [INFO] Model initialized on device: cuda:0
[2026-01-24 10:57:56,582] [INFO] [CLIENT INIT] Mode=FEDAVG | Sparsity=OFF (UsedSparsity=0) | Clusters=OFF (UsedClusters=0) | EnvSparsityCfg={'Conv': 0.6, 'Linear': 0.6, 'Bias': 0.0, 'BatchNorm': 0.0} | EnvNClusters=3
[2026-01-24 10:57:56,805] [INFO] Model initialized on device: cuda:0
[2026-01-24 10:57:56,805] [INFO] [CLIENT INIT] Mode=FEDAVG | Sparsity=OFF (UsedSparsity=0) | Clusters=OFF (UsedClusters=0) | EnvSparsityCfg={'Conv': 0.6, 'Linear': 0.6, 'Bias': 0.0, 'BatchNorm': 0.0} | EnvNClusters=3
[2026-01-24 10:57:56,809] [INFO] Model initialized on device: cuda:0
[2026-01-24 10:57:56,809] [INFO] [CLIENT INIT] Mode=FEDAVG | Sparsity=OFF (UsedSparsity=0) | Clusters=OFF (UsedClusters=0) | EnvSparsityCfg={'Conv': 0.6, 'Linear': 0.6, 'Bias': 0.0, 'BatchNorm': 0.0} | EnvNClusters=3
[2026-01-24 10:57:56,813] [INFO] Model initialized on device: cuda:0
[2026-01-24 10:57:56,813] [INFO] [CLIENT INIT] Mode=FEDAVG | Sparsity=OFF (UsedSparsity=0) | Clusters=OFF (UsedClusters=0) | EnvSparsityCfg={'Conv': 0.6, 'Linear': 0.6, 'Bias': 0.0, 'BatchNorm': 0.0} | EnvNClusters=3
[2026-01-24 10:57:56,814] [INFO] Model initialized on device: cuda:0
[2026-01-24 10:57:56,814] [INFO] [CLIENT INIT] Mode=FEDAVG | Sparsity=OFF (UsedSparsity=0) | Clusters=OFF (UsedClusters=0) | EnvSparsityCfg={'Conv': 0.6, 'Linear': 0.6, 'Bias': 0.0, 'BatchNorm': 0.0} | EnvNClusters=3
[2026-01-24 10:57:56,829] [INFO] Model initialized on device: cuda:0
[2026-01-24 10:57:56,829] [INFO] [CLIENT INIT] Mode=FEDAVG | Sparsity=OFF (UsedSparsity=0) | Clusters=OFF (UsedClusters=0) | EnvSparsityCfg={'Conv': 0.6, 'Linear': 0.6, 'Bias': 0.0, 'BatchNorm': 0.0} | EnvNClusters=3
[2026-01-24 10:57:57,056] [INFO] Model initialized on device: cuda:0
[2026-01-24 10:57:57,056] [INFO] [CLIENT INIT] Mode=FEDAVG | Sparsity=OFF (UsedSparsity=0) | Clusters=OFF (UsedClusters=0) | EnvSparsityCfg={'Conv': 0.6, 'Linear': 0.6, 'Bias': 0.0, 'BatchNorm': 0.0} | EnvNClusters=3
[2026-01-24 10:57:57,095] [INFO] Model initialized on device: cuda:0
[2026-01-24 10:57:57,095] [INFO] [CLIENT INIT] Mode=FEDAVG | Sparsity=OFF (UsedSparsity=0) | Clusters=OFF (UsedClusters=0) | EnvSparsityCfg={'Conv': 0.6, 'Linear': 0.6, 'Bias': 0.0, 'BatchNorm': 0.0} | EnvNClusters=3
[2026-01-24 10:58:47,512] [INFO] [TRAIN] Epoch 2 Loss: 0.9546
[2026-01-24 10:59:23,850] [INFO] Model initialized on device: cuda:0
[2026-01-24 10:59:23,851] [INFO] [CLIENT INIT] Mode=FEDAVG | Sparsity=OFF (UsedSparsity=0) | Clusters=OFF (UsedClusters=0) | EnvSparsityCfg={'Conv': 0.6, 'Linear': 0.6, 'Bias': 0.0, 'BatchNorm': 0.0} | EnvNClusters=3
[2026-01-24 10:59:24,045] [INFO] Model initialized on device: cuda:0
[2026-01-24 10:59:24,045] [INFO] [CLIENT INIT] Mode=FEDAVG | Sparsity=OFF (UsedSparsity=0) | Clusters=OFF (UsedClusters=0) | EnvSparsityCfg={'Conv': 0.6, 'Linear': 0.6, 'Bias': 0.0, 'BatchNorm': 0.0} | EnvNClusters=3
[2026-01-24 10:59:24,620] [INFO] Model initialized on device: cuda:0
[2026-01-24 10:59:24,621] [INFO] [CLIENT INIT] Mode=FEDAVG | Sparsity=OFF (UsedSparsity=0) | Clusters=OFF (UsedClusters=0) | EnvSparsityCfg={'Conv': 0.6, 'Linear': 0.6, 'Bias': 0.0, 'BatchNorm': 0.0} | EnvNClusters=3
[2026-01-24 10:59:24,626] [INFO] Model initialized on device: cuda:0
[2026-01-24 10:59:24,626] [INFO] [CLIENT INIT] Mode=FEDAVG | Sparsity=OFF (UsedSparsity=0) | Clusters=OFF (UsedClusters=0) | EnvSparsityCfg={'Conv': 0.6, 'Linear': 0.6, 'Bias': 0.0, 'BatchNorm': 0.0} | EnvNClusters=3
[2026-01-24 10:59:24,707] [INFO] Model initialized on device: cuda:0
[2026-01-24 10:59:24,708] [INFO] [CLIENT INIT] Mode=FEDAVG | Sparsity=OFF (UsedSparsity=0) | Clusters=OFF (UsedClusters=0) | EnvSparsityCfg={'Conv': 0.6, 'Linear': 0.6, 'Bias': 0.0, 'BatchNorm': 0.0} | EnvNClusters=3
[2026-01-24 10:59:24,739] [INFO] Model initialized on device: cuda:0
[2026-01-24 10:59:24,739] [INFO] [CLIENT INIT] Mode=FEDAVG | Sparsity=OFF (UsedSparsity=0) | Clusters=OFF (UsedClusters=0) | EnvSparsityCfg={'Conv': 0.6, 'Linear': 0.6, 'Bias': 0.0, 'BatchNorm': 0.0} | EnvNClusters=3
[2026-01-24 10:59:24,821] [INFO] Model initialized on device: cuda:0
[2026-01-24 10:59:24,821] [INFO] [CLIENT INIT] Mode=FEDAVG | Sparsity=OFF (UsedSparsity=0) | Clusters=OFF (UsedClusters=0) | EnvSparsityCfg={'Conv': 0.6, 'Linear': 0.6, 'Bias': 0.0, 'BatchNorm': 0.0} | EnvNClusters=3
[2026-01-24 10:59:24,923] [INFO] Model initialized on device: cuda:0
[2026-01-24 10:59:24,923] [INFO] [CLIENT INIT] Mode=FEDAVG | Sparsity=OFF (UsedSparsity=0) | Clusters=OFF (UsedClusters=0) | EnvSparsityCfg={'Conv': 0.6, 'Linear': 0.6, 'Bias': 0.0, 'BatchNorm': 0.0} | EnvNClusters=3
[2026-01-24 10:59:24,926] [INFO] Model initialized on device: cuda:0
[2026-01-24 10:59:24,926] [INFO] [CLIENT INIT] Mode=FEDAVG | Sparsity=OFF (UsedSparsity=0) | Clusters=OFF (UsedClusters=0) | EnvSparsityCfg={'Conv': 0.6, 'Linear': 0.6, 'Bias': 0.0, 'BatchNorm': 0.0} | EnvNClusters=3
[2026-01-24 10:59:24,927] [INFO] Model initialized on device: cuda:0
[2026-01-24 10:59:24,927] [INFO] [CLIENT INIT] Mode=FEDAVG | Sparsity=OFF (UsedSparsity=0) | Clusters=OFF (UsedClusters=0) | EnvSparsityCfg={'Conv': 0.6, 'Linear': 0.6, 'Bias': 0.0, 'BatchNorm': 0.0} | EnvNClusters=3
[2026-01-24 11:00:20,036] [INFO] [TRAIN] Epoch 3 Loss: 0.9541
[2026-01-24 11:01:04,041] [INFO] Model initialized on device: cuda:0
[2026-01-24 11:01:04,041] [INFO] [CLIENT INIT] Mode=FEDAVG | Sparsity=OFF (UsedSparsity=0) | Clusters=OFF (UsedClusters=0) | EnvSparsityCfg={'Conv': 0.6, 'Linear': 0.6, 'Bias': 0.0, 'BatchNorm': 0.0} | EnvNClusters=3
[2026-01-24 11:01:06,814] [INFO] Model initialized on device: cuda:0
[2026-01-24 11:01:06,814] [INFO] [CLIENT INIT] Mode=FEDAVG | Sparsity=OFF (UsedSparsity=0) | Clusters=OFF (UsedClusters=0) | EnvSparsityCfg={'Conv': 0.6, 'Linear': 0.6, 'Bias': 0.0, 'BatchNorm': 0.0} | EnvNClusters=3
[2026-01-24 11:01:07,713] [INFO] Model initialized on device: cuda:0
[2026-01-24 11:01:07,713] [INFO] [CLIENT INIT] Mode=FEDAVG | Sparsity=OFF (UsedSparsity=0) | Clusters=OFF (UsedClusters=0) | EnvSparsityCfg={'Conv': 0.6, 'Linear': 0.6, 'Bias': 0.0, 'BatchNorm': 0.0} | EnvNClusters=3
[2026-01-24 11:01:07,828] [INFO] Model initialized on device: cuda:0
[2026-01-24 11:01:07,828] [INFO] [CLIENT INIT] Mode=FEDAVG | Sparsity=OFF (UsedSparsity=0) | Clusters=OFF (UsedClusters=0) | EnvSparsityCfg={'Conv': 0.6, 'Linear': 0.6, 'Bias': 0.0, 'BatchNorm': 0.0} | EnvNClusters=3
[2026-01-24 11:01:07,913] [INFO] Model initialized on device: cuda:0
[2026-01-24 11:01:07,913] [INFO] [CLIENT INIT] Mode=FEDAVG | Sparsity=OFF (UsedSparsity=0) | Clusters=OFF (UsedClusters=0) | EnvSparsityCfg={'Conv': 0.6, 'Linear': 0.6, 'Bias': 0.0, 'BatchNorm': 0.0} | EnvNClusters=3
[2026-01-24 11:01:07,954] [INFO] Model initialized on device: cuda:0
[2026-01-24 11:01:07,954] [INFO] [CLIENT INIT] Mode=FEDAVG | Sparsity=OFF (UsedSparsity=0) | Clusters=OFF (UsedClusters=0) | EnvSparsityCfg={'Conv': 0.6, 'Linear': 0.6, 'Bias': 0.0, 'BatchNorm': 0.0} | EnvNClusters=3
[2026-01-24 11:01:08,015] [INFO] Model initialized on device: cuda:0
[2026-01-24 11:01:08,015] [INFO] [CLIENT INIT] Mode=FEDAVG | Sparsity=OFF (UsedSparsity=0) | Clusters=OFF (UsedClusters=0) | EnvSparsityCfg={'Conv': 0.6, 'Linear': 0.6, 'Bias': 0.0, 'BatchNorm': 0.0} | EnvNClusters=3
[2026-01-24 11:01:08,023] [INFO] Model initialized on device: cuda:0
[2026-01-24 11:01:08,023] [INFO] [CLIENT INIT] Mode=FEDAVG | Sparsity=OFF (UsedSparsity=0) | Clusters=OFF (UsedClusters=0) | EnvSparsityCfg={'Conv': 0.6, 'Linear': 0.6, 'Bias': 0.0, 'BatchNorm': 0.0} | EnvNClusters=3
[2026-01-24 11:01:08,023] [INFO] Model initialized on device: cuda:0
[2026-01-24 11:01:08,023] [INFO] [CLIENT INIT] Mode=FEDAVG | Sparsity=OFF (UsedSparsity=0) | Clusters=OFF (UsedClusters=0) | EnvSparsityCfg={'Conv': 0.6, 'Linear': 0.6, 'Bias': 0.0, 'BatchNorm': 0.0} | EnvNClusters=3
[2026-01-24 11:01:08,034] [INFO] Model initialized on device: cuda:0
[2026-01-24 11:01:08,034] [INFO] [CLIENT INIT] Mode=FEDAVG | Sparsity=OFF (UsedSparsity=0) | Clusters=OFF (UsedClusters=0) | EnvSparsityCfg={'Conv': 0.6, 'Linear': 0.6, 'Bias': 0.0, 'BatchNorm': 0.0} | EnvNClusters=3
[2026-01-24 11:02:02,841] [INFO] [TRAIN] Epoch 4 Loss: 0.9537
[2026-01-24 11:02:28,111] [INFO] Model initialized on device: cuda:0
[2026-01-24 11:02:28,111] [INFO] [CLIENT INIT] Mode=FEDAVG | Sparsity=OFF (UsedSparsity=0) | Clusters=OFF (UsedClusters=0) | EnvSparsityCfg={'Conv': 0.6, 'Linear': 0.6, 'Bias': 0.0, 'BatchNorm': 0.0} | EnvNClusters=3
[2026-01-24 11:02:29,641] [INFO] Model initialized on device: cuda:0
[2026-01-24 11:02:29,641] [INFO] [CLIENT INIT] Mode=FEDAVG | Sparsity=OFF (UsedSparsity=0) | Clusters=OFF (UsedClusters=0) | EnvSparsityCfg={'Conv': 0.6, 'Linear': 0.6, 'Bias': 0.0, 'BatchNorm': 0.0} | EnvNClusters=3
[2026-01-24 11:02:37,216] [INFO] Model initialized on device: cuda:0
[2026-01-24 11:02:37,217] [INFO] [CLIENT INIT] Mode=FEDAVG | Sparsity=OFF (UsedSparsity=0) | Clusters=OFF (UsedClusters=0) | EnvSparsityCfg={'Conv': 0.6, 'Linear': 0.6, 'Bias': 0.0, 'BatchNorm': 0.0} | EnvNClusters=3
[2026-01-24 11:02:37,416] [INFO] Model initialized on device: cuda:0
[2026-01-24 11:02:37,416] [INFO] [CLIENT INIT] Mode=FEDAVG | Sparsity=OFF (UsedSparsity=0) | Clusters=OFF (UsedClusters=0) | EnvSparsityCfg={'Conv': 0.6, 'Linear': 0.6, 'Bias': 0.0, 'BatchNorm': 0.0} | EnvNClusters=3
[2026-01-24 11:02:38,311] [INFO] Model initialized on device: cuda:0
[2026-01-24 11:02:38,311] [INFO] [CLIENT INIT] Mode=FEDAVG | Sparsity=OFF (UsedSparsity=0) | Clusters=OFF (UsedClusters=0) | EnvSparsityCfg={'Conv': 0.6, 'Linear': 0.6, 'Bias': 0.0, 'BatchNorm': 0.0} | EnvNClusters=3
[2026-01-24 11:02:38,825] [INFO] Model initialized on device: cuda:0
[2026-01-24 11:02:38,825] [INFO] [CLIENT INIT] Mode=FEDAVG | Sparsity=OFF (UsedSparsity=0) | Clusters=OFF (UsedClusters=0) | EnvSparsityCfg={'Conv': 0.6, 'Linear': 0.6, 'Bias': 0.0, 'BatchNorm': 0.0} | EnvNClusters=3
[2026-01-24 11:02:40,107] [INFO] Model initialized on device: cuda:0
[2026-01-24 11:02:40,107] [INFO] [CLIENT INIT] Mode=FEDAVG | Sparsity=OFF (UsedSparsity=0) | Clusters=OFF (UsedClusters=0) | EnvSparsityCfg={'Conv': 0.6, 'Linear': 0.6, 'Bias': 0.0, 'BatchNorm': 0.0} | EnvNClusters=3
[2026-01-24 11:02:40,533] [INFO] Model initialized on device: cuda:0
[2026-01-24 11:02:40,533] [INFO] [CLIENT INIT] Mode=FEDAVG | Sparsity=OFF (UsedSparsity=0) | Clusters=OFF (UsedClusters=0) | EnvSparsityCfg={'Conv': 0.6, 'Linear': 0.6, 'Bias': 0.0, 'BatchNorm': 0.0} | EnvNClusters=3
[2026-01-24 11:02:40,612] [INFO] Model initialized on device: cuda:0
[2026-01-24 11:02:40,612] [INFO] [CLIENT INIT] Mode=FEDAVG | Sparsity=OFF (UsedSparsity=0) | Clusters=OFF (UsedClusters=0) | EnvSparsityCfg={'Conv': 0.6, 'Linear': 0.6, 'Bias': 0.0, 'BatchNorm': 0.0} | EnvNClusters=3
[2026-01-24 11:02:40,622] [INFO] Model initialized on device: cuda:0
[2026-01-24 11:02:40,622] [INFO] [CLIENT INIT] Mode=FEDAVG | Sparsity=OFF (UsedSparsity=0) | Clusters=OFF (UsedClusters=0) | EnvSparsityCfg={'Conv': 0.6, 'Linear': 0.6, 'Bias': 0.0, 'BatchNorm': 0.0} | EnvNClusters=3
[2026-01-24 11:03:38,212] [INFO] [TRAIN] Epoch 5 Loss: 0.9534
[2026-01-24 11:03:38,214] [INFO] [FIT] Local training finished. Avg Loss: 0.9542
[2026-01-24 11:04:24,021] [INFO] Model initialized on device: cuda:0
[2026-01-24 11:04:24,021] [INFO] [CLIENT INIT] Mode=FEDAVG | Sparsity=OFF (UsedSparsity=0) | Clusters=OFF (UsedClusters=0) | EnvSparsityCfg={'Conv': 0.6, 'Linear': 0.6, 'Bias': 0.0, 'BatchNorm': 0.0} | EnvNClusters=3
[2026-01-24 11:04:24,741] [INFO] Model initialized on device: cuda:0
[2026-01-24 11:04:24,741] [INFO] [CLIENT INIT] Mode=FEDAVG | Sparsity=OFF (UsedSparsity=0) | Clusters=OFF (UsedClusters=0) | EnvSparsityCfg={'Conv': 0.6, 'Linear': 0.6, 'Bias': 0.0, 'BatchNorm': 0.0} | EnvNClusters=3
[2026-01-24 11:04:24,832] [INFO] Model initialized on device: cuda:0
[2026-01-24 11:04:24,833] [INFO] [CLIENT INIT] Mode=FEDAVG | Sparsity=OFF (UsedSparsity=0) | Clusters=OFF (UsedClusters=0) | EnvSparsityCfg={'Conv': 0.6, 'Linear': 0.6, 'Bias': 0.0, 'BatchNorm': 0.0} | EnvNClusters=3
[2026-01-24 11:04:25,816] [INFO] Model initialized on device: cuda:0
[2026-01-24 11:04:25,816] [INFO] [CLIENT INIT] Mode=FEDAVG | Sparsity=OFF (UsedSparsity=0) | Clusters=OFF (UsedClusters=0) | EnvSparsityCfg={'Conv': 0.6, 'Linear': 0.6, 'Bias': 0.0, 'BatchNorm': 0.0} | EnvNClusters=3
[2026-01-24 11:04:26,220] [INFO] Model initialized on device: cuda:0
[2026-01-24 11:04:26,220] [INFO] Model initialized on device: cuda:0
[2026-01-24 11:04:26,220] [INFO] [CLIENT INIT] Mode=FEDAVG | Sparsity=OFF (UsedSparsity=0) | Clusters=OFF (UsedClusters=0) | EnvSparsityCfg={'Conv': 0.6, 'Linear': 0.6, 'Bias': 0.0, 'BatchNorm': 0.0} | EnvNClusters=3
[2026-01-24 11:04:26,220] [INFO] [CLIENT INIT] Mode=FEDAVG | Sparsity=OFF (UsedSparsity=0) | Clusters=OFF (UsedClusters=0) | EnvSparsityCfg={'Conv': 0.6, 'Linear': 0.6, 'Bias': 0.0, 'BatchNorm': 0.0} | EnvNClusters=3
[2026-01-24 11:04:26,223] [INFO] Model initialized on device: cuda:0
[2026-01-24 11:04:26,223] [INFO] [CLIENT INIT] Mode=FEDAVG | Sparsity=OFF (UsedSparsity=0) | Clusters=OFF (UsedClusters=0) | EnvSparsityCfg={'Conv': 0.6, 'Linear': 0.6, 'Bias': 0.0, 'BatchNorm': 0.0} | EnvNClusters=3
[2026-01-24 11:04:26,224] [INFO] Model initialized on device: cuda:0
[2026-01-24 11:04:26,224] [INFO] [CLIENT INIT] Mode=FEDAVG | Sparsity=OFF (UsedSparsity=0) | Clusters=OFF (UsedClusters=0) | EnvSparsityCfg={'Conv': 0.6, 'Linear': 0.6, 'Bias': 0.0, 'BatchNorm': 0.0} | EnvNClusters=3
[2026-01-24 11:04:26,225] [INFO] Model initialized on device: cuda:0
[2026-01-24 11:04:26,225] [INFO] [CLIENT INIT] Mode=FEDAVG | Sparsity=OFF (UsedSparsity=0) | Clusters=OFF (UsedClusters=0) | EnvSparsityCfg={'Conv': 0.6, 'Linear': 0.6, 'Bias': 0.0, 'BatchNorm': 0.0} | EnvNClusters=3
[2026-01-24 11:04:26,411] [INFO] Model initialized on device: cuda:0
[2026-01-24 11:04:26,411] [INFO] [CLIENT INIT] Mode=FEDAVG | Sparsity=OFF (UsedSparsity=0) | Clusters=OFF (UsedClusters=0) | EnvSparsityCfg={'Conv': 0.6, 'Linear': 0.6, 'Bias': 0.0, 'BatchNorm': 0.0} | EnvNClusters=3
[2026-01-24 11:04:34,714] [DEBUG] [TEST] Batch 1 | Pred shape: torch.Size([256, 256, 160]) | Label shape: torch.Size([256, 256, 160])
[2026-01-24 11:04:34,814] [DEBUG] [TEST] Batch 2 | Pred shape: torch.Size([256, 256, 160]) | Label shape: torch.Size([256, 256, 160])
[2026-01-24 11:04:34,914] [DEBUG] [TEST] Batch 3 | Pred shape: torch.Size([256, 256, 160]) | Label shape: torch.Size([256, 256, 160])
[2026-01-24 11:04:35,014] [DEBUG] [TEST] Batch 4 | Pred shape: torch.Size([256, 256, 160]) | Label shape: torch.Size([256, 256, 160])
[2026-01-24 11:04:35,114] [DEBUG] [TEST] Batch 5 | Pred shape: torch.Size([256, 256, 160]) | Label shape: torch.Size([256, 256, 160])
[2026-01-24 11:04:35,214] [DEBUG] [TEST] Batch 6 | Pred shape: torch.Size([256, 256, 160]) | Label shape: torch.Size([256, 256, 160])
[2026-01-24 11:04:35,314] [DEBUG] [TEST] Batch 7 | Pred shape: torch.Size([256, 256, 160]) | Label shape: torch.Size([256, 256, 160])
[2026-01-24 11:04:35,414] [DEBUG] [TEST] Batch 8 | Pred shape: torch.Size([256, 256, 160]) | Label shape: torch.Size([256, 256, 160])
[2026-01-24 11:04:35,514] [DEBUG] [TEST] Batch 9 | Pred shape: torch.Size([256, 256, 160]) | Label shape: torch.Size([256, 256, 160])
[2026-01-24 11:04:35,614] [DEBUG] [TEST] Batch 10 | Pred shape: torch.Size([256, 256, 160]) | Label shape: torch.Size([256, 256, 160])
[2026-01-24 11:04:43,144] [INFO] [FIT] Final model saved to: Revision2/Run_UNET_IID_Fedavg_20260124/Client4/model_final.pth
[2026-01-24 11:04:43,153] [INFO] [COMM][CLIENT] Round=-1 Mode=FEDAVG UsedSparsity=0 UsedClusters=0 BaselineBits=154016352.0 CompressedBits=154016352.0 CR=1.000
[2026-01-24 11:05:47,012] [INFO] [EVALUATE] Starting evaluation...
[2026-01-24 11:05:48,822] [INFO] [DEBUG] Loaded uncompressed weights.
[2026-01-24 11:06:55,685] [INFO] Model initialized on device: cuda:0
[2026-01-24 11:06:55,685] [INFO] [CLIENT INIT] Mode=FEDAVG | Sparsity=OFF (UsedSparsity=0) | Clusters=OFF (UsedClusters=0) | EnvSparsityCfg={'Conv': 0.6, 'Linear': 0.6, 'Bias': 0.0, 'BatchNorm': 0.0} | EnvNClusters=3
[2026-01-24 11:06:55,885] [INFO] Model initialized on device: cuda:0
[2026-01-24 11:06:55,885] [INFO] [CLIENT INIT] Mode=FEDAVG | Sparsity=OFF (UsedSparsity=0) | Clusters=OFF (UsedClusters=0) | EnvSparsityCfg={'Conv': 0.6, 'Linear': 0.6, 'Bias': 0.0, 'BatchNorm': 0.0} | EnvNClusters=3
[2026-01-24 11:06:56,621] [INFO] Model initialized on device: cuda:0
[2026-01-24 11:06:56,621] [INFO] [CLIENT INIT] Mode=FEDAVG | Sparsity=OFF (UsedSparsity=0) | Clusters=OFF (UsedClusters=0) | EnvSparsityCfg={'Conv': 0.6, 'Linear': 0.6, 'Bias': 0.0, 'BatchNorm': 0.0} | EnvNClusters=3
[2026-01-24 11:06:56,625] [INFO] Model initialized on device: cuda:0
[2026-01-24 11:06:56,625] [INFO] [CLIENT INIT] Mode=FEDAVG | Sparsity=OFF (UsedSparsity=0) | Clusters=OFF (UsedClusters=0) | EnvSparsityCfg={'Conv': 0.6, 'Linear': 0.6, 'Bias': 0.0, 'BatchNorm': 0.0} | EnvNClusters=3
[2026-01-24 11:06:57,026] [INFO] Model initialized on device: cuda:0
[2026-01-24 11:06:57,026] [INFO] [CLIENT INIT] Mode=FEDAVG | Sparsity=OFF (UsedSparsity=0) | Clusters=OFF (UsedClusters=0) | EnvSparsityCfg={'Conv': 0.6, 'Linear': 0.6, 'Bias': 0.0, 'BatchNorm': 0.0} | EnvNClusters=3
[2026-01-24 11:06:57,026] [INFO] Model initialized on device: cuda:0
[2026-01-24 11:06:57,026] [INFO] [CLIENT INIT] Mode=FEDAVG | Sparsity=OFF (UsedSparsity=0) | Clusters=OFF (UsedClusters=0) | EnvSparsityCfg={'Conv': 0.6, 'Linear': 0.6, 'Bias': 0.0, 'BatchNorm': 0.0} | EnvNClusters=3
[2026-01-24 11:06:57,213] [INFO] Model initialized on device: cuda:0
[2026-01-24 11:06:57,213] [INFO] Model initialized on device: cuda:0
[2026-01-24 11:06:57,213] [INFO] [CLIENT INIT] Mode=FEDAVG | Sparsity=OFF (UsedSparsity=0) | Clusters=OFF (UsedClusters=0) | EnvSparsityCfg={'Conv': 0.6, 'Linear': 0.6, 'Bias': 0.0, 'BatchNorm': 0.0} | EnvNClusters=3
[2026-01-24 11:06:57,213] [INFO] [CLIENT INIT] Mode=FEDAVG | Sparsity=OFF (UsedSparsity=0) | Clusters=OFF (UsedClusters=0) | EnvSparsityCfg={'Conv': 0.6, 'Linear': 0.6, 'Bias': 0.0, 'BatchNorm': 0.0} | EnvNClusters=3
[2026-01-24 11:06:57,334] [INFO] Model initialized on device: cuda:0
[2026-01-24 11:06:57,334] [INFO] [CLIENT INIT] Mode=FEDAVG | Sparsity=OFF (UsedSparsity=0) | Clusters=OFF (UsedClusters=0) | EnvSparsityCfg={'Conv': 0.6, 'Linear': 0.6, 'Bias': 0.0, 'BatchNorm': 0.0} | EnvNClusters=3
[2026-01-24 11:06:57,412] [INFO] Model initialized on device: cuda:0
[2026-01-24 11:06:57,412] [INFO] [CLIENT INIT] Mode=FEDAVG | Sparsity=OFF (UsedSparsity=0) | Clusters=OFF (UsedClusters=0) | EnvSparsityCfg={'Conv': 0.6, 'Linear': 0.6, 'Bias': 0.0, 'BatchNorm': 0.0} | EnvNClusters=3
[2026-01-24 11:07:02,316] [DEBUG] [TEST] Batch 1 | Pred shape: torch.Size([256, 256, 160]) | Label shape: torch.Size([256, 256, 160])
[2026-01-24 11:07:04,151] [DEBUG] [TEST] Batch 2 | Pred shape: torch.Size([256, 256, 160]) | Label shape: torch.Size([256, 256, 160])
[2026-01-24 11:07:04,367] [DEBUG] [TEST] Batch 3 | Pred shape: torch.Size([256, 256, 160]) | Label shape: torch.Size([256, 256, 160])
[2026-01-24 11:07:04,593] [DEBUG] [TEST] Batch 4 | Pred shape: torch.Size([256, 256, 160]) | Label shape: torch.Size([256, 256, 160])
[2026-01-24 11:07:04,820] [DEBUG] [TEST] Batch 5 | Pred shape: torch.Size([256, 256, 160]) | Label shape: torch.Size([256, 256, 160])
[2026-01-24 11:07:05,044] [DEBUG] [TEST] Batch 6 | Pred shape: torch.Size([256, 256, 160]) | Label shape: torch.Size([256, 256, 160])
[2026-01-24 11:07:05,267] [DEBUG] [TEST] Batch 7 | Pred shape: torch.Size([256, 256, 160]) | Label shape: torch.Size([256, 256, 160])
[2026-01-24 11:07:05,481] [DEBUG] [TEST] Batch 8 | Pred shape: torch.Size([256, 256, 160]) | Label shape: torch.Size([256, 256, 160])
[2026-01-24 11:07:05,638] [DEBUG] [TEST] Batch 9 | Pred shape: torch.Size([256, 256, 160]) | Label shape: torch.Size([256, 256, 160])
[2026-01-24 11:07:05,761] [DEBUG] [TEST] Batch 10 | Pred shape: torch.Size([256, 256, 160]) | Label shape: torch.Size([256, 256, 160])
[2026-01-24 11:07:13,399] [INFO] [EVALUATE] Dice WT: 0.2505
[2026-01-24 11:07:14,415] [INFO] [FIT] Received parameters. Starting local training...
[2026-01-24 11:07:17,411] [INFO] [DEBUG] Loaded uncompressed weights.
[2026-01-24 11:08:26,167] [INFO] Model initialized on device: cuda:0
[2026-01-24 11:08:26,167] [INFO] [CLIENT INIT] Mode=FEDAVG | Sparsity=OFF (UsedSparsity=0) | Clusters=OFF (UsedClusters=0) | EnvSparsityCfg={'Conv': 0.6, 'Linear': 0.6, 'Bias': 0.0, 'BatchNorm': 0.0} | EnvNClusters=3
[2026-01-24 11:08:26,339] [INFO] Model initialized on device: cuda:0
[2026-01-24 11:08:26,339] [INFO] [CLIENT INIT] Mode=FEDAVG | Sparsity=OFF (UsedSparsity=0) | Clusters=OFF (UsedClusters=0) | EnvSparsityCfg={'Conv': 0.6, 'Linear': 0.6, 'Bias': 0.0, 'BatchNorm': 0.0} | EnvNClusters=3
[2026-01-24 11:08:26,922] [INFO] Model initialized on device: cuda:0
[2026-01-24 11:08:26,922] [INFO] [CLIENT INIT] Mode=FEDAVG | Sparsity=OFF (UsedSparsity=0) | Clusters=OFF (UsedClusters=0) | EnvSparsityCfg={'Conv': 0.6, 'Linear': 0.6, 'Bias': 0.0, 'BatchNorm': 0.0} | EnvNClusters=3
[2026-01-24 11:08:26,923] [INFO] Model initialized on device: cuda:0
[2026-01-24 11:08:26,923] [INFO] [CLIENT INIT] Mode=FEDAVG | Sparsity=OFF (UsedSparsity=0) | Clusters=OFF (UsedClusters=0) | EnvSparsityCfg={'Conv': 0.6, 'Linear': 0.6, 'Bias': 0.0, 'BatchNorm': 0.0} | EnvNClusters=3
[2026-01-24 11:08:27,026] [INFO] Model initialized on device: cuda:0
[2026-01-24 11:08:27,026] [INFO] [CLIENT INIT] Mode=FEDAVG | Sparsity=OFF (UsedSparsity=0) | Clusters=OFF (UsedClusters=0) | EnvSparsityCfg={'Conv': 0.6, 'Linear': 0.6, 'Bias': 0.0, 'BatchNorm': 0.0} | EnvNClusters=3
[2026-01-24 11:08:27,424] [INFO] Model initialized on device: cuda:0
[2026-01-24 11:08:27,424] [INFO] [CLIENT INIT] Mode=FEDAVG | Sparsity=OFF (UsedSparsity=0) | Clusters=OFF (UsedClusters=0) | EnvSparsityCfg={'Conv': 0.6, 'Linear': 0.6, 'Bias': 0.0, 'BatchNorm': 0.0} | EnvNClusters=3
[2026-01-24 11:08:27,436] [INFO] Model initialized on device: cuda:0
[2026-01-24 11:08:27,437] [INFO] [CLIENT INIT] Mode=FEDAVG | Sparsity=OFF (UsedSparsity=0) | Clusters=OFF (UsedClusters=0) | EnvSparsityCfg={'Conv': 0.6, 'Linear': 0.6, 'Bias': 0.0, 'BatchNorm': 0.0} | EnvNClusters=3
[2026-01-24 11:08:27,532] [INFO] Model initialized on device: cuda:0
[2026-01-24 11:08:27,532] [INFO] [CLIENT INIT] Mode=FEDAVG | Sparsity=OFF (UsedSparsity=0) | Clusters=OFF (UsedClusters=0) | EnvSparsityCfg={'Conv': 0.6, 'Linear': 0.6, 'Bias': 0.0, 'BatchNorm': 0.0} | EnvNClusters=3
[2026-01-24 11:08:27,708] [INFO] Model initialized on device: cuda:0
[2026-01-24 11:08:27,708] [INFO] [CLIENT INIT] Mode=FEDAVG | Sparsity=OFF (UsedSparsity=0) | Clusters=OFF (UsedClusters=0) | EnvSparsityCfg={'Conv': 0.6, 'Linear': 0.6, 'Bias': 0.0, 'BatchNorm': 0.0} | EnvNClusters=3
[2026-01-24 11:08:27,725] [INFO] Model initialized on device: cuda:0
[2026-01-24 11:08:27,726] [INFO] [CLIENT INIT] Mode=FEDAVG | Sparsity=OFF (UsedSparsity=0) | Clusters=OFF (UsedClusters=0) | EnvSparsityCfg={'Conv': 0.6, 'Linear': 0.6, 'Bias': 0.0, 'BatchNorm': 0.0} | EnvNClusters=3
[2026-01-24 11:09:38,420] [INFO] [TRAIN] Epoch 1 Loss: 0.9533
[2026-01-24 11:10:35,732] [INFO] Model initialized on device: cuda:0
[2026-01-24 11:10:35,732] [INFO] [CLIENT INIT] Mode=FEDAVG | Sparsity=OFF (UsedSparsity=0) | Clusters=OFF (UsedClusters=0) | EnvSparsityCfg={'Conv': 0.6, 'Linear': 0.6, 'Bias': 0.0, 'BatchNorm': 0.0} | EnvNClusters=3
[2026-01-24 11:10:35,750] [INFO] Model initialized on device: cuda:0
[2026-01-24 11:10:35,750] [INFO] [CLIENT INIT] Mode=FEDAVG | Sparsity=OFF (UsedSparsity=0) | Clusters=OFF (UsedClusters=0) | EnvSparsityCfg={'Conv': 0.6, 'Linear': 0.6, 'Bias': 0.0, 'BatchNorm': 0.0} | EnvNClusters=3
[2026-01-24 11:10:35,829] [INFO] Model initialized on device: cuda:0
[2026-01-24 11:10:35,829] [INFO] [CLIENT INIT] Mode=FEDAVG | Sparsity=OFF (UsedSparsity=0) | Clusters=OFF (UsedClusters=0) | EnvSparsityCfg={'Conv': 0.6, 'Linear': 0.6, 'Bias': 0.0, 'BatchNorm': 0.0} | EnvNClusters=3
[2026-01-24 11:10:35,860] [INFO] Model initialized on device: cuda:0
[2026-01-24 11:10:35,860] [INFO] [CLIENT INIT] Mode=FEDAVG | Sparsity=OFF (UsedSparsity=0) | Clusters=OFF (UsedClusters=0) | EnvSparsityCfg={'Conv': 0.6, 'Linear': 0.6, 'Bias': 0.0, 'BatchNorm': 0.0} | EnvNClusters=3
[2026-01-24 11:10:35,930] [INFO] Model initialized on device: cuda:0
[2026-01-24 11:10:35,930] [INFO] [CLIENT INIT] Mode=FEDAVG | Sparsity=OFF (UsedSparsity=0) | Clusters=OFF (UsedClusters=0) | EnvSparsityCfg={'Conv': 0.6, 'Linear': 0.6, 'Bias': 0.0, 'BatchNorm': 0.0} | EnvNClusters=3
[2026-01-24 11:10:35,941] [INFO] Model initialized on device: cuda:0
[2026-01-24 11:10:35,941] [INFO] [CLIENT INIT] Mode=FEDAVG | Sparsity=OFF (UsedSparsity=0) | Clusters=OFF (UsedClusters=0) | EnvSparsityCfg={'Conv': 0.6, 'Linear': 0.6, 'Bias': 0.0, 'BatchNorm': 0.0} | EnvNClusters=3
[2026-01-24 11:10:35,944] [INFO] Model initialized on device: cuda:0
[2026-01-24 11:10:35,944] [INFO] [CLIENT INIT] Mode=FEDAVG | Sparsity=OFF (UsedSparsity=0) | Clusters=OFF (UsedClusters=0) | EnvSparsityCfg={'Conv': 0.6, 'Linear': 0.6, 'Bias': 0.0, 'BatchNorm': 0.0} | EnvNClusters=3
[2026-01-24 11:10:35,948] [INFO] Model initialized on device: cuda:0
[2026-01-24 11:10:35,948] [INFO] [CLIENT INIT] Mode=FEDAVG | Sparsity=OFF (UsedSparsity=0) | Clusters=OFF (UsedClusters=0) | EnvSparsityCfg={'Conv': 0.6, 'Linear': 0.6, 'Bias': 0.0, 'BatchNorm': 0.0} | EnvNClusters=3
[2026-01-24 11:10:35,962] [INFO] Model initialized on device: cuda:0
[2026-01-24 11:10:35,962] [INFO] [CLIENT INIT] Mode=FEDAVG | Sparsity=OFF (UsedSparsity=0) | Clusters=OFF (UsedClusters=0) | EnvSparsityCfg={'Conv': 0.6, 'Linear': 0.6, 'Bias': 0.0, 'BatchNorm': 0.0} | EnvNClusters=3
[2026-01-24 11:10:37,824] [INFO] Model initialized on device: cuda:0
[2026-01-24 11:10:37,824] [INFO] [CLIENT INIT] Mode=FEDAVG | Sparsity=OFF (UsedSparsity=0) | Clusters=OFF (UsedClusters=0) | EnvSparsityCfg={'Conv': 0.6, 'Linear': 0.6, 'Bias': 0.0, 'BatchNorm': 0.0} | EnvNClusters=3
[2026-01-24 11:11:31,415] [INFO] [TRAIN] Epoch 2 Loss: 0.9526
[2026-01-24 11:12:08,518] [INFO] Model initialized on device: cuda:0
[2026-01-24 11:12:08,518] [INFO] [CLIENT INIT] Mode=FEDAVG | Sparsity=OFF (UsedSparsity=0) | Clusters=OFF (UsedClusters=0) | EnvSparsityCfg={'Conv': 0.6, 'Linear': 0.6, 'Bias': 0.0, 'BatchNorm': 0.0} | EnvNClusters=3
[2026-01-24 11:12:08,519] [INFO] Model initialized on device: cuda:0
[2026-01-24 11:12:08,520] [INFO] [CLIENT INIT] Mode=FEDAVG | Sparsity=OFF (UsedSparsity=0) | Clusters=OFF (UsedClusters=0) | EnvSparsityCfg={'Conv': 0.6, 'Linear': 0.6, 'Bias': 0.0, 'BatchNorm': 0.0} | EnvNClusters=3
[2026-01-24 11:12:08,524] [INFO] Model initialized on device: cuda:0
[2026-01-24 11:12:08,524] [INFO] [CLIENT INIT] Mode=FEDAVG | Sparsity=OFF (UsedSparsity=0) | Clusters=OFF (UsedClusters=0) | EnvSparsityCfg={'Conv': 0.6, 'Linear': 0.6, 'Bias': 0.0, 'BatchNorm': 0.0} | EnvNClusters=3
[2026-01-24 11:12:08,710] [INFO] Model initialized on device: cuda:0
[2026-01-24 11:12:08,710] [INFO] [CLIENT INIT] Mode=FEDAVG | Sparsity=OFF (UsedSparsity=0) | Clusters=OFF (UsedClusters=0) | EnvSparsityCfg={'Conv': 0.6, 'Linear': 0.6, 'Bias': 0.0, 'BatchNorm': 0.0} | EnvNClusters=3
[2026-01-24 11:12:08,809] [INFO] Model initialized on device: cuda:0
[2026-01-24 11:12:08,809] [INFO] [CLIENT INIT] Mode=FEDAVG | Sparsity=OFF (UsedSparsity=0) | Clusters=OFF (UsedClusters=0) | EnvSparsityCfg={'Conv': 0.6, 'Linear': 0.6, 'Bias': 0.0, 'BatchNorm': 0.0} | EnvNClusters=3
[2026-01-24 11:12:08,812] [INFO] Model initialized on device: cuda:0
[2026-01-24 11:12:08,812] [INFO] [CLIENT INIT] Mode=FEDAVG | Sparsity=OFF (UsedSparsity=0) | Clusters=OFF (UsedClusters=0) | EnvSparsityCfg={'Conv': 0.6, 'Linear': 0.6, 'Bias': 0.0, 'BatchNorm': 0.0} | EnvNClusters=3
[2026-01-24 11:12:08,829] [INFO] Model initialized on device: cuda:0
[2026-01-24 11:12:08,829] [INFO] [CLIENT INIT] Mode=FEDAVG | Sparsity=OFF (UsedSparsity=0) | Clusters=OFF (UsedClusters=0) | EnvSparsityCfg={'Conv': 0.6, 'Linear': 0.6, 'Bias': 0.0, 'BatchNorm': 0.0} | EnvNClusters=3
[2026-01-24 11:12:08,833] [INFO] Model initialized on device: cuda:0
[2026-01-24 11:12:08,833] [INFO] [CLIENT INIT] Mode=FEDAVG | Sparsity=OFF (UsedSparsity=0) | Clusters=OFF (UsedClusters=0) | EnvSparsityCfg={'Conv': 0.6, 'Linear': 0.6, 'Bias': 0.0, 'BatchNorm': 0.0} | EnvNClusters=3
[2026-01-24 11:12:08,837] [INFO] Model initialized on device: cuda:0
[2026-01-24 11:12:08,837] [INFO] [CLIENT INIT] Mode=FEDAVG | Sparsity=OFF (UsedSparsity=0) | Clusters=OFF (UsedClusters=0) | EnvSparsityCfg={'Conv': 0.6, 'Linear': 0.6, 'Bias': 0.0, 'BatchNorm': 0.0} | EnvNClusters=3
[2026-01-24 11:12:08,839] [INFO] Model initialized on device: cuda:0
[2026-01-24 11:12:08,839] [INFO] [CLIENT INIT] Mode=FEDAVG | Sparsity=OFF (UsedSparsity=0) | Clusters=OFF (UsedClusters=0) | EnvSparsityCfg={'Conv': 0.6, 'Linear': 0.6, 'Bias': 0.0, 'BatchNorm': 0.0} | EnvNClusters=3
[2026-01-24 11:12:59,910] [INFO] [TRAIN] Epoch 3 Loss: 0.9522
[2026-01-24 11:13:41,652] [INFO] Model initialized on device: cuda:0
[2026-01-24 11:13:41,653] [INFO] [CLIENT INIT] Mode=FEDAVG | Sparsity=OFF (UsedSparsity=0) | Clusters=OFF (UsedClusters=0) | EnvSparsityCfg={'Conv': 0.6, 'Linear': 0.6, 'Bias': 0.0, 'BatchNorm': 0.0} | EnvNClusters=3
[2026-01-24 11:13:44,312] [INFO] Model initialized on device: cuda:0
[2026-01-24 11:13:44,312] [INFO] [CLIENT INIT] Mode=FEDAVG | Sparsity=OFF (UsedSparsity=0) | Clusters=OFF (UsedClusters=0) | EnvSparsityCfg={'Conv': 0.6, 'Linear': 0.6, 'Bias': 0.0, 'BatchNorm': 0.0} | EnvNClusters=3
[2026-01-24 11:13:44,415] [INFO] Model initialized on device: cuda:0
[2026-01-24 11:13:44,416] [INFO] [CLIENT INIT] Mode=FEDAVG | Sparsity=OFF (UsedSparsity=0) | Clusters=OFF (UsedClusters=0) | EnvSparsityCfg={'Conv': 0.6, 'Linear': 0.6, 'Bias': 0.0, 'BatchNorm': 0.0} | EnvNClusters=3
[2026-01-24 11:13:44,913] [INFO] Model initialized on device: cuda:0
[2026-01-24 11:13:44,913] [INFO] [CLIENT INIT] Mode=FEDAVG | Sparsity=OFF (UsedSparsity=0) | Clusters=OFF (UsedClusters=0) | EnvSparsityCfg={'Conv': 0.6, 'Linear': 0.6, 'Bias': 0.0, 'BatchNorm': 0.0} | EnvNClusters=3
[2026-01-24 11:13:45,218] [INFO] Model initialized on device: cuda:0
[2026-01-24 11:13:45,219] [INFO] [CLIENT INIT] Mode=FEDAVG | Sparsity=OFF (UsedSparsity=0) | Clusters=OFF (UsedClusters=0) | EnvSparsityCfg={'Conv': 0.6, 'Linear': 0.6, 'Bias': 0.0, 'BatchNorm': 0.0} | EnvNClusters=3
[2026-01-24 11:13:45,918] [INFO] Model initialized on device: cuda:0
[2026-01-24 11:13:45,918] [INFO] [CLIENT INIT] Mode=FEDAVG | Sparsity=OFF (UsedSparsity=0) | Clusters=OFF (UsedClusters=0) | EnvSparsityCfg={'Conv': 0.6, 'Linear': 0.6, 'Bias': 0.0, 'BatchNorm': 0.0} | EnvNClusters=3
[2026-01-24 11:13:45,929] [INFO] Model initialized on device: cuda:0
[2026-01-24 11:13:45,930] [INFO] [CLIENT INIT] Mode=FEDAVG | Sparsity=OFF (UsedSparsity=0) | Clusters=OFF (UsedClusters=0) | EnvSparsityCfg={'Conv': 0.6, 'Linear': 0.6, 'Bias': 0.0, 'BatchNorm': 0.0} | EnvNClusters=3
[2026-01-24 11:13:45,931] [INFO] Model initialized on device: cuda:0
[2026-01-24 11:13:45,931] [INFO] [CLIENT INIT] Mode=FEDAVG | Sparsity=OFF (UsedSparsity=0) | Clusters=OFF (UsedClusters=0) | EnvSparsityCfg={'Conv': 0.6, 'Linear': 0.6, 'Bias': 0.0, 'BatchNorm': 0.0} | EnvNClusters=3
[2026-01-24 11:13:45,941] [INFO] Model initialized on device: cuda:0
[2026-01-24 11:13:45,941] [INFO] [CLIENT INIT] Mode=FEDAVG | Sparsity=OFF (UsedSparsity=0) | Clusters=OFF (UsedClusters=0) | EnvSparsityCfg={'Conv': 0.6, 'Linear': 0.6, 'Bias': 0.0, 'BatchNorm': 0.0} | EnvNClusters=3
[2026-01-24 11:13:45,946] [INFO] Model initialized on device: cuda:0
[2026-01-24 11:13:45,946] [INFO] [CLIENT INIT] Mode=FEDAVG | Sparsity=OFF (UsedSparsity=0) | Clusters=OFF (UsedClusters=0) | EnvSparsityCfg={'Conv': 0.6, 'Linear': 0.6, 'Bias': 0.0, 'BatchNorm': 0.0} | EnvNClusters=3
[2026-01-24 11:14:42,059] [INFO] [TRAIN] Epoch 4 Loss: 0.9518
[2026-01-24 11:15:11,615] [INFO] Model initialized on device: cuda:0
[2026-01-24 11:15:11,615] [INFO] [CLIENT INIT] Mode=FEDAVG | Sparsity=OFF (UsedSparsity=0) | Clusters=OFF (UsedClusters=0) | EnvSparsityCfg={'Conv': 0.6, 'Linear': 0.6, 'Bias': 0.0, 'BatchNorm': 0.0} | EnvNClusters=3
[2026-01-24 11:15:14,436] [INFO] Model initialized on device: cuda:0
[2026-01-24 11:15:14,436] [INFO] [CLIENT INIT] Mode=FEDAVG | Sparsity=OFF (UsedSparsity=0) | Clusters=OFF (UsedClusters=0) | EnvSparsityCfg={'Conv': 0.6, 'Linear': 0.6, 'Bias': 0.0, 'BatchNorm': 0.0} | EnvNClusters=3
[2026-01-24 11:15:19,611] [INFO] Model initialized on device: cuda:0
[2026-01-24 11:15:19,611] [INFO] [CLIENT INIT] Mode=FEDAVG | Sparsity=OFF (UsedSparsity=0) | Clusters=OFF (UsedClusters=0) | EnvSparsityCfg={'Conv': 0.6, 'Linear': 0.6, 'Bias': 0.0, 'BatchNorm': 0.0} | EnvNClusters=3
[2026-01-24 11:15:21,725] [INFO] Model initialized on device: cuda:0
[2026-01-24 11:15:21,725] [INFO] [CLIENT INIT] Mode=FEDAVG | Sparsity=OFF (UsedSparsity=0) | Clusters=OFF (UsedClusters=0) | EnvSparsityCfg={'Conv': 0.6, 'Linear': 0.6, 'Bias': 0.0, 'BatchNorm': 0.0} | EnvNClusters=3
[2026-01-24 11:15:23,058] [INFO] Model initialized on device: cuda:0
[2026-01-24 11:15:23,058] [INFO] [CLIENT INIT] Mode=FEDAVG | Sparsity=OFF (UsedSparsity=0) | Clusters=OFF (UsedClusters=0) | EnvSparsityCfg={'Conv': 0.6, 'Linear': 0.6, 'Bias': 0.0, 'BatchNorm': 0.0} | EnvNClusters=3
[2026-01-24 11:15:23,136] [INFO] Model initialized on device: cuda:0
[2026-01-24 11:15:23,136] [INFO] [CLIENT INIT] Mode=FEDAVG | Sparsity=OFF (UsedSparsity=0) | Clusters=OFF (UsedClusters=0) | EnvSparsityCfg={'Conv': 0.6, 'Linear': 0.6, 'Bias': 0.0, 'BatchNorm': 0.0} | EnvNClusters=3
[2026-01-24 11:15:23,430] [INFO] Model initialized on device: cuda:0
[2026-01-24 11:15:23,430] [INFO] [CLIENT INIT] Mode=FEDAVG | Sparsity=OFF (UsedSparsity=0) | Clusters=OFF (UsedClusters=0) | EnvSparsityCfg={'Conv': 0.6, 'Linear': 0.6, 'Bias': 0.0, 'BatchNorm': 0.0} | EnvNClusters=3
[2026-01-24 11:15:23,445] [INFO] Model initialized on device: cuda:0
[2026-01-24 11:15:23,445] [INFO] [CLIENT INIT] Mode=FEDAVG | Sparsity=OFF (UsedSparsity=0) | Clusters=OFF (UsedClusters=0) | EnvSparsityCfg={'Conv': 0.6, 'Linear': 0.6, 'Bias': 0.0, 'BatchNorm': 0.0} | EnvNClusters=3
[2026-01-24 11:15:23,619] [INFO] Model initialized on device: cuda:0
[2026-01-24 11:15:23,619] [INFO] [CLIENT INIT] Mode=FEDAVG | Sparsity=OFF (UsedSparsity=0) | Clusters=OFF (UsedClusters=0) | EnvSparsityCfg={'Conv': 0.6, 'Linear': 0.6, 'Bias': 0.0, 'BatchNorm': 0.0} | EnvNClusters=3
[2026-01-24 11:15:23,620] [INFO] Model initialized on device: cuda:0
[2026-01-24 11:15:23,620] [INFO] [CLIENT INIT] Mode=FEDAVG | Sparsity=OFF (UsedSparsity=0) | Clusters=OFF (UsedClusters=0) | EnvSparsityCfg={'Conv': 0.6, 'Linear': 0.6, 'Bias': 0.0, 'BatchNorm': 0.0} | EnvNClusters=3
[2026-01-24 11:16:21,418] [INFO] [TRAIN] Epoch 5 Loss: 0.9513
[2026-01-24 11:16:21,420] [INFO] [FIT] Local training finished. Avg Loss: 0.9522
[2026-01-24 11:16:53,623] [INFO] Model initialized on device: cuda:0
[2026-01-24 11:16:53,623] [INFO] [CLIENT INIT] Mode=FEDAVG | Sparsity=OFF (UsedSparsity=0) | Clusters=OFF (UsedClusters=0) | EnvSparsityCfg={'Conv': 0.6, 'Linear': 0.6, 'Bias': 0.0, 'BatchNorm': 0.0} | EnvNClusters=3
[2026-01-24 11:16:54,220] [INFO] Model initialized on device: cuda:0
[2026-01-24 11:16:54,221] [INFO] [CLIENT INIT] Mode=FEDAVG | Sparsity=OFF (UsedSparsity=0) | Clusters=OFF (UsedClusters=0) | EnvSparsityCfg={'Conv': 0.6, 'Linear': 0.6, 'Bias': 0.0, 'BatchNorm': 0.0} | EnvNClusters=3
[2026-01-24 11:16:57,531] [INFO] Model initialized on device: cuda:0
[2026-01-24 11:16:57,531] [INFO] [CLIENT INIT] Mode=FEDAVG | Sparsity=OFF (UsedSparsity=0) | Clusters=OFF (UsedClusters=0) | EnvSparsityCfg={'Conv': 0.6, 'Linear': 0.6, 'Bias': 0.0, 'BatchNorm': 0.0} | EnvNClusters=3
[2026-01-24 11:17:00,419] [INFO] Model initialized on device: cuda:0
[2026-01-24 11:17:00,419] [INFO] [CLIENT INIT] Mode=FEDAVG | Sparsity=OFF (UsedSparsity=0) | Clusters=OFF (UsedClusters=0) | EnvSparsityCfg={'Conv': 0.6, 'Linear': 0.6, 'Bias': 0.0, 'BatchNorm': 0.0} | EnvNClusters=3
[2026-01-24 11:17:00,514] [INFO] Model initialized on device: cuda:0
[2026-01-24 11:17:00,514] [INFO] [CLIENT INIT] Mode=FEDAVG | Sparsity=OFF (UsedSparsity=0) | Clusters=OFF (UsedClusters=0) | EnvSparsityCfg={'Conv': 0.6, 'Linear': 0.6, 'Bias': 0.0, 'BatchNorm': 0.0} | EnvNClusters=3
[2026-01-24 11:17:02,213] [INFO] Model initialized on device: cuda:0
[2026-01-24 11:17:02,213] [INFO] [CLIENT INIT] Mode=FEDAVG | Sparsity=OFF (UsedSparsity=0) | Clusters=OFF (UsedClusters=0) | EnvSparsityCfg={'Conv': 0.6, 'Linear': 0.6, 'Bias': 0.0, 'BatchNorm': 0.0} | EnvNClusters=3
[2026-01-24 11:17:03,420] [INFO] Model initialized on device: cuda:0
[2026-01-24 11:17:03,420] [INFO] [CLIENT INIT] Mode=FEDAVG | Sparsity=OFF (UsedSparsity=0) | Clusters=OFF (UsedClusters=0) | EnvSparsityCfg={'Conv': 0.6, 'Linear': 0.6, 'Bias': 0.0, 'BatchNorm': 0.0} | EnvNClusters=3
[2026-01-24 11:17:04,112] [INFO] Model initialized on device: cuda:0
[2026-01-24 11:17:04,112] [INFO] [CLIENT INIT] Mode=FEDAVG | Sparsity=OFF (UsedSparsity=0) | Clusters=OFF (UsedClusters=0) | EnvSparsityCfg={'Conv': 0.6, 'Linear': 0.6, 'Bias': 0.0, 'BatchNorm': 0.0} | EnvNClusters=3
[2026-01-24 11:17:04,114] [INFO] Model initialized on device: cuda:0
[2026-01-24 11:17:04,114] [INFO] [CLIENT INIT] Mode=FEDAVG | Sparsity=OFF (UsedSparsity=0) | Clusters=OFF (UsedClusters=0) | EnvSparsityCfg={'Conv': 0.6, 'Linear': 0.6, 'Bias': 0.0, 'BatchNorm': 0.0} | EnvNClusters=3
[2026-01-24 11:17:04,907] [INFO] Model initialized on device: cuda:0
[2026-01-24 11:17:04,908] [INFO] [CLIENT INIT] Mode=FEDAVG | Sparsity=OFF (UsedSparsity=0) | Clusters=OFF (UsedClusters=0) | EnvSparsityCfg={'Conv': 0.6, 'Linear': 0.6, 'Bias': 0.0, 'BatchNorm': 0.0} | EnvNClusters=3
[2026-01-24 11:17:06,321] [DEBUG] [TEST] Batch 1 | Pred shape: torch.Size([256, 256, 160]) | Label shape: torch.Size([256, 256, 160])
[2026-01-24 11:17:06,514] [DEBUG] [TEST] Batch 2 | Pred shape: torch.Size([256, 256, 160]) | Label shape: torch.Size([256, 256, 160])
[2026-01-24 11:17:09,221] [DEBUG] [TEST] Batch 3 | Pred shape: torch.Size([256, 256, 160]) | Label shape: torch.Size([256, 256, 160])
[2026-01-24 11:17:09,409] [DEBUG] [TEST] Batch 4 | Pred shape: torch.Size([256, 256, 160]) | Label shape: torch.Size([256, 256, 160])
[2026-01-24 11:17:11,048] [DEBUG] [TEST] Batch 5 | Pred shape: torch.Size([256, 256, 160]) | Label shape: torch.Size([256, 256, 160])
[2026-01-24 11:17:11,215] [DEBUG] [TEST] Batch 6 | Pred shape: torch.Size([256, 256, 160]) | Label shape: torch.Size([256, 256, 160])
[2026-01-24 11:17:11,412] [DEBUG] [TEST] Batch 7 | Pred shape: torch.Size([256, 256, 160]) | Label shape: torch.Size([256, 256, 160])
[2026-01-24 11:17:11,527] [DEBUG] [TEST] Batch 8 | Pred shape: torch.Size([256, 256, 160]) | Label shape: torch.Size([256, 256, 160])
[2026-01-24 11:17:11,615] [DEBUG] [TEST] Batch 9 | Pred shape: torch.Size([256, 256, 160]) | Label shape: torch.Size([256, 256, 160])
[2026-01-24 11:17:11,714] [DEBUG] [TEST] Batch 10 | Pred shape: torch.Size([256, 256, 160]) | Label shape: torch.Size([256, 256, 160])
[2026-01-24 11:17:19,149] [INFO] [FIT] Final model saved to: Revision2/Run_UNET_IID_Fedavg_20260124/Client4/model_final.pth
[2026-01-24 11:17:19,160] [INFO] [COMM][CLIENT] Round=-1 Mode=FEDAVG UsedSparsity=0 UsedClusters=0 BaselineBits=154016352.0 CompressedBits=154016352.0 CR=1.000
[2026-01-24 11:18:22,407] [INFO] [EVALUATE] Starting evaluation...
[2026-01-24 11:18:24,617] [INFO] [DEBUG] Loaded uncompressed weights.
[2026-01-24 11:19:33,777] [INFO] Model initialized on device: cuda:0
[2026-01-24 11:19:33,777] [INFO] [CLIENT INIT] Mode=FEDAVG | Sparsity=OFF (UsedSparsity=0) | Clusters=OFF (UsedClusters=0) | EnvSparsityCfg={'Conv': 0.6, 'Linear': 0.6, 'Bias': 0.0, 'BatchNorm': 0.0} | EnvNClusters=3
[2026-01-24 11:19:33,994] [INFO] Model initialized on device: cuda:0
[2026-01-24 11:19:33,994] [INFO] [CLIENT INIT] Mode=FEDAVG | Sparsity=OFF (UsedSparsity=0) | Clusters=OFF (UsedClusters=0) | EnvSparsityCfg={'Conv': 0.6, 'Linear': 0.6, 'Bias': 0.0, 'BatchNorm': 0.0} | EnvNClusters=3
[2026-01-24 11:19:34,255] [INFO] Model initialized on device: cuda:0
[2026-01-24 11:19:34,255] [INFO] [CLIENT INIT] Mode=FEDAVG | Sparsity=OFF (UsedSparsity=0) | Clusters=OFF (UsedClusters=0) | EnvSparsityCfg={'Conv': 0.6, 'Linear': 0.6, 'Bias': 0.0, 'BatchNorm': 0.0} | EnvNClusters=3
[2026-01-24 11:19:34,622] [INFO] Model initialized on device: cuda:0
[2026-01-24 11:19:34,622] [INFO] [CLIENT INIT] Mode=FEDAVG | Sparsity=OFF (UsedSparsity=0) | Clusters=OFF (UsedClusters=0) | EnvSparsityCfg={'Conv': 0.6, 'Linear': 0.6, 'Bias': 0.0, 'BatchNorm': 0.0} | EnvNClusters=3
[2026-01-24 11:19:35,340] [INFO] Model initialized on device: cuda:0
[2026-01-24 11:19:35,340] [INFO] [CLIENT INIT] Mode=FEDAVG | Sparsity=OFF (UsedSparsity=0) | Clusters=OFF (UsedClusters=0) | EnvSparsityCfg={'Conv': 0.6, 'Linear': 0.6, 'Bias': 0.0, 'BatchNorm': 0.0} | EnvNClusters=3
[2026-01-24 11:19:35,342] [INFO] Model initialized on device: cuda:0
[2026-01-24 11:19:35,343] [INFO] [CLIENT INIT] Mode=FEDAVG | Sparsity=OFF (UsedSparsity=0) | Clusters=OFF (UsedClusters=0) | EnvSparsityCfg={'Conv': 0.6, 'Linear': 0.6, 'Bias': 0.0, 'BatchNorm': 0.0} | EnvNClusters=3
[2026-01-24 11:19:35,423] [INFO] Model initialized on device: cuda:0
[2026-01-24 11:19:35,423] [INFO] [CLIENT INIT] Mode=FEDAVG | Sparsity=OFF (UsedSparsity=0) | Clusters=OFF (UsedClusters=0) | EnvSparsityCfg={'Conv': 0.6, 'Linear': 0.6, 'Bias': 0.0, 'BatchNorm': 0.0} | EnvNClusters=3
[2026-01-24 11:19:35,430] [INFO] Model initialized on device: cuda:0
[2026-01-24 11:19:35,430] [INFO] [CLIENT INIT] Mode=FEDAVG | Sparsity=OFF (UsedSparsity=0) | Clusters=OFF (UsedClusters=0) | EnvSparsityCfg={'Conv': 0.6, 'Linear': 0.6, 'Bias': 0.0, 'BatchNorm': 0.0} | EnvNClusters=3
[2026-01-24 11:19:35,538] [INFO] Model initialized on device: cuda:0
[2026-01-24 11:19:35,538] [INFO] [CLIENT INIT] Mode=FEDAVG | Sparsity=OFF (UsedSparsity=0) | Clusters=OFF (UsedClusters=0) | EnvSparsityCfg={'Conv': 0.6, 'Linear': 0.6, 'Bias': 0.0, 'BatchNorm': 0.0} | EnvNClusters=3
[2026-01-24 11:19:35,612] [INFO] Model initialized on device: cuda:0
[2026-01-24 11:19:35,613] [INFO] [CLIENT INIT] Mode=FEDAVG | Sparsity=OFF (UsedSparsity=0) | Clusters=OFF (UsedClusters=0) | EnvSparsityCfg={'Conv': 0.6, 'Linear': 0.6, 'Bias': 0.0, 'BatchNorm': 0.0} | EnvNClusters=3
[2026-01-24 11:19:42,360] [DEBUG] [TEST] Batch 1 | Pred shape: torch.Size([256, 256, 160]) | Label shape: torch.Size([256, 256, 160])
[2026-01-24 11:19:42,574] [DEBUG] [TEST] Batch 2 | Pred shape: torch.Size([256, 256, 160]) | Label shape: torch.Size([256, 256, 160])
[2026-01-24 11:19:42,794] [DEBUG] [TEST] Batch 3 | Pred shape: torch.Size([256, 256, 160]) | Label shape: torch.Size([256, 256, 160])
[2026-01-24 11:19:42,978] [DEBUG] [TEST] Batch 4 | Pred shape: torch.Size([256, 256, 160]) | Label shape: torch.Size([256, 256, 160])
[2026-01-24 11:19:43,166] [DEBUG] [TEST] Batch 5 | Pred shape: torch.Size([256, 256, 160]) | Label shape: torch.Size([256, 256, 160])
[2026-01-24 11:19:43,341] [DEBUG] [TEST] Batch 6 | Pred shape: torch.Size([256, 256, 160]) | Label shape: torch.Size([256, 256, 160])
[2026-01-24 11:19:43,521] [DEBUG] [TEST] Batch 7 | Pred shape: torch.Size([256, 256, 160]) | Label shape: torch.Size([256, 256, 160])
[2026-01-24 11:19:43,644] [DEBUG] [TEST] Batch 8 | Pred shape: torch.Size([256, 256, 160]) | Label shape: torch.Size([256, 256, 160])
[2026-01-24 11:19:43,767] [DEBUG] [TEST] Batch 9 | Pred shape: torch.Size([256, 256, 160]) | Label shape: torch.Size([256, 256, 160])
[2026-01-24 11:19:43,921] [DEBUG] [TEST] Batch 10 | Pred shape: torch.Size([256, 256, 160]) | Label shape: torch.Size([256, 256, 160])
[2026-01-24 11:19:50,415] [INFO] [EVALUATE] Dice WT: 0.3069
[2026-01-24 11:19:53,316] [INFO] [FIT] Received parameters. Starting local training...
[2026-01-24 11:19:55,816] [INFO] [DEBUG] Loaded uncompressed weights.
[2026-01-24 11:21:03,562] [INFO] Model initialized on device: cuda:0
[2026-01-24 11:21:03,563] [INFO] [CLIENT INIT] Mode=FEDAVG | Sparsity=OFF (UsedSparsity=0) | Clusters=OFF (UsedClusters=0) | EnvSparsityCfg={'Conv': 0.6, 'Linear': 0.6, 'Bias': 0.0, 'BatchNorm': 0.0} | EnvNClusters=3
[2026-01-24 11:21:03,780] [INFO] Model initialized on device: cuda:0
[2026-01-24 11:21:03,780] [INFO] [CLIENT INIT] Mode=FEDAVG | Sparsity=OFF (UsedSparsity=0) | Clusters=OFF (UsedClusters=0) | EnvSparsityCfg={'Conv': 0.6, 'Linear': 0.6, 'Bias': 0.0, 'BatchNorm': 0.0} | EnvNClusters=3
[2026-01-24 11:21:03,962] [INFO] Model initialized on device: cuda:0
[2026-01-24 11:21:03,962] [INFO] [CLIENT INIT] Mode=FEDAVG | Sparsity=OFF (UsedSparsity=0) | Clusters=OFF (UsedClusters=0) | EnvSparsityCfg={'Conv': 0.6, 'Linear': 0.6, 'Bias': 0.0, 'BatchNorm': 0.0} | EnvNClusters=3
[2026-01-24 11:21:04,311] [INFO] Model initialized on device: cuda:0
[2026-01-24 11:21:04,312] [INFO] [CLIENT INIT] Mode=FEDAVG | Sparsity=OFF (UsedSparsity=0) | Clusters=OFF (UsedClusters=0) | EnvSparsityCfg={'Conv': 0.6, 'Linear': 0.6, 'Bias': 0.0, 'BatchNorm': 0.0} | EnvNClusters=3
[2026-01-24 11:21:04,428] [INFO] Model initialized on device: cuda:0
[2026-01-24 11:21:04,428] [INFO] Model initialized on device: cuda:0
[2026-01-24 11:21:04,428] [INFO] [CLIENT INIT] Mode=FEDAVG | Sparsity=OFF (UsedSparsity=0) | Clusters=OFF (UsedClusters=0) | EnvSparsityCfg={'Conv': 0.6, 'Linear': 0.6, 'Bias': 0.0, 'BatchNorm': 0.0} | EnvNClusters=3
[2026-01-24 11:21:04,428] [INFO] [CLIENT INIT] Mode=FEDAVG | Sparsity=OFF (UsedSparsity=0) | Clusters=OFF (UsedClusters=0) | EnvSparsityCfg={'Conv': 0.6, 'Linear': 0.6, 'Bias': 0.0, 'BatchNorm': 0.0} | EnvNClusters=3
[2026-01-24 11:21:04,912] [INFO] Model initialized on device: cuda:0
[2026-01-24 11:21:04,913] [INFO] [CLIENT INIT] Mode=FEDAVG | Sparsity=OFF (UsedSparsity=0) | Clusters=OFF (UsedClusters=0) | EnvSparsityCfg={'Conv': 0.6, 'Linear': 0.6, 'Bias': 0.0, 'BatchNorm': 0.0} | EnvNClusters=3
[2026-01-24 11:21:05,029] [INFO] Model initialized on device: cuda:0
[2026-01-24 11:21:05,029] [INFO] [CLIENT INIT] Mode=FEDAVG | Sparsity=OFF (UsedSparsity=0) | Clusters=OFF (UsedClusters=0) | EnvSparsityCfg={'Conv': 0.6, 'Linear': 0.6, 'Bias': 0.0, 'BatchNorm': 0.0} | EnvNClusters=3
[2026-01-24 11:21:05,108] [INFO] Model initialized on device: cuda:0
[2026-01-24 11:21:05,108] [INFO] [CLIENT INIT] Mode=FEDAVG | Sparsity=OFF (UsedSparsity=0) | Clusters=OFF (UsedClusters=0) | EnvSparsityCfg={'Conv': 0.6, 'Linear': 0.6, 'Bias': 0.0, 'BatchNorm': 0.0} | EnvNClusters=3
[2026-01-24 11:21:05,110] [INFO] Model initialized on device: cuda:0
[2026-01-24 11:21:05,110] [INFO] [CLIENT INIT] Mode=FEDAVG | Sparsity=OFF (UsedSparsity=0) | Clusters=OFF (UsedClusters=0) | EnvSparsityCfg={'Conv': 0.6, 'Linear': 0.6, 'Bias': 0.0, 'BatchNorm': 0.0} | EnvNClusters=3
[2026-01-24 11:22:16,039] [INFO] [TRAIN] Epoch 1 Loss: 0.9510
[2026-01-24 11:23:24,612] [INFO] Model initialized on device: cuda:0
[2026-01-24 11:23:24,613] [INFO] [CLIENT INIT] Mode=FEDAVG | Sparsity=OFF (UsedSparsity=0) | Clusters=OFF (UsedClusters=0) | EnvSparsityCfg={'Conv': 0.6, 'Linear': 0.6, 'Bias': 0.0, 'BatchNorm': 0.0} | EnvNClusters=3
[2026-01-24 11:23:24,916] [INFO] Model initialized on device: cuda:0
[2026-01-24 11:23:24,916] [INFO] [CLIENT INIT] Mode=FEDAVG | Sparsity=OFF (UsedSparsity=0) | Clusters=OFF (UsedClusters=0) | EnvSparsityCfg={'Conv': 0.6, 'Linear': 0.6, 'Bias': 0.0, 'BatchNorm': 0.0} | EnvNClusters=3
[2026-01-24 11:23:25,349] [INFO] Model initialized on device: cuda:0
[2026-01-24 11:23:25,349] [INFO] [CLIENT INIT] Mode=FEDAVG | Sparsity=OFF (UsedSparsity=0) | Clusters=OFF (UsedClusters=0) | EnvSparsityCfg={'Conv': 0.6, 'Linear': 0.6, 'Bias': 0.0, 'BatchNorm': 0.0} | EnvNClusters=3
[2026-01-24 11:23:25,830] [INFO] Model initialized on device: cuda:0
[2026-01-24 11:23:25,830] [INFO] Model initialized on device: cuda:0
[2026-01-24 11:23:25,830] [INFO] [CLIENT INIT] Mode=FEDAVG | Sparsity=OFF (UsedSparsity=0) | Clusters=OFF (UsedClusters=0) | EnvSparsityCfg={'Conv': 0.6, 'Linear': 0.6, 'Bias': 0.0, 'BatchNorm': 0.0} | EnvNClusters=3
[2026-01-24 11:23:25,830] [INFO] [CLIENT INIT] Mode=FEDAVG | Sparsity=OFF (UsedSparsity=0) | Clusters=OFF (UsedClusters=0) | EnvSparsityCfg={'Conv': 0.6, 'Linear': 0.6, 'Bias': 0.0, 'BatchNorm': 0.0} | EnvNClusters=3
[2026-01-24 11:23:25,922] [INFO] Model initialized on device: cuda:0
[2026-01-24 11:23:25,922] [INFO] [CLIENT INIT] Mode=FEDAVG | Sparsity=OFF (UsedSparsity=0) | Clusters=OFF (UsedClusters=0) | EnvSparsityCfg={'Conv': 0.6, 'Linear': 0.6, 'Bias': 0.0, 'BatchNorm': 0.0} | EnvNClusters=3
[2026-01-24 11:23:26,427] [INFO] Model initialized on device: cuda:0
[2026-01-24 11:23:26,427] [INFO] [CLIENT INIT] Mode=FEDAVG | Sparsity=OFF (UsedSparsity=0) | Clusters=OFF (UsedClusters=0) | EnvSparsityCfg={'Conv': 0.6, 'Linear': 0.6, 'Bias': 0.0, 'BatchNorm': 0.0} | EnvNClusters=3
[2026-01-24 11:23:26,433] [INFO] Model initialized on device: cuda:0
[2026-01-24 11:23:26,433] [INFO] [CLIENT INIT] Mode=FEDAVG | Sparsity=OFF (UsedSparsity=0) | Clusters=OFF (UsedClusters=0) | EnvSparsityCfg={'Conv': 0.6, 'Linear': 0.6, 'Bias': 0.0, 'BatchNorm': 0.0} | EnvNClusters=3
[2026-01-24 11:23:26,510] [INFO] Model initialized on device: cuda:0
[2026-01-24 11:23:26,510] [INFO] [CLIENT INIT] Mode=FEDAVG | Sparsity=OFF (UsedSparsity=0) | Clusters=OFF (UsedClusters=0) | EnvSparsityCfg={'Conv': 0.6, 'Linear': 0.6, 'Bias': 0.0, 'BatchNorm': 0.0} | EnvNClusters=3
[2026-01-24 11:23:26,513] [INFO] Model initialized on device: cuda:0
[2026-01-24 11:23:26,514] [INFO] [CLIENT INIT] Mode=FEDAVG | Sparsity=OFF (UsedSparsity=0) | Clusters=OFF (UsedClusters=0) | EnvSparsityCfg={'Conv': 0.6, 'Linear': 0.6, 'Bias': 0.0, 'BatchNorm': 0.0} | EnvNClusters=3
[2026-01-24 11:24:36,393] [INFO] [TRAIN] Epoch 2 Loss: 0.9506
[2026-01-24 11:25:30,021] [INFO] Model initialized on device: cuda:0
[2026-01-24 11:25:30,021] [INFO] [CLIENT INIT] Mode=FEDAVG | Sparsity=OFF (UsedSparsity=0) | Clusters=OFF (UsedClusters=0) | EnvSparsityCfg={'Conv': 0.6, 'Linear': 0.6, 'Bias': 0.0, 'BatchNorm': 0.0} | EnvNClusters=3
[2026-01-24 11:25:31,551] [INFO] Model initialized on device: cuda:0
[2026-01-24 11:25:31,551] [INFO] [CLIENT INIT] Mode=FEDAVG | Sparsity=OFF (UsedSparsity=0) | Clusters=OFF (UsedClusters=0) | EnvSparsityCfg={'Conv': 0.6, 'Linear': 0.6, 'Bias': 0.0, 'BatchNorm': 0.0} | EnvNClusters=3
[2026-01-24 11:25:36,121] [INFO] Model initialized on device: cuda:0
[2026-01-24 11:25:36,121] [INFO] [CLIENT INIT] Mode=FEDAVG | Sparsity=OFF (UsedSparsity=0) | Clusters=OFF (UsedClusters=0) | EnvSparsityCfg={'Conv': 0.6, 'Linear': 0.6, 'Bias': 0.0, 'BatchNorm': 0.0} | EnvNClusters=3
[2026-01-24 11:25:45,559] [INFO] Model initialized on device: cuda:0
[2026-01-24 11:25:45,559] [INFO] [CLIENT INIT] Mode=FEDAVG | Sparsity=OFF (UsedSparsity=0) | Clusters=OFF (UsedClusters=0) | EnvSparsityCfg={'Conv': 0.6, 'Linear': 0.6, 'Bias': 0.0, 'BatchNorm': 0.0} | EnvNClusters=3
[2026-01-24 11:25:45,714] [INFO] Model initialized on device: cuda:0
[2026-01-24 11:25:45,714] [INFO] [CLIENT INIT] Mode=FEDAVG | Sparsity=OFF (UsedSparsity=0) | Clusters=OFF (UsedClusters=0) | EnvSparsityCfg={'Conv': 0.6, 'Linear': 0.6, 'Bias': 0.0, 'BatchNorm': 0.0} | EnvNClusters=3
[2026-01-24 11:25:46,236] [INFO] Model initialized on device: cuda:0
[2026-01-24 11:25:46,236] [INFO] [CLIENT INIT] Mode=FEDAVG | Sparsity=OFF (UsedSparsity=0) | Clusters=OFF (UsedClusters=0) | EnvSparsityCfg={'Conv': 0.6, 'Linear': 0.6, 'Bias': 0.0, 'BatchNorm': 0.0} | EnvNClusters=3
[2026-01-24 11:25:46,250] [INFO] Model initialized on device: cuda:0
[2026-01-24 11:25:46,250] [INFO] [CLIENT INIT] Mode=FEDAVG | Sparsity=OFF (UsedSparsity=0) | Clusters=OFF (UsedClusters=0) | EnvSparsityCfg={'Conv': 0.6, 'Linear': 0.6, 'Bias': 0.0, 'BatchNorm': 0.0} | EnvNClusters=3
[2026-01-24 11:25:46,323] [INFO] Model initialized on device: cuda:0
[2026-01-24 11:25:46,324] [INFO] [CLIENT INIT] Mode=FEDAVG | Sparsity=OFF (UsedSparsity=0) | Clusters=OFF (UsedClusters=0) | EnvSparsityCfg={'Conv': 0.6, 'Linear': 0.6, 'Bias': 0.0, 'BatchNorm': 0.0} | EnvNClusters=3
[2026-01-24 11:25:46,331] [INFO] Model initialized on device: cuda:0
[2026-01-24 11:25:46,331] [INFO] [CLIENT INIT] Mode=FEDAVG | Sparsity=OFF (UsedSparsity=0) | Clusters=OFF (UsedClusters=0) | EnvSparsityCfg={'Conv': 0.6, 'Linear': 0.6, 'Bias': 0.0, 'BatchNorm': 0.0} | EnvNClusters=3
[2026-01-24 11:25:46,339] [INFO] Model initialized on device: cuda:0
[2026-01-24 11:25:46,339] [INFO] [CLIENT INIT] Mode=FEDAVG | Sparsity=OFF (UsedSparsity=0) | Clusters=OFF (UsedClusters=0) | EnvSparsityCfg={'Conv': 0.6, 'Linear': 0.6, 'Bias': 0.0, 'BatchNorm': 0.0} | EnvNClusters=3
[2026-01-24 11:26:48,823] [INFO] [TRAIN] Epoch 3 Loss: 0.9500
[2026-01-24 11:27:29,017] [INFO] Model initialized on device: cuda:0
[2026-01-24 11:27:29,017] [INFO] [CLIENT INIT] Mode=FEDAVG | Sparsity=OFF (UsedSparsity=0) | Clusters=OFF (UsedClusters=0) | EnvSparsityCfg={'Conv': 0.6, 'Linear': 0.6, 'Bias': 0.0, 'BatchNorm': 0.0} | EnvNClusters=3
[2026-01-24 11:27:30,930] [INFO] Model initialized on device: cuda:0
[2026-01-24 11:27:30,930] [INFO] [CLIENT INIT] Mode=FEDAVG | Sparsity=OFF (UsedSparsity=0) | Clusters=OFF (UsedClusters=0) | EnvSparsityCfg={'Conv': 0.6, 'Linear': 0.6, 'Bias': 0.0, 'BatchNorm': 0.0} | EnvNClusters=3
[2026-01-24 11:27:31,317] [INFO] Model initialized on device: cuda:0
[2026-01-24 11:27:31,317] [INFO] [CLIENT INIT] Mode=FEDAVG | Sparsity=OFF (UsedSparsity=0) | Clusters=OFF (UsedClusters=0) | EnvSparsityCfg={'Conv': 0.6, 'Linear': 0.6, 'Bias': 0.0, 'BatchNorm': 0.0} | EnvNClusters=3
[2026-01-24 11:27:33,411] [INFO] Model initialized on device: cuda:0
[2026-01-24 11:27:33,411] [INFO] [CLIENT INIT] Mode=FEDAVG | Sparsity=OFF (UsedSparsity=0) | Clusters=OFF (UsedClusters=0) | EnvSparsityCfg={'Conv': 0.6, 'Linear': 0.6, 'Bias': 0.0, 'BatchNorm': 0.0} | EnvNClusters=3
[2026-01-24 11:27:34,126] [INFO] Model initialized on device: cuda:0
[2026-01-24 11:27:34,126] [INFO] [CLIENT INIT] Mode=FEDAVG | Sparsity=OFF (UsedSparsity=0) | Clusters=OFF (UsedClusters=0) | EnvSparsityCfg={'Conv': 0.6, 'Linear': 0.6, 'Bias': 0.0, 'BatchNorm': 0.0} | EnvNClusters=3
[2026-01-24 11:27:35,455] [INFO] Model initialized on device: cuda:0
[2026-01-24 11:27:35,455] [INFO] [CLIENT INIT] Mode=FEDAVG | Sparsity=OFF (UsedSparsity=0) | Clusters=OFF (UsedClusters=0) | EnvSparsityCfg={'Conv': 0.6, 'Linear': 0.6, 'Bias': 0.0, 'BatchNorm': 0.0} | EnvNClusters=3
[2026-01-24 11:27:35,649] [INFO] Model initialized on device: cuda:0
[2026-01-24 11:27:35,649] [INFO] [CLIENT INIT] Mode=FEDAVG | Sparsity=OFF (UsedSparsity=0) | Clusters=OFF (UsedClusters=0) | EnvSparsityCfg={'Conv': 0.6, 'Linear': 0.6, 'Bias': 0.0, 'BatchNorm': 0.0} | EnvNClusters=3
[2026-01-24 11:27:36,441] [INFO] Model initialized on device: cuda:0
[2026-01-24 11:27:36,442] [INFO] [CLIENT INIT] Mode=FEDAVG | Sparsity=OFF (UsedSparsity=0) | Clusters=OFF (UsedClusters=0) | EnvSparsityCfg={'Conv': 0.6, 'Linear': 0.6, 'Bias': 0.0, 'BatchNorm': 0.0} | EnvNClusters=3
[2026-01-24 11:27:36,557] [INFO] Model initialized on device: cuda:0
[2026-01-24 11:27:36,557] [INFO] [CLIENT INIT] Mode=FEDAVG | Sparsity=OFF (UsedSparsity=0) | Clusters=OFF (UsedClusters=0) | EnvSparsityCfg={'Conv': 0.6, 'Linear': 0.6, 'Bias': 0.0, 'BatchNorm': 0.0} | EnvNClusters=3
[2026-01-24 11:27:36,629] [INFO] Model initialized on device: cuda:0
[2026-01-24 11:27:36,629] [INFO] [CLIENT INIT] Mode=FEDAVG | Sparsity=OFF (UsedSparsity=0) | Clusters=OFF (UsedClusters=0) | EnvSparsityCfg={'Conv': 0.6, 'Linear': 0.6, 'Bias': 0.0, 'BatchNorm': 0.0} | EnvNClusters=3
[2026-01-24 11:28:30,535] [INFO] [TRAIN] Epoch 4 Loss: 0.9493
[2026-01-24 11:28:57,424] [INFO] Model initialized on device: cuda:0
[2026-01-24 11:28:57,424] [INFO] [CLIENT INIT] Mode=FEDAVG | Sparsity=OFF (UsedSparsity=0) | Clusters=OFF (UsedClusters=0) | EnvSparsityCfg={'Conv': 0.6, 'Linear': 0.6, 'Bias': 0.0, 'BatchNorm': 0.0} | EnvNClusters=3
[2026-01-24 11:28:58,345] [INFO] Model initialized on device: cuda:0
[2026-01-24 11:28:58,345] [INFO] [CLIENT INIT] Mode=FEDAVG | Sparsity=OFF (UsedSparsity=0) | Clusters=OFF (UsedClusters=0) | EnvSparsityCfg={'Conv': 0.6, 'Linear': 0.6, 'Bias': 0.0, 'BatchNorm': 0.0} | EnvNClusters=3
[2026-01-24 11:28:59,507] [INFO] Model initialized on device: cuda:0
[2026-01-24 11:28:59,508] [INFO] [CLIENT INIT] Mode=FEDAVG | Sparsity=OFF (UsedSparsity=0) | Clusters=OFF (UsedClusters=0) | EnvSparsityCfg={'Conv': 0.6, 'Linear': 0.6, 'Bias': 0.0, 'BatchNorm': 0.0} | EnvNClusters=3
[2026-01-24 11:29:00,817] [INFO] Model initialized on device: cuda:0
[2026-01-24 11:29:00,817] [INFO] [CLIENT INIT] Mode=FEDAVG | Sparsity=OFF (UsedSparsity=0) | Clusters=OFF (UsedClusters=0) | EnvSparsityCfg={'Conv': 0.6, 'Linear': 0.6, 'Bias': 0.0, 'BatchNorm': 0.0} | EnvNClusters=3
[2026-01-24 11:29:04,217] [INFO] Model initialized on device: cuda:0
[2026-01-24 11:29:04,217] [INFO] [CLIENT INIT] Mode=FEDAVG | Sparsity=OFF (UsedSparsity=0) | Clusters=OFF (UsedClusters=0) | EnvSparsityCfg={'Conv': 0.6, 'Linear': 0.6, 'Bias': 0.0, 'BatchNorm': 0.0} | EnvNClusters=3
[2026-01-24 11:29:04,617] [INFO] Model initialized on device: cuda:0
[2026-01-24 11:29:04,617] [INFO] [CLIENT INIT] Mode=FEDAVG | Sparsity=OFF (UsedSparsity=0) | Clusters=OFF (UsedClusters=0) | EnvSparsityCfg={'Conv': 0.6, 'Linear': 0.6, 'Bias': 0.0, 'BatchNorm': 0.0} | EnvNClusters=3
[2026-01-24 11:29:04,617] [INFO] Model initialized on device: cuda:0
[2026-01-24 11:29:04,617] [INFO] [CLIENT INIT] Mode=FEDAVG | Sparsity=OFF (UsedSparsity=0) | Clusters=OFF (UsedClusters=0) | EnvSparsityCfg={'Conv': 0.6, 'Linear': 0.6, 'Bias': 0.0, 'BatchNorm': 0.0} | EnvNClusters=3
[2026-01-24 11:29:04,718] [INFO] Model initialized on device: cuda:0
[2026-01-24 11:29:04,718] [INFO] [CLIENT INIT] Mode=FEDAVG | Sparsity=OFF (UsedSparsity=0) | Clusters=OFF (UsedClusters=0) | EnvSparsityCfg={'Conv': 0.6, 'Linear': 0.6, 'Bias': 0.0, 'BatchNorm': 0.0} | EnvNClusters=3
[2026-01-24 11:29:04,719] [INFO] Model initialized on device: cuda:0
[2026-01-24 11:29:04,719] [INFO] [CLIENT INIT] Mode=FEDAVG | Sparsity=OFF (UsedSparsity=0) | Clusters=OFF (UsedClusters=0) | EnvSparsityCfg={'Conv': 0.6, 'Linear': 0.6, 'Bias': 0.0, 'BatchNorm': 0.0} | EnvNClusters=3
[2026-01-24 11:29:04,823] [INFO] Model initialized on device: cuda:0
[2026-01-24 11:29:04,823] [INFO] [CLIENT INIT] Mode=FEDAVG | Sparsity=OFF (UsedSparsity=0) | Clusters=OFF (UsedClusters=0) | EnvSparsityCfg={'Conv': 0.6, 'Linear': 0.6, 'Bias': 0.0, 'BatchNorm': 0.0} | EnvNClusters=3
[2026-01-24 11:30:00,442] [INFO] [TRAIN] Epoch 5 Loss: 0.9486
[2026-01-24 11:30:00,443] [INFO] [FIT] Local training finished. Avg Loss: 0.9499
[2026-01-24 11:30:37,226] [INFO] Model initialized on device: cuda:0
[2026-01-24 11:30:37,226] [INFO] [CLIENT INIT] Mode=FEDAVG | Sparsity=OFF (UsedSparsity=0) | Clusters=OFF (UsedClusters=0) | EnvSparsityCfg={'Conv': 0.6, 'Linear': 0.6, 'Bias': 0.0, 'BatchNorm': 0.0} | EnvNClusters=3
[2026-01-24 11:30:38,176] [INFO] Model initialized on device: cuda:0
[2026-01-24 11:30:38,176] [INFO] [CLIENT INIT] Mode=FEDAVG | Sparsity=OFF (UsedSparsity=0) | Clusters=OFF (UsedClusters=0) | EnvSparsityCfg={'Conv': 0.6, 'Linear': 0.6, 'Bias': 0.0, 'BatchNorm': 0.0} | EnvNClusters=3
[2026-01-24 11:30:38,320] [INFO] Model initialized on device: cuda:0
[2026-01-24 11:30:38,320] [INFO] [CLIENT INIT] Mode=FEDAVG | Sparsity=OFF (UsedSparsity=0) | Clusters=OFF (UsedClusters=0) | EnvSparsityCfg={'Conv': 0.6, 'Linear': 0.6, 'Bias': 0.0, 'BatchNorm': 0.0} | EnvNClusters=3
[2026-01-24 11:30:38,414] [INFO] Model initialized on device: cuda:0
[2026-01-24 11:30:38,414] [INFO] [CLIENT INIT] Mode=FEDAVG | Sparsity=OFF (UsedSparsity=0) | Clusters=OFF (UsedClusters=0) | EnvSparsityCfg={'Conv': 0.6, 'Linear': 0.6, 'Bias': 0.0, 'BatchNorm': 0.0} | EnvNClusters=3
[2026-01-24 11:30:38,420] [INFO] Model initialized on device: cuda:0
[2026-01-24 11:30:38,420] [INFO] [CLIENT INIT] Mode=FEDAVG | Sparsity=OFF (UsedSparsity=0) | Clusters=OFF (UsedClusters=0) | EnvSparsityCfg={'Conv': 0.6, 'Linear': 0.6, 'Bias': 0.0, 'BatchNorm': 0.0} | EnvNClusters=3
[2026-01-24 11:30:38,464] [INFO] Model initialized on device: cuda:0
[2026-01-24 11:30:38,464] [INFO] [CLIENT INIT] Mode=FEDAVG | Sparsity=OFF (UsedSparsity=0) | Clusters=OFF (UsedClusters=0) | EnvSparsityCfg={'Conv': 0.6, 'Linear': 0.6, 'Bias': 0.0, 'BatchNorm': 0.0} | EnvNClusters=3
[2026-01-24 11:30:38,610] [INFO] Model initialized on device: cuda:0
[2026-01-24 11:30:38,610] [INFO] [CLIENT INIT] Mode=FEDAVG | Sparsity=OFF (UsedSparsity=0) | Clusters=OFF (UsedClusters=0) | EnvSparsityCfg={'Conv': 0.6, 'Linear': 0.6, 'Bias': 0.0, 'BatchNorm': 0.0} | EnvNClusters=3
[2026-01-24 11:30:38,610] [INFO] Model initialized on device: cuda:0
[2026-01-24 11:30:38,610] [INFO] Model initialized on device: cuda:0
[2026-01-24 11:30:38,610] [INFO] [CLIENT INIT] Mode=FEDAVG | Sparsity=OFF (UsedSparsity=0) | Clusters=OFF (UsedClusters=0) | EnvSparsityCfg={'Conv': 0.6, 'Linear': 0.6, 'Bias': 0.0, 'BatchNorm': 0.0} | EnvNClusters=3
[2026-01-24 11:30:38,611] [INFO] [CLIENT INIT] Mode=FEDAVG | Sparsity=OFF (UsedSparsity=0) | Clusters=OFF (UsedClusters=0) | EnvSparsityCfg={'Conv': 0.6, 'Linear': 0.6, 'Bias': 0.0, 'BatchNorm': 0.0} | EnvNClusters=3
[2026-01-24 11:30:38,613] [INFO] Model initialized on device: cuda:0
[2026-01-24 11:30:38,613] [INFO] [CLIENT INIT] Mode=FEDAVG | Sparsity=OFF (UsedSparsity=0) | Clusters=OFF (UsedClusters=0) | EnvSparsityCfg={'Conv': 0.6, 'Linear': 0.6, 'Bias': 0.0, 'BatchNorm': 0.0} | EnvNClusters=3
[2026-01-24 11:30:44,723] [DEBUG] [TEST] Batch 1 | Pred shape: torch.Size([256, 256, 160]) | Label shape: torch.Size([256, 256, 160])
[2026-01-24 11:30:44,810] [DEBUG] [TEST] Batch 2 | Pred shape: torch.Size([256, 256, 160]) | Label shape: torch.Size([256, 256, 160])
[2026-01-24 11:30:44,872] [DEBUG] [TEST] Batch 3 | Pred shape: torch.Size([256, 256, 160]) | Label shape: torch.Size([256, 256, 160])
[2026-01-24 11:30:44,927] [DEBUG] [TEST] Batch 4 | Pred shape: torch.Size([256, 256, 160]) | Label shape: torch.Size([256, 256, 160])
[2026-01-24 11:30:45,009] [DEBUG] [TEST] Batch 5 | Pred shape: torch.Size([256, 256, 160]) | Label shape: torch.Size([256, 256, 160])
[2026-01-24 11:30:45,064] [DEBUG] [TEST] Batch 6 | Pred shape: torch.Size([256, 256, 160]) | Label shape: torch.Size([256, 256, 160])
[2026-01-24 11:30:45,123] [DEBUG] [TEST] Batch 7 | Pred shape: torch.Size([256, 256, 160]) | Label shape: torch.Size([256, 256, 160])
[2026-01-24 11:30:45,178] [DEBUG] [TEST] Batch 8 | Pred shape: torch.Size([256, 256, 160]) | Label shape: torch.Size([256, 256, 160])
[2026-01-24 11:30:45,237] [DEBUG] [TEST] Batch 9 | Pred shape: torch.Size([256, 256, 160]) | Label shape: torch.Size([256, 256, 160])
[2026-01-24 11:30:45,292] [DEBUG] [TEST] Batch 10 | Pred shape: torch.Size([256, 256, 160]) | Label shape: torch.Size([256, 256, 160])
[2026-01-24 11:30:49,518] [INFO] [FIT] Final model saved to: Revision2/Run_UNET_IID_Fedavg_20260124/Client4/model_final.pth
[2026-01-24 11:30:49,528] [INFO] [COMM][CLIENT] Round=-1 Mode=FEDAVG UsedSparsity=0 UsedClusters=0 BaselineBits=154016352.0 CompressedBits=154016352.0 CR=1.000
[2026-01-24 11:31:26,609] [INFO] [EVALUATE] Starting evaluation...
[2026-01-24 11:31:29,311] [INFO] [DEBUG] Loaded uncompressed weights.
[2026-01-24 11:32:36,253] [INFO] Model initialized on device: cuda:0
[2026-01-24 11:32:36,253] [INFO] [CLIENT INIT] Mode=FEDAVG | Sparsity=OFF (UsedSparsity=0) | Clusters=OFF (UsedClusters=0) | EnvSparsityCfg={'Conv': 0.6, 'Linear': 0.6, 'Bias': 0.0, 'BatchNorm': 0.0} | EnvNClusters=3
[2026-01-24 11:32:36,853] [INFO] Model initialized on device: cuda:0
[2026-01-24 11:32:36,853] [INFO] [CLIENT INIT] Mode=FEDAVG | Sparsity=OFF (UsedSparsity=0) | Clusters=OFF (UsedClusters=0) | EnvSparsityCfg={'Conv': 0.6, 'Linear': 0.6, 'Bias': 0.0, 'BatchNorm': 0.0} | EnvNClusters=3
[2026-01-24 11:32:38,026] [INFO] Model initialized on device: cuda:0
[2026-01-24 11:32:38,026] [INFO] [CLIENT INIT] Mode=FEDAVG | Sparsity=OFF (UsedSparsity=0) | Clusters=OFF (UsedClusters=0) | EnvSparsityCfg={'Conv': 0.6, 'Linear': 0.6, 'Bias': 0.0, 'BatchNorm': 0.0} | EnvNClusters=3
[2026-01-24 11:32:38,111] [INFO] Model initialized on device: cuda:0
[2026-01-24 11:32:38,111] [INFO] [CLIENT INIT] Mode=FEDAVG | Sparsity=OFF (UsedSparsity=0) | Clusters=OFF (UsedClusters=0) | EnvSparsityCfg={'Conv': 0.6, 'Linear': 0.6, 'Bias': 0.0, 'BatchNorm': 0.0} | EnvNClusters=3
[2026-01-24 11:32:38,128] [INFO] Model initialized on device: cuda:0
[2026-01-24 11:32:38,129] [INFO] [CLIENT INIT] Mode=FEDAVG | Sparsity=OFF (UsedSparsity=0) | Clusters=OFF (UsedClusters=0) | EnvSparsityCfg={'Conv': 0.6, 'Linear': 0.6, 'Bias': 0.0, 'BatchNorm': 0.0} | EnvNClusters=3
[2026-01-24 11:32:38,209] [INFO] Model initialized on device: cuda:0
[2026-01-24 11:32:38,209] [INFO] [CLIENT INIT] Mode=FEDAVG | Sparsity=OFF (UsedSparsity=0) | Clusters=OFF (UsedClusters=0) | EnvSparsityCfg={'Conv': 0.6, 'Linear': 0.6, 'Bias': 0.0, 'BatchNorm': 0.0} | EnvNClusters=3
[2026-01-24 11:32:38,211] [INFO] Model initialized on device: cuda:0
[2026-01-24 11:32:38,211] [INFO] [CLIENT INIT] Mode=FEDAVG | Sparsity=OFF (UsedSparsity=0) | Clusters=OFF (UsedClusters=0) | EnvSparsityCfg={'Conv': 0.6, 'Linear': 0.6, 'Bias': 0.0, 'BatchNorm': 0.0} | EnvNClusters=3
[2026-01-24 11:32:38,214] [INFO] Model initialized on device: cuda:0
[2026-01-24 11:32:38,214] [INFO] [CLIENT INIT] Mode=FEDAVG | Sparsity=OFF (UsedSparsity=0) | Clusters=OFF (UsedClusters=0) | EnvSparsityCfg={'Conv': 0.6, 'Linear': 0.6, 'Bias': 0.0, 'BatchNorm': 0.0} | EnvNClusters=3
[2026-01-24 11:32:38,418] [INFO] Model initialized on device: cuda:0
[2026-01-24 11:32:38,419] [INFO] [CLIENT INIT] Mode=FEDAVG | Sparsity=OFF (UsedSparsity=0) | Clusters=OFF (UsedClusters=0) | EnvSparsityCfg={'Conv': 0.6, 'Linear': 0.6, 'Bias': 0.0, 'BatchNorm': 0.0} | EnvNClusters=3
[2026-01-24 11:32:38,422] [INFO] Model initialized on device: cuda:0
[2026-01-24 11:32:38,422] [INFO] [CLIENT INIT] Mode=FEDAVG | Sparsity=OFF (UsedSparsity=0) | Clusters=OFF (UsedClusters=0) | EnvSparsityCfg={'Conv': 0.6, 'Linear': 0.6, 'Bias': 0.0, 'BatchNorm': 0.0} | EnvNClusters=3
[2026-01-24 11:32:44,516] [DEBUG] [TEST] Batch 1 | Pred shape: torch.Size([256, 256, 160]) | Label shape: torch.Size([256, 256, 160])
[2026-01-24 11:32:44,580] [DEBUG] [TEST] Batch 2 | Pred shape: torch.Size([256, 256, 160]) | Label shape: torch.Size([256, 256, 160])
[2026-01-24 11:32:45,497] [DEBUG] [TEST] Batch 3 | Pred shape: torch.Size([256, 256, 160]) | Label shape: torch.Size([256, 256, 160])
[2026-01-24 11:32:45,730] [DEBUG] [TEST] Batch 4 | Pred shape: torch.Size([256, 256, 160]) | Label shape: torch.Size([256, 256, 160])
[2026-01-24 11:32:45,961] [DEBUG] [TEST] Batch 5 | Pred shape: torch.Size([256, 256, 160]) | Label shape: torch.Size([256, 256, 160])
[2026-01-24 11:32:46,183] [DEBUG] [TEST] Batch 6 | Pred shape: torch.Size([256, 256, 160]) | Label shape: torch.Size([256, 256, 160])
[2026-01-24 11:32:46,391] [DEBUG] [TEST] Batch 7 | Pred shape: torch.Size([256, 256, 160]) | Label shape: torch.Size([256, 256, 160])
[2026-01-24 11:32:46,601] [DEBUG] [TEST] Batch 8 | Pred shape: torch.Size([256, 256, 160]) | Label shape: torch.Size([256, 256, 160])
[2026-01-24 11:32:46,727] [DEBUG] [TEST] Batch 9 | Pred shape: torch.Size([256, 256, 160]) | Label shape: torch.Size([256, 256, 160])
[2026-01-24 11:32:46,817] [DEBUG] [TEST] Batch 10 | Pred shape: torch.Size([256, 256, 160]) | Label shape: torch.Size([256, 256, 160])
[2026-01-24 11:32:55,013] [INFO] [EVALUATE] Dice WT: 0.2401
[2026-01-24 11:32:57,418] [INFO] [FIT] Received parameters. Starting local training...
[2026-01-24 11:32:59,525] [INFO] [DEBUG] Loaded uncompressed weights.
[2026-01-24 11:34:07,697] [INFO] Model initialized on device: cuda:0
[2026-01-24 11:34:07,697] [INFO] [CLIENT INIT] Mode=FEDAVG | Sparsity=OFF (UsedSparsity=0) | Clusters=OFF (UsedClusters=0) | EnvSparsityCfg={'Conv': 0.6, 'Linear': 0.6, 'Bias': 0.0, 'BatchNorm': 0.0} | EnvNClusters=3
[2026-01-24 11:34:07,738] [INFO] Model initialized on device: cuda:0
[2026-01-24 11:34:07,738] [INFO] [CLIENT INIT] Mode=FEDAVG | Sparsity=OFF (UsedSparsity=0) | Clusters=OFF (UsedClusters=0) | EnvSparsityCfg={'Conv': 0.6, 'Linear': 0.6, 'Bias': 0.0, 'BatchNorm': 0.0} | EnvNClusters=3
[2026-01-24 11:34:08,118] [INFO] Model initialized on device: cuda:0
[2026-01-24 11:34:08,118] [INFO] [CLIENT INIT] Mode=FEDAVG | Sparsity=OFF (UsedSparsity=0) | Clusters=OFF (UsedClusters=0) | EnvSparsityCfg={'Conv': 0.6, 'Linear': 0.6, 'Bias': 0.0, 'BatchNorm': 0.0} | EnvNClusters=3
[2026-01-24 11:34:08,633] [INFO] Model initialized on device: cuda:0
[2026-01-24 11:34:08,633] [INFO] [CLIENT INIT] Mode=FEDAVG | Sparsity=OFF (UsedSparsity=0) | Clusters=OFF (UsedClusters=0) | EnvSparsityCfg={'Conv': 0.6, 'Linear': 0.6, 'Bias': 0.0, 'BatchNorm': 0.0} | EnvNClusters=3
[2026-01-24 11:34:08,641] [INFO] Model initialized on device: cuda:0
[2026-01-24 11:34:08,641] [INFO] [CLIENT INIT] Mode=FEDAVG | Sparsity=OFF (UsedSparsity=0) | Clusters=OFF (UsedClusters=0) | EnvSparsityCfg={'Conv': 0.6, 'Linear': 0.6, 'Bias': 0.0, 'BatchNorm': 0.0} | EnvNClusters=3
[2026-01-24 11:34:09,211] [INFO] Model initialized on device: cuda:0
[2026-01-24 11:34:09,211] [INFO] [CLIENT INIT] Mode=FEDAVG | Sparsity=OFF (UsedSparsity=0) | Clusters=OFF (UsedClusters=0) | EnvSparsityCfg={'Conv': 0.6, 'Linear': 0.6, 'Bias': 0.0, 'BatchNorm': 0.0} | EnvNClusters=3
[2026-01-24 11:34:09,212] [INFO] Model initialized on device: cuda:0
[2026-01-24 11:34:09,212] [INFO] [CLIENT INIT] Mode=FEDAVG | Sparsity=OFF (UsedSparsity=0) | Clusters=OFF (UsedClusters=0) | EnvSparsityCfg={'Conv': 0.6, 'Linear': 0.6, 'Bias': 0.0, 'BatchNorm': 0.0} | EnvNClusters=3
[2026-01-24 11:34:09,231] [INFO] Model initialized on device: cuda:0
[2026-01-24 11:34:09,231] [INFO] [CLIENT INIT] Mode=FEDAVG | Sparsity=OFF (UsedSparsity=0) | Clusters=OFF (UsedClusters=0) | EnvSparsityCfg={'Conv': 0.6, 'Linear': 0.6, 'Bias': 0.0, 'BatchNorm': 0.0} | EnvNClusters=3
[2026-01-24 11:34:09,307] [INFO] Model initialized on device: cuda:0
[2026-01-24 11:34:09,307] [INFO] [CLIENT INIT] Mode=FEDAVG | Sparsity=OFF (UsedSparsity=0) | Clusters=OFF (UsedClusters=0) | EnvSparsityCfg={'Conv': 0.6, 'Linear': 0.6, 'Bias': 0.0, 'BatchNorm': 0.0} | EnvNClusters=3
[2026-01-24 11:34:09,308] [INFO] Model initialized on device: cuda:0
[2026-01-24 11:34:09,308] [INFO] [CLIENT INIT] Mode=FEDAVG | Sparsity=OFF (UsedSparsity=0) | Clusters=OFF (UsedClusters=0) | EnvSparsityCfg={'Conv': 0.6, 'Linear': 0.6, 'Bias': 0.0, 'BatchNorm': 0.0} | EnvNClusters=3
[2026-01-24 11:35:14,215] [INFO] [TRAIN] Epoch 1 Loss: 0.9479
[2026-01-24 11:36:06,718] [INFO] Model initialized on device: cuda:0
[2026-01-24 11:36:06,718] [INFO] [CLIENT INIT] Mode=FEDAVG | Sparsity=OFF (UsedSparsity=0) | Clusters=OFF (UsedClusters=0) | EnvSparsityCfg={'Conv': 0.6, 'Linear': 0.6, 'Bias': 0.0, 'BatchNorm': 0.0} | EnvNClusters=3
[2026-01-24 11:36:06,810] [INFO] Model initialized on device: cuda:0
[2026-01-24 11:36:06,810] [INFO] [CLIENT INIT] Mode=FEDAVG | Sparsity=OFF (UsedSparsity=0) | Clusters=OFF (UsedClusters=0) | EnvSparsityCfg={'Conv': 0.6, 'Linear': 0.6, 'Bias': 0.0, 'BatchNorm': 0.0} | EnvNClusters=3
[2026-01-24 11:36:06,925] [INFO] Model initialized on device: cuda:0
[2026-01-24 11:36:06,925] [INFO] [CLIENT INIT] Mode=FEDAVG | Sparsity=OFF (UsedSparsity=0) | Clusters=OFF (UsedClusters=0) | EnvSparsityCfg={'Conv': 0.6, 'Linear': 0.6, 'Bias': 0.0, 'BatchNorm': 0.0} | EnvNClusters=3
[2026-01-24 11:36:07,144] [INFO] Model initialized on device: cuda:0
[2026-01-24 11:36:07,144] [INFO] Model initialized on device: cuda:0
[2026-01-24 11:36:07,145] [INFO] [CLIENT INIT] Mode=FEDAVG | Sparsity=OFF (UsedSparsity=0) | Clusters=OFF (UsedClusters=0) | EnvSparsityCfg={'Conv': 0.6, 'Linear': 0.6, 'Bias': 0.0, 'BatchNorm': 0.0} | EnvNClusters=3
[2026-01-24 11:36:07,145] [INFO] [CLIENT INIT] Mode=FEDAVG | Sparsity=OFF (UsedSparsity=0) | Clusters=OFF (UsedClusters=0) | EnvSparsityCfg={'Conv': 0.6, 'Linear': 0.6, 'Bias': 0.0, 'BatchNorm': 0.0} | EnvNClusters=3
[2026-01-24 11:36:07,218] [INFO] Model initialized on device: cuda:0
[2026-01-24 11:36:07,218] [INFO] [CLIENT INIT] Mode=FEDAVG | Sparsity=OFF (UsedSparsity=0) | Clusters=OFF (UsedClusters=0) | EnvSparsityCfg={'Conv': 0.6, 'Linear': 0.6, 'Bias': 0.0, 'BatchNorm': 0.0} | EnvNClusters=3
[2026-01-24 11:36:07,220] [INFO] Model initialized on device: cuda:0
[2026-01-24 11:36:07,220] [INFO] [CLIENT INIT] Mode=FEDAVG | Sparsity=OFF (UsedSparsity=0) | Clusters=OFF (UsedClusters=0) | EnvSparsityCfg={'Conv': 0.6, 'Linear': 0.6, 'Bias': 0.0, 'BatchNorm': 0.0} | EnvNClusters=3
[2026-01-24 11:36:07,221] [INFO] Model initialized on device: cuda:0
[2026-01-24 11:36:07,222] [INFO] [CLIENT INIT] Mode=FEDAVG | Sparsity=OFF (UsedSparsity=0) | Clusters=OFF (UsedClusters=0) | EnvSparsityCfg={'Conv': 0.6, 'Linear': 0.6, 'Bias': 0.0, 'BatchNorm': 0.0} | EnvNClusters=3
[2026-01-24 11:36:07,260] [INFO] Model initialized on device: cuda:0
[2026-01-24 11:36:07,260] [INFO] Model initialized on device: cuda:0
[2026-01-24 11:36:07,261] [INFO] [CLIENT INIT] Mode=FEDAVG | Sparsity=OFF (UsedSparsity=0) | Clusters=OFF (UsedClusters=0) | EnvSparsityCfg={'Conv': 0.6, 'Linear': 0.6, 'Bias': 0.0, 'BatchNorm': 0.0} | EnvNClusters=3
[2026-01-24 11:36:07,261] [INFO] [CLIENT INIT] Mode=FEDAVG | Sparsity=OFF (UsedSparsity=0) | Clusters=OFF (UsedClusters=0) | EnvSparsityCfg={'Conv': 0.6, 'Linear': 0.6, 'Bias': 0.0, 'BatchNorm': 0.0} | EnvNClusters=3
[2026-01-24 11:37:01,116] [INFO] [TRAIN] Epoch 2 Loss: 0.9469
[2026-01-24 11:37:44,049] [INFO] Model initialized on device: cuda:0
[2026-01-24 11:37:44,049] [INFO] [CLIENT INIT] Mode=FEDAVG | Sparsity=OFF (UsedSparsity=0) | Clusters=OFF (UsedClusters=0) | EnvSparsityCfg={'Conv': 0.6, 'Linear': 0.6, 'Bias': 0.0, 'BatchNorm': 0.0} | EnvNClusters=3
[2026-01-24 11:37:44,232] [INFO] Model initialized on device: cuda:0
[2026-01-24 11:37:44,232] [INFO] [CLIENT INIT] Mode=FEDAVG | Sparsity=OFF (UsedSparsity=0) | Clusters=OFF (UsedClusters=0) | EnvSparsityCfg={'Conv': 0.6, 'Linear': 0.6, 'Bias': 0.0, 'BatchNorm': 0.0} | EnvNClusters=3
[2026-01-24 11:37:44,247] [INFO] Model initialized on device: cuda:0
[2026-01-24 11:37:44,247] [INFO] [CLIENT INIT] Mode=FEDAVG | Sparsity=OFF (UsedSparsity=0) | Clusters=OFF (UsedClusters=0) | EnvSparsityCfg={'Conv': 0.6, 'Linear': 0.6, 'Bias': 0.0, 'BatchNorm': 0.0} | EnvNClusters=3
[2026-01-24 11:37:44,411] [INFO] Model initialized on device: cuda:0
[2026-01-24 11:37:44,411] [INFO] [CLIENT INIT] Mode=FEDAVG | Sparsity=OFF (UsedSparsity=0) | Clusters=OFF (UsedClusters=0) | EnvSparsityCfg={'Conv': 0.6, 'Linear': 0.6, 'Bias': 0.0, 'BatchNorm': 0.0} | EnvNClusters=3
[2026-01-24 11:37:44,512] [INFO] Model initialized on device: cuda:0
[2026-01-24 11:37:44,512] [INFO] [CLIENT INIT] Mode=FEDAVG | Sparsity=OFF (UsedSparsity=0) | Clusters=OFF (UsedClusters=0) | EnvSparsityCfg={'Conv': 0.6, 'Linear': 0.6, 'Bias': 0.0, 'BatchNorm': 0.0} | EnvNClusters=3
[2026-01-24 11:37:44,518] [INFO] Model initialized on device: cuda:0
[2026-01-24 11:37:44,519] [INFO] [CLIENT INIT] Mode=FEDAVG | Sparsity=OFF (UsedSparsity=0) | Clusters=OFF (UsedClusters=0) | EnvSparsityCfg={'Conv': 0.6, 'Linear': 0.6, 'Bias': 0.0, 'BatchNorm': 0.0} | EnvNClusters=3
[2026-01-24 11:37:44,540] [INFO] Model initialized on device: cuda:0
[2026-01-24 11:37:44,540] [INFO] [CLIENT INIT] Mode=FEDAVG | Sparsity=OFF (UsedSparsity=0) | Clusters=OFF (UsedClusters=0) | EnvSparsityCfg={'Conv': 0.6, 'Linear': 0.6, 'Bias': 0.0, 'BatchNorm': 0.0} | EnvNClusters=3
[2026-01-24 11:37:44,610] [INFO] Model initialized on device: cuda:0
[2026-01-24 11:37:44,611] [INFO] [CLIENT INIT] Mode=FEDAVG | Sparsity=OFF (UsedSparsity=0) | Clusters=OFF (UsedClusters=0) | EnvSparsityCfg={'Conv': 0.6, 'Linear': 0.6, 'Bias': 0.0, 'BatchNorm': 0.0} | EnvNClusters=3
[2026-01-24 11:37:44,612] [INFO] Model initialized on device: cuda:0
[2026-01-24 11:37:44,612] [INFO] [CLIENT INIT] Mode=FEDAVG | Sparsity=OFF (UsedSparsity=0) | Clusters=OFF (UsedClusters=0) | EnvSparsityCfg={'Conv': 0.6, 'Linear': 0.6, 'Bias': 0.0, 'BatchNorm': 0.0} | EnvNClusters=3
[2026-01-24 11:37:44,612] [INFO] Model initialized on device: cuda:0
[2026-01-24 11:37:44,612] [INFO] [CLIENT INIT] Mode=FEDAVG | Sparsity=OFF (UsedSparsity=0) | Clusters=OFF (UsedClusters=0) | EnvSparsityCfg={'Conv': 0.6, 'Linear': 0.6, 'Bias': 0.0, 'BatchNorm': 0.0} | EnvNClusters=3
[2026-01-24 11:38:41,414] [INFO] [TRAIN] Epoch 3 Loss: 0.9460
[2026-01-24 11:39:27,624] [INFO] Model initialized on device: cuda:0
[2026-01-24 11:39:27,625] [INFO] [CLIENT INIT] Mode=FEDAVG | Sparsity=OFF (UsedSparsity=0) | Clusters=OFF (UsedClusters=0) | EnvSparsityCfg={'Conv': 0.6, 'Linear': 0.6, 'Bias': 0.0, 'BatchNorm': 0.0} | EnvNClusters=3
[2026-01-24 11:39:27,728] [INFO] Model initialized on device: cuda:0
[2026-01-24 11:39:27,728] [INFO] [CLIENT INIT] Mode=FEDAVG | Sparsity=OFF (UsedSparsity=0) | Clusters=OFF (UsedClusters=0) | EnvSparsityCfg={'Conv': 0.6, 'Linear': 0.6, 'Bias': 0.0, 'BatchNorm': 0.0} | EnvNClusters=3
[2026-01-24 11:39:27,839] [INFO] Model initialized on device: cuda:0
[2026-01-24 11:39:27,839] [INFO] [CLIENT INIT] Mode=FEDAVG | Sparsity=OFF (UsedSparsity=0) | Clusters=OFF (UsedClusters=0) | EnvSparsityCfg={'Conv': 0.6, 'Linear': 0.6, 'Bias': 0.0, 'BatchNorm': 0.0} | EnvNClusters=3
[2026-01-24 11:39:28,126] [INFO] Model initialized on device: cuda:0
[2026-01-24 11:39:28,126] [INFO] [CLIENT INIT] Mode=FEDAVG | Sparsity=OFF (UsedSparsity=0) | Clusters=OFF (UsedClusters=0) | EnvSparsityCfg={'Conv': 0.6, 'Linear': 0.6, 'Bias': 0.0, 'BatchNorm': 0.0} | EnvNClusters=3
[2026-01-24 11:39:28,131] [INFO] Model initialized on device: cuda:0
[2026-01-24 11:39:28,131] [INFO] [CLIENT INIT] Mode=FEDAVG | Sparsity=OFF (UsedSparsity=0) | Clusters=OFF (UsedClusters=0) | EnvSparsityCfg={'Conv': 0.6, 'Linear': 0.6, 'Bias': 0.0, 'BatchNorm': 0.0} | EnvNClusters=3
[2026-01-24 11:39:28,131] [INFO] Model initialized on device: cuda:0
[2026-01-24 11:39:28,131] [INFO] [CLIENT INIT] Mode=FEDAVG | Sparsity=OFF (UsedSparsity=0) | Clusters=OFF (UsedClusters=0) | EnvSparsityCfg={'Conv': 0.6, 'Linear': 0.6, 'Bias': 0.0, 'BatchNorm': 0.0} | EnvNClusters=3
[2026-01-24 11:39:28,211] [INFO] Model initialized on device: cuda:0
[2026-01-24 11:39:28,211] [INFO] [CLIENT INIT] Mode=FEDAVG | Sparsity=OFF (UsedSparsity=0) | Clusters=OFF (UsedClusters=0) | EnvSparsityCfg={'Conv': 0.6, 'Linear': 0.6, 'Bias': 0.0, 'BatchNorm': 0.0} | EnvNClusters=3
[2026-01-24 11:39:28,212] [INFO] Model initialized on device: cuda:0
[2026-01-24 11:39:28,212] [INFO] [CLIENT INIT] Mode=FEDAVG | Sparsity=OFF (UsedSparsity=0) | Clusters=OFF (UsedClusters=0) | EnvSparsityCfg={'Conv': 0.6, 'Linear': 0.6, 'Bias': 0.0, 'BatchNorm': 0.0} | EnvNClusters=3
[2026-01-24 11:39:28,221] [INFO] Model initialized on device: cuda:0
[2026-01-24 11:39:28,221] [INFO] [CLIENT INIT] Mode=FEDAVG | Sparsity=OFF (UsedSparsity=0) | Clusters=OFF (UsedClusters=0) | EnvSparsityCfg={'Conv': 0.6, 'Linear': 0.6, 'Bias': 0.0, 'BatchNorm': 0.0} | EnvNClusters=3
[2026-01-24 11:39:28,222] [INFO] Model initialized on device: cuda:0
[2026-01-24 11:39:28,222] [INFO] [CLIENT INIT] Mode=FEDAVG | Sparsity=OFF (UsedSparsity=0) | Clusters=OFF (UsedClusters=0) | EnvSparsityCfg={'Conv': 0.6, 'Linear': 0.6, 'Bias': 0.0, 'BatchNorm': 0.0} | EnvNClusters=3
[2026-01-24 11:40:24,948] [INFO] [TRAIN] Epoch 4 Loss: 0.9451
[2026-01-24 11:41:09,420] [INFO] Model initialized on device: cuda:0
[2026-01-24 11:41:09,421] [INFO] [CLIENT INIT] Mode=FEDAVG | Sparsity=OFF (UsedSparsity=0) | Clusters=OFF (UsedClusters=0) | EnvSparsityCfg={'Conv': 0.6, 'Linear': 0.6, 'Bias': 0.0, 'BatchNorm': 0.0} | EnvNClusters=3
[2026-01-24 11:41:09,560] [INFO] Model initialized on device: cuda:0
[2026-01-24 11:41:09,560] [INFO] [CLIENT INIT] Mode=FEDAVG | Sparsity=OFF (UsedSparsity=0) | Clusters=OFF (UsedClusters=0) | EnvSparsityCfg={'Conv': 0.6, 'Linear': 0.6, 'Bias': 0.0, 'BatchNorm': 0.0} | EnvNClusters=3
[2026-01-24 11:41:09,614] [INFO] Model initialized on device: cuda:0
[2026-01-24 11:41:09,614] [INFO] [CLIENT INIT] Mode=FEDAVG | Sparsity=OFF (UsedSparsity=0) | Clusters=OFF (UsedClusters=0) | EnvSparsityCfg={'Conv': 0.6, 'Linear': 0.6, 'Bias': 0.0, 'BatchNorm': 0.0} | EnvNClusters=3
[2026-01-24 11:41:09,621] [INFO] Model initialized on device: cuda:0
[2026-01-24 11:41:09,621] [INFO] [CLIENT INIT] Mode=FEDAVG | Sparsity=OFF (UsedSparsity=0) | Clusters=OFF (UsedClusters=0) | EnvSparsityCfg={'Conv': 0.6, 'Linear': 0.6, 'Bias': 0.0, 'BatchNorm': 0.0} | EnvNClusters=3
[2026-01-24 11:41:10,523] [INFO] Model initialized on device: cuda:0
[2026-01-24 11:41:10,523] [INFO] Model initialized on device: cuda:0
[2026-01-24 11:41:10,523] [INFO] [CLIENT INIT] Mode=FEDAVG | Sparsity=OFF (UsedSparsity=0) | Clusters=OFF (UsedClusters=0) | EnvSparsityCfg={'Conv': 0.6, 'Linear': 0.6, 'Bias': 0.0, 'BatchNorm': 0.0} | EnvNClusters=3
[2026-01-24 11:41:10,523] [INFO] [CLIENT INIT] Mode=FEDAVG | Sparsity=OFF (UsedSparsity=0) | Clusters=OFF (UsedClusters=0) | EnvSparsityCfg={'Conv': 0.6, 'Linear': 0.6, 'Bias': 0.0, 'BatchNorm': 0.0} | EnvNClusters=3
[2026-01-24 11:41:10,523] [INFO] Model initialized on device: cuda:0
[2026-01-24 11:41:10,523] [INFO] [CLIENT INIT] Mode=FEDAVG | Sparsity=OFF (UsedSparsity=0) | Clusters=OFF (UsedClusters=0) | EnvSparsityCfg={'Conv': 0.6, 'Linear': 0.6, 'Bias': 0.0, 'BatchNorm': 0.0} | EnvNClusters=3
[2026-01-24 11:41:10,931] [INFO] Model initialized on device: cuda:0
[2026-01-24 11:41:10,932] [INFO] [CLIENT INIT] Mode=FEDAVG | Sparsity=OFF (UsedSparsity=0) | Clusters=OFF (UsedClusters=0) | EnvSparsityCfg={'Conv': 0.6, 'Linear': 0.6, 'Bias': 0.0, 'BatchNorm': 0.0} | EnvNClusters=3
[2026-01-24 11:41:11,040] [INFO] Model initialized on device: cuda:0
[2026-01-24 11:41:11,040] [INFO] [CLIENT INIT] Mode=FEDAVG | Sparsity=OFF (UsedSparsity=0) | Clusters=OFF (UsedClusters=0) | EnvSparsityCfg={'Conv': 0.6, 'Linear': 0.6, 'Bias': 0.0, 'BatchNorm': 0.0} | EnvNClusters=3
[2026-01-24 11:41:11,113] [INFO] Model initialized on device: cuda:0
[2026-01-24 11:41:11,113] [INFO] [CLIENT INIT] Mode=FEDAVG | Sparsity=OFF (UsedSparsity=0) | Clusters=OFF (UsedClusters=0) | EnvSparsityCfg={'Conv': 0.6, 'Linear': 0.6, 'Bias': 0.0, 'BatchNorm': 0.0} | EnvNClusters=3
[2026-01-24 11:42:05,229] [INFO] [TRAIN] Epoch 5 Loss: 0.9441
[2026-01-24 11:42:05,230] [INFO] [FIT] Local training finished. Avg Loss: 0.9460
[2026-01-24 11:42:34,620] [INFO] Model initialized on device: cuda:0
[2026-01-24 11:42:34,620] [INFO] [CLIENT INIT] Mode=FEDAVG | Sparsity=OFF (UsedSparsity=0) | Clusters=OFF (UsedClusters=0) | EnvSparsityCfg={'Conv': 0.6, 'Linear': 0.6, 'Bias': 0.0, 'BatchNorm': 0.0} | EnvNClusters=3
[2026-01-24 11:42:35,909] [INFO] Model initialized on device: cuda:0
[2026-01-24 11:42:35,909] [INFO] [CLIENT INIT] Mode=FEDAVG | Sparsity=OFF (UsedSparsity=0) | Clusters=OFF (UsedClusters=0) | EnvSparsityCfg={'Conv': 0.6, 'Linear': 0.6, 'Bias': 0.0, 'BatchNorm': 0.0} | EnvNClusters=3
[2026-01-24 11:42:39,424] [INFO] Model initialized on device: cuda:0
[2026-01-24 11:42:39,424] [INFO] [CLIENT INIT] Mode=FEDAVG | Sparsity=OFF (UsedSparsity=0) | Clusters=OFF (UsedClusters=0) | EnvSparsityCfg={'Conv': 0.6, 'Linear': 0.6, 'Bias': 0.0, 'BatchNorm': 0.0} | EnvNClusters=3
[2026-01-24 11:42:39,624] [INFO] Model initialized on device: cuda:0
[2026-01-24 11:42:39,625] [INFO] [CLIENT INIT] Mode=FEDAVG | Sparsity=OFF (UsedSparsity=0) | Clusters=OFF (UsedClusters=0) | EnvSparsityCfg={'Conv': 0.6, 'Linear': 0.6, 'Bias': 0.0, 'BatchNorm': 0.0} | EnvNClusters=3
[2026-01-24 11:42:41,441] [DEBUG] [TEST] Batch 1 | Pred shape: torch.Size([256, 256, 160]) | Label shape: torch.Size([256, 256, 160])
[2026-01-24 11:42:42,414] [DEBUG] [TEST] Batch 2 | Pred shape: torch.Size([256, 256, 160]) | Label shape: torch.Size([256, 256, 160])
[2026-01-24 11:42:42,720] [INFO] Model initialized on device: cuda:0
[2026-01-24 11:42:42,720] [INFO] [CLIENT INIT] Mode=FEDAVG | Sparsity=OFF (UsedSparsity=0) | Clusters=OFF (UsedClusters=0) | EnvSparsityCfg={'Conv': 0.6, 'Linear': 0.6, 'Bias': 0.0, 'BatchNorm': 0.0} | EnvNClusters=3
[2026-01-24 11:42:44,225] [INFO] Model initialized on device: cuda:0
[2026-01-24 11:42:44,225] [INFO] [CLIENT INIT] Mode=FEDAVG | Sparsity=OFF (UsedSparsity=0) | Clusters=OFF (UsedClusters=0) | EnvSparsityCfg={'Conv': 0.6, 'Linear': 0.6, 'Bias': 0.0, 'BatchNorm': 0.0} | EnvNClusters=3
[2026-01-24 11:42:44,424] [INFO] Model initialized on device: cuda:0
[2026-01-24 11:42:44,424] [INFO] [CLIENT INIT] Mode=FEDAVG | Sparsity=OFF (UsedSparsity=0) | Clusters=OFF (UsedClusters=0) | EnvSparsityCfg={'Conv': 0.6, 'Linear': 0.6, 'Bias': 0.0, 'BatchNorm': 0.0} | EnvNClusters=3
[2026-01-24 11:42:44,424] [INFO] Model initialized on device: cuda:0
[2026-01-24 11:42:44,424] [INFO] [CLIENT INIT] Mode=FEDAVG | Sparsity=OFF (UsedSparsity=0) | Clusters=OFF (UsedClusters=0) | EnvSparsityCfg={'Conv': 0.6, 'Linear': 0.6, 'Bias': 0.0, 'BatchNorm': 0.0} | EnvNClusters=3
[2026-01-24 11:42:44,620] [INFO] Model initialized on device: cuda:0
[2026-01-24 11:42:44,620] [INFO] [CLIENT INIT] Mode=FEDAVG | Sparsity=OFF (UsedSparsity=0) | Clusters=OFF (UsedClusters=0) | EnvSparsityCfg={'Conv': 0.6, 'Linear': 0.6, 'Bias': 0.0, 'BatchNorm': 0.0} | EnvNClusters=3
[2026-01-24 11:42:44,920] [INFO] Model initialized on device: cuda:0
[2026-01-24 11:42:44,921] [INFO] [CLIENT INIT] Mode=FEDAVG | Sparsity=OFF (UsedSparsity=0) | Clusters=OFF (UsedClusters=0) | EnvSparsityCfg={'Conv': 0.6, 'Linear': 0.6, 'Bias': 0.0, 'BatchNorm': 0.0} | EnvNClusters=3
[2026-01-24 11:42:45,310] [DEBUG] [TEST] Batch 3 | Pred shape: torch.Size([256, 256, 160]) | Label shape: torch.Size([256, 256, 160])
[2026-01-24 11:42:51,249] [DEBUG] [TEST] Batch 4 | Pred shape: torch.Size([256, 256, 160]) | Label shape: torch.Size([256, 256, 160])
[2026-01-24 11:42:51,512] [DEBUG] [TEST] Batch 5 | Pred shape: torch.Size([256, 256, 160]) | Label shape: torch.Size([256, 256, 160])
[2026-01-24 11:42:51,745] [DEBUG] [TEST] Batch 6 | Pred shape: torch.Size([256, 256, 160]) | Label shape: torch.Size([256, 256, 160])
[2026-01-24 11:42:51,939] [DEBUG] [TEST] Batch 7 | Pred shape: torch.Size([256, 256, 160]) | Label shape: torch.Size([256, 256, 160])
[2026-01-24 11:42:52,015] [DEBUG] [TEST] Batch 8 | Pred shape: torch.Size([256, 256, 160]) | Label shape: torch.Size([256, 256, 160])
[2026-01-24 11:42:52,112] [DEBUG] [TEST] Batch 9 | Pred shape: torch.Size([256, 256, 160]) | Label shape: torch.Size([256, 256, 160])
[2026-01-24 11:42:52,214] [DEBUG] [TEST] Batch 10 | Pred shape: torch.Size([256, 256, 160]) | Label shape: torch.Size([256, 256, 160])
[2026-01-24 11:42:58,954] [INFO] [FIT] Final model saved to: Revision2/Run_UNET_IID_Fedavg_20260124/Client4/model_final.pth
[2026-01-24 11:42:58,962] [INFO] [COMM][CLIENT] Round=-1 Mode=FEDAVG UsedSparsity=0 UsedClusters=0 BaselineBits=154016352.0 CompressedBits=154016352.0 CR=1.000
[2026-01-24 11:43:54,755] [INFO] [EVALUATE] Starting evaluation...
[2026-01-24 11:43:56,511] [INFO] [DEBUG] Loaded uncompressed weights.
[2026-01-24 11:45:04,467] [INFO] Model initialized on device: cuda:0
[2026-01-24 11:45:04,467] [INFO] [CLIENT INIT] Mode=FEDAVG | Sparsity=OFF (UsedSparsity=0) | Clusters=OFF (UsedClusters=0) | EnvSparsityCfg={'Conv': 0.6, 'Linear': 0.6, 'Bias': 0.0, 'BatchNorm': 0.0} | EnvNClusters=3
[2026-01-24 11:45:07,644] [INFO] Model initialized on device: cuda:0
[2026-01-24 11:45:07,644] [INFO] [CLIENT INIT] Mode=FEDAVG | Sparsity=OFF (UsedSparsity=0) | Clusters=OFF (UsedClusters=0) | EnvSparsityCfg={'Conv': 0.6, 'Linear': 0.6, 'Bias': 0.0, 'BatchNorm': 0.0} | EnvNClusters=3
[2026-01-24 11:45:07,681] [INFO] Model initialized on device: cuda:0
[2026-01-24 11:45:07,681] [INFO] [CLIENT INIT] Mode=FEDAVG | Sparsity=OFF (UsedSparsity=0) | Clusters=OFF (UsedClusters=0) | EnvSparsityCfg={'Conv': 0.6, 'Linear': 0.6, 'Bias': 0.0, 'BatchNorm': 0.0} | EnvNClusters=3
[2026-01-24 11:45:07,684] [INFO] Model initialized on device: cuda:0
[2026-01-24 11:45:07,684] [INFO] [CLIENT INIT] Mode=FEDAVG | Sparsity=OFF (UsedSparsity=0) | Clusters=OFF (UsedClusters=0) | EnvSparsityCfg={'Conv': 0.6, 'Linear': 0.6, 'Bias': 0.0, 'BatchNorm': 0.0} | EnvNClusters=3
[2026-01-24 11:45:08,310] [INFO] Model initialized on device: cuda:0
[2026-01-24 11:45:08,310] [INFO] [CLIENT INIT] Mode=FEDAVG | Sparsity=OFF (UsedSparsity=0) | Clusters=OFF (UsedClusters=0) | EnvSparsityCfg={'Conv': 0.6, 'Linear': 0.6, 'Bias': 0.0, 'BatchNorm': 0.0} | EnvNClusters=3
[2026-01-24 11:45:08,319] [INFO] Model initialized on device: cuda:0
[2026-01-24 11:45:08,319] [INFO] [CLIENT INIT] Mode=FEDAVG | Sparsity=OFF (UsedSparsity=0) | Clusters=OFF (UsedClusters=0) | EnvSparsityCfg={'Conv': 0.6, 'Linear': 0.6, 'Bias': 0.0, 'BatchNorm': 0.0} | EnvNClusters=3
[2026-01-24 11:45:08,912] [INFO] Model initialized on device: cuda:0
[2026-01-24 11:45:08,913] [INFO] [CLIENT INIT] Mode=FEDAVG | Sparsity=OFF (UsedSparsity=0) | Clusters=OFF (UsedClusters=0) | EnvSparsityCfg={'Conv': 0.6, 'Linear': 0.6, 'Bias': 0.0, 'BatchNorm': 0.0} | EnvNClusters=3
[2026-01-24 11:45:09,117] [INFO] Model initialized on device: cuda:0
[2026-01-24 11:45:09,118] [INFO] [CLIENT INIT] Mode=FEDAVG | Sparsity=OFF (UsedSparsity=0) | Clusters=OFF (UsedClusters=0) | EnvSparsityCfg={'Conv': 0.6, 'Linear': 0.6, 'Bias': 0.0, 'BatchNorm': 0.0} | EnvNClusters=3
[2026-01-24 11:45:09,126] [INFO] Model initialized on device: cuda:0
[2026-01-24 11:45:09,127] [INFO] [CLIENT INIT] Mode=FEDAVG | Sparsity=OFF (UsedSparsity=0) | Clusters=OFF (UsedClusters=0) | EnvSparsityCfg={'Conv': 0.6, 'Linear': 0.6, 'Bias': 0.0, 'BatchNorm': 0.0} | EnvNClusters=3
[2026-01-24 11:45:09,222] [INFO] Model initialized on device: cuda:0
[2026-01-24 11:45:09,223] [INFO] [CLIENT INIT] Mode=FEDAVG | Sparsity=OFF (UsedSparsity=0) | Clusters=OFF (UsedClusters=0) | EnvSparsityCfg={'Conv': 0.6, 'Linear': 0.6, 'Bias': 0.0, 'BatchNorm': 0.0} | EnvNClusters=3
[2026-01-24 11:45:15,413] [DEBUG] [TEST] Batch 1 | Pred shape: torch.Size([256, 256, 160]) | Label shape: torch.Size([256, 256, 160])
[2026-01-24 11:45:15,497] [DEBUG] [TEST] Batch 2 | Pred shape: torch.Size([256, 256, 160]) | Label shape: torch.Size([256, 256, 160])
[2026-01-24 11:45:15,704] [DEBUG] [TEST] Batch 3 | Pred shape: torch.Size([256, 256, 160]) | Label shape: torch.Size([256, 256, 160])
[2026-01-24 11:45:15,929] [DEBUG] [TEST] Batch 4 | Pred shape: torch.Size([256, 256, 160]) | Label shape: torch.Size([256, 256, 160])
[2026-01-24 11:45:16,106] [DEBUG] [TEST] Batch 5 | Pred shape: torch.Size([256, 256, 160]) | Label shape: torch.Size([256, 256, 160])
[2026-01-24 11:45:16,340] [DEBUG] [TEST] Batch 6 | Pred shape: torch.Size([256, 256, 160]) | Label shape: torch.Size([256, 256, 160])
[2026-01-24 11:45:16,576] [DEBUG] [TEST] Batch 7 | Pred shape: torch.Size([256, 256, 160]) | Label shape: torch.Size([256, 256, 160])
[2026-01-24 11:45:16,806] [DEBUG] [TEST] Batch 8 | Pred shape: torch.Size([256, 256, 160]) | Label shape: torch.Size([256, 256, 160])
[2026-01-24 11:45:17,030] [DEBUG] [TEST] Batch 9 | Pred shape: torch.Size([256, 256, 160]) | Label shape: torch.Size([256, 256, 160])
[2026-01-24 11:45:17,197] [DEBUG] [TEST] Batch 10 | Pred shape: torch.Size([256, 256, 160]) | Label shape: torch.Size([256, 256, 160])
[2026-01-24 11:45:25,581] [INFO] [EVALUATE] Dice WT: 0.2386
[2026-01-24 11:45:28,910] [INFO] [FIT] Received parameters. Starting local training...
[2026-01-24 11:45:30,223] [INFO] [DEBUG] Loaded uncompressed weights.
[2026-01-24 11:46:37,346] [INFO] Model initialized on device: cuda:0
[2026-01-24 11:46:37,346] [INFO] [CLIENT INIT] Mode=FEDAVG | Sparsity=OFF (UsedSparsity=0) | Clusters=OFF (UsedClusters=0) | EnvSparsityCfg={'Conv': 0.6, 'Linear': 0.6, 'Bias': 0.0, 'BatchNorm': 0.0} | EnvNClusters=3
[2026-01-24 11:46:37,967] [INFO] Model initialized on device: cuda:0
[2026-01-24 11:46:37,967] [INFO] [CLIENT INIT] Mode=FEDAVG | Sparsity=OFF (UsedSparsity=0) | Clusters=OFF (UsedClusters=0) | EnvSparsityCfg={'Conv': 0.6, 'Linear': 0.6, 'Bias': 0.0, 'BatchNorm': 0.0} | EnvNClusters=3
[2026-01-24 11:46:38,540] [INFO] Model initialized on device: cuda:0
[2026-01-24 11:46:38,540] [INFO] [CLIENT INIT] Mode=FEDAVG | Sparsity=OFF (UsedSparsity=0) | Clusters=OFF (UsedClusters=0) | EnvSparsityCfg={'Conv': 0.6, 'Linear': 0.6, 'Bias': 0.0, 'BatchNorm': 0.0} | EnvNClusters=3
[2026-01-24 11:46:38,547] [INFO] Model initialized on device: cuda:0
[2026-01-24 11:46:38,547] [INFO] [CLIENT INIT] Mode=FEDAVG | Sparsity=OFF (UsedSparsity=0) | Clusters=OFF (UsedClusters=0) | EnvSparsityCfg={'Conv': 0.6, 'Linear': 0.6, 'Bias': 0.0, 'BatchNorm': 0.0} | EnvNClusters=3
[2026-01-24 11:46:38,633] [INFO] Model initialized on device: cuda:0
[2026-01-24 11:46:38,633] [INFO] [CLIENT INIT] Mode=FEDAVG | Sparsity=OFF (UsedSparsity=0) | Clusters=OFF (UsedClusters=0) | EnvSparsityCfg={'Conv': 0.6, 'Linear': 0.6, 'Bias': 0.0, 'BatchNorm': 0.0} | EnvNClusters=3
[2026-01-24 11:46:39,211] [INFO] Model initialized on device: cuda:0
[2026-01-24 11:46:39,212] [INFO] [CLIENT INIT] Mode=FEDAVG | Sparsity=OFF (UsedSparsity=0) | Clusters=OFF (UsedClusters=0) | EnvSparsityCfg={'Conv': 0.6, 'Linear': 0.6, 'Bias': 0.0, 'BatchNorm': 0.0} | EnvNClusters=3
[2026-01-24 11:46:39,216] [INFO] Model initialized on device: cuda:0
[2026-01-24 11:46:39,216] [INFO] [CLIENT INIT] Mode=FEDAVG | Sparsity=OFF (UsedSparsity=0) | Clusters=OFF (UsedClusters=0) | EnvSparsityCfg={'Conv': 0.6, 'Linear': 0.6, 'Bias': 0.0, 'BatchNorm': 0.0} | EnvNClusters=3
[2026-01-24 11:46:39,216] [INFO] Model initialized on device: cuda:0
[2026-01-24 11:46:39,216] [INFO] [CLIENT INIT] Mode=FEDAVG | Sparsity=OFF (UsedSparsity=0) | Clusters=OFF (UsedClusters=0) | EnvSparsityCfg={'Conv': 0.6, 'Linear': 0.6, 'Bias': 0.0, 'BatchNorm': 0.0} | EnvNClusters=3
[2026-01-24 11:46:39,411] [INFO] Model initialized on device: cuda:0
[2026-01-24 11:46:39,411] [INFO] [CLIENT INIT] Mode=FEDAVG | Sparsity=OFF (UsedSparsity=0) | Clusters=OFF (UsedClusters=0) | EnvSparsityCfg={'Conv': 0.6, 'Linear': 0.6, 'Bias': 0.0, 'BatchNorm': 0.0} | EnvNClusters=3
[2026-01-24 11:46:39,412] [INFO] Model initialized on device: cuda:0
[2026-01-24 11:46:39,413] [INFO] [CLIENT INIT] Mode=FEDAVG | Sparsity=OFF (UsedSparsity=0) | Clusters=OFF (UsedClusters=0) | EnvSparsityCfg={'Conv': 0.6, 'Linear': 0.6, 'Bias': 0.0, 'BatchNorm': 0.0} | EnvNClusters=3
[2026-01-24 11:47:51,067] [INFO] [TRAIN] Epoch 1 Loss: 0.9424
[2026-01-24 11:48:53,718] [INFO] Model initialized on device: cuda:0
[2026-01-24 11:48:53,718] [INFO] [CLIENT INIT] Mode=FEDAVG | Sparsity=OFF (UsedSparsity=0) | Clusters=OFF (UsedClusters=0) | EnvSparsityCfg={'Conv': 0.6, 'Linear': 0.6, 'Bias': 0.0, 'BatchNorm': 0.0} | EnvNClusters=3
[2026-01-24 11:48:53,958] [INFO] Model initialized on device: cuda:0
[2026-01-24 11:48:53,958] [INFO] [CLIENT INIT] Mode=FEDAVG | Sparsity=OFF (UsedSparsity=0) | Clusters=OFF (UsedClusters=0) | EnvSparsityCfg={'Conv': 0.6, 'Linear': 0.6, 'Bias': 0.0, 'BatchNorm': 0.0} | EnvNClusters=3
[2026-01-24 11:48:54,572] [INFO] Model initialized on device: cuda:0
[2026-01-24 11:48:54,572] [INFO] [CLIENT INIT] Mode=FEDAVG | Sparsity=OFF (UsedSparsity=0) | Clusters=OFF (UsedClusters=0) | EnvSparsityCfg={'Conv': 0.6, 'Linear': 0.6, 'Bias': 0.0, 'BatchNorm': 0.0} | EnvNClusters=3
[2026-01-24 11:48:54,768] [INFO] Model initialized on device: cuda:0
[2026-01-24 11:48:54,768] [INFO] [CLIENT INIT] Mode=FEDAVG | Sparsity=OFF (UsedSparsity=0) | Clusters=OFF (UsedClusters=0) | EnvSparsityCfg={'Conv': 0.6, 'Linear': 0.6, 'Bias': 0.0, 'BatchNorm': 0.0} | EnvNClusters=3
[2026-01-24 11:48:54,773] [INFO] Model initialized on device: cuda:0
[2026-01-24 11:48:54,773] [INFO] [CLIENT INIT] Mode=FEDAVG | Sparsity=OFF (UsedSparsity=0) | Clusters=OFF (UsedClusters=0) | EnvSparsityCfg={'Conv': 0.6, 'Linear': 0.6, 'Bias': 0.0, 'BatchNorm': 0.0} | EnvNClusters=3
[2026-01-24 11:48:56,167] [INFO] Model initialized on device: cuda:0
[2026-01-24 11:48:56,167] [INFO] [CLIENT INIT] Mode=FEDAVG | Sparsity=OFF (UsedSparsity=0) | Clusters=OFF (UsedClusters=0) | EnvSparsityCfg={'Conv': 0.6, 'Linear': 0.6, 'Bias': 0.0, 'BatchNorm': 0.0} | EnvNClusters=3
[2026-01-24 11:48:56,327] [INFO] Model initialized on device: cuda:0
[2026-01-24 11:48:56,327] [INFO] [CLIENT INIT] Mode=FEDAVG | Sparsity=OFF (UsedSparsity=0) | Clusters=OFF (UsedClusters=0) | EnvSparsityCfg={'Conv': 0.6, 'Linear': 0.6, 'Bias': 0.0, 'BatchNorm': 0.0} | EnvNClusters=3
[2026-01-24 11:48:56,454] [INFO] Model initialized on device: cuda:0
[2026-01-24 11:48:56,454] [INFO] [CLIENT INIT] Mode=FEDAVG | Sparsity=OFF (UsedSparsity=0) | Clusters=OFF (UsedClusters=0) | EnvSparsityCfg={'Conv': 0.6, 'Linear': 0.6, 'Bias': 0.0, 'BatchNorm': 0.0} | EnvNClusters=3
[2026-01-24 11:48:56,621] [INFO] Model initialized on device: cuda:0
[2026-01-24 11:48:56,621] [INFO] [CLIENT INIT] Mode=FEDAVG | Sparsity=OFF (UsedSparsity=0) | Clusters=OFF (UsedClusters=0) | EnvSparsityCfg={'Conv': 0.6, 'Linear': 0.6, 'Bias': 0.0, 'BatchNorm': 0.0} | EnvNClusters=3
[2026-01-24 11:48:56,814] [INFO] Model initialized on device: cuda:0
[2026-01-24 11:48:56,814] [INFO] [CLIENT INIT] Mode=FEDAVG | Sparsity=OFF (UsedSparsity=0) | Clusters=OFF (UsedClusters=0) | EnvSparsityCfg={'Conv': 0.6, 'Linear': 0.6, 'Bias': 0.0, 'BatchNorm': 0.0} | EnvNClusters=3
[2026-01-24 11:50:04,059] [INFO] [TRAIN] Epoch 2 Loss: 0.9408
[2026-01-24 11:51:07,617] [INFO] Model initialized on device: cuda:0
[2026-01-24 11:51:07,617] [INFO] [CLIENT INIT] Mode=FEDAVG | Sparsity=OFF (UsedSparsity=0) | Clusters=OFF (UsedClusters=0) | EnvSparsityCfg={'Conv': 0.6, 'Linear': 0.6, 'Bias': 0.0, 'BatchNorm': 0.0} | EnvNClusters=3
[2026-01-24 11:51:07,662] [INFO] Model initialized on device: cuda:0
[2026-01-24 11:51:07,662] [INFO] [CLIENT INIT] Mode=FEDAVG | Sparsity=OFF (UsedSparsity=0) | Clusters=OFF (UsedClusters=0) | EnvSparsityCfg={'Conv': 0.6, 'Linear': 0.6, 'Bias': 0.0, 'BatchNorm': 0.0} | EnvNClusters=3
[2026-01-24 11:51:07,967] [INFO] Model initialized on device: cuda:0
[2026-01-24 11:51:07,967] [INFO] [CLIENT INIT] Mode=FEDAVG | Sparsity=OFF (UsedSparsity=0) | Clusters=OFF (UsedClusters=0) | EnvSparsityCfg={'Conv': 0.6, 'Linear': 0.6, 'Bias': 0.0, 'BatchNorm': 0.0} | EnvNClusters=3
[2026-01-24 11:51:08,350] [INFO] Model initialized on device: cuda:0
[2026-01-24 11:51:08,350] [INFO] [CLIENT INIT] Mode=FEDAVG | Sparsity=OFF (UsedSparsity=0) | Clusters=OFF (UsedClusters=0) | EnvSparsityCfg={'Conv': 0.6, 'Linear': 0.6, 'Bias': 0.0, 'BatchNorm': 0.0} | EnvNClusters=3
[2026-01-24 11:51:08,782] [INFO] Model initialized on device: cuda:0
[2026-01-24 11:51:08,782] [INFO] [CLIENT INIT] Mode=FEDAVG | Sparsity=OFF (UsedSparsity=0) | Clusters=OFF (UsedClusters=0) | EnvSparsityCfg={'Conv': 0.6, 'Linear': 0.6, 'Bias': 0.0, 'BatchNorm': 0.0} | EnvNClusters=3
[2026-01-24 11:51:09,069] [INFO] Model initialized on device: cuda:0
[2026-01-24 11:51:09,069] [INFO] [CLIENT INIT] Mode=FEDAVG | Sparsity=OFF (UsedSparsity=0) | Clusters=OFF (UsedClusters=0) | EnvSparsityCfg={'Conv': 0.6, 'Linear': 0.6, 'Bias': 0.0, 'BatchNorm': 0.0} | EnvNClusters=3
[2026-01-24 11:51:09,568] [INFO] Model initialized on device: cuda:0
[2026-01-24 11:51:09,569] [INFO] [CLIENT INIT] Mode=FEDAVG | Sparsity=OFF (UsedSparsity=0) | Clusters=OFF (UsedClusters=0) | EnvSparsityCfg={'Conv': 0.6, 'Linear': 0.6, 'Bias': 0.0, 'BatchNorm': 0.0} | EnvNClusters=3
[2026-01-24 11:51:09,917] [INFO] Model initialized on device: cuda:0
[2026-01-24 11:51:09,917] [INFO] [CLIENT INIT] Mode=FEDAVG | Sparsity=OFF (UsedSparsity=0) | Clusters=OFF (UsedClusters=0) | EnvSparsityCfg={'Conv': 0.6, 'Linear': 0.6, 'Bias': 0.0, 'BatchNorm': 0.0} | EnvNClusters=3
[2026-01-24 11:51:10,273] [INFO] Model initialized on device: cuda:0
[2026-01-24 11:51:10,273] [INFO] [CLIENT INIT] Mode=FEDAVG | Sparsity=OFF (UsedSparsity=0) | Clusters=OFF (UsedClusters=0) | EnvSparsityCfg={'Conv': 0.6, 'Linear': 0.6, 'Bias': 0.0, 'BatchNorm': 0.0} | EnvNClusters=3
[2026-01-24 11:51:10,527] [INFO] Model initialized on device: cuda:0
[2026-01-24 11:51:10,527] [INFO] [CLIENT INIT] Mode=FEDAVG | Sparsity=OFF (UsedSparsity=0) | Clusters=OFF (UsedClusters=0) | EnvSparsityCfg={'Conv': 0.6, 'Linear': 0.6, 'Bias': 0.0, 'BatchNorm': 0.0} | EnvNClusters=3
[2026-01-24 11:52:19,149] [INFO] [TRAIN] Epoch 3 Loss: 0.9390
[2026-01-24 11:53:21,448] [INFO] Model initialized on device: cuda:0
[2026-01-24 11:53:21,448] [INFO] [CLIENT INIT] Mode=FEDAVG | Sparsity=OFF (UsedSparsity=0) | Clusters=OFF (UsedClusters=0) | EnvSparsityCfg={'Conv': 0.6, 'Linear': 0.6, 'Bias': 0.0, 'BatchNorm': 0.0} | EnvNClusters=3
[2026-01-24 11:53:24,271] [INFO] Model initialized on device: cuda:0
[2026-01-24 11:53:24,271] [INFO] [CLIENT INIT] Mode=FEDAVG | Sparsity=OFF (UsedSparsity=0) | Clusters=OFF (UsedClusters=0) | EnvSparsityCfg={'Conv': 0.6, 'Linear': 0.6, 'Bias': 0.0, 'BatchNorm': 0.0} | EnvNClusters=3
[2026-01-24 11:53:24,555] [INFO] Model initialized on device: cuda:0
[2026-01-24 11:53:24,555] [INFO] [CLIENT INIT] Mode=FEDAVG | Sparsity=OFF (UsedSparsity=0) | Clusters=OFF (UsedClusters=0) | EnvSparsityCfg={'Conv': 0.6, 'Linear': 0.6, 'Bias': 0.0, 'BatchNorm': 0.0} | EnvNClusters=3
[2026-01-24 11:53:24,559] [INFO] Model initialized on device: cuda:0
[2026-01-24 11:53:24,559] [INFO] [CLIENT INIT] Mode=FEDAVG | Sparsity=OFF (UsedSparsity=0) | Clusters=OFF (UsedClusters=0) | EnvSparsityCfg={'Conv': 0.6, 'Linear': 0.6, 'Bias': 0.0, 'BatchNorm': 0.0} | EnvNClusters=3
[2026-01-24 11:53:25,637] [INFO] Model initialized on device: cuda:0
[2026-01-24 11:53:25,638] [INFO] [CLIENT INIT] Mode=FEDAVG | Sparsity=OFF (UsedSparsity=0) | Clusters=OFF (UsedClusters=0) | EnvSparsityCfg={'Conv': 0.6, 'Linear': 0.6, 'Bias': 0.0, 'BatchNorm': 0.0} | EnvNClusters=3
[2026-01-24 11:53:25,722] [INFO] Model initialized on device: cuda:0
[2026-01-24 11:53:25,722] [INFO] [CLIENT INIT] Mode=FEDAVG | Sparsity=OFF (UsedSparsity=0) | Clusters=OFF (UsedClusters=0) | EnvSparsityCfg={'Conv': 0.6, 'Linear': 0.6, 'Bias': 0.0, 'BatchNorm': 0.0} | EnvNClusters=3
[2026-01-24 11:53:25,810] [INFO] Model initialized on device: cuda:0
[2026-01-24 11:53:25,810] [INFO] [CLIENT INIT] Mode=FEDAVG | Sparsity=OFF (UsedSparsity=0) | Clusters=OFF (UsedClusters=0) | EnvSparsityCfg={'Conv': 0.6, 'Linear': 0.6, 'Bias': 0.0, 'BatchNorm': 0.0} | EnvNClusters=3
[2026-01-24 11:53:25,811] [INFO] Model initialized on device: cuda:0
[2026-01-24 11:53:25,812] [INFO] [CLIENT INIT] Mode=FEDAVG | Sparsity=OFF (UsedSparsity=0) | Clusters=OFF (UsedClusters=0) | EnvSparsityCfg={'Conv': 0.6, 'Linear': 0.6, 'Bias': 0.0, 'BatchNorm': 0.0} | EnvNClusters=3
[2026-01-24 11:53:25,815] [INFO] Model initialized on device: cuda:0
[2026-01-24 11:53:25,815] [INFO] [CLIENT INIT] Mode=FEDAVG | Sparsity=OFF (UsedSparsity=0) | Clusters=OFF (UsedClusters=0) | EnvSparsityCfg={'Conv': 0.6, 'Linear': 0.6, 'Bias': 0.0, 'BatchNorm': 0.0} | EnvNClusters=3
[2026-01-24 11:53:25,847] [INFO] Model initialized on device: cuda:0
[2026-01-24 11:53:25,847] [INFO] [CLIENT INIT] Mode=FEDAVG | Sparsity=OFF (UsedSparsity=0) | Clusters=OFF (UsedClusters=0) | EnvSparsityCfg={'Conv': 0.6, 'Linear': 0.6, 'Bias': 0.0, 'BatchNorm': 0.0} | EnvNClusters=3
[2026-01-24 11:54:36,558] [INFO] [TRAIN] Epoch 4 Loss: 0.9372
[2026-01-24 11:55:34,051] [INFO] Model initialized on device: cuda:0
[2026-01-24 11:55:34,051] [INFO] [CLIENT INIT] Mode=FEDAVG | Sparsity=OFF (UsedSparsity=0) | Clusters=OFF (UsedClusters=0) | EnvSparsityCfg={'Conv': 0.6, 'Linear': 0.6, 'Bias': 0.0, 'BatchNorm': 0.0} | EnvNClusters=3
[2026-01-24 11:55:34,073] [INFO] Model initialized on device: cuda:0
[2026-01-24 11:55:34,073] [INFO] [CLIENT INIT] Mode=FEDAVG | Sparsity=OFF (UsedSparsity=0) | Clusters=OFF (UsedClusters=0) | EnvSparsityCfg={'Conv': 0.6, 'Linear': 0.6, 'Bias': 0.0, 'BatchNorm': 0.0} | EnvNClusters=3
[2026-01-24 11:55:34,127] [INFO] Model initialized on device: cuda:0
[2026-01-24 11:55:34,128] [INFO] [CLIENT INIT] Mode=FEDAVG | Sparsity=OFF (UsedSparsity=0) | Clusters=OFF (UsedClusters=0) | EnvSparsityCfg={'Conv': 0.6, 'Linear': 0.6, 'Bias': 0.0, 'BatchNorm': 0.0} | EnvNClusters=3
[2026-01-24 11:55:34,259] [INFO] Model initialized on device: cuda:0
[2026-01-24 11:55:34,260] [INFO] [CLIENT INIT] Mode=FEDAVG | Sparsity=OFF (UsedSparsity=0) | Clusters=OFF (UsedClusters=0) | EnvSparsityCfg={'Conv': 0.6, 'Linear': 0.6, 'Bias': 0.0, 'BatchNorm': 0.0} | EnvNClusters=3
[2026-01-24 11:55:34,273] [INFO] Model initialized on device: cuda:0
[2026-01-24 11:55:34,273] [INFO] [CLIENT INIT] Mode=FEDAVG | Sparsity=OFF (UsedSparsity=0) | Clusters=OFF (UsedClusters=0) | EnvSparsityCfg={'Conv': 0.6, 'Linear': 0.6, 'Bias': 0.0, 'BatchNorm': 0.0} | EnvNClusters=3
[2026-01-24 11:55:34,473] [INFO] Model initialized on device: cuda:0
[2026-01-24 11:55:34,473] [INFO] [CLIENT INIT] Mode=FEDAVG | Sparsity=OFF (UsedSparsity=0) | Clusters=OFF (UsedClusters=0) | EnvSparsityCfg={'Conv': 0.6, 'Linear': 0.6, 'Bias': 0.0, 'BatchNorm': 0.0} | EnvNClusters=3
[2026-01-24 11:55:34,483] [INFO] Model initialized on device: cuda:0
[2026-01-24 11:55:34,484] [INFO] [CLIENT INIT] Mode=FEDAVG | Sparsity=OFF (UsedSparsity=0) | Clusters=OFF (UsedClusters=0) | EnvSparsityCfg={'Conv': 0.6, 'Linear': 0.6, 'Bias': 0.0, 'BatchNorm': 0.0} | EnvNClusters=3
[2026-01-24 11:55:34,485] [INFO] Model initialized on device: cuda:0
[2026-01-24 11:55:34,485] [INFO] [CLIENT INIT] Mode=FEDAVG | Sparsity=OFF (UsedSparsity=0) | Clusters=OFF (UsedClusters=0) | EnvSparsityCfg={'Conv': 0.6, 'Linear': 0.6, 'Bias': 0.0, 'BatchNorm': 0.0} | EnvNClusters=3
[2026-01-24 11:55:34,507] [INFO] Model initialized on device: cuda:0
[2026-01-24 11:55:34,507] [INFO] [CLIENT INIT] Mode=FEDAVG | Sparsity=OFF (UsedSparsity=0) | Clusters=OFF (UsedClusters=0) | EnvSparsityCfg={'Conv': 0.6, 'Linear': 0.6, 'Bias': 0.0, 'BatchNorm': 0.0} | EnvNClusters=3
[2026-01-24 11:55:34,536] [INFO] Model initialized on device: cuda:0
[2026-01-24 11:55:34,536] [INFO] [CLIENT INIT] Mode=FEDAVG | Sparsity=OFF (UsedSparsity=0) | Clusters=OFF (UsedClusters=0) | EnvSparsityCfg={'Conv': 0.6, 'Linear': 0.6, 'Bias': 0.0, 'BatchNorm': 0.0} | EnvNClusters=3
[2026-01-24 11:56:27,216] [INFO] [TRAIN] Epoch 5 Loss: 0.9353
[2026-01-24 11:56:27,218] [INFO] [FIT] Local training finished. Avg Loss: 0.9389
[2026-01-24 11:57:07,024] [INFO] Model initialized on device: cuda:0
[2026-01-24 11:57:07,024] [INFO] [CLIENT INIT] Mode=FEDAVG | Sparsity=OFF (UsedSparsity=0) | Clusters=OFF (UsedClusters=0) | EnvSparsityCfg={'Conv': 0.6, 'Linear': 0.6, 'Bias': 0.0, 'BatchNorm': 0.0} | EnvNClusters=3
[2026-01-24 11:57:07,413] [INFO] Model initialized on device: cuda:0
[2026-01-24 11:57:07,413] [INFO] [CLIENT INIT] Mode=FEDAVG | Sparsity=OFF (UsedSparsity=0) | Clusters=OFF (UsedClusters=0) | EnvSparsityCfg={'Conv': 0.6, 'Linear': 0.6, 'Bias': 0.0, 'BatchNorm': 0.0} | EnvNClusters=3
[2026-01-24 11:57:07,440] [INFO] Model initialized on device: cuda:0
[2026-01-24 11:57:07,440] [INFO] [CLIENT INIT] Mode=FEDAVG | Sparsity=OFF (UsedSparsity=0) | Clusters=OFF (UsedClusters=0) | EnvSparsityCfg={'Conv': 0.6, 'Linear': 0.6, 'Bias': 0.0, 'BatchNorm': 0.0} | EnvNClusters=3
[2026-01-24 11:57:07,541] [INFO] Model initialized on device: cuda:0
[2026-01-24 11:57:07,541] [INFO] Model initialized on device: cuda:0
[2026-01-24 11:57:07,542] [INFO] [CLIENT INIT] Mode=FEDAVG | Sparsity=OFF (UsedSparsity=0) | Clusters=OFF (UsedClusters=0) | EnvSparsityCfg={'Conv': 0.6, 'Linear': 0.6, 'Bias': 0.0, 'BatchNorm': 0.0} | EnvNClusters=3
[2026-01-24 11:57:07,542] [INFO] [CLIENT INIT] Mode=FEDAVG | Sparsity=OFF (UsedSparsity=0) | Clusters=OFF (UsedClusters=0) | EnvSparsityCfg={'Conv': 0.6, 'Linear': 0.6, 'Bias': 0.0, 'BatchNorm': 0.0} | EnvNClusters=3
[2026-01-24 11:57:07,741] [INFO] Model initialized on device: cuda:0
[2026-01-24 11:57:07,741] [INFO] [CLIENT INIT] Mode=FEDAVG | Sparsity=OFF (UsedSparsity=0) | Clusters=OFF (UsedClusters=0) | EnvSparsityCfg={'Conv': 0.6, 'Linear': 0.6, 'Bias': 0.0, 'BatchNorm': 0.0} | EnvNClusters=3
[2026-01-24 11:57:07,824] [INFO] Model initialized on device: cuda:0
[2026-01-24 11:57:07,824] [INFO] [CLIENT INIT] Mode=FEDAVG | Sparsity=OFF (UsedSparsity=0) | Clusters=OFF (UsedClusters=0) | EnvSparsityCfg={'Conv': 0.6, 'Linear': 0.6, 'Bias': 0.0, 'BatchNorm': 0.0} | EnvNClusters=3
[2026-01-24 11:57:07,912] [INFO] Model initialized on device: cuda:0
[2026-01-24 11:57:07,912] [INFO] [CLIENT INIT] Mode=FEDAVG | Sparsity=OFF (UsedSparsity=0) | Clusters=OFF (UsedClusters=0) | EnvSparsityCfg={'Conv': 0.6, 'Linear': 0.6, 'Bias': 0.0, 'BatchNorm': 0.0} | EnvNClusters=3
[2026-01-24 11:57:07,920] [INFO] Model initialized on device: cuda:0
[2026-01-24 11:57:07,920] [INFO] [CLIENT INIT] Mode=FEDAVG | Sparsity=OFF (UsedSparsity=0) | Clusters=OFF (UsedClusters=0) | EnvSparsityCfg={'Conv': 0.6, 'Linear': 0.6, 'Bias': 0.0, 'BatchNorm': 0.0} | EnvNClusters=3
[2026-01-24 11:57:07,922] [INFO] Model initialized on device: cuda:0
[2026-01-24 11:57:07,923] [INFO] [CLIENT INIT] Mode=FEDAVG | Sparsity=OFF (UsedSparsity=0) | Clusters=OFF (UsedClusters=0) | EnvSparsityCfg={'Conv': 0.6, 'Linear': 0.6, 'Bias': 0.0, 'BatchNorm': 0.0} | EnvNClusters=3
[2026-01-24 11:57:14,646] [DEBUG] [TEST] Batch 1 | Pred shape: torch.Size([256, 256, 160]) | Label shape: torch.Size([256, 256, 160])
[2026-01-24 11:57:14,814] [DEBUG] [TEST] Batch 2 | Pred shape: torch.Size([256, 256, 160]) | Label shape: torch.Size([256, 256, 160])
[2026-01-24 11:57:14,914] [DEBUG] [TEST] Batch 3 | Pred shape: torch.Size([256, 256, 160]) | Label shape: torch.Size([256, 256, 160])
[2026-01-24 11:57:15,014] [DEBUG] [TEST] Batch 4 | Pred shape: torch.Size([256, 256, 160]) | Label shape: torch.Size([256, 256, 160])
[2026-01-24 11:57:15,113] [DEBUG] [TEST] Batch 5 | Pred shape: torch.Size([256, 256, 160]) | Label shape: torch.Size([256, 256, 160])
[2026-01-24 11:57:15,213] [DEBUG] [TEST] Batch 6 | Pred shape: torch.Size([256, 256, 160]) | Label shape: torch.Size([256, 256, 160])
[2026-01-24 11:57:15,310] [DEBUG] [TEST] Batch 7 | Pred shape: torch.Size([256, 256, 160]) | Label shape: torch.Size([256, 256, 160])
[2026-01-24 11:57:15,365] [DEBUG] [TEST] Batch 8 | Pred shape: torch.Size([256, 256, 160]) | Label shape: torch.Size([256, 256, 160])
[2026-01-24 11:57:15,507] [DEBUG] [TEST] Batch 9 | Pred shape: torch.Size([256, 256, 160]) | Label shape: torch.Size([256, 256, 160])
[2026-01-24 11:57:15,615] [DEBUG] [TEST] Batch 10 | Pred shape: torch.Size([256, 256, 160]) | Label shape: torch.Size([256, 256, 160])
[2026-01-24 11:57:22,081] [INFO] [FIT] Final model saved to: Revision2/Run_UNET_IID_Fedavg_20260124/Client4/model_final.pth
[2026-01-24 11:57:22,089] [INFO] [COMM][CLIENT] Round=-1 Mode=FEDAVG UsedSparsity=0 UsedClusters=0 BaselineBits=154016352.0 CompressedBits=154016352.0 CR=1.000
[2026-01-24 11:58:09,913] [INFO] [EVALUATE] Starting evaluation...
[2026-01-24 11:58:11,614] [INFO] [DEBUG] Loaded uncompressed weights.
[2026-01-24 11:59:18,667] [INFO] Model initialized on device: cuda:0
[2026-01-24 11:59:18,667] [INFO] [CLIENT INIT] Mode=FEDAVG | Sparsity=OFF (UsedSparsity=0) | Clusters=OFF (UsedClusters=0) | EnvSparsityCfg={'Conv': 0.6, 'Linear': 0.6, 'Bias': 0.0, 'BatchNorm': 0.0} | EnvNClusters=3
[2026-01-24 11:59:19,261] [INFO] Model initialized on device: cuda:0
[2026-01-24 11:59:19,261] [INFO] [CLIENT INIT] Mode=FEDAVG | Sparsity=OFF (UsedSparsity=0) | Clusters=OFF (UsedClusters=0) | EnvSparsityCfg={'Conv': 0.6, 'Linear': 0.6, 'Bias': 0.0, 'BatchNorm': 0.0} | EnvNClusters=3
[2026-01-24 11:59:19,265] [INFO] Model initialized on device: cuda:0
[2026-01-24 11:59:19,265] [INFO] [CLIENT INIT] Mode=FEDAVG | Sparsity=OFF (UsedSparsity=0) | Clusters=OFF (UsedClusters=0) | EnvSparsityCfg={'Conv': 0.6, 'Linear': 0.6, 'Bias': 0.0, 'BatchNorm': 0.0} | EnvNClusters=3
[2026-01-24 11:59:19,307] [INFO] Model initialized on device: cuda:0
[2026-01-24 11:59:19,307] [INFO] [CLIENT INIT] Mode=FEDAVG | Sparsity=OFF (UsedSparsity=0) | Clusters=OFF (UsedClusters=0) | EnvSparsityCfg={'Conv': 0.6, 'Linear': 0.6, 'Bias': 0.0, 'BatchNorm': 0.0} | EnvNClusters=3
[2026-01-24 11:59:19,808] [INFO] Model initialized on device: cuda:0
[2026-01-24 11:59:19,808] [INFO] [CLIENT INIT] Mode=FEDAVG | Sparsity=OFF (UsedSparsity=0) | Clusters=OFF (UsedClusters=0) | EnvSparsityCfg={'Conv': 0.6, 'Linear': 0.6, 'Bias': 0.0, 'BatchNorm': 0.0} | EnvNClusters=3
[2026-01-24 11:59:19,831] [INFO] Model initialized on device: cuda:0
[2026-01-24 11:59:19,831] [INFO] [CLIENT INIT] Mode=FEDAVG | Sparsity=OFF (UsedSparsity=0) | Clusters=OFF (UsedClusters=0) | EnvSparsityCfg={'Conv': 0.6, 'Linear': 0.6, 'Bias': 0.0, 'BatchNorm': 0.0} | EnvNClusters=3
[2026-01-24 11:59:20,219] [INFO] Model initialized on device: cuda:0
[2026-01-24 11:59:20,220] [INFO] [CLIENT INIT] Mode=FEDAVG | Sparsity=OFF (UsedSparsity=0) | Clusters=OFF (UsedClusters=0) | EnvSparsityCfg={'Conv': 0.6, 'Linear': 0.6, 'Bias': 0.0, 'BatchNorm': 0.0} | EnvNClusters=3
[2026-01-24 11:59:20,221] [INFO] Model initialized on device: cuda:0
[2026-01-24 11:59:20,221] [INFO] [CLIENT INIT] Mode=FEDAVG | Sparsity=OFF (UsedSparsity=0) | Clusters=OFF (UsedClusters=0) | EnvSparsityCfg={'Conv': 0.6, 'Linear': 0.6, 'Bias': 0.0, 'BatchNorm': 0.0} | EnvNClusters=3
[2026-01-24 11:59:20,628] [INFO] Model initialized on device: cuda:0
[2026-01-24 11:59:20,628] [INFO] [CLIENT INIT] Mode=FEDAVG | Sparsity=OFF (UsedSparsity=0) | Clusters=OFF (UsedClusters=0) | EnvSparsityCfg={'Conv': 0.6, 'Linear': 0.6, 'Bias': 0.0, 'BatchNorm': 0.0} | EnvNClusters=3
[2026-01-24 11:59:20,642] [INFO] Model initialized on device: cuda:0
[2026-01-24 11:59:20,642] [INFO] [CLIENT INIT] Mode=FEDAVG | Sparsity=OFF (UsedSparsity=0) | Clusters=OFF (UsedClusters=0) | EnvSparsityCfg={'Conv': 0.6, 'Linear': 0.6, 'Bias': 0.0, 'BatchNorm': 0.0} | EnvNClusters=3
[2026-01-24 11:59:26,019] [DEBUG] [TEST] Batch 1 | Pred shape: torch.Size([256, 256, 160]) | Label shape: torch.Size([256, 256, 160])
[2026-01-24 11:59:26,724] [DEBUG] [TEST] Batch 2 | Pred shape: torch.Size([256, 256, 160]) | Label shape: torch.Size([256, 256, 160])
[2026-01-24 11:59:27,130] [DEBUG] [TEST] Batch 3 | Pred shape: torch.Size([256, 256, 160]) | Label shape: torch.Size([256, 256, 160])
[2026-01-24 11:59:27,205] [DEBUG] [TEST] Batch 4 | Pred shape: torch.Size([256, 256, 160]) | Label shape: torch.Size([256, 256, 160])
[2026-01-24 11:59:27,261] [DEBUG] [TEST] Batch 5 | Pred shape: torch.Size([256, 256, 160]) | Label shape: torch.Size([256, 256, 160])
[2026-01-24 11:59:27,397] [DEBUG] [TEST] Batch 6 | Pred shape: torch.Size([256, 256, 160]) | Label shape: torch.Size([256, 256, 160])
[2026-01-24 11:59:27,608] [DEBUG] [TEST] Batch 7 | Pred shape: torch.Size([256, 256, 160]) | Label shape: torch.Size([256, 256, 160])
[2026-01-24 11:59:27,827] [DEBUG] [TEST] Batch 8 | Pred shape: torch.Size([256, 256, 160]) | Label shape: torch.Size([256, 256, 160])
[2026-01-24 11:59:28,049] [DEBUG] [TEST] Batch 9 | Pred shape: torch.Size([256, 256, 160]) | Label shape: torch.Size([256, 256, 160])
[2026-01-24 11:59:28,263] [DEBUG] [TEST] Batch 10 | Pred shape: torch.Size([256, 256, 160]) | Label shape: torch.Size([256, 256, 160])
[2026-01-24 11:59:33,384] [INFO] [EVALUATE] Dice WT: 0.3082
[2026-01-24 11:59:36,621] [INFO] [FIT] Received parameters. Starting local training...
[2026-01-24 11:59:38,719] [INFO] [DEBUG] Loaded uncompressed weights.
[2026-01-24 12:00:48,625] [INFO] Model initialized on device: cuda:0
[2026-01-24 12:00:48,625] [INFO] [CLIENT INIT] Mode=FEDAVG | Sparsity=OFF (UsedSparsity=0) | Clusters=OFF (UsedClusters=0) | EnvSparsityCfg={'Conv': 0.6, 'Linear': 0.6, 'Bias': 0.0, 'BatchNorm': 0.0} | EnvNClusters=3
[2026-01-24 12:00:49,348] [INFO] Model initialized on device: cuda:0
[2026-01-24 12:00:49,349] [INFO] [CLIENT INIT] Mode=FEDAVG | Sparsity=OFF (UsedSparsity=0) | Clusters=OFF (UsedClusters=0) | EnvSparsityCfg={'Conv': 0.6, 'Linear': 0.6, 'Bias': 0.0, 'BatchNorm': 0.0} | EnvNClusters=3
[2026-01-24 12:00:49,412] [INFO] Model initialized on device: cuda:0
[2026-01-24 12:00:49,412] [INFO] [CLIENT INIT] Mode=FEDAVG | Sparsity=OFF (UsedSparsity=0) | Clusters=OFF (UsedClusters=0) | EnvSparsityCfg={'Conv': 0.6, 'Linear': 0.6, 'Bias': 0.0, 'BatchNorm': 0.0} | EnvNClusters=3
[2026-01-24 12:00:49,413] [INFO] Model initialized on device: cuda:0
[2026-01-24 12:00:49,414] [INFO] [CLIENT INIT] Mode=FEDAVG | Sparsity=OFF (UsedSparsity=0) | Clusters=OFF (UsedClusters=0) | EnvSparsityCfg={'Conv': 0.6, 'Linear': 0.6, 'Bias': 0.0, 'BatchNorm': 0.0} | EnvNClusters=3
[2026-01-24 12:00:50,242] [INFO] Model initialized on device: cuda:0
[2026-01-24 12:00:50,242] [INFO] [CLIENT INIT] Mode=FEDAVG | Sparsity=OFF (UsedSparsity=0) | Clusters=OFF (UsedClusters=0) | EnvSparsityCfg={'Conv': 0.6, 'Linear': 0.6, 'Bias': 0.0, 'BatchNorm': 0.0} | EnvNClusters=3
[2026-01-24 12:00:50,315] [INFO] Model initialized on device: cuda:0
[2026-01-24 12:00:50,316] [INFO] [CLIENT INIT] Mode=FEDAVG | Sparsity=OFF (UsedSparsity=0) | Clusters=OFF (UsedClusters=0) | EnvSparsityCfg={'Conv': 0.6, 'Linear': 0.6, 'Bias': 0.0, 'BatchNorm': 0.0} | EnvNClusters=3
[2026-01-24 12:00:50,324] [INFO] Model initialized on device: cuda:0
[2026-01-24 12:00:50,325] [INFO] [CLIENT INIT] Mode=FEDAVG | Sparsity=OFF (UsedSparsity=0) | Clusters=OFF (UsedClusters=0) | EnvSparsityCfg={'Conv': 0.6, 'Linear': 0.6, 'Bias': 0.0, 'BatchNorm': 0.0} | EnvNClusters=3
[2026-01-24 12:00:50,339] [INFO] Model initialized on device: cuda:0
[2026-01-24 12:00:50,339] [INFO] [CLIENT INIT] Mode=FEDAVG | Sparsity=OFF (UsedSparsity=0) | Clusters=OFF (UsedClusters=0) | EnvSparsityCfg={'Conv': 0.6, 'Linear': 0.6, 'Bias': 0.0, 'BatchNorm': 0.0} | EnvNClusters=3
[2026-01-24 12:00:50,408] [INFO] Model initialized on device: cuda:0
[2026-01-24 12:00:50,409] [INFO] [CLIENT INIT] Mode=FEDAVG | Sparsity=OFF (UsedSparsity=0) | Clusters=OFF (UsedClusters=0) | EnvSparsityCfg={'Conv': 0.6, 'Linear': 0.6, 'Bias': 0.0, 'BatchNorm': 0.0} | EnvNClusters=3
[2026-01-24 12:00:50,414] [INFO] Model initialized on device: cuda:0
[2026-01-24 12:00:50,414] [INFO] [CLIENT INIT] Mode=FEDAVG | Sparsity=OFF (UsedSparsity=0) | Clusters=OFF (UsedClusters=0) | EnvSparsityCfg={'Conv': 0.6, 'Linear': 0.6, 'Bias': 0.0, 'BatchNorm': 0.0} | EnvNClusters=3
[2026-01-24 12:02:01,499] [INFO] [TRAIN] Epoch 1 Loss: 0.9330
[2026-01-24 12:02:47,127] [INFO] Model initialized on device: cuda:0
[2026-01-24 12:02:47,127] [INFO] [CLIENT INIT] Mode=FEDAVG | Sparsity=OFF (UsedSparsity=0) | Clusters=OFF (UsedClusters=0) | EnvSparsityCfg={'Conv': 0.6, 'Linear': 0.6, 'Bias': 0.0, 'BatchNorm': 0.0} | EnvNClusters=3
[2026-01-24 12:02:47,331] [INFO] Model initialized on device: cuda:0
[2026-01-24 12:02:47,331] [INFO] [CLIENT INIT] Mode=FEDAVG | Sparsity=OFF (UsedSparsity=0) | Clusters=OFF (UsedClusters=0) | EnvSparsityCfg={'Conv': 0.6, 'Linear': 0.6, 'Bias': 0.0, 'BatchNorm': 0.0} | EnvNClusters=3
[2026-01-24 12:02:48,827] [INFO] Model initialized on device: cuda:0
[2026-01-24 12:02:48,827] [INFO] [CLIENT INIT] Mode=FEDAVG | Sparsity=OFF (UsedSparsity=0) | Clusters=OFF (UsedClusters=0) | EnvSparsityCfg={'Conv': 0.6, 'Linear': 0.6, 'Bias': 0.0, 'BatchNorm': 0.0} | EnvNClusters=3
[2026-01-24 12:02:48,919] [INFO] Model initialized on device: cuda:0
[2026-01-24 12:02:48,919] [INFO] [CLIENT INIT] Mode=FEDAVG | Sparsity=OFF (UsedSparsity=0) | Clusters=OFF (UsedClusters=0) | EnvSparsityCfg={'Conv': 0.6, 'Linear': 0.6, 'Bias': 0.0, 'BatchNorm': 0.0} | EnvNClusters=3
[2026-01-24 12:02:49,113] [INFO] Model initialized on device: cuda:0
[2026-01-24 12:02:49,113] [INFO] [CLIENT INIT] Mode=FEDAVG | Sparsity=OFF (UsedSparsity=0) | Clusters=OFF (UsedClusters=0) | EnvSparsityCfg={'Conv': 0.6, 'Linear': 0.6, 'Bias': 0.0, 'BatchNorm': 0.0} | EnvNClusters=3
[2026-01-24 12:02:51,140] [INFO] Model initialized on device: cuda:0
[2026-01-24 12:02:51,140] [INFO] [CLIENT INIT] Mode=FEDAVG | Sparsity=OFF (UsedSparsity=0) | Clusters=OFF (UsedClusters=0) | EnvSparsityCfg={'Conv': 0.6, 'Linear': 0.6, 'Bias': 0.0, 'BatchNorm': 0.0} | EnvNClusters=3
[2026-01-24 12:02:51,722] [INFO] Model initialized on device: cuda:0
[2026-01-24 12:02:51,723] [INFO] [CLIENT INIT] Mode=FEDAVG | Sparsity=OFF (UsedSparsity=0) | Clusters=OFF (UsedClusters=0) | EnvSparsityCfg={'Conv': 0.6, 'Linear': 0.6, 'Bias': 0.0, 'BatchNorm': 0.0} | EnvNClusters=3
[2026-01-24 12:02:52,625] [INFO] Model initialized on device: cuda:0
[2026-01-24 12:02:52,625] [INFO] [CLIENT INIT] Mode=FEDAVG | Sparsity=OFF (UsedSparsity=0) | Clusters=OFF (UsedClusters=0) | EnvSparsityCfg={'Conv': 0.6, 'Linear': 0.6, 'Bias': 0.0, 'BatchNorm': 0.0} | EnvNClusters=3
[2026-01-24 12:02:53,346] [INFO] Model initialized on device: cuda:0
[2026-01-24 12:02:53,346] [INFO] [CLIENT INIT] Mode=FEDAVG | Sparsity=OFF (UsedSparsity=0) | Clusters=OFF (UsedClusters=0) | EnvSparsityCfg={'Conv': 0.6, 'Linear': 0.6, 'Bias': 0.0, 'BatchNorm': 0.0} | EnvNClusters=3
[2026-01-24 12:02:54,060] [INFO] Model initialized on device: cuda:0
[2026-01-24 12:02:54,060] [INFO] [CLIENT INIT] Mode=FEDAVG | Sparsity=OFF (UsedSparsity=0) | Clusters=OFF (UsedClusters=0) | EnvSparsityCfg={'Conv': 0.6, 'Linear': 0.6, 'Bias': 0.0, 'BatchNorm': 0.0} | EnvNClusters=3
[2026-01-24 12:03:50,316] [INFO] [TRAIN] Epoch 2 Loss: 0.9306
[2026-01-24 12:04:42,727] [INFO] Model initialized on device: cuda:0
[2026-01-24 12:04:42,727] [INFO] [CLIENT INIT] Mode=FEDAVG | Sparsity=OFF (UsedSparsity=0) | Clusters=OFF (UsedClusters=0) | EnvSparsityCfg={'Conv': 0.6, 'Linear': 0.6, 'Bias': 0.0, 'BatchNorm': 0.0} | EnvNClusters=3
[2026-01-24 12:04:42,831] [INFO] Model initialized on device: cuda:0
[2026-01-24 12:04:42,831] [INFO] [CLIENT INIT] Mode=FEDAVG | Sparsity=OFF (UsedSparsity=0) | Clusters=OFF (UsedClusters=0) | EnvSparsityCfg={'Conv': 0.6, 'Linear': 0.6, 'Bias': 0.0, 'BatchNorm': 0.0} | EnvNClusters=3
[2026-01-24 12:04:42,835] [INFO] Model initialized on device: cuda:0
[2026-01-24 12:04:42,836] [INFO] [CLIENT INIT] Mode=FEDAVG | Sparsity=OFF (UsedSparsity=0) | Clusters=OFF (UsedClusters=0) | EnvSparsityCfg={'Conv': 0.6, 'Linear': 0.6, 'Bias': 0.0, 'BatchNorm': 0.0} | EnvNClusters=3
[2026-01-24 12:04:42,944] [INFO] Model initialized on device: cuda:0
[2026-01-24 12:04:42,944] [INFO] Model initialized on device: cuda:0
[2026-01-24 12:04:42,944] [INFO] [CLIENT INIT] Mode=FEDAVG | Sparsity=OFF (UsedSparsity=0) | Clusters=OFF (UsedClusters=0) | EnvSparsityCfg={'Conv': 0.6, 'Linear': 0.6, 'Bias': 0.0, 'BatchNorm': 0.0} | EnvNClusters=3
[2026-01-24 12:04:42,944] [INFO] [CLIENT INIT] Mode=FEDAVG | Sparsity=OFF (UsedSparsity=0) | Clusters=OFF (UsedClusters=0) | EnvSparsityCfg={'Conv': 0.6, 'Linear': 0.6, 'Bias': 0.0, 'BatchNorm': 0.0} | EnvNClusters=3
[2026-01-24 12:04:42,944] [INFO] Model initialized on device: cuda:0
[2026-01-24 12:04:42,944] [INFO] [CLIENT INIT] Mode=FEDAVG | Sparsity=OFF (UsedSparsity=0) | Clusters=OFF (UsedClusters=0) | EnvSparsityCfg={'Conv': 0.6, 'Linear': 0.6, 'Bias': 0.0, 'BatchNorm': 0.0} | EnvNClusters=3
[2026-01-24 12:04:43,138] [INFO] Model initialized on device: cuda:0
[2026-01-24 12:04:43,138] [INFO] [CLIENT INIT] Mode=FEDAVG | Sparsity=OFF (UsedSparsity=0) | Clusters=OFF (UsedClusters=0) | EnvSparsityCfg={'Conv': 0.6, 'Linear': 0.6, 'Bias': 0.0, 'BatchNorm': 0.0} | EnvNClusters=3
[2026-01-24 12:04:43,310] [INFO] Model initialized on device: cuda:0
[2026-01-24 12:04:43,311] [INFO] [CLIENT INIT] Mode=FEDAVG | Sparsity=OFF (UsedSparsity=0) | Clusters=OFF (UsedClusters=0) | EnvSparsityCfg={'Conv': 0.6, 'Linear': 0.6, 'Bias': 0.0, 'BatchNorm': 0.0} | EnvNClusters=3
[2026-01-24 12:04:43,411] [INFO] Model initialized on device: cuda:0
[2026-01-24 12:04:43,412] [INFO] [CLIENT INIT] Mode=FEDAVG | Sparsity=OFF (UsedSparsity=0) | Clusters=OFF (UsedClusters=0) | EnvSparsityCfg={'Conv': 0.6, 'Linear': 0.6, 'Bias': 0.0, 'BatchNorm': 0.0} | EnvNClusters=3
[2026-01-24 12:04:43,611] [INFO] Model initialized on device: cuda:0
[2026-01-24 12:04:43,612] [INFO] [CLIENT INIT] Mode=FEDAVG | Sparsity=OFF (UsedSparsity=0) | Clusters=OFF (UsedClusters=0) | EnvSparsityCfg={'Conv': 0.6, 'Linear': 0.6, 'Bias': 0.0, 'BatchNorm': 0.0} | EnvNClusters=3
[2026-01-24 12:05:48,364] [INFO] [TRAIN] Epoch 3 Loss: 0.9280
[2026-01-24 12:06:45,132] [INFO] Model initialized on device: cuda:0
[2026-01-24 12:06:45,132] [INFO] [CLIENT INIT] Mode=FEDAVG | Sparsity=OFF (UsedSparsity=0) | Clusters=OFF (UsedClusters=0) | EnvSparsityCfg={'Conv': 0.6, 'Linear': 0.6, 'Bias': 0.0, 'BatchNorm': 0.0} | EnvNClusters=3
[2026-01-24 12:06:45,231] [INFO] Model initialized on device: cuda:0
[2026-01-24 12:06:45,231] [INFO] [CLIENT INIT] Mode=FEDAVG | Sparsity=OFF (UsedSparsity=0) | Clusters=OFF (UsedClusters=0) | EnvSparsityCfg={'Conv': 0.6, 'Linear': 0.6, 'Bias': 0.0, 'BatchNorm': 0.0} | EnvNClusters=3
[2026-01-24 12:06:45,329] [INFO] Model initialized on device: cuda:0
[2026-01-24 12:06:45,330] [INFO] [CLIENT INIT] Mode=FEDAVG | Sparsity=OFF (UsedSparsity=0) | Clusters=OFF (UsedClusters=0) | EnvSparsityCfg={'Conv': 0.6, 'Linear': 0.6, 'Bias': 0.0, 'BatchNorm': 0.0} | EnvNClusters=3
[2026-01-24 12:06:45,408] [INFO] Model initialized on device: cuda:0
[2026-01-24 12:06:45,408] [INFO] [CLIENT INIT] Mode=FEDAVG | Sparsity=OFF (UsedSparsity=0) | Clusters=OFF (UsedClusters=0) | EnvSparsityCfg={'Conv': 0.6, 'Linear': 0.6, 'Bias': 0.0, 'BatchNorm': 0.0} | EnvNClusters=3
[2026-01-24 12:06:45,728] [INFO] Model initialized on device: cuda:0
[2026-01-24 12:06:45,728] [INFO] [CLIENT INIT] Mode=FEDAVG | Sparsity=OFF (UsedSparsity=0) | Clusters=OFF (UsedClusters=0) | EnvSparsityCfg={'Conv': 0.6, 'Linear': 0.6, 'Bias': 0.0, 'BatchNorm': 0.0} | EnvNClusters=3
[2026-01-24 12:06:45,735] [INFO] Model initialized on device: cuda:0
[2026-01-24 12:06:45,735] [INFO] [CLIENT INIT] Mode=FEDAVG | Sparsity=OFF (UsedSparsity=0) | Clusters=OFF (UsedClusters=0) | EnvSparsityCfg={'Conv': 0.6, 'Linear': 0.6, 'Bias': 0.0, 'BatchNorm': 0.0} | EnvNClusters=3
[2026-01-24 12:06:45,813] [INFO] Model initialized on device: cuda:0
[2026-01-24 12:06:45,813] [INFO] [CLIENT INIT] Mode=FEDAVG | Sparsity=OFF (UsedSparsity=0) | Clusters=OFF (UsedClusters=0) | EnvSparsityCfg={'Conv': 0.6, 'Linear': 0.6, 'Bias': 0.0, 'BatchNorm': 0.0} | EnvNClusters=3
[2026-01-24 12:06:45,911] [INFO] Model initialized on device: cuda:0
[2026-01-24 12:06:45,911] [INFO] [CLIENT INIT] Mode=FEDAVG | Sparsity=OFF (UsedSparsity=0) | Clusters=OFF (UsedClusters=0) | EnvSparsityCfg={'Conv': 0.6, 'Linear': 0.6, 'Bias': 0.0, 'BatchNorm': 0.0} | EnvNClusters=3
[2026-01-24 12:06:45,913] [INFO] Model initialized on device: cuda:0
[2026-01-24 12:06:45,913] [INFO] [CLIENT INIT] Mode=FEDAVG | Sparsity=OFF (UsedSparsity=0) | Clusters=OFF (UsedClusters=0) | EnvSparsityCfg={'Conv': 0.6, 'Linear': 0.6, 'Bias': 0.0, 'BatchNorm': 0.0} | EnvNClusters=3
[2026-01-24 12:06:45,915] [INFO] Model initialized on device: cuda:0
[2026-01-24 12:06:45,915] [INFO] [CLIENT INIT] Mode=FEDAVG | Sparsity=OFF (UsedSparsity=0) | Clusters=OFF (UsedClusters=0) | EnvSparsityCfg={'Conv': 0.6, 'Linear': 0.6, 'Bias': 0.0, 'BatchNorm': 0.0} | EnvNClusters=3
[2026-01-24 12:07:46,852] [INFO] [TRAIN] Epoch 4 Loss: 0.9254
[2026-01-24 12:08:40,642] [INFO] Model initialized on device: cuda:0
[2026-01-24 12:08:40,642] [INFO] [CLIENT INIT] Mode=FEDAVG | Sparsity=OFF (UsedSparsity=0) | Clusters=OFF (UsedClusters=0) | EnvSparsityCfg={'Conv': 0.6, 'Linear': 0.6, 'Bias': 0.0, 'BatchNorm': 0.0} | EnvNClusters=3
[2026-01-24 12:08:40,751] [INFO] Model initialized on device: cuda:0
[2026-01-24 12:08:40,751] [INFO] [CLIENT INIT] Mode=FEDAVG | Sparsity=OFF (UsedSparsity=0) | Clusters=OFF (UsedClusters=0) | EnvSparsityCfg={'Conv': 0.6, 'Linear': 0.6, 'Bias': 0.0, 'BatchNorm': 0.0} | EnvNClusters=3
[2026-01-24 12:08:40,808] [INFO] Model initialized on device: cuda:0
[2026-01-24 12:08:40,808] [INFO] [CLIENT INIT] Mode=FEDAVG | Sparsity=OFF (UsedSparsity=0) | Clusters=OFF (UsedClusters=0) | EnvSparsityCfg={'Conv': 0.6, 'Linear': 0.6, 'Bias': 0.0, 'BatchNorm': 0.0} | EnvNClusters=3
[2026-01-24 12:08:40,845] [INFO] Model initialized on device: cuda:0
[2026-01-24 12:08:40,846] [INFO] [CLIENT INIT] Mode=FEDAVG | Sparsity=OFF (UsedSparsity=0) | Clusters=OFF (UsedClusters=0) | EnvSparsityCfg={'Conv': 0.6, 'Linear': 0.6, 'Bias': 0.0, 'BatchNorm': 0.0} | EnvNClusters=3
[2026-01-24 12:08:40,846] [INFO] Model initialized on device: cuda:0
[2026-01-24 12:08:40,846] [INFO] [CLIENT INIT] Mode=FEDAVG | Sparsity=OFF (UsedSparsity=0) | Clusters=OFF (UsedClusters=0) | EnvSparsityCfg={'Conv': 0.6, 'Linear': 0.6, 'Bias': 0.0, 'BatchNorm': 0.0} | EnvNClusters=3
[2026-01-24 12:08:40,846] [INFO] Model initialized on device: cuda:0
[2026-01-24 12:08:40,846] [INFO] [CLIENT INIT] Mode=FEDAVG | Sparsity=OFF (UsedSparsity=0) | Clusters=OFF (UsedClusters=0) | EnvSparsityCfg={'Conv': 0.6, 'Linear': 0.6, 'Bias': 0.0, 'BatchNorm': 0.0} | EnvNClusters=3
[2026-01-24 12:08:41,118] [INFO] Model initialized on device: cuda:0
[2026-01-24 12:08:41,118] [INFO] [CLIENT INIT] Mode=FEDAVG | Sparsity=OFF (UsedSparsity=0) | Clusters=OFF (UsedClusters=0) | EnvSparsityCfg={'Conv': 0.6, 'Linear': 0.6, 'Bias': 0.0, 'BatchNorm': 0.0} | EnvNClusters=3
[2026-01-24 12:08:41,122] [INFO] Model initialized on device: cuda:0
[2026-01-24 12:08:41,123] [INFO] [CLIENT INIT] Mode=FEDAVG | Sparsity=OFF (UsedSparsity=0) | Clusters=OFF (UsedClusters=0) | EnvSparsityCfg={'Conv': 0.6, 'Linear': 0.6, 'Bias': 0.0, 'BatchNorm': 0.0} | EnvNClusters=3
[2026-01-24 12:08:41,244] [INFO] Model initialized on device: cuda:0
[2026-01-24 12:08:41,245] [INFO] [CLIENT INIT] Mode=FEDAVG | Sparsity=OFF (UsedSparsity=0) | Clusters=OFF (UsedClusters=0) | EnvSparsityCfg={'Conv': 0.6, 'Linear': 0.6, 'Bias': 0.0, 'BatchNorm': 0.0} | EnvNClusters=3
[2026-01-24 12:08:41,332] [INFO] Model initialized on device: cuda:0
[2026-01-24 12:08:41,332] [INFO] [CLIENT INIT] Mode=FEDAVG | Sparsity=OFF (UsedSparsity=0) | Clusters=OFF (UsedClusters=0) | EnvSparsityCfg={'Conv': 0.6, 'Linear': 0.6, 'Bias': 0.0, 'BatchNorm': 0.0} | EnvNClusters=3
[2026-01-24 12:09:47,362] [INFO] [TRAIN] Epoch 5 Loss: 0.9225
[2026-01-24 12:09:47,363] [INFO] [FIT] Local training finished. Avg Loss: 0.9279
[2026-01-24 12:10:49,870] [INFO] Model initialized on device: cuda:0
[2026-01-24 12:10:49,871] [INFO] [CLIENT INIT] Mode=FEDAVG | Sparsity=OFF (UsedSparsity=0) | Clusters=OFF (UsedClusters=0) | EnvSparsityCfg={'Conv': 0.6, 'Linear': 0.6, 'Bias': 0.0, 'BatchNorm': 0.0} | EnvNClusters=3
[2026-01-24 12:10:49,922] [INFO] Model initialized on device: cuda:0
[2026-01-24 12:10:49,922] [INFO] [CLIENT INIT] Mode=FEDAVG | Sparsity=OFF (UsedSparsity=0) | Clusters=OFF (UsedClusters=0) | EnvSparsityCfg={'Conv': 0.6, 'Linear': 0.6, 'Bias': 0.0, 'BatchNorm': 0.0} | EnvNClusters=3
[2026-01-24 12:10:49,922] [INFO] Model initialized on device: cuda:0
[2026-01-24 12:10:49,922] [INFO] [CLIENT INIT] Mode=FEDAVG | Sparsity=OFF (UsedSparsity=0) | Clusters=OFF (UsedClusters=0) | EnvSparsityCfg={'Conv': 0.6, 'Linear': 0.6, 'Bias': 0.0, 'BatchNorm': 0.0} | EnvNClusters=3
[2026-01-24 12:10:50,120] [INFO] Model initialized on device: cuda:0
[2026-01-24 12:10:50,120] [INFO] [CLIENT INIT] Mode=FEDAVG | Sparsity=OFF (UsedSparsity=0) | Clusters=OFF (UsedClusters=0) | EnvSparsityCfg={'Conv': 0.6, 'Linear': 0.6, 'Bias': 0.0, 'BatchNorm': 0.0} | EnvNClusters=3
[2026-01-24 12:10:50,239] [INFO] Model initialized on device: cuda:0
[2026-01-24 12:10:50,240] [INFO] [CLIENT INIT] Mode=FEDAVG | Sparsity=OFF (UsedSparsity=0) | Clusters=OFF (UsedClusters=0) | EnvSparsityCfg={'Conv': 0.6, 'Linear': 0.6, 'Bias': 0.0, 'BatchNorm': 0.0} | EnvNClusters=3
[2026-01-24 12:10:50,543] [INFO] Model initialized on device: cuda:0
[2026-01-24 12:10:50,543] [INFO] [CLIENT INIT] Mode=FEDAVG | Sparsity=OFF (UsedSparsity=0) | Clusters=OFF (UsedClusters=0) | EnvSparsityCfg={'Conv': 0.6, 'Linear': 0.6, 'Bias': 0.0, 'BatchNorm': 0.0} | EnvNClusters=3
[2026-01-24 12:10:50,763] [INFO] Model initialized on device: cuda:0
[2026-01-24 12:10:50,763] [INFO] [CLIENT INIT] Mode=FEDAVG | Sparsity=OFF (UsedSparsity=0) | Clusters=OFF (UsedClusters=0) | EnvSparsityCfg={'Conv': 0.6, 'Linear': 0.6, 'Bias': 0.0, 'BatchNorm': 0.0} | EnvNClusters=3
[2026-01-24 12:10:51,948] [INFO] Model initialized on device: cuda:0
[2026-01-24 12:10:51,948] [INFO] [CLIENT INIT] Mode=FEDAVG | Sparsity=OFF (UsedSparsity=0) | Clusters=OFF (UsedClusters=0) | EnvSparsityCfg={'Conv': 0.6, 'Linear': 0.6, 'Bias': 0.0, 'BatchNorm': 0.0} | EnvNClusters=3
[2026-01-24 12:10:52,319] [INFO] Model initialized on device: cuda:0
[2026-01-24 12:10:52,320] [INFO] [CLIENT INIT] Mode=FEDAVG | Sparsity=OFF (UsedSparsity=0) | Clusters=OFF (UsedClusters=0) | EnvSparsityCfg={'Conv': 0.6, 'Linear': 0.6, 'Bias': 0.0, 'BatchNorm': 0.0} | EnvNClusters=3
[2026-01-24 12:10:54,227] [INFO] Model initialized on device: cuda:0
[2026-01-24 12:10:54,227] [INFO] [CLIENT INIT] Mode=FEDAVG | Sparsity=OFF (UsedSparsity=0) | Clusters=OFF (UsedClusters=0) | EnvSparsityCfg={'Conv': 0.6, 'Linear': 0.6, 'Bias': 0.0, 'BatchNorm': 0.0} | EnvNClusters=3
[2026-01-24 12:10:56,679] [DEBUG] [TEST] Batch 1 | Pred shape: torch.Size([256, 256, 160]) | Label shape: torch.Size([256, 256, 160])
[2026-01-24 12:10:56,860] [DEBUG] [TEST] Batch 2 | Pred shape: torch.Size([256, 256, 160]) | Label shape: torch.Size([256, 256, 160])
[2026-01-24 12:10:57,007] [DEBUG] [TEST] Batch 3 | Pred shape: torch.Size([256, 256, 160]) | Label shape: torch.Size([256, 256, 160])
[2026-01-24 12:10:57,174] [DEBUG] [TEST] Batch 4 | Pred shape: torch.Size([256, 256, 160]) | Label shape: torch.Size([256, 256, 160])
[2026-01-24 12:10:57,301] [DEBUG] [TEST] Batch 5 | Pred shape: torch.Size([256, 256, 160]) | Label shape: torch.Size([256, 256, 160])
[2026-01-24 12:10:57,358] [DEBUG] [TEST] Batch 6 | Pred shape: torch.Size([256, 256, 160]) | Label shape: torch.Size([256, 256, 160])
[2026-01-24 12:10:57,414] [DEBUG] [TEST] Batch 7 | Pred shape: torch.Size([256, 256, 160]) | Label shape: torch.Size([256, 256, 160])
[2026-01-24 12:10:57,610] [DEBUG] [TEST] Batch 8 | Pred shape: torch.Size([256, 256, 160]) | Label shape: torch.Size([256, 256, 160])
[2026-01-24 12:10:57,722] [DEBUG] [TEST] Batch 9 | Pred shape: torch.Size([256, 256, 160]) | Label shape: torch.Size([256, 256, 160])
[2026-01-24 12:10:57,843] [DEBUG] [TEST] Batch 10 | Pred shape: torch.Size([256, 256, 160]) | Label shape: torch.Size([256, 256, 160])
[2026-01-24 12:11:04,791] [INFO] [FIT] Final model saved to: Revision2/Run_UNET_IID_Fedavg_20260124/Client4/model_final.pth
[2026-01-24 12:11:04,800] [INFO] [COMM][CLIENT] Round=-1 Mode=FEDAVG UsedSparsity=0 UsedClusters=0 BaselineBits=154016352.0 CompressedBits=154016352.0 CR=1.000
[2026-01-24 12:11:25,711] [INFO] [EVALUATE] Starting evaluation...
[2026-01-24 12:11:28,929] [INFO] [DEBUG] Loaded uncompressed weights.
[2026-01-24 12:12:38,534] [INFO] Model initialized on device: cuda:0
[2026-01-24 12:12:38,535] [INFO] [CLIENT INIT] Mode=FEDAVG | Sparsity=OFF (UsedSparsity=0) | Clusters=OFF (UsedClusters=0) | EnvSparsityCfg={'Conv': 0.6, 'Linear': 0.6, 'Bias': 0.0, 'BatchNorm': 0.0} | EnvNClusters=3
[2026-01-24 12:12:39,011] [INFO] Model initialized on device: cuda:0
[2026-01-24 12:12:39,012] [INFO] [CLIENT INIT] Mode=FEDAVG | Sparsity=OFF (UsedSparsity=0) | Clusters=OFF (UsedClusters=0) | EnvSparsityCfg={'Conv': 0.6, 'Linear': 0.6, 'Bias': 0.0, 'BatchNorm': 0.0} | EnvNClusters=3
[2026-01-24 12:12:39,012] [INFO] Model initialized on device: cuda:0
[2026-01-24 12:12:39,012] [INFO] [CLIENT INIT] Mode=FEDAVG | Sparsity=OFF (UsedSparsity=0) | Clusters=OFF (UsedClusters=0) | EnvSparsityCfg={'Conv': 0.6, 'Linear': 0.6, 'Bias': 0.0, 'BatchNorm': 0.0} | EnvNClusters=3
[2026-01-24 12:12:39,014] [INFO] Model initialized on device: cuda:0
[2026-01-24 12:12:39,014] [INFO] [CLIENT INIT] Mode=FEDAVG | Sparsity=OFF (UsedSparsity=0) | Clusters=OFF (UsedClusters=0) | EnvSparsityCfg={'Conv': 0.6, 'Linear': 0.6, 'Bias': 0.0, 'BatchNorm': 0.0} | EnvNClusters=3
[2026-01-24 12:12:39,112] [INFO] Model initialized on device: cuda:0
[2026-01-24 12:12:39,112] [INFO] [CLIENT INIT] Mode=FEDAVG | Sparsity=OFF (UsedSparsity=0) | Clusters=OFF (UsedClusters=0) | EnvSparsityCfg={'Conv': 0.6, 'Linear': 0.6, 'Bias': 0.0, 'BatchNorm': 0.0} | EnvNClusters=3
[2026-01-24 12:12:39,138] [INFO] Model initialized on device: cuda:0
[2026-01-24 12:12:39,138] [INFO] [CLIENT INIT] Mode=FEDAVG | Sparsity=OFF (UsedSparsity=0) | Clusters=OFF (UsedClusters=0) | EnvSparsityCfg={'Conv': 0.6, 'Linear': 0.6, 'Bias': 0.0, 'BatchNorm': 0.0} | EnvNClusters=3
[2026-01-24 12:12:39,226] [INFO] Model initialized on device: cuda:0
[2026-01-24 12:12:39,227] [INFO] [CLIENT INIT] Mode=FEDAVG | Sparsity=OFF (UsedSparsity=0) | Clusters=OFF (UsedClusters=0) | EnvSparsityCfg={'Conv': 0.6, 'Linear': 0.6, 'Bias': 0.0, 'BatchNorm': 0.0} | EnvNClusters=3
[2026-01-24 12:12:39,237] [INFO] Model initialized on device: cuda:0
[2026-01-24 12:12:39,237] [INFO] [CLIENT INIT] Mode=FEDAVG | Sparsity=OFF (UsedSparsity=0) | Clusters=OFF (UsedClusters=0) | EnvSparsityCfg={'Conv': 0.6, 'Linear': 0.6, 'Bias': 0.0, 'BatchNorm': 0.0} | EnvNClusters=3
[2026-01-24 12:12:39,238] [INFO] Model initialized on device: cuda:0
[2026-01-24 12:12:39,238] [INFO] [CLIENT INIT] Mode=FEDAVG | Sparsity=OFF (UsedSparsity=0) | Clusters=OFF (UsedClusters=0) | EnvSparsityCfg={'Conv': 0.6, 'Linear': 0.6, 'Bias': 0.0, 'BatchNorm': 0.0} | EnvNClusters=3
[2026-01-24 12:12:39,341] [INFO] Model initialized on device: cuda:0
[2026-01-24 12:12:39,341] [INFO] [CLIENT INIT] Mode=FEDAVG | Sparsity=OFF (UsedSparsity=0) | Clusters=OFF (UsedClusters=0) | EnvSparsityCfg={'Conv': 0.6, 'Linear': 0.6, 'Bias': 0.0, 'BatchNorm': 0.0} | EnvNClusters=3
[2026-01-24 12:12:45,757] [DEBUG] [TEST] Batch 1 | Pred shape: torch.Size([256, 256, 160]) | Label shape: torch.Size([256, 256, 160])
[2026-01-24 12:12:46,432] [DEBUG] [TEST] Batch 2 | Pred shape: torch.Size([256, 256, 160]) | Label shape: torch.Size([256, 256, 160])
[2026-01-24 12:12:46,663] [DEBUG] [TEST] Batch 3 | Pred shape: torch.Size([256, 256, 160]) | Label shape: torch.Size([256, 256, 160])
[2026-01-24 12:12:46,900] [DEBUG] [TEST] Batch 4 | Pred shape: torch.Size([256, 256, 160]) | Label shape: torch.Size([256, 256, 160])
[2026-01-24 12:12:47,138] [DEBUG] [TEST] Batch 5 | Pred shape: torch.Size([256, 256, 160]) | Label shape: torch.Size([256, 256, 160])
[2026-01-24 12:12:47,375] [DEBUG] [TEST] Batch 6 | Pred shape: torch.Size([256, 256, 160]) | Label shape: torch.Size([256, 256, 160])
[2026-01-24 12:12:47,612] [DEBUG] [TEST] Batch 7 | Pred shape: torch.Size([256, 256, 160]) | Label shape: torch.Size([256, 256, 160])
[2026-01-24 12:12:47,737] [DEBUG] [TEST] Batch 8 | Pred shape: torch.Size([256, 256, 160]) | Label shape: torch.Size([256, 256, 160])
[2026-01-24 12:12:47,813] [DEBUG] [TEST] Batch 9 | Pred shape: torch.Size([256, 256, 160]) | Label shape: torch.Size([256, 256, 160])
[2026-01-24 12:12:47,915] [DEBUG] [TEST] Batch 10 | Pred shape: torch.Size([256, 256, 160]) | Label shape: torch.Size([256, 256, 160])
[2026-01-24 12:12:56,086] [INFO] [EVALUATE] Dice WT: 0.2501
[2026-01-24 12:12:58,821] [INFO] [FIT] Received parameters. Starting local training...
[2026-01-24 12:13:00,916] [INFO] [DEBUG] Loaded uncompressed weights.
[2026-01-24 12:14:07,627] [INFO] Model initialized on device: cuda:0
[2026-01-24 12:14:07,627] [INFO] [CLIENT INIT] Mode=FEDAVG | Sparsity=OFF (UsedSparsity=0) | Clusters=OFF (UsedClusters=0) | EnvSparsityCfg={'Conv': 0.6, 'Linear': 0.6, 'Bias': 0.0, 'BatchNorm': 0.0} | EnvNClusters=3
[2026-01-24 12:14:08,082] [INFO] Model initialized on device: cuda:0
[2026-01-24 12:14:08,082] [INFO] [CLIENT INIT] Mode=FEDAVG | Sparsity=OFF (UsedSparsity=0) | Clusters=OFF (UsedClusters=0) | EnvSparsityCfg={'Conv': 0.6, 'Linear': 0.6, 'Bias': 0.0, 'BatchNorm': 0.0} | EnvNClusters=3
[2026-01-24 12:14:08,093] [INFO] Model initialized on device: cuda:0
[2026-01-24 12:14:08,093] [INFO] [CLIENT INIT] Mode=FEDAVG | Sparsity=OFF (UsedSparsity=0) | Clusters=OFF (UsedClusters=0) | EnvSparsityCfg={'Conv': 0.6, 'Linear': 0.6, 'Bias': 0.0, 'BatchNorm': 0.0} | EnvNClusters=3
[2026-01-24 12:14:08,921] [INFO] Model initialized on device: cuda:0
[2026-01-24 12:14:08,921] [INFO] [CLIENT INIT] Mode=FEDAVG | Sparsity=OFF (UsedSparsity=0) | Clusters=OFF (UsedClusters=0) | EnvSparsityCfg={'Conv': 0.6, 'Linear': 0.6, 'Bias': 0.0, 'BatchNorm': 0.0} | EnvNClusters=3
[2026-01-24 12:14:09,210] [INFO] Model initialized on device: cuda:0
[2026-01-24 12:14:09,210] [INFO] [CLIENT INIT] Mode=FEDAVG | Sparsity=OFF (UsedSparsity=0) | Clusters=OFF (UsedClusters=0) | EnvSparsityCfg={'Conv': 0.6, 'Linear': 0.6, 'Bias': 0.0, 'BatchNorm': 0.0} | EnvNClusters=3
[2026-01-24 12:14:09,325] [INFO] Model initialized on device: cuda:0
[2026-01-24 12:14:09,325] [INFO] [CLIENT INIT] Mode=FEDAVG | Sparsity=OFF (UsedSparsity=0) | Clusters=OFF (UsedClusters=0) | EnvSparsityCfg={'Conv': 0.6, 'Linear': 0.6, 'Bias': 0.0, 'BatchNorm': 0.0} | EnvNClusters=3
[2026-01-24 12:14:09,422] [INFO] Model initialized on device: cuda:0
[2026-01-24 12:14:09,422] [INFO] [CLIENT INIT] Mode=FEDAVG | Sparsity=OFF (UsedSparsity=0) | Clusters=OFF (UsedClusters=0) | EnvSparsityCfg={'Conv': 0.6, 'Linear': 0.6, 'Bias': 0.0, 'BatchNorm': 0.0} | EnvNClusters=3
[2026-01-24 12:14:09,513] [INFO] Model initialized on device: cuda:0
[2026-01-24 12:14:09,513] [INFO] [CLIENT INIT] Mode=FEDAVG | Sparsity=OFF (UsedSparsity=0) | Clusters=OFF (UsedClusters=0) | EnvSparsityCfg={'Conv': 0.6, 'Linear': 0.6, 'Bias': 0.0, 'BatchNorm': 0.0} | EnvNClusters=3
[2026-01-24 12:14:09,514] [INFO] Model initialized on device: cuda:0
[2026-01-24 12:14:09,514] [INFO] [CLIENT INIT] Mode=FEDAVG | Sparsity=OFF (UsedSparsity=0) | Clusters=OFF (UsedClusters=0) | EnvSparsityCfg={'Conv': 0.6, 'Linear': 0.6, 'Bias': 0.0, 'BatchNorm': 0.0} | EnvNClusters=3
[2026-01-24 12:14:09,516] [INFO] Model initialized on device: cuda:0
[2026-01-24 12:14:09,516] [INFO] [CLIENT INIT] Mode=FEDAVG | Sparsity=OFF (UsedSparsity=0) | Clusters=OFF (UsedClusters=0) | EnvSparsityCfg={'Conv': 0.6, 'Linear': 0.6, 'Bias': 0.0, 'BatchNorm': 0.0} | EnvNClusters=3
[2026-01-24 12:15:18,910] [INFO] [TRAIN] Epoch 1 Loss: 0.9198
[2026-01-24 12:16:13,111] [INFO] Model initialized on device: cuda:0
[2026-01-24 12:16:13,111] [INFO] [CLIENT INIT] Mode=FEDAVG | Sparsity=OFF (UsedSparsity=0) | Clusters=OFF (UsedClusters=0) | EnvSparsityCfg={'Conv': 0.6, 'Linear': 0.6, 'Bias': 0.0, 'BatchNorm': 0.0} | EnvNClusters=3
[2026-01-24 12:16:13,419] [INFO] Model initialized on device: cuda:0
[2026-01-24 12:16:13,419] [INFO] [CLIENT INIT] Mode=FEDAVG | Sparsity=OFF (UsedSparsity=0) | Clusters=OFF (UsedClusters=0) | EnvSparsityCfg={'Conv': 0.6, 'Linear': 0.6, 'Bias': 0.0, 'BatchNorm': 0.0} | EnvNClusters=3
[2026-01-24 12:16:13,424] [INFO] Model initialized on device: cuda:0
[2026-01-24 12:16:13,424] [INFO] [CLIENT INIT] Mode=FEDAVG | Sparsity=OFF (UsedSparsity=0) | Clusters=OFF (UsedClusters=0) | EnvSparsityCfg={'Conv': 0.6, 'Linear': 0.6, 'Bias': 0.0, 'BatchNorm': 0.0} | EnvNClusters=3
[2026-01-24 12:16:13,460] [INFO] Model initialized on device: cuda:0
[2026-01-24 12:16:13,460] [INFO] [CLIENT INIT] Mode=FEDAVG | Sparsity=OFF (UsedSparsity=0) | Clusters=OFF (UsedClusters=0) | EnvSparsityCfg={'Conv': 0.6, 'Linear': 0.6, 'Bias': 0.0, 'BatchNorm': 0.0} | EnvNClusters=3
[2026-01-24 12:16:13,537] [INFO] Model initialized on device: cuda:0
[2026-01-24 12:16:13,537] [INFO] [CLIENT INIT] Mode=FEDAVG | Sparsity=OFF (UsedSparsity=0) | Clusters=OFF (UsedClusters=0) | EnvSparsityCfg={'Conv': 0.6, 'Linear': 0.6, 'Bias': 0.0, 'BatchNorm': 0.0} | EnvNClusters=3
[2026-01-24 12:16:13,631] [INFO] Model initialized on device: cuda:0
[2026-01-24 12:16:13,631] [INFO] [CLIENT INIT] Mode=FEDAVG | Sparsity=OFF (UsedSparsity=0) | Clusters=OFF (UsedClusters=0) | EnvSparsityCfg={'Conv': 0.6, 'Linear': 0.6, 'Bias': 0.0, 'BatchNorm': 0.0} | EnvNClusters=3
[2026-01-24 12:16:13,637] [INFO] Model initialized on device: cuda:0
[2026-01-24 12:16:13,637] [INFO] [CLIENT INIT] Mode=FEDAVG | Sparsity=OFF (UsedSparsity=0) | Clusters=OFF (UsedClusters=0) | EnvSparsityCfg={'Conv': 0.6, 'Linear': 0.6, 'Bias': 0.0, 'BatchNorm': 0.0} | EnvNClusters=3
[2026-01-24 12:16:13,637] [INFO] Model initialized on device: cuda:0
[2026-01-24 12:16:13,637] [INFO] [CLIENT INIT] Mode=FEDAVG | Sparsity=OFF (UsedSparsity=0) | Clusters=OFF (UsedClusters=0) | EnvSparsityCfg={'Conv': 0.6, 'Linear': 0.6, 'Bias': 0.0, 'BatchNorm': 0.0} | EnvNClusters=3
[2026-01-24 12:16:13,712] [INFO] Model initialized on device: cuda:0
[2026-01-24 12:16:13,712] [INFO] [CLIENT INIT] Mode=FEDAVG | Sparsity=OFF (UsedSparsity=0) | Clusters=OFF (UsedClusters=0) | EnvSparsityCfg={'Conv': 0.6, 'Linear': 0.6, 'Bias': 0.0, 'BatchNorm': 0.0} | EnvNClusters=3
[2026-01-24 12:16:13,713] [INFO] Model initialized on device: cuda:0
[2026-01-24 12:16:13,713] [INFO] [CLIENT INIT] Mode=FEDAVG | Sparsity=OFF (UsedSparsity=0) | Clusters=OFF (UsedClusters=0) | EnvSparsityCfg={'Conv': 0.6, 'Linear': 0.6, 'Bias': 0.0, 'BatchNorm': 0.0} | EnvNClusters=3
[2026-01-24 12:17:04,114] [INFO] [TRAIN] Epoch 2 Loss: 0.9162
[2026-01-24 12:17:44,423] [INFO] Model initialized on device: cuda:0
[2026-01-24 12:17:44,423] [INFO] [CLIENT INIT] Mode=FEDAVG | Sparsity=OFF (UsedSparsity=0) | Clusters=OFF (UsedClusters=0) | EnvSparsityCfg={'Conv': 0.6, 'Linear': 0.6, 'Bias': 0.0, 'BatchNorm': 0.0} | EnvNClusters=3
[2026-01-24 12:17:44,827] [INFO] Model initialized on device: cuda:0
[2026-01-24 12:17:44,827] [INFO] [CLIENT INIT] Mode=FEDAVG | Sparsity=OFF (UsedSparsity=0) | Clusters=OFF (UsedClusters=0) | EnvSparsityCfg={'Conv': 0.6, 'Linear': 0.6, 'Bias': 0.0, 'BatchNorm': 0.0} | EnvNClusters=3
[2026-01-24 12:17:44,933] [INFO] Model initialized on device: cuda:0
[2026-01-24 12:17:44,934] [INFO] [CLIENT INIT] Mode=FEDAVG | Sparsity=OFF (UsedSparsity=0) | Clusters=OFF (UsedClusters=0) | EnvSparsityCfg={'Conv': 0.6, 'Linear': 0.6, 'Bias': 0.0, 'BatchNorm': 0.0} | EnvNClusters=3
[2026-01-24 12:17:44,934] [INFO] Model initialized on device: cuda:0
[2026-01-24 12:17:44,935] [INFO] [CLIENT INIT] Mode=FEDAVG | Sparsity=OFF (UsedSparsity=0) | Clusters=OFF (UsedClusters=0) | EnvSparsityCfg={'Conv': 0.6, 'Linear': 0.6, 'Bias': 0.0, 'BatchNorm': 0.0} | EnvNClusters=3
[2026-01-24 12:17:45,015] [INFO] Model initialized on device: cuda:0
[2026-01-24 12:17:45,015] [INFO] [CLIENT INIT] Mode=FEDAVG | Sparsity=OFF (UsedSparsity=0) | Clusters=OFF (UsedClusters=0) | EnvSparsityCfg={'Conv': 0.6, 'Linear': 0.6, 'Bias': 0.0, 'BatchNorm': 0.0} | EnvNClusters=3
[2026-01-24 12:17:45,115] [INFO] Model initialized on device: cuda:0
[2026-01-24 12:17:45,115] [INFO] [CLIENT INIT] Mode=FEDAVG | Sparsity=OFF (UsedSparsity=0) | Clusters=OFF (UsedClusters=0) | EnvSparsityCfg={'Conv': 0.6, 'Linear': 0.6, 'Bias': 0.0, 'BatchNorm': 0.0} | EnvNClusters=3
[2026-01-24 12:17:45,147] [INFO] Model initialized on device: cuda:0
[2026-01-24 12:17:45,147] [INFO] [CLIENT INIT] Mode=FEDAVG | Sparsity=OFF (UsedSparsity=0) | Clusters=OFF (UsedClusters=0) | EnvSparsityCfg={'Conv': 0.6, 'Linear': 0.6, 'Bias': 0.0, 'BatchNorm': 0.0} | EnvNClusters=3
[2026-01-24 12:17:45,208] [INFO] Model initialized on device: cuda:0
[2026-01-24 12:17:45,208] [INFO] [CLIENT INIT] Mode=FEDAVG | Sparsity=OFF (UsedSparsity=0) | Clusters=OFF (UsedClusters=0) | EnvSparsityCfg={'Conv': 0.6, 'Linear': 0.6, 'Bias': 0.0, 'BatchNorm': 0.0} | EnvNClusters=3
[2026-01-24 12:17:45,219] [INFO] Model initialized on device: cuda:0
[2026-01-24 12:17:45,219] [INFO] [CLIENT INIT] Mode=FEDAVG | Sparsity=OFF (UsedSparsity=0) | Clusters=OFF (UsedClusters=0) | EnvSparsityCfg={'Conv': 0.6, 'Linear': 0.6, 'Bias': 0.0, 'BatchNorm': 0.0} | EnvNClusters=3
[2026-01-24 12:17:45,219] [INFO] Model initialized on device: cuda:0
[2026-01-24 12:17:45,219] [INFO] [CLIENT INIT] Mode=FEDAVG | Sparsity=OFF (UsedSparsity=0) | Clusters=OFF (UsedClusters=0) | EnvSparsityCfg={'Conv': 0.6, 'Linear': 0.6, 'Bias': 0.0, 'BatchNorm': 0.0} | EnvNClusters=3
[2026-01-24 12:18:36,507] [INFO] [TRAIN] Epoch 3 Loss: 0.9129
[2026-01-24 12:19:20,942] [INFO] Model initialized on device: cuda:0
[2026-01-24 12:19:20,942] [INFO] [CLIENT INIT] Mode=FEDAVG | Sparsity=OFF (UsedSparsity=0) | Clusters=OFF (UsedClusters=0) | EnvSparsityCfg={'Conv': 0.6, 'Linear': 0.6, 'Bias': 0.0, 'BatchNorm': 0.0} | EnvNClusters=3
[2026-01-24 12:19:21,831] [INFO] Model initialized on device: cuda:0
[2026-01-24 12:19:21,831] [INFO] [CLIENT INIT] Mode=FEDAVG | Sparsity=OFF (UsedSparsity=0) | Clusters=OFF (UsedClusters=0) | EnvSparsityCfg={'Conv': 0.6, 'Linear': 0.6, 'Bias': 0.0, 'BatchNorm': 0.0} | EnvNClusters=3
[2026-01-24 12:19:21,910] [INFO] Model initialized on device: cuda:0
[2026-01-24 12:19:21,910] [INFO] [CLIENT INIT] Mode=FEDAVG | Sparsity=OFF (UsedSparsity=0) | Clusters=OFF (UsedClusters=0) | EnvSparsityCfg={'Conv': 0.6, 'Linear': 0.6, 'Bias': 0.0, 'BatchNorm': 0.0} | EnvNClusters=3
[2026-01-24 12:19:22,408] [INFO] Model initialized on device: cuda:0
[2026-01-24 12:19:22,408] [INFO] [CLIENT INIT] Mode=FEDAVG | Sparsity=OFF (UsedSparsity=0) | Clusters=OFF (UsedClusters=0) | EnvSparsityCfg={'Conv': 0.6, 'Linear': 0.6, 'Bias': 0.0, 'BatchNorm': 0.0} | EnvNClusters=3
[2026-01-24 12:19:24,643] [INFO] Model initialized on device: cuda:0
[2026-01-24 12:19:24,643] [INFO] [CLIENT INIT] Mode=FEDAVG | Sparsity=OFF (UsedSparsity=0) | Clusters=OFF (UsedClusters=0) | EnvSparsityCfg={'Conv': 0.6, 'Linear': 0.6, 'Bias': 0.0, 'BatchNorm': 0.0} | EnvNClusters=3
[2026-01-24 12:19:24,712] [INFO] Model initialized on device: cuda:0
[2026-01-24 12:19:24,712] [INFO] [CLIENT INIT] Mode=FEDAVG | Sparsity=OFF (UsedSparsity=0) | Clusters=OFF (UsedClusters=0) | EnvSparsityCfg={'Conv': 0.6, 'Linear': 0.6, 'Bias': 0.0, 'BatchNorm': 0.0} | EnvNClusters=3
[2026-01-24 12:19:24,810] [INFO] Model initialized on device: cuda:0
[2026-01-24 12:19:24,810] [INFO] [CLIENT INIT] Mode=FEDAVG | Sparsity=OFF (UsedSparsity=0) | Clusters=OFF (UsedClusters=0) | EnvSparsityCfg={'Conv': 0.6, 'Linear': 0.6, 'Bias': 0.0, 'BatchNorm': 0.0} | EnvNClusters=3
[2026-01-24 12:19:24,813] [INFO] Model initialized on device: cuda:0
[2026-01-24 12:19:24,813] [INFO] Model initialized on device: cuda:0
[2026-01-24 12:19:24,814] [INFO] [CLIENT INIT] Mode=FEDAVG | Sparsity=OFF (UsedSparsity=0) | Clusters=OFF (UsedClusters=0) | EnvSparsityCfg={'Conv': 0.6, 'Linear': 0.6, 'Bias': 0.0, 'BatchNorm': 0.0} | EnvNClusters=3
[2026-01-24 12:19:24,814] [INFO] [CLIENT INIT] Mode=FEDAVG | Sparsity=OFF (UsedSparsity=0) | Clusters=OFF (UsedClusters=0) | EnvSparsityCfg={'Conv': 0.6, 'Linear': 0.6, 'Bias': 0.0, 'BatchNorm': 0.0} | EnvNClusters=3
[2026-01-24 12:19:24,814] [INFO] Model initialized on device: cuda:0
[2026-01-24 12:19:24,814] [INFO] [CLIENT INIT] Mode=FEDAVG | Sparsity=OFF (UsedSparsity=0) | Clusters=OFF (UsedClusters=0) | EnvSparsityCfg={'Conv': 0.6, 'Linear': 0.6, 'Bias': 0.0, 'BatchNorm': 0.0} | EnvNClusters=3
[2026-01-24 12:20:21,912] [INFO] [TRAIN] Epoch 4 Loss: 0.9090
[2026-01-24 12:20:48,412] [INFO] Model initialized on device: cuda:0
[2026-01-24 12:20:48,413] [INFO] [CLIENT INIT] Mode=FEDAVG | Sparsity=OFF (UsedSparsity=0) | Clusters=OFF (UsedClusters=0) | EnvSparsityCfg={'Conv': 0.6, 'Linear': 0.6, 'Bias': 0.0, 'BatchNorm': 0.0} | EnvNClusters=3
[2026-01-24 12:20:50,735] [INFO] Model initialized on device: cuda:0
[2026-01-24 12:20:50,735] [INFO] [CLIENT INIT] Mode=FEDAVG | Sparsity=OFF (UsedSparsity=0) | Clusters=OFF (UsedClusters=0) | EnvSparsityCfg={'Conv': 0.6, 'Linear': 0.6, 'Bias': 0.0, 'BatchNorm': 0.0} | EnvNClusters=3
[2026-01-24 12:20:54,735] [INFO] Model initialized on device: cuda:0
[2026-01-24 12:20:54,735] [INFO] [CLIENT INIT] Mode=FEDAVG | Sparsity=OFF (UsedSparsity=0) | Clusters=OFF (UsedClusters=0) | EnvSparsityCfg={'Conv': 0.6, 'Linear': 0.6, 'Bias': 0.0, 'BatchNorm': 0.0} | EnvNClusters=3
[2026-01-24 12:20:58,540] [INFO] Model initialized on device: cuda:0
[2026-01-24 12:20:58,540] [INFO] [CLIENT INIT] Mode=FEDAVG | Sparsity=OFF (UsedSparsity=0) | Clusters=OFF (UsedClusters=0) | EnvSparsityCfg={'Conv': 0.6, 'Linear': 0.6, 'Bias': 0.0, 'BatchNorm': 0.0} | EnvNClusters=3
[2026-01-24 12:20:58,542] [INFO] Model initialized on device: cuda:0
[2026-01-24 12:20:58,543] [INFO] [CLIENT INIT] Mode=FEDAVG | Sparsity=OFF (UsedSparsity=0) | Clusters=OFF (UsedClusters=0) | EnvSparsityCfg={'Conv': 0.6, 'Linear': 0.6, 'Bias': 0.0, 'BatchNorm': 0.0} | EnvNClusters=3
[2026-01-24 12:20:59,316] [INFO] Model initialized on device: cuda:0
[2026-01-24 12:20:59,316] [INFO] [CLIENT INIT] Mode=FEDAVG | Sparsity=OFF (UsedSparsity=0) | Clusters=OFF (UsedClusters=0) | EnvSparsityCfg={'Conv': 0.6, 'Linear': 0.6, 'Bias': 0.0, 'BatchNorm': 0.0} | EnvNClusters=3
[2026-01-24 12:20:59,317] [INFO] Model initialized on device: cuda:0
[2026-01-24 12:20:59,318] [INFO] [CLIENT INIT] Mode=FEDAVG | Sparsity=OFF (UsedSparsity=0) | Clusters=OFF (UsedClusters=0) | EnvSparsityCfg={'Conv': 0.6, 'Linear': 0.6, 'Bias': 0.0, 'BatchNorm': 0.0} | EnvNClusters=3
[2026-01-24 12:20:59,319] [INFO] Model initialized on device: cuda:0
[2026-01-24 12:20:59,319] [INFO] [CLIENT INIT] Mode=FEDAVG | Sparsity=OFF (UsedSparsity=0) | Clusters=OFF (UsedClusters=0) | EnvSparsityCfg={'Conv': 0.6, 'Linear': 0.6, 'Bias': 0.0, 'BatchNorm': 0.0} | EnvNClusters=3
[2026-01-24 12:20:59,444] [INFO] Model initialized on device: cuda:0
[2026-01-24 12:20:59,444] [INFO] [CLIENT INIT] Mode=FEDAVG | Sparsity=OFF (UsedSparsity=0) | Clusters=OFF (UsedClusters=0) | EnvSparsityCfg={'Conv': 0.6, 'Linear': 0.6, 'Bias': 0.0, 'BatchNorm': 0.0} | EnvNClusters=3
[2026-01-24 12:20:59,609] [INFO] Model initialized on device: cuda:0
[2026-01-24 12:20:59,609] [INFO] [CLIENT INIT] Mode=FEDAVG | Sparsity=OFF (UsedSparsity=0) | Clusters=OFF (UsedClusters=0) | EnvSparsityCfg={'Conv': 0.6, 'Linear': 0.6, 'Bias': 0.0, 'BatchNorm': 0.0} | EnvNClusters=3
[2026-01-24 12:21:57,716] [INFO] [TRAIN] Epoch 5 Loss: 0.9052
[2026-01-24 12:21:57,717] [INFO] [FIT] Local training finished. Avg Loss: 0.9126
[2026-01-24 12:22:49,134] [INFO] Model initialized on device: cuda:0
[2026-01-24 12:22:49,134] [INFO] [CLIENT INIT] Mode=FEDAVG | Sparsity=OFF (UsedSparsity=0) | Clusters=OFF (UsedClusters=0) | EnvSparsityCfg={'Conv': 0.6, 'Linear': 0.6, 'Bias': 0.0, 'BatchNorm': 0.0} | EnvNClusters=3
[2026-01-24 12:22:49,314] [INFO] Model initialized on device: cuda:0
[2026-01-24 12:22:49,315] [INFO] [CLIENT INIT] Mode=FEDAVG | Sparsity=OFF (UsedSparsity=0) | Clusters=OFF (UsedClusters=0) | EnvSparsityCfg={'Conv': 0.6, 'Linear': 0.6, 'Bias': 0.0, 'BatchNorm': 0.0} | EnvNClusters=3
[2026-01-24 12:22:49,317] [INFO] Model initialized on device: cuda:0
[2026-01-24 12:22:49,317] [INFO] [CLIENT INIT] Mode=FEDAVG | Sparsity=OFF (UsedSparsity=0) | Clusters=OFF (UsedClusters=0) | EnvSparsityCfg={'Conv': 0.6, 'Linear': 0.6, 'Bias': 0.0, 'BatchNorm': 0.0} | EnvNClusters=3
[2026-01-24 12:22:50,032] [INFO] Model initialized on device: cuda:0
[2026-01-24 12:22:50,032] [INFO] [CLIENT INIT] Mode=FEDAVG | Sparsity=OFF (UsedSparsity=0) | Clusters=OFF (UsedClusters=0) | EnvSparsityCfg={'Conv': 0.6, 'Linear': 0.6, 'Bias': 0.0, 'BatchNorm': 0.0} | EnvNClusters=3
[2026-01-24 12:22:50,420] [INFO] Model initialized on device: cuda:0
[2026-01-24 12:22:50,420] [INFO] [CLIENT INIT] Mode=FEDAVG | Sparsity=OFF (UsedSparsity=0) | Clusters=OFF (UsedClusters=0) | EnvSparsityCfg={'Conv': 0.6, 'Linear': 0.6, 'Bias': 0.0, 'BatchNorm': 0.0} | EnvNClusters=3
[2026-01-24 12:22:52,016] [INFO] Model initialized on device: cuda:0
[2026-01-24 12:22:52,017] [INFO] [CLIENT INIT] Mode=FEDAVG | Sparsity=OFF (UsedSparsity=0) | Clusters=OFF (UsedClusters=0) | EnvSparsityCfg={'Conv': 0.6, 'Linear': 0.6, 'Bias': 0.0, 'BatchNorm': 0.0} | EnvNClusters=3
[2026-01-24 12:22:52,545] [INFO] Model initialized on device: cuda:0
[2026-01-24 12:22:52,545] [INFO] [CLIENT INIT] Mode=FEDAVG | Sparsity=OFF (UsedSparsity=0) | Clusters=OFF (UsedClusters=0) | EnvSparsityCfg={'Conv': 0.6, 'Linear': 0.6, 'Bias': 0.0, 'BatchNorm': 0.0} | EnvNClusters=3
[2026-01-24 12:22:52,829] [INFO] Model initialized on device: cuda:0
[2026-01-24 12:22:52,829] [INFO] [CLIENT INIT] Mode=FEDAVG | Sparsity=OFF (UsedSparsity=0) | Clusters=OFF (UsedClusters=0) | EnvSparsityCfg={'Conv': 0.6, 'Linear': 0.6, 'Bias': 0.0, 'BatchNorm': 0.0} | EnvNClusters=3
[2026-01-24 12:22:53,019] [INFO] Model initialized on device: cuda:0
[2026-01-24 12:22:53,019] [INFO] [CLIENT INIT] Mode=FEDAVG | Sparsity=OFF (UsedSparsity=0) | Clusters=OFF (UsedClusters=0) | EnvSparsityCfg={'Conv': 0.6, 'Linear': 0.6, 'Bias': 0.0, 'BatchNorm': 0.0} | EnvNClusters=3
[2026-01-24 12:22:53,023] [INFO] Model initialized on device: cuda:0
[2026-01-24 12:22:53,024] [INFO] [CLIENT INIT] Mode=FEDAVG | Sparsity=OFF (UsedSparsity=0) | Clusters=OFF (UsedClusters=0) | EnvSparsityCfg={'Conv': 0.6, 'Linear': 0.6, 'Bias': 0.0, 'BatchNorm': 0.0} | EnvNClusters=3
[2026-01-24 12:23:00,109] [DEBUG] [TEST] Batch 1 | Pred shape: torch.Size([256, 256, 160]) | Label shape: torch.Size([256, 256, 160])
[2026-01-24 12:23:00,335] [DEBUG] [TEST] Batch 2 | Pred shape: torch.Size([256, 256, 160]) | Label shape: torch.Size([256, 256, 160])
[2026-01-24 12:23:00,417] [DEBUG] [TEST] Batch 3 | Pred shape: torch.Size([256, 256, 160]) | Label shape: torch.Size([256, 256, 160])
[2026-01-24 12:23:00,515] [DEBUG] [TEST] Batch 4 | Pred shape: torch.Size([256, 256, 160]) | Label shape: torch.Size([256, 256, 160])
[2026-01-24 12:23:00,614] [DEBUG] [TEST] Batch 5 | Pred shape: torch.Size([256, 256, 160]) | Label shape: torch.Size([256, 256, 160])
[2026-01-24 12:23:00,715] [DEBUG] [TEST] Batch 6 | Pred shape: torch.Size([256, 256, 160]) | Label shape: torch.Size([256, 256, 160])
[2026-01-24 12:23:00,814] [DEBUG] [TEST] Batch 7 | Pred shape: torch.Size([256, 256, 160]) | Label shape: torch.Size([256, 256, 160])
[2026-01-24 12:23:00,915] [DEBUG] [TEST] Batch 8 | Pred shape: torch.Size([256, 256, 160]) | Label shape: torch.Size([256, 256, 160])
[2026-01-24 12:23:01,014] [DEBUG] [TEST] Batch 9 | Pred shape: torch.Size([256, 256, 160]) | Label shape: torch.Size([256, 256, 160])
[2026-01-24 12:23:01,209] [DEBUG] [TEST] Batch 10 | Pred shape: torch.Size([256, 256, 160]) | Label shape: torch.Size([256, 256, 160])
[2026-01-24 12:23:08,207] [INFO] [FIT] Final model saved to: Revision2/Run_UNET_IID_Fedavg_20260124/Client4/model_final.pth
[2026-01-24 12:23:08,216] [INFO] [COMM][CLIENT] Round=-1 Mode=FEDAVG UsedSparsity=0 UsedClusters=0 BaselineBits=154016352.0 CompressedBits=154016352.0 CR=1.000
[2026-01-24 12:24:20,308] [INFO] [EVALUATE] Starting evaluation...
[2026-01-24 12:24:22,922] [INFO] [DEBUG] Loaded uncompressed weights.
[2026-01-24 12:25:29,274] [INFO] Model initialized on device: cuda:0
[2026-01-24 12:25:29,274] [INFO] [CLIENT INIT] Mode=FEDAVG | Sparsity=OFF (UsedSparsity=0) | Clusters=OFF (UsedClusters=0) | EnvSparsityCfg={'Conv': 0.6, 'Linear': 0.6, 'Bias': 0.0, 'BatchNorm': 0.0} | EnvNClusters=3
[2026-01-24 12:25:29,624] [INFO] Model initialized on device: cuda:0
[2026-01-24 12:25:29,624] [INFO] [CLIENT INIT] Mode=FEDAVG | Sparsity=OFF (UsedSparsity=0) | Clusters=OFF (UsedClusters=0) | EnvSparsityCfg={'Conv': 0.6, 'Linear': 0.6, 'Bias': 0.0, 'BatchNorm': 0.0} | EnvNClusters=3
[2026-01-24 12:25:30,612] [INFO] Model initialized on device: cuda:0
[2026-01-24 12:25:30,612] [INFO] [CLIENT INIT] Mode=FEDAVG | Sparsity=OFF (UsedSparsity=0) | Clusters=OFF (UsedClusters=0) | EnvSparsityCfg={'Conv': 0.6, 'Linear': 0.6, 'Bias': 0.0, 'BatchNorm': 0.0} | EnvNClusters=3
[2026-01-24 12:25:30,617] [INFO] Model initialized on device: cuda:0
[2026-01-24 12:25:30,617] [INFO] [CLIENT INIT] Mode=FEDAVG | Sparsity=OFF (UsedSparsity=0) | Clusters=OFF (UsedClusters=0) | EnvSparsityCfg={'Conv': 0.6, 'Linear': 0.6, 'Bias': 0.0, 'BatchNorm': 0.0} | EnvNClusters=3
[2026-01-24 12:25:30,725] [INFO] Model initialized on device: cuda:0
[2026-01-24 12:25:30,725] [INFO] [CLIENT INIT] Mode=FEDAVG | Sparsity=OFF (UsedSparsity=0) | Clusters=OFF (UsedClusters=0) | EnvSparsityCfg={'Conv': 0.6, 'Linear': 0.6, 'Bias': 0.0, 'BatchNorm': 0.0} | EnvNClusters=3
[2026-01-24 12:25:30,911] [INFO] Model initialized on device: cuda:0
[2026-01-24 12:25:30,911] [INFO] [CLIENT INIT] Mode=FEDAVG | Sparsity=OFF (UsedSparsity=0) | Clusters=OFF (UsedClusters=0) | EnvSparsityCfg={'Conv': 0.6, 'Linear': 0.6, 'Bias': 0.0, 'BatchNorm': 0.0} | EnvNClusters=3
[2026-01-24 12:25:30,918] [INFO] Model initialized on device: cuda:0
[2026-01-24 12:25:30,918] [INFO] [CLIENT INIT] Mode=FEDAVG | Sparsity=OFF (UsedSparsity=0) | Clusters=OFF (UsedClusters=0) | EnvSparsityCfg={'Conv': 0.6, 'Linear': 0.6, 'Bias': 0.0, 'BatchNorm': 0.0} | EnvNClusters=3
[2026-01-24 12:25:30,928] [INFO] Model initialized on device: cuda:0
[2026-01-24 12:25:30,928] [INFO] [CLIENT INIT] Mode=FEDAVG | Sparsity=OFF (UsedSparsity=0) | Clusters=OFF (UsedClusters=0) | EnvSparsityCfg={'Conv': 0.6, 'Linear': 0.6, 'Bias': 0.0, 'BatchNorm': 0.0} | EnvNClusters=3
[2026-01-24 12:25:31,010] [INFO] Model initialized on device: cuda:0
[2026-01-24 12:25:31,010] [INFO] [CLIENT INIT] Mode=FEDAVG | Sparsity=OFF (UsedSparsity=0) | Clusters=OFF (UsedClusters=0) | EnvSparsityCfg={'Conv': 0.6, 'Linear': 0.6, 'Bias': 0.0, 'BatchNorm': 0.0} | EnvNClusters=3
[2026-01-24 12:25:31,014] [INFO] Model initialized on device: cuda:0
[2026-01-24 12:25:31,014] [INFO] [CLIENT INIT] Mode=FEDAVG | Sparsity=OFF (UsedSparsity=0) | Clusters=OFF (UsedClusters=0) | EnvSparsityCfg={'Conv': 0.6, 'Linear': 0.6, 'Bias': 0.0, 'BatchNorm': 0.0} | EnvNClusters=3
[2026-01-24 12:25:37,806] [DEBUG] [TEST] Batch 1 | Pred shape: torch.Size([256, 256, 160]) | Label shape: torch.Size([256, 256, 160])
[2026-01-24 12:25:37,966] [DEBUG] [TEST] Batch 2 | Pred shape: torch.Size([256, 256, 160]) | Label shape: torch.Size([256, 256, 160])
[2026-01-24 12:25:38,184] [DEBUG] [TEST] Batch 3 | Pred shape: torch.Size([256, 256, 160]) | Label shape: torch.Size([256, 256, 160])
[2026-01-24 12:25:38,404] [DEBUG] [TEST] Batch 4 | Pred shape: torch.Size([256, 256, 160]) | Label shape: torch.Size([256, 256, 160])
[2026-01-24 12:25:38,587] [DEBUG] [TEST] Batch 5 | Pred shape: torch.Size([256, 256, 160]) | Label shape: torch.Size([256, 256, 160])
[2026-01-24 12:25:38,771] [DEBUG] [TEST] Batch 6 | Pred shape: torch.Size([256, 256, 160]) | Label shape: torch.Size([256, 256, 160])
[2026-01-24 12:25:38,953] [DEBUG] [TEST] Batch 7 | Pred shape: torch.Size([256, 256, 160]) | Label shape: torch.Size([256, 256, 160])
[2026-01-24 12:25:39,133] [DEBUG] [TEST] Batch 8 | Pred shape: torch.Size([256, 256, 160]) | Label shape: torch.Size([256, 256, 160])
[2026-01-24 12:25:39,318] [DEBUG] [TEST] Batch 9 | Pred shape: torch.Size([256, 256, 160]) | Label shape: torch.Size([256, 256, 160])
[2026-01-24 12:25:39,443] [DEBUG] [TEST] Batch 10 | Pred shape: torch.Size([256, 256, 160]) | Label shape: torch.Size([256, 256, 160])
[2026-01-24 12:25:46,307] [INFO] [EVALUATE] Dice WT: 0.3006
[2026-01-24 12:25:48,611] [INFO] [FIT] Received parameters. Starting local training...
[2026-01-24 12:25:51,016] [INFO] [DEBUG] Loaded uncompressed weights.
[2026-01-24 12:26:58,619] [INFO] Model initialized on device: cuda:0
[2026-01-24 12:26:58,619] [INFO] [CLIENT INIT] Mode=FEDAVG | Sparsity=OFF (UsedSparsity=0) | Clusters=OFF (UsedClusters=0) | EnvSparsityCfg={'Conv': 0.6, 'Linear': 0.6, 'Bias': 0.0, 'BatchNorm': 0.0} | EnvNClusters=3
[2026-01-24 12:26:58,819] [INFO] Model initialized on device: cuda:0
[2026-01-24 12:26:58,819] [INFO] [CLIENT INIT] Mode=FEDAVG | Sparsity=OFF (UsedSparsity=0) | Clusters=OFF (UsedClusters=0) | EnvSparsityCfg={'Conv': 0.6, 'Linear': 0.6, 'Bias': 0.0, 'BatchNorm': 0.0} | EnvNClusters=3
[2026-01-24 12:26:59,618] [INFO] Model initialized on device: cuda:0
[2026-01-24 12:26:59,618] [INFO] [CLIENT INIT] Mode=FEDAVG | Sparsity=OFF (UsedSparsity=0) | Clusters=OFF (UsedClusters=0) | EnvSparsityCfg={'Conv': 0.6, 'Linear': 0.6, 'Bias': 0.0, 'BatchNorm': 0.0} | EnvNClusters=3
[2026-01-24 12:26:59,726] [INFO] Model initialized on device: cuda:0
[2026-01-24 12:26:59,726] [INFO] [CLIENT INIT] Mode=FEDAVG | Sparsity=OFF (UsedSparsity=0) | Clusters=OFF (UsedClusters=0) | EnvSparsityCfg={'Conv': 0.6, 'Linear': 0.6, 'Bias': 0.0, 'BatchNorm': 0.0} | EnvNClusters=3
[2026-01-24 12:26:59,728] [INFO] Model initialized on device: cuda:0
[2026-01-24 12:26:59,729] [INFO] [CLIENT INIT] Mode=FEDAVG | Sparsity=OFF (UsedSparsity=0) | Clusters=OFF (UsedClusters=0) | EnvSparsityCfg={'Conv': 0.6, 'Linear': 0.6, 'Bias': 0.0, 'BatchNorm': 0.0} | EnvNClusters=3
[2026-01-24 12:26:59,810] [INFO] Model initialized on device: cuda:0
[2026-01-24 12:26:59,810] [INFO] [CLIENT INIT] Mode=FEDAVG | Sparsity=OFF (UsedSparsity=0) | Clusters=OFF (UsedClusters=0) | EnvSparsityCfg={'Conv': 0.6, 'Linear': 0.6, 'Bias': 0.0, 'BatchNorm': 0.0} | EnvNClusters=3
[2026-01-24 12:26:59,815] [INFO] Model initialized on device: cuda:0
[2026-01-24 12:26:59,815] [INFO] [CLIENT INIT] Mode=FEDAVG | Sparsity=OFF (UsedSparsity=0) | Clusters=OFF (UsedClusters=0) | EnvSparsityCfg={'Conv': 0.6, 'Linear': 0.6, 'Bias': 0.0, 'BatchNorm': 0.0} | EnvNClusters=3
[2026-01-24 12:26:59,816] [INFO] Model initialized on device: cuda:0
[2026-01-24 12:26:59,816] [INFO] [CLIENT INIT] Mode=FEDAVG | Sparsity=OFF (UsedSparsity=0) | Clusters=OFF (UsedClusters=0) | EnvSparsityCfg={'Conv': 0.6, 'Linear': 0.6, 'Bias': 0.0, 'BatchNorm': 0.0} | EnvNClusters=3
[2026-01-24 12:26:59,823] [INFO] Model initialized on device: cuda:0
[2026-01-24 12:26:59,823] [INFO] [CLIENT INIT] Mode=FEDAVG | Sparsity=OFF (UsedSparsity=0) | Clusters=OFF (UsedClusters=0) | EnvSparsityCfg={'Conv': 0.6, 'Linear': 0.6, 'Bias': 0.0, 'BatchNorm': 0.0} | EnvNClusters=3
[2026-01-24 12:26:59,824] [INFO] Model initialized on device: cuda:0
[2026-01-24 12:26:59,825] [INFO] [CLIENT INIT] Mode=FEDAVG | Sparsity=OFF (UsedSparsity=0) | Clusters=OFF (UsedClusters=0) | EnvSparsityCfg={'Conv': 0.6, 'Linear': 0.6, 'Bias': 0.0, 'BatchNorm': 0.0} | EnvNClusters=3
[2026-01-24 12:28:09,233] [INFO] [TRAIN] Epoch 1 Loss: 0.9006
[2026-01-24 12:29:01,271] [INFO] Model initialized on device: cuda:0
[2026-01-24 12:29:01,271] [INFO] [CLIENT INIT] Mode=FEDAVG | Sparsity=OFF (UsedSparsity=0) | Clusters=OFF (UsedClusters=0) | EnvSparsityCfg={'Conv': 0.6, 'Linear': 0.6, 'Bias': 0.0, 'BatchNorm': 0.0} | EnvNClusters=3
[2026-01-24 12:29:01,459] [INFO] Model initialized on device: cuda:0
[2026-01-24 12:29:01,459] [INFO] [CLIENT INIT] Mode=FEDAVG | Sparsity=OFF (UsedSparsity=0) | Clusters=OFF (UsedClusters=0) | EnvSparsityCfg={'Conv': 0.6, 'Linear': 0.6, 'Bias': 0.0, 'BatchNorm': 0.0} | EnvNClusters=3
[2026-01-24 12:29:01,472] [INFO] Model initialized on device: cuda:0
[2026-01-24 12:29:01,472] [INFO] [CLIENT INIT] Mode=FEDAVG | Sparsity=OFF (UsedSparsity=0) | Clusters=OFF (UsedClusters=0) | EnvSparsityCfg={'Conv': 0.6, 'Linear': 0.6, 'Bias': 0.0, 'BatchNorm': 0.0} | EnvNClusters=3
[2026-01-24 12:29:01,474] [INFO] Model initialized on device: cuda:0
[2026-01-24 12:29:01,474] [INFO] [CLIENT INIT] Mode=FEDAVG | Sparsity=OFF (UsedSparsity=0) | Clusters=OFF (UsedClusters=0) | EnvSparsityCfg={'Conv': 0.6, 'Linear': 0.6, 'Bias': 0.0, 'BatchNorm': 0.0} | EnvNClusters=3
[2026-01-24 12:29:01,639] [INFO] Model initialized on device: cuda:0
[2026-01-24 12:29:01,639] [INFO] [CLIENT INIT] Mode=FEDAVG | Sparsity=OFF (UsedSparsity=0) | Clusters=OFF (UsedClusters=0) | EnvSparsityCfg={'Conv': 0.6, 'Linear': 0.6, 'Bias': 0.0, 'BatchNorm': 0.0} | EnvNClusters=3
[2026-01-24 12:29:01,647] [INFO] Model initialized on device: cuda:0
[2026-01-24 12:29:01,647] [INFO] [CLIENT INIT] Mode=FEDAVG | Sparsity=OFF (UsedSparsity=0) | Clusters=OFF (UsedClusters=0) | EnvSparsityCfg={'Conv': 0.6, 'Linear': 0.6, 'Bias': 0.0, 'BatchNorm': 0.0} | EnvNClusters=3
[2026-01-24 12:29:01,656] [INFO] Model initialized on device: cuda:0
[2026-01-24 12:29:01,656] [INFO] [CLIENT INIT] Mode=FEDAVG | Sparsity=OFF (UsedSparsity=0) | Clusters=OFF (UsedClusters=0) | EnvSparsityCfg={'Conv': 0.6, 'Linear': 0.6, 'Bias': 0.0, 'BatchNorm': 0.0} | EnvNClusters=3
[2026-01-24 12:29:01,664] [INFO] Model initialized on device: cuda:0
[2026-01-24 12:29:01,664] [INFO] [CLIENT INIT] Mode=FEDAVG | Sparsity=OFF (UsedSparsity=0) | Clusters=OFF (UsedClusters=0) | EnvSparsityCfg={'Conv': 0.6, 'Linear': 0.6, 'Bias': 0.0, 'BatchNorm': 0.0} | EnvNClusters=3
[2026-01-24 12:29:01,825] [INFO] Model initialized on device: cuda:0
[2026-01-24 12:29:01,825] [INFO] [CLIENT INIT] Mode=FEDAVG | Sparsity=OFF (UsedSparsity=0) | Clusters=OFF (UsedClusters=0) | EnvSparsityCfg={'Conv': 0.6, 'Linear': 0.6, 'Bias': 0.0, 'BatchNorm': 0.0} | EnvNClusters=3
[2026-01-24 12:29:02,115] [INFO] Model initialized on device: cuda:0
[2026-01-24 12:29:02,116] [INFO] [CLIENT INIT] Mode=FEDAVG | Sparsity=OFF (UsedSparsity=0) | Clusters=OFF (UsedClusters=0) | EnvSparsityCfg={'Conv': 0.6, 'Linear': 0.6, 'Bias': 0.0, 'BatchNorm': 0.0} | EnvNClusters=3
[2026-01-24 12:30:02,314] [INFO] [TRAIN] Epoch 2 Loss: 0.8965
[2026-01-24 12:30:39,841] [INFO] Model initialized on device: cuda:0
[2026-01-24 12:30:39,841] [INFO] [CLIENT INIT] Mode=FEDAVG | Sparsity=OFF (UsedSparsity=0) | Clusters=OFF (UsedClusters=0) | EnvSparsityCfg={'Conv': 0.6, 'Linear': 0.6, 'Bias': 0.0, 'BatchNorm': 0.0} | EnvNClusters=3
[2026-01-24 12:30:39,923] [INFO] Model initialized on device: cuda:0
[2026-01-24 12:30:39,923] [INFO] [CLIENT INIT] Mode=FEDAVG | Sparsity=OFF (UsedSparsity=0) | Clusters=OFF (UsedClusters=0) | EnvSparsityCfg={'Conv': 0.6, 'Linear': 0.6, 'Bias': 0.0, 'BatchNorm': 0.0} | EnvNClusters=3
[2026-01-24 12:30:39,930] [INFO] Model initialized on device: cuda:0
[2026-01-24 12:30:39,931] [INFO] [CLIENT INIT] Mode=FEDAVG | Sparsity=OFF (UsedSparsity=0) | Clusters=OFF (UsedClusters=0) | EnvSparsityCfg={'Conv': 0.6, 'Linear': 0.6, 'Bias': 0.0, 'BatchNorm': 0.0} | EnvNClusters=3
[2026-01-24 12:30:40,011] [INFO] Model initialized on device: cuda:0
[2026-01-24 12:30:40,011] [INFO] [CLIENT INIT] Mode=FEDAVG | Sparsity=OFF (UsedSparsity=0) | Clusters=OFF (UsedClusters=0) | EnvSparsityCfg={'Conv': 0.6, 'Linear': 0.6, 'Bias': 0.0, 'BatchNorm': 0.0} | EnvNClusters=3
[2026-01-24 12:30:40,020] [INFO] Model initialized on device: cuda:0
[2026-01-24 12:30:40,020] [INFO] [CLIENT INIT] Mode=FEDAVG | Sparsity=OFF (UsedSparsity=0) | Clusters=OFF (UsedClusters=0) | EnvSparsityCfg={'Conv': 0.6, 'Linear': 0.6, 'Bias': 0.0, 'BatchNorm': 0.0} | EnvNClusters=3
[2026-01-24 12:30:40,037] [INFO] Model initialized on device: cuda:0
[2026-01-24 12:30:40,037] [INFO] [CLIENT INIT] Mode=FEDAVG | Sparsity=OFF (UsedSparsity=0) | Clusters=OFF (UsedClusters=0) | EnvSparsityCfg={'Conv': 0.6, 'Linear': 0.6, 'Bias': 0.0, 'BatchNorm': 0.0} | EnvNClusters=3
[2026-01-24 12:30:40,044] [INFO] Model initialized on device: cuda:0
[2026-01-24 12:30:40,044] [INFO] [CLIENT INIT] Mode=FEDAVG | Sparsity=OFF (UsedSparsity=0) | Clusters=OFF (UsedClusters=0) | EnvSparsityCfg={'Conv': 0.6, 'Linear': 0.6, 'Bias': 0.0, 'BatchNorm': 0.0} | EnvNClusters=3
[2026-01-24 12:30:40,110] [INFO] Model initialized on device: cuda:0
[2026-01-24 12:30:40,111] [INFO] [CLIENT INIT] Mode=FEDAVG | Sparsity=OFF (UsedSparsity=0) | Clusters=OFF (UsedClusters=0) | EnvSparsityCfg={'Conv': 0.6, 'Linear': 0.6, 'Bias': 0.0, 'BatchNorm': 0.0} | EnvNClusters=3
[2026-01-24 12:30:40,112] [INFO] Model initialized on device: cuda:0
[2026-01-24 12:30:40,112] [INFO] [CLIENT INIT] Mode=FEDAVG | Sparsity=OFF (UsedSparsity=0) | Clusters=OFF (UsedClusters=0) | EnvSparsityCfg={'Conv': 0.6, 'Linear': 0.6, 'Bias': 0.0, 'BatchNorm': 0.0} | EnvNClusters=3
[2026-01-24 12:30:40,112] [INFO] Model initialized on device: cuda:0
[2026-01-24 12:30:40,112] [INFO] [CLIENT INIT] Mode=FEDAVG | Sparsity=OFF (UsedSparsity=0) | Clusters=OFF (UsedClusters=0) | EnvSparsityCfg={'Conv': 0.6, 'Linear': 0.6, 'Bias': 0.0, 'BatchNorm': 0.0} | EnvNClusters=3
[2026-01-24 12:31:30,517] [INFO] [TRAIN] Epoch 3 Loss: 0.8914
[2026-01-24 12:32:18,125] [INFO] Model initialized on device: cuda:0
[2026-01-24 12:32:18,126] [INFO] [CLIENT INIT] Mode=FEDAVG | Sparsity=OFF (UsedSparsity=0) | Clusters=OFF (UsedClusters=0) | EnvSparsityCfg={'Conv': 0.6, 'Linear': 0.6, 'Bias': 0.0, 'BatchNorm': 0.0} | EnvNClusters=3
[2026-01-24 12:32:18,233] [INFO] Model initialized on device: cuda:0
[2026-01-24 12:32:18,233] [INFO] [CLIENT INIT] Mode=FEDAVG | Sparsity=OFF (UsedSparsity=0) | Clusters=OFF (UsedClusters=0) | EnvSparsityCfg={'Conv': 0.6, 'Linear': 0.6, 'Bias': 0.0, 'BatchNorm': 0.0} | EnvNClusters=3
[2026-01-24 12:32:18,234] [INFO] Model initialized on device: cuda:0
[2026-01-24 12:32:18,235] [INFO] [CLIENT INIT] Mode=FEDAVG | Sparsity=OFF (UsedSparsity=0) | Clusters=OFF (UsedClusters=0) | EnvSparsityCfg={'Conv': 0.6, 'Linear': 0.6, 'Bias': 0.0, 'BatchNorm': 0.0} | EnvNClusters=3
[2026-01-24 12:32:18,236] [INFO] Model initialized on device: cuda:0
[2026-01-24 12:32:18,236] [INFO] Model initialized on device: cuda:0
[2026-01-24 12:32:18,236] [INFO] [CLIENT INIT] Mode=FEDAVG | Sparsity=OFF (UsedSparsity=0) | Clusters=OFF (UsedClusters=0) | EnvSparsityCfg={'Conv': 0.6, 'Linear': 0.6, 'Bias': 0.0, 'BatchNorm': 0.0} | EnvNClusters=3
[2026-01-24 12:32:18,236] [INFO] [CLIENT INIT] Mode=FEDAVG | Sparsity=OFF (UsedSparsity=0) | Clusters=OFF (UsedClusters=0) | EnvSparsityCfg={'Conv': 0.6, 'Linear': 0.6, 'Bias': 0.0, 'BatchNorm': 0.0} | EnvNClusters=3
[2026-01-24 12:32:18,245] [INFO] Model initialized on device: cuda:0
[2026-01-24 12:32:18,245] [INFO] [CLIENT INIT] Mode=FEDAVG | Sparsity=OFF (UsedSparsity=0) | Clusters=OFF (UsedClusters=0) | EnvSparsityCfg={'Conv': 0.6, 'Linear': 0.6, 'Bias': 0.0, 'BatchNorm': 0.0} | EnvNClusters=3
[2026-01-24 12:32:18,246] [INFO] Model initialized on device: cuda:0
[2026-01-24 12:32:18,246] [INFO] [CLIENT INIT] Mode=FEDAVG | Sparsity=OFF (UsedSparsity=0) | Clusters=OFF (UsedClusters=0) | EnvSparsityCfg={'Conv': 0.6, 'Linear': 0.6, 'Bias': 0.0, 'BatchNorm': 0.0} | EnvNClusters=3
[2026-01-24 12:32:18,248] [INFO] Model initialized on device: cuda:0
[2026-01-24 12:32:18,248] [INFO] [CLIENT INIT] Mode=FEDAVG | Sparsity=OFF (UsedSparsity=0) | Clusters=OFF (UsedClusters=0) | EnvSparsityCfg={'Conv': 0.6, 'Linear': 0.6, 'Bias': 0.0, 'BatchNorm': 0.0} | EnvNClusters=3
[2026-01-24 12:32:18,251] [INFO] Model initialized on device: cuda:0
[2026-01-24 12:32:18,251] [INFO] [CLIENT INIT] Mode=FEDAVG | Sparsity=OFF (UsedSparsity=0) | Clusters=OFF (UsedClusters=0) | EnvSparsityCfg={'Conv': 0.6, 'Linear': 0.6, 'Bias': 0.0, 'BatchNorm': 0.0} | EnvNClusters=3
[2026-01-24 12:32:18,254] [INFO] Model initialized on device: cuda:0
[2026-01-24 12:32:18,254] [INFO] [CLIENT INIT] Mode=FEDAVG | Sparsity=OFF (UsedSparsity=0) | Clusters=OFF (UsedClusters=0) | EnvSparsityCfg={'Conv': 0.6, 'Linear': 0.6, 'Bias': 0.0, 'BatchNorm': 0.0} | EnvNClusters=3
[2026-01-24 12:33:10,824] [INFO] [TRAIN] Epoch 4 Loss: 0.8865
[2026-01-24 12:33:36,618] [INFO] Model initialized on device: cuda:0
[2026-01-24 12:33:36,618] [INFO] [CLIENT INIT] Mode=FEDAVG | Sparsity=OFF (UsedSparsity=0) | Clusters=OFF (UsedClusters=0) | EnvSparsityCfg={'Conv': 0.6, 'Linear': 0.6, 'Bias': 0.0, 'BatchNorm': 0.0} | EnvNClusters=3
[2026-01-24 12:33:39,518] [INFO] Model initialized on device: cuda:0
[2026-01-24 12:33:39,518] [INFO] [CLIENT INIT] Mode=FEDAVG | Sparsity=OFF (UsedSparsity=0) | Clusters=OFF (UsedClusters=0) | EnvSparsityCfg={'Conv': 0.6, 'Linear': 0.6, 'Bias': 0.0, 'BatchNorm': 0.0} | EnvNClusters=3
[2026-01-24 12:33:44,037] [INFO] Model initialized on device: cuda:0
[2026-01-24 12:33:44,038] [INFO] [CLIENT INIT] Mode=FEDAVG | Sparsity=OFF (UsedSparsity=0) | Clusters=OFF (UsedClusters=0) | EnvSparsityCfg={'Conv': 0.6, 'Linear': 0.6, 'Bias': 0.0, 'BatchNorm': 0.0} | EnvNClusters=3
[2026-01-24 12:33:44,511] [INFO] Model initialized on device: cuda:0
[2026-01-24 12:33:44,511] [INFO] [CLIENT INIT] Mode=FEDAVG | Sparsity=OFF (UsedSparsity=0) | Clusters=OFF (UsedClusters=0) | EnvSparsityCfg={'Conv': 0.6, 'Linear': 0.6, 'Bias': 0.0, 'BatchNorm': 0.0} | EnvNClusters=3
[2026-01-24 12:33:45,612] [INFO] Model initialized on device: cuda:0
[2026-01-24 12:33:45,612] [INFO] [CLIENT INIT] Mode=FEDAVG | Sparsity=OFF (UsedSparsity=0) | Clusters=OFF (UsedClusters=0) | EnvSparsityCfg={'Conv': 0.6, 'Linear': 0.6, 'Bias': 0.0, 'BatchNorm': 0.0} | EnvNClusters=3
[2026-01-24 12:33:46,127] [INFO] Model initialized on device: cuda:0
[2026-01-24 12:33:46,127] [INFO] [CLIENT INIT] Mode=FEDAVG | Sparsity=OFF (UsedSparsity=0) | Clusters=OFF (UsedClusters=0) | EnvSparsityCfg={'Conv': 0.6, 'Linear': 0.6, 'Bias': 0.0, 'BatchNorm': 0.0} | EnvNClusters=3
[2026-01-24 12:33:46,210] [INFO] Model initialized on device: cuda:0
[2026-01-24 12:33:46,210] [INFO] [CLIENT INIT] Mode=FEDAVG | Sparsity=OFF (UsedSparsity=0) | Clusters=OFF (UsedClusters=0) | EnvSparsityCfg={'Conv': 0.6, 'Linear': 0.6, 'Bias': 0.0, 'BatchNorm': 0.0} | EnvNClusters=3
[2026-01-24 12:33:46,419] [INFO] Model initialized on device: cuda:0
[2026-01-24 12:33:46,419] [INFO] [CLIENT INIT] Mode=FEDAVG | Sparsity=OFF (UsedSparsity=0) | Clusters=OFF (UsedClusters=0) | EnvSparsityCfg={'Conv': 0.6, 'Linear': 0.6, 'Bias': 0.0, 'BatchNorm': 0.0} | EnvNClusters=3
[2026-01-24 12:33:46,625] [INFO] Model initialized on device: cuda:0
[2026-01-24 12:33:46,625] [INFO] [CLIENT INIT] Mode=FEDAVG | Sparsity=OFF (UsedSparsity=0) | Clusters=OFF (UsedClusters=0) | EnvSparsityCfg={'Conv': 0.6, 'Linear': 0.6, 'Bias': 0.0, 'BatchNorm': 0.0} | EnvNClusters=3
[2026-01-24 12:33:46,720] [INFO] Model initialized on device: cuda:0
[2026-01-24 12:33:46,720] [INFO] [CLIENT INIT] Mode=FEDAVG | Sparsity=OFF (UsedSparsity=0) | Clusters=OFF (UsedClusters=0) | EnvSparsityCfg={'Conv': 0.6, 'Linear': 0.6, 'Bias': 0.0, 'BatchNorm': 0.0} | EnvNClusters=3
[2026-01-24 12:34:46,315] [INFO] [TRAIN] Epoch 5 Loss: 0.8809
[2026-01-24 12:34:46,316] [INFO] [FIT] Local training finished. Avg Loss: 0.8912
[2026-01-24 12:35:35,216] [INFO] Model initialized on device: cuda:0
[2026-01-24 12:35:35,216] [INFO] [CLIENT INIT] Mode=FEDAVG | Sparsity=OFF (UsedSparsity=0) | Clusters=OFF (UsedClusters=0) | EnvSparsityCfg={'Conv': 0.6, 'Linear': 0.6, 'Bias': 0.0, 'BatchNorm': 0.0} | EnvNClusters=3
[2026-01-24 12:35:35,324] [INFO] Model initialized on device: cuda:0
[2026-01-24 12:35:35,324] [INFO] [CLIENT INIT] Mode=FEDAVG | Sparsity=OFF (UsedSparsity=0) | Clusters=OFF (UsedClusters=0) | EnvSparsityCfg={'Conv': 0.6, 'Linear': 0.6, 'Bias': 0.0, 'BatchNorm': 0.0} | EnvNClusters=3
[2026-01-24 12:35:36,510] [INFO] Model initialized on device: cuda:0
[2026-01-24 12:35:36,510] [INFO] Model initialized on device: cuda:0
[2026-01-24 12:35:36,510] [INFO] [CLIENT INIT] Mode=FEDAVG | Sparsity=OFF (UsedSparsity=0) | Clusters=OFF (UsedClusters=0) | EnvSparsityCfg={'Conv': 0.6, 'Linear': 0.6, 'Bias': 0.0, 'BatchNorm': 0.0} | EnvNClusters=3
[2026-01-24 12:35:36,510] [INFO] [CLIENT INIT] Mode=FEDAVG | Sparsity=OFF (UsedSparsity=0) | Clusters=OFF (UsedClusters=0) | EnvSparsityCfg={'Conv': 0.6, 'Linear': 0.6, 'Bias': 0.0, 'BatchNorm': 0.0} | EnvNClusters=3
[2026-01-24 12:35:37,013] [INFO] Model initialized on device: cuda:0
[2026-01-24 12:35:37,013] [INFO] [CLIENT INIT] Mode=FEDAVG | Sparsity=OFF (UsedSparsity=0) | Clusters=OFF (UsedClusters=0) | EnvSparsityCfg={'Conv': 0.6, 'Linear': 0.6, 'Bias': 0.0, 'BatchNorm': 0.0} | EnvNClusters=3
[2026-01-24 12:35:37,141] [INFO] Model initialized on device: cuda:0
[2026-01-24 12:35:37,141] [INFO] [CLIENT INIT] Mode=FEDAVG | Sparsity=OFF (UsedSparsity=0) | Clusters=OFF (UsedClusters=0) | EnvSparsityCfg={'Conv': 0.6, 'Linear': 0.6, 'Bias': 0.0, 'BatchNorm': 0.0} | EnvNClusters=3
[2026-01-24 12:35:37,219] [INFO] Model initialized on device: cuda:0
[2026-01-24 12:35:37,219] [INFO] [CLIENT INIT] Mode=FEDAVG | Sparsity=OFF (UsedSparsity=0) | Clusters=OFF (UsedClusters=0) | EnvSparsityCfg={'Conv': 0.6, 'Linear': 0.6, 'Bias': 0.0, 'BatchNorm': 0.0} | EnvNClusters=3
[2026-01-24 12:35:37,220] [INFO] Model initialized on device: cuda:0
[2026-01-24 12:35:37,220] [INFO] [CLIENT INIT] Mode=FEDAVG | Sparsity=OFF (UsedSparsity=0) | Clusters=OFF (UsedClusters=0) | EnvSparsityCfg={'Conv': 0.6, 'Linear': 0.6, 'Bias': 0.0, 'BatchNorm': 0.0} | EnvNClusters=3
[2026-01-24 12:35:37,224] [INFO] Model initialized on device: cuda:0
[2026-01-24 12:35:37,224] [INFO] [CLIENT INIT] Mode=FEDAVG | Sparsity=OFF (UsedSparsity=0) | Clusters=OFF (UsedClusters=0) | EnvSparsityCfg={'Conv': 0.6, 'Linear': 0.6, 'Bias': 0.0, 'BatchNorm': 0.0} | EnvNClusters=3
[2026-01-24 12:35:37,228] [INFO] Model initialized on device: cuda:0
[2026-01-24 12:35:37,229] [INFO] [CLIENT INIT] Mode=FEDAVG | Sparsity=OFF (UsedSparsity=0) | Clusters=OFF (UsedClusters=0) | EnvSparsityCfg={'Conv': 0.6, 'Linear': 0.6, 'Bias': 0.0, 'BatchNorm': 0.0} | EnvNClusters=3
[2026-01-24 12:35:43,416] [DEBUG] [TEST] Batch 1 | Pred shape: torch.Size([256, 256, 160]) | Label shape: torch.Size([256, 256, 160])
[2026-01-24 12:35:44,815] [DEBUG] [TEST] Batch 2 | Pred shape: torch.Size([256, 256, 160]) | Label shape: torch.Size([256, 256, 160])
[2026-01-24 12:35:45,109] [DEBUG] [TEST] Batch 3 | Pred shape: torch.Size([256, 256, 160]) | Label shape: torch.Size([256, 256, 160])
[2026-01-24 12:35:45,311] [DEBUG] [TEST] Batch 4 | Pred shape: torch.Size([256, 256, 160]) | Label shape: torch.Size([256, 256, 160])
[2026-01-24 12:35:45,623] [DEBUG] [TEST] Batch 5 | Pred shape: torch.Size([256, 256, 160]) | Label shape: torch.Size([256, 256, 160])
[2026-01-24 12:35:45,911] [DEBUG] [TEST] Batch 6 | Pred shape: torch.Size([256, 256, 160]) | Label shape: torch.Size([256, 256, 160])
[2026-01-24 12:35:46,111] [DEBUG] [TEST] Batch 7 | Pred shape: torch.Size([256, 256, 160]) | Label shape: torch.Size([256, 256, 160])
[2026-01-24 12:35:46,257] [DEBUG] [TEST] Batch 8 | Pred shape: torch.Size([256, 256, 160]) | Label shape: torch.Size([256, 256, 160])
[2026-01-24 12:35:46,510] [DEBUG] [TEST] Batch 9 | Pred shape: torch.Size([256, 256, 160]) | Label shape: torch.Size([256, 256, 160])
[2026-01-24 12:35:46,711] [DEBUG] [TEST] Batch 10 | Pred shape: torch.Size([256, 256, 160]) | Label shape: torch.Size([256, 256, 160])
[2026-01-24 12:35:54,044] [INFO] [FIT] Final model saved to: Revision2/Run_UNET_IID_Fedavg_20260124/Client4/model_final.pth
[2026-01-24 12:35:54,053] [INFO] [COMM][CLIENT] Round=-1 Mode=FEDAVG UsedSparsity=0 UsedClusters=0 BaselineBits=154016352.0 CompressedBits=154016352.0 CR=1.000
[2026-01-24 12:37:07,189] [INFO] [EVALUATE] Starting evaluation...
[2026-01-24 12:37:09,116] [INFO] [DEBUG] Loaded uncompressed weights.
[2026-01-24 12:38:18,514] [INFO] Model initialized on device: cuda:0
[2026-01-24 12:38:18,514] [INFO] [CLIENT INIT] Mode=FEDAVG | Sparsity=OFF (UsedSparsity=0) | Clusters=OFF (UsedClusters=0) | EnvSparsityCfg={'Conv': 0.6, 'Linear': 0.6, 'Bias': 0.0, 'BatchNorm': 0.0} | EnvNClusters=3
[2026-01-24 12:38:18,675] [INFO] Model initialized on device: cuda:0
[2026-01-24 12:38:18,675] [INFO] [CLIENT INIT] Mode=FEDAVG | Sparsity=OFF (UsedSparsity=0) | Clusters=OFF (UsedClusters=0) | EnvSparsityCfg={'Conv': 0.6, 'Linear': 0.6, 'Bias': 0.0, 'BatchNorm': 0.0} | EnvNClusters=3
[2026-01-24 12:38:18,684] [INFO] Model initialized on device: cuda:0
[2026-01-24 12:38:18,684] [INFO] [CLIENT INIT] Mode=FEDAVG | Sparsity=OFF (UsedSparsity=0) | Clusters=OFF (UsedClusters=0) | EnvSparsityCfg={'Conv': 0.6, 'Linear': 0.6, 'Bias': 0.0, 'BatchNorm': 0.0} | EnvNClusters=3
[2026-01-24 12:38:18,911] [INFO] Model initialized on device: cuda:0
[2026-01-24 12:38:18,911] [INFO] [CLIENT INIT] Mode=FEDAVG | Sparsity=OFF (UsedSparsity=0) | Clusters=OFF (UsedClusters=0) | EnvSparsityCfg={'Conv': 0.6, 'Linear': 0.6, 'Bias': 0.0, 'BatchNorm': 0.0} | EnvNClusters=3
[2026-01-24 12:38:19,514] [INFO] Model initialized on device: cuda:0
[2026-01-24 12:38:19,514] [INFO] [CLIENT INIT] Mode=FEDAVG | Sparsity=OFF (UsedSparsity=0) | Clusters=OFF (UsedClusters=0) | EnvSparsityCfg={'Conv': 0.6, 'Linear': 0.6, 'Bias': 0.0, 'BatchNorm': 0.0} | EnvNClusters=3
[2026-01-24 12:38:19,543] [INFO] Model initialized on device: cuda:0
[2026-01-24 12:38:19,544] [INFO] [CLIENT INIT] Mode=FEDAVG | Sparsity=OFF (UsedSparsity=0) | Clusters=OFF (UsedClusters=0) | EnvSparsityCfg={'Conv': 0.6, 'Linear': 0.6, 'Bias': 0.0, 'BatchNorm': 0.0} | EnvNClusters=3
[2026-01-24 12:38:19,633] [INFO] Model initialized on device: cuda:0
[2026-01-24 12:38:19,633] [INFO] [CLIENT INIT] Mode=FEDAVG | Sparsity=OFF (UsedSparsity=0) | Clusters=OFF (UsedClusters=0) | EnvSparsityCfg={'Conv': 0.6, 'Linear': 0.6, 'Bias': 0.0, 'BatchNorm': 0.0} | EnvNClusters=3
[2026-01-24 12:38:19,734] [INFO] Model initialized on device: cuda:0
[2026-01-24 12:38:19,734] [INFO] [CLIENT INIT] Mode=FEDAVG | Sparsity=OFF (UsedSparsity=0) | Clusters=OFF (UsedClusters=0) | EnvSparsityCfg={'Conv': 0.6, 'Linear': 0.6, 'Bias': 0.0, 'BatchNorm': 0.0} | EnvNClusters=3
[2026-01-24 12:38:19,817] [INFO] Model initialized on device: cuda:0
[2026-01-24 12:38:19,818] [INFO] [CLIENT INIT] Mode=FEDAVG | Sparsity=OFF (UsedSparsity=0) | Clusters=OFF (UsedClusters=0) | EnvSparsityCfg={'Conv': 0.6, 'Linear': 0.6, 'Bias': 0.0, 'BatchNorm': 0.0} | EnvNClusters=3
[2026-01-24 12:38:19,843] [INFO] Model initialized on device: cuda:0
[2026-01-24 12:38:19,843] [INFO] [CLIENT INIT] Mode=FEDAVG | Sparsity=OFF (UsedSparsity=0) | Clusters=OFF (UsedClusters=0) | EnvSparsityCfg={'Conv': 0.6, 'Linear': 0.6, 'Bias': 0.0, 'BatchNorm': 0.0} | EnvNClusters=3
[2026-01-24 12:38:26,553] [DEBUG] [TEST] Batch 1 | Pred shape: torch.Size([256, 256, 160]) | Label shape: torch.Size([256, 256, 160])
[2026-01-24 12:38:26,774] [DEBUG] [TEST] Batch 2 | Pred shape: torch.Size([256, 256, 160]) | Label shape: torch.Size([256, 256, 160])
[2026-01-24 12:38:27,013] [DEBUG] [TEST] Batch 3 | Pred shape: torch.Size([256, 256, 160]) | Label shape: torch.Size([256, 256, 160])
[2026-01-24 12:38:27,258] [DEBUG] [TEST] Batch 4 | Pred shape: torch.Size([256, 256, 160]) | Label shape: torch.Size([256, 256, 160])
[2026-01-24 12:38:27,498] [DEBUG] [TEST] Batch 5 | Pred shape: torch.Size([256, 256, 160]) | Label shape: torch.Size([256, 256, 160])
[2026-01-24 12:38:27,735] [DEBUG] [TEST] Batch 6 | Pred shape: torch.Size([256, 256, 160]) | Label shape: torch.Size([256, 256, 160])
[2026-01-24 12:38:27,967] [DEBUG] [TEST] Batch 7 | Pred shape: torch.Size([256, 256, 160]) | Label shape: torch.Size([256, 256, 160])
[2026-01-24 12:38:28,186] [DEBUG] [TEST] Batch 8 | Pred shape: torch.Size([256, 256, 160]) | Label shape: torch.Size([256, 256, 160])
[2026-01-24 12:38:28,346] [DEBUG] [TEST] Batch 9 | Pred shape: torch.Size([256, 256, 160]) | Label shape: torch.Size([256, 256, 160])
[2026-01-24 12:38:28,461] [DEBUG] [TEST] Batch 10 | Pred shape: torch.Size([256, 256, 160]) | Label shape: torch.Size([256, 256, 160])
[2026-01-24 12:38:37,127] [INFO] [EVALUATE] Dice WT: 0.2900
[2026-01-24 12:38:38,415] [INFO] [FIT] Received parameters. Starting local training...
[2026-01-24 12:38:40,920] [INFO] [DEBUG] Loaded uncompressed weights.
[2026-01-24 12:39:49,843] [INFO] Model initialized on device: cuda:0
[2026-01-24 12:39:49,843] [INFO] [CLIENT INIT] Mode=FEDAVG | Sparsity=OFF (UsedSparsity=0) | Clusters=OFF (UsedClusters=0) | EnvSparsityCfg={'Conv': 0.6, 'Linear': 0.6, 'Bias': 0.0, 'BatchNorm': 0.0} | EnvNClusters=3
[2026-01-24 12:39:49,919] [INFO] Model initialized on device: cuda:0
[2026-01-24 12:39:49,920] [INFO] [CLIENT INIT] Mode=FEDAVG | Sparsity=OFF (UsedSparsity=0) | Clusters=OFF (UsedClusters=0) | EnvSparsityCfg={'Conv': 0.6, 'Linear': 0.6, 'Bias': 0.0, 'BatchNorm': 0.0} | EnvNClusters=3
[2026-01-24 12:39:50,817] [INFO] Model initialized on device: cuda:0
[2026-01-24 12:39:50,817] [INFO] [CLIENT INIT] Mode=FEDAVG | Sparsity=OFF (UsedSparsity=0) | Clusters=OFF (UsedClusters=0) | EnvSparsityCfg={'Conv': 0.6, 'Linear': 0.6, 'Bias': 0.0, 'BatchNorm': 0.0} | EnvNClusters=3
[2026-01-24 12:39:50,908] [INFO] Model initialized on device: cuda:0
[2026-01-24 12:39:50,908] [INFO] [CLIENT INIT] Mode=FEDAVG | Sparsity=OFF (UsedSparsity=0) | Clusters=OFF (UsedClusters=0) | EnvSparsityCfg={'Conv': 0.6, 'Linear': 0.6, 'Bias': 0.0, 'BatchNorm': 0.0} | EnvNClusters=3
[2026-01-24 12:39:50,913] [INFO] Model initialized on device: cuda:0
[2026-01-24 12:39:50,913] [INFO] [CLIENT INIT] Mode=FEDAVG | Sparsity=OFF (UsedSparsity=0) | Clusters=OFF (UsedClusters=0) | EnvSparsityCfg={'Conv': 0.6, 'Linear': 0.6, 'Bias': 0.0, 'BatchNorm': 0.0} | EnvNClusters=3
[2026-01-24 12:39:50,932] [INFO] Model initialized on device: cuda:0
[2026-01-24 12:39:50,933] [INFO] [CLIENT INIT] Mode=FEDAVG | Sparsity=OFF (UsedSparsity=0) | Clusters=OFF (UsedClusters=0) | EnvSparsityCfg={'Conv': 0.6, 'Linear': 0.6, 'Bias': 0.0, 'BatchNorm': 0.0} | EnvNClusters=3
[2026-01-24 12:39:50,944] [INFO] Model initialized on device: cuda:0
[2026-01-24 12:39:50,944] [INFO] [CLIENT INIT] Mode=FEDAVG | Sparsity=OFF (UsedSparsity=0) | Clusters=OFF (UsedClusters=0) | EnvSparsityCfg={'Conv': 0.6, 'Linear': 0.6, 'Bias': 0.0, 'BatchNorm': 0.0} | EnvNClusters=3
[2026-01-24 12:39:51,110] [INFO] Model initialized on device: cuda:0
[2026-01-24 12:39:51,111] [INFO] [CLIENT INIT] Mode=FEDAVG | Sparsity=OFF (UsedSparsity=0) | Clusters=OFF (UsedClusters=0) | EnvSparsityCfg={'Conv': 0.6, 'Linear': 0.6, 'Bias': 0.0, 'BatchNorm': 0.0} | EnvNClusters=3
[2026-01-24 12:39:51,113] [INFO] Model initialized on device: cuda:0
[2026-01-24 12:39:51,113] [INFO] [CLIENT INIT] Mode=FEDAVG | Sparsity=OFF (UsedSparsity=0) | Clusters=OFF (UsedClusters=0) | EnvSparsityCfg={'Conv': 0.6, 'Linear': 0.6, 'Bias': 0.0, 'BatchNorm': 0.0} | EnvNClusters=3
[2026-01-24 12:39:51,122] [INFO] Model initialized on device: cuda:0
[2026-01-24 12:39:51,122] [INFO] [CLIENT INIT] Mode=FEDAVG | Sparsity=OFF (UsedSparsity=0) | Clusters=OFF (UsedClusters=0) | EnvSparsityCfg={'Conv': 0.6, 'Linear': 0.6, 'Bias': 0.0, 'BatchNorm': 0.0} | EnvNClusters=3
[2026-01-24 12:41:05,417] [INFO] [TRAIN] Epoch 1 Loss: 0.8743
[2026-01-24 12:41:54,849] [INFO] Model initialized on device: cuda:0
[2026-01-24 12:41:54,849] [INFO] [CLIENT INIT] Mode=FEDAVG | Sparsity=OFF (UsedSparsity=0) | Clusters=OFF (UsedClusters=0) | EnvSparsityCfg={'Conv': 0.6, 'Linear': 0.6, 'Bias': 0.0, 'BatchNorm': 0.0} | EnvNClusters=3
[2026-01-24 12:41:55,941] [INFO] Model initialized on device: cuda:0
[2026-01-24 12:41:55,941] [INFO] [CLIENT INIT] Mode=FEDAVG | Sparsity=OFF (UsedSparsity=0) | Clusters=OFF (UsedClusters=0) | EnvSparsityCfg={'Conv': 0.6, 'Linear': 0.6, 'Bias': 0.0, 'BatchNorm': 0.0} | EnvNClusters=3
[2026-01-24 12:41:56,847] [INFO] Model initialized on device: cuda:0
[2026-01-24 12:41:56,847] [INFO] [CLIENT INIT] Mode=FEDAVG | Sparsity=OFF (UsedSparsity=0) | Clusters=OFF (UsedClusters=0) | EnvSparsityCfg={'Conv': 0.6, 'Linear': 0.6, 'Bias': 0.0, 'BatchNorm': 0.0} | EnvNClusters=3
[2026-01-24 12:41:57,418] [INFO] Model initialized on device: cuda:0
[2026-01-24 12:41:57,418] [INFO] [CLIENT INIT] Mode=FEDAVG | Sparsity=OFF (UsedSparsity=0) | Clusters=OFF (UsedClusters=0) | EnvSparsityCfg={'Conv': 0.6, 'Linear': 0.6, 'Bias': 0.0, 'BatchNorm': 0.0} | EnvNClusters=3
[2026-01-24 12:41:58,619] [INFO] Model initialized on device: cuda:0
[2026-01-24 12:41:58,619] [INFO] [CLIENT INIT] Mode=FEDAVG | Sparsity=OFF (UsedSparsity=0) | Clusters=OFF (UsedClusters=0) | EnvSparsityCfg={'Conv': 0.6, 'Linear': 0.6, 'Bias': 0.0, 'BatchNorm': 0.0} | EnvNClusters=3
[2026-01-24 12:42:06,616] [INFO] Model initialized on device: cuda:0
[2026-01-24 12:42:06,616] [INFO] [CLIENT INIT] Mode=FEDAVG | Sparsity=OFF (UsedSparsity=0) | Clusters=OFF (UsedClusters=0) | EnvSparsityCfg={'Conv': 0.6, 'Linear': 0.6, 'Bias': 0.0, 'BatchNorm': 0.0} | EnvNClusters=3
[2026-01-24 12:42:10,240] [INFO] Model initialized on device: cuda:0
[2026-01-24 12:42:10,240] [INFO] [CLIENT INIT] Mode=FEDAVG | Sparsity=OFF (UsedSparsity=0) | Clusters=OFF (UsedClusters=0) | EnvSparsityCfg={'Conv': 0.6, 'Linear': 0.6, 'Bias': 0.0, 'BatchNorm': 0.0} | EnvNClusters=3
[2026-01-24 12:42:10,812] [INFO] Model initialized on device: cuda:0
[2026-01-24 12:42:10,812] [INFO] [CLIENT INIT] Mode=FEDAVG | Sparsity=OFF (UsedSparsity=0) | Clusters=OFF (UsedClusters=0) | EnvSparsityCfg={'Conv': 0.6, 'Linear': 0.6, 'Bias': 0.0, 'BatchNorm': 0.0} | EnvNClusters=3
[2026-01-24 12:42:12,514] [INFO] Model initialized on device: cuda:0
[2026-01-24 12:42:12,514] [INFO] [CLIENT INIT] Mode=FEDAVG | Sparsity=OFF (UsedSparsity=0) | Clusters=OFF (UsedClusters=0) | EnvSparsityCfg={'Conv': 0.6, 'Linear': 0.6, 'Bias': 0.0, 'BatchNorm': 0.0} | EnvNClusters=3
[2026-01-24 12:42:12,915] [INFO] Model initialized on device: cuda:0
[2026-01-24 12:42:12,915] [INFO] [CLIENT INIT] Mode=FEDAVG | Sparsity=OFF (UsedSparsity=0) | Clusters=OFF (UsedClusters=0) | EnvSparsityCfg={'Conv': 0.6, 'Linear': 0.6, 'Bias': 0.0, 'BatchNorm': 0.0} | EnvNClusters=3
[2026-01-24 12:43:16,608] [INFO] [TRAIN] Epoch 2 Loss: 0.8695
[2026-01-24 12:44:12,258] [INFO] Model initialized on device: cuda:0
[2026-01-24 12:44:12,259] [INFO] [CLIENT INIT] Mode=FEDAVG | Sparsity=OFF (UsedSparsity=0) | Clusters=OFF (UsedClusters=0) | EnvSparsityCfg={'Conv': 0.6, 'Linear': 0.6, 'Bias': 0.0, 'BatchNorm': 0.0} | EnvNClusters=3
[2026-01-24 12:44:12,475] [INFO] Model initialized on device: cuda:0
[2026-01-24 12:44:12,475] [INFO] [CLIENT INIT] Mode=FEDAVG | Sparsity=OFF (UsedSparsity=0) | Clusters=OFF (UsedClusters=0) | EnvSparsityCfg={'Conv': 0.6, 'Linear': 0.6, 'Bias': 0.0, 'BatchNorm': 0.0} | EnvNClusters=3
[2026-01-24 12:44:12,562] [INFO] Model initialized on device: cuda:0
[2026-01-24 12:44:12,563] [INFO] [CLIENT INIT] Mode=FEDAVG | Sparsity=OFF (UsedSparsity=0) | Clusters=OFF (UsedClusters=0) | EnvSparsityCfg={'Conv': 0.6, 'Linear': 0.6, 'Bias': 0.0, 'BatchNorm': 0.0} | EnvNClusters=3
[2026-01-24 12:44:12,744] [INFO] Model initialized on device: cuda:0
[2026-01-24 12:44:12,745] [INFO] [CLIENT INIT] Mode=FEDAVG | Sparsity=OFF (UsedSparsity=0) | Clusters=OFF (UsedClusters=0) | EnvSparsityCfg={'Conv': 0.6, 'Linear': 0.6, 'Bias': 0.0, 'BatchNorm': 0.0} | EnvNClusters=3
[2026-01-24 12:44:13,725] [INFO] Model initialized on device: cuda:0
[2026-01-24 12:44:13,725] [INFO] [CLIENT INIT] Mode=FEDAVG | Sparsity=OFF (UsedSparsity=0) | Clusters=OFF (UsedClusters=0) | EnvSparsityCfg={'Conv': 0.6, 'Linear': 0.6, 'Bias': 0.0, 'BatchNorm': 0.0} | EnvNClusters=3
[2026-01-24 12:44:14,661] [INFO] Model initialized on device: cuda:0
[2026-01-24 12:44:14,661] [INFO] [CLIENT INIT] Mode=FEDAVG | Sparsity=OFF (UsedSparsity=0) | Clusters=OFF (UsedClusters=0) | EnvSparsityCfg={'Conv': 0.6, 'Linear': 0.6, 'Bias': 0.0, 'BatchNorm': 0.0} | EnvNClusters=3
[2026-01-24 12:44:15,036] [INFO] Model initialized on device: cuda:0
[2026-01-24 12:44:15,036] [INFO] [CLIENT INIT] Mode=FEDAVG | Sparsity=OFF (UsedSparsity=0) | Clusters=OFF (UsedClusters=0) | EnvSparsityCfg={'Conv': 0.6, 'Linear': 0.6, 'Bias': 0.0, 'BatchNorm': 0.0} | EnvNClusters=3
[2026-01-24 12:44:15,418] [INFO] Model initialized on device: cuda:0
[2026-01-24 12:44:15,418] [INFO] [CLIENT INIT] Mode=FEDAVG | Sparsity=OFF (UsedSparsity=0) | Clusters=OFF (UsedClusters=0) | EnvSparsityCfg={'Conv': 0.6, 'Linear': 0.6, 'Bias': 0.0, 'BatchNorm': 0.0} | EnvNClusters=3
[2026-01-24 12:44:15,418] [INFO] Model initialized on device: cuda:0
[2026-01-24 12:44:15,418] [INFO] [CLIENT INIT] Mode=FEDAVG | Sparsity=OFF (UsedSparsity=0) | Clusters=OFF (UsedClusters=0) | EnvSparsityCfg={'Conv': 0.6, 'Linear': 0.6, 'Bias': 0.0, 'BatchNorm': 0.0} | EnvNClusters=3
[2026-01-24 12:44:17,023] [INFO] Model initialized on device: cuda:0
[2026-01-24 12:44:17,023] [INFO] [CLIENT INIT] Mode=FEDAVG | Sparsity=OFF (UsedSparsity=0) | Clusters=OFF (UsedClusters=0) | EnvSparsityCfg={'Conv': 0.6, 'Linear': 0.6, 'Bias': 0.0, 'BatchNorm': 0.0} | EnvNClusters=3
[2026-01-24 12:45:18,318] [INFO] [TRAIN] Epoch 3 Loss: 0.8619
[2026-01-24 12:46:01,726] [INFO] Model initialized on device: cuda:0
[2026-01-24 12:46:01,726] [INFO] [CLIENT INIT] Mode=FEDAVG | Sparsity=OFF (UsedSparsity=0) | Clusters=OFF (UsedClusters=0) | EnvSparsityCfg={'Conv': 0.6, 'Linear': 0.6, 'Bias': 0.0, 'BatchNorm': 0.0} | EnvNClusters=3
[2026-01-24 12:46:02,519] [INFO] Model initialized on device: cuda:0
[2026-01-24 12:46:02,519] [INFO] [CLIENT INIT] Mode=FEDAVG | Sparsity=OFF (UsedSparsity=0) | Clusters=OFF (UsedClusters=0) | EnvSparsityCfg={'Conv': 0.6, 'Linear': 0.6, 'Bias': 0.0, 'BatchNorm': 0.0} | EnvNClusters=3
[2026-01-24 12:46:03,226] [INFO] Model initialized on device: cuda:0
[2026-01-24 12:46:03,226] [INFO] [CLIENT INIT] Mode=FEDAVG | Sparsity=OFF (UsedSparsity=0) | Clusters=OFF (UsedClusters=0) | EnvSparsityCfg={'Conv': 0.6, 'Linear': 0.6, 'Bias': 0.0, 'BatchNorm': 0.0} | EnvNClusters=3
[2026-01-24 12:46:07,221] [INFO] Model initialized on device: cuda:0
[2026-01-24 12:46:07,221] [INFO] [CLIENT INIT] Mode=FEDAVG | Sparsity=OFF (UsedSparsity=0) | Clusters=OFF (UsedClusters=0) | EnvSparsityCfg={'Conv': 0.6, 'Linear': 0.6, 'Bias': 0.0, 'BatchNorm': 0.0} | EnvNClusters=3
[2026-01-24 12:46:07,330] [INFO] Model initialized on device: cuda:0
[2026-01-24 12:46:07,330] [INFO] [CLIENT INIT] Mode=FEDAVG | Sparsity=OFF (UsedSparsity=0) | Clusters=OFF (UsedClusters=0) | EnvSparsityCfg={'Conv': 0.6, 'Linear': 0.6, 'Bias': 0.0, 'BatchNorm': 0.0} | EnvNClusters=3
[2026-01-24 12:46:09,112] [INFO] Model initialized on device: cuda:0
[2026-01-24 12:46:09,112] [INFO] [CLIENT INIT] Mode=FEDAVG | Sparsity=OFF (UsedSparsity=0) | Clusters=OFF (UsedClusters=0) | EnvSparsityCfg={'Conv': 0.6, 'Linear': 0.6, 'Bias': 0.0, 'BatchNorm': 0.0} | EnvNClusters=3
[2026-01-24 12:46:14,314] [INFO] Model initialized on device: cuda:0
[2026-01-24 12:46:14,314] [INFO] [CLIENT INIT] Mode=FEDAVG | Sparsity=OFF (UsedSparsity=0) | Clusters=OFF (UsedClusters=0) | EnvSparsityCfg={'Conv': 0.6, 'Linear': 0.6, 'Bias': 0.0, 'BatchNorm': 0.0} | EnvNClusters=3
[2026-01-24 12:46:15,041] [INFO] Model initialized on device: cuda:0
[2026-01-24 12:46:15,042] [INFO] [CLIENT INIT] Mode=FEDAVG | Sparsity=OFF (UsedSparsity=0) | Clusters=OFF (UsedClusters=0) | EnvSparsityCfg={'Conv': 0.6, 'Linear': 0.6, 'Bias': 0.0, 'BatchNorm': 0.0} | EnvNClusters=3
[2026-01-24 12:46:15,310] [INFO] Model initialized on device: cuda:0
[2026-01-24 12:46:15,310] [INFO] [CLIENT INIT] Mode=FEDAVG | Sparsity=OFF (UsedSparsity=0) | Clusters=OFF (UsedClusters=0) | EnvSparsityCfg={'Conv': 0.6, 'Linear': 0.6, 'Bias': 0.0, 'BatchNorm': 0.0} | EnvNClusters=3
[2026-01-24 12:46:15,416] [INFO] Model initialized on device: cuda:0
[2026-01-24 12:46:15,416] [INFO] [CLIENT INIT] Mode=FEDAVG | Sparsity=OFF (UsedSparsity=0) | Clusters=OFF (UsedClusters=0) | EnvSparsityCfg={'Conv': 0.6, 'Linear': 0.6, 'Bias': 0.0, 'BatchNorm': 0.0} | EnvNClusters=3
[2026-01-24 12:47:13,314] [INFO] [TRAIN] Epoch 4 Loss: 0.8543
[2026-01-24 12:47:48,132] [INFO] Model initialized on device: cuda:0
[2026-01-24 12:47:48,132] [INFO] [CLIENT INIT] Mode=FEDAVG | Sparsity=OFF (UsedSparsity=0) | Clusters=OFF (UsedClusters=0) | EnvSparsityCfg={'Conv': 0.6, 'Linear': 0.6, 'Bias': 0.0, 'BatchNorm': 0.0} | EnvNClusters=3
[2026-01-24 12:47:53,115] [INFO] Model initialized on device: cuda:0
[2026-01-24 12:47:53,116] [INFO] [CLIENT INIT] Mode=FEDAVG | Sparsity=OFF (UsedSparsity=0) | Clusters=OFF (UsedClusters=0) | EnvSparsityCfg={'Conv': 0.6, 'Linear': 0.6, 'Bias': 0.0, 'BatchNorm': 0.0} | EnvNClusters=3
[2026-01-24 12:47:53,314] [INFO] Model initialized on device: cuda:0
[2026-01-24 12:47:53,314] [INFO] [CLIENT INIT] Mode=FEDAVG | Sparsity=OFF (UsedSparsity=0) | Clusters=OFF (UsedClusters=0) | EnvSparsityCfg={'Conv': 0.6, 'Linear': 0.6, 'Bias': 0.0, 'BatchNorm': 0.0} | EnvNClusters=3
[2026-01-24 12:47:53,532] [INFO] Model initialized on device: cuda:0
[2026-01-24 12:47:53,533] [INFO] [CLIENT INIT] Mode=FEDAVG | Sparsity=OFF (UsedSparsity=0) | Clusters=OFF (UsedClusters=0) | EnvSparsityCfg={'Conv': 0.6, 'Linear': 0.6, 'Bias': 0.0, 'BatchNorm': 0.0} | EnvNClusters=3
[2026-01-24 12:47:53,711] [INFO] Model initialized on device: cuda:0
[2026-01-24 12:47:53,711] [INFO] [CLIENT INIT] Mode=FEDAVG | Sparsity=OFF (UsedSparsity=0) | Clusters=OFF (UsedClusters=0) | EnvSparsityCfg={'Conv': 0.6, 'Linear': 0.6, 'Bias': 0.0, 'BatchNorm': 0.0} | EnvNClusters=3
[2026-01-24 12:47:53,725] [INFO] Model initialized on device: cuda:0
[2026-01-24 12:47:53,725] [INFO] [CLIENT INIT] Mode=FEDAVG | Sparsity=OFF (UsedSparsity=0) | Clusters=OFF (UsedClusters=0) | EnvSparsityCfg={'Conv': 0.6, 'Linear': 0.6, 'Bias': 0.0, 'BatchNorm': 0.0} | EnvNClusters=3
[2026-01-24 12:47:53,811] [INFO] Model initialized on device: cuda:0
[2026-01-24 12:47:53,811] [INFO] [CLIENT INIT] Mode=FEDAVG | Sparsity=OFF (UsedSparsity=0) | Clusters=OFF (UsedClusters=0) | EnvSparsityCfg={'Conv': 0.6, 'Linear': 0.6, 'Bias': 0.0, 'BatchNorm': 0.0} | EnvNClusters=3
[2026-01-24 12:47:53,812] [INFO] Model initialized on device: cuda:0
[2026-01-24 12:47:53,813] [INFO] [CLIENT INIT] Mode=FEDAVG | Sparsity=OFF (UsedSparsity=0) | Clusters=OFF (UsedClusters=0) | EnvSparsityCfg={'Conv': 0.6, 'Linear': 0.6, 'Bias': 0.0, 'BatchNorm': 0.0} | EnvNClusters=3
[2026-01-24 12:47:53,814] [INFO] Model initialized on device: cuda:0
[2026-01-24 12:47:53,814] [INFO] [CLIENT INIT] Mode=FEDAVG | Sparsity=OFF (UsedSparsity=0) | Clusters=OFF (UsedClusters=0) | EnvSparsityCfg={'Conv': 0.6, 'Linear': 0.6, 'Bias': 0.0, 'BatchNorm': 0.0} | EnvNClusters=3
[2026-01-24 12:47:53,818] [INFO] Model initialized on device: cuda:0
[2026-01-24 12:47:53,818] [INFO] [CLIENT INIT] Mode=FEDAVG | Sparsity=OFF (UsedSparsity=0) | Clusters=OFF (UsedClusters=0) | EnvSparsityCfg={'Conv': 0.6, 'Linear': 0.6, 'Bias': 0.0, 'BatchNorm': 0.0} | EnvNClusters=3
[2026-01-24 12:48:52,852] [INFO] [TRAIN] Epoch 5 Loss: 0.8465
[2026-01-24 12:48:52,853] [INFO] [FIT] Local training finished. Avg Loss: 0.8613
[2026-01-24 12:49:16,587] [INFO] Model initialized on device: cuda:0
[2026-01-24 12:49:16,588] [INFO] [CLIENT INIT] Mode=FEDAVG | Sparsity=OFF (UsedSparsity=0) | Clusters=OFF (UsedClusters=0) | EnvSparsityCfg={'Conv': 0.6, 'Linear': 0.6, 'Bias': 0.0, 'BatchNorm': 0.0} | EnvNClusters=3
[2026-01-24 12:49:17,014] [INFO] Model initialized on device: cuda:0
[2026-01-24 12:49:17,014] [INFO] [CLIENT INIT] Mode=FEDAVG | Sparsity=OFF (UsedSparsity=0) | Clusters=OFF (UsedClusters=0) | EnvSparsityCfg={'Conv': 0.6, 'Linear': 0.6, 'Bias': 0.0, 'BatchNorm': 0.0} | EnvNClusters=3
[2026-01-24 12:49:17,033] [INFO] Model initialized on device: cuda:0
[2026-01-24 12:49:17,033] [INFO] [CLIENT INIT] Mode=FEDAVG | Sparsity=OFF (UsedSparsity=0) | Clusters=OFF (UsedClusters=0) | EnvSparsityCfg={'Conv': 0.6, 'Linear': 0.6, 'Bias': 0.0, 'BatchNorm': 0.0} | EnvNClusters=3
[2026-01-24 12:49:17,242] [INFO] Model initialized on device: cuda:0
[2026-01-24 12:49:17,243] [INFO] [CLIENT INIT] Mode=FEDAVG | Sparsity=OFF (UsedSparsity=0) | Clusters=OFF (UsedClusters=0) | EnvSparsityCfg={'Conv': 0.6, 'Linear': 0.6, 'Bias': 0.0, 'BatchNorm': 0.0} | EnvNClusters=3
[2026-01-24 12:49:17,375] [INFO] Model initialized on device: cuda:0
[2026-01-24 12:49:17,375] [INFO] [CLIENT INIT] Mode=FEDAVG | Sparsity=OFF (UsedSparsity=0) | Clusters=OFF (UsedClusters=0) | EnvSparsityCfg={'Conv': 0.6, 'Linear': 0.6, 'Bias': 0.0, 'BatchNorm': 0.0} | EnvNClusters=3
[2026-01-24 12:49:17,417] [INFO] Model initialized on device: cuda:0
[2026-01-24 12:49:17,417] [INFO] [CLIENT INIT] Mode=FEDAVG | Sparsity=OFF (UsedSparsity=0) | Clusters=OFF (UsedClusters=0) | EnvSparsityCfg={'Conv': 0.6, 'Linear': 0.6, 'Bias': 0.0, 'BatchNorm': 0.0} | EnvNClusters=3
[2026-01-24 12:49:17,427] [INFO] Model initialized on device: cuda:0
[2026-01-24 12:49:17,428] [INFO] [CLIENT INIT] Mode=FEDAVG | Sparsity=OFF (UsedSparsity=0) | Clusters=OFF (UsedClusters=0) | EnvSparsityCfg={'Conv': 0.6, 'Linear': 0.6, 'Bias': 0.0, 'BatchNorm': 0.0} | EnvNClusters=3
[2026-01-24 12:49:17,436] [INFO] Model initialized on device: cuda:0
[2026-01-24 12:49:17,436] [INFO] [CLIENT INIT] Mode=FEDAVG | Sparsity=OFF (UsedSparsity=0) | Clusters=OFF (UsedClusters=0) | EnvSparsityCfg={'Conv': 0.6, 'Linear': 0.6, 'Bias': 0.0, 'BatchNorm': 0.0} | EnvNClusters=3
[2026-01-24 12:49:17,440] [INFO] Model initialized on device: cuda:0
[2026-01-24 12:49:17,440] [INFO] [CLIENT INIT] Mode=FEDAVG | Sparsity=OFF (UsedSparsity=0) | Clusters=OFF (UsedClusters=0) | EnvSparsityCfg={'Conv': 0.6, 'Linear': 0.6, 'Bias': 0.0, 'BatchNorm': 0.0} | EnvNClusters=3
[2026-01-24 12:49:17,443] [INFO] Model initialized on device: cuda:0
[2026-01-24 12:49:17,443] [INFO] [CLIENT INIT] Mode=FEDAVG | Sparsity=OFF (UsedSparsity=0) | Clusters=OFF (UsedClusters=0) | EnvSparsityCfg={'Conv': 0.6, 'Linear': 0.6, 'Bias': 0.0, 'BatchNorm': 0.0} | EnvNClusters=3
[2026-01-24 12:49:19,915] [DEBUG] [TEST] Batch 1 | Pred shape: torch.Size([256, 256, 160]) | Label shape: torch.Size([256, 256, 160])
[2026-01-24 12:49:20,161] [DEBUG] [TEST] Batch 2 | Pred shape: torch.Size([256, 256, 160]) | Label shape: torch.Size([256, 256, 160])
[2026-01-24 12:49:20,383] [DEBUG] [TEST] Batch 3 | Pred shape: torch.Size([256, 256, 160]) | Label shape: torch.Size([256, 256, 160])
[2026-01-24 12:49:20,489] [DEBUG] [TEST] Batch 4 | Pred shape: torch.Size([256, 256, 160]) | Label shape: torch.Size([256, 256, 160])
[2026-01-24 12:49:20,545] [DEBUG] [TEST] Batch 5 | Pred shape: torch.Size([256, 256, 160]) | Label shape: torch.Size([256, 256, 160])
[2026-01-24 12:49:20,604] [DEBUG] [TEST] Batch 6 | Pred shape: torch.Size([256, 256, 160]) | Label shape: torch.Size([256, 256, 160])
[2026-01-24 12:49:20,663] [DEBUG] [TEST] Batch 7 | Pred shape: torch.Size([256, 256, 160]) | Label shape: torch.Size([256, 256, 160])
[2026-01-24 12:49:20,722] [DEBUG] [TEST] Batch 8 | Pred shape: torch.Size([256, 256, 160]) | Label shape: torch.Size([256, 256, 160])
[2026-01-24 12:49:20,778] [DEBUG] [TEST] Batch 9 | Pred shape: torch.Size([256, 256, 160]) | Label shape: torch.Size([256, 256, 160])
[2026-01-24 12:49:20,839] [DEBUG] [TEST] Batch 10 | Pred shape: torch.Size([256, 256, 160]) | Label shape: torch.Size([256, 256, 160])
[2026-01-24 12:49:23,546] [INFO] [FIT] Final model saved to: Revision2/Run_UNET_IID_Fedavg_20260124/Client4/model_final.pth
[2026-01-24 12:49:23,554] [INFO] [COMM][CLIENT] Round=-1 Mode=FEDAVG UsedSparsity=0 UsedClusters=0 BaselineBits=154016352.0 CompressedBits=154016352.0 CR=1.000
[2026-01-24 12:49:47,520] [INFO] [EVALUATE] Starting evaluation...
[2026-01-24 12:49:49,113] [INFO] [DEBUG] Loaded uncompressed weights.
[2026-01-24 12:50:57,350] [INFO] Model initialized on device: cuda:0
[2026-01-24 12:50:57,350] [INFO] [CLIENT INIT] Mode=FEDAVG | Sparsity=OFF (UsedSparsity=0) | Clusters=OFF (UsedClusters=0) | EnvSparsityCfg={'Conv': 0.6, 'Linear': 0.6, 'Bias': 0.0, 'BatchNorm': 0.0} | EnvNClusters=3
[2026-01-24 12:50:58,418] [INFO] Model initialized on device: cuda:0
[2026-01-24 12:50:58,418] [INFO] [CLIENT INIT] Mode=FEDAVG | Sparsity=OFF (UsedSparsity=0) | Clusters=OFF (UsedClusters=0) | EnvSparsityCfg={'Conv': 0.6, 'Linear': 0.6, 'Bias': 0.0, 'BatchNorm': 0.0} | EnvNClusters=3
[2026-01-24 12:50:58,444] [INFO] Model initialized on device: cuda:0
[2026-01-24 12:50:58,444] [INFO] [CLIENT INIT] Mode=FEDAVG | Sparsity=OFF (UsedSparsity=0) | Clusters=OFF (UsedClusters=0) | EnvSparsityCfg={'Conv': 0.6, 'Linear': 0.6, 'Bias': 0.0, 'BatchNorm': 0.0} | EnvNClusters=3
[2026-01-24 12:50:58,508] [INFO] Model initialized on device: cuda:0
[2026-01-24 12:50:58,509] [INFO] [CLIENT INIT] Mode=FEDAVG | Sparsity=OFF (UsedSparsity=0) | Clusters=OFF (UsedClusters=0) | EnvSparsityCfg={'Conv': 0.6, 'Linear': 0.6, 'Bias': 0.0, 'BatchNorm': 0.0} | EnvNClusters=3
[2026-01-24 12:50:58,522] [INFO] Model initialized on device: cuda:0
[2026-01-24 12:50:58,522] [INFO] [CLIENT INIT] Mode=FEDAVG | Sparsity=OFF (UsedSparsity=0) | Clusters=OFF (UsedClusters=0) | EnvSparsityCfg={'Conv': 0.6, 'Linear': 0.6, 'Bias': 0.0, 'BatchNorm': 0.0} | EnvNClusters=3
[2026-01-24 12:50:58,531] [INFO] Model initialized on device: cuda:0
[2026-01-24 12:50:58,532] [INFO] [CLIENT INIT] Mode=FEDAVG | Sparsity=OFF (UsedSparsity=0) | Clusters=OFF (UsedClusters=0) | EnvSparsityCfg={'Conv': 0.6, 'Linear': 0.6, 'Bias': 0.0, 'BatchNorm': 0.0} | EnvNClusters=3
[2026-01-24 12:50:58,541] [INFO] Model initialized on device: cuda:0
[2026-01-24 12:50:58,541] [INFO] [CLIENT INIT] Mode=FEDAVG | Sparsity=OFF (UsedSparsity=0) | Clusters=OFF (UsedClusters=0) | EnvSparsityCfg={'Conv': 0.6, 'Linear': 0.6, 'Bias': 0.0, 'BatchNorm': 0.0} | EnvNClusters=3
[2026-01-24 12:50:58,545] [INFO] Model initialized on device: cuda:0
[2026-01-24 12:50:58,545] [INFO] [CLIENT INIT] Mode=FEDAVG | Sparsity=OFF (UsedSparsity=0) | Clusters=OFF (UsedClusters=0) | EnvSparsityCfg={'Conv': 0.6, 'Linear': 0.6, 'Bias': 0.0, 'BatchNorm': 0.0} | EnvNClusters=3
[2026-01-24 12:50:58,636] [INFO] Model initialized on device: cuda:0
[2026-01-24 12:50:58,636] [INFO] [CLIENT INIT] Mode=FEDAVG | Sparsity=OFF (UsedSparsity=0) | Clusters=OFF (UsedClusters=0) | EnvSparsityCfg={'Conv': 0.6, 'Linear': 0.6, 'Bias': 0.0, 'BatchNorm': 0.0} | EnvNClusters=3
[2026-01-24 12:50:58,642] [INFO] Model initialized on device: cuda:0
[2026-01-24 12:50:58,642] [INFO] [CLIENT INIT] Mode=FEDAVG | Sparsity=OFF (UsedSparsity=0) | Clusters=OFF (UsedClusters=0) | EnvSparsityCfg={'Conv': 0.6, 'Linear': 0.6, 'Bias': 0.0, 'BatchNorm': 0.0} | EnvNClusters=3
[2026-01-24 12:51:06,396] [DEBUG] [TEST] Batch 1 | Pred shape: torch.Size([256, 256, 160]) | Label shape: torch.Size([256, 256, 160])
[2026-01-24 12:51:06,609] [DEBUG] [TEST] Batch 2 | Pred shape: torch.Size([256, 256, 160]) | Label shape: torch.Size([256, 256, 160])
[2026-01-24 12:51:06,821] [DEBUG] [TEST] Batch 3 | Pred shape: torch.Size([256, 256, 160]) | Label shape: torch.Size([256, 256, 160])
[2026-01-24 12:51:07,034] [DEBUG] [TEST] Batch 4 | Pred shape: torch.Size([256, 256, 160]) | Label shape: torch.Size([256, 256, 160])
[2026-01-24 12:51:07,189] [DEBUG] [TEST] Batch 5 | Pred shape: torch.Size([256, 256, 160]) | Label shape: torch.Size([256, 256, 160])
[2026-01-24 12:51:07,361] [DEBUG] [TEST] Batch 6 | Pred shape: torch.Size([256, 256, 160]) | Label shape: torch.Size([256, 256, 160])
[2026-01-24 12:51:07,422] [DEBUG] [TEST] Batch 7 | Pred shape: torch.Size([256, 256, 160]) | Label shape: torch.Size([256, 256, 160])
[2026-01-24 12:51:07,515] [DEBUG] [TEST] Batch 8 | Pred shape: torch.Size([256, 256, 160]) | Label shape: torch.Size([256, 256, 160])
[2026-01-24 12:51:07,615] [DEBUG] [TEST] Batch 9 | Pred shape: torch.Size([256, 256, 160]) | Label shape: torch.Size([256, 256, 160])
[2026-01-24 12:51:07,715] [DEBUG] [TEST] Batch 10 | Pred shape: torch.Size([256, 256, 160]) | Label shape: torch.Size([256, 256, 160])
[2026-01-24 12:51:15,917] [INFO] [EVALUATE] Dice WT: 0.7986
[2026-01-24 12:51:17,515] [INFO] [FIT] Received parameters. Starting local training...
[2026-01-24 12:51:19,915] [INFO] [DEBUG] Loaded uncompressed weights.
[2026-01-24 12:52:28,260] [INFO] Model initialized on device: cuda:0
[2026-01-24 12:52:28,260] [INFO] [CLIENT INIT] Mode=FEDAVG | Sparsity=OFF (UsedSparsity=0) | Clusters=OFF (UsedClusters=0) | EnvSparsityCfg={'Conv': 0.6, 'Linear': 0.6, 'Bias': 0.0, 'BatchNorm': 0.0} | EnvNClusters=3
[2026-01-24 12:52:28,450] [INFO] Model initialized on device: cuda:0
[2026-01-24 12:52:28,450] [INFO] [CLIENT INIT] Mode=FEDAVG | Sparsity=OFF (UsedSparsity=0) | Clusters=OFF (UsedClusters=0) | EnvSparsityCfg={'Conv': 0.6, 'Linear': 0.6, 'Bias': 0.0, 'BatchNorm': 0.0} | EnvNClusters=3
[2026-01-24 12:52:29,513] [INFO] Model initialized on device: cuda:0
[2026-01-24 12:52:29,513] [INFO] [CLIENT INIT] Mode=FEDAVG | Sparsity=OFF (UsedSparsity=0) | Clusters=OFF (UsedClusters=0) | EnvSparsityCfg={'Conv': 0.6, 'Linear': 0.6, 'Bias': 0.0, 'BatchNorm': 0.0} | EnvNClusters=3
[2026-01-24 12:52:29,611] [INFO] Model initialized on device: cuda:0
[2026-01-24 12:52:29,611] [INFO] [CLIENT INIT] Mode=FEDAVG | Sparsity=OFF (UsedSparsity=0) | Clusters=OFF (UsedClusters=0) | EnvSparsityCfg={'Conv': 0.6, 'Linear': 0.6, 'Bias': 0.0, 'BatchNorm': 0.0} | EnvNClusters=3
[2026-01-24 12:52:29,726] [INFO] Model initialized on device: cuda:0
[2026-01-24 12:52:29,726] [INFO] [CLIENT INIT] Mode=FEDAVG | Sparsity=OFF (UsedSparsity=0) | Clusters=OFF (UsedClusters=0) | EnvSparsityCfg={'Conv': 0.6, 'Linear': 0.6, 'Bias': 0.0, 'BatchNorm': 0.0} | EnvNClusters=3
[2026-01-24 12:52:29,727] [INFO] Model initialized on device: cuda:0
[2026-01-24 12:52:29,727] [INFO] [CLIENT INIT] Mode=FEDAVG | Sparsity=OFF (UsedSparsity=0) | Clusters=OFF (UsedClusters=0) | EnvSparsityCfg={'Conv': 0.6, 'Linear': 0.6, 'Bias': 0.0, 'BatchNorm': 0.0} | EnvNClusters=3
[2026-01-24 12:52:29,729] [INFO] Model initialized on device: cuda:0
[2026-01-24 12:52:29,729] [INFO] [CLIENT INIT] Mode=FEDAVG | Sparsity=OFF (UsedSparsity=0) | Clusters=OFF (UsedClusters=0) | EnvSparsityCfg={'Conv': 0.6, 'Linear': 0.6, 'Bias': 0.0, 'BatchNorm': 0.0} | EnvNClusters=3
[2026-01-24 12:52:29,813] [INFO] Model initialized on device: cuda:0
[2026-01-24 12:52:29,813] [INFO] [CLIENT INIT] Mode=FEDAVG | Sparsity=OFF (UsedSparsity=0) | Clusters=OFF (UsedClusters=0) | EnvSparsityCfg={'Conv': 0.6, 'Linear': 0.6, 'Bias': 0.0, 'BatchNorm': 0.0} | EnvNClusters=3
[2026-01-24 12:52:29,836] [INFO] Model initialized on device: cuda:0
[2026-01-24 12:52:29,836] [INFO] [CLIENT INIT] Mode=FEDAVG | Sparsity=OFF (UsedSparsity=0) | Clusters=OFF (UsedClusters=0) | EnvSparsityCfg={'Conv': 0.6, 'Linear': 0.6, 'Bias': 0.0, 'BatchNorm': 0.0} | EnvNClusters=3
[2026-01-24 12:52:29,838] [INFO] Model initialized on device: cuda:0
[2026-01-24 12:52:29,838] [INFO] [CLIENT INIT] Mode=FEDAVG | Sparsity=OFF (UsedSparsity=0) | Clusters=OFF (UsedClusters=0) | EnvSparsityCfg={'Conv': 0.6, 'Linear': 0.6, 'Bias': 0.0, 'BatchNorm': 0.0} | EnvNClusters=3
[2026-01-24 12:53:46,670] [INFO] [TRAIN] Epoch 1 Loss: 0.8387
[2026-01-24 12:54:50,253] [INFO] Model initialized on device: cuda:0
[2026-01-24 12:54:50,254] [INFO] [CLIENT INIT] Mode=FEDAVG | Sparsity=OFF (UsedSparsity=0) | Clusters=OFF (UsedClusters=0) | EnvSparsityCfg={'Conv': 0.6, 'Linear': 0.6, 'Bias': 0.0, 'BatchNorm': 0.0} | EnvNClusters=3
[2026-01-24 12:54:50,647] [INFO] Model initialized on device: cuda:0
[2026-01-24 12:54:50,647] [INFO] [CLIENT INIT] Mode=FEDAVG | Sparsity=OFF (UsedSparsity=0) | Clusters=OFF (UsedClusters=0) | EnvSparsityCfg={'Conv': 0.6, 'Linear': 0.6, 'Bias': 0.0, 'BatchNorm': 0.0} | EnvNClusters=3
[2026-01-24 12:54:51,013] [INFO] Model initialized on device: cuda:0
[2026-01-24 12:54:51,013] [INFO] [CLIENT INIT] Mode=FEDAVG | Sparsity=OFF (UsedSparsity=0) | Clusters=OFF (UsedClusters=0) | EnvSparsityCfg={'Conv': 0.6, 'Linear': 0.6, 'Bias': 0.0, 'BatchNorm': 0.0} | EnvNClusters=3
[2026-01-24 12:54:51,425] [INFO] Model initialized on device: cuda:0
[2026-01-24 12:54:51,426] [INFO] [CLIENT INIT] Mode=FEDAVG | Sparsity=OFF (UsedSparsity=0) | Clusters=OFF (UsedClusters=0) | EnvSparsityCfg={'Conv': 0.6, 'Linear': 0.6, 'Bias': 0.0, 'BatchNorm': 0.0} | EnvNClusters=3
[2026-01-24 12:54:51,445] [INFO] Model initialized on device: cuda:0
[2026-01-24 12:54:51,445] [INFO] [CLIENT INIT] Mode=FEDAVG | Sparsity=OFF (UsedSparsity=0) | Clusters=OFF (UsedClusters=0) | EnvSparsityCfg={'Conv': 0.6, 'Linear': 0.6, 'Bias': 0.0, 'BatchNorm': 0.0} | EnvNClusters=3
[2026-01-24 12:54:51,921] [INFO] Model initialized on device: cuda:0
[2026-01-24 12:54:51,922] [INFO] [CLIENT INIT] Mode=FEDAVG | Sparsity=OFF (UsedSparsity=0) | Clusters=OFF (UsedClusters=0) | EnvSparsityCfg={'Conv': 0.6, 'Linear': 0.6, 'Bias': 0.0, 'BatchNorm': 0.0} | EnvNClusters=3
[2026-01-24 12:54:52,237] [INFO] Model initialized on device: cuda:0
[2026-01-24 12:54:52,237] [INFO] [CLIENT INIT] Mode=FEDAVG | Sparsity=OFF (UsedSparsity=0) | Clusters=OFF (UsedClusters=0) | EnvSparsityCfg={'Conv': 0.6, 'Linear': 0.6, 'Bias': 0.0, 'BatchNorm': 0.0} | EnvNClusters=3
[2026-01-24 12:54:52,416] [INFO] Model initialized on device: cuda:0
[2026-01-24 12:54:52,416] [INFO] [CLIENT INIT] Mode=FEDAVG | Sparsity=OFF (UsedSparsity=0) | Clusters=OFF (UsedClusters=0) | EnvSparsityCfg={'Conv': 0.6, 'Linear': 0.6, 'Bias': 0.0, 'BatchNorm': 0.0} | EnvNClusters=3
[2026-01-24 12:54:52,422] [INFO] Model initialized on device: cuda:0
[2026-01-24 12:54:52,423] [INFO] [CLIENT INIT] Mode=FEDAVG | Sparsity=OFF (UsedSparsity=0) | Clusters=OFF (UsedClusters=0) | EnvSparsityCfg={'Conv': 0.6, 'Linear': 0.6, 'Bias': 0.0, 'BatchNorm': 0.0} | EnvNClusters=3
[2026-01-24 12:54:52,424] [INFO] Model initialized on device: cuda:0
[2026-01-24 12:54:52,424] [INFO] [CLIENT INIT] Mode=FEDAVG | Sparsity=OFF (UsedSparsity=0) | Clusters=OFF (UsedClusters=0) | EnvSparsityCfg={'Conv': 0.6, 'Linear': 0.6, 'Bias': 0.0, 'BatchNorm': 0.0} | EnvNClusters=3
[2026-01-24 12:56:01,708] [INFO] [TRAIN] Epoch 2 Loss: 0.8310
[2026-01-24 12:56:46,515] [INFO] Model initialized on device: cuda:0
[2026-01-24 12:56:46,515] [INFO] [CLIENT INIT] Mode=FEDAVG | Sparsity=OFF (UsedSparsity=0) | Clusters=OFF (UsedClusters=0) | EnvSparsityCfg={'Conv': 0.6, 'Linear': 0.6, 'Bias': 0.0, 'BatchNorm': 0.0} | EnvNClusters=3
[2026-01-24 12:56:47,420] [INFO] Model initialized on device: cuda:0
[2026-01-24 12:56:47,420] [INFO] [CLIENT INIT] Mode=FEDAVG | Sparsity=OFF (UsedSparsity=0) | Clusters=OFF (UsedClusters=0) | EnvSparsityCfg={'Conv': 0.6, 'Linear': 0.6, 'Bias': 0.0, 'BatchNorm': 0.0} | EnvNClusters=3
[2026-01-24 12:56:50,813] [INFO] Model initialized on device: cuda:0
[2026-01-24 12:56:50,813] [INFO] [CLIENT INIT] Mode=FEDAVG | Sparsity=OFF (UsedSparsity=0) | Clusters=OFF (UsedClusters=0) | EnvSparsityCfg={'Conv': 0.6, 'Linear': 0.6, 'Bias': 0.0, 'BatchNorm': 0.0} | EnvNClusters=3
[2026-01-24 12:56:51,521] [INFO] Model initialized on device: cuda:0
[2026-01-24 12:56:51,521] [INFO] [CLIENT INIT] Mode=FEDAVG | Sparsity=OFF (UsedSparsity=0) | Clusters=OFF (UsedClusters=0) | EnvSparsityCfg={'Conv': 0.6, 'Linear': 0.6, 'Bias': 0.0, 'BatchNorm': 0.0} | EnvNClusters=3
[2026-01-24 12:56:52,020] [INFO] Model initialized on device: cuda:0
[2026-01-24 12:56:52,020] [INFO] [CLIENT INIT] Mode=FEDAVG | Sparsity=OFF (UsedSparsity=0) | Clusters=OFF (UsedClusters=0) | EnvSparsityCfg={'Conv': 0.6, 'Linear': 0.6, 'Bias': 0.0, 'BatchNorm': 0.0} | EnvNClusters=3
[2026-01-24 12:56:55,378] [INFO] Model initialized on device: cuda:0
[2026-01-24 12:56:55,378] [INFO] [CLIENT INIT] Mode=FEDAVG | Sparsity=OFF (UsedSparsity=0) | Clusters=OFF (UsedClusters=0) | EnvSparsityCfg={'Conv': 0.6, 'Linear': 0.6, 'Bias': 0.0, 'BatchNorm': 0.0} | EnvNClusters=3
[2026-01-24 12:56:57,347] [INFO] Model initialized on device: cuda:0
[2026-01-24 12:56:57,347] [INFO] [CLIENT INIT] Mode=FEDAVG | Sparsity=OFF (UsedSparsity=0) | Clusters=OFF (UsedClusters=0) | EnvSparsityCfg={'Conv': 0.6, 'Linear': 0.6, 'Bias': 0.0, 'BatchNorm': 0.0} | EnvNClusters=3
[2026-01-24 12:56:58,818] [INFO] Model initialized on device: cuda:0
[2026-01-24 12:56:58,818] [INFO] [CLIENT INIT] Mode=FEDAVG | Sparsity=OFF (UsedSparsity=0) | Clusters=OFF (UsedClusters=0) | EnvSparsityCfg={'Conv': 0.6, 'Linear': 0.6, 'Bias': 0.0, 'BatchNorm': 0.0} | EnvNClusters=3
[2026-01-24 12:56:58,818] [INFO] Model initialized on device: cuda:0
[2026-01-24 12:56:58,818] [INFO] [CLIENT INIT] Mode=FEDAVG | Sparsity=OFF (UsedSparsity=0) | Clusters=OFF (UsedClusters=0) | EnvSparsityCfg={'Conv': 0.6, 'Linear': 0.6, 'Bias': 0.0, 'BatchNorm': 0.0} | EnvNClusters=3
[2026-01-24 12:56:59,414] [INFO] Model initialized on device: cuda:0
[2026-01-24 12:56:59,414] [INFO] [CLIENT INIT] Mode=FEDAVG | Sparsity=OFF (UsedSparsity=0) | Clusters=OFF (UsedClusters=0) | EnvSparsityCfg={'Conv': 0.6, 'Linear': 0.6, 'Bias': 0.0, 'BatchNorm': 0.0} | EnvNClusters=3
[2026-01-24 12:57:59,306] [INFO] [TRAIN] Epoch 3 Loss: 0.8206
[2026-01-24 12:58:44,608] [INFO] Model initialized on device: cuda:0
[2026-01-24 12:58:44,608] [INFO] [CLIENT INIT] Mode=FEDAVG | Sparsity=OFF (UsedSparsity=0) | Clusters=OFF (UsedClusters=0) | EnvSparsityCfg={'Conv': 0.6, 'Linear': 0.6, 'Bias': 0.0, 'BatchNorm': 0.0} | EnvNClusters=3
[2026-01-24 12:58:46,113] [INFO] Model initialized on device: cuda:0
[2026-01-24 12:58:46,113] [INFO] [CLIENT INIT] Mode=FEDAVG | Sparsity=OFF (UsedSparsity=0) | Clusters=OFF (UsedClusters=0) | EnvSparsityCfg={'Conv': 0.6, 'Linear': 0.6, 'Bias': 0.0, 'BatchNorm': 0.0} | EnvNClusters=3
[2026-01-24 12:58:46,929] [INFO] Model initialized on device: cuda:0
[2026-01-24 12:58:46,929] [INFO] [CLIENT INIT] Mode=FEDAVG | Sparsity=OFF (UsedSparsity=0) | Clusters=OFF (UsedClusters=0) | EnvSparsityCfg={'Conv': 0.6, 'Linear': 0.6, 'Bias': 0.0, 'BatchNorm': 0.0} | EnvNClusters=3
[2026-01-24 12:58:47,342] [INFO] Model initialized on device: cuda:0
[2026-01-24 12:58:47,342] [INFO] [CLIENT INIT] Mode=FEDAVG | Sparsity=OFF (UsedSparsity=0) | Clusters=OFF (UsedClusters=0) | EnvSparsityCfg={'Conv': 0.6, 'Linear': 0.6, 'Bias': 0.0, 'BatchNorm': 0.0} | EnvNClusters=3
[2026-01-24 12:58:47,346] [INFO] Model initialized on device: cuda:0
[2026-01-24 12:58:47,346] [INFO] [CLIENT INIT] Mode=FEDAVG | Sparsity=OFF (UsedSparsity=0) | Clusters=OFF (UsedClusters=0) | EnvSparsityCfg={'Conv': 0.6, 'Linear': 0.6, 'Bias': 0.0, 'BatchNorm': 0.0} | EnvNClusters=3
[2026-01-24 12:58:47,622] [INFO] Model initialized on device: cuda:0
[2026-01-24 12:58:47,622] [INFO] [CLIENT INIT] Mode=FEDAVG | Sparsity=OFF (UsedSparsity=0) | Clusters=OFF (UsedClusters=0) | EnvSparsityCfg={'Conv': 0.6, 'Linear': 0.6, 'Bias': 0.0, 'BatchNorm': 0.0} | EnvNClusters=3
[2026-01-24 12:58:47,922] [INFO] Model initialized on device: cuda:0
[2026-01-24 12:58:47,922] [INFO] [CLIENT INIT] Mode=FEDAVG | Sparsity=OFF (UsedSparsity=0) | Clusters=OFF (UsedClusters=0) | EnvSparsityCfg={'Conv': 0.6, 'Linear': 0.6, 'Bias': 0.0, 'BatchNorm': 0.0} | EnvNClusters=3
[2026-01-24 12:58:47,922] [INFO] Model initialized on device: cuda:0
[2026-01-24 12:58:47,923] [INFO] [CLIENT INIT] Mode=FEDAVG | Sparsity=OFF (UsedSparsity=0) | Clusters=OFF (UsedClusters=0) | EnvSparsityCfg={'Conv': 0.6, 'Linear': 0.6, 'Bias': 0.0, 'BatchNorm': 0.0} | EnvNClusters=3
[2026-01-24 12:58:47,923] [INFO] Model initialized on device: cuda:0
[2026-01-24 12:58:47,923] [INFO] [CLIENT INIT] Mode=FEDAVG | Sparsity=OFF (UsedSparsity=0) | Clusters=OFF (UsedClusters=0) | EnvSparsityCfg={'Conv': 0.6, 'Linear': 0.6, 'Bias': 0.0, 'BatchNorm': 0.0} | EnvNClusters=3
[2026-01-24 12:58:48,345] [INFO] Model initialized on device: cuda:0
[2026-01-24 12:58:48,345] [INFO] [CLIENT INIT] Mode=FEDAVG | Sparsity=OFF (UsedSparsity=0) | Clusters=OFF (UsedClusters=0) | EnvSparsityCfg={'Conv': 0.6, 'Linear': 0.6, 'Bias': 0.0, 'BatchNorm': 0.0} | EnvNClusters=3
[2026-01-24 12:59:54,642] [INFO] [TRAIN] Epoch 4 Loss: 0.8099
[2026-01-24 13:00:48,684] [INFO] Model initialized on device: cuda:0
[2026-01-24 13:00:48,684] [INFO] [CLIENT INIT] Mode=FEDAVG | Sparsity=OFF (UsedSparsity=0) | Clusters=OFF (UsedClusters=0) | EnvSparsityCfg={'Conv': 0.6, 'Linear': 0.6, 'Bias': 0.0, 'BatchNorm': 0.0} | EnvNClusters=3
[2026-01-24 13:00:48,705] [INFO] Model initialized on device: cuda:0
[2026-01-24 13:00:48,706] [INFO] [CLIENT INIT] Mode=FEDAVG | Sparsity=OFF (UsedSparsity=0) | Clusters=OFF (UsedClusters=0) | EnvSparsityCfg={'Conv': 0.6, 'Linear': 0.6, 'Bias': 0.0, 'BatchNorm': 0.0} | EnvNClusters=3
[2026-01-24 13:00:49,226] [INFO] Model initialized on device: cuda:0
[2026-01-24 13:00:49,226] [INFO] [CLIENT INIT] Mode=FEDAVG | Sparsity=OFF (UsedSparsity=0) | Clusters=OFF (UsedClusters=0) | EnvSparsityCfg={'Conv': 0.6, 'Linear': 0.6, 'Bias': 0.0, 'BatchNorm': 0.0} | EnvNClusters=3
[2026-01-24 13:00:49,263] [INFO] Model initialized on device: cuda:0
[2026-01-24 13:00:49,263] [INFO] [CLIENT INIT] Mode=FEDAVG | Sparsity=OFF (UsedSparsity=0) | Clusters=OFF (UsedClusters=0) | EnvSparsityCfg={'Conv': 0.6, 'Linear': 0.6, 'Bias': 0.0, 'BatchNorm': 0.0} | EnvNClusters=3
[2026-01-24 13:00:49,413] [INFO] Model initialized on device: cuda:0
[2026-01-24 13:00:49,413] [INFO] [CLIENT INIT] Mode=FEDAVG | Sparsity=OFF (UsedSparsity=0) | Clusters=OFF (UsedClusters=0) | EnvSparsityCfg={'Conv': 0.6, 'Linear': 0.6, 'Bias': 0.0, 'BatchNorm': 0.0} | EnvNClusters=3
[2026-01-24 13:00:49,718] [INFO] Model initialized on device: cuda:0
[2026-01-24 13:00:49,718] [INFO] [CLIENT INIT] Mode=FEDAVG | Sparsity=OFF (UsedSparsity=0) | Clusters=OFF (UsedClusters=0) | EnvSparsityCfg={'Conv': 0.6, 'Linear': 0.6, 'Bias': 0.0, 'BatchNorm': 0.0} | EnvNClusters=3
[2026-01-24 13:00:49,720] [INFO] Model initialized on device: cuda:0
[2026-01-24 13:00:49,721] [INFO] [CLIENT INIT] Mode=FEDAVG | Sparsity=OFF (UsedSparsity=0) | Clusters=OFF (UsedClusters=0) | EnvSparsityCfg={'Conv': 0.6, 'Linear': 0.6, 'Bias': 0.0, 'BatchNorm': 0.0} | EnvNClusters=3
[2026-01-24 13:00:49,747] [INFO] Model initialized on device: cuda:0
[2026-01-24 13:00:49,747] [INFO] [CLIENT INIT] Mode=FEDAVG | Sparsity=OFF (UsedSparsity=0) | Clusters=OFF (UsedClusters=0) | EnvSparsityCfg={'Conv': 0.6, 'Linear': 0.6, 'Bias': 0.0, 'BatchNorm': 0.0} | EnvNClusters=3
[2026-01-24 13:00:49,813] [INFO] Model initialized on device: cuda:0
[2026-01-24 13:00:49,813] [INFO] [CLIENT INIT] Mode=FEDAVG | Sparsity=OFF (UsedSparsity=0) | Clusters=OFF (UsedClusters=0) | EnvSparsityCfg={'Conv': 0.6, 'Linear': 0.6, 'Bias': 0.0, 'BatchNorm': 0.0} | EnvNClusters=3
[2026-01-24 13:00:52,733] [INFO] Model initialized on device: cuda:0
[2026-01-24 13:00:52,734] [INFO] [CLIENT INIT] Mode=FEDAVG | Sparsity=OFF (UsedSparsity=0) | Clusters=OFF (UsedClusters=0) | EnvSparsityCfg={'Conv': 0.6, 'Linear': 0.6, 'Bias': 0.0, 'BatchNorm': 0.0} | EnvNClusters=3
[2026-01-24 13:01:59,536] [INFO] [TRAIN] Epoch 5 Loss: 0.7990
[2026-01-24 13:01:59,538] [INFO] [FIT] Local training finished. Avg Loss: 0.8198
[2026-01-24 13:02:45,239] [INFO] Model initialized on device: cuda:0
[2026-01-24 13:02:45,239] [INFO] [CLIENT INIT] Mode=FEDAVG | Sparsity=OFF (UsedSparsity=0) | Clusters=OFF (UsedClusters=0) | EnvSparsityCfg={'Conv': 0.6, 'Linear': 0.6, 'Bias': 0.0, 'BatchNorm': 0.0} | EnvNClusters=3
[2026-01-24 13:02:46,458] [INFO] Model initialized on device: cuda:0
[2026-01-24 13:02:46,458] [INFO] [CLIENT INIT] Mode=FEDAVG | Sparsity=OFF (UsedSparsity=0) | Clusters=OFF (UsedClusters=0) | EnvSparsityCfg={'Conv': 0.6, 'Linear': 0.6, 'Bias': 0.0, 'BatchNorm': 0.0} | EnvNClusters=3
[2026-01-24 13:02:46,849] [INFO] Model initialized on device: cuda:0
[2026-01-24 13:02:46,849] [INFO] [CLIENT INIT] Mode=FEDAVG | Sparsity=OFF (UsedSparsity=0) | Clusters=OFF (UsedClusters=0) | EnvSparsityCfg={'Conv': 0.6, 'Linear': 0.6, 'Bias': 0.0, 'BatchNorm': 0.0} | EnvNClusters=3
[2026-01-24 13:02:48,251] [INFO] Model initialized on device: cuda:0
[2026-01-24 13:02:48,251] [INFO] [CLIENT INIT] Mode=FEDAVG | Sparsity=OFF (UsedSparsity=0) | Clusters=OFF (UsedClusters=0) | EnvSparsityCfg={'Conv': 0.6, 'Linear': 0.6, 'Bias': 0.0, 'BatchNorm': 0.0} | EnvNClusters=3
[2026-01-24 13:02:48,635] [INFO] Model initialized on device: cuda:0
[2026-01-24 13:02:48,635] [INFO] [CLIENT INIT] Mode=FEDAVG | Sparsity=OFF (UsedSparsity=0) | Clusters=OFF (UsedClusters=0) | EnvSparsityCfg={'Conv': 0.6, 'Linear': 0.6, 'Bias': 0.0, 'BatchNorm': 0.0} | EnvNClusters=3
[2026-01-24 13:02:51,603] [INFO] Model initialized on device: cuda:0
[2026-01-24 13:02:51,603] [INFO] [CLIENT INIT] Mode=FEDAVG | Sparsity=OFF (UsedSparsity=0) | Clusters=OFF (UsedClusters=0) | EnvSparsityCfg={'Conv': 0.6, 'Linear': 0.6, 'Bias': 0.0, 'BatchNorm': 0.0} | EnvNClusters=3
[2026-01-24 13:02:51,807] [INFO] Model initialized on device: cuda:0
[2026-01-24 13:02:51,807] [INFO] [CLIENT INIT] Mode=FEDAVG | Sparsity=OFF (UsedSparsity=0) | Clusters=OFF (UsedClusters=0) | EnvSparsityCfg={'Conv': 0.6, 'Linear': 0.6, 'Bias': 0.0, 'BatchNorm': 0.0} | EnvNClusters=3
[2026-01-24 13:02:51,816] [INFO] Model initialized on device: cuda:0
[2026-01-24 13:02:51,816] [INFO] [CLIENT INIT] Mode=FEDAVG | Sparsity=OFF (UsedSparsity=0) | Clusters=OFF (UsedClusters=0) | EnvSparsityCfg={'Conv': 0.6, 'Linear': 0.6, 'Bias': 0.0, 'BatchNorm': 0.0} | EnvNClusters=3
[2026-01-24 13:02:53,517] [INFO] Model initialized on device: cuda:0
[2026-01-24 13:02:53,517] [INFO] [CLIENT INIT] Mode=FEDAVG | Sparsity=OFF (UsedSparsity=0) | Clusters=OFF (UsedClusters=0) | EnvSparsityCfg={'Conv': 0.6, 'Linear': 0.6, 'Bias': 0.0, 'BatchNorm': 0.0} | EnvNClusters=3
[2026-01-24 13:02:56,205] [INFO] Model initialized on device: cuda:0
[2026-01-24 13:02:56,205] [INFO] [CLIENT INIT] Mode=FEDAVG | Sparsity=OFF (UsedSparsity=0) | Clusters=OFF (UsedClusters=0) | EnvSparsityCfg={'Conv': 0.6, 'Linear': 0.6, 'Bias': 0.0, 'BatchNorm': 0.0} | EnvNClusters=3
[2026-01-24 13:02:59,153] [DEBUG] [TEST] Batch 1 | Pred shape: torch.Size([256, 256, 160]) | Label shape: torch.Size([256, 256, 160])
[2026-01-24 13:02:59,269] [DEBUG] [TEST] Batch 2 | Pred shape: torch.Size([256, 256, 160]) | Label shape: torch.Size([256, 256, 160])
[2026-01-24 13:02:59,387] [DEBUG] [TEST] Batch 3 | Pred shape: torch.Size([256, 256, 160]) | Label shape: torch.Size([256, 256, 160])
[2026-01-24 13:02:59,510] [DEBUG] [TEST] Batch 4 | Pred shape: torch.Size([256, 256, 160]) | Label shape: torch.Size([256, 256, 160])
[2026-01-24 13:02:59,638] [DEBUG] [TEST] Batch 5 | Pred shape: torch.Size([256, 256, 160]) | Label shape: torch.Size([256, 256, 160])
[2026-01-24 13:02:59,761] [DEBUG] [TEST] Batch 6 | Pred shape: torch.Size([256, 256, 160]) | Label shape: torch.Size([256, 256, 160])
[2026-01-24 13:02:59,917] [DEBUG] [TEST] Batch 7 | Pred shape: torch.Size([256, 256, 160]) | Label shape: torch.Size([256, 256, 160])
[2026-01-24 13:02:59,974] [DEBUG] [TEST] Batch 8 | Pred shape: torch.Size([256, 256, 160]) | Label shape: torch.Size([256, 256, 160])
[2026-01-24 13:03:00,064] [DEBUG] [TEST] Batch 9 | Pred shape: torch.Size([256, 256, 160]) | Label shape: torch.Size([256, 256, 160])
[2026-01-24 13:03:00,122] [DEBUG] [TEST] Batch 10 | Pred shape: torch.Size([256, 256, 160]) | Label shape: torch.Size([256, 256, 160])
[2026-01-24 13:03:04,959] [INFO] [FIT] Final model saved to: Revision2/Run_UNET_IID_Fedavg_20260124/Client4/model_final.pth
[2026-01-24 13:03:04,971] [INFO] [COMM][CLIENT] Round=-1 Mode=FEDAVG UsedSparsity=0 UsedClusters=0 BaselineBits=154016352.0 CompressedBits=154016352.0 CR=1.000
[2026-01-24 13:03:24,855] [INFO] [EVALUATE] Starting evaluation...
[2026-01-24 13:03:26,310] [INFO] [DEBUG] Loaded uncompressed weights.
[2026-01-24 13:04:31,741] [INFO] Model initialized on device: cuda:0
[2026-01-24 13:04:31,741] [INFO] [CLIENT INIT] Mode=FEDAVG | Sparsity=OFF (UsedSparsity=0) | Clusters=OFF (UsedClusters=0) | EnvSparsityCfg={'Conv': 0.6, 'Linear': 0.6, 'Bias': 0.0, 'BatchNorm': 0.0} | EnvNClusters=3
[2026-01-24 13:04:32,339] [INFO] Model initialized on device: cuda:0
[2026-01-24 13:04:32,339] [INFO] [CLIENT INIT] Mode=FEDAVG | Sparsity=OFF (UsedSparsity=0) | Clusters=OFF (UsedClusters=0) | EnvSparsityCfg={'Conv': 0.6, 'Linear': 0.6, 'Bias': 0.0, 'BatchNorm': 0.0} | EnvNClusters=3
[2026-01-24 13:04:32,796] [INFO] Model initialized on device: cuda:0
[2026-01-24 13:04:32,796] [INFO] [CLIENT INIT] Mode=FEDAVG | Sparsity=OFF (UsedSparsity=0) | Clusters=OFF (UsedClusters=0) | EnvSparsityCfg={'Conv': 0.6, 'Linear': 0.6, 'Bias': 0.0, 'BatchNorm': 0.0} | EnvNClusters=3
[2026-01-24 13:04:32,945] [INFO] Model initialized on device: cuda:0
[2026-01-24 13:04:32,945] [INFO] [CLIENT INIT] Mode=FEDAVG | Sparsity=OFF (UsedSparsity=0) | Clusters=OFF (UsedClusters=0) | EnvSparsityCfg={'Conv': 0.6, 'Linear': 0.6, 'Bias': 0.0, 'BatchNorm': 0.0} | EnvNClusters=3
[2026-01-24 13:04:32,946] [INFO] Model initialized on device: cuda:0
[2026-01-24 13:04:32,946] [INFO] [CLIENT INIT] Mode=FEDAVG | Sparsity=OFF (UsedSparsity=0) | Clusters=OFF (UsedClusters=0) | EnvSparsityCfg={'Conv': 0.6, 'Linear': 0.6, 'Bias': 0.0, 'BatchNorm': 0.0} | EnvNClusters=3
[2026-01-24 13:04:33,823] [INFO] Model initialized on device: cuda:0
[2026-01-24 13:04:33,824] [INFO] [CLIENT INIT] Mode=FEDAVG | Sparsity=OFF (UsedSparsity=0) | Clusters=OFF (UsedClusters=0) | EnvSparsityCfg={'Conv': 0.6, 'Linear': 0.6, 'Bias': 0.0, 'BatchNorm': 0.0} | EnvNClusters=3
[2026-01-24 13:04:33,909] [INFO] Model initialized on device: cuda:0
[2026-01-24 13:04:33,909] [INFO] [CLIENT INIT] Mode=FEDAVG | Sparsity=OFF (UsedSparsity=0) | Clusters=OFF (UsedClusters=0) | EnvSparsityCfg={'Conv': 0.6, 'Linear': 0.6, 'Bias': 0.0, 'BatchNorm': 0.0} | EnvNClusters=3
[2026-01-24 13:04:33,910] [INFO] Model initialized on device: cuda:0
[2026-01-24 13:04:33,910] [INFO] [CLIENT INIT] Mode=FEDAVG | Sparsity=OFF (UsedSparsity=0) | Clusters=OFF (UsedClusters=0) | EnvSparsityCfg={'Conv': 0.6, 'Linear': 0.6, 'Bias': 0.0, 'BatchNorm': 0.0} | EnvNClusters=3
[2026-01-24 13:04:33,914] [INFO] Model initialized on device: cuda:0
[2026-01-24 13:04:33,914] [INFO] [CLIENT INIT] Mode=FEDAVG | Sparsity=OFF (UsedSparsity=0) | Clusters=OFF (UsedClusters=0) | EnvSparsityCfg={'Conv': 0.6, 'Linear': 0.6, 'Bias': 0.0, 'BatchNorm': 0.0} | EnvNClusters=3
[2026-01-24 13:04:34,112] [INFO] Model initialized on device: cuda:0
[2026-01-24 13:04:34,113] [INFO] [CLIENT INIT] Mode=FEDAVG | Sparsity=OFF (UsedSparsity=0) | Clusters=OFF (UsedClusters=0) | EnvSparsityCfg={'Conv': 0.6, 'Linear': 0.6, 'Bias': 0.0, 'BatchNorm': 0.0} | EnvNClusters=3
[2026-01-24 13:04:39,719] [DEBUG] [TEST] Batch 1 | Pred shape: torch.Size([256, 256, 160]) | Label shape: torch.Size([256, 256, 160])
[2026-01-24 13:04:39,844] [DEBUG] [TEST] Batch 2 | Pred shape: torch.Size([256, 256, 160]) | Label shape: torch.Size([256, 256, 160])
[2026-01-24 13:04:39,915] [DEBUG] [TEST] Batch 3 | Pred shape: torch.Size([256, 256, 160]) | Label shape: torch.Size([256, 256, 160])
[2026-01-24 13:04:39,972] [DEBUG] [TEST] Batch 4 | Pred shape: torch.Size([256, 256, 160]) | Label shape: torch.Size([256, 256, 160])
[2026-01-24 13:04:40,068] [DEBUG] [TEST] Batch 5 | Pred shape: torch.Size([256, 256, 160]) | Label shape: torch.Size([256, 256, 160])
[2026-01-24 13:04:40,499] [DEBUG] [TEST] Batch 6 | Pred shape: torch.Size([256, 256, 160]) | Label shape: torch.Size([256, 256, 160])
[2026-01-24 13:04:40,621] [DEBUG] [TEST] Batch 7 | Pred shape: torch.Size([256, 256, 160]) | Label shape: torch.Size([256, 256, 160])
[2026-01-24 13:04:40,836] [DEBUG] [TEST] Batch 8 | Pred shape: torch.Size([256, 256, 160]) | Label shape: torch.Size([256, 256, 160])
[2026-01-24 13:04:41,043] [DEBUG] [TEST] Batch 9 | Pred shape: torch.Size([256, 256, 160]) | Label shape: torch.Size([256, 256, 160])
[2026-01-24 13:04:41,234] [DEBUG] [TEST] Batch 10 | Pred shape: torch.Size([256, 256, 160]) | Label shape: torch.Size([256, 256, 160])
[2026-01-24 13:04:45,616] [INFO] [EVALUATE] Dice WT: 0.3777
[2026-01-24 13:04:50,412] [INFO] [FIT] Received parameters. Starting local training...
[2026-01-24 13:04:53,629] [INFO] [DEBUG] Loaded uncompressed weights.
[2026-01-24 13:06:00,313] [INFO] Model initialized on device: cuda:0
[2026-01-24 13:06:00,313] [INFO] [CLIENT INIT] Mode=FEDAVG | Sparsity=OFF (UsedSparsity=0) | Clusters=OFF (UsedClusters=0) | EnvSparsityCfg={'Conv': 0.6, 'Linear': 0.6, 'Bias': 0.0, 'BatchNorm': 0.0} | EnvNClusters=3
[2026-01-24 13:06:00,596] [INFO] Model initialized on device: cuda:0
[2026-01-24 13:06:00,596] [INFO] [CLIENT INIT] Mode=FEDAVG | Sparsity=OFF (UsedSparsity=0) | Clusters=OFF (UsedClusters=0) | EnvSparsityCfg={'Conv': 0.6, 'Linear': 0.6, 'Bias': 0.0, 'BatchNorm': 0.0} | EnvNClusters=3
[2026-01-24 13:06:01,637] [INFO] Model initialized on device: cuda:0
[2026-01-24 13:06:01,637] [INFO] [CLIENT INIT] Mode=FEDAVG | Sparsity=OFF (UsedSparsity=0) | Clusters=OFF (UsedClusters=0) | EnvSparsityCfg={'Conv': 0.6, 'Linear': 0.6, 'Bias': 0.0, 'BatchNorm': 0.0} | EnvNClusters=3
[2026-01-24 13:06:01,647] [INFO] Model initialized on device: cuda:0
[2026-01-24 13:06:01,647] [INFO] [CLIENT INIT] Mode=FEDAVG | Sparsity=OFF (UsedSparsity=0) | Clusters=OFF (UsedClusters=0) | EnvSparsityCfg={'Conv': 0.6, 'Linear': 0.6, 'Bias': 0.0, 'BatchNorm': 0.0} | EnvNClusters=3
[2026-01-24 13:06:01,713] [INFO] Model initialized on device: cuda:0
[2026-01-24 13:06:01,713] [INFO] [CLIENT INIT] Mode=FEDAVG | Sparsity=OFF (UsedSparsity=0) | Clusters=OFF (UsedClusters=0) | EnvSparsityCfg={'Conv': 0.6, 'Linear': 0.6, 'Bias': 0.0, 'BatchNorm': 0.0} | EnvNClusters=3
[2026-01-24 13:06:01,714] [INFO] Model initialized on device: cuda:0
[2026-01-24 13:06:01,714] [INFO] [CLIENT INIT] Mode=FEDAVG | Sparsity=OFF (UsedSparsity=0) | Clusters=OFF (UsedClusters=0) | EnvSparsityCfg={'Conv': 0.6, 'Linear': 0.6, 'Bias': 0.0, 'BatchNorm': 0.0} | EnvNClusters=3
[2026-01-24 13:06:01,718] [INFO] Model initialized on device: cuda:0
[2026-01-24 13:06:01,718] [INFO] [CLIENT INIT] Mode=FEDAVG | Sparsity=OFF (UsedSparsity=0) | Clusters=OFF (UsedClusters=0) | EnvSparsityCfg={'Conv': 0.6, 'Linear': 0.6, 'Bias': 0.0, 'BatchNorm': 0.0} | EnvNClusters=3
[2026-01-24 13:06:02,033] [INFO] Model initialized on device: cuda:0
[2026-01-24 13:06:02,033] [INFO] [CLIENT INIT] Mode=FEDAVG | Sparsity=OFF (UsedSparsity=0) | Clusters=OFF (UsedClusters=0) | EnvSparsityCfg={'Conv': 0.6, 'Linear': 0.6, 'Bias': 0.0, 'BatchNorm': 0.0} | EnvNClusters=3
[2026-01-24 13:06:02,136] [INFO] Model initialized on device: cuda:0
[2026-01-24 13:06:02,136] [INFO] [CLIENT INIT] Mode=FEDAVG | Sparsity=OFF (UsedSparsity=0) | Clusters=OFF (UsedClusters=0) | EnvSparsityCfg={'Conv': 0.6, 'Linear': 0.6, 'Bias': 0.0, 'BatchNorm': 0.0} | EnvNClusters=3
[2026-01-24 13:06:02,143] [INFO] Model initialized on device: cuda:0
[2026-01-24 13:06:02,143] [INFO] [CLIENT INIT] Mode=FEDAVG | Sparsity=OFF (UsedSparsity=0) | Clusters=OFF (UsedClusters=0) | EnvSparsityCfg={'Conv': 0.6, 'Linear': 0.6, 'Bias': 0.0, 'BatchNorm': 0.0} | EnvNClusters=3
[2026-01-24 13:07:14,699] [INFO] [TRAIN] Epoch 1 Loss: 0.7891
[2026-01-24 13:08:22,301] [INFO] Model initialized on device: cuda:0
[2026-01-24 13:08:22,302] [INFO] [CLIENT INIT] Mode=FEDAVG | Sparsity=OFF (UsedSparsity=0) | Clusters=OFF (UsedClusters=0) | EnvSparsityCfg={'Conv': 0.6, 'Linear': 0.6, 'Bias': 0.0, 'BatchNorm': 0.0} | EnvNClusters=3
[2026-01-24 13:08:22,384] [INFO] Model initialized on device: cuda:0
[2026-01-24 13:08:22,384] [INFO] [CLIENT INIT] Mode=FEDAVG | Sparsity=OFF (UsedSparsity=0) | Clusters=OFF (UsedClusters=0) | EnvSparsityCfg={'Conv': 0.6, 'Linear': 0.6, 'Bias': 0.0, 'BatchNorm': 0.0} | EnvNClusters=3
[2026-01-24 13:08:22,643] [INFO] Model initialized on device: cuda:0
[2026-01-24 13:08:22,643] [INFO] [CLIENT INIT] Mode=FEDAVG | Sparsity=OFF (UsedSparsity=0) | Clusters=OFF (UsedClusters=0) | EnvSparsityCfg={'Conv': 0.6, 'Linear': 0.6, 'Bias': 0.0, 'BatchNorm': 0.0} | EnvNClusters=3
[2026-01-24 13:08:22,740] [INFO] Model initialized on device: cuda:0
[2026-01-24 13:08:22,740] [INFO] [CLIENT INIT] Mode=FEDAVG | Sparsity=OFF (UsedSparsity=0) | Clusters=OFF (UsedClusters=0) | EnvSparsityCfg={'Conv': 0.6, 'Linear': 0.6, 'Bias': 0.0, 'BatchNorm': 0.0} | EnvNClusters=3
[2026-01-24 13:08:23,424] [INFO] Model initialized on device: cuda:0
[2026-01-24 13:08:23,424] [INFO] [CLIENT INIT] Mode=FEDAVG | Sparsity=OFF (UsedSparsity=0) | Clusters=OFF (UsedClusters=0) | EnvSparsityCfg={'Conv': 0.6, 'Linear': 0.6, 'Bias': 0.0, 'BatchNorm': 0.0} | EnvNClusters=3
[2026-01-24 13:08:23,439] [INFO] Model initialized on device: cuda:0
[2026-01-24 13:08:23,439] [INFO] [CLIENT INIT] Mode=FEDAVG | Sparsity=OFF (UsedSparsity=0) | Clusters=OFF (UsedClusters=0) | EnvSparsityCfg={'Conv': 0.6, 'Linear': 0.6, 'Bias': 0.0, 'BatchNorm': 0.0} | EnvNClusters=3
[2026-01-24 13:08:23,713] [INFO] Model initialized on device: cuda:0
[2026-01-24 13:08:23,713] [INFO] [CLIENT INIT] Mode=FEDAVG | Sparsity=OFF (UsedSparsity=0) | Clusters=OFF (UsedClusters=0) | EnvSparsityCfg={'Conv': 0.6, 'Linear': 0.6, 'Bias': 0.0, 'BatchNorm': 0.0} | EnvNClusters=3
[2026-01-24 13:08:23,716] [INFO] Model initialized on device: cuda:0
[2026-01-24 13:08:23,716] [INFO] [CLIENT INIT] Mode=FEDAVG | Sparsity=OFF (UsedSparsity=0) | Clusters=OFF (UsedClusters=0) | EnvSparsityCfg={'Conv': 0.6, 'Linear': 0.6, 'Bias': 0.0, 'BatchNorm': 0.0} | EnvNClusters=3
[2026-01-24 13:08:23,822] [INFO] Model initialized on device: cuda:0
[2026-01-24 13:08:23,823] [INFO] [CLIENT INIT] Mode=FEDAVG | Sparsity=OFF (UsedSparsity=0) | Clusters=OFF (UsedClusters=0) | EnvSparsityCfg={'Conv': 0.6, 'Linear': 0.6, 'Bias': 0.0, 'BatchNorm': 0.0} | EnvNClusters=3
[2026-01-24 13:08:23,833] [INFO] Model initialized on device: cuda:0
[2026-01-24 13:08:23,833] [INFO] [CLIENT INIT] Mode=FEDAVG | Sparsity=OFF (UsedSparsity=0) | Clusters=OFF (UsedClusters=0) | EnvSparsityCfg={'Conv': 0.6, 'Linear': 0.6, 'Bias': 0.0, 'BatchNorm': 0.0} | EnvNClusters=3
[2026-01-24 13:09:38,795] [INFO] [TRAIN] Epoch 2 Loss: 0.7747
[2026-01-24 13:10:22,942] [INFO] Model initialized on device: cuda:0
[2026-01-24 13:10:22,942] [INFO] [CLIENT INIT] Mode=FEDAVG | Sparsity=OFF (UsedSparsity=0) | Clusters=OFF (UsedClusters=0) | EnvSparsityCfg={'Conv': 0.6, 'Linear': 0.6, 'Bias': 0.0, 'BatchNorm': 0.0} | EnvNClusters=3
[2026-01-24 13:10:23,129] [INFO] Model initialized on device: cuda:0
[2026-01-24 13:10:23,129] [INFO] [CLIENT INIT] Mode=FEDAVG | Sparsity=OFF (UsedSparsity=0) | Clusters=OFF (UsedClusters=0) | EnvSparsityCfg={'Conv': 0.6, 'Linear': 0.6, 'Bias': 0.0, 'BatchNorm': 0.0} | EnvNClusters=3
[2026-01-24 13:10:23,943] [INFO] Model initialized on device: cuda:0
[2026-01-24 13:10:23,943] [INFO] [CLIENT INIT] Mode=FEDAVG | Sparsity=OFF (UsedSparsity=0) | Clusters=OFF (UsedClusters=0) | EnvSparsityCfg={'Conv': 0.6, 'Linear': 0.6, 'Bias': 0.0, 'BatchNorm': 0.0} | EnvNClusters=3
[2026-01-24 13:10:24,715] [INFO] Model initialized on device: cuda:0
[2026-01-24 13:10:24,715] [INFO] [CLIENT INIT] Mode=FEDAVG | Sparsity=OFF (UsedSparsity=0) | Clusters=OFF (UsedClusters=0) | EnvSparsityCfg={'Conv': 0.6, 'Linear': 0.6, 'Bias': 0.0, 'BatchNorm': 0.0} | EnvNClusters=3
[2026-01-24 13:10:28,129] [INFO] Model initialized on device: cuda:0
[2026-01-24 13:10:28,129] [INFO] [CLIENT INIT] Mode=FEDAVG | Sparsity=OFF (UsedSparsity=0) | Clusters=OFF (UsedClusters=0) | EnvSparsityCfg={'Conv': 0.6, 'Linear': 0.6, 'Bias': 0.0, 'BatchNorm': 0.0} | EnvNClusters=3
[2026-01-24 13:10:28,148] [INFO] Model initialized on device: cuda:0
[2026-01-24 13:10:28,148] [INFO] [CLIENT INIT] Mode=FEDAVG | Sparsity=OFF (UsedSparsity=0) | Clusters=OFF (UsedClusters=0) | EnvSparsityCfg={'Conv': 0.6, 'Linear': 0.6, 'Bias': 0.0, 'BatchNorm': 0.0} | EnvNClusters=3
[2026-01-24 13:10:30,308] [INFO] Model initialized on device: cuda:0
[2026-01-24 13:10:30,308] [INFO] [CLIENT INIT] Mode=FEDAVG | Sparsity=OFF (UsedSparsity=0) | Clusters=OFF (UsedClusters=0) | EnvSparsityCfg={'Conv': 0.6, 'Linear': 0.6, 'Bias': 0.0, 'BatchNorm': 0.0} | EnvNClusters=3
[2026-01-24 13:10:30,345] [INFO] Model initialized on device: cuda:0
[2026-01-24 13:10:30,346] [INFO] [CLIENT INIT] Mode=FEDAVG | Sparsity=OFF (UsedSparsity=0) | Clusters=OFF (UsedClusters=0) | EnvSparsityCfg={'Conv': 0.6, 'Linear': 0.6, 'Bias': 0.0, 'BatchNorm': 0.0} | EnvNClusters=3
[2026-01-24 13:10:30,540] [INFO] Model initialized on device: cuda:0
[2026-01-24 13:10:30,540] [INFO] [CLIENT INIT] Mode=FEDAVG | Sparsity=OFF (UsedSparsity=0) | Clusters=OFF (UsedClusters=0) | EnvSparsityCfg={'Conv': 0.6, 'Linear': 0.6, 'Bias': 0.0, 'BatchNorm': 0.0} | EnvNClusters=3
[2026-01-24 13:10:35,932] [INFO] Model initialized on device: cuda:0
[2026-01-24 13:10:35,932] [INFO] [CLIENT INIT] Mode=FEDAVG | Sparsity=OFF (UsedSparsity=0) | Clusters=OFF (UsedClusters=0) | EnvSparsityCfg={'Conv': 0.6, 'Linear': 0.6, 'Bias': 0.0, 'BatchNorm': 0.0} | EnvNClusters=3
[2026-01-24 13:11:41,641] [INFO] [TRAIN] Epoch 3 Loss: 0.7617
[2026-01-24 13:12:10,629] [INFO] Model initialized on device: cuda:0
[2026-01-24 13:12:10,629] [INFO] [CLIENT INIT] Mode=FEDAVG | Sparsity=OFF (UsedSparsity=0) | Clusters=OFF (UsedClusters=0) | EnvSparsityCfg={'Conv': 0.6, 'Linear': 0.6, 'Bias': 0.0, 'BatchNorm': 0.0} | EnvNClusters=3
[2026-01-24 13:12:11,613] [INFO] Model initialized on device: cuda:0
[2026-01-24 13:12:11,613] [INFO] [CLIENT INIT] Mode=FEDAVG | Sparsity=OFF (UsedSparsity=0) | Clusters=OFF (UsedClusters=0) | EnvSparsityCfg={'Conv': 0.6, 'Linear': 0.6, 'Bias': 0.0, 'BatchNorm': 0.0} | EnvNClusters=3
[2026-01-24 13:12:14,020] [INFO] Model initialized on device: cuda:0
[2026-01-24 13:12:14,020] [INFO] [CLIENT INIT] Mode=FEDAVG | Sparsity=OFF (UsedSparsity=0) | Clusters=OFF (UsedClusters=0) | EnvSparsityCfg={'Conv': 0.6, 'Linear': 0.6, 'Bias': 0.0, 'BatchNorm': 0.0} | EnvNClusters=3
[2026-01-24 13:12:17,342] [INFO] Model initialized on device: cuda:0
[2026-01-24 13:12:17,342] [INFO] [CLIENT INIT] Mode=FEDAVG | Sparsity=OFF (UsedSparsity=0) | Clusters=OFF (UsedClusters=0) | EnvSparsityCfg={'Conv': 0.6, 'Linear': 0.6, 'Bias': 0.0, 'BatchNorm': 0.0} | EnvNClusters=3
[2026-01-24 13:12:20,415] [INFO] Model initialized on device: cuda:0
[2026-01-24 13:12:20,415] [INFO] [CLIENT INIT] Mode=FEDAVG | Sparsity=OFF (UsedSparsity=0) | Clusters=OFF (UsedClusters=0) | EnvSparsityCfg={'Conv': 0.6, 'Linear': 0.6, 'Bias': 0.0, 'BatchNorm': 0.0} | EnvNClusters=3
[2026-01-24 13:12:20,732] [INFO] Model initialized on device: cuda:0
[2026-01-24 13:12:20,732] [INFO] [CLIENT INIT] Mode=FEDAVG | Sparsity=OFF (UsedSparsity=0) | Clusters=OFF (UsedClusters=0) | EnvSparsityCfg={'Conv': 0.6, 'Linear': 0.6, 'Bias': 0.0, 'BatchNorm': 0.0} | EnvNClusters=3
[2026-01-24 13:12:21,819] [INFO] Model initialized on device: cuda:0
[2026-01-24 13:12:21,819] [INFO] [CLIENT INIT] Mode=FEDAVG | Sparsity=OFF (UsedSparsity=0) | Clusters=OFF (UsedClusters=0) | EnvSparsityCfg={'Conv': 0.6, 'Linear': 0.6, 'Bias': 0.0, 'BatchNorm': 0.0} | EnvNClusters=3
[2026-01-24 13:12:21,820] [INFO] Model initialized on device: cuda:0
[2026-01-24 13:12:21,820] [INFO] [CLIENT INIT] Mode=FEDAVG | Sparsity=OFF (UsedSparsity=0) | Clusters=OFF (UsedClusters=0) | EnvSparsityCfg={'Conv': 0.6, 'Linear': 0.6, 'Bias': 0.0, 'BatchNorm': 0.0} | EnvNClusters=3
[2026-01-24 13:12:21,830] [INFO] Model initialized on device: cuda:0
[2026-01-24 13:12:21,830] [INFO] [CLIENT INIT] Mode=FEDAVG | Sparsity=OFF (UsedSparsity=0) | Clusters=OFF (UsedClusters=0) | EnvSparsityCfg={'Conv': 0.6, 'Linear': 0.6, 'Bias': 0.0, 'BatchNorm': 0.0} | EnvNClusters=3
[2026-01-24 13:12:21,924] [INFO] Model initialized on device: cuda:0
[2026-01-24 13:12:21,924] [INFO] [CLIENT INIT] Mode=FEDAVG | Sparsity=OFF (UsedSparsity=0) | Clusters=OFF (UsedClusters=0) | EnvSparsityCfg={'Conv': 0.6, 'Linear': 0.6, 'Bias': 0.0, 'BatchNorm': 0.0} | EnvNClusters=3
[2026-01-24 13:13:17,213] [INFO] [TRAIN] Epoch 4 Loss: 0.7471
[2026-01-24 13:13:52,319] [INFO] Model initialized on device: cuda:0
[2026-01-24 13:13:52,319] [INFO] [CLIENT INIT] Mode=FEDAVG | Sparsity=OFF (UsedSparsity=0) | Clusters=OFF (UsedClusters=0) | EnvSparsityCfg={'Conv': 0.6, 'Linear': 0.6, 'Bias': 0.0, 'BatchNorm': 0.0} | EnvNClusters=3
[2026-01-24 13:13:55,549] [INFO] Model initialized on device: cuda:0
[2026-01-24 13:13:55,549] [INFO] [CLIENT INIT] Mode=FEDAVG | Sparsity=OFF (UsedSparsity=0) | Clusters=OFF (UsedClusters=0) | EnvSparsityCfg={'Conv': 0.6, 'Linear': 0.6, 'Bias': 0.0, 'BatchNorm': 0.0} | EnvNClusters=3
[2026-01-24 13:13:56,226] [INFO] Model initialized on device: cuda:0
[2026-01-24 13:13:56,226] [INFO] [CLIENT INIT] Mode=FEDAVG | Sparsity=OFF (UsedSparsity=0) | Clusters=OFF (UsedClusters=0) | EnvSparsityCfg={'Conv': 0.6, 'Linear': 0.6, 'Bias': 0.0, 'BatchNorm': 0.0} | EnvNClusters=3
[2026-01-24 13:13:56,227] [INFO] Model initialized on device: cuda:0
[2026-01-24 13:13:56,227] [INFO] [CLIENT INIT] Mode=FEDAVG | Sparsity=OFF (UsedSparsity=0) | Clusters=OFF (UsedClusters=0) | EnvSparsityCfg={'Conv': 0.6, 'Linear': 0.6, 'Bias': 0.0, 'BatchNorm': 0.0} | EnvNClusters=3
[2026-01-24 13:13:56,230] [INFO] Model initialized on device: cuda:0
[2026-01-24 13:13:56,230] [INFO] [CLIENT INIT] Mode=FEDAVG | Sparsity=OFF (UsedSparsity=0) | Clusters=OFF (UsedClusters=0) | EnvSparsityCfg={'Conv': 0.6, 'Linear': 0.6, 'Bias': 0.0, 'BatchNorm': 0.0} | EnvNClusters=3
[2026-01-24 13:13:56,232] [INFO] Model initialized on device: cuda:0
[2026-01-24 13:13:56,232] [INFO] [CLIENT INIT] Mode=FEDAVG | Sparsity=OFF (UsedSparsity=0) | Clusters=OFF (UsedClusters=0) | EnvSparsityCfg={'Conv': 0.6, 'Linear': 0.6, 'Bias': 0.0, 'BatchNorm': 0.0} | EnvNClusters=3
[2026-01-24 13:13:56,243] [INFO] Model initialized on device: cuda:0
[2026-01-24 13:13:56,243] [INFO] [CLIENT INIT] Mode=FEDAVG | Sparsity=OFF (UsedSparsity=0) | Clusters=OFF (UsedClusters=0) | EnvSparsityCfg={'Conv': 0.6, 'Linear': 0.6, 'Bias': 0.0, 'BatchNorm': 0.0} | EnvNClusters=3
[2026-01-24 13:13:56,311] [INFO] Model initialized on device: cuda:0
[2026-01-24 13:13:56,311] [INFO] [CLIENT INIT] Mode=FEDAVG | Sparsity=OFF (UsedSparsity=0) | Clusters=OFF (UsedClusters=0) | EnvSparsityCfg={'Conv': 0.6, 'Linear': 0.6, 'Bias': 0.0, 'BatchNorm': 0.0} | EnvNClusters=3
[2026-01-24 13:13:56,312] [INFO] Model initialized on device: cuda:0
[2026-01-24 13:13:56,312] [INFO] Model initialized on device: cuda:0
[2026-01-24 13:13:56,312] [INFO] [CLIENT INIT] Mode=FEDAVG | Sparsity=OFF (UsedSparsity=0) | Clusters=OFF (UsedClusters=0) | EnvSparsityCfg={'Conv': 0.6, 'Linear': 0.6, 'Bias': 0.0, 'BatchNorm': 0.0} | EnvNClusters=3
[2026-01-24 13:13:56,312] [INFO] [CLIENT INIT] Mode=FEDAVG | Sparsity=OFF (UsedSparsity=0) | Clusters=OFF (UsedClusters=0) | EnvSparsityCfg={'Conv': 0.6, 'Linear': 0.6, 'Bias': 0.0, 'BatchNorm': 0.0} | EnvNClusters=3
[2026-01-24 13:14:56,813] [INFO] [TRAIN] Epoch 5 Loss: 0.7315
[2026-01-24 13:14:56,814] [INFO] [FIT] Local training finished. Avg Loss: 0.7608
[2026-01-24 13:15:30,169] [INFO] Model initialized on device: cuda:0
[2026-01-24 13:15:30,169] [INFO] [CLIENT INIT] Mode=FEDAVG | Sparsity=OFF (UsedSparsity=0) | Clusters=OFF (UsedClusters=0) | EnvSparsityCfg={'Conv': 0.6, 'Linear': 0.6, 'Bias': 0.0, 'BatchNorm': 0.0} | EnvNClusters=3
[2026-01-24 13:15:30,179] [INFO] Model initialized on device: cuda:0
[2026-01-24 13:15:30,180] [INFO] [CLIENT INIT] Mode=FEDAVG | Sparsity=OFF (UsedSparsity=0) | Clusters=OFF (UsedClusters=0) | EnvSparsityCfg={'Conv': 0.6, 'Linear': 0.6, 'Bias': 0.0, 'BatchNorm': 0.0} | EnvNClusters=3
[2026-01-24 13:15:37,834] [INFO] Model initialized on device: cuda:0
[2026-01-24 13:15:37,834] [INFO] [CLIENT INIT] Mode=FEDAVG | Sparsity=OFF (UsedSparsity=0) | Clusters=OFF (UsedClusters=0) | EnvSparsityCfg={'Conv': 0.6, 'Linear': 0.6, 'Bias': 0.0, 'BatchNorm': 0.0} | EnvNClusters=3
[2026-01-24 13:15:37,960] [INFO] Model initialized on device: cuda:0
[2026-01-24 13:15:37,961] [INFO] [CLIENT INIT] Mode=FEDAVG | Sparsity=OFF (UsedSparsity=0) | Clusters=OFF (UsedClusters=0) | EnvSparsityCfg={'Conv': 0.6, 'Linear': 0.6, 'Bias': 0.0, 'BatchNorm': 0.0} | EnvNClusters=3
[2026-01-24 13:15:38,013] [INFO] Model initialized on device: cuda:0
[2026-01-24 13:15:38,013] [INFO] [CLIENT INIT] Mode=FEDAVG | Sparsity=OFF (UsedSparsity=0) | Clusters=OFF (UsedClusters=0) | EnvSparsityCfg={'Conv': 0.6, 'Linear': 0.6, 'Bias': 0.0, 'BatchNorm': 0.0} | EnvNClusters=3
[2026-01-24 13:15:38,016] [INFO] Model initialized on device: cuda:0
[2026-01-24 13:15:38,016] [INFO] [CLIENT INIT] Mode=FEDAVG | Sparsity=OFF (UsedSparsity=0) | Clusters=OFF (UsedClusters=0) | EnvSparsityCfg={'Conv': 0.6, 'Linear': 0.6, 'Bias': 0.0, 'BatchNorm': 0.0} | EnvNClusters=3
[2026-01-24 13:15:38,131] [INFO] Model initialized on device: cuda:0
[2026-01-24 13:15:38,131] [INFO] [CLIENT INIT] Mode=FEDAVG | Sparsity=OFF (UsedSparsity=0) | Clusters=OFF (UsedClusters=0) | EnvSparsityCfg={'Conv': 0.6, 'Linear': 0.6, 'Bias': 0.0, 'BatchNorm': 0.0} | EnvNClusters=3
[2026-01-24 13:15:38,140] [INFO] Model initialized on device: cuda:0
[2026-01-24 13:15:38,140] [INFO] [CLIENT INIT] Mode=FEDAVG | Sparsity=OFF (UsedSparsity=0) | Clusters=OFF (UsedClusters=0) | EnvSparsityCfg={'Conv': 0.6, 'Linear': 0.6, 'Bias': 0.0, 'BatchNorm': 0.0} | EnvNClusters=3
[2026-01-24 13:15:38,149] [INFO] Model initialized on device: cuda:0
[2026-01-24 13:15:38,149] [INFO] [CLIENT INIT] Mode=FEDAVG | Sparsity=OFF (UsedSparsity=0) | Clusters=OFF (UsedClusters=0) | EnvSparsityCfg={'Conv': 0.6, 'Linear': 0.6, 'Bias': 0.0, 'BatchNorm': 0.0} | EnvNClusters=3
[2026-01-24 13:15:38,152] [INFO] Model initialized on device: cuda:0
[2026-01-24 13:15:38,152] [INFO] [CLIENT INIT] Mode=FEDAVG | Sparsity=OFF (UsedSparsity=0) | Clusters=OFF (UsedClusters=0) | EnvSparsityCfg={'Conv': 0.6, 'Linear': 0.6, 'Bias': 0.0, 'BatchNorm': 0.0} | EnvNClusters=3
[2026-01-24 13:15:44,179] [DEBUG] [TEST] Batch 1 | Pred shape: torch.Size([256, 256, 160]) | Label shape: torch.Size([256, 256, 160])
[2026-01-24 13:15:44,243] [DEBUG] [TEST] Batch 2 | Pred shape: torch.Size([256, 256, 160]) | Label shape: torch.Size([256, 256, 160])
[2026-01-24 13:15:44,317] [DEBUG] [TEST] Batch 3 | Pred shape: torch.Size([256, 256, 160]) | Label shape: torch.Size([256, 256, 160])
[2026-01-24 13:15:44,373] [DEBUG] [TEST] Batch 4 | Pred shape: torch.Size([256, 256, 160]) | Label shape: torch.Size([256, 256, 160])
[2026-01-24 13:15:44,446] [DEBUG] [TEST] Batch 5 | Pred shape: torch.Size([256, 256, 160]) | Label shape: torch.Size([256, 256, 160])
[2026-01-24 13:15:44,513] [DEBUG] [TEST] Batch 6 | Pred shape: torch.Size([256, 256, 160]) | Label shape: torch.Size([256, 256, 160])
[2026-01-24 13:15:44,573] [DEBUG] [TEST] Batch 7 | Pred shape: torch.Size([256, 256, 160]) | Label shape: torch.Size([256, 256, 160])
[2026-01-24 13:15:44,646] [DEBUG] [TEST] Batch 8 | Pred shape: torch.Size([256, 256, 160]) | Label shape: torch.Size([256, 256, 160])
[2026-01-24 13:15:44,713] [DEBUG] [TEST] Batch 9 | Pred shape: torch.Size([256, 256, 160]) | Label shape: torch.Size([256, 256, 160])
[2026-01-24 13:15:44,770] [DEBUG] [TEST] Batch 10 | Pred shape: torch.Size([256, 256, 160]) | Label shape: torch.Size([256, 256, 160])
[2026-01-24 13:15:48,991] [INFO] [FIT] Final model saved to: Revision2/Run_UNET_IID_Fedavg_20260124/Client4/model_final.pth
[2026-01-24 13:15:48,998] [INFO] [COMM][CLIENT] Round=-1 Mode=FEDAVG UsedSparsity=0 UsedClusters=0 BaselineBits=154016352.0 CompressedBits=154016352.0 CR=1.000
[2026-01-24 13:16:29,523] [INFO] [EVALUATE] Starting evaluation...
[2026-01-24 13:16:31,414] [INFO] [DEBUG] Loaded uncompressed weights.
[2026-01-24 13:17:41,011] [INFO] Model initialized on device: cuda:0
[2026-01-24 13:17:41,012] [INFO] [CLIENT INIT] Mode=FEDAVG | Sparsity=OFF (UsedSparsity=0) | Clusters=OFF (UsedClusters=0) | EnvSparsityCfg={'Conv': 0.6, 'Linear': 0.6, 'Bias': 0.0, 'BatchNorm': 0.0} | EnvNClusters=3
[2026-01-24 13:17:41,938] [INFO] Model initialized on device: cuda:0
[2026-01-24 13:17:41,938] [INFO] [CLIENT INIT] Mode=FEDAVG | Sparsity=OFF (UsedSparsity=0) | Clusters=OFF (UsedClusters=0) | EnvSparsityCfg={'Conv': 0.6, 'Linear': 0.6, 'Bias': 0.0, 'BatchNorm': 0.0} | EnvNClusters=3
[2026-01-24 13:17:42,115] [INFO] Model initialized on device: cuda:0
[2026-01-24 13:17:42,115] [INFO] [CLIENT INIT] Mode=FEDAVG | Sparsity=OFF (UsedSparsity=0) | Clusters=OFF (UsedClusters=0) | EnvSparsityCfg={'Conv': 0.6, 'Linear': 0.6, 'Bias': 0.0, 'BatchNorm': 0.0} | EnvNClusters=3
[2026-01-24 13:17:42,123] [INFO] Model initialized on device: cuda:0
[2026-01-24 13:17:42,124] [INFO] [CLIENT INIT] Mode=FEDAVG | Sparsity=OFF (UsedSparsity=0) | Clusters=OFF (UsedClusters=0) | EnvSparsityCfg={'Conv': 0.6, 'Linear': 0.6, 'Bias': 0.0, 'BatchNorm': 0.0} | EnvNClusters=3
[2026-01-24 13:17:42,225] [INFO] Model initialized on device: cuda:0
[2026-01-24 13:17:42,226] [INFO] [CLIENT INIT] Mode=FEDAVG | Sparsity=OFF (UsedSparsity=0) | Clusters=OFF (UsedClusters=0) | EnvSparsityCfg={'Conv': 0.6, 'Linear': 0.6, 'Bias': 0.0, 'BatchNorm': 0.0} | EnvNClusters=3
[2026-01-24 13:17:42,311] [INFO] Model initialized on device: cuda:0
[2026-01-24 13:17:42,311] [INFO] [CLIENT INIT] Mode=FEDAVG | Sparsity=OFF (UsedSparsity=0) | Clusters=OFF (UsedClusters=0) | EnvSparsityCfg={'Conv': 0.6, 'Linear': 0.6, 'Bias': 0.0, 'BatchNorm': 0.0} | EnvNClusters=3
[2026-01-24 13:17:42,314] [INFO] Model initialized on device: cuda:0
[2026-01-24 13:17:42,315] [INFO] [CLIENT INIT] Mode=FEDAVG | Sparsity=OFF (UsedSparsity=0) | Clusters=OFF (UsedClusters=0) | EnvSparsityCfg={'Conv': 0.6, 'Linear': 0.6, 'Bias': 0.0, 'BatchNorm': 0.0} | EnvNClusters=3
[2026-01-24 13:17:42,324] [INFO] Model initialized on device: cuda:0
[2026-01-24 13:17:42,324] [INFO] [CLIENT INIT] Mode=FEDAVG | Sparsity=OFF (UsedSparsity=0) | Clusters=OFF (UsedClusters=0) | EnvSparsityCfg={'Conv': 0.6, 'Linear': 0.6, 'Bias': 0.0, 'BatchNorm': 0.0} | EnvNClusters=3
[2026-01-24 13:17:42,333] [INFO] Model initialized on device: cuda:0
[2026-01-24 13:17:42,333] [INFO] [CLIENT INIT] Mode=FEDAVG | Sparsity=OFF (UsedSparsity=0) | Clusters=OFF (UsedClusters=0) | EnvSparsityCfg={'Conv': 0.6, 'Linear': 0.6, 'Bias': 0.0, 'BatchNorm': 0.0} | EnvNClusters=3
[2026-01-24 13:17:42,419] [INFO] Model initialized on device: cuda:0
[2026-01-24 13:17:42,420] [INFO] [CLIENT INIT] Mode=FEDAVG | Sparsity=OFF (UsedSparsity=0) | Clusters=OFF (UsedClusters=0) | EnvSparsityCfg={'Conv': 0.6, 'Linear': 0.6, 'Bias': 0.0, 'BatchNorm': 0.0} | EnvNClusters=3
[2026-01-24 13:17:49,393] [DEBUG] [TEST] Batch 1 | Pred shape: torch.Size([256, 256, 160]) | Label shape: torch.Size([256, 256, 160])
[2026-01-24 13:17:49,605] [DEBUG] [TEST] Batch 2 | Pred shape: torch.Size([256, 256, 160]) | Label shape: torch.Size([256, 256, 160])
[2026-01-24 13:17:49,822] [DEBUG] [TEST] Batch 3 | Pred shape: torch.Size([256, 256, 160]) | Label shape: torch.Size([256, 256, 160])
[2026-01-24 13:17:50,043] [DEBUG] [TEST] Batch 4 | Pred shape: torch.Size([256, 256, 160]) | Label shape: torch.Size([256, 256, 160])
[2026-01-24 13:17:50,267] [DEBUG] [TEST] Batch 5 | Pred shape: torch.Size([256, 256, 160]) | Label shape: torch.Size([256, 256, 160])
[2026-01-24 13:17:50,489] [DEBUG] [TEST] Batch 6 | Pred shape: torch.Size([256, 256, 160]) | Label shape: torch.Size([256, 256, 160])
[2026-01-24 13:17:50,718] [DEBUG] [TEST] Batch 7 | Pred shape: torch.Size([256, 256, 160]) | Label shape: torch.Size([256, 256, 160])
[2026-01-24 13:17:50,902] [DEBUG] [TEST] Batch 8 | Pred shape: torch.Size([256, 256, 160]) | Label shape: torch.Size([256, 256, 160])
[2026-01-24 13:17:50,962] [DEBUG] [TEST] Batch 9 | Pred shape: torch.Size([256, 256, 160]) | Label shape: torch.Size([256, 256, 160])
[2026-01-24 13:17:51,108] [DEBUG] [TEST] Batch 10 | Pred shape: torch.Size([256, 256, 160]) | Label shape: torch.Size([256, 256, 160])
[2026-01-24 13:17:59,621] [INFO] [EVALUATE] Dice WT: 0.4159
[2026-01-24 13:18:00,151] [INFO] [FIT] Received parameters. Starting local training...
[2026-01-24 13:18:03,714] [INFO] [DEBUG] Loaded uncompressed weights.
[2026-01-24 13:19:11,913] [INFO] Model initialized on device: cuda:0
[2026-01-24 13:19:11,913] [INFO] [CLIENT INIT] Mode=FEDAVG | Sparsity=OFF (UsedSparsity=0) | Clusters=OFF (UsedClusters=0) | EnvSparsityCfg={'Conv': 0.6, 'Linear': 0.6, 'Bias': 0.0, 'BatchNorm': 0.0} | EnvNClusters=3
[2026-01-24 13:19:12,022] [INFO] Model initialized on device: cuda:0
[2026-01-24 13:19:12,023] [INFO] [CLIENT INIT] Mode=FEDAVG | Sparsity=OFF (UsedSparsity=0) | Clusters=OFF (UsedClusters=0) | EnvSparsityCfg={'Conv': 0.6, 'Linear': 0.6, 'Bias': 0.0, 'BatchNorm': 0.0} | EnvNClusters=3
[2026-01-24 13:19:12,110] [INFO] Model initialized on device: cuda:0
[2026-01-24 13:19:12,110] [INFO] [CLIENT INIT] Mode=FEDAVG | Sparsity=OFF (UsedSparsity=0) | Clusters=OFF (UsedClusters=0) | EnvSparsityCfg={'Conv': 0.6, 'Linear': 0.6, 'Bias': 0.0, 'BatchNorm': 0.0} | EnvNClusters=3
[2026-01-24 13:19:12,415] [INFO] Model initialized on device: cuda:0
[2026-01-24 13:19:12,415] [INFO] [CLIENT INIT] Mode=FEDAVG | Sparsity=OFF (UsedSparsity=0) | Clusters=OFF (UsedClusters=0) | EnvSparsityCfg={'Conv': 0.6, 'Linear': 0.6, 'Bias': 0.0, 'BatchNorm': 0.0} | EnvNClusters=3
[2026-01-24 13:19:12,420] [INFO] Model initialized on device: cuda:0
[2026-01-24 13:19:12,420] [INFO] [CLIENT INIT] Mode=FEDAVG | Sparsity=OFF (UsedSparsity=0) | Clusters=OFF (UsedClusters=0) | EnvSparsityCfg={'Conv': 0.6, 'Linear': 0.6, 'Bias': 0.0, 'BatchNorm': 0.0} | EnvNClusters=3
[2026-01-24 13:19:12,424] [INFO] Model initialized on device: cuda:0
[2026-01-24 13:19:12,424] [INFO] [CLIENT INIT] Mode=FEDAVG | Sparsity=OFF (UsedSparsity=0) | Clusters=OFF (UsedClusters=0) | EnvSparsityCfg={'Conv': 0.6, 'Linear': 0.6, 'Bias': 0.0, 'BatchNorm': 0.0} | EnvNClusters=3
[2026-01-24 13:19:12,518] [INFO] Model initialized on device: cuda:0
[2026-01-24 13:19:12,518] [INFO] [CLIENT INIT] Mode=FEDAVG | Sparsity=OFF (UsedSparsity=0) | Clusters=OFF (UsedClusters=0) | EnvSparsityCfg={'Conv': 0.6, 'Linear': 0.6, 'Bias': 0.0, 'BatchNorm': 0.0} | EnvNClusters=3
[2026-01-24 13:19:12,526] [INFO] Model initialized on device: cuda:0
[2026-01-24 13:19:12,526] [INFO] [CLIENT INIT] Mode=FEDAVG | Sparsity=OFF (UsedSparsity=0) | Clusters=OFF (UsedClusters=0) | EnvSparsityCfg={'Conv': 0.6, 'Linear': 0.6, 'Bias': 0.0, 'BatchNorm': 0.0} | EnvNClusters=3
[2026-01-24 13:19:12,535] [INFO] Model initialized on device: cuda:0
[2026-01-24 13:19:12,535] [INFO] [CLIENT INIT] Mode=FEDAVG | Sparsity=OFF (UsedSparsity=0) | Clusters=OFF (UsedClusters=0) | EnvSparsityCfg={'Conv': 0.6, 'Linear': 0.6, 'Bias': 0.0, 'BatchNorm': 0.0} | EnvNClusters=3
[2026-01-24 13:19:12,539] [INFO] Model initialized on device: cuda:0
[2026-01-24 13:19:12,539] [INFO] [CLIENT INIT] Mode=FEDAVG | Sparsity=OFF (UsedSparsity=0) | Clusters=OFF (UsedClusters=0) | EnvSparsityCfg={'Conv': 0.6, 'Linear': 0.6, 'Bias': 0.0, 'BatchNorm': 0.0} | EnvNClusters=3
[2026-01-24 13:20:28,817] [INFO] [TRAIN] Epoch 1 Loss: 0.7156
[2026-01-24 13:21:33,010] [INFO] Model initialized on device: cuda:0
[2026-01-24 13:21:33,010] [INFO] [CLIENT INIT] Mode=FEDAVG | Sparsity=OFF (UsedSparsity=0) | Clusters=OFF (UsedClusters=0) | EnvSparsityCfg={'Conv': 0.6, 'Linear': 0.6, 'Bias': 0.0, 'BatchNorm': 0.0} | EnvNClusters=3
[2026-01-24 13:21:33,011] [INFO] Model initialized on device: cuda:0
[2026-01-24 13:21:33,011] [INFO] [CLIENT INIT] Mode=FEDAVG | Sparsity=OFF (UsedSparsity=0) | Clusters=OFF (UsedClusters=0) | EnvSparsityCfg={'Conv': 0.6, 'Linear': 0.6, 'Bias': 0.0, 'BatchNorm': 0.0} | EnvNClusters=3
[2026-01-24 13:21:33,620] [INFO] Model initialized on device: cuda:0
[2026-01-24 13:21:33,620] [INFO] [CLIENT INIT] Mode=FEDAVG | Sparsity=OFF (UsedSparsity=0) | Clusters=OFF (UsedClusters=0) | EnvSparsityCfg={'Conv': 0.6, 'Linear': 0.6, 'Bias': 0.0, 'BatchNorm': 0.0} | EnvNClusters=3
[2026-01-24 13:21:33,627] [INFO] Model initialized on device: cuda:0
[2026-01-24 13:21:33,627] [INFO] [CLIENT INIT] Mode=FEDAVG | Sparsity=OFF (UsedSparsity=0) | Clusters=OFF (UsedClusters=0) | EnvSparsityCfg={'Conv': 0.6, 'Linear': 0.6, 'Bias': 0.0, 'BatchNorm': 0.0} | EnvNClusters=3
[2026-01-24 13:21:33,911] [INFO] Model initialized on device: cuda:0
[2026-01-24 13:21:33,911] [INFO] [CLIENT INIT] Mode=FEDAVG | Sparsity=OFF (UsedSparsity=0) | Clusters=OFF (UsedClusters=0) | EnvSparsityCfg={'Conv': 0.6, 'Linear': 0.6, 'Bias': 0.0, 'BatchNorm': 0.0} | EnvNClusters=3
[2026-01-24 13:21:34,110] [INFO] Model initialized on device: cuda:0
[2026-01-24 13:21:34,112] [INFO] [CLIENT INIT] Mode=FEDAVG | Sparsity=OFF (UsedSparsity=0) | Clusters=OFF (UsedClusters=0) | EnvSparsityCfg={'Conv': 0.6, 'Linear': 0.6, 'Bias': 0.0, 'BatchNorm': 0.0} | EnvNClusters=3
[2026-01-24 13:21:34,240] [INFO] Model initialized on device: cuda:0
[2026-01-24 13:21:34,240] [INFO] [CLIENT INIT] Mode=FEDAVG | Sparsity=OFF (UsedSparsity=0) | Clusters=OFF (UsedClusters=0) | EnvSparsityCfg={'Conv': 0.6, 'Linear': 0.6, 'Bias': 0.0, 'BatchNorm': 0.0} | EnvNClusters=3
[2026-01-24 13:21:34,243] [INFO] Model initialized on device: cuda:0
[2026-01-24 13:21:34,244] [INFO] [CLIENT INIT] Mode=FEDAVG | Sparsity=OFF (UsedSparsity=0) | Clusters=OFF (UsedClusters=0) | EnvSparsityCfg={'Conv': 0.6, 'Linear': 0.6, 'Bias': 0.0, 'BatchNorm': 0.0} | EnvNClusters=3
[2026-01-24 13:21:34,331] [INFO] Model initialized on device: cuda:0
[2026-01-24 13:21:34,332] [INFO] [CLIENT INIT] Mode=FEDAVG | Sparsity=OFF (UsedSparsity=0) | Clusters=OFF (UsedClusters=0) | EnvSparsityCfg={'Conv': 0.6, 'Linear': 0.6, 'Bias': 0.0, 'BatchNorm': 0.0} | EnvNClusters=3
[2026-01-24 13:21:34,536] [INFO] Model initialized on device: cuda:0
[2026-01-24 13:21:34,536] [INFO] [CLIENT INIT] Mode=FEDAVG | Sparsity=OFF (UsedSparsity=0) | Clusters=OFF (UsedClusters=0) | EnvSparsityCfg={'Conv': 0.6, 'Linear': 0.6, 'Bias': 0.0, 'BatchNorm': 0.0} | EnvNClusters=3
[2026-01-24 13:22:50,684] [INFO] [TRAIN] Epoch 2 Loss: 0.6993
[2026-01-24 13:23:58,623] [INFO] Model initialized on device: cuda:0
[2026-01-24 13:23:58,623] [INFO] [CLIENT INIT] Mode=FEDAVG | Sparsity=OFF (UsedSparsity=0) | Clusters=OFF (UsedClusters=0) | EnvSparsityCfg={'Conv': 0.6, 'Linear': 0.6, 'Bias': 0.0, 'BatchNorm': 0.0} | EnvNClusters=3
[2026-01-24 13:23:58,630] [INFO] Model initialized on device: cuda:0
[2026-01-24 13:23:58,630] [INFO] [CLIENT INIT] Mode=FEDAVG | Sparsity=OFF (UsedSparsity=0) | Clusters=OFF (UsedClusters=0) | EnvSparsityCfg={'Conv': 0.6, 'Linear': 0.6, 'Bias': 0.0, 'BatchNorm': 0.0} | EnvNClusters=3
[2026-01-24 13:23:58,942] [INFO] Model initialized on device: cuda:0
[2026-01-24 13:23:58,942] [INFO] [CLIENT INIT] Mode=FEDAVG | Sparsity=OFF (UsedSparsity=0) | Clusters=OFF (UsedClusters=0) | EnvSparsityCfg={'Conv': 0.6, 'Linear': 0.6, 'Bias': 0.0, 'BatchNorm': 0.0} | EnvNClusters=3
[2026-01-24 13:23:59,156] [INFO] Model initialized on device: cuda:0
[2026-01-24 13:23:59,157] [INFO] [CLIENT INIT] Mode=FEDAVG | Sparsity=OFF (UsedSparsity=0) | Clusters=OFF (UsedClusters=0) | EnvSparsityCfg={'Conv': 0.6, 'Linear': 0.6, 'Bias': 0.0, 'BatchNorm': 0.0} | EnvNClusters=3
[2026-01-24 13:23:59,621] [INFO] Model initialized on device: cuda:0
[2026-01-24 13:23:59,621] [INFO] [CLIENT INIT] Mode=FEDAVG | Sparsity=OFF (UsedSparsity=0) | Clusters=OFF (UsedClusters=0) | EnvSparsityCfg={'Conv': 0.6, 'Linear': 0.6, 'Bias': 0.0, 'BatchNorm': 0.0} | EnvNClusters=3
[2026-01-24 13:23:59,816] [INFO] Model initialized on device: cuda:0
[2026-01-24 13:23:59,816] [INFO] [CLIENT INIT] Mode=FEDAVG | Sparsity=OFF (UsedSparsity=0) | Clusters=OFF (UsedClusters=0) | EnvSparsityCfg={'Conv': 0.6, 'Linear': 0.6, 'Bias': 0.0, 'BatchNorm': 0.0} | EnvNClusters=3
[2026-01-24 13:24:00,126] [INFO] Model initialized on device: cuda:0
[2026-01-24 13:24:00,126] [INFO] [CLIENT INIT] Mode=FEDAVG | Sparsity=OFF (UsedSparsity=0) | Clusters=OFF (UsedClusters=0) | EnvSparsityCfg={'Conv': 0.6, 'Linear': 0.6, 'Bias': 0.0, 'BatchNorm': 0.0} | EnvNClusters=3
[2026-01-24 13:24:00,130] [INFO] Model initialized on device: cuda:0
[2026-01-24 13:24:00,130] [INFO] [CLIENT INIT] Mode=FEDAVG | Sparsity=OFF (UsedSparsity=0) | Clusters=OFF (UsedClusters=0) | EnvSparsityCfg={'Conv': 0.6, 'Linear': 0.6, 'Bias': 0.0, 'BatchNorm': 0.0} | EnvNClusters=3
[2026-01-24 13:24:00,211] [INFO] Model initialized on device: cuda:0
[2026-01-24 13:24:00,211] [INFO] [CLIENT INIT] Mode=FEDAVG | Sparsity=OFF (UsedSparsity=0) | Clusters=OFF (UsedClusters=0) | EnvSparsityCfg={'Conv': 0.6, 'Linear': 0.6, 'Bias': 0.0, 'BatchNorm': 0.0} | EnvNClusters=3
[2026-01-24 13:24:00,224] [INFO] Model initialized on device: cuda:0
[2026-01-24 13:24:00,224] [INFO] [CLIENT INIT] Mode=FEDAVG | Sparsity=OFF (UsedSparsity=0) | Clusters=OFF (UsedClusters=0) | EnvSparsityCfg={'Conv': 0.6, 'Linear': 0.6, 'Bias': 0.0, 'BatchNorm': 0.0} | EnvNClusters=3
[2026-01-24 13:25:15,477] [INFO] [TRAIN] Epoch 3 Loss: 0.6829
[2026-01-24 13:26:07,767] [INFO] Model initialized on device: cuda:0
[2026-01-24 13:26:07,767] [INFO] [CLIENT INIT] Mode=FEDAVG | Sparsity=OFF (UsedSparsity=0) | Clusters=OFF (UsedClusters=0) | EnvSparsityCfg={'Conv': 0.6, 'Linear': 0.6, 'Bias': 0.0, 'BatchNorm': 0.0} | EnvNClusters=3
[2026-01-24 13:26:15,125] [INFO] Model initialized on device: cuda:0
[2026-01-24 13:26:15,125] [INFO] [CLIENT INIT] Mode=FEDAVG | Sparsity=OFF (UsedSparsity=0) | Clusters=OFF (UsedClusters=0) | EnvSparsityCfg={'Conv': 0.6, 'Linear': 0.6, 'Bias': 0.0, 'BatchNorm': 0.0} | EnvNClusters=3
[2026-01-24 13:26:20,225] [INFO] Model initialized on device: cuda:0
[2026-01-24 13:26:20,225] [INFO] [CLIENT INIT] Mode=FEDAVG | Sparsity=OFF (UsedSparsity=0) | Clusters=OFF (UsedClusters=0) | EnvSparsityCfg={'Conv': 0.6, 'Linear': 0.6, 'Bias': 0.0, 'BatchNorm': 0.0} | EnvNClusters=3
[2026-01-24 13:26:20,313] [INFO] Model initialized on device: cuda:0
[2026-01-24 13:26:20,313] [INFO] [CLIENT INIT] Mode=FEDAVG | Sparsity=OFF (UsedSparsity=0) | Clusters=OFF (UsedClusters=0) | EnvSparsityCfg={'Conv': 0.6, 'Linear': 0.6, 'Bias': 0.0, 'BatchNorm': 0.0} | EnvNClusters=3
[2026-01-24 13:26:21,224] [INFO] Model initialized on device: cuda:0
[2026-01-24 13:26:21,225] [INFO] [CLIENT INIT] Mode=FEDAVG | Sparsity=OFF (UsedSparsity=0) | Clusters=OFF (UsedClusters=0) | EnvSparsityCfg={'Conv': 0.6, 'Linear': 0.6, 'Bias': 0.0, 'BatchNorm': 0.0} | EnvNClusters=3
[2026-01-24 13:26:21,536] [INFO] Model initialized on device: cuda:0
[2026-01-24 13:26:21,536] [INFO] [CLIENT INIT] Mode=FEDAVG | Sparsity=OFF (UsedSparsity=0) | Clusters=OFF (UsedClusters=0) | EnvSparsityCfg={'Conv': 0.6, 'Linear': 0.6, 'Bias': 0.0, 'BatchNorm': 0.0} | EnvNClusters=3
[2026-01-24 13:26:21,611] [INFO] Model initialized on device: cuda:0
[2026-01-24 13:26:21,611] [INFO] [CLIENT INIT] Mode=FEDAVG | Sparsity=OFF (UsedSparsity=0) | Clusters=OFF (UsedClusters=0) | EnvSparsityCfg={'Conv': 0.6, 'Linear': 0.6, 'Bias': 0.0, 'BatchNorm': 0.0} | EnvNClusters=3
[2026-01-24 13:26:21,730] [INFO] Model initialized on device: cuda:0
[2026-01-24 13:26:21,730] [INFO] [CLIENT INIT] Mode=FEDAVG | Sparsity=OFF (UsedSparsity=0) | Clusters=OFF (UsedClusters=0) | EnvSparsityCfg={'Conv': 0.6, 'Linear': 0.6, 'Bias': 0.0, 'BatchNorm': 0.0} | EnvNClusters=3
[2026-01-24 13:26:21,734] [INFO] Model initialized on device: cuda:0
[2026-01-24 13:26:21,734] [INFO] [CLIENT INIT] Mode=FEDAVG | Sparsity=OFF (UsedSparsity=0) | Clusters=OFF (UsedClusters=0) | EnvSparsityCfg={'Conv': 0.6, 'Linear': 0.6, 'Bias': 0.0, 'BatchNorm': 0.0} | EnvNClusters=3
[2026-01-24 13:26:21,815] [INFO] Model initialized on device: cuda:0
[2026-01-24 13:26:21,815] [INFO] [CLIENT INIT] Mode=FEDAVG | Sparsity=OFF (UsedSparsity=0) | Clusters=OFF (UsedClusters=0) | EnvSparsityCfg={'Conv': 0.6, 'Linear': 0.6, 'Bias': 0.0, 'BatchNorm': 0.0} | EnvNClusters=3
[2026-01-24 13:27:27,215] [INFO] [TRAIN] Epoch 4 Loss: 0.6641
[2026-01-24 13:28:01,418] [INFO] Model initialized on device: cuda:0
[2026-01-24 13:28:01,419] [INFO] [CLIENT INIT] Mode=FEDAVG | Sparsity=OFF (UsedSparsity=0) | Clusters=OFF (UsedClusters=0) | EnvSparsityCfg={'Conv': 0.6, 'Linear': 0.6, 'Bias': 0.0, 'BatchNorm': 0.0} | EnvNClusters=3
[2026-01-24 13:28:04,710] [INFO] Model initialized on device: cuda:0
[2026-01-24 13:28:04,710] [INFO] [CLIENT INIT] Mode=FEDAVG | Sparsity=OFF (UsedSparsity=0) | Clusters=OFF (UsedClusters=0) | EnvSparsityCfg={'Conv': 0.6, 'Linear': 0.6, 'Bias': 0.0, 'BatchNorm': 0.0} | EnvNClusters=3
[2026-01-24 13:28:08,640] [INFO] Model initialized on device: cuda:0
[2026-01-24 13:28:08,641] [INFO] [CLIENT INIT] Mode=FEDAVG | Sparsity=OFF (UsedSparsity=0) | Clusters=OFF (UsedClusters=0) | EnvSparsityCfg={'Conv': 0.6, 'Linear': 0.6, 'Bias': 0.0, 'BatchNorm': 0.0} | EnvNClusters=3
[2026-01-24 13:28:08,732] [INFO] Model initialized on device: cuda:0
[2026-01-24 13:28:08,732] [INFO] [CLIENT INIT] Mode=FEDAVG | Sparsity=OFF (UsedSparsity=0) | Clusters=OFF (UsedClusters=0) | EnvSparsityCfg={'Conv': 0.6, 'Linear': 0.6, 'Bias': 0.0, 'BatchNorm': 0.0} | EnvNClusters=3
[2026-01-24 13:28:09,516] [INFO] Model initialized on device: cuda:0
[2026-01-24 13:28:09,516] [INFO] [CLIENT INIT] Mode=FEDAVG | Sparsity=OFF (UsedSparsity=0) | Clusters=OFF (UsedClusters=0) | EnvSparsityCfg={'Conv': 0.6, 'Linear': 0.6, 'Bias': 0.0, 'BatchNorm': 0.0} | EnvNClusters=3
[2026-01-24 13:28:09,943] [INFO] Model initialized on device: cuda:0
[2026-01-24 13:28:09,943] [INFO] [CLIENT INIT] Mode=FEDAVG | Sparsity=OFF (UsedSparsity=0) | Clusters=OFF (UsedClusters=0) | EnvSparsityCfg={'Conv': 0.6, 'Linear': 0.6, 'Bias': 0.0, 'BatchNorm': 0.0} | EnvNClusters=3
[2026-01-24 13:28:10,254] [INFO] Model initialized on device: cuda:0
[2026-01-24 13:28:10,254] [INFO] [CLIENT INIT] Mode=FEDAVG | Sparsity=OFF (UsedSparsity=0) | Clusters=OFF (UsedClusters=0) | EnvSparsityCfg={'Conv': 0.6, 'Linear': 0.6, 'Bias': 0.0, 'BatchNorm': 0.0} | EnvNClusters=3
[2026-01-24 13:28:12,914] [INFO] Model initialized on device: cuda:0
[2026-01-24 13:28:12,914] [INFO] [CLIENT INIT] Mode=FEDAVG | Sparsity=OFF (UsedSparsity=0) | Clusters=OFF (UsedClusters=0) | EnvSparsityCfg={'Conv': 0.6, 'Linear': 0.6, 'Bias': 0.0, 'BatchNorm': 0.0} | EnvNClusters=3
[2026-01-24 13:28:16,218] [INFO] Model initialized on device: cuda:0
[2026-01-24 13:28:16,218] [INFO] [CLIENT INIT] Mode=FEDAVG | Sparsity=OFF (UsedSparsity=0) | Clusters=OFF (UsedClusters=0) | EnvSparsityCfg={'Conv': 0.6, 'Linear': 0.6, 'Bias': 0.0, 'BatchNorm': 0.0} | EnvNClusters=3
[2026-01-24 13:28:19,446] [INFO] Model initialized on device: cuda:0
[2026-01-24 13:28:19,446] [INFO] [CLIENT INIT] Mode=FEDAVG | Sparsity=OFF (UsedSparsity=0) | Clusters=OFF (UsedClusters=0) | EnvSparsityCfg={'Conv': 0.6, 'Linear': 0.6, 'Bias': 0.0, 'BatchNorm': 0.0} | EnvNClusters=3
[2026-01-24 13:29:17,000] [INFO] [TRAIN] Epoch 5 Loss: 0.6481
[2026-01-24 13:29:17,001] [INFO] [FIT] Local training finished. Avg Loss: 0.6820
[2026-01-24 13:29:40,764] [INFO] Model initialized on device: cuda:0
[2026-01-24 13:29:40,764] [INFO] [CLIENT INIT] Mode=FEDAVG | Sparsity=OFF (UsedSparsity=0) | Clusters=OFF (UsedClusters=0) | EnvSparsityCfg={'Conv': 0.6, 'Linear': 0.6, 'Bias': 0.0, 'BatchNorm': 0.0} | EnvNClusters=3
[2026-01-24 13:29:41,492] [INFO] Model initialized on device: cuda:0
[2026-01-24 13:29:41,492] [INFO] [CLIENT INIT] Mode=FEDAVG | Sparsity=OFF (UsedSparsity=0) | Clusters=OFF (UsedClusters=0) | EnvSparsityCfg={'Conv': 0.6, 'Linear': 0.6, 'Bias': 0.0, 'BatchNorm': 0.0} | EnvNClusters=3
[2026-01-24 13:29:41,993] [INFO] Model initialized on device: cuda:0
[2026-01-24 13:29:41,993] [INFO] [CLIENT INIT] Mode=FEDAVG | Sparsity=OFF (UsedSparsity=0) | Clusters=OFF (UsedClusters=0) | EnvSparsityCfg={'Conv': 0.6, 'Linear': 0.6, 'Bias': 0.0, 'BatchNorm': 0.0} | EnvNClusters=3
[2026-01-24 13:29:42,427] [INFO] Model initialized on device: cuda:0
[2026-01-24 13:29:42,427] [INFO] [CLIENT INIT] Mode=FEDAVG | Sparsity=OFF (UsedSparsity=0) | Clusters=OFF (UsedClusters=0) | EnvSparsityCfg={'Conv': 0.6, 'Linear': 0.6, 'Bias': 0.0, 'BatchNorm': 0.0} | EnvNClusters=3
[2026-01-24 13:29:42,492] [INFO] Model initialized on device: cuda:0
[2026-01-24 13:29:42,492] [INFO] [CLIENT INIT] Mode=FEDAVG | Sparsity=OFF (UsedSparsity=0) | Clusters=OFF (UsedClusters=0) | EnvSparsityCfg={'Conv': 0.6, 'Linear': 0.6, 'Bias': 0.0, 'BatchNorm': 0.0} | EnvNClusters=3
[2026-01-24 13:29:42,710] [INFO] Model initialized on device: cuda:0
[2026-01-24 13:29:42,710] [INFO] [CLIENT INIT] Mode=FEDAVG | Sparsity=OFF (UsedSparsity=0) | Clusters=OFF (UsedClusters=0) | EnvSparsityCfg={'Conv': 0.6, 'Linear': 0.6, 'Bias': 0.0, 'BatchNorm': 0.0} | EnvNClusters=3
[2026-01-24 13:29:43,065] [INFO] Model initialized on device: cuda:0
[2026-01-24 13:29:43,065] [INFO] [CLIENT INIT] Mode=FEDAVG | Sparsity=OFF (UsedSparsity=0) | Clusters=OFF (UsedClusters=0) | EnvSparsityCfg={'Conv': 0.6, 'Linear': 0.6, 'Bias': 0.0, 'BatchNorm': 0.0} | EnvNClusters=3
[2026-01-24 13:29:43,091] [INFO] Model initialized on device: cuda:0
[2026-01-24 13:29:43,091] [INFO] [CLIENT INIT] Mode=FEDAVG | Sparsity=OFF (UsedSparsity=0) | Clusters=OFF (UsedClusters=0) | EnvSparsityCfg={'Conv': 0.6, 'Linear': 0.6, 'Bias': 0.0, 'BatchNorm': 0.0} | EnvNClusters=3
[2026-01-24 13:29:43,132] [INFO] Model initialized on device: cuda:0
[2026-01-24 13:29:43,132] [INFO] [CLIENT INIT] Mode=FEDAVG | Sparsity=OFF (UsedSparsity=0) | Clusters=OFF (UsedClusters=0) | EnvSparsityCfg={'Conv': 0.6, 'Linear': 0.6, 'Bias': 0.0, 'BatchNorm': 0.0} | EnvNClusters=3
[2026-01-24 13:29:43,134] [INFO] Model initialized on device: cuda:0
[2026-01-24 13:29:43,134] [INFO] [CLIENT INIT] Mode=FEDAVG | Sparsity=OFF (UsedSparsity=0) | Clusters=OFF (UsedClusters=0) | EnvSparsityCfg={'Conv': 0.6, 'Linear': 0.6, 'Bias': 0.0, 'BatchNorm': 0.0} | EnvNClusters=3
[2026-01-24 13:29:46,101] [DEBUG] [TEST] Batch 1 | Pred shape: torch.Size([256, 256, 160]) | Label shape: torch.Size([256, 256, 160])
[2026-01-24 13:29:46,192] [DEBUG] [TEST] Batch 2 | Pred shape: torch.Size([256, 256, 160]) | Label shape: torch.Size([256, 256, 160])
[2026-01-24 13:29:46,251] [DEBUG] [TEST] Batch 3 | Pred shape: torch.Size([256, 256, 160]) | Label shape: torch.Size([256, 256, 160])
[2026-01-24 13:29:46,308] [DEBUG] [TEST] Batch 4 | Pred shape: torch.Size([256, 256, 160]) | Label shape: torch.Size([256, 256, 160])
[2026-01-24 13:29:46,364] [DEBUG] [TEST] Batch 5 | Pred shape: torch.Size([256, 256, 160]) | Label shape: torch.Size([256, 256, 160])
[2026-01-24 13:29:46,419] [DEBUG] [TEST] Batch 6 | Pred shape: torch.Size([256, 256, 160]) | Label shape: torch.Size([256, 256, 160])
[2026-01-24 13:29:46,483] [DEBUG] [TEST] Batch 7 | Pred shape: torch.Size([256, 256, 160]) | Label shape: torch.Size([256, 256, 160])
[2026-01-24 13:29:46,542] [DEBUG] [TEST] Batch 8 | Pred shape: torch.Size([256, 256, 160]) | Label shape: torch.Size([256, 256, 160])
[2026-01-24 13:29:46,639] [DEBUG] [TEST] Batch 9 | Pred shape: torch.Size([256, 256, 160]) | Label shape: torch.Size([256, 256, 160])
[2026-01-24 13:29:46,694] [DEBUG] [TEST] Batch 10 | Pred shape: torch.Size([256, 256, 160]) | Label shape: torch.Size([256, 256, 160])
[2026-01-24 13:29:49,472] [INFO] [FIT] Final model saved to: Revision2/Run_UNET_IID_Fedavg_20260124/Client4/model_final.pth
[2026-01-24 13:29:49,478] [INFO] [COMM][CLIENT] Round=-1 Mode=FEDAVG UsedSparsity=0 UsedClusters=0 BaselineBits=154016352.0 CompressedBits=154016352.0 CR=1.000
[2026-01-24 13:30:13,512] [INFO] [EVALUATE] Starting evaluation...
[2026-01-24 13:30:16,619] [INFO] [DEBUG] Loaded uncompressed weights.
[2026-01-24 13:31:24,516] [INFO] Model initialized on device: cuda:0
[2026-01-24 13:31:24,516] [INFO] [CLIENT INIT] Mode=FEDAVG | Sparsity=OFF (UsedSparsity=0) | Clusters=OFF (UsedClusters=0) | EnvSparsityCfg={'Conv': 0.6, 'Linear': 0.6, 'Bias': 0.0, 'BatchNorm': 0.0} | EnvNClusters=3
[2026-01-24 13:31:25,050] [INFO] Model initialized on device: cuda:0
[2026-01-24 13:31:25,050] [INFO] [CLIENT INIT] Mode=FEDAVG | Sparsity=OFF (UsedSparsity=0) | Clusters=OFF (UsedClusters=0) | EnvSparsityCfg={'Conv': 0.6, 'Linear': 0.6, 'Bias': 0.0, 'BatchNorm': 0.0} | EnvNClusters=3
[2026-01-24 13:31:26,220] [INFO] Model initialized on device: cuda:0
[2026-01-24 13:31:26,221] [INFO] [CLIENT INIT] Mode=FEDAVG | Sparsity=OFF (UsedSparsity=0) | Clusters=OFF (UsedClusters=0) | EnvSparsityCfg={'Conv': 0.6, 'Linear': 0.6, 'Bias': 0.0, 'BatchNorm': 0.0} | EnvNClusters=3
[2026-01-24 13:31:26,415] [INFO] Model initialized on device: cuda:0
[2026-01-24 13:31:26,415] [INFO] [CLIENT INIT] Mode=FEDAVG | Sparsity=OFF (UsedSparsity=0) | Clusters=OFF (UsedClusters=0) | EnvSparsityCfg={'Conv': 0.6, 'Linear': 0.6, 'Bias': 0.0, 'BatchNorm': 0.0} | EnvNClusters=3
[2026-01-24 13:31:26,437] [INFO] Model initialized on device: cuda:0
[2026-01-24 13:31:26,437] [INFO] [CLIENT INIT] Mode=FEDAVG | Sparsity=OFF (UsedSparsity=0) | Clusters=OFF (UsedClusters=0) | EnvSparsityCfg={'Conv': 0.6, 'Linear': 0.6, 'Bias': 0.0, 'BatchNorm': 0.0} | EnvNClusters=3
[2026-01-24 13:31:26,532] [INFO] Model initialized on device: cuda:0
[2026-01-24 13:31:26,532] [INFO] [CLIENT INIT] Mode=FEDAVG | Sparsity=OFF (UsedSparsity=0) | Clusters=OFF (UsedClusters=0) | EnvSparsityCfg={'Conv': 0.6, 'Linear': 0.6, 'Bias': 0.0, 'BatchNorm': 0.0} | EnvNClusters=3
[2026-01-24 13:31:26,533] [INFO] Model initialized on device: cuda:0
[2026-01-24 13:31:26,533] [INFO] [CLIENT INIT] Mode=FEDAVG | Sparsity=OFF (UsedSparsity=0) | Clusters=OFF (UsedClusters=0) | EnvSparsityCfg={'Conv': 0.6, 'Linear': 0.6, 'Bias': 0.0, 'BatchNorm': 0.0} | EnvNClusters=3
[2026-01-24 13:31:26,611] [INFO] Model initialized on device: cuda:0
[2026-01-24 13:31:26,612] [INFO] [CLIENT INIT] Mode=FEDAVG | Sparsity=OFF (UsedSparsity=0) | Clusters=OFF (UsedClusters=0) | EnvSparsityCfg={'Conv': 0.6, 'Linear': 0.6, 'Bias': 0.0, 'BatchNorm': 0.0} | EnvNClusters=3
[2026-01-24 13:31:26,612] [INFO] Model initialized on device: cuda:0
[2026-01-24 13:31:26,612] [INFO] [CLIENT INIT] Mode=FEDAVG | Sparsity=OFF (UsedSparsity=0) | Clusters=OFF (UsedClusters=0) | EnvSparsityCfg={'Conv': 0.6, 'Linear': 0.6, 'Bias': 0.0, 'BatchNorm': 0.0} | EnvNClusters=3
[2026-01-24 13:31:26,613] [INFO] Model initialized on device: cuda:0
[2026-01-24 13:31:26,613] [INFO] [CLIENT INIT] Mode=FEDAVG | Sparsity=OFF (UsedSparsity=0) | Clusters=OFF (UsedClusters=0) | EnvSparsityCfg={'Conv': 0.6, 'Linear': 0.6, 'Bias': 0.0, 'BatchNorm': 0.0} | EnvNClusters=3
[2026-01-24 13:31:33,377] [DEBUG] [TEST] Batch 1 | Pred shape: torch.Size([256, 256, 160]) | Label shape: torch.Size([256, 256, 160])
[2026-01-24 13:31:33,594] [DEBUG] [TEST] Batch 2 | Pred shape: torch.Size([256, 256, 160]) | Label shape: torch.Size([256, 256, 160])
[2026-01-24 13:31:33,815] [DEBUG] [TEST] Batch 3 | Pred shape: torch.Size([256, 256, 160]) | Label shape: torch.Size([256, 256, 160])
[2026-01-24 13:31:34,035] [DEBUG] [TEST] Batch 4 | Pred shape: torch.Size([256, 256, 160]) | Label shape: torch.Size([256, 256, 160])
[2026-01-24 13:31:34,260] [DEBUG] [TEST] Batch 5 | Pred shape: torch.Size([256, 256, 160]) | Label shape: torch.Size([256, 256, 160])
[2026-01-24 13:31:34,492] [DEBUG] [TEST] Batch 6 | Pred shape: torch.Size([256, 256, 160]) | Label shape: torch.Size([256, 256, 160])
[2026-01-24 13:31:34,728] [DEBUG] [TEST] Batch 7 | Pred shape: torch.Size([256, 256, 160]) | Label shape: torch.Size([256, 256, 160])
[2026-01-24 13:31:34,909] [DEBUG] [TEST] Batch 8 | Pred shape: torch.Size([256, 256, 160]) | Label shape: torch.Size([256, 256, 160])
[2026-01-24 13:31:35,087] [DEBUG] [TEST] Batch 9 | Pred shape: torch.Size([256, 256, 160]) | Label shape: torch.Size([256, 256, 160])
[2026-01-24 13:31:35,220] [DEBUG] [TEST] Batch 10 | Pred shape: torch.Size([256, 256, 160]) | Label shape: torch.Size([256, 256, 160])
[2026-01-24 13:31:43,442] [INFO] [EVALUATE] Dice WT: 0.6869
[2026-01-24 13:31:43,866] [INFO] [FIT] Received parameters. Starting local training...
[2026-01-24 13:31:44,916] [INFO] [DEBUG] Loaded uncompressed weights.
[2026-01-24 13:32:51,953] [INFO] Model initialized on device: cuda:0
[2026-01-24 13:32:51,953] [INFO] [CLIENT INIT] Mode=FEDAVG | Sparsity=OFF (UsedSparsity=0) | Clusters=OFF (UsedClusters=0) | EnvSparsityCfg={'Conv': 0.6, 'Linear': 0.6, 'Bias': 0.0, 'BatchNorm': 0.0} | EnvNClusters=3
[2026-01-24 13:32:55,410] [INFO] Model initialized on device: cuda:0
[2026-01-24 13:32:55,411] [INFO] [CLIENT INIT] Mode=FEDAVG | Sparsity=OFF (UsedSparsity=0) | Clusters=OFF (UsedClusters=0) | EnvSparsityCfg={'Conv': 0.6, 'Linear': 0.6, 'Bias': 0.0, 'BatchNorm': 0.0} | EnvNClusters=3
[2026-01-24 13:32:55,609] [INFO] Model initialized on device: cuda:0
[2026-01-24 13:32:55,609] [INFO] [CLIENT INIT] Mode=FEDAVG | Sparsity=OFF (UsedSparsity=0) | Clusters=OFF (UsedClusters=0) | EnvSparsityCfg={'Conv': 0.6, 'Linear': 0.6, 'Bias': 0.0, 'BatchNorm': 0.0} | EnvNClusters=3
[2026-01-24 13:32:55,610] [INFO] Model initialized on device: cuda:0
[2026-01-24 13:32:55,611] [INFO] [CLIENT INIT] Mode=FEDAVG | Sparsity=OFF (UsedSparsity=0) | Clusters=OFF (UsedClusters=0) | EnvSparsityCfg={'Conv': 0.6, 'Linear': 0.6, 'Bias': 0.0, 'BatchNorm': 0.0} | EnvNClusters=3
[2026-01-24 13:32:55,635] [INFO] Model initialized on device: cuda:0
[2026-01-24 13:32:55,635] [INFO] [CLIENT INIT] Mode=FEDAVG | Sparsity=OFF (UsedSparsity=0) | Clusters=OFF (UsedClusters=0) | EnvSparsityCfg={'Conv': 0.6, 'Linear': 0.6, 'Bias': 0.0, 'BatchNorm': 0.0} | EnvNClusters=3
[2026-01-24 13:32:55,723] [INFO] Model initialized on device: cuda:0
[2026-01-24 13:32:55,723] [INFO] [CLIENT INIT] Mode=FEDAVG | Sparsity=OFF (UsedSparsity=0) | Clusters=OFF (UsedClusters=0) | EnvSparsityCfg={'Conv': 0.6, 'Linear': 0.6, 'Bias': 0.0, 'BatchNorm': 0.0} | EnvNClusters=3
[2026-01-24 13:32:56,223] [INFO] Model initialized on device: cuda:0
[2026-01-24 13:32:56,223] [INFO] [CLIENT INIT] Mode=FEDAVG | Sparsity=OFF (UsedSparsity=0) | Clusters=OFF (UsedClusters=0) | EnvSparsityCfg={'Conv': 0.6, 'Linear': 0.6, 'Bias': 0.0, 'BatchNorm': 0.0} | EnvNClusters=3
[2026-01-24 13:32:56,822] [INFO] Model initialized on device: cuda:0
[2026-01-24 13:32:56,822] [INFO] Model initialized on device: cuda:0
[2026-01-24 13:32:56,822] [INFO] [CLIENT INIT] Mode=FEDAVG | Sparsity=OFF (UsedSparsity=0) | Clusters=OFF (UsedClusters=0) | EnvSparsityCfg={'Conv': 0.6, 'Linear': 0.6, 'Bias': 0.0, 'BatchNorm': 0.0} | EnvNClusters=3
[2026-01-24 13:32:56,822] [INFO] [CLIENT INIT] Mode=FEDAVG | Sparsity=OFF (UsedSparsity=0) | Clusters=OFF (UsedClusters=0) | EnvSparsityCfg={'Conv': 0.6, 'Linear': 0.6, 'Bias': 0.0, 'BatchNorm': 0.0} | EnvNClusters=3
[2026-01-24 13:32:56,826] [INFO] Model initialized on device: cuda:0
[2026-01-24 13:32:56,827] [INFO] [CLIENT INIT] Mode=FEDAVG | Sparsity=OFF (UsedSparsity=0) | Clusters=OFF (UsedClusters=0) | EnvSparsityCfg={'Conv': 0.6, 'Linear': 0.6, 'Bias': 0.0, 'BatchNorm': 0.0} | EnvNClusters=3
[2026-01-24 13:34:07,335] [INFO] [TRAIN] Epoch 1 Loss: 0.6279
[2026-01-24 13:35:03,692] [INFO] Model initialized on device: cuda:0
[2026-01-24 13:35:03,693] [INFO] [CLIENT INIT] Mode=FEDAVG | Sparsity=OFF (UsedSparsity=0) | Clusters=OFF (UsedClusters=0) | EnvSparsityCfg={'Conv': 0.6, 'Linear': 0.6, 'Bias': 0.0, 'BatchNorm': 0.0} | EnvNClusters=3
[2026-01-24 13:35:03,806] [INFO] Model initialized on device: cuda:0
[2026-01-24 13:35:03,807] [INFO] [CLIENT INIT] Mode=FEDAVG | Sparsity=OFF (UsedSparsity=0) | Clusters=OFF (UsedClusters=0) | EnvSparsityCfg={'Conv': 0.6, 'Linear': 0.6, 'Bias': 0.0, 'BatchNorm': 0.0} | EnvNClusters=3
[2026-01-24 13:35:03,806] [INFO] Model initialized on device: cuda:0
[2026-01-24 13:35:03,807] [INFO] [CLIENT INIT] Mode=FEDAVG | Sparsity=OFF (UsedSparsity=0) | Clusters=OFF (UsedClusters=0) | EnvSparsityCfg={'Conv': 0.6, 'Linear': 0.6, 'Bias': 0.0, 'BatchNorm': 0.0} | EnvNClusters=3
[2026-01-24 13:35:03,807] [INFO] Model initialized on device: cuda:0
[2026-01-24 13:35:03,807] [INFO] [CLIENT INIT] Mode=FEDAVG | Sparsity=OFF (UsedSparsity=0) | Clusters=OFF (UsedClusters=0) | EnvSparsityCfg={'Conv': 0.6, 'Linear': 0.6, 'Bias': 0.0, 'BatchNorm': 0.0} | EnvNClusters=3
[2026-01-24 13:35:04,092] [INFO] Model initialized on device: cuda:0
[2026-01-24 13:35:04,092] [INFO] [CLIENT INIT] Mode=FEDAVG | Sparsity=OFF (UsedSparsity=0) | Clusters=OFF (UsedClusters=0) | EnvSparsityCfg={'Conv': 0.6, 'Linear': 0.6, 'Bias': 0.0, 'BatchNorm': 0.0} | EnvNClusters=3
[2026-01-24 13:35:04,108] [INFO] Model initialized on device: cuda:0
[2026-01-24 13:35:04,108] [INFO] [CLIENT INIT] Mode=FEDAVG | Sparsity=OFF (UsedSparsity=0) | Clusters=OFF (UsedClusters=0) | EnvSparsityCfg={'Conv': 0.6, 'Linear': 0.6, 'Bias': 0.0, 'BatchNorm': 0.0} | EnvNClusters=3
[2026-01-24 13:35:04,270] [INFO] Model initialized on device: cuda:0
[2026-01-24 13:35:04,270] [INFO] [CLIENT INIT] Mode=FEDAVG | Sparsity=OFF (UsedSparsity=0) | Clusters=OFF (UsedClusters=0) | EnvSparsityCfg={'Conv': 0.6, 'Linear': 0.6, 'Bias': 0.0, 'BatchNorm': 0.0} | EnvNClusters=3
[2026-01-24 13:35:06,780] [INFO] Model initialized on device: cuda:0
[2026-01-24 13:35:06,780] [INFO] [CLIENT INIT] Mode=FEDAVG | Sparsity=OFF (UsedSparsity=0) | Clusters=OFF (UsedClusters=0) | EnvSparsityCfg={'Conv': 0.6, 'Linear': 0.6, 'Bias': 0.0, 'BatchNorm': 0.0} | EnvNClusters=3
[2026-01-24 13:35:06,837] [INFO] Model initialized on device: cuda:0
[2026-01-24 13:35:06,837] [INFO] [CLIENT INIT] Mode=FEDAVG | Sparsity=OFF (UsedSparsity=0) | Clusters=OFF (UsedClusters=0) | EnvSparsityCfg={'Conv': 0.6, 'Linear': 0.6, 'Bias': 0.0, 'BatchNorm': 0.0} | EnvNClusters=3
[2026-01-24 13:35:09,309] [INFO] Model initialized on device: cuda:0
[2026-01-24 13:35:09,310] [INFO] [CLIENT INIT] Mode=FEDAVG | Sparsity=OFF (UsedSparsity=0) | Clusters=OFF (UsedClusters=0) | EnvSparsityCfg={'Conv': 0.6, 'Linear': 0.6, 'Bias': 0.0, 'BatchNorm': 0.0} | EnvNClusters=3
[2026-01-24 13:36:10,755] [INFO] [TRAIN] Epoch 2 Loss: 0.6074
[2026-01-24 13:37:00,647] [INFO] Model initialized on device: cuda:0
[2026-01-24 13:37:00,648] [INFO] [CLIENT INIT] Mode=FEDAVG | Sparsity=OFF (UsedSparsity=0) | Clusters=OFF (UsedClusters=0) | EnvSparsityCfg={'Conv': 0.6, 'Linear': 0.6, 'Bias': 0.0, 'BatchNorm': 0.0} | EnvNClusters=3
[2026-01-24 13:37:00,765] [INFO] Model initialized on device: cuda:0
[2026-01-24 13:37:00,765] [INFO] [CLIENT INIT] Mode=FEDAVG | Sparsity=OFF (UsedSparsity=0) | Clusters=OFF (UsedClusters=0) | EnvSparsityCfg={'Conv': 0.6, 'Linear': 0.6, 'Bias': 0.0, 'BatchNorm': 0.0} | EnvNClusters=3
[2026-01-24 13:37:00,807] [INFO] Model initialized on device: cuda:0
[2026-01-24 13:37:00,808] [INFO] [CLIENT INIT] Mode=FEDAVG | Sparsity=OFF (UsedSparsity=0) | Clusters=OFF (UsedClusters=0) | EnvSparsityCfg={'Conv': 0.6, 'Linear': 0.6, 'Bias': 0.0, 'BatchNorm': 0.0} | EnvNClusters=3
[2026-01-24 13:37:00,864] [INFO] Model initialized on device: cuda:0
[2026-01-24 13:37:00,864] [INFO] [CLIENT INIT] Mode=FEDAVG | Sparsity=OFF (UsedSparsity=0) | Clusters=OFF (UsedClusters=0) | EnvSparsityCfg={'Conv': 0.6, 'Linear': 0.6, 'Bias': 0.0, 'BatchNorm': 0.0} | EnvNClusters=3
[2026-01-24 13:37:00,913] [INFO] Model initialized on device: cuda:0
[2026-01-24 13:37:00,914] [INFO] [CLIENT INIT] Mode=FEDAVG | Sparsity=OFF (UsedSparsity=0) | Clusters=OFF (UsedClusters=0) | EnvSparsityCfg={'Conv': 0.6, 'Linear': 0.6, 'Bias': 0.0, 'BatchNorm': 0.0} | EnvNClusters=3
[2026-01-24 13:37:00,957] [INFO] Model initialized on device: cuda:0
[2026-01-24 13:37:00,957] [INFO] [CLIENT INIT] Mode=FEDAVG | Sparsity=OFF (UsedSparsity=0) | Clusters=OFF (UsedClusters=0) | EnvSparsityCfg={'Conv': 0.6, 'Linear': 0.6, 'Bias': 0.0, 'BatchNorm': 0.0} | EnvNClusters=3
[2026-01-24 13:37:01,008] [INFO] Model initialized on device: cuda:0
[2026-01-24 13:37:01,008] [INFO] [CLIENT INIT] Mode=FEDAVG | Sparsity=OFF (UsedSparsity=0) | Clusters=OFF (UsedClusters=0) | EnvSparsityCfg={'Conv': 0.6, 'Linear': 0.6, 'Bias': 0.0, 'BatchNorm': 0.0} | EnvNClusters=3
[2026-01-24 13:37:01,123] [INFO] Model initialized on device: cuda:0
[2026-01-24 13:37:01,123] [INFO] [CLIENT INIT] Mode=FEDAVG | Sparsity=OFF (UsedSparsity=0) | Clusters=OFF (UsedClusters=0) | EnvSparsityCfg={'Conv': 0.6, 'Linear': 0.6, 'Bias': 0.0, 'BatchNorm': 0.0} | EnvNClusters=3
[2026-01-24 13:37:01,333] [INFO] Model initialized on device: cuda:0
[2026-01-24 13:37:01,333] [INFO] [CLIENT INIT] Mode=FEDAVG | Sparsity=OFF (UsedSparsity=0) | Clusters=OFF (UsedClusters=0) | EnvSparsityCfg={'Conv': 0.6, 'Linear': 0.6, 'Bias': 0.0, 'BatchNorm': 0.0} | EnvNClusters=3
[2026-01-24 13:37:01,338] [INFO] Model initialized on device: cuda:0
[2026-01-24 13:37:01,338] [INFO] [CLIENT INIT] Mode=FEDAVG | Sparsity=OFF (UsedSparsity=0) | Clusters=OFF (UsedClusters=0) | EnvSparsityCfg={'Conv': 0.6, 'Linear': 0.6, 'Bias': 0.0, 'BatchNorm': 0.0} | EnvNClusters=3
[2026-01-24 13:38:04,239] [INFO] [TRAIN] Epoch 3 Loss: 0.5836
[2026-01-24 13:38:47,928] [INFO] Model initialized on device: cuda:0
[2026-01-24 13:38:47,928] [INFO] [CLIENT INIT] Mode=FEDAVG | Sparsity=OFF (UsedSparsity=0) | Clusters=OFF (UsedClusters=0) | EnvSparsityCfg={'Conv': 0.6, 'Linear': 0.6, 'Bias': 0.0, 'BatchNorm': 0.0} | EnvNClusters=3
[2026-01-24 13:38:48,021] [INFO] Model initialized on device: cuda:0
[2026-01-24 13:38:48,021] [INFO] [CLIENT INIT] Mode=FEDAVG | Sparsity=OFF (UsedSparsity=0) | Clusters=OFF (UsedClusters=0) | EnvSparsityCfg={'Conv': 0.6, 'Linear': 0.6, 'Bias': 0.0, 'BatchNorm': 0.0} | EnvNClusters=3
[2026-01-24 13:38:48,036] [INFO] Model initialized on device: cuda:0
[2026-01-24 13:38:48,036] [INFO] [CLIENT INIT] Mode=FEDAVG | Sparsity=OFF (UsedSparsity=0) | Clusters=OFF (UsedClusters=0) | EnvSparsityCfg={'Conv': 0.6, 'Linear': 0.6, 'Bias': 0.0, 'BatchNorm': 0.0} | EnvNClusters=3
[2026-01-24 13:38:48,039] [INFO] Model initialized on device: cuda:0
[2026-01-24 13:38:48,039] [INFO] [CLIENT INIT] Mode=FEDAVG | Sparsity=OFF (UsedSparsity=0) | Clusters=OFF (UsedClusters=0) | EnvSparsityCfg={'Conv': 0.6, 'Linear': 0.6, 'Bias': 0.0, 'BatchNorm': 0.0} | EnvNClusters=3
[2026-01-24 13:38:48,251] [INFO] Model initialized on device: cuda:0
[2026-01-24 13:38:48,251] [INFO] [CLIENT INIT] Mode=FEDAVG | Sparsity=OFF (UsedSparsity=0) | Clusters=OFF (UsedClusters=0) | EnvSparsityCfg={'Conv': 0.6, 'Linear': 0.6, 'Bias': 0.0, 'BatchNorm': 0.0} | EnvNClusters=3
[2026-01-24 13:38:48,251] [INFO] Model initialized on device: cuda:0
[2026-01-24 13:38:48,251] [INFO] [CLIENT INIT] Mode=FEDAVG | Sparsity=OFF (UsedSparsity=0) | Clusters=OFF (UsedClusters=0) | EnvSparsityCfg={'Conv': 0.6, 'Linear': 0.6, 'Bias': 0.0, 'BatchNorm': 0.0} | EnvNClusters=3
[2026-01-24 13:38:48,333] [INFO] Model initialized on device: cuda:0
[2026-01-24 13:38:48,333] [INFO] [CLIENT INIT] Mode=FEDAVG | Sparsity=OFF (UsedSparsity=0) | Clusters=OFF (UsedClusters=0) | EnvSparsityCfg={'Conv': 0.6, 'Linear': 0.6, 'Bias': 0.0, 'BatchNorm': 0.0} | EnvNClusters=3
[2026-01-24 13:38:48,415] [INFO] Model initialized on device: cuda:0
[2026-01-24 13:38:48,415] [INFO] [CLIENT INIT] Mode=FEDAVG | Sparsity=OFF (UsedSparsity=0) | Clusters=OFF (UsedClusters=0) | EnvSparsityCfg={'Conv': 0.6, 'Linear': 0.6, 'Bias': 0.0, 'BatchNorm': 0.0} | EnvNClusters=3
[2026-01-24 13:38:48,415] [INFO] Model initialized on device: cuda:0
[2026-01-24 13:38:48,415] [INFO] [CLIENT INIT] Mode=FEDAVG | Sparsity=OFF (UsedSparsity=0) | Clusters=OFF (UsedClusters=0) | EnvSparsityCfg={'Conv': 0.6, 'Linear': 0.6, 'Bias': 0.0, 'BatchNorm': 0.0} | EnvNClusters=3
[2026-01-24 13:38:48,432] [INFO] Model initialized on device: cuda:0
[2026-01-24 13:38:48,432] [INFO] [CLIENT INIT] Mode=FEDAVG | Sparsity=OFF (UsedSparsity=0) | Clusters=OFF (UsedClusters=0) | EnvSparsityCfg={'Conv': 0.6, 'Linear': 0.6, 'Bias': 0.0, 'BatchNorm': 0.0} | EnvNClusters=3
[2026-01-24 13:39:54,915] [INFO] [TRAIN] Epoch 4 Loss: 0.5619
[2026-01-24 13:40:38,909] [INFO] Model initialized on device: cuda:0
[2026-01-24 13:40:38,909] [INFO] [CLIENT INIT] Mode=FEDAVG | Sparsity=OFF (UsedSparsity=0) | Clusters=OFF (UsedClusters=0) | EnvSparsityCfg={'Conv': 0.6, 'Linear': 0.6, 'Bias': 0.0, 'BatchNorm': 0.0} | EnvNClusters=3
[2026-01-24 13:40:38,949] [INFO] Model initialized on device: cuda:0
[2026-01-24 13:40:38,949] [INFO] [CLIENT INIT] Mode=FEDAVG | Sparsity=OFF (UsedSparsity=0) | Clusters=OFF (UsedClusters=0) | EnvSparsityCfg={'Conv': 0.6, 'Linear': 0.6, 'Bias': 0.0, 'BatchNorm': 0.0} | EnvNClusters=3
[2026-01-24 13:40:39,133] [INFO] Model initialized on device: cuda:0
[2026-01-24 13:40:39,134] [INFO] [CLIENT INIT] Mode=FEDAVG | Sparsity=OFF (UsedSparsity=0) | Clusters=OFF (UsedClusters=0) | EnvSparsityCfg={'Conv': 0.6, 'Linear': 0.6, 'Bias': 0.0, 'BatchNorm': 0.0} | EnvNClusters=3
[2026-01-24 13:40:39,141] [INFO] Model initialized on device: cuda:0
[2026-01-24 13:40:39,141] [INFO] [CLIENT INIT] Mode=FEDAVG | Sparsity=OFF (UsedSparsity=0) | Clusters=OFF (UsedClusters=0) | EnvSparsityCfg={'Conv': 0.6, 'Linear': 0.6, 'Bias': 0.0, 'BatchNorm': 0.0} | EnvNClusters=3
[2026-01-24 13:40:39,147] [INFO] Model initialized on device: cuda:0
[2026-01-24 13:40:39,147] [INFO] [CLIENT INIT] Mode=FEDAVG | Sparsity=OFF (UsedSparsity=0) | Clusters=OFF (UsedClusters=0) | EnvSparsityCfg={'Conv': 0.6, 'Linear': 0.6, 'Bias': 0.0, 'BatchNorm': 0.0} | EnvNClusters=3
[2026-01-24 13:40:39,330] [INFO] Model initialized on device: cuda:0
[2026-01-24 13:40:39,330] [INFO] [CLIENT INIT] Mode=FEDAVG | Sparsity=OFF (UsedSparsity=0) | Clusters=OFF (UsedClusters=0) | EnvSparsityCfg={'Conv': 0.6, 'Linear': 0.6, 'Bias': 0.0, 'BatchNorm': 0.0} | EnvNClusters=3
[2026-01-24 13:40:39,412] [INFO] Model initialized on device: cuda:0
[2026-01-24 13:40:39,412] [INFO] [CLIENT INIT] Mode=FEDAVG | Sparsity=OFF (UsedSparsity=0) | Clusters=OFF (UsedClusters=0) | EnvSparsityCfg={'Conv': 0.6, 'Linear': 0.6, 'Bias': 0.0, 'BatchNorm': 0.0} | EnvNClusters=3
[2026-01-24 13:40:39,412] [INFO] Model initialized on device: cuda:0
[2026-01-24 13:40:39,413] [INFO] [CLIENT INIT] Mode=FEDAVG | Sparsity=OFF (UsedSparsity=0) | Clusters=OFF (UsedClusters=0) | EnvSparsityCfg={'Conv': 0.6, 'Linear': 0.6, 'Bias': 0.0, 'BatchNorm': 0.0} | EnvNClusters=3
[2026-01-24 13:40:39,608] [INFO] Model initialized on device: cuda:0
[2026-01-24 13:40:39,608] [INFO] [CLIENT INIT] Mode=FEDAVG | Sparsity=OFF (UsedSparsity=0) | Clusters=OFF (UsedClusters=0) | EnvSparsityCfg={'Conv': 0.6, 'Linear': 0.6, 'Bias': 0.0, 'BatchNorm': 0.0} | EnvNClusters=3
[2026-01-24 13:40:39,611] [INFO] Model initialized on device: cuda:0
[2026-01-24 13:40:39,611] [INFO] [CLIENT INIT] Mode=FEDAVG | Sparsity=OFF (UsedSparsity=0) | Clusters=OFF (UsedClusters=0) | EnvSparsityCfg={'Conv': 0.6, 'Linear': 0.6, 'Bias': 0.0, 'BatchNorm': 0.0} | EnvNClusters=3
[2026-01-24 13:41:42,209] [INFO] [TRAIN] Epoch 5 Loss: 0.5403
[2026-01-24 13:41:42,229] [INFO] [FIT] Local training finished. Avg Loss: 0.5842
[2026-01-24 13:42:33,822] [INFO] Model initialized on device: cuda:0
[2026-01-24 13:42:33,823] [INFO] [CLIENT INIT] Mode=FEDAVG | Sparsity=OFF (UsedSparsity=0) | Clusters=OFF (UsedClusters=0) | EnvSparsityCfg={'Conv': 0.6, 'Linear': 0.6, 'Bias': 0.0, 'BatchNorm': 0.0} | EnvNClusters=3
[2026-01-24 13:42:34,213] [INFO] Model initialized on device: cuda:0
[2026-01-24 13:42:34,213] [INFO] [CLIENT INIT] Mode=FEDAVG | Sparsity=OFF (UsedSparsity=0) | Clusters=OFF (UsedClusters=0) | EnvSparsityCfg={'Conv': 0.6, 'Linear': 0.6, 'Bias': 0.0, 'BatchNorm': 0.0} | EnvNClusters=3
[2026-01-24 13:42:34,231] [INFO] Model initialized on device: cuda:0
[2026-01-24 13:42:34,231] [INFO] [CLIENT INIT] Mode=FEDAVG | Sparsity=OFF (UsedSparsity=0) | Clusters=OFF (UsedClusters=0) | EnvSparsityCfg={'Conv': 0.6, 'Linear': 0.6, 'Bias': 0.0, 'BatchNorm': 0.0} | EnvNClusters=3
[2026-01-24 13:42:34,813] [INFO] Model initialized on device: cuda:0
[2026-01-24 13:42:34,813] [INFO] [CLIENT INIT] Mode=FEDAVG | Sparsity=OFF (UsedSparsity=0) | Clusters=OFF (UsedClusters=0) | EnvSparsityCfg={'Conv': 0.6, 'Linear': 0.6, 'Bias': 0.0, 'BatchNorm': 0.0} | EnvNClusters=3
[2026-01-24 13:42:35,016] [INFO] Model initialized on device: cuda:0
[2026-01-24 13:42:35,017] [INFO] [CLIENT INIT] Mode=FEDAVG | Sparsity=OFF (UsedSparsity=0) | Clusters=OFF (UsedClusters=0) | EnvSparsityCfg={'Conv': 0.6, 'Linear': 0.6, 'Bias': 0.0, 'BatchNorm': 0.0} | EnvNClusters=3
[2026-01-24 13:42:35,019] [INFO] Model initialized on device: cuda:0
[2026-01-24 13:42:35,020] [INFO] [CLIENT INIT] Mode=FEDAVG | Sparsity=OFF (UsedSparsity=0) | Clusters=OFF (UsedClusters=0) | EnvSparsityCfg={'Conv': 0.6, 'Linear': 0.6, 'Bias': 0.0, 'BatchNorm': 0.0} | EnvNClusters=3
[2026-01-24 13:42:35,136] [INFO] Model initialized on device: cuda:0
[2026-01-24 13:42:35,137] [INFO] [CLIENT INIT] Mode=FEDAVG | Sparsity=OFF (UsedSparsity=0) | Clusters=OFF (UsedClusters=0) | EnvSparsityCfg={'Conv': 0.6, 'Linear': 0.6, 'Bias': 0.0, 'BatchNorm': 0.0} | EnvNClusters=3
[2026-01-24 13:42:35,216] [INFO] Model initialized on device: cuda:0
[2026-01-24 13:42:35,217] [INFO] [CLIENT INIT] Mode=FEDAVG | Sparsity=OFF (UsedSparsity=0) | Clusters=OFF (UsedClusters=0) | EnvSparsityCfg={'Conv': 0.6, 'Linear': 0.6, 'Bias': 0.0, 'BatchNorm': 0.0} | EnvNClusters=3
[2026-01-24 13:42:35,220] [INFO] Model initialized on device: cuda:0
[2026-01-24 13:42:35,220] [INFO] [CLIENT INIT] Mode=FEDAVG | Sparsity=OFF (UsedSparsity=0) | Clusters=OFF (UsedClusters=0) | EnvSparsityCfg={'Conv': 0.6, 'Linear': 0.6, 'Bias': 0.0, 'BatchNorm': 0.0} | EnvNClusters=3
[2026-01-24 13:42:35,247] [INFO] Model initialized on device: cuda:0
[2026-01-24 13:42:35,247] [INFO] [CLIENT INIT] Mode=FEDAVG | Sparsity=OFF (UsedSparsity=0) | Clusters=OFF (UsedClusters=0) | EnvSparsityCfg={'Conv': 0.6, 'Linear': 0.6, 'Bias': 0.0, 'BatchNorm': 0.0} | EnvNClusters=3
[2026-01-24 13:42:41,609] [DEBUG] [TEST] Batch 1 | Pred shape: torch.Size([256, 256, 160]) | Label shape: torch.Size([256, 256, 160])
[2026-01-24 13:42:41,716] [DEBUG] [TEST] Batch 2 | Pred shape: torch.Size([256, 256, 160]) | Label shape: torch.Size([256, 256, 160])
[2026-01-24 13:42:41,839] [DEBUG] [TEST] Batch 3 | Pred shape: torch.Size([256, 256, 160]) | Label shape: torch.Size([256, 256, 160])
[2026-01-24 13:42:41,963] [DEBUG] [TEST] Batch 4 | Pred shape: torch.Size([256, 256, 160]) | Label shape: torch.Size([256, 256, 160])
[2026-01-24 13:42:42,084] [DEBUG] [TEST] Batch 5 | Pred shape: torch.Size([256, 256, 160]) | Label shape: torch.Size([256, 256, 160])
[2026-01-24 13:42:42,308] [DEBUG] [TEST] Batch 6 | Pred shape: torch.Size([256, 256, 160]) | Label shape: torch.Size([256, 256, 160])
[2026-01-24 13:42:42,422] [DEBUG] [TEST] Batch 7 | Pred shape: torch.Size([256, 256, 160]) | Label shape: torch.Size([256, 256, 160])
[2026-01-24 13:42:42,607] [DEBUG] [TEST] Batch 8 | Pred shape: torch.Size([256, 256, 160]) | Label shape: torch.Size([256, 256, 160])
[2026-01-24 13:42:42,723] [DEBUG] [TEST] Batch 9 | Pred shape: torch.Size([256, 256, 160]) | Label shape: torch.Size([256, 256, 160])
[2026-01-24 13:42:42,844] [DEBUG] [TEST] Batch 10 | Pred shape: torch.Size([256, 256, 160]) | Label shape: torch.Size([256, 256, 160])
[2026-01-24 13:42:49,367] [INFO] [FIT] Final model saved to: Revision2/Run_UNET_IID_Fedavg_20260124/Client4/model_final.pth
[2026-01-24 13:42:49,382] [INFO] [COMM][CLIENT] Round=-1 Mode=FEDAVG UsedSparsity=0 UsedClusters=0 BaselineBits=154016352.0 CompressedBits=154016352.0 CR=1.000
[2026-01-24 13:43:18,202] [INFO] [EVALUATE] Starting evaluation...
[2026-01-24 13:43:20,510] [INFO] [DEBUG] Loaded uncompressed weights.
[2026-01-24 13:44:26,954] [INFO] Model initialized on device: cuda:0
[2026-01-24 13:44:26,954] [INFO] [CLIENT INIT] Mode=FEDAVG | Sparsity=OFF (UsedSparsity=0) | Clusters=OFF (UsedClusters=0) | EnvSparsityCfg={'Conv': 0.6, 'Linear': 0.6, 'Bias': 0.0, 'BatchNorm': 0.0} | EnvNClusters=3
[2026-01-24 13:44:27,441] [INFO] Model initialized on device: cuda:0
[2026-01-24 13:44:27,442] [INFO] [CLIENT INIT] Mode=FEDAVG | Sparsity=OFF (UsedSparsity=0) | Clusters=OFF (UsedClusters=0) | EnvSparsityCfg={'Conv': 0.6, 'Linear': 0.6, 'Bias': 0.0, 'BatchNorm': 0.0} | EnvNClusters=3
[2026-01-24 13:44:28,120] [INFO] Model initialized on device: cuda:0
[2026-01-24 13:44:28,120] [INFO] [CLIENT INIT] Mode=FEDAVG | Sparsity=OFF (UsedSparsity=0) | Clusters=OFF (UsedClusters=0) | EnvSparsityCfg={'Conv': 0.6, 'Linear': 0.6, 'Bias': 0.0, 'BatchNorm': 0.0} | EnvNClusters=3
[2026-01-24 13:44:28,240] [INFO] Model initialized on device: cuda:0
[2026-01-24 13:44:28,240] [INFO] [CLIENT INIT] Mode=FEDAVG | Sparsity=OFF (UsedSparsity=0) | Clusters=OFF (UsedClusters=0) | EnvSparsityCfg={'Conv': 0.6, 'Linear': 0.6, 'Bias': 0.0, 'BatchNorm': 0.0} | EnvNClusters=3
[2026-01-24 13:44:28,524] [INFO] Model initialized on device: cuda:0
[2026-01-24 13:44:28,524] [INFO] [CLIENT INIT] Mode=FEDAVG | Sparsity=OFF (UsedSparsity=0) | Clusters=OFF (UsedClusters=0) | EnvSparsityCfg={'Conv': 0.6, 'Linear': 0.6, 'Bias': 0.0, 'BatchNorm': 0.0} | EnvNClusters=3
[2026-01-24 13:44:28,612] [INFO] Model initialized on device: cuda:0
[2026-01-24 13:44:28,613] [INFO] [CLIENT INIT] Mode=FEDAVG | Sparsity=OFF (UsedSparsity=0) | Clusters=OFF (UsedClusters=0) | EnvSparsityCfg={'Conv': 0.6, 'Linear': 0.6, 'Bias': 0.0, 'BatchNorm': 0.0} | EnvNClusters=3
[2026-01-24 13:44:28,628] [INFO] Model initialized on device: cuda:0
[2026-01-24 13:44:28,628] [INFO] [CLIENT INIT] Mode=FEDAVG | Sparsity=OFF (UsedSparsity=0) | Clusters=OFF (UsedClusters=0) | EnvSparsityCfg={'Conv': 0.6, 'Linear': 0.6, 'Bias': 0.0, 'BatchNorm': 0.0} | EnvNClusters=3
[2026-01-24 13:44:28,637] [INFO] Model initialized on device: cuda:0
[2026-01-24 13:44:28,637] [INFO] [CLIENT INIT] Mode=FEDAVG | Sparsity=OFF (UsedSparsity=0) | Clusters=OFF (UsedClusters=0) | EnvSparsityCfg={'Conv': 0.6, 'Linear': 0.6, 'Bias': 0.0, 'BatchNorm': 0.0} | EnvNClusters=3
[2026-01-24 13:44:28,709] [INFO] Model initialized on device: cuda:0
[2026-01-24 13:44:28,710] [INFO] [CLIENT INIT] Mode=FEDAVG | Sparsity=OFF (UsedSparsity=0) | Clusters=OFF (UsedClusters=0) | EnvSparsityCfg={'Conv': 0.6, 'Linear': 0.6, 'Bias': 0.0, 'BatchNorm': 0.0} | EnvNClusters=3
[2026-01-24 13:44:28,713] [INFO] Model initialized on device: cuda:0
[2026-01-24 13:44:28,713] [INFO] [CLIENT INIT] Mode=FEDAVG | Sparsity=OFF (UsedSparsity=0) | Clusters=OFF (UsedClusters=0) | EnvSparsityCfg={'Conv': 0.6, 'Linear': 0.6, 'Bias': 0.0, 'BatchNorm': 0.0} | EnvNClusters=3
[2026-01-24 13:44:35,946] [DEBUG] [TEST] Batch 1 | Pred shape: torch.Size([256, 256, 160]) | Label shape: torch.Size([256, 256, 160])
[2026-01-24 13:44:36,181] [DEBUG] [TEST] Batch 2 | Pred shape: torch.Size([256, 256, 160]) | Label shape: torch.Size([256, 256, 160])
[2026-01-24 13:44:36,431] [DEBUG] [TEST] Batch 3 | Pred shape: torch.Size([256, 256, 160]) | Label shape: torch.Size([256, 256, 160])
[2026-01-24 13:44:36,672] [DEBUG] [TEST] Batch 4 | Pred shape: torch.Size([256, 256, 160]) | Label shape: torch.Size([256, 256, 160])
[2026-01-24 13:44:36,902] [DEBUG] [TEST] Batch 5 | Pred shape: torch.Size([256, 256, 160]) | Label shape: torch.Size([256, 256, 160])
[2026-01-24 13:44:37,127] [DEBUG] [TEST] Batch 6 | Pred shape: torch.Size([256, 256, 160]) | Label shape: torch.Size([256, 256, 160])
[2026-01-24 13:44:37,338] [DEBUG] [TEST] Batch 7 | Pred shape: torch.Size([256, 256, 160]) | Label shape: torch.Size([256, 256, 160])
[2026-01-24 13:44:37,545] [DEBUG] [TEST] Batch 8 | Pred shape: torch.Size([256, 256, 160]) | Label shape: torch.Size([256, 256, 160])
[2026-01-24 13:44:37,768] [DEBUG] [TEST] Batch 9 | Pred shape: torch.Size([256, 256, 160]) | Label shape: torch.Size([256, 256, 160])
[2026-01-24 13:44:37,955] [DEBUG] [TEST] Batch 10 | Pred shape: torch.Size([256, 256, 160]) | Label shape: torch.Size([256, 256, 160])
[2026-01-24 13:44:46,674] [INFO] [EVALUATE] Dice WT: 0.6868
[2026-01-24 13:44:48,010] [INFO] [FIT] Received parameters. Starting local training...
[2026-01-24 13:44:51,321] [INFO] [DEBUG] Loaded uncompressed weights.
[2026-01-24 13:45:57,277] [INFO] Model initialized on device: cuda:0
[2026-01-24 13:45:57,277] [INFO] [CLIENT INIT] Mode=FEDAVG | Sparsity=OFF (UsedSparsity=0) | Clusters=OFF (UsedClusters=0) | EnvSparsityCfg={'Conv': 0.6, 'Linear': 0.6, 'Bias': 0.0, 'BatchNorm': 0.0} | EnvNClusters=3
[2026-01-24 13:45:58,213] [INFO] Model initialized on device: cuda:0
[2026-01-24 13:45:58,214] [INFO] [CLIENT INIT] Mode=FEDAVG | Sparsity=OFF (UsedSparsity=0) | Clusters=OFF (UsedClusters=0) | EnvSparsityCfg={'Conv': 0.6, 'Linear': 0.6, 'Bias': 0.0, 'BatchNorm': 0.0} | EnvNClusters=3
[2026-01-24 13:45:58,441] [INFO] Model initialized on device: cuda:0
[2026-01-24 13:45:58,441] [INFO] [CLIENT INIT] Mode=FEDAVG | Sparsity=OFF (UsedSparsity=0) | Clusters=OFF (UsedClusters=0) | EnvSparsityCfg={'Conv': 0.6, 'Linear': 0.6, 'Bias': 0.0, 'BatchNorm': 0.0} | EnvNClusters=3
[2026-01-24 13:45:58,718] [INFO] Model initialized on device: cuda:0
[2026-01-24 13:45:58,719] [INFO] [CLIENT INIT] Mode=FEDAVG | Sparsity=OFF (UsedSparsity=0) | Clusters=OFF (UsedClusters=0) | EnvSparsityCfg={'Conv': 0.6, 'Linear': 0.6, 'Bias': 0.0, 'BatchNorm': 0.0} | EnvNClusters=3
[2026-01-24 13:45:58,724] [INFO] Model initialized on device: cuda:0
[2026-01-24 13:45:58,724] [INFO] [CLIENT INIT] Mode=FEDAVG | Sparsity=OFF (UsedSparsity=0) | Clusters=OFF (UsedClusters=0) | EnvSparsityCfg={'Conv': 0.6, 'Linear': 0.6, 'Bias': 0.0, 'BatchNorm': 0.0} | EnvNClusters=3
[2026-01-24 13:45:58,810] [INFO] Model initialized on device: cuda:0
[2026-01-24 13:45:58,811] [INFO] [CLIENT INIT] Mode=FEDAVG | Sparsity=OFF (UsedSparsity=0) | Clusters=OFF (UsedClusters=0) | EnvSparsityCfg={'Conv': 0.6, 'Linear': 0.6, 'Bias': 0.0, 'BatchNorm': 0.0} | EnvNClusters=3
[2026-01-24 13:45:58,811] [INFO] Model initialized on device: cuda:0
[2026-01-24 13:45:58,811] [INFO] [CLIENT INIT] Mode=FEDAVG | Sparsity=OFF (UsedSparsity=0) | Clusters=OFF (UsedClusters=0) | EnvSparsityCfg={'Conv': 0.6, 'Linear': 0.6, 'Bias': 0.0, 'BatchNorm': 0.0} | EnvNClusters=3
[2026-01-24 13:45:58,812] [INFO] Model initialized on device: cuda:0
[2026-01-24 13:45:58,812] [INFO] [CLIENT INIT] Mode=FEDAVG | Sparsity=OFF (UsedSparsity=0) | Clusters=OFF (UsedClusters=0) | EnvSparsityCfg={'Conv': 0.6, 'Linear': 0.6, 'Bias': 0.0, 'BatchNorm': 0.0} | EnvNClusters=3
[2026-01-24 13:45:58,818] [INFO] Model initialized on device: cuda:0
[2026-01-24 13:45:58,818] [INFO] [CLIENT INIT] Mode=FEDAVG | Sparsity=OFF (UsedSparsity=0) | Clusters=OFF (UsedClusters=0) | EnvSparsityCfg={'Conv': 0.6, 'Linear': 0.6, 'Bias': 0.0, 'BatchNorm': 0.0} | EnvNClusters=3
[2026-01-24 13:45:58,831] [INFO] Model initialized on device: cuda:0
[2026-01-24 13:45:58,832] [INFO] [CLIENT INIT] Mode=FEDAVG | Sparsity=OFF (UsedSparsity=0) | Clusters=OFF (UsedClusters=0) | EnvSparsityCfg={'Conv': 0.6, 'Linear': 0.6, 'Bias': 0.0, 'BatchNorm': 0.0} | EnvNClusters=3
[2026-01-24 13:47:10,237] [INFO] [TRAIN] Epoch 1 Loss: 0.5154
[2026-01-24 13:48:18,260] [INFO] Model initialized on device: cuda:0
[2026-01-24 13:48:18,260] [INFO] [CLIENT INIT] Mode=FEDAVG | Sparsity=OFF (UsedSparsity=0) | Clusters=OFF (UsedClusters=0) | EnvSparsityCfg={'Conv': 0.6, 'Linear': 0.6, 'Bias': 0.0, 'BatchNorm': 0.0} | EnvNClusters=3
[2026-01-24 13:48:18,424] [INFO] Model initialized on device: cuda:0
[2026-01-24 13:48:18,424] [INFO] [CLIENT INIT] Mode=FEDAVG | Sparsity=OFF (UsedSparsity=0) | Clusters=OFF (UsedClusters=0) | EnvSparsityCfg={'Conv': 0.6, 'Linear': 0.6, 'Bias': 0.0, 'BatchNorm': 0.0} | EnvNClusters=3
[2026-01-24 13:48:18,640] [INFO] Model initialized on device: cuda:0
[2026-01-24 13:48:18,640] [INFO] [CLIENT INIT] Mode=FEDAVG | Sparsity=OFF (UsedSparsity=0) | Clusters=OFF (UsedClusters=0) | EnvSparsityCfg={'Conv': 0.6, 'Linear': 0.6, 'Bias': 0.0, 'BatchNorm': 0.0} | EnvNClusters=3
[2026-01-24 13:48:18,709] [INFO] Model initialized on device: cuda:0
[2026-01-24 13:48:18,709] [INFO] [CLIENT INIT] Mode=FEDAVG | Sparsity=OFF (UsedSparsity=0) | Clusters=OFF (UsedClusters=0) | EnvSparsityCfg={'Conv': 0.6, 'Linear': 0.6, 'Bias': 0.0, 'BatchNorm': 0.0} | EnvNClusters=3
[2026-01-24 13:48:18,909] [INFO] Model initialized on device: cuda:0
[2026-01-24 13:48:18,909] [INFO] [CLIENT INIT] Mode=FEDAVG | Sparsity=OFF (UsedSparsity=0) | Clusters=OFF (UsedClusters=0) | EnvSparsityCfg={'Conv': 0.6, 'Linear': 0.6, 'Bias': 0.0, 'BatchNorm': 0.0} | EnvNClusters=3
[2026-01-24 13:48:18,940] [INFO] Model initialized on device: cuda:0
[2026-01-24 13:48:18,940] [INFO] [CLIENT INIT] Mode=FEDAVG | Sparsity=OFF (UsedSparsity=0) | Clusters=OFF (UsedClusters=0) | EnvSparsityCfg={'Conv': 0.6, 'Linear': 0.6, 'Bias': 0.0, 'BatchNorm': 0.0} | EnvNClusters=3
[2026-01-24 13:48:19,044] [INFO] Model initialized on device: cuda:0
[2026-01-24 13:48:19,045] [INFO] [CLIENT INIT] Mode=FEDAVG | Sparsity=OFF (UsedSparsity=0) | Clusters=OFF (UsedClusters=0) | EnvSparsityCfg={'Conv': 0.6, 'Linear': 0.6, 'Bias': 0.0, 'BatchNorm': 0.0} | EnvNClusters=3
[2026-01-24 13:48:19,238] [INFO] Model initialized on device: cuda:0
[2026-01-24 13:48:19,238] [INFO] [CLIENT INIT] Mode=FEDAVG | Sparsity=OFF (UsedSparsity=0) | Clusters=OFF (UsedClusters=0) | EnvSparsityCfg={'Conv': 0.6, 'Linear': 0.6, 'Bias': 0.0, 'BatchNorm': 0.0} | EnvNClusters=3
[2026-01-24 13:48:19,827] [INFO] Model initialized on device: cuda:0
[2026-01-24 13:48:19,827] [INFO] [CLIENT INIT] Mode=FEDAVG | Sparsity=OFF (UsedSparsity=0) | Clusters=OFF (UsedClusters=0) | EnvSparsityCfg={'Conv': 0.6, 'Linear': 0.6, 'Bias': 0.0, 'BatchNorm': 0.0} | EnvNClusters=3
[2026-01-24 13:48:19,918] [INFO] Model initialized on device: cuda:0
[2026-01-24 13:48:19,919] [INFO] [CLIENT INIT] Mode=FEDAVG | Sparsity=OFF (UsedSparsity=0) | Clusters=OFF (UsedClusters=0) | EnvSparsityCfg={'Conv': 0.6, 'Linear': 0.6, 'Bias': 0.0, 'BatchNorm': 0.0} | EnvNClusters=3
[2026-01-24 13:49:30,871] [INFO] [TRAIN] Epoch 2 Loss: 0.4920
[2026-01-24 13:50:23,818] [INFO] Model initialized on device: cuda:0
[2026-01-24 13:50:23,818] [INFO] [CLIENT INIT] Mode=FEDAVG | Sparsity=OFF (UsedSparsity=0) | Clusters=OFF (UsedClusters=0) | EnvSparsityCfg={'Conv': 0.6, 'Linear': 0.6, 'Bias': 0.0, 'BatchNorm': 0.0} | EnvNClusters=3
[2026-01-24 13:50:25,333] [INFO] Model initialized on device: cuda:0
[2026-01-24 13:50:25,333] [INFO] [CLIENT INIT] Mode=FEDAVG | Sparsity=OFF (UsedSparsity=0) | Clusters=OFF (UsedClusters=0) | EnvSparsityCfg={'Conv': 0.6, 'Linear': 0.6, 'Bias': 0.0, 'BatchNorm': 0.0} | EnvNClusters=3
[2026-01-24 13:50:25,348] [INFO] Model initialized on device: cuda:0
[2026-01-24 13:50:25,349] [INFO] [CLIENT INIT] Mode=FEDAVG | Sparsity=OFF (UsedSparsity=0) | Clusters=OFF (UsedClusters=0) | EnvSparsityCfg={'Conv': 0.6, 'Linear': 0.6, 'Bias': 0.0, 'BatchNorm': 0.0} | EnvNClusters=3
[2026-01-24 13:50:26,860] [INFO] Model initialized on device: cuda:0
[2026-01-24 13:50:26,860] [INFO] [CLIENT INIT] Mode=FEDAVG | Sparsity=OFF (UsedSparsity=0) | Clusters=OFF (UsedClusters=0) | EnvSparsityCfg={'Conv': 0.6, 'Linear': 0.6, 'Bias': 0.0, 'BatchNorm': 0.0} | EnvNClusters=3
[2026-01-24 13:50:27,120] [INFO] Model initialized on device: cuda:0
[2026-01-24 13:50:27,120] [INFO] [CLIENT INIT] Mode=FEDAVG | Sparsity=OFF (UsedSparsity=0) | Clusters=OFF (UsedClusters=0) | EnvSparsityCfg={'Conv': 0.6, 'Linear': 0.6, 'Bias': 0.0, 'BatchNorm': 0.0} | EnvNClusters=3
[2026-01-24 13:50:27,228] [INFO] Model initialized on device: cuda:0
[2026-01-24 13:50:27,228] [INFO] [CLIENT INIT] Mode=FEDAVG | Sparsity=OFF (UsedSparsity=0) | Clusters=OFF (UsedClusters=0) | EnvSparsityCfg={'Conv': 0.6, 'Linear': 0.6, 'Bias': 0.0, 'BatchNorm': 0.0} | EnvNClusters=3
[2026-01-24 13:50:34,952] [INFO] Model initialized on device: cuda:0
[2026-01-24 13:50:34,952] [INFO] [CLIENT INIT] Mode=FEDAVG | Sparsity=OFF (UsedSparsity=0) | Clusters=OFF (UsedClusters=0) | EnvSparsityCfg={'Conv': 0.6, 'Linear': 0.6, 'Bias': 0.0, 'BatchNorm': 0.0} | EnvNClusters=3
[2026-01-24 13:50:35,830] [INFO] Model initialized on device: cuda:0
[2026-01-24 13:50:35,830] [INFO] [CLIENT INIT] Mode=FEDAVG | Sparsity=OFF (UsedSparsity=0) | Clusters=OFF (UsedClusters=0) | EnvSparsityCfg={'Conv': 0.6, 'Linear': 0.6, 'Bias': 0.0, 'BatchNorm': 0.0} | EnvNClusters=3
[2026-01-24 13:50:36,680] [INFO] Model initialized on device: cuda:0
[2026-01-24 13:50:36,681] [INFO] [CLIENT INIT] Mode=FEDAVG | Sparsity=OFF (UsedSparsity=0) | Clusters=OFF (UsedClusters=0) | EnvSparsityCfg={'Conv': 0.6, 'Linear': 0.6, 'Bias': 0.0, 'BatchNorm': 0.0} | EnvNClusters=3
[2026-01-24 13:50:40,912] [INFO] Model initialized on device: cuda:0
[2026-01-24 13:50:40,912] [INFO] [CLIENT INIT] Mode=FEDAVG | Sparsity=OFF (UsedSparsity=0) | Clusters=OFF (UsedClusters=0) | EnvSparsityCfg={'Conv': 0.6, 'Linear': 0.6, 'Bias': 0.0, 'BatchNorm': 0.0} | EnvNClusters=3
[2026-01-24 13:51:38,413] [INFO] [TRAIN] Epoch 3 Loss: 0.4719
[2026-01-24 13:52:15,618] [INFO] Model initialized on device: cuda:0
[2026-01-24 13:52:15,618] [INFO] [CLIENT INIT] Mode=FEDAVG | Sparsity=OFF (UsedSparsity=0) | Clusters=OFF (UsedClusters=0) | EnvSparsityCfg={'Conv': 0.6, 'Linear': 0.6, 'Bias': 0.0, 'BatchNorm': 0.0} | EnvNClusters=3
[2026-01-24 13:52:15,919] [INFO] Model initialized on device: cuda:0
[2026-01-24 13:52:15,919] [INFO] [CLIENT INIT] Mode=FEDAVG | Sparsity=OFF (UsedSparsity=0) | Clusters=OFF (UsedClusters=0) | EnvSparsityCfg={'Conv': 0.6, 'Linear': 0.6, 'Bias': 0.0, 'BatchNorm': 0.0} | EnvNClusters=3
[2026-01-24 13:52:16,239] [INFO] Model initialized on device: cuda:0
[2026-01-24 13:52:16,239] [INFO] [CLIENT INIT] Mode=FEDAVG | Sparsity=OFF (UsedSparsity=0) | Clusters=OFF (UsedClusters=0) | EnvSparsityCfg={'Conv': 0.6, 'Linear': 0.6, 'Bias': 0.0, 'BatchNorm': 0.0} | EnvNClusters=3
[2026-01-24 13:52:19,536] [INFO] Model initialized on device: cuda:0
[2026-01-24 13:52:19,537] [INFO] [CLIENT INIT] Mode=FEDAVG | Sparsity=OFF (UsedSparsity=0) | Clusters=OFF (UsedClusters=0) | EnvSparsityCfg={'Conv': 0.6, 'Linear': 0.6, 'Bias': 0.0, 'BatchNorm': 0.0} | EnvNClusters=3
[2026-01-24 13:52:20,845] [INFO] Model initialized on device: cuda:0
[2026-01-24 13:52:20,846] [INFO] [CLIENT INIT] Mode=FEDAVG | Sparsity=OFF (UsedSparsity=0) | Clusters=OFF (UsedClusters=0) | EnvSparsityCfg={'Conv': 0.6, 'Linear': 0.6, 'Bias': 0.0, 'BatchNorm': 0.0} | EnvNClusters=3
[2026-01-24 13:52:21,917] [INFO] Model initialized on device: cuda:0
[2026-01-24 13:52:21,917] [INFO] [CLIENT INIT] Mode=FEDAVG | Sparsity=OFF (UsedSparsity=0) | Clusters=OFF (UsedClusters=0) | EnvSparsityCfg={'Conv': 0.6, 'Linear': 0.6, 'Bias': 0.0, 'BatchNorm': 0.0} | EnvNClusters=3
[2026-01-24 13:52:21,918] [INFO] Model initialized on device: cuda:0
[2026-01-24 13:52:21,918] [INFO] [CLIENT INIT] Mode=FEDAVG | Sparsity=OFF (UsedSparsity=0) | Clusters=OFF (UsedClusters=0) | EnvSparsityCfg={'Conv': 0.6, 'Linear': 0.6, 'Bias': 0.0, 'BatchNorm': 0.0} | EnvNClusters=3
[2026-01-24 13:52:21,935] [INFO] Model initialized on device: cuda:0
[2026-01-24 13:52:21,935] [INFO] [CLIENT INIT] Mode=FEDAVG | Sparsity=OFF (UsedSparsity=0) | Clusters=OFF (UsedClusters=0) | EnvSparsityCfg={'Conv': 0.6, 'Linear': 0.6, 'Bias': 0.0, 'BatchNorm': 0.0} | EnvNClusters=3
[2026-01-24 13:52:22,014] [INFO] Model initialized on device: cuda:0
[2026-01-24 13:52:22,014] [INFO] [CLIENT INIT] Mode=FEDAVG | Sparsity=OFF (UsedSparsity=0) | Clusters=OFF (UsedClusters=0) | EnvSparsityCfg={'Conv': 0.6, 'Linear': 0.6, 'Bias': 0.0, 'BatchNorm': 0.0} | EnvNClusters=3
[2026-01-24 13:52:22,033] [INFO] Model initialized on device: cuda:0
[2026-01-24 13:52:22,033] [INFO] [CLIENT INIT] Mode=FEDAVG | Sparsity=OFF (UsedSparsity=0) | Clusters=OFF (UsedClusters=0) | EnvSparsityCfg={'Conv': 0.6, 'Linear': 0.6, 'Bias': 0.0, 'BatchNorm': 0.0} | EnvNClusters=3
[2026-01-24 13:53:18,243] [INFO] [TRAIN] Epoch 4 Loss: 0.4502
[2026-01-24 13:53:45,423] [INFO] Model initialized on device: cuda:0
[2026-01-24 13:53:45,423] [INFO] [CLIENT INIT] Mode=FEDAVG | Sparsity=OFF (UsedSparsity=0) | Clusters=OFF (UsedClusters=0) | EnvSparsityCfg={'Conv': 0.6, 'Linear': 0.6, 'Bias': 0.0, 'BatchNorm': 0.0} | EnvNClusters=3
[2026-01-24 13:53:45,609] [INFO] Model initialized on device: cuda:0
[2026-01-24 13:53:45,609] [INFO] [CLIENT INIT] Mode=FEDAVG | Sparsity=OFF (UsedSparsity=0) | Clusters=OFF (UsedClusters=0) | EnvSparsityCfg={'Conv': 0.6, 'Linear': 0.6, 'Bias': 0.0, 'BatchNorm': 0.0} | EnvNClusters=3
[2026-01-24 13:53:45,813] [INFO] Model initialized on device: cuda:0
[2026-01-24 13:53:45,813] [INFO] [CLIENT INIT] Mode=FEDAVG | Sparsity=OFF (UsedSparsity=0) | Clusters=OFF (UsedClusters=0) | EnvSparsityCfg={'Conv': 0.6, 'Linear': 0.6, 'Bias': 0.0, 'BatchNorm': 0.0} | EnvNClusters=3
[2026-01-24 13:53:48,614] [INFO] Model initialized on device: cuda:0
[2026-01-24 13:53:48,614] [INFO] [CLIENT INIT] Mode=FEDAVG | Sparsity=OFF (UsedSparsity=0) | Clusters=OFF (UsedClusters=0) | EnvSparsityCfg={'Conv': 0.6, 'Linear': 0.6, 'Bias': 0.0, 'BatchNorm': 0.0} | EnvNClusters=3
[2026-01-24 13:53:51,111] [INFO] Model initialized on device: cuda:0
[2026-01-24 13:53:51,111] [INFO] [CLIENT INIT] Mode=FEDAVG | Sparsity=OFF (UsedSparsity=0) | Clusters=OFF (UsedClusters=0) | EnvSparsityCfg={'Conv': 0.6, 'Linear': 0.6, 'Bias': 0.0, 'BatchNorm': 0.0} | EnvNClusters=3
[2026-01-24 13:53:51,313] [INFO] Model initialized on device: cuda:0
[2026-01-24 13:53:51,313] [INFO] [CLIENT INIT] Mode=FEDAVG | Sparsity=OFF (UsedSparsity=0) | Clusters=OFF (UsedClusters=0) | EnvSparsityCfg={'Conv': 0.6, 'Linear': 0.6, 'Bias': 0.0, 'BatchNorm': 0.0} | EnvNClusters=3
[2026-01-24 13:53:51,432] [INFO] Model initialized on device: cuda:0
[2026-01-24 13:53:51,432] [INFO] [CLIENT INIT] Mode=FEDAVG | Sparsity=OFF (UsedSparsity=0) | Clusters=OFF (UsedClusters=0) | EnvSparsityCfg={'Conv': 0.6, 'Linear': 0.6, 'Bias': 0.0, 'BatchNorm': 0.0} | EnvNClusters=3
[2026-01-24 13:53:51,623] [INFO] Model initialized on device: cuda:0
[2026-01-24 13:53:51,623] [INFO] [CLIENT INIT] Mode=FEDAVG | Sparsity=OFF (UsedSparsity=0) | Clusters=OFF (UsedClusters=0) | EnvSparsityCfg={'Conv': 0.6, 'Linear': 0.6, 'Bias': 0.0, 'BatchNorm': 0.0} | EnvNClusters=3
[2026-01-24 13:53:51,728] [INFO] Model initialized on device: cuda:0
[2026-01-24 13:53:51,728] [INFO] [CLIENT INIT] Mode=FEDAVG | Sparsity=OFF (UsedSparsity=0) | Clusters=OFF (UsedClusters=0) | EnvSparsityCfg={'Conv': 0.6, 'Linear': 0.6, 'Bias': 0.0, 'BatchNorm': 0.0} | EnvNClusters=3
[2026-01-24 13:53:51,740] [INFO] Model initialized on device: cuda:0
[2026-01-24 13:53:51,740] [INFO] [CLIENT INIT] Mode=FEDAVG | Sparsity=OFF (UsedSparsity=0) | Clusters=OFF (UsedClusters=0) | EnvSparsityCfg={'Conv': 0.6, 'Linear': 0.6, 'Bias': 0.0, 'BatchNorm': 0.0} | EnvNClusters=3
[2026-01-24 13:54:50,415] [INFO] [TRAIN] Epoch 5 Loss: 0.4344
[2026-01-24 13:54:50,416] [INFO] [FIT] Local training finished. Avg Loss: 0.4728
[2026-01-24 13:55:27,316] [INFO] Model initialized on device: cuda:0
[2026-01-24 13:55:27,316] [INFO] [CLIENT INIT] Mode=FEDAVG | Sparsity=OFF (UsedSparsity=0) | Clusters=OFF (UsedClusters=0) | EnvSparsityCfg={'Conv': 0.6, 'Linear': 0.6, 'Bias': 0.0, 'BatchNorm': 0.0} | EnvNClusters=3
[2026-01-24 13:55:30,037] [INFO] Model initialized on device: cuda:0
[2026-01-24 13:55:30,037] [INFO] [CLIENT INIT] Mode=FEDAVG | Sparsity=OFF (UsedSparsity=0) | Clusters=OFF (UsedClusters=0) | EnvSparsityCfg={'Conv': 0.6, 'Linear': 0.6, 'Bias': 0.0, 'BatchNorm': 0.0} | EnvNClusters=3
[2026-01-24 13:55:30,049] [INFO] Model initialized on device: cuda:0
[2026-01-24 13:55:30,049] [INFO] [CLIENT INIT] Mode=FEDAVG | Sparsity=OFF (UsedSparsity=0) | Clusters=OFF (UsedClusters=0) | EnvSparsityCfg={'Conv': 0.6, 'Linear': 0.6, 'Bias': 0.0, 'BatchNorm': 0.0} | EnvNClusters=3
[2026-01-24 13:55:30,049] [INFO] Model initialized on device: cuda:0
[2026-01-24 13:55:30,049] [INFO] [CLIENT INIT] Mode=FEDAVG | Sparsity=OFF (UsedSparsity=0) | Clusters=OFF (UsedClusters=0) | EnvSparsityCfg={'Conv': 0.6, 'Linear': 0.6, 'Bias': 0.0, 'BatchNorm': 0.0} | EnvNClusters=3
[2026-01-24 13:55:30,344] [INFO] Model initialized on device: cuda:0
[2026-01-24 13:55:30,344] [INFO] [CLIENT INIT] Mode=FEDAVG | Sparsity=OFF (UsedSparsity=0) | Clusters=OFF (UsedClusters=0) | EnvSparsityCfg={'Conv': 0.6, 'Linear': 0.6, 'Bias': 0.0, 'BatchNorm': 0.0} | EnvNClusters=3
[2026-01-24 13:55:32,223] [INFO] Model initialized on device: cuda:0
[2026-01-24 13:55:32,223] [INFO] [CLIENT INIT] Mode=FEDAVG | Sparsity=OFF (UsedSparsity=0) | Clusters=OFF (UsedClusters=0) | EnvSparsityCfg={'Conv': 0.6, 'Linear': 0.6, 'Bias': 0.0, 'BatchNorm': 0.0} | EnvNClusters=3
[2026-01-24 13:55:33,207] [INFO] Model initialized on device: cuda:0
[2026-01-24 13:55:33,208] [INFO] [CLIENT INIT] Mode=FEDAVG | Sparsity=OFF (UsedSparsity=0) | Clusters=OFF (UsedClusters=0) | EnvSparsityCfg={'Conv': 0.6, 'Linear': 0.6, 'Bias': 0.0, 'BatchNorm': 0.0} | EnvNClusters=3
[2026-01-24 13:55:33,219] [INFO] Model initialized on device: cuda:0
[2026-01-24 13:55:33,219] [INFO] [CLIENT INIT] Mode=FEDAVG | Sparsity=OFF (UsedSparsity=0) | Clusters=OFF (UsedClusters=0) | EnvSparsityCfg={'Conv': 0.6, 'Linear': 0.6, 'Bias': 0.0, 'BatchNorm': 0.0} | EnvNClusters=3
[2026-01-24 13:55:33,221] [INFO] Model initialized on device: cuda:0
[2026-01-24 13:55:33,221] [INFO] [CLIENT INIT] Mode=FEDAVG | Sparsity=OFF (UsedSparsity=0) | Clusters=OFF (UsedClusters=0) | EnvSparsityCfg={'Conv': 0.6, 'Linear': 0.6, 'Bias': 0.0, 'BatchNorm': 0.0} | EnvNClusters=3
[2026-01-24 13:55:33,236] [INFO] Model initialized on device: cuda:0
[2026-01-24 13:55:33,236] [INFO] [CLIENT INIT] Mode=FEDAVG | Sparsity=OFF (UsedSparsity=0) | Clusters=OFF (UsedClusters=0) | EnvSparsityCfg={'Conv': 0.6, 'Linear': 0.6, 'Bias': 0.0, 'BatchNorm': 0.0} | EnvNClusters=3
[2026-01-24 13:55:37,119] [DEBUG] [TEST] Batch 1 | Pred shape: torch.Size([256, 256, 160]) | Label shape: torch.Size([256, 256, 160])
[2026-01-24 13:55:37,175] [DEBUG] [TEST] Batch 2 | Pred shape: torch.Size([256, 256, 160]) | Label shape: torch.Size([256, 256, 160])
[2026-01-24 13:55:37,256] [DEBUG] [TEST] Batch 3 | Pred shape: torch.Size([256, 256, 160]) | Label shape: torch.Size([256, 256, 160])
[2026-01-24 13:55:37,432] [DEBUG] [TEST] Batch 4 | Pred shape: torch.Size([256, 256, 160]) | Label shape: torch.Size([256, 256, 160])
[2026-01-24 13:55:37,508] [DEBUG] [TEST] Batch 5 | Pred shape: torch.Size([256, 256, 160]) | Label shape: torch.Size([256, 256, 160])
[2026-01-24 13:55:37,567] [DEBUG] [TEST] Batch 6 | Pred shape: torch.Size([256, 256, 160]) | Label shape: torch.Size([256, 256, 160])
[2026-01-24 13:55:37,623] [DEBUG] [TEST] Batch 7 | Pred shape: torch.Size([256, 256, 160]) | Label shape: torch.Size([256, 256, 160])
[2026-01-24 13:55:37,682] [DEBUG] [TEST] Batch 8 | Pred shape: torch.Size([256, 256, 160]) | Label shape: torch.Size([256, 256, 160])
[2026-01-24 13:55:37,756] [DEBUG] [TEST] Batch 9 | Pred shape: torch.Size([256, 256, 160]) | Label shape: torch.Size([256, 256, 160])
[2026-01-24 13:55:37,814] [DEBUG] [TEST] Batch 10 | Pred shape: torch.Size([256, 256, 160]) | Label shape: torch.Size([256, 256, 160])
[2026-01-24 13:55:41,879] [INFO] [FIT] Final model saved to: Revision2/Run_UNET_IID_Fedavg_20260124/Client4/model_final.pth
[2026-01-24 13:55:41,886] [INFO] [COMM][CLIENT] Round=-1 Mode=FEDAVG UsedSparsity=0 UsedClusters=0 BaselineBits=154016352.0 CompressedBits=154016352.0 CR=1.000
[2026-01-24 13:56:18,909] [INFO] [EVALUATE] Starting evaluation...
[2026-01-24 13:56:21,518] [INFO] [DEBUG] Loaded uncompressed weights.
[2026-01-24 13:57:27,847] [INFO] Model initialized on device: cuda:0
[2026-01-24 13:57:27,847] [INFO] [CLIENT INIT] Mode=FEDAVG | Sparsity=OFF (UsedSparsity=0) | Clusters=OFF (UsedClusters=0) | EnvSparsityCfg={'Conv': 0.6, 'Linear': 0.6, 'Bias': 0.0, 'BatchNorm': 0.0} | EnvNClusters=3
[2026-01-24 13:57:28,245] [INFO] Model initialized on device: cuda:0
[2026-01-24 13:57:28,245] [INFO] [CLIENT INIT] Mode=FEDAVG | Sparsity=OFF (UsedSparsity=0) | Clusters=OFF (UsedClusters=0) | EnvSparsityCfg={'Conv': 0.6, 'Linear': 0.6, 'Bias': 0.0, 'BatchNorm': 0.0} | EnvNClusters=3
[2026-01-24 13:57:28,914] [INFO] Model initialized on device: cuda:0
[2026-01-24 13:57:28,914] [INFO] [CLIENT INIT] Mode=FEDAVG | Sparsity=OFF (UsedSparsity=0) | Clusters=OFF (UsedClusters=0) | EnvSparsityCfg={'Conv': 0.6, 'Linear': 0.6, 'Bias': 0.0, 'BatchNorm': 0.0} | EnvNClusters=3
[2026-01-24 13:57:29,040] [INFO] Model initialized on device: cuda:0
[2026-01-24 13:57:29,040] [INFO] [CLIENT INIT] Mode=FEDAVG | Sparsity=OFF (UsedSparsity=0) | Clusters=OFF (UsedClusters=0) | EnvSparsityCfg={'Conv': 0.6, 'Linear': 0.6, 'Bias': 0.0, 'BatchNorm': 0.0} | EnvNClusters=3
[2026-01-24 13:57:29,508] [INFO] Model initialized on device: cuda:0
[2026-01-24 13:57:29,508] [INFO] [CLIENT INIT] Mode=FEDAVG | Sparsity=OFF (UsedSparsity=0) | Clusters=OFF (UsedClusters=0) | EnvSparsityCfg={'Conv': 0.6, 'Linear': 0.6, 'Bias': 0.0, 'BatchNorm': 0.0} | EnvNClusters=3
[2026-01-24 13:57:29,638] [INFO] Model initialized on device: cuda:0
[2026-01-24 13:57:29,638] [INFO] [CLIENT INIT] Mode=FEDAVG | Sparsity=OFF (UsedSparsity=0) | Clusters=OFF (UsedClusters=0) | EnvSparsityCfg={'Conv': 0.6, 'Linear': 0.6, 'Bias': 0.0, 'BatchNorm': 0.0} | EnvNClusters=3
[2026-01-24 13:57:29,715] [INFO] Model initialized on device: cuda:0
[2026-01-24 13:57:29,715] [INFO] [CLIENT INIT] Mode=FEDAVG | Sparsity=OFF (UsedSparsity=0) | Clusters=OFF (UsedClusters=0) | EnvSparsityCfg={'Conv': 0.6, 'Linear': 0.6, 'Bias': 0.0, 'BatchNorm': 0.0} | EnvNClusters=3
[2026-01-24 13:57:29,743] [INFO] Model initialized on device: cuda:0
[2026-01-24 13:57:29,743] [INFO] [CLIENT INIT] Mode=FEDAVG | Sparsity=OFF (UsedSparsity=0) | Clusters=OFF (UsedClusters=0) | EnvSparsityCfg={'Conv': 0.6, 'Linear': 0.6, 'Bias': 0.0, 'BatchNorm': 0.0} | EnvNClusters=3
[2026-01-24 13:57:29,810] [INFO] Model initialized on device: cuda:0
[2026-01-24 13:57:29,810] [INFO] [CLIENT INIT] Mode=FEDAVG | Sparsity=OFF (UsedSparsity=0) | Clusters=OFF (UsedClusters=0) | EnvSparsityCfg={'Conv': 0.6, 'Linear': 0.6, 'Bias': 0.0, 'BatchNorm': 0.0} | EnvNClusters=3
[2026-01-24 13:57:29,815] [INFO] Model initialized on device: cuda:0
[2026-01-24 13:57:29,816] [INFO] [CLIENT INIT] Mode=FEDAVG | Sparsity=OFF (UsedSparsity=0) | Clusters=OFF (UsedClusters=0) | EnvSparsityCfg={'Conv': 0.6, 'Linear': 0.6, 'Bias': 0.0, 'BatchNorm': 0.0} | EnvNClusters=3
[2026-01-24 13:57:36,339] [DEBUG] [TEST] Batch 1 | Pred shape: torch.Size([256, 256, 160]) | Label shape: torch.Size([256, 256, 160])
[2026-01-24 13:57:36,414] [DEBUG] [TEST] Batch 2 | Pred shape: torch.Size([256, 256, 160]) | Label shape: torch.Size([256, 256, 160])
[2026-01-24 13:57:36,703] [DEBUG] [TEST] Batch 3 | Pred shape: torch.Size([256, 256, 160]) | Label shape: torch.Size([256, 256, 160])
[2026-01-24 13:57:36,917] [DEBUG] [TEST] Batch 4 | Pred shape: torch.Size([256, 256, 160]) | Label shape: torch.Size([256, 256, 160])
[2026-01-24 13:57:37,155] [DEBUG] [TEST] Batch 5 | Pred shape: torch.Size([256, 256, 160]) | Label shape: torch.Size([256, 256, 160])
[2026-01-24 13:57:37,390] [DEBUG] [TEST] Batch 6 | Pred shape: torch.Size([256, 256, 160]) | Label shape: torch.Size([256, 256, 160])
[2026-01-24 13:57:37,627] [DEBUG] [TEST] Batch 7 | Pred shape: torch.Size([256, 256, 160]) | Label shape: torch.Size([256, 256, 160])
[2026-01-24 13:57:37,869] [DEBUG] [TEST] Batch 8 | Pred shape: torch.Size([256, 256, 160]) | Label shape: torch.Size([256, 256, 160])
[2026-01-24 13:57:38,116] [DEBUG] [TEST] Batch 9 | Pred shape: torch.Size([256, 256, 160]) | Label shape: torch.Size([256, 256, 160])
[2026-01-24 13:57:38,361] [DEBUG] [TEST] Batch 10 | Pred shape: torch.Size([256, 256, 160]) | Label shape: torch.Size([256, 256, 160])
[2026-01-24 13:57:45,666] [INFO] [EVALUATE] Dice WT: 0.8591
[2026-01-24 13:57:48,118] [INFO] [FIT] Received parameters. Starting local training...
[2026-01-24 13:57:51,118] [INFO] [DEBUG] Loaded uncompressed weights.
[2026-01-24 13:58:57,785] [INFO] Model initialized on device: cuda:0
[2026-01-24 13:58:57,785] [INFO] [CLIENT INIT] Mode=FEDAVG | Sparsity=OFF (UsedSparsity=0) | Clusters=OFF (UsedClusters=0) | EnvSparsityCfg={'Conv': 0.6, 'Linear': 0.6, 'Bias': 0.0, 'BatchNorm': 0.0} | EnvNClusters=3
[2026-01-24 13:58:58,834] [INFO] Model initialized on device: cuda:0
[2026-01-24 13:58:58,834] [INFO] [CLIENT INIT] Mode=FEDAVG | Sparsity=OFF (UsedSparsity=0) | Clusters=OFF (UsedClusters=0) | EnvSparsityCfg={'Conv': 0.6, 'Linear': 0.6, 'Bias': 0.0, 'BatchNorm': 0.0} | EnvNClusters=3
[2026-01-24 13:58:59,420] [INFO] Model initialized on device: cuda:0
[2026-01-24 13:58:59,420] [INFO] [CLIENT INIT] Mode=FEDAVG | Sparsity=OFF (UsedSparsity=0) | Clusters=OFF (UsedClusters=0) | EnvSparsityCfg={'Conv': 0.6, 'Linear': 0.6, 'Bias': 0.0, 'BatchNorm': 0.0} | EnvNClusters=3
[2026-01-24 13:59:00,014] [INFO] Model initialized on device: cuda:0
[2026-01-24 13:59:00,014] [INFO] [CLIENT INIT] Mode=FEDAVG | Sparsity=OFF (UsedSparsity=0) | Clusters=OFF (UsedClusters=0) | EnvSparsityCfg={'Conv': 0.6, 'Linear': 0.6, 'Bias': 0.0, 'BatchNorm': 0.0} | EnvNClusters=3
[2026-01-24 13:59:00,015] [INFO] Model initialized on device: cuda:0
[2026-01-24 13:59:00,015] [INFO] [CLIENT INIT] Mode=FEDAVG | Sparsity=OFF (UsedSparsity=0) | Clusters=OFF (UsedClusters=0) | EnvSparsityCfg={'Conv': 0.6, 'Linear': 0.6, 'Bias': 0.0, 'BatchNorm': 0.0} | EnvNClusters=3
[2026-01-24 13:59:00,111] [INFO] Model initialized on device: cuda:0
[2026-01-24 13:59:00,111] [INFO] [CLIENT INIT] Mode=FEDAVG | Sparsity=OFF (UsedSparsity=0) | Clusters=OFF (UsedClusters=0) | EnvSparsityCfg={'Conv': 0.6, 'Linear': 0.6, 'Bias': 0.0, 'BatchNorm': 0.0} | EnvNClusters=3
[2026-01-24 13:59:00,138] [INFO] Model initialized on device: cuda:0
[2026-01-24 13:59:00,138] [INFO] [CLIENT INIT] Mode=FEDAVG | Sparsity=OFF (UsedSparsity=0) | Clusters=OFF (UsedClusters=0) | EnvSparsityCfg={'Conv': 0.6, 'Linear': 0.6, 'Bias': 0.0, 'BatchNorm': 0.0} | EnvNClusters=3
[2026-01-24 13:59:00,219] [INFO] Model initialized on device: cuda:0
[2026-01-24 13:59:00,219] [INFO] [CLIENT INIT] Mode=FEDAVG | Sparsity=OFF (UsedSparsity=0) | Clusters=OFF (UsedClusters=0) | EnvSparsityCfg={'Conv': 0.6, 'Linear': 0.6, 'Bias': 0.0, 'BatchNorm': 0.0} | EnvNClusters=3
[2026-01-24 13:59:00,220] [INFO] Model initialized on device: cuda:0
[2026-01-24 13:59:00,221] [INFO] [CLIENT INIT] Mode=FEDAVG | Sparsity=OFF (UsedSparsity=0) | Clusters=OFF (UsedClusters=0) | EnvSparsityCfg={'Conv': 0.6, 'Linear': 0.6, 'Bias': 0.0, 'BatchNorm': 0.0} | EnvNClusters=3
[2026-01-24 13:59:00,324] [INFO] Model initialized on device: cuda:0
[2026-01-24 13:59:00,324] [INFO] [CLIENT INIT] Mode=FEDAVG | Sparsity=OFF (UsedSparsity=0) | Clusters=OFF (UsedClusters=0) | EnvSparsityCfg={'Conv': 0.6, 'Linear': 0.6, 'Bias': 0.0, 'BatchNorm': 0.0} | EnvNClusters=3
[2026-01-24 14:00:09,691] [INFO] [TRAIN] Epoch 1 Loss: 0.4152
[2026-01-24 14:01:09,101] [INFO] Model initialized on device: cuda:0
[2026-01-24 14:01:09,102] [INFO] [CLIENT INIT] Mode=FEDAVG | Sparsity=OFF (UsedSparsity=0) | Clusters=OFF (UsedClusters=0) | EnvSparsityCfg={'Conv': 0.6, 'Linear': 0.6, 'Bias': 0.0, 'BatchNorm': 0.0} | EnvNClusters=3
[2026-01-24 14:01:09,137] [INFO] Model initialized on device: cuda:0
[2026-01-24 14:01:09,137] [INFO] [CLIENT INIT] Mode=FEDAVG | Sparsity=OFF (UsedSparsity=0) | Clusters=OFF (UsedClusters=0) | EnvSparsityCfg={'Conv': 0.6, 'Linear': 0.6, 'Bias': 0.0, 'BatchNorm': 0.0} | EnvNClusters=3
[2026-01-24 14:01:09,181] [INFO] Model initialized on device: cuda:0
[2026-01-24 14:01:09,181] [INFO] [CLIENT INIT] Mode=FEDAVG | Sparsity=OFF (UsedSparsity=0) | Clusters=OFF (UsedClusters=0) | EnvSparsityCfg={'Conv': 0.6, 'Linear': 0.6, 'Bias': 0.0, 'BatchNorm': 0.0} | EnvNClusters=3
[2026-01-24 14:01:12,012] [INFO] Model initialized on device: cuda:0
[2026-01-24 14:01:12,012] [INFO] [CLIENT INIT] Mode=FEDAVG | Sparsity=OFF (UsedSparsity=0) | Clusters=OFF (UsedClusters=0) | EnvSparsityCfg={'Conv': 0.6, 'Linear': 0.6, 'Bias': 0.0, 'BatchNorm': 0.0} | EnvNClusters=3
[2026-01-24 14:01:12,391] [INFO] Model initialized on device: cuda:0
[2026-01-24 14:01:12,391] [INFO] [CLIENT INIT] Mode=FEDAVG | Sparsity=OFF (UsedSparsity=0) | Clusters=OFF (UsedClusters=0) | EnvSparsityCfg={'Conv': 0.6, 'Linear': 0.6, 'Bias': 0.0, 'BatchNorm': 0.0} | EnvNClusters=3
[2026-01-24 14:01:13,639] [INFO] Model initialized on device: cuda:0
[2026-01-24 14:01:13,640] [INFO] [CLIENT INIT] Mode=FEDAVG | Sparsity=OFF (UsedSparsity=0) | Clusters=OFF (UsedClusters=0) | EnvSparsityCfg={'Conv': 0.6, 'Linear': 0.6, 'Bias': 0.0, 'BatchNorm': 0.0} | EnvNClusters=3
[2026-01-24 14:01:13,653] [INFO] Model initialized on device: cuda:0
[2026-01-24 14:01:13,654] [INFO] [CLIENT INIT] Mode=FEDAVG | Sparsity=OFF (UsedSparsity=0) | Clusters=OFF (UsedClusters=0) | EnvSparsityCfg={'Conv': 0.6, 'Linear': 0.6, 'Bias': 0.0, 'BatchNorm': 0.0} | EnvNClusters=3
[2026-01-24 14:01:13,655] [INFO] Model initialized on device: cuda:0
[2026-01-24 14:01:13,655] [INFO] [CLIENT INIT] Mode=FEDAVG | Sparsity=OFF (UsedSparsity=0) | Clusters=OFF (UsedClusters=0) | EnvSparsityCfg={'Conv': 0.6, 'Linear': 0.6, 'Bias': 0.0, 'BatchNorm': 0.0} | EnvNClusters=3
[2026-01-24 14:01:13,843] [INFO] Model initialized on device: cuda:0
[2026-01-24 14:01:13,844] [INFO] [CLIENT INIT] Mode=FEDAVG | Sparsity=OFF (UsedSparsity=0) | Clusters=OFF (UsedClusters=0) | EnvSparsityCfg={'Conv': 0.6, 'Linear': 0.6, 'Bias': 0.0, 'BatchNorm': 0.0} | EnvNClusters=3
[2026-01-24 14:01:15,013] [INFO] Model initialized on device: cuda:0
[2026-01-24 14:01:15,013] [INFO] [CLIENT INIT] Mode=FEDAVG | Sparsity=OFF (UsedSparsity=0) | Clusters=OFF (UsedClusters=0) | EnvSparsityCfg={'Conv': 0.6, 'Linear': 0.6, 'Bias': 0.0, 'BatchNorm': 0.0} | EnvNClusters=3
[2026-01-24 14:02:19,238] [INFO] [TRAIN] Epoch 2 Loss: 0.3868
[2026-01-24 14:03:14,325] [INFO] Model initialized on device: cuda:0
[2026-01-24 14:03:14,326] [INFO] [CLIENT INIT] Mode=FEDAVG | Sparsity=OFF (UsedSparsity=0) | Clusters=OFF (UsedClusters=0) | EnvSparsityCfg={'Conv': 0.6, 'Linear': 0.6, 'Bias': 0.0, 'BatchNorm': 0.0} | EnvNClusters=3
[2026-01-24 14:03:14,478] [INFO] Model initialized on device: cuda:0
[2026-01-24 14:03:14,478] [INFO] [CLIENT INIT] Mode=FEDAVG | Sparsity=OFF (UsedSparsity=0) | Clusters=OFF (UsedClusters=0) | EnvSparsityCfg={'Conv': 0.6, 'Linear': 0.6, 'Bias': 0.0, 'BatchNorm': 0.0} | EnvNClusters=3
[2026-01-24 14:03:14,718] [INFO] Model initialized on device: cuda:0
[2026-01-24 14:03:14,718] [INFO] [CLIENT INIT] Mode=FEDAVG | Sparsity=OFF (UsedSparsity=0) | Clusters=OFF (UsedClusters=0) | EnvSparsityCfg={'Conv': 0.6, 'Linear': 0.6, 'Bias': 0.0, 'BatchNorm': 0.0} | EnvNClusters=3
[2026-01-24 14:03:14,729] [INFO] Model initialized on device: cuda:0
[2026-01-24 14:03:14,729] [INFO] [CLIENT INIT] Mode=FEDAVG | Sparsity=OFF (UsedSparsity=0) | Clusters=OFF (UsedClusters=0) | EnvSparsityCfg={'Conv': 0.6, 'Linear': 0.6, 'Bias': 0.0, 'BatchNorm': 0.0} | EnvNClusters=3
[2026-01-24 14:03:14,746] [INFO] Model initialized on device: cuda:0
[2026-01-24 14:03:14,746] [INFO] [CLIENT INIT] Mode=FEDAVG | Sparsity=OFF (UsedSparsity=0) | Clusters=OFF (UsedClusters=0) | EnvSparsityCfg={'Conv': 0.6, 'Linear': 0.6, 'Bias': 0.0, 'BatchNorm': 0.0} | EnvNClusters=3
[2026-01-24 14:03:14,771] [INFO] Model initialized on device: cuda:0
[2026-01-24 14:03:14,771] [INFO] [CLIENT INIT] Mode=FEDAVG | Sparsity=OFF (UsedSparsity=0) | Clusters=OFF (UsedClusters=0) | EnvSparsityCfg={'Conv': 0.6, 'Linear': 0.6, 'Bias': 0.0, 'BatchNorm': 0.0} | EnvNClusters=3
[2026-01-24 14:03:16,317] [INFO] Model initialized on device: cuda:0
[2026-01-24 14:03:16,317] [INFO] [CLIENT INIT] Mode=FEDAVG | Sparsity=OFF (UsedSparsity=0) | Clusters=OFF (UsedClusters=0) | EnvSparsityCfg={'Conv': 0.6, 'Linear': 0.6, 'Bias': 0.0, 'BatchNorm': 0.0} | EnvNClusters=3
[2026-01-24 14:03:16,537] [INFO] Model initialized on device: cuda:0
[2026-01-24 14:03:16,537] [INFO] [CLIENT INIT] Mode=FEDAVG | Sparsity=OFF (UsedSparsity=0) | Clusters=OFF (UsedClusters=0) | EnvSparsityCfg={'Conv': 0.6, 'Linear': 0.6, 'Bias': 0.0, 'BatchNorm': 0.0} | EnvNClusters=3
[2026-01-24 14:03:16,540] [INFO] Model initialized on device: cuda:0
[2026-01-24 14:03:16,540] [INFO] [CLIENT INIT] Mode=FEDAVG | Sparsity=OFF (UsedSparsity=0) | Clusters=OFF (UsedClusters=0) | EnvSparsityCfg={'Conv': 0.6, 'Linear': 0.6, 'Bias': 0.0, 'BatchNorm': 0.0} | EnvNClusters=3
[2026-01-24 14:03:17,223] [INFO] Model initialized on device: cuda:0
[2026-01-24 14:03:17,223] [INFO] [CLIENT INIT] Mode=FEDAVG | Sparsity=OFF (UsedSparsity=0) | Clusters=OFF (UsedClusters=0) | EnvSparsityCfg={'Conv': 0.6, 'Linear': 0.6, 'Bias': 0.0, 'BatchNorm': 0.0} | EnvNClusters=3
[2026-01-24 14:04:19,740] [INFO] [TRAIN] Epoch 3 Loss: 0.3681
[2026-01-24 14:05:13,539] [INFO] Model initialized on device: cuda:0
[2026-01-24 14:05:13,539] [INFO] [CLIENT INIT] Mode=FEDAVG | Sparsity=OFF (UsedSparsity=0) | Clusters=OFF (UsedClusters=0) | EnvSparsityCfg={'Conv': 0.6, 'Linear': 0.6, 'Bias': 0.0, 'BatchNorm': 0.0} | EnvNClusters=3
[2026-01-24 14:05:13,553] [INFO] Model initialized on device: cuda:0
[2026-01-24 14:05:13,553] [INFO] [CLIENT INIT] Mode=FEDAVG | Sparsity=OFF (UsedSparsity=0) | Clusters=OFF (UsedClusters=0) | EnvSparsityCfg={'Conv': 0.6, 'Linear': 0.6, 'Bias': 0.0, 'BatchNorm': 0.0} | EnvNClusters=3
[2026-01-24 14:05:13,837] [INFO] Model initialized on device: cuda:0
[2026-01-24 14:05:13,837] [INFO] [CLIENT INIT] Mode=FEDAVG | Sparsity=OFF (UsedSparsity=0) | Clusters=OFF (UsedClusters=0) | EnvSparsityCfg={'Conv': 0.6, 'Linear': 0.6, 'Bias': 0.0, 'BatchNorm': 0.0} | EnvNClusters=3
[2026-01-24 14:05:13,924] [INFO] Model initialized on device: cuda:0
[2026-01-24 14:05:13,924] [INFO] [CLIENT INIT] Mode=FEDAVG | Sparsity=OFF (UsedSparsity=0) | Clusters=OFF (UsedClusters=0) | EnvSparsityCfg={'Conv': 0.6, 'Linear': 0.6, 'Bias': 0.0, 'BatchNorm': 0.0} | EnvNClusters=3
[2026-01-24 14:05:13,941] [INFO] Model initialized on device: cuda:0
[2026-01-24 14:05:13,941] [INFO] [CLIENT INIT] Mode=FEDAVG | Sparsity=OFF (UsedSparsity=0) | Clusters=OFF (UsedClusters=0) | EnvSparsityCfg={'Conv': 0.6, 'Linear': 0.6, 'Bias': 0.0, 'BatchNorm': 0.0} | EnvNClusters=3
[2026-01-24 14:05:13,955] [INFO] Model initialized on device: cuda:0
[2026-01-24 14:05:13,955] [INFO] [CLIENT INIT] Mode=FEDAVG | Sparsity=OFF (UsedSparsity=0) | Clusters=OFF (UsedClusters=0) | EnvSparsityCfg={'Conv': 0.6, 'Linear': 0.6, 'Bias': 0.0, 'BatchNorm': 0.0} | EnvNClusters=3
[2026-01-24 14:05:13,957] [INFO] Model initialized on device: cuda:0
[2026-01-24 14:05:13,957] [INFO] [CLIENT INIT] Mode=FEDAVG | Sparsity=OFF (UsedSparsity=0) | Clusters=OFF (UsedClusters=0) | EnvSparsityCfg={'Conv': 0.6, 'Linear': 0.6, 'Bias': 0.0, 'BatchNorm': 0.0} | EnvNClusters=3
[2026-01-24 14:05:14,023] [INFO] Model initialized on device: cuda:0
[2026-01-24 14:05:14,023] [INFO] [CLIENT INIT] Mode=FEDAVG | Sparsity=OFF (UsedSparsity=0) | Clusters=OFF (UsedClusters=0) | EnvSparsityCfg={'Conv': 0.6, 'Linear': 0.6, 'Bias': 0.0, 'BatchNorm': 0.0} | EnvNClusters=3
[2026-01-24 14:05:14,113] [INFO] Model initialized on device: cuda:0
[2026-01-24 14:05:14,113] [INFO] [CLIENT INIT] Mode=FEDAVG | Sparsity=OFF (UsedSparsity=0) | Clusters=OFF (UsedClusters=0) | EnvSparsityCfg={'Conv': 0.6, 'Linear': 0.6, 'Bias': 0.0, 'BatchNorm': 0.0} | EnvNClusters=3
[2026-01-24 14:05:14,327] [INFO] Model initialized on device: cuda:0
[2026-01-24 14:05:14,328] [INFO] [CLIENT INIT] Mode=FEDAVG | Sparsity=OFF (UsedSparsity=0) | Clusters=OFF (UsedClusters=0) | EnvSparsityCfg={'Conv': 0.6, 'Linear': 0.6, 'Bias': 0.0, 'BatchNorm': 0.0} | EnvNClusters=3
[2026-01-24 14:06:16,316] [INFO] [TRAIN] Epoch 4 Loss: 0.3654
[2026-01-24 14:07:08,125] [INFO] Model initialized on device: cuda:0
[2026-01-24 14:07:08,125] [INFO] [CLIENT INIT] Mode=FEDAVG | Sparsity=OFF (UsedSparsity=0) | Clusters=OFF (UsedClusters=0) | EnvSparsityCfg={'Conv': 0.6, 'Linear': 0.6, 'Bias': 0.0, 'BatchNorm': 0.0} | EnvNClusters=3
[2026-01-24 14:07:08,528] [INFO] Model initialized on device: cuda:0
[2026-01-24 14:07:08,528] [INFO] [CLIENT INIT] Mode=FEDAVG | Sparsity=OFF (UsedSparsity=0) | Clusters=OFF (UsedClusters=0) | EnvSparsityCfg={'Conv': 0.6, 'Linear': 0.6, 'Bias': 0.0, 'BatchNorm': 0.0} | EnvNClusters=3
[2026-01-24 14:07:08,719] [INFO] Model initialized on device: cuda:0
[2026-01-24 14:07:08,720] [INFO] [CLIENT INIT] Mode=FEDAVG | Sparsity=OFF (UsedSparsity=0) | Clusters=OFF (UsedClusters=0) | EnvSparsityCfg={'Conv': 0.6, 'Linear': 0.6, 'Bias': 0.0, 'BatchNorm': 0.0} | EnvNClusters=3
[2026-01-24 14:07:08,818] [INFO] Model initialized on device: cuda:0
[2026-01-24 14:07:08,818] [INFO] [CLIENT INIT] Mode=FEDAVG | Sparsity=OFF (UsedSparsity=0) | Clusters=OFF (UsedClusters=0) | EnvSparsityCfg={'Conv': 0.6, 'Linear': 0.6, 'Bias': 0.0, 'BatchNorm': 0.0} | EnvNClusters=3
[2026-01-24 14:07:09,009] [INFO] Model initialized on device: cuda:0
[2026-01-24 14:07:09,010] [INFO] [CLIENT INIT] Mode=FEDAVG | Sparsity=OFF (UsedSparsity=0) | Clusters=OFF (UsedClusters=0) | EnvSparsityCfg={'Conv': 0.6, 'Linear': 0.6, 'Bias': 0.0, 'BatchNorm': 0.0} | EnvNClusters=3
[2026-01-24 14:07:09,014] [INFO] Model initialized on device: cuda:0
[2026-01-24 14:07:09,014] [INFO] [CLIENT INIT] Mode=FEDAVG | Sparsity=OFF (UsedSparsity=0) | Clusters=OFF (UsedClusters=0) | EnvSparsityCfg={'Conv': 0.6, 'Linear': 0.6, 'Bias': 0.0, 'BatchNorm': 0.0} | EnvNClusters=3
[2026-01-24 14:07:09,126] [INFO] Model initialized on device: cuda:0
[2026-01-24 14:07:09,126] [INFO] [CLIENT INIT] Mode=FEDAVG | Sparsity=OFF (UsedSparsity=0) | Clusters=OFF (UsedClusters=0) | EnvSparsityCfg={'Conv': 0.6, 'Linear': 0.6, 'Bias': 0.0, 'BatchNorm': 0.0} | EnvNClusters=3
[2026-01-24 14:07:09,137] [INFO] Model initialized on device: cuda:0
[2026-01-24 14:07:09,137] [INFO] [CLIENT INIT] Mode=FEDAVG | Sparsity=OFF (UsedSparsity=0) | Clusters=OFF (UsedClusters=0) | EnvSparsityCfg={'Conv': 0.6, 'Linear': 0.6, 'Bias': 0.0, 'BatchNorm': 0.0} | EnvNClusters=3
[2026-01-24 14:07:09,512] [INFO] Model initialized on device: cuda:0
[2026-01-24 14:07:09,513] [INFO] [CLIENT INIT] Mode=FEDAVG | Sparsity=OFF (UsedSparsity=0) | Clusters=OFF (UsedClusters=0) | EnvSparsityCfg={'Conv': 0.6, 'Linear': 0.6, 'Bias': 0.0, 'BatchNorm': 0.0} | EnvNClusters=3
[2026-01-24 14:07:09,612] [INFO] Model initialized on device: cuda:0
[2026-01-24 14:07:09,612] [INFO] [CLIENT INIT] Mode=FEDAVG | Sparsity=OFF (UsedSparsity=0) | Clusters=OFF (UsedClusters=0) | EnvSparsityCfg={'Conv': 0.6, 'Linear': 0.6, 'Bias': 0.0, 'BatchNorm': 0.0} | EnvNClusters=3
[2026-01-24 14:08:14,510] [INFO] [TRAIN] Epoch 5 Loss: 0.3416
[2026-01-24 14:08:14,511] [INFO] [FIT] Local training finished. Avg Loss: 0.3754
[2026-01-24 14:09:06,521] [INFO] Model initialized on device: cuda:0
[2026-01-24 14:09:06,522] [INFO] [CLIENT INIT] Mode=FEDAVG | Sparsity=OFF (UsedSparsity=0) | Clusters=OFF (UsedClusters=0) | EnvSparsityCfg={'Conv': 0.6, 'Linear': 0.6, 'Bias': 0.0, 'BatchNorm': 0.0} | EnvNClusters=3
[2026-01-24 14:09:06,745] [INFO] Model initialized on device: cuda:0
[2026-01-24 14:09:06,745] [INFO] [CLIENT INIT] Mode=FEDAVG | Sparsity=OFF (UsedSparsity=0) | Clusters=OFF (UsedClusters=0) | EnvSparsityCfg={'Conv': 0.6, 'Linear': 0.6, 'Bias': 0.0, 'BatchNorm': 0.0} | EnvNClusters=3
[2026-01-24 14:09:06,746] [INFO] Model initialized on device: cuda:0
[2026-01-24 14:09:06,747] [INFO] [CLIENT INIT] Mode=FEDAVG | Sparsity=OFF (UsedSparsity=0) | Clusters=OFF (UsedClusters=0) | EnvSparsityCfg={'Conv': 0.6, 'Linear': 0.6, 'Bias': 0.0, 'BatchNorm': 0.0} | EnvNClusters=3
[2026-01-24 14:09:06,926] [INFO] Model initialized on device: cuda:0
[2026-01-24 14:09:06,927] [INFO] [CLIENT INIT] Mode=FEDAVG | Sparsity=OFF (UsedSparsity=0) | Clusters=OFF (UsedClusters=0) | EnvSparsityCfg={'Conv': 0.6, 'Linear': 0.6, 'Bias': 0.0, 'BatchNorm': 0.0} | EnvNClusters=3
[2026-01-24 14:09:07,036] [INFO] Model initialized on device: cuda:0
[2026-01-24 14:09:07,037] [INFO] [CLIENT INIT] Mode=FEDAVG | Sparsity=OFF (UsedSparsity=0) | Clusters=OFF (UsedClusters=0) | EnvSparsityCfg={'Conv': 0.6, 'Linear': 0.6, 'Bias': 0.0, 'BatchNorm': 0.0} | EnvNClusters=3
[2026-01-24 14:09:07,037] [INFO] Model initialized on device: cuda:0
[2026-01-24 14:09:07,038] [INFO] [CLIENT INIT] Mode=FEDAVG | Sparsity=OFF (UsedSparsity=0) | Clusters=OFF (UsedClusters=0) | EnvSparsityCfg={'Conv': 0.6, 'Linear': 0.6, 'Bias': 0.0, 'BatchNorm': 0.0} | EnvNClusters=3
[2026-01-24 14:09:07,039] [INFO] Model initialized on device: cuda:0
[2026-01-24 14:09:07,039] [INFO] [CLIENT INIT] Mode=FEDAVG | Sparsity=OFF (UsedSparsity=0) | Clusters=OFF (UsedClusters=0) | EnvSparsityCfg={'Conv': 0.6, 'Linear': 0.6, 'Bias': 0.0, 'BatchNorm': 0.0} | EnvNClusters=3
[2026-01-24 14:09:07,131] [INFO] Model initialized on device: cuda:0
[2026-01-24 14:09:07,131] [INFO] [CLIENT INIT] Mode=FEDAVG | Sparsity=OFF (UsedSparsity=0) | Clusters=OFF (UsedClusters=0) | EnvSparsityCfg={'Conv': 0.6, 'Linear': 0.6, 'Bias': 0.0, 'BatchNorm': 0.0} | EnvNClusters=3
[2026-01-24 14:09:07,213] [INFO] Model initialized on device: cuda:0
[2026-01-24 14:09:07,214] [INFO] [CLIENT INIT] Mode=FEDAVG | Sparsity=OFF (UsedSparsity=0) | Clusters=OFF (UsedClusters=0) | EnvSparsityCfg={'Conv': 0.6, 'Linear': 0.6, 'Bias': 0.0, 'BatchNorm': 0.0} | EnvNClusters=3
[2026-01-24 14:09:07,220] [INFO] Model initialized on device: cuda:0
[2026-01-24 14:09:07,221] [INFO] [CLIENT INIT] Mode=FEDAVG | Sparsity=OFF (UsedSparsity=0) | Clusters=OFF (UsedClusters=0) | EnvSparsityCfg={'Conv': 0.6, 'Linear': 0.6, 'Bias': 0.0, 'BatchNorm': 0.0} | EnvNClusters=3
[2026-01-24 14:09:11,415] [DEBUG] [TEST] Batch 1 | Pred shape: torch.Size([256, 256, 160]) | Label shape: torch.Size([256, 256, 160])
[2026-01-24 14:09:12,827] [DEBUG] [TEST] Batch 2 | Pred shape: torch.Size([256, 256, 160]) | Label shape: torch.Size([256, 256, 160])
[2026-01-24 14:09:12,914] [DEBUG] [TEST] Batch 3 | Pred shape: torch.Size([256, 256, 160]) | Label shape: torch.Size([256, 256, 160])
[2026-01-24 14:09:13,030] [DEBUG] [TEST] Batch 4 | Pred shape: torch.Size([256, 256, 160]) | Label shape: torch.Size([256, 256, 160])
[2026-01-24 14:09:13,154] [DEBUG] [TEST] Batch 5 | Pred shape: torch.Size([256, 256, 160]) | Label shape: torch.Size([256, 256, 160])
[2026-01-24 14:09:13,350] [DEBUG] [TEST] Batch 6 | Pred shape: torch.Size([256, 256, 160]) | Label shape: torch.Size([256, 256, 160])
[2026-01-24 14:09:13,585] [DEBUG] [TEST] Batch 7 | Pred shape: torch.Size([256, 256, 160]) | Label shape: torch.Size([256, 256, 160])
[2026-01-24 14:09:13,934] [DEBUG] [TEST] Batch 8 | Pred shape: torch.Size([256, 256, 160]) | Label shape: torch.Size([256, 256, 160])
[2026-01-24 14:09:14,052] [DEBUG] [TEST] Batch 9 | Pred shape: torch.Size([256, 256, 160]) | Label shape: torch.Size([256, 256, 160])
[2026-01-24 14:09:14,227] [DEBUG] [TEST] Batch 10 | Pred shape: torch.Size([256, 256, 160]) | Label shape: torch.Size([256, 256, 160])
[2026-01-24 14:09:21,302] [INFO] [FIT] Final model saved to: Revision2/Run_UNET_IID_Fedavg_20260124/Client4/model_final.pth
[2026-01-24 14:09:21,311] [INFO] [COMM][CLIENT] Round=-1 Mode=FEDAVG UsedSparsity=0 UsedClusters=0 BaselineBits=154016352.0 CompressedBits=154016352.0 CR=1.000
[2026-01-24 14:09:48,208] [INFO] [EVALUATE] Starting evaluation...
[2026-01-24 14:09:51,010] [INFO] [DEBUG] Loaded uncompressed weights.
[2026-01-24 14:10:57,034] [INFO] Model initialized on device: cuda:0
[2026-01-24 14:10:57,034] [INFO] [CLIENT INIT] Mode=FEDAVG | Sparsity=OFF (UsedSparsity=0) | Clusters=OFF (UsedClusters=0) | EnvSparsityCfg={'Conv': 0.6, 'Linear': 0.6, 'Bias': 0.0, 'BatchNorm': 0.0} | EnvNClusters=3
[2026-01-24 14:10:57,192] [INFO] Model initialized on device: cuda:0
[2026-01-24 14:10:57,192] [INFO] [CLIENT INIT] Mode=FEDAVG | Sparsity=OFF (UsedSparsity=0) | Clusters=OFF (UsedClusters=0) | EnvSparsityCfg={'Conv': 0.6, 'Linear': 0.6, 'Bias': 0.0, 'BatchNorm': 0.0} | EnvNClusters=3
[2026-01-24 14:10:57,575] [INFO] Model initialized on device: cuda:0
[2026-01-24 14:10:57,575] [INFO] [CLIENT INIT] Mode=FEDAVG | Sparsity=OFF (UsedSparsity=0) | Clusters=OFF (UsedClusters=0) | EnvSparsityCfg={'Conv': 0.6, 'Linear': 0.6, 'Bias': 0.0, 'BatchNorm': 0.0} | EnvNClusters=3
[2026-01-24 14:10:57,592] [INFO] Model initialized on device: cuda:0
[2026-01-24 14:10:57,592] [INFO] [CLIENT INIT] Mode=FEDAVG | Sparsity=OFF (UsedSparsity=0) | Clusters=OFF (UsedClusters=0) | EnvSparsityCfg={'Conv': 0.6, 'Linear': 0.6, 'Bias': 0.0, 'BatchNorm': 0.0} | EnvNClusters=3
[2026-01-24 14:10:57,602] [INFO] Model initialized on device: cuda:0
[2026-01-24 14:10:57,602] [INFO] [CLIENT INIT] Mode=FEDAVG | Sparsity=OFF (UsedSparsity=0) | Clusters=OFF (UsedClusters=0) | EnvSparsityCfg={'Conv': 0.6, 'Linear': 0.6, 'Bias': 0.0, 'BatchNorm': 0.0} | EnvNClusters=3
[2026-01-24 14:10:57,991] [INFO] Model initialized on device: cuda:0
[2026-01-24 14:10:57,991] [INFO] Model initialized on device: cuda:0
[2026-01-24 14:10:57,992] [INFO] [CLIENT INIT] Mode=FEDAVG | Sparsity=OFF (UsedSparsity=0) | Clusters=OFF (UsedClusters=0) | EnvSparsityCfg={'Conv': 0.6, 'Linear': 0.6, 'Bias': 0.0, 'BatchNorm': 0.0} | EnvNClusters=3
[2026-01-24 14:10:57,992] [INFO] [CLIENT INIT] Mode=FEDAVG | Sparsity=OFF (UsedSparsity=0) | Clusters=OFF (UsedClusters=0) | EnvSparsityCfg={'Conv': 0.6, 'Linear': 0.6, 'Bias': 0.0, 'BatchNorm': 0.0} | EnvNClusters=3
[2026-01-24 14:10:58,054] [INFO] Model initialized on device: cuda:0
[2026-01-24 14:10:58,054] [INFO] [CLIENT INIT] Mode=FEDAVG | Sparsity=OFF (UsedSparsity=0) | Clusters=OFF (UsedClusters=0) | EnvSparsityCfg={'Conv': 0.6, 'Linear': 0.6, 'Bias': 0.0, 'BatchNorm': 0.0} | EnvNClusters=3
[2026-01-24 14:10:58,217] [INFO] Model initialized on device: cuda:0
[2026-01-24 14:10:58,217] [INFO] [CLIENT INIT] Mode=FEDAVG | Sparsity=OFF (UsedSparsity=0) | Clusters=OFF (UsedClusters=0) | EnvSparsityCfg={'Conv': 0.6, 'Linear': 0.6, 'Bias': 0.0, 'BatchNorm': 0.0} | EnvNClusters=3
[2026-01-24 14:10:58,283] [INFO] Model initialized on device: cuda:0
[2026-01-24 14:10:58,283] [INFO] [CLIENT INIT] Mode=FEDAVG | Sparsity=OFF (UsedSparsity=0) | Clusters=OFF (UsedClusters=0) | EnvSparsityCfg={'Conv': 0.6, 'Linear': 0.6, 'Bias': 0.0, 'BatchNorm': 0.0} | EnvNClusters=3
[2026-01-24 14:11:02,809] [DEBUG] [TEST] Batch 1 | Pred shape: torch.Size([256, 256, 160]) | Label shape: torch.Size([256, 256, 160])
[2026-01-24 14:11:02,864] [DEBUG] [TEST] Batch 2 | Pred shape: torch.Size([256, 256, 160]) | Label shape: torch.Size([256, 256, 160])
[2026-01-24 14:11:02,955] [DEBUG] [TEST] Batch 3 | Pred shape: torch.Size([256, 256, 160]) | Label shape: torch.Size([256, 256, 160])
[2026-01-24 14:11:03,039] [DEBUG] [TEST] Batch 4 | Pred shape: torch.Size([256, 256, 160]) | Label shape: torch.Size([256, 256, 160])
[2026-01-24 14:11:03,114] [DEBUG] [TEST] Batch 5 | Pred shape: torch.Size([256, 256, 160]) | Label shape: torch.Size([256, 256, 160])
[2026-01-24 14:11:03,209] [DEBUG] [TEST] Batch 6 | Pred shape: torch.Size([256, 256, 160]) | Label shape: torch.Size([256, 256, 160])
[2026-01-24 14:11:03,308] [DEBUG] [TEST] Batch 7 | Pred shape: torch.Size([256, 256, 160]) | Label shape: torch.Size([256, 256, 160])
[2026-01-24 14:11:03,366] [DEBUG] [TEST] Batch 8 | Pred shape: torch.Size([256, 256, 160]) | Label shape: torch.Size([256, 256, 160])
[2026-01-24 14:11:03,463] [DEBUG] [TEST] Batch 9 | Pred shape: torch.Size([256, 256, 160]) | Label shape: torch.Size([256, 256, 160])
[2026-01-24 14:11:03,555] [DEBUG] [TEST] Batch 10 | Pred shape: torch.Size([256, 256, 160]) | Label shape: torch.Size([256, 256, 160])
[2026-01-24 14:11:08,294] [INFO] [EVALUATE] Dice WT: 0.9858
[2026-01-24 14:11:17,312] [INFO] [FIT] Received parameters. Starting local training...
[2026-01-24 14:11:20,026] [INFO] [DEBUG] Loaded uncompressed weights.
[2026-01-24 14:12:23,020] [INFO] Model initialized on device: cuda:0
[2026-01-24 14:12:23,020] [INFO] [CLIENT INIT] Mode=FEDAVG | Sparsity=OFF (UsedSparsity=0) | Clusters=OFF (UsedClusters=0) | EnvSparsityCfg={'Conv': 0.6, 'Linear': 0.6, 'Bias': 0.0, 'BatchNorm': 0.0} | EnvNClusters=3
[2026-01-24 14:12:23,153] [INFO] Model initialized on device: cuda:0
[2026-01-24 14:12:23,154] [INFO] [CLIENT INIT] Mode=FEDAVG | Sparsity=OFF (UsedSparsity=0) | Clusters=OFF (UsedClusters=0) | EnvSparsityCfg={'Conv': 0.6, 'Linear': 0.6, 'Bias': 0.0, 'BatchNorm': 0.0} | EnvNClusters=3
[2026-01-24 14:12:25,729] [INFO] Model initialized on device: cuda:0
[2026-01-24 14:12:25,729] [INFO] [CLIENT INIT] Mode=FEDAVG | Sparsity=OFF (UsedSparsity=0) | Clusters=OFF (UsedClusters=0) | EnvSparsityCfg={'Conv': 0.6, 'Linear': 0.6, 'Bias': 0.0, 'BatchNorm': 0.0} | EnvNClusters=3
[2026-01-24 14:12:25,884] [INFO] Model initialized on device: cuda:0
[2026-01-24 14:12:25,885] [INFO] [CLIENT INIT] Mode=FEDAVG | Sparsity=OFF (UsedSparsity=0) | Clusters=OFF (UsedClusters=0) | EnvSparsityCfg={'Conv': 0.6, 'Linear': 0.6, 'Bias': 0.0, 'BatchNorm': 0.0} | EnvNClusters=3
[2026-01-24 14:12:26,033] [INFO] Model initialized on device: cuda:0
[2026-01-24 14:12:26,033] [INFO] [CLIENT INIT] Mode=FEDAVG | Sparsity=OFF (UsedSparsity=0) | Clusters=OFF (UsedClusters=0) | EnvSparsityCfg={'Conv': 0.6, 'Linear': 0.6, 'Bias': 0.0, 'BatchNorm': 0.0} | EnvNClusters=3
[2026-01-24 14:12:26,242] [INFO] Model initialized on device: cuda:0
[2026-01-24 14:12:26,242] [INFO] [CLIENT INIT] Mode=FEDAVG | Sparsity=OFF (UsedSparsity=0) | Clusters=OFF (UsedClusters=0) | EnvSparsityCfg={'Conv': 0.6, 'Linear': 0.6, 'Bias': 0.0, 'BatchNorm': 0.0} | EnvNClusters=3
[2026-01-24 14:12:26,725] [INFO] Model initialized on device: cuda:0
[2026-01-24 14:12:26,725] [INFO] [CLIENT INIT] Mode=FEDAVG | Sparsity=OFF (UsedSparsity=0) | Clusters=OFF (UsedClusters=0) | EnvSparsityCfg={'Conv': 0.6, 'Linear': 0.6, 'Bias': 0.0, 'BatchNorm': 0.0} | EnvNClusters=3
[2026-01-24 14:12:27,312] [INFO] Model initialized on device: cuda:0
[2026-01-24 14:12:27,312] [INFO] [CLIENT INIT] Mode=FEDAVG | Sparsity=OFF (UsedSparsity=0) | Clusters=OFF (UsedClusters=0) | EnvSparsityCfg={'Conv': 0.6, 'Linear': 0.6, 'Bias': 0.0, 'BatchNorm': 0.0} | EnvNClusters=3
[2026-01-24 14:12:27,333] [INFO] Model initialized on device: cuda:0
[2026-01-24 14:12:27,333] [INFO] [CLIENT INIT] Mode=FEDAVG | Sparsity=OFF (UsedSparsity=0) | Clusters=OFF (UsedClusters=0) | EnvSparsityCfg={'Conv': 0.6, 'Linear': 0.6, 'Bias': 0.0, 'BatchNorm': 0.0} | EnvNClusters=3
[2026-01-24 14:12:27,442] [INFO] Model initialized on device: cuda:0
[2026-01-24 14:12:27,442] [INFO] [CLIENT INIT] Mode=FEDAVG | Sparsity=OFF (UsedSparsity=0) | Clusters=OFF (UsedClusters=0) | EnvSparsityCfg={'Conv': 0.6, 'Linear': 0.6, 'Bias': 0.0, 'BatchNorm': 0.0} | EnvNClusters=3
[2026-01-24 14:13:35,962] [INFO] [TRAIN] Epoch 1 Loss: 0.3193
[2026-01-24 14:14:32,851] [INFO] Model initialized on device: cuda:0
[2026-01-24 14:14:32,851] [INFO] [CLIENT INIT] Mode=FEDAVG | Sparsity=OFF (UsedSparsity=0) | Clusters=OFF (UsedClusters=0) | EnvSparsityCfg={'Conv': 0.6, 'Linear': 0.6, 'Bias': 0.0, 'BatchNorm': 0.0} | EnvNClusters=3
[2026-01-24 14:14:33,078] [INFO] Model initialized on device: cuda:0
[2026-01-24 14:14:33,078] [INFO] [CLIENT INIT] Mode=FEDAVG | Sparsity=OFF (UsedSparsity=0) | Clusters=OFF (UsedClusters=0) | EnvSparsityCfg={'Conv': 0.6, 'Linear': 0.6, 'Bias': 0.0, 'BatchNorm': 0.0} | EnvNClusters=3
[2026-01-24 14:14:33,148] [INFO] Model initialized on device: cuda:0
[2026-01-24 14:14:33,148] [INFO] [CLIENT INIT] Mode=FEDAVG | Sparsity=OFF (UsedSparsity=0) | Clusters=OFF (UsedClusters=0) | EnvSparsityCfg={'Conv': 0.6, 'Linear': 0.6, 'Bias': 0.0, 'BatchNorm': 0.0} | EnvNClusters=3
[2026-01-24 14:14:33,182] [INFO] Model initialized on device: cuda:0
[2026-01-24 14:14:33,182] [INFO] [CLIENT INIT] Mode=FEDAVG | Sparsity=OFF (UsedSparsity=0) | Clusters=OFF (UsedClusters=0) | EnvSparsityCfg={'Conv': 0.6, 'Linear': 0.6, 'Bias': 0.0, 'BatchNorm': 0.0} | EnvNClusters=3
[2026-01-24 14:14:33,309] [INFO] Model initialized on device: cuda:0
[2026-01-24 14:14:33,309] [INFO] [CLIENT INIT] Mode=FEDAVG | Sparsity=OFF (UsedSparsity=0) | Clusters=OFF (UsedClusters=0) | EnvSparsityCfg={'Conv': 0.6, 'Linear': 0.6, 'Bias': 0.0, 'BatchNorm': 0.0} | EnvNClusters=3
[2026-01-24 14:14:33,381] [INFO] Model initialized on device: cuda:0
[2026-01-24 14:14:33,381] [INFO] [CLIENT INIT] Mode=FEDAVG | Sparsity=OFF (UsedSparsity=0) | Clusters=OFF (UsedClusters=0) | EnvSparsityCfg={'Conv': 0.6, 'Linear': 0.6, 'Bias': 0.0, 'BatchNorm': 0.0} | EnvNClusters=3
[2026-01-24 14:14:34,640] [INFO] Model initialized on device: cuda:0
[2026-01-24 14:14:34,640] [INFO] [CLIENT INIT] Mode=FEDAVG | Sparsity=OFF (UsedSparsity=0) | Clusters=OFF (UsedClusters=0) | EnvSparsityCfg={'Conv': 0.6, 'Linear': 0.6, 'Bias': 0.0, 'BatchNorm': 0.0} | EnvNClusters=3
[2026-01-24 14:14:35,410] [INFO] Model initialized on device: cuda:0
[2026-01-24 14:14:35,410] [INFO] [CLIENT INIT] Mode=FEDAVG | Sparsity=OFF (UsedSparsity=0) | Clusters=OFF (UsedClusters=0) | EnvSparsityCfg={'Conv': 0.6, 'Linear': 0.6, 'Bias': 0.0, 'BatchNorm': 0.0} | EnvNClusters=3
[2026-01-24 14:14:36,617] [INFO] Model initialized on device: cuda:0
[2026-01-24 14:14:36,617] [INFO] [CLIENT INIT] Mode=FEDAVG | Sparsity=OFF (UsedSparsity=0) | Clusters=OFF (UsedClusters=0) | EnvSparsityCfg={'Conv': 0.6, 'Linear': 0.6, 'Bias': 0.0, 'BatchNorm': 0.0} | EnvNClusters=3
[2026-01-24 14:14:36,929] [INFO] Model initialized on device: cuda:0
[2026-01-24 14:14:36,929] [INFO] [CLIENT INIT] Mode=FEDAVG | Sparsity=OFF (UsedSparsity=0) | Clusters=OFF (UsedClusters=0) | EnvSparsityCfg={'Conv': 0.6, 'Linear': 0.6, 'Bias': 0.0, 'BatchNorm': 0.0} | EnvNClusters=3
[2026-01-24 14:15:41,017] [INFO] [TRAIN] Epoch 2 Loss: 0.3003
[2026-01-24 14:16:34,940] [INFO] Model initialized on device: cuda:0
[2026-01-24 14:16:34,940] [INFO] [CLIENT INIT] Mode=FEDAVG | Sparsity=OFF (UsedSparsity=0) | Clusters=OFF (UsedClusters=0) | EnvSparsityCfg={'Conv': 0.6, 'Linear': 0.6, 'Bias': 0.0, 'BatchNorm': 0.0} | EnvNClusters=3
[2026-01-24 14:16:35,205] [INFO] Model initialized on device: cuda:0
[2026-01-24 14:16:35,205] [INFO] [CLIENT INIT] Mode=FEDAVG | Sparsity=OFF (UsedSparsity=0) | Clusters=OFF (UsedClusters=0) | EnvSparsityCfg={'Conv': 0.6, 'Linear': 0.6, 'Bias': 0.0, 'BatchNorm': 0.0} | EnvNClusters=3
[2026-01-24 14:16:35,391] [INFO] Model initialized on device: cuda:0
[2026-01-24 14:16:35,392] [INFO] [CLIENT INIT] Mode=FEDAVG | Sparsity=OFF (UsedSparsity=0) | Clusters=OFF (UsedClusters=0) | EnvSparsityCfg={'Conv': 0.6, 'Linear': 0.6, 'Bias': 0.0, 'BatchNorm': 0.0} | EnvNClusters=3
[2026-01-24 14:16:35,392] [INFO] Model initialized on device: cuda:0
[2026-01-24 14:16:35,392] [INFO] [CLIENT INIT] Mode=FEDAVG | Sparsity=OFF (UsedSparsity=0) | Clusters=OFF (UsedClusters=0) | EnvSparsityCfg={'Conv': 0.6, 'Linear': 0.6, 'Bias': 0.0, 'BatchNorm': 0.0} | EnvNClusters=3
[2026-01-24 14:16:35,428] [INFO] Model initialized on device: cuda:0
[2026-01-24 14:16:35,428] [INFO] [CLIENT INIT] Mode=FEDAVG | Sparsity=OFF (UsedSparsity=0) | Clusters=OFF (UsedClusters=0) | EnvSparsityCfg={'Conv': 0.6, 'Linear': 0.6, 'Bias': 0.0, 'BatchNorm': 0.0} | EnvNClusters=3
[2026-01-24 14:16:35,448] [INFO] Model initialized on device: cuda:0
[2026-01-24 14:16:35,449] [INFO] [CLIENT INIT] Mode=FEDAVG | Sparsity=OFF (UsedSparsity=0) | Clusters=OFF (UsedClusters=0) | EnvSparsityCfg={'Conv': 0.6, 'Linear': 0.6, 'Bias': 0.0, 'BatchNorm': 0.0} | EnvNClusters=3
[2026-01-24 14:16:35,459] [INFO] Model initialized on device: cuda:0
[2026-01-24 14:16:35,459] [INFO] [CLIENT INIT] Mode=FEDAVG | Sparsity=OFF (UsedSparsity=0) | Clusters=OFF (UsedClusters=0) | EnvSparsityCfg={'Conv': 0.6, 'Linear': 0.6, 'Bias': 0.0, 'BatchNorm': 0.0} | EnvNClusters=3
[2026-01-24 14:16:35,470] [INFO] Model initialized on device: cuda:0
[2026-01-24 14:16:35,470] [INFO] [CLIENT INIT] Mode=FEDAVG | Sparsity=OFF (UsedSparsity=0) | Clusters=OFF (UsedClusters=0) | EnvSparsityCfg={'Conv': 0.6, 'Linear': 0.6, 'Bias': 0.0, 'BatchNorm': 0.0} | EnvNClusters=3
[2026-01-24 14:16:35,472] [INFO] Model initialized on device: cuda:0
[2026-01-24 14:16:35,473] [INFO] [CLIENT INIT] Mode=FEDAVG | Sparsity=OFF (UsedSparsity=0) | Clusters=OFF (UsedClusters=0) | EnvSparsityCfg={'Conv': 0.6, 'Linear': 0.6, 'Bias': 0.0, 'BatchNorm': 0.0} | EnvNClusters=3
[2026-01-24 14:16:36,833] [INFO] Model initialized on device: cuda:0
[2026-01-24 14:16:36,833] [INFO] [CLIENT INIT] Mode=FEDAVG | Sparsity=OFF (UsedSparsity=0) | Clusters=OFF (UsedClusters=0) | EnvSparsityCfg={'Conv': 0.6, 'Linear': 0.6, 'Bias': 0.0, 'BatchNorm': 0.0} | EnvNClusters=3
[2026-01-24 14:17:41,113] [INFO] [TRAIN] Epoch 3 Loss: 0.2851
[2026-01-24 14:18:35,081] [INFO] Model initialized on device: cuda:0
[2026-01-24 14:18:35,082] [INFO] [CLIENT INIT] Mode=FEDAVG | Sparsity=OFF (UsedSparsity=0) | Clusters=OFF (UsedClusters=0) | EnvSparsityCfg={'Conv': 0.6, 'Linear': 0.6, 'Bias': 0.0, 'BatchNorm': 0.0} | EnvNClusters=3
[2026-01-24 14:18:35,111] [INFO] Model initialized on device: cuda:0
[2026-01-24 14:18:35,111] [INFO] [CLIENT INIT] Mode=FEDAVG | Sparsity=OFF (UsedSparsity=0) | Clusters=OFF (UsedClusters=0) | EnvSparsityCfg={'Conv': 0.6, 'Linear': 0.6, 'Bias': 0.0, 'BatchNorm': 0.0} | EnvNClusters=3
[2026-01-24 14:18:35,118] [INFO] Model initialized on device: cuda:0
[2026-01-24 14:18:35,118] [INFO] [CLIENT INIT] Mode=FEDAVG | Sparsity=OFF (UsedSparsity=0) | Clusters=OFF (UsedClusters=0) | EnvSparsityCfg={'Conv': 0.6, 'Linear': 0.6, 'Bias': 0.0, 'BatchNorm': 0.0} | EnvNClusters=3
[2026-01-24 14:18:35,228] [INFO] Model initialized on device: cuda:0
[2026-01-24 14:18:35,229] [INFO] [CLIENT INIT] Mode=FEDAVG | Sparsity=OFF (UsedSparsity=0) | Clusters=OFF (UsedClusters=0) | EnvSparsityCfg={'Conv': 0.6, 'Linear': 0.6, 'Bias': 0.0, 'BatchNorm': 0.0} | EnvNClusters=3
[2026-01-24 14:18:35,331] [INFO] Model initialized on device: cuda:0
[2026-01-24 14:18:35,331] [INFO] [CLIENT INIT] Mode=FEDAVG | Sparsity=OFF (UsedSparsity=0) | Clusters=OFF (UsedClusters=0) | EnvSparsityCfg={'Conv': 0.6, 'Linear': 0.6, 'Bias': 0.0, 'BatchNorm': 0.0} | EnvNClusters=3
[2026-01-24 14:18:35,334] [INFO] Model initialized on device: cuda:0
[2026-01-24 14:18:35,335] [INFO] [CLIENT INIT] Mode=FEDAVG | Sparsity=OFF (UsedSparsity=0) | Clusters=OFF (UsedClusters=0) | EnvSparsityCfg={'Conv': 0.6, 'Linear': 0.6, 'Bias': 0.0, 'BatchNorm': 0.0} | EnvNClusters=3
[2026-01-24 14:18:35,368] [INFO] Model initialized on device: cuda:0
[2026-01-24 14:18:35,368] [INFO] [CLIENT INIT] Mode=FEDAVG | Sparsity=OFF (UsedSparsity=0) | Clusters=OFF (UsedClusters=0) | EnvSparsityCfg={'Conv': 0.6, 'Linear': 0.6, 'Bias': 0.0, 'BatchNorm': 0.0} | EnvNClusters=3
[2026-01-24 14:18:36,950] [INFO] Model initialized on device: cuda:0
[2026-01-24 14:18:36,951] [INFO] [CLIENT INIT] Mode=FEDAVG | Sparsity=OFF (UsedSparsity=0) | Clusters=OFF (UsedClusters=0) | EnvSparsityCfg={'Conv': 0.6, 'Linear': 0.6, 'Bias': 0.0, 'BatchNorm': 0.0} | EnvNClusters=3
[2026-01-24 14:18:38,723] [INFO] Model initialized on device: cuda:0
[2026-01-24 14:18:38,723] [INFO] [CLIENT INIT] Mode=FEDAVG | Sparsity=OFF (UsedSparsity=0) | Clusters=OFF (UsedClusters=0) | EnvSparsityCfg={'Conv': 0.6, 'Linear': 0.6, 'Bias': 0.0, 'BatchNorm': 0.0} | EnvNClusters=3
[2026-01-24 14:18:39,544] [INFO] Model initialized on device: cuda:0
[2026-01-24 14:18:39,544] [INFO] [CLIENT INIT] Mode=FEDAVG | Sparsity=OFF (UsedSparsity=0) | Clusters=OFF (UsedClusters=0) | EnvSparsityCfg={'Conv': 0.6, 'Linear': 0.6, 'Bias': 0.0, 'BatchNorm': 0.0} | EnvNClusters=3
[2026-01-24 14:19:40,415] [INFO] [TRAIN] Epoch 4 Loss: 0.2716
[2026-01-24 14:20:33,965] [INFO] Model initialized on device: cuda:0
[2026-01-24 14:20:33,965] [INFO] [CLIENT INIT] Mode=FEDAVG | Sparsity=OFF (UsedSparsity=0) | Clusters=OFF (UsedClusters=0) | EnvSparsityCfg={'Conv': 0.6, 'Linear': 0.6, 'Bias': 0.0, 'BatchNorm': 0.0} | EnvNClusters=3
[2026-01-24 14:20:33,967] [INFO] Model initialized on device: cuda:0
[2026-01-24 14:20:33,967] [INFO] [CLIENT INIT] Mode=FEDAVG | Sparsity=OFF (UsedSparsity=0) | Clusters=OFF (UsedClusters=0) | EnvSparsityCfg={'Conv': 0.6, 'Linear': 0.6, 'Bias': 0.0, 'BatchNorm': 0.0} | EnvNClusters=3
[2026-01-24 14:20:34,277] [INFO] Model initialized on device: cuda:0
[2026-01-24 14:20:34,277] [INFO] [CLIENT INIT] Mode=FEDAVG | Sparsity=OFF (UsedSparsity=0) | Clusters=OFF (UsedClusters=0) | EnvSparsityCfg={'Conv': 0.6, 'Linear': 0.6, 'Bias': 0.0, 'BatchNorm': 0.0} | EnvNClusters=3
[2026-01-24 14:20:34,957] [INFO] Model initialized on device: cuda:0
[2026-01-24 14:20:34,957] [INFO] [CLIENT INIT] Mode=FEDAVG | Sparsity=OFF (UsedSparsity=0) | Clusters=OFF (UsedClusters=0) | EnvSparsityCfg={'Conv': 0.6, 'Linear': 0.6, 'Bias': 0.0, 'BatchNorm': 0.0} | EnvNClusters=3
[2026-01-24 14:20:34,959] [INFO] Model initialized on device: cuda:0
[2026-01-24 14:20:34,960] [INFO] [CLIENT INIT] Mode=FEDAVG | Sparsity=OFF (UsedSparsity=0) | Clusters=OFF (UsedClusters=0) | EnvSparsityCfg={'Conv': 0.6, 'Linear': 0.6, 'Bias': 0.0, 'BatchNorm': 0.0} | EnvNClusters=3
[2026-01-24 14:20:35,056] [INFO] Model initialized on device: cuda:0
[2026-01-24 14:20:35,056] [INFO] [CLIENT INIT] Mode=FEDAVG | Sparsity=OFF (UsedSparsity=0) | Clusters=OFF (UsedClusters=0) | EnvSparsityCfg={'Conv': 0.6, 'Linear': 0.6, 'Bias': 0.0, 'BatchNorm': 0.0} | EnvNClusters=3
[2026-01-24 14:20:35,121] [INFO] Model initialized on device: cuda:0
[2026-01-24 14:20:35,121] [INFO] [CLIENT INIT] Mode=FEDAVG | Sparsity=OFF (UsedSparsity=0) | Clusters=OFF (UsedClusters=0) | EnvSparsityCfg={'Conv': 0.6, 'Linear': 0.6, 'Bias': 0.0, 'BatchNorm': 0.0} | EnvNClusters=3
[2026-01-24 14:20:35,129] [INFO] Model initialized on device: cuda:0
[2026-01-24 14:20:35,129] [INFO] [CLIENT INIT] Mode=FEDAVG | Sparsity=OFF (UsedSparsity=0) | Clusters=OFF (UsedClusters=0) | EnvSparsityCfg={'Conv': 0.6, 'Linear': 0.6, 'Bias': 0.0, 'BatchNorm': 0.0} | EnvNClusters=3
[2026-01-24 14:20:35,359] [INFO] Model initialized on device: cuda:0
[2026-01-24 14:20:35,359] [INFO] [CLIENT INIT] Mode=FEDAVG | Sparsity=OFF (UsedSparsity=0) | Clusters=OFF (UsedClusters=0) | EnvSparsityCfg={'Conv': 0.6, 'Linear': 0.6, 'Bias': 0.0, 'BatchNorm': 0.0} | EnvNClusters=3
[2026-01-24 14:20:36,960] [INFO] Model initialized on device: cuda:0
[2026-01-24 14:20:36,960] [INFO] [CLIENT INIT] Mode=FEDAVG | Sparsity=OFF (UsedSparsity=0) | Clusters=OFF (UsedClusters=0) | EnvSparsityCfg={'Conv': 0.6, 'Linear': 0.6, 'Bias': 0.0, 'BatchNorm': 0.0} | EnvNClusters=3
[2026-01-24 14:21:37,725] [INFO] [TRAIN] Epoch 5 Loss: 0.2578
[2026-01-24 14:21:37,731] [INFO] [FIT] Local training finished. Avg Loss: 0.2868
[2026-01-24 14:22:32,627] [INFO] Model initialized on device: cuda:0
[2026-01-24 14:22:32,627] [INFO] [CLIENT INIT] Mode=FEDAVG | Sparsity=OFF (UsedSparsity=0) | Clusters=OFF (UsedClusters=0) | EnvSparsityCfg={'Conv': 0.6, 'Linear': 0.6, 'Bias': 0.0, 'BatchNorm': 0.0} | EnvNClusters=3
[2026-01-24 14:22:32,769] [INFO] Model initialized on device: cuda:0
[2026-01-24 14:22:32,769] [INFO] [CLIENT INIT] Mode=FEDAVG | Sparsity=OFF (UsedSparsity=0) | Clusters=OFF (UsedClusters=0) | EnvSparsityCfg={'Conv': 0.6, 'Linear': 0.6, 'Bias': 0.0, 'BatchNorm': 0.0} | EnvNClusters=3
[2026-01-24 14:22:32,838] [INFO] Model initialized on device: cuda:0
[2026-01-24 14:22:32,839] [INFO] [CLIENT INIT] Mode=FEDAVG | Sparsity=OFF (UsedSparsity=0) | Clusters=OFF (UsedClusters=0) | EnvSparsityCfg={'Conv': 0.6, 'Linear': 0.6, 'Bias': 0.0, 'BatchNorm': 0.0} | EnvNClusters=3
[2026-01-24 14:22:33,113] [INFO] Model initialized on device: cuda:0
[2026-01-24 14:22:33,114] [INFO] [CLIENT INIT] Mode=FEDAVG | Sparsity=OFF (UsedSparsity=0) | Clusters=OFF (UsedClusters=0) | EnvSparsityCfg={'Conv': 0.6, 'Linear': 0.6, 'Bias': 0.0, 'BatchNorm': 0.0} | EnvNClusters=3
[2026-01-24 14:22:33,135] [INFO] Model initialized on device: cuda:0
[2026-01-24 14:22:33,135] [INFO] [CLIENT INIT] Mode=FEDAVG | Sparsity=OFF (UsedSparsity=0) | Clusters=OFF (UsedClusters=0) | EnvSparsityCfg={'Conv': 0.6, 'Linear': 0.6, 'Bias': 0.0, 'BatchNorm': 0.0} | EnvNClusters=3
[2026-01-24 14:22:33,252] [INFO] Model initialized on device: cuda:0
[2026-01-24 14:22:33,252] [INFO] [CLIENT INIT] Mode=FEDAVG | Sparsity=OFF (UsedSparsity=0) | Clusters=OFF (UsedClusters=0) | EnvSparsityCfg={'Conv': 0.6, 'Linear': 0.6, 'Bias': 0.0, 'BatchNorm': 0.0} | EnvNClusters=3
[2026-01-24 14:22:33,307] [INFO] Model initialized on device: cuda:0
[2026-01-24 14:22:33,307] [INFO] [CLIENT INIT] Mode=FEDAVG | Sparsity=OFF (UsedSparsity=0) | Clusters=OFF (UsedClusters=0) | EnvSparsityCfg={'Conv': 0.6, 'Linear': 0.6, 'Bias': 0.0, 'BatchNorm': 0.0} | EnvNClusters=3
[2026-01-24 14:22:33,444] [INFO] Model initialized on device: cuda:0
[2026-01-24 14:22:33,444] [INFO] [CLIENT INIT] Mode=FEDAVG | Sparsity=OFF (UsedSparsity=0) | Clusters=OFF (UsedClusters=0) | EnvSparsityCfg={'Conv': 0.6, 'Linear': 0.6, 'Bias': 0.0, 'BatchNorm': 0.0} | EnvNClusters=3
[2026-01-24 14:22:33,524] [INFO] Model initialized on device: cuda:0
[2026-01-24 14:22:33,525] [INFO] [CLIENT INIT] Mode=FEDAVG | Sparsity=OFF (UsedSparsity=0) | Clusters=OFF (UsedClusters=0) | EnvSparsityCfg={'Conv': 0.6, 'Linear': 0.6, 'Bias': 0.0, 'BatchNorm': 0.0} | EnvNClusters=3
[2026-01-24 14:22:33,536] [INFO] Model initialized on device: cuda:0
[2026-01-24 14:22:33,537] [INFO] [CLIENT INIT] Mode=FEDAVG | Sparsity=OFF (UsedSparsity=0) | Clusters=OFF (UsedClusters=0) | EnvSparsityCfg={'Conv': 0.6, 'Linear': 0.6, 'Bias': 0.0, 'BatchNorm': 0.0} | EnvNClusters=3
[2026-01-24 14:22:37,570] [DEBUG] [TEST] Batch 1 | Pred shape: torch.Size([256, 256, 160]) | Label shape: torch.Size([256, 256, 160])
[2026-01-24 14:22:38,350] [DEBUG] [TEST] Batch 2 | Pred shape: torch.Size([256, 256, 160]) | Label shape: torch.Size([256, 256, 160])
[2026-01-24 14:22:38,463] [DEBUG] [TEST] Batch 3 | Pred shape: torch.Size([256, 256, 160]) | Label shape: torch.Size([256, 256, 160])
[2026-01-24 14:22:38,579] [DEBUG] [TEST] Batch 4 | Pred shape: torch.Size([256, 256, 160]) | Label shape: torch.Size([256, 256, 160])
[2026-01-24 14:22:38,707] [DEBUG] [TEST] Batch 5 | Pred shape: torch.Size([256, 256, 160]) | Label shape: torch.Size([256, 256, 160])
[2026-01-24 14:22:38,834] [DEBUG] [TEST] Batch 6 | Pred shape: torch.Size([256, 256, 160]) | Label shape: torch.Size([256, 256, 160])
[2026-01-24 14:22:38,960] [DEBUG] [TEST] Batch 7 | Pred shape: torch.Size([256, 256, 160]) | Label shape: torch.Size([256, 256, 160])
[2026-01-24 14:22:39,094] [DEBUG] [TEST] Batch 8 | Pred shape: torch.Size([256, 256, 160]) | Label shape: torch.Size([256, 256, 160])
[2026-01-24 14:22:39,167] [DEBUG] [TEST] Batch 9 | Pred shape: torch.Size([256, 256, 160]) | Label shape: torch.Size([256, 256, 160])
[2026-01-24 14:22:39,288] [DEBUG] [TEST] Batch 10 | Pred shape: torch.Size([256, 256, 160]) | Label shape: torch.Size([256, 256, 160])
[2026-01-24 14:22:45,872] [INFO] [FIT] Final model saved to: Revision2/Run_UNET_IID_Fedavg_20260124/Client4/model_final.pth
[2026-01-24 14:22:45,897] [INFO] [COMM][CLIENT] Round=-1 Mode=FEDAVG UsedSparsity=0 UsedClusters=0 BaselineBits=154016352.0 CompressedBits=154016352.0 CR=1.000
[2026-01-24 14:23:14,014] [INFO] [EVALUATE] Starting evaluation...
[2026-01-24 14:23:15,715] [INFO] [DEBUG] Loaded uncompressed weights.
[2026-01-24 14:24:21,205] [INFO] Model initialized on device: cuda:0
[2026-01-24 14:24:21,206] [INFO] [CLIENT INIT] Mode=FEDAVG | Sparsity=OFF (UsedSparsity=0) | Clusters=OFF (UsedClusters=0) | EnvSparsityCfg={'Conv': 0.6, 'Linear': 0.6, 'Bias': 0.0, 'BatchNorm': 0.0} | EnvNClusters=3
[2026-01-24 14:24:21,690] [INFO] Model initialized on device: cuda:0
[2026-01-24 14:24:21,690] [INFO] [CLIENT INIT] Mode=FEDAVG | Sparsity=OFF (UsedSparsity=0) | Clusters=OFF (UsedClusters=0) | EnvSparsityCfg={'Conv': 0.6, 'Linear': 0.6, 'Bias': 0.0, 'BatchNorm': 0.0} | EnvNClusters=3
[2026-01-24 14:24:23,151] [INFO] Model initialized on device: cuda:0
[2026-01-24 14:24:23,151] [INFO] [CLIENT INIT] Mode=FEDAVG | Sparsity=OFF (UsedSparsity=0) | Clusters=OFF (UsedClusters=0) | EnvSparsityCfg={'Conv': 0.6, 'Linear': 0.6, 'Bias': 0.0, 'BatchNorm': 0.0} | EnvNClusters=3
[2026-01-24 14:24:23,559] [INFO] Model initialized on device: cuda:0
[2026-01-24 14:24:23,559] [INFO] [CLIENT INIT] Mode=FEDAVG | Sparsity=OFF (UsedSparsity=0) | Clusters=OFF (UsedClusters=0) | EnvSparsityCfg={'Conv': 0.6, 'Linear': 0.6, 'Bias': 0.0, 'BatchNorm': 0.0} | EnvNClusters=3
[2026-01-24 14:24:23,692] [INFO] Model initialized on device: cuda:0
[2026-01-24 14:24:23,692] [INFO] [CLIENT INIT] Mode=FEDAVG | Sparsity=OFF (UsedSparsity=0) | Clusters=OFF (UsedClusters=0) | EnvSparsityCfg={'Conv': 0.6, 'Linear': 0.6, 'Bias': 0.0, 'BatchNorm': 0.0} | EnvNClusters=3
[2026-01-24 14:24:24,512] [INFO] Model initialized on device: cuda:0
[2026-01-24 14:24:24,512] [INFO] [CLIENT INIT] Mode=FEDAVG | Sparsity=OFF (UsedSparsity=0) | Clusters=OFF (UsedClusters=0) | EnvSparsityCfg={'Conv': 0.6, 'Linear': 0.6, 'Bias': 0.0, 'BatchNorm': 0.0} | EnvNClusters=3
[2026-01-24 14:24:24,710] [INFO] Model initialized on device: cuda:0
[2026-01-24 14:24:24,710] [INFO] [CLIENT INIT] Mode=FEDAVG | Sparsity=OFF (UsedSparsity=0) | Clusters=OFF (UsedClusters=0) | EnvSparsityCfg={'Conv': 0.6, 'Linear': 0.6, 'Bias': 0.0, 'BatchNorm': 0.0} | EnvNClusters=3
[2026-01-24 14:24:24,711] [INFO] Model initialized on device: cuda:0
[2026-01-24 14:24:24,711] [INFO] [CLIENT INIT] Mode=FEDAVG | Sparsity=OFF (UsedSparsity=0) | Clusters=OFF (UsedClusters=0) | EnvSparsityCfg={'Conv': 0.6, 'Linear': 0.6, 'Bias': 0.0, 'BatchNorm': 0.0} | EnvNClusters=3
[2026-01-24 14:24:24,717] [INFO] Model initialized on device: cuda:0
[2026-01-24 14:24:24,717] [INFO] [CLIENT INIT] Mode=FEDAVG | Sparsity=OFF (UsedSparsity=0) | Clusters=OFF (UsedClusters=0) | EnvSparsityCfg={'Conv': 0.6, 'Linear': 0.6, 'Bias': 0.0, 'BatchNorm': 0.0} | EnvNClusters=3
[2026-01-24 14:24:24,808] [INFO] Model initialized on device: cuda:0
[2026-01-24 14:24:24,808] [INFO] [CLIENT INIT] Mode=FEDAVG | Sparsity=OFF (UsedSparsity=0) | Clusters=OFF (UsedClusters=0) | EnvSparsityCfg={'Conv': 0.6, 'Linear': 0.6, 'Bias': 0.0, 'BatchNorm': 0.0} | EnvNClusters=3
[2026-01-24 14:24:28,217] [DEBUG] [TEST] Batch 1 | Pred shape: torch.Size([256, 256, 160]) | Label shape: torch.Size([256, 256, 160])
[2026-01-24 14:24:30,647] [DEBUG] [TEST] Batch 2 | Pred shape: torch.Size([256, 256, 160]) | Label shape: torch.Size([256, 256, 160])
[2026-01-24 14:24:30,817] [DEBUG] [TEST] Batch 3 | Pred shape: torch.Size([256, 256, 160]) | Label shape: torch.Size([256, 256, 160])
[2026-01-24 14:24:30,934] [DEBUG] [TEST] Batch 4 | Pred shape: torch.Size([256, 256, 160]) | Label shape: torch.Size([256, 256, 160])
[2026-01-24 14:24:31,150] [DEBUG] [TEST] Batch 5 | Pred shape: torch.Size([256, 256, 160]) | Label shape: torch.Size([256, 256, 160])
[2026-01-24 14:24:31,384] [DEBUG] [TEST] Batch 6 | Pred shape: torch.Size([256, 256, 160]) | Label shape: torch.Size([256, 256, 160])
[2026-01-24 14:24:31,628] [DEBUG] [TEST] Batch 7 | Pred shape: torch.Size([256, 256, 160]) | Label shape: torch.Size([256, 256, 160])
[2026-01-24 14:24:31,869] [DEBUG] [TEST] Batch 8 | Pred shape: torch.Size([256, 256, 160]) | Label shape: torch.Size([256, 256, 160])
[2026-01-24 14:24:32,109] [DEBUG] [TEST] Batch 9 | Pred shape: torch.Size([256, 256, 160]) | Label shape: torch.Size([256, 256, 160])
[2026-01-24 14:24:32,345] [DEBUG] [TEST] Batch 10 | Pred shape: torch.Size([256, 256, 160]) | Label shape: torch.Size([256, 256, 160])
[2026-01-24 14:24:39,949] [INFO] [EVALUATE] Dice WT: 1.0000
[2026-01-24 14:24:41,318] [INFO] [FIT] Received parameters. Starting local training...
[2026-01-24 14:24:43,807] [INFO] [DEBUG] Loaded uncompressed weights.
[2026-01-24 14:25:49,686] [INFO] Model initialized on device: cuda:0
[2026-01-24 14:25:49,686] [INFO] [CLIENT INIT] Mode=FEDAVG | Sparsity=OFF (UsedSparsity=0) | Clusters=OFF (UsedClusters=0) | EnvSparsityCfg={'Conv': 0.6, 'Linear': 0.6, 'Bias': 0.0, 'BatchNorm': 0.0} | EnvNClusters=3
[2026-01-24 14:25:52,354] [INFO] Model initialized on device: cuda:0
[2026-01-24 14:25:52,355] [INFO] [CLIENT INIT] Mode=FEDAVG | Sparsity=OFF (UsedSparsity=0) | Clusters=OFF (UsedClusters=0) | EnvSparsityCfg={'Conv': 0.6, 'Linear': 0.6, 'Bias': 0.0, 'BatchNorm': 0.0} | EnvNClusters=3
[2026-01-24 14:25:52,814] [INFO] Model initialized on device: cuda:0
[2026-01-24 14:25:52,814] [INFO] [CLIENT INIT] Mode=FEDAVG | Sparsity=OFF (UsedSparsity=0) | Clusters=OFF (UsedClusters=0) | EnvSparsityCfg={'Conv': 0.6, 'Linear': 0.6, 'Bias': 0.0, 'BatchNorm': 0.0} | EnvNClusters=3
[2026-01-24 14:25:53,520] [INFO] Model initialized on device: cuda:0
[2026-01-24 14:25:53,520] [INFO] [CLIENT INIT] Mode=FEDAVG | Sparsity=OFF (UsedSparsity=0) | Clusters=OFF (UsedClusters=0) | EnvSparsityCfg={'Conv': 0.6, 'Linear': 0.6, 'Bias': 0.0, 'BatchNorm': 0.0} | EnvNClusters=3
[2026-01-24 14:25:53,831] [INFO] Model initialized on device: cuda:0
[2026-01-24 14:25:53,831] [INFO] [CLIENT INIT] Mode=FEDAVG | Sparsity=OFF (UsedSparsity=0) | Clusters=OFF (UsedClusters=0) | EnvSparsityCfg={'Conv': 0.6, 'Linear': 0.6, 'Bias': 0.0, 'BatchNorm': 0.0} | EnvNClusters=3
[2026-01-24 14:25:53,919] [INFO] Model initialized on device: cuda:0
[2026-01-24 14:25:53,920] [INFO] [CLIENT INIT] Mode=FEDAVG | Sparsity=OFF (UsedSparsity=0) | Clusters=OFF (UsedClusters=0) | EnvSparsityCfg={'Conv': 0.6, 'Linear': 0.6, 'Bias': 0.0, 'BatchNorm': 0.0} | EnvNClusters=3
[2026-01-24 14:25:53,920] [INFO] Model initialized on device: cuda:0
[2026-01-24 14:25:53,920] [INFO] [CLIENT INIT] Mode=FEDAVG | Sparsity=OFF (UsedSparsity=0) | Clusters=OFF (UsedClusters=0) | EnvSparsityCfg={'Conv': 0.6, 'Linear': 0.6, 'Bias': 0.0, 'BatchNorm': 0.0} | EnvNClusters=3
[2026-01-24 14:25:53,939] [INFO] Model initialized on device: cuda:0
[2026-01-24 14:25:53,940] [INFO] [CLIENT INIT] Mode=FEDAVG | Sparsity=OFF (UsedSparsity=0) | Clusters=OFF (UsedClusters=0) | EnvSparsityCfg={'Conv': 0.6, 'Linear': 0.6, 'Bias': 0.0, 'BatchNorm': 0.0} | EnvNClusters=3
[2026-01-24 14:25:54,011] [INFO] Model initialized on device: cuda:0
[2026-01-24 14:25:54,011] [INFO] [CLIENT INIT] Mode=FEDAVG | Sparsity=OFF (UsedSparsity=0) | Clusters=OFF (UsedClusters=0) | EnvSparsityCfg={'Conv': 0.6, 'Linear': 0.6, 'Bias': 0.0, 'BatchNorm': 0.0} | EnvNClusters=3
[2026-01-24 14:25:54,013] [INFO] Model initialized on device: cuda:0
[2026-01-24 14:25:54,013] [INFO] [CLIENT INIT] Mode=FEDAVG | Sparsity=OFF (UsedSparsity=0) | Clusters=OFF (UsedClusters=0) | EnvSparsityCfg={'Conv': 0.6, 'Linear': 0.6, 'Bias': 0.0, 'BatchNorm': 0.0} | EnvNClusters=3
[2026-01-24 14:27:07,633] [INFO] [TRAIN] Epoch 1 Loss: 0.2542
[2026-01-24 14:28:16,942] [INFO] Model initialized on device: cuda:0
[2026-01-24 14:28:16,942] [INFO] [CLIENT INIT] Mode=FEDAVG | Sparsity=OFF (UsedSparsity=0) | Clusters=OFF (UsedClusters=0) | EnvSparsityCfg={'Conv': 0.6, 'Linear': 0.6, 'Bias': 0.0, 'BatchNorm': 0.0} | EnvNClusters=3
[2026-01-24 14:28:17,232] [INFO] Model initialized on device: cuda:0
[2026-01-24 14:28:17,232] [INFO] [CLIENT INIT] Mode=FEDAVG | Sparsity=OFF (UsedSparsity=0) | Clusters=OFF (UsedClusters=0) | EnvSparsityCfg={'Conv': 0.6, 'Linear': 0.6, 'Bias': 0.0, 'BatchNorm': 0.0} | EnvNClusters=3
[2026-01-24 14:28:17,236] [INFO] Model initialized on device: cuda:0
[2026-01-24 14:28:17,236] [INFO] [CLIENT INIT] Mode=FEDAVG | Sparsity=OFF (UsedSparsity=0) | Clusters=OFF (UsedClusters=0) | EnvSparsityCfg={'Conv': 0.6, 'Linear': 0.6, 'Bias': 0.0, 'BatchNorm': 0.0} | EnvNClusters=3
[2026-01-24 14:28:17,309] [INFO] Model initialized on device: cuda:0
[2026-01-24 14:28:17,309] [INFO] [CLIENT INIT] Mode=FEDAVG | Sparsity=OFF (UsedSparsity=0) | Clusters=OFF (UsedClusters=0) | EnvSparsityCfg={'Conv': 0.6, 'Linear': 0.6, 'Bias': 0.0, 'BatchNorm': 0.0} | EnvNClusters=3
[2026-01-24 14:28:17,333] [INFO] Model initialized on device: cuda:0
[2026-01-24 14:28:17,333] [INFO] [CLIENT INIT] Mode=FEDAVG | Sparsity=OFF (UsedSparsity=0) | Clusters=OFF (UsedClusters=0) | EnvSparsityCfg={'Conv': 0.6, 'Linear': 0.6, 'Bias': 0.0, 'BatchNorm': 0.0} | EnvNClusters=3
[2026-01-24 14:28:17,336] [INFO] Model initialized on device: cuda:0
[2026-01-24 14:28:17,336] [INFO] [CLIENT INIT] Mode=FEDAVG | Sparsity=OFF (UsedSparsity=0) | Clusters=OFF (UsedClusters=0) | EnvSparsityCfg={'Conv': 0.6, 'Linear': 0.6, 'Bias': 0.0, 'BatchNorm': 0.0} | EnvNClusters=3
[2026-01-24 14:28:17,338] [INFO] Model initialized on device: cuda:0
[2026-01-24 14:28:17,338] [INFO] [CLIENT INIT] Mode=FEDAVG | Sparsity=OFF (UsedSparsity=0) | Clusters=OFF (UsedClusters=0) | EnvSparsityCfg={'Conv': 0.6, 'Linear': 0.6, 'Bias': 0.0, 'BatchNorm': 0.0} | EnvNClusters=3
[2026-01-24 14:28:17,411] [INFO] Model initialized on device: cuda:0
[2026-01-24 14:28:17,411] [INFO] [CLIENT INIT] Mode=FEDAVG | Sparsity=OFF (UsedSparsity=0) | Clusters=OFF (UsedClusters=0) | EnvSparsityCfg={'Conv': 0.6, 'Linear': 0.6, 'Bias': 0.0, 'BatchNorm': 0.0} | EnvNClusters=3
[2026-01-24 14:28:17,418] [INFO] Model initialized on device: cuda:0
[2026-01-24 14:28:17,419] [INFO] [CLIENT INIT] Mode=FEDAVG | Sparsity=OFF (UsedSparsity=0) | Clusters=OFF (UsedClusters=0) | EnvSparsityCfg={'Conv': 0.6, 'Linear': 0.6, 'Bias': 0.0, 'BatchNorm': 0.0} | EnvNClusters=3
[2026-01-24 14:28:17,419] [INFO] Model initialized on device: cuda:0
[2026-01-24 14:28:17,420] [INFO] [CLIENT INIT] Mode=FEDAVG | Sparsity=OFF (UsedSparsity=0) | Clusters=OFF (UsedClusters=0) | EnvSparsityCfg={'Conv': 0.6, 'Linear': 0.6, 'Bias': 0.0, 'BatchNorm': 0.0} | EnvNClusters=3
[2026-01-24 14:29:30,755] [INFO] [TRAIN] Epoch 2 Loss: 0.2390
[2026-01-24 14:30:36,614] [INFO] Model initialized on device: cuda:0
[2026-01-24 14:30:36,614] [INFO] [CLIENT INIT] Mode=FEDAVG | Sparsity=OFF (UsedSparsity=0) | Clusters=OFF (UsedClusters=0) | EnvSparsityCfg={'Conv': 0.6, 'Linear': 0.6, 'Bias': 0.0, 'BatchNorm': 0.0} | EnvNClusters=3
[2026-01-24 14:30:38,720] [INFO] Model initialized on device: cuda:0
[2026-01-24 14:30:38,720] [INFO] [CLIENT INIT] Mode=FEDAVG | Sparsity=OFF (UsedSparsity=0) | Clusters=OFF (UsedClusters=0) | EnvSparsityCfg={'Conv': 0.6, 'Linear': 0.6, 'Bias': 0.0, 'BatchNorm': 0.0} | EnvNClusters=3
[2026-01-24 14:30:38,917] [INFO] Model initialized on device: cuda:0
[2026-01-24 14:30:38,917] [INFO] [CLIENT INIT] Mode=FEDAVG | Sparsity=OFF (UsedSparsity=0) | Clusters=OFF (UsedClusters=0) | EnvSparsityCfg={'Conv': 0.6, 'Linear': 0.6, 'Bias': 0.0, 'BatchNorm': 0.0} | EnvNClusters=3
[2026-01-24 14:30:38,947] [INFO] Model initialized on device: cuda:0
[2026-01-24 14:30:38,947] [INFO] [CLIENT INIT] Mode=FEDAVG | Sparsity=OFF (UsedSparsity=0) | Clusters=OFF (UsedClusters=0) | EnvSparsityCfg={'Conv': 0.6, 'Linear': 0.6, 'Bias': 0.0, 'BatchNorm': 0.0} | EnvNClusters=3
[2026-01-24 14:30:39,130] [INFO] Model initialized on device: cuda:0
[2026-01-24 14:30:39,130] [INFO] [CLIENT INIT] Mode=FEDAVG | Sparsity=OFF (UsedSparsity=0) | Clusters=OFF (UsedClusters=0) | EnvSparsityCfg={'Conv': 0.6, 'Linear': 0.6, 'Bias': 0.0, 'BatchNorm': 0.0} | EnvNClusters=3
[2026-01-24 14:30:39,621] [INFO] Model initialized on device: cuda:0
[2026-01-24 14:30:39,621] [INFO] [CLIENT INIT] Mode=FEDAVG | Sparsity=OFF (UsedSparsity=0) | Clusters=OFF (UsedClusters=0) | EnvSparsityCfg={'Conv': 0.6, 'Linear': 0.6, 'Bias': 0.0, 'BatchNorm': 0.0} | EnvNClusters=3
[2026-01-24 14:30:39,630] [INFO] Model initialized on device: cuda:0
[2026-01-24 14:30:39,630] [INFO] [CLIENT INIT] Mode=FEDAVG | Sparsity=OFF (UsedSparsity=0) | Clusters=OFF (UsedClusters=0) | EnvSparsityCfg={'Conv': 0.6, 'Linear': 0.6, 'Bias': 0.0, 'BatchNorm': 0.0} | EnvNClusters=3
[2026-01-24 14:30:40,024] [INFO] Model initialized on device: cuda:0
[2026-01-24 14:30:40,024] [INFO] [CLIENT INIT] Mode=FEDAVG | Sparsity=OFF (UsedSparsity=0) | Clusters=OFF (UsedClusters=0) | EnvSparsityCfg={'Conv': 0.6, 'Linear': 0.6, 'Bias': 0.0, 'BatchNorm': 0.0} | EnvNClusters=3
[2026-01-24 14:30:40,126] [INFO] Model initialized on device: cuda:0
[2026-01-24 14:30:40,126] [INFO] Model initialized on device: cuda:0
[2026-01-24 14:30:40,126] [INFO] [CLIENT INIT] Mode=FEDAVG | Sparsity=OFF (UsedSparsity=0) | Clusters=OFF (UsedClusters=0) | EnvSparsityCfg={'Conv': 0.6, 'Linear': 0.6, 'Bias': 0.0, 'BatchNorm': 0.0} | EnvNClusters=3
[2026-01-24 14:30:40,126] [INFO] [CLIENT INIT] Mode=FEDAVG | Sparsity=OFF (UsedSparsity=0) | Clusters=OFF (UsedClusters=0) | EnvSparsityCfg={'Conv': 0.6, 'Linear': 0.6, 'Bias': 0.0, 'BatchNorm': 0.0} | EnvNClusters=3
[2026-01-24 14:31:42,815] [INFO] [TRAIN] Epoch 3 Loss: 0.2251
[2026-01-24 14:32:44,150] [INFO] Model initialized on device: cuda:0
[2026-01-24 14:32:44,150] [INFO] [CLIENT INIT] Mode=FEDAVG | Sparsity=OFF (UsedSparsity=0) | Clusters=OFF (UsedClusters=0) | EnvSparsityCfg={'Conv': 0.6, 'Linear': 0.6, 'Bias': 0.0, 'BatchNorm': 0.0} | EnvNClusters=3
[2026-01-24 14:32:44,521] [INFO] Model initialized on device: cuda:0
[2026-01-24 14:32:44,521] [INFO] [CLIENT INIT] Mode=FEDAVG | Sparsity=OFF (UsedSparsity=0) | Clusters=OFF (UsedClusters=0) | EnvSparsityCfg={'Conv': 0.6, 'Linear': 0.6, 'Bias': 0.0, 'BatchNorm': 0.0} | EnvNClusters=3
[2026-01-24 14:32:44,908] [INFO] Model initialized on device: cuda:0
[2026-01-24 14:32:44,908] [INFO] [CLIENT INIT] Mode=FEDAVG | Sparsity=OFF (UsedSparsity=0) | Clusters=OFF (UsedClusters=0) | EnvSparsityCfg={'Conv': 0.6, 'Linear': 0.6, 'Bias': 0.0, 'BatchNorm': 0.0} | EnvNClusters=3
[2026-01-24 14:32:45,221] [INFO] Model initialized on device: cuda:0
[2026-01-24 14:32:45,222] [INFO] [CLIENT INIT] Mode=FEDAVG | Sparsity=OFF (UsedSparsity=0) | Clusters=OFF (UsedClusters=0) | EnvSparsityCfg={'Conv': 0.6, 'Linear': 0.6, 'Bias': 0.0, 'BatchNorm': 0.0} | EnvNClusters=3
[2026-01-24 14:32:45,315] [INFO] Model initialized on device: cuda:0
[2026-01-24 14:32:45,315] [INFO] [CLIENT INIT] Mode=FEDAVG | Sparsity=OFF (UsedSparsity=0) | Clusters=OFF (UsedClusters=0) | EnvSparsityCfg={'Conv': 0.6, 'Linear': 0.6, 'Bias': 0.0, 'BatchNorm': 0.0} | EnvNClusters=3
[2026-01-24 14:32:45,412] [INFO] Model initialized on device: cuda:0
[2026-01-24 14:32:45,412] [INFO] [CLIENT INIT] Mode=FEDAVG | Sparsity=OFF (UsedSparsity=0) | Clusters=OFF (UsedClusters=0) | EnvSparsityCfg={'Conv': 0.6, 'Linear': 0.6, 'Bias': 0.0, 'BatchNorm': 0.0} | EnvNClusters=3
[2026-01-24 14:32:45,509] [INFO] Model initialized on device: cuda:0
[2026-01-24 14:32:45,509] [INFO] [CLIENT INIT] Mode=FEDAVG | Sparsity=OFF (UsedSparsity=0) | Clusters=OFF (UsedClusters=0) | EnvSparsityCfg={'Conv': 0.6, 'Linear': 0.6, 'Bias': 0.0, 'BatchNorm': 0.0} | EnvNClusters=3
[2026-01-24 14:32:45,809] [INFO] Model initialized on device: cuda:0
[2026-01-24 14:32:45,809] [INFO] [CLIENT INIT] Mode=FEDAVG | Sparsity=OFF (UsedSparsity=0) | Clusters=OFF (UsedClusters=0) | EnvSparsityCfg={'Conv': 0.6, 'Linear': 0.6, 'Bias': 0.0, 'BatchNorm': 0.0} | EnvNClusters=3
[2026-01-24 14:32:45,922] [INFO] Model initialized on device: cuda:0
[2026-01-24 14:32:45,922] [INFO] [CLIENT INIT] Mode=FEDAVG | Sparsity=OFF (UsedSparsity=0) | Clusters=OFF (UsedClusters=0) | EnvSparsityCfg={'Conv': 0.6, 'Linear': 0.6, 'Bias': 0.0, 'BatchNorm': 0.0} | EnvNClusters=3
[2026-01-24 14:32:45,926] [INFO] Model initialized on device: cuda:0
[2026-01-24 14:32:45,926] [INFO] [CLIENT INIT] Mode=FEDAVG | Sparsity=OFF (UsedSparsity=0) | Clusters=OFF (UsedClusters=0) | EnvSparsityCfg={'Conv': 0.6, 'Linear': 0.6, 'Bias': 0.0, 'BatchNorm': 0.0} | EnvNClusters=3
[2026-01-24 14:33:50,439] [INFO] [TRAIN] Epoch 4 Loss: 0.2176
[2026-01-24 14:34:30,332] [INFO] Model initialized on device: cuda:0
[2026-01-24 14:34:30,332] [INFO] [CLIENT INIT] Mode=FEDAVG | Sparsity=OFF (UsedSparsity=0) | Clusters=OFF (UsedClusters=0) | EnvSparsityCfg={'Conv': 0.6, 'Linear': 0.6, 'Bias': 0.0, 'BatchNorm': 0.0} | EnvNClusters=3
[2026-01-24 14:34:32,530] [INFO] Model initialized on device: cuda:0
[2026-01-24 14:34:32,530] [INFO] [CLIENT INIT] Mode=FEDAVG | Sparsity=OFF (UsedSparsity=0) | Clusters=OFF (UsedClusters=0) | EnvSparsityCfg={'Conv': 0.6, 'Linear': 0.6, 'Bias': 0.0, 'BatchNorm': 0.0} | EnvNClusters=3
[2026-01-24 14:34:37,949] [INFO] Model initialized on device: cuda:0
[2026-01-24 14:34:37,949] [INFO] [CLIENT INIT] Mode=FEDAVG | Sparsity=OFF (UsedSparsity=0) | Clusters=OFF (UsedClusters=0) | EnvSparsityCfg={'Conv': 0.6, 'Linear': 0.6, 'Bias': 0.0, 'BatchNorm': 0.0} | EnvNClusters=3
[2026-01-24 14:34:38,136] [INFO] Model initialized on device: cuda:0
[2026-01-24 14:34:38,136] [INFO] [CLIENT INIT] Mode=FEDAVG | Sparsity=OFF (UsedSparsity=0) | Clusters=OFF (UsedClusters=0) | EnvSparsityCfg={'Conv': 0.6, 'Linear': 0.6, 'Bias': 0.0, 'BatchNorm': 0.0} | EnvNClusters=3
[2026-01-24 14:34:38,147] [INFO] Model initialized on device: cuda:0
[2026-01-24 14:34:38,147] [INFO] [CLIENT INIT] Mode=FEDAVG | Sparsity=OFF (UsedSparsity=0) | Clusters=OFF (UsedClusters=0) | EnvSparsityCfg={'Conv': 0.6, 'Linear': 0.6, 'Bias': 0.0, 'BatchNorm': 0.0} | EnvNClusters=3
[2026-01-24 14:34:38,147] [INFO] Model initialized on device: cuda:0
[2026-01-24 14:34:38,147] [INFO] [CLIENT INIT] Mode=FEDAVG | Sparsity=OFF (UsedSparsity=0) | Clusters=OFF (UsedClusters=0) | EnvSparsityCfg={'Conv': 0.6, 'Linear': 0.6, 'Bias': 0.0, 'BatchNorm': 0.0} | EnvNClusters=3
[2026-01-24 14:34:39,016] [INFO] Model initialized on device: cuda:0
[2026-01-24 14:34:39,016] [INFO] [CLIENT INIT] Mode=FEDAVG | Sparsity=OFF (UsedSparsity=0) | Clusters=OFF (UsedClusters=0) | EnvSparsityCfg={'Conv': 0.6, 'Linear': 0.6, 'Bias': 0.0, 'BatchNorm': 0.0} | EnvNClusters=3
[2026-01-24 14:34:39,615] [INFO] Model initialized on device: cuda:0
[2026-01-24 14:34:39,615] [INFO] [CLIENT INIT] Mode=FEDAVG | Sparsity=OFF (UsedSparsity=0) | Clusters=OFF (UsedClusters=0) | EnvSparsityCfg={'Conv': 0.6, 'Linear': 0.6, 'Bias': 0.0, 'BatchNorm': 0.0} | EnvNClusters=3
[2026-01-24 14:34:39,633] [INFO] Model initialized on device: cuda:0
[2026-01-24 14:34:39,634] [INFO] [CLIENT INIT] Mode=FEDAVG | Sparsity=OFF (UsedSparsity=0) | Clusters=OFF (UsedClusters=0) | EnvSparsityCfg={'Conv': 0.6, 'Linear': 0.6, 'Bias': 0.0, 'BatchNorm': 0.0} | EnvNClusters=3
[2026-01-24 14:34:40,814] [INFO] Model initialized on device: cuda:0
[2026-01-24 14:34:40,815] [INFO] [CLIENT INIT] Mode=FEDAVG | Sparsity=OFF (UsedSparsity=0) | Clusters=OFF (UsedClusters=0) | EnvSparsityCfg={'Conv': 0.6, 'Linear': 0.6, 'Bias': 0.0, 'BatchNorm': 0.0} | EnvNClusters=3
[2026-01-24 14:35:41,771] [INFO] [TRAIN] Epoch 5 Loss: 0.2080
[2026-01-24 14:35:41,772] [INFO] [FIT] Local training finished. Avg Loss: 0.2288
[2026-01-24 14:36:10,846] [INFO] Model initialized on device: cuda:0
[2026-01-24 14:36:10,846] [INFO] [CLIENT INIT] Mode=FEDAVG | Sparsity=OFF (UsedSparsity=0) | Clusters=OFF (UsedClusters=0) | EnvSparsityCfg={'Conv': 0.6, 'Linear': 0.6, 'Bias': 0.0, 'BatchNorm': 0.0} | EnvNClusters=3
[2026-01-24 14:36:13,708] [INFO] Model initialized on device: cuda:0
[2026-01-24 14:36:13,708] [INFO] [CLIENT INIT] Mode=FEDAVG | Sparsity=OFF (UsedSparsity=0) | Clusters=OFF (UsedClusters=0) | EnvSparsityCfg={'Conv': 0.6, 'Linear': 0.6, 'Bias': 0.0, 'BatchNorm': 0.0} | EnvNClusters=3
[2026-01-24 14:36:13,766] [INFO] Model initialized on device: cuda:0
[2026-01-24 14:36:13,766] [INFO] [CLIENT INIT] Mode=FEDAVG | Sparsity=OFF (UsedSparsity=0) | Clusters=OFF (UsedClusters=0) | EnvSparsityCfg={'Conv': 0.6, 'Linear': 0.6, 'Bias': 0.0, 'BatchNorm': 0.0} | EnvNClusters=3
[2026-01-24 14:36:13,862] [INFO] Model initialized on device: cuda:0
[2026-01-24 14:36:13,862] [INFO] [CLIENT INIT] Mode=FEDAVG | Sparsity=OFF (UsedSparsity=0) | Clusters=OFF (UsedClusters=0) | EnvSparsityCfg={'Conv': 0.6, 'Linear': 0.6, 'Bias': 0.0, 'BatchNorm': 0.0} | EnvNClusters=3
[2026-01-24 14:36:13,885] [INFO] Model initialized on device: cuda:0
[2026-01-24 14:36:13,885] [INFO] [CLIENT INIT] Mode=FEDAVG | Sparsity=OFF (UsedSparsity=0) | Clusters=OFF (UsedClusters=0) | EnvSparsityCfg={'Conv': 0.6, 'Linear': 0.6, 'Bias': 0.0, 'BatchNorm': 0.0} | EnvNClusters=3
[2026-01-24 14:36:14,086] [INFO] Model initialized on device: cuda:0
[2026-01-24 14:36:14,086] [INFO] [CLIENT INIT] Mode=FEDAVG | Sparsity=OFF (UsedSparsity=0) | Clusters=OFF (UsedClusters=0) | EnvSparsityCfg={'Conv': 0.6, 'Linear': 0.6, 'Bias': 0.0, 'BatchNorm': 0.0} | EnvNClusters=3
[2026-01-24 14:36:14,490] [INFO] Model initialized on device: cuda:0
[2026-01-24 14:36:14,490] [INFO] [CLIENT INIT] Mode=FEDAVG | Sparsity=OFF (UsedSparsity=0) | Clusters=OFF (UsedClusters=0) | EnvSparsityCfg={'Conv': 0.6, 'Linear': 0.6, 'Bias': 0.0, 'BatchNorm': 0.0} | EnvNClusters=3
[2026-01-24 14:36:14,526] [INFO] Model initialized on device: cuda:0
[2026-01-24 14:36:14,526] [INFO] [CLIENT INIT] Mode=FEDAVG | Sparsity=OFF (UsedSparsity=0) | Clusters=OFF (UsedClusters=0) | EnvSparsityCfg={'Conv': 0.6, 'Linear': 0.6, 'Bias': 0.0, 'BatchNorm': 0.0} | EnvNClusters=3
[2026-01-24 14:36:14,534] [INFO] Model initialized on device: cuda:0
[2026-01-24 14:36:14,534] [INFO] [CLIENT INIT] Mode=FEDAVG | Sparsity=OFF (UsedSparsity=0) | Clusters=OFF (UsedClusters=0) | EnvSparsityCfg={'Conv': 0.6, 'Linear': 0.6, 'Bias': 0.0, 'BatchNorm': 0.0} | EnvNClusters=3
[2026-01-24 14:36:14,536] [INFO] Model initialized on device: cuda:0
[2026-01-24 14:36:14,536] [INFO] [CLIENT INIT] Mode=FEDAVG | Sparsity=OFF (UsedSparsity=0) | Clusters=OFF (UsedClusters=0) | EnvSparsityCfg={'Conv': 0.6, 'Linear': 0.6, 'Bias': 0.0, 'BatchNorm': 0.0} | EnvNClusters=3
[2026-01-24 14:36:17,523] [DEBUG] [TEST] Batch 1 | Pred shape: torch.Size([256, 256, 160]) | Label shape: torch.Size([256, 256, 160])
[2026-01-24 14:36:17,579] [DEBUG] [TEST] Batch 2 | Pred shape: torch.Size([256, 256, 160]) | Label shape: torch.Size([256, 256, 160])
[2026-01-24 14:36:17,639] [DEBUG] [TEST] Batch 3 | Pred shape: torch.Size([256, 256, 160]) | Label shape: torch.Size([256, 256, 160])
[2026-01-24 14:36:17,695] [DEBUG] [TEST] Batch 4 | Pred shape: torch.Size([256, 256, 160]) | Label shape: torch.Size([256, 256, 160])
[2026-01-24 14:36:17,752] [DEBUG] [TEST] Batch 5 | Pred shape: torch.Size([256, 256, 160]) | Label shape: torch.Size([256, 256, 160])
[2026-01-24 14:36:17,813] [DEBUG] [TEST] Batch 6 | Pred shape: torch.Size([256, 256, 160]) | Label shape: torch.Size([256, 256, 160])
[2026-01-24 14:36:17,868] [DEBUG] [TEST] Batch 7 | Pred shape: torch.Size([256, 256, 160]) | Label shape: torch.Size([256, 256, 160])
[2026-01-24 14:36:17,928] [DEBUG] [TEST] Batch 8 | Pred shape: torch.Size([256, 256, 160]) | Label shape: torch.Size([256, 256, 160])
[2026-01-24 14:36:17,983] [DEBUG] [TEST] Batch 9 | Pred shape: torch.Size([256, 256, 160]) | Label shape: torch.Size([256, 256, 160])
[2026-01-24 14:36:18,047] [DEBUG] [TEST] Batch 10 | Pred shape: torch.Size([256, 256, 160]) | Label shape: torch.Size([256, 256, 160])
[2026-01-24 14:36:20,739] [INFO] [FIT] Final model saved to: Revision2/Run_UNET_IID_Fedavg_20260124/Client4/model_final.pth
[2026-01-24 14:36:20,746] [INFO] [COMM][CLIENT] Round=-1 Mode=FEDAVG UsedSparsity=0 UsedClusters=0 BaselineBits=154016352.0 CompressedBits=154016352.0 CR=1.000
[2026-01-24 14:36:44,317] [INFO] [EVALUATE] Starting evaluation...
[2026-01-24 14:36:46,918] [INFO] [DEBUG] Loaded uncompressed weights.
[2026-01-24 14:37:54,338] [INFO] Model initialized on device: cuda:0
[2026-01-24 14:37:54,338] [INFO] [CLIENT INIT] Mode=FEDAVG | Sparsity=OFF (UsedSparsity=0) | Clusters=OFF (UsedClusters=0) | EnvSparsityCfg={'Conv': 0.6, 'Linear': 0.6, 'Bias': 0.0, 'BatchNorm': 0.0} | EnvNClusters=3
[2026-01-24 14:37:54,716] [INFO] Model initialized on device: cuda:0
[2026-01-24 14:37:54,716] [INFO] [CLIENT INIT] Mode=FEDAVG | Sparsity=OFF (UsedSparsity=0) | Clusters=OFF (UsedClusters=0) | EnvSparsityCfg={'Conv': 0.6, 'Linear': 0.6, 'Bias': 0.0, 'BatchNorm': 0.0} | EnvNClusters=3
[2026-01-24 14:37:55,411] [INFO] Model initialized on device: cuda:0
[2026-01-24 14:37:55,411] [INFO] [CLIENT INIT] Mode=FEDAVG | Sparsity=OFF (UsedSparsity=0) | Clusters=OFF (UsedClusters=0) | EnvSparsityCfg={'Conv': 0.6, 'Linear': 0.6, 'Bias': 0.0, 'BatchNorm': 0.0} | EnvNClusters=3
[2026-01-24 14:37:55,413] [INFO] Model initialized on device: cuda:0
[2026-01-24 14:37:55,414] [INFO] [CLIENT INIT] Mode=FEDAVG | Sparsity=OFF (UsedSparsity=0) | Clusters=OFF (UsedClusters=0) | EnvSparsityCfg={'Conv': 0.6, 'Linear': 0.6, 'Bias': 0.0, 'BatchNorm': 0.0} | EnvNClusters=3
[2026-01-24 14:37:55,619] [INFO] Model initialized on device: cuda:0
[2026-01-24 14:37:55,619] [INFO] [CLIENT INIT] Mode=FEDAVG | Sparsity=OFF (UsedSparsity=0) | Clusters=OFF (UsedClusters=0) | EnvSparsityCfg={'Conv': 0.6, 'Linear': 0.6, 'Bias': 0.0, 'BatchNorm': 0.0} | EnvNClusters=3
[2026-01-24 14:37:55,624] [INFO] Model initialized on device: cuda:0
[2026-01-24 14:37:55,624] [INFO] [CLIENT INIT] Mode=FEDAVG | Sparsity=OFF (UsedSparsity=0) | Clusters=OFF (UsedClusters=0) | EnvSparsityCfg={'Conv': 0.6, 'Linear': 0.6, 'Bias': 0.0, 'BatchNorm': 0.0} | EnvNClusters=3
[2026-01-24 14:37:55,636] [INFO] Model initialized on device: cuda:0
[2026-01-24 14:37:55,636] [INFO] [CLIENT INIT] Mode=FEDAVG | Sparsity=OFF (UsedSparsity=0) | Clusters=OFF (UsedClusters=0) | EnvSparsityCfg={'Conv': 0.6, 'Linear': 0.6, 'Bias': 0.0, 'BatchNorm': 0.0} | EnvNClusters=3
[2026-01-24 14:37:55,712] [INFO] Model initialized on device: cuda:0
[2026-01-24 14:37:55,712] [INFO] [CLIENT INIT] Mode=FEDAVG | Sparsity=OFF (UsedSparsity=0) | Clusters=OFF (UsedClusters=0) | EnvSparsityCfg={'Conv': 0.6, 'Linear': 0.6, 'Bias': 0.0, 'BatchNorm': 0.0} | EnvNClusters=3
[2026-01-24 14:37:55,720] [INFO] Model initialized on device: cuda:0
[2026-01-24 14:37:55,720] [INFO] [CLIENT INIT] Mode=FEDAVG | Sparsity=OFF (UsedSparsity=0) | Clusters=OFF (UsedClusters=0) | EnvSparsityCfg={'Conv': 0.6, 'Linear': 0.6, 'Bias': 0.0, 'BatchNorm': 0.0} | EnvNClusters=3
[2026-01-24 14:37:55,744] [INFO] Model initialized on device: cuda:0
[2026-01-24 14:37:55,744] [INFO] [CLIENT INIT] Mode=FEDAVG | Sparsity=OFF (UsedSparsity=0) | Clusters=OFF (UsedClusters=0) | EnvSparsityCfg={'Conv': 0.6, 'Linear': 0.6, 'Bias': 0.0, 'BatchNorm': 0.0} | EnvNClusters=3
[2026-01-24 14:38:02,965] [DEBUG] [TEST] Batch 1 | Pred shape: torch.Size([256, 256, 160]) | Label shape: torch.Size([256, 256, 160])
[2026-01-24 14:38:03,182] [DEBUG] [TEST] Batch 2 | Pred shape: torch.Size([256, 256, 160]) | Label shape: torch.Size([256, 256, 160])
[2026-01-24 14:38:03,393] [DEBUG] [TEST] Batch 3 | Pred shape: torch.Size([256, 256, 160]) | Label shape: torch.Size([256, 256, 160])
[2026-01-24 14:38:03,609] [DEBUG] [TEST] Batch 4 | Pred shape: torch.Size([256, 256, 160]) | Label shape: torch.Size([256, 256, 160])
[2026-01-24 14:38:03,824] [DEBUG] [TEST] Batch 5 | Pred shape: torch.Size([256, 256, 160]) | Label shape: torch.Size([256, 256, 160])
[2026-01-24 14:38:04,051] [DEBUG] [TEST] Batch 6 | Pred shape: torch.Size([256, 256, 160]) | Label shape: torch.Size([256, 256, 160])
[2026-01-24 14:38:04,293] [DEBUG] [TEST] Batch 7 | Pred shape: torch.Size([256, 256, 160]) | Label shape: torch.Size([256, 256, 160])
[2026-01-24 14:38:04,539] [DEBUG] [TEST] Batch 8 | Pred shape: torch.Size([256, 256, 160]) | Label shape: torch.Size([256, 256, 160])
[2026-01-24 14:38:04,717] [DEBUG] [TEST] Batch 9 | Pred shape: torch.Size([256, 256, 160]) | Label shape: torch.Size([256, 256, 160])
[2026-01-24 14:38:04,835] [DEBUG] [TEST] Batch 10 | Pred shape: torch.Size([256, 256, 160]) | Label shape: torch.Size([256, 256, 160])
[2026-01-24 14:38:13,230] [INFO] [EVALUATE] Dice WT: 1.0000
[2026-01-24 14:38:15,217] [INFO] [FIT] Received parameters. Starting local training...
[2026-01-24 14:38:17,917] [INFO] [DEBUG] Loaded uncompressed weights.
[2026-01-24 14:39:25,609] [INFO] Model initialized on device: cuda:0
[2026-01-24 14:39:25,609] [INFO] [CLIENT INIT] Mode=FEDAVG | Sparsity=OFF (UsedSparsity=0) | Clusters=OFF (UsedClusters=0) | EnvSparsityCfg={'Conv': 0.6, 'Linear': 0.6, 'Bias': 0.0, 'BatchNorm': 0.0} | EnvNClusters=3
[2026-01-24 14:39:25,767] [INFO] Model initialized on device: cuda:0
[2026-01-24 14:39:25,767] [INFO] [CLIENT INIT] Mode=FEDAVG | Sparsity=OFF (UsedSparsity=0) | Clusters=OFF (UsedClusters=0) | EnvSparsityCfg={'Conv': 0.6, 'Linear': 0.6, 'Bias': 0.0, 'BatchNorm': 0.0} | EnvNClusters=3
[2026-01-24 14:39:26,418] [INFO] Model initialized on device: cuda:0
[2026-01-24 14:39:26,419] [INFO] [CLIENT INIT] Mode=FEDAVG | Sparsity=OFF (UsedSparsity=0) | Clusters=OFF (UsedClusters=0) | EnvSparsityCfg={'Conv': 0.6, 'Linear': 0.6, 'Bias': 0.0, 'BatchNorm': 0.0} | EnvNClusters=3
[2026-01-24 14:39:26,511] [INFO] Model initialized on device: cuda:0
[2026-01-24 14:39:26,511] [INFO] [CLIENT INIT] Mode=FEDAVG | Sparsity=OFF (UsedSparsity=0) | Clusters=OFF (UsedClusters=0) | EnvSparsityCfg={'Conv': 0.6, 'Linear': 0.6, 'Bias': 0.0, 'BatchNorm': 0.0} | EnvNClusters=3
[2026-01-24 14:39:26,627] [INFO] Model initialized on device: cuda:0
[2026-01-24 14:39:26,627] [INFO] [CLIENT INIT] Mode=FEDAVG | Sparsity=OFF (UsedSparsity=0) | Clusters=OFF (UsedClusters=0) | EnvSparsityCfg={'Conv': 0.6, 'Linear': 0.6, 'Bias': 0.0, 'BatchNorm': 0.0} | EnvNClusters=3
[2026-01-24 14:39:26,918] [INFO] Model initialized on device: cuda:0
[2026-01-24 14:39:26,918] [INFO] [CLIENT INIT] Mode=FEDAVG | Sparsity=OFF (UsedSparsity=0) | Clusters=OFF (UsedClusters=0) | EnvSparsityCfg={'Conv': 0.6, 'Linear': 0.6, 'Bias': 0.0, 'BatchNorm': 0.0} | EnvNClusters=3
[2026-01-24 14:39:26,937] [INFO] Model initialized on device: cuda:0
[2026-01-24 14:39:26,938] [INFO] [CLIENT INIT] Mode=FEDAVG | Sparsity=OFF (UsedSparsity=0) | Clusters=OFF (UsedClusters=0) | EnvSparsityCfg={'Conv': 0.6, 'Linear': 0.6, 'Bias': 0.0, 'BatchNorm': 0.0} | EnvNClusters=3
[2026-01-24 14:39:27,015] [INFO] Model initialized on device: cuda:0
[2026-01-24 14:39:27,015] [INFO] [CLIENT INIT] Mode=FEDAVG | Sparsity=OFF (UsedSparsity=0) | Clusters=OFF (UsedClusters=0) | EnvSparsityCfg={'Conv': 0.6, 'Linear': 0.6, 'Bias': 0.0, 'BatchNorm': 0.0} | EnvNClusters=3
[2026-01-24 14:39:27,120] [INFO] Model initialized on device: cuda:0
[2026-01-24 14:39:27,121] [INFO] [CLIENT INIT] Mode=FEDAVG | Sparsity=OFF (UsedSparsity=0) | Clusters=OFF (UsedClusters=0) | EnvSparsityCfg={'Conv': 0.6, 'Linear': 0.6, 'Bias': 0.0, 'BatchNorm': 0.0} | EnvNClusters=3
[2026-01-24 14:39:27,234] [INFO] Model initialized on device: cuda:0
[2026-01-24 14:39:27,235] [INFO] [CLIENT INIT] Mode=FEDAVG | Sparsity=OFF (UsedSparsity=0) | Clusters=OFF (UsedClusters=0) | EnvSparsityCfg={'Conv': 0.6, 'Linear': 0.6, 'Bias': 0.0, 'BatchNorm': 0.0} | EnvNClusters=3
[2026-01-24 14:40:44,283] [INFO] [TRAIN] Epoch 1 Loss: 0.2046
[2026-01-24 14:41:37,712] [INFO] Model initialized on device: cuda:0
[2026-01-24 14:41:37,712] [INFO] [CLIENT INIT] Mode=FEDAVG | Sparsity=OFF (UsedSparsity=0) | Clusters=OFF (UsedClusters=0) | EnvSparsityCfg={'Conv': 0.6, 'Linear': 0.6, 'Bias': 0.0, 'BatchNorm': 0.0} | EnvNClusters=3
[2026-01-24 14:41:39,580] [INFO] Model initialized on device: cuda:0
[2026-01-24 14:41:39,580] [INFO] [CLIENT INIT] Mode=FEDAVG | Sparsity=OFF (UsedSparsity=0) | Clusters=OFF (UsedClusters=0) | EnvSparsityCfg={'Conv': 0.6, 'Linear': 0.6, 'Bias': 0.0, 'BatchNorm': 0.0} | EnvNClusters=3
[2026-01-24 14:41:40,322] [INFO] Model initialized on device: cuda:0
[2026-01-24 14:41:40,323] [INFO] [CLIENT INIT] Mode=FEDAVG | Sparsity=OFF (UsedSparsity=0) | Clusters=OFF (UsedClusters=0) | EnvSparsityCfg={'Conv': 0.6, 'Linear': 0.6, 'Bias': 0.0, 'BatchNorm': 0.0} | EnvNClusters=3
[2026-01-24 14:41:40,444] [INFO] Model initialized on device: cuda:0
[2026-01-24 14:41:40,444] [INFO] [CLIENT INIT] Mode=FEDAVG | Sparsity=OFF (UsedSparsity=0) | Clusters=OFF (UsedClusters=0) | EnvSparsityCfg={'Conv': 0.6, 'Linear': 0.6, 'Bias': 0.0, 'BatchNorm': 0.0} | EnvNClusters=3
[2026-01-24 14:41:40,472] [INFO] Model initialized on device: cuda:0
[2026-01-24 14:41:40,472] [INFO] [CLIENT INIT] Mode=FEDAVG | Sparsity=OFF (UsedSparsity=0) | Clusters=OFF (UsedClusters=0) | EnvSparsityCfg={'Conv': 0.6, 'Linear': 0.6, 'Bias': 0.0, 'BatchNorm': 0.0} | EnvNClusters=3
[2026-01-24 14:41:40,517] [INFO] Model initialized on device: cuda:0
[2026-01-24 14:41:40,517] [INFO] [CLIENT INIT] Mode=FEDAVG | Sparsity=OFF (UsedSparsity=0) | Clusters=OFF (UsedClusters=0) | EnvSparsityCfg={'Conv': 0.6, 'Linear': 0.6, 'Bias': 0.0, 'BatchNorm': 0.0} | EnvNClusters=3
[2026-01-24 14:41:44,040] [INFO] Model initialized on device: cuda:0
[2026-01-24 14:41:44,040] [INFO] [CLIENT INIT] Mode=FEDAVG | Sparsity=OFF (UsedSparsity=0) | Clusters=OFF (UsedClusters=0) | EnvSparsityCfg={'Conv': 0.6, 'Linear': 0.6, 'Bias': 0.0, 'BatchNorm': 0.0} | EnvNClusters=3
[2026-01-24 14:41:44,713] [INFO] Model initialized on device: cuda:0
[2026-01-24 14:41:44,713] [INFO] [CLIENT INIT] Mode=FEDAVG | Sparsity=OFF (UsedSparsity=0) | Clusters=OFF (UsedClusters=0) | EnvSparsityCfg={'Conv': 0.6, 'Linear': 0.6, 'Bias': 0.0, 'BatchNorm': 0.0} | EnvNClusters=3
[2026-01-24 14:41:45,735] [INFO] Model initialized on device: cuda:0
[2026-01-24 14:41:45,735] [INFO] [CLIENT INIT] Mode=FEDAVG | Sparsity=OFF (UsedSparsity=0) | Clusters=OFF (UsedClusters=0) | EnvSparsityCfg={'Conv': 0.6, 'Linear': 0.6, 'Bias': 0.0, 'BatchNorm': 0.0} | EnvNClusters=3
[2026-01-24 14:41:50,432] [INFO] Model initialized on device: cuda:0
[2026-01-24 14:41:50,432] [INFO] [CLIENT INIT] Mode=FEDAVG | Sparsity=OFF (UsedSparsity=0) | Clusters=OFF (UsedClusters=0) | EnvSparsityCfg={'Conv': 0.6, 'Linear': 0.6, 'Bias': 0.0, 'BatchNorm': 0.0} | EnvNClusters=3
[2026-01-24 14:42:51,215] [INFO] [TRAIN] Epoch 2 Loss: 0.1916
[2026-01-24 14:43:29,311] [INFO] Model initialized on device: cuda:0
[2026-01-24 14:43:29,311] [INFO] [CLIENT INIT] Mode=FEDAVG | Sparsity=OFF (UsedSparsity=0) | Clusters=OFF (UsedClusters=0) | EnvSparsityCfg={'Conv': 0.6, 'Linear': 0.6, 'Bias': 0.0, 'BatchNorm': 0.0} | EnvNClusters=3
[2026-01-24 14:43:30,052] [INFO] Model initialized on device: cuda:0
[2026-01-24 14:43:30,052] [INFO] [CLIENT INIT] Mode=FEDAVG | Sparsity=OFF (UsedSparsity=0) | Clusters=OFF (UsedClusters=0) | EnvSparsityCfg={'Conv': 0.6, 'Linear': 0.6, 'Bias': 0.0, 'BatchNorm': 0.0} | EnvNClusters=3
[2026-01-24 14:43:33,635] [INFO] Model initialized on device: cuda:0
[2026-01-24 14:43:33,635] [INFO] [CLIENT INIT] Mode=FEDAVG | Sparsity=OFF (UsedSparsity=0) | Clusters=OFF (UsedClusters=0) | EnvSparsityCfg={'Conv': 0.6, 'Linear': 0.6, 'Bias': 0.0, 'BatchNorm': 0.0} | EnvNClusters=3
[2026-01-24 14:43:34,847] [INFO] Model initialized on device: cuda:0
[2026-01-24 14:43:34,847] [INFO] [CLIENT INIT] Mode=FEDAVG | Sparsity=OFF (UsedSparsity=0) | Clusters=OFF (UsedClusters=0) | EnvSparsityCfg={'Conv': 0.6, 'Linear': 0.6, 'Bias': 0.0, 'BatchNorm': 0.0} | EnvNClusters=3
[2026-01-24 14:43:35,108] [INFO] Model initialized on device: cuda:0
[2026-01-24 14:43:35,108] [INFO] [CLIENT INIT] Mode=FEDAVG | Sparsity=OFF (UsedSparsity=0) | Clusters=OFF (UsedClusters=0) | EnvSparsityCfg={'Conv': 0.6, 'Linear': 0.6, 'Bias': 0.0, 'BatchNorm': 0.0} | EnvNClusters=3
[2026-01-24 14:43:35,317] [INFO] Model initialized on device: cuda:0
[2026-01-24 14:43:35,318] [INFO] [CLIENT INIT] Mode=FEDAVG | Sparsity=OFF (UsedSparsity=0) | Clusters=OFF (UsedClusters=0) | EnvSparsityCfg={'Conv': 0.6, 'Linear': 0.6, 'Bias': 0.0, 'BatchNorm': 0.0} | EnvNClusters=3
[2026-01-24 14:43:35,345] [INFO] Model initialized on device: cuda:0
[2026-01-24 14:43:35,345] [INFO] [CLIENT INIT] Mode=FEDAVG | Sparsity=OFF (UsedSparsity=0) | Clusters=OFF (UsedClusters=0) | EnvSparsityCfg={'Conv': 0.6, 'Linear': 0.6, 'Bias': 0.0, 'BatchNorm': 0.0} | EnvNClusters=3
[2026-01-24 14:43:35,435] [INFO] Model initialized on device: cuda:0
[2026-01-24 14:43:35,436] [INFO] [CLIENT INIT] Mode=FEDAVG | Sparsity=OFF (UsedSparsity=0) | Clusters=OFF (UsedClusters=0) | EnvSparsityCfg={'Conv': 0.6, 'Linear': 0.6, 'Bias': 0.0, 'BatchNorm': 0.0} | EnvNClusters=3
[2026-01-24 14:43:35,442] [INFO] Model initialized on device: cuda:0
[2026-01-24 14:43:35,442] [INFO] [CLIENT INIT] Mode=FEDAVG | Sparsity=OFF (UsedSparsity=0) | Clusters=OFF (UsedClusters=0) | EnvSparsityCfg={'Conv': 0.6, 'Linear': 0.6, 'Bias': 0.0, 'BatchNorm': 0.0} | EnvNClusters=3
[2026-01-24 14:43:35,530] [INFO] Model initialized on device: cuda:0
[2026-01-24 14:43:35,530] [INFO] [CLIENT INIT] Mode=FEDAVG | Sparsity=OFF (UsedSparsity=0) | Clusters=OFF (UsedClusters=0) | EnvSparsityCfg={'Conv': 0.6, 'Linear': 0.6, 'Bias': 0.0, 'BatchNorm': 0.0} | EnvNClusters=3
[2026-01-24 14:44:38,942] [INFO] [TRAIN] Epoch 3 Loss: 0.1937
[2026-01-24 14:45:05,537] [INFO] Model initialized on device: cuda:0
[2026-01-24 14:45:05,537] [INFO] [CLIENT INIT] Mode=FEDAVG | Sparsity=OFF (UsedSparsity=0) | Clusters=OFF (UsedClusters=0) | EnvSparsityCfg={'Conv': 0.6, 'Linear': 0.6, 'Bias': 0.0, 'BatchNorm': 0.0} | EnvNClusters=3
[2026-01-24 14:45:06,813] [INFO] Model initialized on device: cuda:0
[2026-01-24 14:45:06,813] [INFO] [CLIENT INIT] Mode=FEDAVG | Sparsity=OFF (UsedSparsity=0) | Clusters=OFF (UsedClusters=0) | EnvSparsityCfg={'Conv': 0.6, 'Linear': 0.6, 'Bias': 0.0, 'BatchNorm': 0.0} | EnvNClusters=3
[2026-01-24 14:45:08,514] [INFO] Model initialized on device: cuda:0
[2026-01-24 14:45:08,514] [INFO] [CLIENT INIT] Mode=FEDAVG | Sparsity=OFF (UsedSparsity=0) | Clusters=OFF (UsedClusters=0) | EnvSparsityCfg={'Conv': 0.6, 'Linear': 0.6, 'Bias': 0.0, 'BatchNorm': 0.0} | EnvNClusters=3
[2026-01-24 14:45:12,313] [INFO] Model initialized on device: cuda:0
[2026-01-24 14:45:12,313] [INFO] [CLIENT INIT] Mode=FEDAVG | Sparsity=OFF (UsedSparsity=0) | Clusters=OFF (UsedClusters=0) | EnvSparsityCfg={'Conv': 0.6, 'Linear': 0.6, 'Bias': 0.0, 'BatchNorm': 0.0} | EnvNClusters=3
[2026-01-24 14:45:13,812] [INFO] Model initialized on device: cuda:0
[2026-01-24 14:45:13,812] [INFO] [CLIENT INIT] Mode=FEDAVG | Sparsity=OFF (UsedSparsity=0) | Clusters=OFF (UsedClusters=0) | EnvSparsityCfg={'Conv': 0.6, 'Linear': 0.6, 'Bias': 0.0, 'BatchNorm': 0.0} | EnvNClusters=3
[2026-01-24 14:45:14,531] [INFO] Model initialized on device: cuda:0
[2026-01-24 14:45:14,531] [INFO] [CLIENT INIT] Mode=FEDAVG | Sparsity=OFF (UsedSparsity=0) | Clusters=OFF (UsedClusters=0) | EnvSparsityCfg={'Conv': 0.6, 'Linear': 0.6, 'Bias': 0.0, 'BatchNorm': 0.0} | EnvNClusters=3
[2026-01-24 14:45:14,533] [INFO] Model initialized on device: cuda:0
[2026-01-24 14:45:14,533] [INFO] [CLIENT INIT] Mode=FEDAVG | Sparsity=OFF (UsedSparsity=0) | Clusters=OFF (UsedClusters=0) | EnvSparsityCfg={'Conv': 0.6, 'Linear': 0.6, 'Bias': 0.0, 'BatchNorm': 0.0} | EnvNClusters=3
[2026-01-24 14:45:14,610] [INFO] Model initialized on device: cuda:0
[2026-01-24 14:45:14,610] [INFO] [CLIENT INIT] Mode=FEDAVG | Sparsity=OFF (UsedSparsity=0) | Clusters=OFF (UsedClusters=0) | EnvSparsityCfg={'Conv': 0.6, 'Linear': 0.6, 'Bias': 0.0, 'BatchNorm': 0.0} | EnvNClusters=3
[2026-01-24 14:45:14,611] [INFO] Model initialized on device: cuda:0
[2026-01-24 14:45:14,612] [INFO] [CLIENT INIT] Mode=FEDAVG | Sparsity=OFF (UsedSparsity=0) | Clusters=OFF (UsedClusters=0) | EnvSparsityCfg={'Conv': 0.6, 'Linear': 0.6, 'Bias': 0.0, 'BatchNorm': 0.0} | EnvNClusters=3
[2026-01-24 14:45:14,612] [INFO] Model initialized on device: cuda:0
[2026-01-24 14:45:14,612] [INFO] [CLIENT INIT] Mode=FEDAVG | Sparsity=OFF (UsedSparsity=0) | Clusters=OFF (UsedClusters=0) | EnvSparsityCfg={'Conv': 0.6, 'Linear': 0.6, 'Bias': 0.0, 'BatchNorm': 0.0} | EnvNClusters=3
[2026-01-24 14:46:16,939] [INFO] [TRAIN] Epoch 4 Loss: 0.1821
[2026-01-24 14:46:45,833] [INFO] Model initialized on device: cuda:0
[2026-01-24 14:46:45,833] [INFO] [CLIENT INIT] Mode=FEDAVG | Sparsity=OFF (UsedSparsity=0) | Clusters=OFF (UsedClusters=0) | EnvSparsityCfg={'Conv': 0.6, 'Linear': 0.6, 'Bias': 0.0, 'BatchNorm': 0.0} | EnvNClusters=3
[2026-01-24 14:46:45,907] [INFO] Model initialized on device: cuda:0
[2026-01-24 14:46:45,907] [INFO] [CLIENT INIT] Mode=FEDAVG | Sparsity=OFF (UsedSparsity=0) | Clusters=OFF (UsedClusters=0) | EnvSparsityCfg={'Conv': 0.6, 'Linear': 0.6, 'Bias': 0.0, 'BatchNorm': 0.0} | EnvNClusters=3
[2026-01-24 14:46:52,315] [INFO] Model initialized on device: cuda:0
[2026-01-24 14:46:52,315] [INFO] [CLIENT INIT] Mode=FEDAVG | Sparsity=OFF (UsedSparsity=0) | Clusters=OFF (UsedClusters=0) | EnvSparsityCfg={'Conv': 0.6, 'Linear': 0.6, 'Bias': 0.0, 'BatchNorm': 0.0} | EnvNClusters=3
[2026-01-24 14:46:52,547] [INFO] Model initialized on device: cuda:0
[2026-01-24 14:46:52,547] [INFO] [CLIENT INIT] Mode=FEDAVG | Sparsity=OFF (UsedSparsity=0) | Clusters=OFF (UsedClusters=0) | EnvSparsityCfg={'Conv': 0.6, 'Linear': 0.6, 'Bias': 0.0, 'BatchNorm': 0.0} | EnvNClusters=3
[2026-01-24 14:46:52,832] [INFO] Model initialized on device: cuda:0
[2026-01-24 14:46:52,832] [INFO] [CLIENT INIT] Mode=FEDAVG | Sparsity=OFF (UsedSparsity=0) | Clusters=OFF (UsedClusters=0) | EnvSparsityCfg={'Conv': 0.6, 'Linear': 0.6, 'Bias': 0.0, 'BatchNorm': 0.0} | EnvNClusters=3
[2026-01-24 14:46:53,231] [INFO] Model initialized on device: cuda:0
[2026-01-24 14:46:53,231] [INFO] [CLIENT INIT] Mode=FEDAVG | Sparsity=OFF (UsedSparsity=0) | Clusters=OFF (UsedClusters=0) | EnvSparsityCfg={'Conv': 0.6, 'Linear': 0.6, 'Bias': 0.0, 'BatchNorm': 0.0} | EnvNClusters=3
[2026-01-24 14:46:53,312] [INFO] Model initialized on device: cuda:0
[2026-01-24 14:46:53,312] [INFO] [CLIENT INIT] Mode=FEDAVG | Sparsity=OFF (UsedSparsity=0) | Clusters=OFF (UsedClusters=0) | EnvSparsityCfg={'Conv': 0.6, 'Linear': 0.6, 'Bias': 0.0, 'BatchNorm': 0.0} | EnvNClusters=3
[2026-01-24 14:46:53,327] [INFO] Model initialized on device: cuda:0
[2026-01-24 14:46:53,328] [INFO] [CLIENT INIT] Mode=FEDAVG | Sparsity=OFF (UsedSparsity=0) | Clusters=OFF (UsedClusters=0) | EnvSparsityCfg={'Conv': 0.6, 'Linear': 0.6, 'Bias': 0.0, 'BatchNorm': 0.0} | EnvNClusters=3
[2026-01-24 14:46:53,330] [INFO] Model initialized on device: cuda:0
[2026-01-24 14:46:53,330] [INFO] [CLIENT INIT] Mode=FEDAVG | Sparsity=OFF (UsedSparsity=0) | Clusters=OFF (UsedClusters=0) | EnvSparsityCfg={'Conv': 0.6, 'Linear': 0.6, 'Bias': 0.0, 'BatchNorm': 0.0} | EnvNClusters=3
[2026-01-24 14:46:53,339] [INFO] Model initialized on device: cuda:0
[2026-01-24 14:46:53,339] [INFO] [CLIENT INIT] Mode=FEDAVG | Sparsity=OFF (UsedSparsity=0) | Clusters=OFF (UsedClusters=0) | EnvSparsityCfg={'Conv': 0.6, 'Linear': 0.6, 'Bias': 0.0, 'BatchNorm': 0.0} | EnvNClusters=3
[2026-01-24 14:47:55,315] [INFO] [TRAIN] Epoch 5 Loss: 0.1720
[2026-01-24 14:47:55,316] [INFO] [FIT] Local training finished. Avg Loss: 0.1888
[2026-01-24 14:48:30,312] [INFO] Model initialized on device: cuda:0
[2026-01-24 14:48:30,312] [INFO] [CLIENT INIT] Mode=FEDAVG | Sparsity=OFF (UsedSparsity=0) | Clusters=OFF (UsedClusters=0) | EnvSparsityCfg={'Conv': 0.6, 'Linear': 0.6, 'Bias': 0.0, 'BatchNorm': 0.0} | EnvNClusters=3
[2026-01-24 14:48:31,013] [INFO] Model initialized on device: cuda:0
[2026-01-24 14:48:31,014] [INFO] [CLIENT INIT] Mode=FEDAVG | Sparsity=OFF (UsedSparsity=0) | Clusters=OFF (UsedClusters=0) | EnvSparsityCfg={'Conv': 0.6, 'Linear': 0.6, 'Bias': 0.0, 'BatchNorm': 0.0} | EnvNClusters=3
[2026-01-24 14:48:31,342] [INFO] Model initialized on device: cuda:0
[2026-01-24 14:48:31,342] [INFO] [CLIENT INIT] Mode=FEDAVG | Sparsity=OFF (UsedSparsity=0) | Clusters=OFF (UsedClusters=0) | EnvSparsityCfg={'Conv': 0.6, 'Linear': 0.6, 'Bias': 0.0, 'BatchNorm': 0.0} | EnvNClusters=3
[2026-01-24 14:48:31,512] [INFO] Model initialized on device: cuda:0
[2026-01-24 14:48:31,512] [INFO] [CLIENT INIT] Mode=FEDAVG | Sparsity=OFF (UsedSparsity=0) | Clusters=OFF (UsedClusters=0) | EnvSparsityCfg={'Conv': 0.6, 'Linear': 0.6, 'Bias': 0.0, 'BatchNorm': 0.0} | EnvNClusters=3
[2026-01-24 14:48:31,515] [INFO] Model initialized on device: cuda:0
[2026-01-24 14:48:31,515] [INFO] [CLIENT INIT] Mode=FEDAVG | Sparsity=OFF (UsedSparsity=0) | Clusters=OFF (UsedClusters=0) | EnvSparsityCfg={'Conv': 0.6, 'Linear': 0.6, 'Bias': 0.0, 'BatchNorm': 0.0} | EnvNClusters=3
[2026-01-24 14:48:31,831] [INFO] Model initialized on device: cuda:0
[2026-01-24 14:48:31,831] [INFO] [CLIENT INIT] Mode=FEDAVG | Sparsity=OFF (UsedSparsity=0) | Clusters=OFF (UsedClusters=0) | EnvSparsityCfg={'Conv': 0.6, 'Linear': 0.6, 'Bias': 0.0, 'BatchNorm': 0.0} | EnvNClusters=3
[2026-01-24 14:48:31,851] [INFO] Model initialized on device: cuda:0
[2026-01-24 14:48:31,851] [INFO] [CLIENT INIT] Mode=FEDAVG | Sparsity=OFF (UsedSparsity=0) | Clusters=OFF (UsedClusters=0) | EnvSparsityCfg={'Conv': 0.6, 'Linear': 0.6, 'Bias': 0.0, 'BatchNorm': 0.0} | EnvNClusters=3
[2026-01-24 14:48:32,208] [INFO] Model initialized on device: cuda:0
[2026-01-24 14:48:32,208] [INFO] [CLIENT INIT] Mode=FEDAVG | Sparsity=OFF (UsedSparsity=0) | Clusters=OFF (UsedClusters=0) | EnvSparsityCfg={'Conv': 0.6, 'Linear': 0.6, 'Bias': 0.0, 'BatchNorm': 0.0} | EnvNClusters=3
[2026-01-24 14:48:32,242] [INFO] Model initialized on device: cuda:0
[2026-01-24 14:48:32,242] [INFO] [CLIENT INIT] Mode=FEDAVG | Sparsity=OFF (UsedSparsity=0) | Clusters=OFF (UsedClusters=0) | EnvSparsityCfg={'Conv': 0.6, 'Linear': 0.6, 'Bias': 0.0, 'BatchNorm': 0.0} | EnvNClusters=3
[2026-01-24 14:48:32,247] [INFO] Model initialized on device: cuda:0
[2026-01-24 14:48:32,247] [INFO] [CLIENT INIT] Mode=FEDAVG | Sparsity=OFF (UsedSparsity=0) | Clusters=OFF (UsedClusters=0) | EnvSparsityCfg={'Conv': 0.6, 'Linear': 0.6, 'Bias': 0.0, 'BatchNorm': 0.0} | EnvNClusters=3
[2026-01-24 14:48:38,471] [DEBUG] [TEST] Batch 1 | Pred shape: torch.Size([256, 256, 160]) | Label shape: torch.Size([256, 256, 160])
[2026-01-24 14:48:38,548] [DEBUG] [TEST] Batch 2 | Pred shape: torch.Size([256, 256, 160]) | Label shape: torch.Size([256, 256, 160])
[2026-01-24 14:48:38,613] [DEBUG] [TEST] Batch 3 | Pred shape: torch.Size([256, 256, 160]) | Label shape: torch.Size([256, 256, 160])
[2026-01-24 14:48:38,668] [DEBUG] [TEST] Batch 4 | Pred shape: torch.Size([256, 256, 160]) | Label shape: torch.Size([256, 256, 160])
[2026-01-24 14:48:38,745] [DEBUG] [TEST] Batch 5 | Pred shape: torch.Size([256, 256, 160]) | Label shape: torch.Size([256, 256, 160])
[2026-01-24 14:48:38,815] [DEBUG] [TEST] Batch 6 | Pred shape: torch.Size([256, 256, 160]) | Label shape: torch.Size([256, 256, 160])
[2026-01-24 14:48:38,871] [DEBUG] [TEST] Batch 7 | Pred shape: torch.Size([256, 256, 160]) | Label shape: torch.Size([256, 256, 160])
[2026-01-24 14:48:38,943] [DEBUG] [TEST] Batch 8 | Pred shape: torch.Size([256, 256, 160]) | Label shape: torch.Size([256, 256, 160])
[2026-01-24 14:48:39,013] [DEBUG] [TEST] Batch 9 | Pred shape: torch.Size([256, 256, 160]) | Label shape: torch.Size([256, 256, 160])
[2026-01-24 14:48:39,068] [DEBUG] [TEST] Batch 10 | Pred shape: torch.Size([256, 256, 160]) | Label shape: torch.Size([256, 256, 160])
[2026-01-24 14:48:43,644] [INFO] [FIT] Final model saved to: Revision2/Run_UNET_IID_Fedavg_20260124/Client4/model_final.pth
[2026-01-24 14:48:43,651] [INFO] [COMM][CLIENT] Round=-1 Mode=FEDAVG UsedSparsity=0 UsedClusters=0 BaselineBits=154016352.0 CompressedBits=154016352.0 CR=1.000
[2026-01-24 14:49:19,222] [INFO] [EVALUATE] Starting evaluation...
[2026-01-24 14:49:21,519] [INFO] [DEBUG] Loaded uncompressed weights.
[2026-01-24 14:50:29,682] [INFO] Model initialized on device: cuda:0
[2026-01-24 14:50:29,682] [INFO] [CLIENT INIT] Mode=FEDAVG | Sparsity=OFF (UsedSparsity=0) | Clusters=OFF (UsedClusters=0) | EnvSparsityCfg={'Conv': 0.6, 'Linear': 0.6, 'Bias': 0.0, 'BatchNorm': 0.0} | EnvNClusters=3
[2026-01-24 14:50:29,840] [INFO] Model initialized on device: cuda:0
[2026-01-24 14:50:29,840] [INFO] [CLIENT INIT] Mode=FEDAVG | Sparsity=OFF (UsedSparsity=0) | Clusters=OFF (UsedClusters=0) | EnvSparsityCfg={'Conv': 0.6, 'Linear': 0.6, 'Bias': 0.0, 'BatchNorm': 0.0} | EnvNClusters=3
[2026-01-24 14:50:30,943] [INFO] Model initialized on device: cuda:0
[2026-01-24 14:50:30,943] [INFO] [CLIENT INIT] Mode=FEDAVG | Sparsity=OFF (UsedSparsity=0) | Clusters=OFF (UsedClusters=0) | EnvSparsityCfg={'Conv': 0.6, 'Linear': 0.6, 'Bias': 0.0, 'BatchNorm': 0.0} | EnvNClusters=3
[2026-01-24 14:50:31,237] [INFO] Model initialized on device: cuda:0
[2026-01-24 14:50:31,238] [INFO] [CLIENT INIT] Mode=FEDAVG | Sparsity=OFF (UsedSparsity=0) | Clusters=OFF (UsedClusters=0) | EnvSparsityCfg={'Conv': 0.6, 'Linear': 0.6, 'Bias': 0.0, 'BatchNorm': 0.0} | EnvNClusters=3
[2026-01-24 14:50:31,310] [INFO] Model initialized on device: cuda:0
[2026-01-24 14:50:31,310] [INFO] [CLIENT INIT] Mode=FEDAVG | Sparsity=OFF (UsedSparsity=0) | Clusters=OFF (UsedClusters=0) | EnvSparsityCfg={'Conv': 0.6, 'Linear': 0.6, 'Bias': 0.0, 'BatchNorm': 0.0} | EnvNClusters=3
[2026-01-24 14:50:31,323] [INFO] Model initialized on device: cuda:0
[2026-01-24 14:50:31,323] [INFO] [CLIENT INIT] Mode=FEDAVG | Sparsity=OFF (UsedSparsity=0) | Clusters=OFF (UsedClusters=0) | EnvSparsityCfg={'Conv': 0.6, 'Linear': 0.6, 'Bias': 0.0, 'BatchNorm': 0.0} | EnvNClusters=3
[2026-01-24 14:50:31,324] [INFO] Model initialized on device: cuda:0
[2026-01-24 14:50:31,324] [INFO] [CLIENT INIT] Mode=FEDAVG | Sparsity=OFF (UsedSparsity=0) | Clusters=OFF (UsedClusters=0) | EnvSparsityCfg={'Conv': 0.6, 'Linear': 0.6, 'Bias': 0.0, 'BatchNorm': 0.0} | EnvNClusters=3
[2026-01-24 14:50:31,342] [INFO] Model initialized on device: cuda:0
[2026-01-24 14:50:31,343] [INFO] [CLIENT INIT] Mode=FEDAVG | Sparsity=OFF (UsedSparsity=0) | Clusters=OFF (UsedClusters=0) | EnvSparsityCfg={'Conv': 0.6, 'Linear': 0.6, 'Bias': 0.0, 'BatchNorm': 0.0} | EnvNClusters=3
[2026-01-24 14:50:31,409] [INFO] Model initialized on device: cuda:0
[2026-01-24 14:50:31,409] [INFO] [CLIENT INIT] Mode=FEDAVG | Sparsity=OFF (UsedSparsity=0) | Clusters=OFF (UsedClusters=0) | EnvSparsityCfg={'Conv': 0.6, 'Linear': 0.6, 'Bias': 0.0, 'BatchNorm': 0.0} | EnvNClusters=3
[2026-01-24 14:50:31,418] [INFO] Model initialized on device: cuda:0
[2026-01-24 14:50:31,419] [INFO] [CLIENT INIT] Mode=FEDAVG | Sparsity=OFF (UsedSparsity=0) | Clusters=OFF (UsedClusters=0) | EnvSparsityCfg={'Conv': 0.6, 'Linear': 0.6, 'Bias': 0.0, 'BatchNorm': 0.0} | EnvNClusters=3
[2026-01-24 14:50:38,405] [DEBUG] [TEST] Batch 1 | Pred shape: torch.Size([256, 256, 160]) | Label shape: torch.Size([256, 256, 160])
[2026-01-24 14:50:38,622] [DEBUG] [TEST] Batch 2 | Pred shape: torch.Size([256, 256, 160]) | Label shape: torch.Size([256, 256, 160])
[2026-01-24 14:50:38,842] [DEBUG] [TEST] Batch 3 | Pred shape: torch.Size([256, 256, 160]) | Label shape: torch.Size([256, 256, 160])
[2026-01-24 14:50:39,066] [DEBUG] [TEST] Batch 4 | Pred shape: torch.Size([256, 256, 160]) | Label shape: torch.Size([256, 256, 160])
[2026-01-24 14:50:39,308] [DEBUG] [TEST] Batch 5 | Pred shape: torch.Size([256, 256, 160]) | Label shape: torch.Size([256, 256, 160])
[2026-01-24 14:50:39,525] [DEBUG] [TEST] Batch 6 | Pred shape: torch.Size([256, 256, 160]) | Label shape: torch.Size([256, 256, 160])
[2026-01-24 14:50:39,748] [DEBUG] [TEST] Batch 7 | Pred shape: torch.Size([256, 256, 160]) | Label shape: torch.Size([256, 256, 160])
[2026-01-24 14:50:39,963] [DEBUG] [TEST] Batch 8 | Pred shape: torch.Size([256, 256, 160]) | Label shape: torch.Size([256, 256, 160])
[2026-01-24 14:50:40,110] [DEBUG] [TEST] Batch 9 | Pred shape: torch.Size([256, 256, 160]) | Label shape: torch.Size([256, 256, 160])
[2026-01-24 14:50:40,208] [DEBUG] [TEST] Batch 10 | Pred shape: torch.Size([256, 256, 160]) | Label shape: torch.Size([256, 256, 160])
[2026-01-24 14:50:47,984] [INFO] [EVALUATE] Dice WT: 1.0000
[2026-01-24 14:50:49,117] [INFO] [FIT] Received parameters. Starting local training...
[2026-01-24 14:50:51,908] [INFO] [DEBUG] Loaded uncompressed weights.
[2026-01-24 14:51:59,147] [INFO] Model initialized on device: cuda:0
[2026-01-24 14:51:59,147] [INFO] [CLIENT INIT] Mode=FEDAVG | Sparsity=OFF (UsedSparsity=0) | Clusters=OFF (UsedClusters=0) | EnvSparsityCfg={'Conv': 0.6, 'Linear': 0.6, 'Bias': 0.0, 'BatchNorm': 0.0} | EnvNClusters=3
[2026-01-24 14:52:01,156] [INFO] Model initialized on device: cuda:0
[2026-01-24 14:52:01,156] [INFO] [CLIENT INIT] Mode=FEDAVG | Sparsity=OFF (UsedSparsity=0) | Clusters=OFF (UsedClusters=0) | EnvSparsityCfg={'Conv': 0.6, 'Linear': 0.6, 'Bias': 0.0, 'BatchNorm': 0.0} | EnvNClusters=3
[2026-01-24 14:52:01,644] [INFO] Model initialized on device: cuda:0
[2026-01-24 14:52:01,644] [INFO] [CLIENT INIT] Mode=FEDAVG | Sparsity=OFF (UsedSparsity=0) | Clusters=OFF (UsedClusters=0) | EnvSparsityCfg={'Conv': 0.6, 'Linear': 0.6, 'Bias': 0.0, 'BatchNorm': 0.0} | EnvNClusters=3
[2026-01-24 14:52:01,735] [INFO] Model initialized on device: cuda:0
[2026-01-24 14:52:01,735] [INFO] [CLIENT INIT] Mode=FEDAVG | Sparsity=OFF (UsedSparsity=0) | Clusters=OFF (UsedClusters=0) | EnvSparsityCfg={'Conv': 0.6, 'Linear': 0.6, 'Bias': 0.0, 'BatchNorm': 0.0} | EnvNClusters=3
[2026-01-24 14:52:02,011] [INFO] Model initialized on device: cuda:0
[2026-01-24 14:52:02,011] [INFO] [CLIENT INIT] Mode=FEDAVG | Sparsity=OFF (UsedSparsity=0) | Clusters=OFF (UsedClusters=0) | EnvSparsityCfg={'Conv': 0.6, 'Linear': 0.6, 'Bias': 0.0, 'BatchNorm': 0.0} | EnvNClusters=3
[2026-01-24 14:52:02,029] [INFO] Model initialized on device: cuda:0
[2026-01-24 14:52:02,029] [INFO] [CLIENT INIT] Mode=FEDAVG | Sparsity=OFF (UsedSparsity=0) | Clusters=OFF (UsedClusters=0) | EnvSparsityCfg={'Conv': 0.6, 'Linear': 0.6, 'Bias': 0.0, 'BatchNorm': 0.0} | EnvNClusters=3
[2026-01-24 14:52:02,031] [INFO] Model initialized on device: cuda:0
[2026-01-24 14:52:02,032] [INFO] [CLIENT INIT] Mode=FEDAVG | Sparsity=OFF (UsedSparsity=0) | Clusters=OFF (UsedClusters=0) | EnvSparsityCfg={'Conv': 0.6, 'Linear': 0.6, 'Bias': 0.0, 'BatchNorm': 0.0} | EnvNClusters=3
[2026-01-24 14:52:02,036] [INFO] Model initialized on device: cuda:0
[2026-01-24 14:52:02,036] [INFO] [CLIENT INIT] Mode=FEDAVG | Sparsity=OFF (UsedSparsity=0) | Clusters=OFF (UsedClusters=0) | EnvSparsityCfg={'Conv': 0.6, 'Linear': 0.6, 'Bias': 0.0, 'BatchNorm': 0.0} | EnvNClusters=3
[2026-01-24 14:52:02,108] [INFO] Model initialized on device: cuda:0
[2026-01-24 14:52:02,108] [INFO] [CLIENT INIT] Mode=FEDAVG | Sparsity=OFF (UsedSparsity=0) | Clusters=OFF (UsedClusters=0) | EnvSparsityCfg={'Conv': 0.6, 'Linear': 0.6, 'Bias': 0.0, 'BatchNorm': 0.0} | EnvNClusters=3
[2026-01-24 14:52:02,311] [INFO] Model initialized on device: cuda:0
[2026-01-24 14:52:02,311] [INFO] [CLIENT INIT] Mode=FEDAVG | Sparsity=OFF (UsedSparsity=0) | Clusters=OFF (UsedClusters=0) | EnvSparsityCfg={'Conv': 0.6, 'Linear': 0.6, 'Bias': 0.0, 'BatchNorm': 0.0} | EnvNClusters=3
[2026-01-24 14:53:14,018] [INFO] [TRAIN] Epoch 1 Loss: 0.1740
[2026-01-24 14:54:15,175] [INFO] Model initialized on device: cuda:0
[2026-01-24 14:54:15,176] [INFO] [CLIENT INIT] Mode=FEDAVG | Sparsity=OFF (UsedSparsity=0) | Clusters=OFF (UsedClusters=0) | EnvSparsityCfg={'Conv': 0.6, 'Linear': 0.6, 'Bias': 0.0, 'BatchNorm': 0.0} | EnvNClusters=3
[2026-01-24 14:54:15,227] [INFO] Model initialized on device: cuda:0
[2026-01-24 14:54:15,227] [INFO] [CLIENT INIT] Mode=FEDAVG | Sparsity=OFF (UsedSparsity=0) | Clusters=OFF (UsedClusters=0) | EnvSparsityCfg={'Conv': 0.6, 'Linear': 0.6, 'Bias': 0.0, 'BatchNorm': 0.0} | EnvNClusters=3
[2026-01-24 14:54:15,412] [INFO] Model initialized on device: cuda:0
[2026-01-24 14:54:15,413] [INFO] [CLIENT INIT] Mode=FEDAVG | Sparsity=OFF (UsedSparsity=0) | Clusters=OFF (UsedClusters=0) | EnvSparsityCfg={'Conv': 0.6, 'Linear': 0.6, 'Bias': 0.0, 'BatchNorm': 0.0} | EnvNClusters=3
[2026-01-24 14:54:16,202] [INFO] Model initialized on device: cuda:0
[2026-01-24 14:54:16,203] [INFO] [CLIENT INIT] Mode=FEDAVG | Sparsity=OFF (UsedSparsity=0) | Clusters=OFF (UsedClusters=0) | EnvSparsityCfg={'Conv': 0.6, 'Linear': 0.6, 'Bias': 0.0, 'BatchNorm': 0.0} | EnvNClusters=3
[2026-01-24 14:54:17,171] [INFO] Model initialized on device: cuda:0
[2026-01-24 14:54:17,171] [INFO] [CLIENT INIT] Mode=FEDAVG | Sparsity=OFF (UsedSparsity=0) | Clusters=OFF (UsedClusters=0) | EnvSparsityCfg={'Conv': 0.6, 'Linear': 0.6, 'Bias': 0.0, 'BatchNorm': 0.0} | EnvNClusters=3
[2026-01-24 14:54:18,145] [INFO] Model initialized on device: cuda:0
[2026-01-24 14:54:18,145] [INFO] [CLIENT INIT] Mode=FEDAVG | Sparsity=OFF (UsedSparsity=0) | Clusters=OFF (UsedClusters=0) | EnvSparsityCfg={'Conv': 0.6, 'Linear': 0.6, 'Bias': 0.0, 'BatchNorm': 0.0} | EnvNClusters=3
[2026-01-24 14:54:18,265] [INFO] Model initialized on device: cuda:0
[2026-01-24 14:54:18,265] [INFO] [CLIENT INIT] Mode=FEDAVG | Sparsity=OFF (UsedSparsity=0) | Clusters=OFF (UsedClusters=0) | EnvSparsityCfg={'Conv': 0.6, 'Linear': 0.6, 'Bias': 0.0, 'BatchNorm': 0.0} | EnvNClusters=3
[2026-01-24 14:54:18,550] [INFO] Model initialized on device: cuda:0
[2026-01-24 14:54:18,550] [INFO] [CLIENT INIT] Mode=FEDAVG | Sparsity=OFF (UsedSparsity=0) | Clusters=OFF (UsedClusters=0) | EnvSparsityCfg={'Conv': 0.6, 'Linear': 0.6, 'Bias': 0.0, 'BatchNorm': 0.0} | EnvNClusters=3
[2026-01-24 14:54:18,551] [INFO] Model initialized on device: cuda:0
[2026-01-24 14:54:18,551] [INFO] [CLIENT INIT] Mode=FEDAVG | Sparsity=OFF (UsedSparsity=0) | Clusters=OFF (UsedClusters=0) | EnvSparsityCfg={'Conv': 0.6, 'Linear': 0.6, 'Bias': 0.0, 'BatchNorm': 0.0} | EnvNClusters=3
[2026-01-24 14:54:18,573] [INFO] Model initialized on device: cuda:0
[2026-01-24 14:54:18,573] [INFO] [CLIENT INIT] Mode=FEDAVG | Sparsity=OFF (UsedSparsity=0) | Clusters=OFF (UsedClusters=0) | EnvSparsityCfg={'Conv': 0.6, 'Linear': 0.6, 'Bias': 0.0, 'BatchNorm': 0.0} | EnvNClusters=3
[2026-01-24 14:55:24,278] [INFO] [TRAIN] Epoch 2 Loss: 0.1637
[2026-01-24 14:56:17,378] [INFO] Model initialized on device: cuda:0
[2026-01-24 14:56:17,379] [INFO] [CLIENT INIT] Mode=FEDAVG | Sparsity=OFF (UsedSparsity=0) | Clusters=OFF (UsedClusters=0) | EnvSparsityCfg={'Conv': 0.6, 'Linear': 0.6, 'Bias': 0.0, 'BatchNorm': 0.0} | EnvNClusters=3
[2026-01-24 14:56:17,820] [INFO] Model initialized on device: cuda:0
[2026-01-24 14:56:17,820] [INFO] [CLIENT INIT] Mode=FEDAVG | Sparsity=OFF (UsedSparsity=0) | Clusters=OFF (UsedClusters=0) | EnvSparsityCfg={'Conv': 0.6, 'Linear': 0.6, 'Bias': 0.0, 'BatchNorm': 0.0} | EnvNClusters=3
[2026-01-24 14:56:17,957] [INFO] Model initialized on device: cuda:0
[2026-01-24 14:56:17,957] [INFO] [CLIENT INIT] Mode=FEDAVG | Sparsity=OFF (UsedSparsity=0) | Clusters=OFF (UsedClusters=0) | EnvSparsityCfg={'Conv': 0.6, 'Linear': 0.6, 'Bias': 0.0, 'BatchNorm': 0.0} | EnvNClusters=3
[2026-01-24 14:56:17,982] [INFO] Model initialized on device: cuda:0
[2026-01-24 14:56:17,983] [INFO] [CLIENT INIT] Mode=FEDAVG | Sparsity=OFF (UsedSparsity=0) | Clusters=OFF (UsedClusters=0) | EnvSparsityCfg={'Conv': 0.6, 'Linear': 0.6, 'Bias': 0.0, 'BatchNorm': 0.0} | EnvNClusters=3
[2026-01-24 14:56:17,992] [INFO] Model initialized on device: cuda:0
[2026-01-24 14:56:17,993] [INFO] [CLIENT INIT] Mode=FEDAVG | Sparsity=OFF (UsedSparsity=0) | Clusters=OFF (UsedClusters=0) | EnvSparsityCfg={'Conv': 0.6, 'Linear': 0.6, 'Bias': 0.0, 'BatchNorm': 0.0} | EnvNClusters=3
[2026-01-24 14:56:18,166] [INFO] Model initialized on device: cuda:0
[2026-01-24 14:56:18,166] [INFO] [CLIENT INIT] Mode=FEDAVG | Sparsity=OFF (UsedSparsity=0) | Clusters=OFF (UsedClusters=0) | EnvSparsityCfg={'Conv': 0.6, 'Linear': 0.6, 'Bias': 0.0, 'BatchNorm': 0.0} | EnvNClusters=3
[2026-01-24 14:56:18,175] [INFO] Model initialized on device: cuda:0
[2026-01-24 14:56:18,175] [INFO] [CLIENT INIT] Mode=FEDAVG | Sparsity=OFF (UsedSparsity=0) | Clusters=OFF (UsedClusters=0) | EnvSparsityCfg={'Conv': 0.6, 'Linear': 0.6, 'Bias': 0.0, 'BatchNorm': 0.0} | EnvNClusters=3
[2026-01-24 14:56:18,247] [INFO] Model initialized on device: cuda:0
[2026-01-24 14:56:18,247] [INFO] [CLIENT INIT] Mode=FEDAVG | Sparsity=OFF (UsedSparsity=0) | Clusters=OFF (UsedClusters=0) | EnvSparsityCfg={'Conv': 0.6, 'Linear': 0.6, 'Bias': 0.0, 'BatchNorm': 0.0} | EnvNClusters=3
[2026-01-24 14:56:18,319] [INFO] Model initialized on device: cuda:0
[2026-01-24 14:56:18,319] [INFO] [CLIENT INIT] Mode=FEDAVG | Sparsity=OFF (UsedSparsity=0) | Clusters=OFF (UsedClusters=0) | EnvSparsityCfg={'Conv': 0.6, 'Linear': 0.6, 'Bias': 0.0, 'BatchNorm': 0.0} | EnvNClusters=3
[2026-01-24 14:56:20,108] [INFO] Model initialized on device: cuda:0
[2026-01-24 14:56:20,108] [INFO] [CLIENT INIT] Mode=FEDAVG | Sparsity=OFF (UsedSparsity=0) | Clusters=OFF (UsedClusters=0) | EnvSparsityCfg={'Conv': 0.6, 'Linear': 0.6, 'Bias': 0.0, 'BatchNorm': 0.0} | EnvNClusters=3
[2026-01-24 14:57:20,440] [INFO] [TRAIN] Epoch 3 Loss: 0.1584
[2026-01-24 14:58:18,520] [INFO] Model initialized on device: cuda:0
[2026-01-24 14:58:18,520] [INFO] [CLIENT INIT] Mode=FEDAVG | Sparsity=OFF (UsedSparsity=0) | Clusters=OFF (UsedClusters=0) | EnvSparsityCfg={'Conv': 0.6, 'Linear': 0.6, 'Bias': 0.0, 'BatchNorm': 0.0} | EnvNClusters=3
[2026-01-24 14:58:18,746] [INFO] Model initialized on device: cuda:0
[2026-01-24 14:58:18,746] [INFO] [CLIENT INIT] Mode=FEDAVG | Sparsity=OFF (UsedSparsity=0) | Clusters=OFF (UsedClusters=0) | EnvSparsityCfg={'Conv': 0.6, 'Linear': 0.6, 'Bias': 0.0, 'BatchNorm': 0.0} | EnvNClusters=3
[2026-01-24 14:58:18,767] [INFO] Model initialized on device: cuda:0
[2026-01-24 14:58:18,767] [INFO] [CLIENT INIT] Mode=FEDAVG | Sparsity=OFF (UsedSparsity=0) | Clusters=OFF (UsedClusters=0) | EnvSparsityCfg={'Conv': 0.6, 'Linear': 0.6, 'Bias': 0.0, 'BatchNorm': 0.0} | EnvNClusters=3
[2026-01-24 14:58:18,926] [INFO] Model initialized on device: cuda:0
[2026-01-24 14:58:18,926] [INFO] [CLIENT INIT] Mode=FEDAVG | Sparsity=OFF (UsedSparsity=0) | Clusters=OFF (UsedClusters=0) | EnvSparsityCfg={'Conv': 0.6, 'Linear': 0.6, 'Bias': 0.0, 'BatchNorm': 0.0} | EnvNClusters=3
[2026-01-24 14:58:18,927] [INFO] Model initialized on device: cuda:0
[2026-01-24 14:58:18,927] [INFO] [CLIENT INIT] Mode=FEDAVG | Sparsity=OFF (UsedSparsity=0) | Clusters=OFF (UsedClusters=0) | EnvSparsityCfg={'Conv': 0.6, 'Linear': 0.6, 'Bias': 0.0, 'BatchNorm': 0.0} | EnvNClusters=3
[2026-01-24 14:58:19,024] [INFO] Model initialized on device: cuda:0
[2026-01-24 14:58:19,024] [INFO] [CLIENT INIT] Mode=FEDAVG | Sparsity=OFF (UsedSparsity=0) | Clusters=OFF (UsedClusters=0) | EnvSparsityCfg={'Conv': 0.6, 'Linear': 0.6, 'Bias': 0.0, 'BatchNorm': 0.0} | EnvNClusters=3
[2026-01-24 14:58:19,212] [INFO] Model initialized on device: cuda:0
[2026-01-24 14:58:19,212] [INFO] [CLIENT INIT] Mode=FEDAVG | Sparsity=OFF (UsedSparsity=0) | Clusters=OFF (UsedClusters=0) | EnvSparsityCfg={'Conv': 0.6, 'Linear': 0.6, 'Bias': 0.0, 'BatchNorm': 0.0} | EnvNClusters=3
[2026-01-24 14:58:19,322] [INFO] Model initialized on device: cuda:0
[2026-01-24 14:58:19,322] [INFO] [CLIENT INIT] Mode=FEDAVG | Sparsity=OFF (UsedSparsity=0) | Clusters=OFF (UsedClusters=0) | EnvSparsityCfg={'Conv': 0.6, 'Linear': 0.6, 'Bias': 0.0, 'BatchNorm': 0.0} | EnvNClusters=3
[2026-01-24 14:58:19,323] [INFO] Model initialized on device: cuda:0
[2026-01-24 14:58:19,323] [INFO] [CLIENT INIT] Mode=FEDAVG | Sparsity=OFF (UsedSparsity=0) | Clusters=OFF (UsedClusters=0) | EnvSparsityCfg={'Conv': 0.6, 'Linear': 0.6, 'Bias': 0.0, 'BatchNorm': 0.0} | EnvNClusters=3
[2026-01-24 14:58:19,336] [INFO] Model initialized on device: cuda:0
[2026-01-24 14:58:19,336] [INFO] [CLIENT INIT] Mode=FEDAVG | Sparsity=OFF (UsedSparsity=0) | Clusters=OFF (UsedClusters=0) | EnvSparsityCfg={'Conv': 0.6, 'Linear': 0.6, 'Bias': 0.0, 'BatchNorm': 0.0} | EnvNClusters=3
[2026-01-24 14:59:22,311] [INFO] [TRAIN] Epoch 4 Loss: 0.1497
[2026-01-24 15:00:16,549] [INFO] Model initialized on device: cuda:0
[2026-01-24 15:00:16,549] [INFO] [CLIENT INIT] Mode=FEDAVG | Sparsity=OFF (UsedSparsity=0) | Clusters=OFF (UsedClusters=0) | EnvSparsityCfg={'Conv': 0.6, 'Linear': 0.6, 'Bias': 0.0, 'BatchNorm': 0.0} | EnvNClusters=3
[2026-01-24 15:00:16,608] [INFO] Model initialized on device: cuda:0
[2026-01-24 15:00:16,608] [INFO] Model initialized on device: cuda:0
[2026-01-24 15:00:16,608] [INFO] [CLIENT INIT] Mode=FEDAVG | Sparsity=OFF (UsedSparsity=0) | Clusters=OFF (UsedClusters=0) | EnvSparsityCfg={'Conv': 0.6, 'Linear': 0.6, 'Bias': 0.0, 'BatchNorm': 0.0} | EnvNClusters=3
[2026-01-24 15:00:16,608] [INFO] [CLIENT INIT] Mode=FEDAVG | Sparsity=OFF (UsedSparsity=0) | Clusters=OFF (UsedClusters=0) | EnvSparsityCfg={'Conv': 0.6, 'Linear': 0.6, 'Bias': 0.0, 'BatchNorm': 0.0} | EnvNClusters=3
[2026-01-24 15:00:17,820] [INFO] Model initialized on device: cuda:0
[2026-01-24 15:00:17,820] [INFO] [CLIENT INIT] Mode=FEDAVG | Sparsity=OFF (UsedSparsity=0) | Clusters=OFF (UsedClusters=0) | EnvSparsityCfg={'Conv': 0.6, 'Linear': 0.6, 'Bias': 0.0, 'BatchNorm': 0.0} | EnvNClusters=3
[2026-01-24 15:00:17,960] [INFO] Model initialized on device: cuda:0
[2026-01-24 15:00:17,960] [INFO] [CLIENT INIT] Mode=FEDAVG | Sparsity=OFF (UsedSparsity=0) | Clusters=OFF (UsedClusters=0) | EnvSparsityCfg={'Conv': 0.6, 'Linear': 0.6, 'Bias': 0.0, 'BatchNorm': 0.0} | EnvNClusters=3
[2026-01-24 15:00:17,971] [INFO] Model initialized on device: cuda:0
[2026-01-24 15:00:17,971] [INFO] [CLIENT INIT] Mode=FEDAVG | Sparsity=OFF (UsedSparsity=0) | Clusters=OFF (UsedClusters=0) | EnvSparsityCfg={'Conv': 0.6, 'Linear': 0.6, 'Bias': 0.0, 'BatchNorm': 0.0} | EnvNClusters=3
[2026-01-24 15:00:19,250] [INFO] Model initialized on device: cuda:0
[2026-01-24 15:00:19,250] [INFO] [CLIENT INIT] Mode=FEDAVG | Sparsity=OFF (UsedSparsity=0) | Clusters=OFF (UsedClusters=0) | EnvSparsityCfg={'Conv': 0.6, 'Linear': 0.6, 'Bias': 0.0, 'BatchNorm': 0.0} | EnvNClusters=3
[2026-01-24 15:00:19,452] [INFO] Model initialized on device: cuda:0
[2026-01-24 15:00:19,452] [INFO] [CLIENT INIT] Mode=FEDAVG | Sparsity=OFF (UsedSparsity=0) | Clusters=OFF (UsedClusters=0) | EnvSparsityCfg={'Conv': 0.6, 'Linear': 0.6, 'Bias': 0.0, 'BatchNorm': 0.0} | EnvNClusters=3
[2026-01-24 15:00:19,515] [INFO] Model initialized on device: cuda:0
[2026-01-24 15:00:19,515] [INFO] [CLIENT INIT] Mode=FEDAVG | Sparsity=OFF (UsedSparsity=0) | Clusters=OFF (UsedClusters=0) | EnvSparsityCfg={'Conv': 0.6, 'Linear': 0.6, 'Bias': 0.0, 'BatchNorm': 0.0} | EnvNClusters=3
[2026-01-24 15:00:19,851] [INFO] Model initialized on device: cuda:0
[2026-01-24 15:00:19,851] [INFO] [CLIENT INIT] Mode=FEDAVG | Sparsity=OFF (UsedSparsity=0) | Clusters=OFF (UsedClusters=0) | EnvSparsityCfg={'Conv': 0.6, 'Linear': 0.6, 'Bias': 0.0, 'BatchNorm': 0.0} | EnvNClusters=3
[2026-01-24 15:01:22,215] [INFO] [TRAIN] Epoch 5 Loss: 0.1458
[2026-01-24 15:01:22,216] [INFO] [FIT] Local training finished. Avg Loss: 0.1583
[2026-01-24 15:02:21,156] [INFO] Model initialized on device: cuda:0
[2026-01-24 15:02:21,156] [INFO] [CLIENT INIT] Mode=FEDAVG | Sparsity=OFF (UsedSparsity=0) | Clusters=OFF (UsedClusters=0) | EnvSparsityCfg={'Conv': 0.6, 'Linear': 0.6, 'Bias': 0.0, 'BatchNorm': 0.0} | EnvNClusters=3
[2026-01-24 15:02:21,384] [INFO] Model initialized on device: cuda:0
[2026-01-24 15:02:21,385] [INFO] [CLIENT INIT] Mode=FEDAVG | Sparsity=OFF (UsedSparsity=0) | Clusters=OFF (UsedClusters=0) | EnvSparsityCfg={'Conv': 0.6, 'Linear': 0.6, 'Bias': 0.0, 'BatchNorm': 0.0} | EnvNClusters=3
[2026-01-24 15:02:21,401] [INFO] Model initialized on device: cuda:0
[2026-01-24 15:02:21,401] [INFO] [CLIENT INIT] Mode=FEDAVG | Sparsity=OFF (UsedSparsity=0) | Clusters=OFF (UsedClusters=0) | EnvSparsityCfg={'Conv': 0.6, 'Linear': 0.6, 'Bias': 0.0, 'BatchNorm': 0.0} | EnvNClusters=3
[2026-01-24 15:02:21,438] [INFO] Model initialized on device: cuda:0
[2026-01-24 15:02:21,438] [INFO] [CLIENT INIT] Mode=FEDAVG | Sparsity=OFF (UsedSparsity=0) | Clusters=OFF (UsedClusters=0) | EnvSparsityCfg={'Conv': 0.6, 'Linear': 0.6, 'Bias': 0.0, 'BatchNorm': 0.0} | EnvNClusters=3
[2026-01-24 15:02:21,440] [INFO] Model initialized on device: cuda:0
[2026-01-24 15:02:21,440] [INFO] Model initialized on device: cuda:0
[2026-01-24 15:02:21,440] [INFO] [CLIENT INIT] Mode=FEDAVG | Sparsity=OFF (UsedSparsity=0) | Clusters=OFF (UsedClusters=0) | EnvSparsityCfg={'Conv': 0.6, 'Linear': 0.6, 'Bias': 0.0, 'BatchNorm': 0.0} | EnvNClusters=3
[2026-01-24 15:02:21,440] [INFO] [CLIENT INIT] Mode=FEDAVG | Sparsity=OFF (UsedSparsity=0) | Clusters=OFF (UsedClusters=0) | EnvSparsityCfg={'Conv': 0.6, 'Linear': 0.6, 'Bias': 0.0, 'BatchNorm': 0.0} | EnvNClusters=3
[2026-01-24 15:02:21,449] [INFO] Model initialized on device: cuda:0
[2026-01-24 15:02:21,449] [INFO] [CLIENT INIT] Mode=FEDAVG | Sparsity=OFF (UsedSparsity=0) | Clusters=OFF (UsedClusters=0) | EnvSparsityCfg={'Conv': 0.6, 'Linear': 0.6, 'Bias': 0.0, 'BatchNorm': 0.0} | EnvNClusters=3
[2026-01-24 15:02:21,865] [INFO] Model initialized on device: cuda:0
[2026-01-24 15:02:21,866] [INFO] [CLIENT INIT] Mode=FEDAVG | Sparsity=OFF (UsedSparsity=0) | Clusters=OFF (UsedClusters=0) | EnvSparsityCfg={'Conv': 0.6, 'Linear': 0.6, 'Bias': 0.0, 'BatchNorm': 0.0} | EnvNClusters=3
[2026-01-24 15:02:22,125] [INFO] Model initialized on device: cuda:0
[2026-01-24 15:02:22,125] [INFO] [CLIENT INIT] Mode=FEDAVG | Sparsity=OFF (UsedSparsity=0) | Clusters=OFF (UsedClusters=0) | EnvSparsityCfg={'Conv': 0.6, 'Linear': 0.6, 'Bias': 0.0, 'BatchNorm': 0.0} | EnvNClusters=3
[2026-01-24 15:02:22,125] [INFO] Model initialized on device: cuda:0
[2026-01-24 15:02:22,125] [INFO] [CLIENT INIT] Mode=FEDAVG | Sparsity=OFF (UsedSparsity=0) | Clusters=OFF (UsedClusters=0) | EnvSparsityCfg={'Conv': 0.6, 'Linear': 0.6, 'Bias': 0.0, 'BatchNorm': 0.0} | EnvNClusters=3
[2026-01-24 15:02:25,315] [DEBUG] [TEST] Batch 1 | Pred shape: torch.Size([256, 256, 160]) | Label shape: torch.Size([256, 256, 160])
[2026-01-24 15:02:25,847] [DEBUG] [TEST] Batch 2 | Pred shape: torch.Size([256, 256, 160]) | Label shape: torch.Size([256, 256, 160])
[2026-01-24 15:02:26,007] [DEBUG] [TEST] Batch 3 | Pred shape: torch.Size([256, 256, 160]) | Label shape: torch.Size([256, 256, 160])
[2026-01-24 15:02:26,167] [DEBUG] [TEST] Batch 4 | Pred shape: torch.Size([256, 256, 160]) | Label shape: torch.Size([256, 256, 160])
[2026-01-24 15:02:26,305] [DEBUG] [TEST] Batch 5 | Pred shape: torch.Size([256, 256, 160]) | Label shape: torch.Size([256, 256, 160])
[2026-01-24 15:02:26,443] [DEBUG] [TEST] Batch 6 | Pred shape: torch.Size([256, 256, 160]) | Label shape: torch.Size([256, 256, 160])
[2026-01-24 15:02:26,587] [DEBUG] [TEST] Batch 7 | Pred shape: torch.Size([256, 256, 160]) | Label shape: torch.Size([256, 256, 160])
[2026-01-24 15:02:26,716] [DEBUG] [TEST] Batch 8 | Pred shape: torch.Size([256, 256, 160]) | Label shape: torch.Size([256, 256, 160])
[2026-01-24 15:02:26,850] [DEBUG] [TEST] Batch 9 | Pred shape: torch.Size([256, 256, 160]) | Label shape: torch.Size([256, 256, 160])
[2026-01-24 15:02:26,991] [DEBUG] [TEST] Batch 10 | Pred shape: torch.Size([256, 256, 160]) | Label shape: torch.Size([256, 256, 160])
[2026-01-24 15:02:33,967] [INFO] [FIT] Final model saved to: Revision2/Run_UNET_IID_Fedavg_20260124/Client4/model_final.pth
[2026-01-24 15:02:33,974] [INFO] [COMM][CLIENT] Round=-1 Mode=FEDAVG UsedSparsity=0 UsedClusters=0 BaselineBits=154016352.0 CompressedBits=154016352.0 CR=1.000
[2026-01-24 15:02:59,118] [INFO] [EVALUATE] Starting evaluation...
[2026-01-24 15:03:01,311] [INFO] [DEBUG] Loaded uncompressed weights.
[2026-01-24 15:04:09,956] [INFO] Model initialized on device: cuda:0
[2026-01-24 15:04:09,956] [INFO] [CLIENT INIT] Mode=FEDAVG | Sparsity=OFF (UsedSparsity=0) | Clusters=OFF (UsedClusters=0) | EnvSparsityCfg={'Conv': 0.6, 'Linear': 0.6, 'Bias': 0.0, 'BatchNorm': 0.0} | EnvNClusters=3
[2026-01-24 15:04:10,841] [INFO] Model initialized on device: cuda:0
[2026-01-24 15:04:10,841] [INFO] [CLIENT INIT] Mode=FEDAVG | Sparsity=OFF (UsedSparsity=0) | Clusters=OFF (UsedClusters=0) | EnvSparsityCfg={'Conv': 0.6, 'Linear': 0.6, 'Bias': 0.0, 'BatchNorm': 0.0} | EnvNClusters=3
[2026-01-24 15:04:11,040] [INFO] Model initialized on device: cuda:0
[2026-01-24 15:04:11,040] [INFO] [CLIENT INIT] Mode=FEDAVG | Sparsity=OFF (UsedSparsity=0) | Clusters=OFF (UsedClusters=0) | EnvSparsityCfg={'Conv': 0.6, 'Linear': 0.6, 'Bias': 0.0, 'BatchNorm': 0.0} | EnvNClusters=3
[2026-01-24 15:04:11,111] [INFO] Model initialized on device: cuda:0
[2026-01-24 15:04:11,111] [INFO] [CLIENT INIT] Mode=FEDAVG | Sparsity=OFF (UsedSparsity=0) | Clusters=OFF (UsedClusters=0) | EnvSparsityCfg={'Conv': 0.6, 'Linear': 0.6, 'Bias': 0.0, 'BatchNorm': 0.0} | EnvNClusters=3
[2026-01-24 15:04:11,114] [INFO] Model initialized on device: cuda:0
[2026-01-24 15:04:11,114] [INFO] [CLIENT INIT] Mode=FEDAVG | Sparsity=OFF (UsedSparsity=0) | Clusters=OFF (UsedClusters=0) | EnvSparsityCfg={'Conv': 0.6, 'Linear': 0.6, 'Bias': 0.0, 'BatchNorm': 0.0} | EnvNClusters=3
[2026-01-24 15:04:11,213] [INFO] Model initialized on device: cuda:0
[2026-01-24 15:04:11,213] [INFO] [CLIENT INIT] Mode=FEDAVG | Sparsity=OFF (UsedSparsity=0) | Clusters=OFF (UsedClusters=0) | EnvSparsityCfg={'Conv': 0.6, 'Linear': 0.6, 'Bias': 0.0, 'BatchNorm': 0.0} | EnvNClusters=3
[2026-01-24 15:04:11,215] [INFO] Model initialized on device: cuda:0
[2026-01-24 15:04:11,215] [INFO] [CLIENT INIT] Mode=FEDAVG | Sparsity=OFF (UsedSparsity=0) | Clusters=OFF (UsedClusters=0) | EnvSparsityCfg={'Conv': 0.6, 'Linear': 0.6, 'Bias': 0.0, 'BatchNorm': 0.0} | EnvNClusters=3
[2026-01-24 15:04:11,330] [INFO] Model initialized on device: cuda:0
[2026-01-24 15:04:11,330] [INFO] [CLIENT INIT] Mode=FEDAVG | Sparsity=OFF (UsedSparsity=0) | Clusters=OFF (UsedClusters=0) | EnvSparsityCfg={'Conv': 0.6, 'Linear': 0.6, 'Bias': 0.0, 'BatchNorm': 0.0} | EnvNClusters=3
[2026-01-24 15:04:11,331] [INFO] Model initialized on device: cuda:0
[2026-01-24 15:04:11,331] [INFO] [CLIENT INIT] Mode=FEDAVG | Sparsity=OFF (UsedSparsity=0) | Clusters=OFF (UsedClusters=0) | EnvSparsityCfg={'Conv': 0.6, 'Linear': 0.6, 'Bias': 0.0, 'BatchNorm': 0.0} | EnvNClusters=3
[2026-01-24 15:04:11,345] [INFO] Model initialized on device: cuda:0
[2026-01-24 15:04:11,345] [INFO] [CLIENT INIT] Mode=FEDAVG | Sparsity=OFF (UsedSparsity=0) | Clusters=OFF (UsedClusters=0) | EnvSparsityCfg={'Conv': 0.6, 'Linear': 0.6, 'Bias': 0.0, 'BatchNorm': 0.0} | EnvNClusters=3
[2026-01-24 15:04:17,014] [DEBUG] [TEST] Batch 1 | Pred shape: torch.Size([256, 256, 160]) | Label shape: torch.Size([256, 256, 160])
[2026-01-24 15:04:18,097] [DEBUG] [TEST] Batch 2 | Pred shape: torch.Size([256, 256, 160]) | Label shape: torch.Size([256, 256, 160])
[2026-01-24 15:04:18,323] [DEBUG] [TEST] Batch 3 | Pred shape: torch.Size([256, 256, 160]) | Label shape: torch.Size([256, 256, 160])
[2026-01-24 15:04:18,560] [DEBUG] [TEST] Batch 4 | Pred shape: torch.Size([256, 256, 160]) | Label shape: torch.Size([256, 256, 160])
[2026-01-24 15:04:18,787] [DEBUG] [TEST] Batch 5 | Pred shape: torch.Size([256, 256, 160]) | Label shape: torch.Size([256, 256, 160])
[2026-01-24 15:04:19,004] [DEBUG] [TEST] Batch 6 | Pred shape: torch.Size([256, 256, 160]) | Label shape: torch.Size([256, 256, 160])
[2026-01-24 15:04:19,213] [DEBUG] [TEST] Batch 7 | Pred shape: torch.Size([256, 256, 160]) | Label shape: torch.Size([256, 256, 160])
[2026-01-24 15:04:19,395] [DEBUG] [TEST] Batch 8 | Pred shape: torch.Size([256, 256, 160]) | Label shape: torch.Size([256, 256, 160])
[2026-01-24 15:04:19,576] [DEBUG] [TEST] Batch 9 | Pred shape: torch.Size([256, 256, 160]) | Label shape: torch.Size([256, 256, 160])
[2026-01-24 15:04:19,762] [DEBUG] [TEST] Batch 10 | Pred shape: torch.Size([256, 256, 160]) | Label shape: torch.Size([256, 256, 160])
[2026-01-24 15:04:27,349] [INFO] [EVALUATE] Dice WT: 1.0000
[2026-01-24 15:04:29,313] [INFO] [FIT] Received parameters. Starting local training...
[2026-01-24 15:04:31,411] [INFO] [DEBUG] Loaded uncompressed weights.
[2026-01-24 15:05:39,829] [INFO] Model initialized on device: cuda:0
[2026-01-24 15:05:39,829] [INFO] [CLIENT INIT] Mode=FEDAVG | Sparsity=OFF (UsedSparsity=0) | Clusters=OFF (UsedClusters=0) | EnvSparsityCfg={'Conv': 0.6, 'Linear': 0.6, 'Bias': 0.0, 'BatchNorm': 0.0} | EnvNClusters=3
[2026-01-24 15:05:40,711] [INFO] Model initialized on device: cuda:0
[2026-01-24 15:05:40,711] [INFO] [CLIENT INIT] Mode=FEDAVG | Sparsity=OFF (UsedSparsity=0) | Clusters=OFF (UsedClusters=0) | EnvSparsityCfg={'Conv': 0.6, 'Linear': 0.6, 'Bias': 0.0, 'BatchNorm': 0.0} | EnvNClusters=3
[2026-01-24 15:05:40,809] [INFO] Model initialized on device: cuda:0
[2026-01-24 15:05:40,810] [INFO] [CLIENT INIT] Mode=FEDAVG | Sparsity=OFF (UsedSparsity=0) | Clusters=OFF (UsedClusters=0) | EnvSparsityCfg={'Conv': 0.6, 'Linear': 0.6, 'Bias': 0.0, 'BatchNorm': 0.0} | EnvNClusters=3
[2026-01-24 15:05:40,913] [INFO] Model initialized on device: cuda:0
[2026-01-24 15:05:40,913] [INFO] [CLIENT INIT] Mode=FEDAVG | Sparsity=OFF (UsedSparsity=0) | Clusters=OFF (UsedClusters=0) | EnvSparsityCfg={'Conv': 0.6, 'Linear': 0.6, 'Bias': 0.0, 'BatchNorm': 0.0} | EnvNClusters=3
[2026-01-24 15:05:41,012] [INFO] Model initialized on device: cuda:0
[2026-01-24 15:05:41,012] [INFO] [CLIENT INIT] Mode=FEDAVG | Sparsity=OFF (UsedSparsity=0) | Clusters=OFF (UsedClusters=0) | EnvSparsityCfg={'Conv': 0.6, 'Linear': 0.6, 'Bias': 0.0, 'BatchNorm': 0.0} | EnvNClusters=3
[2026-01-24 15:05:41,025] [INFO] Model initialized on device: cuda:0
[2026-01-24 15:05:41,025] [INFO] [CLIENT INIT] Mode=FEDAVG | Sparsity=OFF (UsedSparsity=0) | Clusters=OFF (UsedClusters=0) | EnvSparsityCfg={'Conv': 0.6, 'Linear': 0.6, 'Bias': 0.0, 'BatchNorm': 0.0} | EnvNClusters=3
[2026-01-24 15:05:41,109] [INFO] Model initialized on device: cuda:0
[2026-01-24 15:05:41,110] [INFO] [CLIENT INIT] Mode=FEDAVG | Sparsity=OFF (UsedSparsity=0) | Clusters=OFF (UsedClusters=0) | EnvSparsityCfg={'Conv': 0.6, 'Linear': 0.6, 'Bias': 0.0, 'BatchNorm': 0.0} | EnvNClusters=3
[2026-01-24 15:05:41,113] [INFO] Model initialized on device: cuda:0
[2026-01-24 15:05:41,113] [INFO] [CLIENT INIT] Mode=FEDAVG | Sparsity=OFF (UsedSparsity=0) | Clusters=OFF (UsedClusters=0) | EnvSparsityCfg={'Conv': 0.6, 'Linear': 0.6, 'Bias': 0.0, 'BatchNorm': 0.0} | EnvNClusters=3
[2026-01-24 15:05:41,123] [INFO] Model initialized on device: cuda:0
[2026-01-24 15:05:41,124] [INFO] [CLIENT INIT] Mode=FEDAVG | Sparsity=OFF (UsedSparsity=0) | Clusters=OFF (UsedClusters=0) | EnvSparsityCfg={'Conv': 0.6, 'Linear': 0.6, 'Bias': 0.0, 'BatchNorm': 0.0} | EnvNClusters=3
[2026-01-24 15:05:41,125] [INFO] Model initialized on device: cuda:0
[2026-01-24 15:05:41,125] [INFO] [CLIENT INIT] Mode=FEDAVG | Sparsity=OFF (UsedSparsity=0) | Clusters=OFF (UsedClusters=0) | EnvSparsityCfg={'Conv': 0.6, 'Linear': 0.6, 'Bias': 0.0, 'BatchNorm': 0.0} | EnvNClusters=3
[2026-01-24 15:06:55,240] [INFO] [TRAIN] Epoch 1 Loss: 0.1510
[2026-01-24 15:08:02,240] [INFO] Model initialized on device: cuda:0
[2026-01-24 15:08:02,240] [INFO] [CLIENT INIT] Mode=FEDAVG | Sparsity=OFF (UsedSparsity=0) | Clusters=OFF (UsedClusters=0) | EnvSparsityCfg={'Conv': 0.6, 'Linear': 0.6, 'Bias': 0.0, 'BatchNorm': 0.0} | EnvNClusters=3
[2026-01-24 15:08:03,109] [INFO] Model initialized on device: cuda:0
[2026-01-24 15:08:03,109] [INFO] [CLIENT INIT] Mode=FEDAVG | Sparsity=OFF (UsedSparsity=0) | Clusters=OFF (UsedClusters=0) | EnvSparsityCfg={'Conv': 0.6, 'Linear': 0.6, 'Bias': 0.0, 'BatchNorm': 0.0} | EnvNClusters=3
[2026-01-24 15:08:03,116] [INFO] Model initialized on device: cuda:0
[2026-01-24 15:08:03,116] [INFO] [CLIENT INIT] Mode=FEDAVG | Sparsity=OFF (UsedSparsity=0) | Clusters=OFF (UsedClusters=0) | EnvSparsityCfg={'Conv': 0.6, 'Linear': 0.6, 'Bias': 0.0, 'BatchNorm': 0.0} | EnvNClusters=3
[2026-01-24 15:08:03,238] [INFO] Model initialized on device: cuda:0
[2026-01-24 15:08:03,238] [INFO] [CLIENT INIT] Mode=FEDAVG | Sparsity=OFF (UsedSparsity=0) | Clusters=OFF (UsedClusters=0) | EnvSparsityCfg={'Conv': 0.6, 'Linear': 0.6, 'Bias': 0.0, 'BatchNorm': 0.0} | EnvNClusters=3
[2026-01-24 15:08:03,241] [INFO] Model initialized on device: cuda:0
[2026-01-24 15:08:03,242] [INFO] [CLIENT INIT] Mode=FEDAVG | Sparsity=OFF (UsedSparsity=0) | Clusters=OFF (UsedClusters=0) | EnvSparsityCfg={'Conv': 0.6, 'Linear': 0.6, 'Bias': 0.0, 'BatchNorm': 0.0} | EnvNClusters=3
[2026-01-24 15:08:03,413] [INFO] Model initialized on device: cuda:0
[2026-01-24 15:08:03,413] [INFO] [CLIENT INIT] Mode=FEDAVG | Sparsity=OFF (UsedSparsity=0) | Clusters=OFF (UsedClusters=0) | EnvSparsityCfg={'Conv': 0.6, 'Linear': 0.6, 'Bias': 0.0, 'BatchNorm': 0.0} | EnvNClusters=3
[2026-01-24 15:08:03,413] [INFO] Model initialized on device: cuda:0
[2026-01-24 15:08:03,413] [INFO] [CLIENT INIT] Mode=FEDAVG | Sparsity=OFF (UsedSparsity=0) | Clusters=OFF (UsedClusters=0) | EnvSparsityCfg={'Conv': 0.6, 'Linear': 0.6, 'Bias': 0.0, 'BatchNorm': 0.0} | EnvNClusters=3
[2026-01-24 15:08:03,611] [INFO] Model initialized on device: cuda:0
[2026-01-24 15:08:03,611] [INFO] [CLIENT INIT] Mode=FEDAVG | Sparsity=OFF (UsedSparsity=0) | Clusters=OFF (UsedClusters=0) | EnvSparsityCfg={'Conv': 0.6, 'Linear': 0.6, 'Bias': 0.0, 'BatchNorm': 0.0} | EnvNClusters=3
[2026-01-24 15:08:03,711] [INFO] Model initialized on device: cuda:0
[2026-01-24 15:08:03,712] [INFO] [CLIENT INIT] Mode=FEDAVG | Sparsity=OFF (UsedSparsity=0) | Clusters=OFF (UsedClusters=0) | EnvSparsityCfg={'Conv': 0.6, 'Linear': 0.6, 'Bias': 0.0, 'BatchNorm': 0.0} | EnvNClusters=3
[2026-01-24 15:08:03,714] [INFO] Model initialized on device: cuda:0
[2026-01-24 15:08:03,714] [INFO] [CLIENT INIT] Mode=FEDAVG | Sparsity=OFF (UsedSparsity=0) | Clusters=OFF (UsedClusters=0) | EnvSparsityCfg={'Conv': 0.6, 'Linear': 0.6, 'Bias': 0.0, 'BatchNorm': 0.0} | EnvNClusters=3
[2026-01-24 15:09:08,615] [INFO] [TRAIN] Epoch 2 Loss: 0.1398
[2026-01-24 15:09:49,520] [INFO] Model initialized on device: cuda:0
[2026-01-24 15:09:49,521] [INFO] [CLIENT INIT] Mode=FEDAVG | Sparsity=OFF (UsedSparsity=0) | Clusters=OFF (UsedClusters=0) | EnvSparsityCfg={'Conv': 0.6, 'Linear': 0.6, 'Bias': 0.0, 'BatchNorm': 0.0} | EnvNClusters=3
[2026-01-24 15:09:49,841] [INFO] Model initialized on device: cuda:0
[2026-01-24 15:09:49,841] [INFO] [CLIENT INIT] Mode=FEDAVG | Sparsity=OFF (UsedSparsity=0) | Clusters=OFF (UsedClusters=0) | EnvSparsityCfg={'Conv': 0.6, 'Linear': 0.6, 'Bias': 0.0, 'BatchNorm': 0.0} | EnvNClusters=3
[2026-01-24 15:09:50,542] [INFO] Model initialized on device: cuda:0
[2026-01-24 15:09:50,542] [INFO] [CLIENT INIT] Mode=FEDAVG | Sparsity=OFF (UsedSparsity=0) | Clusters=OFF (UsedClusters=0) | EnvSparsityCfg={'Conv': 0.6, 'Linear': 0.6, 'Bias': 0.0, 'BatchNorm': 0.0} | EnvNClusters=3
[2026-01-24 15:09:54,924] [INFO] Model initialized on device: cuda:0
[2026-01-24 15:09:54,924] [INFO] [CLIENT INIT] Mode=FEDAVG | Sparsity=OFF (UsedSparsity=0) | Clusters=OFF (UsedClusters=0) | EnvSparsityCfg={'Conv': 0.6, 'Linear': 0.6, 'Bias': 0.0, 'BatchNorm': 0.0} | EnvNClusters=3
[2026-01-24 15:09:55,425] [INFO] Model initialized on device: cuda:0
[2026-01-24 15:09:55,426] [INFO] [CLIENT INIT] Mode=FEDAVG | Sparsity=OFF (UsedSparsity=0) | Clusters=OFF (UsedClusters=0) | EnvSparsityCfg={'Conv': 0.6, 'Linear': 0.6, 'Bias': 0.0, 'BatchNorm': 0.0} | EnvNClusters=3
[2026-01-24 15:09:55,432] [INFO] Model initialized on device: cuda:0
[2026-01-24 15:09:55,432] [INFO] [CLIENT INIT] Mode=FEDAVG | Sparsity=OFF (UsedSparsity=0) | Clusters=OFF (UsedClusters=0) | EnvSparsityCfg={'Conv': 0.6, 'Linear': 0.6, 'Bias': 0.0, 'BatchNorm': 0.0} | EnvNClusters=3
[2026-01-24 15:09:55,727] [INFO] Model initialized on device: cuda:0
[2026-01-24 15:09:55,727] [INFO] [CLIENT INIT] Mode=FEDAVG | Sparsity=OFF (UsedSparsity=0) | Clusters=OFF (UsedClusters=0) | EnvSparsityCfg={'Conv': 0.6, 'Linear': 0.6, 'Bias': 0.0, 'BatchNorm': 0.0} | EnvNClusters=3
[2026-01-24 15:10:00,241] [INFO] Model initialized on device: cuda:0
[2026-01-24 15:10:00,241] [INFO] [CLIENT INIT] Mode=FEDAVG | Sparsity=OFF (UsedSparsity=0) | Clusters=OFF (UsedClusters=0) | EnvSparsityCfg={'Conv': 0.6, 'Linear': 0.6, 'Bias': 0.0, 'BatchNorm': 0.0} | EnvNClusters=3
[2026-01-24 15:10:00,425] [INFO] Model initialized on device: cuda:0
[2026-01-24 15:10:00,425] [INFO] [CLIENT INIT] Mode=FEDAVG | Sparsity=OFF (UsedSparsity=0) | Clusters=OFF (UsedClusters=0) | EnvSparsityCfg={'Conv': 0.6, 'Linear': 0.6, 'Bias': 0.0, 'BatchNorm': 0.0} | EnvNClusters=3
[2026-01-24 15:10:00,825] [INFO] Model initialized on device: cuda:0
[2026-01-24 15:10:00,825] [INFO] [CLIENT INIT] Mode=FEDAVG | Sparsity=OFF (UsedSparsity=0) | Clusters=OFF (UsedClusters=0) | EnvSparsityCfg={'Conv': 0.6, 'Linear': 0.6, 'Bias': 0.0, 'BatchNorm': 0.0} | EnvNClusters=3
[2026-01-24 15:11:04,717] [INFO] [TRAIN] Epoch 3 Loss: 0.1357
[2026-01-24 15:11:36,223] [INFO] Model initialized on device: cuda:0
[2026-01-24 15:11:36,223] [INFO] [CLIENT INIT] Mode=FEDAVG | Sparsity=OFF (UsedSparsity=0) | Clusters=OFF (UsedClusters=0) | EnvSparsityCfg={'Conv': 0.6, 'Linear': 0.6, 'Bias': 0.0, 'BatchNorm': 0.0} | EnvNClusters=3
[2026-01-24 15:11:40,642] [INFO] Model initialized on device: cuda:0
[2026-01-24 15:11:40,642] [INFO] [CLIENT INIT] Mode=FEDAVG | Sparsity=OFF (UsedSparsity=0) | Clusters=OFF (UsedClusters=0) | EnvSparsityCfg={'Conv': 0.6, 'Linear': 0.6, 'Bias': 0.0, 'BatchNorm': 0.0} | EnvNClusters=3
[2026-01-24 15:11:40,946] [INFO] Model initialized on device: cuda:0
[2026-01-24 15:11:40,946] [INFO] [CLIENT INIT] Mode=FEDAVG | Sparsity=OFF (UsedSparsity=0) | Clusters=OFF (UsedClusters=0) | EnvSparsityCfg={'Conv': 0.6, 'Linear': 0.6, 'Bias': 0.0, 'BatchNorm': 0.0} | EnvNClusters=3
[2026-01-24 15:11:44,831] [INFO] Model initialized on device: cuda:0
[2026-01-24 15:11:44,831] [INFO] [CLIENT INIT] Mode=FEDAVG | Sparsity=OFF (UsedSparsity=0) | Clusters=OFF (UsedClusters=0) | EnvSparsityCfg={'Conv': 0.6, 'Linear': 0.6, 'Bias': 0.0, 'BatchNorm': 0.0} | EnvNClusters=3
[2026-01-24 15:11:46,947] [INFO] Model initialized on device: cuda:0
[2026-01-24 15:11:46,947] [INFO] [CLIENT INIT] Mode=FEDAVG | Sparsity=OFF (UsedSparsity=0) | Clusters=OFF (UsedClusters=0) | EnvSparsityCfg={'Conv': 0.6, 'Linear': 0.6, 'Bias': 0.0, 'BatchNorm': 0.0} | EnvNClusters=3
[2026-01-24 15:11:47,610] [INFO] Model initialized on device: cuda:0
[2026-01-24 15:11:47,610] [INFO] [CLIENT INIT] Mode=FEDAVG | Sparsity=OFF (UsedSparsity=0) | Clusters=OFF (UsedClusters=0) | EnvSparsityCfg={'Conv': 0.6, 'Linear': 0.6, 'Bias': 0.0, 'BatchNorm': 0.0} | EnvNClusters=3
[2026-01-24 15:11:47,824] [INFO] Model initialized on device: cuda:0
[2026-01-24 15:11:47,824] [INFO] Model initialized on device: cuda:0
[2026-01-24 15:11:47,824] [INFO] [CLIENT INIT] Mode=FEDAVG | Sparsity=OFF (UsedSparsity=0) | Clusters=OFF (UsedClusters=0) | EnvSparsityCfg={'Conv': 0.6, 'Linear': 0.6, 'Bias': 0.0, 'BatchNorm': 0.0} | EnvNClusters=3
[2026-01-24 15:11:47,824] [INFO] [CLIENT INIT] Mode=FEDAVG | Sparsity=OFF (UsedSparsity=0) | Clusters=OFF (UsedClusters=0) | EnvSparsityCfg={'Conv': 0.6, 'Linear': 0.6, 'Bias': 0.0, 'BatchNorm': 0.0} | EnvNClusters=3
[2026-01-24 15:11:48,024] [INFO] Model initialized on device: cuda:0
[2026-01-24 15:11:48,024] [INFO] [CLIENT INIT] Mode=FEDAVG | Sparsity=OFF (UsedSparsity=0) | Clusters=OFF (UsedClusters=0) | EnvSparsityCfg={'Conv': 0.6, 'Linear': 0.6, 'Bias': 0.0, 'BatchNorm': 0.0} | EnvNClusters=3
[2026-01-24 15:11:48,214] [INFO] Model initialized on device: cuda:0
[2026-01-24 15:11:48,214] [INFO] [CLIENT INIT] Mode=FEDAVG | Sparsity=OFF (UsedSparsity=0) | Clusters=OFF (UsedClusters=0) | EnvSparsityCfg={'Conv': 0.6, 'Linear': 0.6, 'Bias': 0.0, 'BatchNorm': 0.0} | EnvNClusters=3
[2026-01-24 15:12:51,414] [INFO] [TRAIN] Epoch 4 Loss: 0.1458
[2026-01-24 15:13:26,628] [INFO] Model initialized on device: cuda:0
[2026-01-24 15:13:26,628] [INFO] [CLIENT INIT] Mode=FEDAVG | Sparsity=OFF (UsedSparsity=0) | Clusters=OFF (UsedClusters=0) | EnvSparsityCfg={'Conv': 0.6, 'Linear': 0.6, 'Bias': 0.0, 'BatchNorm': 0.0} | EnvNClusters=3
[2026-01-24 15:13:27,420] [INFO] Model initialized on device: cuda:0
[2026-01-24 15:13:27,420] [INFO] [CLIENT INIT] Mode=FEDAVG | Sparsity=OFF (UsedSparsity=0) | Clusters=OFF (UsedClusters=0) | EnvSparsityCfg={'Conv': 0.6, 'Linear': 0.6, 'Bias': 0.0, 'BatchNorm': 0.0} | EnvNClusters=3
[2026-01-24 15:13:32,224] [INFO] Model initialized on device: cuda:0
[2026-01-24 15:13:32,224] [INFO] [CLIENT INIT] Mode=FEDAVG | Sparsity=OFF (UsedSparsity=0) | Clusters=OFF (UsedClusters=0) | EnvSparsityCfg={'Conv': 0.6, 'Linear': 0.6, 'Bias': 0.0, 'BatchNorm': 0.0} | EnvNClusters=3
[2026-01-24 15:13:34,811] [INFO] Model initialized on device: cuda:0
[2026-01-24 15:13:34,811] [INFO] [CLIENT INIT] Mode=FEDAVG | Sparsity=OFF (UsedSparsity=0) | Clusters=OFF (UsedClusters=0) | EnvSparsityCfg={'Conv': 0.6, 'Linear': 0.6, 'Bias': 0.0, 'BatchNorm': 0.0} | EnvNClusters=3
[2026-01-24 15:13:37,019] [INFO] Model initialized on device: cuda:0
[2026-01-24 15:13:37,019] [INFO] [CLIENT INIT] Mode=FEDAVG | Sparsity=OFF (UsedSparsity=0) | Clusters=OFF (UsedClusters=0) | EnvSparsityCfg={'Conv': 0.6, 'Linear': 0.6, 'Bias': 0.0, 'BatchNorm': 0.0} | EnvNClusters=3
[2026-01-24 15:13:38,011] [INFO] Model initialized on device: cuda:0
[2026-01-24 15:13:38,011] [INFO] [CLIENT INIT] Mode=FEDAVG | Sparsity=OFF (UsedSparsity=0) | Clusters=OFF (UsedClusters=0) | EnvSparsityCfg={'Conv': 0.6, 'Linear': 0.6, 'Bias': 0.0, 'BatchNorm': 0.0} | EnvNClusters=3
[2026-01-24 15:13:38,028] [INFO] Model initialized on device: cuda:0
[2026-01-24 15:13:38,028] [INFO] [CLIENT INIT] Mode=FEDAVG | Sparsity=OFF (UsedSparsity=0) | Clusters=OFF (UsedClusters=0) | EnvSparsityCfg={'Conv': 0.6, 'Linear': 0.6, 'Bias': 0.0, 'BatchNorm': 0.0} | EnvNClusters=3
[2026-01-24 15:13:38,137] [INFO] Model initialized on device: cuda:0
[2026-01-24 15:13:38,137] [INFO] [CLIENT INIT] Mode=FEDAVG | Sparsity=OFF (UsedSparsity=0) | Clusters=OFF (UsedClusters=0) | EnvSparsityCfg={'Conv': 0.6, 'Linear': 0.6, 'Bias': 0.0, 'BatchNorm': 0.0} | EnvNClusters=3
[2026-01-24 15:13:38,210] [INFO] Model initialized on device: cuda:0
[2026-01-24 15:13:38,211] [INFO] [CLIENT INIT] Mode=FEDAVG | Sparsity=OFF (UsedSparsity=0) | Clusters=OFF (UsedClusters=0) | EnvSparsityCfg={'Conv': 0.6, 'Linear': 0.6, 'Bias': 0.0, 'BatchNorm': 0.0} | EnvNClusters=3
[2026-01-24 15:13:38,319] [INFO] Model initialized on device: cuda:0
[2026-01-24 15:13:38,319] [INFO] [CLIENT INIT] Mode=FEDAVG | Sparsity=OFF (UsedSparsity=0) | Clusters=OFF (UsedClusters=0) | EnvSparsityCfg={'Conv': 0.6, 'Linear': 0.6, 'Bias': 0.0, 'BatchNorm': 0.0} | EnvNClusters=3
[2026-01-24 15:14:43,758] [INFO] [TRAIN] Epoch 5 Loss: 0.1352
[2026-01-24 15:14:43,808] [INFO] [FIT] Local training finished. Avg Loss: 0.1415
[2026-01-24 15:15:12,764] [INFO] Model initialized on device: cuda:0
[2026-01-24 15:15:12,765] [INFO] [CLIENT INIT] Mode=FEDAVG | Sparsity=OFF (UsedSparsity=0) | Clusters=OFF (UsedClusters=0) | EnvSparsityCfg={'Conv': 0.6, 'Linear': 0.6, 'Bias': 0.0, 'BatchNorm': 0.0} | EnvNClusters=3
[2026-01-24 15:15:13,431] [INFO] Model initialized on device: cuda:0
[2026-01-24 15:15:13,431] [INFO] [CLIENT INIT] Mode=FEDAVG | Sparsity=OFF (UsedSparsity=0) | Clusters=OFF (UsedClusters=0) | EnvSparsityCfg={'Conv': 0.6, 'Linear': 0.6, 'Bias': 0.0, 'BatchNorm': 0.0} | EnvNClusters=3
[2026-01-24 15:15:13,779] [INFO] Model initialized on device: cuda:0
[2026-01-24 15:15:13,779] [INFO] [CLIENT INIT] Mode=FEDAVG | Sparsity=OFF (UsedSparsity=0) | Clusters=OFF (UsedClusters=0) | EnvSparsityCfg={'Conv': 0.6, 'Linear': 0.6, 'Bias': 0.0, 'BatchNorm': 0.0} | EnvNClusters=3
[2026-01-24 15:15:17,561] [INFO] Model initialized on device: cuda:0
[2026-01-24 15:15:17,561] [INFO] [CLIENT INIT] Mode=FEDAVG | Sparsity=OFF (UsedSparsity=0) | Clusters=OFF (UsedClusters=0) | EnvSparsityCfg={'Conv': 0.6, 'Linear': 0.6, 'Bias': 0.0, 'BatchNorm': 0.0} | EnvNClusters=3
[2026-01-24 15:15:17,636] [INFO] Model initialized on device: cuda:0
[2026-01-24 15:15:17,636] [INFO] [CLIENT INIT] Mode=FEDAVG | Sparsity=OFF (UsedSparsity=0) | Clusters=OFF (UsedClusters=0) | EnvSparsityCfg={'Conv': 0.6, 'Linear': 0.6, 'Bias': 0.0, 'BatchNorm': 0.0} | EnvNClusters=3
[2026-01-24 15:15:17,636] [INFO] Model initialized on device: cuda:0
[2026-01-24 15:15:17,636] [INFO] [CLIENT INIT] Mode=FEDAVG | Sparsity=OFF (UsedSparsity=0) | Clusters=OFF (UsedClusters=0) | EnvSparsityCfg={'Conv': 0.6, 'Linear': 0.6, 'Bias': 0.0, 'BatchNorm': 0.0} | EnvNClusters=3
[2026-01-24 15:15:17,823] [INFO] Model initialized on device: cuda:0
[2026-01-24 15:15:17,823] [INFO] [CLIENT INIT] Mode=FEDAVG | Sparsity=OFF (UsedSparsity=0) | Clusters=OFF (UsedClusters=0) | EnvSparsityCfg={'Conv': 0.6, 'Linear': 0.6, 'Bias': 0.0, 'BatchNorm': 0.0} | EnvNClusters=3
[2026-01-24 15:15:18,243] [INFO] Model initialized on device: cuda:0
[2026-01-24 15:15:18,243] [INFO] [CLIENT INIT] Mode=FEDAVG | Sparsity=OFF (UsedSparsity=0) | Clusters=OFF (UsedClusters=0) | EnvSparsityCfg={'Conv': 0.6, 'Linear': 0.6, 'Bias': 0.0, 'BatchNorm': 0.0} | EnvNClusters=3
[2026-01-24 15:15:18,351] [INFO] Model initialized on device: cuda:0
[2026-01-24 15:15:18,351] [INFO] [CLIENT INIT] Mode=FEDAVG | Sparsity=OFF (UsedSparsity=0) | Clusters=OFF (UsedClusters=0) | EnvSparsityCfg={'Conv': 0.6, 'Linear': 0.6, 'Bias': 0.0, 'BatchNorm': 0.0} | EnvNClusters=3
[2026-01-24 15:15:19,124] [INFO] Model initialized on device: cuda:0
[2026-01-24 15:15:19,124] [INFO] [CLIENT INIT] Mode=FEDAVG | Sparsity=OFF (UsedSparsity=0) | Clusters=OFF (UsedClusters=0) | EnvSparsityCfg={'Conv': 0.6, 'Linear': 0.6, 'Bias': 0.0, 'BatchNorm': 0.0} | EnvNClusters=3
[2026-01-24 15:15:21,875] [DEBUG] [TEST] Batch 1 | Pred shape: torch.Size([256, 256, 160]) | Label shape: torch.Size([256, 256, 160])
[2026-01-24 15:15:21,942] [DEBUG] [TEST] Batch 2 | Pred shape: torch.Size([256, 256, 160]) | Label shape: torch.Size([256, 256, 160])
[2026-01-24 15:15:22,015] [DEBUG] [TEST] Batch 3 | Pred shape: torch.Size([256, 256, 160]) | Label shape: torch.Size([256, 256, 160])
[2026-01-24 15:15:22,070] [DEBUG] [TEST] Batch 4 | Pred shape: torch.Size([256, 256, 160]) | Label shape: torch.Size([256, 256, 160])
[2026-01-24 15:15:22,128] [DEBUG] [TEST] Batch 5 | Pred shape: torch.Size([256, 256, 160]) | Label shape: torch.Size([256, 256, 160])
[2026-01-24 15:15:22,184] [DEBUG] [TEST] Batch 6 | Pred shape: torch.Size([256, 256, 160]) | Label shape: torch.Size([256, 256, 160])
[2026-01-24 15:15:22,239] [DEBUG] [TEST] Batch 7 | Pred shape: torch.Size([256, 256, 160]) | Label shape: torch.Size([256, 256, 160])
[2026-01-24 15:15:22,296] [DEBUG] [TEST] Batch 8 | Pred shape: torch.Size([256, 256, 160]) | Label shape: torch.Size([256, 256, 160])
[2026-01-24 15:15:22,351] [DEBUG] [TEST] Batch 9 | Pred shape: torch.Size([256, 256, 160]) | Label shape: torch.Size([256, 256, 160])
[2026-01-24 15:15:22,410] [DEBUG] [TEST] Batch 10 | Pred shape: torch.Size([256, 256, 160]) | Label shape: torch.Size([256, 256, 160])
[2026-01-24 15:15:25,854] [INFO] [FIT] Final model saved to: Revision2/Run_UNET_IID_Fedavg_20260124/Client4/model_final.pth
[2026-01-24 15:15:25,860] [INFO] [COMM][CLIENT] Round=-1 Mode=FEDAVG UsedSparsity=0 UsedClusters=0 BaselineBits=154016352.0 CompressedBits=154016352.0 CR=1.000
[2026-01-24 15:15:52,513] [INFO] [EVALUATE] Starting evaluation...
[2026-01-24 15:15:54,316] [INFO] [DEBUG] Loaded uncompressed weights.
[2026-01-24 15:16:59,625] [INFO] Model initialized on device: cuda:0
[2026-01-24 15:16:59,625] [INFO] [CLIENT INIT] Mode=FEDAVG | Sparsity=OFF (UsedSparsity=0) | Clusters=OFF (UsedClusters=0) | EnvSparsityCfg={'Conv': 0.6, 'Linear': 0.6, 'Bias': 0.0, 'BatchNorm': 0.0} | EnvNClusters=3
[2026-01-24 15:16:59,641] [INFO] Model initialized on device: cuda:0
[2026-01-24 15:16:59,642] [INFO] [CLIENT INIT] Mode=FEDAVG | Sparsity=OFF (UsedSparsity=0) | Clusters=OFF (UsedClusters=0) | EnvSparsityCfg={'Conv': 0.6, 'Linear': 0.6, 'Bias': 0.0, 'BatchNorm': 0.0} | EnvNClusters=3
[2026-01-24 15:16:59,647] [INFO] Model initialized on device: cuda:0
[2026-01-24 15:16:59,647] [INFO] [CLIENT INIT] Mode=FEDAVG | Sparsity=OFF (UsedSparsity=0) | Clusters=OFF (UsedClusters=0) | EnvSparsityCfg={'Conv': 0.6, 'Linear': 0.6, 'Bias': 0.0, 'BatchNorm': 0.0} | EnvNClusters=3
[2026-01-24 15:16:59,649] [INFO] Model initialized on device: cuda:0
[2026-01-24 15:16:59,650] [INFO] [CLIENT INIT] Mode=FEDAVG | Sparsity=OFF (UsedSparsity=0) | Clusters=OFF (UsedClusters=0) | EnvSparsityCfg={'Conv': 0.6, 'Linear': 0.6, 'Bias': 0.0, 'BatchNorm': 0.0} | EnvNClusters=3
[2026-01-24 15:16:59,654] [INFO] Model initialized on device: cuda:0
[2026-01-24 15:16:59,654] [INFO] [CLIENT INIT] Mode=FEDAVG | Sparsity=OFF (UsedSparsity=0) | Clusters=OFF (UsedClusters=0) | EnvSparsityCfg={'Conv': 0.6, 'Linear': 0.6, 'Bias': 0.0, 'BatchNorm': 0.0} | EnvNClusters=3
[2026-01-24 15:17:00,630] [INFO] Model initialized on device: cuda:0
[2026-01-24 15:17:00,631] [INFO] [CLIENT INIT] Mode=FEDAVG | Sparsity=OFF (UsedSparsity=0) | Clusters=OFF (UsedClusters=0) | EnvSparsityCfg={'Conv': 0.6, 'Linear': 0.6, 'Bias': 0.0, 'BatchNorm': 0.0} | EnvNClusters=3
[2026-01-24 15:17:00,639] [INFO] Model initialized on device: cuda:0
[2026-01-24 15:17:00,639] [INFO] [CLIENT INIT] Mode=FEDAVG | Sparsity=OFF (UsedSparsity=0) | Clusters=OFF (UsedClusters=0) | EnvSparsityCfg={'Conv': 0.6, 'Linear': 0.6, 'Bias': 0.0, 'BatchNorm': 0.0} | EnvNClusters=3
[2026-01-24 15:17:00,824] [INFO] Model initialized on device: cuda:0
[2026-01-24 15:17:00,824] [INFO] [CLIENT INIT] Mode=FEDAVG | Sparsity=OFF (UsedSparsity=0) | Clusters=OFF (UsedClusters=0) | EnvSparsityCfg={'Conv': 0.6, 'Linear': 0.6, 'Bias': 0.0, 'BatchNorm': 0.0} | EnvNClusters=3
[2026-01-24 15:17:00,908] [INFO] Model initialized on device: cuda:0
[2026-01-24 15:17:00,908] [INFO] [CLIENT INIT] Mode=FEDAVG | Sparsity=OFF (UsedSparsity=0) | Clusters=OFF (UsedClusters=0) | EnvSparsityCfg={'Conv': 0.6, 'Linear': 0.6, 'Bias': 0.0, 'BatchNorm': 0.0} | EnvNClusters=3
[2026-01-24 15:17:00,942] [INFO] Model initialized on device: cuda:0
[2026-01-24 15:17:00,942] [INFO] [CLIENT INIT] Mode=FEDAVG | Sparsity=OFF (UsedSparsity=0) | Clusters=OFF (UsedClusters=0) | EnvSparsityCfg={'Conv': 0.6, 'Linear': 0.6, 'Bias': 0.0, 'BatchNorm': 0.0} | EnvNClusters=3
[2026-01-24 15:17:05,514] [DEBUG] [TEST] Batch 1 | Pred shape: torch.Size([256, 256, 160]) | Label shape: torch.Size([256, 256, 160])
[2026-01-24 15:17:06,114] [DEBUG] [TEST] Batch 2 | Pred shape: torch.Size([256, 256, 160]) | Label shape: torch.Size([256, 256, 160])
[2026-01-24 15:17:07,515] [DEBUG] [TEST] Batch 3 | Pred shape: torch.Size([256, 256, 160]) | Label shape: torch.Size([256, 256, 160])
[2026-01-24 15:17:07,822] [DEBUG] [TEST] Batch 4 | Pred shape: torch.Size([256, 256, 160]) | Label shape: torch.Size([256, 256, 160])
[2026-01-24 15:17:08,047] [DEBUG] [TEST] Batch 5 | Pred shape: torch.Size([256, 256, 160]) | Label shape: torch.Size([256, 256, 160])
[2026-01-24 15:17:08,283] [DEBUG] [TEST] Batch 6 | Pred shape: torch.Size([256, 256, 160]) | Label shape: torch.Size([256, 256, 160])
[2026-01-24 15:17:08,521] [DEBUG] [TEST] Batch 7 | Pred shape: torch.Size([256, 256, 160]) | Label shape: torch.Size([256, 256, 160])
[2026-01-24 15:17:08,757] [DEBUG] [TEST] Batch 8 | Pred shape: torch.Size([256, 256, 160]) | Label shape: torch.Size([256, 256, 160])
[2026-01-24 15:17:08,993] [DEBUG] [TEST] Batch 9 | Pred shape: torch.Size([256, 256, 160]) | Label shape: torch.Size([256, 256, 160])
[2026-01-24 15:17:09,232] [DEBUG] [TEST] Batch 10 | Pred shape: torch.Size([256, 256, 160]) | Label shape: torch.Size([256, 256, 160])
[2026-01-24 15:17:15,438] [INFO] [EVALUATE] Dice WT: 1.0000
[2026-01-24 15:17:19,118] [INFO] [FIT] Received parameters. Starting local training...
[2026-01-24 15:17:22,322] [INFO] [DEBUG] Loaded uncompressed weights.
[2026-01-24 15:18:31,711] [INFO] Model initialized on device: cuda:0
[2026-01-24 15:18:31,711] [INFO] [CLIENT INIT] Mode=FEDAVG | Sparsity=OFF (UsedSparsity=0) | Clusters=OFF (UsedClusters=0) | EnvSparsityCfg={'Conv': 0.6, 'Linear': 0.6, 'Bias': 0.0, 'BatchNorm': 0.0} | EnvNClusters=3
[2026-01-24 15:18:32,028] [INFO] Model initialized on device: cuda:0
[2026-01-24 15:18:32,028] [INFO] [CLIENT INIT] Mode=FEDAVG | Sparsity=OFF (UsedSparsity=0) | Clusters=OFF (UsedClusters=0) | EnvSparsityCfg={'Conv': 0.6, 'Linear': 0.6, 'Bias': 0.0, 'BatchNorm': 0.0} | EnvNClusters=3
[2026-01-24 15:18:32,111] [INFO] Model initialized on device: cuda:0
[2026-01-24 15:18:32,112] [INFO] [CLIENT INIT] Mode=FEDAVG | Sparsity=OFF (UsedSparsity=0) | Clusters=OFF (UsedClusters=0) | EnvSparsityCfg={'Conv': 0.6, 'Linear': 0.6, 'Bias': 0.0, 'BatchNorm': 0.0} | EnvNClusters=3
[2026-01-24 15:18:32,124] [INFO] Model initialized on device: cuda:0
[2026-01-24 15:18:32,124] [INFO] [CLIENT INIT] Mode=FEDAVG | Sparsity=OFF (UsedSparsity=0) | Clusters=OFF (UsedClusters=0) | EnvSparsityCfg={'Conv': 0.6, 'Linear': 0.6, 'Bias': 0.0, 'BatchNorm': 0.0} | EnvNClusters=3
[2026-01-24 15:18:32,137] [INFO] Model initialized on device: cuda:0
[2026-01-24 15:18:32,137] [INFO] [CLIENT INIT] Mode=FEDAVG | Sparsity=OFF (UsedSparsity=0) | Clusters=OFF (UsedClusters=0) | EnvSparsityCfg={'Conv': 0.6, 'Linear': 0.6, 'Bias': 0.0, 'BatchNorm': 0.0} | EnvNClusters=3
[2026-01-24 15:18:32,208] [INFO] Model initialized on device: cuda:0
[2026-01-24 15:18:32,208] [INFO] [CLIENT INIT] Mode=FEDAVG | Sparsity=OFF (UsedSparsity=0) | Clusters=OFF (UsedClusters=0) | EnvSparsityCfg={'Conv': 0.6, 'Linear': 0.6, 'Bias': 0.0, 'BatchNorm': 0.0} | EnvNClusters=3
[2026-01-24 15:18:32,212] [INFO] Model initialized on device: cuda:0
[2026-01-24 15:18:32,212] [INFO] [CLIENT INIT] Mode=FEDAVG | Sparsity=OFF (UsedSparsity=0) | Clusters=OFF (UsedClusters=0) | EnvSparsityCfg={'Conv': 0.6, 'Linear': 0.6, 'Bias': 0.0, 'BatchNorm': 0.0} | EnvNClusters=3
[2026-01-24 15:18:32,232] [INFO] Model initialized on device: cuda:0
[2026-01-24 15:18:32,232] [INFO] [CLIENT INIT] Mode=FEDAVG | Sparsity=OFF (UsedSparsity=0) | Clusters=OFF (UsedClusters=0) | EnvSparsityCfg={'Conv': 0.6, 'Linear': 0.6, 'Bias': 0.0, 'BatchNorm': 0.0} | EnvNClusters=3
[2026-01-24 15:18:32,322] [INFO] Model initialized on device: cuda:0
[2026-01-24 15:18:32,322] [INFO] [CLIENT INIT] Mode=FEDAVG | Sparsity=OFF (UsedSparsity=0) | Clusters=OFF (UsedClusters=0) | EnvSparsityCfg={'Conv': 0.6, 'Linear': 0.6, 'Bias': 0.0, 'BatchNorm': 0.0} | EnvNClusters=3
[2026-01-24 15:18:32,331] [INFO] Model initialized on device: cuda:0
[2026-01-24 15:18:32,331] [INFO] [CLIENT INIT] Mode=FEDAVG | Sparsity=OFF (UsedSparsity=0) | Clusters=OFF (UsedClusters=0) | EnvSparsityCfg={'Conv': 0.6, 'Linear': 0.6, 'Bias': 0.0, 'BatchNorm': 0.0} | EnvNClusters=3
[2026-01-24 15:19:48,051] [INFO] [TRAIN] Epoch 1 Loss: 0.1457
[2026-01-24 15:20:44,832] [INFO] Model initialized on device: cuda:0
[2026-01-24 15:20:44,832] [INFO] [CLIENT INIT] Mode=FEDAVG | Sparsity=OFF (UsedSparsity=0) | Clusters=OFF (UsedClusters=0) | EnvSparsityCfg={'Conv': 0.6, 'Linear': 0.6, 'Bias': 0.0, 'BatchNorm': 0.0} | EnvNClusters=3
[2026-01-24 15:20:44,839] [INFO] Model initialized on device: cuda:0
[2026-01-24 15:20:44,839] [INFO] [CLIENT INIT] Mode=FEDAVG | Sparsity=OFF (UsedSparsity=0) | Clusters=OFF (UsedClusters=0) | EnvSparsityCfg={'Conv': 0.6, 'Linear': 0.6, 'Bias': 0.0, 'BatchNorm': 0.0} | EnvNClusters=3
[2026-01-24 15:20:44,935] [INFO] Model initialized on device: cuda:0
[2026-01-24 15:20:44,935] [INFO] [CLIENT INIT] Mode=FEDAVG | Sparsity=OFF (UsedSparsity=0) | Clusters=OFF (UsedClusters=0) | EnvSparsityCfg={'Conv': 0.6, 'Linear': 0.6, 'Bias': 0.0, 'BatchNorm': 0.0} | EnvNClusters=3
[2026-01-24 15:20:45,485] [INFO] Model initialized on device: cuda:0
[2026-01-24 15:20:45,485] [INFO] [CLIENT INIT] Mode=FEDAVG | Sparsity=OFF (UsedSparsity=0) | Clusters=OFF (UsedClusters=0) | EnvSparsityCfg={'Conv': 0.6, 'Linear': 0.6, 'Bias': 0.0, 'BatchNorm': 0.0} | EnvNClusters=3
[2026-01-24 15:20:45,509] [INFO] Model initialized on device: cuda:0
[2026-01-24 15:20:45,510] [INFO] [CLIENT INIT] Mode=FEDAVG | Sparsity=OFF (UsedSparsity=0) | Clusters=OFF (UsedClusters=0) | EnvSparsityCfg={'Conv': 0.6, 'Linear': 0.6, 'Bias': 0.0, 'BatchNorm': 0.0} | EnvNClusters=3
[2026-01-24 15:20:47,391] [INFO] Model initialized on device: cuda:0
[2026-01-24 15:20:47,391] [INFO] [CLIENT INIT] Mode=FEDAVG | Sparsity=OFF (UsedSparsity=0) | Clusters=OFF (UsedClusters=0) | EnvSparsityCfg={'Conv': 0.6, 'Linear': 0.6, 'Bias': 0.0, 'BatchNorm': 0.0} | EnvNClusters=3
[2026-01-24 15:20:47,922] [INFO] Model initialized on device: cuda:0
[2026-01-24 15:20:47,922] [INFO] [CLIENT INIT] Mode=FEDAVG | Sparsity=OFF (UsedSparsity=0) | Clusters=OFF (UsedClusters=0) | EnvSparsityCfg={'Conv': 0.6, 'Linear': 0.6, 'Bias': 0.0, 'BatchNorm': 0.0} | EnvNClusters=3
[2026-01-24 15:20:48,772] [INFO] Model initialized on device: cuda:0
[2026-01-24 15:20:48,772] [INFO] [CLIENT INIT] Mode=FEDAVG | Sparsity=OFF (UsedSparsity=0) | Clusters=OFF (UsedClusters=0) | EnvSparsityCfg={'Conv': 0.6, 'Linear': 0.6, 'Bias': 0.0, 'BatchNorm': 0.0} | EnvNClusters=3
[2026-01-24 15:20:48,912] [INFO] Model initialized on device: cuda:0
[2026-01-24 15:20:48,912] [INFO] [CLIENT INIT] Mode=FEDAVG | Sparsity=OFF (UsedSparsity=0) | Clusters=OFF (UsedClusters=0) | EnvSparsityCfg={'Conv': 0.6, 'Linear': 0.6, 'Bias': 0.0, 'BatchNorm': 0.0} | EnvNClusters=3
[2026-01-24 15:20:49,269] [INFO] Model initialized on device: cuda:0
[2026-01-24 15:20:49,269] [INFO] [CLIENT INIT] Mode=FEDAVG | Sparsity=OFF (UsedSparsity=0) | Clusters=OFF (UsedClusters=0) | EnvSparsityCfg={'Conv': 0.6, 'Linear': 0.6, 'Bias': 0.0, 'BatchNorm': 0.0} | EnvNClusters=3
[2026-01-24 15:21:45,012] [INFO] [TRAIN] Epoch 2 Loss: 0.1324
[2026-01-24 15:22:22,242] [INFO] Model initialized on device: cuda:0
[2026-01-24 15:22:22,243] [INFO] [CLIENT INIT] Mode=FEDAVG | Sparsity=OFF (UsedSparsity=0) | Clusters=OFF (UsedClusters=0) | EnvSparsityCfg={'Conv': 0.6, 'Linear': 0.6, 'Bias': 0.0, 'BatchNorm': 0.0} | EnvNClusters=3
[2026-01-24 15:22:22,711] [INFO] Model initialized on device: cuda:0
[2026-01-24 15:22:22,711] [INFO] [CLIENT INIT] Mode=FEDAVG | Sparsity=OFF (UsedSparsity=0) | Clusters=OFF (UsedClusters=0) | EnvSparsityCfg={'Conv': 0.6, 'Linear': 0.6, 'Bias': 0.0, 'BatchNorm': 0.0} | EnvNClusters=3
[2026-01-24 15:22:22,837] [INFO] Model initialized on device: cuda:0
[2026-01-24 15:22:22,837] [INFO] [CLIENT INIT] Mode=FEDAVG | Sparsity=OFF (UsedSparsity=0) | Clusters=OFF (UsedClusters=0) | EnvSparsityCfg={'Conv': 0.6, 'Linear': 0.6, 'Bias': 0.0, 'BatchNorm': 0.0} | EnvNClusters=3
[2026-01-24 15:22:23,011] [INFO] Model initialized on device: cuda:0
[2026-01-24 15:22:23,012] [INFO] [CLIENT INIT] Mode=FEDAVG | Sparsity=OFF (UsedSparsity=0) | Clusters=OFF (UsedClusters=0) | EnvSparsityCfg={'Conv': 0.6, 'Linear': 0.6, 'Bias': 0.0, 'BatchNorm': 0.0} | EnvNClusters=3
[2026-01-24 15:22:23,011] [INFO] Model initialized on device: cuda:0
[2026-01-24 15:22:23,012] [INFO] [CLIENT INIT] Mode=FEDAVG | Sparsity=OFF (UsedSparsity=0) | Clusters=OFF (UsedClusters=0) | EnvSparsityCfg={'Conv': 0.6, 'Linear': 0.6, 'Bias': 0.0, 'BatchNorm': 0.0} | EnvNClusters=3
[2026-01-24 15:22:23,038] [INFO] Model initialized on device: cuda:0
[2026-01-24 15:22:23,039] [INFO] [CLIENT INIT] Mode=FEDAVG | Sparsity=OFF (UsedSparsity=0) | Clusters=OFF (UsedClusters=0) | EnvSparsityCfg={'Conv': 0.6, 'Linear': 0.6, 'Bias': 0.0, 'BatchNorm': 0.0} | EnvNClusters=3
[2026-01-24 15:22:23,039] [INFO] Model initialized on device: cuda:0
[2026-01-24 15:22:23,039] [INFO] [CLIENT INIT] Mode=FEDAVG | Sparsity=OFF (UsedSparsity=0) | Clusters=OFF (UsedClusters=0) | EnvSparsityCfg={'Conv': 0.6, 'Linear': 0.6, 'Bias': 0.0, 'BatchNorm': 0.0} | EnvNClusters=3
[2026-01-24 15:22:23,039] [INFO] Model initialized on device: cuda:0
[2026-01-24 15:22:23,040] [INFO] [CLIENT INIT] Mode=FEDAVG | Sparsity=OFF (UsedSparsity=0) | Clusters=OFF (UsedClusters=0) | EnvSparsityCfg={'Conv': 0.6, 'Linear': 0.6, 'Bias': 0.0, 'BatchNorm': 0.0} | EnvNClusters=3
[2026-01-24 15:22:23,040] [INFO] Model initialized on device: cuda:0
[2026-01-24 15:22:23,041] [INFO] Model initialized on device: cuda:0
[2026-01-24 15:22:23,041] [INFO] [CLIENT INIT] Mode=FEDAVG | Sparsity=OFF (UsedSparsity=0) | Clusters=OFF (UsedClusters=0) | EnvSparsityCfg={'Conv': 0.6, 'Linear': 0.6, 'Bias': 0.0, 'BatchNorm': 0.0} | EnvNClusters=3
[2026-01-24 15:22:23,041] [INFO] [CLIENT INIT] Mode=FEDAVG | Sparsity=OFF (UsedSparsity=0) | Clusters=OFF (UsedClusters=0) | EnvSparsityCfg={'Conv': 0.6, 'Linear': 0.6, 'Bias': 0.0, 'BatchNorm': 0.0} | EnvNClusters=3
[2026-01-24 15:23:16,508] [INFO] [TRAIN] Epoch 3 Loss: 0.1245
[2026-01-24 15:24:02,235] [INFO] Model initialized on device: cuda:0
[2026-01-24 15:24:02,235] [INFO] [CLIENT INIT] Mode=FEDAVG | Sparsity=OFF (UsedSparsity=0) | Clusters=OFF (UsedClusters=0) | EnvSparsityCfg={'Conv': 0.6, 'Linear': 0.6, 'Bias': 0.0, 'BatchNorm': 0.0} | EnvNClusters=3
[2026-01-24 15:24:02,339] [INFO] Model initialized on device: cuda:0
[2026-01-24 15:24:02,339] [INFO] [CLIENT INIT] Mode=FEDAVG | Sparsity=OFF (UsedSparsity=0) | Clusters=OFF (UsedClusters=0) | EnvSparsityCfg={'Conv': 0.6, 'Linear': 0.6, 'Bias': 0.0, 'BatchNorm': 0.0} | EnvNClusters=3
[2026-01-24 15:24:02,622] [INFO] Model initialized on device: cuda:0
[2026-01-24 15:24:02,622] [INFO] [CLIENT INIT] Mode=FEDAVG | Sparsity=OFF (UsedSparsity=0) | Clusters=OFF (UsedClusters=0) | EnvSparsityCfg={'Conv': 0.6, 'Linear': 0.6, 'Bias': 0.0, 'BatchNorm': 0.0} | EnvNClusters=3
[2026-01-24 15:24:02,635] [INFO] Model initialized on device: cuda:0
[2026-01-24 15:24:02,636] [INFO] [CLIENT INIT] Mode=FEDAVG | Sparsity=OFF (UsedSparsity=0) | Clusters=OFF (UsedClusters=0) | EnvSparsityCfg={'Conv': 0.6, 'Linear': 0.6, 'Bias': 0.0, 'BatchNorm': 0.0} | EnvNClusters=3
[2026-01-24 15:24:02,745] [INFO] Model initialized on device: cuda:0
[2026-01-24 15:24:02,745] [INFO] [CLIENT INIT] Mode=FEDAVG | Sparsity=OFF (UsedSparsity=0) | Clusters=OFF (UsedClusters=0) | EnvSparsityCfg={'Conv': 0.6, 'Linear': 0.6, 'Bias': 0.0, 'BatchNorm': 0.0} | EnvNClusters=3
[2026-01-24 15:24:02,817] [INFO] Model initialized on device: cuda:0
[2026-01-24 15:24:02,817] [INFO] [CLIENT INIT] Mode=FEDAVG | Sparsity=OFF (UsedSparsity=0) | Clusters=OFF (UsedClusters=0) | EnvSparsityCfg={'Conv': 0.6, 'Linear': 0.6, 'Bias': 0.0, 'BatchNorm': 0.0} | EnvNClusters=3
[2026-01-24 15:24:02,822] [INFO] Model initialized on device: cuda:0
[2026-01-24 15:24:02,822] [INFO] [CLIENT INIT] Mode=FEDAVG | Sparsity=OFF (UsedSparsity=0) | Clusters=OFF (UsedClusters=0) | EnvSparsityCfg={'Conv': 0.6, 'Linear': 0.6, 'Bias': 0.0, 'BatchNorm': 0.0} | EnvNClusters=3
[2026-01-24 15:24:02,826] [INFO] Model initialized on device: cuda:0
[2026-01-24 15:24:02,826] [INFO] [CLIENT INIT] Mode=FEDAVG | Sparsity=OFF (UsedSparsity=0) | Clusters=OFF (UsedClusters=0) | EnvSparsityCfg={'Conv': 0.6, 'Linear': 0.6, 'Bias': 0.0, 'BatchNorm': 0.0} | EnvNClusters=3
[2026-01-24 15:24:02,828] [INFO] Model initialized on device: cuda:0
[2026-01-24 15:24:02,828] [INFO] [CLIENT INIT] Mode=FEDAVG | Sparsity=OFF (UsedSparsity=0) | Clusters=OFF (UsedClusters=0) | EnvSparsityCfg={'Conv': 0.6, 'Linear': 0.6, 'Bias': 0.0, 'BatchNorm': 0.0} | EnvNClusters=3
[2026-01-24 15:24:02,833] [INFO] Model initialized on device: cuda:0
[2026-01-24 15:24:02,833] [INFO] [CLIENT INIT] Mode=FEDAVG | Sparsity=OFF (UsedSparsity=0) | Clusters=OFF (UsedClusters=0) | EnvSparsityCfg={'Conv': 0.6, 'Linear': 0.6, 'Bias': 0.0, 'BatchNorm': 0.0} | EnvNClusters=3
[2026-01-24 15:25:02,244] [INFO] [TRAIN] Epoch 4 Loss: 0.1197
[2026-01-24 15:25:30,609] [INFO] Model initialized on device: cuda:0
[2026-01-24 15:25:30,609] [INFO] [CLIENT INIT] Mode=FEDAVG | Sparsity=OFF (UsedSparsity=0) | Clusters=OFF (UsedClusters=0) | EnvSparsityCfg={'Conv': 0.6, 'Linear': 0.6, 'Bias': 0.0, 'BatchNorm': 0.0} | EnvNClusters=3
[2026-01-24 15:25:33,710] [INFO] Model initialized on device: cuda:0
[2026-01-24 15:25:33,710] [INFO] [CLIENT INIT] Mode=FEDAVG | Sparsity=OFF (UsedSparsity=0) | Clusters=OFF (UsedClusters=0) | EnvSparsityCfg={'Conv': 0.6, 'Linear': 0.6, 'Bias': 0.0, 'BatchNorm': 0.0} | EnvNClusters=3
[2026-01-24 15:25:33,926] [INFO] Model initialized on device: cuda:0
[2026-01-24 15:25:33,927] [INFO] [CLIENT INIT] Mode=FEDAVG | Sparsity=OFF (UsedSparsity=0) | Clusters=OFF (UsedClusters=0) | EnvSparsityCfg={'Conv': 0.6, 'Linear': 0.6, 'Bias': 0.0, 'BatchNorm': 0.0} | EnvNClusters=3
[2026-01-24 15:25:38,416] [INFO] Model initialized on device: cuda:0
[2026-01-24 15:25:38,416] [INFO] [CLIENT INIT] Mode=FEDAVG | Sparsity=OFF (UsedSparsity=0) | Clusters=OFF (UsedClusters=0) | EnvSparsityCfg={'Conv': 0.6, 'Linear': 0.6, 'Bias': 0.0, 'BatchNorm': 0.0} | EnvNClusters=3
[2026-01-24 15:25:39,821] [INFO] Model initialized on device: cuda:0
[2026-01-24 15:25:39,821] [INFO] [CLIENT INIT] Mode=FEDAVG | Sparsity=OFF (UsedSparsity=0) | Clusters=OFF (UsedClusters=0) | EnvSparsityCfg={'Conv': 0.6, 'Linear': 0.6, 'Bias': 0.0, 'BatchNorm': 0.0} | EnvNClusters=3
[2026-01-24 15:25:40,019] [INFO] Model initialized on device: cuda:0
[2026-01-24 15:25:40,020] [INFO] [CLIENT INIT] Mode=FEDAVG | Sparsity=OFF (UsedSparsity=0) | Clusters=OFF (UsedClusters=0) | EnvSparsityCfg={'Conv': 0.6, 'Linear': 0.6, 'Bias': 0.0, 'BatchNorm': 0.0} | EnvNClusters=3
[2026-01-24 15:25:40,020] [INFO] Model initialized on device: cuda:0
[2026-01-24 15:25:40,020] [INFO] [CLIENT INIT] Mode=FEDAVG | Sparsity=OFF (UsedSparsity=0) | Clusters=OFF (UsedClusters=0) | EnvSparsityCfg={'Conv': 0.6, 'Linear': 0.6, 'Bias': 0.0, 'BatchNorm': 0.0} | EnvNClusters=3
[2026-01-24 15:25:40,022] [INFO] Model initialized on device: cuda:0
[2026-01-24 15:25:40,023] [INFO] [CLIENT INIT] Mode=FEDAVG | Sparsity=OFF (UsedSparsity=0) | Clusters=OFF (UsedClusters=0) | EnvSparsityCfg={'Conv': 0.6, 'Linear': 0.6, 'Bias': 0.0, 'BatchNorm': 0.0} | EnvNClusters=3
[2026-01-24 15:25:40,024] [INFO] Model initialized on device: cuda:0
[2026-01-24 15:25:40,024] [INFO] [CLIENT INIT] Mode=FEDAVG | Sparsity=OFF (UsedSparsity=0) | Clusters=OFF (UsedClusters=0) | EnvSparsityCfg={'Conv': 0.6, 'Linear': 0.6, 'Bias': 0.0, 'BatchNorm': 0.0} | EnvNClusters=3
[2026-01-24 15:25:40,024] [INFO] Model initialized on device: cuda:0
[2026-01-24 15:25:40,024] [INFO] [CLIENT INIT] Mode=FEDAVG | Sparsity=OFF (UsedSparsity=0) | Clusters=OFF (UsedClusters=0) | EnvSparsityCfg={'Conv': 0.6, 'Linear': 0.6, 'Bias': 0.0, 'BatchNorm': 0.0} | EnvNClusters=3
[2026-01-24 15:26:37,010] [INFO] [TRAIN] Epoch 5 Loss: 0.1191
[2026-01-24 15:26:37,011] [INFO] [FIT] Local training finished. Avg Loss: 0.1283
[2026-01-24 15:27:17,240] [INFO] Model initialized on device: cuda:0
[2026-01-24 15:27:17,240] [INFO] [CLIENT INIT] Mode=FEDAVG | Sparsity=OFF (UsedSparsity=0) | Clusters=OFF (UsedClusters=0) | EnvSparsityCfg={'Conv': 0.6, 'Linear': 0.6, 'Bias': 0.0, 'BatchNorm': 0.0} | EnvNClusters=3
[2026-01-24 15:27:17,837] [INFO] Model initialized on device: cuda:0
[2026-01-24 15:27:17,837] [INFO] [CLIENT INIT] Mode=FEDAVG | Sparsity=OFF (UsedSparsity=0) | Clusters=OFF (UsedClusters=0) | EnvSparsityCfg={'Conv': 0.6, 'Linear': 0.6, 'Bias': 0.0, 'BatchNorm': 0.0} | EnvNClusters=3
[2026-01-24 15:27:19,413] [INFO] Model initialized on device: cuda:0
[2026-01-24 15:27:19,413] [INFO] [CLIENT INIT] Mode=FEDAVG | Sparsity=OFF (UsedSparsity=0) | Clusters=OFF (UsedClusters=0) | EnvSparsityCfg={'Conv': 0.6, 'Linear': 0.6, 'Bias': 0.0, 'BatchNorm': 0.0} | EnvNClusters=3
[2026-01-24 15:27:20,707] [INFO] Model initialized on device: cuda:0
[2026-01-24 15:27:20,708] [INFO] [CLIENT INIT] Mode=FEDAVG | Sparsity=OFF (UsedSparsity=0) | Clusters=OFF (UsedClusters=0) | EnvSparsityCfg={'Conv': 0.6, 'Linear': 0.6, 'Bias': 0.0, 'BatchNorm': 0.0} | EnvNClusters=3
[2026-01-24 15:27:20,719] [INFO] Model initialized on device: cuda:0
[2026-01-24 15:27:20,719] [INFO] [CLIENT INIT] Mode=FEDAVG | Sparsity=OFF (UsedSparsity=0) | Clusters=OFF (UsedClusters=0) | EnvSparsityCfg={'Conv': 0.6, 'Linear': 0.6, 'Bias': 0.0, 'BatchNorm': 0.0} | EnvNClusters=3
[2026-01-24 15:27:20,741] [INFO] Model initialized on device: cuda:0
[2026-01-24 15:27:20,741] [INFO] Model initialized on device: cuda:0
[2026-01-24 15:27:20,741] [INFO] [CLIENT INIT] Mode=FEDAVG | Sparsity=OFF (UsedSparsity=0) | Clusters=OFF (UsedClusters=0) | EnvSparsityCfg={'Conv': 0.6, 'Linear': 0.6, 'Bias': 0.0, 'BatchNorm': 0.0} | EnvNClusters=3
[2026-01-24 15:27:20,741] [INFO] [CLIENT INIT] Mode=FEDAVG | Sparsity=OFF (UsedSparsity=0) | Clusters=OFF (UsedClusters=0) | EnvSparsityCfg={'Conv': 0.6, 'Linear': 0.6, 'Bias': 0.0, 'BatchNorm': 0.0} | EnvNClusters=3
[2026-01-24 15:27:20,746] [INFO] Model initialized on device: cuda:0
[2026-01-24 15:27:20,746] [INFO] [CLIENT INIT] Mode=FEDAVG | Sparsity=OFF (UsedSparsity=0) | Clusters=OFF (UsedClusters=0) | EnvSparsityCfg={'Conv': 0.6, 'Linear': 0.6, 'Bias': 0.0, 'BatchNorm': 0.0} | EnvNClusters=3
[2026-01-24 15:27:20,808] [INFO] Model initialized on device: cuda:0
[2026-01-24 15:27:20,808] [INFO] [CLIENT INIT] Mode=FEDAVG | Sparsity=OFF (UsedSparsity=0) | Clusters=OFF (UsedClusters=0) | EnvSparsityCfg={'Conv': 0.6, 'Linear': 0.6, 'Bias': 0.0, 'BatchNorm': 0.0} | EnvNClusters=3
[2026-01-24 15:27:20,811] [INFO] Model initialized on device: cuda:0
[2026-01-24 15:27:20,811] [INFO] [CLIENT INIT] Mode=FEDAVG | Sparsity=OFF (UsedSparsity=0) | Clusters=OFF (UsedClusters=0) | EnvSparsityCfg={'Conv': 0.6, 'Linear': 0.6, 'Bias': 0.0, 'BatchNorm': 0.0} | EnvNClusters=3
[2026-01-24 15:27:29,148] [DEBUG] [TEST] Batch 1 | Pred shape: torch.Size([256, 256, 160]) | Label shape: torch.Size([256, 256, 160])
[2026-01-24 15:27:29,433] [DEBUG] [TEST] Batch 2 | Pred shape: torch.Size([256, 256, 160]) | Label shape: torch.Size([256, 256, 160])
[2026-01-24 15:27:29,714] [DEBUG] [TEST] Batch 3 | Pred shape: torch.Size([256, 256, 160]) | Label shape: torch.Size([256, 256, 160])
[2026-01-24 15:27:30,013] [DEBUG] [TEST] Batch 4 | Pred shape: torch.Size([256, 256, 160]) | Label shape: torch.Size([256, 256, 160])
[2026-01-24 15:27:30,210] [DEBUG] [TEST] Batch 5 | Pred shape: torch.Size([256, 256, 160]) | Label shape: torch.Size([256, 256, 160])
[2026-01-24 15:27:30,411] [DEBUG] [TEST] Batch 6 | Pred shape: torch.Size([256, 256, 160]) | Label shape: torch.Size([256, 256, 160])
[2026-01-24 15:27:30,514] [DEBUG] [TEST] Batch 7 | Pred shape: torch.Size([256, 256, 160]) | Label shape: torch.Size([256, 256, 160])
[2026-01-24 15:27:30,631] [DEBUG] [TEST] Batch 8 | Pred shape: torch.Size([256, 256, 160]) | Label shape: torch.Size([256, 256, 160])
[2026-01-24 15:27:30,930] [DEBUG] [TEST] Batch 9 | Pred shape: torch.Size([256, 256, 160]) | Label shape: torch.Size([256, 256, 160])
[2026-01-24 15:27:31,015] [DEBUG] [TEST] Batch 10 | Pred shape: torch.Size([256, 256, 160]) | Label shape: torch.Size([256, 256, 160])
[2026-01-24 15:27:38,707] [INFO] [FIT] Final model saved to: Revision2/Run_UNET_IID_Fedavg_20260124/Client4/model_final.pth
[2026-01-24 15:27:38,716] [INFO] [COMM][CLIENT] Round=-1 Mode=FEDAVG UsedSparsity=0 UsedClusters=0 BaselineBits=154016352.0 CompressedBits=154016352.0 CR=1.000
[2026-01-24 15:28:54,829] [INFO] [EVALUATE] Starting evaluation...
[2026-01-24 15:28:58,217] [INFO] [DEBUG] Loaded uncompressed weights.
[2026-01-24 15:30:06,417] [INFO] Model initialized on device: cuda:0
[2026-01-24 15:30:06,417] [INFO] [CLIENT INIT] Mode=FEDAVG | Sparsity=OFF (UsedSparsity=0) | Clusters=OFF (UsedClusters=0) | EnvSparsityCfg={'Conv': 0.6, 'Linear': 0.6, 'Bias': 0.0, 'BatchNorm': 0.0} | EnvNClusters=3
[2026-01-24 15:30:06,418] [INFO] Model initialized on device: cuda:0
[2026-01-24 15:30:06,419] [INFO] [CLIENT INIT] Mode=FEDAVG | Sparsity=OFF (UsedSparsity=0) | Clusters=OFF (UsedClusters=0) | EnvSparsityCfg={'Conv': 0.6, 'Linear': 0.6, 'Bias': 0.0, 'BatchNorm': 0.0} | EnvNClusters=3
[2026-01-24 15:30:06,811] [INFO] Model initialized on device: cuda:0
[2026-01-24 15:30:06,812] [INFO] [CLIENT INIT] Mode=FEDAVG | Sparsity=OFF (UsedSparsity=0) | Clusters=OFF (UsedClusters=0) | EnvSparsityCfg={'Conv': 0.6, 'Linear': 0.6, 'Bias': 0.0, 'BatchNorm': 0.0} | EnvNClusters=3
[2026-01-24 15:30:07,033] [INFO] Model initialized on device: cuda:0
[2026-01-24 15:30:07,033] [INFO] [CLIENT INIT] Mode=FEDAVG | Sparsity=OFF (UsedSparsity=0) | Clusters=OFF (UsedClusters=0) | EnvSparsityCfg={'Conv': 0.6, 'Linear': 0.6, 'Bias': 0.0, 'BatchNorm': 0.0} | EnvNClusters=3
[2026-01-24 15:30:07,122] [INFO] Model initialized on device: cuda:0
[2026-01-24 15:30:07,122] [INFO] [CLIENT INIT] Mode=FEDAVG | Sparsity=OFF (UsedSparsity=0) | Clusters=OFF (UsedClusters=0) | EnvSparsityCfg={'Conv': 0.6, 'Linear': 0.6, 'Bias': 0.0, 'BatchNorm': 0.0} | EnvNClusters=3
[2026-01-24 15:30:07,126] [INFO] Model initialized on device: cuda:0
[2026-01-24 15:30:07,127] [INFO] [CLIENT INIT] Mode=FEDAVG | Sparsity=OFF (UsedSparsity=0) | Clusters=OFF (UsedClusters=0) | EnvSparsityCfg={'Conv': 0.6, 'Linear': 0.6, 'Bias': 0.0, 'BatchNorm': 0.0} | EnvNClusters=3
[2026-01-24 15:30:07,136] [INFO] Model initialized on device: cuda:0
[2026-01-24 15:30:07,137] [INFO] [CLIENT INIT] Mode=FEDAVG | Sparsity=OFF (UsedSparsity=0) | Clusters=OFF (UsedClusters=0) | EnvSparsityCfg={'Conv': 0.6, 'Linear': 0.6, 'Bias': 0.0, 'BatchNorm': 0.0} | EnvNClusters=3
[2026-01-24 15:30:07,219] [INFO] Model initialized on device: cuda:0
[2026-01-24 15:30:07,220] [INFO] [CLIENT INIT] Mode=FEDAVG | Sparsity=OFF (UsedSparsity=0) | Clusters=OFF (UsedClusters=0) | EnvSparsityCfg={'Conv': 0.6, 'Linear': 0.6, 'Bias': 0.0, 'BatchNorm': 0.0} | EnvNClusters=3
[2026-01-24 15:30:07,225] [INFO] Model initialized on device: cuda:0
[2026-01-24 15:30:07,225] [INFO] [CLIENT INIT] Mode=FEDAVG | Sparsity=OFF (UsedSparsity=0) | Clusters=OFF (UsedClusters=0) | EnvSparsityCfg={'Conv': 0.6, 'Linear': 0.6, 'Bias': 0.0, 'BatchNorm': 0.0} | EnvNClusters=3
[2026-01-24 15:30:07,231] [INFO] Model initialized on device: cuda:0
[2026-01-24 15:30:07,232] [INFO] [CLIENT INIT] Mode=FEDAVG | Sparsity=OFF (UsedSparsity=0) | Clusters=OFF (UsedClusters=0) | EnvSparsityCfg={'Conv': 0.6, 'Linear': 0.6, 'Bias': 0.0, 'BatchNorm': 0.0} | EnvNClusters=3
[2026-01-24 15:30:13,415] [DEBUG] [TEST] Batch 1 | Pred shape: torch.Size([256, 256, 160]) | Label shape: torch.Size([256, 256, 160])
[2026-01-24 15:30:13,958] [DEBUG] [TEST] Batch 2 | Pred shape: torch.Size([256, 256, 160]) | Label shape: torch.Size([256, 256, 160])
[2026-01-24 15:30:14,130] [DEBUG] [TEST] Batch 3 | Pred shape: torch.Size([256, 256, 160]) | Label shape: torch.Size([256, 256, 160])
[2026-01-24 15:30:14,773] [DEBUG] [TEST] Batch 4 | Pred shape: torch.Size([256, 256, 160]) | Label shape: torch.Size([256, 256, 160])
[2026-01-24 15:30:14,998] [DEBUG] [TEST] Batch 5 | Pred shape: torch.Size([256, 256, 160]) | Label shape: torch.Size([256, 256, 160])
[2026-01-24 15:30:15,237] [DEBUG] [TEST] Batch 6 | Pred shape: torch.Size([256, 256, 160]) | Label shape: torch.Size([256, 256, 160])
[2026-01-24 15:30:15,465] [DEBUG] [TEST] Batch 7 | Pred shape: torch.Size([256, 256, 160]) | Label shape: torch.Size([256, 256, 160])
[2026-01-24 15:30:15,686] [DEBUG] [TEST] Batch 8 | Pred shape: torch.Size([256, 256, 160]) | Label shape: torch.Size([256, 256, 160])
[2026-01-24 15:30:15,910] [DEBUG] [TEST] Batch 9 | Pred shape: torch.Size([256, 256, 160]) | Label shape: torch.Size([256, 256, 160])
[2026-01-24 15:30:16,127] [DEBUG] [TEST] Batch 10 | Pred shape: torch.Size([256, 256, 160]) | Label shape: torch.Size([256, 256, 160])
[2026-01-24 15:30:24,593] [INFO] [EVALUATE] Dice WT: 1.0000
[2026-01-24 15:30:25,422] [INFO] [FIT] Received parameters. Starting local training...
[2026-01-24 15:30:27,314] [INFO] [DEBUG] Loaded uncompressed weights.
[2026-01-24 15:31:35,165] [INFO] Model initialized on device: cuda:0
[2026-01-24 15:31:35,165] [INFO] [CLIENT INIT] Mode=FEDAVG | Sparsity=OFF (UsedSparsity=0) | Clusters=OFF (UsedClusters=0) | EnvSparsityCfg={'Conv': 0.6, 'Linear': 0.6, 'Bias': 0.0, 'BatchNorm': 0.0} | EnvNClusters=3
[2026-01-24 15:31:38,389] [INFO] Model initialized on device: cuda:0
[2026-01-24 15:31:38,389] [INFO] [CLIENT INIT] Mode=FEDAVG | Sparsity=OFF (UsedSparsity=0) | Clusters=OFF (UsedClusters=0) | EnvSparsityCfg={'Conv': 0.6, 'Linear': 0.6, 'Bias': 0.0, 'BatchNorm': 0.0} | EnvNClusters=3
[2026-01-24 15:31:38,917] [INFO] Model initialized on device: cuda:0
[2026-01-24 15:31:38,917] [INFO] [CLIENT INIT] Mode=FEDAVG | Sparsity=OFF (UsedSparsity=0) | Clusters=OFF (UsedClusters=0) | EnvSparsityCfg={'Conv': 0.6, 'Linear': 0.6, 'Bias': 0.0, 'BatchNorm': 0.0} | EnvNClusters=3
[2026-01-24 15:31:39,130] [INFO] Model initialized on device: cuda:0
[2026-01-24 15:31:39,130] [INFO] [CLIENT INIT] Mode=FEDAVG | Sparsity=OFF (UsedSparsity=0) | Clusters=OFF (UsedClusters=0) | EnvSparsityCfg={'Conv': 0.6, 'Linear': 0.6, 'Bias': 0.0, 'BatchNorm': 0.0} | EnvNClusters=3
[2026-01-24 15:31:39,132] [INFO] Model initialized on device: cuda:0
[2026-01-24 15:31:39,133] [INFO] [CLIENT INIT] Mode=FEDAVG | Sparsity=OFF (UsedSparsity=0) | Clusters=OFF (UsedClusters=0) | EnvSparsityCfg={'Conv': 0.6, 'Linear': 0.6, 'Bias': 0.0, 'BatchNorm': 0.0} | EnvNClusters=3
[2026-01-24 15:31:39,745] [INFO] Model initialized on device: cuda:0
[2026-01-24 15:31:39,745] [INFO] [CLIENT INIT] Mode=FEDAVG | Sparsity=OFF (UsedSparsity=0) | Clusters=OFF (UsedClusters=0) | EnvSparsityCfg={'Conv': 0.6, 'Linear': 0.6, 'Bias': 0.0, 'BatchNorm': 0.0} | EnvNClusters=3
[2026-01-24 15:31:39,810] [INFO] Model initialized on device: cuda:0
[2026-01-24 15:31:39,810] [INFO] [CLIENT INIT] Mode=FEDAVG | Sparsity=OFF (UsedSparsity=0) | Clusters=OFF (UsedClusters=0) | EnvSparsityCfg={'Conv': 0.6, 'Linear': 0.6, 'Bias': 0.0, 'BatchNorm': 0.0} | EnvNClusters=3
[2026-01-24 15:31:39,810] [INFO] Model initialized on device: cuda:0
[2026-01-24 15:31:39,810] [INFO] [CLIENT INIT] Mode=FEDAVG | Sparsity=OFF (UsedSparsity=0) | Clusters=OFF (UsedClusters=0) | EnvSparsityCfg={'Conv': 0.6, 'Linear': 0.6, 'Bias': 0.0, 'BatchNorm': 0.0} | EnvNClusters=3
[2026-01-24 15:31:40,034] [INFO] Model initialized on device: cuda:0
[2026-01-24 15:31:40,034] [INFO] [CLIENT INIT] Mode=FEDAVG | Sparsity=OFF (UsedSparsity=0) | Clusters=OFF (UsedClusters=0) | EnvSparsityCfg={'Conv': 0.6, 'Linear': 0.6, 'Bias': 0.0, 'BatchNorm': 0.0} | EnvNClusters=3
[2026-01-24 15:31:40,035] [INFO] Model initialized on device: cuda:0
[2026-01-24 15:31:40,035] [INFO] [CLIENT INIT] Mode=FEDAVG | Sparsity=OFF (UsedSparsity=0) | Clusters=OFF (UsedClusters=0) | EnvSparsityCfg={'Conv': 0.6, 'Linear': 0.6, 'Bias': 0.0, 'BatchNorm': 0.0} | EnvNClusters=3
[2026-01-24 15:32:58,714] [INFO] [TRAIN] Epoch 1 Loss: 0.1235
[2026-01-24 15:34:00,564] [INFO] Model initialized on device: cuda:0
[2026-01-24 15:34:00,564] [INFO] [CLIENT INIT] Mode=FEDAVG | Sparsity=OFF (UsedSparsity=0) | Clusters=OFF (UsedClusters=0) | EnvSparsityCfg={'Conv': 0.6, 'Linear': 0.6, 'Bias': 0.0, 'BatchNorm': 0.0} | EnvNClusters=3
[2026-01-24 15:34:01,423] [INFO] Model initialized on device: cuda:0
[2026-01-24 15:34:01,423] [INFO] [CLIENT INIT] Mode=FEDAVG | Sparsity=OFF (UsedSparsity=0) | Clusters=OFF (UsedClusters=0) | EnvSparsityCfg={'Conv': 0.6, 'Linear': 0.6, 'Bias': 0.0, 'BatchNorm': 0.0} | EnvNClusters=3
[2026-01-24 15:34:01,435] [INFO] Model initialized on device: cuda:0
[2026-01-24 15:34:01,435] [INFO] [CLIENT INIT] Mode=FEDAVG | Sparsity=OFF (UsedSparsity=0) | Clusters=OFF (UsedClusters=0) | EnvSparsityCfg={'Conv': 0.6, 'Linear': 0.6, 'Bias': 0.0, 'BatchNorm': 0.0} | EnvNClusters=3
[2026-01-24 15:34:01,503] [INFO] Model initialized on device: cuda:0
[2026-01-24 15:34:01,503] [INFO] [CLIENT INIT] Mode=FEDAVG | Sparsity=OFF (UsedSparsity=0) | Clusters=OFF (UsedClusters=0) | EnvSparsityCfg={'Conv': 0.6, 'Linear': 0.6, 'Bias': 0.0, 'BatchNorm': 0.0} | EnvNClusters=3
[2026-01-24 15:34:01,836] [INFO] Model initialized on device: cuda:0
[2026-01-24 15:34:01,836] [INFO] [CLIENT INIT] Mode=FEDAVG | Sparsity=OFF (UsedSparsity=0) | Clusters=OFF (UsedClusters=0) | EnvSparsityCfg={'Conv': 0.6, 'Linear': 0.6, 'Bias': 0.0, 'BatchNorm': 0.0} | EnvNClusters=3
[2026-01-24 15:34:02,541] [INFO] Model initialized on device: cuda:0
[2026-01-24 15:34:02,542] [INFO] [CLIENT INIT] Mode=FEDAVG | Sparsity=OFF (UsedSparsity=0) | Clusters=OFF (UsedClusters=0) | EnvSparsityCfg={'Conv': 0.6, 'Linear': 0.6, 'Bias': 0.0, 'BatchNorm': 0.0} | EnvNClusters=3
[2026-01-24 15:34:02,635] [INFO] Model initialized on device: cuda:0
[2026-01-24 15:34:02,635] [INFO] [CLIENT INIT] Mode=FEDAVG | Sparsity=OFF (UsedSparsity=0) | Clusters=OFF (UsedClusters=0) | EnvSparsityCfg={'Conv': 0.6, 'Linear': 0.6, 'Bias': 0.0, 'BatchNorm': 0.0} | EnvNClusters=3
[2026-01-24 15:34:02,715] [INFO] Model initialized on device: cuda:0
[2026-01-24 15:34:02,716] [INFO] [CLIENT INIT] Mode=FEDAVG | Sparsity=OFF (UsedSparsity=0) | Clusters=OFF (UsedClusters=0) | EnvSparsityCfg={'Conv': 0.6, 'Linear': 0.6, 'Bias': 0.0, 'BatchNorm': 0.0} | EnvNClusters=3
[2026-01-24 15:34:02,925] [INFO] Model initialized on device: cuda:0
[2026-01-24 15:34:02,925] [INFO] [CLIENT INIT] Mode=FEDAVG | Sparsity=OFF (UsedSparsity=0) | Clusters=OFF (UsedClusters=0) | EnvSparsityCfg={'Conv': 0.6, 'Linear': 0.6, 'Bias': 0.0, 'BatchNorm': 0.0} | EnvNClusters=3
[2026-01-24 15:34:03,008] [INFO] Model initialized on device: cuda:0
[2026-01-24 15:34:03,008] [INFO] [CLIENT INIT] Mode=FEDAVG | Sparsity=OFF (UsedSparsity=0) | Clusters=OFF (UsedClusters=0) | EnvSparsityCfg={'Conv': 0.6, 'Linear': 0.6, 'Bias': 0.0, 'BatchNorm': 0.0} | EnvNClusters=3
[2026-01-24 15:35:17,242] [INFO] [TRAIN] Epoch 2 Loss: 0.1210
[2026-01-24 15:36:24,934] [INFO] Model initialized on device: cuda:0
[2026-01-24 15:36:24,934] [INFO] [CLIENT INIT] Mode=FEDAVG | Sparsity=OFF (UsedSparsity=0) | Clusters=OFF (UsedClusters=0) | EnvSparsityCfg={'Conv': 0.6, 'Linear': 0.6, 'Bias': 0.0, 'BatchNorm': 0.0} | EnvNClusters=3
[2026-01-24 15:36:25,141] [INFO] Model initialized on device: cuda:0
[2026-01-24 15:36:25,141] [INFO] [CLIENT INIT] Mode=FEDAVG | Sparsity=OFF (UsedSparsity=0) | Clusters=OFF (UsedClusters=0) | EnvSparsityCfg={'Conv': 0.6, 'Linear': 0.6, 'Bias': 0.0, 'BatchNorm': 0.0} | EnvNClusters=3
[2026-01-24 15:36:26,118] [INFO] Model initialized on device: cuda:0
[2026-01-24 15:36:26,118] [INFO] [CLIENT INIT] Mode=FEDAVG | Sparsity=OFF (UsedSparsity=0) | Clusters=OFF (UsedClusters=0) | EnvSparsityCfg={'Conv': 0.6, 'Linear': 0.6, 'Bias': 0.0, 'BatchNorm': 0.0} | EnvNClusters=3
[2026-01-24 15:36:26,211] [INFO] Model initialized on device: cuda:0
[2026-01-24 15:36:26,212] [INFO] [CLIENT INIT] Mode=FEDAVG | Sparsity=OFF (UsedSparsity=0) | Clusters=OFF (UsedClusters=0) | EnvSparsityCfg={'Conv': 0.6, 'Linear': 0.6, 'Bias': 0.0, 'BatchNorm': 0.0} | EnvNClusters=3
[2026-01-24 15:36:26,212] [INFO] Model initialized on device: cuda:0
[2026-01-24 15:36:26,213] [INFO] [CLIENT INIT] Mode=FEDAVG | Sparsity=OFF (UsedSparsity=0) | Clusters=OFF (UsedClusters=0) | EnvSparsityCfg={'Conv': 0.6, 'Linear': 0.6, 'Bias': 0.0, 'BatchNorm': 0.0} | EnvNClusters=3
[2026-01-24 15:36:26,214] [INFO] Model initialized on device: cuda:0
[2026-01-24 15:36:26,214] [INFO] [CLIENT INIT] Mode=FEDAVG | Sparsity=OFF (UsedSparsity=0) | Clusters=OFF (UsedClusters=0) | EnvSparsityCfg={'Conv': 0.6, 'Linear': 0.6, 'Bias': 0.0, 'BatchNorm': 0.0} | EnvNClusters=3
[2026-01-24 15:36:26,218] [INFO] Model initialized on device: cuda:0
[2026-01-24 15:36:26,218] [INFO] [CLIENT INIT] Mode=FEDAVG | Sparsity=OFF (UsedSparsity=0) | Clusters=OFF (UsedClusters=0) | EnvSparsityCfg={'Conv': 0.6, 'Linear': 0.6, 'Bias': 0.0, 'BatchNorm': 0.0} | EnvNClusters=3
[2026-01-24 15:36:26,240] [INFO] Model initialized on device: cuda:0
[2026-01-24 15:36:26,241] [INFO] [CLIENT INIT] Mode=FEDAVG | Sparsity=OFF (UsedSparsity=0) | Clusters=OFF (UsedClusters=0) | EnvSparsityCfg={'Conv': 0.6, 'Linear': 0.6, 'Bias': 0.0, 'BatchNorm': 0.0} | EnvNClusters=3
[2026-01-24 15:36:26,324] [INFO] Model initialized on device: cuda:0
[2026-01-24 15:36:26,324] [INFO] [CLIENT INIT] Mode=FEDAVG | Sparsity=OFF (UsedSparsity=0) | Clusters=OFF (UsedClusters=0) | EnvSparsityCfg={'Conv': 0.6, 'Linear': 0.6, 'Bias': 0.0, 'BatchNorm': 0.0} | EnvNClusters=3
[2026-01-24 15:36:26,339] [INFO] Model initialized on device: cuda:0
[2026-01-24 15:36:26,339] [INFO] [CLIENT INIT] Mode=FEDAVG | Sparsity=OFF (UsedSparsity=0) | Clusters=OFF (UsedClusters=0) | EnvSparsityCfg={'Conv': 0.6, 'Linear': 0.6, 'Bias': 0.0, 'BatchNorm': 0.0} | EnvNClusters=3
[2026-01-24 15:37:43,541] [INFO] [TRAIN] Epoch 3 Loss: 0.1123
[2026-01-24 15:38:37,209] [INFO] Model initialized on device: cuda:0
[2026-01-24 15:38:37,209] [INFO] [CLIENT INIT] Mode=FEDAVG | Sparsity=OFF (UsedSparsity=0) | Clusters=OFF (UsedClusters=0) | EnvSparsityCfg={'Conv': 0.6, 'Linear': 0.6, 'Bias': 0.0, 'BatchNorm': 0.0} | EnvNClusters=3
[2026-01-24 15:38:37,263] [INFO] Model initialized on device: cuda:0
[2026-01-24 15:38:37,263] [INFO] [CLIENT INIT] Mode=FEDAVG | Sparsity=OFF (UsedSparsity=0) | Clusters=OFF (UsedClusters=0) | EnvSparsityCfg={'Conv': 0.6, 'Linear': 0.6, 'Bias': 0.0, 'BatchNorm': 0.0} | EnvNClusters=3
[2026-01-24 15:38:37,508] [INFO] Model initialized on device: cuda:0
[2026-01-24 15:38:37,508] [INFO] [CLIENT INIT] Mode=FEDAVG | Sparsity=OFF (UsedSparsity=0) | Clusters=OFF (UsedClusters=0) | EnvSparsityCfg={'Conv': 0.6, 'Linear': 0.6, 'Bias': 0.0, 'BatchNorm': 0.0} | EnvNClusters=3
[2026-01-24 15:38:37,535] [INFO] Model initialized on device: cuda:0
[2026-01-24 15:38:37,535] [INFO] [CLIENT INIT] Mode=FEDAVG | Sparsity=OFF (UsedSparsity=0) | Clusters=OFF (UsedClusters=0) | EnvSparsityCfg={'Conv': 0.6, 'Linear': 0.6, 'Bias': 0.0, 'BatchNorm': 0.0} | EnvNClusters=3
[2026-01-24 15:38:37,542] [INFO] Model initialized on device: cuda:0
[2026-01-24 15:38:37,542] [INFO] [CLIENT INIT] Mode=FEDAVG | Sparsity=OFF (UsedSparsity=0) | Clusters=OFF (UsedClusters=0) | EnvSparsityCfg={'Conv': 0.6, 'Linear': 0.6, 'Bias': 0.0, 'BatchNorm': 0.0} | EnvNClusters=3
[2026-01-24 15:38:37,557] [INFO] Model initialized on device: cuda:0
[2026-01-24 15:38:37,557] [INFO] [CLIENT INIT] Mode=FEDAVG | Sparsity=OFF (UsedSparsity=0) | Clusters=OFF (UsedClusters=0) | EnvSparsityCfg={'Conv': 0.6, 'Linear': 0.6, 'Bias': 0.0, 'BatchNorm': 0.0} | EnvNClusters=3
[2026-01-24 15:38:37,627] [INFO] Model initialized on device: cuda:0
[2026-01-24 15:38:37,627] [INFO] [CLIENT INIT] Mode=FEDAVG | Sparsity=OFF (UsedSparsity=0) | Clusters=OFF (UsedClusters=0) | EnvSparsityCfg={'Conv': 0.6, 'Linear': 0.6, 'Bias': 0.0, 'BatchNorm': 0.0} | EnvNClusters=3
[2026-01-24 15:38:37,644] [INFO] Model initialized on device: cuda:0
[2026-01-24 15:38:37,645] [INFO] [CLIENT INIT] Mode=FEDAVG | Sparsity=OFF (UsedSparsity=0) | Clusters=OFF (UsedClusters=0) | EnvSparsityCfg={'Conv': 0.6, 'Linear': 0.6, 'Bias': 0.0, 'BatchNorm': 0.0} | EnvNClusters=3
[2026-01-24 15:38:37,728] [INFO] Model initialized on device: cuda:0
[2026-01-24 15:38:37,728] [INFO] [CLIENT INIT] Mode=FEDAVG | Sparsity=OFF (UsedSparsity=0) | Clusters=OFF (UsedClusters=0) | EnvSparsityCfg={'Conv': 0.6, 'Linear': 0.6, 'Bias': 0.0, 'BatchNorm': 0.0} | EnvNClusters=3
[2026-01-24 15:38:37,735] [INFO] Model initialized on device: cuda:0
[2026-01-24 15:38:37,735] [INFO] [CLIENT INIT] Mode=FEDAVG | Sparsity=OFF (UsedSparsity=0) | Clusters=OFF (UsedClusters=0) | EnvSparsityCfg={'Conv': 0.6, 'Linear': 0.6, 'Bias': 0.0, 'BatchNorm': 0.0} | EnvNClusters=3
[2026-01-24 15:39:33,614] [INFO] [TRAIN] Epoch 4 Loss: 0.1111
[2026-01-24 15:40:11,711] [INFO] Model initialized on device: cuda:0
[2026-01-24 15:40:11,711] [INFO] [CLIENT INIT] Mode=FEDAVG | Sparsity=OFF (UsedSparsity=0) | Clusters=OFF (UsedClusters=0) | EnvSparsityCfg={'Conv': 0.6, 'Linear': 0.6, 'Bias': 0.0, 'BatchNorm': 0.0} | EnvNClusters=3
[2026-01-24 15:40:11,911] [INFO] Model initialized on device: cuda:0
[2026-01-24 15:40:11,911] [INFO] [CLIENT INIT] Mode=FEDAVG | Sparsity=OFF (UsedSparsity=0) | Clusters=OFF (UsedClusters=0) | EnvSparsityCfg={'Conv': 0.6, 'Linear': 0.6, 'Bias': 0.0, 'BatchNorm': 0.0} | EnvNClusters=3
[2026-01-24 15:40:12,016] [INFO] Model initialized on device: cuda:0
[2026-01-24 15:40:12,016] [INFO] [CLIENT INIT] Mode=FEDAVG | Sparsity=OFF (UsedSparsity=0) | Clusters=OFF (UsedClusters=0) | EnvSparsityCfg={'Conv': 0.6, 'Linear': 0.6, 'Bias': 0.0, 'BatchNorm': 0.0} | EnvNClusters=3
[2026-01-24 15:40:12,019] [INFO] Model initialized on device: cuda:0
[2026-01-24 15:40:12,019] [INFO] [CLIENT INIT] Mode=FEDAVG | Sparsity=OFF (UsedSparsity=0) | Clusters=OFF (UsedClusters=0) | EnvSparsityCfg={'Conv': 0.6, 'Linear': 0.6, 'Bias': 0.0, 'BatchNorm': 0.0} | EnvNClusters=3
[2026-01-24 15:40:12,108] [INFO] Model initialized on device: cuda:0
[2026-01-24 15:40:12,108] [INFO] [CLIENT INIT] Mode=FEDAVG | Sparsity=OFF (UsedSparsity=0) | Clusters=OFF (UsedClusters=0) | EnvSparsityCfg={'Conv': 0.6, 'Linear': 0.6, 'Bias': 0.0, 'BatchNorm': 0.0} | EnvNClusters=3
[2026-01-24 15:40:12,113] [INFO] Model initialized on device: cuda:0
[2026-01-24 15:40:12,113] [INFO] [CLIENT INIT] Mode=FEDAVG | Sparsity=OFF (UsedSparsity=0) | Clusters=OFF (UsedClusters=0) | EnvSparsityCfg={'Conv': 0.6, 'Linear': 0.6, 'Bias': 0.0, 'BatchNorm': 0.0} | EnvNClusters=3
[2026-01-24 15:40:12,114] [INFO] Model initialized on device: cuda:0
[2026-01-24 15:40:12,114] [INFO] [CLIENT INIT] Mode=FEDAVG | Sparsity=OFF (UsedSparsity=0) | Clusters=OFF (UsedClusters=0) | EnvSparsityCfg={'Conv': 0.6, 'Linear': 0.6, 'Bias': 0.0, 'BatchNorm': 0.0} | EnvNClusters=3
[2026-01-24 15:40:12,122] [INFO] Model initialized on device: cuda:0
[2026-01-24 15:40:12,122] [INFO] Model initialized on device: cuda:0
[2026-01-24 15:40:12,122] [INFO] [CLIENT INIT] Mode=FEDAVG | Sparsity=OFF (UsedSparsity=0) | Clusters=OFF (UsedClusters=0) | EnvSparsityCfg={'Conv': 0.6, 'Linear': 0.6, 'Bias': 0.0, 'BatchNorm': 0.0} | EnvNClusters=3
[2026-01-24 15:40:12,122] [INFO] [CLIENT INIT] Mode=FEDAVG | Sparsity=OFF (UsedSparsity=0) | Clusters=OFF (UsedClusters=0) | EnvSparsityCfg={'Conv': 0.6, 'Linear': 0.6, 'Bias': 0.0, 'BatchNorm': 0.0} | EnvNClusters=3
[2026-01-24 15:40:12,123] [INFO] Model initialized on device: cuda:0
[2026-01-24 15:40:12,124] [INFO] [CLIENT INIT] Mode=FEDAVG | Sparsity=OFF (UsedSparsity=0) | Clusters=OFF (UsedClusters=0) | EnvSparsityCfg={'Conv': 0.6, 'Linear': 0.6, 'Bias': 0.0, 'BatchNorm': 0.0} | EnvNClusters=3
[2026-01-24 15:41:08,414] [INFO] [TRAIN] Epoch 5 Loss: 0.1171
[2026-01-24 15:41:08,414] [INFO] [FIT] Local training finished. Avg Loss: 0.1170
[2026-01-24 15:41:53,011] [INFO] Model initialized on device: cuda:0
[2026-01-24 15:41:53,012] [INFO] [CLIENT INIT] Mode=FEDAVG | Sparsity=OFF (UsedSparsity=0) | Clusters=OFF (UsedClusters=0) | EnvSparsityCfg={'Conv': 0.6, 'Linear': 0.6, 'Bias': 0.0, 'BatchNorm': 0.0} | EnvNClusters=3
[2026-01-24 15:41:53,145] [INFO] Model initialized on device: cuda:0
[2026-01-24 15:41:53,145] [INFO] [CLIENT INIT] Mode=FEDAVG | Sparsity=OFF (UsedSparsity=0) | Clusters=OFF (UsedClusters=0) | EnvSparsityCfg={'Conv': 0.6, 'Linear': 0.6, 'Bias': 0.0, 'BatchNorm': 0.0} | EnvNClusters=3
[2026-01-24 15:41:53,325] [INFO] Model initialized on device: cuda:0
[2026-01-24 15:41:53,325] [INFO] [CLIENT INIT] Mode=FEDAVG | Sparsity=OFF (UsedSparsity=0) | Clusters=OFF (UsedClusters=0) | EnvSparsityCfg={'Conv': 0.6, 'Linear': 0.6, 'Bias': 0.0, 'BatchNorm': 0.0} | EnvNClusters=3
[2026-01-24 15:41:53,438] [INFO] Model initialized on device: cuda:0
[2026-01-24 15:41:53,438] [INFO] [CLIENT INIT] Mode=FEDAVG | Sparsity=OFF (UsedSparsity=0) | Clusters=OFF (UsedClusters=0) | EnvSparsityCfg={'Conv': 0.6, 'Linear': 0.6, 'Bias': 0.0, 'BatchNorm': 0.0} | EnvNClusters=3
[2026-01-24 15:41:53,638] [INFO] Model initialized on device: cuda:0
[2026-01-24 15:41:53,638] [INFO] [CLIENT INIT] Mode=FEDAVG | Sparsity=OFF (UsedSparsity=0) | Clusters=OFF (UsedClusters=0) | EnvSparsityCfg={'Conv': 0.6, 'Linear': 0.6, 'Bias': 0.0, 'BatchNorm': 0.0} | EnvNClusters=3
[2026-01-24 15:41:53,723] [INFO] Model initialized on device: cuda:0
[2026-01-24 15:41:53,723] [INFO] [CLIENT INIT] Mode=FEDAVG | Sparsity=OFF (UsedSparsity=0) | Clusters=OFF (UsedClusters=0) | EnvSparsityCfg={'Conv': 0.6, 'Linear': 0.6, 'Bias': 0.0, 'BatchNorm': 0.0} | EnvNClusters=3
[2026-01-24 15:41:53,725] [INFO] Model initialized on device: cuda:0
[2026-01-24 15:41:53,726] [INFO] [CLIENT INIT] Mode=FEDAVG | Sparsity=OFF (UsedSparsity=0) | Clusters=OFF (UsedClusters=0) | EnvSparsityCfg={'Conv': 0.6, 'Linear': 0.6, 'Bias': 0.0, 'BatchNorm': 0.0} | EnvNClusters=3
[2026-01-24 15:41:53,835] [INFO] Model initialized on device: cuda:0
[2026-01-24 15:41:53,836] [INFO] [CLIENT INIT] Mode=FEDAVG | Sparsity=OFF (UsedSparsity=0) | Clusters=OFF (UsedClusters=0) | EnvSparsityCfg={'Conv': 0.6, 'Linear': 0.6, 'Bias': 0.0, 'BatchNorm': 0.0} | EnvNClusters=3
[2026-01-24 15:41:53,840] [INFO] Model initialized on device: cuda:0
[2026-01-24 15:41:53,840] [INFO] [CLIENT INIT] Mode=FEDAVG | Sparsity=OFF (UsedSparsity=0) | Clusters=OFF (UsedClusters=0) | EnvSparsityCfg={'Conv': 0.6, 'Linear': 0.6, 'Bias': 0.0, 'BatchNorm': 0.0} | EnvNClusters=3
[2026-01-24 15:41:53,913] [INFO] Model initialized on device: cuda:0
[2026-01-24 15:41:53,914] [INFO] [CLIENT INIT] Mode=FEDAVG | Sparsity=OFF (UsedSparsity=0) | Clusters=OFF (UsedClusters=0) | EnvSparsityCfg={'Conv': 0.6, 'Linear': 0.6, 'Bias': 0.0, 'BatchNorm': 0.0} | EnvNClusters=3
[2026-01-24 15:42:01,315] [DEBUG] [TEST] Batch 1 | Pred shape: torch.Size([256, 256, 160]) | Label shape: torch.Size([256, 256, 160])
[2026-01-24 15:42:01,514] [DEBUG] [TEST] Batch 2 | Pred shape: torch.Size([256, 256, 160]) | Label shape: torch.Size([256, 256, 160])
[2026-01-24 15:42:01,715] [DEBUG] [TEST] Batch 3 | Pred shape: torch.Size([256, 256, 160]) | Label shape: torch.Size([256, 256, 160])
[2026-01-24 15:42:01,814] [DEBUG] [TEST] Batch 4 | Pred shape: torch.Size([256, 256, 160]) | Label shape: torch.Size([256, 256, 160])
[2026-01-24 15:42:01,914] [DEBUG] [TEST] Batch 5 | Pred shape: torch.Size([256, 256, 160]) | Label shape: torch.Size([256, 256, 160])
[2026-01-24 15:42:02,014] [DEBUG] [TEST] Batch 6 | Pred shape: torch.Size([256, 256, 160]) | Label shape: torch.Size([256, 256, 160])
[2026-01-24 15:42:02,114] [DEBUG] [TEST] Batch 7 | Pred shape: torch.Size([256, 256, 160]) | Label shape: torch.Size([256, 256, 160])
[2026-01-24 15:42:02,215] [DEBUG] [TEST] Batch 8 | Pred shape: torch.Size([256, 256, 160]) | Label shape: torch.Size([256, 256, 160])
[2026-01-24 15:42:02,314] [DEBUG] [TEST] Batch 9 | Pred shape: torch.Size([256, 256, 160]) | Label shape: torch.Size([256, 256, 160])
[2026-01-24 15:42:02,415] [DEBUG] [TEST] Batch 10 | Pred shape: torch.Size([256, 256, 160]) | Label shape: torch.Size([256, 256, 160])
[2026-01-24 15:42:07,834] [INFO] [FIT] Final model saved to: Revision2/Run_UNET_IID_Fedavg_20260124/Client4/model_final.pth
[2026-01-24 15:42:07,841] [INFO] [COMM][CLIENT] Round=-1 Mode=FEDAVG UsedSparsity=0 UsedClusters=0 BaselineBits=154016352.0 CompressedBits=154016352.0 CR=1.000
[2026-01-24 15:42:57,710] [INFO] [EVALUATE] Starting evaluation...
[2026-01-24 15:43:00,418] [INFO] [DEBUG] Loaded uncompressed weights.
[2026-01-24 15:44:07,452] [INFO] Model initialized on device: cuda:0
[2026-01-24 15:44:07,453] [INFO] [CLIENT INIT] Mode=FEDAVG | Sparsity=OFF (UsedSparsity=0) | Clusters=OFF (UsedClusters=0) | EnvSparsityCfg={'Conv': 0.6, 'Linear': 0.6, 'Bias': 0.0, 'BatchNorm': 0.0} | EnvNClusters=3
[2026-01-24 15:44:08,123] [INFO] Model initialized on device: cuda:0
[2026-01-24 15:44:08,123] [INFO] [CLIENT INIT] Mode=FEDAVG | Sparsity=OFF (UsedSparsity=0) | Clusters=OFF (UsedClusters=0) | EnvSparsityCfg={'Conv': 0.6, 'Linear': 0.6, 'Bias': 0.0, 'BatchNorm': 0.0} | EnvNClusters=3
[2026-01-24 15:44:08,155] [INFO] Model initialized on device: cuda:0
[2026-01-24 15:44:08,155] [INFO] [CLIENT INIT] Mode=FEDAVG | Sparsity=OFF (UsedSparsity=0) | Clusters=OFF (UsedClusters=0) | EnvSparsityCfg={'Conv': 0.6, 'Linear': 0.6, 'Bias': 0.0, 'BatchNorm': 0.0} | EnvNClusters=3
[2026-01-24 15:44:08,234] [INFO] Model initialized on device: cuda:0
[2026-01-24 15:44:08,234] [INFO] [CLIENT INIT] Mode=FEDAVG | Sparsity=OFF (UsedSparsity=0) | Clusters=OFF (UsedClusters=0) | EnvSparsityCfg={'Conv': 0.6, 'Linear': 0.6, 'Bias': 0.0, 'BatchNorm': 0.0} | EnvNClusters=3
[2026-01-24 15:44:08,528] [INFO] Model initialized on device: cuda:0
[2026-01-24 15:44:08,529] [INFO] [CLIENT INIT] Mode=FEDAVG | Sparsity=OFF (UsedSparsity=0) | Clusters=OFF (UsedClusters=0) | EnvSparsityCfg={'Conv': 0.6, 'Linear': 0.6, 'Bias': 0.0, 'BatchNorm': 0.0} | EnvNClusters=3
[2026-01-24 15:44:08,919] [INFO] Model initialized on device: cuda:0
[2026-01-24 15:44:08,919] [INFO] [CLIENT INIT] Mode=FEDAVG | Sparsity=OFF (UsedSparsity=0) | Clusters=OFF (UsedClusters=0) | EnvSparsityCfg={'Conv': 0.6, 'Linear': 0.6, 'Bias': 0.0, 'BatchNorm': 0.0} | EnvNClusters=3
[2026-01-24 15:44:09,026] [INFO] Model initialized on device: cuda:0
[2026-01-24 15:44:09,026] [INFO] [CLIENT INIT] Mode=FEDAVG | Sparsity=OFF (UsedSparsity=0) | Clusters=OFF (UsedClusters=0) | EnvSparsityCfg={'Conv': 0.6, 'Linear': 0.6, 'Bias': 0.0, 'BatchNorm': 0.0} | EnvNClusters=3
[2026-01-24 15:44:09,109] [INFO] Model initialized on device: cuda:0
[2026-01-24 15:44:09,109] [INFO] [CLIENT INIT] Mode=FEDAVG | Sparsity=OFF (UsedSparsity=0) | Clusters=OFF (UsedClusters=0) | EnvSparsityCfg={'Conv': 0.6, 'Linear': 0.6, 'Bias': 0.0, 'BatchNorm': 0.0} | EnvNClusters=3
[2026-01-24 15:44:09,123] [INFO] Model initialized on device: cuda:0
[2026-01-24 15:44:09,123] [INFO] [CLIENT INIT] Mode=FEDAVG | Sparsity=OFF (UsedSparsity=0) | Clusters=OFF (UsedClusters=0) | EnvSparsityCfg={'Conv': 0.6, 'Linear': 0.6, 'Bias': 0.0, 'BatchNorm': 0.0} | EnvNClusters=3
[2026-01-24 15:44:09,226] [INFO] Model initialized on device: cuda:0
[2026-01-24 15:44:09,227] [INFO] [CLIENT INIT] Mode=FEDAVG | Sparsity=OFF (UsedSparsity=0) | Clusters=OFF (UsedClusters=0) | EnvSparsityCfg={'Conv': 0.6, 'Linear': 0.6, 'Bias': 0.0, 'BatchNorm': 0.0} | EnvNClusters=3
[2026-01-24 15:44:16,623] [DEBUG] [TEST] Batch 1 | Pred shape: torch.Size([256, 256, 160]) | Label shape: torch.Size([256, 256, 160])
[2026-01-24 15:44:16,850] [DEBUG] [TEST] Batch 2 | Pred shape: torch.Size([256, 256, 160]) | Label shape: torch.Size([256, 256, 160])
[2026-01-24 15:44:17,083] [DEBUG] [TEST] Batch 3 | Pred shape: torch.Size([256, 256, 160]) | Label shape: torch.Size([256, 256, 160])
[2026-01-24 15:44:17,321] [DEBUG] [TEST] Batch 4 | Pred shape: torch.Size([256, 256, 160]) | Label shape: torch.Size([256, 256, 160])
[2026-01-24 15:44:17,503] [DEBUG] [TEST] Batch 5 | Pred shape: torch.Size([256, 256, 160]) | Label shape: torch.Size([256, 256, 160])
[2026-01-24 15:44:17,687] [DEBUG] [TEST] Batch 6 | Pred shape: torch.Size([256, 256, 160]) | Label shape: torch.Size([256, 256, 160])
[2026-01-24 15:44:17,869] [DEBUG] [TEST] Batch 7 | Pred shape: torch.Size([256, 256, 160]) | Label shape: torch.Size([256, 256, 160])
[2026-01-24 15:44:18,047] [DEBUG] [TEST] Batch 8 | Pred shape: torch.Size([256, 256, 160]) | Label shape: torch.Size([256, 256, 160])
[2026-01-24 15:44:18,171] [DEBUG] [TEST] Batch 9 | Pred shape: torch.Size([256, 256, 160]) | Label shape: torch.Size([256, 256, 160])
[2026-01-24 15:44:18,254] [DEBUG] [TEST] Batch 10 | Pred shape: torch.Size([256, 256, 160]) | Label shape: torch.Size([256, 256, 160])
[2026-01-24 15:44:25,458] [INFO] [EVALUATE] Dice WT: 1.0000
[2026-01-24 15:44:26,611] [INFO] [FIT] Received parameters. Starting local training...
[2026-01-24 15:44:30,111] [INFO] [DEBUG] Loaded uncompressed weights.
[2026-01-24 15:45:32,526] [INFO] Model initialized on device: cuda:0
[2026-01-24 15:45:32,526] [INFO] [CLIENT INIT] Mode=FEDAVG | Sparsity=OFF (UsedSparsity=0) | Clusters=OFF (UsedClusters=0) | EnvSparsityCfg={'Conv': 0.6, 'Linear': 0.6, 'Bias': 0.0, 'BatchNorm': 0.0} | EnvNClusters=3
[2026-01-24 15:45:35,022] [INFO] Model initialized on device: cuda:0
[2026-01-24 15:45:35,022] [INFO] [CLIENT INIT] Mode=FEDAVG | Sparsity=OFF (UsedSparsity=0) | Clusters=OFF (UsedClusters=0) | EnvSparsityCfg={'Conv': 0.6, 'Linear': 0.6, 'Bias': 0.0, 'BatchNorm': 0.0} | EnvNClusters=3
[2026-01-24 15:45:35,112] [INFO] Model initialized on device: cuda:0
[2026-01-24 15:45:35,112] [INFO] [CLIENT INIT] Mode=FEDAVG | Sparsity=OFF (UsedSparsity=0) | Clusters=OFF (UsedClusters=0) | EnvSparsityCfg={'Conv': 0.6, 'Linear': 0.6, 'Bias': 0.0, 'BatchNorm': 0.0} | EnvNClusters=3
[2026-01-24 15:45:36,028] [INFO] Model initialized on device: cuda:0
[2026-01-24 15:45:36,028] [INFO] [CLIENT INIT] Mode=FEDAVG | Sparsity=OFF (UsedSparsity=0) | Clusters=OFF (UsedClusters=0) | EnvSparsityCfg={'Conv': 0.6, 'Linear': 0.6, 'Bias': 0.0, 'BatchNorm': 0.0} | EnvNClusters=3
[2026-01-24 15:45:36,033] [INFO] Model initialized on device: cuda:0
[2026-01-24 15:45:36,033] [INFO] [CLIENT INIT] Mode=FEDAVG | Sparsity=OFF (UsedSparsity=0) | Clusters=OFF (UsedClusters=0) | EnvSparsityCfg={'Conv': 0.6, 'Linear': 0.6, 'Bias': 0.0, 'BatchNorm': 0.0} | EnvNClusters=3
[2026-01-24 15:45:36,330] [INFO] Model initialized on device: cuda:0
[2026-01-24 15:45:36,330] [INFO] [CLIENT INIT] Mode=FEDAVG | Sparsity=OFF (UsedSparsity=0) | Clusters=OFF (UsedClusters=0) | EnvSparsityCfg={'Conv': 0.6, 'Linear': 0.6, 'Bias': 0.0, 'BatchNorm': 0.0} | EnvNClusters=3
[2026-01-24 15:45:36,336] [INFO] Model initialized on device: cuda:0
[2026-01-24 15:45:36,336] [INFO] [CLIENT INIT] Mode=FEDAVG | Sparsity=OFF (UsedSparsity=0) | Clusters=OFF (UsedClusters=0) | EnvSparsityCfg={'Conv': 0.6, 'Linear': 0.6, 'Bias': 0.0, 'BatchNorm': 0.0} | EnvNClusters=3
[2026-01-24 15:45:36,424] [INFO] Model initialized on device: cuda:0
[2026-01-24 15:45:36,424] [INFO] [CLIENT INIT] Mode=FEDAVG | Sparsity=OFF (UsedSparsity=0) | Clusters=OFF (UsedClusters=0) | EnvSparsityCfg={'Conv': 0.6, 'Linear': 0.6, 'Bias': 0.0, 'BatchNorm': 0.0} | EnvNClusters=3
[2026-01-24 15:45:36,511] [INFO] Model initialized on device: cuda:0
[2026-01-24 15:45:36,511] [INFO] [CLIENT INIT] Mode=FEDAVG | Sparsity=OFF (UsedSparsity=0) | Clusters=OFF (UsedClusters=0) | EnvSparsityCfg={'Conv': 0.6, 'Linear': 0.6, 'Bias': 0.0, 'BatchNorm': 0.0} | EnvNClusters=3
[2026-01-24 15:45:36,528] [INFO] Model initialized on device: cuda:0
[2026-01-24 15:45:36,528] [INFO] [CLIENT INIT] Mode=FEDAVG | Sparsity=OFF (UsedSparsity=0) | Clusters=OFF (UsedClusters=0) | EnvSparsityCfg={'Conv': 0.6, 'Linear': 0.6, 'Bias': 0.0, 'BatchNorm': 0.0} | EnvNClusters=3
[2026-01-24 15:46:49,360] [INFO] [TRAIN] Epoch 1 Loss: 0.1140
[2026-01-24 15:47:46,702] [INFO] Model initialized on device: cuda:0
[2026-01-24 15:47:46,702] [INFO] [CLIENT INIT] Mode=FEDAVG | Sparsity=OFF (UsedSparsity=0) | Clusters=OFF (UsedClusters=0) | EnvSparsityCfg={'Conv': 0.6, 'Linear': 0.6, 'Bias': 0.0, 'BatchNorm': 0.0} | EnvNClusters=3
[2026-01-24 15:47:46,924] [INFO] Model initialized on device: cuda:0
[2026-01-24 15:47:46,925] [INFO] [CLIENT INIT] Mode=FEDAVG | Sparsity=OFF (UsedSparsity=0) | Clusters=OFF (UsedClusters=0) | EnvSparsityCfg={'Conv': 0.6, 'Linear': 0.6, 'Bias': 0.0, 'BatchNorm': 0.0} | EnvNClusters=3
[2026-01-24 15:47:46,983] [INFO] Model initialized on device: cuda:0
[2026-01-24 15:47:46,984] [INFO] [CLIENT INIT] Mode=FEDAVG | Sparsity=OFF (UsedSparsity=0) | Clusters=OFF (UsedClusters=0) | EnvSparsityCfg={'Conv': 0.6, 'Linear': 0.6, 'Bias': 0.0, 'BatchNorm': 0.0} | EnvNClusters=3
[2026-01-24 15:47:47,160] [INFO] Model initialized on device: cuda:0
[2026-01-24 15:47:47,160] [INFO] [CLIENT INIT] Mode=FEDAVG | Sparsity=OFF (UsedSparsity=0) | Clusters=OFF (UsedClusters=0) | EnvSparsityCfg={'Conv': 0.6, 'Linear': 0.6, 'Bias': 0.0, 'BatchNorm': 0.0} | EnvNClusters=3
[2026-01-24 15:47:47,911] [INFO] Model initialized on device: cuda:0
[2026-01-24 15:47:47,911] [INFO] [CLIENT INIT] Mode=FEDAVG | Sparsity=OFF (UsedSparsity=0) | Clusters=OFF (UsedClusters=0) | EnvSparsityCfg={'Conv': 0.6, 'Linear': 0.6, 'Bias': 0.0, 'BatchNorm': 0.0} | EnvNClusters=3
[2026-01-24 15:47:48,644] [INFO] Model initialized on device: cuda:0
[2026-01-24 15:47:48,644] [INFO] [CLIENT INIT] Mode=FEDAVG | Sparsity=OFF (UsedSparsity=0) | Clusters=OFF (UsedClusters=0) | EnvSparsityCfg={'Conv': 0.6, 'Linear': 0.6, 'Bias': 0.0, 'BatchNorm': 0.0} | EnvNClusters=3
[2026-01-24 15:47:48,753] [INFO] Model initialized on device: cuda:0
[2026-01-24 15:47:48,753] [INFO] [CLIENT INIT] Mode=FEDAVG | Sparsity=OFF (UsedSparsity=0) | Clusters=OFF (UsedClusters=0) | EnvSparsityCfg={'Conv': 0.6, 'Linear': 0.6, 'Bias': 0.0, 'BatchNorm': 0.0} | EnvNClusters=3
[2026-01-24 15:47:49,818] [INFO] Model initialized on device: cuda:0
[2026-01-24 15:47:49,818] [INFO] [CLIENT INIT] Mode=FEDAVG | Sparsity=OFF (UsedSparsity=0) | Clusters=OFF (UsedClusters=0) | EnvSparsityCfg={'Conv': 0.6, 'Linear': 0.6, 'Bias': 0.0, 'BatchNorm': 0.0} | EnvNClusters=3
[2026-01-24 15:47:50,107] [INFO] Model initialized on device: cuda:0
[2026-01-24 15:47:50,108] [INFO] [CLIENT INIT] Mode=FEDAVG | Sparsity=OFF (UsedSparsity=0) | Clusters=OFF (UsedClusters=0) | EnvSparsityCfg={'Conv': 0.6, 'Linear': 0.6, 'Bias': 0.0, 'BatchNorm': 0.0} | EnvNClusters=3
[2026-01-24 15:47:53,641] [INFO] Model initialized on device: cuda:0
[2026-01-24 15:47:53,641] [INFO] [CLIENT INIT] Mode=FEDAVG | Sparsity=OFF (UsedSparsity=0) | Clusters=OFF (UsedClusters=0) | EnvSparsityCfg={'Conv': 0.6, 'Linear': 0.6, 'Bias': 0.0, 'BatchNorm': 0.0} | EnvNClusters=3
[2026-01-24 15:49:00,713] [INFO] [TRAIN] Epoch 2 Loss: 0.1137
[2026-01-24 15:49:56,639] [INFO] Model initialized on device: cuda:0
[2026-01-24 15:49:56,640] [INFO] [CLIENT INIT] Mode=FEDAVG | Sparsity=OFF (UsedSparsity=0) | Clusters=OFF (UsedClusters=0) | EnvSparsityCfg={'Conv': 0.6, 'Linear': 0.6, 'Bias': 0.0, 'BatchNorm': 0.0} | EnvNClusters=3
[2026-01-24 15:49:56,785] [INFO] Model initialized on device: cuda:0
[2026-01-24 15:49:56,785] [INFO] [CLIENT INIT] Mode=FEDAVG | Sparsity=OFF (UsedSparsity=0) | Clusters=OFF (UsedClusters=0) | EnvSparsityCfg={'Conv': 0.6, 'Linear': 0.6, 'Bias': 0.0, 'BatchNorm': 0.0} | EnvNClusters=3
[2026-01-24 15:49:56,792] [INFO] Model initialized on device: cuda:0
[2026-01-24 15:49:56,792] [INFO] [CLIENT INIT] Mode=FEDAVG | Sparsity=OFF (UsedSparsity=0) | Clusters=OFF (UsedClusters=0) | EnvSparsityCfg={'Conv': 0.6, 'Linear': 0.6, 'Bias': 0.0, 'BatchNorm': 0.0} | EnvNClusters=3
[2026-01-24 15:49:56,826] [INFO] Model initialized on device: cuda:0
[2026-01-24 15:49:56,826] [INFO] [CLIENT INIT] Mode=FEDAVG | Sparsity=OFF (UsedSparsity=0) | Clusters=OFF (UsedClusters=0) | EnvSparsityCfg={'Conv': 0.6, 'Linear': 0.6, 'Bias': 0.0, 'BatchNorm': 0.0} | EnvNClusters=3
[2026-01-24 15:49:56,834] [INFO] Model initialized on device: cuda:0
[2026-01-24 15:49:56,834] [INFO] [CLIENT INIT] Mode=FEDAVG | Sparsity=OFF (UsedSparsity=0) | Clusters=OFF (UsedClusters=0) | EnvSparsityCfg={'Conv': 0.6, 'Linear': 0.6, 'Bias': 0.0, 'BatchNorm': 0.0} | EnvNClusters=3
[2026-01-24 15:49:56,849] [INFO] Model initialized on device: cuda:0
[2026-01-24 15:49:56,849] [INFO] [CLIENT INIT] Mode=FEDAVG | Sparsity=OFF (UsedSparsity=0) | Clusters=OFF (UsedClusters=0) | EnvSparsityCfg={'Conv': 0.6, 'Linear': 0.6, 'Bias': 0.0, 'BatchNorm': 0.0} | EnvNClusters=3
[2026-01-24 15:49:58,233] [INFO] Model initialized on device: cuda:0
[2026-01-24 15:49:58,233] [INFO] [CLIENT INIT] Mode=FEDAVG | Sparsity=OFF (UsedSparsity=0) | Clusters=OFF (UsedClusters=0) | EnvSparsityCfg={'Conv': 0.6, 'Linear': 0.6, 'Bias': 0.0, 'BatchNorm': 0.0} | EnvNClusters=3
[2026-01-24 15:49:58,437] [INFO] Model initialized on device: cuda:0
[2026-01-24 15:49:58,437] [INFO] [CLIENT INIT] Mode=FEDAVG | Sparsity=OFF (UsedSparsity=0) | Clusters=OFF (UsedClusters=0) | EnvSparsityCfg={'Conv': 0.6, 'Linear': 0.6, 'Bias': 0.0, 'BatchNorm': 0.0} | EnvNClusters=3
[2026-01-24 15:49:59,328] [INFO] Model initialized on device: cuda:0
[2026-01-24 15:49:59,329] [INFO] [CLIENT INIT] Mode=FEDAVG | Sparsity=OFF (UsedSparsity=0) | Clusters=OFF (UsedClusters=0) | EnvSparsityCfg={'Conv': 0.6, 'Linear': 0.6, 'Bias': 0.0, 'BatchNorm': 0.0} | EnvNClusters=3
[2026-01-24 15:50:00,744] [INFO] Model initialized on device: cuda:0
[2026-01-24 15:50:00,744] [INFO] [CLIENT INIT] Mode=FEDAVG | Sparsity=OFF (UsedSparsity=0) | Clusters=OFF (UsedClusters=0) | EnvSparsityCfg={'Conv': 0.6, 'Linear': 0.6, 'Bias': 0.0, 'BatchNorm': 0.0} | EnvNClusters=3
[2026-01-24 15:51:02,714] [INFO] [TRAIN] Epoch 3 Loss: 0.1074
[2026-01-24 15:51:56,607] [INFO] Model initialized on device: cuda:0
[2026-01-24 15:51:56,608] [INFO] [CLIENT INIT] Mode=FEDAVG | Sparsity=OFF (UsedSparsity=0) | Clusters=OFF (UsedClusters=0) | EnvSparsityCfg={'Conv': 0.6, 'Linear': 0.6, 'Bias': 0.0, 'BatchNorm': 0.0} | EnvNClusters=3
[2026-01-24 15:51:57,112] [INFO] Model initialized on device: cuda:0
[2026-01-24 15:51:57,112] [INFO] [CLIENT INIT] Mode=FEDAVG | Sparsity=OFF (UsedSparsity=0) | Clusters=OFF (UsedClusters=0) | EnvSparsityCfg={'Conv': 0.6, 'Linear': 0.6, 'Bias': 0.0, 'BatchNorm': 0.0} | EnvNClusters=3
[2026-01-24 15:51:57,337] [INFO] Model initialized on device: cuda:0
[2026-01-24 15:51:57,337] [INFO] [CLIENT INIT] Mode=FEDAVG | Sparsity=OFF (UsedSparsity=0) | Clusters=OFF (UsedClusters=0) | EnvSparsityCfg={'Conv': 0.6, 'Linear': 0.6, 'Bias': 0.0, 'BatchNorm': 0.0} | EnvNClusters=3
[2026-01-24 15:51:57,513] [INFO] Model initialized on device: cuda:0
[2026-01-24 15:51:57,513] [INFO] [CLIENT INIT] Mode=FEDAVG | Sparsity=OFF (UsedSparsity=0) | Clusters=OFF (UsedClusters=0) | EnvSparsityCfg={'Conv': 0.6, 'Linear': 0.6, 'Bias': 0.0, 'BatchNorm': 0.0} | EnvNClusters=3
[2026-01-24 15:51:57,539] [INFO] Model initialized on device: cuda:0
[2026-01-24 15:51:57,540] [INFO] [CLIENT INIT] Mode=FEDAVG | Sparsity=OFF (UsedSparsity=0) | Clusters=OFF (UsedClusters=0) | EnvSparsityCfg={'Conv': 0.6, 'Linear': 0.6, 'Bias': 0.0, 'BatchNorm': 0.0} | EnvNClusters=3
[2026-01-24 15:51:57,638] [INFO] Model initialized on device: cuda:0
[2026-01-24 15:51:57,638] [INFO] [CLIENT INIT] Mode=FEDAVG | Sparsity=OFF (UsedSparsity=0) | Clusters=OFF (UsedClusters=0) | EnvSparsityCfg={'Conv': 0.6, 'Linear': 0.6, 'Bias': 0.0, 'BatchNorm': 0.0} | EnvNClusters=3
[2026-01-24 15:51:57,924] [INFO] Model initialized on device: cuda:0
[2026-01-24 15:51:57,925] [INFO] [CLIENT INIT] Mode=FEDAVG | Sparsity=OFF (UsedSparsity=0) | Clusters=OFF (UsedClusters=0) | EnvSparsityCfg={'Conv': 0.6, 'Linear': 0.6, 'Bias': 0.0, 'BatchNorm': 0.0} | EnvNClusters=3
[2026-01-24 15:51:58,336] [INFO] Model initialized on device: cuda:0
[2026-01-24 15:51:58,336] [INFO] [CLIENT INIT] Mode=FEDAVG | Sparsity=OFF (UsedSparsity=0) | Clusters=OFF (UsedClusters=0) | EnvSparsityCfg={'Conv': 0.6, 'Linear': 0.6, 'Bias': 0.0, 'BatchNorm': 0.0} | EnvNClusters=3
[2026-01-24 15:51:58,421] [INFO] Model initialized on device: cuda:0
[2026-01-24 15:51:58,421] [INFO] [CLIENT INIT] Mode=FEDAVG | Sparsity=OFF (UsedSparsity=0) | Clusters=OFF (UsedClusters=0) | EnvSparsityCfg={'Conv': 0.6, 'Linear': 0.6, 'Bias': 0.0, 'BatchNorm': 0.0} | EnvNClusters=3
[2026-01-24 15:51:58,437] [INFO] Model initialized on device: cuda:0
[2026-01-24 15:51:58,437] [INFO] [CLIENT INIT] Mode=FEDAVG | Sparsity=OFF (UsedSparsity=0) | Clusters=OFF (UsedClusters=0) | EnvSparsityCfg={'Conv': 0.6, 'Linear': 0.6, 'Bias': 0.0, 'BatchNorm': 0.0} | EnvNClusters=3
[2026-01-24 15:53:06,551] [INFO] [TRAIN] Epoch 4 Loss: 0.1066
[2026-01-24 15:53:59,331] [INFO] Model initialized on device: cuda:0
[2026-01-24 15:53:59,331] [INFO] [CLIENT INIT] Mode=FEDAVG | Sparsity=OFF (UsedSparsity=0) | Clusters=OFF (UsedClusters=0) | EnvSparsityCfg={'Conv': 0.6, 'Linear': 0.6, 'Bias': 0.0, 'BatchNorm': 0.0} | EnvNClusters=3
[2026-01-24 15:53:59,446] [INFO] Model initialized on device: cuda:0
[2026-01-24 15:53:59,446] [INFO] [CLIENT INIT] Mode=FEDAVG | Sparsity=OFF (UsedSparsity=0) | Clusters=OFF (UsedClusters=0) | EnvSparsityCfg={'Conv': 0.6, 'Linear': 0.6, 'Bias': 0.0, 'BatchNorm': 0.0} | EnvNClusters=3
[2026-01-24 15:53:59,463] [INFO] Model initialized on device: cuda:0
[2026-01-24 15:53:59,463] [INFO] [CLIENT INIT] Mode=FEDAVG | Sparsity=OFF (UsedSparsity=0) | Clusters=OFF (UsedClusters=0) | EnvSparsityCfg={'Conv': 0.6, 'Linear': 0.6, 'Bias': 0.0, 'BatchNorm': 0.0} | EnvNClusters=3
[2026-01-24 15:53:59,675] [INFO] Model initialized on device: cuda:0
[2026-01-24 15:53:59,675] [INFO] [CLIENT INIT] Mode=FEDAVG | Sparsity=OFF (UsedSparsity=0) | Clusters=OFF (UsedClusters=0) | EnvSparsityCfg={'Conv': 0.6, 'Linear': 0.6, 'Bias': 0.0, 'BatchNorm': 0.0} | EnvNClusters=3
[2026-01-24 15:53:59,748] [INFO] Model initialized on device: cuda:0
[2026-01-24 15:53:59,749] [INFO] [CLIENT INIT] Mode=FEDAVG | Sparsity=OFF (UsedSparsity=0) | Clusters=OFF (UsedClusters=0) | EnvSparsityCfg={'Conv': 0.6, 'Linear': 0.6, 'Bias': 0.0, 'BatchNorm': 0.0} | EnvNClusters=3
[2026-01-24 15:53:59,775] [INFO] Model initialized on device: cuda:0
[2026-01-24 15:53:59,775] [INFO] [CLIENT INIT] Mode=FEDAVG | Sparsity=OFF (UsedSparsity=0) | Clusters=OFF (UsedClusters=0) | EnvSparsityCfg={'Conv': 0.6, 'Linear': 0.6, 'Bias': 0.0, 'BatchNorm': 0.0} | EnvNClusters=3
[2026-01-24 15:53:59,781] [INFO] Model initialized on device: cuda:0
[2026-01-24 15:53:59,782] [INFO] [CLIENT INIT] Mode=FEDAVG | Sparsity=OFF (UsedSparsity=0) | Clusters=OFF (UsedClusters=0) | EnvSparsityCfg={'Conv': 0.6, 'Linear': 0.6, 'Bias': 0.0, 'BatchNorm': 0.0} | EnvNClusters=3
[2026-01-24 15:53:59,800] [INFO] Model initialized on device: cuda:0
[2026-01-24 15:53:59,801] [INFO] [CLIENT INIT] Mode=FEDAVG | Sparsity=OFF (UsedSparsity=0) | Clusters=OFF (UsedClusters=0) | EnvSparsityCfg={'Conv': 0.6, 'Linear': 0.6, 'Bias': 0.0, 'BatchNorm': 0.0} | EnvNClusters=3
[2026-01-24 15:53:59,808] [INFO] Model initialized on device: cuda:0
[2026-01-24 15:53:59,808] [INFO] [CLIENT INIT] Mode=FEDAVG | Sparsity=OFF (UsedSparsity=0) | Clusters=OFF (UsedClusters=0) | EnvSparsityCfg={'Conv': 0.6, 'Linear': 0.6, 'Bias': 0.0, 'BatchNorm': 0.0} | EnvNClusters=3
[2026-01-24 15:54:01,023] [INFO] Model initialized on device: cuda:0
[2026-01-24 15:54:01,024] [INFO] [CLIENT INIT] Mode=FEDAVG | Sparsity=OFF (UsedSparsity=0) | Clusters=OFF (UsedClusters=0) | EnvSparsityCfg={'Conv': 0.6, 'Linear': 0.6, 'Bias': 0.0, 'BatchNorm': 0.0} | EnvNClusters=3
[2026-01-24 15:55:03,837] [INFO] [TRAIN] Epoch 5 Loss: 0.1077
[2026-01-24 15:55:03,838] [INFO] [FIT] Local training finished. Avg Loss: 0.1099
[2026-01-24 15:55:54,085] [INFO] Model initialized on device: cuda:0
[2026-01-24 15:55:54,085] [INFO] [CLIENT INIT] Mode=FEDAVG | Sparsity=OFF (UsedSparsity=0) | Clusters=OFF (UsedClusters=0) | EnvSparsityCfg={'Conv': 0.6, 'Linear': 0.6, 'Bias': 0.0, 'BatchNorm': 0.0} | EnvNClusters=3
[2026-01-24 15:55:54,213] [INFO] Model initialized on device: cuda:0
[2026-01-24 15:55:54,214] [INFO] [CLIENT INIT] Mode=FEDAVG | Sparsity=OFF (UsedSparsity=0) | Clusters=OFF (UsedClusters=0) | EnvSparsityCfg={'Conv': 0.6, 'Linear': 0.6, 'Bias': 0.0, 'BatchNorm': 0.0} | EnvNClusters=3
[2026-01-24 15:55:54,812] [INFO] Model initialized on device: cuda:0
[2026-01-24 15:55:54,812] [INFO] [CLIENT INIT] Mode=FEDAVG | Sparsity=OFF (UsedSparsity=0) | Clusters=OFF (UsedClusters=0) | EnvSparsityCfg={'Conv': 0.6, 'Linear': 0.6, 'Bias': 0.0, 'BatchNorm': 0.0} | EnvNClusters=3
[2026-01-24 15:55:54,923] [INFO] Model initialized on device: cuda:0
[2026-01-24 15:55:54,924] [INFO] [CLIENT INIT] Mode=FEDAVG | Sparsity=OFF (UsedSparsity=0) | Clusters=OFF (UsedClusters=0) | EnvSparsityCfg={'Conv': 0.6, 'Linear': 0.6, 'Bias': 0.0, 'BatchNorm': 0.0} | EnvNClusters=3
[2026-01-24 15:55:55,048] [INFO] Model initialized on device: cuda:0
[2026-01-24 15:55:55,048] [INFO] [CLIENT INIT] Mode=FEDAVG | Sparsity=OFF (UsedSparsity=0) | Clusters=OFF (UsedClusters=0) | EnvSparsityCfg={'Conv': 0.6, 'Linear': 0.6, 'Bias': 0.0, 'BatchNorm': 0.0} | EnvNClusters=3
[2026-01-24 15:55:55,242] [INFO] Model initialized on device: cuda:0
[2026-01-24 15:55:55,242] [INFO] [CLIENT INIT] Mode=FEDAVG | Sparsity=OFF (UsedSparsity=0) | Clusters=OFF (UsedClusters=0) | EnvSparsityCfg={'Conv': 0.6, 'Linear': 0.6, 'Bias': 0.0, 'BatchNorm': 0.0} | EnvNClusters=3
[2026-01-24 15:55:55,246] [INFO] Model initialized on device: cuda:0
[2026-01-24 15:55:55,246] [INFO] [CLIENT INIT] Mode=FEDAVG | Sparsity=OFF (UsedSparsity=0) | Clusters=OFF (UsedClusters=0) | EnvSparsityCfg={'Conv': 0.6, 'Linear': 0.6, 'Bias': 0.0, 'BatchNorm': 0.0} | EnvNClusters=3
[2026-01-24 15:55:55,315] [INFO] Model initialized on device: cuda:0
[2026-01-24 15:55:55,315] [INFO] [CLIENT INIT] Mode=FEDAVG | Sparsity=OFF (UsedSparsity=0) | Clusters=OFF (UsedClusters=0) | EnvSparsityCfg={'Conv': 0.6, 'Linear': 0.6, 'Bias': 0.0, 'BatchNorm': 0.0} | EnvNClusters=3
[2026-01-24 15:55:55,330] [INFO] Model initialized on device: cuda:0
[2026-01-24 15:55:55,330] [INFO] [CLIENT INIT] Mode=FEDAVG | Sparsity=OFF (UsedSparsity=0) | Clusters=OFF (UsedClusters=0) | EnvSparsityCfg={'Conv': 0.6, 'Linear': 0.6, 'Bias': 0.0, 'BatchNorm': 0.0} | EnvNClusters=3
[2026-01-24 15:55:55,446] [INFO] Model initialized on device: cuda:0
[2026-01-24 15:55:55,446] [INFO] [CLIENT INIT] Mode=FEDAVG | Sparsity=OFF (UsedSparsity=0) | Clusters=OFF (UsedClusters=0) | EnvSparsityCfg={'Conv': 0.6, 'Linear': 0.6, 'Bias': 0.0, 'BatchNorm': 0.0} | EnvNClusters=3
[2026-01-24 15:56:00,314] [DEBUG] [TEST] Batch 1 | Pred shape: torch.Size([256, 256, 160]) | Label shape: torch.Size([256, 256, 160])
[2026-01-24 15:56:00,386] [DEBUG] [TEST] Batch 2 | Pred shape: torch.Size([256, 256, 160]) | Label shape: torch.Size([256, 256, 160])
[2026-01-24 15:56:00,702] [DEBUG] [TEST] Batch 3 | Pred shape: torch.Size([256, 256, 160]) | Label shape: torch.Size([256, 256, 160])
[2026-01-24 15:56:00,950] [DEBUG] [TEST] Batch 4 | Pred shape: torch.Size([256, 256, 160]) | Label shape: torch.Size([256, 256, 160])
[2026-01-24 15:56:01,089] [DEBUG] [TEST] Batch 5 | Pred shape: torch.Size([256, 256, 160]) | Label shape: torch.Size([256, 256, 160])
[2026-01-24 15:56:01,241] [DEBUG] [TEST] Batch 6 | Pred shape: torch.Size([256, 256, 160]) | Label shape: torch.Size([256, 256, 160])
[2026-01-24 15:56:01,474] [DEBUG] [TEST] Batch 7 | Pred shape: torch.Size([256, 256, 160]) | Label shape: torch.Size([256, 256, 160])
[2026-01-24 15:56:01,657] [DEBUG] [TEST] Batch 8 | Pred shape: torch.Size([256, 256, 160]) | Label shape: torch.Size([256, 256, 160])
[2026-01-24 15:56:01,757] [DEBUG] [TEST] Batch 9 | Pred shape: torch.Size([256, 256, 160]) | Label shape: torch.Size([256, 256, 160])
[2026-01-24 15:56:01,878] [DEBUG] [TEST] Batch 10 | Pred shape: torch.Size([256, 256, 160]) | Label shape: torch.Size([256, 256, 160])
[2026-01-24 15:56:09,674] [INFO] [FIT] Final model saved to: Revision2/Run_UNET_IID_Fedavg_20260124/Client4/model_final.pth
[2026-01-24 15:56:09,704] [INFO] [COMM][CLIENT] Round=-1 Mode=FEDAVG UsedSparsity=0 UsedClusters=0 BaselineBits=154016352.0 CompressedBits=154016352.0 CR=1.000
[2026-01-24 15:56:37,109] [INFO] [EVALUATE] Starting evaluation...
[2026-01-24 15:56:38,824] [INFO] [DEBUG] Loaded uncompressed weights.
[2026-01-24 15:57:48,909] [INFO] Model initialized on device: cuda:0
[2026-01-24 15:57:48,909] [INFO] [CLIENT INIT] Mode=FEDAVG | Sparsity=OFF (UsedSparsity=0) | Clusters=OFF (UsedClusters=0) | EnvSparsityCfg={'Conv': 0.6, 'Linear': 0.6, 'Bias': 0.0, 'BatchNorm': 0.0} | EnvNClusters=3
[2026-01-24 15:57:48,918] [INFO] Model initialized on device: cuda:0
[2026-01-24 15:57:48,918] [INFO] [CLIENT INIT] Mode=FEDAVG | Sparsity=OFF (UsedSparsity=0) | Clusters=OFF (UsedClusters=0) | EnvSparsityCfg={'Conv': 0.6, 'Linear': 0.6, 'Bias': 0.0, 'BatchNorm': 0.0} | EnvNClusters=3
[2026-01-24 15:57:49,517] [INFO] Model initialized on device: cuda:0
[2026-01-24 15:57:49,517] [INFO] [CLIENT INIT] Mode=FEDAVG | Sparsity=OFF (UsedSparsity=0) | Clusters=OFF (UsedClusters=0) | EnvSparsityCfg={'Conv': 0.6, 'Linear': 0.6, 'Bias': 0.0, 'BatchNorm': 0.0} | EnvNClusters=3
[2026-01-24 15:57:49,526] [INFO] Model initialized on device: cuda:0
[2026-01-24 15:57:49,526] [INFO] [CLIENT INIT] Mode=FEDAVG | Sparsity=OFF (UsedSparsity=0) | Clusters=OFF (UsedClusters=0) | EnvSparsityCfg={'Conv': 0.6, 'Linear': 0.6, 'Bias': 0.0, 'BatchNorm': 0.0} | EnvNClusters=3
[2026-01-24 15:57:49,812] [INFO] Model initialized on device: cuda:0
[2026-01-24 15:57:49,812] [INFO] [CLIENT INIT] Mode=FEDAVG | Sparsity=OFF (UsedSparsity=0) | Clusters=OFF (UsedClusters=0) | EnvSparsityCfg={'Conv': 0.6, 'Linear': 0.6, 'Bias': 0.0, 'BatchNorm': 0.0} | EnvNClusters=3
[2026-01-24 15:57:49,908] [INFO] Model initialized on device: cuda:0
[2026-01-24 15:57:49,908] [INFO] [CLIENT INIT] Mode=FEDAVG | Sparsity=OFF (UsedSparsity=0) | Clusters=OFF (UsedClusters=0) | EnvSparsityCfg={'Conv': 0.6, 'Linear': 0.6, 'Bias': 0.0, 'BatchNorm': 0.0} | EnvNClusters=3
[2026-01-24 15:57:49,938] [INFO] Model initialized on device: cuda:0
[2026-01-24 15:57:49,938] [INFO] [CLIENT INIT] Mode=FEDAVG | Sparsity=OFF (UsedSparsity=0) | Clusters=OFF (UsedClusters=0) | EnvSparsityCfg={'Conv': 0.6, 'Linear': 0.6, 'Bias': 0.0, 'BatchNorm': 0.0} | EnvNClusters=3
[2026-01-24 15:57:50,118] [INFO] Model initialized on device: cuda:0
[2026-01-24 15:57:50,118] [INFO] [CLIENT INIT] Mode=FEDAVG | Sparsity=OFF (UsedSparsity=0) | Clusters=OFF (UsedClusters=0) | EnvSparsityCfg={'Conv': 0.6, 'Linear': 0.6, 'Bias': 0.0, 'BatchNorm': 0.0} | EnvNClusters=3
[2026-01-24 15:57:50,125] [INFO] Model initialized on device: cuda:0
[2026-01-24 15:57:50,125] [INFO] Model initialized on device: cuda:0
[2026-01-24 15:57:50,126] [INFO] [CLIENT INIT] Mode=FEDAVG | Sparsity=OFF (UsedSparsity=0) | Clusters=OFF (UsedClusters=0) | EnvSparsityCfg={'Conv': 0.6, 'Linear': 0.6, 'Bias': 0.0, 'BatchNorm': 0.0} | EnvNClusters=3
[2026-01-24 15:57:50,126] [INFO] [CLIENT INIT] Mode=FEDAVG | Sparsity=OFF (UsedSparsity=0) | Clusters=OFF (UsedClusters=0) | EnvSparsityCfg={'Conv': 0.6, 'Linear': 0.6, 'Bias': 0.0, 'BatchNorm': 0.0} | EnvNClusters=3
[2026-01-24 15:57:56,209] [DEBUG] [TEST] Batch 1 | Pred shape: torch.Size([256, 256, 160]) | Label shape: torch.Size([256, 256, 160])
[2026-01-24 15:57:56,844] [DEBUG] [TEST] Batch 2 | Pred shape: torch.Size([256, 256, 160]) | Label shape: torch.Size([256, 256, 160])
[2026-01-24 15:57:57,147] [DEBUG] [TEST] Batch 3 | Pred shape: torch.Size([256, 256, 160]) | Label shape: torch.Size([256, 256, 160])
[2026-01-24 15:57:57,578] [DEBUG] [TEST] Batch 4 | Pred shape: torch.Size([256, 256, 160]) | Label shape: torch.Size([256, 256, 160])
[2026-01-24 15:57:57,799] [DEBUG] [TEST] Batch 5 | Pred shape: torch.Size([256, 256, 160]) | Label shape: torch.Size([256, 256, 160])
[2026-01-24 15:57:58,035] [DEBUG] [TEST] Batch 6 | Pred shape: torch.Size([256, 256, 160]) | Label shape: torch.Size([256, 256, 160])
[2026-01-24 15:57:58,267] [DEBUG] [TEST] Batch 7 | Pred shape: torch.Size([256, 256, 160]) | Label shape: torch.Size([256, 256, 160])
[2026-01-24 15:57:58,438] [DEBUG] [TEST] Batch 8 | Pred shape: torch.Size([256, 256, 160]) | Label shape: torch.Size([256, 256, 160])
[2026-01-24 15:57:58,559] [DEBUG] [TEST] Batch 9 | Pred shape: torch.Size([256, 256, 160]) | Label shape: torch.Size([256, 256, 160])
[2026-01-24 15:57:58,721] [DEBUG] [TEST] Batch 10 | Pred shape: torch.Size([256, 256, 160]) | Label shape: torch.Size([256, 256, 160])
[2026-01-24 15:58:07,110] [INFO] [EVALUATE] Dice WT: 1.0000
[2026-01-24 15:58:10,212] [INFO] [FIT] Received parameters. Starting local training...
[2026-01-24 15:58:11,916] [INFO] [DEBUG] Loaded uncompressed weights.
[2026-01-24 15:59:17,784] [INFO] Model initialized on device: cuda:0
[2026-01-24 15:59:17,784] [INFO] [CLIENT INIT] Mode=FEDAVG | Sparsity=OFF (UsedSparsity=0) | Clusters=OFF (UsedClusters=0) | EnvSparsityCfg={'Conv': 0.6, 'Linear': 0.6, 'Bias': 0.0, 'BatchNorm': 0.0} | EnvNClusters=3
[2026-01-24 15:59:18,440] [INFO] Model initialized on device: cuda:0
[2026-01-24 15:59:18,440] [INFO] [CLIENT INIT] Mode=FEDAVG | Sparsity=OFF (UsedSparsity=0) | Clusters=OFF (UsedClusters=0) | EnvSparsityCfg={'Conv': 0.6, 'Linear': 0.6, 'Bias': 0.0, 'BatchNorm': 0.0} | EnvNClusters=3
[2026-01-24 15:59:18,441] [INFO] Model initialized on device: cuda:0
[2026-01-24 15:59:18,441] [INFO] [CLIENT INIT] Mode=FEDAVG | Sparsity=OFF (UsedSparsity=0) | Clusters=OFF (UsedClusters=0) | EnvSparsityCfg={'Conv': 0.6, 'Linear': 0.6, 'Bias': 0.0, 'BatchNorm': 0.0} | EnvNClusters=3
[2026-01-24 15:59:18,911] [INFO] Model initialized on device: cuda:0
[2026-01-24 15:59:18,911] [INFO] [CLIENT INIT] Mode=FEDAVG | Sparsity=OFF (UsedSparsity=0) | Clusters=OFF (UsedClusters=0) | EnvSparsityCfg={'Conv': 0.6, 'Linear': 0.6, 'Bias': 0.0, 'BatchNorm': 0.0} | EnvNClusters=3
[2026-01-24 15:59:18,919] [INFO] Model initialized on device: cuda:0
[2026-01-24 15:59:18,920] [INFO] [CLIENT INIT] Mode=FEDAVG | Sparsity=OFF (UsedSparsity=0) | Clusters=OFF (UsedClusters=0) | EnvSparsityCfg={'Conv': 0.6, 'Linear': 0.6, 'Bias': 0.0, 'BatchNorm': 0.0} | EnvNClusters=3
[2026-01-24 15:59:19,411] [INFO] Model initialized on device: cuda:0
[2026-01-24 15:59:19,411] [INFO] [CLIENT INIT] Mode=FEDAVG | Sparsity=OFF (UsedSparsity=0) | Clusters=OFF (UsedClusters=0) | EnvSparsityCfg={'Conv': 0.6, 'Linear': 0.6, 'Bias': 0.0, 'BatchNorm': 0.0} | EnvNClusters=3
[2026-01-24 15:59:19,430] [INFO] Model initialized on device: cuda:0
[2026-01-24 15:59:19,430] [INFO] [CLIENT INIT] Mode=FEDAVG | Sparsity=OFF (UsedSparsity=0) | Clusters=OFF (UsedClusters=0) | EnvSparsityCfg={'Conv': 0.6, 'Linear': 0.6, 'Bias': 0.0, 'BatchNorm': 0.0} | EnvNClusters=3
[2026-01-24 15:59:19,434] [INFO] Model initialized on device: cuda:0
[2026-01-24 15:59:19,434] [INFO] [CLIENT INIT] Mode=FEDAVG | Sparsity=OFF (UsedSparsity=0) | Clusters=OFF (UsedClusters=0) | EnvSparsityCfg={'Conv': 0.6, 'Linear': 0.6, 'Bias': 0.0, 'BatchNorm': 0.0} | EnvNClusters=3
[2026-01-24 15:59:19,712] [INFO] Model initialized on device: cuda:0
[2026-01-24 15:59:19,712] [INFO] [CLIENT INIT] Mode=FEDAVG | Sparsity=OFF (UsedSparsity=0) | Clusters=OFF (UsedClusters=0) | EnvSparsityCfg={'Conv': 0.6, 'Linear': 0.6, 'Bias': 0.0, 'BatchNorm': 0.0} | EnvNClusters=3
[2026-01-24 15:59:19,715] [INFO] Model initialized on device: cuda:0
[2026-01-24 15:59:19,715] [INFO] [CLIENT INIT] Mode=FEDAVG | Sparsity=OFF (UsedSparsity=0) | Clusters=OFF (UsedClusters=0) | EnvSparsityCfg={'Conv': 0.6, 'Linear': 0.6, 'Bias': 0.0, 'BatchNorm': 0.0} | EnvNClusters=3
[2026-01-24 16:00:35,615] [INFO] [TRAIN] Epoch 1 Loss: 0.1130
[2026-01-24 16:01:37,268] [INFO] Model initialized on device: cuda:0
[2026-01-24 16:01:37,268] [INFO] [CLIENT INIT] Mode=FEDAVG | Sparsity=OFF (UsedSparsity=0) | Clusters=OFF (UsedClusters=0) | EnvSparsityCfg={'Conv': 0.6, 'Linear': 0.6, 'Bias': 0.0, 'BatchNorm': 0.0} | EnvNClusters=3
[2026-01-24 16:01:37,464] [INFO] Model initialized on device: cuda:0
[2026-01-24 16:01:37,465] [INFO] [CLIENT INIT] Mode=FEDAVG | Sparsity=OFF (UsedSparsity=0) | Clusters=OFF (UsedClusters=0) | EnvSparsityCfg={'Conv': 0.6, 'Linear': 0.6, 'Bias': 0.0, 'BatchNorm': 0.0} | EnvNClusters=3
[2026-01-24 16:01:37,722] [INFO] Model initialized on device: cuda:0
[2026-01-24 16:01:37,722] [INFO] [CLIENT INIT] Mode=FEDAVG | Sparsity=OFF (UsedSparsity=0) | Clusters=OFF (UsedClusters=0) | EnvSparsityCfg={'Conv': 0.6, 'Linear': 0.6, 'Bias': 0.0, 'BatchNorm': 0.0} | EnvNClusters=3
[2026-01-24 16:01:38,620] [INFO] Model initialized on device: cuda:0
[2026-01-24 16:01:38,620] [INFO] [CLIENT INIT] Mode=FEDAVG | Sparsity=OFF (UsedSparsity=0) | Clusters=OFF (UsedClusters=0) | EnvSparsityCfg={'Conv': 0.6, 'Linear': 0.6, 'Bias': 0.0, 'BatchNorm': 0.0} | EnvNClusters=3
[2026-01-24 16:01:39,035] [INFO] Model initialized on device: cuda:0
[2026-01-24 16:01:39,035] [INFO] [CLIENT INIT] Mode=FEDAVG | Sparsity=OFF (UsedSparsity=0) | Clusters=OFF (UsedClusters=0) | EnvSparsityCfg={'Conv': 0.6, 'Linear': 0.6, 'Bias': 0.0, 'BatchNorm': 0.0} | EnvNClusters=3
[2026-01-24 16:01:39,109] [INFO] Model initialized on device: cuda:0
[2026-01-24 16:01:39,109] [INFO] [CLIENT INIT] Mode=FEDAVG | Sparsity=OFF (UsedSparsity=0) | Clusters=OFF (UsedClusters=0) | EnvSparsityCfg={'Conv': 0.6, 'Linear': 0.6, 'Bias': 0.0, 'BatchNorm': 0.0} | EnvNClusters=3
[2026-01-24 16:01:39,115] [INFO] Model initialized on device: cuda:0
[2026-01-24 16:01:39,115] [INFO] [CLIENT INIT] Mode=FEDAVG | Sparsity=OFF (UsedSparsity=0) | Clusters=OFF (UsedClusters=0) | EnvSparsityCfg={'Conv': 0.6, 'Linear': 0.6, 'Bias': 0.0, 'BatchNorm': 0.0} | EnvNClusters=3
[2026-01-24 16:01:39,116] [INFO] Model initialized on device: cuda:0
[2026-01-24 16:01:39,116] [INFO] [CLIENT INIT] Mode=FEDAVG | Sparsity=OFF (UsedSparsity=0) | Clusters=OFF (UsedClusters=0) | EnvSparsityCfg={'Conv': 0.6, 'Linear': 0.6, 'Bias': 0.0, 'BatchNorm': 0.0} | EnvNClusters=3
[2026-01-24 16:01:39,129] [INFO] Model initialized on device: cuda:0
[2026-01-24 16:01:39,130] [INFO] [CLIENT INIT] Mode=FEDAVG | Sparsity=OFF (UsedSparsity=0) | Clusters=OFF (UsedClusters=0) | EnvSparsityCfg={'Conv': 0.6, 'Linear': 0.6, 'Bias': 0.0, 'BatchNorm': 0.0} | EnvNClusters=3
[2026-01-24 16:01:39,140] [INFO] Model initialized on device: cuda:0
[2026-01-24 16:01:39,140] [INFO] [CLIENT INIT] Mode=FEDAVG | Sparsity=OFF (UsedSparsity=0) | Clusters=OFF (UsedClusters=0) | EnvSparsityCfg={'Conv': 0.6, 'Linear': 0.6, 'Bias': 0.0, 'BatchNorm': 0.0} | EnvNClusters=3
[2026-01-24 16:02:52,871] [INFO] [TRAIN] Epoch 2 Loss: 0.1074
[2026-01-24 16:03:52,074] [INFO] Model initialized on device: cuda:0
[2026-01-24 16:03:52,074] [INFO] [CLIENT INIT] Mode=FEDAVG | Sparsity=OFF (UsedSparsity=0) | Clusters=OFF (UsedClusters=0) | EnvSparsityCfg={'Conv': 0.6, 'Linear': 0.6, 'Bias': 0.0, 'BatchNorm': 0.0} | EnvNClusters=3
[2026-01-24 16:03:52,811] [INFO] Model initialized on device: cuda:0
[2026-01-24 16:03:52,811] [INFO] [CLIENT INIT] Mode=FEDAVG | Sparsity=OFF (UsedSparsity=0) | Clusters=OFF (UsedClusters=0) | EnvSparsityCfg={'Conv': 0.6, 'Linear': 0.6, 'Bias': 0.0, 'BatchNorm': 0.0} | EnvNClusters=3
[2026-01-24 16:03:52,913] [INFO] Model initialized on device: cuda:0
[2026-01-24 16:03:52,914] [INFO] [CLIENT INIT] Mode=FEDAVG | Sparsity=OFF (UsedSparsity=0) | Clusters=OFF (UsedClusters=0) | EnvSparsityCfg={'Conv': 0.6, 'Linear': 0.6, 'Bias': 0.0, 'BatchNorm': 0.0} | EnvNClusters=3
[2026-01-24 16:03:54,718] [INFO] Model initialized on device: cuda:0
[2026-01-24 16:03:54,718] [INFO] [CLIENT INIT] Mode=FEDAVG | Sparsity=OFF (UsedSparsity=0) | Clusters=OFF (UsedClusters=0) | EnvSparsityCfg={'Conv': 0.6, 'Linear': 0.6, 'Bias': 0.0, 'BatchNorm': 0.0} | EnvNClusters=3
[2026-01-24 16:03:55,411] [INFO] Model initialized on device: cuda:0
[2026-01-24 16:03:55,411] [INFO] [CLIENT INIT] Mode=FEDAVG | Sparsity=OFF (UsedSparsity=0) | Clusters=OFF (UsedClusters=0) | EnvSparsityCfg={'Conv': 0.6, 'Linear': 0.6, 'Bias': 0.0, 'BatchNorm': 0.0} | EnvNClusters=3
[2026-01-24 16:03:55,930] [INFO] Model initialized on device: cuda:0
[2026-01-24 16:03:55,931] [INFO] [CLIENT INIT] Mode=FEDAVG | Sparsity=OFF (UsedSparsity=0) | Clusters=OFF (UsedClusters=0) | EnvSparsityCfg={'Conv': 0.6, 'Linear': 0.6, 'Bias': 0.0, 'BatchNorm': 0.0} | EnvNClusters=3
[2026-01-24 16:03:55,934] [INFO] Model initialized on device: cuda:0
[2026-01-24 16:03:55,934] [INFO] Model initialized on device: cuda:0
[2026-01-24 16:03:55,935] [INFO] [CLIENT INIT] Mode=FEDAVG | Sparsity=OFF (UsedSparsity=0) | Clusters=OFF (UsedClusters=0) | EnvSparsityCfg={'Conv': 0.6, 'Linear': 0.6, 'Bias': 0.0, 'BatchNorm': 0.0} | EnvNClusters=3
[2026-01-24 16:03:55,935] [INFO] [CLIENT INIT] Mode=FEDAVG | Sparsity=OFF (UsedSparsity=0) | Clusters=OFF (UsedClusters=0) | EnvSparsityCfg={'Conv': 0.6, 'Linear': 0.6, 'Bias': 0.0, 'BatchNorm': 0.0} | EnvNClusters=3
[2026-01-24 16:03:56,912] [INFO] Model initialized on device: cuda:0
[2026-01-24 16:03:56,913] [INFO] [CLIENT INIT] Mode=FEDAVG | Sparsity=OFF (UsedSparsity=0) | Clusters=OFF (UsedClusters=0) | EnvSparsityCfg={'Conv': 0.6, 'Linear': 0.6, 'Bias': 0.0, 'BatchNorm': 0.0} | EnvNClusters=3
[2026-01-24 16:03:57,017] [INFO] Model initialized on device: cuda:0
[2026-01-24 16:03:57,017] [INFO] [CLIENT INIT] Mode=FEDAVG | Sparsity=OFF (UsedSparsity=0) | Clusters=OFF (UsedClusters=0) | EnvSparsityCfg={'Conv': 0.6, 'Linear': 0.6, 'Bias': 0.0, 'BatchNorm': 0.0} | EnvNClusters=3
[2026-01-24 16:05:01,701] [INFO] [TRAIN] Epoch 3 Loss: 0.1068
[2026-01-24 16:05:40,326] [INFO] Model initialized on device: cuda:0
[2026-01-24 16:05:40,327] [INFO] [CLIENT INIT] Mode=FEDAVG | Sparsity=OFF (UsedSparsity=0) | Clusters=OFF (UsedClusters=0) | EnvSparsityCfg={'Conv': 0.6, 'Linear': 0.6, 'Bias': 0.0, 'BatchNorm': 0.0} | EnvNClusters=3
[2026-01-24 16:05:43,112] [INFO] Model initialized on device: cuda:0
[2026-01-24 16:05:43,112] [INFO] [CLIENT INIT] Mode=FEDAVG | Sparsity=OFF (UsedSparsity=0) | Clusters=OFF (UsedClusters=0) | EnvSparsityCfg={'Conv': 0.6, 'Linear': 0.6, 'Bias': 0.0, 'BatchNorm': 0.0} | EnvNClusters=3
[2026-01-24 16:05:46,756] [INFO] Model initialized on device: cuda:0
[2026-01-24 16:05:46,756] [INFO] [CLIENT INIT] Mode=FEDAVG | Sparsity=OFF (UsedSparsity=0) | Clusters=OFF (UsedClusters=0) | EnvSparsityCfg={'Conv': 0.6, 'Linear': 0.6, 'Bias': 0.0, 'BatchNorm': 0.0} | EnvNClusters=3
[2026-01-24 16:05:48,523] [INFO] Model initialized on device: cuda:0
[2026-01-24 16:05:48,524] [INFO] [CLIENT INIT] Mode=FEDAVG | Sparsity=OFF (UsedSparsity=0) | Clusters=OFF (UsedClusters=0) | EnvSparsityCfg={'Conv': 0.6, 'Linear': 0.6, 'Bias': 0.0, 'BatchNorm': 0.0} | EnvNClusters=3
[2026-01-24 16:05:48,819] [INFO] Model initialized on device: cuda:0
[2026-01-24 16:05:48,819] [INFO] [CLIENT INIT] Mode=FEDAVG | Sparsity=OFF (UsedSparsity=0) | Clusters=OFF (UsedClusters=0) | EnvSparsityCfg={'Conv': 0.6, 'Linear': 0.6, 'Bias': 0.0, 'BatchNorm': 0.0} | EnvNClusters=3
[2026-01-24 16:05:48,819] [INFO] Model initialized on device: cuda:0
[2026-01-24 16:05:48,820] [INFO] [CLIENT INIT] Mode=FEDAVG | Sparsity=OFF (UsedSparsity=0) | Clusters=OFF (UsedClusters=0) | EnvSparsityCfg={'Conv': 0.6, 'Linear': 0.6, 'Bias': 0.0, 'BatchNorm': 0.0} | EnvNClusters=3
[2026-01-24 16:05:48,829] [INFO] Model initialized on device: cuda:0
[2026-01-24 16:05:48,829] [INFO] [CLIENT INIT] Mode=FEDAVG | Sparsity=OFF (UsedSparsity=0) | Clusters=OFF (UsedClusters=0) | EnvSparsityCfg={'Conv': 0.6, 'Linear': 0.6, 'Bias': 0.0, 'BatchNorm': 0.0} | EnvNClusters=3
[2026-01-24 16:05:48,943] [INFO] Model initialized on device: cuda:0
[2026-01-24 16:05:48,943] [INFO] [CLIENT INIT] Mode=FEDAVG | Sparsity=OFF (UsedSparsity=0) | Clusters=OFF (UsedClusters=0) | EnvSparsityCfg={'Conv': 0.6, 'Linear': 0.6, 'Bias': 0.0, 'BatchNorm': 0.0} | EnvNClusters=3
[2026-01-24 16:05:49,811] [INFO] Model initialized on device: cuda:0
[2026-01-24 16:05:49,812] [INFO] [CLIENT INIT] Mode=FEDAVG | Sparsity=OFF (UsedSparsity=0) | Clusters=OFF (UsedClusters=0) | EnvSparsityCfg={'Conv': 0.6, 'Linear': 0.6, 'Bias': 0.0, 'BatchNorm': 0.0} | EnvNClusters=3
[2026-01-24 16:05:50,123] [INFO] Model initialized on device: cuda:0
[2026-01-24 16:05:50,123] [INFO] [CLIENT INIT] Mode=FEDAVG | Sparsity=OFF (UsedSparsity=0) | Clusters=OFF (UsedClusters=0) | EnvSparsityCfg={'Conv': 0.6, 'Linear': 0.6, 'Bias': 0.0, 'BatchNorm': 0.0} | EnvNClusters=3
[2026-01-24 16:06:51,917] [INFO] [TRAIN] Epoch 4 Loss: 0.0998
[2026-01-24 16:07:25,118] [INFO] Model initialized on device: cuda:0
[2026-01-24 16:07:25,118] [INFO] [CLIENT INIT] Mode=FEDAVG | Sparsity=OFF (UsedSparsity=0) | Clusters=OFF (UsedClusters=0) | EnvSparsityCfg={'Conv': 0.6, 'Linear': 0.6, 'Bias': 0.0, 'BatchNorm': 0.0} | EnvNClusters=3
[2026-01-24 16:07:29,937] [INFO] Model initialized on device: cuda:0
[2026-01-24 16:07:29,937] [INFO] [CLIENT INIT] Mode=FEDAVG | Sparsity=OFF (UsedSparsity=0) | Clusters=OFF (UsedClusters=0) | EnvSparsityCfg={'Conv': 0.6, 'Linear': 0.6, 'Bias': 0.0, 'BatchNorm': 0.0} | EnvNClusters=3
[2026-01-24 16:07:32,907] [INFO] Model initialized on device: cuda:0
[2026-01-24 16:07:32,908] [INFO] [CLIENT INIT] Mode=FEDAVG | Sparsity=OFF (UsedSparsity=0) | Clusters=OFF (UsedClusters=0) | EnvSparsityCfg={'Conv': 0.6, 'Linear': 0.6, 'Bias': 0.0, 'BatchNorm': 0.0} | EnvNClusters=3
[2026-01-24 16:07:33,211] [INFO] Model initialized on device: cuda:0
[2026-01-24 16:07:33,211] [INFO] [CLIENT INIT] Mode=FEDAVG | Sparsity=OFF (UsedSparsity=0) | Clusters=OFF (UsedClusters=0) | EnvSparsityCfg={'Conv': 0.6, 'Linear': 0.6, 'Bias': 0.0, 'BatchNorm': 0.0} | EnvNClusters=3
[2026-01-24 16:07:33,819] [INFO] Model initialized on device: cuda:0
[2026-01-24 16:07:33,820] [INFO] [CLIENT INIT] Mode=FEDAVG | Sparsity=OFF (UsedSparsity=0) | Clusters=OFF (UsedClusters=0) | EnvSparsityCfg={'Conv': 0.6, 'Linear': 0.6, 'Bias': 0.0, 'BatchNorm': 0.0} | EnvNClusters=3
[2026-01-24 16:07:35,021] [INFO] Model initialized on device: cuda:0
[2026-01-24 16:07:35,021] [INFO] [CLIENT INIT] Mode=FEDAVG | Sparsity=OFF (UsedSparsity=0) | Clusters=OFF (UsedClusters=0) | EnvSparsityCfg={'Conv': 0.6, 'Linear': 0.6, 'Bias': 0.0, 'BatchNorm': 0.0} | EnvNClusters=3
[2026-01-24 16:07:35,138] [INFO] Model initialized on device: cuda:0
[2026-01-24 16:07:35,138] [INFO] [CLIENT INIT] Mode=FEDAVG | Sparsity=OFF (UsedSparsity=0) | Clusters=OFF (UsedClusters=0) | EnvSparsityCfg={'Conv': 0.6, 'Linear': 0.6, 'Bias': 0.0, 'BatchNorm': 0.0} | EnvNClusters=3
[2026-01-24 16:07:35,210] [INFO] Model initialized on device: cuda:0
[2026-01-24 16:07:35,210] [INFO] [CLIENT INIT] Mode=FEDAVG | Sparsity=OFF (UsedSparsity=0) | Clusters=OFF (UsedClusters=0) | EnvSparsityCfg={'Conv': 0.6, 'Linear': 0.6, 'Bias': 0.0, 'BatchNorm': 0.0} | EnvNClusters=3
[2026-01-24 16:07:35,212] [INFO] Model initialized on device: cuda:0
[2026-01-24 16:07:35,212] [INFO] [CLIENT INIT] Mode=FEDAVG | Sparsity=OFF (UsedSparsity=0) | Clusters=OFF (UsedClusters=0) | EnvSparsityCfg={'Conv': 0.6, 'Linear': 0.6, 'Bias': 0.0, 'BatchNorm': 0.0} | EnvNClusters=3
[2026-01-24 16:07:35,221] [INFO] Model initialized on device: cuda:0
[2026-01-24 16:07:35,221] [INFO] [CLIENT INIT] Mode=FEDAVG | Sparsity=OFF (UsedSparsity=0) | Clusters=OFF (UsedClusters=0) | EnvSparsityCfg={'Conv': 0.6, 'Linear': 0.6, 'Bias': 0.0, 'BatchNorm': 0.0} | EnvNClusters=3
[2026-01-24 16:08:36,352] [INFO] [TRAIN] Epoch 5 Loss: 0.1010
[2026-01-24 16:08:36,353] [INFO] [FIT] Local training finished. Avg Loss: 0.1056
[2026-01-24 16:08:59,347] [INFO] Model initialized on device: cuda:0
[2026-01-24 16:08:59,347] [INFO] [CLIENT INIT] Mode=FEDAVG | Sparsity=OFF (UsedSparsity=0) | Clusters=OFF (UsedClusters=0) | EnvSparsityCfg={'Conv': 0.6, 'Linear': 0.6, 'Bias': 0.0, 'BatchNorm': 0.0} | EnvNClusters=3
[2026-01-24 16:08:59,808] [INFO] Model initialized on device: cuda:0
[2026-01-24 16:08:59,808] [INFO] [CLIENT INIT] Mode=FEDAVG | Sparsity=OFF (UsedSparsity=0) | Clusters=OFF (UsedClusters=0) | EnvSparsityCfg={'Conv': 0.6, 'Linear': 0.6, 'Bias': 0.0, 'BatchNorm': 0.0} | EnvNClusters=3
[2026-01-24 16:09:00,672] [INFO] Model initialized on device: cuda:0
[2026-01-24 16:09:00,672] [INFO] [CLIENT INIT] Mode=FEDAVG | Sparsity=OFF (UsedSparsity=0) | Clusters=OFF (UsedClusters=0) | EnvSparsityCfg={'Conv': 0.6, 'Linear': 0.6, 'Bias': 0.0, 'BatchNorm': 0.0} | EnvNClusters=3
[2026-01-24 16:09:01,373] [INFO] Model initialized on device: cuda:0
[2026-01-24 16:09:01,374] [INFO] [CLIENT INIT] Mode=FEDAVG | Sparsity=OFF (UsedSparsity=0) | Clusters=OFF (UsedClusters=0) | EnvSparsityCfg={'Conv': 0.6, 'Linear': 0.6, 'Bias': 0.0, 'BatchNorm': 0.0} | EnvNClusters=3
[2026-01-24 16:09:03,745] [INFO] Model initialized on device: cuda:0
[2026-01-24 16:09:03,745] [INFO] Model initialized on device: cuda:0
[2026-01-24 16:09:03,745] [INFO] [CLIENT INIT] Mode=FEDAVG | Sparsity=OFF (UsedSparsity=0) | Clusters=OFF (UsedClusters=0) | EnvSparsityCfg={'Conv': 0.6, 'Linear': 0.6, 'Bias': 0.0, 'BatchNorm': 0.0} | EnvNClusters=3
[2026-01-24 16:09:03,745] [INFO] [CLIENT INIT] Mode=FEDAVG | Sparsity=OFF (UsedSparsity=0) | Clusters=OFF (UsedClusters=0) | EnvSparsityCfg={'Conv': 0.6, 'Linear': 0.6, 'Bias': 0.0, 'BatchNorm': 0.0} | EnvNClusters=3
[2026-01-24 16:09:03,842] [INFO] Model initialized on device: cuda:0
[2026-01-24 16:09:03,842] [INFO] [CLIENT INIT] Mode=FEDAVG | Sparsity=OFF (UsedSparsity=0) | Clusters=OFF (UsedClusters=0) | EnvSparsityCfg={'Conv': 0.6, 'Linear': 0.6, 'Bias': 0.0, 'BatchNorm': 0.0} | EnvNClusters=3
[2026-01-24 16:09:03,843] [INFO] Model initialized on device: cuda:0
[2026-01-24 16:09:03,843] [INFO] [CLIENT INIT] Mode=FEDAVG | Sparsity=OFF (UsedSparsity=0) | Clusters=OFF (UsedClusters=0) | EnvSparsityCfg={'Conv': 0.6, 'Linear': 0.6, 'Bias': 0.0, 'BatchNorm': 0.0} | EnvNClusters=3
[2026-01-24 16:09:03,848] [INFO] Model initialized on device: cuda:0
[2026-01-24 16:09:03,848] [INFO] [CLIENT INIT] Mode=FEDAVG | Sparsity=OFF (UsedSparsity=0) | Clusters=OFF (UsedClusters=0) | EnvSparsityCfg={'Conv': 0.6, 'Linear': 0.6, 'Bias': 0.0, 'BatchNorm': 0.0} | EnvNClusters=3
[2026-01-24 16:09:03,849] [INFO] Model initialized on device: cuda:0
[2026-01-24 16:09:03,849] [INFO] [CLIENT INIT] Mode=FEDAVG | Sparsity=OFF (UsedSparsity=0) | Clusters=OFF (UsedClusters=0) | EnvSparsityCfg={'Conv': 0.6, 'Linear': 0.6, 'Bias': 0.0, 'BatchNorm': 0.0} | EnvNClusters=3
[2026-01-24 16:09:06,147] [DEBUG] [TEST] Batch 1 | Pred shape: torch.Size([256, 256, 160]) | Label shape: torch.Size([256, 256, 160])
[2026-01-24 16:09:07,992] [DEBUG] [TEST] Batch 2 | Pred shape: torch.Size([256, 256, 160]) | Label shape: torch.Size([256, 256, 160])
[2026-01-24 16:09:08,265] [DEBUG] [TEST] Batch 3 | Pred shape: torch.Size([256, 256, 160]) | Label shape: torch.Size([256, 256, 160])
[2026-01-24 16:09:08,328] [DEBUG] [TEST] Batch 4 | Pred shape: torch.Size([256, 256, 160]) | Label shape: torch.Size([256, 256, 160])
[2026-01-24 16:09:08,383] [DEBUG] [TEST] Batch 5 | Pred shape: torch.Size([256, 256, 160]) | Label shape: torch.Size([256, 256, 160])
[2026-01-24 16:09:08,441] [DEBUG] [TEST] Batch 6 | Pred shape: torch.Size([256, 256, 160]) | Label shape: torch.Size([256, 256, 160])
[2026-01-24 16:09:08,496] [DEBUG] [TEST] Batch 7 | Pred shape: torch.Size([256, 256, 160]) | Label shape: torch.Size([256, 256, 160])
[2026-01-24 16:09:08,552] [DEBUG] [TEST] Batch 8 | Pred shape: torch.Size([256, 256, 160]) | Label shape: torch.Size([256, 256, 160])
[2026-01-24 16:09:08,608] [DEBUG] [TEST] Batch 9 | Pred shape: torch.Size([256, 256, 160]) | Label shape: torch.Size([256, 256, 160])
[2026-01-24 16:09:08,665] [DEBUG] [TEST] Batch 10 | Pred shape: torch.Size([256, 256, 160]) | Label shape: torch.Size([256, 256, 160])
[2026-01-24 16:09:11,452] [INFO] [FIT] Final model saved to: Revision2/Run_UNET_IID_Fedavg_20260124/Client4/model_final.pth
[2026-01-24 16:09:11,459] [INFO] [COMM][CLIENT] Round=-1 Mode=FEDAVG UsedSparsity=0 UsedClusters=0 BaselineBits=154016352.0 CompressedBits=154016352.0 CR=1.000
[2026-01-24 16:10:34,606] [INFO] [EVALUATE] Starting evaluation...
[2026-01-24 16:10:35,615] [INFO] [DEBUG] Loaded uncompressed weights.
[2026-01-24 16:11:46,028] [INFO] Model initialized on device: cuda:0
[2026-01-24 16:11:46,028] [INFO] [CLIENT INIT] Mode=FEDAVG | Sparsity=OFF (UsedSparsity=0) | Clusters=OFF (UsedClusters=0) | EnvSparsityCfg={'Conv': 0.6, 'Linear': 0.6, 'Bias': 0.0, 'BatchNorm': 0.0} | EnvNClusters=3
[2026-01-24 16:11:47,121] [INFO] Model initialized on device: cuda:0
[2026-01-24 16:11:47,121] [INFO] [CLIENT INIT] Mode=FEDAVG | Sparsity=OFF (UsedSparsity=0) | Clusters=OFF (UsedClusters=0) | EnvSparsityCfg={'Conv': 0.6, 'Linear': 0.6, 'Bias': 0.0, 'BatchNorm': 0.0} | EnvNClusters=3
[2026-01-24 16:11:47,127] [INFO] Model initialized on device: cuda:0
[2026-01-24 16:11:47,128] [INFO] [CLIENT INIT] Mode=FEDAVG | Sparsity=OFF (UsedSparsity=0) | Clusters=OFF (UsedClusters=0) | EnvSparsityCfg={'Conv': 0.6, 'Linear': 0.6, 'Bias': 0.0, 'BatchNorm': 0.0} | EnvNClusters=3
[2026-01-24 16:11:47,213] [INFO] Model initialized on device: cuda:0
[2026-01-24 16:11:47,213] [INFO] [CLIENT INIT] Mode=FEDAVG | Sparsity=OFF (UsedSparsity=0) | Clusters=OFF (UsedClusters=0) | EnvSparsityCfg={'Conv': 0.6, 'Linear': 0.6, 'Bias': 0.0, 'BatchNorm': 0.0} | EnvNClusters=3
[2026-01-24 16:11:47,236] [INFO] Model initialized on device: cuda:0
[2026-01-24 16:11:47,236] [INFO] [CLIENT INIT] Mode=FEDAVG | Sparsity=OFF (UsedSparsity=0) | Clusters=OFF (UsedClusters=0) | EnvSparsityCfg={'Conv': 0.6, 'Linear': 0.6, 'Bias': 0.0, 'BatchNorm': 0.0} | EnvNClusters=3
[2026-01-24 16:11:47,411] [INFO] Model initialized on device: cuda:0
[2026-01-24 16:11:47,412] [INFO] [CLIENT INIT] Mode=FEDAVG | Sparsity=OFF (UsedSparsity=0) | Clusters=OFF (UsedClusters=0) | EnvSparsityCfg={'Conv': 0.6, 'Linear': 0.6, 'Bias': 0.0, 'BatchNorm': 0.0} | EnvNClusters=3
[2026-01-24 16:11:47,434] [INFO] Model initialized on device: cuda:0
[2026-01-24 16:11:47,435] [INFO] [CLIENT INIT] Mode=FEDAVG | Sparsity=OFF (UsedSparsity=0) | Clusters=OFF (UsedClusters=0) | EnvSparsityCfg={'Conv': 0.6, 'Linear': 0.6, 'Bias': 0.0, 'BatchNorm': 0.0} | EnvNClusters=3
[2026-01-24 16:11:47,434] [INFO] Model initialized on device: cuda:0
[2026-01-24 16:11:47,435] [INFO] [CLIENT INIT] Mode=FEDAVG | Sparsity=OFF (UsedSparsity=0) | Clusters=OFF (UsedClusters=0) | EnvSparsityCfg={'Conv': 0.6, 'Linear': 0.6, 'Bias': 0.0, 'BatchNorm': 0.0} | EnvNClusters=3
[2026-01-24 16:11:47,439] [INFO] Model initialized on device: cuda:0
[2026-01-24 16:11:47,439] [INFO] [CLIENT INIT] Mode=FEDAVG | Sparsity=OFF (UsedSparsity=0) | Clusters=OFF (UsedClusters=0) | EnvSparsityCfg={'Conv': 0.6, 'Linear': 0.6, 'Bias': 0.0, 'BatchNorm': 0.0} | EnvNClusters=3
[2026-01-24 16:11:47,512] [INFO] Model initialized on device: cuda:0
[2026-01-24 16:11:47,513] [INFO] [CLIENT INIT] Mode=FEDAVG | Sparsity=OFF (UsedSparsity=0) | Clusters=OFF (UsedClusters=0) | EnvSparsityCfg={'Conv': 0.6, 'Linear': 0.6, 'Bias': 0.0, 'BatchNorm': 0.0} | EnvNClusters=3
[2026-01-24 16:11:55,099] [DEBUG] [TEST] Batch 1 | Pred shape: torch.Size([256, 256, 160]) | Label shape: torch.Size([256, 256, 160])
[2026-01-24 16:11:55,322] [DEBUG] [TEST] Batch 2 | Pred shape: torch.Size([256, 256, 160]) | Label shape: torch.Size([256, 256, 160])
[2026-01-24 16:11:55,537] [DEBUG] [TEST] Batch 3 | Pred shape: torch.Size([256, 256, 160]) | Label shape: torch.Size([256, 256, 160])
[2026-01-24 16:11:55,751] [DEBUG] [TEST] Batch 4 | Pred shape: torch.Size([256, 256, 160]) | Label shape: torch.Size([256, 256, 160])
[2026-01-24 16:11:55,980] [DEBUG] [TEST] Batch 5 | Pred shape: torch.Size([256, 256, 160]) | Label shape: torch.Size([256, 256, 160])
[2026-01-24 16:11:56,204] [DEBUG] [TEST] Batch 6 | Pred shape: torch.Size([256, 256, 160]) | Label shape: torch.Size([256, 256, 160])
[2026-01-24 16:11:56,445] [DEBUG] [TEST] Batch 7 | Pred shape: torch.Size([256, 256, 160]) | Label shape: torch.Size([256, 256, 160])
[2026-01-24 16:11:56,676] [DEBUG] [TEST] Batch 8 | Pred shape: torch.Size([256, 256, 160]) | Label shape: torch.Size([256, 256, 160])
[2026-01-24 16:11:56,849] [DEBUG] [TEST] Batch 9 | Pred shape: torch.Size([256, 256, 160]) | Label shape: torch.Size([256, 256, 160])
[2026-01-24 16:11:56,962] [DEBUG] [TEST] Batch 10 | Pred shape: torch.Size([256, 256, 160]) | Label shape: torch.Size([256, 256, 160])
[2026-01-24 16:12:05,680] [INFO] [EVALUATE] Dice WT: 1.0000
