[2025-07-04 12:45:43,124] [INFO] Model initialized on device: cuda:0
[2025-07-04 12:46:02,974] [INFO] [FIT] Received parameters. Starting local training...
[2025-07-04 12:46:04,976] [INFO] [DEBUG] Loaded uncompressed weights.
[2025-07-04 12:46:05,021] [ERROR] [MODEL PARAMETER ERROR] Layer model.0.conv.unit0.adn.N.weight corrupted: mean=1.0, std=0.0
[2025-07-04 12:46:05,022] [ERROR] [MODEL PARAMETER ERROR] Layer model.0.conv.unit0.adn.N.bias corrupted: mean=0.0, std=0.0
[2025-07-04 12:46:05,022] [ERROR] [MODEL PARAMETER ERROR] Layer model.0.conv.unit1.adn.N.weight corrupted: mean=1.0, std=0.0
[2025-07-04 12:46:05,022] [ERROR] [MODEL PARAMETER ERROR] Layer model.0.conv.unit1.adn.N.bias corrupted: mean=0.0, std=0.0
[2025-07-04 12:46:05,023] [ERROR] [MODEL PARAMETER ERROR] Layer model.1.submodule.0.conv.unit0.adn.N.weight corrupted: mean=1.0, std=0.0
[2025-07-04 12:46:05,023] [ERROR] [MODEL PARAMETER ERROR] Layer model.1.submodule.0.conv.unit0.adn.N.bias corrupted: mean=0.0, std=0.0
[2025-07-04 12:46:05,023] [ERROR] [MODEL PARAMETER ERROR] Layer model.1.submodule.0.conv.unit1.adn.N.weight corrupted: mean=1.0, std=0.0
[2025-07-04 12:46:05,023] [ERROR] [MODEL PARAMETER ERROR] Layer model.1.submodule.0.conv.unit1.adn.N.bias corrupted: mean=0.0, std=0.0
[2025-07-04 12:46:05,024] [ERROR] [MODEL PARAMETER ERROR] Layer model.1.submodule.1.submodule.0.conv.unit0.adn.N.weight corrupted: mean=1.0, std=0.0
[2025-07-04 12:46:05,024] [ERROR] [MODEL PARAMETER ERROR] Layer model.1.submodule.1.submodule.0.conv.unit0.adn.N.bias corrupted: mean=0.0, std=0.0
[2025-07-04 12:46:05,025] [ERROR] [MODEL PARAMETER ERROR] Layer model.1.submodule.1.submodule.0.conv.unit1.adn.N.weight corrupted: mean=1.0, std=0.0
[2025-07-04 12:46:05,025] [ERROR] [MODEL PARAMETER ERROR] Layer model.1.submodule.1.submodule.0.conv.unit1.adn.N.bias corrupted: mean=0.0, std=0.0
[2025-07-04 12:46:05,025] [ERROR] [MODEL PARAMETER ERROR] Layer model.1.submodule.1.submodule.1.submodule.0.conv.unit0.adn.N.weight corrupted: mean=1.0, std=0.0
[2025-07-04 12:46:05,025] [ERROR] [MODEL PARAMETER ERROR] Layer model.1.submodule.1.submodule.1.submodule.0.conv.unit0.adn.N.bias corrupted: mean=0.0, std=0.0
[2025-07-04 12:46:05,026] [ERROR] [MODEL PARAMETER ERROR] Layer model.1.submodule.1.submodule.1.submodule.0.conv.unit1.adn.N.weight corrupted: mean=1.0, std=0.0
[2025-07-04 12:46:05,026] [ERROR] [MODEL PARAMETER ERROR] Layer model.1.submodule.1.submodule.1.submodule.0.conv.unit1.adn.N.bias corrupted: mean=0.0, std=0.0
[2025-07-04 12:46:05,027] [ERROR] [MODEL PARAMETER ERROR] Layer model.1.submodule.1.submodule.1.submodule.1.submodule.conv.unit0.adn.N.weight corrupted: mean=1.0, std=0.0
[2025-07-04 12:46:05,027] [ERROR] [MODEL PARAMETER ERROR] Layer model.1.submodule.1.submodule.1.submodule.1.submodule.conv.unit0.adn.N.bias corrupted: mean=0.0, std=0.0
[2025-07-04 12:46:05,027] [ERROR] [MODEL PARAMETER ERROR] Layer model.1.submodule.1.submodule.1.submodule.1.submodule.conv.unit1.adn.N.weight corrupted: mean=1.0, std=0.0
[2025-07-04 12:46:05,027] [ERROR] [MODEL PARAMETER ERROR] Layer model.1.submodule.1.submodule.1.submodule.1.submodule.conv.unit1.adn.N.bias corrupted: mean=0.0, std=0.0
[2025-07-04 12:46:05,028] [ERROR] [MODEL PARAMETER ERROR] Layer model.1.submodule.1.submodule.1.submodule.2.0.adn.N.weight corrupted: mean=1.0, std=0.0
[2025-07-04 12:46:05,028] [ERROR] [MODEL PARAMETER ERROR] Layer model.1.submodule.1.submodule.1.submodule.2.0.adn.N.bias corrupted: mean=0.0, std=0.0
[2025-07-04 12:46:05,028] [ERROR] [MODEL PARAMETER ERROR] Layer model.1.submodule.1.submodule.1.submodule.2.1.conv.unit0.adn.N.weight corrupted: mean=1.0, std=0.0
[2025-07-04 12:46:05,028] [ERROR] [MODEL PARAMETER ERROR] Layer model.1.submodule.1.submodule.1.submodule.2.1.conv.unit0.adn.N.bias corrupted: mean=0.0, std=0.0
[2025-07-04 12:46:05,029] [ERROR] [MODEL PARAMETER ERROR] Layer model.1.submodule.1.submodule.2.0.adn.N.weight corrupted: mean=1.0, std=0.0
[2025-07-04 12:46:05,029] [ERROR] [MODEL PARAMETER ERROR] Layer model.1.submodule.1.submodule.2.0.adn.N.bias corrupted: mean=0.0, std=0.0
[2025-07-04 12:46:05,070] [ERROR] [MODEL PARAMETER ERROR] Layer model.1.submodule.1.submodule.2.1.conv.unit0.adn.N.weight corrupted: mean=1.0, std=0.0
[2025-07-04 12:46:05,070] [ERROR] [MODEL PARAMETER ERROR] Layer model.1.submodule.1.submodule.2.1.conv.unit0.adn.N.bias corrupted: mean=0.0, std=0.0
[2025-07-04 12:46:05,070] [ERROR] [MODEL PARAMETER ERROR] Layer model.1.submodule.2.0.adn.N.weight corrupted: mean=1.0, std=0.0
[2025-07-04 12:46:05,071] [ERROR] [MODEL PARAMETER ERROR] Layer model.1.submodule.2.0.adn.N.bias corrupted: mean=0.0, std=0.0
[2025-07-04 12:46:05,071] [ERROR] [MODEL PARAMETER ERROR] Layer model.1.submodule.2.1.conv.unit0.adn.N.weight corrupted: mean=1.0, std=0.0
[2025-07-04 12:46:05,071] [ERROR] [MODEL PARAMETER ERROR] Layer model.1.submodule.2.1.conv.unit0.adn.N.bias corrupted: mean=0.0, std=0.0
[2025-07-04 12:46:53,221] [INFO] Model initialized on device: cuda:0
[2025-07-04 12:46:54,945] [INFO] Model initialized on device: cuda:0
[2025-07-04 12:46:55,015] [INFO] Model initialized on device: cuda:0
[2025-07-04 12:46:55,215] [INFO] Model initialized on device: cuda:0
[2025-07-04 12:46:55,283] [INFO] Model initialized on device: cuda:0
[2025-07-04 12:46:55,391] [INFO] Model initialized on device: cuda:0
[2025-07-04 12:46:55,588] [INFO] Model initialized on device: cuda:0
[2025-07-04 12:46:55,696] [INFO] Model initialized on device: cuda:0
[2025-07-04 12:47:59,538] [INFO] [TRAIN] Epoch 1 Loss: 0.9926
[2025-07-04 12:48:42,682] [INFO] Model initialized on device: cuda:0
[2025-07-04 12:48:42,974] [INFO] Model initialized on device: cuda:0
[2025-07-04 12:48:43,671] [INFO] Model initialized on device: cuda:0
[2025-07-04 12:48:43,900] [INFO] Model initialized on device: cuda:0
[2025-07-04 12:48:44,176] [INFO] Model initialized on device: cuda:0
[2025-07-04 12:48:44,181] [INFO] Model initialized on device: cuda:0
[2025-07-04 12:48:44,802] [INFO] Model initialized on device: cuda:0
[2025-07-04 12:48:44,875] [INFO] Model initialized on device: cuda:0
[2025-07-04 12:49:50,971] [INFO] [TRAIN] Epoch 2 Loss: 0.9916
[2025-07-04 12:50:38,100] [INFO] Model initialized on device: cuda:0
[2025-07-04 12:50:38,801] [INFO] Model initialized on device: cuda:0
[2025-07-04 12:50:39,005] [INFO] Model initialized on device: cuda:0
[2025-07-04 12:50:39,180] [INFO] Model initialized on device: cuda:0
[2025-07-04 12:50:39,473] [INFO] Model initialized on device: cuda:0
[2025-07-04 12:50:39,481] [INFO] Model initialized on device: cuda:0
[2025-07-04 12:50:39,487] [INFO] Model initialized on device: cuda:0
[2025-07-04 12:50:39,494] [INFO] Model initialized on device: cuda:0
[2025-07-04 12:51:46,074] [INFO] [TRAIN] Epoch 3 Loss: 0.9914
[2025-07-04 12:52:25,023] [INFO] Model initialized on device: cuda:0
[2025-07-04 12:52:25,096] [INFO] Model initialized on device: cuda:0
[2025-07-04 12:52:25,170] [INFO] Model initialized on device: cuda:0
[2025-07-04 12:52:25,210] [INFO] Model initialized on device: cuda:0
[2025-07-04 12:52:25,214] [INFO] Model initialized on device: cuda:0
[2025-07-04 12:52:25,215] [INFO] Model initialized on device: cuda:0
[2025-07-04 12:52:25,215] [INFO] Model initialized on device: cuda:0
[2025-07-04 12:52:25,217] [INFO] Model initialized on device: cuda:0
[2025-07-04 12:53:21,377] [INFO] [TRAIN] Epoch 4 Loss: 0.9913
[2025-07-04 12:53:52,800] [INFO] Model initialized on device: cuda:0
[2025-07-04 12:53:52,875] [INFO] Model initialized on device: cuda:0
[2025-07-04 12:53:52,884] [INFO] Model initialized on device: cuda:0
[2025-07-04 12:53:52,885] [INFO] Model initialized on device: cuda:0
[2025-07-04 12:53:52,905] [INFO] Model initialized on device: cuda:0
[2025-07-04 12:53:52,908] [INFO] Model initialized on device: cuda:0
[2025-07-04 12:53:52,909] [INFO] Model initialized on device: cuda:0
[2025-07-04 12:53:52,909] [INFO] Model initialized on device: cuda:0
[2025-07-04 12:54:50,779] [INFO] [TRAIN] Epoch 5 Loss: 0.9912
[2025-07-04 12:54:50,781] [INFO] [FIT] Local training finished. Avg Loss: 0.9916
[2025-07-04 12:55:22,770] [INFO] Model initialized on device: cuda:0
[2025-07-04 12:55:22,772] [INFO] Model initialized on device: cuda:0
[2025-07-04 12:55:23,088] [INFO] Model initialized on device: cuda:0
[2025-07-04 12:55:23,392] [INFO] Model initialized on device: cuda:0
[2025-07-04 12:55:23,513] [INFO] Model initialized on device: cuda:0
[2025-07-04 12:55:23,570] [INFO] Model initialized on device: cuda:0
[2025-07-04 12:55:23,570] [INFO] Model initialized on device: cuda:0
[2025-07-04 12:55:23,572] [INFO] Model initialized on device: cuda:0
[2025-07-04 12:55:30,907] [DEBUG] [TEST] Batch 1 | Pred shape: torch.Size([256, 256, 160]) | Label shape: torch.Size([256, 256, 160])
[2025-07-04 12:55:30,976] [DEBUG] [TEST] Batch 2 | Pred shape: torch.Size([256, 256, 160]) | Label shape: torch.Size([256, 256, 160])
[2025-07-04 12:55:31,031] [DEBUG] [TEST] Batch 3 | Pred shape: torch.Size([256, 256, 160]) | Label shape: torch.Size([256, 256, 160])
[2025-07-04 12:55:31,118] [DEBUG] [TEST] Batch 4 | Pred shape: torch.Size([256, 256, 160]) | Label shape: torch.Size([256, 256, 160])
[2025-07-04 12:55:31,178] [DEBUG] [TEST] Batch 5 | Pred shape: torch.Size([256, 256, 160]) | Label shape: torch.Size([256, 256, 160])
[2025-07-04 12:55:31,274] [DEBUG] [TEST] Batch 6 | Pred shape: torch.Size([256, 256, 160]) | Label shape: torch.Size([256, 256, 160])
[2025-07-04 12:55:31,371] [DEBUG] [TEST] Batch 7 | Pred shape: torch.Size([256, 256, 160]) | Label shape: torch.Size([256, 256, 160])
[2025-07-04 12:55:31,428] [DEBUG] [TEST] Batch 8 | Pred shape: torch.Size([256, 256, 160]) | Label shape: torch.Size([256, 256, 160])
[2025-07-04 12:55:33,233] [DEBUG] [TEST] Batch 9 | Pred shape: torch.Size([256, 256, 160]) | Label shape: torch.Size([256, 256, 160])
[2025-07-04 12:55:33,322] [DEBUG] [TEST] Batch 10 | Pred shape: torch.Size([256, 256, 160]) | Label shape: torch.Size([256, 256, 160])
[2025-07-04 12:55:38,174] [INFO] [FIT] Final model saved to: Run_UNET_R3IID20%_fedWSOcompC64_20250704/Client1/model_final.pth
[2025-07-04 12:57:03,151] [INFO] [EVALUATE] Starting evaluation...
[2025-07-04 12:57:05,180] [INFO] [DEBUG] Loaded compressed decoded weights.
[2025-07-04 12:57:47,151] [INFO] Model initialized on device: cuda:0
[2025-07-04 12:57:47,380] [INFO] Model initialized on device: cuda:0
[2025-07-04 12:57:47,427] [INFO] Model initialized on device: cuda:0
[2025-07-04 12:57:47,474] [INFO] Model initialized on device: cuda:0
[2025-07-04 12:57:47,512] [INFO] Model initialized on device: cuda:0
[2025-07-04 12:57:47,585] [INFO] Model initialized on device: cuda:0
[2025-07-04 12:57:47,585] [INFO] Model initialized on device: cuda:0
[2025-07-04 12:57:47,593] [INFO] Model initialized on device: cuda:0
[2025-07-04 12:57:51,179] [DEBUG] [TEST] Batch 1 | Pred shape: torch.Size([256, 256, 160]) | Label shape: torch.Size([256, 256, 160])
[2025-07-04 12:57:51,316] [DEBUG] [TEST] Batch 2 | Pred shape: torch.Size([256, 256, 160]) | Label shape: torch.Size([256, 256, 160])
[2025-07-04 12:57:51,420] [DEBUG] [TEST] Batch 3 | Pred shape: torch.Size([256, 256, 160]) | Label shape: torch.Size([256, 256, 160])
[2025-07-04 12:57:51,735] [DEBUG] [TEST] Batch 4 | Pred shape: torch.Size([256, 256, 160]) | Label shape: torch.Size([256, 256, 160])
[2025-07-04 12:57:51,792] [DEBUG] [TEST] Batch 5 | Pred shape: torch.Size([256, 256, 160]) | Label shape: torch.Size([256, 256, 160])
[2025-07-04 12:57:51,851] [DEBUG] [TEST] Batch 6 | Pred shape: torch.Size([256, 256, 160]) | Label shape: torch.Size([256, 256, 160])
[2025-07-04 12:57:51,907] [DEBUG] [TEST] Batch 7 | Pred shape: torch.Size([256, 256, 160]) | Label shape: torch.Size([256, 256, 160])
[2025-07-04 12:57:51,968] [DEBUG] [TEST] Batch 8 | Pred shape: torch.Size([256, 256, 160]) | Label shape: torch.Size([256, 256, 160])
[2025-07-04 12:57:53,241] [DEBUG] [TEST] Batch 9 | Pred shape: torch.Size([256, 256, 160]) | Label shape: torch.Size([256, 256, 160])
[2025-07-04 12:57:53,331] [DEBUG] [TEST] Batch 10 | Pred shape: torch.Size([256, 256, 160]) | Label shape: torch.Size([256, 256, 160])
[2025-07-04 12:57:56,796] [INFO] [EVALUATE] Dice WT: 0.0165
[2025-07-04 12:58:11,835] [INFO] [FIT] Received parameters. Starting local training...
[2025-07-04 12:58:17,087] [INFO] [DEBUG] Loaded compressed decoded weights.
[2025-07-04 12:59:06,357] [INFO] Model initialized on device: cuda:0
[2025-07-04 12:59:06,553] [INFO] Model initialized on device: cuda:0
[2025-07-04 12:59:06,833] [INFO] Model initialized on device: cuda:0
[2025-07-04 12:59:07,264] [INFO] Model initialized on device: cuda:0
[2025-07-04 12:59:07,495] [INFO] Model initialized on device: cuda:0
[2025-07-04 12:59:07,506] [INFO] Model initialized on device: cuda:0
[2025-07-04 12:59:07,538] [INFO] Model initialized on device: cuda:0
[2025-07-04 12:59:08,290] [INFO] Model initialized on device: cuda:0
[2025-07-04 13:00:08,778] [INFO] [TRAIN] Epoch 1 Loss: 0.9913
[2025-07-04 13:00:46,418] [INFO] Model initialized on device: cuda:0
[2025-07-04 13:00:46,517] [INFO] Model initialized on device: cuda:0
[2025-07-04 13:00:46,519] [INFO] Model initialized on device: cuda:0
[2025-07-04 13:00:46,572] [INFO] Model initialized on device: cuda:0
[2025-07-04 13:00:46,574] [INFO] Model initialized on device: cuda:0
[2025-07-04 13:00:46,582] [INFO] Model initialized on device: cuda:0
[2025-07-04 13:00:46,595] [INFO] Model initialized on device: cuda:0
[2025-07-04 13:00:46,626] [INFO] Model initialized on device: cuda:0
[2025-07-04 13:01:44,112] [INFO] [TRAIN] Epoch 2 Loss: 0.9911
[2025-07-04 13:02:22,270] [INFO] Model initialized on device: cuda:0
[2025-07-04 13:02:22,376] [INFO] Model initialized on device: cuda:0
[2025-07-04 13:02:22,710] [INFO] Model initialized on device: cuda:0
[2025-07-04 13:02:22,776] [INFO] Model initialized on device: cuda:0
[2025-07-04 13:02:22,977] [INFO] Model initialized on device: cuda:0
[2025-07-04 13:02:22,982] [INFO] Model initialized on device: cuda:0
[2025-07-04 13:02:22,997] [INFO] Model initialized on device: cuda:0
[2025-07-04 13:02:23,378] [INFO] Model initialized on device: cuda:0
[2025-07-04 13:03:23,333] [INFO] [TRAIN] Epoch 3 Loss: 0.9910
[2025-07-04 13:04:02,778] [INFO] Model initialized on device: cuda:0
[2025-07-04 13:04:02,875] [INFO] Model initialized on device: cuda:0
[2025-07-04 13:04:02,978] [INFO] Model initialized on device: cuda:0
[2025-07-04 13:04:03,075] [INFO] Model initialized on device: cuda:0
[2025-07-04 13:04:03,118] [INFO] Model initialized on device: cuda:0
[2025-07-04 13:04:03,804] [INFO] Model initialized on device: cuda:0
[2025-07-04 13:04:03,922] [INFO] Model initialized on device: cuda:0
[2025-07-04 13:04:03,984] [INFO] Model initialized on device: cuda:0
[2025-07-04 13:05:05,734] [INFO] [TRAIN] Epoch 4 Loss: 0.9909
[2025-07-04 13:05:49,658] [INFO] Model initialized on device: cuda:0
[2025-07-04 13:05:49,778] [INFO] Model initialized on device: cuda:0
[2025-07-04 13:05:49,990] [INFO] Model initialized on device: cuda:0
[2025-07-04 13:05:50,023] [INFO] Model initialized on device: cuda:0
[2025-07-04 13:05:50,910] [INFO] Model initialized on device: cuda:0
[2025-07-04 13:05:51,077] [INFO] Model initialized on device: cuda:0
[2025-07-04 13:05:51,502] [INFO] Model initialized on device: cuda:0
[2025-07-04 13:05:51,909] [INFO] Model initialized on device: cuda:0
[2025-07-04 13:06:52,276] [INFO] [TRAIN] Epoch 5 Loss: 0.9909
[2025-07-04 13:06:52,278] [INFO] [FIT] Local training finished. Avg Loss: 0.9911
[2025-07-04 13:07:32,817] [INFO] Model initialized on device: cuda:0
[2025-07-04 13:07:32,886] [INFO] Model initialized on device: cuda:0
[2025-07-04 13:07:32,972] [INFO] Model initialized on device: cuda:0
[2025-07-04 13:07:33,013] [INFO] Model initialized on device: cuda:0
[2025-07-04 13:07:33,154] [INFO] Model initialized on device: cuda:0
[2025-07-04 13:07:33,288] [INFO] Model initialized on device: cuda:0
[2025-07-04 13:07:33,309] [INFO] Model initialized on device: cuda:0
[2025-07-04 13:07:33,320] [INFO] Model initialized on device: cuda:0
[2025-07-04 13:07:36,702] [DEBUG] [TEST] Batch 1 | Pred shape: torch.Size([256, 256, 160]) | Label shape: torch.Size([256, 256, 160])
[2025-07-04 13:07:36,825] [DEBUG] [TEST] Batch 2 | Pred shape: torch.Size([256, 256, 160]) | Label shape: torch.Size([256, 256, 160])
[2025-07-04 13:07:36,949] [DEBUG] [TEST] Batch 3 | Pred shape: torch.Size([256, 256, 160]) | Label shape: torch.Size([256, 256, 160])
[2025-07-04 13:07:37,087] [DEBUG] [TEST] Batch 4 | Pred shape: torch.Size([256, 256, 160]) | Label shape: torch.Size([256, 256, 160])
[2025-07-04 13:07:37,215] [DEBUG] [TEST] Batch 5 | Pred shape: torch.Size([256, 256, 160]) | Label shape: torch.Size([256, 256, 160])
[2025-07-04 13:07:37,345] [DEBUG] [TEST] Batch 6 | Pred shape: torch.Size([256, 256, 160]) | Label shape: torch.Size([256, 256, 160])
[2025-07-04 13:07:37,418] [DEBUG] [TEST] Batch 7 | Pred shape: torch.Size([256, 256, 160]) | Label shape: torch.Size([256, 256, 160])
[2025-07-04 13:07:37,477] [DEBUG] [TEST] Batch 8 | Pred shape: torch.Size([256, 256, 160]) | Label shape: torch.Size([256, 256, 160])
[2025-07-04 13:07:38,853] [DEBUG] [TEST] Batch 9 | Pred shape: torch.Size([256, 256, 160]) | Label shape: torch.Size([256, 256, 160])
[2025-07-04 13:07:38,915] [DEBUG] [TEST] Batch 10 | Pred shape: torch.Size([256, 256, 160]) | Label shape: torch.Size([256, 256, 160])
[2025-07-04 13:07:43,111] [INFO] [FIT] Final model saved to: Run_UNET_R3IID20%_fedWSOcompC64_20250704/Client1/model_final.pth
[2025-07-04 13:08:48,710] [INFO] [EVALUATE] Starting evaluation...
[2025-07-04 13:08:50,579] [INFO] [DEBUG] Loaded compressed decoded weights.
[2025-07-04 13:09:33,372] [INFO] Model initialized on device: cuda:0
[2025-07-04 13:09:33,720] [INFO] Model initialized on device: cuda:0
[2025-07-04 13:09:33,772] [INFO] Model initialized on device: cuda:0
[2025-07-04 13:09:33,790] [INFO] Model initialized on device: cuda:0
[2025-07-04 13:09:33,801] [INFO] Model initialized on device: cuda:0
[2025-07-04 13:09:33,881] [INFO] Model initialized on device: cuda:0
[2025-07-04 13:09:33,886] [INFO] Model initialized on device: cuda:0
[2025-07-04 13:09:33,890] [INFO] Model initialized on device: cuda:0
[2025-07-04 13:09:36,677] [DEBUG] [TEST] Batch 1 | Pred shape: torch.Size([256, 256, 160]) | Label shape: torch.Size([256, 256, 160])
[2025-07-04 13:09:37,014] [DEBUG] [TEST] Batch 2 | Pred shape: torch.Size([256, 256, 160]) | Label shape: torch.Size([256, 256, 160])
[2025-07-04 13:09:37,074] [DEBUG] [TEST] Batch 3 | Pred shape: torch.Size([256, 256, 160]) | Label shape: torch.Size([256, 256, 160])
[2025-07-04 13:09:37,129] [DEBUG] [TEST] Batch 4 | Pred shape: torch.Size([256, 256, 160]) | Label shape: torch.Size([256, 256, 160])
[2025-07-04 13:09:37,203] [DEBUG] [TEST] Batch 5 | Pred shape: torch.Size([256, 256, 160]) | Label shape: torch.Size([256, 256, 160])
[2025-07-04 13:09:37,258] [DEBUG] [TEST] Batch 6 | Pred shape: torch.Size([256, 256, 160]) | Label shape: torch.Size([256, 256, 160])
[2025-07-04 13:09:37,318] [DEBUG] [TEST] Batch 7 | Pred shape: torch.Size([256, 256, 160]) | Label shape: torch.Size([256, 256, 160])
[2025-07-04 13:09:37,373] [DEBUG] [TEST] Batch 8 | Pred shape: torch.Size([256, 256, 160]) | Label shape: torch.Size([256, 256, 160])
[2025-07-04 13:09:38,852] [DEBUG] [TEST] Batch 9 | Pred shape: torch.Size([256, 256, 160]) | Label shape: torch.Size([256, 256, 160])
[2025-07-04 13:09:38,970] [DEBUG] [TEST] Batch 10 | Pred shape: torch.Size([256, 256, 160]) | Label shape: torch.Size([256, 256, 160])
[2025-07-04 13:09:42,142] [INFO] [EVALUATE] Dice WT: 0.0488
[2025-07-04 13:09:56,005] [INFO] [FIT] Received parameters. Starting local training...
[2025-07-04 13:09:58,685] [INFO] [DEBUG] Loaded compressed decoded weights.
[2025-07-04 13:10:41,651] [INFO] Model initialized on device: cuda:0
[2025-07-04 13:10:42,802] [INFO] Model initialized on device: cuda:0
[2025-07-04 13:10:43,110] [INFO] Model initialized on device: cuda:0
[2025-07-04 13:10:46,014] [INFO] Model initialized on device: cuda:0
[2025-07-04 13:10:46,079] [INFO] Model initialized on device: cuda:0
[2025-07-04 13:10:46,114] [INFO] Model initialized on device: cuda:0
[2025-07-04 13:10:46,203] [INFO] Model initialized on device: cuda:0
[2025-07-04 13:10:49,392] [INFO] Model initialized on device: cuda:0
[2025-07-04 13:11:47,439] [INFO] [TRAIN] Epoch 1 Loss: 0.9910
[2025-07-04 13:12:18,791] [INFO] Model initialized on device: cuda:0
[2025-07-04 13:12:20,807] [INFO] Model initialized on device: cuda:0
[2025-07-04 13:12:21,093] [INFO] Model initialized on device: cuda:0
[2025-07-04 13:12:21,180] [INFO] Model initialized on device: cuda:0
[2025-07-04 13:12:21,183] [INFO] Model initialized on device: cuda:0
[2025-07-04 13:12:21,218] [INFO] Model initialized on device: cuda:0
[2025-07-04 13:12:21,271] [INFO] Model initialized on device: cuda:0
[2025-07-04 13:12:21,274] [INFO] Model initialized on device: cuda:0
[2025-07-04 13:13:20,839] [INFO] [TRAIN] Epoch 2 Loss: 0.9909
[2025-07-04 13:13:58,176] [INFO] Model initialized on device: cuda:0
[2025-07-04 13:13:58,200] [INFO] Model initialized on device: cuda:0
[2025-07-04 13:13:58,224] [INFO] Model initialized on device: cuda:0
[2025-07-04 13:13:58,323] [INFO] Model initialized on device: cuda:0
[2025-07-04 13:13:58,323] [INFO] Model initialized on device: cuda:0
[2025-07-04 13:13:58,512] [INFO] Model initialized on device: cuda:0
[2025-07-04 13:13:58,829] [INFO] Model initialized on device: cuda:0
[2025-07-04 13:13:58,873] [INFO] Model initialized on device: cuda:0
[2025-07-04 13:14:59,198] [INFO] [TRAIN] Epoch 3 Loss: 0.9907
[2025-07-04 13:15:43,298] [INFO] Model initialized on device: cuda:0
[2025-07-04 13:15:43,301] [INFO] Model initialized on device: cuda:0
[2025-07-04 13:15:43,304] [INFO] Model initialized on device: cuda:0
[2025-07-04 13:15:43,322] [INFO] Model initialized on device: cuda:0
[2025-07-04 13:15:43,323] [INFO] Model initialized on device: cuda:0
[2025-07-04 13:15:43,375] [INFO] Model initialized on device: cuda:0
[2025-07-04 13:15:43,412] [INFO] Model initialized on device: cuda:0
[2025-07-04 13:15:43,491] [INFO] Model initialized on device: cuda:0
[2025-07-04 13:16:47,006] [INFO] [TRAIN] Epoch 4 Loss: 0.9907
[2025-07-04 13:17:28,242] [INFO] Model initialized on device: cuda:0
[2025-07-04 13:17:28,361] [INFO] Model initialized on device: cuda:0
[2025-07-04 13:17:28,670] [INFO] Model initialized on device: cuda:0
[2025-07-04 13:17:28,904] [INFO] Model initialized on device: cuda:0
[2025-07-04 13:17:29,562] [INFO] Model initialized on device: cuda:0
[2025-07-04 13:17:29,973] [INFO] Model initialized on device: cuda:0
[2025-07-04 13:17:30,389] [INFO] Model initialized on device: cuda:0
[2025-07-04 13:17:31,328] [INFO] Model initialized on device: cuda:0
[2025-07-04 13:18:33,769] [INFO] [TRAIN] Epoch 5 Loss: 0.9906
[2025-07-04 13:18:33,770] [INFO] [FIT] Local training finished. Avg Loss: 0.9908
[2025-07-04 13:19:09,274] [INFO] Model initialized on device: cuda:0
[2025-07-04 13:19:09,412] [INFO] Model initialized on device: cuda:0
[2025-07-04 13:19:09,613] [INFO] Model initialized on device: cuda:0
[2025-07-04 13:19:09,697] [INFO] Model initialized on device: cuda:0
[2025-07-04 13:19:12,651] [DEBUG] [TEST] Batch 1 | Pred shape: torch.Size([256, 256, 160]) | Label shape: torch.Size([256, 256, 160])
[2025-07-04 13:19:13,240] [INFO] Model initialized on device: cuda:0
[2025-07-04 13:19:14,004] [INFO] Model initialized on device: cuda:0
[2025-07-04 13:19:15,398] [INFO] Model initialized on device: cuda:0
[2025-07-04 13:19:16,763] [INFO] Model initialized on device: cuda:0
[2025-07-04 13:19:17,940] [DEBUG] [TEST] Batch 2 | Pred shape: torch.Size([256, 256, 160]) | Label shape: torch.Size([256, 256, 160])
[2025-07-04 13:19:18,038] [DEBUG] [TEST] Batch 3 | Pred shape: torch.Size([256, 256, 160]) | Label shape: torch.Size([256, 256, 160])
[2025-07-04 13:19:18,095] [DEBUG] [TEST] Batch 4 | Pred shape: torch.Size([256, 256, 160]) | Label shape: torch.Size([256, 256, 160])
[2025-07-04 13:19:18,172] [DEBUG] [TEST] Batch 5 | Pred shape: torch.Size([256, 256, 160]) | Label shape: torch.Size([256, 256, 160])
[2025-07-04 13:19:18,227] [DEBUG] [TEST] Batch 6 | Pred shape: torch.Size([256, 256, 160]) | Label shape: torch.Size([256, 256, 160])
[2025-07-04 13:19:18,318] [DEBUG] [TEST] Batch 7 | Pred shape: torch.Size([256, 256, 160]) | Label shape: torch.Size([256, 256, 160])
[2025-07-04 13:19:19,250] [DEBUG] [TEST] Batch 8 | Pred shape: torch.Size([256, 256, 160]) | Label shape: torch.Size([256, 256, 160])
[2025-07-04 13:19:19,318] [DEBUG] [TEST] Batch 9 | Pred shape: torch.Size([256, 256, 160]) | Label shape: torch.Size([256, 256, 160])
[2025-07-04 13:19:20,176] [DEBUG] [TEST] Batch 10 | Pred shape: torch.Size([256, 256, 160]) | Label shape: torch.Size([256, 256, 160])
[2025-07-04 13:19:22,923] [INFO] [FIT] Final model saved to: Run_UNET_R3IID20%_fedWSOcompC64_20250704/Client1/model_final.pth
[2025-07-04 13:20:26,881] [INFO] [EVALUATE] Starting evaluation...
[2025-07-04 13:20:30,676] [INFO] [DEBUG] Loaded compressed decoded weights.
[2025-07-04 13:21:21,320] [INFO] Model initialized on device: cuda:0
[2025-07-04 13:21:21,503] [INFO] Model initialized on device: cuda:0
[2025-07-04 13:21:21,670] [INFO] Model initialized on device: cuda:0
[2025-07-04 13:21:21,995] [INFO] Model initialized on device: cuda:0
[2025-07-04 13:21:22,270] [INFO] Model initialized on device: cuda:0
[2025-07-04 13:21:22,410] [INFO] Model initialized on device: cuda:0
[2025-07-04 13:21:22,485] [INFO] Model initialized on device: cuda:0
[2025-07-04 13:21:22,489] [INFO] Model initialized on device: cuda:0
[2025-07-04 13:21:25,977] [DEBUG] [TEST] Batch 1 | Pred shape: torch.Size([256, 256, 160]) | Label shape: torch.Size([256, 256, 160])
[2025-07-04 13:21:27,967] [DEBUG] [TEST] Batch 2 | Pred shape: torch.Size([256, 256, 160]) | Label shape: torch.Size([256, 256, 160])
[2025-07-04 13:21:28,211] [DEBUG] [TEST] Batch 3 | Pred shape: torch.Size([256, 256, 160]) | Label shape: torch.Size([256, 256, 160])
[2025-07-04 13:21:28,403] [DEBUG] [TEST] Batch 4 | Pred shape: torch.Size([256, 256, 160]) | Label shape: torch.Size([256, 256, 160])
[2025-07-04 13:21:28,592] [DEBUG] [TEST] Batch 5 | Pred shape: torch.Size([256, 256, 160]) | Label shape: torch.Size([256, 256, 160])
[2025-07-04 13:21:28,717] [DEBUG] [TEST] Batch 6 | Pred shape: torch.Size([256, 256, 160]) | Label shape: torch.Size([256, 256, 160])
[2025-07-04 13:21:28,888] [DEBUG] [TEST] Batch 7 | Pred shape: torch.Size([256, 256, 160]) | Label shape: torch.Size([256, 256, 160])
[2025-07-04 13:21:29,010] [DEBUG] [TEST] Batch 8 | Pred shape: torch.Size([256, 256, 160]) | Label shape: torch.Size([256, 256, 160])
[2025-07-04 13:21:29,067] [DEBUG] [TEST] Batch 9 | Pred shape: torch.Size([256, 256, 160]) | Label shape: torch.Size([256, 256, 160])
[2025-07-04 13:21:29,678] [DEBUG] [TEST] Batch 10 | Pred shape: torch.Size([256, 256, 160]) | Label shape: torch.Size([256, 256, 160])
[2025-07-04 13:21:35,022] [INFO] [EVALUATE] Dice WT: 0.0686
[2025-07-04 13:21:39,118] [INFO] [FIT] Received parameters. Starting local training...
[2025-07-04 13:21:45,085] [INFO] [DEBUG] Loaded compressed decoded weights.
[2025-07-04 13:21:45,092] [ERROR] [MODEL PARAMETER ERROR] Layer model.1.submodule.1.submodule.1.submodule.1.submodule.conv.unit1.conv.bias corrupted: mean=3.266411141567005e-08, std=3.2410224548584665e-07
[2025-07-04 13:22:34,597] [INFO] Model initialized on device: cuda:0
[2025-07-04 13:22:35,176] [INFO] Model initialized on device: cuda:0
[2025-07-04 13:22:35,176] [INFO] Model initialized on device: cuda:0
[2025-07-04 13:22:35,270] [INFO] Model initialized on device: cuda:0
[2025-07-04 13:22:35,270] [INFO] Model initialized on device: cuda:0
[2025-07-04 13:22:35,278] [INFO] Model initialized on device: cuda:0
[2025-07-04 13:22:35,387] [INFO] Model initialized on device: cuda:0
[2025-07-04 13:22:35,394] [INFO] Model initialized on device: cuda:0
[2025-07-04 13:23:40,806] [INFO] [TRAIN] Epoch 1 Loss: 0.9907
[2025-07-04 13:24:19,504] [INFO] Model initialized on device: cuda:0
[2025-07-04 13:24:19,581] [INFO] Model initialized on device: cuda:0
[2025-07-04 13:24:21,471] [INFO] Model initialized on device: cuda:0
[2025-07-04 13:24:21,541] [INFO] Model initialized on device: cuda:0
[2025-07-04 13:24:21,541] [INFO] Model initialized on device: cuda:0
[2025-07-04 13:24:21,573] [INFO] Model initialized on device: cuda:0
[2025-07-04 13:24:23,170] [INFO] Model initialized on device: cuda:0
[2025-07-04 13:24:26,678] [INFO] Model initialized on device: cuda:0
[2025-07-04 13:25:24,750] [INFO] [TRAIN] Epoch 2 Loss: 0.9905
[2025-07-04 13:25:54,410] [INFO] Model initialized on device: cuda:0
[2025-07-04 13:25:56,293] [INFO] Model initialized on device: cuda:0
[2025-07-04 13:25:57,206] [INFO] Model initialized on device: cuda:0
[2025-07-04 13:25:57,387] [INFO] Model initialized on device: cuda:0
[2025-07-04 13:25:57,389] [INFO] Model initialized on device: cuda:0
[2025-07-04 13:25:57,474] [INFO] Model initialized on device: cuda:0
[2025-07-04 13:25:57,477] [INFO] Model initialized on device: cuda:0
[2025-07-04 13:25:57,477] [INFO] Model initialized on device: cuda:0
[2025-07-04 13:26:56,614] [INFO] [TRAIN] Epoch 3 Loss: 0.9904
[2025-07-04 13:27:24,071] [INFO] Model initialized on device: cuda:0
[2025-07-04 13:27:25,371] [INFO] Model initialized on device: cuda:0
[2025-07-04 13:27:25,810] [INFO] Model initialized on device: cuda:0
[2025-07-04 13:27:25,918] [INFO] Model initialized on device: cuda:0
[2025-07-04 13:27:25,971] [INFO] Model initialized on device: cuda:0
[2025-07-04 13:27:25,971] [INFO] Model initialized on device: cuda:0
[2025-07-04 13:27:25,976] [INFO] Model initialized on device: cuda:0
[2025-07-04 13:27:25,977] [INFO] Model initialized on device: cuda:0
[2025-07-04 13:28:25,879] [INFO] [TRAIN] Epoch 4 Loss: 0.9902
[2025-07-04 13:28:45,407] [INFO] Model initialized on device: cuda:0
[2025-07-04 13:28:45,919] [INFO] Model initialized on device: cuda:0
[2025-07-04 13:28:50,811] [INFO] Model initialized on device: cuda:0
[2025-07-04 13:28:51,888] [INFO] Model initialized on device: cuda:0
[2025-07-04 13:28:52,094] [INFO] Model initialized on device: cuda:0
[2025-07-04 13:28:52,101] [INFO] Model initialized on device: cuda:0
[2025-07-04 13:28:52,119] [INFO] Model initialized on device: cuda:0
[2025-07-04 13:28:52,175] [INFO] Model initialized on device: cuda:0
[2025-07-04 13:29:55,077] [INFO] [TRAIN] Epoch 5 Loss: 0.9901
[2025-07-04 13:29:55,078] [INFO] [FIT] Local training finished. Avg Loss: 0.9904
[2025-07-04 13:30:17,250] [INFO] Model initialized on device: cuda:0
[2025-07-04 13:30:17,273] [INFO] Model initialized on device: cuda:0
[2025-07-04 13:30:18,353] [INFO] Model initialized on device: cuda:0
[2025-07-04 13:30:20,987] [INFO] Model initialized on device: cuda:0
[2025-07-04 13:30:20,988] [INFO] Model initialized on device: cuda:0
[2025-07-04 13:30:21,017] [INFO] Model initialized on device: cuda:0
[2025-07-04 13:30:21,072] [INFO] Model initialized on device: cuda:0
[2025-07-04 13:30:21,072] [INFO] Model initialized on device: cuda:0
[2025-07-04 13:30:26,120] [DEBUG] [TEST] Batch 1 | Pred shape: torch.Size([256, 256, 160]) | Label shape: torch.Size([256, 256, 160])
[2025-07-04 13:30:26,181] [DEBUG] [TEST] Batch 2 | Pred shape: torch.Size([256, 256, 160]) | Label shape: torch.Size([256, 256, 160])
[2025-07-04 13:30:26,236] [DEBUG] [TEST] Batch 3 | Pred shape: torch.Size([256, 256, 160]) | Label shape: torch.Size([256, 256, 160])
[2025-07-04 13:30:26,291] [DEBUG] [TEST] Batch 4 | Pred shape: torch.Size([256, 256, 160]) | Label shape: torch.Size([256, 256, 160])
[2025-07-04 13:30:26,346] [DEBUG] [TEST] Batch 5 | Pred shape: torch.Size([256, 256, 160]) | Label shape: torch.Size([256, 256, 160])
[2025-07-04 13:30:26,418] [DEBUG] [TEST] Batch 6 | Pred shape: torch.Size([256, 256, 160]) | Label shape: torch.Size([256, 256, 160])
[2025-07-04 13:30:26,477] [DEBUG] [TEST] Batch 7 | Pred shape: torch.Size([256, 256, 160]) | Label shape: torch.Size([256, 256, 160])
[2025-07-04 13:30:26,535] [DEBUG] [TEST] Batch 8 | Pred shape: torch.Size([256, 256, 160]) | Label shape: torch.Size([256, 256, 160])
[2025-07-04 13:30:28,456] [DEBUG] [TEST] Batch 9 | Pred shape: torch.Size([256, 256, 160]) | Label shape: torch.Size([256, 256, 160])
[2025-07-04 13:30:28,511] [DEBUG] [TEST] Batch 10 | Pred shape: torch.Size([256, 256, 160]) | Label shape: torch.Size([256, 256, 160])
[2025-07-04 13:30:32,150] [INFO] [FIT] Final model saved to: Run_UNET_R3IID20%_fedWSOcompC64_20250704/Client1/model_final.pth
[2025-07-04 13:31:48,286] [INFO] [EVALUATE] Starting evaluation...
[2025-07-04 13:31:52,682] [INFO] [DEBUG] Loaded compressed decoded weights.
[2025-07-04 13:32:43,102] [INFO] Model initialized on device: cuda:0
[2025-07-04 13:32:43,274] [INFO] Model initialized on device: cuda:0
[2025-07-04 13:32:43,383] [INFO] Model initialized on device: cuda:0
[2025-07-04 13:32:43,415] [INFO] Model initialized on device: cuda:0
[2025-07-04 13:32:43,614] [INFO] Model initialized on device: cuda:0
[2025-07-04 13:32:44,007] [INFO] Model initialized on device: cuda:0
[2025-07-04 13:32:44,270] [INFO] Model initialized on device: cuda:0
[2025-07-04 13:32:44,270] [INFO] Model initialized on device: cuda:0
[2025-07-04 13:32:48,279] [DEBUG] [TEST] Batch 1 | Pred shape: torch.Size([256, 256, 160]) | Label shape: torch.Size([256, 256, 160])
[2025-07-04 13:32:48,377] [DEBUG] [TEST] Batch 2 | Pred shape: torch.Size([256, 256, 160]) | Label shape: torch.Size([256, 256, 160])
[2025-07-04 13:32:49,500] [DEBUG] [TEST] Batch 3 | Pred shape: torch.Size([256, 256, 160]) | Label shape: torch.Size([256, 256, 160])
[2025-07-04 13:32:49,747] [DEBUG] [TEST] Batch 4 | Pred shape: torch.Size([256, 256, 160]) | Label shape: torch.Size([256, 256, 160])
[2025-07-04 13:32:49,992] [DEBUG] [TEST] Batch 5 | Pred shape: torch.Size([256, 256, 160]) | Label shape: torch.Size([256, 256, 160])
[2025-07-04 13:32:50,224] [DEBUG] [TEST] Batch 6 | Pred shape: torch.Size([256, 256, 160]) | Label shape: torch.Size([256, 256, 160])
[2025-07-04 13:32:50,477] [DEBUG] [TEST] Batch 7 | Pred shape: torch.Size([256, 256, 160]) | Label shape: torch.Size([256, 256, 160])
[2025-07-04 13:32:50,723] [DEBUG] [TEST] Batch 8 | Pred shape: torch.Size([256, 256, 160]) | Label shape: torch.Size([256, 256, 160])
[2025-07-04 13:32:50,911] [DEBUG] [TEST] Batch 9 | Pred shape: torch.Size([256, 256, 160]) | Label shape: torch.Size([256, 256, 160])
[2025-07-04 13:32:51,037] [DEBUG] [TEST] Batch 10 | Pred shape: torch.Size([256, 256, 160]) | Label shape: torch.Size([256, 256, 160])
[2025-07-04 13:32:55,453] [INFO] [EVALUATE] Dice WT: 0.0864
[2025-07-04 13:33:00,483] [INFO] [FIT] Received parameters. Starting local training...
[2025-07-04 13:33:04,571] [INFO] [DEBUG] Loaded compressed decoded weights.
[2025-07-04 13:33:04,578] [ERROR] [MODEL PARAMETER ERROR] Layer model.1.submodule.1.submodule.1.submodule.1.submodule.conv.unit0.conv.bias corrupted: mean=1.1688257472997066e-08, std=2.975909296765167e-07
[2025-07-04 13:33:04,579] [ERROR] [MODEL PARAMETER ERROR] Layer model.1.submodule.1.submodule.1.submodule.1.submodule.conv.unit1.conv.bias corrupted: mean=3.086547195607636e-08, std=4.293900985885557e-07
[2025-07-04 13:33:55,375] [INFO] Model initialized on device: cuda:0
[2025-07-04 13:33:55,407] [INFO] Model initialized on device: cuda:0
[2025-07-04 13:33:55,774] [INFO] Model initialized on device: cuda:0
[2025-07-04 13:33:55,820] [INFO] Model initialized on device: cuda:0
[2025-07-04 13:33:56,193] [INFO] Model initialized on device: cuda:0
[2025-07-04 13:33:56,577] [INFO] Model initialized on device: cuda:0
[2025-07-04 13:33:56,590] [INFO] Model initialized on device: cuda:0
[2025-07-04 13:33:56,693] [INFO] Model initialized on device: cuda:0
[2025-07-04 13:35:02,102] [INFO] [TRAIN] Epoch 1 Loss: 0.9904
[2025-07-04 13:35:44,103] [INFO] Model initialized on device: cuda:0
[2025-07-04 13:35:46,696] [INFO] Model initialized on device: cuda:0
[2025-07-04 13:35:46,724] [INFO] Model initialized on device: cuda:0
[2025-07-04 13:35:47,287] [INFO] Model initialized on device: cuda:0
[2025-07-04 13:35:47,310] [INFO] Model initialized on device: cuda:0
[2025-07-04 13:35:47,507] [INFO] Model initialized on device: cuda:0
[2025-07-04 13:35:47,691] [INFO] Model initialized on device: cuda:0
[2025-07-04 13:35:47,700] [INFO] Model initialized on device: cuda:0
[2025-07-04 13:36:53,778] [INFO] [TRAIN] Epoch 2 Loss: 0.9901
[2025-07-04 13:37:38,921] [INFO] Model initialized on device: cuda:0
[2025-07-04 13:37:39,089] [INFO] Model initialized on device: cuda:0
[2025-07-04 13:37:42,590] [INFO] Model initialized on device: cuda:0
[2025-07-04 13:37:42,999] [INFO] Model initialized on device: cuda:0
[2025-07-04 13:37:43,003] [INFO] Model initialized on device: cuda:0
[2025-07-04 13:37:43,005] [INFO] Model initialized on device: cuda:0
[2025-07-04 13:37:43,006] [INFO] Model initialized on device: cuda:0
[2025-07-04 13:37:43,172] [INFO] Model initialized on device: cuda:0
[2025-07-04 13:38:43,779] [INFO] [TRAIN] Epoch 3 Loss: 0.9899
[2025-07-04 13:39:13,990] [INFO] Model initialized on device: cuda:0
[2025-07-04 13:39:14,189] [INFO] Model initialized on device: cuda:0
[2025-07-04 13:39:17,400] [INFO] Model initialized on device: cuda:0
[2025-07-04 13:39:18,032] [INFO] Model initialized on device: cuda:0
[2025-07-04 13:39:18,079] [INFO] Model initialized on device: cuda:0
[2025-07-04 13:39:18,318] [INFO] Model initialized on device: cuda:0
[2025-07-04 13:39:18,484] [INFO] Model initialized on device: cuda:0
[2025-07-04 13:39:18,682] [INFO] Model initialized on device: cuda:0
[2025-07-04 13:40:17,414] [INFO] [TRAIN] Epoch 4 Loss: 0.9897
[2025-07-04 13:40:41,977] [INFO] Model initialized on device: cuda:0
[2025-07-04 13:40:45,610] [INFO] Model initialized on device: cuda:0
[2025-07-04 13:40:48,377] [INFO] Model initialized on device: cuda:0
[2025-07-04 13:40:48,876] [INFO] Model initialized on device: cuda:0
[2025-07-04 13:40:48,982] [INFO] Model initialized on device: cuda:0
[2025-07-04 13:40:48,983] [INFO] Model initialized on device: cuda:0
[2025-07-04 13:40:49,305] [INFO] Model initialized on device: cuda:0
[2025-07-04 13:40:49,381] [INFO] Model initialized on device: cuda:0
[2025-07-04 13:41:49,077] [INFO] [TRAIN] Epoch 5 Loss: 0.9894
[2025-07-04 13:41:49,078] [INFO] [FIT] Local training finished. Avg Loss: 0.9899
[2025-07-04 13:42:14,419] [INFO] Model initialized on device: cuda:0
[2025-07-04 13:42:14,834] [INFO] Model initialized on device: cuda:0
[2025-07-04 13:42:15,720] [INFO] Model initialized on device: cuda:0
[2025-07-04 13:42:16,772] [INFO] Model initialized on device: cuda:0
[2025-07-04 13:42:16,872] [INFO] Model initialized on device: cuda:0
[2025-07-04 13:42:16,919] [INFO] Model initialized on device: cuda:0
[2025-07-04 13:42:16,972] [INFO] Model initialized on device: cuda:0
[2025-07-04 13:42:16,978] [INFO] Model initialized on device: cuda:0
[2025-07-04 13:42:20,140] [DEBUG] [TEST] Batch 1 | Pred shape: torch.Size([256, 256, 160]) | Label shape: torch.Size([256, 256, 160])
[2025-07-04 13:42:20,332] [DEBUG] [TEST] Batch 2 | Pred shape: torch.Size([256, 256, 160]) | Label shape: torch.Size([256, 256, 160])
[2025-07-04 13:42:20,664] [DEBUG] [TEST] Batch 3 | Pred shape: torch.Size([256, 256, 160]) | Label shape: torch.Size([256, 256, 160])
[2025-07-04 13:42:20,724] [DEBUG] [TEST] Batch 4 | Pred shape: torch.Size([256, 256, 160]) | Label shape: torch.Size([256, 256, 160])
[2025-07-04 13:42:20,780] [DEBUG] [TEST] Batch 5 | Pred shape: torch.Size([256, 256, 160]) | Label shape: torch.Size([256, 256, 160])
[2025-07-04 13:42:20,836] [DEBUG] [TEST] Batch 6 | Pred shape: torch.Size([256, 256, 160]) | Label shape: torch.Size([256, 256, 160])
[2025-07-04 13:42:20,891] [DEBUG] [TEST] Batch 7 | Pred shape: torch.Size([256, 256, 160]) | Label shape: torch.Size([256, 256, 160])
[2025-07-04 13:42:20,946] [DEBUG] [TEST] Batch 8 | Pred shape: torch.Size([256, 256, 160]) | Label shape: torch.Size([256, 256, 160])
[2025-07-04 13:42:22,370] [DEBUG] [TEST] Batch 9 | Pred shape: torch.Size([256, 256, 160]) | Label shape: torch.Size([256, 256, 160])
[2025-07-04 13:42:22,481] [DEBUG] [TEST] Batch 10 | Pred shape: torch.Size([256, 256, 160]) | Label shape: torch.Size([256, 256, 160])
[2025-07-04 13:42:25,264] [INFO] [FIT] Final model saved to: Run_UNET_R3IID20%_fedWSOcompC64_20250704/Client1/model_final.pth
[2025-07-04 13:43:32,137] [INFO] [EVALUATE] Starting evaluation...
[2025-07-04 13:43:36,579] [INFO] [DEBUG] Loaded compressed decoded weights.
[2025-07-04 13:44:23,169] [INFO] Model initialized on device: cuda:0
[2025-07-04 13:44:23,221] [INFO] Model initialized on device: cuda:0
[2025-07-04 13:44:23,245] [INFO] Model initialized on device: cuda:0
[2025-07-04 13:44:23,275] [INFO] Model initialized on device: cuda:0
[2025-07-04 13:44:23,344] [INFO] Model initialized on device: cuda:0
[2025-07-04 13:44:23,715] [INFO] Model initialized on device: cuda:0
[2025-07-04 13:44:23,781] [INFO] Model initialized on device: cuda:0
[2025-07-04 13:44:24,004] [INFO] Model initialized on device: cuda:0
[2025-07-04 13:44:29,035] [DEBUG] [TEST] Batch 1 | Pred shape: torch.Size([256, 256, 160]) | Label shape: torch.Size([256, 256, 160])
[2025-07-04 13:44:29,143] [DEBUG] [TEST] Batch 2 | Pred shape: torch.Size([256, 256, 160]) | Label shape: torch.Size([256, 256, 160])
[2025-07-04 13:44:29,234] [DEBUG] [TEST] Batch 3 | Pred shape: torch.Size([256, 256, 160]) | Label shape: torch.Size([256, 256, 160])
[2025-07-04 13:44:29,290] [DEBUG] [TEST] Batch 4 | Pred shape: torch.Size([256, 256, 160]) | Label shape: torch.Size([256, 256, 160])
[2025-07-04 13:44:29,347] [DEBUG] [TEST] Batch 5 | Pred shape: torch.Size([256, 256, 160]) | Label shape: torch.Size([256, 256, 160])
[2025-07-04 13:44:29,515] [DEBUG] [TEST] Batch 6 | Pred shape: torch.Size([256, 256, 160]) | Label shape: torch.Size([256, 256, 160])
[2025-07-04 13:44:29,570] [DEBUG] [TEST] Batch 7 | Pred shape: torch.Size([256, 256, 160]) | Label shape: torch.Size([256, 256, 160])
[2025-07-04 13:44:29,754] [DEBUG] [TEST] Batch 8 | Pred shape: torch.Size([256, 256, 160]) | Label shape: torch.Size([256, 256, 160])
[2025-07-04 13:44:31,198] [DEBUG] [TEST] Batch 9 | Pred shape: torch.Size([256, 256, 160]) | Label shape: torch.Size([256, 256, 160])
[2025-07-04 13:44:31,256] [DEBUG] [TEST] Batch 10 | Pred shape: torch.Size([256, 256, 160]) | Label shape: torch.Size([256, 256, 160])
[2025-07-04 13:44:35,819] [INFO] [EVALUATE] Dice WT: 0.1266
[2025-07-04 13:44:41,464] [INFO] [FIT] Received parameters. Starting local training...
[2025-07-04 13:44:46,084] [INFO] [DEBUG] Loaded compressed decoded weights.
[2025-07-04 13:44:46,171] [ERROR] [MODEL PARAMETER ERROR] Layer model.1.submodule.1.submodule.1.submodule.1.submodule.conv.unit0.conv.bias corrupted: mean=1.58338302469474e-08, std=4.929009946863516e-07
[2025-07-04 13:44:46,172] [ERROR] [MODEL PARAMETER ERROR] Layer model.1.submodule.1.submodule.1.submodule.1.submodule.conv.unit1.conv.bias corrupted: mean=5.6864326580807756e-08, std=6.091207751524053e-07
[2025-07-04 13:45:34,387] [INFO] Model initialized on device: cuda:0
[2025-07-04 13:45:34,533] [INFO] Model initialized on device: cuda:0
[2025-07-04 13:45:34,910] [INFO] Model initialized on device: cuda:0
[2025-07-04 13:45:35,483] [INFO] Model initialized on device: cuda:0
[2025-07-04 13:45:35,612] [INFO] Model initialized on device: cuda:0
[2025-07-04 13:45:35,689] [INFO] Model initialized on device: cuda:0
[2025-07-04 13:45:35,696] [INFO] Model initialized on device: cuda:0
[2025-07-04 13:45:35,712] [INFO] Model initialized on device: cuda:0
[2025-07-04 13:46:39,025] [INFO] [TRAIN] Epoch 1 Loss: 0.9898
[2025-07-04 13:47:16,576] [INFO] Model initialized on device: cuda:0
[2025-07-04 13:47:17,474] [INFO] Model initialized on device: cuda:0
[2025-07-04 13:47:18,880] [INFO] Model initialized on device: cuda:0
[2025-07-04 13:47:18,975] [INFO] Model initialized on device: cuda:0
[2025-07-04 13:47:18,993] [INFO] Model initialized on device: cuda:0
[2025-07-04 13:47:18,994] [INFO] Model initialized on device: cuda:0
[2025-07-04 13:47:18,997] [INFO] Model initialized on device: cuda:0
[2025-07-04 13:47:18,997] [INFO] Model initialized on device: cuda:0
[2025-07-04 13:48:19,684] [INFO] [TRAIN] Epoch 2 Loss: 0.9895
[2025-07-04 13:48:58,470] [INFO] Model initialized on device: cuda:0
[2025-07-04 13:48:58,684] [INFO] Model initialized on device: cuda:0
[2025-07-04 13:48:58,694] [INFO] Model initialized on device: cuda:0
[2025-07-04 13:48:58,897] [INFO] Model initialized on device: cuda:0
[2025-07-04 13:48:58,903] [INFO] Model initialized on device: cuda:0
[2025-07-04 13:48:58,906] [INFO] Model initialized on device: cuda:0
[2025-07-04 13:48:58,908] [INFO] Model initialized on device: cuda:0
[2025-07-04 13:48:58,909] [INFO] Model initialized on device: cuda:0
[2025-07-04 13:49:58,928] [INFO] [TRAIN] Epoch 3 Loss: 0.9892
[2025-07-04 13:50:44,060] [INFO] Model initialized on device: cuda:0
[2025-07-04 13:50:44,062] [INFO] Model initialized on device: cuda:0
[2025-07-04 13:50:44,353] [INFO] Model initialized on device: cuda:0
[2025-07-04 13:50:44,674] [INFO] Model initialized on device: cuda:0
[2025-07-04 13:50:44,876] [INFO] Model initialized on device: cuda:0
[2025-07-04 13:50:45,100] [INFO] Model initialized on device: cuda:0
[2025-07-04 13:50:45,173] [INFO] Model initialized on device: cuda:0
[2025-07-04 13:50:45,176] [INFO] Model initialized on device: cuda:0
[2025-07-04 13:51:51,150] [INFO] [TRAIN] Epoch 4 Loss: 0.9889
[2025-07-04 13:52:31,795] [INFO] Model initialized on device: cuda:0
[2025-07-04 13:52:35,276] [INFO] Model initialized on device: cuda:0
[2025-07-04 13:52:36,276] [INFO] Model initialized on device: cuda:0
[2025-07-04 13:52:37,690] [INFO] Model initialized on device: cuda:0
[2025-07-04 13:52:37,698] [INFO] Model initialized on device: cuda:0
[2025-07-04 13:52:37,789] [INFO] Model initialized on device: cuda:0
[2025-07-04 13:52:37,812] [INFO] Model initialized on device: cuda:0
[2025-07-04 13:52:37,870] [INFO] Model initialized on device: cuda:0
[2025-07-04 13:53:37,705] [INFO] [TRAIN] Epoch 5 Loss: 0.9886
[2025-07-04 13:53:37,706] [INFO] [FIT] Local training finished. Avg Loss: 0.9892
[2025-07-04 13:54:05,697] [INFO] Model initialized on device: cuda:0
[2025-07-04 13:54:07,231] [INFO] Model initialized on device: cuda:0
[2025-07-04 13:54:08,527] [DEBUG] [TEST] Batch 1 | Pred shape: torch.Size([256, 256, 160]) | Label shape: torch.Size([256, 256, 160])
[2025-07-04 13:54:10,123] [INFO] Model initialized on device: cuda:0
[2025-07-04 13:54:10,307] [INFO] Model initialized on device: cuda:0
[2025-07-04 13:54:10,310] [INFO] Model initialized on device: cuda:0
[2025-07-04 13:54:10,449] [INFO] Model initialized on device: cuda:0
[2025-07-04 13:54:10,513] [INFO] Model initialized on device: cuda:0
[2025-07-04 13:54:11,001] [INFO] Model initialized on device: cuda:0
[2025-07-04 13:54:13,403] [DEBUG] [TEST] Batch 2 | Pred shape: torch.Size([256, 256, 160]) | Label shape: torch.Size([256, 256, 160])
[2025-07-04 13:54:13,460] [DEBUG] [TEST] Batch 3 | Pred shape: torch.Size([256, 256, 160]) | Label shape: torch.Size([256, 256, 160])
[2025-07-04 13:54:13,878] [DEBUG] [TEST] Batch 4 | Pred shape: torch.Size([256, 256, 160]) | Label shape: torch.Size([256, 256, 160])
[2025-07-04 13:54:13,939] [DEBUG] [TEST] Batch 5 | Pred shape: torch.Size([256, 256, 160]) | Label shape: torch.Size([256, 256, 160])
[2025-07-04 13:54:13,995] [DEBUG] [TEST] Batch 6 | Pred shape: torch.Size([256, 256, 160]) | Label shape: torch.Size([256, 256, 160])
[2025-07-04 13:54:14,051] [DEBUG] [TEST] Batch 7 | Pred shape: torch.Size([256, 256, 160]) | Label shape: torch.Size([256, 256, 160])
[2025-07-04 13:54:14,108] [DEBUG] [TEST] Batch 8 | Pred shape: torch.Size([256, 256, 160]) | Label shape: torch.Size([256, 256, 160])
[2025-07-04 13:54:14,166] [DEBUG] [TEST] Batch 9 | Pred shape: torch.Size([256, 256, 160]) | Label shape: torch.Size([256, 256, 160])
[2025-07-04 13:54:15,516] [DEBUG] [TEST] Batch 10 | Pred shape: torch.Size([256, 256, 160]) | Label shape: torch.Size([256, 256, 160])
[2025-07-04 13:54:17,900] [INFO] [FIT] Final model saved to: Run_UNET_R3IID20%_fedWSOcompC64_20250704/Client1/model_final.pth
[2025-07-04 13:55:18,376] [INFO] [EVALUATE] Starting evaluation...
[2025-07-04 13:55:20,295] [INFO] [DEBUG] Loaded compressed decoded weights.
[2025-07-04 13:56:14,075] [INFO] Model initialized on device: cuda:0
[2025-07-04 13:56:14,099] [INFO] Model initialized on device: cuda:0
[2025-07-04 13:56:14,178] [INFO] Model initialized on device: cuda:0
[2025-07-04 13:56:14,228] [INFO] Model initialized on device: cuda:0
[2025-07-04 13:56:14,501] [INFO] Model initialized on device: cuda:0
[2025-07-04 13:56:14,674] [INFO] Model initialized on device: cuda:0
[2025-07-04 13:56:14,990] [INFO] Model initialized on device: cuda:0
[2025-07-04 13:56:15,175] [INFO] Model initialized on device: cuda:0
[2025-07-04 13:56:19,116] [DEBUG] [TEST] Batch 1 | Pred shape: torch.Size([256, 256, 160]) | Label shape: torch.Size([256, 256, 160])
[2025-07-04 13:56:19,820] [DEBUG] [TEST] Batch 2 | Pred shape: torch.Size([256, 256, 160]) | Label shape: torch.Size([256, 256, 160])
[2025-07-04 13:56:19,934] [DEBUG] [TEST] Batch 3 | Pred shape: torch.Size([256, 256, 160]) | Label shape: torch.Size([256, 256, 160])
[2025-07-04 13:56:20,576] [DEBUG] [TEST] Batch 4 | Pred shape: torch.Size([256, 256, 160]) | Label shape: torch.Size([256, 256, 160])
[2025-07-04 13:56:20,797] [DEBUG] [TEST] Batch 5 | Pred shape: torch.Size([256, 256, 160]) | Label shape: torch.Size([256, 256, 160])
[2025-07-04 13:56:20,900] [DEBUG] [TEST] Batch 6 | Pred shape: torch.Size([256, 256, 160]) | Label shape: torch.Size([256, 256, 160])
[2025-07-04 13:56:21,140] [DEBUG] [TEST] Batch 7 | Pred shape: torch.Size([256, 256, 160]) | Label shape: torch.Size([256, 256, 160])
[2025-07-04 13:56:21,392] [DEBUG] [TEST] Batch 8 | Pred shape: torch.Size([256, 256, 160]) | Label shape: torch.Size([256, 256, 160])
[2025-07-04 13:56:21,637] [DEBUG] [TEST] Batch 9 | Pred shape: torch.Size([256, 256, 160]) | Label shape: torch.Size([256, 256, 160])
[2025-07-04 13:56:21,969] [DEBUG] [TEST] Batch 10 | Pred shape: torch.Size([256, 256, 160]) | Label shape: torch.Size([256, 256, 160])
[2025-07-04 13:56:26,887] [INFO] [EVALUATE] Dice WT: 0.1420
[2025-07-04 13:56:31,625] [INFO] [FIT] Received parameters. Starting local training...
[2025-07-04 13:56:34,584] [INFO] [DEBUG] Loaded compressed decoded weights.
[2025-07-04 13:56:34,592] [ERROR] [MODEL PARAMETER ERROR] Layer model.1.submodule.1.submodule.1.submodule.1.submodule.conv.unit0.conv.bias corrupted: mean=-1.2043885000423415e-08, std=4.712893826308573e-07
[2025-07-04 13:56:34,593] [ERROR] [MODEL PARAMETER ERROR] Layer model.1.submodule.1.submodule.1.submodule.1.submodule.conv.unit1.conv.bias corrupted: mean=-3.896730405017479e-08, std=5.410127528193698e-07
[2025-07-04 13:57:28,274] [INFO] Model initialized on device: cuda:0
[2025-07-04 13:57:28,819] [INFO] Model initialized on device: cuda:0
[2025-07-04 13:57:28,881] [INFO] Model initialized on device: cuda:0
[2025-07-04 13:57:28,883] [INFO] Model initialized on device: cuda:0
[2025-07-04 13:57:29,089] [INFO] Model initialized on device: cuda:0
[2025-07-04 13:57:29,605] [INFO] Model initialized on device: cuda:0
[2025-07-04 13:57:29,676] [INFO] Model initialized on device: cuda:0
[2025-07-04 13:57:29,888] [INFO] Model initialized on device: cuda:0
[2025-07-04 13:58:34,864] [INFO] [TRAIN] Epoch 1 Loss: 0.9891
[2025-07-04 13:59:21,980] [INFO] Model initialized on device: cuda:0
[2025-07-04 13:59:22,453] [INFO] Model initialized on device: cuda:0
[2025-07-04 13:59:23,305] [INFO] Model initialized on device: cuda:0
[2025-07-04 13:59:23,305] [INFO] Model initialized on device: cuda:0
[2025-07-04 13:59:23,586] [INFO] Model initialized on device: cuda:0
[2025-07-04 13:59:23,770] [INFO] Model initialized on device: cuda:0
[2025-07-04 13:59:23,772] [INFO] Model initialized on device: cuda:0
[2025-07-04 13:59:23,799] [INFO] Model initialized on device: cuda:0
[2025-07-04 14:00:31,208] [INFO] [TRAIN] Epoch 2 Loss: 0.9887
[2025-07-04 14:01:19,182] [INFO] Model initialized on device: cuda:0
[2025-07-04 14:01:19,788] [INFO] Model initialized on device: cuda:0
[2025-07-04 14:01:20,183] [INFO] Model initialized on device: cuda:0
[2025-07-04 14:01:20,203] [INFO] Model initialized on device: cuda:0
[2025-07-04 14:01:20,285] [INFO] Model initialized on device: cuda:0
[2025-07-04 14:01:20,310] [INFO] Model initialized on device: cuda:0
[2025-07-04 14:01:20,370] [INFO] Model initialized on device: cuda:0
[2025-07-04 14:01:20,370] [INFO] Model initialized on device: cuda:0
[2025-07-04 14:02:29,280] [INFO] [TRAIN] Epoch 3 Loss: 0.9883
[2025-07-04 14:03:18,320] [INFO] Model initialized on device: cuda:0
[2025-07-04 14:03:18,523] [INFO] Model initialized on device: cuda:0
[2025-07-04 14:03:19,373] [INFO] Model initialized on device: cuda:0
[2025-07-04 14:03:19,374] [INFO] Model initialized on device: cuda:0
[2025-07-04 14:03:19,484] [INFO] Model initialized on device: cuda:0
[2025-07-04 14:03:19,780] [INFO] Model initialized on device: cuda:0
[2025-07-04 14:03:19,873] [INFO] Model initialized on device: cuda:0
[2025-07-04 14:03:19,879] [INFO] Model initialized on device: cuda:0
[2025-07-04 14:04:26,440] [INFO] [TRAIN] Epoch 4 Loss: 0.9880
[2025-07-04 14:05:16,352] [INFO] Model initialized on device: cuda:0
[2025-07-04 14:05:17,924] [INFO] Model initialized on device: cuda:0
[2025-07-04 14:05:18,287] [INFO] Model initialized on device: cuda:0
[2025-07-04 14:05:18,323] [INFO] Model initialized on device: cuda:0
[2025-07-04 14:05:18,773] [INFO] Model initialized on device: cuda:0
[2025-07-04 14:05:18,774] [INFO] Model initialized on device: cuda:0
[2025-07-04 14:05:18,774] [INFO] Model initialized on device: cuda:0
[2025-07-04 14:05:18,774] [INFO] Model initialized on device: cuda:0
[2025-07-04 14:06:22,606] [INFO] [TRAIN] Epoch 5 Loss: 0.9876
[2025-07-04 14:06:22,607] [INFO] [FIT] Local training finished. Avg Loss: 0.9883
[2025-07-04 14:06:56,418] [INFO] Model initialized on device: cuda:0
[2025-07-04 14:06:59,049] [INFO] Model initialized on device: cuda:0
[2025-07-04 14:07:03,544] [INFO] Model initialized on device: cuda:0
[2025-07-04 14:07:04,307] [INFO] Model initialized on device: cuda:0
[2025-07-04 14:07:05,162] [INFO] Model initialized on device: cuda:0
[2025-07-04 14:07:05,370] [INFO] Model initialized on device: cuda:0
[2025-07-04 14:07:05,595] [INFO] Model initialized on device: cuda:0
[2025-07-04 14:07:06,574] [INFO] Model initialized on device: cuda:0
[2025-07-04 14:07:08,322] [DEBUG] [TEST] Batch 1 | Pred shape: torch.Size([256, 256, 160]) | Label shape: torch.Size([256, 256, 160])
[2025-07-04 14:07:08,384] [DEBUG] [TEST] Batch 2 | Pred shape: torch.Size([256, 256, 160]) | Label shape: torch.Size([256, 256, 160])
[2025-07-04 14:07:08,475] [DEBUG] [TEST] Batch 3 | Pred shape: torch.Size([256, 256, 160]) | Label shape: torch.Size([256, 256, 160])
[2025-07-04 14:07:08,531] [DEBUG] [TEST] Batch 4 | Pred shape: torch.Size([256, 256, 160]) | Label shape: torch.Size([256, 256, 160])
[2025-07-04 14:07:08,587] [DEBUG] [TEST] Batch 5 | Pred shape: torch.Size([256, 256, 160]) | Label shape: torch.Size([256, 256, 160])
[2025-07-04 14:07:08,642] [DEBUG] [TEST] Batch 6 | Pred shape: torch.Size([256, 256, 160]) | Label shape: torch.Size([256, 256, 160])
[2025-07-04 14:07:10,013] [DEBUG] [TEST] Batch 7 | Pred shape: torch.Size([256, 256, 160]) | Label shape: torch.Size([256, 256, 160])
[2025-07-04 14:07:10,133] [DEBUG] [TEST] Batch 8 | Pred shape: torch.Size([256, 256, 160]) | Label shape: torch.Size([256, 256, 160])
[2025-07-04 14:07:10,958] [DEBUG] [TEST] Batch 9 | Pred shape: torch.Size([256, 256, 160]) | Label shape: torch.Size([256, 256, 160])
[2025-07-04 14:07:11,069] [DEBUG] [TEST] Batch 10 | Pred shape: torch.Size([256, 256, 160]) | Label shape: torch.Size([256, 256, 160])
[2025-07-04 14:07:13,658] [INFO] [FIT] Final model saved to: Run_UNET_R3IID20%_fedWSOcompC64_20250704/Client1/model_final.pth
[2025-07-04 14:08:13,725] [INFO] [EVALUATE] Starting evaluation...
[2025-07-04 14:08:16,473] [INFO] [DEBUG] Loaded compressed decoded weights.
[2025-07-04 14:09:08,841] [INFO] Model initialized on device: cuda:0
[2025-07-04 14:09:08,862] [INFO] Model initialized on device: cuda:0
[2025-07-04 14:09:09,574] [INFO] Model initialized on device: cuda:0
[2025-07-04 14:09:09,594] [INFO] Model initialized on device: cuda:0
[2025-07-04 14:09:09,691] [INFO] Model initialized on device: cuda:0
[2025-07-04 14:09:09,696] [INFO] Model initialized on device: cuda:0
[2025-07-04 14:09:09,784] [INFO] Model initialized on device: cuda:0
[2025-07-04 14:09:09,876] [INFO] Model initialized on device: cuda:0
[2025-07-04 14:09:14,752] [DEBUG] [TEST] Batch 1 | Pred shape: torch.Size([256, 256, 160]) | Label shape: torch.Size([256, 256, 160])
[2025-07-04 14:09:15,387] [DEBUG] [TEST] Batch 2 | Pred shape: torch.Size([256, 256, 160]) | Label shape: torch.Size([256, 256, 160])
[2025-07-04 14:09:15,616] [DEBUG] [TEST] Batch 3 | Pred shape: torch.Size([256, 256, 160]) | Label shape: torch.Size([256, 256, 160])
[2025-07-04 14:09:15,847] [DEBUG] [TEST] Batch 4 | Pred shape: torch.Size([256, 256, 160]) | Label shape: torch.Size([256, 256, 160])
[2025-07-04 14:09:16,070] [DEBUG] [TEST] Batch 5 | Pred shape: torch.Size([256, 256, 160]) | Label shape: torch.Size([256, 256, 160])
[2025-07-04 14:09:16,285] [DEBUG] [TEST] Batch 6 | Pred shape: torch.Size([256, 256, 160]) | Label shape: torch.Size([256, 256, 160])
[2025-07-04 14:09:16,468] [DEBUG] [TEST] Batch 7 | Pred shape: torch.Size([256, 256, 160]) | Label shape: torch.Size([256, 256, 160])
[2025-07-04 14:09:16,633] [DEBUG] [TEST] Batch 8 | Pred shape: torch.Size([256, 256, 160]) | Label shape: torch.Size([256, 256, 160])
[2025-07-04 14:09:16,830] [DEBUG] [TEST] Batch 9 | Pred shape: torch.Size([256, 256, 160]) | Label shape: torch.Size([256, 256, 160])
[2025-07-04 14:09:17,151] [DEBUG] [TEST] Batch 10 | Pred shape: torch.Size([256, 256, 160]) | Label shape: torch.Size([256, 256, 160])
[2025-07-04 14:09:23,491] [INFO] [EVALUATE] Dice WT: 0.2176
[2025-07-04 14:09:28,154] [INFO] [FIT] Received parameters. Starting local training...
[2025-07-04 14:09:32,573] [INFO] [DEBUG] Loaded compressed decoded weights.
[2025-07-04 14:09:32,580] [ERROR] [MODEL PARAMETER ERROR] Layer model.1.submodule.1.submodule.1.submodule.1.submodule.conv.unit0.conv.bias corrupted: mean=-2.831904311051403e-08, std=9.998403811550816e-07
[2025-07-04 14:10:18,777] [INFO] Model initialized on device: cuda:0
[2025-07-04 14:10:19,575] [INFO] Model initialized on device: cuda:0
[2025-07-04 14:10:19,679] [INFO] Model initialized on device: cuda:0
[2025-07-04 14:10:19,688] [INFO] Model initialized on device: cuda:0
[2025-07-04 14:10:19,970] [INFO] Model initialized on device: cuda:0
[2025-07-04 14:10:19,979] [INFO] Model initialized on device: cuda:0
[2025-07-04 14:10:19,985] [INFO] Model initialized on device: cuda:0
[2025-07-04 14:10:19,987] [INFO] Model initialized on device: cuda:0
[2025-07-04 14:11:26,379] [INFO] [TRAIN] Epoch 1 Loss: 0.9882
[2025-07-04 14:12:11,594] [INFO] Model initialized on device: cuda:0
[2025-07-04 14:12:13,424] [INFO] Model initialized on device: cuda:0
[2025-07-04 14:12:13,547] [INFO] Model initialized on device: cuda:0
[2025-07-04 14:12:13,549] [INFO] Model initialized on device: cuda:0
[2025-07-04 14:12:14,604] [INFO] Model initialized on device: cuda:0
[2025-07-04 14:12:14,898] [INFO] Model initialized on device: cuda:0
[2025-07-04 14:12:15,086] [INFO] Model initialized on device: cuda:0
[2025-07-04 14:12:15,092] [INFO] Model initialized on device: cuda:0
[2025-07-04 14:13:19,236] [INFO] [TRAIN] Epoch 2 Loss: 0.9877
[2025-07-04 14:14:08,401] [INFO] Model initialized on device: cuda:0
[2025-07-04 14:14:08,409] [INFO] Model initialized on device: cuda:0
[2025-07-04 14:14:08,418] [INFO] Model initialized on device: cuda:0
[2025-07-04 14:14:08,609] [INFO] Model initialized on device: cuda:0
[2025-07-04 14:14:08,671] [INFO] Model initialized on device: cuda:0
[2025-07-04 14:14:08,909] [INFO] Model initialized on device: cuda:0
[2025-07-04 14:14:08,910] [INFO] Model initialized on device: cuda:0
[2025-07-04 14:14:08,971] [INFO] Model initialized on device: cuda:0
[2025-07-04 14:15:14,008] [INFO] [TRAIN] Epoch 3 Loss: 0.9872
[2025-07-04 14:16:03,278] [INFO] Model initialized on device: cuda:0
[2025-07-04 14:16:04,023] [INFO] Model initialized on device: cuda:0
[2025-07-04 14:16:04,074] [INFO] Model initialized on device: cuda:0
[2025-07-04 14:16:04,298] [INFO] Model initialized on device: cuda:0
[2025-07-04 14:16:04,299] [INFO] Model initialized on device: cuda:0
[2025-07-04 14:16:04,300] [INFO] Model initialized on device: cuda:0
[2025-07-04 14:16:04,408] [INFO] Model initialized on device: cuda:0
[2025-07-04 14:16:04,674] [INFO] Model initialized on device: cuda:0
[2025-07-04 14:17:10,599] [INFO] [TRAIN] Epoch 4 Loss: 0.9867
[2025-07-04 14:17:54,544] [INFO] Model initialized on device: cuda:0
[2025-07-04 14:17:54,847] [INFO] Model initialized on device: cuda:0
[2025-07-04 14:17:54,939] [INFO] Model initialized on device: cuda:0
[2025-07-04 14:17:54,981] [INFO] Model initialized on device: cuda:0
[2025-07-04 14:17:55,288] [INFO] Model initialized on device: cuda:0
[2025-07-04 14:17:56,018] [INFO] Model initialized on device: cuda:0
[2025-07-04 14:17:56,173] [INFO] Model initialized on device: cuda:0
[2025-07-04 14:17:56,540] [INFO] Model initialized on device: cuda:0
[2025-07-04 14:18:57,046] [INFO] [TRAIN] Epoch 5 Loss: 0.9862
[2025-07-04 14:18:57,047] [INFO] [FIT] Local training finished. Avg Loss: 0.9872
[2025-07-04 14:19:40,906] [INFO] Model initialized on device: cuda:0
[2025-07-04 14:19:41,769] [INFO] Model initialized on device: cuda:0
[2025-07-04 14:19:42,500] [INFO] Model initialized on device: cuda:0
[2025-07-04 14:19:42,733] [INFO] Model initialized on device: cuda:0
[2025-07-04 14:19:42,798] [INFO] Model initialized on device: cuda:0
[2025-07-04 14:19:42,875] [INFO] Model initialized on device: cuda:0
[2025-07-04 14:19:43,572] [INFO] Model initialized on device: cuda:0
[2025-07-04 14:19:45,029] [DEBUG] [TEST] Batch 1 | Pred shape: torch.Size([256, 256, 160]) | Label shape: torch.Size([256, 256, 160])
[2025-07-04 14:19:45,089] [DEBUG] [TEST] Batch 2 | Pred shape: torch.Size([256, 256, 160]) | Label shape: torch.Size([256, 256, 160])
[2025-07-04 14:19:45,380] [INFO] Model initialized on device: cuda:0
[2025-07-04 14:19:46,147] [DEBUG] [TEST] Batch 3 | Pred shape: torch.Size([256, 256, 160]) | Label shape: torch.Size([256, 256, 160])
[2025-07-04 14:19:46,202] [DEBUG] [TEST] Batch 4 | Pred shape: torch.Size([256, 256, 160]) | Label shape: torch.Size([256, 256, 160])
[2025-07-04 14:19:46,294] [DEBUG] [TEST] Batch 5 | Pred shape: torch.Size([256, 256, 160]) | Label shape: torch.Size([256, 256, 160])
[2025-07-04 14:19:46,350] [DEBUG] [TEST] Batch 6 | Pred shape: torch.Size([256, 256, 160]) | Label shape: torch.Size([256, 256, 160])
[2025-07-04 14:19:47,853] [DEBUG] [TEST] Batch 7 | Pred shape: torch.Size([256, 256, 160]) | Label shape: torch.Size([256, 256, 160])
[2025-07-04 14:19:48,039] [DEBUG] [TEST] Batch 8 | Pred shape: torch.Size([256, 256, 160]) | Label shape: torch.Size([256, 256, 160])
[2025-07-04 14:19:48,231] [DEBUG] [TEST] Batch 9 | Pred shape: torch.Size([256, 256, 160]) | Label shape: torch.Size([256, 256, 160])
[2025-07-04 14:19:48,382] [DEBUG] [TEST] Batch 10 | Pred shape: torch.Size([256, 256, 160]) | Label shape: torch.Size([256, 256, 160])
[2025-07-04 14:19:52,155] [INFO] [FIT] Final model saved to: Run_UNET_R3IID20%_fedWSOcompC64_20250704/Client1/model_final.pth
[2025-07-04 14:20:58,124] [INFO] [EVALUATE] Starting evaluation...
[2025-07-04 14:21:01,072] [INFO] [DEBUG] Loaded compressed decoded weights.
[2025-07-04 14:21:53,285] [INFO] Model initialized on device: cuda:0
[2025-07-04 14:21:53,572] [INFO] Model initialized on device: cuda:0
[2025-07-04 14:21:53,623] [INFO] Model initialized on device: cuda:0
[2025-07-04 14:21:53,812] [INFO] Model initialized on device: cuda:0
[2025-07-04 14:21:53,871] [INFO] Model initialized on device: cuda:0
[2025-07-04 14:21:53,874] [INFO] Model initialized on device: cuda:0
[2025-07-04 14:21:53,998] [INFO] Model initialized on device: cuda:0
[2025-07-04 14:21:54,209] [INFO] Model initialized on device: cuda:0
[2025-07-04 14:21:59,385] [DEBUG] [TEST] Batch 1 | Pred shape: torch.Size([256, 256, 160]) | Label shape: torch.Size([256, 256, 160])
[2025-07-04 14:21:59,458] [DEBUG] [TEST] Batch 2 | Pred shape: torch.Size([256, 256, 160]) | Label shape: torch.Size([256, 256, 160])
[2025-07-04 14:21:59,613] [DEBUG] [TEST] Batch 3 | Pred shape: torch.Size([256, 256, 160]) | Label shape: torch.Size([256, 256, 160])
[2025-07-04 14:21:59,780] [DEBUG] [TEST] Batch 4 | Pred shape: torch.Size([256, 256, 160]) | Label shape: torch.Size([256, 256, 160])
[2025-07-04 14:22:00,001] [DEBUG] [TEST] Batch 5 | Pred shape: torch.Size([256, 256, 160]) | Label shape: torch.Size([256, 256, 160])
[2025-07-04 14:22:00,224] [DEBUG] [TEST] Batch 6 | Pred shape: torch.Size([256, 256, 160]) | Label shape: torch.Size([256, 256, 160])
[2025-07-04 14:22:00,445] [DEBUG] [TEST] Batch 7 | Pred shape: torch.Size([256, 256, 160]) | Label shape: torch.Size([256, 256, 160])
[2025-07-04 14:22:00,657] [DEBUG] [TEST] Batch 8 | Pred shape: torch.Size([256, 256, 160]) | Label shape: torch.Size([256, 256, 160])
[2025-07-04 14:22:01,460] [DEBUG] [TEST] Batch 9 | Pred shape: torch.Size([256, 256, 160]) | Label shape: torch.Size([256, 256, 160])
[2025-07-04 14:22:01,518] [DEBUG] [TEST] Batch 10 | Pred shape: torch.Size([256, 256, 160]) | Label shape: torch.Size([256, 256, 160])
[2025-07-04 14:22:07,863] [INFO] [EVALUATE] Dice WT: 0.2482
[2025-07-04 14:22:10,681] [INFO] [FIT] Received parameters. Starting local training...
[2025-07-04 14:22:13,682] [INFO] [DEBUG] Loaded compressed decoded weights.
[2025-07-04 14:22:13,688] [ERROR] [MODEL PARAMETER ERROR] Layer model.1.submodule.1.submodule.1.submodule.1.submodule.conv.unit0.conv.bias corrupted: mean=1.3388374853207097e-08, std=9.840857728704577e-07
[2025-07-04 14:23:02,788] [INFO] Model initialized on device: cuda:0
[2025-07-04 14:23:04,611] [INFO] Model initialized on device: cuda:0
[2025-07-04 14:23:04,638] [INFO] Model initialized on device: cuda:0
[2025-07-04 14:23:05,070] [INFO] Model initialized on device: cuda:0
[2025-07-04 14:23:05,276] [INFO] Model initialized on device: cuda:0
[2025-07-04 14:23:05,312] [INFO] Model initialized on device: cuda:0
[2025-07-04 14:23:05,674] [INFO] Model initialized on device: cuda:0
[2025-07-04 14:23:05,678] [INFO] Model initialized on device: cuda:0
[2025-07-04 14:24:15,500] [INFO] [TRAIN] Epoch 1 Loss: 0.9871
[2025-07-04 14:24:56,812] [INFO] Model initialized on device: cuda:0
[2025-07-04 14:24:57,022] [INFO] Model initialized on device: cuda:0
[2025-07-04 14:24:57,317] [INFO] Model initialized on device: cuda:0
[2025-07-04 14:24:57,513] [INFO] Model initialized on device: cuda:0
[2025-07-04 14:24:57,621] [INFO] Model initialized on device: cuda:0
[2025-07-04 14:24:57,773] [INFO] Model initialized on device: cuda:0
[2025-07-04 14:24:57,785] [INFO] Model initialized on device: cuda:0
[2025-07-04 14:24:57,814] [INFO] Model initialized on device: cuda:0
[2025-07-04 14:26:02,673] [INFO] [TRAIN] Epoch 2 Loss: 0.9864
[2025-07-04 14:26:39,873] [INFO] Model initialized on device: cuda:0
[2025-07-04 14:26:40,406] [INFO] Model initialized on device: cuda:0
[2025-07-04 14:26:40,985] [INFO] Model initialized on device: cuda:0
[2025-07-04 14:26:40,985] [INFO] Model initialized on device: cuda:0
[2025-07-04 14:26:41,006] [INFO] Model initialized on device: cuda:0
[2025-07-04 14:26:41,112] [INFO] Model initialized on device: cuda:0
[2025-07-04 14:26:41,112] [INFO] Model initialized on device: cuda:0
[2025-07-04 14:26:41,176] [INFO] Model initialized on device: cuda:0
[2025-07-04 14:27:40,181] [INFO] [TRAIN] Epoch 3 Loss: 0.9858
[2025-07-04 14:28:09,987] [INFO] Model initialized on device: cuda:0
[2025-07-04 14:28:10,377] [INFO] Model initialized on device: cuda:0
[2025-07-04 14:28:12,075] [INFO] Model initialized on device: cuda:0
[2025-07-04 14:28:12,379] [INFO] Model initialized on device: cuda:0
[2025-07-04 14:28:13,883] [INFO] Model initialized on device: cuda:0
[2025-07-04 14:28:13,901] [INFO] Model initialized on device: cuda:0
[2025-07-04 14:28:13,905] [INFO] Model initialized on device: cuda:0
[2025-07-04 14:28:13,971] [INFO] Model initialized on device: cuda:0
[2025-07-04 14:29:12,206] [INFO] [TRAIN] Epoch 4 Loss: 0.9852
[2025-07-04 14:29:45,712] [INFO] Model initialized on device: cuda:0
[2025-07-04 14:29:46,484] [INFO] Model initialized on device: cuda:0
[2025-07-04 14:29:49,093] [INFO] Model initialized on device: cuda:0
[2025-07-04 14:29:49,094] [INFO] Model initialized on device: cuda:0
[2025-07-04 14:29:49,297] [INFO] Model initialized on device: cuda:0
[2025-07-04 14:29:49,304] [INFO] Model initialized on device: cuda:0
[2025-07-04 14:29:49,398] [INFO] Model initialized on device: cuda:0
[2025-07-04 14:29:49,400] [INFO] Model initialized on device: cuda:0
[2025-07-04 14:30:46,108] [INFO] [TRAIN] Epoch 5 Loss: 0.9847
[2025-07-04 14:30:46,111] [INFO] [FIT] Local training finished. Avg Loss: 0.9858
[2025-07-04 14:31:17,779] [INFO] Model initialized on device: cuda:0
[2025-07-04 14:31:17,996] [INFO] Model initialized on device: cuda:0
[2025-07-04 14:31:18,072] [INFO] Model initialized on device: cuda:0
[2025-07-04 14:31:18,102] [INFO] Model initialized on device: cuda:0
[2025-07-04 14:31:18,104] [INFO] Model initialized on device: cuda:0
[2025-07-04 14:31:18,110] [INFO] Model initialized on device: cuda:0
[2025-07-04 14:31:18,110] [INFO] Model initialized on device: cuda:0
[2025-07-04 14:31:18,112] [INFO] Model initialized on device: cuda:0
[2025-07-04 14:31:21,371] [DEBUG] [TEST] Batch 1 | Pred shape: torch.Size([256, 256, 160]) | Label shape: torch.Size([256, 256, 160])
[2025-07-04 14:31:21,429] [DEBUG] [TEST] Batch 2 | Pred shape: torch.Size([256, 256, 160]) | Label shape: torch.Size([256, 256, 160])
[2025-07-04 14:31:21,487] [DEBUG] [TEST] Batch 3 | Pred shape: torch.Size([256, 256, 160]) | Label shape: torch.Size([256, 256, 160])
[2025-07-04 14:31:21,543] [DEBUG] [TEST] Batch 4 | Pred shape: torch.Size([256, 256, 160]) | Label shape: torch.Size([256, 256, 160])
[2025-07-04 14:31:21,599] [DEBUG] [TEST] Batch 5 | Pred shape: torch.Size([256, 256, 160]) | Label shape: torch.Size([256, 256, 160])
[2025-07-04 14:31:21,658] [DEBUG] [TEST] Batch 6 | Pred shape: torch.Size([256, 256, 160]) | Label shape: torch.Size([256, 256, 160])
[2025-07-04 14:31:21,717] [DEBUG] [TEST] Batch 7 | Pred shape: torch.Size([256, 256, 160]) | Label shape: torch.Size([256, 256, 160])
[2025-07-04 14:31:21,772] [DEBUG] [TEST] Batch 8 | Pred shape: torch.Size([256, 256, 160]) | Label shape: torch.Size([256, 256, 160])
[2025-07-04 14:31:23,266] [DEBUG] [TEST] Batch 9 | Pred shape: torch.Size([256, 256, 160]) | Label shape: torch.Size([256, 256, 160])
[2025-07-04 14:31:23,321] [DEBUG] [TEST] Batch 10 | Pred shape: torch.Size([256, 256, 160]) | Label shape: torch.Size([256, 256, 160])
[2025-07-04 14:31:25,815] [INFO] [FIT] Final model saved to: Run_UNET_R3IID20%_fedWSOcompC64_20250704/Client1/model_final.pth
[2025-07-04 14:32:25,039] [INFO] [EVALUATE] Starting evaluation...
[2025-07-04 14:32:26,983] [INFO] [DEBUG] Loaded compressed decoded weights.
[2025-07-04 14:33:16,318] [INFO] Model initialized on device: cuda:0
[2025-07-04 14:33:17,162] [INFO] Model initialized on device: cuda:0
[2025-07-04 14:33:17,202] [INFO] Model initialized on device: cuda:0
[2025-07-04 14:33:17,406] [INFO] Model initialized on device: cuda:0
[2025-07-04 14:33:17,608] [INFO] Model initialized on device: cuda:0
[2025-07-04 14:33:17,634] [INFO] Model initialized on device: cuda:0
[2025-07-04 14:33:17,731] [INFO] Model initialized on device: cuda:0
[2025-07-04 14:33:17,923] [INFO] Model initialized on device: cuda:0
[2025-07-04 14:33:21,216] [DEBUG] [TEST] Batch 1 | Pred shape: torch.Size([256, 256, 160]) | Label shape: torch.Size([256, 256, 160])
[2025-07-04 14:33:21,287] [DEBUG] [TEST] Batch 2 | Pred shape: torch.Size([256, 256, 160]) | Label shape: torch.Size([256, 256, 160])
[2025-07-04 14:33:21,402] [DEBUG] [TEST] Batch 3 | Pred shape: torch.Size([256, 256, 160]) | Label shape: torch.Size([256, 256, 160])
[2025-07-04 14:33:21,528] [DEBUG] [TEST] Batch 4 | Pred shape: torch.Size([256, 256, 160]) | Label shape: torch.Size([256, 256, 160])
[2025-07-04 14:33:21,684] [DEBUG] [TEST] Batch 5 | Pred shape: torch.Size([256, 256, 160]) | Label shape: torch.Size([256, 256, 160])
[2025-07-04 14:33:21,810] [DEBUG] [TEST] Batch 6 | Pred shape: torch.Size([256, 256, 160]) | Label shape: torch.Size([256, 256, 160])
[2025-07-04 14:33:21,973] [DEBUG] [TEST] Batch 7 | Pred shape: torch.Size([256, 256, 160]) | Label shape: torch.Size([256, 256, 160])
[2025-07-04 14:33:22,091] [DEBUG] [TEST] Batch 8 | Pred shape: torch.Size([256, 256, 160]) | Label shape: torch.Size([256, 256, 160])
[2025-07-04 14:33:23,977] [DEBUG] [TEST] Batch 9 | Pred shape: torch.Size([256, 256, 160]) | Label shape: torch.Size([256, 256, 160])
[2025-07-04 14:33:24,084] [DEBUG] [TEST] Batch 10 | Pred shape: torch.Size([256, 256, 160]) | Label shape: torch.Size([256, 256, 160])
[2025-07-04 14:33:28,012] [INFO] [EVALUATE] Dice WT: 0.2833
[2025-07-04 14:33:34,041] [INFO] [FIT] Received parameters. Starting local training...
[2025-07-04 14:33:39,184] [INFO] [DEBUG] Loaded compressed decoded weights.
[2025-07-04 14:34:28,073] [INFO] Model initialized on device: cuda:0
[2025-07-04 14:34:28,598] [INFO] Model initialized on device: cuda:0
[2025-07-04 14:34:28,700] [INFO] Model initialized on device: cuda:0
[2025-07-04 14:34:28,711] [INFO] Model initialized on device: cuda:0
[2025-07-04 14:34:29,075] [INFO] Model initialized on device: cuda:0
[2025-07-04 14:34:29,085] [INFO] Model initialized on device: cuda:0
[2025-07-04 14:34:29,275] [INFO] Model initialized on device: cuda:0
[2025-07-04 14:34:29,275] [INFO] Model initialized on device: cuda:0
[2025-07-04 14:35:32,504] [INFO] [TRAIN] Epoch 1 Loss: 0.9856
[2025-07-04 14:36:19,125] [INFO] Model initialized on device: cuda:0
[2025-07-04 14:36:19,171] [INFO] Model initialized on device: cuda:0
[2025-07-04 14:36:19,344] [INFO] Model initialized on device: cuda:0
[2025-07-04 14:36:19,403] [INFO] Model initialized on device: cuda:0
[2025-07-04 14:36:19,703] [INFO] Model initialized on device: cuda:0
[2025-07-04 14:36:19,888] [INFO] Model initialized on device: cuda:0
[2025-07-04 14:36:19,893] [INFO] Model initialized on device: cuda:0
[2025-07-04 14:36:20,097] [INFO] Model initialized on device: cuda:0
[2025-07-04 14:37:20,277] [INFO] [TRAIN] Epoch 2 Loss: 0.9849
[2025-07-04 14:37:58,427] [INFO] Model initialized on device: cuda:0
[2025-07-04 14:37:58,474] [INFO] Model initialized on device: cuda:0
[2025-07-04 14:37:58,529] [INFO] Model initialized on device: cuda:0
[2025-07-04 14:37:58,611] [INFO] Model initialized on device: cuda:0
[2025-07-04 14:37:58,675] [INFO] Model initialized on device: cuda:0
[2025-07-04 14:37:58,677] [INFO] Model initialized on device: cuda:0
[2025-07-04 14:37:58,700] [INFO] Model initialized on device: cuda:0
[2025-07-04 14:37:58,723] [INFO] Model initialized on device: cuda:0
[2025-07-04 14:38:54,176] [INFO] [TRAIN] Epoch 3 Loss: 0.9841
[2025-07-04 14:39:25,895] [INFO] Model initialized on device: cuda:0
[2025-07-04 14:39:25,998] [INFO] Model initialized on device: cuda:0
[2025-07-04 14:39:26,082] [INFO] Model initialized on device: cuda:0
[2025-07-04 14:39:26,084] [INFO] Model initialized on device: cuda:0
[2025-07-04 14:39:26,085] [INFO] Model initialized on device: cuda:0
[2025-07-04 14:39:26,101] [INFO] Model initialized on device: cuda:0
[2025-07-04 14:39:26,106] [INFO] Model initialized on device: cuda:0
[2025-07-04 14:39:26,107] [INFO] Model initialized on device: cuda:0
[2025-07-04 14:40:26,380] [INFO] [TRAIN] Epoch 4 Loss: 0.9834
[2025-07-04 14:40:54,635] [INFO] Model initialized on device: cuda:0
[2025-07-04 14:40:54,802] [INFO] Model initialized on device: cuda:0
[2025-07-04 14:40:54,871] [INFO] Model initialized on device: cuda:0
[2025-07-04 14:40:54,897] [INFO] Model initialized on device: cuda:0
[2025-07-04 14:40:54,977] [INFO] Model initialized on device: cuda:0
[2025-07-04 14:40:54,981] [INFO] Model initialized on device: cuda:0
[2025-07-04 14:40:54,992] [INFO] Model initialized on device: cuda:0
[2025-07-04 14:40:55,281] [INFO] Model initialized on device: cuda:0
[2025-07-04 14:41:59,878] [INFO] [TRAIN] Epoch 5 Loss: 0.9826
[2025-07-04 14:41:59,879] [INFO] [FIT] Local training finished. Avg Loss: 0.9841
[2025-07-04 14:42:34,808] [INFO] Model initialized on device: cuda:0
[2025-07-04 14:42:34,878] [INFO] Model initialized on device: cuda:0
[2025-07-04 14:42:34,974] [INFO] Model initialized on device: cuda:0
[2025-07-04 14:42:34,984] [INFO] Model initialized on device: cuda:0
[2025-07-04 14:42:35,382] [INFO] Model initialized on device: cuda:0
[2025-07-04 14:42:35,388] [INFO] Model initialized on device: cuda:0
[2025-07-04 14:42:35,403] [INFO] Model initialized on device: cuda:0
[2025-07-04 14:42:35,403] [INFO] Model initialized on device: cuda:0
[2025-07-04 14:42:40,718] [DEBUG] [TEST] Batch 1 | Pred shape: torch.Size([256, 256, 160]) | Label shape: torch.Size([256, 256, 160])
[2025-07-04 14:42:40,898] [DEBUG] [TEST] Batch 2 | Pred shape: torch.Size([256, 256, 160]) | Label shape: torch.Size([256, 256, 160])
[2025-07-04 14:42:40,981] [DEBUG] [TEST] Batch 3 | Pred shape: torch.Size([256, 256, 160]) | Label shape: torch.Size([256, 256, 160])
[2025-07-04 14:42:41,109] [DEBUG] [TEST] Batch 4 | Pred shape: torch.Size([256, 256, 160]) | Label shape: torch.Size([256, 256, 160])
[2025-07-04 14:42:41,494] [DEBUG] [TEST] Batch 5 | Pred shape: torch.Size([256, 256, 160]) | Label shape: torch.Size([256, 256, 160])
[2025-07-04 14:42:41,550] [DEBUG] [TEST] Batch 6 | Pred shape: torch.Size([256, 256, 160]) | Label shape: torch.Size([256, 256, 160])
[2025-07-04 14:42:41,618] [DEBUG] [TEST] Batch 7 | Pred shape: torch.Size([256, 256, 160]) | Label shape: torch.Size([256, 256, 160])
[2025-07-04 14:42:41,677] [DEBUG] [TEST] Batch 8 | Pred shape: torch.Size([256, 256, 160]) | Label shape: torch.Size([256, 256, 160])
[2025-07-04 14:42:43,059] [DEBUG] [TEST] Batch 9 | Pred shape: torch.Size([256, 256, 160]) | Label shape: torch.Size([256, 256, 160])
[2025-07-04 14:42:43,503] [DEBUG] [TEST] Batch 10 | Pred shape: torch.Size([256, 256, 160]) | Label shape: torch.Size([256, 256, 160])
[2025-07-04 14:42:48,260] [INFO] [FIT] Final model saved to: Run_UNET_R3IID20%_fedWSOcompC64_20250704/Client1/model_final.pth
[2025-07-04 14:43:55,808] [INFO] [EVALUATE] Starting evaluation...
[2025-07-04 14:43:58,587] [INFO] [DEBUG] Loaded compressed decoded weights.
[2025-07-04 14:44:49,851] [INFO] Model initialized on device: cuda:0
[2025-07-04 14:44:50,578] [INFO] Model initialized on device: cuda:0
[2025-07-04 14:44:50,779] [INFO] Model initialized on device: cuda:0
[2025-07-04 14:44:51,208] [INFO] Model initialized on device: cuda:0
[2025-07-04 14:44:51,270] [INFO] Model initialized on device: cuda:0
[2025-07-04 14:44:51,279] [INFO] Model initialized on device: cuda:0
[2025-07-04 14:44:51,308] [INFO] Model initialized on device: cuda:0
[2025-07-04 14:44:51,371] [INFO] Model initialized on device: cuda:0
[2025-07-04 14:44:56,660] [DEBUG] [TEST] Batch 1 | Pred shape: torch.Size([256, 256, 160]) | Label shape: torch.Size([256, 256, 160])
[2025-07-04 14:44:56,913] [DEBUG] [TEST] Batch 2 | Pred shape: torch.Size([256, 256, 160]) | Label shape: torch.Size([256, 256, 160])
[2025-07-04 14:44:57,162] [DEBUG] [TEST] Batch 3 | Pred shape: torch.Size([256, 256, 160]) | Label shape: torch.Size([256, 256, 160])
[2025-07-04 14:44:57,404] [DEBUG] [TEST] Batch 4 | Pred shape: torch.Size([256, 256, 160]) | Label shape: torch.Size([256, 256, 160])
[2025-07-04 14:44:57,641] [DEBUG] [TEST] Batch 5 | Pred shape: torch.Size([256, 256, 160]) | Label shape: torch.Size([256, 256, 160])
[2025-07-04 14:44:57,818] [DEBUG] [TEST] Batch 6 | Pred shape: torch.Size([256, 256, 160]) | Label shape: torch.Size([256, 256, 160])
[2025-07-04 14:44:57,943] [DEBUG] [TEST] Batch 7 | Pred shape: torch.Size([256, 256, 160]) | Label shape: torch.Size([256, 256, 160])
[2025-07-04 14:44:57,999] [DEBUG] [TEST] Batch 8 | Pred shape: torch.Size([256, 256, 160]) | Label shape: torch.Size([256, 256, 160])
[2025-07-04 14:44:58,275] [DEBUG] [TEST] Batch 9 | Pred shape: torch.Size([256, 256, 160]) | Label shape: torch.Size([256, 256, 160])
[2025-07-04 14:44:58,448] [DEBUG] [TEST] Batch 10 | Pred shape: torch.Size([256, 256, 160]) | Label shape: torch.Size([256, 256, 160])
[2025-07-04 14:45:04,388] [INFO] [EVALUATE] Dice WT: 0.2959
[2025-07-04 14:45:07,322] [INFO] [FIT] Received parameters. Starting local training...
[2025-07-04 14:45:09,285] [INFO] [DEBUG] Loaded compressed decoded weights.
[2025-07-04 14:45:09,291] [ERROR] [MODEL PARAMETER ERROR] Layer model.1.submodule.1.submodule.1.submodule.1.submodule.conv.unit0.conv.bias corrupted: mean=1.1584823766952468e-07, std=9.72813950284035e-07
[2025-07-04 14:46:02,641] [INFO] Model initialized on device: cuda:0
[2025-07-04 14:46:02,918] [INFO] Model initialized on device: cuda:0
[2025-07-04 14:46:03,301] [INFO] Model initialized on device: cuda:0
[2025-07-04 14:46:03,570] [INFO] Model initialized on device: cuda:0
[2025-07-04 14:46:03,570] [INFO] Model initialized on device: cuda:0
[2025-07-04 14:46:03,790] [INFO] Model initialized on device: cuda:0
[2025-07-04 14:46:04,470] [INFO] Model initialized on device: cuda:0
[2025-07-04 14:46:04,476] [INFO] Model initialized on device: cuda:0
[2025-07-04 14:47:07,503] [INFO] [TRAIN] Epoch 1 Loss: 0.9839
[2025-07-04 14:47:53,392] [INFO] Model initialized on device: cuda:0
[2025-07-04 14:47:54,273] [INFO] Model initialized on device: cuda:0
[2025-07-04 14:47:54,857] [INFO] Model initialized on device: cuda:0
[2025-07-04 14:47:54,868] [INFO] Model initialized on device: cuda:0
[2025-07-04 14:47:55,347] [INFO] Model initialized on device: cuda:0
[2025-07-04 14:47:55,348] [INFO] Model initialized on device: cuda:0
[2025-07-04 14:47:55,475] [INFO] Model initialized on device: cuda:0
[2025-07-04 14:47:55,506] [INFO] Model initialized on device: cuda:0
[2025-07-04 14:48:56,921] [INFO] [TRAIN] Epoch 2 Loss: 0.9829
[2025-07-04 14:49:34,843] [INFO] Model initialized on device: cuda:0
[2025-07-04 14:49:35,327] [INFO] Model initialized on device: cuda:0
[2025-07-04 14:49:35,796] [INFO] Model initialized on device: cuda:0
[2025-07-04 14:49:36,591] [INFO] Model initialized on device: cuda:0
[2025-07-04 14:49:36,810] [INFO] Model initialized on device: cuda:0
[2025-07-04 14:49:37,082] [INFO] Model initialized on device: cuda:0
[2025-07-04 14:49:37,185] [INFO] Model initialized on device: cuda:0
[2025-07-04 14:49:37,230] [INFO] Model initialized on device: cuda:0
[2025-07-04 14:50:37,475] [INFO] [TRAIN] Epoch 3 Loss: 0.9820
[2025-07-04 14:51:05,473] [INFO] Model initialized on device: cuda:0
[2025-07-04 14:51:09,278] [INFO] Model initialized on device: cuda:0
[2025-07-04 14:51:09,311] [INFO] Model initialized on device: cuda:0
[2025-07-04 14:51:09,574] [INFO] Model initialized on device: cuda:0
[2025-07-04 14:51:09,578] [INFO] Model initialized on device: cuda:0
[2025-07-04 14:51:09,580] [INFO] Model initialized on device: cuda:0
[2025-07-04 14:51:09,594] [INFO] Model initialized on device: cuda:0
[2025-07-04 14:51:09,676] [INFO] Model initialized on device: cuda:0
[2025-07-04 14:52:12,502] [INFO] [TRAIN] Epoch 4 Loss: 0.9812
[2025-07-04 14:52:45,589] [INFO] Model initialized on device: cuda:0
[2025-07-04 14:52:46,976] [INFO] Model initialized on device: cuda:0
[2025-07-04 14:52:47,702] [INFO] Model initialized on device: cuda:0
[2025-07-04 14:52:48,009] [INFO] Model initialized on device: cuda:0
[2025-07-04 14:52:48,009] [INFO] Model initialized on device: cuda:0
[2025-07-04 14:52:48,107] [INFO] Model initialized on device: cuda:0
[2025-07-04 14:52:48,108] [INFO] Model initialized on device: cuda:0
[2025-07-04 14:52:48,109] [INFO] Model initialized on device: cuda:0
[2025-07-04 14:53:51,078] [INFO] [TRAIN] Epoch 5 Loss: 0.9802
[2025-07-04 14:53:51,079] [INFO] [FIT] Local training finished. Avg Loss: 0.9820
[2025-07-04 14:54:18,573] [INFO] Model initialized on device: cuda:0
[2025-07-04 14:54:19,287] [INFO] Model initialized on device: cuda:0
[2025-07-04 14:54:21,712] [INFO] Model initialized on device: cuda:0
[2025-07-04 14:54:21,713] [INFO] Model initialized on device: cuda:0
[2025-07-04 14:54:21,721] [INFO] Model initialized on device: cuda:0
[2025-07-04 14:54:21,872] [INFO] Model initialized on device: cuda:0
[2025-07-04 14:54:22,694] [INFO] Model initialized on device: cuda:0
[2025-07-04 14:54:22,776] [INFO] Model initialized on device: cuda:0
[2025-07-04 14:54:25,507] [DEBUG] [TEST] Batch 1 | Pred shape: torch.Size([256, 256, 160]) | Label shape: torch.Size([256, 256, 160])
[2025-07-04 14:54:25,614] [DEBUG] [TEST] Batch 2 | Pred shape: torch.Size([256, 256, 160]) | Label shape: torch.Size([256, 256, 160])
[2025-07-04 14:54:25,705] [DEBUG] [TEST] Batch 3 | Pred shape: torch.Size([256, 256, 160]) | Label shape: torch.Size([256, 256, 160])
[2025-07-04 14:54:26,174] [DEBUG] [TEST] Batch 4 | Pred shape: torch.Size([256, 256, 160]) | Label shape: torch.Size([256, 256, 160])
[2025-07-04 14:54:26,274] [DEBUG] [TEST] Batch 5 | Pred shape: torch.Size([256, 256, 160]) | Label shape: torch.Size([256, 256, 160])
[2025-07-04 14:54:26,436] [DEBUG] [TEST] Batch 6 | Pred shape: torch.Size([256, 256, 160]) | Label shape: torch.Size([256, 256, 160])
[2025-07-04 14:54:26,578] [DEBUG] [TEST] Batch 7 | Pred shape: torch.Size([256, 256, 160]) | Label shape: torch.Size([256, 256, 160])
[2025-07-04 14:54:26,693] [DEBUG] [TEST] Batch 8 | Pred shape: torch.Size([256, 256, 160]) | Label shape: torch.Size([256, 256, 160])
[2025-07-04 14:54:28,782] [DEBUG] [TEST] Batch 9 | Pred shape: torch.Size([256, 256, 160]) | Label shape: torch.Size([256, 256, 160])
[2025-07-04 14:54:28,838] [DEBUG] [TEST] Batch 10 | Pred shape: torch.Size([256, 256, 160]) | Label shape: torch.Size([256, 256, 160])
[2025-07-04 14:54:31,684] [INFO] [FIT] Final model saved to: Run_UNET_R3IID20%_fedWSOcompC64_20250704/Client1/model_final.pth
[2025-07-04 14:55:38,345] [INFO] [EVALUATE] Starting evaluation...
[2025-07-04 14:55:41,085] [INFO] [DEBUG] Loaded compressed decoded weights.
[2025-07-04 14:56:32,651] [INFO] Model initialized on device: cuda:0
[2025-07-04 14:56:32,760] [INFO] Model initialized on device: cuda:0
[2025-07-04 14:56:33,220] [INFO] Model initialized on device: cuda:0
[2025-07-04 14:56:33,475] [INFO] Model initialized on device: cuda:0
[2025-07-04 14:56:33,477] [INFO] Model initialized on device: cuda:0
[2025-07-04 14:56:33,500] [INFO] Model initialized on device: cuda:0
[2025-07-04 14:56:33,774] [INFO] Model initialized on device: cuda:0
[2025-07-04 14:56:33,777] [INFO] Model initialized on device: cuda:0
[2025-07-04 14:56:36,881] [DEBUG] [TEST] Batch 1 | Pred shape: torch.Size([256, 256, 160]) | Label shape: torch.Size([256, 256, 160])
[2025-07-04 14:56:38,987] [DEBUG] [TEST] Batch 2 | Pred shape: torch.Size([256, 256, 160]) | Label shape: torch.Size([256, 256, 160])
[2025-07-04 14:56:39,169] [DEBUG] [TEST] Batch 3 | Pred shape: torch.Size([256, 256, 160]) | Label shape: torch.Size([256, 256, 160])
[2025-07-04 14:56:39,334] [DEBUG] [TEST] Batch 4 | Pred shape: torch.Size([256, 256, 160]) | Label shape: torch.Size([256, 256, 160])
[2025-07-04 14:56:39,493] [DEBUG] [TEST] Batch 5 | Pred shape: torch.Size([256, 256, 160]) | Label shape: torch.Size([256, 256, 160])
[2025-07-04 14:56:39,630] [DEBUG] [TEST] Batch 6 | Pred shape: torch.Size([256, 256, 160]) | Label shape: torch.Size([256, 256, 160])
[2025-07-04 14:56:39,797] [DEBUG] [TEST] Batch 7 | Pred shape: torch.Size([256, 256, 160]) | Label shape: torch.Size([256, 256, 160])
[2025-07-04 14:56:40,046] [DEBUG] [TEST] Batch 8 | Pred shape: torch.Size([256, 256, 160]) | Label shape: torch.Size([256, 256, 160])
[2025-07-04 14:56:40,301] [DEBUG] [TEST] Batch 9 | Pred shape: torch.Size([256, 256, 160]) | Label shape: torch.Size([256, 256, 160])
[2025-07-04 14:56:40,733] [DEBUG] [TEST] Batch 10 | Pred shape: torch.Size([256, 256, 160]) | Label shape: torch.Size([256, 256, 160])
[2025-07-04 14:56:45,108] [INFO] [EVALUATE] Dice WT: 0.3928
[2025-07-04 14:56:51,378] [INFO] [FIT] Received parameters. Starting local training...
[2025-07-04 14:56:56,184] [INFO] [DEBUG] Loaded compressed decoded weights.
[2025-07-04 14:57:45,011] [INFO] Model initialized on device: cuda:0
[2025-07-04 14:57:45,204] [INFO] Model initialized on device: cuda:0
[2025-07-04 14:57:45,777] [INFO] Model initialized on device: cuda:0
[2025-07-04 14:57:46,132] [INFO] Model initialized on device: cuda:0
[2025-07-04 14:57:46,287] [INFO] Model initialized on device: cuda:0
[2025-07-04 14:57:46,588] [INFO] Model initialized on device: cuda:0
[2025-07-04 14:57:46,884] [INFO] Model initialized on device: cuda:0
[2025-07-04 14:57:46,892] [INFO] Model initialized on device: cuda:0
[2025-07-04 14:58:50,423] [INFO] [TRAIN] Epoch 1 Loss: 0.9817
[2025-07-04 14:59:30,932] [INFO] Model initialized on device: cuda:0
[2025-07-04 14:59:36,976] [INFO] Model initialized on device: cuda:0
[2025-07-04 14:59:37,418] [INFO] Model initialized on device: cuda:0
[2025-07-04 14:59:37,481] [INFO] Model initialized on device: cuda:0
[2025-07-04 14:59:38,379] [INFO] Model initialized on device: cuda:0
[2025-07-04 14:59:38,579] [INFO] Model initialized on device: cuda:0
[2025-07-04 14:59:39,292] [INFO] Model initialized on device: cuda:0
[2025-07-04 14:59:39,701] [INFO] Model initialized on device: cuda:0
[2025-07-04 15:00:36,729] [INFO] [TRAIN] Epoch 2 Loss: 0.9805
[2025-07-04 15:01:04,298] [INFO] Model initialized on device: cuda:0
[2025-07-04 15:01:05,617] [INFO] Model initialized on device: cuda:0
[2025-07-04 15:01:05,882] [INFO] Model initialized on device: cuda:0
[2025-07-04 15:01:08,271] [INFO] Model initialized on device: cuda:0
[2025-07-04 15:01:08,295] [INFO] Model initialized on device: cuda:0
[2025-07-04 15:01:08,504] [INFO] Model initialized on device: cuda:0
[2025-07-04 15:01:08,513] [INFO] Model initialized on device: cuda:0
[2025-07-04 15:01:08,572] [INFO] Model initialized on device: cuda:0
[2025-07-04 15:02:05,578] [INFO] [TRAIN] Epoch 3 Loss: 0.9794
[2025-07-04 15:02:27,290] [INFO] Model initialized on device: cuda:0
[2025-07-04 15:02:27,870] [INFO] Model initialized on device: cuda:0
[2025-07-04 15:02:30,203] [INFO] Model initialized on device: cuda:0
[2025-07-04 15:02:30,683] [INFO] Model initialized on device: cuda:0
[2025-07-04 15:02:30,906] [INFO] Model initialized on device: cuda:0
[2025-07-04 15:02:31,105] [INFO] Model initialized on device: cuda:0
[2025-07-04 15:02:31,113] [INFO] Model initialized on device: cuda:0
[2025-07-04 15:02:31,184] [INFO] Model initialized on device: cuda:0
[2025-07-04 15:03:32,817] [INFO] [TRAIN] Epoch 4 Loss: 0.9784
[2025-07-04 15:03:54,203] [INFO] Model initialized on device: cuda:0
[2025-07-04 15:03:55,496] [INFO] Model initialized on device: cuda:0
[2025-07-04 15:03:58,473] [INFO] Model initialized on device: cuda:0
[2025-07-04 15:03:58,981] [INFO] Model initialized on device: cuda:0
[2025-07-04 15:03:59,016] [INFO] Model initialized on device: cuda:0
[2025-07-04 15:03:59,290] [INFO] Model initialized on device: cuda:0
[2025-07-04 15:03:59,290] [INFO] Model initialized on device: cuda:0
[2025-07-04 15:03:59,290] [INFO] Model initialized on device: cuda:0
[2025-07-04 15:04:59,377] [INFO] [TRAIN] Epoch 5 Loss: 0.9771
[2025-07-04 15:04:59,378] [INFO] [FIT] Local training finished. Avg Loss: 0.9794
[2025-07-04 15:05:20,091] [INFO] Model initialized on device: cuda:0
[2025-07-04 15:05:21,514] [INFO] Model initialized on device: cuda:0
[2025-07-04 15:05:24,296] [INFO] Model initialized on device: cuda:0
[2025-07-04 15:05:24,388] [INFO] Model initialized on device: cuda:0
[2025-07-04 15:05:24,388] [INFO] Model initialized on device: cuda:0
[2025-07-04 15:05:24,404] [INFO] Model initialized on device: cuda:0
[2025-07-04 15:05:24,406] [INFO] Model initialized on device: cuda:0
[2025-07-04 15:05:24,407] [INFO] Model initialized on device: cuda:0
[2025-07-04 15:05:25,277] [DEBUG] [TEST] Batch 1 | Pred shape: torch.Size([256, 256, 160]) | Label shape: torch.Size([256, 256, 160])
[2025-07-04 15:05:29,544] [DEBUG] [TEST] Batch 2 | Pred shape: torch.Size([256, 256, 160]) | Label shape: torch.Size([256, 256, 160])
[2025-07-04 15:05:29,782] [DEBUG] [TEST] Batch 3 | Pred shape: torch.Size([256, 256, 160]) | Label shape: torch.Size([256, 256, 160])
[2025-07-04 15:05:29,854] [DEBUG] [TEST] Batch 4 | Pred shape: torch.Size([256, 256, 160]) | Label shape: torch.Size([256, 256, 160])
[2025-07-04 15:05:29,918] [DEBUG] [TEST] Batch 5 | Pred shape: torch.Size([256, 256, 160]) | Label shape: torch.Size([256, 256, 160])
[2025-07-04 15:05:29,975] [DEBUG] [TEST] Batch 6 | Pred shape: torch.Size([256, 256, 160]) | Label shape: torch.Size([256, 256, 160])
[2025-07-04 15:05:30,030] [DEBUG] [TEST] Batch 7 | Pred shape: torch.Size([256, 256, 160]) | Label shape: torch.Size([256, 256, 160])
[2025-07-04 15:05:30,085] [DEBUG] [TEST] Batch 8 | Pred shape: torch.Size([256, 256, 160]) | Label shape: torch.Size([256, 256, 160])
[2025-07-04 15:05:30,140] [DEBUG] [TEST] Batch 9 | Pred shape: torch.Size([256, 256, 160]) | Label shape: torch.Size([256, 256, 160])
[2025-07-04 15:05:31,848] [DEBUG] [TEST] Batch 10 | Pred shape: torch.Size([256, 256, 160]) | Label shape: torch.Size([256, 256, 160])
[2025-07-04 15:05:35,237] [INFO] [FIT] Final model saved to: Run_UNET_R3IID20%_fedWSOcompC64_20250704/Client1/model_final.pth
[2025-07-04 15:06:52,332] [INFO] [EVALUATE] Starting evaluation...
[2025-07-04 15:06:55,480] [INFO] [DEBUG] Loaded compressed decoded weights.
[2025-07-04 15:07:45,842] [INFO] Model initialized on device: cuda:0
[2025-07-04 15:07:45,902] [INFO] Model initialized on device: cuda:0
[2025-07-04 15:07:45,947] [INFO] Model initialized on device: cuda:0
[2025-07-04 15:07:46,494] [INFO] Model initialized on device: cuda:0
[2025-07-04 15:07:46,495] [INFO] Model initialized on device: cuda:0
[2025-07-04 15:07:47,084] [INFO] Model initialized on device: cuda:0
[2025-07-04 15:07:47,188] [INFO] Model initialized on device: cuda:0
[2025-07-04 15:07:47,213] [INFO] Model initialized on device: cuda:0
[2025-07-04 15:07:50,581] [DEBUG] [TEST] Batch 1 | Pred shape: torch.Size([256, 256, 160]) | Label shape: torch.Size([256, 256, 160])
[2025-07-04 15:07:52,363] [DEBUG] [TEST] Batch 2 | Pred shape: torch.Size([256, 256, 160]) | Label shape: torch.Size([256, 256, 160])
[2025-07-04 15:07:52,601] [DEBUG] [TEST] Batch 3 | Pred shape: torch.Size([256, 256, 160]) | Label shape: torch.Size([256, 256, 160])
[2025-07-04 15:07:52,832] [DEBUG] [TEST] Batch 4 | Pred shape: torch.Size([256, 256, 160]) | Label shape: torch.Size([256, 256, 160])
[2025-07-04 15:07:53,073] [DEBUG] [TEST] Batch 5 | Pred shape: torch.Size([256, 256, 160]) | Label shape: torch.Size([256, 256, 160])
[2025-07-04 15:07:53,258] [DEBUG] [TEST] Batch 6 | Pred shape: torch.Size([256, 256, 160]) | Label shape: torch.Size([256, 256, 160])
[2025-07-04 15:07:53,420] [DEBUG] [TEST] Batch 7 | Pred shape: torch.Size([256, 256, 160]) | Label shape: torch.Size([256, 256, 160])
[2025-07-04 15:07:53,612] [DEBUG] [TEST] Batch 8 | Pred shape: torch.Size([256, 256, 160]) | Label shape: torch.Size([256, 256, 160])
[2025-07-04 15:07:53,783] [DEBUG] [TEST] Batch 9 | Pred shape: torch.Size([256, 256, 160]) | Label shape: torch.Size([256, 256, 160])
[2025-07-04 15:07:54,324] [DEBUG] [TEST] Batch 10 | Pred shape: torch.Size([256, 256, 160]) | Label shape: torch.Size([256, 256, 160])
[2025-07-04 15:07:59,736] [INFO] [EVALUATE] Dice WT: 0.5178
[2025-07-04 15:08:02,659] [INFO] [FIT] Received parameters. Starting local training...
[2025-07-04 15:08:04,484] [INFO] [DEBUG] Loaded compressed decoded weights.
[2025-07-04 15:08:57,748] [INFO] Model initialized on device: cuda:0
[2025-07-04 15:08:58,270] [INFO] Model initialized on device: cuda:0
[2025-07-04 15:08:58,289] [INFO] Model initialized on device: cuda:0
[2025-07-04 15:08:58,313] [INFO] Model initialized on device: cuda:0
[2025-07-04 15:08:58,590] [INFO] Model initialized on device: cuda:0
[2025-07-04 15:08:58,596] [INFO] Model initialized on device: cuda:0
[2025-07-04 15:08:58,901] [INFO] Model initialized on device: cuda:0
[2025-07-04 15:08:58,910] [INFO] Model initialized on device: cuda:0
[2025-07-04 15:10:05,406] [INFO] [TRAIN] Epoch 1 Loss: 0.9791
[2025-07-04 15:10:54,107] [INFO] Model initialized on device: cuda:0
[2025-07-04 15:10:54,408] [INFO] Model initialized on device: cuda:0
[2025-07-04 15:10:54,471] [INFO] Model initialized on device: cuda:0
[2025-07-04 15:10:54,518] [INFO] Model initialized on device: cuda:0
[2025-07-04 15:10:54,680] [INFO] Model initialized on device: cuda:0
[2025-07-04 15:10:54,780] [INFO] Model initialized on device: cuda:0
[2025-07-04 15:10:55,074] [INFO] Model initialized on device: cuda:0
[2025-07-04 15:10:55,214] [INFO] Model initialized on device: cuda:0
[2025-07-04 15:11:54,307] [INFO] [TRAIN] Epoch 2 Loss: 0.9778
[2025-07-04 15:12:24,799] [INFO] Model initialized on device: cuda:0
[2025-07-04 15:12:27,205] [INFO] Model initialized on device: cuda:0
[2025-07-04 15:12:27,890] [INFO] Model initialized on device: cuda:0
[2025-07-04 15:12:29,494] [INFO] Model initialized on device: cuda:0
[2025-07-04 15:12:29,673] [INFO] Model initialized on device: cuda:0
[2025-07-04 15:12:29,800] [INFO] Model initialized on device: cuda:0
[2025-07-04 15:12:31,572] [INFO] Model initialized on device: cuda:0
[2025-07-04 15:12:31,593] [INFO] Model initialized on device: cuda:0
[2025-07-04 15:13:32,725] [INFO] [TRAIN] Epoch 3 Loss: 0.9764
[2025-07-04 15:13:58,779] [INFO] Model initialized on device: cuda:0
[2025-07-04 15:14:00,108] [INFO] Model initialized on device: cuda:0
[2025-07-04 15:14:01,311] [INFO] Model initialized on device: cuda:0
[2025-07-04 15:14:02,392] [INFO] Model initialized on device: cuda:0
[2025-07-04 15:14:03,880] [INFO] Model initialized on device: cuda:0
[2025-07-04 15:14:03,974] [INFO] Model initialized on device: cuda:0
[2025-07-04 15:14:03,988] [INFO] Model initialized on device: cuda:0
[2025-07-04 15:14:03,993] [INFO] Model initialized on device: cuda:0
[2025-07-04 15:15:03,722] [INFO] [TRAIN] Epoch 4 Loss: 0.9750
[2025-07-04 15:15:25,242] [INFO] Model initialized on device: cuda:0
[2025-07-04 15:15:26,310] [INFO] Model initialized on device: cuda:0
[2025-07-04 15:15:27,216] [INFO] Model initialized on device: cuda:0
[2025-07-04 15:15:29,976] [INFO] Model initialized on device: cuda:0
[2025-07-04 15:15:30,072] [INFO] Model initialized on device: cuda:0
[2025-07-04 15:15:30,084] [INFO] Model initialized on device: cuda:0
[2025-07-04 15:15:30,098] [INFO] Model initialized on device: cuda:0
[2025-07-04 15:15:30,170] [INFO] Model initialized on device: cuda:0
[2025-07-04 15:16:31,978] [INFO] [TRAIN] Epoch 5 Loss: 0.9736
[2025-07-04 15:16:31,980] [INFO] [FIT] Local training finished. Avg Loss: 0.9764
[2025-07-04 15:16:59,073] [INFO] Model initialized on device: cuda:0
[2025-07-04 15:17:00,118] [INFO] Model initialized on device: cuda:0
[2025-07-04 15:17:00,173] [INFO] Model initialized on device: cuda:0
[2025-07-04 15:17:00,290] [INFO] Model initialized on device: cuda:0
[2025-07-04 15:17:00,303] [INFO] Model initialized on device: cuda:0
[2025-07-04 15:17:00,502] [INFO] Model initialized on device: cuda:0
[2025-07-04 15:17:00,673] [INFO] Model initialized on device: cuda:0
[2025-07-04 15:17:00,683] [INFO] Model initialized on device: cuda:0
[2025-07-04 15:17:04,422] [DEBUG] [TEST] Batch 1 | Pred shape: torch.Size([256, 256, 160]) | Label shape: torch.Size([256, 256, 160])
[2025-07-04 15:17:04,617] [DEBUG] [TEST] Batch 2 | Pred shape: torch.Size([256, 256, 160]) | Label shape: torch.Size([256, 256, 160])
[2025-07-04 15:17:05,339] [DEBUG] [TEST] Batch 3 | Pred shape: torch.Size([256, 256, 160]) | Label shape: torch.Size([256, 256, 160])
[2025-07-04 15:17:05,489] [DEBUG] [TEST] Batch 4 | Pred shape: torch.Size([256, 256, 160]) | Label shape: torch.Size([256, 256, 160])
[2025-07-04 15:17:05,544] [DEBUG] [TEST] Batch 5 | Pred shape: torch.Size([256, 256, 160]) | Label shape: torch.Size([256, 256, 160])
[2025-07-04 15:17:05,618] [DEBUG] [TEST] Batch 6 | Pred shape: torch.Size([256, 256, 160]) | Label shape: torch.Size([256, 256, 160])
[2025-07-04 15:17:05,676] [DEBUG] [TEST] Batch 7 | Pred shape: torch.Size([256, 256, 160]) | Label shape: torch.Size([256, 256, 160])
[2025-07-04 15:17:05,732] [DEBUG] [TEST] Batch 8 | Pred shape: torch.Size([256, 256, 160]) | Label shape: torch.Size([256, 256, 160])
[2025-07-04 15:17:07,535] [DEBUG] [TEST] Batch 9 | Pred shape: torch.Size([256, 256, 160]) | Label shape: torch.Size([256, 256, 160])
[2025-07-04 15:17:07,590] [DEBUG] [TEST] Batch 10 | Pred shape: torch.Size([256, 256, 160]) | Label shape: torch.Size([256, 256, 160])
[2025-07-04 15:17:11,649] [INFO] [FIT] Final model saved to: Run_UNET_R3IID20%_fedWSOcompC64_20250704/Client1/model_final.pth
[2025-07-04 15:18:28,459] [INFO] [EVALUATE] Starting evaluation...
[2025-07-04 15:18:33,884] [INFO] [DEBUG] Loaded compressed decoded weights.
[2025-07-04 15:19:22,321] [INFO] Model initialized on device: cuda:0
[2025-07-04 15:19:22,381] [INFO] Model initialized on device: cuda:0
[2025-07-04 15:19:22,623] [INFO] Model initialized on device: cuda:0
[2025-07-04 15:19:22,829] [INFO] Model initialized on device: cuda:0
[2025-07-04 15:19:22,877] [INFO] Model initialized on device: cuda:0
[2025-07-04 15:19:23,000] [INFO] Model initialized on device: cuda:0
[2025-07-04 15:19:23,309] [INFO] Model initialized on device: cuda:0
[2025-07-04 15:19:23,595] [INFO] Model initialized on device: cuda:0
[2025-07-04 15:19:28,278] [DEBUG] [TEST] Batch 1 | Pred shape: torch.Size([256, 256, 160]) | Label shape: torch.Size([256, 256, 160])
[2025-07-04 15:19:28,349] [DEBUG] [TEST] Batch 2 | Pred shape: torch.Size([256, 256, 160]) | Label shape: torch.Size([256, 256, 160])
[2025-07-04 15:19:28,411] [DEBUG] [TEST] Batch 3 | Pred shape: torch.Size([256, 256, 160]) | Label shape: torch.Size([256, 256, 160])
[2025-07-04 15:19:28,565] [DEBUG] [TEST] Batch 4 | Pred shape: torch.Size([256, 256, 160]) | Label shape: torch.Size([256, 256, 160])
[2025-07-04 15:19:28,791] [DEBUG] [TEST] Batch 5 | Pred shape: torch.Size([256, 256, 160]) | Label shape: torch.Size([256, 256, 160])
[2025-07-04 15:19:29,011] [DEBUG] [TEST] Batch 6 | Pred shape: torch.Size([256, 256, 160]) | Label shape: torch.Size([256, 256, 160])
[2025-07-04 15:19:29,239] [DEBUG] [TEST] Batch 7 | Pred shape: torch.Size([256, 256, 160]) | Label shape: torch.Size([256, 256, 160])
[2025-07-04 15:19:29,455] [DEBUG] [TEST] Batch 8 | Pred shape: torch.Size([256, 256, 160]) | Label shape: torch.Size([256, 256, 160])
[2025-07-04 15:19:30,263] [DEBUG] [TEST] Batch 9 | Pred shape: torch.Size([256, 256, 160]) | Label shape: torch.Size([256, 256, 160])
[2025-07-04 15:19:30,320] [DEBUG] [TEST] Batch 10 | Pred shape: torch.Size([256, 256, 160]) | Label shape: torch.Size([256, 256, 160])
[2025-07-04 15:19:35,443] [INFO] [EVALUATE] Dice WT: 0.4738
[2025-07-04 15:19:40,378] [INFO] [FIT] Received parameters. Starting local training...
[2025-07-04 15:19:42,781] [INFO] [DEBUG] Loaded compressed decoded weights.
[2025-07-04 15:20:25,207] [INFO] Model initialized on device: cuda:0
[2025-07-04 15:20:30,960] [INFO] Model initialized on device: cuda:0
[2025-07-04 15:20:31,109] [INFO] Model initialized on device: cuda:0
[2025-07-04 15:20:31,726] [INFO] Model initialized on device: cuda:0
[2025-07-04 15:20:33,789] [INFO] Model initialized on device: cuda:0
[2025-07-04 15:20:33,792] [INFO] Model initialized on device: cuda:0
[2025-07-04 15:20:34,270] [INFO] Model initialized on device: cuda:0
[2025-07-04 15:20:34,277] [INFO] Model initialized on device: cuda:0
[2025-07-04 15:21:40,978] [INFO] [TRAIN] Epoch 1 Loss: 0.9762
[2025-07-04 15:22:15,201] [INFO] Model initialized on device: cuda:0
[2025-07-04 15:22:16,873] [INFO] Model initialized on device: cuda:0
[2025-07-04 15:22:17,798] [INFO] Model initialized on device: cuda:0
[2025-07-04 15:22:18,072] [INFO] Model initialized on device: cuda:0
[2025-07-04 15:22:23,974] [INFO] Model initialized on device: cuda:0
[2025-07-04 15:22:25,682] [INFO] Model initialized on device: cuda:0
[2025-07-04 15:22:25,773] [INFO] Model initialized on device: cuda:0
[2025-07-04 15:22:26,307] [INFO] Model initialized on device: cuda:0
[2025-07-04 15:23:28,520] [INFO] [TRAIN] Epoch 2 Loss: 0.9742
[2025-07-04 15:23:54,879] [INFO] Model initialized on device: cuda:0
[2025-07-04 15:23:55,579] [INFO] Model initialized on device: cuda:0
[2025-07-04 15:24:05,075] [INFO] Model initialized on device: cuda:0
[2025-07-04 15:24:06,884] [INFO] Model initialized on device: cuda:0
[2025-07-04 15:24:07,076] [INFO] Model initialized on device: cuda:0
[2025-07-04 15:24:07,919] [INFO] Model initialized on device: cuda:0
[2025-07-04 15:24:07,983] [INFO] Model initialized on device: cuda:0
[2025-07-04 15:24:07,984] [INFO] Model initialized on device: cuda:0
[2025-07-04 15:25:06,596] [INFO] [TRAIN] Epoch 3 Loss: 0.9725
[2025-07-04 15:25:36,378] [INFO] Model initialized on device: cuda:0
[2025-07-04 15:25:37,512] [INFO] Model initialized on device: cuda:0
[2025-07-04 15:25:38,174] [INFO] Model initialized on device: cuda:0
[2025-07-04 15:25:46,377] [INFO] Model initialized on device: cuda:0
[2025-07-04 15:25:46,383] [INFO] Model initialized on device: cuda:0
[2025-07-04 15:25:46,808] [INFO] Model initialized on device: cuda:0
[2025-07-04 15:25:47,304] [INFO] Model initialized on device: cuda:0
[2025-07-04 15:25:47,379] [INFO] Model initialized on device: cuda:0
[2025-07-04 15:26:42,175] [INFO] [TRAIN] Epoch 4 Loss: 0.9708
[2025-07-04 15:27:06,372] [INFO] Model initialized on device: cuda:0
[2025-07-04 15:27:07,173] [INFO] Model initialized on device: cuda:0
[2025-07-04 15:27:10,274] [INFO] Model initialized on device: cuda:0
[2025-07-04 15:27:10,499] [INFO] Model initialized on device: cuda:0
[2025-07-04 15:27:10,702] [INFO] Model initialized on device: cuda:0
[2025-07-04 15:27:10,718] [INFO] Model initialized on device: cuda:0
[2025-07-04 15:27:12,197] [INFO] Model initialized on device: cuda:0
[2025-07-04 15:27:12,574] [INFO] Model initialized on device: cuda:0
[2025-07-04 15:28:09,899] [INFO] [TRAIN] Epoch 5 Loss: 0.9688
[2025-07-04 15:28:09,901] [INFO] [FIT] Local training finished. Avg Loss: 0.9725
[2025-07-04 15:28:31,888] [INFO] Model initialized on device: cuda:0
[2025-07-04 15:28:32,822] [INFO] Model initialized on device: cuda:0
[2025-07-04 15:28:35,694] [DEBUG] [TEST] Batch 1 | Pred shape: torch.Size([256, 256, 160]) | Label shape: torch.Size([256, 256, 160])
[2025-07-04 15:28:36,504] [INFO] Model initialized on device: cuda:0
[2025-07-04 15:28:36,852] [INFO] Model initialized on device: cuda:0
[2025-07-04 15:28:36,911] [INFO] Model initialized on device: cuda:0
[2025-07-04 15:28:36,919] [INFO] Model initialized on device: cuda:0
[2025-07-04 15:28:36,976] [INFO] Model initialized on device: cuda:0
[2025-07-04 15:28:36,976] [INFO] Model initialized on device: cuda:0
[2025-07-04 15:28:39,904] [DEBUG] [TEST] Batch 2 | Pred shape: torch.Size([256, 256, 160]) | Label shape: torch.Size([256, 256, 160])
[2025-07-04 15:28:39,961] [DEBUG] [TEST] Batch 3 | Pred shape: torch.Size([256, 256, 160]) | Label shape: torch.Size([256, 256, 160])
[2025-07-04 15:28:40,127] [DEBUG] [TEST] Batch 4 | Pred shape: torch.Size([256, 256, 160]) | Label shape: torch.Size([256, 256, 160])
[2025-07-04 15:28:40,183] [DEBUG] [TEST] Batch 5 | Pred shape: torch.Size([256, 256, 160]) | Label shape: torch.Size([256, 256, 160])
[2025-07-04 15:28:40,239] [DEBUG] [TEST] Batch 6 | Pred shape: torch.Size([256, 256, 160]) | Label shape: torch.Size([256, 256, 160])
[2025-07-04 15:28:40,294] [DEBUG] [TEST] Batch 7 | Pred shape: torch.Size([256, 256, 160]) | Label shape: torch.Size([256, 256, 160])
[2025-07-04 15:28:40,349] [DEBUG] [TEST] Batch 8 | Pred shape: torch.Size([256, 256, 160]) | Label shape: torch.Size([256, 256, 160])
[2025-07-04 15:28:40,404] [DEBUG] [TEST] Batch 9 | Pred shape: torch.Size([256, 256, 160]) | Label shape: torch.Size([256, 256, 160])
[2025-07-04 15:28:42,043] [DEBUG] [TEST] Batch 10 | Pred shape: torch.Size([256, 256, 160]) | Label shape: torch.Size([256, 256, 160])
[2025-07-04 15:28:44,377] [INFO] [FIT] Final model saved to: Run_UNET_R3IID20%_fedWSOcompC64_20250704/Client1/model_final.pth
[2025-07-04 15:29:46,875] [INFO] [EVALUATE] Starting evaluation...
[2025-07-04 15:29:49,385] [INFO] [DEBUG] Loaded compressed decoded weights.
[2025-07-04 15:30:34,859] [INFO] Model initialized on device: cuda:0
[2025-07-04 15:30:35,017] [INFO] Model initialized on device: cuda:0
[2025-07-04 15:30:35,096] [INFO] Model initialized on device: cuda:0
[2025-07-04 15:30:35,832] [INFO] Model initialized on device: cuda:0
[2025-07-04 15:30:35,996] [INFO] Model initialized on device: cuda:0
[2025-07-04 15:30:36,010] [INFO] Model initialized on device: cuda:0
[2025-07-04 15:30:36,191] [INFO] Model initialized on device: cuda:0
[2025-07-04 15:30:36,426] [INFO] Model initialized on device: cuda:0
[2025-07-04 15:30:38,129] [DEBUG] [TEST] Batch 1 | Pred shape: torch.Size([256, 256, 160]) | Label shape: torch.Size([256, 256, 160])
[2025-07-04 15:30:39,251] [DEBUG] [TEST] Batch 2 | Pred shape: torch.Size([256, 256, 160]) | Label shape: torch.Size([256, 256, 160])
[2025-07-04 15:30:39,615] [DEBUG] [TEST] Batch 3 | Pred shape: torch.Size([256, 256, 160]) | Label shape: torch.Size([256, 256, 160])
[2025-07-04 15:30:39,792] [DEBUG] [TEST] Batch 4 | Pred shape: torch.Size([256, 256, 160]) | Label shape: torch.Size([256, 256, 160])
[2025-07-04 15:30:39,877] [DEBUG] [TEST] Batch 5 | Pred shape: torch.Size([256, 256, 160]) | Label shape: torch.Size([256, 256, 160])
[2025-07-04 15:30:39,946] [DEBUG] [TEST] Batch 6 | Pred shape: torch.Size([256, 256, 160]) | Label shape: torch.Size([256, 256, 160])
[2025-07-04 15:30:40,002] [DEBUG] [TEST] Batch 7 | Pred shape: torch.Size([256, 256, 160]) | Label shape: torch.Size([256, 256, 160])
[2025-07-04 15:30:40,077] [DEBUG] [TEST] Batch 8 | Pred shape: torch.Size([256, 256, 160]) | Label shape: torch.Size([256, 256, 160])
[2025-07-04 15:30:40,991] [DEBUG] [TEST] Batch 9 | Pred shape: torch.Size([256, 256, 160]) | Label shape: torch.Size([256, 256, 160])
[2025-07-04 15:30:41,626] [DEBUG] [TEST] Batch 10 | Pred shape: torch.Size([256, 256, 160]) | Label shape: torch.Size([256, 256, 160])
[2025-07-04 15:30:45,825] [INFO] [EVALUATE] Dice WT: 0.5697
[2025-07-04 15:30:55,455] [INFO] [FIT] Received parameters. Starting local training...
[2025-07-04 15:30:58,677] [INFO] [DEBUG] Loaded compressed decoded weights.
[2025-07-04 15:31:47,399] [INFO] Model initialized on device: cuda:0
[2025-07-04 15:31:48,297] [INFO] Model initialized on device: cuda:0
[2025-07-04 15:31:48,297] [INFO] Model initialized on device: cuda:0
[2025-07-04 15:31:48,410] [INFO] Model initialized on device: cuda:0
[2025-07-04 15:31:48,470] [INFO] Model initialized on device: cuda:0
[2025-07-04 15:31:48,475] [INFO] Model initialized on device: cuda:0
[2025-07-04 15:31:48,485] [INFO] Model initialized on device: cuda:0
[2025-07-04 15:31:48,491] [INFO] Model initialized on device: cuda:0
[2025-07-04 15:32:50,726] [INFO] [TRAIN] Epoch 1 Loss: 0.9721
[2025-07-04 15:33:34,173] [INFO] Model initialized on device: cuda:0
[2025-07-04 15:33:34,373] [INFO] Model initialized on device: cuda:0
[2025-07-04 15:33:34,414] [INFO] Model initialized on device: cuda:0
[2025-07-04 15:33:34,490] [INFO] Model initialized on device: cuda:0
[2025-07-04 15:33:34,496] [INFO] Model initialized on device: cuda:0
[2025-07-04 15:33:34,496] [INFO] Model initialized on device: cuda:0
[2025-07-04 15:33:34,497] [INFO] Model initialized on device: cuda:0
[2025-07-04 15:33:34,499] [INFO] Model initialized on device: cuda:0
[2025-07-04 15:34:34,579] [INFO] [TRAIN] Epoch 2 Loss: 0.9698
[2025-07-04 15:35:04,072] [INFO] Model initialized on device: cuda:0
[2025-07-04 15:35:06,106] [INFO] Model initialized on device: cuda:0
[2025-07-04 15:35:11,278] [INFO] Model initialized on device: cuda:0
[2025-07-04 15:35:11,278] [INFO] Model initialized on device: cuda:0
[2025-07-04 15:35:11,385] [INFO] Model initialized on device: cuda:0
[2025-07-04 15:35:11,695] [INFO] Model initialized on device: cuda:0
[2025-07-04 15:35:12,098] [INFO] Model initialized on device: cuda:0
[2025-07-04 15:35:12,270] [INFO] Model initialized on device: cuda:0
[2025-07-04 15:36:09,477] [INFO] [TRAIN] Epoch 3 Loss: 0.9677
[2025-07-04 15:36:36,773] [INFO] Model initialized on device: cuda:0
[2025-07-04 15:36:37,476] [INFO] Model initialized on device: cuda:0
[2025-07-04 15:36:40,873] [INFO] Model initialized on device: cuda:0
[2025-07-04 15:36:41,999] [INFO] Model initialized on device: cuda:0
[2025-07-04 15:36:42,195] [INFO] Model initialized on device: cuda:0
[2025-07-04 15:36:42,478] [INFO] Model initialized on device: cuda:0
[2025-07-04 15:36:44,475] [INFO] Model initialized on device: cuda:0
[2025-07-04 15:36:46,076] [INFO] Model initialized on device: cuda:0
[2025-07-04 15:37:42,075] [INFO] [TRAIN] Epoch 4 Loss: 0.9655
[2025-07-04 15:38:07,780] [INFO] Model initialized on device: cuda:0
[2025-07-04 15:38:09,778] [INFO] Model initialized on device: cuda:0
[2025-07-04 15:38:12,175] [INFO] Model initialized on device: cuda:0
[2025-07-04 15:38:12,284] [INFO] Model initialized on device: cuda:0
[2025-07-04 15:38:12,381] [INFO] Model initialized on device: cuda:0
[2025-07-04 15:38:12,480] [INFO] Model initialized on device: cuda:0
[2025-07-04 15:38:12,483] [INFO] Model initialized on device: cuda:0
[2025-07-04 15:38:12,578] [INFO] Model initialized on device: cuda:0
[2025-07-04 15:39:10,825] [INFO] [TRAIN] Epoch 5 Loss: 0.9632
[2025-07-04 15:39:10,827] [INFO] [FIT] Local training finished. Avg Loss: 0.9676
[2025-07-04 15:39:37,127] [INFO] Model initialized on device: cuda:0
[2025-07-04 15:39:39,074] [INFO] Model initialized on device: cuda:0
[2025-07-04 15:39:39,191] [INFO] Model initialized on device: cuda:0
[2025-07-04 15:39:39,202] [INFO] Model initialized on device: cuda:0
[2025-07-04 15:39:39,290] [INFO] Model initialized on device: cuda:0
[2025-07-04 15:39:39,382] [INFO] Model initialized on device: cuda:0
[2025-07-04 15:39:39,382] [INFO] Model initialized on device: cuda:0
[2025-07-04 15:39:39,405] [INFO] Model initialized on device: cuda:0
[2025-07-04 15:39:42,327] [DEBUG] [TEST] Batch 1 | Pred shape: torch.Size([256, 256, 160]) | Label shape: torch.Size([256, 256, 160])
[2025-07-04 15:39:42,572] [DEBUG] [TEST] Batch 2 | Pred shape: torch.Size([256, 256, 160]) | Label shape: torch.Size([256, 256, 160])
[2025-07-04 15:39:42,639] [DEBUG] [TEST] Batch 3 | Pred shape: torch.Size([256, 256, 160]) | Label shape: torch.Size([256, 256, 160])
[2025-07-04 15:39:42,694] [DEBUG] [TEST] Batch 4 | Pred shape: torch.Size([256, 256, 160]) | Label shape: torch.Size([256, 256, 160])
[2025-07-04 15:39:42,749] [DEBUG] [TEST] Batch 5 | Pred shape: torch.Size([256, 256, 160]) | Label shape: torch.Size([256, 256, 160])
[2025-07-04 15:39:42,850] [DEBUG] [TEST] Batch 6 | Pred shape: torch.Size([256, 256, 160]) | Label shape: torch.Size([256, 256, 160])
[2025-07-04 15:39:42,909] [DEBUG] [TEST] Batch 7 | Pred shape: torch.Size([256, 256, 160]) | Label shape: torch.Size([256, 256, 160])
[2025-07-04 15:39:43,075] [DEBUG] [TEST] Batch 8 | Pred shape: torch.Size([256, 256, 160]) | Label shape: torch.Size([256, 256, 160])
[2025-07-04 15:39:44,801] [DEBUG] [TEST] Batch 9 | Pred shape: torch.Size([256, 256, 160]) | Label shape: torch.Size([256, 256, 160])
[2025-07-04 15:39:44,856] [DEBUG] [TEST] Batch 10 | Pred shape: torch.Size([256, 256, 160]) | Label shape: torch.Size([256, 256, 160])
[2025-07-04 15:39:47,364] [INFO] [FIT] Final model saved to: Run_UNET_R3IID20%_fedWSOcompC64_20250704/Client1/model_final.pth
[2025-07-04 15:40:52,187] [INFO] [EVALUATE] Starting evaluation...
[2025-07-04 15:40:55,480] [INFO] [DEBUG] Loaded compressed decoded weights.
[2025-07-04 15:41:43,470] [INFO] Model initialized on device: cuda:0
[2025-07-04 15:41:43,807] [INFO] Model initialized on device: cuda:0
[2025-07-04 15:41:44,280] [INFO] Model initialized on device: cuda:0
[2025-07-04 15:41:44,314] [INFO] Model initialized on device: cuda:0
[2025-07-04 15:41:44,392] [INFO] Model initialized on device: cuda:0
[2025-07-04 15:41:44,399] [INFO] Model initialized on device: cuda:0
[2025-07-04 15:41:44,399] [INFO] Model initialized on device: cuda:0
[2025-07-04 15:41:44,400] [INFO] Model initialized on device: cuda:0
[2025-07-04 15:41:49,520] [DEBUG] [TEST] Batch 1 | Pred shape: torch.Size([256, 256, 160]) | Label shape: torch.Size([256, 256, 160])
[2025-07-04 15:41:49,718] [DEBUG] [TEST] Batch 2 | Pred shape: torch.Size([256, 256, 160]) | Label shape: torch.Size([256, 256, 160])
[2025-07-04 15:41:49,943] [DEBUG] [TEST] Batch 3 | Pred shape: torch.Size([256, 256, 160]) | Label shape: torch.Size([256, 256, 160])
[2025-07-04 15:41:50,156] [DEBUG] [TEST] Batch 4 | Pred shape: torch.Size([256, 256, 160]) | Label shape: torch.Size([256, 256, 160])
[2025-07-04 15:41:50,377] [DEBUG] [TEST] Batch 5 | Pred shape: torch.Size([256, 256, 160]) | Label shape: torch.Size([256, 256, 160])
[2025-07-04 15:41:50,611] [DEBUG] [TEST] Batch 6 | Pred shape: torch.Size([256, 256, 160]) | Label shape: torch.Size([256, 256, 160])
[2025-07-04 15:41:50,827] [DEBUG] [TEST] Batch 7 | Pred shape: torch.Size([256, 256, 160]) | Label shape: torch.Size([256, 256, 160])
[2025-07-04 15:41:51,036] [DEBUG] [TEST] Batch 8 | Pred shape: torch.Size([256, 256, 160]) | Label shape: torch.Size([256, 256, 160])
[2025-07-04 15:41:51,526] [DEBUG] [TEST] Batch 9 | Pred shape: torch.Size([256, 256, 160]) | Label shape: torch.Size([256, 256, 160])
[2025-07-04 15:41:51,633] [DEBUG] [TEST] Batch 10 | Pred shape: torch.Size([256, 256, 160]) | Label shape: torch.Size([256, 256, 160])
[2025-07-04 15:41:57,400] [INFO] [EVALUATE] Dice WT: 0.4873
[2025-07-04 15:41:59,321] [INFO] [FIT] Received parameters. Starting local training...
[2025-07-04 15:42:01,183] [INFO] [DEBUG] Loaded compressed decoded weights.
[2025-07-04 15:42:47,816] [INFO] Model initialized on device: cuda:0
[2025-07-04 15:42:47,840] [INFO] Model initialized on device: cuda:0
[2025-07-04 15:42:47,963] [INFO] Model initialized on device: cuda:0
[2025-07-04 15:42:48,013] [INFO] Model initialized on device: cuda:0
[2025-07-04 15:42:48,063] [INFO] Model initialized on device: cuda:0
[2025-07-04 15:42:48,746] [INFO] Model initialized on device: cuda:0
[2025-07-04 15:42:48,773] [INFO] Model initialized on device: cuda:0
[2025-07-04 15:42:49,404] [INFO] Model initialized on device: cuda:0
[2025-07-04 15:43:52,581] [INFO] [TRAIN] Epoch 1 Loss: 0.9679
[2025-07-04 15:44:30,481] [INFO] Model initialized on device: cuda:0
[2025-07-04 15:44:30,989] [INFO] Model initialized on device: cuda:0
[2025-07-04 15:44:31,206] [INFO] Model initialized on device: cuda:0
[2025-07-04 15:44:31,214] [INFO] Model initialized on device: cuda:0
[2025-07-04 15:44:31,275] [INFO] Model initialized on device: cuda:0
[2025-07-04 15:44:31,275] [INFO] Model initialized on device: cuda:0
[2025-07-04 15:44:31,281] [INFO] Model initialized on device: cuda:0
[2025-07-04 15:44:31,285] [INFO] Model initialized on device: cuda:0
[2025-07-04 15:45:32,078] [INFO] [TRAIN] Epoch 2 Loss: 0.9645
[2025-07-04 15:46:12,793] [INFO] Model initialized on device: cuda:0
[2025-07-04 15:46:12,814] [INFO] Model initialized on device: cuda:0
[2025-07-04 15:46:12,979] [INFO] Model initialized on device: cuda:0
[2025-07-04 15:46:12,979] [INFO] Model initialized on device: cuda:0
[2025-07-04 15:46:13,107] [INFO] Model initialized on device: cuda:0
[2025-07-04 15:46:13,200] [INFO] Model initialized on device: cuda:0
[2025-07-04 15:46:13,321] [INFO] Model initialized on device: cuda:0
[2025-07-04 15:46:13,407] [INFO] Model initialized on device: cuda:0
[2025-07-04 15:47:16,079] [INFO] [TRAIN] Epoch 3 Loss: 0.9621
[2025-07-04 15:47:58,653] [INFO] Model initialized on device: cuda:0
[2025-07-04 15:47:58,657] [INFO] Model initialized on device: cuda:0
[2025-07-04 15:47:58,738] [INFO] Model initialized on device: cuda:0
[2025-07-04 15:47:58,811] [INFO] Model initialized on device: cuda:0
[2025-07-04 15:47:58,827] [INFO] Model initialized on device: cuda:0
[2025-07-04 15:47:58,828] [INFO] Model initialized on device: cuda:0
[2025-07-04 15:48:00,005] [INFO] Model initialized on device: cuda:0
[2025-07-04 15:48:00,692] [INFO] Model initialized on device: cuda:0
[2025-07-04 15:49:04,218] [INFO] [TRAIN] Epoch 4 Loss: 0.9596
[2025-07-04 15:49:47,211] [INFO] Model initialized on device: cuda:0
[2025-07-04 15:49:47,674] [INFO] Model initialized on device: cuda:0
[2025-07-04 15:49:47,909] [INFO] Model initialized on device: cuda:0
[2025-07-04 15:49:48,378] [INFO] Model initialized on device: cuda:0
[2025-07-04 15:49:48,391] [INFO] Model initialized on device: cuda:0
[2025-07-04 15:49:48,604] [INFO] Model initialized on device: cuda:0
[2025-07-04 15:49:49,792] [INFO] Model initialized on device: cuda:0
[2025-07-04 15:49:50,199] [INFO] Model initialized on device: cuda:0
[2025-07-04 15:50:54,705] [INFO] [TRAIN] Epoch 5 Loss: 0.9564
[2025-07-04 15:50:54,708] [INFO] [FIT] Local training finished. Avg Loss: 0.9621
[2025-07-04 15:51:24,885] [INFO] Model initialized on device: cuda:0
[2025-07-04 15:51:25,337] [INFO] Model initialized on device: cuda:0
[2025-07-04 15:51:26,574] [INFO] Model initialized on device: cuda:0
[2025-07-04 15:51:27,547] [INFO] Model initialized on device: cuda:0
[2025-07-04 15:51:27,586] [INFO] Model initialized on device: cuda:0
[2025-07-04 15:51:27,689] [INFO] Model initialized on device: cuda:0
[2025-07-04 15:51:27,689] [INFO] Model initialized on device: cuda:0
[2025-07-04 15:51:27,733] [INFO] Model initialized on device: cuda:0
[2025-07-04 15:51:28,339] [DEBUG] [TEST] Batch 1 | Pred shape: torch.Size([256, 256, 160]) | Label shape: torch.Size([256, 256, 160])
[2025-07-04 15:51:30,933] [DEBUG] [TEST] Batch 2 | Pred shape: torch.Size([256, 256, 160]) | Label shape: torch.Size([256, 256, 160])
[2025-07-04 15:51:30,989] [DEBUG] [TEST] Batch 3 | Pred shape: torch.Size([256, 256, 160]) | Label shape: torch.Size([256, 256, 160])
[2025-07-04 15:51:31,076] [DEBUG] [TEST] Batch 4 | Pred shape: torch.Size([256, 256, 160]) | Label shape: torch.Size([256, 256, 160])
[2025-07-04 15:51:31,134] [DEBUG] [TEST] Batch 5 | Pred shape: torch.Size([256, 256, 160]) | Label shape: torch.Size([256, 256, 160])
[2025-07-04 15:51:31,189] [DEBUG] [TEST] Batch 6 | Pred shape: torch.Size([256, 256, 160]) | Label shape: torch.Size([256, 256, 160])
[2025-07-04 15:51:31,244] [DEBUG] [TEST] Batch 7 | Pred shape: torch.Size([256, 256, 160]) | Label shape: torch.Size([256, 256, 160])
[2025-07-04 15:51:31,299] [DEBUG] [TEST] Batch 8 | Pred shape: torch.Size([256, 256, 160]) | Label shape: torch.Size([256, 256, 160])
[2025-07-04 15:51:31,354] [DEBUG] [TEST] Batch 9 | Pred shape: torch.Size([256, 256, 160]) | Label shape: torch.Size([256, 256, 160])
[2025-07-04 15:51:33,277] [DEBUG] [TEST] Batch 10 | Pred shape: torch.Size([256, 256, 160]) | Label shape: torch.Size([256, 256, 160])
[2025-07-04 15:51:36,378] [INFO] [FIT] Final model saved to: Run_UNET_R3IID20%_fedWSOcompC64_20250704/Client1/model_final.pth
[2025-07-04 15:52:41,322] [INFO] [EVALUATE] Starting evaluation...
[2025-07-04 15:52:43,181] [INFO] [DEBUG] Loaded compressed decoded weights.
[2025-07-04 15:53:26,201] [INFO] Model initialized on device: cuda:0
[2025-07-04 15:53:26,270] [INFO] Model initialized on device: cuda:0
[2025-07-04 15:53:26,335] [INFO] Model initialized on device: cuda:0
[2025-07-04 15:53:26,346] [INFO] Model initialized on device: cuda:0
[2025-07-04 15:53:26,349] [INFO] Model initialized on device: cuda:0
[2025-07-04 15:53:26,448] [INFO] Model initialized on device: cuda:0
[2025-07-04 15:53:26,729] [INFO] Model initialized on device: cuda:0
[2025-07-04 15:53:26,954] [INFO] Model initialized on device: cuda:0
[2025-07-04 15:53:29,210] [DEBUG] [TEST] Batch 1 | Pred shape: torch.Size([256, 256, 160]) | Label shape: torch.Size([256, 256, 160])
[2025-07-04 15:53:29,478] [DEBUG] [TEST] Batch 2 | Pred shape: torch.Size([256, 256, 160]) | Label shape: torch.Size([256, 256, 160])
[2025-07-04 15:53:29,538] [DEBUG] [TEST] Batch 3 | Pred shape: torch.Size([256, 256, 160]) | Label shape: torch.Size([256, 256, 160])
[2025-07-04 15:53:29,598] [DEBUG] [TEST] Batch 4 | Pred shape: torch.Size([256, 256, 160]) | Label shape: torch.Size([256, 256, 160])
[2025-07-04 15:53:29,653] [DEBUG] [TEST] Batch 5 | Pred shape: torch.Size([256, 256, 160]) | Label shape: torch.Size([256, 256, 160])
[2025-07-04 15:53:29,712] [DEBUG] [TEST] Batch 6 | Pred shape: torch.Size([256, 256, 160]) | Label shape: torch.Size([256, 256, 160])
[2025-07-04 15:53:29,780] [DEBUG] [TEST] Batch 7 | Pred shape: torch.Size([256, 256, 160]) | Label shape: torch.Size([256, 256, 160])
[2025-07-04 15:53:29,835] [DEBUG] [TEST] Batch 8 | Pred shape: torch.Size([256, 256, 160]) | Label shape: torch.Size([256, 256, 160])
[2025-07-04 15:53:31,126] [DEBUG] [TEST] Batch 9 | Pred shape: torch.Size([256, 256, 160]) | Label shape: torch.Size([256, 256, 160])
[2025-07-04 15:53:31,527] [DEBUG] [TEST] Batch 10 | Pred shape: torch.Size([256, 256, 160]) | Label shape: torch.Size([256, 256, 160])
[2025-07-04 15:53:34,965] [INFO] [EVALUATE] Dice WT: 0.4803
[2025-07-04 15:53:45,873] [INFO] [FIT] Received parameters. Starting local training...
[2025-07-04 15:53:47,777] [INFO] [DEBUG] Loaded compressed decoded weights.
[2025-07-04 15:54:35,490] [INFO] Model initialized on device: cuda:0
[2025-07-04 15:54:35,539] [INFO] Model initialized on device: cuda:0
[2025-07-04 15:54:35,782] [INFO] Model initialized on device: cuda:0
[2025-07-04 15:54:36,336] [INFO] Model initialized on device: cuda:0
[2025-07-04 15:54:36,422] [INFO] Model initialized on device: cuda:0
[2025-07-04 15:54:37,670] [INFO] Model initialized on device: cuda:0
[2025-07-04 15:54:37,918] [INFO] Model initialized on device: cuda:0
[2025-07-04 15:54:38,092] [INFO] Model initialized on device: cuda:0
[2025-07-04 15:55:44,256] [INFO] [TRAIN] Epoch 1 Loss: 0.9617
[2025-07-04 15:56:34,862] [INFO] Model initialized on device: cuda:0
[2025-07-04 15:56:34,874] [INFO] Model initialized on device: cuda:0
[2025-07-04 15:56:35,317] [INFO] Model initialized on device: cuda:0
[2025-07-04 15:56:35,434] [INFO] Model initialized on device: cuda:0
[2025-07-04 15:56:35,491] [INFO] Model initialized on device: cuda:0
[2025-07-04 15:56:35,797] [INFO] Model initialized on device: cuda:0
[2025-07-04 15:56:35,981] [INFO] Model initialized on device: cuda:0
[2025-07-04 15:56:36,273] [INFO] Model initialized on device: cuda:0
[2025-07-04 15:57:37,776] [INFO] [TRAIN] Epoch 2 Loss: 0.9575
[2025-07-04 15:58:20,419] [INFO] Model initialized on device: cuda:0
[2025-07-04 15:58:20,887] [INFO] Model initialized on device: cuda:0
[2025-07-04 15:58:21,030] [INFO] Model initialized on device: cuda:0
[2025-07-04 15:58:21,117] [INFO] Model initialized on device: cuda:0
[2025-07-04 15:58:21,136] [INFO] Model initialized on device: cuda:0
[2025-07-04 15:58:21,470] [INFO] Model initialized on device: cuda:0
[2025-07-04 15:58:21,874] [INFO] Model initialized on device: cuda:0
[2025-07-04 15:58:22,790] [INFO] Model initialized on device: cuda:0
[2025-07-04 15:59:23,618] [INFO] [TRAIN] Epoch 3 Loss: 0.9543
[2025-07-04 16:00:01,919] [INFO] Model initialized on device: cuda:0
[2025-07-04 16:00:02,034] [INFO] Model initialized on device: cuda:0
[2025-07-04 16:00:02,036] [INFO] Model initialized on device: cuda:0
[2025-07-04 16:00:02,139] [INFO] Model initialized on device: cuda:0
[2025-07-04 16:00:02,186] [INFO] Model initialized on device: cuda:0
[2025-07-04 16:00:02,211] [INFO] Model initialized on device: cuda:0
[2025-07-04 16:00:02,292] [INFO] Model initialized on device: cuda:0
[2025-07-04 16:00:02,409] [INFO] Model initialized on device: cuda:0
[2025-07-04 16:01:07,974] [INFO] [TRAIN] Epoch 4 Loss: 0.9506
[2025-07-04 16:01:46,278] [INFO] Model initialized on device: cuda:0
[2025-07-04 16:01:46,577] [INFO] Model initialized on device: cuda:0
[2025-07-04 16:01:46,580] [INFO] Model initialized on device: cuda:0
[2025-07-04 16:01:46,899] [INFO] Model initialized on device: cuda:0
[2025-07-04 16:01:47,277] [INFO] Model initialized on device: cuda:0
[2025-07-04 16:01:47,317] [INFO] Model initialized on device: cuda:0
[2025-07-04 16:01:47,429] [INFO] Model initialized on device: cuda:0
[2025-07-04 16:01:47,874] [INFO] Model initialized on device: cuda:0
[2025-07-04 16:02:50,815] [INFO] [TRAIN] Epoch 5 Loss: 0.9466
[2025-07-04 16:02:50,816] [INFO] [FIT] Local training finished. Avg Loss: 0.9541
[2025-07-04 16:03:28,692] [INFO] Model initialized on device: cuda:0
[2025-07-04 16:03:29,029] [INFO] Model initialized on device: cuda:0
[2025-07-04 16:03:29,056] [INFO] Model initialized on device: cuda:0
[2025-07-04 16:03:30,009] [INFO] Model initialized on device: cuda:0
[2025-07-04 16:03:30,201] [INFO] Model initialized on device: cuda:0
[2025-07-04 16:03:30,411] [INFO] Model initialized on device: cuda:0
[2025-07-04 16:03:30,493] [INFO] Model initialized on device: cuda:0
[2025-07-04 16:03:30,570] [INFO] Model initialized on device: cuda:0
[2025-07-04 16:03:32,335] [DEBUG] [TEST] Batch 1 | Pred shape: torch.Size([256, 256, 160]) | Label shape: torch.Size([256, 256, 160])
[2025-07-04 16:03:32,478] [DEBUG] [TEST] Batch 2 | Pred shape: torch.Size([256, 256, 160]) | Label shape: torch.Size([256, 256, 160])
[2025-07-04 16:03:34,447] [DEBUG] [TEST] Batch 3 | Pred shape: torch.Size([256, 256, 160]) | Label shape: torch.Size([256, 256, 160])
[2025-07-04 16:03:34,571] [DEBUG] [TEST] Batch 4 | Pred shape: torch.Size([256, 256, 160]) | Label shape: torch.Size([256, 256, 160])
[2025-07-04 16:03:34,689] [DEBUG] [TEST] Batch 5 | Pred shape: torch.Size([256, 256, 160]) | Label shape: torch.Size([256, 256, 160])
[2025-07-04 16:03:34,777] [DEBUG] [TEST] Batch 6 | Pred shape: torch.Size([256, 256, 160]) | Label shape: torch.Size([256, 256, 160])
[2025-07-04 16:03:34,892] [DEBUG] [TEST] Batch 7 | Pred shape: torch.Size([256, 256, 160]) | Label shape: torch.Size([256, 256, 160])
[2025-07-04 16:03:34,972] [DEBUG] [TEST] Batch 8 | Pred shape: torch.Size([256, 256, 160]) | Label shape: torch.Size([256, 256, 160])
[2025-07-04 16:03:35,225] [DEBUG] [TEST] Batch 9 | Pred shape: torch.Size([256, 256, 160]) | Label shape: torch.Size([256, 256, 160])
[2025-07-04 16:03:35,317] [DEBUG] [TEST] Batch 10 | Pred shape: torch.Size([256, 256, 160]) | Label shape: torch.Size([256, 256, 160])
[2025-07-04 16:03:38,757] [INFO] [FIT] Final model saved to: Run_UNET_R3IID20%_fedWSOcompC64_20250704/Client1/model_final.pth
[2025-07-04 16:04:47,747] [INFO] [EVALUATE] Starting evaluation...
[2025-07-04 16:04:51,573] [INFO] [DEBUG] Loaded compressed decoded weights.
[2025-07-04 16:05:41,379] [INFO] Model initialized on device: cuda:0
[2025-07-04 16:05:41,578] [INFO] Model initialized on device: cuda:0
[2025-07-04 16:05:41,588] [INFO] Model initialized on device: cuda:0
[2025-07-04 16:05:41,627] [INFO] Model initialized on device: cuda:0
[2025-07-04 16:05:41,888] [INFO] Model initialized on device: cuda:0
[2025-07-04 16:05:42,297] [INFO] Model initialized on device: cuda:0
[2025-07-04 16:05:42,303] [INFO] Model initialized on device: cuda:0
[2025-07-04 16:05:42,307] [INFO] Model initialized on device: cuda:0
[2025-07-04 16:05:47,883] [DEBUG] [TEST] Batch 1 | Pred shape: torch.Size([256, 256, 160]) | Label shape: torch.Size([256, 256, 160])
[2025-07-04 16:05:48,113] [DEBUG] [TEST] Batch 2 | Pred shape: torch.Size([256, 256, 160]) | Label shape: torch.Size([256, 256, 160])
[2025-07-04 16:05:48,345] [DEBUG] [TEST] Batch 3 | Pred shape: torch.Size([256, 256, 160]) | Label shape: torch.Size([256, 256, 160])
[2025-07-04 16:05:48,572] [DEBUG] [TEST] Batch 4 | Pred shape: torch.Size([256, 256, 160]) | Label shape: torch.Size([256, 256, 160])
[2025-07-04 16:05:48,799] [DEBUG] [TEST] Batch 5 | Pred shape: torch.Size([256, 256, 160]) | Label shape: torch.Size([256, 256, 160])
[2025-07-04 16:05:48,921] [DEBUG] [TEST] Batch 6 | Pred shape: torch.Size([256, 256, 160]) | Label shape: torch.Size([256, 256, 160])
[2025-07-04 16:05:49,083] [DEBUG] [TEST] Batch 7 | Pred shape: torch.Size([256, 256, 160]) | Label shape: torch.Size([256, 256, 160])
[2025-07-04 16:05:49,206] [DEBUG] [TEST] Batch 8 | Pred shape: torch.Size([256, 256, 160]) | Label shape: torch.Size([256, 256, 160])
[2025-07-04 16:05:49,972] [DEBUG] [TEST] Batch 9 | Pred shape: torch.Size([256, 256, 160]) | Label shape: torch.Size([256, 256, 160])
[2025-07-04 16:05:50,028] [DEBUG] [TEST] Batch 10 | Pred shape: torch.Size([256, 256, 160]) | Label shape: torch.Size([256, 256, 160])
[2025-07-04 16:05:55,236] [INFO] [EVALUATE] Dice WT: 0.4179
[2025-07-04 16:05:59,375] [INFO] [FIT] Received parameters. Starting local training...
[2025-07-04 16:06:02,383] [INFO] [DEBUG] Loaded compressed decoded weights.
[2025-07-04 16:06:51,012] [INFO] Model initialized on device: cuda:0
[2025-07-04 16:06:52,100] [INFO] Model initialized on device: cuda:0
[2025-07-04 16:06:52,424] [INFO] Model initialized on device: cuda:0
[2025-07-04 16:06:52,909] [INFO] Model initialized on device: cuda:0
[2025-07-04 16:06:52,990] [INFO] Model initialized on device: cuda:0
[2025-07-04 16:06:53,109] [INFO] Model initialized on device: cuda:0
[2025-07-04 16:06:53,293] [INFO] Model initialized on device: cuda:0
[2025-07-04 16:06:53,312] [INFO] Model initialized on device: cuda:0
[2025-07-04 16:07:56,374] [INFO] [TRAIN] Epoch 1 Loss: 0.9542
[2025-07-04 16:08:39,766] [INFO] Model initialized on device: cuda:0
[2025-07-04 16:08:39,812] [INFO] Model initialized on device: cuda:0
[2025-07-04 16:08:39,896] [INFO] Model initialized on device: cuda:0
[2025-07-04 16:08:39,941] [INFO] Model initialized on device: cuda:0
[2025-07-04 16:08:40,083] [INFO] Model initialized on device: cuda:0
[2025-07-04 16:08:40,112] [INFO] Model initialized on device: cuda:0
[2025-07-04 16:08:40,502] [INFO] Model initialized on device: cuda:0
[2025-07-04 16:08:41,109] [INFO] Model initialized on device: cuda:0
[2025-07-04 16:09:41,875] [INFO] [TRAIN] Epoch 2 Loss: 0.9489
[2025-07-04 16:10:18,670] [INFO] Model initialized on device: cuda:0
[2025-07-04 16:10:19,077] [INFO] Model initialized on device: cuda:0
[2025-07-04 16:10:19,090] [INFO] Model initialized on device: cuda:0
[2025-07-04 16:10:19,484] [INFO] Model initialized on device: cuda:0
[2025-07-04 16:10:19,499] [INFO] Model initialized on device: cuda:0
[2025-07-04 16:10:19,574] [INFO] Model initialized on device: cuda:0
[2025-07-04 16:10:19,585] [INFO] Model initialized on device: cuda:0
[2025-07-04 16:10:19,591] [INFO] Model initialized on device: cuda:0
[2025-07-04 16:11:23,109] [INFO] [TRAIN] Epoch 3 Loss: 0.9445
[2025-07-04 16:12:02,364] [INFO] Model initialized on device: cuda:0
[2025-07-04 16:12:02,547] [INFO] Model initialized on device: cuda:0
[2025-07-04 16:12:02,596] [INFO] Model initialized on device: cuda:0
[2025-07-04 16:12:02,699] [INFO] Model initialized on device: cuda:0
[2025-07-04 16:12:02,810] [INFO] Model initialized on device: cuda:0
[2025-07-04 16:12:02,824] [INFO] Model initialized on device: cuda:0
[2025-07-04 16:12:02,887] [INFO] Model initialized on device: cuda:0
[2025-07-04 16:12:02,897] [INFO] Model initialized on device: cuda:0
[2025-07-04 16:13:07,284] [INFO] [TRAIN] Epoch 4 Loss: 0.9407
[2025-07-04 16:13:47,498] [INFO] Model initialized on device: cuda:0
[2025-07-04 16:13:47,780] [INFO] Model initialized on device: cuda:0
[2025-07-04 16:13:47,846] [INFO] Model initialized on device: cuda:0
[2025-07-04 16:13:47,846] [INFO] Model initialized on device: cuda:0
[2025-07-04 16:13:48,500] [INFO] Model initialized on device: cuda:0
[2025-07-04 16:13:48,514] [INFO] Model initialized on device: cuda:0
[2025-07-04 16:13:48,603] [INFO] Model initialized on device: cuda:0
[2025-07-04 16:13:48,681] [INFO] Model initialized on device: cuda:0
[2025-07-04 16:14:52,228] [INFO] [TRAIN] Epoch 5 Loss: 0.9349
[2025-07-04 16:14:52,230] [INFO] [FIT] Local training finished. Avg Loss: 0.9446
[2025-07-04 16:15:28,993] [INFO] Model initialized on device: cuda:0
[2025-07-04 16:15:29,075] [INFO] Model initialized on device: cuda:0
[2025-07-04 16:15:29,322] [INFO] Model initialized on device: cuda:0
[2025-07-04 16:15:29,510] [INFO] Model initialized on device: cuda:0
[2025-07-04 16:15:29,591] [INFO] Model initialized on device: cuda:0
[2025-07-04 16:15:29,599] [INFO] Model initialized on device: cuda:0
[2025-07-04 16:15:29,688] [INFO] Model initialized on device: cuda:0
[2025-07-04 16:15:29,694] [INFO] Model initialized on device: cuda:0
[2025-07-04 16:15:33,407] [DEBUG] [TEST] Batch 1 | Pred shape: torch.Size([256, 256, 160]) | Label shape: torch.Size([256, 256, 160])
[2025-07-04 16:15:33,613] [DEBUG] [TEST] Batch 2 | Pred shape: torch.Size([256, 256, 160]) | Label shape: torch.Size([256, 256, 160])
[2025-07-04 16:15:33,777] [DEBUG] [TEST] Batch 3 | Pred shape: torch.Size([256, 256, 160]) | Label shape: torch.Size([256, 256, 160])
[2025-07-04 16:15:34,404] [DEBUG] [TEST] Batch 4 | Pred shape: torch.Size([256, 256, 160]) | Label shape: torch.Size([256, 256, 160])
[2025-07-04 16:15:34,533] [DEBUG] [TEST] Batch 5 | Pred shape: torch.Size([256, 256, 160]) | Label shape: torch.Size([256, 256, 160])
[2025-07-04 16:15:34,686] [DEBUG] [TEST] Batch 6 | Pred shape: torch.Size([256, 256, 160]) | Label shape: torch.Size([256, 256, 160])
[2025-07-04 16:15:34,742] [DEBUG] [TEST] Batch 7 | Pred shape: torch.Size([256, 256, 160]) | Label shape: torch.Size([256, 256, 160])
[2025-07-04 16:15:34,797] [DEBUG] [TEST] Batch 8 | Pred shape: torch.Size([256, 256, 160]) | Label shape: torch.Size([256, 256, 160])
[2025-07-04 16:15:36,063] [DEBUG] [TEST] Batch 9 | Pred shape: torch.Size([256, 256, 160]) | Label shape: torch.Size([256, 256, 160])
[2025-07-04 16:15:36,127] [DEBUG] [TEST] Batch 10 | Pred shape: torch.Size([256, 256, 160]) | Label shape: torch.Size([256, 256, 160])
[2025-07-04 16:15:40,279] [INFO] [FIT] Final model saved to: Run_UNET_R3IID20%_fedWSOcompC64_20250704/Client1/model_final.pth
[2025-07-04 16:16:49,286] [INFO] [EVALUATE] Starting evaluation...
[2025-07-04 16:16:53,072] [INFO] [DEBUG] Loaded compressed decoded weights.
[2025-07-04 16:17:42,915] [INFO] Model initialized on device: cuda:0
[2025-07-04 16:17:43,126] [INFO] Model initialized on device: cuda:0
[2025-07-04 16:17:43,683] [INFO] Model initialized on device: cuda:0
[2025-07-04 16:17:43,816] [INFO] Model initialized on device: cuda:0
[2025-07-04 16:17:43,871] [INFO] Model initialized on device: cuda:0
[2025-07-04 16:17:43,881] [INFO] Model initialized on device: cuda:0
[2025-07-04 16:17:44,007] [INFO] Model initialized on device: cuda:0
[2025-07-04 16:17:44,083] [INFO] Model initialized on device: cuda:0
[2025-07-04 16:17:47,679] [DEBUG] [TEST] Batch 1 | Pred shape: torch.Size([256, 256, 160]) | Label shape: torch.Size([256, 256, 160])
[2025-07-04 16:17:47,977] [DEBUG] [TEST] Batch 2 | Pred shape: torch.Size([256, 256, 160]) | Label shape: torch.Size([256, 256, 160])
[2025-07-04 16:17:49,077] [DEBUG] [TEST] Batch 3 | Pred shape: torch.Size([256, 256, 160]) | Label shape: torch.Size([256, 256, 160])
[2025-07-04 16:17:49,920] [DEBUG] [TEST] Batch 4 | Pred shape: torch.Size([256, 256, 160]) | Label shape: torch.Size([256, 256, 160])
[2025-07-04 16:17:50,148] [DEBUG] [TEST] Batch 5 | Pred shape: torch.Size([256, 256, 160]) | Label shape: torch.Size([256, 256, 160])
[2025-07-04 16:17:50,382] [DEBUG] [TEST] Batch 6 | Pred shape: torch.Size([256, 256, 160]) | Label shape: torch.Size([256, 256, 160])
[2025-07-04 16:17:50,555] [DEBUG] [TEST] Batch 7 | Pred shape: torch.Size([256, 256, 160]) | Label shape: torch.Size([256, 256, 160])
[2025-07-04 16:17:50,784] [DEBUG] [TEST] Batch 8 | Pred shape: torch.Size([256, 256, 160]) | Label shape: torch.Size([256, 256, 160])
[2025-07-04 16:17:51,021] [DEBUG] [TEST] Batch 9 | Pred shape: torch.Size([256, 256, 160]) | Label shape: torch.Size([256, 256, 160])
[2025-07-04 16:17:51,221] [DEBUG] [TEST] Batch 10 | Pred shape: torch.Size([256, 256, 160]) | Label shape: torch.Size([256, 256, 160])
[2025-07-04 16:17:56,793] [INFO] [EVALUATE] Dice WT: 0.4453
[2025-07-04 16:18:01,858] [INFO] [FIT] Received parameters. Starting local training...
[2025-07-04 16:18:05,675] [INFO] [DEBUG] Loaded compressed decoded weights.
[2025-07-04 16:18:54,244] [INFO] Model initialized on device: cuda:0
[2025-07-04 16:18:54,267] [INFO] Model initialized on device: cuda:0
[2025-07-04 16:18:55,110] [INFO] Model initialized on device: cuda:0
[2025-07-04 16:18:55,193] [INFO] Model initialized on device: cuda:0
[2025-07-04 16:18:55,199] [INFO] Model initialized on device: cuda:0
[2025-07-04 16:18:55,202] [INFO] Model initialized on device: cuda:0
[2025-07-04 16:18:55,390] [INFO] Model initialized on device: cuda:0
[2025-07-04 16:18:55,406] [INFO] Model initialized on device: cuda:0
[2025-07-04 16:20:00,001] [INFO] [TRAIN] Epoch 1 Loss: 0.9454
[2025-07-04 16:20:39,500] [INFO] Model initialized on device: cuda:0
[2025-07-04 16:20:39,625] [INFO] Model initialized on device: cuda:0
[2025-07-04 16:20:39,671] [INFO] Model initialized on device: cuda:0
[2025-07-04 16:20:39,799] [INFO] Model initialized on device: cuda:0
[2025-07-04 16:20:40,112] [INFO] Model initialized on device: cuda:0
[2025-07-04 16:20:40,246] [INFO] Model initialized on device: cuda:0
[2025-07-04 16:20:40,252] [INFO] Model initialized on device: cuda:0
[2025-07-04 16:20:40,293] [INFO] Model initialized on device: cuda:0
[2025-07-04 16:21:42,908] [INFO] [TRAIN] Epoch 2 Loss: 0.9383
[2025-07-04 16:22:17,978] [INFO] Model initialized on device: cuda:0
[2025-07-04 16:22:17,998] [INFO] Model initialized on device: cuda:0
[2025-07-04 16:22:18,099] [INFO] Model initialized on device: cuda:0
[2025-07-04 16:22:18,219] [INFO] Model initialized on device: cuda:0
[2025-07-04 16:22:18,270] [INFO] Model initialized on device: cuda:0
[2025-07-04 16:22:18,305] [INFO] Model initialized on device: cuda:0
[2025-07-04 16:22:18,305] [INFO] Model initialized on device: cuda:0
[2025-07-04 16:22:18,305] [INFO] Model initialized on device: cuda:0
[2025-07-04 16:23:19,768] [INFO] [TRAIN] Epoch 3 Loss: 0.9335
[2025-07-04 16:23:59,497] [INFO] Model initialized on device: cuda:0
[2025-07-04 16:24:00,047] [INFO] Model initialized on device: cuda:0
[2025-07-04 16:24:00,092] [INFO] Model initialized on device: cuda:0
[2025-07-04 16:24:00,115] [INFO] Model initialized on device: cuda:0
[2025-07-04 16:24:00,179] [INFO] Model initialized on device: cuda:0
[2025-07-04 16:24:00,227] [INFO] Model initialized on device: cuda:0
[2025-07-04 16:24:01,291] [INFO] Model initialized on device: cuda:0
[2025-07-04 16:24:01,577] [INFO] Model initialized on device: cuda:0
[2025-07-04 16:25:03,874] [INFO] [TRAIN] Epoch 4 Loss: 0.9271
[2025-07-04 16:25:45,221] [INFO] Model initialized on device: cuda:0
[2025-07-04 16:25:45,233] [INFO] Model initialized on device: cuda:0
[2025-07-04 16:25:45,398] [INFO] Model initialized on device: cuda:0
[2025-07-04 16:25:45,575] [INFO] Model initialized on device: cuda:0
[2025-07-04 16:25:45,675] [INFO] Model initialized on device: cuda:0
[2025-07-04 16:25:45,687] [INFO] Model initialized on device: cuda:0
[2025-07-04 16:25:45,693] [INFO] Model initialized on device: cuda:0
[2025-07-04 16:25:45,776] [INFO] Model initialized on device: cuda:0
[2025-07-04 16:26:49,034] [INFO] [TRAIN] Epoch 5 Loss: 0.9209
[2025-07-04 16:26:49,035] [INFO] [FIT] Local training finished. Avg Loss: 0.9331
[2025-07-04 16:27:29,937] [INFO] Model initialized on device: cuda:0
[2025-07-04 16:27:29,985] [INFO] Model initialized on device: cuda:0
[2025-07-04 16:27:30,079] [INFO] Model initialized on device: cuda:0
[2025-07-04 16:27:30,203] [INFO] Model initialized on device: cuda:0
[2025-07-04 16:27:30,346] [INFO] Model initialized on device: cuda:0
[2025-07-04 16:27:30,793] [INFO] Model initialized on device: cuda:0
[2025-07-04 16:27:30,925] [INFO] Model initialized on device: cuda:0
[2025-07-04 16:27:31,086] [INFO] Model initialized on device: cuda:0
[2025-07-04 16:27:32,630] [DEBUG] [TEST] Batch 1 | Pred shape: torch.Size([256, 256, 160]) | Label shape: torch.Size([256, 256, 160])
[2025-07-04 16:27:32,880] [DEBUG] [TEST] Batch 2 | Pred shape: torch.Size([256, 256, 160]) | Label shape: torch.Size([256, 256, 160])
[2025-07-04 16:27:33,616] [DEBUG] [TEST] Batch 3 | Pred shape: torch.Size([256, 256, 160]) | Label shape: torch.Size([256, 256, 160])
[2025-07-04 16:27:33,676] [DEBUG] [TEST] Batch 4 | Pred shape: torch.Size([256, 256, 160]) | Label shape: torch.Size([256, 256, 160])
[2025-07-04 16:27:33,731] [DEBUG] [TEST] Batch 5 | Pred shape: torch.Size([256, 256, 160]) | Label shape: torch.Size([256, 256, 160])
[2025-07-04 16:27:34,211] [DEBUG] [TEST] Batch 6 | Pred shape: torch.Size([256, 256, 160]) | Label shape: torch.Size([256, 256, 160])
[2025-07-04 16:27:34,266] [DEBUG] [TEST] Batch 7 | Pred shape: torch.Size([256, 256, 160]) | Label shape: torch.Size([256, 256, 160])
[2025-07-04 16:27:34,333] [DEBUG] [TEST] Batch 8 | Pred shape: torch.Size([256, 256, 160]) | Label shape: torch.Size([256, 256, 160])
[2025-07-04 16:27:35,036] [DEBUG] [TEST] Batch 9 | Pred shape: torch.Size([256, 256, 160]) | Label shape: torch.Size([256, 256, 160])
[2025-07-04 16:27:35,252] [DEBUG] [TEST] Batch 10 | Pred shape: torch.Size([256, 256, 160]) | Label shape: torch.Size([256, 256, 160])
[2025-07-04 16:27:38,784] [INFO] [FIT] Final model saved to: Run_UNET_R3IID20%_fedWSOcompC64_20250704/Client1/model_final.pth
[2025-07-04 16:28:46,201] [INFO] [EVALUATE] Starting evaluation...
[2025-07-04 16:28:48,183] [INFO] [DEBUG] Loaded compressed decoded weights.
[2025-07-04 16:29:39,788] [INFO] Model initialized on device: cuda:0
[2025-07-04 16:29:39,910] [INFO] Model initialized on device: cuda:0
[2025-07-04 16:29:40,342] [INFO] Model initialized on device: cuda:0
[2025-07-04 16:29:40,499] [INFO] Model initialized on device: cuda:0
[2025-07-04 16:29:42,315] [DEBUG] [TEST] Batch 1 | Pred shape: torch.Size([256, 256, 160]) | Label shape: torch.Size([256, 256, 160])
[2025-07-04 16:29:42,502] [INFO] Model initialized on device: cuda:0
[2025-07-04 16:29:42,875] [INFO] Model initialized on device: cuda:0
[2025-07-04 16:29:42,889] [INFO] Model initialized on device: cuda:0
[2025-07-04 16:29:42,916] [INFO] Model initialized on device: cuda:0
[2025-07-04 16:29:43,677] [DEBUG] [TEST] Batch 2 | Pred shape: torch.Size([256, 256, 160]) | Label shape: torch.Size([256, 256, 160])
[2025-07-04 16:29:47,225] [DEBUG] [TEST] Batch 3 | Pred shape: torch.Size([256, 256, 160]) | Label shape: torch.Size([256, 256, 160])
[2025-07-04 16:29:47,281] [DEBUG] [TEST] Batch 4 | Pred shape: torch.Size([256, 256, 160]) | Label shape: torch.Size([256, 256, 160])
[2025-07-04 16:29:47,337] [DEBUG] [TEST] Batch 5 | Pred shape: torch.Size([256, 256, 160]) | Label shape: torch.Size([256, 256, 160])
[2025-07-04 16:29:47,392] [DEBUG] [TEST] Batch 6 | Pred shape: torch.Size([256, 256, 160]) | Label shape: torch.Size([256, 256, 160])
[2025-07-04 16:29:47,456] [DEBUG] [TEST] Batch 7 | Pred shape: torch.Size([256, 256, 160]) | Label shape: torch.Size([256, 256, 160])
[2025-07-04 16:29:47,832] [DEBUG] [TEST] Batch 8 | Pred shape: torch.Size([256, 256, 160]) | Label shape: torch.Size([256, 256, 160])
[2025-07-04 16:29:48,074] [DEBUG] [TEST] Batch 9 | Pred shape: torch.Size([256, 256, 160]) | Label shape: torch.Size([256, 256, 160])
[2025-07-04 16:29:48,326] [DEBUG] [TEST] Batch 10 | Pred shape: torch.Size([256, 256, 160]) | Label shape: torch.Size([256, 256, 160])
[2025-07-04 16:29:51,174] [INFO] [EVALUATE] Dice WT: 0.4416
[2025-07-04 16:29:59,672] [INFO] [FIT] Received parameters. Starting local training...
[2025-07-04 16:30:03,674] [INFO] [DEBUG] Loaded compressed decoded weights.
[2025-07-04 16:30:45,234] [INFO] Model initialized on device: cuda:0
[2025-07-04 16:30:48,617] [INFO] Model initialized on device: cuda:0
[2025-07-04 16:30:51,088] [INFO] Model initialized on device: cuda:0
[2025-07-04 16:30:51,210] [INFO] Model initialized on device: cuda:0
[2025-07-04 16:30:51,489] [INFO] Model initialized on device: cuda:0
[2025-07-04 16:30:51,576] [INFO] Model initialized on device: cuda:0
[2025-07-04 16:30:51,577] [INFO] Model initialized on device: cuda:0
[2025-07-04 16:30:51,579] [INFO] Model initialized on device: cuda:0
[2025-07-04 16:31:55,578] [INFO] [TRAIN] Epoch 1 Loss: 0.9369
[2025-07-04 16:32:42,270] [INFO] Model initialized on device: cuda:0
[2025-07-04 16:32:42,275] [INFO] Model initialized on device: cuda:0
[2025-07-04 16:32:42,327] [INFO] Model initialized on device: cuda:0
[2025-07-04 16:32:42,472] [INFO] Model initialized on device: cuda:0
[2025-07-04 16:32:43,076] [INFO] Model initialized on device: cuda:0
[2025-07-04 16:32:43,199] [INFO] Model initialized on device: cuda:0
[2025-07-04 16:32:43,201] [INFO] Model initialized on device: cuda:0
[2025-07-04 16:32:43,207] [INFO] Model initialized on device: cuda:0
[2025-07-04 16:33:46,898] [INFO] [TRAIN] Epoch 2 Loss: 0.9267
[2025-07-04 16:34:25,347] [INFO] Model initialized on device: cuda:0
[2025-07-04 16:34:25,772] [INFO] Model initialized on device: cuda:0
[2025-07-04 16:34:28,529] [INFO] Model initialized on device: cuda:0
[2025-07-04 16:34:28,686] [INFO] Model initialized on device: cuda:0
[2025-07-04 16:34:32,522] [INFO] Model initialized on device: cuda:0
[2025-07-04 16:34:32,615] [INFO] Model initialized on device: cuda:0
[2025-07-04 16:34:33,130] [INFO] Model initialized on device: cuda:0
[2025-07-04 16:34:33,171] [INFO] Model initialized on device: cuda:0
[2025-07-04 16:35:33,739] [INFO] [TRAIN] Epoch 3 Loss: 0.9195
[2025-07-04 16:36:00,704] [INFO] Model initialized on device: cuda:0
[2025-07-04 16:36:02,005] [INFO] Model initialized on device: cuda:0
[2025-07-04 16:36:03,772] [INFO] Model initialized on device: cuda:0
[2025-07-04 16:36:04,203] [INFO] Model initialized on device: cuda:0
[2025-07-04 16:36:06,273] [INFO] Model initialized on device: cuda:0
[2025-07-04 16:36:06,288] [INFO] Model initialized on device: cuda:0
[2025-07-04 16:36:06,290] [INFO] Model initialized on device: cuda:0
[2025-07-04 16:36:06,292] [INFO] Model initialized on device: cuda:0
[2025-07-04 16:37:03,976] [INFO] [TRAIN] Epoch 4 Loss: 0.9116
[2025-07-04 16:37:24,680] [INFO] Model initialized on device: cuda:0
[2025-07-04 16:37:25,211] [INFO] Model initialized on device: cuda:0
[2025-07-04 16:37:26,473] [INFO] Model initialized on device: cuda:0
[2025-07-04 16:37:27,388] [INFO] Model initialized on device: cuda:0
[2025-07-04 16:37:27,797] [INFO] Model initialized on device: cuda:0
[2025-07-04 16:37:27,873] [INFO] Model initialized on device: cuda:0
[2025-07-04 16:37:27,881] [INFO] Model initialized on device: cuda:0
[2025-07-04 16:37:27,892] [INFO] Model initialized on device: cuda:0
[2025-07-04 16:38:26,875] [INFO] [TRAIN] Epoch 5 Loss: 0.9038
[2025-07-04 16:38:26,876] [INFO] [FIT] Local training finished. Avg Loss: 0.9197
[2025-07-04 16:38:53,443] [INFO] Model initialized on device: cuda:0
[2025-07-04 16:38:53,603] [INFO] Model initialized on device: cuda:0
[2025-07-04 16:38:54,772] [INFO] Model initialized on device: cuda:0
[2025-07-04 16:38:55,079] [INFO] Model initialized on device: cuda:0
[2025-07-04 16:38:55,182] [INFO] Model initialized on device: cuda:0
[2025-07-04 16:38:55,190] [INFO] Model initialized on device: cuda:0
[2025-07-04 16:38:55,190] [INFO] Model initialized on device: cuda:0
[2025-07-04 16:38:55,198] [INFO] Model initialized on device: cuda:0
[2025-07-04 16:38:57,775] [DEBUG] [TEST] Batch 1 | Pred shape: torch.Size([256, 256, 160]) | Label shape: torch.Size([256, 256, 160])
[2025-07-04 16:38:59,788] [DEBUG] [TEST] Batch 2 | Pred shape: torch.Size([256, 256, 160]) | Label shape: torch.Size([256, 256, 160])
[2025-07-04 16:38:59,922] [DEBUG] [TEST] Batch 3 | Pred shape: torch.Size([256, 256, 160]) | Label shape: torch.Size([256, 256, 160])
[2025-07-04 16:39:00,778] [DEBUG] [TEST] Batch 4 | Pred shape: torch.Size([256, 256, 160]) | Label shape: torch.Size([256, 256, 160])
[2025-07-04 16:39:00,973] [DEBUG] [TEST] Batch 5 | Pred shape: torch.Size([256, 256, 160]) | Label shape: torch.Size([256, 256, 160])
[2025-07-04 16:39:01,077] [DEBUG] [TEST] Batch 6 | Pred shape: torch.Size([256, 256, 160]) | Label shape: torch.Size([256, 256, 160])
[2025-07-04 16:39:01,136] [DEBUG] [TEST] Batch 7 | Pred shape: torch.Size([256, 256, 160]) | Label shape: torch.Size([256, 256, 160])
[2025-07-04 16:39:01,277] [DEBUG] [TEST] Batch 8 | Pred shape: torch.Size([256, 256, 160]) | Label shape: torch.Size([256, 256, 160])
[2025-07-04 16:39:02,041] [DEBUG] [TEST] Batch 9 | Pred shape: torch.Size([256, 256, 160]) | Label shape: torch.Size([256, 256, 160])
[2025-07-04 16:39:03,329] [DEBUG] [TEST] Batch 10 | Pred shape: torch.Size([256, 256, 160]) | Label shape: torch.Size([256, 256, 160])
[2025-07-04 16:39:07,372] [INFO] [FIT] Final model saved to: Run_UNET_R3IID20%_fedWSOcompC64_20250704/Client1/model_final.pth
[2025-07-04 16:40:21,209] [INFO] [EVALUATE] Starting evaluation...
[2025-07-04 16:40:23,071] [INFO] [DEBUG] Loaded compressed decoded weights.
[2025-07-04 16:41:13,649] [INFO] Model initialized on device: cuda:0
[2025-07-04 16:41:14,726] [INFO] Model initialized on device: cuda:0
[2025-07-04 16:41:14,843] [INFO] Model initialized on device: cuda:0
[2025-07-04 16:41:15,701] [INFO] Model initialized on device: cuda:0
[2025-07-04 16:41:16,204] [INFO] Model initialized on device: cuda:0
[2025-07-04 16:41:16,510] [INFO] Model initialized on device: cuda:0
[2025-07-04 16:41:16,714] [INFO] Model initialized on device: cuda:0
[2025-07-04 16:41:16,795] [INFO] Model initialized on device: cuda:0
[2025-07-04 16:41:20,779] [DEBUG] [TEST] Batch 1 | Pred shape: torch.Size([256, 256, 160]) | Label shape: torch.Size([256, 256, 160])
[2025-07-04 16:41:20,877] [DEBUG] [TEST] Batch 2 | Pred shape: torch.Size([256, 256, 160]) | Label shape: torch.Size([256, 256, 160])
[2025-07-04 16:41:21,880] [DEBUG] [TEST] Batch 3 | Pred shape: torch.Size([256, 256, 160]) | Label shape: torch.Size([256, 256, 160])
[2025-07-04 16:41:22,057] [DEBUG] [TEST] Batch 4 | Pred shape: torch.Size([256, 256, 160]) | Label shape: torch.Size([256, 256, 160])
[2025-07-04 16:41:22,296] [DEBUG] [TEST] Batch 5 | Pred shape: torch.Size([256, 256, 160]) | Label shape: torch.Size([256, 256, 160])
[2025-07-04 16:41:22,537] [DEBUG] [TEST] Batch 6 | Pred shape: torch.Size([256, 256, 160]) | Label shape: torch.Size([256, 256, 160])
[2025-07-04 16:41:22,779] [DEBUG] [TEST] Batch 7 | Pred shape: torch.Size([256, 256, 160]) | Label shape: torch.Size([256, 256, 160])
[2025-07-04 16:41:23,021] [DEBUG] [TEST] Batch 8 | Pred shape: torch.Size([256, 256, 160]) | Label shape: torch.Size([256, 256, 160])
[2025-07-04 16:41:23,266] [DEBUG] [TEST] Batch 9 | Pred shape: torch.Size([256, 256, 160]) | Label shape: torch.Size([256, 256, 160])
[2025-07-04 16:41:23,505] [DEBUG] [TEST] Batch 10 | Pred shape: torch.Size([256, 256, 160]) | Label shape: torch.Size([256, 256, 160])
[2025-07-04 16:41:29,131] [INFO] [EVALUATE] Dice WT: 0.4204
[2025-07-04 16:41:31,749] [INFO] [FIT] Received parameters. Starting local training...
[2025-07-04 16:41:33,584] [INFO] [DEBUG] Loaded compressed decoded weights.
[2025-07-04 16:42:15,219] [INFO] Model initialized on device: cuda:0
[2025-07-04 16:42:15,313] [INFO] Model initialized on device: cuda:0
[2025-07-04 16:42:15,473] [INFO] Model initialized on device: cuda:0
[2025-07-04 16:42:15,474] [INFO] Model initialized on device: cuda:0
[2025-07-04 16:42:15,487] [INFO] Model initialized on device: cuda:0
[2025-07-04 16:42:15,508] [INFO] Model initialized on device: cuda:0
[2025-07-04 16:42:15,526] [INFO] Model initialized on device: cuda:0
[2025-07-04 16:42:15,573] [INFO] Model initialized on device: cuda:0
[2025-07-04 16:43:13,476] [INFO] [TRAIN] Epoch 1 Loss: 0.9238
[2025-07-04 16:43:37,621] [INFO] Model initialized on device: cuda:0
[2025-07-04 16:43:37,670] [INFO] Model initialized on device: cuda:0
[2025-07-04 16:43:37,670] [INFO] Model initialized on device: cuda:0
[2025-07-04 16:43:37,719] [INFO] Model initialized on device: cuda:0
[2025-07-04 16:43:37,729] [INFO] Model initialized on device: cuda:0
[2025-07-04 16:43:37,774] [INFO] Model initialized on device: cuda:0
[2025-07-04 16:43:37,775] [INFO] Model initialized on device: cuda:0
[2025-07-04 16:43:37,775] [INFO] Model initialized on device: cuda:0
[2025-07-04 16:44:27,979] [INFO] [TRAIN] Epoch 2 Loss: 0.9119
[2025-07-04 16:45:01,509] [INFO] Model initialized on device: cuda:0
[2025-07-04 16:45:01,510] [INFO] Model initialized on device: cuda:0
[2025-07-04 16:45:01,873] [INFO] Model initialized on device: cuda:0
[2025-07-04 16:45:01,874] [INFO] Model initialized on device: cuda:0
[2025-07-04 16:45:01,910] [INFO] Model initialized on device: cuda:0
[2025-07-04 16:45:01,974] [INFO] Model initialized on device: cuda:0
[2025-07-04 16:45:01,985] [INFO] Model initialized on device: cuda:0
[2025-07-04 16:45:01,987] [INFO] Model initialized on device: cuda:0
[2025-07-04 16:45:56,360] [INFO] [TRAIN] Epoch 3 Loss: 0.9021
[2025-07-04 16:46:27,693] [INFO] Model initialized on device: cuda:0
[2025-07-04 16:46:27,779] [INFO] Model initialized on device: cuda:0
[2025-07-04 16:46:27,783] [INFO] Model initialized on device: cuda:0
[2025-07-04 16:46:27,789] [INFO] Model initialized on device: cuda:0
[2025-07-04 16:46:27,797] [INFO] Model initialized on device: cuda:0
[2025-07-04 16:46:27,798] [INFO] Model initialized on device: cuda:0
[2025-07-04 16:46:27,800] [INFO] Model initialized on device: cuda:0
[2025-07-04 16:46:27,801] [INFO] Model initialized on device: cuda:0
[2025-07-04 16:47:24,704] [INFO] [TRAIN] Epoch 4 Loss: 0.8924
[2025-07-04 16:47:47,380] [INFO] Model initialized on device: cuda:0
[2025-07-04 16:47:49,494] [INFO] Model initialized on device: cuda:0
[2025-07-04 16:47:51,583] [INFO] Model initialized on device: cuda:0
[2025-07-04 16:47:52,817] [INFO] Model initialized on device: cuda:0
[2025-07-04 16:47:53,985] [INFO] Model initialized on device: cuda:0
[2025-07-04 16:47:54,003] [INFO] Model initialized on device: cuda:0
[2025-07-04 16:47:54,070] [INFO] Model initialized on device: cuda:0
[2025-07-04 16:47:54,073] [INFO] Model initialized on device: cuda:0
[2025-07-04 16:48:52,978] [INFO] [TRAIN] Epoch 5 Loss: 0.8815
[2025-07-04 16:48:52,979] [INFO] [FIT] Local training finished. Avg Loss: 0.9023
[2025-07-04 16:49:21,688] [INFO] Model initialized on device: cuda:0
[2025-07-04 16:49:23,085] [INFO] Model initialized on device: cuda:0
[2025-07-04 16:49:23,085] [INFO] Model initialized on device: cuda:0
[2025-07-04 16:49:26,179] [INFO] Model initialized on device: cuda:0
[2025-07-04 16:49:26,474] [INFO] Model initialized on device: cuda:0
[2025-07-04 16:49:26,506] [INFO] Model initialized on device: cuda:0
[2025-07-04 16:49:26,506] [INFO] Model initialized on device: cuda:0
[2025-07-04 16:49:26,509] [INFO] Model initialized on device: cuda:0
[2025-07-04 16:49:31,579] [DEBUG] [TEST] Batch 1 | Pred shape: torch.Size([256, 256, 160]) | Label shape: torch.Size([256, 256, 160])
[2025-07-04 16:49:31,877] [DEBUG] [TEST] Batch 2 | Pred shape: torch.Size([256, 256, 160]) | Label shape: torch.Size([256, 256, 160])
[2025-07-04 16:49:31,977] [DEBUG] [TEST] Batch 3 | Pred shape: torch.Size([256, 256, 160]) | Label shape: torch.Size([256, 256, 160])
[2025-07-04 16:49:32,076] [DEBUG] [TEST] Batch 4 | Pred shape: torch.Size([256, 256, 160]) | Label shape: torch.Size([256, 256, 160])
[2025-07-04 16:49:32,177] [DEBUG] [TEST] Batch 5 | Pred shape: torch.Size([256, 256, 160]) | Label shape: torch.Size([256, 256, 160])
[2025-07-04 16:49:32,274] [DEBUG] [TEST] Batch 6 | Pred shape: torch.Size([256, 256, 160]) | Label shape: torch.Size([256, 256, 160])
[2025-07-04 16:49:32,377] [DEBUG] [TEST] Batch 7 | Pred shape: torch.Size([256, 256, 160]) | Label shape: torch.Size([256, 256, 160])
[2025-07-04 16:49:32,578] [DEBUG] [TEST] Batch 8 | Pred shape: torch.Size([256, 256, 160]) | Label shape: torch.Size([256, 256, 160])
[2025-07-04 16:49:35,823] [DEBUG] [TEST] Batch 9 | Pred shape: torch.Size([256, 256, 160]) | Label shape: torch.Size([256, 256, 160])
[2025-07-04 16:49:37,326] [DEBUG] [TEST] Batch 10 | Pred shape: torch.Size([256, 256, 160]) | Label shape: torch.Size([256, 256, 160])
[2025-07-04 16:49:42,070] [INFO] [FIT] Final model saved to: Run_UNET_R3IID20%_fedWSOcompC64_20250704/Client1/model_final.pth
[2025-07-04 16:51:28,815] [INFO] [EVALUATE] Starting evaluation...
[2025-07-04 16:51:30,479] [INFO] [DEBUG] Loaded compressed decoded weights.
[2025-07-04 16:52:14,579] [INFO] Model initialized on device: cuda:0
[2025-07-04 16:52:14,874] [INFO] Model initialized on device: cuda:0
[2025-07-04 16:52:14,874] [INFO] Model initialized on device: cuda:0
[2025-07-04 16:52:14,874] [INFO] Model initialized on device: cuda:0
[2025-07-04 16:52:14,999] [INFO] Model initialized on device: cuda:0
[2025-07-04 16:52:15,007] [INFO] Model initialized on device: cuda:0
[2025-07-04 16:52:15,192] [INFO] Model initialized on device: cuda:0
[2025-07-04 16:52:15,649] [INFO] Model initialized on device: cuda:0
[2025-07-04 16:52:17,224] [DEBUG] [TEST] Batch 1 | Pred shape: torch.Size([256, 256, 160]) | Label shape: torch.Size([256, 256, 160])
[2025-07-04 16:52:18,006] [DEBUG] [TEST] Batch 2 | Pred shape: torch.Size([256, 256, 160]) | Label shape: torch.Size([256, 256, 160])
[2025-07-04 16:52:18,063] [DEBUG] [TEST] Batch 3 | Pred shape: torch.Size([256, 256, 160]) | Label shape: torch.Size([256, 256, 160])
[2025-07-04 16:52:18,119] [DEBUG] [TEST] Batch 4 | Pred shape: torch.Size([256, 256, 160]) | Label shape: torch.Size([256, 256, 160])
[2025-07-04 16:52:18,176] [DEBUG] [TEST] Batch 5 | Pred shape: torch.Size([256, 256, 160]) | Label shape: torch.Size([256, 256, 160])
[2025-07-04 16:52:18,239] [DEBUG] [TEST] Batch 6 | Pred shape: torch.Size([256, 256, 160]) | Label shape: torch.Size([256, 256, 160])
[2025-07-04 16:52:18,302] [DEBUG] [TEST] Batch 7 | Pred shape: torch.Size([256, 256, 160]) | Label shape: torch.Size([256, 256, 160])
[2025-07-04 16:52:18,366] [DEBUG] [TEST] Batch 8 | Pred shape: torch.Size([256, 256, 160]) | Label shape: torch.Size([256, 256, 160])
[2025-07-04 16:52:19,398] [DEBUG] [TEST] Batch 9 | Pred shape: torch.Size([256, 256, 160]) | Label shape: torch.Size([256, 256, 160])
[2025-07-04 16:52:20,323] [DEBUG] [TEST] Batch 10 | Pred shape: torch.Size([256, 256, 160]) | Label shape: torch.Size([256, 256, 160])
[2025-07-04 16:52:23,591] [INFO] [EVALUATE] Dice WT: 0.6612
[2025-07-04 16:52:36,988] [INFO] [FIT] Received parameters. Starting local training...
[2025-07-04 16:52:41,479] [INFO] [DEBUG] Loaded compressed decoded weights.
[2025-07-04 16:53:29,484] [INFO] Model initialized on device: cuda:0
[2025-07-04 16:53:31,474] [INFO] Model initialized on device: cuda:0
[2025-07-04 16:53:31,477] [INFO] Model initialized on device: cuda:0
[2025-07-04 16:53:32,175] [INFO] Model initialized on device: cuda:0
[2025-07-04 16:53:32,176] [INFO] Model initialized on device: cuda:0
[2025-07-04 16:53:32,178] [INFO] Model initialized on device: cuda:0
[2025-07-04 16:53:32,186] [INFO] Model initialized on device: cuda:0
[2025-07-04 16:53:32,408] [INFO] Model initialized on device: cuda:0
[2025-07-04 16:54:39,077] [INFO] [TRAIN] Epoch 1 Loss: 0.9064
[2025-07-04 16:55:26,112] [INFO] Model initialized on device: cuda:0
[2025-07-04 16:55:26,374] [INFO] Model initialized on device: cuda:0
[2025-07-04 16:55:27,893] [INFO] Model initialized on device: cuda:0
[2025-07-04 16:55:28,219] [INFO] Model initialized on device: cuda:0
[2025-07-04 16:55:28,305] [INFO] Model initialized on device: cuda:0
[2025-07-04 16:55:28,375] [INFO] Model initialized on device: cuda:0
[2025-07-04 16:55:28,686] [INFO] Model initialized on device: cuda:0
[2025-07-04 16:55:28,705] [INFO] Model initialized on device: cuda:0
[2025-07-04 16:56:29,581] [INFO] [TRAIN] Epoch 2 Loss: 0.8915
[2025-07-04 16:57:05,480] [INFO] Model initialized on device: cuda:0
[2025-07-04 16:57:07,304] [INFO] Model initialized on device: cuda:0
[2025-07-04 16:57:08,609] [INFO] Model initialized on device: cuda:0
[2025-07-04 16:57:08,895] [INFO] Model initialized on device: cuda:0
[2025-07-04 16:57:08,970] [INFO] Model initialized on device: cuda:0
[2025-07-04 16:57:08,975] [INFO] Model initialized on device: cuda:0
[2025-07-04 16:57:09,005] [INFO] Model initialized on device: cuda:0
[2025-07-04 16:57:09,007] [INFO] Model initialized on device: cuda:0
[2025-07-04 16:58:08,008] [INFO] [TRAIN] Epoch 3 Loss: 0.8817
[2025-07-04 16:58:34,491] [INFO] Model initialized on device: cuda:0
[2025-07-04 16:58:36,182] [INFO] Model initialized on device: cuda:0
[2025-07-04 16:58:37,919] [INFO] Model initialized on device: cuda:0
[2025-07-04 16:58:39,715] [INFO] Model initialized on device: cuda:0
[2025-07-04 16:58:40,193] [INFO] Model initialized on device: cuda:0
[2025-07-04 16:58:41,670] [INFO] Model initialized on device: cuda:0
[2025-07-04 16:58:42,377] [INFO] Model initialized on device: cuda:0
[2025-07-04 16:58:43,614] [INFO] Model initialized on device: cuda:0
[2025-07-04 16:59:43,086] [INFO] [TRAIN] Epoch 4 Loss: 0.8696
[2025-07-04 17:00:07,775] [INFO] Model initialized on device: cuda:0
[2025-07-04 17:00:08,894] [INFO] Model initialized on device: cuda:0
[2025-07-04 17:00:11,471] [INFO] Model initialized on device: cuda:0
[2025-07-04 17:00:12,491] [INFO] Model initialized on device: cuda:0
[2025-07-04 17:00:12,881] [INFO] Model initialized on device: cuda:0
[2025-07-04 17:00:12,973] [INFO] Model initialized on device: cuda:0
[2025-07-04 17:00:12,977] [INFO] Model initialized on device: cuda:0
[2025-07-04 17:00:13,085] [INFO] Model initialized on device: cuda:0
[2025-07-04 17:01:15,102] [INFO] [TRAIN] Epoch 5 Loss: 0.8556
[2025-07-04 17:01:15,103] [INFO] [FIT] Local training finished. Avg Loss: 0.8809
[2025-07-04 17:01:33,696] [INFO] Model initialized on device: cuda:0
[2025-07-04 17:01:34,640] [INFO] Model initialized on device: cuda:0
[2025-07-04 17:01:34,690] [INFO] Model initialized on device: cuda:0
[2025-07-04 17:01:36,097] [INFO] Model initialized on device: cuda:0
[2025-07-04 17:01:36,447] [INFO] Model initialized on device: cuda:0
[2025-07-04 17:01:36,483] [INFO] Model initialized on device: cuda:0
[2025-07-04 17:01:36,498] [INFO] Model initialized on device: cuda:0
[2025-07-04 17:01:36,502] [INFO] Model initialized on device: cuda:0
[2025-07-04 17:01:39,978] [DEBUG] [TEST] Batch 1 | Pred shape: torch.Size([256, 256, 160]) | Label shape: torch.Size([256, 256, 160])
[2025-07-04 17:01:40,034] [DEBUG] [TEST] Batch 2 | Pred shape: torch.Size([256, 256, 160]) | Label shape: torch.Size([256, 256, 160])
[2025-07-04 17:01:40,089] [DEBUG] [TEST] Batch 3 | Pred shape: torch.Size([256, 256, 160]) | Label shape: torch.Size([256, 256, 160])
[2025-07-04 17:01:40,145] [DEBUG] [TEST] Batch 4 | Pred shape: torch.Size([256, 256, 160]) | Label shape: torch.Size([256, 256, 160])
[2025-07-04 17:01:40,217] [DEBUG] [TEST] Batch 5 | Pred shape: torch.Size([256, 256, 160]) | Label shape: torch.Size([256, 256, 160])
[2025-07-04 17:01:40,272] [DEBUG] [TEST] Batch 6 | Pred shape: torch.Size([256, 256, 160]) | Label shape: torch.Size([256, 256, 160])
[2025-07-04 17:01:40,327] [DEBUG] [TEST] Batch 7 | Pred shape: torch.Size([256, 256, 160]) | Label shape: torch.Size([256, 256, 160])
[2025-07-04 17:01:40,386] [DEBUG] [TEST] Batch 8 | Pred shape: torch.Size([256, 256, 160]) | Label shape: torch.Size([256, 256, 160])
[2025-07-04 17:01:42,107] [DEBUG] [TEST] Batch 9 | Pred shape: torch.Size([256, 256, 160]) | Label shape: torch.Size([256, 256, 160])
[2025-07-04 17:01:42,162] [DEBUG] [TEST] Batch 10 | Pred shape: torch.Size([256, 256, 160]) | Label shape: torch.Size([256, 256, 160])
[2025-07-04 17:01:44,833] [INFO] [FIT] Final model saved to: Run_UNET_R3IID20%_fedWSOcompC64_20250704/Client1/model_final.pth
[2025-07-04 17:02:55,918] [INFO] [EVALUATE] Starting evaluation...
[2025-07-04 17:03:00,486] [INFO] [DEBUG] Loaded compressed decoded weights.
[2025-07-04 17:03:43,757] [INFO] Model initialized on device: cuda:0
[2025-07-04 17:03:44,777] [INFO] Model initialized on device: cuda:0
[2025-07-04 17:03:44,879] [INFO] Model initialized on device: cuda:0
[2025-07-04 17:03:45,283] [INFO] Model initialized on device: cuda:0
[2025-07-04 17:03:45,784] [INFO] Model initialized on device: cuda:0
[2025-07-04 17:03:45,795] [INFO] Model initialized on device: cuda:0
[2025-07-04 17:03:45,909] [INFO] Model initialized on device: cuda:0
[2025-07-04 17:03:45,985] [INFO] Model initialized on device: cuda:0
[2025-07-04 17:03:47,110] [DEBUG] [TEST] Batch 1 | Pred shape: torch.Size([256, 256, 160]) | Label shape: torch.Size([256, 256, 160])
[2025-07-04 17:03:50,083] [DEBUG] [TEST] Batch 2 | Pred shape: torch.Size([256, 256, 160]) | Label shape: torch.Size([256, 256, 160])
[2025-07-04 17:03:51,611] [DEBUG] [TEST] Batch 3 | Pred shape: torch.Size([256, 256, 160]) | Label shape: torch.Size([256, 256, 160])
[2025-07-04 17:03:52,022] [DEBUG] [TEST] Batch 4 | Pred shape: torch.Size([256, 256, 160]) | Label shape: torch.Size([256, 256, 160])
[2025-07-04 17:03:52,207] [DEBUG] [TEST] Batch 5 | Pred shape: torch.Size([256, 256, 160]) | Label shape: torch.Size([256, 256, 160])
[2025-07-04 17:03:52,455] [DEBUG] [TEST] Batch 6 | Pred shape: torch.Size([256, 256, 160]) | Label shape: torch.Size([256, 256, 160])
[2025-07-04 17:03:52,705] [DEBUG] [TEST] Batch 7 | Pred shape: torch.Size([256, 256, 160]) | Label shape: torch.Size([256, 256, 160])
[2025-07-04 17:03:52,958] [DEBUG] [TEST] Batch 8 | Pred shape: torch.Size([256, 256, 160]) | Label shape: torch.Size([256, 256, 160])
[2025-07-04 17:03:53,210] [DEBUG] [TEST] Batch 9 | Pred shape: torch.Size([256, 256, 160]) | Label shape: torch.Size([256, 256, 160])
[2025-07-04 17:03:53,392] [DEBUG] [TEST] Batch 10 | Pred shape: torch.Size([256, 256, 160]) | Label shape: torch.Size([256, 256, 160])
[2025-07-04 17:03:59,061] [INFO] [EVALUATE] Dice WT: 0.2540
[2025-07-04 17:04:03,040] [INFO] [FIT] Received parameters. Starting local training...
[2025-07-04 17:04:05,982] [INFO] [DEBUG] Loaded compressed decoded weights.
[2025-07-04 17:04:52,639] [INFO] Model initialized on device: cuda:0
[2025-07-04 17:04:53,298] [INFO] Model initialized on device: cuda:0
[2025-07-04 17:04:53,373] [INFO] Model initialized on device: cuda:0
[2025-07-04 17:04:53,697] [INFO] Model initialized on device: cuda:0
[2025-07-04 17:04:53,699] [INFO] Model initialized on device: cuda:0
[2025-07-04 17:04:53,715] [INFO] Model initialized on device: cuda:0
[2025-07-04 17:04:53,774] [INFO] Model initialized on device: cuda:0
[2025-07-04 17:04:53,813] [INFO] Model initialized on device: cuda:0
[2025-07-04 17:06:05,286] [INFO] [TRAIN] Epoch 1 Loss: 0.8899
[2025-07-04 17:06:52,689] [INFO] Model initialized on device: cuda:0
[2025-07-04 17:06:52,778] [INFO] Model initialized on device: cuda:0
[2025-07-04 17:06:52,875] [INFO] Model initialized on device: cuda:0
[2025-07-04 17:06:52,897] [INFO] Model initialized on device: cuda:0
[2025-07-04 17:06:52,898] [INFO] Model initialized on device: cuda:0
[2025-07-04 17:06:52,899] [INFO] Model initialized on device: cuda:0
[2025-07-04 17:06:53,587] [INFO] Model initialized on device: cuda:0
[2025-07-04 17:06:53,896] [INFO] Model initialized on device: cuda:0
[2025-07-04 17:08:02,333] [INFO] [TRAIN] Epoch 2 Loss: 0.8706
[2025-07-04 17:08:45,140] [INFO] Model initialized on device: cuda:0
[2025-07-04 17:08:46,070] [INFO] Model initialized on device: cuda:0
[2025-07-04 17:08:46,208] [INFO] Model initialized on device: cuda:0
[2025-07-04 17:08:46,308] [INFO] Model initialized on device: cuda:0
[2025-07-04 17:08:46,318] [INFO] Model initialized on device: cuda:0
[2025-07-04 17:08:46,497] [INFO] Model initialized on device: cuda:0
[2025-07-04 17:08:46,674] [INFO] Model initialized on device: cuda:0
[2025-07-04 17:08:46,804] [INFO] Model initialized on device: cuda:0
[2025-07-04 17:09:56,244] [INFO] [TRAIN] Epoch 3 Loss: 0.8563
[2025-07-04 17:10:38,386] [INFO] Model initialized on device: cuda:0
[2025-07-04 17:10:40,485] [INFO] Model initialized on device: cuda:0
[2025-07-04 17:10:40,486] [INFO] Model initialized on device: cuda:0
[2025-07-04 17:10:40,901] [INFO] Model initialized on device: cuda:0
[2025-07-04 17:10:41,012] [INFO] Model initialized on device: cuda:0
[2025-07-04 17:10:41,012] [INFO] Model initialized on device: cuda:0
[2025-07-04 17:10:41,074] [INFO] Model initialized on device: cuda:0
[2025-07-04 17:10:41,076] [INFO] Model initialized on device: cuda:0
[2025-07-04 17:11:46,472] [INFO] [TRAIN] Epoch 4 Loss: 0.8435
[2025-07-04 17:12:17,709] [INFO] Model initialized on device: cuda:0
[2025-07-04 17:12:20,688] [INFO] Model initialized on device: cuda:0
[2025-07-04 17:12:21,787] [INFO] Model initialized on device: cuda:0
[2025-07-04 17:12:29,684] [INFO] Model initialized on device: cuda:0
[2025-07-04 17:12:29,925] [INFO] Model initialized on device: cuda:0
[2025-07-04 17:12:30,490] [INFO] Model initialized on device: cuda:0
[2025-07-04 17:12:32,570] [INFO] Model initialized on device: cuda:0
[2025-07-04 17:12:32,621] [INFO] Model initialized on device: cuda:0
[2025-07-04 17:13:34,503] [INFO] [TRAIN] Epoch 5 Loss: 0.8252
[2025-07-04 17:13:34,504] [INFO] [FIT] Local training finished. Avg Loss: 0.8571
[2025-07-04 17:14:02,943] [INFO] Model initialized on device: cuda:0
[2025-07-04 17:14:03,723] [INFO] Model initialized on device: cuda:0
[2025-07-04 17:14:04,022] [INFO] Model initialized on device: cuda:0
[2025-07-04 17:14:04,275] [INFO] Model initialized on device: cuda:0
[2025-07-04 17:14:04,477] [INFO] Model initialized on device: cuda:0
[2025-07-04 17:14:04,719] [INFO] Model initialized on device: cuda:0
[2025-07-04 17:14:06,248] [DEBUG] [TEST] Batch 1 | Pred shape: torch.Size([256, 256, 160]) | Label shape: torch.Size([256, 256, 160])
[2025-07-04 17:14:06,687] [DEBUG] [TEST] Batch 2 | Pred shape: torch.Size([256, 256, 160]) | Label shape: torch.Size([256, 256, 160])
[2025-07-04 17:14:06,853] [DEBUG] [TEST] Batch 3 | Pred shape: torch.Size([256, 256, 160]) | Label shape: torch.Size([256, 256, 160])
[2025-07-04 17:14:06,924] [DEBUG] [TEST] Batch 4 | Pred shape: torch.Size([256, 256, 160]) | Label shape: torch.Size([256, 256, 160])
[2025-07-04 17:14:06,965] [INFO] Model initialized on device: cuda:0
[2025-07-04 17:14:07,011] [INFO] Model initialized on device: cuda:0
[2025-07-04 17:14:07,091] [DEBUG] [TEST] Batch 5 | Pred shape: torch.Size([256, 256, 160]) | Label shape: torch.Size([256, 256, 160])
[2025-07-04 17:14:09,570] [DEBUG] [TEST] Batch 6 | Pred shape: torch.Size([256, 256, 160]) | Label shape: torch.Size([256, 256, 160])
[2025-07-04 17:14:09,625] [DEBUG] [TEST] Batch 7 | Pred shape: torch.Size([256, 256, 160]) | Label shape: torch.Size([256, 256, 160])
[2025-07-04 17:14:09,681] [DEBUG] [TEST] Batch 8 | Pred shape: torch.Size([256, 256, 160]) | Label shape: torch.Size([256, 256, 160])
[2025-07-04 17:14:09,736] [DEBUG] [TEST] Batch 9 | Pred shape: torch.Size([256, 256, 160]) | Label shape: torch.Size([256, 256, 160])
[2025-07-04 17:14:09,796] [DEBUG] [TEST] Batch 10 | Pred shape: torch.Size([256, 256, 160]) | Label shape: torch.Size([256, 256, 160])
[2025-07-04 17:14:13,021] [INFO] [FIT] Final model saved to: Run_UNET_R3IID20%_fedWSOcompC64_20250704/Client1/model_final.pth
[2025-07-04 17:15:17,578] [INFO] [EVALUATE] Starting evaluation...
[2025-07-04 17:15:19,575] [INFO] [DEBUG] Loaded compressed decoded weights.
[2025-07-04 17:16:07,300] [INFO] Model initialized on device: cuda:0
[2025-07-04 17:16:07,531] [INFO] Model initialized on device: cuda:0
[2025-07-04 17:16:08,032] [INFO] Model initialized on device: cuda:0
[2025-07-04 17:16:08,219] [INFO] Model initialized on device: cuda:0
[2025-07-04 17:16:08,416] [INFO] Model initialized on device: cuda:0
[2025-07-04 17:16:08,424] [INFO] Model initialized on device: cuda:0
[2025-07-04 17:16:08,513] [INFO] Model initialized on device: cuda:0
[2025-07-04 17:16:08,527] [INFO] Model initialized on device: cuda:0
[2025-07-04 17:16:12,922] [DEBUG] [TEST] Batch 1 | Pred shape: torch.Size([256, 256, 160]) | Label shape: torch.Size([256, 256, 160])
[2025-07-04 17:16:13,075] [DEBUG] [TEST] Batch 2 | Pred shape: torch.Size([256, 256, 160]) | Label shape: torch.Size([256, 256, 160])
[2025-07-04 17:16:13,195] [DEBUG] [TEST] Batch 3 | Pred shape: torch.Size([256, 256, 160]) | Label shape: torch.Size([256, 256, 160])
[2025-07-04 17:16:13,278] [DEBUG] [TEST] Batch 4 | Pred shape: torch.Size([256, 256, 160]) | Label shape: torch.Size([256, 256, 160])
[2025-07-04 17:16:13,482] [DEBUG] [TEST] Batch 5 | Pred shape: torch.Size([256, 256, 160]) | Label shape: torch.Size([256, 256, 160])
[2025-07-04 17:16:13,537] [DEBUG] [TEST] Batch 6 | Pred shape: torch.Size([256, 256, 160]) | Label shape: torch.Size([256, 256, 160])
[2025-07-04 17:16:13,594] [DEBUG] [TEST] Batch 7 | Pred shape: torch.Size([256, 256, 160]) | Label shape: torch.Size([256, 256, 160])
[2025-07-04 17:16:13,650] [DEBUG] [TEST] Batch 8 | Pred shape: torch.Size([256, 256, 160]) | Label shape: torch.Size([256, 256, 160])
[2025-07-04 17:16:15,781] [DEBUG] [TEST] Batch 9 | Pred shape: torch.Size([256, 256, 160]) | Label shape: torch.Size([256, 256, 160])
[2025-07-04 17:16:15,903] [DEBUG] [TEST] Batch 10 | Pred shape: torch.Size([256, 256, 160]) | Label shape: torch.Size([256, 256, 160])
[2025-07-04 17:16:19,332] [INFO] [EVALUATE] Dice WT: 0.4124
[2025-07-04 17:16:23,922] [INFO] [FIT] Received parameters. Starting local training...
[2025-07-04 17:16:27,100] [INFO] [DEBUG] Loaded compressed decoded weights.
[2025-07-04 17:17:15,659] [INFO] Model initialized on device: cuda:0
[2025-07-04 17:17:16,782] [INFO] Model initialized on device: cuda:0
[2025-07-04 17:17:16,793] [INFO] Model initialized on device: cuda:0
[2025-07-04 17:17:16,805] [INFO] Model initialized on device: cuda:0
[2025-07-04 17:17:16,876] [INFO] Model initialized on device: cuda:0
[2025-07-04 17:17:16,889] [INFO] Model initialized on device: cuda:0
[2025-07-04 17:17:16,892] [INFO] Model initialized on device: cuda:0
[2025-07-04 17:17:16,901] [INFO] Model initialized on device: cuda:0
[2025-07-04 17:18:28,218] [INFO] [TRAIN] Epoch 1 Loss: 0.8725
[2025-07-04 17:19:12,302] [INFO] Model initialized on device: cuda:0
[2025-07-04 17:19:12,399] [INFO] Model initialized on device: cuda:0
[2025-07-04 17:19:12,916] [INFO] Model initialized on device: cuda:0
[2025-07-04 17:19:13,078] [INFO] Model initialized on device: cuda:0
[2025-07-04 17:19:13,175] [INFO] Model initialized on device: cuda:0
[2025-07-04 17:19:13,308] [INFO] Model initialized on device: cuda:0
[2025-07-04 17:19:13,379] [INFO] Model initialized on device: cuda:0
[2025-07-04 17:19:13,382] [INFO] Model initialized on device: cuda:0
[2025-07-04 17:20:24,864] [INFO] [TRAIN] Epoch 2 Loss: 0.8459
[2025-07-04 17:21:07,698] [INFO] Model initialized on device: cuda:0
[2025-07-04 17:21:07,772] [INFO] Model initialized on device: cuda:0
[2025-07-04 17:21:07,990] [INFO] Model initialized on device: cuda:0
[2025-07-04 17:21:07,998] [INFO] Model initialized on device: cuda:0
[2025-07-04 17:21:08,070] [INFO] Model initialized on device: cuda:0
[2025-07-04 17:21:08,081] [INFO] Model initialized on device: cuda:0
[2025-07-04 17:21:08,097] [INFO] Model initialized on device: cuda:0
[2025-07-04 17:21:08,103] [INFO] Model initialized on device: cuda:0
[2025-07-04 17:22:17,218] [INFO] [TRAIN] Epoch 3 Loss: 0.8297
[2025-07-04 17:22:59,802] [INFO] Model initialized on device: cuda:0
[2025-07-04 17:23:02,093] [INFO] Model initialized on device: cuda:0
[2025-07-04 17:23:02,097] [INFO] Model initialized on device: cuda:0
[2025-07-04 17:23:02,516] [INFO] Model initialized on device: cuda:0
[2025-07-04 17:23:02,571] [INFO] Model initialized on device: cuda:0
[2025-07-04 17:23:02,572] [INFO] Model initialized on device: cuda:0
[2025-07-04 17:23:02,697] [INFO] Model initialized on device: cuda:0
[2025-07-04 17:23:02,875] [INFO] Model initialized on device: cuda:0
[2025-07-04 17:24:14,469] [INFO] [TRAIN] Epoch 4 Loss: 0.8115
[2025-07-04 17:24:55,839] [INFO] Model initialized on device: cuda:0
[2025-07-04 17:24:56,073] [INFO] Model initialized on device: cuda:0
[2025-07-04 17:24:58,082] [INFO] Model initialized on device: cuda:0
[2025-07-04 17:24:58,424] [INFO] Model initialized on device: cuda:0
[2025-07-04 17:24:58,913] [INFO] Model initialized on device: cuda:0
[2025-07-04 17:24:59,074] [INFO] Model initialized on device: cuda:0
[2025-07-04 17:24:59,099] [INFO] Model initialized on device: cuda:0
[2025-07-04 17:24:59,170] [INFO] Model initialized on device: cuda:0
[2025-07-04 17:26:03,523] [INFO] [TRAIN] Epoch 5 Loss: 0.7917
[2025-07-04 17:26:03,524] [INFO] [FIT] Local training finished. Avg Loss: 0.8303
[2025-07-04 17:26:32,115] [INFO] Model initialized on device: cuda:0
[2025-07-04 17:26:32,505] [INFO] Model initialized on device: cuda:0
[2025-07-04 17:26:34,544] [INFO] Model initialized on device: cuda:0
[2025-07-04 17:26:34,886] [INFO] Model initialized on device: cuda:0
[2025-07-04 17:26:35,026] [DEBUG] [TEST] Batch 1 | Pred shape: torch.Size([256, 256, 160]) | Label shape: torch.Size([256, 256, 160])
[2025-07-04 17:26:35,092] [INFO] Model initialized on device: cuda:0
[2025-07-04 17:26:35,633] [INFO] Model initialized on device: cuda:0
[2025-07-04 17:26:35,690] [INFO] Model initialized on device: cuda:0
[2025-07-04 17:26:35,692] [INFO] Model initialized on device: cuda:0
[2025-07-04 17:26:39,417] [DEBUG] [TEST] Batch 2 | Pred shape: torch.Size([256, 256, 160]) | Label shape: torch.Size([256, 256, 160])
[2025-07-04 17:26:39,537] [DEBUG] [TEST] Batch 3 | Pred shape: torch.Size([256, 256, 160]) | Label shape: torch.Size([256, 256, 160])
[2025-07-04 17:26:39,656] [DEBUG] [TEST] Batch 4 | Pred shape: torch.Size([256, 256, 160]) | Label shape: torch.Size([256, 256, 160])
[2025-07-04 17:26:39,780] [DEBUG] [TEST] Batch 5 | Pred shape: torch.Size([256, 256, 160]) | Label shape: torch.Size([256, 256, 160])
[2025-07-04 17:26:39,908] [DEBUG] [TEST] Batch 6 | Pred shape: torch.Size([256, 256, 160]) | Label shape: torch.Size([256, 256, 160])
[2025-07-04 17:26:40,033] [DEBUG] [TEST] Batch 7 | Pred shape: torch.Size([256, 256, 160]) | Label shape: torch.Size([256, 256, 160])
[2025-07-04 17:26:40,170] [DEBUG] [TEST] Batch 8 | Pred shape: torch.Size([256, 256, 160]) | Label shape: torch.Size([256, 256, 160])
[2025-07-04 17:26:40,295] [DEBUG] [TEST] Batch 9 | Pred shape: torch.Size([256, 256, 160]) | Label shape: torch.Size([256, 256, 160])
[2025-07-04 17:26:41,617] [DEBUG] [TEST] Batch 10 | Pred shape: torch.Size([256, 256, 160]) | Label shape: torch.Size([256, 256, 160])
[2025-07-04 17:26:44,897] [INFO] [FIT] Final model saved to: Run_UNET_R3IID20%_fedWSOcompC64_20250704/Client1/model_final.pth
[2025-07-04 17:27:45,718] [INFO] [EVALUATE] Starting evaluation...
[2025-07-04 17:27:48,688] [INFO] [DEBUG] Loaded compressed decoded weights.
[2025-07-04 17:28:31,555] [INFO] Model initialized on device: cuda:0
[2025-07-04 17:28:32,689] [INFO] Model initialized on device: cuda:0
[2025-07-04 17:28:33,453] [INFO] Model initialized on device: cuda:0
[2025-07-04 17:28:33,692] [INFO] Model initialized on device: cuda:0
[2025-07-04 17:28:33,814] [INFO] Model initialized on device: cuda:0
[2025-07-04 17:28:33,820] [INFO] Model initialized on device: cuda:0
[2025-07-04 17:28:33,979] [DEBUG] [TEST] Batch 1 | Pred shape: torch.Size([256, 256, 160]) | Label shape: torch.Size([256, 256, 160])
[2025-07-04 17:28:34,044] [INFO] Model initialized on device: cuda:0
[2025-07-04 17:28:35,176] [INFO] Model initialized on device: cuda:0
[2025-07-04 17:28:35,577] [DEBUG] [TEST] Batch 2 | Pred shape: torch.Size([256, 256, 160]) | Label shape: torch.Size([256, 256, 160])
[2025-07-04 17:28:39,070] [DEBUG] [TEST] Batch 3 | Pred shape: torch.Size([256, 256, 160]) | Label shape: torch.Size([256, 256, 160])
[2025-07-04 17:28:39,126] [DEBUG] [TEST] Batch 4 | Pred shape: torch.Size([256, 256, 160]) | Label shape: torch.Size([256, 256, 160])
[2025-07-04 17:28:39,217] [DEBUG] [TEST] Batch 5 | Pred shape: torch.Size([256, 256, 160]) | Label shape: torch.Size([256, 256, 160])
[2025-07-04 17:28:39,278] [DEBUG] [TEST] Batch 6 | Pred shape: torch.Size([256, 256, 160]) | Label shape: torch.Size([256, 256, 160])
[2025-07-04 17:28:39,336] [DEBUG] [TEST] Batch 7 | Pred shape: torch.Size([256, 256, 160]) | Label shape: torch.Size([256, 256, 160])
[2025-07-04 17:28:39,391] [DEBUG] [TEST] Batch 8 | Pred shape: torch.Size([256, 256, 160]) | Label shape: torch.Size([256, 256, 160])
[2025-07-04 17:28:39,477] [DEBUG] [TEST] Batch 9 | Pred shape: torch.Size([256, 256, 160]) | Label shape: torch.Size([256, 256, 160])
[2025-07-04 17:28:39,532] [DEBUG] [TEST] Batch 10 | Pred shape: torch.Size([256, 256, 160]) | Label shape: torch.Size([256, 256, 160])
[2025-07-04 17:28:43,735] [INFO] [EVALUATE] Dice WT: 0.3475
[2025-07-04 17:28:50,086] [INFO] [FIT] Received parameters. Starting local training...
[2025-07-04 17:28:53,580] [INFO] [DEBUG] Loaded compressed decoded weights.
[2025-07-04 17:29:44,089] [INFO] Model initialized on device: cuda:0
[2025-07-04 17:29:44,154] [INFO] Model initialized on device: cuda:0
[2025-07-04 17:29:44,168] [INFO] Model initialized on device: cuda:0
[2025-07-04 17:29:44,481] [INFO] Model initialized on device: cuda:0
[2025-07-04 17:29:44,774] [INFO] Model initialized on device: cuda:0
[2025-07-04 17:29:44,793] [INFO] Model initialized on device: cuda:0
[2025-07-04 17:29:44,983] [INFO] Model initialized on device: cuda:0
[2025-07-04 17:29:44,992] [INFO] Model initialized on device: cuda:0
[2025-07-04 17:30:51,600] [INFO] [TRAIN] Epoch 1 Loss: 0.8518
[2025-07-04 17:31:41,186] [INFO] Model initialized on device: cuda:0
[2025-07-04 17:31:41,190] [INFO] Model initialized on device: cuda:0
[2025-07-04 17:31:41,796] [INFO] Model initialized on device: cuda:0
[2025-07-04 17:31:41,802] [INFO] Model initialized on device: cuda:0
[2025-07-04 17:31:41,877] [INFO] Model initialized on device: cuda:0
[2025-07-04 17:31:42,072] [INFO] Model initialized on device: cuda:0
[2025-07-04 17:31:42,078] [INFO] Model initialized on device: cuda:0
[2025-07-04 17:31:42,084] [INFO] Model initialized on device: cuda:0
[2025-07-04 17:32:50,114] [INFO] [TRAIN] Epoch 2 Loss: 0.8176
[2025-07-04 17:33:33,673] [INFO] Model initialized on device: cuda:0
[2025-07-04 17:33:34,012] [INFO] Model initialized on device: cuda:0
[2025-07-04 17:33:34,013] [INFO] Model initialized on device: cuda:0
[2025-07-04 17:33:34,485] [INFO] Model initialized on device: cuda:0
[2025-07-04 17:33:34,575] [INFO] Model initialized on device: cuda:0
[2025-07-04 17:33:34,704] [INFO] Model initialized on device: cuda:0
[2025-07-04 17:33:34,704] [INFO] Model initialized on device: cuda:0
[2025-07-04 17:33:34,792] [INFO] Model initialized on device: cuda:0
[2025-07-04 17:34:43,548] [INFO] [TRAIN] Epoch 3 Loss: 0.8003
[2025-07-04 17:35:30,727] [INFO] Model initialized on device: cuda:0
[2025-07-04 17:35:31,252] [INFO] Model initialized on device: cuda:0
[2025-07-04 17:35:31,806] [INFO] Model initialized on device: cuda:0
[2025-07-04 17:35:32,076] [INFO] Model initialized on device: cuda:0
[2025-07-04 17:35:32,096] [INFO] Model initialized on device: cuda:0
[2025-07-04 17:35:32,096] [INFO] Model initialized on device: cuda:0
[2025-07-04 17:35:32,271] [INFO] Model initialized on device: cuda:0
[2025-07-04 17:35:32,286] [INFO] Model initialized on device: cuda:0
[2025-07-04 17:36:42,208] [INFO] [TRAIN] Epoch 4 Loss: 0.7797
[2025-07-04 17:37:15,806] [INFO] Model initialized on device: cuda:0
[2025-07-04 17:37:16,487] [INFO] Model initialized on device: cuda:0
[2025-07-04 17:37:17,588] [INFO] Model initialized on device: cuda:0
[2025-07-04 17:37:18,021] [INFO] Model initialized on device: cuda:0
[2025-07-04 17:37:18,876] [INFO] Model initialized on device: cuda:0
[2025-07-04 17:37:22,945] [INFO] Model initialized on device: cuda:0
[2025-07-04 17:37:24,204] [INFO] Model initialized on device: cuda:0
[2025-07-04 17:37:24,319] [INFO] Model initialized on device: cuda:0
[2025-07-04 17:38:24,314] [INFO] [TRAIN] Epoch 5 Loss: 0.7577
[2025-07-04 17:38:24,315] [INFO] [FIT] Local training finished. Avg Loss: 0.8014
[2025-07-04 17:38:53,298] [INFO] Model initialized on device: cuda:0
[2025-07-04 17:38:53,494] [INFO] Model initialized on device: cuda:0
[2025-07-04 17:38:55,491] [INFO] Model initialized on device: cuda:0
[2025-07-04 17:38:55,492] [INFO] Model initialized on device: cuda:0
[2025-07-04 17:38:55,713] [INFO] Model initialized on device: cuda:0
[2025-07-04 17:38:55,713] [INFO] Model initialized on device: cuda:0
[2025-07-04 17:38:55,798] [INFO] Model initialized on device: cuda:0
[2025-07-04 17:38:55,812] [INFO] Model initialized on device: cuda:0
[2025-07-04 17:39:00,286] [DEBUG] [TEST] Batch 1 | Pred shape: torch.Size([256, 256, 160]) | Label shape: torch.Size([256, 256, 160])
[2025-07-04 17:39:00,342] [DEBUG] [TEST] Batch 2 | Pred shape: torch.Size([256, 256, 160]) | Label shape: torch.Size([256, 256, 160])
[2025-07-04 17:39:00,402] [DEBUG] [TEST] Batch 3 | Pred shape: torch.Size([256, 256, 160]) | Label shape: torch.Size([256, 256, 160])
[2025-07-04 17:39:00,464] [DEBUG] [TEST] Batch 4 | Pred shape: torch.Size([256, 256, 160]) | Label shape: torch.Size([256, 256, 160])
[2025-07-04 17:39:00,524] [DEBUG] [TEST] Batch 5 | Pred shape: torch.Size([256, 256, 160]) | Label shape: torch.Size([256, 256, 160])
[2025-07-04 17:39:00,585] [DEBUG] [TEST] Batch 6 | Pred shape: torch.Size([256, 256, 160]) | Label shape: torch.Size([256, 256, 160])
[2025-07-04 17:39:00,670] [DEBUG] [TEST] Batch 7 | Pred shape: torch.Size([256, 256, 160]) | Label shape: torch.Size([256, 256, 160])
[2025-07-04 17:39:00,726] [DEBUG] [TEST] Batch 8 | Pred shape: torch.Size([256, 256, 160]) | Label shape: torch.Size([256, 256, 160])
[2025-07-04 17:39:02,264] [DEBUG] [TEST] Batch 9 | Pred shape: torch.Size([256, 256, 160]) | Label shape: torch.Size([256, 256, 160])
[2025-07-04 17:39:02,323] [DEBUG] [TEST] Batch 10 | Pred shape: torch.Size([256, 256, 160]) | Label shape: torch.Size([256, 256, 160])
[2025-07-04 17:39:05,127] [INFO] [FIT] Final model saved to: Run_UNET_R3IID20%_fedWSOcompC64_20250704/Client1/model_final.pth
[2025-07-04 17:41:09,282] [INFO] [EVALUATE] Starting evaluation...
[2025-07-04 17:41:11,189] [INFO] [DEBUG] Loaded compressed decoded weights.
[2025-07-04 17:41:59,217] [INFO] Model initialized on device: cuda:0
[2025-07-04 17:42:01,632] [INFO] Model initialized on device: cuda:0
[2025-07-04 17:42:01,789] [INFO] Model initialized on device: cuda:0
[2025-07-04 17:42:01,915] [INFO] Model initialized on device: cuda:0
[2025-07-04 17:42:02,281] [INFO] Model initialized on device: cuda:0
[2025-07-04 17:42:02,389] [INFO] Model initialized on device: cuda:0
[2025-07-04 17:42:02,573] [INFO] Model initialized on device: cuda:0
[2025-07-04 17:42:02,596] [INFO] Model initialized on device: cuda:0
[2025-07-04 17:42:07,178] [DEBUG] [TEST] Batch 1 | Pred shape: torch.Size([256, 256, 160]) | Label shape: torch.Size([256, 256, 160])
[2025-07-04 17:42:07,285] [DEBUG] [TEST] Batch 2 | Pred shape: torch.Size([256, 256, 160]) | Label shape: torch.Size([256, 256, 160])
[2025-07-04 17:42:07,778] [DEBUG] [TEST] Batch 3 | Pred shape: torch.Size([256, 256, 160]) | Label shape: torch.Size([256, 256, 160])
[2025-07-04 17:42:07,898] [DEBUG] [TEST] Batch 4 | Pred shape: torch.Size([256, 256, 160]) | Label shape: torch.Size([256, 256, 160])
[2025-07-04 17:42:08,127] [DEBUG] [TEST] Batch 5 | Pred shape: torch.Size([256, 256, 160]) | Label shape: torch.Size([256, 256, 160])
[2025-07-04 17:42:08,374] [DEBUG] [TEST] Batch 6 | Pred shape: torch.Size([256, 256, 160]) | Label shape: torch.Size([256, 256, 160])
[2025-07-04 17:42:08,606] [DEBUG] [TEST] Batch 7 | Pred shape: torch.Size([256, 256, 160]) | Label shape: torch.Size([256, 256, 160])
[2025-07-04 17:42:08,839] [DEBUG] [TEST] Batch 8 | Pred shape: torch.Size([256, 256, 160]) | Label shape: torch.Size([256, 256, 160])
[2025-07-04 17:42:09,483] [DEBUG] [TEST] Batch 9 | Pred shape: torch.Size([256, 256, 160]) | Label shape: torch.Size([256, 256, 160])
[2025-07-04 17:42:09,538] [DEBUG] [TEST] Batch 10 | Pred shape: torch.Size([256, 256, 160]) | Label shape: torch.Size([256, 256, 160])
[2025-07-04 17:42:14,340] [INFO] [EVALUATE] Dice WT: 0.3178
