[2025-07-18 13:42:25,452] [INFO] Model initialized on device: cuda:0
[2025-07-18 13:42:43,532] [INFO] [FIT] Received parameters. Starting local training...
[2025-07-18 13:42:45,679] [INFO] [DEBUG] Loaded uncompressed weights.
[2025-07-18 13:42:45,982] [ERROR] [MODEL PARAMETER ERROR] Layer model.0.conv.unit0.adn.N.weight corrupted: mean=1.0, std=0.0
[2025-07-18 13:42:45,982] [ERROR] [MODEL PARAMETER ERROR] Layer model.0.conv.unit0.adn.N.bias corrupted: mean=0.0, std=0.0
[2025-07-18 13:42:45,983] [ERROR] [MODEL PARAMETER ERROR] Layer model.0.conv.unit1.adn.N.weight corrupted: mean=1.0, std=0.0
[2025-07-18 13:42:45,983] [ERROR] [MODEL PARAMETER ERROR] Layer model.0.conv.unit1.adn.N.bias corrupted: mean=0.0, std=0.0
[2025-07-18 13:42:45,983] [ERROR] [MODEL PARAMETER ERROR] Layer model.1.submodule.0.conv.unit0.adn.N.weight corrupted: mean=1.0, std=0.0
[2025-07-18 13:42:45,984] [ERROR] [MODEL PARAMETER ERROR] Layer model.1.submodule.0.conv.unit0.adn.N.bias corrupted: mean=0.0, std=0.0
[2025-07-18 13:42:45,984] [ERROR] [MODEL PARAMETER ERROR] Layer model.1.submodule.0.conv.unit1.adn.N.weight corrupted: mean=1.0, std=0.0
[2025-07-18 13:42:45,984] [ERROR] [MODEL PARAMETER ERROR] Layer model.1.submodule.0.conv.unit1.adn.N.bias corrupted: mean=0.0, std=0.0
[2025-07-18 13:42:45,985] [ERROR] [MODEL PARAMETER ERROR] Layer model.1.submodule.1.submodule.0.conv.unit0.adn.N.weight corrupted: mean=1.0, std=0.0
[2025-07-18 13:42:45,985] [ERROR] [MODEL PARAMETER ERROR] Layer model.1.submodule.1.submodule.0.conv.unit0.adn.N.bias corrupted: mean=0.0, std=0.0
[2025-07-18 13:42:45,985] [ERROR] [MODEL PARAMETER ERROR] Layer model.1.submodule.1.submodule.0.conv.unit1.adn.N.weight corrupted: mean=1.0, std=0.0
[2025-07-18 13:42:45,985] [ERROR] [MODEL PARAMETER ERROR] Layer model.1.submodule.1.submodule.0.conv.unit1.adn.N.bias corrupted: mean=0.0, std=0.0
[2025-07-18 13:42:46,072] [ERROR] [MODEL PARAMETER ERROR] Layer model.1.submodule.1.submodule.1.submodule.0.conv.unit0.adn.N.weight corrupted: mean=1.0, std=0.0
[2025-07-18 13:42:46,072] [ERROR] [MODEL PARAMETER ERROR] Layer model.1.submodule.1.submodule.1.submodule.0.conv.unit0.adn.N.bias corrupted: mean=0.0, std=0.0
[2025-07-18 13:42:46,075] [ERROR] [MODEL PARAMETER ERROR] Layer model.1.submodule.1.submodule.1.submodule.0.conv.unit1.adn.N.weight corrupted: mean=1.0, std=0.0
[2025-07-18 13:42:46,076] [ERROR] [MODEL PARAMETER ERROR] Layer model.1.submodule.1.submodule.1.submodule.0.conv.unit1.adn.N.bias corrupted: mean=0.0, std=0.0
[2025-07-18 13:42:46,081] [ERROR] [MODEL PARAMETER ERROR] Layer model.1.submodule.1.submodule.1.submodule.1.submodule.conv.unit0.adn.N.weight corrupted: mean=1.0, std=0.0
[2025-07-18 13:42:46,082] [ERROR] [MODEL PARAMETER ERROR] Layer model.1.submodule.1.submodule.1.submodule.1.submodule.conv.unit0.adn.N.bias corrupted: mean=0.0, std=0.0
[2025-07-18 13:42:46,085] [ERROR] [MODEL PARAMETER ERROR] Layer model.1.submodule.1.submodule.1.submodule.1.submodule.conv.unit1.adn.N.weight corrupted: mean=1.0, std=0.0
[2025-07-18 13:42:46,086] [ERROR] [MODEL PARAMETER ERROR] Layer model.1.submodule.1.submodule.1.submodule.1.submodule.conv.unit1.adn.N.bias corrupted: mean=0.0, std=0.0
[2025-07-18 13:42:46,087] [ERROR] [MODEL PARAMETER ERROR] Layer model.1.submodule.1.submodule.1.submodule.2.0.adn.N.weight corrupted: mean=1.0, std=0.0
[2025-07-18 13:42:46,087] [ERROR] [MODEL PARAMETER ERROR] Layer model.1.submodule.1.submodule.1.submodule.2.0.adn.N.bias corrupted: mean=0.0, std=0.0
[2025-07-18 13:42:46,088] [ERROR] [MODEL PARAMETER ERROR] Layer model.1.submodule.1.submodule.1.submodule.2.1.conv.unit0.adn.N.weight corrupted: mean=1.0, std=0.0
[2025-07-18 13:42:46,088] [ERROR] [MODEL PARAMETER ERROR] Layer model.1.submodule.1.submodule.1.submodule.2.1.conv.unit0.adn.N.bias corrupted: mean=0.0, std=0.0
[2025-07-18 13:42:46,088] [ERROR] [MODEL PARAMETER ERROR] Layer model.1.submodule.1.submodule.2.0.adn.N.weight corrupted: mean=1.0, std=0.0
[2025-07-18 13:42:46,088] [ERROR] [MODEL PARAMETER ERROR] Layer model.1.submodule.1.submodule.2.0.adn.N.bias corrupted: mean=0.0, std=0.0
[2025-07-18 13:42:46,089] [ERROR] [MODEL PARAMETER ERROR] Layer model.1.submodule.1.submodule.2.1.conv.unit0.adn.N.weight corrupted: mean=1.0, std=0.0
[2025-07-18 13:42:46,089] [ERROR] [MODEL PARAMETER ERROR] Layer model.1.submodule.1.submodule.2.1.conv.unit0.adn.N.bias corrupted: mean=0.0, std=0.0
[2025-07-18 13:42:46,089] [ERROR] [MODEL PARAMETER ERROR] Layer model.1.submodule.2.0.adn.N.weight corrupted: mean=1.0, std=0.0
[2025-07-18 13:42:46,089] [ERROR] [MODEL PARAMETER ERROR] Layer model.1.submodule.2.0.adn.N.bias corrupted: mean=0.0, std=0.0
[2025-07-18 13:42:46,090] [ERROR] [MODEL PARAMETER ERROR] Layer model.1.submodule.2.1.conv.unit0.adn.N.weight corrupted: mean=1.0, std=0.0
[2025-07-18 13:42:46,090] [ERROR] [MODEL PARAMETER ERROR] Layer model.1.submodule.2.1.conv.unit0.adn.N.bias corrupted: mean=0.0, std=0.0
[2025-07-18 13:43:46,210] [INFO] Model initialized on device: cuda:0
[2025-07-18 13:43:46,414] [INFO] Model initialized on device: cuda:0
[2025-07-18 13:43:46,418] [INFO] Model initialized on device: cuda:0
[2025-07-18 13:43:46,540] [INFO] Model initialized on device: cuda:0
[2025-07-18 13:43:46,542] [INFO] Model initialized on device: cuda:0
[2025-07-18 13:43:46,778] [INFO] Model initialized on device: cuda:0
[2025-07-18 13:43:47,297] [INFO] Model initialized on device: cuda:0
[2025-07-18 13:43:47,400] [INFO] Model initialized on device: cuda:0
[2025-07-18 13:43:47,573] [INFO] Model initialized on device: cuda:0
[2025-07-18 13:43:47,972] [INFO] Model initialized on device: cuda:0
[2025-07-18 13:45:45,274] [INFO] [TRAIN] Epoch 1 Loss: 0.9598
[2025-07-18 13:46:19,878] [INFO] Model initialized on device: cuda:0
[2025-07-18 13:46:20,373] [INFO] Model initialized on device: cuda:0
[2025-07-18 13:46:25,295] [INFO] Model initialized on device: cuda:0
[2025-07-18 13:46:26,975] [INFO] Model initialized on device: cuda:0
[2025-07-18 13:46:27,591] [INFO] Model initialized on device: cuda:0
[2025-07-18 13:46:31,082] [INFO] Model initialized on device: cuda:0
[2025-07-18 13:46:31,796] [INFO] Model initialized on device: cuda:0
[2025-07-18 13:46:31,796] [INFO] Model initialized on device: cuda:0
[2025-07-18 13:46:31,983] [INFO] Model initialized on device: cuda:0
[2025-07-18 13:46:31,983] [INFO] Model initialized on device: cuda:0
[2025-07-18 13:48:16,879] [INFO] [TRAIN] Epoch 2 Loss: 0.9557
[2025-07-18 13:48:51,901] [INFO] Model initialized on device: cuda:0
[2025-07-18 13:48:53,000] [INFO] Model initialized on device: cuda:0
[2025-07-18 13:49:02,188] [INFO] Model initialized on device: cuda:0
[2025-07-18 13:49:02,605] [INFO] Model initialized on device: cuda:0
[2025-07-18 13:49:02,887] [INFO] Model initialized on device: cuda:0
[2025-07-18 13:49:02,983] [INFO] Model initialized on device: cuda:0
[2025-07-18 13:49:02,985] [INFO] Model initialized on device: cuda:0
[2025-07-18 13:49:03,177] [INFO] Model initialized on device: cuda:0
[2025-07-18 13:49:03,177] [INFO] Model initialized on device: cuda:0
[2025-07-18 13:49:03,270] [INFO] Model initialized on device: cuda:0
[2025-07-18 13:50:49,777] [INFO] [TRAIN] Epoch 3 Loss: 0.9547
[2025-07-18 13:51:23,980] [INFO] Model initialized on device: cuda:0
[2025-07-18 13:51:26,103] [INFO] Model initialized on device: cuda:0
[2025-07-18 13:51:31,380] [INFO] Model initialized on device: cuda:0
[2025-07-18 13:51:32,181] [INFO] Model initialized on device: cuda:0
[2025-07-18 13:51:32,698] [INFO] Model initialized on device: cuda:0
[2025-07-18 13:51:32,870] [INFO] Model initialized on device: cuda:0
[2025-07-18 13:51:32,896] [INFO] Model initialized on device: cuda:0
[2025-07-18 13:51:35,908] [INFO] Model initialized on device: cuda:0
[2025-07-18 13:51:35,982] [INFO] Model initialized on device: cuda:0
[2025-07-18 13:51:35,996] [INFO] Model initialized on device: cuda:0
[2025-07-18 13:53:16,380] [INFO] [TRAIN] Epoch 4 Loss: 0.9541
[2025-07-18 13:53:46,170] [INFO] Model initialized on device: cuda:0
[2025-07-18 13:53:47,975] [INFO] Model initialized on device: cuda:0
[2025-07-18 13:53:52,874] [INFO] Model initialized on device: cuda:0
[2025-07-18 13:53:54,981] [INFO] Model initialized on device: cuda:0
[2025-07-18 13:53:54,981] [INFO] Model initialized on device: cuda:0
[2025-07-18 13:53:55,689] [INFO] Model initialized on device: cuda:0
[2025-07-18 13:53:57,191] [INFO] Model initialized on device: cuda:0
[2025-07-18 13:53:57,492] [INFO] Model initialized on device: cuda:0
[2025-07-18 13:53:57,680] [INFO] Model initialized on device: cuda:0
[2025-07-18 13:53:57,680] [INFO] Model initialized on device: cuda:0
[2025-07-18 13:55:36,777] [INFO] [TRAIN] Epoch 5 Loss: 0.9533
[2025-07-18 13:55:36,778] [INFO] [FIT] Local training finished. Avg Loss: 0.9555
[2025-07-18 13:56:07,978] [INFO] Model initialized on device: cuda:0
[2025-07-18 13:56:08,484] [INFO] Model initialized on device: cuda:0
[2025-07-18 13:56:12,605] [INFO] Model initialized on device: cuda:0
[2025-07-18 13:56:14,577] [INFO] Model initialized on device: cuda:0
[2025-07-18 13:56:16,481] [INFO] Model initialized on device: cuda:0
[2025-07-18 13:56:16,682] [INFO] Model initialized on device: cuda:0
[2025-07-18 13:56:16,971] [INFO] Model initialized on device: cuda:0
[2025-07-18 13:56:16,995] [INFO] Model initialized on device: cuda:0
[2025-07-18 13:56:17,093] [INFO] Model initialized on device: cuda:0
[2025-07-18 13:56:17,580] [INFO] Model initialized on device: cuda:0
[2025-07-18 13:56:20,775] [DEBUG] [TEST] Batch 1 | Pred shape: torch.Size([256, 256, 160]) | Label shape: torch.Size([256, 256, 160])
[2025-07-18 13:56:23,710] [DEBUG] [TEST] Batch 2 | Pred shape: torch.Size([256, 256, 160]) | Label shape: torch.Size([256, 256, 160])
[2025-07-18 13:56:23,909] [DEBUG] [TEST] Batch 3 | Pred shape: torch.Size([256, 256, 160]) | Label shape: torch.Size([256, 256, 160])
[2025-07-18 13:56:25,421] [DEBUG] [TEST] Batch 4 | Pred shape: torch.Size([256, 256, 160]) | Label shape: torch.Size([256, 256, 160])
[2025-07-18 13:56:25,689] [DEBUG] [TEST] Batch 5 | Pred shape: torch.Size([256, 256, 160]) | Label shape: torch.Size([256, 256, 160])
[2025-07-18 13:56:25,970] [DEBUG] [TEST] Batch 6 | Pred shape: torch.Size([256, 256, 160]) | Label shape: torch.Size([256, 256, 160])
[2025-07-18 13:56:26,190] [DEBUG] [TEST] Batch 7 | Pred shape: torch.Size([256, 256, 160]) | Label shape: torch.Size([256, 256, 160])
[2025-07-18 13:56:26,482] [DEBUG] [TEST] Batch 8 | Pred shape: torch.Size([256, 256, 160]) | Label shape: torch.Size([256, 256, 160])
[2025-07-18 13:56:26,674] [DEBUG] [TEST] Batch 9 | Pred shape: torch.Size([256, 256, 160]) | Label shape: torch.Size([256, 256, 160])
[2025-07-18 13:56:26,777] [DEBUG] [TEST] Batch 10 | Pred shape: torch.Size([256, 256, 160]) | Label shape: torch.Size([256, 256, 160])
[2025-07-18 13:56:26,876] [DEBUG] [TEST] Batch 11 | Pred shape: torch.Size([256, 256, 160]) | Label shape: torch.Size([256, 256, 160])
[2025-07-18 13:56:28,717] [DEBUG] [TEST] Batch 12 | Pred shape: torch.Size([256, 256, 160]) | Label shape: torch.Size([256, 256, 160])
[2025-07-18 13:56:28,881] [DEBUG] [TEST] Batch 13 | Pred shape: torch.Size([256, 256, 160]) | Label shape: torch.Size([256, 256, 160])
[2025-07-18 13:56:29,877] [DEBUG] [TEST] Batch 14 | Pred shape: torch.Size([256, 256, 160]) | Label shape: torch.Size([256, 256, 160])
[2025-07-18 13:56:30,022] [DEBUG] [TEST] Batch 15 | Pred shape: torch.Size([256, 256, 160]) | Label shape: torch.Size([256, 256, 160])
[2025-07-18 13:56:30,207] [DEBUG] [TEST] Batch 16 | Pred shape: torch.Size([256, 256, 160]) | Label shape: torch.Size([256, 256, 160])
[2025-07-18 13:56:37,370] [INFO] [FIT] Final model saved to: Run_UNET_R2Non-IID30%_fedWSOcompC32_20250718/Client3/model_final.pth
[2025-07-18 14:04:47,793] [INFO] [EVALUATE] Starting evaluation...
[2025-07-18 14:04:52,880] [INFO] [DEBUG] Loaded compressed decoded weights.
[2025-07-18 14:05:59,994] [INFO] Model initialized on device: cuda:0
[2025-07-18 14:06:02,811] [INFO] Model initialized on device: cuda:0
[2025-07-18 14:06:03,212] [INFO] Model initialized on device: cuda:0
[2025-07-18 14:06:03,574] [INFO] Model initialized on device: cuda:0
[2025-07-18 14:06:03,583] [INFO] Model initialized on device: cuda:0
[2025-07-18 14:06:03,875] [INFO] Model initialized on device: cuda:0
[2025-07-18 14:06:03,877] [INFO] Model initialized on device: cuda:0
[2025-07-18 14:06:03,886] [INFO] Model initialized on device: cuda:0
[2025-07-18 14:06:04,203] [INFO] Model initialized on device: cuda:0
[2025-07-18 14:06:04,277] [INFO] Model initialized on device: cuda:0
[2025-07-18 14:06:12,282] [DEBUG] [TEST] Batch 1 | Pred shape: torch.Size([256, 256, 160]) | Label shape: torch.Size([256, 256, 160])
[2025-07-18 14:06:12,582] [DEBUG] [TEST] Batch 2 | Pred shape: torch.Size([256, 256, 160]) | Label shape: torch.Size([256, 256, 160])
[2025-07-18 14:06:12,808] [DEBUG] [TEST] Batch 3 | Pred shape: torch.Size([256, 256, 160]) | Label shape: torch.Size([256, 256, 160])
[2025-07-18 14:06:13,098] [DEBUG] [TEST] Batch 4 | Pred shape: torch.Size([256, 256, 160]) | Label shape: torch.Size([256, 256, 160])
[2025-07-18 14:06:13,397] [DEBUG] [TEST] Batch 5 | Pred shape: torch.Size([256, 256, 160]) | Label shape: torch.Size([256, 256, 160])
[2025-07-18 14:06:13,693] [DEBUG] [TEST] Batch 6 | Pred shape: torch.Size([256, 256, 160]) | Label shape: torch.Size([256, 256, 160])
[2025-07-18 14:06:13,880] [DEBUG] [TEST] Batch 7 | Pred shape: torch.Size([256, 256, 160]) | Label shape: torch.Size([256, 256, 160])
[2025-07-18 14:06:13,994] [DEBUG] [TEST] Batch 8 | Pred shape: torch.Size([256, 256, 160]) | Label shape: torch.Size([256, 256, 160])
[2025-07-18 14:06:14,175] [DEBUG] [TEST] Batch 9 | Pred shape: torch.Size([256, 256, 160]) | Label shape: torch.Size([256, 256, 160])
[2025-07-18 14:06:14,277] [DEBUG] [TEST] Batch 10 | Pred shape: torch.Size([256, 256, 160]) | Label shape: torch.Size([256, 256, 160])
[2025-07-18 14:06:15,678] [DEBUG] [TEST] Batch 11 | Pred shape: torch.Size([256, 256, 160]) | Label shape: torch.Size([256, 256, 160])
[2025-07-18 14:06:16,691] [DEBUG] [TEST] Batch 12 | Pred shape: torch.Size([256, 256, 160]) | Label shape: torch.Size([256, 256, 160])
[2025-07-18 14:06:16,887] [DEBUG] [TEST] Batch 13 | Pred shape: torch.Size([256, 256, 160]) | Label shape: torch.Size([256, 256, 160])
[2025-07-18 14:06:17,107] [DEBUG] [TEST] Batch 14 | Pred shape: torch.Size([256, 256, 160]) | Label shape: torch.Size([256, 256, 160])
[2025-07-18 14:06:17,311] [DEBUG] [TEST] Batch 15 | Pred shape: torch.Size([256, 256, 160]) | Label shape: torch.Size([256, 256, 160])
[2025-07-18 14:06:17,579] [DEBUG] [TEST] Batch 16 | Pred shape: torch.Size([256, 256, 160]) | Label shape: torch.Size([256, 256, 160])
[2025-07-18 14:06:26,538] [INFO] [EVALUATE] Dice WT: 0.2230
[2025-07-18 14:06:38,421] [INFO] [FIT] Received parameters. Starting local training...
[2025-07-18 14:06:43,671] [INFO] [DEBUG] Loaded compressed decoded weights.
[2025-07-18 14:07:41,522] [INFO] Model initialized on device: cuda:0
[2025-07-18 14:07:41,540] [INFO] Model initialized on device: cuda:0
[2025-07-18 14:07:45,781] [INFO] Model initialized on device: cuda:0
[2025-07-18 14:07:45,894] [INFO] Model initialized on device: cuda:0
[2025-07-18 14:07:46,103] [INFO] Model initialized on device: cuda:0
[2025-07-18 14:07:46,282] [INFO] Model initialized on device: cuda:0
[2025-07-18 14:07:46,891] [INFO] Model initialized on device: cuda:0
[2025-07-18 14:07:46,974] [INFO] Model initialized on device: cuda:0
[2025-07-18 14:07:46,987] [INFO] Model initialized on device: cuda:0
[2025-07-18 14:07:47,102] [INFO] Model initialized on device: cuda:0
[2025-07-18 14:09:37,200] [INFO] [TRAIN] Epoch 1 Loss: 0.9484
[2025-07-18 14:10:10,285] [INFO] Model initialized on device: cuda:0
[2025-07-18 14:10:13,177] [INFO] Model initialized on device: cuda:0
[2025-07-18 14:10:16,774] [INFO] Model initialized on device: cuda:0
[2025-07-18 14:10:20,886] [INFO] Model initialized on device: cuda:0
[2025-07-18 14:10:21,082] [INFO] Model initialized on device: cuda:0
[2025-07-18 14:10:21,172] [INFO] Model initialized on device: cuda:0
[2025-07-18 14:10:21,201] [INFO] Model initialized on device: cuda:0
[2025-07-18 14:10:21,279] [INFO] Model initialized on device: cuda:0
[2025-07-18 14:10:21,284] [INFO] Model initialized on device: cuda:0
[2025-07-18 14:10:21,285] [INFO] Model initialized on device: cuda:0
[2025-07-18 14:12:06,975] [INFO] [TRAIN] Epoch 2 Loss: 0.9470
[2025-07-18 14:12:51,309] [INFO] Model initialized on device: cuda:0
[2025-07-18 14:12:51,371] [INFO] Model initialized on device: cuda:0
[2025-07-18 14:12:51,772] [INFO] Model initialized on device: cuda:0
[2025-07-18 14:12:51,783] [INFO] Model initialized on device: cuda:0
[2025-07-18 14:12:51,785] [INFO] Model initialized on device: cuda:0
[2025-07-18 14:12:51,897] [INFO] Model initialized on device: cuda:0
[2025-07-18 14:12:51,907] [INFO] Model initialized on device: cuda:0
[2025-07-18 14:12:51,970] [INFO] Model initialized on device: cuda:0
[2025-07-18 14:12:51,978] [INFO] Model initialized on device: cuda:0
[2025-07-18 14:12:51,980] [INFO] Model initialized on device: cuda:0
[2025-07-18 14:14:29,033] [INFO] [TRAIN] Epoch 3 Loss: 0.9456
[2025-07-18 14:14:59,211] [INFO] Model initialized on device: cuda:0
[2025-07-18 14:15:01,976] [INFO] Model initialized on device: cuda:0
[2025-07-18 14:15:02,082] [INFO] Model initialized on device: cuda:0
[2025-07-18 14:15:08,096] [INFO] Model initialized on device: cuda:0
[2025-07-18 14:15:08,694] [INFO] Model initialized on device: cuda:0
[2025-07-18 14:15:08,774] [INFO] Model initialized on device: cuda:0
[2025-07-18 14:15:09,079] [INFO] Model initialized on device: cuda:0
[2025-07-18 14:15:09,182] [INFO] Model initialized on device: cuda:0
[2025-07-18 14:15:09,183] [INFO] Model initialized on device: cuda:0
[2025-07-18 14:15:09,779] [INFO] Model initialized on device: cuda:0
[2025-07-18 14:16:51,650] [INFO] [TRAIN] Epoch 4 Loss: 0.9442
[2025-07-18 14:17:28,688] [INFO] Model initialized on device: cuda:0
[2025-07-18 14:17:29,076] [INFO] Model initialized on device: cuda:0
[2025-07-18 14:17:33,610] [INFO] Model initialized on device: cuda:0
[2025-07-18 14:17:33,984] [INFO] Model initialized on device: cuda:0
[2025-07-18 14:17:36,687] [INFO] Model initialized on device: cuda:0
[2025-07-18 14:17:47,575] [INFO] Model initialized on device: cuda:0
[2025-07-18 14:17:47,875] [INFO] Model initialized on device: cuda:0
[2025-07-18 14:17:48,282] [INFO] Model initialized on device: cuda:0
[2025-07-18 14:17:49,685] [INFO] Model initialized on device: cuda:0
[2025-07-18 14:17:50,071] [INFO] Model initialized on device: cuda:0
[2025-07-18 14:19:19,206] [INFO] [TRAIN] Epoch 5 Loss: 0.9425
[2025-07-18 14:19:19,208] [INFO] [FIT] Local training finished. Avg Loss: 0.9456
[2025-07-18 14:19:48,396] [INFO] Model initialized on device: cuda:0
[2025-07-18 14:19:48,683] [INFO] Model initialized on device: cuda:0
[2025-07-18 14:19:51,311] [INFO] Model initialized on device: cuda:0
[2025-07-18 14:19:53,618] [INFO] Model initialized on device: cuda:0
[2025-07-18 14:19:53,980] [INFO] Model initialized on device: cuda:0
[2025-07-18 14:19:54,284] [INFO] Model initialized on device: cuda:0
[2025-07-18 14:19:54,576] [INFO] Model initialized on device: cuda:0
[2025-07-18 14:19:54,794] [INFO] Model initialized on device: cuda:0
[2025-07-18 14:19:55,092] [INFO] Model initialized on device: cuda:0
[2025-07-18 14:19:55,092] [INFO] Model initialized on device: cuda:0
[2025-07-18 14:19:59,608] [DEBUG] [TEST] Batch 1 | Pred shape: torch.Size([256, 256, 160]) | Label shape: torch.Size([256, 256, 160])
[2025-07-18 14:20:00,014] [DEBUG] [TEST] Batch 2 | Pred shape: torch.Size([256, 256, 160]) | Label shape: torch.Size([256, 256, 160])
[2025-07-18 14:20:01,200] [DEBUG] [TEST] Batch 3 | Pred shape: torch.Size([256, 256, 160]) | Label shape: torch.Size([256, 256, 160])
[2025-07-18 14:20:01,380] [DEBUG] [TEST] Batch 4 | Pred shape: torch.Size([256, 256, 160]) | Label shape: torch.Size([256, 256, 160])
[2025-07-18 14:20:01,572] [DEBUG] [TEST] Batch 5 | Pred shape: torch.Size([256, 256, 160]) | Label shape: torch.Size([256, 256, 160])
[2025-07-18 14:20:01,775] [DEBUG] [TEST] Batch 6 | Pred shape: torch.Size([256, 256, 160]) | Label shape: torch.Size([256, 256, 160])
[2025-07-18 14:20:01,873] [DEBUG] [TEST] Batch 7 | Pred shape: torch.Size([256, 256, 160]) | Label shape: torch.Size([256, 256, 160])
[2025-07-18 14:20:01,977] [DEBUG] [TEST] Batch 8 | Pred shape: torch.Size([256, 256, 160]) | Label shape: torch.Size([256, 256, 160])
[2025-07-18 14:20:02,077] [DEBUG] [TEST] Batch 9 | Pred shape: torch.Size([256, 256, 160]) | Label shape: torch.Size([256, 256, 160])
[2025-07-18 14:20:02,177] [DEBUG] [TEST] Batch 10 | Pred shape: torch.Size([256, 256, 160]) | Label shape: torch.Size([256, 256, 160])
[2025-07-18 14:20:03,820] [DEBUG] [TEST] Batch 11 | Pred shape: torch.Size([256, 256, 160]) | Label shape: torch.Size([256, 256, 160])
[2025-07-18 14:20:03,979] [DEBUG] [TEST] Batch 12 | Pred shape: torch.Size([256, 256, 160]) | Label shape: torch.Size([256, 256, 160])
[2025-07-18 14:20:05,975] [DEBUG] [TEST] Batch 13 | Pred shape: torch.Size([256, 256, 160]) | Label shape: torch.Size([256, 256, 160])
[2025-07-18 14:20:06,225] [DEBUG] [TEST] Batch 14 | Pred shape: torch.Size([256, 256, 160]) | Label shape: torch.Size([256, 256, 160])
[2025-07-18 14:20:06,409] [DEBUG] [TEST] Batch 15 | Pred shape: torch.Size([256, 256, 160]) | Label shape: torch.Size([256, 256, 160])
[2025-07-18 14:20:06,574] [DEBUG] [TEST] Batch 16 | Pred shape: torch.Size([256, 256, 160]) | Label shape: torch.Size([256, 256, 160])
[2025-07-18 14:20:12,970] [INFO] [FIT] Final model saved to: Run_UNET_R2Non-IID30%_fedWSOcompC32_20250718/Client3/model_final.pth
[2025-07-18 14:28:29,819] [INFO] [EVALUATE] Starting evaluation...
[2025-07-18 14:28:31,978] [INFO] [DEBUG] Loaded compressed decoded weights.
[2025-07-18 14:29:45,188] [INFO] Model initialized on device: cuda:0
[2025-07-18 14:29:45,213] [INFO] Model initialized on device: cuda:0
[2025-07-18 14:29:45,339] [INFO] Model initialized on device: cuda:0
[2025-07-18 14:29:45,355] [INFO] Model initialized on device: cuda:0
[2025-07-18 14:29:45,434] [INFO] Model initialized on device: cuda:0
[2025-07-18 14:29:45,642] [INFO] Model initialized on device: cuda:0
[2025-07-18 14:29:45,798] [INFO] Model initialized on device: cuda:0
[2025-07-18 14:29:46,587] [INFO] Model initialized on device: cuda:0
[2025-07-18 14:29:47,082] [INFO] Model initialized on device: cuda:0
[2025-07-18 14:29:47,083] [INFO] Model initialized on device: cuda:0
[2025-07-18 14:29:54,480] [DEBUG] [TEST] Batch 1 | Pred shape: torch.Size([256, 256, 160]) | Label shape: torch.Size([256, 256, 160])
[2025-07-18 14:29:55,071] [DEBUG] [TEST] Batch 2 | Pred shape: torch.Size([256, 256, 160]) | Label shape: torch.Size([256, 256, 160])
[2025-07-18 14:29:55,298] [DEBUG] [TEST] Batch 3 | Pred shape: torch.Size([256, 256, 160]) | Label shape: torch.Size([256, 256, 160])
[2025-07-18 14:29:55,673] [DEBUG] [TEST] Batch 4 | Pred shape: torch.Size([256, 256, 160]) | Label shape: torch.Size([256, 256, 160])
[2025-07-18 14:29:55,886] [DEBUG] [TEST] Batch 5 | Pred shape: torch.Size([256, 256, 160]) | Label shape: torch.Size([256, 256, 160])
[2025-07-18 14:29:56,179] [DEBUG] [TEST] Batch 6 | Pred shape: torch.Size([256, 256, 160]) | Label shape: torch.Size([256, 256, 160])
[2025-07-18 14:29:56,392] [DEBUG] [TEST] Batch 7 | Pred shape: torch.Size([256, 256, 160]) | Label shape: torch.Size([256, 256, 160])
[2025-07-18 14:29:56,774] [DEBUG] [TEST] Batch 8 | Pred shape: torch.Size([256, 256, 160]) | Label shape: torch.Size([256, 256, 160])
[2025-07-18 14:29:56,890] [DEBUG] [TEST] Batch 9 | Pred shape: torch.Size([256, 256, 160]) | Label shape: torch.Size([256, 256, 160])
[2025-07-18 14:29:57,081] [DEBUG] [TEST] Batch 10 | Pred shape: torch.Size([256, 256, 160]) | Label shape: torch.Size([256, 256, 160])
[2025-07-18 14:29:58,881] [DEBUG] [TEST] Batch 11 | Pred shape: torch.Size([256, 256, 160]) | Label shape: torch.Size([256, 256, 160])
[2025-07-18 14:30:00,481] [DEBUG] [TEST] Batch 12 | Pred shape: torch.Size([256, 256, 160]) | Label shape: torch.Size([256, 256, 160])
[2025-07-18 14:30:00,688] [DEBUG] [TEST] Batch 13 | Pred shape: torch.Size([256, 256, 160]) | Label shape: torch.Size([256, 256, 160])
[2025-07-18 14:30:00,974] [DEBUG] [TEST] Batch 14 | Pred shape: torch.Size([256, 256, 160]) | Label shape: torch.Size([256, 256, 160])
[2025-07-18 14:30:01,192] [DEBUG] [TEST] Batch 15 | Pred shape: torch.Size([256, 256, 160]) | Label shape: torch.Size([256, 256, 160])
[2025-07-18 14:30:01,386] [DEBUG] [TEST] Batch 16 | Pred shape: torch.Size([256, 256, 160]) | Label shape: torch.Size([256, 256, 160])
[2025-07-18 14:30:08,346] [INFO] [EVALUATE] Dice WT: 0.9412
[2025-07-18 14:30:22,083] [INFO] [FIT] Received parameters. Starting local training...
[2025-07-18 14:30:26,579] [INFO] [DEBUG] Loaded compressed decoded weights.
[2025-07-18 14:30:26,676] [ERROR] [MODEL PARAMETER ERROR] Layer model.1.submodule.1.submodule.1.submodule.1.submodule.conv.unit0.conv.bias corrupted: mean=2.351922390175787e-08, std=4.6142727683218254e-07
[2025-07-18 14:30:26,677] [ERROR] [MODEL PARAMETER ERROR] Layer model.1.submodule.1.submodule.1.submodule.1.submodule.conv.unit1.conv.bias corrupted: mean=-4.2458221827246234e-08, std=5.984942390568904e-07
[2025-07-18 14:31:34,979] [INFO] Model initialized on device: cuda:0
[2025-07-18 14:31:37,096] [INFO] Model initialized on device: cuda:0
[2025-07-18 14:31:37,099] [INFO] Model initialized on device: cuda:0
[2025-07-18 14:31:37,177] [INFO] Model initialized on device: cuda:0
[2025-07-18 14:31:37,274] [INFO] Model initialized on device: cuda:0
[2025-07-18 14:31:37,503] [INFO] Model initialized on device: cuda:0
[2025-07-18 14:31:37,577] [INFO] Model initialized on device: cuda:0
[2025-07-18 14:31:37,788] [INFO] Model initialized on device: cuda:0
[2025-07-18 14:31:37,788] [INFO] Model initialized on device: cuda:0
[2025-07-18 14:31:37,896] [INFO] Model initialized on device: cuda:0
[2025-07-18 14:33:20,280] [INFO] [TRAIN] Epoch 1 Loss: 0.9301
[2025-07-18 14:34:02,799] [INFO] Model initialized on device: cuda:0
[2025-07-18 14:34:03,513] [INFO] Model initialized on device: cuda:0
[2025-07-18 14:34:03,798] [INFO] Model initialized on device: cuda:0
[2025-07-18 14:34:03,906] [INFO] Model initialized on device: cuda:0
[2025-07-18 14:34:07,592] [INFO] Model initialized on device: cuda:0
[2025-07-18 14:34:07,685] [INFO] Model initialized on device: cuda:0
[2025-07-18 14:34:07,777] [INFO] Model initialized on device: cuda:0
[2025-07-18 14:34:07,777] [INFO] Model initialized on device: cuda:0
[2025-07-18 14:34:07,787] [INFO] Model initialized on device: cuda:0
[2025-07-18 14:34:07,787] [INFO] Model initialized on device: cuda:0
[2025-07-18 14:35:50,417] [INFO] [TRAIN] Epoch 2 Loss: 0.9247
[2025-07-18 14:36:37,182] [INFO] Model initialized on device: cuda:0
[2025-07-18 14:36:37,611] [INFO] Model initialized on device: cuda:0
[2025-07-18 14:36:38,205] [INFO] Model initialized on device: cuda:0
[2025-07-18 14:36:38,670] [INFO] Model initialized on device: cuda:0
[2025-07-18 14:36:38,671] [INFO] Model initialized on device: cuda:0
[2025-07-18 14:36:38,874] [INFO] Model initialized on device: cuda:0
[2025-07-18 14:36:39,074] [INFO] Model initialized on device: cuda:0
[2025-07-18 14:36:39,170] [INFO] Model initialized on device: cuda:0
[2025-07-18 14:36:39,174] [INFO] Model initialized on device: cuda:0
[2025-07-18 14:36:39,183] [INFO] Model initialized on device: cuda:0
[2025-07-18 14:38:21,004] [INFO] [TRAIN] Epoch 3 Loss: 0.9193
[2025-07-18 14:38:52,289] [INFO] Model initialized on device: cuda:0
[2025-07-18 14:38:52,980] [INFO] Model initialized on device: cuda:0
[2025-07-18 14:38:55,078] [INFO] Model initialized on device: cuda:0
[2025-07-18 14:39:03,779] [INFO] Model initialized on device: cuda:0
[2025-07-18 14:39:04,276] [INFO] Model initialized on device: cuda:0
[2025-07-18 14:39:04,382] [INFO] Model initialized on device: cuda:0
[2025-07-18 14:39:04,598] [INFO] Model initialized on device: cuda:0
[2025-07-18 14:39:04,880] [INFO] Model initialized on device: cuda:0
[2025-07-18 14:39:04,982] [INFO] Model initialized on device: cuda:0
[2025-07-18 14:39:04,982] [INFO] Model initialized on device: cuda:0
[2025-07-18 14:40:44,877] [INFO] [TRAIN] Epoch 4 Loss: 0.9138
[2025-07-18 14:41:34,112] [INFO] Model initialized on device: cuda:0
[2025-07-18 14:41:34,505] [INFO] Model initialized on device: cuda:0
[2025-07-18 14:41:34,870] [INFO] Model initialized on device: cuda:0
[2025-07-18 14:41:34,989] [INFO] Model initialized on device: cuda:0
[2025-07-18 14:41:35,094] [INFO] Model initialized on device: cuda:0
[2025-07-18 14:41:35,174] [INFO] Model initialized on device: cuda:0
[2025-07-18 14:41:35,184] [INFO] Model initialized on device: cuda:0
[2025-07-18 14:41:35,193] [INFO] Model initialized on device: cuda:0
[2025-07-18 14:41:35,193] [INFO] Model initialized on device: cuda:0
[2025-07-18 14:41:35,193] [INFO] Model initialized on device: cuda:0
[2025-07-18 14:43:13,802] [INFO] [TRAIN] Epoch 5 Loss: 0.9080
[2025-07-18 14:43:13,804] [INFO] [FIT] Local training finished. Avg Loss: 0.9192
[2025-07-18 14:43:52,705] [INFO] Model initialized on device: cuda:0
[2025-07-18 14:43:53,206] [INFO] Model initialized on device: cuda:0
[2025-07-18 14:43:54,780] [INFO] Model initialized on device: cuda:0
[2025-07-18 14:43:55,211] [INFO] Model initialized on device: cuda:0
[2025-07-18 14:43:55,571] [INFO] Model initialized on device: cuda:0
[2025-07-18 14:43:55,575] [INFO] Model initialized on device: cuda:0
[2025-07-18 14:43:55,872] [INFO] Model initialized on device: cuda:0
[2025-07-18 14:43:55,875] [INFO] Model initialized on device: cuda:0
[2025-07-18 14:43:55,975] [INFO] Model initialized on device: cuda:0
[2025-07-18 14:43:55,996] [INFO] Model initialized on device: cuda:0
[2025-07-18 14:44:00,282] [DEBUG] [TEST] Batch 1 | Pred shape: torch.Size([256, 256, 160]) | Label shape: torch.Size([256, 256, 160])
[2025-07-18 14:44:03,695] [DEBUG] [TEST] Batch 2 | Pred shape: torch.Size([256, 256, 160]) | Label shape: torch.Size([256, 256, 160])
[2025-07-18 14:44:03,976] [DEBUG] [TEST] Batch 3 | Pred shape: torch.Size([256, 256, 160]) | Label shape: torch.Size([256, 256, 160])
[2025-07-18 14:44:04,175] [DEBUG] [TEST] Batch 4 | Pred shape: torch.Size([256, 256, 160]) | Label shape: torch.Size([256, 256, 160])
[2025-07-18 14:44:04,371] [DEBUG] [TEST] Batch 5 | Pred shape: torch.Size([256, 256, 160]) | Label shape: torch.Size([256, 256, 160])
[2025-07-18 14:44:04,575] [DEBUG] [TEST] Batch 6 | Pred shape: torch.Size([256, 256, 160]) | Label shape: torch.Size([256, 256, 160])
[2025-07-18 14:44:04,678] [DEBUG] [TEST] Batch 7 | Pred shape: torch.Size([256, 256, 160]) | Label shape: torch.Size([256, 256, 160])
[2025-07-18 14:44:04,778] [DEBUG] [TEST] Batch 8 | Pred shape: torch.Size([256, 256, 160]) | Label shape: torch.Size([256, 256, 160])
[2025-07-18 14:44:04,882] [DEBUG] [TEST] Batch 9 | Pred shape: torch.Size([256, 256, 160]) | Label shape: torch.Size([256, 256, 160])
[2025-07-18 14:44:04,979] [DEBUG] [TEST] Batch 10 | Pred shape: torch.Size([256, 256, 160]) | Label shape: torch.Size([256, 256, 160])
[2025-07-18 14:44:05,971] [DEBUG] [TEST] Batch 11 | Pred shape: torch.Size([256, 256, 160]) | Label shape: torch.Size([256, 256, 160])
[2025-07-18 14:44:07,478] [DEBUG] [TEST] Batch 12 | Pred shape: torch.Size([256, 256, 160]) | Label shape: torch.Size([256, 256, 160])
[2025-07-18 14:44:07,579] [DEBUG] [TEST] Batch 13 | Pred shape: torch.Size([256, 256, 160]) | Label shape: torch.Size([256, 256, 160])
[2025-07-18 14:44:07,639] [DEBUG] [TEST] Batch 14 | Pred shape: torch.Size([256, 256, 160]) | Label shape: torch.Size([256, 256, 160])
[2025-07-18 14:44:07,720] [DEBUG] [TEST] Batch 15 | Pred shape: torch.Size([256, 256, 160]) | Label shape: torch.Size([256, 256, 160])
[2025-07-18 14:44:07,778] [DEBUG] [TEST] Batch 16 | Pred shape: torch.Size([256, 256, 160]) | Label shape: torch.Size([256, 256, 160])
[2025-07-18 14:44:14,013] [INFO] [FIT] Final model saved to: Run_UNET_R2Non-IID30%_fedWSOcompC32_20250718/Client3/model_final.pth
[2025-07-18 14:52:20,683] [INFO] [EVALUATE] Starting evaluation...
[2025-07-18 14:52:26,088] [INFO] [DEBUG] Loaded compressed decoded weights.
[2025-07-18 14:53:34,009] [INFO] Model initialized on device: cuda:0
[2025-07-18 14:53:36,113] [DEBUG] [TEST] Batch 1 | Pred shape: torch.Size([256, 256, 160]) | Label shape: torch.Size([256, 256, 160])
[2025-07-18 14:53:37,495] [INFO] Model initialized on device: cuda:0
[2025-07-18 14:53:38,481] [INFO] Model initialized on device: cuda:0
[2025-07-18 14:53:38,871] [INFO] Model initialized on device: cuda:0
[2025-07-18 14:53:38,908] [INFO] Model initialized on device: cuda:0
[2025-07-18 14:53:38,974] [INFO] Model initialized on device: cuda:0
[2025-07-18 14:53:38,986] [INFO] Model initialized on device: cuda:0
[2025-07-18 14:53:38,991] [INFO] Model initialized on device: cuda:0
[2025-07-18 14:53:38,991] [INFO] Model initialized on device: cuda:0
[2025-07-18 14:53:38,995] [INFO] Model initialized on device: cuda:0
[2025-07-18 14:53:46,378] [DEBUG] [TEST] Batch 2 | Pred shape: torch.Size([256, 256, 160]) | Label shape: torch.Size([256, 256, 160])
[2025-07-18 14:53:47,397] [DEBUG] [TEST] Batch 3 | Pred shape: torch.Size([256, 256, 160]) | Label shape: torch.Size([256, 256, 160])
[2025-07-18 14:53:47,592] [DEBUG] [TEST] Batch 4 | Pred shape: torch.Size([256, 256, 160]) | Label shape: torch.Size([256, 256, 160])
[2025-07-18 14:53:47,890] [DEBUG] [TEST] Batch 5 | Pred shape: torch.Size([256, 256, 160]) | Label shape: torch.Size([256, 256, 160])
[2025-07-18 14:53:48,094] [DEBUG] [TEST] Batch 6 | Pred shape: torch.Size([256, 256, 160]) | Label shape: torch.Size([256, 256, 160])
[2025-07-18 14:53:48,399] [DEBUG] [TEST] Batch 7 | Pred shape: torch.Size([256, 256, 160]) | Label shape: torch.Size([256, 256, 160])
[2025-07-18 14:53:48,699] [DEBUG] [TEST] Batch 8 | Pred shape: torch.Size([256, 256, 160]) | Label shape: torch.Size([256, 256, 160])
[2025-07-18 14:53:48,990] [DEBUG] [TEST] Batch 9 | Pred shape: torch.Size([256, 256, 160]) | Label shape: torch.Size([256, 256, 160])
[2025-07-18 14:53:49,172] [DEBUG] [TEST] Batch 10 | Pred shape: torch.Size([256, 256, 160]) | Label shape: torch.Size([256, 256, 160])
[2025-07-18 14:53:49,277] [DEBUG] [TEST] Batch 11 | Pred shape: torch.Size([256, 256, 160]) | Label shape: torch.Size([256, 256, 160])
[2025-07-18 14:53:50,988] [DEBUG] [TEST] Batch 12 | Pred shape: torch.Size([256, 256, 160]) | Label shape: torch.Size([256, 256, 160])
[2025-07-18 14:53:52,081] [DEBUG] [TEST] Batch 13 | Pred shape: torch.Size([256, 256, 160]) | Label shape: torch.Size([256, 256, 160])
[2025-07-18 14:53:52,292] [DEBUG] [TEST] Batch 14 | Pred shape: torch.Size([256, 256, 160]) | Label shape: torch.Size([256, 256, 160])
[2025-07-18 14:53:52,586] [DEBUG] [TEST] Batch 15 | Pred shape: torch.Size([256, 256, 160]) | Label shape: torch.Size([256, 256, 160])
[2025-07-18 14:53:52,870] [DEBUG] [TEST] Batch 16 | Pred shape: torch.Size([256, 256, 160]) | Label shape: torch.Size([256, 256, 160])
[2025-07-18 14:53:59,957] [INFO] [EVALUATE] Dice WT: 0.8358
[2025-07-18 14:54:09,331] [INFO] [FIT] Received parameters. Starting local training...
[2025-07-18 14:54:11,477] [INFO] [DEBUG] Loaded compressed decoded weights.
[2025-07-18 14:55:07,672] [INFO] Model initialized on device: cuda:0
[2025-07-18 14:55:07,874] [INFO] Model initialized on device: cuda:0
[2025-07-18 14:55:07,982] [INFO] Model initialized on device: cuda:0
[2025-07-18 14:55:08,789] [INFO] Model initialized on device: cuda:0
[2025-07-18 14:55:08,799] [INFO] Model initialized on device: cuda:0
[2025-07-18 14:55:09,994] [INFO] Model initialized on device: cuda:0
[2025-07-18 14:55:10,086] [INFO] Model initialized on device: cuda:0
[2025-07-18 14:55:10,783] [INFO] Model initialized on device: cuda:0
[2025-07-18 14:55:10,783] [INFO] Model initialized on device: cuda:0
[2025-07-18 14:55:10,889] [INFO] Model initialized on device: cuda:0
[2025-07-18 14:56:37,703] [INFO] [TRAIN] Epoch 1 Loss: 0.8927
[2025-07-18 14:57:25,011] [INFO] Model initialized on device: cuda:0
[2025-07-18 14:57:25,073] [INFO] Model initialized on device: cuda:0
[2025-07-18 14:57:25,395] [INFO] Model initialized on device: cuda:0
[2025-07-18 14:57:25,492] [INFO] Model initialized on device: cuda:0
[2025-07-18 14:57:26,183] [INFO] Model initialized on device: cuda:0
[2025-07-18 14:57:26,183] [INFO] Model initialized on device: cuda:0
[2025-07-18 14:57:26,183] [INFO] Model initialized on device: cuda:0
[2025-07-18 14:57:26,287] [INFO] Model initialized on device: cuda:0
[2025-07-18 14:57:26,386] [INFO] Model initialized on device: cuda:0
[2025-07-18 14:57:26,493] [INFO] Model initialized on device: cuda:0
[2025-07-18 14:59:12,005] [INFO] [TRAIN] Epoch 2 Loss: 0.8816
[2025-07-18 14:59:58,991] [INFO] Model initialized on device: cuda:0
[2025-07-18 14:59:59,014] [INFO] Model initialized on device: cuda:0
[2025-07-18 14:59:59,679] [INFO] Model initialized on device: cuda:0
[2025-07-18 14:59:59,981] [INFO] Model initialized on device: cuda:0
[2025-07-18 15:00:00,387] [INFO] Model initialized on device: cuda:0
[2025-07-18 15:00:00,389] [INFO] Model initialized on device: cuda:0
[2025-07-18 15:00:00,675] [INFO] Model initialized on device: cuda:0
[2025-07-18 15:00:00,695] [INFO] Model initialized on device: cuda:0
[2025-07-18 15:00:00,793] [INFO] Model initialized on device: cuda:0
[2025-07-18 15:00:00,870] [INFO] Model initialized on device: cuda:0
[2025-07-18 15:01:34,503] [INFO] [TRAIN] Epoch 3 Loss: 0.8709
[2025-07-18 15:02:35,783] [INFO] Model initialized on device: cuda:0
[2025-07-18 15:02:36,884] [INFO] Model initialized on device: cuda:0
[2025-07-18 15:02:37,992] [INFO] Model initialized on device: cuda:0
[2025-07-18 15:02:38,377] [INFO] Model initialized on device: cuda:0
[2025-07-18 15:02:38,493] [INFO] Model initialized on device: cuda:0
[2025-07-18 15:02:38,576] [INFO] Model initialized on device: cuda:0
[2025-07-18 15:02:38,580] [INFO] Model initialized on device: cuda:0
[2025-07-18 15:02:38,580] [INFO] Model initialized on device: cuda:0
[2025-07-18 15:02:38,595] [INFO] Model initialized on device: cuda:0
[2025-07-18 15:02:38,595] [INFO] Model initialized on device: cuda:0
[2025-07-18 15:04:23,104] [INFO] [TRAIN] Epoch 4 Loss: 0.8601
[2025-07-18 15:05:20,974] [INFO] Model initialized on device: cuda:0
[2025-07-18 15:05:21,201] [INFO] Model initialized on device: cuda:0
[2025-07-18 15:05:21,205] [INFO] Model initialized on device: cuda:0
[2025-07-18 15:05:21,275] [INFO] Model initialized on device: cuda:0
[2025-07-18 15:05:21,995] [INFO] Model initialized on device: cuda:0
[2025-07-18 15:05:22,013] [INFO] Model initialized on device: cuda:0
[2025-07-18 15:05:22,199] [INFO] Model initialized on device: cuda:0
[2025-07-18 15:05:22,272] [INFO] Model initialized on device: cuda:0
[2025-07-18 15:05:22,280] [INFO] Model initialized on device: cuda:0
[2025-07-18 15:05:22,282] [INFO] Model initialized on device: cuda:0
[2025-07-18 15:06:55,670] [INFO] [TRAIN] Epoch 5 Loss: 0.8476
[2025-07-18 15:06:55,671] [INFO] [FIT] Local training finished. Avg Loss: 0.8706
[2025-07-18 15:07:58,911] [INFO] Model initialized on device: cuda:0
[2025-07-18 15:07:59,090] [INFO] Model initialized on device: cuda:0
[2025-07-18 15:07:59,387] [INFO] Model initialized on device: cuda:0
[2025-07-18 15:07:59,393] [INFO] Model initialized on device: cuda:0
[2025-07-18 15:07:59,502] [INFO] Model initialized on device: cuda:0
[2025-07-18 15:07:59,603] [INFO] Model initialized on device: cuda:0
[2025-07-18 15:08:00,180] [INFO] Model initialized on device: cuda:0
[2025-07-18 15:08:00,492] [INFO] Model initialized on device: cuda:0
[2025-07-18 15:08:01,370] [INFO] Model initialized on device: cuda:0
[2025-07-18 15:08:01,582] [INFO] Model initialized on device: cuda:0
[2025-07-18 15:08:06,477] [DEBUG] [TEST] Batch 1 | Pred shape: torch.Size([256, 256, 160]) | Label shape: torch.Size([256, 256, 160])
[2025-07-18 15:08:09,789] [DEBUG] [TEST] Batch 2 | Pred shape: torch.Size([256, 256, 160]) | Label shape: torch.Size([256, 256, 160])
[2025-07-18 15:08:09,971] [DEBUG] [TEST] Batch 3 | Pred shape: torch.Size([256, 256, 160]) | Label shape: torch.Size([256, 256, 160])
[2025-07-18 15:08:10,077] [DEBUG] [TEST] Batch 4 | Pred shape: torch.Size([256, 256, 160]) | Label shape: torch.Size([256, 256, 160])
[2025-07-18 15:08:10,178] [DEBUG] [TEST] Batch 5 | Pred shape: torch.Size([256, 256, 160]) | Label shape: torch.Size([256, 256, 160])
[2025-07-18 15:08:10,371] [DEBUG] [TEST] Batch 6 | Pred shape: torch.Size([256, 256, 160]) | Label shape: torch.Size([256, 256, 160])
[2025-07-18 15:08:10,478] [DEBUG] [TEST] Batch 7 | Pred shape: torch.Size([256, 256, 160]) | Label shape: torch.Size([256, 256, 160])
[2025-07-18 15:08:10,578] [DEBUG] [TEST] Batch 8 | Pred shape: torch.Size([256, 256, 160]) | Label shape: torch.Size([256, 256, 160])
[2025-07-18 15:08:10,677] [DEBUG] [TEST] Batch 9 | Pred shape: torch.Size([256, 256, 160]) | Label shape: torch.Size([256, 256, 160])
[2025-07-18 15:08:10,778] [DEBUG] [TEST] Batch 10 | Pred shape: torch.Size([256, 256, 160]) | Label shape: torch.Size([256, 256, 160])
[2025-07-18 15:08:12,283] [DEBUG] [TEST] Batch 11 | Pred shape: torch.Size([256, 256, 160]) | Label shape: torch.Size([256, 256, 160])
[2025-07-18 15:08:13,904] [DEBUG] [TEST] Batch 12 | Pred shape: torch.Size([256, 256, 160]) | Label shape: torch.Size([256, 256, 160])
[2025-07-18 15:08:14,198] [DEBUG] [TEST] Batch 13 | Pred shape: torch.Size([256, 256, 160]) | Label shape: torch.Size([256, 256, 160])
[2025-07-18 15:08:14,372] [DEBUG] [TEST] Batch 14 | Pred shape: torch.Size([256, 256, 160]) | Label shape: torch.Size([256, 256, 160])
[2025-07-18 15:08:14,572] [DEBUG] [TEST] Batch 15 | Pred shape: torch.Size([256, 256, 160]) | Label shape: torch.Size([256, 256, 160])
[2025-07-18 15:08:14,708] [DEBUG] [TEST] Batch 16 | Pred shape: torch.Size([256, 256, 160]) | Label shape: torch.Size([256, 256, 160])
[2025-07-18 15:08:23,214] [INFO] [FIT] Final model saved to: Run_UNET_R2Non-IID30%_fedWSOcompC32_20250718/Client3/model_final.pth
[2025-07-18 15:16:12,910] [INFO] [EVALUATE] Starting evaluation...
[2025-07-18 15:16:19,077] [INFO] [DEBUG] Loaded compressed decoded weights.
[2025-07-18 15:17:23,679] [INFO] Model initialized on device: cuda:0
[2025-07-18 15:17:23,872] [INFO] Model initialized on device: cuda:0
[2025-07-18 15:17:23,959] [INFO] Model initialized on device: cuda:0
[2025-07-18 15:17:25,275] [INFO] Model initialized on device: cuda:0
[2025-07-18 15:17:25,592] [INFO] Model initialized on device: cuda:0
[2025-07-18 15:17:25,602] [INFO] Model initialized on device: cuda:0
[2025-07-18 15:17:25,683] [INFO] Model initialized on device: cuda:0
[2025-07-18 15:17:25,687] [INFO] Model initialized on device: cuda:0
[2025-07-18 15:17:25,897] [INFO] Model initialized on device: cuda:0
[2025-07-18 15:17:25,974] [INFO] Model initialized on device: cuda:0
[2025-07-18 15:17:31,579] [DEBUG] [TEST] Batch 1 | Pred shape: torch.Size([256, 256, 160]) | Label shape: torch.Size([256, 256, 160])
[2025-07-18 15:17:32,681] [DEBUG] [TEST] Batch 2 | Pred shape: torch.Size([256, 256, 160]) | Label shape: torch.Size([256, 256, 160])
[2025-07-18 15:17:33,173] [DEBUG] [TEST] Batch 3 | Pred shape: torch.Size([256, 256, 160]) | Label shape: torch.Size([256, 256, 160])
[2025-07-18 15:17:33,291] [DEBUG] [TEST] Batch 4 | Pred shape: torch.Size([256, 256, 160]) | Label shape: torch.Size([256, 256, 160])
[2025-07-18 15:17:33,778] [DEBUG] [TEST] Batch 5 | Pred shape: torch.Size([256, 256, 160]) | Label shape: torch.Size([256, 256, 160])
[2025-07-18 15:17:34,010] [DEBUG] [TEST] Batch 6 | Pred shape: torch.Size([256, 256, 160]) | Label shape: torch.Size([256, 256, 160])
[2025-07-18 15:17:34,299] [DEBUG] [TEST] Batch 7 | Pred shape: torch.Size([256, 256, 160]) | Label shape: torch.Size([256, 256, 160])
[2025-07-18 15:17:34,590] [DEBUG] [TEST] Batch 8 | Pred shape: torch.Size([256, 256, 160]) | Label shape: torch.Size([256, 256, 160])
[2025-07-18 15:17:34,910] [DEBUG] [TEST] Batch 9 | Pred shape: torch.Size([256, 256, 160]) | Label shape: torch.Size([256, 256, 160])
[2025-07-18 15:17:35,089] [DEBUG] [TEST] Batch 10 | Pred shape: torch.Size([256, 256, 160]) | Label shape: torch.Size([256, 256, 160])
[2025-07-18 15:17:36,378] [DEBUG] [TEST] Batch 11 | Pred shape: torch.Size([256, 256, 160]) | Label shape: torch.Size([256, 256, 160])
[2025-07-18 15:17:37,077] [DEBUG] [TEST] Batch 12 | Pred shape: torch.Size([256, 256, 160]) | Label shape: torch.Size([256, 256, 160])
[2025-07-18 15:17:38,078] [DEBUG] [TEST] Batch 13 | Pred shape: torch.Size([256, 256, 160]) | Label shape: torch.Size([256, 256, 160])
[2025-07-18 15:17:38,177] [DEBUG] [TEST] Batch 14 | Pred shape: torch.Size([256, 256, 160]) | Label shape: torch.Size([256, 256, 160])
[2025-07-18 15:17:38,277] [DEBUG] [TEST] Batch 15 | Pred shape: torch.Size([256, 256, 160]) | Label shape: torch.Size([256, 256, 160])
[2025-07-18 15:17:38,400] [DEBUG] [TEST] Batch 16 | Pred shape: torch.Size([256, 256, 160]) | Label shape: torch.Size([256, 256, 160])
[2025-07-18 15:17:47,076] [INFO] [EVALUATE] Dice WT: 0.5938
[2025-07-18 15:17:56,609] [INFO] [FIT] Received parameters. Starting local training...
[2025-07-18 15:17:58,777] [INFO] [DEBUG] Loaded compressed decoded weights.
[2025-07-18 15:18:55,740] [INFO] Model initialized on device: cuda:0
[2025-07-18 15:18:55,832] [INFO] Model initialized on device: cuda:0
[2025-07-18 15:18:55,894] [INFO] Model initialized on device: cuda:0
[2025-07-18 15:18:56,021] [INFO] Model initialized on device: cuda:0
[2025-07-18 15:18:56,088] [INFO] Model initialized on device: cuda:0
[2025-07-18 15:18:56,184] [INFO] Model initialized on device: cuda:0
[2025-07-18 15:18:56,198] [INFO] Model initialized on device: cuda:0
[2025-07-18 15:18:56,280] [INFO] Model initialized on device: cuda:0
[2025-07-18 15:18:56,281] [INFO] Model initialized on device: cuda:0
[2025-07-18 15:18:56,382] [INFO] Model initialized on device: cuda:0
[2025-07-18 15:20:27,406] [INFO] [TRAIN] Epoch 1 Loss: 0.8108
[2025-07-18 15:21:16,800] [INFO] Model initialized on device: cuda:0
[2025-07-18 15:21:16,873] [INFO] Model initialized on device: cuda:0
[2025-07-18 15:21:16,879] [INFO] Model initialized on device: cuda:0
[2025-07-18 15:21:17,072] [INFO] Model initialized on device: cuda:0
[2025-07-18 15:21:17,075] [INFO] Model initialized on device: cuda:0
[2025-07-18 15:21:17,178] [INFO] Model initialized on device: cuda:0
[2025-07-18 15:21:17,189] [INFO] Model initialized on device: cuda:0
[2025-07-18 15:21:17,189] [INFO] Model initialized on device: cuda:0
[2025-07-18 15:21:17,189] [INFO] Model initialized on device: cuda:0
[2025-07-18 15:21:17,191] [INFO] Model initialized on device: cuda:0
[2025-07-18 15:23:03,082] [INFO] [TRAIN] Epoch 2 Loss: 0.7863
[2025-07-18 15:23:52,029] [INFO] Model initialized on device: cuda:0
[2025-07-18 15:23:52,376] [INFO] Model initialized on device: cuda:0
[2025-07-18 15:23:52,777] [INFO] Model initialized on device: cuda:0
[2025-07-18 15:23:52,834] [INFO] Model initialized on device: cuda:0
[2025-07-18 15:23:52,873] [INFO] Model initialized on device: cuda:0
[2025-07-18 15:23:52,883] [INFO] Model initialized on device: cuda:0
[2025-07-18 15:23:53,019] [INFO] Model initialized on device: cuda:0
[2025-07-18 15:23:53,031] [INFO] Model initialized on device: cuda:0
[2025-07-18 15:23:53,116] [INFO] Model initialized on device: cuda:0
[2025-07-18 15:23:53,116] [INFO] Model initialized on device: cuda:0
[2025-07-18 15:25:22,281] [INFO] [TRAIN] Epoch 3 Loss: 0.7626
[2025-07-18 15:26:07,709] [INFO] Model initialized on device: cuda:0
[2025-07-18 15:26:08,301] [INFO] Model initialized on device: cuda:0
[2025-07-18 15:26:08,577] [INFO] Model initialized on device: cuda:0
[2025-07-18 15:26:08,678] [INFO] Model initialized on device: cuda:0
[2025-07-18 15:26:08,981] [INFO] Model initialized on device: cuda:0
[2025-07-18 15:26:09,087] [INFO] Model initialized on device: cuda:0
[2025-07-18 15:26:09,102] [INFO] Model initialized on device: cuda:0
[2025-07-18 15:26:09,104] [INFO] Model initialized on device: cuda:0
[2025-07-18 15:26:09,108] [INFO] Model initialized on device: cuda:0
[2025-07-18 15:26:09,172] [INFO] Model initialized on device: cuda:0
[2025-07-18 15:27:56,704] [INFO] [TRAIN] Epoch 4 Loss: 0.7373
[2025-07-18 15:28:43,570] [INFO] Model initialized on device: cuda:0
[2025-07-18 15:28:43,909] [INFO] Model initialized on device: cuda:0
[2025-07-18 15:28:44,076] [INFO] Model initialized on device: cuda:0
[2025-07-18 15:28:44,078] [INFO] Model initialized on device: cuda:0
[2025-07-18 15:28:44,176] [INFO] Model initialized on device: cuda:0
[2025-07-18 15:28:44,178] [INFO] Model initialized on device: cuda:0
[2025-07-18 15:28:44,472] [INFO] Model initialized on device: cuda:0
[2025-07-18 15:28:44,473] [INFO] Model initialized on device: cuda:0
[2025-07-18 15:28:44,475] [INFO] Model initialized on device: cuda:0
[2025-07-18 15:28:44,575] [INFO] Model initialized on device: cuda:0
[2025-07-18 15:30:19,878] [INFO] [TRAIN] Epoch 5 Loss: 0.7100
[2025-07-18 15:30:19,879] [INFO] [FIT] Local training finished. Avg Loss: 0.7614
[2025-07-18 15:30:55,472] [INFO] Model initialized on device: cuda:0
[2025-07-18 15:30:59,581] [INFO] Model initialized on device: cuda:0
[2025-07-18 15:31:00,073] [INFO] Model initialized on device: cuda:0
[2025-07-18 15:31:00,378] [INFO] Model initialized on device: cuda:0
[2025-07-18 15:31:00,693] [INFO] Model initialized on device: cuda:0
[2025-07-18 15:31:03,274] [INFO] Model initialized on device: cuda:0
[2025-07-18 15:31:03,275] [INFO] Model initialized on device: cuda:0
[2025-07-18 15:31:05,180] [DEBUG] [TEST] Batch 1 | Pred shape: torch.Size([256, 256, 160]) | Label shape: torch.Size([256, 256, 160])
[2025-07-18 15:31:05,407] [INFO] Model initialized on device: cuda:0
[2025-07-18 15:31:05,510] [INFO] Model initialized on device: cuda:0
[2025-07-18 15:31:06,376] [DEBUG] [TEST] Batch 2 | Pred shape: torch.Size([256, 256, 160]) | Label shape: torch.Size([256, 256, 160])
[2025-07-18 15:31:06,799] [INFO] Model initialized on device: cuda:0
[2025-07-18 15:31:11,777] [DEBUG] [TEST] Batch 3 | Pred shape: torch.Size([256, 256, 160]) | Label shape: torch.Size([256, 256, 160])
[2025-07-18 15:31:11,890] [DEBUG] [TEST] Batch 4 | Pred shape: torch.Size([256, 256, 160]) | Label shape: torch.Size([256, 256, 160])
[2025-07-18 15:31:11,979] [DEBUG] [TEST] Batch 5 | Pred shape: torch.Size([256, 256, 160]) | Label shape: torch.Size([256, 256, 160])
[2025-07-18 15:31:12,176] [DEBUG] [TEST] Batch 6 | Pred shape: torch.Size([256, 256, 160]) | Label shape: torch.Size([256, 256, 160])
[2025-07-18 15:31:12,321] [DEBUG] [TEST] Batch 7 | Pred shape: torch.Size([256, 256, 160]) | Label shape: torch.Size([256, 256, 160])
[2025-07-18 15:31:12,510] [DEBUG] [TEST] Batch 8 | Pred shape: torch.Size([256, 256, 160]) | Label shape: torch.Size([256, 256, 160])
[2025-07-18 15:31:12,775] [DEBUG] [TEST] Batch 9 | Pred shape: torch.Size([256, 256, 160]) | Label shape: torch.Size([256, 256, 160])
[2025-07-18 15:31:12,977] [DEBUG] [TEST] Batch 10 | Pred shape: torch.Size([256, 256, 160]) | Label shape: torch.Size([256, 256, 160])
[2025-07-18 15:31:13,179] [DEBUG] [TEST] Batch 11 | Pred shape: torch.Size([256, 256, 160]) | Label shape: torch.Size([256, 256, 160])
[2025-07-18 15:31:13,378] [DEBUG] [TEST] Batch 12 | Pred shape: torch.Size([256, 256, 160]) | Label shape: torch.Size([256, 256, 160])
[2025-07-18 15:31:15,872] [DEBUG] [TEST] Batch 13 | Pred shape: torch.Size([256, 256, 160]) | Label shape: torch.Size([256, 256, 160])
[2025-07-18 15:31:16,074] [DEBUG] [TEST] Batch 14 | Pred shape: torch.Size([256, 256, 160]) | Label shape: torch.Size([256, 256, 160])
[2025-07-18 15:31:16,177] [DEBUG] [TEST] Batch 15 | Pred shape: torch.Size([256, 256, 160]) | Label shape: torch.Size([256, 256, 160])
[2025-07-18 15:31:16,294] [DEBUG] [TEST] Batch 16 | Pred shape: torch.Size([256, 256, 160]) | Label shape: torch.Size([256, 256, 160])
[2025-07-18 15:31:23,323] [INFO] [FIT] Final model saved to: Run_UNET_R2Non-IID30%_fedWSOcompC32_20250718/Client3/model_final.pth
[2025-07-18 15:39:47,897] [INFO] [EVALUATE] Starting evaluation...
[2025-07-18 15:39:50,678] [INFO] [DEBUG] Loaded compressed decoded weights.
[2025-07-18 15:40:58,997] [INFO] Model initialized on device: cuda:0
[2025-07-18 15:40:59,018] [INFO] Model initialized on device: cuda:0
[2025-07-18 15:41:00,031] [INFO] Model initialized on device: cuda:0
[2025-07-18 15:41:00,403] [INFO] Model initialized on device: cuda:0
[2025-07-18 15:41:00,413] [INFO] Model initialized on device: cuda:0
[2025-07-18 15:41:00,789] [INFO] Model initialized on device: cuda:0
[2025-07-18 15:41:01,171] [INFO] Model initialized on device: cuda:0
[2025-07-18 15:41:01,298] [INFO] Model initialized on device: cuda:0
[2025-07-18 15:41:01,300] [INFO] Model initialized on device: cuda:0
[2025-07-18 15:41:01,302] [INFO] Model initialized on device: cuda:0
[2025-07-18 15:41:03,780] [DEBUG] [TEST] Batch 1 | Pred shape: torch.Size([256, 256, 160]) | Label shape: torch.Size([256, 256, 160])
[2025-07-18 15:41:07,580] [DEBUG] [TEST] Batch 2 | Pred shape: torch.Size([256, 256, 160]) | Label shape: torch.Size([256, 256, 160])
[2025-07-18 15:41:08,578] [DEBUG] [TEST] Batch 3 | Pred shape: torch.Size([256, 256, 160]) | Label shape: torch.Size([256, 256, 160])
[2025-07-18 15:41:09,287] [DEBUG] [TEST] Batch 4 | Pred shape: torch.Size([256, 256, 160]) | Label shape: torch.Size([256, 256, 160])
[2025-07-18 15:41:09,392] [DEBUG] [TEST] Batch 5 | Pred shape: torch.Size([256, 256, 160]) | Label shape: torch.Size([256, 256, 160])
[2025-07-18 15:41:09,579] [DEBUG] [TEST] Batch 6 | Pred shape: torch.Size([256, 256, 160]) | Label shape: torch.Size([256, 256, 160])
[2025-07-18 15:41:09,990] [DEBUG] [TEST] Batch 7 | Pred shape: torch.Size([256, 256, 160]) | Label shape: torch.Size([256, 256, 160])
[2025-07-18 15:41:10,190] [DEBUG] [TEST] Batch 8 | Pred shape: torch.Size([256, 256, 160]) | Label shape: torch.Size([256, 256, 160])
[2025-07-18 15:41:10,397] [DEBUG] [TEST] Batch 9 | Pred shape: torch.Size([256, 256, 160]) | Label shape: torch.Size([256, 256, 160])
[2025-07-18 15:41:10,698] [DEBUG] [TEST] Batch 10 | Pred shape: torch.Size([256, 256, 160]) | Label shape: torch.Size([256, 256, 160])
[2025-07-18 15:41:10,997] [DEBUG] [TEST] Batch 11 | Pred shape: torch.Size([256, 256, 160]) | Label shape: torch.Size([256, 256, 160])
[2025-07-18 15:41:13,178] [DEBUG] [TEST] Batch 12 | Pred shape: torch.Size([256, 256, 160]) | Label shape: torch.Size([256, 256, 160])
[2025-07-18 15:41:13,878] [DEBUG] [TEST] Batch 13 | Pred shape: torch.Size([256, 256, 160]) | Label shape: torch.Size([256, 256, 160])
[2025-07-18 15:41:14,110] [DEBUG] [TEST] Batch 14 | Pred shape: torch.Size([256, 256, 160]) | Label shape: torch.Size([256, 256, 160])
[2025-07-18 15:41:14,398] [DEBUG] [TEST] Batch 15 | Pred shape: torch.Size([256, 256, 160]) | Label shape: torch.Size([256, 256, 160])
[2025-07-18 15:41:14,582] [DEBUG] [TEST] Batch 16 | Pred shape: torch.Size([256, 256, 160]) | Label shape: torch.Size([256, 256, 160])
[2025-07-18 15:41:23,885] [INFO] [EVALUATE] Dice WT: 0.7584
[2025-07-18 15:41:34,626] [INFO] [FIT] Received parameters. Starting local training...
[2025-07-18 15:41:38,573] [INFO] [DEBUG] Loaded compressed decoded weights.
[2025-07-18 15:42:48,610] [INFO] Model initialized on device: cuda:0
[2025-07-18 15:42:49,093] [INFO] Model initialized on device: cuda:0
[2025-07-18 15:42:49,297] [INFO] Model initialized on device: cuda:0
[2025-07-18 15:42:49,374] [INFO] Model initialized on device: cuda:0
[2025-07-18 15:42:49,574] [INFO] Model initialized on device: cuda:0
[2025-07-18 15:42:49,686] [INFO] Model initialized on device: cuda:0
[2025-07-18 15:42:49,978] [INFO] Model initialized on device: cuda:0
[2025-07-18 15:42:50,078] [INFO] Model initialized on device: cuda:0
[2025-07-18 15:42:50,275] [INFO] Model initialized on device: cuda:0
[2025-07-18 15:42:50,406] [INFO] Model initialized on device: cuda:0
[2025-07-18 15:44:39,580] [INFO] [TRAIN] Epoch 1 Loss: 0.6560
[2025-07-18 15:45:31,587] [INFO] Model initialized on device: cuda:0
[2025-07-18 15:45:32,283] [INFO] Model initialized on device: cuda:0
[2025-07-18 15:45:32,476] [INFO] Model initialized on device: cuda:0
[2025-07-18 15:45:32,681] [INFO] Model initialized on device: cuda:0
[2025-07-18 15:45:32,778] [INFO] Model initialized on device: cuda:0
[2025-07-18 15:45:32,789] [INFO] Model initialized on device: cuda:0
[2025-07-18 15:45:32,972] [INFO] Model initialized on device: cuda:0
[2025-07-18 15:45:32,974] [INFO] Model initialized on device: cuda:0
[2025-07-18 15:45:32,974] [INFO] Model initialized on device: cuda:0
[2025-07-18 15:45:32,975] [INFO] Model initialized on device: cuda:0
[2025-07-18 15:47:19,676] [INFO] [TRAIN] Epoch 2 Loss: 0.6162
[2025-07-18 15:47:59,895] [INFO] Model initialized on device: cuda:0
[2025-07-18 15:48:00,988] [INFO] Model initialized on device: cuda:0
[2025-07-18 15:48:01,770] [INFO] Model initialized on device: cuda:0
[2025-07-18 15:48:01,782] [INFO] Model initialized on device: cuda:0
[2025-07-18 15:48:01,870] [INFO] Model initialized on device: cuda:0
[2025-07-18 15:48:01,895] [INFO] Model initialized on device: cuda:0
[2025-07-18 15:48:01,895] [INFO] Model initialized on device: cuda:0
[2025-07-18 15:48:01,898] [INFO] Model initialized on device: cuda:0
[2025-07-18 15:48:01,900] [INFO] Model initialized on device: cuda:0
[2025-07-18 15:48:01,974] [INFO] Model initialized on device: cuda:0
[2025-07-18 15:49:41,777] [INFO] [TRAIN] Epoch 3 Loss: 0.5745
[2025-07-18 15:50:26,408] [INFO] Model initialized on device: cuda:0
[2025-07-18 15:50:28,171] [INFO] Model initialized on device: cuda:0
[2025-07-18 15:50:28,281] [INFO] Model initialized on device: cuda:0
[2025-07-18 15:50:28,601] [INFO] Model initialized on device: cuda:0
[2025-07-18 15:50:28,791] [INFO] Model initialized on device: cuda:0
[2025-07-18 15:50:28,803] [INFO] Model initialized on device: cuda:0
[2025-07-18 15:50:28,884] [INFO] Model initialized on device: cuda:0
[2025-07-18 15:50:28,906] [INFO] Model initialized on device: cuda:0
[2025-07-18 15:50:28,974] [INFO] Model initialized on device: cuda:0
[2025-07-18 15:50:28,977] [INFO] Model initialized on device: cuda:0
[2025-07-18 15:52:10,815] [INFO] [TRAIN] Epoch 4 Loss: 0.5404
[2025-07-18 15:52:58,797] [INFO] Model initialized on device: cuda:0
[2025-07-18 15:53:01,310] [INFO] Model initialized on device: cuda:0
[2025-07-18 15:53:01,311] [INFO] Model initialized on device: cuda:0
[2025-07-18 15:53:01,476] [INFO] Model initialized on device: cuda:0
[2025-07-18 15:53:01,708] [INFO] Model initialized on device: cuda:0
[2025-07-18 15:53:01,798] [INFO] Model initialized on device: cuda:0
[2025-07-18 15:53:01,870] [INFO] Model initialized on device: cuda:0
[2025-07-18 15:53:01,890] [INFO] Model initialized on device: cuda:0
[2025-07-18 15:53:01,910] [INFO] Model initialized on device: cuda:0
[2025-07-18 15:53:01,981] [INFO] Model initialized on device: cuda:0
[2025-07-18 15:54:40,579] [INFO] [TRAIN] Epoch 5 Loss: 0.5038
[2025-07-18 15:54:40,580] [INFO] [FIT] Local training finished. Avg Loss: 0.5782
[2025-07-18 15:55:13,883] [INFO] Model initialized on device: cuda:0
[2025-07-18 15:55:14,290] [INFO] Model initialized on device: cuda:0
[2025-07-18 15:55:15,587] [INFO] Model initialized on device: cuda:0
[2025-07-18 15:55:20,301] [DEBUG] [TEST] Batch 1 | Pred shape: torch.Size([256, 256, 160]) | Label shape: torch.Size([256, 256, 160])
[2025-07-18 15:55:21,277] [INFO] Model initialized on device: cuda:0
[2025-07-18 15:55:22,904] [INFO] Model initialized on device: cuda:0
[2025-07-18 15:55:22,970] [INFO] Model initialized on device: cuda:0
[2025-07-18 15:55:22,971] [INFO] Model initialized on device: cuda:0
[2025-07-18 15:55:23,074] [INFO] Model initialized on device: cuda:0
[2025-07-18 15:55:23,080] [INFO] Model initialized on device: cuda:0
[2025-07-18 15:55:23,081] [INFO] Model initialized on device: cuda:0
[2025-07-18 15:55:30,280] [DEBUG] [TEST] Batch 2 | Pred shape: torch.Size([256, 256, 160]) | Label shape: torch.Size([256, 256, 160])
[2025-07-18 15:55:30,909] [DEBUG] [TEST] Batch 3 | Pred shape: torch.Size([256, 256, 160]) | Label shape: torch.Size([256, 256, 160])
[2025-07-18 15:55:31,086] [DEBUG] [TEST] Batch 4 | Pred shape: torch.Size([256, 256, 160]) | Label shape: torch.Size([256, 256, 160])
[2025-07-18 15:55:31,177] [DEBUG] [TEST] Batch 5 | Pred shape: torch.Size([256, 256, 160]) | Label shape: torch.Size([256, 256, 160])
[2025-07-18 15:55:31,371] [DEBUG] [TEST] Batch 6 | Pred shape: torch.Size([256, 256, 160]) | Label shape: torch.Size([256, 256, 160])
[2025-07-18 15:55:31,574] [DEBUG] [TEST] Batch 7 | Pred shape: torch.Size([256, 256, 160]) | Label shape: torch.Size([256, 256, 160])
[2025-07-18 15:55:31,677] [DEBUG] [TEST] Batch 8 | Pred shape: torch.Size([256, 256, 160]) | Label shape: torch.Size([256, 256, 160])
[2025-07-18 15:55:31,872] [DEBUG] [TEST] Batch 9 | Pred shape: torch.Size([256, 256, 160]) | Label shape: torch.Size([256, 256, 160])
[2025-07-18 15:55:32,073] [DEBUG] [TEST] Batch 10 | Pred shape: torch.Size([256, 256, 160]) | Label shape: torch.Size([256, 256, 160])
[2025-07-18 15:55:32,371] [DEBUG] [TEST] Batch 11 | Pred shape: torch.Size([256, 256, 160]) | Label shape: torch.Size([256, 256, 160])
[2025-07-18 15:55:34,676] [DEBUG] [TEST] Batch 12 | Pred shape: torch.Size([256, 256, 160]) | Label shape: torch.Size([256, 256, 160])
[2025-07-18 15:55:35,177] [DEBUG] [TEST] Batch 13 | Pred shape: torch.Size([256, 256, 160]) | Label shape: torch.Size([256, 256, 160])
[2025-07-18 15:55:35,578] [DEBUG] [TEST] Batch 14 | Pred shape: torch.Size([256, 256, 160]) | Label shape: torch.Size([256, 256, 160])
[2025-07-18 15:55:35,675] [DEBUG] [TEST] Batch 15 | Pred shape: torch.Size([256, 256, 160]) | Label shape: torch.Size([256, 256, 160])
[2025-07-18 15:55:35,774] [DEBUG] [TEST] Batch 16 | Pred shape: torch.Size([256, 256, 160]) | Label shape: torch.Size([256, 256, 160])
[2025-07-18 15:55:41,578] [INFO] [FIT] Final model saved to: Run_UNET_R2Non-IID30%_fedWSOcompC32_20250718/Client3/model_final.pth
[2025-07-18 16:03:45,949] [INFO] [EVALUATE] Starting evaluation...
[2025-07-18 16:03:48,980] [INFO] [DEBUG] Loaded compressed decoded weights.
[2025-07-18 16:04:59,254] [INFO] Model initialized on device: cuda:0
[2025-07-18 16:05:00,496] [INFO] Model initialized on device: cuda:0
[2025-07-18 16:05:00,601] [INFO] Model initialized on device: cuda:0
[2025-07-18 16:05:00,901] [INFO] Model initialized on device: cuda:0
[2025-07-18 16:05:01,272] [INFO] Model initialized on device: cuda:0
[2025-07-18 16:05:01,397] [INFO] Model initialized on device: cuda:0
[2025-07-18 16:05:01,471] [INFO] Model initialized on device: cuda:0
[2025-07-18 16:05:01,684] [INFO] Model initialized on device: cuda:0
[2025-07-18 16:05:01,773] [INFO] Model initialized on device: cuda:0
[2025-07-18 16:05:01,783] [INFO] Model initialized on device: cuda:0
[2025-07-18 16:05:08,888] [DEBUG] [TEST] Batch 1 | Pred shape: torch.Size([256, 256, 160]) | Label shape: torch.Size([256, 256, 160])
[2025-07-18 16:05:09,611] [DEBUG] [TEST] Batch 2 | Pred shape: torch.Size([256, 256, 160]) | Label shape: torch.Size([256, 256, 160])
[2025-07-18 16:05:09,787] [DEBUG] [TEST] Batch 3 | Pred shape: torch.Size([256, 256, 160]) | Label shape: torch.Size([256, 256, 160])
[2025-07-18 16:05:10,100] [DEBUG] [TEST] Batch 4 | Pred shape: torch.Size([256, 256, 160]) | Label shape: torch.Size([256, 256, 160])
[2025-07-18 16:05:10,400] [DEBUG] [TEST] Batch 5 | Pred shape: torch.Size([256, 256, 160]) | Label shape: torch.Size([256, 256, 160])
[2025-07-18 16:05:10,684] [DEBUG] [TEST] Batch 6 | Pred shape: torch.Size([256, 256, 160]) | Label shape: torch.Size([256, 256, 160])
[2025-07-18 16:05:10,889] [DEBUG] [TEST] Batch 7 | Pred shape: torch.Size([256, 256, 160]) | Label shape: torch.Size([256, 256, 160])
[2025-07-18 16:05:11,090] [DEBUG] [TEST] Batch 8 | Pred shape: torch.Size([256, 256, 160]) | Label shape: torch.Size([256, 256, 160])
[2025-07-18 16:05:11,290] [DEBUG] [TEST] Batch 9 | Pred shape: torch.Size([256, 256, 160]) | Label shape: torch.Size([256, 256, 160])
[2025-07-18 16:05:11,478] [DEBUG] [TEST] Batch 10 | Pred shape: torch.Size([256, 256, 160]) | Label shape: torch.Size([256, 256, 160])
[2025-07-18 16:05:13,822] [DEBUG] [TEST] Batch 11 | Pred shape: torch.Size([256, 256, 160]) | Label shape: torch.Size([256, 256, 160])
[2025-07-18 16:05:14,374] [DEBUG] [TEST] Batch 12 | Pred shape: torch.Size([256, 256, 160]) | Label shape: torch.Size([256, 256, 160])
[2025-07-18 16:05:14,611] [DEBUG] [TEST] Batch 13 | Pred shape: torch.Size([256, 256, 160]) | Label shape: torch.Size([256, 256, 160])
[2025-07-18 16:05:14,881] [DEBUG] [TEST] Batch 14 | Pred shape: torch.Size([256, 256, 160]) | Label shape: torch.Size([256, 256, 160])
[2025-07-18 16:05:15,080] [DEBUG] [TEST] Batch 15 | Pred shape: torch.Size([256, 256, 160]) | Label shape: torch.Size([256, 256, 160])
[2025-07-18 16:05:15,281] [DEBUG] [TEST] Batch 16 | Pred shape: torch.Size([256, 256, 160]) | Label shape: torch.Size([256, 256, 160])
[2025-07-18 16:05:24,074] [INFO] [EVALUATE] Dice WT: 0.9551
[2025-07-18 16:05:36,267] [INFO] [FIT] Received parameters. Starting local training...
[2025-07-18 16:05:41,380] [INFO] [DEBUG] Loaded compressed decoded weights.
[2025-07-18 16:06:50,310] [INFO] Model initialized on device: cuda:0
[2025-07-18 16:06:50,977] [INFO] Model initialized on device: cuda:0
[2025-07-18 16:06:51,177] [INFO] Model initialized on device: cuda:0
[2025-07-18 16:06:51,206] [INFO] Model initialized on device: cuda:0
[2025-07-18 16:06:51,297] [INFO] Model initialized on device: cuda:0
[2025-07-18 16:06:51,314] [INFO] Model initialized on device: cuda:0
[2025-07-18 16:06:51,385] [INFO] Model initialized on device: cuda:0
[2025-07-18 16:06:51,388] [INFO] Model initialized on device: cuda:0
[2025-07-18 16:06:51,389] [INFO] Model initialized on device: cuda:0
[2025-07-18 16:06:51,390] [INFO] Model initialized on device: cuda:0
[2025-07-18 16:08:35,778] [INFO] [TRAIN] Epoch 1 Loss: 0.4758
[2025-07-18 16:09:23,397] [INFO] Model initialized on device: cuda:0
[2025-07-18 16:09:27,077] [INFO] Model initialized on device: cuda:0
[2025-07-18 16:09:27,901] [INFO] Model initialized on device: cuda:0
[2025-07-18 16:09:28,387] [INFO] Model initialized on device: cuda:0
[2025-07-18 16:09:28,406] [INFO] Model initialized on device: cuda:0
[2025-07-18 16:09:28,480] [INFO] Model initialized on device: cuda:0
[2025-07-18 16:09:28,488] [INFO] Model initialized on device: cuda:0
[2025-07-18 16:09:28,489] [INFO] Model initialized on device: cuda:0
[2025-07-18 16:09:28,581] [INFO] Model initialized on device: cuda:0
[2025-07-18 16:09:28,581] [INFO] Model initialized on device: cuda:0
[2025-07-18 16:11:14,082] [INFO] [TRAIN] Epoch 2 Loss: 0.4198
[2025-07-18 16:12:01,183] [INFO] Model initialized on device: cuda:0
[2025-07-18 16:12:01,877] [INFO] Model initialized on device: cuda:0
[2025-07-18 16:12:01,894] [INFO] Model initialized on device: cuda:0
[2025-07-18 16:12:02,401] [INFO] Model initialized on device: cuda:0
[2025-07-18 16:12:02,405] [INFO] Model initialized on device: cuda:0
[2025-07-18 16:12:02,479] [INFO] Model initialized on device: cuda:0
[2025-07-18 16:12:02,571] [INFO] Model initialized on device: cuda:0
[2025-07-18 16:12:02,581] [INFO] Model initialized on device: cuda:0
[2025-07-18 16:12:02,584] [INFO] Model initialized on device: cuda:0
[2025-07-18 16:12:02,584] [INFO] Model initialized on device: cuda:0
[2025-07-18 16:13:48,677] [INFO] [TRAIN] Epoch 3 Loss: 0.3895
[2025-07-18 16:14:40,570] [INFO] Model initialized on device: cuda:0
[2025-07-18 16:14:40,594] [INFO] Model initialized on device: cuda:0
[2025-07-18 16:14:40,795] [INFO] Model initialized on device: cuda:0
[2025-07-18 16:14:40,872] [INFO] Model initialized on device: cuda:0
[2025-07-18 16:14:41,078] [INFO] Model initialized on device: cuda:0
[2025-07-18 16:14:41,099] [INFO] Model initialized on device: cuda:0
[2025-07-18 16:14:41,283] [INFO] Model initialized on device: cuda:0
[2025-07-18 16:14:41,283] [INFO] Model initialized on device: cuda:0
[2025-07-18 16:14:41,288] [INFO] Model initialized on device: cuda:0
[2025-07-18 16:14:41,289] [INFO] Model initialized on device: cuda:0
[2025-07-18 16:16:31,079] [INFO] [TRAIN] Epoch 4 Loss: 0.3579
[2025-07-18 16:17:07,904] [INFO] Model initialized on device: cuda:0
[2025-07-18 16:17:07,989] [INFO] Model initialized on device: cuda:0
[2025-07-18 16:17:10,494] [INFO] Model initialized on device: cuda:0
[2025-07-18 16:17:14,175] [INFO] Model initialized on device: cuda:0
[2025-07-18 16:17:15,093] [INFO] Model initialized on device: cuda:0
[2025-07-18 16:17:15,586] [INFO] Model initialized on device: cuda:0
[2025-07-18 16:17:15,593] [INFO] Model initialized on device: cuda:0
[2025-07-18 16:17:15,596] [INFO] Model initialized on device: cuda:0
[2025-07-18 16:17:15,599] [INFO] Model initialized on device: cuda:0
[2025-07-18 16:17:15,602] [INFO] Model initialized on device: cuda:0
[2025-07-18 16:18:54,779] [INFO] [TRAIN] Epoch 5 Loss: 0.3363
[2025-07-18 16:18:54,781] [INFO] [FIT] Local training finished. Avg Loss: 0.3959
[2025-07-18 16:19:39,905] [INFO] Model initialized on device: cuda:0
[2025-07-18 16:19:40,000] [INFO] Model initialized on device: cuda:0
[2025-07-18 16:19:40,177] [INFO] Model initialized on device: cuda:0
[2025-07-18 16:19:40,482] [INFO] Model initialized on device: cuda:0
[2025-07-18 16:19:40,506] [INFO] Model initialized on device: cuda:0
[2025-07-18 16:19:40,586] [INFO] Model initialized on device: cuda:0
[2025-07-18 16:19:40,604] [INFO] Model initialized on device: cuda:0
[2025-07-18 16:19:40,611] [INFO] Model initialized on device: cuda:0
[2025-07-18 16:19:40,675] [INFO] Model initialized on device: cuda:0
[2025-07-18 16:19:40,779] [INFO] Model initialized on device: cuda:0
[2025-07-18 16:19:46,281] [DEBUG] [TEST] Batch 1 | Pred shape: torch.Size([256, 256, 160]) | Label shape: torch.Size([256, 256, 160])
[2025-07-18 16:19:46,480] [DEBUG] [TEST] Batch 2 | Pred shape: torch.Size([256, 256, 160]) | Label shape: torch.Size([256, 256, 160])
[2025-07-18 16:19:46,977] [DEBUG] [TEST] Batch 3 | Pred shape: torch.Size([256, 256, 160]) | Label shape: torch.Size([256, 256, 160])
[2025-07-18 16:19:48,417] [DEBUG] [TEST] Batch 4 | Pred shape: torch.Size([256, 256, 160]) | Label shape: torch.Size([256, 256, 160])
[2025-07-18 16:19:48,611] [DEBUG] [TEST] Batch 5 | Pred shape: torch.Size([256, 256, 160]) | Label shape: torch.Size([256, 256, 160])
[2025-07-18 16:19:48,813] [DEBUG] [TEST] Batch 6 | Pred shape: torch.Size([256, 256, 160]) | Label shape: torch.Size([256, 256, 160])
[2025-07-18 16:19:49,099] [DEBUG] [TEST] Batch 7 | Pred shape: torch.Size([256, 256, 160]) | Label shape: torch.Size([256, 256, 160])
[2025-07-18 16:19:49,211] [DEBUG] [TEST] Batch 8 | Pred shape: torch.Size([256, 256, 160]) | Label shape: torch.Size([256, 256, 160])
[2025-07-18 16:19:49,370] [DEBUG] [TEST] Batch 9 | Pred shape: torch.Size([256, 256, 160]) | Label shape: torch.Size([256, 256, 160])
[2025-07-18 16:19:49,472] [DEBUG] [TEST] Batch 10 | Pred shape: torch.Size([256, 256, 160]) | Label shape: torch.Size([256, 256, 160])
[2025-07-18 16:19:51,121] [DEBUG] [TEST] Batch 11 | Pred shape: torch.Size([256, 256, 160]) | Label shape: torch.Size([256, 256, 160])
[2025-07-18 16:19:51,271] [DEBUG] [TEST] Batch 12 | Pred shape: torch.Size([256, 256, 160]) | Label shape: torch.Size([256, 256, 160])
[2025-07-18 16:19:51,482] [DEBUG] [TEST] Batch 13 | Pred shape: torch.Size([256, 256, 160]) | Label shape: torch.Size([256, 256, 160])
[2025-07-18 16:19:52,870] [DEBUG] [TEST] Batch 14 | Pred shape: torch.Size([256, 256, 160]) | Label shape: torch.Size([256, 256, 160])
[2025-07-18 16:19:53,171] [DEBUG] [TEST] Batch 15 | Pred shape: torch.Size([256, 256, 160]) | Label shape: torch.Size([256, 256, 160])
[2025-07-18 16:19:53,326] [DEBUG] [TEST] Batch 16 | Pred shape: torch.Size([256, 256, 160]) | Label shape: torch.Size([256, 256, 160])
[2025-07-18 16:20:00,070] [INFO] [FIT] Final model saved to: Run_UNET_R2Non-IID30%_fedWSOcompC32_20250718/Client3/model_final.pth
[2025-07-18 16:28:02,181] [INFO] [EVALUATE] Starting evaluation...
[2025-07-18 16:28:06,883] [INFO] [DEBUG] Loaded compressed decoded weights.
[2025-07-18 16:29:13,114] [INFO] Model initialized on device: cuda:0
[2025-07-18 16:29:14,579] [INFO] Model initialized on device: cuda:0
[2025-07-18 16:29:14,676] [INFO] Model initialized on device: cuda:0
[2025-07-18 16:29:14,703] [INFO] Model initialized on device: cuda:0
[2025-07-18 16:29:15,273] [INFO] Model initialized on device: cuda:0
[2025-07-18 16:29:15,294] [INFO] Model initialized on device: cuda:0
[2025-07-18 16:29:15,371] [INFO] Model initialized on device: cuda:0
[2025-07-18 16:29:15,374] [INFO] Model initialized on device: cuda:0
[2025-07-18 16:29:15,388] [INFO] Model initialized on device: cuda:0
[2025-07-18 16:29:15,391] [INFO] Model initialized on device: cuda:0
[2025-07-18 16:29:23,479] [DEBUG] [TEST] Batch 1 | Pred shape: torch.Size([256, 256, 160]) | Label shape: torch.Size([256, 256, 160])
[2025-07-18 16:29:23,771] [DEBUG] [TEST] Batch 2 | Pred shape: torch.Size([256, 256, 160]) | Label shape: torch.Size([256, 256, 160])
[2025-07-18 16:29:24,599] [DEBUG] [TEST] Batch 3 | Pred shape: torch.Size([256, 256, 160]) | Label shape: torch.Size([256, 256, 160])
[2025-07-18 16:29:24,899] [DEBUG] [TEST] Batch 4 | Pred shape: torch.Size([256, 256, 160]) | Label shape: torch.Size([256, 256, 160])
[2025-07-18 16:29:25,189] [DEBUG] [TEST] Batch 5 | Pred shape: torch.Size([256, 256, 160]) | Label shape: torch.Size([256, 256, 160])
[2025-07-18 16:29:25,278] [DEBUG] [TEST] Batch 6 | Pred shape: torch.Size([256, 256, 160]) | Label shape: torch.Size([256, 256, 160])
[2025-07-18 16:29:25,378] [DEBUG] [TEST] Batch 7 | Pred shape: torch.Size([256, 256, 160]) | Label shape: torch.Size([256, 256, 160])
[2025-07-18 16:29:25,478] [DEBUG] [TEST] Batch 8 | Pred shape: torch.Size([256, 256, 160]) | Label shape: torch.Size([256, 256, 160])
[2025-07-18 16:29:25,578] [DEBUG] [TEST] Batch 9 | Pred shape: torch.Size([256, 256, 160]) | Label shape: torch.Size([256, 256, 160])
[2025-07-18 16:29:25,678] [DEBUG] [TEST] Batch 10 | Pred shape: torch.Size([256, 256, 160]) | Label shape: torch.Size([256, 256, 160])
[2025-07-18 16:29:27,524] [DEBUG] [TEST] Batch 11 | Pred shape: torch.Size([256, 256, 160]) | Label shape: torch.Size([256, 256, 160])
[2025-07-18 16:29:27,886] [DEBUG] [TEST] Batch 12 | Pred shape: torch.Size([256, 256, 160]) | Label shape: torch.Size([256, 256, 160])
[2025-07-18 16:29:28,178] [DEBUG] [TEST] Batch 13 | Pred shape: torch.Size([256, 256, 160]) | Label shape: torch.Size([256, 256, 160])
[2025-07-18 16:29:28,299] [DEBUG] [TEST] Batch 14 | Pred shape: torch.Size([256, 256, 160]) | Label shape: torch.Size([256, 256, 160])
[2025-07-18 16:29:28,410] [DEBUG] [TEST] Batch 15 | Pred shape: torch.Size([256, 256, 160]) | Label shape: torch.Size([256, 256, 160])
[2025-07-18 16:29:28,585] [DEBUG] [TEST] Batch 16 | Pred shape: torch.Size([256, 256, 160]) | Label shape: torch.Size([256, 256, 160])
[2025-07-18 16:29:37,033] [INFO] [EVALUATE] Dice WT: 0.9458
[2025-07-18 16:29:46,487] [INFO] [FIT] Received parameters. Starting local training...
[2025-07-18 16:29:48,574] [INFO] [DEBUG] Loaded compressed decoded weights.
[2025-07-18 16:31:01,179] [INFO] Model initialized on device: cuda:0
[2025-07-18 16:31:01,249] [INFO] Model initialized on device: cuda:0
[2025-07-18 16:31:01,386] [INFO] Model initialized on device: cuda:0
[2025-07-18 16:31:01,892] [INFO] Model initialized on device: cuda:0
[2025-07-18 16:31:01,903] [INFO] Model initialized on device: cuda:0
[2025-07-18 16:31:02,478] [INFO] Model initialized on device: cuda:0
[2025-07-18 16:31:02,478] [INFO] Model initialized on device: cuda:0
[2025-07-18 16:31:02,577] [INFO] Model initialized on device: cuda:0
[2025-07-18 16:31:02,603] [INFO] Model initialized on device: cuda:0
[2025-07-18 16:31:02,771] [INFO] Model initialized on device: cuda:0
[2025-07-18 16:32:53,678] [INFO] [TRAIN] Epoch 1 Loss: 0.3371
[2025-07-18 16:33:41,477] [INFO] Model initialized on device: cuda:0
[2025-07-18 16:33:45,792] [INFO] Model initialized on device: cuda:0
[2025-07-18 16:33:45,971] [INFO] Model initialized on device: cuda:0
[2025-07-18 16:33:47,704] [INFO] Model initialized on device: cuda:0
[2025-07-18 16:33:49,672] [INFO] Model initialized on device: cuda:0
[2025-07-18 16:33:49,687] [INFO] Model initialized on device: cuda:0
[2025-07-18 16:33:49,780] [INFO] Model initialized on device: cuda:0
[2025-07-18 16:33:49,798] [INFO] Model initialized on device: cuda:0
[2025-07-18 16:33:49,872] [INFO] Model initialized on device: cuda:0
[2025-07-18 16:33:49,874] [INFO] Model initialized on device: cuda:0
[2025-07-18 16:35:38,874] [INFO] [TRAIN] Epoch 2 Loss: 0.2927
[2025-07-18 16:36:22,379] [INFO] Model initialized on device: cuda:0
[2025-07-18 16:36:23,492] [INFO] Model initialized on device: cuda:0
[2025-07-18 16:36:23,492] [INFO] Model initialized on device: cuda:0
[2025-07-18 16:36:24,181] [INFO] Model initialized on device: cuda:0
[2025-07-18 16:36:24,271] [INFO] Model initialized on device: cuda:0
[2025-07-18 16:36:24,295] [INFO] Model initialized on device: cuda:0
[2025-07-18 16:36:24,296] [INFO] Model initialized on device: cuda:0
[2025-07-18 16:36:24,296] [INFO] Model initialized on device: cuda:0
[2025-07-18 16:36:24,300] [INFO] Model initialized on device: cuda:0
[2025-07-18 16:36:24,371] [INFO] Model initialized on device: cuda:0
[2025-07-18 16:38:11,901] [INFO] [TRAIN] Epoch 3 Loss: 0.2678
[2025-07-18 16:39:04,983] [INFO] Model initialized on device: cuda:0
[2025-07-18 16:39:04,989] [INFO] Model initialized on device: cuda:0
[2025-07-18 16:39:04,995] [INFO] Model initialized on device: cuda:0
[2025-07-18 16:39:05,296] [INFO] Model initialized on device: cuda:0
[2025-07-18 16:39:05,372] [INFO] Model initialized on device: cuda:0
[2025-07-18 16:39:05,405] [INFO] Model initialized on device: cuda:0
[2025-07-18 16:39:05,474] [INFO] Model initialized on device: cuda:0
[2025-07-18 16:39:05,492] [INFO] Model initialized on device: cuda:0
[2025-07-18 16:39:05,494] [INFO] Model initialized on device: cuda:0
[2025-07-18 16:39:05,504] [INFO] Model initialized on device: cuda:0
[2025-07-18 16:40:46,476] [INFO] [TRAIN] Epoch 4 Loss: 0.2533
[2025-07-18 16:41:24,877] [INFO] Model initialized on device: cuda:0
[2025-07-18 16:41:25,476] [INFO] Model initialized on device: cuda:0
[2025-07-18 16:41:28,985] [INFO] Model initialized on device: cuda:0
[2025-07-18 16:41:31,287] [INFO] Model initialized on device: cuda:0
[2025-07-18 16:41:32,183] [INFO] Model initialized on device: cuda:0
[2025-07-18 16:41:32,183] [INFO] Model initialized on device: cuda:0
[2025-07-18 16:41:32,782] [INFO] Model initialized on device: cuda:0
[2025-07-18 16:41:32,783] [INFO] Model initialized on device: cuda:0
[2025-07-18 16:41:33,089] [INFO] Model initialized on device: cuda:0
[2025-07-18 16:41:33,178] [INFO] Model initialized on device: cuda:0
[2025-07-18 16:43:16,679] [INFO] [TRAIN] Epoch 5 Loss: 0.2428
[2025-07-18 16:43:16,680] [INFO] [FIT] Local training finished. Avg Loss: 0.2788
[2025-07-18 16:43:56,570] [INFO] Model initialized on device: cuda:0
[2025-07-18 16:43:57,615] [INFO] Model initialized on device: cuda:0
[2025-07-18 16:43:58,209] [INFO] Model initialized on device: cuda:0
[2025-07-18 16:43:58,909] [INFO] Model initialized on device: cuda:0
[2025-07-18 16:43:58,980] [INFO] Model initialized on device: cuda:0
[2025-07-18 16:43:59,195] [INFO] Model initialized on device: cuda:0
[2025-07-18 16:43:59,276] [INFO] Model initialized on device: cuda:0
[2025-07-18 16:43:59,373] [INFO] Model initialized on device: cuda:0
[2025-07-18 16:43:59,374] [INFO] Model initialized on device: cuda:0
[2025-07-18 16:43:59,374] [INFO] Model initialized on device: cuda:0
[2025-07-18 16:44:06,373] [DEBUG] [TEST] Batch 1 | Pred shape: torch.Size([256, 256, 160]) | Label shape: torch.Size([256, 256, 160])
[2025-07-18 16:44:06,779] [DEBUG] [TEST] Batch 2 | Pred shape: torch.Size([256, 256, 160]) | Label shape: torch.Size([256, 256, 160])
[2025-07-18 16:44:07,018] [DEBUG] [TEST] Batch 3 | Pred shape: torch.Size([256, 256, 160]) | Label shape: torch.Size([256, 256, 160])
[2025-07-18 16:44:07,121] [DEBUG] [TEST] Batch 4 | Pred shape: torch.Size([256, 256, 160]) | Label shape: torch.Size([256, 256, 160])
[2025-07-18 16:44:07,220] [DEBUG] [TEST] Batch 5 | Pred shape: torch.Size([256, 256, 160]) | Label shape: torch.Size([256, 256, 160])
[2025-07-18 16:44:07,374] [DEBUG] [TEST] Batch 6 | Pred shape: torch.Size([256, 256, 160]) | Label shape: torch.Size([256, 256, 160])
[2025-07-18 16:44:07,480] [DEBUG] [TEST] Batch 7 | Pred shape: torch.Size([256, 256, 160]) | Label shape: torch.Size([256, 256, 160])
[2025-07-18 16:44:07,579] [DEBUG] [TEST] Batch 8 | Pred shape: torch.Size([256, 256, 160]) | Label shape: torch.Size([256, 256, 160])
[2025-07-18 16:44:07,775] [DEBUG] [TEST] Batch 9 | Pred shape: torch.Size([256, 256, 160]) | Label shape: torch.Size([256, 256, 160])
[2025-07-18 16:44:07,983] [DEBUG] [TEST] Batch 10 | Pred shape: torch.Size([256, 256, 160]) | Label shape: torch.Size([256, 256, 160])
[2025-07-18 16:44:11,278] [DEBUG] [TEST] Batch 11 | Pred shape: torch.Size([256, 256, 160]) | Label shape: torch.Size([256, 256, 160])
[2025-07-18 16:44:11,378] [DEBUG] [TEST] Batch 12 | Pred shape: torch.Size([256, 256, 160]) | Label shape: torch.Size([256, 256, 160])
[2025-07-18 16:44:11,478] [DEBUG] [TEST] Batch 13 | Pred shape: torch.Size([256, 256, 160]) | Label shape: torch.Size([256, 256, 160])
[2025-07-18 16:44:11,579] [DEBUG] [TEST] Batch 14 | Pred shape: torch.Size([256, 256, 160]) | Label shape: torch.Size([256, 256, 160])
[2025-07-18 16:44:11,772] [DEBUG] [TEST] Batch 15 | Pred shape: torch.Size([256, 256, 160]) | Label shape: torch.Size([256, 256, 160])
[2025-07-18 16:44:11,977] [DEBUG] [TEST] Batch 16 | Pred shape: torch.Size([256, 256, 160]) | Label shape: torch.Size([256, 256, 160])
[2025-07-18 16:44:18,439] [INFO] [FIT] Final model saved to: Run_UNET_R2Non-IID30%_fedWSOcompC32_20250718/Client3/model_final.pth
[2025-07-18 16:52:22,203] [INFO] [EVALUATE] Starting evaluation...
[2025-07-18 16:52:24,979] [INFO] [DEBUG] Loaded compressed decoded weights.
[2025-07-18 16:53:28,503] [INFO] Model initialized on device: cuda:0
[2025-07-18 16:53:28,531] [INFO] Model initialized on device: cuda:0
[2025-07-18 16:53:28,915] [INFO] Model initialized on device: cuda:0
[2025-07-18 16:53:28,964] [INFO] Model initialized on device: cuda:0
[2025-07-18 16:53:29,672] [INFO] Model initialized on device: cuda:0
[2025-07-18 16:53:29,887] [INFO] Model initialized on device: cuda:0
[2025-07-18 16:53:30,271] [INFO] Model initialized on device: cuda:0
[2025-07-18 16:53:30,572] [INFO] Model initialized on device: cuda:0
[2025-07-18 16:53:30,743] [INFO] Model initialized on device: cuda:0
[2025-07-18 16:53:31,020] [DEBUG] [TEST] Batch 1 | Pred shape: torch.Size([256, 256, 160]) | Label shape: torch.Size([256, 256, 160])
[2025-07-18 16:53:31,530] [INFO] Model initialized on device: cuda:0
[2025-07-18 16:53:32,184] [DEBUG] [TEST] Batch 2 | Pred shape: torch.Size([256, 256, 160]) | Label shape: torch.Size([256, 256, 160])
[2025-07-18 16:53:34,380] [DEBUG] [TEST] Batch 3 | Pred shape: torch.Size([256, 256, 160]) | Label shape: torch.Size([256, 256, 160])
[2025-07-18 16:53:34,497] [DEBUG] [TEST] Batch 4 | Pred shape: torch.Size([256, 256, 160]) | Label shape: torch.Size([256, 256, 160])
[2025-07-18 16:53:34,677] [DEBUG] [TEST] Batch 5 | Pred shape: torch.Size([256, 256, 160]) | Label shape: torch.Size([256, 256, 160])
[2025-07-18 16:53:34,778] [DEBUG] [TEST] Batch 6 | Pred shape: torch.Size([256, 256, 160]) | Label shape: torch.Size([256, 256, 160])
[2025-07-18 16:53:34,878] [DEBUG] [TEST] Batch 7 | Pred shape: torch.Size([256, 256, 160]) | Label shape: torch.Size([256, 256, 160])
[2025-07-18 16:53:34,981] [DEBUG] [TEST] Batch 8 | Pred shape: torch.Size([256, 256, 160]) | Label shape: torch.Size([256, 256, 160])
[2025-07-18 16:53:35,078] [DEBUG] [TEST] Batch 9 | Pred shape: torch.Size([256, 256, 160]) | Label shape: torch.Size([256, 256, 160])
[2025-07-18 16:53:35,178] [DEBUG] [TEST] Batch 10 | Pred shape: torch.Size([256, 256, 160]) | Label shape: torch.Size([256, 256, 160])
[2025-07-18 16:53:35,282] [DEBUG] [TEST] Batch 11 | Pred shape: torch.Size([256, 256, 160]) | Label shape: torch.Size([256, 256, 160])
[2025-07-18 16:53:35,390] [DEBUG] [TEST] Batch 12 | Pred shape: torch.Size([256, 256, 160]) | Label shape: torch.Size([256, 256, 160])
[2025-07-18 16:53:38,686] [DEBUG] [TEST] Batch 13 | Pred shape: torch.Size([256, 256, 160]) | Label shape: torch.Size([256, 256, 160])
[2025-07-18 16:53:38,883] [DEBUG] [TEST] Batch 14 | Pred shape: torch.Size([256, 256, 160]) | Label shape: torch.Size([256, 256, 160])
[2025-07-18 16:53:38,977] [DEBUG] [TEST] Batch 15 | Pred shape: torch.Size([256, 256, 160]) | Label shape: torch.Size([256, 256, 160])
[2025-07-18 16:53:39,077] [DEBUG] [TEST] Batch 16 | Pred shape: torch.Size([256, 256, 160]) | Label shape: torch.Size([256, 256, 160])
[2025-07-18 16:53:46,781] [INFO] [EVALUATE] Dice WT: 0.9449
[2025-07-18 16:54:03,910] [INFO] [FIT] Received parameters. Starting local training...
[2025-07-18 16:54:06,878] [INFO] [DEBUG] Loaded compressed decoded weights.
[2025-07-18 16:55:12,867] [INFO] Model initialized on device: cuda:0
[2025-07-18 16:55:14,986] [INFO] Model initialized on device: cuda:0
[2025-07-18 16:55:15,417] [INFO] Model initialized on device: cuda:0
[2025-07-18 16:55:15,674] [INFO] Model initialized on device: cuda:0
[2025-07-18 16:55:16,006] [INFO] Model initialized on device: cuda:0
[2025-07-18 16:55:16,470] [INFO] Model initialized on device: cuda:0
[2025-07-18 16:55:16,504] [INFO] Model initialized on device: cuda:0
[2025-07-18 16:55:16,678] [INFO] Model initialized on device: cuda:0
[2025-07-18 16:55:16,690] [INFO] Model initialized on device: cuda:0
[2025-07-18 16:55:16,897] [INFO] Model initialized on device: cuda:0
[2025-07-18 16:57:11,873] [INFO] [TRAIN] Epoch 1 Loss: 0.2448
[2025-07-18 16:57:59,585] [INFO] Model initialized on device: cuda:0
[2025-07-18 16:57:59,778] [INFO] Model initialized on device: cuda:0
[2025-07-18 16:57:59,781] [INFO] Model initialized on device: cuda:0
[2025-07-18 16:57:59,874] [INFO] Model initialized on device: cuda:0
[2025-07-18 16:57:59,988] [INFO] Model initialized on device: cuda:0
[2025-07-18 16:57:59,995] [INFO] Model initialized on device: cuda:0
[2025-07-18 16:57:59,996] [INFO] Model initialized on device: cuda:0
[2025-07-18 16:58:00,074] [INFO] Model initialized on device: cuda:0
[2025-07-18 16:58:00,077] [INFO] Model initialized on device: cuda:0
[2025-07-18 16:58:00,079] [INFO] Model initialized on device: cuda:0
[2025-07-18 16:59:49,877] [INFO] [TRAIN] Epoch 2 Loss: 0.2171
[2025-07-18 17:00:34,677] [INFO] Model initialized on device: cuda:0
[2025-07-18 17:00:34,698] [INFO] Model initialized on device: cuda:0
[2025-07-18 17:00:36,071] [INFO] Model initialized on device: cuda:0
[2025-07-18 17:00:36,071] [INFO] Model initialized on device: cuda:0
[2025-07-18 17:00:36,180] [INFO] Model initialized on device: cuda:0
[2025-07-18 17:00:36,277] [INFO] Model initialized on device: cuda:0
[2025-07-18 17:00:36,784] [INFO] Model initialized on device: cuda:0
[2025-07-18 17:00:36,872] [INFO] Model initialized on device: cuda:0
[2025-07-18 17:00:36,873] [INFO] Model initialized on device: cuda:0
[2025-07-18 17:00:37,173] [INFO] Model initialized on device: cuda:0
[2025-07-18 17:02:26,278] [INFO] [TRAIN] Epoch 3 Loss: 0.2040
[2025-07-18 17:03:01,470] [INFO] Model initialized on device: cuda:0
[2025-07-18 17:03:03,695] [INFO] Model initialized on device: cuda:0
[2025-07-18 17:03:10,094] [INFO] Model initialized on device: cuda:0
[2025-07-18 17:03:11,773] [INFO] Model initialized on device: cuda:0
[2025-07-18 17:03:11,780] [INFO] Model initialized on device: cuda:0
[2025-07-18 17:03:11,884] [INFO] Model initialized on device: cuda:0
[2025-07-18 17:03:12,072] [INFO] Model initialized on device: cuda:0
[2025-07-18 17:03:12,094] [INFO] Model initialized on device: cuda:0
[2025-07-18 17:03:12,170] [INFO] Model initialized on device: cuda:0
[2025-07-18 17:03:12,180] [INFO] Model initialized on device: cuda:0
[2025-07-18 17:05:00,708] [INFO] [TRAIN] Epoch 4 Loss: 0.2156
[2025-07-18 17:05:52,308] [INFO] Model initialized on device: cuda:0
[2025-07-18 17:05:52,476] [INFO] Model initialized on device: cuda:0
[2025-07-18 17:05:52,683] [INFO] Model initialized on device: cuda:0
[2025-07-18 17:05:52,714] [INFO] Model initialized on device: cuda:0
[2025-07-18 17:05:52,773] [INFO] Model initialized on device: cuda:0
[2025-07-18 17:05:52,774] [INFO] Model initialized on device: cuda:0
[2025-07-18 17:05:52,874] [INFO] Model initialized on device: cuda:0
[2025-07-18 17:05:52,880] [INFO] Model initialized on device: cuda:0
[2025-07-18 17:05:52,888] [INFO] Model initialized on device: cuda:0
[2025-07-18 17:05:52,888] [INFO] Model initialized on device: cuda:0
[2025-07-18 17:07:36,709] [INFO] [TRAIN] Epoch 5 Loss: 0.1852
[2025-07-18 17:07:36,710] [INFO] [FIT] Local training finished. Avg Loss: 0.2133
[2025-07-18 17:08:23,002] [INFO] Model initialized on device: cuda:0
[2025-07-18 17:08:23,201] [INFO] Model initialized on device: cuda:0
[2025-07-18 17:08:23,282] [INFO] Model initialized on device: cuda:0
[2025-07-18 17:08:23,693] [INFO] Model initialized on device: cuda:0
[2025-07-18 17:08:23,693] [INFO] Model initialized on device: cuda:0
[2025-07-18 17:08:23,780] [INFO] Model initialized on device: cuda:0
[2025-07-18 17:08:23,901] [INFO] Model initialized on device: cuda:0
[2025-07-18 17:08:24,076] [INFO] Model initialized on device: cuda:0
[2025-07-18 17:08:24,405] [INFO] Model initialized on device: cuda:0
[2025-07-18 17:08:24,477] [INFO] Model initialized on device: cuda:0
[2025-07-18 17:08:32,071] [DEBUG] [TEST] Batch 1 | Pred shape: torch.Size([256, 256, 160]) | Label shape: torch.Size([256, 256, 160])
[2025-07-18 17:08:32,714] [DEBUG] [TEST] Batch 2 | Pred shape: torch.Size([256, 256, 160]) | Label shape: torch.Size([256, 256, 160])
[2025-07-18 17:08:32,974] [DEBUG] [TEST] Batch 3 | Pred shape: torch.Size([256, 256, 160]) | Label shape: torch.Size([256, 256, 160])
[2025-07-18 17:08:33,178] [DEBUG] [TEST] Batch 4 | Pred shape: torch.Size([256, 256, 160]) | Label shape: torch.Size([256, 256, 160])
[2025-07-18 17:08:33,278] [DEBUG] [TEST] Batch 5 | Pred shape: torch.Size([256, 256, 160]) | Label shape: torch.Size([256, 256, 160])
[2025-07-18 17:08:33,378] [DEBUG] [TEST] Batch 6 | Pred shape: torch.Size([256, 256, 160]) | Label shape: torch.Size([256, 256, 160])
[2025-07-18 17:08:33,478] [DEBUG] [TEST] Batch 7 | Pred shape: torch.Size([256, 256, 160]) | Label shape: torch.Size([256, 256, 160])
[2025-07-18 17:08:33,578] [DEBUG] [TEST] Batch 8 | Pred shape: torch.Size([256, 256, 160]) | Label shape: torch.Size([256, 256, 160])
[2025-07-18 17:08:33,678] [DEBUG] [TEST] Batch 9 | Pred shape: torch.Size([256, 256, 160]) | Label shape: torch.Size([256, 256, 160])
[2025-07-18 17:08:33,778] [DEBUG] [TEST] Batch 10 | Pred shape: torch.Size([256, 256, 160]) | Label shape: torch.Size([256, 256, 160])
[2025-07-18 17:08:36,481] [DEBUG] [TEST] Batch 11 | Pred shape: torch.Size([256, 256, 160]) | Label shape: torch.Size([256, 256, 160])
[2025-07-18 17:08:36,620] [DEBUG] [TEST] Batch 12 | Pred shape: torch.Size([256, 256, 160]) | Label shape: torch.Size([256, 256, 160])
[2025-07-18 17:08:36,724] [DEBUG] [TEST] Batch 13 | Pred shape: torch.Size([256, 256, 160]) | Label shape: torch.Size([256, 256, 160])
[2025-07-18 17:08:36,820] [DEBUG] [TEST] Batch 14 | Pred shape: torch.Size([256, 256, 160]) | Label shape: torch.Size([256, 256, 160])
[2025-07-18 17:08:36,920] [DEBUG] [TEST] Batch 15 | Pred shape: torch.Size([256, 256, 160]) | Label shape: torch.Size([256, 256, 160])
[2025-07-18 17:08:37,023] [DEBUG] [TEST] Batch 16 | Pred shape: torch.Size([256, 256, 160]) | Label shape: torch.Size([256, 256, 160])
[2025-07-18 17:08:43,306] [INFO] [FIT] Final model saved to: Run_UNET_R2Non-IID30%_fedWSOcompC32_20250718/Client3/model_final.pth
[2025-07-18 17:16:46,398] [INFO] [EVALUATE] Starting evaluation...
[2025-07-18 17:16:48,780] [INFO] [DEBUG] Loaded compressed decoded weights.
[2025-07-18 17:17:58,756] [INFO] Model initialized on device: cuda:0
[2025-07-18 17:18:02,417] [INFO] Model initialized on device: cuda:0
[2025-07-18 17:18:02,573] [INFO] Model initialized on device: cuda:0
[2025-07-18 17:18:02,779] [INFO] Model initialized on device: cuda:0
[2025-07-18 17:18:03,004] [INFO] Model initialized on device: cuda:0
[2025-07-18 17:18:03,006] [INFO] Model initialized on device: cuda:0
[2025-07-18 17:18:03,174] [INFO] Model initialized on device: cuda:0
[2025-07-18 17:18:03,503] [INFO] Model initialized on device: cuda:0
[2025-07-18 17:18:04,076] [INFO] Model initialized on device: cuda:0
[2025-07-18 17:18:04,086] [INFO] Model initialized on device: cuda:0
[2025-07-18 17:18:09,780] [DEBUG] [TEST] Batch 1 | Pred shape: torch.Size([256, 256, 160]) | Label shape: torch.Size([256, 256, 160])
[2025-07-18 17:18:09,900] [DEBUG] [TEST] Batch 2 | Pred shape: torch.Size([256, 256, 160]) | Label shape: torch.Size([256, 256, 160])
[2025-07-18 17:18:11,184] [DEBUG] [TEST] Batch 3 | Pred shape: torch.Size([256, 256, 160]) | Label shape: torch.Size([256, 256, 160])
[2025-07-18 17:18:11,307] [DEBUG] [TEST] Batch 4 | Pred shape: torch.Size([256, 256, 160]) | Label shape: torch.Size([256, 256, 160])
[2025-07-18 17:18:11,484] [DEBUG] [TEST] Batch 5 | Pred shape: torch.Size([256, 256, 160]) | Label shape: torch.Size([256, 256, 160])
[2025-07-18 17:18:11,600] [DEBUG] [TEST] Batch 6 | Pred shape: torch.Size([256, 256, 160]) | Label shape: torch.Size([256, 256, 160])
[2025-07-18 17:18:11,786] [DEBUG] [TEST] Batch 7 | Pred shape: torch.Size([256, 256, 160]) | Label shape: torch.Size([256, 256, 160])
[2025-07-18 17:18:12,005] [DEBUG] [TEST] Batch 8 | Pred shape: torch.Size([256, 256, 160]) | Label shape: torch.Size([256, 256, 160])
[2025-07-18 17:18:12,185] [DEBUG] [TEST] Batch 9 | Pred shape: torch.Size([256, 256, 160]) | Label shape: torch.Size([256, 256, 160])
[2025-07-18 17:18:12,388] [DEBUG] [TEST] Batch 10 | Pred shape: torch.Size([256, 256, 160]) | Label shape: torch.Size([256, 256, 160])
[2025-07-18 17:18:14,870] [DEBUG] [TEST] Batch 11 | Pred shape: torch.Size([256, 256, 160]) | Label shape: torch.Size([256, 256, 160])
[2025-07-18 17:18:14,975] [DEBUG] [TEST] Batch 12 | Pred shape: torch.Size([256, 256, 160]) | Label shape: torch.Size([256, 256, 160])
[2025-07-18 17:18:15,772] [DEBUG] [TEST] Batch 13 | Pred shape: torch.Size([256, 256, 160]) | Label shape: torch.Size([256, 256, 160])
[2025-07-18 17:18:15,924] [DEBUG] [TEST] Batch 14 | Pred shape: torch.Size([256, 256, 160]) | Label shape: torch.Size([256, 256, 160])
[2025-07-18 17:18:16,024] [DEBUG] [TEST] Batch 15 | Pred shape: torch.Size([256, 256, 160]) | Label shape: torch.Size([256, 256, 160])
[2025-07-18 17:18:16,228] [DEBUG] [TEST] Batch 16 | Pred shape: torch.Size([256, 256, 160]) | Label shape: torch.Size([256, 256, 160])
[2025-07-18 17:18:25,609] [INFO] [EVALUATE] Dice WT: 0.7108
[2025-07-18 17:18:34,349] [INFO] [FIT] Received parameters. Starting local training...
[2025-07-18 17:18:36,381] [INFO] [DEBUG] Loaded compressed decoded weights.
[2025-07-18 17:19:36,586] [INFO] Model initialized on device: cuda:0
[2025-07-18 17:19:36,842] [INFO] Model initialized on device: cuda:0
[2025-07-18 17:19:36,882] [INFO] Model initialized on device: cuda:0
[2025-07-18 17:19:37,133] [INFO] Model initialized on device: cuda:0
[2025-07-18 17:19:37,295] [INFO] Model initialized on device: cuda:0
[2025-07-18 17:19:37,532] [INFO] Model initialized on device: cuda:0
[2025-07-18 17:19:37,711] [INFO] Model initialized on device: cuda:0
[2025-07-18 17:19:37,711] [INFO] Model initialized on device: cuda:0
[2025-07-18 17:19:39,817] [INFO] Model initialized on device: cuda:0
[2025-07-18 17:19:42,070] [INFO] Model initialized on device: cuda:0
[2025-07-18 17:21:20,122] [INFO] [TRAIN] Epoch 1 Loss: 0.2176
[2025-07-18 17:22:11,307] [INFO] Model initialized on device: cuda:0
[2025-07-18 17:22:11,690] [INFO] Model initialized on device: cuda:0
[2025-07-18 17:22:11,706] [INFO] Model initialized on device: cuda:0
[2025-07-18 17:22:11,717] [INFO] Model initialized on device: cuda:0
[2025-07-18 17:22:11,895] [INFO] Model initialized on device: cuda:0
[2025-07-18 17:22:12,003] [INFO] Model initialized on device: cuda:0
[2025-07-18 17:22:12,004] [INFO] Model initialized on device: cuda:0
[2025-07-18 17:22:12,005] [INFO] Model initialized on device: cuda:0
[2025-07-18 17:22:12,585] [INFO] Model initialized on device: cuda:0
[2025-07-18 17:22:13,806] [INFO] Model initialized on device: cuda:0
[2025-07-18 17:23:59,378] [INFO] [TRAIN] Epoch 2 Loss: 0.2124
[2025-07-18 17:24:58,144] [INFO] Model initialized on device: cuda:0
[2025-07-18 17:25:00,074] [INFO] Model initialized on device: cuda:0
[2025-07-18 17:25:00,377] [INFO] Model initialized on device: cuda:0
[2025-07-18 17:25:00,510] [INFO] Model initialized on device: cuda:0
[2025-07-18 17:25:00,623] [INFO] Model initialized on device: cuda:0
[2025-07-18 17:25:00,688] [INFO] Model initialized on device: cuda:0
[2025-07-18 17:25:00,993] [INFO] Model initialized on device: cuda:0
[2025-07-18 17:25:01,070] [INFO] Model initialized on device: cuda:0
[2025-07-18 17:25:01,588] [INFO] Model initialized on device: cuda:0
[2025-07-18 17:25:01,690] [INFO] Model initialized on device: cuda:0
[2025-07-18 17:26:48,378] [INFO] [TRAIN] Epoch 3 Loss: 0.1751
[2025-07-18 17:27:34,621] [INFO] Model initialized on device: cuda:0
[2025-07-18 17:27:35,177] [INFO] Model initialized on device: cuda:0
[2025-07-18 17:27:35,500] [INFO] Model initialized on device: cuda:0
[2025-07-18 17:27:36,574] [INFO] Model initialized on device: cuda:0
[2025-07-18 17:27:45,909] [INFO] Model initialized on device: cuda:0
[2025-07-18 17:27:46,391] [INFO] Model initialized on device: cuda:0
[2025-07-18 17:27:46,811] [INFO] Model initialized on device: cuda:0
[2025-07-18 17:27:47,498] [INFO] Model initialized on device: cuda:0
[2025-07-18 17:27:47,576] [INFO] Model initialized on device: cuda:0
[2025-07-18 17:27:47,797] [INFO] Model initialized on device: cuda:0
[2025-07-18 17:29:38,206] [INFO] [TRAIN] Epoch 4 Loss: 0.1678
[2025-07-18 17:30:19,378] [INFO] Model initialized on device: cuda:0
[2025-07-18 17:30:21,475] [INFO] Model initialized on device: cuda:0
[2025-07-18 17:30:21,485] [INFO] Model initialized on device: cuda:0
[2025-07-18 17:30:21,491] [INFO] Model initialized on device: cuda:0
[2025-07-18 17:30:21,580] [INFO] Model initialized on device: cuda:0
[2025-07-18 17:30:21,591] [INFO] Model initialized on device: cuda:0
[2025-07-18 17:30:21,698] [INFO] Model initialized on device: cuda:0
[2025-07-18 17:30:21,880] [INFO] Model initialized on device: cuda:0
[2025-07-18 17:30:21,881] [INFO] Model initialized on device: cuda:0
[2025-07-18 17:30:21,882] [INFO] Model initialized on device: cuda:0
[2025-07-18 17:32:03,210] [INFO] [TRAIN] Epoch 5 Loss: 0.1729
[2025-07-18 17:32:03,211] [INFO] [FIT] Local training finished. Avg Loss: 0.1892
[2025-07-18 17:32:53,096] [INFO] Model initialized on device: cuda:0
[2025-07-18 17:32:53,284] [INFO] Model initialized on device: cuda:0
[2025-07-18 17:32:53,284] [INFO] Model initialized on device: cuda:0
[2025-07-18 17:32:53,471] [INFO] Model initialized on device: cuda:0
[2025-07-18 17:32:53,484] [INFO] Model initialized on device: cuda:0
[2025-07-18 17:32:53,498] [INFO] Model initialized on device: cuda:0
[2025-07-18 17:32:53,502] [INFO] Model initialized on device: cuda:0
[2025-07-18 17:32:53,514] [INFO] Model initialized on device: cuda:0
[2025-07-18 17:32:53,570] [INFO] Model initialized on device: cuda:0
[2025-07-18 17:32:53,578] [INFO] Model initialized on device: cuda:0
[2025-07-18 17:33:00,979] [DEBUG] [TEST] Batch 1 | Pred shape: torch.Size([256, 256, 160]) | Label shape: torch.Size([256, 256, 160])
[2025-07-18 17:33:02,771] [DEBUG] [TEST] Batch 2 | Pred shape: torch.Size([256, 256, 160]) | Label shape: torch.Size([256, 256, 160])
[2025-07-18 17:33:03,074] [DEBUG] [TEST] Batch 3 | Pred shape: torch.Size([256, 256, 160]) | Label shape: torch.Size([256, 256, 160])
[2025-07-18 17:33:03,177] [DEBUG] [TEST] Batch 4 | Pred shape: torch.Size([256, 256, 160]) | Label shape: torch.Size([256, 256, 160])
[2025-07-18 17:33:03,370] [DEBUG] [TEST] Batch 5 | Pred shape: torch.Size([256, 256, 160]) | Label shape: torch.Size([256, 256, 160])
[2025-07-18 17:33:03,590] [DEBUG] [TEST] Batch 6 | Pred shape: torch.Size([256, 256, 160]) | Label shape: torch.Size([256, 256, 160])
[2025-07-18 17:33:03,788] [DEBUG] [TEST] Batch 7 | Pred shape: torch.Size([256, 256, 160]) | Label shape: torch.Size([256, 256, 160])
[2025-07-18 17:33:03,978] [DEBUG] [TEST] Batch 8 | Pred shape: torch.Size([256, 256, 160]) | Label shape: torch.Size([256, 256, 160])
[2025-07-18 17:33:04,078] [DEBUG] [TEST] Batch 9 | Pred shape: torch.Size([256, 256, 160]) | Label shape: torch.Size([256, 256, 160])
[2025-07-18 17:33:04,179] [DEBUG] [TEST] Batch 10 | Pred shape: torch.Size([256, 256, 160]) | Label shape: torch.Size([256, 256, 160])
[2025-07-18 17:33:06,272] [DEBUG] [TEST] Batch 11 | Pred shape: torch.Size([256, 256, 160]) | Label shape: torch.Size([256, 256, 160])
[2025-07-18 17:33:07,920] [DEBUG] [TEST] Batch 12 | Pred shape: torch.Size([256, 256, 160]) | Label shape: torch.Size([256, 256, 160])
[2025-07-18 17:33:08,018] [DEBUG] [TEST] Batch 13 | Pred shape: torch.Size([256, 256, 160]) | Label shape: torch.Size([256, 256, 160])
[2025-07-18 17:33:08,107] [DEBUG] [TEST] Batch 14 | Pred shape: torch.Size([256, 256, 160]) | Label shape: torch.Size([256, 256, 160])
[2025-07-18 17:33:08,176] [DEBUG] [TEST] Batch 15 | Pred shape: torch.Size([256, 256, 160]) | Label shape: torch.Size([256, 256, 160])
[2025-07-18 17:33:08,233] [DEBUG] [TEST] Batch 16 | Pred shape: torch.Size([256, 256, 160]) | Label shape: torch.Size([256, 256, 160])
[2025-07-18 17:33:15,270] [INFO] [FIT] Final model saved to: Run_UNET_R2Non-IID30%_fedWSOcompC32_20250718/Client3/model_final.pth
[2025-07-18 17:40:58,404] [INFO] [EVALUATE] Starting evaluation...
[2025-07-18 17:41:01,785] [INFO] [DEBUG] Loaded compressed decoded weights.
[2025-07-18 17:42:09,287] [INFO] Model initialized on device: cuda:0
[2025-07-18 17:42:10,377] [INFO] Model initialized on device: cuda:0
[2025-07-18 17:42:10,396] [INFO] Model initialized on device: cuda:0
[2025-07-18 17:42:10,576] [INFO] Model initialized on device: cuda:0
[2025-07-18 17:42:11,192] [INFO] Model initialized on device: cuda:0
[2025-07-18 17:42:11,277] [INFO] Model initialized on device: cuda:0
[2025-07-18 17:42:11,283] [INFO] Model initialized on device: cuda:0
[2025-07-18 17:42:11,375] [INFO] Model initialized on device: cuda:0
[2025-07-18 17:42:11,387] [INFO] Model initialized on device: cuda:0
[2025-07-18 17:42:11,686] [INFO] Model initialized on device: cuda:0
[2025-07-18 17:42:18,901] [DEBUG] [TEST] Batch 1 | Pred shape: torch.Size([256, 256, 160]) | Label shape: torch.Size([256, 256, 160])
[2025-07-18 17:42:19,007] [DEBUG] [TEST] Batch 2 | Pred shape: torch.Size([256, 256, 160]) | Label shape: torch.Size([256, 256, 160])
[2025-07-18 17:42:19,177] [DEBUG] [TEST] Batch 3 | Pred shape: torch.Size([256, 256, 160]) | Label shape: torch.Size([256, 256, 160])
[2025-07-18 17:42:19,681] [DEBUG] [TEST] Batch 4 | Pred shape: torch.Size([256, 256, 160]) | Label shape: torch.Size([256, 256, 160])
[2025-07-18 17:42:19,890] [DEBUG] [TEST] Batch 5 | Pred shape: torch.Size([256, 256, 160]) | Label shape: torch.Size([256, 256, 160])
[2025-07-18 17:42:20,278] [DEBUG] [TEST] Batch 6 | Pred shape: torch.Size([256, 256, 160]) | Label shape: torch.Size([256, 256, 160])
[2025-07-18 17:42:20,482] [DEBUG] [TEST] Batch 7 | Pred shape: torch.Size([256, 256, 160]) | Label shape: torch.Size([256, 256, 160])
[2025-07-18 17:42:20,611] [DEBUG] [TEST] Batch 8 | Pred shape: torch.Size([256, 256, 160]) | Label shape: torch.Size([256, 256, 160])
[2025-07-18 17:42:20,896] [DEBUG] [TEST] Batch 9 | Pred shape: torch.Size([256, 256, 160]) | Label shape: torch.Size([256, 256, 160])
[2025-07-18 17:42:21,184] [DEBUG] [TEST] Batch 10 | Pred shape: torch.Size([256, 256, 160]) | Label shape: torch.Size([256, 256, 160])
[2025-07-18 17:42:23,388] [DEBUG] [TEST] Batch 11 | Pred shape: torch.Size([256, 256, 160]) | Label shape: torch.Size([256, 256, 160])
[2025-07-18 17:42:23,575] [DEBUG] [TEST] Batch 12 | Pred shape: torch.Size([256, 256, 160]) | Label shape: torch.Size([256, 256, 160])
[2025-07-18 17:42:23,677] [DEBUG] [TEST] Batch 13 | Pred shape: torch.Size([256, 256, 160]) | Label shape: torch.Size([256, 256, 160])
[2025-07-18 17:42:23,778] [DEBUG] [TEST] Batch 14 | Pred shape: torch.Size([256, 256, 160]) | Label shape: torch.Size([256, 256, 160])
[2025-07-18 17:42:23,878] [DEBUG] [TEST] Batch 15 | Pred shape: torch.Size([256, 256, 160]) | Label shape: torch.Size([256, 256, 160])
[2025-07-18 17:42:23,978] [DEBUG] [TEST] Batch 16 | Pred shape: torch.Size([256, 256, 160]) | Label shape: torch.Size([256, 256, 160])
[2025-07-18 17:42:32,730] [INFO] [EVALUATE] Dice WT: 0.7640
[2025-07-18 17:42:42,311] [INFO] [FIT] Received parameters. Starting local training...
[2025-07-18 17:42:44,374] [INFO] [DEBUG] Loaded compressed decoded weights.
[2025-07-18 17:43:46,999] [INFO] Model initialized on device: cuda:0
[2025-07-18 17:43:50,360] [INFO] Model initialized on device: cuda:0
[2025-07-18 17:43:50,600] [INFO] Model initialized on device: cuda:0
[2025-07-18 17:43:51,019] [INFO] Model initialized on device: cuda:0
[2025-07-18 17:43:51,249] [INFO] Model initialized on device: cuda:0
[2025-07-18 17:43:51,542] [INFO] Model initialized on device: cuda:0
[2025-07-18 17:43:51,715] [INFO] Model initialized on device: cuda:0
[2025-07-18 17:43:51,841] [INFO] Model initialized on device: cuda:0
[2025-07-18 17:43:51,950] [INFO] Model initialized on device: cuda:0
[2025-07-18 17:43:52,679] [INFO] Model initialized on device: cuda:0
[2025-07-18 17:45:32,014] [INFO] [TRAIN] Epoch 1 Loss: 0.1842
[2025-07-18 17:46:19,898] [INFO] Model initialized on device: cuda:0
[2025-07-18 17:46:20,690] [INFO] Model initialized on device: cuda:0
[2025-07-18 17:46:20,702] [INFO] Model initialized on device: cuda:0
[2025-07-18 17:46:20,800] [INFO] Model initialized on device: cuda:0
[2025-07-18 17:46:20,871] [INFO] Model initialized on device: cuda:0
[2025-07-18 17:46:20,897] [INFO] Model initialized on device: cuda:0
[2025-07-18 17:46:20,898] [INFO] Model initialized on device: cuda:0
[2025-07-18 17:46:21,482] [INFO] Model initialized on device: cuda:0
[2025-07-18 17:46:21,483] [INFO] Model initialized on device: cuda:0
[2025-07-18 17:46:22,178] [INFO] Model initialized on device: cuda:0
[2025-07-18 17:48:09,316] [INFO] [TRAIN] Epoch 2 Loss: 0.1693
[2025-07-18 17:49:06,386] [INFO] Model initialized on device: cuda:0
[2025-07-18 17:49:06,871] [INFO] Model initialized on device: cuda:0
[2025-07-18 17:49:07,198] [INFO] Model initialized on device: cuda:0
[2025-07-18 17:49:08,513] [INFO] Model initialized on device: cuda:0
[2025-07-18 17:49:08,674] [INFO] Model initialized on device: cuda:0
[2025-07-18 17:49:08,674] [INFO] Model initialized on device: cuda:0
[2025-07-18 17:49:08,793] [INFO] Model initialized on device: cuda:0
[2025-07-18 17:49:08,985] [INFO] Model initialized on device: cuda:0
[2025-07-18 17:49:08,985] [INFO] Model initialized on device: cuda:0
[2025-07-18 17:49:09,078] [INFO] Model initialized on device: cuda:0
[2025-07-18 17:50:55,374] [INFO] [TRAIN] Epoch 3 Loss: 0.1585
[2025-07-18 17:51:50,072] [INFO] Model initialized on device: cuda:0
[2025-07-18 17:51:50,081] [INFO] Model initialized on device: cuda:0
[2025-07-18 17:51:50,184] [INFO] Model initialized on device: cuda:0
[2025-07-18 17:51:51,099] [INFO] Model initialized on device: cuda:0
[2025-07-18 17:51:51,303] [INFO] Model initialized on device: cuda:0
[2025-07-18 17:51:51,878] [INFO] Model initialized on device: cuda:0
[2025-07-18 17:51:52,192] [INFO] Model initialized on device: cuda:0
[2025-07-18 17:51:52,193] [INFO] Model initialized on device: cuda:0
[2025-07-18 17:51:52,200] [INFO] Model initialized on device: cuda:0
[2025-07-18 17:51:52,201] [INFO] Model initialized on device: cuda:0
[2025-07-18 17:53:38,877] [INFO] [TRAIN] Epoch 4 Loss: 0.1484
[2025-07-18 17:54:25,377] [INFO] Model initialized on device: cuda:0
[2025-07-18 17:54:25,576] [INFO] Model initialized on device: cuda:0
[2025-07-18 17:54:25,884] [INFO] Model initialized on device: cuda:0
[2025-07-18 17:54:25,906] [INFO] Model initialized on device: cuda:0
[2025-07-18 17:54:25,912] [INFO] Model initialized on device: cuda:0
[2025-07-18 17:54:25,976] [INFO] Model initialized on device: cuda:0
[2025-07-18 17:54:25,976] [INFO] Model initialized on device: cuda:0
[2025-07-18 17:54:25,984] [INFO] Model initialized on device: cuda:0
[2025-07-18 17:54:25,984] [INFO] Model initialized on device: cuda:0
[2025-07-18 17:54:25,984] [INFO] Model initialized on device: cuda:0
[2025-07-18 17:56:04,580] [INFO] [TRAIN] Epoch 5 Loss: 0.1417
[2025-07-18 17:56:04,582] [INFO] [FIT] Local training finished. Avg Loss: 0.1604
[2025-07-18 17:56:52,313] [INFO] Model initialized on device: cuda:0
[2025-07-18 17:56:52,377] [INFO] Model initialized on device: cuda:0
[2025-07-18 17:56:52,497] [INFO] Model initialized on device: cuda:0
[2025-07-18 17:56:52,585] [INFO] Model initialized on device: cuda:0
[2025-07-18 17:56:52,603] [INFO] Model initialized on device: cuda:0
[2025-07-18 17:56:52,612] [INFO] Model initialized on device: cuda:0
[2025-07-18 17:56:52,670] [INFO] Model initialized on device: cuda:0
[2025-07-18 17:56:52,673] [INFO] Model initialized on device: cuda:0
[2025-07-18 17:56:52,676] [INFO] Model initialized on device: cuda:0
[2025-07-18 17:56:52,678] [INFO] Model initialized on device: cuda:0
[2025-07-18 17:57:01,080] [DEBUG] [TEST] Batch 1 | Pred shape: torch.Size([256, 256, 160]) | Label shape: torch.Size([256, 256, 160])
[2025-07-18 17:57:01,199] [DEBUG] [TEST] Batch 2 | Pred shape: torch.Size([256, 256, 160]) | Label shape: torch.Size([256, 256, 160])
[2025-07-18 17:57:01,372] [DEBUG] [TEST] Batch 3 | Pred shape: torch.Size([256, 256, 160]) | Label shape: torch.Size([256, 256, 160])
[2025-07-18 17:57:01,478] [DEBUG] [TEST] Batch 4 | Pred shape: torch.Size([256, 256, 160]) | Label shape: torch.Size([256, 256, 160])
[2025-07-18 17:57:02,177] [DEBUG] [TEST] Batch 5 | Pred shape: torch.Size([256, 256, 160]) | Label shape: torch.Size([256, 256, 160])
[2025-07-18 17:57:02,477] [DEBUG] [TEST] Batch 6 | Pred shape: torch.Size([256, 256, 160]) | Label shape: torch.Size([256, 256, 160])
[2025-07-18 17:57:02,611] [DEBUG] [TEST] Batch 7 | Pred shape: torch.Size([256, 256, 160]) | Label shape: torch.Size([256, 256, 160])
[2025-07-18 17:57:02,772] [DEBUG] [TEST] Batch 8 | Pred shape: torch.Size([256, 256, 160]) | Label shape: torch.Size([256, 256, 160])
[2025-07-18 17:57:02,876] [DEBUG] [TEST] Batch 9 | Pred shape: torch.Size([256, 256, 160]) | Label shape: torch.Size([256, 256, 160])
[2025-07-18 17:57:02,977] [DEBUG] [TEST] Batch 10 | Pred shape: torch.Size([256, 256, 160]) | Label shape: torch.Size([256, 256, 160])
[2025-07-18 17:57:06,678] [DEBUG] [TEST] Batch 11 | Pred shape: torch.Size([256, 256, 160]) | Label shape: torch.Size([256, 256, 160])
[2025-07-18 17:57:06,776] [DEBUG] [TEST] Batch 12 | Pred shape: torch.Size([256, 256, 160]) | Label shape: torch.Size([256, 256, 160])
[2025-07-18 17:57:06,878] [DEBUG] [TEST] Batch 13 | Pred shape: torch.Size([256, 256, 160]) | Label shape: torch.Size([256, 256, 160])
[2025-07-18 17:57:06,977] [DEBUG] [TEST] Batch 14 | Pred shape: torch.Size([256, 256, 160]) | Label shape: torch.Size([256, 256, 160])
[2025-07-18 17:57:07,171] [DEBUG] [TEST] Batch 15 | Pred shape: torch.Size([256, 256, 160]) | Label shape: torch.Size([256, 256, 160])
[2025-07-18 17:57:07,371] [DEBUG] [TEST] Batch 16 | Pred shape: torch.Size([256, 256, 160]) | Label shape: torch.Size([256, 256, 160])
[2025-07-18 17:57:13,570] [INFO] [FIT] Final model saved to: Run_UNET_R2Non-IID30%_fedWSOcompC32_20250718/Client3/model_final.pth
[2025-07-18 18:05:06,634] [INFO] [EVALUATE] Starting evaluation...
[2025-07-18 18:05:09,285] [INFO] [DEBUG] Loaded compressed decoded weights.
[2025-07-18 18:06:03,579] [INFO] Model initialized on device: cuda:0
[2025-07-18 18:06:03,579] [INFO] Model initialized on device: cuda:0
[2025-07-18 18:06:05,924] [INFO] Model initialized on device: cuda:0
[2025-07-18 18:06:11,297] [INFO] Model initialized on device: cuda:0
[2025-07-18 18:06:12,505] [INFO] Model initialized on device: cuda:0
[2025-07-18 18:06:13,032] [INFO] Model initialized on device: cuda:0
[2025-07-18 18:06:13,220] [INFO] Model initialized on device: cuda:0
[2025-07-18 18:06:14,818] [INFO] Model initialized on device: cuda:0
[2025-07-18 18:06:15,170] [INFO] Model initialized on device: cuda:0
[2025-07-18 18:06:15,534] [INFO] Model initialized on device: cuda:0
[2025-07-18 18:06:18,710] [DEBUG] [TEST] Batch 1 | Pred shape: torch.Size([256, 256, 160]) | Label shape: torch.Size([256, 256, 160])
[2025-07-18 18:06:18,885] [DEBUG] [TEST] Batch 2 | Pred shape: torch.Size([256, 256, 160]) | Label shape: torch.Size([256, 256, 160])
[2025-07-18 18:06:19,080] [DEBUG] [TEST] Batch 3 | Pred shape: torch.Size([256, 256, 160]) | Label shape: torch.Size([256, 256, 160])
[2025-07-18 18:06:19,207] [DEBUG] [TEST] Batch 4 | Pred shape: torch.Size([256, 256, 160]) | Label shape: torch.Size([256, 256, 160])
[2025-07-18 18:06:19,385] [DEBUG] [TEST] Batch 5 | Pred shape: torch.Size([256, 256, 160]) | Label shape: torch.Size([256, 256, 160])
[2025-07-18 18:06:19,505] [DEBUG] [TEST] Batch 6 | Pred shape: torch.Size([256, 256, 160]) | Label shape: torch.Size([256, 256, 160])
[2025-07-18 18:06:19,685] [DEBUG] [TEST] Batch 7 | Pred shape: torch.Size([256, 256, 160]) | Label shape: torch.Size([256, 256, 160])
[2025-07-18 18:06:19,871] [DEBUG] [TEST] Batch 8 | Pred shape: torch.Size([256, 256, 160]) | Label shape: torch.Size([256, 256, 160])
[2025-07-18 18:06:19,987] [DEBUG] [TEST] Batch 9 | Pred shape: torch.Size([256, 256, 160]) | Label shape: torch.Size([256, 256, 160])
[2025-07-18 18:06:20,077] [DEBUG] [TEST] Batch 10 | Pred shape: torch.Size([256, 256, 160]) | Label shape: torch.Size([256, 256, 160])
[2025-07-18 18:06:24,389] [DEBUG] [TEST] Batch 11 | Pred shape: torch.Size([256, 256, 160]) | Label shape: torch.Size([256, 256, 160])
[2025-07-18 18:06:24,589] [DEBUG] [TEST] Batch 12 | Pred shape: torch.Size([256, 256, 160]) | Label shape: torch.Size([256, 256, 160])
[2025-07-18 18:06:24,713] [DEBUG] [TEST] Batch 13 | Pred shape: torch.Size([256, 256, 160]) | Label shape: torch.Size([256, 256, 160])
[2025-07-18 18:06:24,885] [DEBUG] [TEST] Batch 14 | Pred shape: torch.Size([256, 256, 160]) | Label shape: torch.Size([256, 256, 160])
[2025-07-18 18:06:25,012] [DEBUG] [TEST] Batch 15 | Pred shape: torch.Size([256, 256, 160]) | Label shape: torch.Size([256, 256, 160])
[2025-07-18 18:06:25,186] [DEBUG] [TEST] Batch 16 | Pred shape: torch.Size([256, 256, 160]) | Label shape: torch.Size([256, 256, 160])
[2025-07-18 18:06:30,880] [INFO] [EVALUATE] Dice WT: 0.7947
[2025-07-18 18:06:41,624] [INFO] [FIT] Received parameters. Starting local training...
[2025-07-18 18:06:43,779] [INFO] [DEBUG] Loaded compressed decoded weights.
[2025-07-18 18:07:43,833] [INFO] Model initialized on device: cuda:0
[2025-07-18 18:07:43,872] [INFO] Model initialized on device: cuda:0
[2025-07-18 18:07:43,896] [INFO] Model initialized on device: cuda:0
[2025-07-18 18:07:44,145] [INFO] Model initialized on device: cuda:0
[2025-07-18 18:07:44,305] [INFO] Model initialized on device: cuda:0
[2025-07-18 18:07:44,720] [INFO] Model initialized on device: cuda:0
[2025-07-18 18:07:44,723] [INFO] Model initialized on device: cuda:0
[2025-07-18 18:07:44,764] [INFO] Model initialized on device: cuda:0
[2025-07-18 18:07:44,912] [INFO] Model initialized on device: cuda:0
[2025-07-18 18:07:46,735] [INFO] Model initialized on device: cuda:0
[2025-07-18 18:09:18,977] [INFO] [TRAIN] Epoch 1 Loss: 0.1742
[2025-07-18 18:10:02,576] [INFO] Model initialized on device: cuda:0
[2025-07-18 18:10:03,374] [INFO] Model initialized on device: cuda:0
[2025-07-18 18:10:03,487] [INFO] Model initialized on device: cuda:0
[2025-07-18 18:10:03,487] [INFO] Model initialized on device: cuda:0
[2025-07-18 18:10:03,573] [INFO] Model initialized on device: cuda:0
[2025-07-18 18:10:03,683] [INFO] Model initialized on device: cuda:0
[2025-07-18 18:10:03,688] [INFO] Model initialized on device: cuda:0
[2025-07-18 18:10:03,778] [INFO] Model initialized on device: cuda:0
[2025-07-18 18:10:03,778] [INFO] Model initialized on device: cuda:0
[2025-07-18 18:10:03,779] [INFO] Model initialized on device: cuda:0
[2025-07-18 18:12:01,824] [INFO] [TRAIN] Epoch 2 Loss: 0.1570
[2025-07-18 18:12:51,891] [INFO] Model initialized on device: cuda:0
[2025-07-18 18:12:52,839] [INFO] Model initialized on device: cuda:0
[2025-07-18 18:12:53,036] [INFO] Model initialized on device: cuda:0
[2025-07-18 18:12:53,369] [INFO] Model initialized on device: cuda:0
[2025-07-18 18:12:53,957] [INFO] Model initialized on device: cuda:0
[2025-07-18 18:12:53,958] [INFO] Model initialized on device: cuda:0
[2025-07-18 18:12:54,600] [INFO] Model initialized on device: cuda:0
[2025-07-18 18:12:54,824] [INFO] Model initialized on device: cuda:0
[2025-07-18 18:12:54,825] [INFO] Model initialized on device: cuda:0
[2025-07-18 18:12:55,636] [INFO] Model initialized on device: cuda:0
[2025-07-18 18:14:26,478] [INFO] [TRAIN] Epoch 3 Loss: 0.1492
[2025-07-18 18:15:16,119] [INFO] Model initialized on device: cuda:0
[2025-07-18 18:15:16,293] [INFO] Model initialized on device: cuda:0
[2025-07-18 18:15:16,390] [INFO] Model initialized on device: cuda:0
[2025-07-18 18:15:16,411] [INFO] Model initialized on device: cuda:0
[2025-07-18 18:15:16,570] [INFO] Model initialized on device: cuda:0
[2025-07-18 18:15:17,083] [INFO] Model initialized on device: cuda:0
[2025-07-18 18:15:18,182] [INFO] Model initialized on device: cuda:0
[2025-07-18 18:15:18,277] [INFO] Model initialized on device: cuda:0
[2025-07-18 18:15:18,278] [INFO] Model initialized on device: cuda:0
[2025-07-18 18:15:18,385] [INFO] Model initialized on device: cuda:0
[2025-07-18 18:17:04,878] [INFO] [TRAIN] Epoch 4 Loss: 0.1404
[2025-07-18 18:17:54,495] [INFO] Model initialized on device: cuda:0
[2025-07-18 18:17:54,511] [INFO] Model initialized on device: cuda:0
[2025-07-18 18:17:54,511] [INFO] Model initialized on device: cuda:0
[2025-07-18 18:17:54,570] [INFO] Model initialized on device: cuda:0
[2025-07-18 18:17:54,698] [INFO] Model initialized on device: cuda:0
[2025-07-18 18:17:54,823] [INFO] Model initialized on device: cuda:0
[2025-07-18 18:17:54,824] [INFO] Model initialized on device: cuda:0
[2025-07-18 18:17:54,870] [INFO] Model initialized on device: cuda:0
[2025-07-18 18:17:55,006] [INFO] Model initialized on device: cuda:0
[2025-07-18 18:17:55,073] [INFO] Model initialized on device: cuda:0
[2025-07-18 18:19:34,477] [INFO] [TRAIN] Epoch 5 Loss: 0.1325
[2025-07-18 18:19:34,478] [INFO] [FIT] Local training finished. Avg Loss: 0.1506
[2025-07-18 18:20:10,581] [INFO] Model initialized on device: cuda:0
[2025-07-18 18:20:12,105] [INFO] Model initialized on device: cuda:0
[2025-07-18 18:20:16,495] [INFO] Model initialized on device: cuda:0
[2025-07-18 18:20:17,993] [INFO] Model initialized on device: cuda:0
[2025-07-18 18:20:19,179] [INFO] Model initialized on device: cuda:0
[2025-07-18 18:20:19,200] [INFO] Model initialized on device: cuda:0
[2025-07-18 18:20:19,394] [INFO] Model initialized on device: cuda:0
[2025-07-18 18:20:19,689] [INFO] Model initialized on device: cuda:0
[2025-07-18 18:20:19,982] [INFO] Model initialized on device: cuda:0
[2025-07-18 18:20:19,982] [INFO] Model initialized on device: cuda:0
[2025-07-18 18:20:26,708] [DEBUG] [TEST] Batch 1 | Pred shape: torch.Size([256, 256, 160]) | Label shape: torch.Size([256, 256, 160])
[2025-07-18 18:20:26,903] [DEBUG] [TEST] Batch 2 | Pred shape: torch.Size([256, 256, 160]) | Label shape: torch.Size([256, 256, 160])
[2025-07-18 18:20:27,110] [DEBUG] [TEST] Batch 3 | Pred shape: torch.Size([256, 256, 160]) | Label shape: torch.Size([256, 256, 160])
[2025-07-18 18:20:27,273] [DEBUG] [TEST] Batch 4 | Pred shape: torch.Size([256, 256, 160]) | Label shape: torch.Size([256, 256, 160])
[2025-07-18 18:20:27,378] [DEBUG] [TEST] Batch 5 | Pred shape: torch.Size([256, 256, 160]) | Label shape: torch.Size([256, 256, 160])
[2025-07-18 18:20:27,479] [DEBUG] [TEST] Batch 6 | Pred shape: torch.Size([256, 256, 160]) | Label shape: torch.Size([256, 256, 160])
[2025-07-18 18:20:27,577] [DEBUG] [TEST] Batch 7 | Pred shape: torch.Size([256, 256, 160]) | Label shape: torch.Size([256, 256, 160])
[2025-07-18 18:20:27,677] [DEBUG] [TEST] Batch 8 | Pred shape: torch.Size([256, 256, 160]) | Label shape: torch.Size([256, 256, 160])
[2025-07-18 18:20:27,777] [DEBUG] [TEST] Batch 9 | Pred shape: torch.Size([256, 256, 160]) | Label shape: torch.Size([256, 256, 160])
[2025-07-18 18:20:27,876] [DEBUG] [TEST] Batch 10 | Pred shape: torch.Size([256, 256, 160]) | Label shape: torch.Size([256, 256, 160])
[2025-07-18 18:20:31,392] [DEBUG] [TEST] Batch 11 | Pred shape: torch.Size([256, 256, 160]) | Label shape: torch.Size([256, 256, 160])
[2025-07-18 18:20:31,693] [DEBUG] [TEST] Batch 12 | Pred shape: torch.Size([256, 256, 160]) | Label shape: torch.Size([256, 256, 160])
[2025-07-18 18:20:31,989] [DEBUG] [TEST] Batch 13 | Pred shape: torch.Size([256, 256, 160]) | Label shape: torch.Size([256, 256, 160])
[2025-07-18 18:20:32,290] [DEBUG] [TEST] Batch 14 | Pred shape: torch.Size([256, 256, 160]) | Label shape: torch.Size([256, 256, 160])
[2025-07-18 18:20:32,580] [DEBUG] [TEST] Batch 15 | Pred shape: torch.Size([256, 256, 160]) | Label shape: torch.Size([256, 256, 160])
[2025-07-18 18:20:32,774] [DEBUG] [TEST] Batch 16 | Pred shape: torch.Size([256, 256, 160]) | Label shape: torch.Size([256, 256, 160])
[2025-07-18 18:20:40,512] [INFO] [FIT] Final model saved to: Run_UNET_R2Non-IID30%_fedWSOcompC32_20250718/Client3/model_final.pth
[2025-07-18 18:29:03,174] [INFO] [EVALUATE] Starting evaluation...
[2025-07-18 18:29:05,676] [INFO] [DEBUG] Loaded compressed decoded weights.
[2025-07-18 18:30:14,734] [INFO] Model initialized on device: cuda:0
[2025-07-18 18:30:14,849] [INFO] Model initialized on device: cuda:0
[2025-07-18 18:30:15,473] [INFO] Model initialized on device: cuda:0
[2025-07-18 18:30:15,478] [INFO] Model initialized on device: cuda:0
[2025-07-18 18:30:15,976] [INFO] Model initialized on device: cuda:0
[2025-07-18 18:30:15,997] [INFO] Model initialized on device: cuda:0
[2025-07-18 18:30:16,006] [INFO] Model initialized on device: cuda:0
[2025-07-18 18:30:16,077] [INFO] Model initialized on device: cuda:0
[2025-07-18 18:30:16,197] [INFO] Model initialized on device: cuda:0
[2025-07-18 18:30:16,204] [INFO] Model initialized on device: cuda:0
[2025-07-18 18:30:22,481] [DEBUG] [TEST] Batch 1 | Pred shape: torch.Size([256, 256, 160]) | Label shape: torch.Size([256, 256, 160])
[2025-07-18 18:30:22,978] [DEBUG] [TEST] Batch 2 | Pred shape: torch.Size([256, 256, 160]) | Label shape: torch.Size([256, 256, 160])
[2025-07-18 18:30:23,095] [DEBUG] [TEST] Batch 3 | Pred shape: torch.Size([256, 256, 160]) | Label shape: torch.Size([256, 256, 160])
[2025-07-18 18:30:23,581] [DEBUG] [TEST] Batch 4 | Pred shape: torch.Size([256, 256, 160]) | Label shape: torch.Size([256, 256, 160])
[2025-07-18 18:30:24,384] [DEBUG] [TEST] Batch 5 | Pred shape: torch.Size([256, 256, 160]) | Label shape: torch.Size([256, 256, 160])
[2025-07-18 18:30:24,970] [DEBUG] [TEST] Batch 6 | Pred shape: torch.Size([256, 256, 160]) | Label shape: torch.Size([256, 256, 160])
[2025-07-18 18:30:25,210] [DEBUG] [TEST] Batch 7 | Pred shape: torch.Size([256, 256, 160]) | Label shape: torch.Size([256, 256, 160])
[2025-07-18 18:30:25,486] [DEBUG] [TEST] Batch 8 | Pred shape: torch.Size([256, 256, 160]) | Label shape: torch.Size([256, 256, 160])
[2025-07-18 18:30:25,870] [DEBUG] [TEST] Batch 9 | Pred shape: torch.Size([256, 256, 160]) | Label shape: torch.Size([256, 256, 160])
[2025-07-18 18:30:25,991] [DEBUG] [TEST] Batch 10 | Pred shape: torch.Size([256, 256, 160]) | Label shape: torch.Size([256, 256, 160])
[2025-07-18 18:30:27,520] [DEBUG] [TEST] Batch 11 | Pred shape: torch.Size([256, 256, 160]) | Label shape: torch.Size([256, 256, 160])
[2025-07-18 18:30:27,675] [DEBUG] [TEST] Batch 12 | Pred shape: torch.Size([256, 256, 160]) | Label shape: torch.Size([256, 256, 160])
[2025-07-18 18:30:27,817] [DEBUG] [TEST] Batch 13 | Pred shape: torch.Size([256, 256, 160]) | Label shape: torch.Size([256, 256, 160])
[2025-07-18 18:30:28,909] [DEBUG] [TEST] Batch 14 | Pred shape: torch.Size([256, 256, 160]) | Label shape: torch.Size([256, 256, 160])
[2025-07-18 18:30:29,375] [DEBUG] [TEST] Batch 15 | Pred shape: torch.Size([256, 256, 160]) | Label shape: torch.Size([256, 256, 160])
[2025-07-18 18:30:29,578] [DEBUG] [TEST] Batch 16 | Pred shape: torch.Size([256, 256, 160]) | Label shape: torch.Size([256, 256, 160])
[2025-07-18 18:30:37,272] [INFO] [EVALUATE] Dice WT: 0.8104
[2025-07-18 18:30:48,776] [INFO] [FIT] Received parameters. Starting local training...
[2025-07-18 18:30:54,178] [INFO] [DEBUG] Loaded compressed decoded weights.
[2025-07-18 18:31:55,444] [INFO] Model initialized on device: cuda:0
[2025-07-18 18:31:55,513] [INFO] Model initialized on device: cuda:0
[2025-07-18 18:31:55,560] [INFO] Model initialized on device: cuda:0
[2025-07-18 18:31:55,790] [INFO] Model initialized on device: cuda:0
[2025-07-18 18:31:56,590] [INFO] Model initialized on device: cuda:0
[2025-07-18 18:31:56,770] [INFO] Model initialized on device: cuda:0
[2025-07-18 18:31:57,382] [INFO] Model initialized on device: cuda:0
[2025-07-18 18:31:57,413] [INFO] Model initialized on device: cuda:0
[2025-07-18 18:31:57,413] [INFO] Model initialized on device: cuda:0
[2025-07-18 18:31:57,773] [INFO] Model initialized on device: cuda:0
[2025-07-18 18:33:48,774] [INFO] [TRAIN] Epoch 1 Loss: 0.1601
[2025-07-18 18:34:38,275] [INFO] Model initialized on device: cuda:0
[2025-07-18 18:34:38,700] [INFO] Model initialized on device: cuda:0
[2025-07-18 18:34:39,472] [INFO] Model initialized on device: cuda:0
[2025-07-18 18:34:43,999] [INFO] Model initialized on device: cuda:0
[2025-07-18 18:34:44,484] [INFO] Model initialized on device: cuda:0
[2025-07-18 18:34:44,576] [INFO] Model initialized on device: cuda:0
[2025-07-18 18:34:44,589] [INFO] Model initialized on device: cuda:0
[2025-07-18 18:34:44,879] [INFO] Model initialized on device: cuda:0
[2025-07-18 18:34:44,971] [INFO] Model initialized on device: cuda:0
[2025-07-18 18:34:44,974] [INFO] Model initialized on device: cuda:0
[2025-07-18 18:36:29,977] [INFO] [TRAIN] Epoch 2 Loss: 0.1482
[2025-07-18 18:37:07,611] [INFO] Model initialized on device: cuda:0
[2025-07-18 18:37:08,088] [INFO] Model initialized on device: cuda:0
[2025-07-18 18:37:11,497] [INFO] Model initialized on device: cuda:0
[2025-07-18 18:37:11,506] [INFO] Model initialized on device: cuda:0
[2025-07-18 18:37:11,770] [INFO] Model initialized on device: cuda:0
[2025-07-18 18:37:11,876] [INFO] Model initialized on device: cuda:0
[2025-07-18 18:37:11,876] [INFO] Model initialized on device: cuda:0
[2025-07-18 18:37:11,904] [INFO] Model initialized on device: cuda:0
[2025-07-18 18:37:11,975] [INFO] Model initialized on device: cuda:0
[2025-07-18 18:37:11,975] [INFO] Model initialized on device: cuda:0
[2025-07-18 18:38:53,102] [INFO] [TRAIN] Epoch 3 Loss: 0.1333
[2025-07-18 18:39:42,177] [INFO] Model initialized on device: cuda:0
[2025-07-18 18:39:43,787] [INFO] Model initialized on device: cuda:0
[2025-07-18 18:39:43,788] [INFO] Model initialized on device: cuda:0
[2025-07-18 18:39:43,897] [INFO] Model initialized on device: cuda:0
[2025-07-18 18:39:44,379] [INFO] Model initialized on device: cuda:0
[2025-07-18 18:39:44,489] [INFO] Model initialized on device: cuda:0
[2025-07-18 18:39:44,692] [INFO] Model initialized on device: cuda:0
[2025-07-18 18:39:44,704] [INFO] Model initialized on device: cuda:0
[2025-07-18 18:39:44,772] [INFO] Model initialized on device: cuda:0
[2025-07-18 18:39:44,782] [INFO] Model initialized on device: cuda:0
[2025-07-18 18:41:30,502] [INFO] [TRAIN] Epoch 4 Loss: 0.1291
[2025-07-18 18:42:03,577] [INFO] Model initialized on device: cuda:0
[2025-07-18 18:42:08,499] [INFO] Model initialized on device: cuda:0
[2025-07-18 18:42:08,581] [INFO] Model initialized on device: cuda:0
[2025-07-18 18:42:12,381] [INFO] Model initialized on device: cuda:0
[2025-07-18 18:42:14,673] [INFO] Model initialized on device: cuda:0
[2025-07-18 18:42:15,181] [INFO] Model initialized on device: cuda:0
[2025-07-18 18:42:15,285] [INFO] Model initialized on device: cuda:0
[2025-07-18 18:42:15,304] [INFO] Model initialized on device: cuda:0
[2025-07-18 18:42:15,372] [INFO] Model initialized on device: cuda:0
[2025-07-18 18:42:15,372] [INFO] Model initialized on device: cuda:0
[2025-07-18 18:43:48,398] [INFO] [TRAIN] Epoch 5 Loss: 0.1323
[2025-07-18 18:43:48,399] [INFO] [FIT] Local training finished. Avg Loss: 0.1406
[2025-07-18 18:44:32,881] [INFO] Model initialized on device: cuda:0
[2025-07-18 18:44:33,375] [INFO] Model initialized on device: cuda:0
[2025-07-18 18:44:33,584] [INFO] Model initialized on device: cuda:0
[2025-07-18 18:44:33,584] [INFO] Model initialized on device: cuda:0
[2025-07-18 18:44:33,608] [INFO] Model initialized on device: cuda:0
[2025-07-18 18:44:33,714] [INFO] Model initialized on device: cuda:0
[2025-07-18 18:44:33,874] [INFO] Model initialized on device: cuda:0
[2025-07-18 18:44:33,891] [INFO] Model initialized on device: cuda:0
[2025-07-18 18:44:33,909] [INFO] Model initialized on device: cuda:0
[2025-07-18 18:44:33,910] [INFO] Model initialized on device: cuda:0
[2025-07-18 18:44:42,701] [DEBUG] [TEST] Batch 1 | Pred shape: torch.Size([256, 256, 160]) | Label shape: torch.Size([256, 256, 160])
[2025-07-18 18:44:42,912] [DEBUG] [TEST] Batch 2 | Pred shape: torch.Size([256, 256, 160]) | Label shape: torch.Size([256, 256, 160])
[2025-07-18 18:44:43,107] [DEBUG] [TEST] Batch 3 | Pred shape: torch.Size([256, 256, 160]) | Label shape: torch.Size([256, 256, 160])
[2025-07-18 18:44:43,313] [DEBUG] [TEST] Batch 4 | Pred shape: torch.Size([256, 256, 160]) | Label shape: torch.Size([256, 256, 160])
[2025-07-18 18:44:43,511] [DEBUG] [TEST] Batch 5 | Pred shape: torch.Size([256, 256, 160]) | Label shape: torch.Size([256, 256, 160])
[2025-07-18 18:44:43,708] [DEBUG] [TEST] Batch 6 | Pred shape: torch.Size([256, 256, 160]) | Label shape: torch.Size([256, 256, 160])
[2025-07-18 18:44:43,974] [DEBUG] [TEST] Batch 7 | Pred shape: torch.Size([256, 256, 160]) | Label shape: torch.Size([256, 256, 160])
[2025-07-18 18:44:44,176] [DEBUG] [TEST] Batch 8 | Pred shape: torch.Size([256, 256, 160]) | Label shape: torch.Size([256, 256, 160])
[2025-07-18 18:44:44,374] [DEBUG] [TEST] Batch 9 | Pred shape: torch.Size([256, 256, 160]) | Label shape: torch.Size([256, 256, 160])
[2025-07-18 18:44:44,574] [DEBUG] [TEST] Batch 10 | Pred shape: torch.Size([256, 256, 160]) | Label shape: torch.Size([256, 256, 160])
[2025-07-18 18:44:46,520] [DEBUG] [TEST] Batch 11 | Pred shape: torch.Size([256, 256, 160]) | Label shape: torch.Size([256, 256, 160])
[2025-07-18 18:44:46,579] [DEBUG] [TEST] Batch 12 | Pred shape: torch.Size([256, 256, 160]) | Label shape: torch.Size([256, 256, 160])
[2025-07-18 18:44:46,677] [DEBUG] [TEST] Batch 13 | Pred shape: torch.Size([256, 256, 160]) | Label shape: torch.Size([256, 256, 160])
[2025-07-18 18:44:46,777] [DEBUG] [TEST] Batch 14 | Pred shape: torch.Size([256, 256, 160]) | Label shape: torch.Size([256, 256, 160])
[2025-07-18 18:44:46,871] [DEBUG] [TEST] Batch 15 | Pred shape: torch.Size([256, 256, 160]) | Label shape: torch.Size([256, 256, 160])
[2025-07-18 18:44:46,978] [DEBUG] [TEST] Batch 16 | Pred shape: torch.Size([256, 256, 160]) | Label shape: torch.Size([256, 256, 160])
[2025-07-18 18:44:54,270] [INFO] [FIT] Final model saved to: Run_UNET_R2Non-IID30%_fedWSOcompC32_20250718/Client3/model_final.pth
[2025-07-18 18:52:46,287] [INFO] [EVALUATE] Starting evaluation...
[2025-07-18 18:52:50,671] [INFO] [DEBUG] Loaded compressed decoded weights.
[2025-07-18 18:53:53,492] [INFO] Model initialized on device: cuda:0
[2025-07-18 18:53:54,220] [INFO] Model initialized on device: cuda:0
[2025-07-18 18:53:54,282] [INFO] Model initialized on device: cuda:0
[2025-07-18 18:53:55,116] [INFO] Model initialized on device: cuda:0
[2025-07-18 18:53:55,179] [INFO] Model initialized on device: cuda:0
[2025-07-18 18:53:55,374] [INFO] Model initialized on device: cuda:0
[2025-07-18 18:53:56,174] [INFO] Model initialized on device: cuda:0
[2025-07-18 18:53:56,212] [INFO] Model initialized on device: cuda:0
[2025-07-18 18:53:57,089] [INFO] Model initialized on device: cuda:0
[2025-07-18 18:53:57,785] [INFO] Model initialized on device: cuda:0
[2025-07-18 18:54:01,381] [DEBUG] [TEST] Batch 1 | Pred shape: torch.Size([256, 256, 160]) | Label shape: torch.Size([256, 256, 160])
[2025-07-18 18:54:01,478] [DEBUG] [TEST] Batch 2 | Pred shape: torch.Size([256, 256, 160]) | Label shape: torch.Size([256, 256, 160])
[2025-07-18 18:54:02,680] [DEBUG] [TEST] Batch 3 | Pred shape: torch.Size([256, 256, 160]) | Label shape: torch.Size([256, 256, 160])
[2025-07-18 18:54:02,791] [DEBUG] [TEST] Batch 4 | Pred shape: torch.Size([256, 256, 160]) | Label shape: torch.Size([256, 256, 160])
[2025-07-18 18:54:04,221] [DEBUG] [TEST] Batch 5 | Pred shape: torch.Size([256, 256, 160]) | Label shape: torch.Size([256, 256, 160])
[2025-07-18 18:54:04,378] [DEBUG] [TEST] Batch 6 | Pred shape: torch.Size([256, 256, 160]) | Label shape: torch.Size([256, 256, 160])
[2025-07-18 18:54:04,478] [DEBUG] [TEST] Batch 7 | Pred shape: torch.Size([256, 256, 160]) | Label shape: torch.Size([256, 256, 160])
[2025-07-18 18:54:04,606] [DEBUG] [TEST] Batch 8 | Pred shape: torch.Size([256, 256, 160]) | Label shape: torch.Size([256, 256, 160])
[2025-07-18 18:54:04,709] [DEBUG] [TEST] Batch 9 | Pred shape: torch.Size([256, 256, 160]) | Label shape: torch.Size([256, 256, 160])
[2025-07-18 18:54:04,874] [DEBUG] [TEST] Batch 10 | Pred shape: torch.Size([256, 256, 160]) | Label shape: torch.Size([256, 256, 160])
[2025-07-18 18:54:05,878] [DEBUG] [TEST] Batch 11 | Pred shape: torch.Size([256, 256, 160]) | Label shape: torch.Size([256, 256, 160])
[2025-07-18 18:54:05,978] [DEBUG] [TEST] Batch 12 | Pred shape: torch.Size([256, 256, 160]) | Label shape: torch.Size([256, 256, 160])
[2025-07-18 18:54:06,777] [DEBUG] [TEST] Batch 13 | Pred shape: torch.Size([256, 256, 160]) | Label shape: torch.Size([256, 256, 160])
[2025-07-18 18:54:06,890] [DEBUG] [TEST] Batch 14 | Pred shape: torch.Size([256, 256, 160]) | Label shape: torch.Size([256, 256, 160])
[2025-07-18 18:54:08,577] [DEBUG] [TEST] Batch 15 | Pred shape: torch.Size([256, 256, 160]) | Label shape: torch.Size([256, 256, 160])
[2025-07-18 18:54:08,677] [DEBUG] [TEST] Batch 16 | Pred shape: torch.Size([256, 256, 160]) | Label shape: torch.Size([256, 256, 160])
[2025-07-18 18:54:15,380] [INFO] [EVALUATE] Dice WT: 0.8099
[2025-07-18 18:54:27,491] [INFO] [FIT] Received parameters. Starting local training...
[2025-07-18 18:54:30,584] [INFO] [DEBUG] Loaded compressed decoded weights.
[2025-07-18 18:55:40,283] [INFO] Model initialized on device: cuda:0
[2025-07-18 18:55:41,302] [INFO] Model initialized on device: cuda:0
[2025-07-18 18:55:41,578] [INFO] Model initialized on device: cuda:0
[2025-07-18 18:55:41,598] [INFO] Model initialized on device: cuda:0
[2025-07-18 18:55:42,092] [INFO] Model initialized on device: cuda:0
[2025-07-18 18:55:42,474] [INFO] Model initialized on device: cuda:0
[2025-07-18 18:55:42,495] [INFO] Model initialized on device: cuda:0
[2025-07-18 18:55:42,571] [INFO] Model initialized on device: cuda:0
[2025-07-18 18:55:42,572] [INFO] Model initialized on device: cuda:0
[2025-07-18 18:55:42,574] [INFO] Model initialized on device: cuda:0
[2025-07-18 18:57:32,110] [INFO] [TRAIN] Epoch 1 Loss: 0.1663
[2025-07-18 18:58:22,417] [INFO] Model initialized on device: cuda:0
[2025-07-18 18:58:22,482] [INFO] Model initialized on device: cuda:0
[2025-07-18 18:58:22,681] [INFO] Model initialized on device: cuda:0
[2025-07-18 18:58:25,696] [INFO] Model initialized on device: cuda:0
[2025-07-18 18:58:27,092] [INFO] Model initialized on device: cuda:0
[2025-07-18 18:58:27,581] [INFO] Model initialized on device: cuda:0
[2025-07-18 18:58:27,775] [INFO] Model initialized on device: cuda:0
[2025-07-18 18:58:27,790] [INFO] Model initialized on device: cuda:0
[2025-07-18 18:58:27,875] [INFO] Model initialized on device: cuda:0
[2025-07-18 18:58:27,893] [INFO] Model initialized on device: cuda:0
[2025-07-18 19:00:10,978] [INFO] [TRAIN] Epoch 2 Loss: 0.1436
[2025-07-18 19:00:45,105] [INFO] Model initialized on device: cuda:0
[2025-07-18 19:00:50,871] [INFO] Model initialized on device: cuda:0
[2025-07-18 19:00:51,192] [INFO] Model initialized on device: cuda:0
[2025-07-18 19:00:51,376] [INFO] Model initialized on device: cuda:0
[2025-07-18 19:00:51,771] [INFO] Model initialized on device: cuda:0
[2025-07-18 19:00:52,183] [INFO] Model initialized on device: cuda:0
[2025-07-18 19:00:54,172] [INFO] Model initialized on device: cuda:0
[2025-07-18 19:00:54,177] [INFO] Model initialized on device: cuda:0
[2025-07-18 19:00:54,183] [INFO] Model initialized on device: cuda:0
[2025-07-18 19:00:54,189] [INFO] Model initialized on device: cuda:0
[2025-07-18 19:02:32,778] [INFO] [TRAIN] Epoch 3 Loss: 0.1297
[2025-07-18 19:03:11,300] [INFO] Model initialized on device: cuda:0
[2025-07-18 19:03:19,989] [INFO] Model initialized on device: cuda:0
[2025-07-18 19:03:20,175] [INFO] Model initialized on device: cuda:0
[2025-07-18 19:03:20,577] [INFO] Model initialized on device: cuda:0
[2025-07-18 19:03:20,686] [INFO] Model initialized on device: cuda:0
[2025-07-18 19:03:21,084] [INFO] Model initialized on device: cuda:0
[2025-07-18 19:03:21,385] [INFO] Model initialized on device: cuda:0
[2025-07-18 19:03:21,487] [INFO] Model initialized on device: cuda:0
[2025-07-18 19:03:21,491] [INFO] Model initialized on device: cuda:0
[2025-07-18 19:03:21,491] [INFO] Model initialized on device: cuda:0
[2025-07-18 19:05:01,508] [INFO] [TRAIN] Epoch 4 Loss: 0.1305
[2025-07-18 19:05:35,583] [INFO] Model initialized on device: cuda:0
[2025-07-18 19:05:38,488] [INFO] Model initialized on device: cuda:0
[2025-07-18 19:05:42,876] [INFO] Model initialized on device: cuda:0
[2025-07-18 19:05:43,576] [INFO] Model initialized on device: cuda:0
[2025-07-18 19:05:46,670] [INFO] Model initialized on device: cuda:0
[2025-07-18 19:05:46,697] [INFO] Model initialized on device: cuda:0
[2025-07-18 19:05:46,705] [INFO] Model initialized on device: cuda:0
[2025-07-18 19:05:46,770] [INFO] Model initialized on device: cuda:0
[2025-07-18 19:05:46,770] [INFO] Model initialized on device: cuda:0
[2025-07-18 19:05:46,775] [INFO] Model initialized on device: cuda:0
[2025-07-18 19:07:24,078] [INFO] [TRAIN] Epoch 5 Loss: 0.1227
[2025-07-18 19:07:24,079] [INFO] [FIT] Local training finished. Avg Loss: 0.1386
[2025-07-18 19:08:11,508] [INFO] Model initialized on device: cuda:0
[2025-07-18 19:08:11,973] [INFO] Model initialized on device: cuda:0
[2025-07-18 19:08:12,179] [INFO] Model initialized on device: cuda:0
[2025-07-18 19:08:12,582] [INFO] Model initialized on device: cuda:0
[2025-07-18 19:08:12,687] [INFO] Model initialized on device: cuda:0
[2025-07-18 19:08:12,702] [INFO] Model initialized on device: cuda:0
[2025-07-18 19:08:12,773] [INFO] Model initialized on device: cuda:0
[2025-07-18 19:08:12,773] [INFO] Model initialized on device: cuda:0
[2025-07-18 19:08:12,778] [INFO] Model initialized on device: cuda:0
[2025-07-18 19:08:12,793] [INFO] Model initialized on device: cuda:0
[2025-07-18 19:08:18,179] [DEBUG] [TEST] Batch 1 | Pred shape: torch.Size([256, 256, 160]) | Label shape: torch.Size([256, 256, 160])
[2025-07-18 19:08:20,678] [DEBUG] [TEST] Batch 2 | Pred shape: torch.Size([256, 256, 160]) | Label shape: torch.Size([256, 256, 160])
[2025-07-18 19:08:20,784] [DEBUG] [TEST] Batch 3 | Pred shape: torch.Size([256, 256, 160]) | Label shape: torch.Size([256, 256, 160])
[2025-07-18 19:08:20,972] [DEBUG] [TEST] Batch 4 | Pred shape: torch.Size([256, 256, 160]) | Label shape: torch.Size([256, 256, 160])
[2025-07-18 19:08:21,177] [DEBUG] [TEST] Batch 5 | Pred shape: torch.Size([256, 256, 160]) | Label shape: torch.Size([256, 256, 160])
[2025-07-18 19:08:21,480] [DEBUG] [TEST] Batch 6 | Pred shape: torch.Size([256, 256, 160]) | Label shape: torch.Size([256, 256, 160])
[2025-07-18 19:08:21,810] [DEBUG] [TEST] Batch 7 | Pred shape: torch.Size([256, 256, 160]) | Label shape: torch.Size([256, 256, 160])
[2025-07-18 19:08:22,097] [DEBUG] [TEST] Batch 8 | Pred shape: torch.Size([256, 256, 160]) | Label shape: torch.Size([256, 256, 160])
[2025-07-18 19:08:22,385] [DEBUG] [TEST] Batch 9 | Pred shape: torch.Size([256, 256, 160]) | Label shape: torch.Size([256, 256, 160])
[2025-07-18 19:08:22,575] [DEBUG] [TEST] Batch 10 | Pred shape: torch.Size([256, 256, 160]) | Label shape: torch.Size([256, 256, 160])
[2025-07-18 19:08:23,277] [DEBUG] [TEST] Batch 11 | Pred shape: torch.Size([256, 256, 160]) | Label shape: torch.Size([256, 256, 160])
[2025-07-18 19:08:24,705] [DEBUG] [TEST] Batch 12 | Pred shape: torch.Size([256, 256, 160]) | Label shape: torch.Size([256, 256, 160])
[2025-07-18 19:08:24,893] [DEBUG] [TEST] Batch 13 | Pred shape: torch.Size([256, 256, 160]) | Label shape: torch.Size([256, 256, 160])
[2025-07-18 19:08:25,070] [DEBUG] [TEST] Batch 14 | Pred shape: torch.Size([256, 256, 160]) | Label shape: torch.Size([256, 256, 160])
[2025-07-18 19:08:25,272] [DEBUG] [TEST] Batch 15 | Pred shape: torch.Size([256, 256, 160]) | Label shape: torch.Size([256, 256, 160])
[2025-07-18 19:08:25,377] [DEBUG] [TEST] Batch 16 | Pred shape: torch.Size([256, 256, 160]) | Label shape: torch.Size([256, 256, 160])
[2025-07-18 19:08:32,590] [INFO] [FIT] Final model saved to: Run_UNET_R2Non-IID30%_fedWSOcompC32_20250718/Client3/model_final.pth
[2025-07-18 19:16:29,570] [INFO] [EVALUATE] Starting evaluation...
[2025-07-18 19:16:33,185] [INFO] [DEBUG] Loaded compressed decoded weights.
[2025-07-18 19:17:39,732] [INFO] Model initialized on device: cuda:0
[2025-07-18 19:17:39,735] [INFO] Model initialized on device: cuda:0
[2025-07-18 19:17:40,840] [INFO] Model initialized on device: cuda:0
[2025-07-18 19:17:41,244] [INFO] Model initialized on device: cuda:0
[2025-07-18 19:17:41,386] [INFO] Model initialized on device: cuda:0
[2025-07-18 19:17:41,475] [INFO] Model initialized on device: cuda:0
[2025-07-18 19:17:41,590] [INFO] Model initialized on device: cuda:0
[2025-07-18 19:17:41,595] [INFO] Model initialized on device: cuda:0
[2025-07-18 19:17:45,483] [INFO] Model initialized on device: cuda:0
[2025-07-18 19:17:45,488] [INFO] Model initialized on device: cuda:0
[2025-07-18 19:17:45,771] [DEBUG] [TEST] Batch 1 | Pred shape: torch.Size([256, 256, 160]) | Label shape: torch.Size([256, 256, 160])
[2025-07-18 19:17:45,977] [DEBUG] [TEST] Batch 2 | Pred shape: torch.Size([256, 256, 160]) | Label shape: torch.Size([256, 256, 160])
[2025-07-18 19:17:46,378] [DEBUG] [TEST] Batch 3 | Pred shape: torch.Size([256, 256, 160]) | Label shape: torch.Size([256, 256, 160])
[2025-07-18 19:17:51,207] [DEBUG] [TEST] Batch 4 | Pred shape: torch.Size([256, 256, 160]) | Label shape: torch.Size([256, 256, 160])
[2025-07-18 19:17:51,308] [DEBUG] [TEST] Batch 5 | Pred shape: torch.Size([256, 256, 160]) | Label shape: torch.Size([256, 256, 160])
[2025-07-18 19:17:51,379] [DEBUG] [TEST] Batch 6 | Pred shape: torch.Size([256, 256, 160]) | Label shape: torch.Size([256, 256, 160])
[2025-07-18 19:17:51,477] [DEBUG] [TEST] Batch 7 | Pred shape: torch.Size([256, 256, 160]) | Label shape: torch.Size([256, 256, 160])
[2025-07-18 19:17:51,577] [DEBUG] [TEST] Batch 8 | Pred shape: torch.Size([256, 256, 160]) | Label shape: torch.Size([256, 256, 160])
[2025-07-18 19:17:51,678] [DEBUG] [TEST] Batch 9 | Pred shape: torch.Size([256, 256, 160]) | Label shape: torch.Size([256, 256, 160])
[2025-07-18 19:17:51,777] [DEBUG] [TEST] Batch 10 | Pred shape: torch.Size([256, 256, 160]) | Label shape: torch.Size([256, 256, 160])
[2025-07-18 19:17:51,889] [DEBUG] [TEST] Batch 11 | Pred shape: torch.Size([256, 256, 160]) | Label shape: torch.Size([256, 256, 160])
[2025-07-18 19:17:52,082] [DEBUG] [TEST] Batch 12 | Pred shape: torch.Size([256, 256, 160]) | Label shape: torch.Size([256, 256, 160])
[2025-07-18 19:17:52,211] [DEBUG] [TEST] Batch 13 | Pred shape: torch.Size([256, 256, 160]) | Label shape: torch.Size([256, 256, 160])
[2025-07-18 19:17:55,220] [DEBUG] [TEST] Batch 14 | Pred shape: torch.Size([256, 256, 160]) | Label shape: torch.Size([256, 256, 160])
[2025-07-18 19:17:55,386] [DEBUG] [TEST] Batch 15 | Pred shape: torch.Size([256, 256, 160]) | Label shape: torch.Size([256, 256, 160])
[2025-07-18 19:17:55,477] [DEBUG] [TEST] Batch 16 | Pred shape: torch.Size([256, 256, 160]) | Label shape: torch.Size([256, 256, 160])
[2025-07-18 19:18:01,214] [INFO] [EVALUATE] Dice WT: 0.7460
[2025-07-18 19:18:13,485] [INFO] [FIT] Received parameters. Starting local training...
[2025-07-18 19:18:15,570] [INFO] [DEBUG] Loaded compressed decoded weights.
[2025-07-18 19:19:17,391] [INFO] Model initialized on device: cuda:0
[2025-07-18 19:19:17,691] [INFO] Model initialized on device: cuda:0
[2025-07-18 19:19:17,753] [INFO] Model initialized on device: cuda:0
[2025-07-18 19:19:17,796] [INFO] Model initialized on device: cuda:0
[2025-07-18 19:19:17,796] [INFO] Model initialized on device: cuda:0
[2025-07-18 19:19:17,919] [INFO] Model initialized on device: cuda:0
[2025-07-18 19:19:18,140] [INFO] Model initialized on device: cuda:0
[2025-07-18 19:19:20,776] [INFO] Model initialized on device: cuda:0
[2025-07-18 19:19:20,808] [INFO] Model initialized on device: cuda:0
[2025-07-18 19:19:21,035] [INFO] Model initialized on device: cuda:0
[2025-07-18 19:21:00,577] [INFO] [TRAIN] Epoch 1 Loss: 0.1508
[2025-07-18 19:21:48,391] [INFO] Model initialized on device: cuda:0
[2025-07-18 19:21:48,793] [INFO] Model initialized on device: cuda:0
[2025-07-18 19:21:48,795] [INFO] Model initialized on device: cuda:0
[2025-07-18 19:21:48,796] [INFO] Model initialized on device: cuda:0
[2025-07-18 19:21:48,798] [INFO] Model initialized on device: cuda:0
[2025-07-18 19:21:48,800] [INFO] Model initialized on device: cuda:0
[2025-07-18 19:21:48,885] [INFO] Model initialized on device: cuda:0
[2025-07-18 19:21:48,885] [INFO] Model initialized on device: cuda:0
[2025-07-18 19:21:49,080] [INFO] Model initialized on device: cuda:0
[2025-07-18 19:21:49,080] [INFO] Model initialized on device: cuda:0
[2025-07-18 19:23:32,316] [INFO] [TRAIN] Epoch 2 Loss: 0.1891
[2025-07-18 19:24:19,197] [INFO] Model initialized on device: cuda:0
[2025-07-18 19:24:19,398] [INFO] Model initialized on device: cuda:0
[2025-07-18 19:24:19,497] [INFO] Model initialized on device: cuda:0
[2025-07-18 19:24:19,512] [INFO] Model initialized on device: cuda:0
[2025-07-18 19:24:19,698] [INFO] Model initialized on device: cuda:0
[2025-07-18 19:24:19,775] [INFO] Model initialized on device: cuda:0
[2025-07-18 19:24:19,890] [INFO] Model initialized on device: cuda:0
[2025-07-18 19:24:19,912] [INFO] Model initialized on device: cuda:0
[2025-07-18 19:24:21,089] [INFO] Model initialized on device: cuda:0
[2025-07-18 19:24:21,113] [INFO] Model initialized on device: cuda:0
[2025-07-18 19:25:50,982] [INFO] [TRAIN] Epoch 3 Loss: 0.1484
[2025-07-18 19:26:36,179] [INFO] Model initialized on device: cuda:0
[2025-07-18 19:26:36,312] [INFO] Model initialized on device: cuda:0
[2025-07-18 19:26:36,401] [INFO] Model initialized on device: cuda:0
[2025-07-18 19:26:36,574] [INFO] Model initialized on device: cuda:0
[2025-07-18 19:26:36,583] [INFO] Model initialized on device: cuda:0
[2025-07-18 19:26:36,673] [INFO] Model initialized on device: cuda:0
[2025-07-18 19:26:36,682] [INFO] Model initialized on device: cuda:0
[2025-07-18 19:26:36,682] [INFO] Model initialized on device: cuda:0
[2025-07-18 19:26:36,774] [INFO] Model initialized on device: cuda:0
[2025-07-18 19:26:37,376] [INFO] Model initialized on device: cuda:0
[2025-07-18 19:28:26,978] [INFO] [TRAIN] Epoch 4 Loss: 0.1359
[2025-07-18 19:29:28,883] [INFO] Model initialized on device: cuda:0
[2025-07-18 19:29:29,275] [INFO] Model initialized on device: cuda:0
[2025-07-18 19:29:29,282] [INFO] Model initialized on device: cuda:0
[2025-07-18 19:29:29,308] [INFO] Model initialized on device: cuda:0
[2025-07-18 19:29:29,503] [INFO] Model initialized on device: cuda:0
[2025-07-18 19:29:29,506] [INFO] Model initialized on device: cuda:0
[2025-07-18 19:29:29,810] [INFO] Model initialized on device: cuda:0
[2025-07-18 19:29:29,812] [INFO] Model initialized on device: cuda:0
[2025-07-18 19:29:29,883] [INFO] Model initialized on device: cuda:0
[2025-07-18 19:29:30,182] [INFO] Model initialized on device: cuda:0
[2025-07-18 19:31:12,699] [INFO] [TRAIN] Epoch 5 Loss: 0.1282
[2025-07-18 19:31:12,701] [INFO] [FIT] Local training finished. Avg Loss: 0.1505
[2025-07-18 19:31:59,373] [INFO] Model initialized on device: cuda:0
[2025-07-18 19:31:59,578] [INFO] Model initialized on device: cuda:0
[2025-07-18 19:32:00,273] [INFO] Model initialized on device: cuda:0
[2025-07-18 19:32:00,274] [INFO] Model initialized on device: cuda:0
[2025-07-18 19:32:00,275] [INFO] Model initialized on device: cuda:0
[2025-07-18 19:32:00,278] [INFO] Model initialized on device: cuda:0
[2025-07-18 19:32:00,685] [INFO] Model initialized on device: cuda:0
[2025-07-18 19:32:00,974] [INFO] Model initialized on device: cuda:0
[2025-07-18 19:32:01,275] [INFO] Model initialized on device: cuda:0
[2025-07-18 19:32:01,386] [INFO] Model initialized on device: cuda:0
[2025-07-18 19:32:08,882] [DEBUG] [TEST] Batch 1 | Pred shape: torch.Size([256, 256, 160]) | Label shape: torch.Size([256, 256, 160])
[2025-07-18 19:32:09,172] [DEBUG] [TEST] Batch 2 | Pred shape: torch.Size([256, 256, 160]) | Label shape: torch.Size([256, 256, 160])
[2025-07-18 19:32:09,295] [DEBUG] [TEST] Batch 3 | Pred shape: torch.Size([256, 256, 160]) | Label shape: torch.Size([256, 256, 160])
[2025-07-18 19:32:09,775] [DEBUG] [TEST] Batch 4 | Pred shape: torch.Size([256, 256, 160]) | Label shape: torch.Size([256, 256, 160])
[2025-07-18 19:32:09,879] [DEBUG] [TEST] Batch 5 | Pred shape: torch.Size([256, 256, 160]) | Label shape: torch.Size([256, 256, 160])
[2025-07-18 19:32:09,977] [DEBUG] [TEST] Batch 6 | Pred shape: torch.Size([256, 256, 160]) | Label shape: torch.Size([256, 256, 160])
[2025-07-18 19:32:10,078] [DEBUG] [TEST] Batch 7 | Pred shape: torch.Size([256, 256, 160]) | Label shape: torch.Size([256, 256, 160])
[2025-07-18 19:32:10,178] [DEBUG] [TEST] Batch 8 | Pred shape: torch.Size([256, 256, 160]) | Label shape: torch.Size([256, 256, 160])
[2025-07-18 19:32:10,279] [DEBUG] [TEST] Batch 9 | Pred shape: torch.Size([256, 256, 160]) | Label shape: torch.Size([256, 256, 160])
[2025-07-18 19:32:10,378] [DEBUG] [TEST] Batch 10 | Pred shape: torch.Size([256, 256, 160]) | Label shape: torch.Size([256, 256, 160])
[2025-07-18 19:32:13,579] [DEBUG] [TEST] Batch 11 | Pred shape: torch.Size([256, 256, 160]) | Label shape: torch.Size([256, 256, 160])
[2025-07-18 19:32:13,777] [DEBUG] [TEST] Batch 12 | Pred shape: torch.Size([256, 256, 160]) | Label shape: torch.Size([256, 256, 160])
[2025-07-18 19:32:13,970] [DEBUG] [TEST] Batch 13 | Pred shape: torch.Size([256, 256, 160]) | Label shape: torch.Size([256, 256, 160])
[2025-07-18 19:32:14,130] [DEBUG] [TEST] Batch 14 | Pred shape: torch.Size([256, 256, 160]) | Label shape: torch.Size([256, 256, 160])
[2025-07-18 19:32:14,310] [DEBUG] [TEST] Batch 15 | Pred shape: torch.Size([256, 256, 160]) | Label shape: torch.Size([256, 256, 160])
[2025-07-18 19:32:14,596] [DEBUG] [TEST] Batch 16 | Pred shape: torch.Size([256, 256, 160]) | Label shape: torch.Size([256, 256, 160])
[2025-07-18 19:32:20,570] [INFO] [FIT] Final model saved to: Run_UNET_R2Non-IID30%_fedWSOcompC32_20250718/Client3/model_final.pth
[2025-07-18 19:40:25,907] [INFO] [EVALUATE] Starting evaluation...
[2025-07-18 19:40:29,274] [INFO] [DEBUG] Loaded compressed decoded weights.
[2025-07-18 19:41:38,254] [INFO] Model initialized on device: cuda:0
[2025-07-18 19:41:39,189] [INFO] Model initialized on device: cuda:0
[2025-07-18 19:41:39,289] [INFO] Model initialized on device: cuda:0
[2025-07-18 19:41:39,777] [INFO] Model initialized on device: cuda:0
[2025-07-18 19:41:39,787] [INFO] Model initialized on device: cuda:0
[2025-07-18 19:41:39,895] [INFO] Model initialized on device: cuda:0
[2025-07-18 19:41:39,997] [INFO] Model initialized on device: cuda:0
[2025-07-18 19:41:40,071] [INFO] Model initialized on device: cuda:0
[2025-07-18 19:41:40,074] [INFO] Model initialized on device: cuda:0
[2025-07-18 19:41:40,074] [INFO] Model initialized on device: cuda:0
[2025-07-18 19:41:48,479] [DEBUG] [TEST] Batch 1 | Pred shape: torch.Size([256, 256, 160]) | Label shape: torch.Size([256, 256, 160])
[2025-07-18 19:41:48,578] [DEBUG] [TEST] Batch 2 | Pred shape: torch.Size([256, 256, 160]) | Label shape: torch.Size([256, 256, 160])
[2025-07-18 19:41:48,988] [DEBUG] [TEST] Batch 3 | Pred shape: torch.Size([256, 256, 160]) | Label shape: torch.Size([256, 256, 160])
[2025-07-18 19:41:49,210] [DEBUG] [TEST] Batch 4 | Pred shape: torch.Size([256, 256, 160]) | Label shape: torch.Size([256, 256, 160])
[2025-07-18 19:41:49,490] [DEBUG] [TEST] Batch 5 | Pred shape: torch.Size([256, 256, 160]) | Label shape: torch.Size([256, 256, 160])
[2025-07-18 19:41:49,705] [DEBUG] [TEST] Batch 6 | Pred shape: torch.Size([256, 256, 160]) | Label shape: torch.Size([256, 256, 160])
[2025-07-18 19:41:49,990] [DEBUG] [TEST] Batch 7 | Pred shape: torch.Size([256, 256, 160]) | Label shape: torch.Size([256, 256, 160])
[2025-07-18 19:41:50,289] [DEBUG] [TEST] Batch 8 | Pred shape: torch.Size([256, 256, 160]) | Label shape: torch.Size([256, 256, 160])
[2025-07-18 19:41:50,509] [DEBUG] [TEST] Batch 9 | Pred shape: torch.Size([256, 256, 160]) | Label shape: torch.Size([256, 256, 160])
[2025-07-18 19:41:50,774] [DEBUG] [TEST] Batch 10 | Pred shape: torch.Size([256, 256, 160]) | Label shape: torch.Size([256, 256, 160])
[2025-07-18 19:41:52,879] [DEBUG] [TEST] Batch 11 | Pred shape: torch.Size([256, 256, 160]) | Label shape: torch.Size([256, 256, 160])
[2025-07-18 19:41:52,980] [DEBUG] [TEST] Batch 12 | Pred shape: torch.Size([256, 256, 160]) | Label shape: torch.Size([256, 256, 160])
[2025-07-18 19:41:53,487] [DEBUG] [TEST] Batch 13 | Pred shape: torch.Size([256, 256, 160]) | Label shape: torch.Size([256, 256, 160])
[2025-07-18 19:41:53,687] [DEBUG] [TEST] Batch 14 | Pred shape: torch.Size([256, 256, 160]) | Label shape: torch.Size([256, 256, 160])
[2025-07-18 19:41:53,879] [DEBUG] [TEST] Batch 15 | Pred shape: torch.Size([256, 256, 160]) | Label shape: torch.Size([256, 256, 160])
[2025-07-18 19:41:54,089] [DEBUG] [TEST] Batch 16 | Pred shape: torch.Size([256, 256, 160]) | Label shape: torch.Size([256, 256, 160])
[2025-07-18 19:42:01,022] [INFO] [EVALUATE] Dice WT: 0.8977
[2025-07-18 19:42:14,570] [INFO] [FIT] Received parameters. Starting local training...
[2025-07-18 19:42:19,379] [INFO] [DEBUG] Loaded compressed decoded weights.
[2025-07-18 19:43:31,978] [INFO] Model initialized on device: cuda:0
[2025-07-18 19:43:32,002] [INFO] Model initialized on device: cuda:0
[2025-07-18 19:43:32,102] [INFO] Model initialized on device: cuda:0
[2025-07-18 19:43:32,305] [INFO] Model initialized on device: cuda:0
[2025-07-18 19:43:32,382] [INFO] Model initialized on device: cuda:0
[2025-07-18 19:43:32,397] [INFO] Model initialized on device: cuda:0
[2025-07-18 19:43:32,475] [INFO] Model initialized on device: cuda:0
[2025-07-18 19:43:32,478] [INFO] Model initialized on device: cuda:0
[2025-07-18 19:43:32,478] [INFO] Model initialized on device: cuda:0
[2025-07-18 19:43:32,479] [INFO] Model initialized on device: cuda:0
[2025-07-18 19:45:22,112] [INFO] [TRAIN] Epoch 1 Loss: 0.1538
[2025-07-18 19:45:55,878] [INFO] Model initialized on device: cuda:0
[2025-07-18 19:45:57,374] [INFO] Model initialized on device: cuda:0
[2025-07-18 19:46:03,773] [INFO] Model initialized on device: cuda:0
[2025-07-18 19:46:03,775] [INFO] Model initialized on device: cuda:0
[2025-07-18 19:46:04,193] [INFO] Model initialized on device: cuda:0
[2025-07-18 19:46:08,001] [INFO] Model initialized on device: cuda:0
[2025-07-18 19:46:08,394] [INFO] Model initialized on device: cuda:0
[2025-07-18 19:46:08,486] [INFO] Model initialized on device: cuda:0
[2025-07-18 19:46:08,575] [INFO] Model initialized on device: cuda:0
[2025-07-18 19:46:08,796] [INFO] Model initialized on device: cuda:0
[2025-07-18 19:47:49,922] [INFO] [TRAIN] Epoch 2 Loss: 0.1416
[2025-07-18 19:48:17,573] [INFO] Model initialized on device: cuda:0
[2025-07-18 19:48:17,575] [INFO] Model initialized on device: cuda:0
[2025-07-18 19:48:21,704] [INFO] Model initialized on device: cuda:0
[2025-07-18 19:48:24,878] [INFO] Model initialized on device: cuda:0
[2025-07-18 19:48:25,282] [INFO] Model initialized on device: cuda:0
[2025-07-18 19:48:26,280] [INFO] Model initialized on device: cuda:0
[2025-07-18 19:48:27,480] [INFO] Model initialized on device: cuda:0
[2025-07-18 19:48:27,480] [INFO] Model initialized on device: cuda:0
[2025-07-18 19:48:28,473] [INFO] Model initialized on device: cuda:0
[2025-07-18 19:48:30,294] [INFO] Model initialized on device: cuda:0
[2025-07-18 19:50:04,412] [INFO] [TRAIN] Epoch 3 Loss: 0.1466
[2025-07-18 19:50:36,477] [INFO] Model initialized on device: cuda:0
[2025-07-18 19:50:41,090] [INFO] Model initialized on device: cuda:0
[2025-07-18 19:50:41,207] [INFO] Model initialized on device: cuda:0
[2025-07-18 19:50:41,875] [INFO] Model initialized on device: cuda:0
[2025-07-18 19:50:48,402] [INFO] Model initialized on device: cuda:0
[2025-07-18 19:50:48,699] [INFO] Model initialized on device: cuda:0
[2025-07-18 19:50:49,173] [INFO] Model initialized on device: cuda:0
[2025-07-18 19:50:49,185] [INFO] Model initialized on device: cuda:0
[2025-07-18 19:50:49,203] [INFO] Model initialized on device: cuda:0
[2025-07-18 19:50:49,386] [INFO] Model initialized on device: cuda:0
[2025-07-18 19:52:27,478] [INFO] [TRAIN] Epoch 4 Loss: 0.1286
[2025-07-18 19:53:12,486] [INFO] Model initialized on device: cuda:0
[2025-07-18 19:53:14,179] [INFO] Model initialized on device: cuda:0
[2025-07-18 19:53:14,280] [INFO] Model initialized on device: cuda:0
[2025-07-18 19:53:14,393] [INFO] Model initialized on device: cuda:0
[2025-07-18 19:53:14,398] [INFO] Model initialized on device: cuda:0
[2025-07-18 19:53:14,578] [INFO] Model initialized on device: cuda:0
[2025-07-18 19:53:16,678] [INFO] Model initialized on device: cuda:0
[2025-07-18 19:53:16,694] [INFO] Model initialized on device: cuda:0
[2025-07-18 19:53:16,991] [INFO] Model initialized on device: cuda:0
[2025-07-18 19:53:16,993] [INFO] Model initialized on device: cuda:0
[2025-07-18 19:54:56,379] [INFO] [TRAIN] Epoch 5 Loss: 0.1222
[2025-07-18 19:54:56,381] [INFO] [FIT] Local training finished. Avg Loss: 0.1386
[2025-07-18 19:55:25,284] [INFO] Model initialized on device: cuda:0
[2025-07-18 19:55:27,783] [INFO] Model initialized on device: cuda:0
[2025-07-18 19:55:31,475] [INFO] Model initialized on device: cuda:0
[2025-07-18 19:55:32,391] [INFO] Model initialized on device: cuda:0
[2025-07-18 19:55:32,980] [INFO] Model initialized on device: cuda:0
[2025-07-18 19:55:33,677] [INFO] Model initialized on device: cuda:0
[2025-07-18 19:55:34,175] [INFO] Model initialized on device: cuda:0
[2025-07-18 19:55:35,676] [INFO] Model initialized on device: cuda:0
[2025-07-18 19:55:37,011] [INFO] Model initialized on device: cuda:0
[2025-07-18 19:55:38,413] [INFO] Model initialized on device: cuda:0
[2025-07-18 19:55:40,083] [DEBUG] [TEST] Batch 1 | Pred shape: torch.Size([256, 256, 160]) | Label shape: torch.Size([256, 256, 160])
[2025-07-18 19:55:40,279] [DEBUG] [TEST] Batch 2 | Pred shape: torch.Size([256, 256, 160]) | Label shape: torch.Size([256, 256, 160])
[2025-07-18 19:55:43,603] [DEBUG] [TEST] Batch 3 | Pred shape: torch.Size([256, 256, 160]) | Label shape: torch.Size([256, 256, 160])
[2025-07-18 19:55:43,979] [DEBUG] [TEST] Batch 4 | Pred shape: torch.Size([256, 256, 160]) | Label shape: torch.Size([256, 256, 160])
[2025-07-18 19:55:44,079] [DEBUG] [TEST] Batch 5 | Pred shape: torch.Size([256, 256, 160]) | Label shape: torch.Size([256, 256, 160])
[2025-07-18 19:55:44,181] [DEBUG] [TEST] Batch 6 | Pred shape: torch.Size([256, 256, 160]) | Label shape: torch.Size([256, 256, 160])
[2025-07-18 19:55:44,278] [DEBUG] [TEST] Batch 7 | Pred shape: torch.Size([256, 256, 160]) | Label shape: torch.Size([256, 256, 160])
[2025-07-18 19:55:44,380] [DEBUG] [TEST] Batch 8 | Pred shape: torch.Size([256, 256, 160]) | Label shape: torch.Size([256, 256, 160])
[2025-07-18 19:55:44,478] [DEBUG] [TEST] Batch 9 | Pred shape: torch.Size([256, 256, 160]) | Label shape: torch.Size([256, 256, 160])
[2025-07-18 19:55:44,578] [DEBUG] [TEST] Batch 10 | Pred shape: torch.Size([256, 256, 160]) | Label shape: torch.Size([256, 256, 160])
[2025-07-18 19:55:44,678] [DEBUG] [TEST] Batch 11 | Pred shape: torch.Size([256, 256, 160]) | Label shape: torch.Size([256, 256, 160])
[2025-07-18 19:55:44,771] [DEBUG] [TEST] Batch 12 | Pred shape: torch.Size([256, 256, 160]) | Label shape: torch.Size([256, 256, 160])
[2025-07-18 19:55:47,811] [DEBUG] [TEST] Batch 13 | Pred shape: torch.Size([256, 256, 160]) | Label shape: torch.Size([256, 256, 160])
[2025-07-18 19:55:48,078] [DEBUG] [TEST] Batch 14 | Pred shape: torch.Size([256, 256, 160]) | Label shape: torch.Size([256, 256, 160])
[2025-07-18 19:55:48,176] [DEBUG] [TEST] Batch 15 | Pred shape: torch.Size([256, 256, 160]) | Label shape: torch.Size([256, 256, 160])
[2025-07-18 19:55:48,272] [DEBUG] [TEST] Batch 16 | Pred shape: torch.Size([256, 256, 160]) | Label shape: torch.Size([256, 256, 160])
[2025-07-18 19:55:54,315] [INFO] [FIT] Final model saved to: Run_UNET_R2Non-IID30%_fedWSOcompC32_20250718/Client3/model_final.pth
[2025-07-18 20:04:14,083] [INFO] [EVALUATE] Starting evaluation...
[2025-07-18 20:04:16,179] [INFO] [DEBUG] Loaded compressed decoded weights.
[2025-07-18 20:05:30,328] [INFO] Model initialized on device: cuda:0
[2025-07-18 20:05:30,686] [INFO] Model initialized on device: cuda:0
[2025-07-18 20:05:30,876] [INFO] Model initialized on device: cuda:0
[2025-07-18 20:05:30,903] [INFO] Model initialized on device: cuda:0
[2025-07-18 20:05:31,273] [INFO] Model initialized on device: cuda:0
[2025-07-18 20:05:31,371] [INFO] Model initialized on device: cuda:0
[2025-07-18 20:05:31,573] [INFO] Model initialized on device: cuda:0
[2025-07-18 20:05:31,689] [INFO] Model initialized on device: cuda:0
[2025-07-18 20:05:31,777] [INFO] Model initialized on device: cuda:0
[2025-07-18 20:05:31,781] [INFO] Model initialized on device: cuda:0
[2025-07-18 20:05:39,282] [DEBUG] [TEST] Batch 1 | Pred shape: torch.Size([256, 256, 160]) | Label shape: torch.Size([256, 256, 160])
[2025-07-18 20:05:39,421] [DEBUG] [TEST] Batch 2 | Pred shape: torch.Size([256, 256, 160]) | Label shape: torch.Size([256, 256, 160])
[2025-07-18 20:05:41,087] [DEBUG] [TEST] Batch 3 | Pred shape: torch.Size([256, 256, 160]) | Label shape: torch.Size([256, 256, 160])
[2025-07-18 20:05:41,289] [DEBUG] [TEST] Batch 4 | Pred shape: torch.Size([256, 256, 160]) | Label shape: torch.Size([256, 256, 160])
[2025-07-18 20:05:41,489] [DEBUG] [TEST] Batch 5 | Pred shape: torch.Size([256, 256, 160]) | Label shape: torch.Size([256, 256, 160])
[2025-07-18 20:05:41,689] [DEBUG] [TEST] Batch 6 | Pred shape: torch.Size([256, 256, 160]) | Label shape: torch.Size([256, 256, 160])
[2025-07-18 20:05:41,888] [DEBUG] [TEST] Batch 7 | Pred shape: torch.Size([256, 256, 160]) | Label shape: torch.Size([256, 256, 160])
[2025-07-18 20:05:42,088] [DEBUG] [TEST] Batch 8 | Pred shape: torch.Size([256, 256, 160]) | Label shape: torch.Size([256, 256, 160])
[2025-07-18 20:05:42,287] [DEBUG] [TEST] Batch 9 | Pred shape: torch.Size([256, 256, 160]) | Label shape: torch.Size([256, 256, 160])
[2025-07-18 20:05:42,476] [DEBUG] [TEST] Batch 10 | Pred shape: torch.Size([256, 256, 160]) | Label shape: torch.Size([256, 256, 160])
[2025-07-18 20:05:43,577] [DEBUG] [TEST] Batch 11 | Pred shape: torch.Size([256, 256, 160]) | Label shape: torch.Size([256, 256, 160])
[2025-07-18 20:05:43,876] [DEBUG] [TEST] Batch 12 | Pred shape: torch.Size([256, 256, 160]) | Label shape: torch.Size([256, 256, 160])
[2025-07-18 20:05:44,970] [DEBUG] [TEST] Batch 13 | Pred shape: torch.Size([256, 256, 160]) | Label shape: torch.Size([256, 256, 160])
[2025-07-18 20:05:45,088] [DEBUG] [TEST] Batch 14 | Pred shape: torch.Size([256, 256, 160]) | Label shape: torch.Size([256, 256, 160])
[2025-07-18 20:05:45,180] [DEBUG] [TEST] Batch 15 | Pred shape: torch.Size([256, 256, 160]) | Label shape: torch.Size([256, 256, 160])
[2025-07-18 20:05:45,299] [DEBUG] [TEST] Batch 16 | Pred shape: torch.Size([256, 256, 160]) | Label shape: torch.Size([256, 256, 160])
[2025-07-18 20:05:52,901] [INFO] [EVALUATE] Dice WT: 0.8929
[2025-07-18 20:06:03,973] [INFO] [FIT] Received parameters. Starting local training...
[2025-07-18 20:06:09,083] [INFO] [DEBUG] Loaded compressed decoded weights.
[2025-07-18 20:07:14,834] [INFO] Model initialized on device: cuda:0
[2025-07-18 20:07:17,762] [INFO] Model initialized on device: cuda:0
[2025-07-18 20:07:18,575] [INFO] Model initialized on device: cuda:0
[2025-07-18 20:07:18,985] [INFO] Model initialized on device: cuda:0
[2025-07-18 20:07:19,077] [INFO] Model initialized on device: cuda:0
[2025-07-18 20:07:19,176] [INFO] Model initialized on device: cuda:0
[2025-07-18 20:07:19,201] [INFO] Model initialized on device: cuda:0
[2025-07-18 20:07:19,295] [INFO] Model initialized on device: cuda:0
[2025-07-18 20:07:19,296] [INFO] Model initialized on device: cuda:0
[2025-07-18 20:07:19,371] [INFO] Model initialized on device: cuda:0
[2025-07-18 20:09:07,914] [INFO] [TRAIN] Epoch 1 Loss: 0.1511
[2025-07-18 20:10:04,917] [INFO] Model initialized on device: cuda:0
[2025-07-18 20:10:05,170] [INFO] Model initialized on device: cuda:0
[2025-07-18 20:10:05,204] [INFO] Model initialized on device: cuda:0
[2025-07-18 20:10:05,320] [INFO] Model initialized on device: cuda:0
[2025-07-18 20:10:05,394] [INFO] Model initialized on device: cuda:0
[2025-07-18 20:10:06,012] [INFO] Model initialized on device: cuda:0
[2025-07-18 20:10:06,300] [INFO] Model initialized on device: cuda:0
[2025-07-18 20:10:07,708] [INFO] Model initialized on device: cuda:0
[2025-07-18 20:10:08,805] [INFO] Model initialized on device: cuda:0
[2025-07-18 20:10:09,274] [INFO] Model initialized on device: cuda:0
[2025-07-18 20:11:48,974] [INFO] [TRAIN] Epoch 2 Loss: 0.1354
[2025-07-18 20:12:33,881] [INFO] Model initialized on device: cuda:0
[2025-07-18 20:12:34,588] [INFO] Model initialized on device: cuda:0
[2025-07-18 20:12:35,378] [INFO] Model initialized on device: cuda:0
[2025-07-18 20:12:36,382] [INFO] Model initialized on device: cuda:0
[2025-07-18 20:12:36,694] [INFO] Model initialized on device: cuda:0
[2025-07-18 20:12:36,698] [INFO] Model initialized on device: cuda:0
[2025-07-18 20:12:36,771] [INFO] Model initialized on device: cuda:0
[2025-07-18 20:12:36,772] [INFO] Model initialized on device: cuda:0
[2025-07-18 20:12:36,775] [INFO] Model initialized on device: cuda:0
[2025-07-18 20:12:36,778] [INFO] Model initialized on device: cuda:0
[2025-07-18 20:14:20,298] [INFO] [TRAIN] Epoch 3 Loss: 0.1327
[2025-07-18 20:14:56,300] [INFO] Model initialized on device: cuda:0
[2025-07-18 20:14:56,790] [INFO] Model initialized on device: cuda:0
[2025-07-18 20:15:02,876] [INFO] Model initialized on device: cuda:0
[2025-07-18 20:15:05,479] [INFO] Model initialized on device: cuda:0
[2025-07-18 20:15:05,874] [INFO] Model initialized on device: cuda:0
[2025-07-18 20:15:06,172] [INFO] Model initialized on device: cuda:0
[2025-07-18 20:15:06,288] [INFO] Model initialized on device: cuda:0
[2025-07-18 20:15:06,399] [INFO] Model initialized on device: cuda:0
[2025-07-18 20:15:06,697] [INFO] Model initialized on device: cuda:0
[2025-07-18 20:15:06,805] [INFO] Model initialized on device: cuda:0
[2025-07-18 20:16:45,086] [INFO] [TRAIN] Epoch 4 Loss: 0.1228
[2025-07-18 20:17:24,988] [INFO] Model initialized on device: cuda:0
[2025-07-18 20:17:25,186] [INFO] Model initialized on device: cuda:0
[2025-07-18 20:17:25,877] [INFO] Model initialized on device: cuda:0
[2025-07-18 20:17:32,476] [INFO] Model initialized on device: cuda:0
[2025-07-18 20:17:32,497] [INFO] Model initialized on device: cuda:0
[2025-07-18 20:17:32,798] [INFO] Model initialized on device: cuda:0
[2025-07-18 20:17:32,881] [INFO] Model initialized on device: cuda:0
[2025-07-18 20:17:32,886] [INFO] Model initialized on device: cuda:0
[2025-07-18 20:17:32,895] [INFO] Model initialized on device: cuda:0
[2025-07-18 20:17:32,896] [INFO] Model initialized on device: cuda:0
[2025-07-18 20:19:03,604] [INFO] [TRAIN] Epoch 5 Loss: 0.1212
[2025-07-18 20:19:03,605] [INFO] [FIT] Local training finished. Avg Loss: 0.1326
[2025-07-18 20:19:44,582] [INFO] Model initialized on device: cuda:0
[2025-07-18 20:19:44,779] [INFO] Model initialized on device: cuda:0
[2025-07-18 20:19:44,881] [INFO] Model initialized on device: cuda:0
[2025-07-18 20:19:44,881] [INFO] Model initialized on device: cuda:0
[2025-07-18 20:19:45,181] [INFO] Model initialized on device: cuda:0
[2025-07-18 20:19:45,184] [INFO] Model initialized on device: cuda:0
[2025-07-18 20:19:45,699] [INFO] Model initialized on device: cuda:0
[2025-07-18 20:19:45,699] [INFO] Model initialized on device: cuda:0
[2025-07-18 20:19:46,604] [INFO] Model initialized on device: cuda:0
[2025-07-18 20:19:46,604] [INFO] Model initialized on device: cuda:0
[2025-07-18 20:19:51,683] [DEBUG] [TEST] Batch 1 | Pred shape: torch.Size([256, 256, 160]) | Label shape: torch.Size([256, 256, 160])
[2025-07-18 20:19:52,199] [DEBUG] [TEST] Batch 2 | Pred shape: torch.Size([256, 256, 160]) | Label shape: torch.Size([256, 256, 160])
[2025-07-18 20:19:53,479] [DEBUG] [TEST] Batch 3 | Pred shape: torch.Size([256, 256, 160]) | Label shape: torch.Size([256, 256, 160])
[2025-07-18 20:19:53,578] [DEBUG] [TEST] Batch 4 | Pred shape: torch.Size([256, 256, 160]) | Label shape: torch.Size([256, 256, 160])
[2025-07-18 20:19:53,709] [DEBUG] [TEST] Batch 5 | Pred shape: torch.Size([256, 256, 160]) | Label shape: torch.Size([256, 256, 160])
[2025-07-18 20:19:53,905] [DEBUG] [TEST] Batch 6 | Pred shape: torch.Size([256, 256, 160]) | Label shape: torch.Size([256, 256, 160])
[2025-07-18 20:19:54,093] [DEBUG] [TEST] Batch 7 | Pred shape: torch.Size([256, 256, 160]) | Label shape: torch.Size([256, 256, 160])
[2025-07-18 20:19:54,276] [DEBUG] [TEST] Batch 8 | Pred shape: torch.Size([256, 256, 160]) | Label shape: torch.Size([256, 256, 160])
[2025-07-18 20:19:54,379] [DEBUG] [TEST] Batch 9 | Pred shape: torch.Size([256, 256, 160]) | Label shape: torch.Size([256, 256, 160])
[2025-07-18 20:19:54,479] [DEBUG] [TEST] Batch 10 | Pred shape: torch.Size([256, 256, 160]) | Label shape: torch.Size([256, 256, 160])
[2025-07-18 20:19:56,684] [DEBUG] [TEST] Batch 11 | Pred shape: torch.Size([256, 256, 160]) | Label shape: torch.Size([256, 256, 160])
[2025-07-18 20:19:57,522] [DEBUG] [TEST] Batch 12 | Pred shape: torch.Size([256, 256, 160]) | Label shape: torch.Size([256, 256, 160])
[2025-07-18 20:19:57,676] [DEBUG] [TEST] Batch 13 | Pred shape: torch.Size([256, 256, 160]) | Label shape: torch.Size([256, 256, 160])
[2025-07-18 20:19:57,828] [DEBUG] [TEST] Batch 14 | Pred shape: torch.Size([256, 256, 160]) | Label shape: torch.Size([256, 256, 160])
[2025-07-18 20:19:57,986] [DEBUG] [TEST] Batch 15 | Pred shape: torch.Size([256, 256, 160]) | Label shape: torch.Size([256, 256, 160])
[2025-07-18 20:19:58,136] [DEBUG] [TEST] Batch 16 | Pred shape: torch.Size([256, 256, 160]) | Label shape: torch.Size([256, 256, 160])
[2025-07-18 20:20:02,693] [INFO] [FIT] Final model saved to: Run_UNET_R2Non-IID30%_fedWSOcompC32_20250718/Client3/model_final.pth
[2025-07-18 20:28:02,888] [INFO] [EVALUATE] Starting evaluation...
[2025-07-18 20:28:05,978] [INFO] [DEBUG] Loaded compressed decoded weights.
[2025-07-18 20:29:17,195] [INFO] Model initialized on device: cuda:0
[2025-07-18 20:29:17,984] [INFO] Model initialized on device: cuda:0
[2025-07-18 20:29:18,278] [INFO] Model initialized on device: cuda:0
[2025-07-18 20:29:18,481] [INFO] Model initialized on device: cuda:0
[2025-07-18 20:29:18,578] [INFO] Model initialized on device: cuda:0
[2025-07-18 20:29:18,674] [INFO] Model initialized on device: cuda:0
[2025-07-18 20:29:18,677] [INFO] Model initialized on device: cuda:0
[2025-07-18 20:29:18,682] [INFO] Model initialized on device: cuda:0
[2025-07-18 20:29:18,687] [INFO] Model initialized on device: cuda:0
[2025-07-18 20:29:18,785] [INFO] Model initialized on device: cuda:0
[2025-07-18 20:29:27,687] [DEBUG] [TEST] Batch 1 | Pred shape: torch.Size([256, 256, 160]) | Label shape: torch.Size([256, 256, 160])
[2025-07-18 20:29:27,808] [DEBUG] [TEST] Batch 2 | Pred shape: torch.Size([256, 256, 160]) | Label shape: torch.Size([256, 256, 160])
[2025-07-18 20:29:28,084] [DEBUG] [TEST] Batch 3 | Pred shape: torch.Size([256, 256, 160]) | Label shape: torch.Size([256, 256, 160])
[2025-07-18 20:29:28,281] [DEBUG] [TEST] Batch 4 | Pred shape: torch.Size([256, 256, 160]) | Label shape: torch.Size([256, 256, 160])
[2025-07-18 20:29:28,482] [DEBUG] [TEST] Batch 5 | Pred shape: torch.Size([256, 256, 160]) | Label shape: torch.Size([256, 256, 160])
[2025-07-18 20:29:28,598] [DEBUG] [TEST] Batch 6 | Pred shape: torch.Size([256, 256, 160]) | Label shape: torch.Size([256, 256, 160])
[2025-07-18 20:29:28,786] [DEBUG] [TEST] Batch 7 | Pred shape: torch.Size([256, 256, 160]) | Label shape: torch.Size([256, 256, 160])
[2025-07-18 20:29:28,913] [DEBUG] [TEST] Batch 8 | Pred shape: torch.Size([256, 256, 160]) | Label shape: torch.Size([256, 256, 160])
[2025-07-18 20:29:29,087] [DEBUG] [TEST] Batch 9 | Pred shape: torch.Size([256, 256, 160]) | Label shape: torch.Size([256, 256, 160])
[2025-07-18 20:29:29,372] [DEBUG] [TEST] Batch 10 | Pred shape: torch.Size([256, 256, 160]) | Label shape: torch.Size([256, 256, 160])
[2025-07-18 20:29:30,912] [DEBUG] [TEST] Batch 11 | Pred shape: torch.Size([256, 256, 160]) | Label shape: torch.Size([256, 256, 160])
[2025-07-18 20:29:31,079] [DEBUG] [TEST] Batch 12 | Pred shape: torch.Size([256, 256, 160]) | Label shape: torch.Size([256, 256, 160])
[2025-07-18 20:29:31,291] [DEBUG] [TEST] Batch 13 | Pred shape: torch.Size([256, 256, 160]) | Label shape: torch.Size([256, 256, 160])
[2025-07-18 20:29:32,293] [DEBUG] [TEST] Batch 14 | Pred shape: torch.Size([256, 256, 160]) | Label shape: torch.Size([256, 256, 160])
[2025-07-18 20:29:32,384] [DEBUG] [TEST] Batch 15 | Pred shape: torch.Size([256, 256, 160]) | Label shape: torch.Size([256, 256, 160])
[2025-07-18 20:29:32,505] [DEBUG] [TEST] Batch 16 | Pred shape: torch.Size([256, 256, 160]) | Label shape: torch.Size([256, 256, 160])
[2025-07-18 20:29:39,879] [INFO] [EVALUATE] Dice WT: 0.8342
[2025-07-18 20:29:50,811] [INFO] [FIT] Received parameters. Starting local training...
[2025-07-18 20:29:53,879] [INFO] [DEBUG] Loaded compressed decoded weights.
[2025-07-18 20:31:06,323] [INFO] Model initialized on device: cuda:0
[2025-07-18 20:31:06,389] [INFO] Model initialized on device: cuda:0
[2025-07-18 20:31:07,086] [INFO] Model initialized on device: cuda:0
[2025-07-18 20:31:07,096] [INFO] Model initialized on device: cuda:0
[2025-07-18 20:31:07,381] [INFO] Model initialized on device: cuda:0
[2025-07-18 20:31:07,397] [INFO] Model initialized on device: cuda:0
[2025-07-18 20:31:07,490] [INFO] Model initialized on device: cuda:0
[2025-07-18 20:31:07,593] [INFO] Model initialized on device: cuda:0
[2025-07-18 20:31:07,676] [INFO] Model initialized on device: cuda:0
[2025-07-18 20:31:07,890] [INFO] Model initialized on device: cuda:0
[2025-07-18 20:32:57,877] [INFO] [TRAIN] Epoch 1 Loss: 0.1468
[2025-07-18 20:33:54,978] [INFO] Model initialized on device: cuda:0
[2025-07-18 20:33:55,980] [INFO] Model initialized on device: cuda:0
[2025-07-18 20:33:56,271] [INFO] Model initialized on device: cuda:0
[2025-07-18 20:33:56,580] [INFO] Model initialized on device: cuda:0
[2025-07-18 20:33:56,580] [INFO] Model initialized on device: cuda:0
[2025-07-18 20:33:56,771] [INFO] Model initialized on device: cuda:0
[2025-07-18 20:33:57,093] [INFO] Model initialized on device: cuda:0
[2025-07-18 20:33:57,388] [INFO] Model initialized on device: cuda:0
[2025-07-18 20:33:57,597] [INFO] Model initialized on device: cuda:0
[2025-07-18 20:33:57,597] [INFO] Model initialized on device: cuda:0
[2025-07-18 20:35:42,113] [INFO] [TRAIN] Epoch 2 Loss: 0.1338
[2025-07-18 20:36:17,291] [INFO] Model initialized on device: cuda:0
[2025-07-18 20:36:19,899] [INFO] Model initialized on device: cuda:0
[2025-07-18 20:36:23,395] [INFO] Model initialized on device: cuda:0
[2025-07-18 20:36:25,373] [INFO] Model initialized on device: cuda:0
[2025-07-18 20:36:25,579] [INFO] Model initialized on device: cuda:0
[2025-07-18 20:36:27,976] [INFO] Model initialized on device: cuda:0
[2025-07-18 20:36:28,296] [INFO] Model initialized on device: cuda:0
[2025-07-18 20:36:28,302] [INFO] Model initialized on device: cuda:0
[2025-07-18 20:36:28,389] [INFO] Model initialized on device: cuda:0
[2025-07-18 20:36:28,394] [INFO] Model initialized on device: cuda:0
[2025-07-18 20:38:20,679] [INFO] [TRAIN] Epoch 3 Loss: 0.1286
[2025-07-18 20:38:58,195] [INFO] Model initialized on device: cuda:0
[2025-07-18 20:39:03,705] [INFO] Model initialized on device: cuda:0
[2025-07-18 20:39:04,588] [INFO] Model initialized on device: cuda:0
[2025-07-18 20:39:04,883] [INFO] Model initialized on device: cuda:0
[2025-07-18 20:39:06,595] [INFO] Model initialized on device: cuda:0
[2025-07-18 20:39:06,984] [INFO] Model initialized on device: cuda:0
[2025-07-18 20:39:08,080] [INFO] Model initialized on device: cuda:0
[2025-07-18 20:39:08,288] [INFO] Model initialized on device: cuda:0
[2025-07-18 20:39:08,377] [INFO] Model initialized on device: cuda:0
[2025-07-18 20:39:08,381] [INFO] Model initialized on device: cuda:0
[2025-07-18 20:40:49,224] [INFO] [TRAIN] Epoch 4 Loss: 0.1228
[2025-07-18 20:41:24,773] [INFO] Model initialized on device: cuda:0
[2025-07-18 20:41:25,997] [INFO] Model initialized on device: cuda:0
[2025-07-18 20:41:28,195] [INFO] Model initialized on device: cuda:0
[2025-07-18 20:41:33,375] [INFO] Model initialized on device: cuda:0
[2025-07-18 20:41:33,480] [INFO] Model initialized on device: cuda:0
[2025-07-18 20:41:35,277] [INFO] Model initialized on device: cuda:0
[2025-07-18 20:41:35,770] [INFO] Model initialized on device: cuda:0
[2025-07-18 20:41:35,772] [INFO] Model initialized on device: cuda:0
[2025-07-18 20:41:35,982] [INFO] Model initialized on device: cuda:0
[2025-07-18 20:41:35,984] [INFO] Model initialized on device: cuda:0
[2025-07-18 20:43:17,179] [INFO] [TRAIN] Epoch 5 Loss: 0.1196
[2025-07-18 20:43:17,181] [INFO] [FIT] Local training finished. Avg Loss: 0.1303
[2025-07-18 20:43:51,775] [INFO] Model initialized on device: cuda:0
[2025-07-18 20:43:52,203] [INFO] Model initialized on device: cuda:0
[2025-07-18 20:44:00,475] [INFO] Model initialized on device: cuda:0
[2025-07-18 20:44:01,298] [INFO] Model initialized on device: cuda:0
[2025-07-18 20:44:02,400] [INFO] Model initialized on device: cuda:0
[2025-07-18 20:44:02,879] [INFO] Model initialized on device: cuda:0
[2025-07-18 20:44:03,007] [INFO] Model initialized on device: cuda:0
[2025-07-18 20:44:03,112] [INFO] Model initialized on device: cuda:0
[2025-07-18 20:44:03,276] [INFO] Model initialized on device: cuda:0
[2025-07-18 20:44:03,289] [INFO] Model initialized on device: cuda:0
[2025-07-18 20:44:08,682] [DEBUG] [TEST] Batch 1 | Pred shape: torch.Size([256, 256, 160]) | Label shape: torch.Size([256, 256, 160])
[2025-07-18 20:44:08,778] [DEBUG] [TEST] Batch 2 | Pred shape: torch.Size([256, 256, 160]) | Label shape: torch.Size([256, 256, 160])
[2025-07-18 20:44:08,881] [DEBUG] [TEST] Batch 3 | Pred shape: torch.Size([256, 256, 160]) | Label shape: torch.Size([256, 256, 160])
[2025-07-18 20:44:11,271] [DEBUG] [TEST] Batch 4 | Pred shape: torch.Size([256, 256, 160]) | Label shape: torch.Size([256, 256, 160])
[2025-07-18 20:44:11,380] [DEBUG] [TEST] Batch 5 | Pred shape: torch.Size([256, 256, 160]) | Label shape: torch.Size([256, 256, 160])
[2025-07-18 20:44:11,770] [DEBUG] [TEST] Batch 6 | Pred shape: torch.Size([256, 256, 160]) | Label shape: torch.Size([256, 256, 160])
[2025-07-18 20:44:12,074] [DEBUG] [TEST] Batch 7 | Pred shape: torch.Size([256, 256, 160]) | Label shape: torch.Size([256, 256, 160])
[2025-07-18 20:44:12,308] [DEBUG] [TEST] Batch 8 | Pred shape: torch.Size([256, 256, 160]) | Label shape: torch.Size([256, 256, 160])
[2025-07-18 20:44:12,479] [DEBUG] [TEST] Batch 9 | Pred shape: torch.Size([256, 256, 160]) | Label shape: torch.Size([256, 256, 160])
[2025-07-18 20:44:12,597] [DEBUG] [TEST] Batch 10 | Pred shape: torch.Size([256, 256, 160]) | Label shape: torch.Size([256, 256, 160])
[2025-07-18 20:44:13,780] [DEBUG] [TEST] Batch 11 | Pred shape: torch.Size([256, 256, 160]) | Label shape: torch.Size([256, 256, 160])
[2025-07-18 20:44:13,879] [DEBUG] [TEST] Batch 12 | Pred shape: torch.Size([256, 256, 160]) | Label shape: torch.Size([256, 256, 160])
[2025-07-18 20:44:14,108] [DEBUG] [TEST] Batch 13 | Pred shape: torch.Size([256, 256, 160]) | Label shape: torch.Size([256, 256, 160])
[2025-07-18 20:44:15,822] [DEBUG] [TEST] Batch 14 | Pred shape: torch.Size([256, 256, 160]) | Label shape: torch.Size([256, 256, 160])
[2025-07-18 20:44:16,002] [DEBUG] [TEST] Batch 15 | Pred shape: torch.Size([256, 256, 160]) | Label shape: torch.Size([256, 256, 160])
[2025-07-18 20:44:16,186] [DEBUG] [TEST] Batch 16 | Pred shape: torch.Size([256, 256, 160]) | Label shape: torch.Size([256, 256, 160])
[2025-07-18 20:44:23,370] [INFO] [FIT] Final model saved to: Run_UNET_R2Non-IID30%_fedWSOcompC32_20250718/Client3/model_final.pth
[2025-07-18 20:52:23,691] [INFO] [EVALUATE] Starting evaluation...
[2025-07-18 20:52:27,679] [INFO] [DEBUG] Loaded compressed decoded weights.
[2025-07-18 20:53:37,006] [INFO] Model initialized on device: cuda:0
[2025-07-18 20:53:37,284] [INFO] Model initialized on device: cuda:0
[2025-07-18 20:53:37,482] [INFO] Model initialized on device: cuda:0
[2025-07-18 20:53:37,778] [INFO] Model initialized on device: cuda:0
[2025-07-18 20:53:37,872] [INFO] Model initialized on device: cuda:0
[2025-07-18 20:53:37,872] [INFO] Model initialized on device: cuda:0
[2025-07-18 20:53:37,886] [INFO] Model initialized on device: cuda:0
[2025-07-18 20:53:38,178] [INFO] Model initialized on device: cuda:0
[2025-07-18 20:53:38,293] [INFO] Model initialized on device: cuda:0
[2025-07-18 20:53:38,396] [INFO] Model initialized on device: cuda:0
[2025-07-18 20:53:45,277] [DEBUG] [TEST] Batch 1 | Pred shape: torch.Size([256, 256, 160]) | Label shape: torch.Size([256, 256, 160])
[2025-07-18 20:53:45,592] [DEBUG] [TEST] Batch 2 | Pred shape: torch.Size([256, 256, 160]) | Label shape: torch.Size([256, 256, 160])
[2025-07-18 20:53:46,106] [DEBUG] [TEST] Batch 3 | Pred shape: torch.Size([256, 256, 160]) | Label shape: torch.Size([256, 256, 160])
[2025-07-18 20:53:46,674] [DEBUG] [TEST] Batch 4 | Pred shape: torch.Size([256, 256, 160]) | Label shape: torch.Size([256, 256, 160])
[2025-07-18 20:53:46,870] [DEBUG] [TEST] Batch 5 | Pred shape: torch.Size([256, 256, 160]) | Label shape: torch.Size([256, 256, 160])
[2025-07-18 20:53:47,076] [DEBUG] [TEST] Batch 6 | Pred shape: torch.Size([256, 256, 160]) | Label shape: torch.Size([256, 256, 160])
[2025-07-18 20:53:47,290] [DEBUG] [TEST] Batch 7 | Pred shape: torch.Size([256, 256, 160]) | Label shape: torch.Size([256, 256, 160])
[2025-07-18 20:53:47,509] [DEBUG] [TEST] Batch 8 | Pred shape: torch.Size([256, 256, 160]) | Label shape: torch.Size([256, 256, 160])
[2025-07-18 20:53:47,783] [DEBUG] [TEST] Batch 9 | Pred shape: torch.Size([256, 256, 160]) | Label shape: torch.Size([256, 256, 160])
[2025-07-18 20:53:47,991] [DEBUG] [TEST] Batch 10 | Pred shape: torch.Size([256, 256, 160]) | Label shape: torch.Size([256, 256, 160])
[2025-07-18 20:53:50,371] [DEBUG] [TEST] Batch 11 | Pred shape: torch.Size([256, 256, 160]) | Label shape: torch.Size([256, 256, 160])
[2025-07-18 20:53:50,678] [DEBUG] [TEST] Batch 12 | Pred shape: torch.Size([256, 256, 160]) | Label shape: torch.Size([256, 256, 160])
[2025-07-18 20:53:50,778] [DEBUG] [TEST] Batch 13 | Pred shape: torch.Size([256, 256, 160]) | Label shape: torch.Size([256, 256, 160])
[2025-07-18 20:53:51,070] [DEBUG] [TEST] Batch 14 | Pred shape: torch.Size([256, 256, 160]) | Label shape: torch.Size([256, 256, 160])
[2025-07-18 20:53:51,295] [DEBUG] [TEST] Batch 15 | Pred shape: torch.Size([256, 256, 160]) | Label shape: torch.Size([256, 256, 160])
[2025-07-18 20:53:51,596] [DEBUG] [TEST] Batch 16 | Pred shape: torch.Size([256, 256, 160]) | Label shape: torch.Size([256, 256, 160])
[2025-07-18 20:53:59,735] [INFO] [EVALUATE] Dice WT: 0.8587
[2025-07-18 20:54:07,791] [INFO] [FIT] Received parameters. Starting local training...
[2025-07-18 20:54:10,791] [INFO] [DEBUG] Loaded compressed decoded weights.
[2025-07-18 20:55:21,949] [INFO] Model initialized on device: cuda:0
[2025-07-18 20:55:22,532] [INFO] Model initialized on device: cuda:0
[2025-07-18 20:55:22,534] [INFO] Model initialized on device: cuda:0
[2025-07-18 20:55:23,500] [INFO] Model initialized on device: cuda:0
[2025-07-18 20:55:23,501] [INFO] Model initialized on device: cuda:0
[2025-07-18 20:55:23,505] [INFO] Model initialized on device: cuda:0
[2025-07-18 20:55:23,688] [INFO] Model initialized on device: cuda:0
[2025-07-18 20:55:23,692] [INFO] Model initialized on device: cuda:0
[2025-07-18 20:55:23,701] [INFO] Model initialized on device: cuda:0
[2025-07-18 20:55:23,793] [INFO] Model initialized on device: cuda:0
[2025-07-18 20:57:21,200] [INFO] [TRAIN] Epoch 1 Loss: 0.1518
[2025-07-18 20:58:10,693] [INFO] Model initialized on device: cuda:0
[2025-07-18 20:58:15,578] [INFO] Model initialized on device: cuda:0
[2025-07-18 20:58:16,770] [INFO] Model initialized on device: cuda:0
[2025-07-18 20:58:16,802] [INFO] Model initialized on device: cuda:0
[2025-07-18 20:58:16,805] [INFO] Model initialized on device: cuda:0
[2025-07-18 20:58:16,879] [INFO] Model initialized on device: cuda:0
[2025-07-18 20:58:16,879] [INFO] Model initialized on device: cuda:0
[2025-07-18 20:58:16,881] [INFO] Model initialized on device: cuda:0
[2025-07-18 20:58:16,887] [INFO] Model initialized on device: cuda:0
[2025-07-18 20:58:16,887] [INFO] Model initialized on device: cuda:0
[2025-07-18 21:00:02,073] [INFO] [TRAIN] Epoch 2 Loss: 0.1339
[2025-07-18 21:00:46,276] [INFO] Model initialized on device: cuda:0
[2025-07-18 21:00:46,376] [INFO] Model initialized on device: cuda:0
[2025-07-18 21:00:46,873] [INFO] Model initialized on device: cuda:0
[2025-07-18 21:00:46,875] [INFO] Model initialized on device: cuda:0
[2025-07-18 21:00:46,882] [INFO] Model initialized on device: cuda:0
[2025-07-18 21:00:46,979] [INFO] Model initialized on device: cuda:0
[2025-07-18 21:00:46,979] [INFO] Model initialized on device: cuda:0
[2025-07-18 21:00:47,074] [INFO] Model initialized on device: cuda:0
[2025-07-18 21:00:47,074] [INFO] Model initialized on device: cuda:0
[2025-07-18 21:00:47,078] [INFO] Model initialized on device: cuda:0
[2025-07-18 21:02:32,679] [INFO] [TRAIN] Epoch 3 Loss: 0.1298
[2025-07-18 21:03:21,473] [INFO] Model initialized on device: cuda:0
[2025-07-18 21:03:21,682] [INFO] Model initialized on device: cuda:0
[2025-07-18 21:03:21,704] [INFO] Model initialized on device: cuda:0
[2025-07-18 21:03:22,002] [INFO] Model initialized on device: cuda:0
[2025-07-18 21:03:22,295] [INFO] Model initialized on device: cuda:0
[2025-07-18 21:03:22,297] [INFO] Model initialized on device: cuda:0
[2025-07-18 21:03:22,300] [INFO] Model initialized on device: cuda:0
[2025-07-18 21:03:22,302] [INFO] Model initialized on device: cuda:0
[2025-07-18 21:03:22,381] [INFO] Model initialized on device: cuda:0
[2025-07-18 21:03:22,387] [INFO] Model initialized on device: cuda:0
[2025-07-18 21:05:10,217] [INFO] [TRAIN] Epoch 4 Loss: 0.1236
[2025-07-18 21:05:54,183] [INFO] Model initialized on device: cuda:0
[2025-07-18 21:05:56,194] [INFO] Model initialized on device: cuda:0
[2025-07-18 21:05:56,195] [INFO] Model initialized on device: cuda:0
[2025-07-18 21:05:56,377] [INFO] Model initialized on device: cuda:0
[2025-07-18 21:05:56,490] [INFO] Model initialized on device: cuda:0
[2025-07-18 21:05:56,875] [INFO] Model initialized on device: cuda:0
[2025-07-18 21:05:56,875] [INFO] Model initialized on device: cuda:0
[2025-07-18 21:05:56,877] [INFO] Model initialized on device: cuda:0
[2025-07-18 21:05:56,899] [INFO] Model initialized on device: cuda:0
[2025-07-18 21:05:56,998] [INFO] Model initialized on device: cuda:0
[2025-07-18 21:07:41,816] [INFO] [TRAIN] Epoch 5 Loss: 0.1254
[2025-07-18 21:07:41,871] [INFO] [FIT] Local training finished. Avg Loss: 0.1329
[2025-07-18 21:08:26,370] [INFO] Model initialized on device: cuda:0
[2025-07-18 21:08:26,374] [INFO] Model initialized on device: cuda:0
[2025-07-18 21:08:26,610] [INFO] Model initialized on device: cuda:0
[2025-07-18 21:08:27,278] [INFO] Model initialized on device: cuda:0
[2025-07-18 21:08:30,270] [INFO] Model initialized on device: cuda:0
[2025-07-18 21:08:30,279] [INFO] Model initialized on device: cuda:0
[2025-07-18 21:08:30,775] [INFO] Model initialized on device: cuda:0
[2025-07-18 21:08:30,784] [INFO] Model initialized on device: cuda:0
[2025-07-18 21:08:30,793] [INFO] Model initialized on device: cuda:0
[2025-07-18 21:08:30,795] [INFO] Model initialized on device: cuda:0
[2025-07-18 21:08:38,411] [DEBUG] [TEST] Batch 1 | Pred shape: torch.Size([256, 256, 160]) | Label shape: torch.Size([256, 256, 160])
[2025-07-18 21:08:38,581] [DEBUG] [TEST] Batch 2 | Pred shape: torch.Size([256, 256, 160]) | Label shape: torch.Size([256, 256, 160])
[2025-07-18 21:08:38,677] [DEBUG] [TEST] Batch 3 | Pred shape: torch.Size([256, 256, 160]) | Label shape: torch.Size([256, 256, 160])
[2025-07-18 21:08:38,792] [DEBUG] [TEST] Batch 4 | Pred shape: torch.Size([256, 256, 160]) | Label shape: torch.Size([256, 256, 160])
[2025-07-18 21:08:38,880] [DEBUG] [TEST] Batch 5 | Pred shape: torch.Size([256, 256, 160]) | Label shape: torch.Size([256, 256, 160])
[2025-07-18 21:08:39,277] [DEBUG] [TEST] Batch 6 | Pred shape: torch.Size([256, 256, 160]) | Label shape: torch.Size([256, 256, 160])
[2025-07-18 21:08:39,397] [DEBUG] [TEST] Batch 7 | Pred shape: torch.Size([256, 256, 160]) | Label shape: torch.Size([256, 256, 160])
[2025-07-18 21:08:39,480] [DEBUG] [TEST] Batch 8 | Pred shape: torch.Size([256, 256, 160]) | Label shape: torch.Size([256, 256, 160])
[2025-07-18 21:08:39,577] [DEBUG] [TEST] Batch 9 | Pred shape: torch.Size([256, 256, 160]) | Label shape: torch.Size([256, 256, 160])
[2025-07-18 21:08:39,677] [DEBUG] [TEST] Batch 10 | Pred shape: torch.Size([256, 256, 160]) | Label shape: torch.Size([256, 256, 160])
[2025-07-18 21:08:42,975] [DEBUG] [TEST] Batch 11 | Pred shape: torch.Size([256, 256, 160]) | Label shape: torch.Size([256, 256, 160])
[2025-07-18 21:08:43,077] [DEBUG] [TEST] Batch 12 | Pred shape: torch.Size([256, 256, 160]) | Label shape: torch.Size([256, 256, 160])
[2025-07-18 21:08:43,723] [DEBUG] [TEST] Batch 13 | Pred shape: torch.Size([256, 256, 160]) | Label shape: torch.Size([256, 256, 160])
[2025-07-18 21:08:43,910] [DEBUG] [TEST] Batch 14 | Pred shape: torch.Size([256, 256, 160]) | Label shape: torch.Size([256, 256, 160])
[2025-07-18 21:08:44,105] [DEBUG] [TEST] Batch 15 | Pred shape: torch.Size([256, 256, 160]) | Label shape: torch.Size([256, 256, 160])
[2025-07-18 21:08:44,313] [DEBUG] [TEST] Batch 16 | Pred shape: torch.Size([256, 256, 160]) | Label shape: torch.Size([256, 256, 160])
[2025-07-18 21:08:51,370] [INFO] [FIT] Final model saved to: Run_UNET_R2Non-IID30%_fedWSOcompC32_20250718/Client3/model_final.pth
[2025-07-18 21:16:54,287] [INFO] [EVALUATE] Starting evaluation...
[2025-07-18 21:16:59,077] [INFO] [DEBUG] Loaded compressed decoded weights.
[2025-07-18 21:18:05,255] [INFO] Model initialized on device: cuda:0
[2025-07-18 21:18:08,012] [INFO] Model initialized on device: cuda:0
[2025-07-18 21:18:08,261] [INFO] Model initialized on device: cuda:0
[2025-07-18 21:18:08,316] [INFO] Model initialized on device: cuda:0
[2025-07-18 21:18:08,793] [INFO] Model initialized on device: cuda:0
[2025-07-18 21:18:09,175] [INFO] Model initialized on device: cuda:0
[2025-07-18 21:18:09,382] [INFO] Model initialized on device: cuda:0
[2025-07-18 21:18:09,394] [INFO] Model initialized on device: cuda:0
[2025-07-18 21:18:09,400] [INFO] Model initialized on device: cuda:0
[2025-07-18 21:18:09,610] [INFO] Model initialized on device: cuda:0
[2025-07-18 21:18:17,080] [DEBUG] [TEST] Batch 1 | Pred shape: torch.Size([256, 256, 160]) | Label shape: torch.Size([256, 256, 160])
[2025-07-18 21:18:17,188] [DEBUG] [TEST] Batch 2 | Pred shape: torch.Size([256, 256, 160]) | Label shape: torch.Size([256, 256, 160])
[2025-07-18 21:18:17,287] [DEBUG] [TEST] Batch 3 | Pred shape: torch.Size([256, 256, 160]) | Label shape: torch.Size([256, 256, 160])
[2025-07-18 21:18:17,380] [DEBUG] [TEST] Batch 4 | Pred shape: torch.Size([256, 256, 160]) | Label shape: torch.Size([256, 256, 160])
[2025-07-18 21:18:17,579] [DEBUG] [TEST] Batch 5 | Pred shape: torch.Size([256, 256, 160]) | Label shape: torch.Size([256, 256, 160])
[2025-07-18 21:18:17,680] [DEBUG] [TEST] Batch 6 | Pred shape: torch.Size([256, 256, 160]) | Label shape: torch.Size([256, 256, 160])
[2025-07-18 21:18:17,873] [DEBUG] [TEST] Batch 7 | Pred shape: torch.Size([256, 256, 160]) | Label shape: torch.Size([256, 256, 160])
[2025-07-18 21:18:18,082] [DEBUG] [TEST] Batch 8 | Pred shape: torch.Size([256, 256, 160]) | Label shape: torch.Size([256, 256, 160])
[2025-07-18 21:18:18,180] [DEBUG] [TEST] Batch 9 | Pred shape: torch.Size([256, 256, 160]) | Label shape: torch.Size([256, 256, 160])
[2025-07-18 21:18:18,376] [DEBUG] [TEST] Batch 10 | Pred shape: torch.Size([256, 256, 160]) | Label shape: torch.Size([256, 256, 160])
[2025-07-18 21:18:22,311] [DEBUG] [TEST] Batch 11 | Pred shape: torch.Size([256, 256, 160]) | Label shape: torch.Size([256, 256, 160])
[2025-07-18 21:18:22,378] [DEBUG] [TEST] Batch 12 | Pred shape: torch.Size([256, 256, 160]) | Label shape: torch.Size([256, 256, 160])
[2025-07-18 21:18:22,521] [DEBUG] [TEST] Batch 13 | Pred shape: torch.Size([256, 256, 160]) | Label shape: torch.Size([256, 256, 160])
[2025-07-18 21:18:22,678] [DEBUG] [TEST] Batch 14 | Pred shape: torch.Size([256, 256, 160]) | Label shape: torch.Size([256, 256, 160])
[2025-07-18 21:18:22,778] [DEBUG] [TEST] Batch 15 | Pred shape: torch.Size([256, 256, 160]) | Label shape: torch.Size([256, 256, 160])
[2025-07-18 21:18:22,894] [DEBUG] [TEST] Batch 16 | Pred shape: torch.Size([256, 256, 160]) | Label shape: torch.Size([256, 256, 160])
[2025-07-18 21:18:31,970] [INFO] [EVALUATE] Dice WT: 0.9105
[2025-07-18 21:18:42,846] [INFO] [FIT] Received parameters. Starting local training...
[2025-07-18 21:18:45,873] [INFO] [DEBUG] Loaded compressed decoded weights.
[2025-07-18 21:19:56,806] [INFO] Model initialized on device: cuda:0
[2025-07-18 21:19:57,004] [INFO] Model initialized on device: cuda:0
[2025-07-18 21:19:57,179] [INFO] Model initialized on device: cuda:0
[2025-07-18 21:19:57,899] [INFO] Model initialized on device: cuda:0
[2025-07-18 21:19:58,080] [INFO] Model initialized on device: cuda:0
[2025-07-18 21:19:58,182] [INFO] Model initialized on device: cuda:0
[2025-07-18 21:19:58,208] [INFO] Model initialized on device: cuda:0
[2025-07-18 21:19:58,270] [INFO] Model initialized on device: cuda:0
[2025-07-18 21:19:58,273] [INFO] Model initialized on device: cuda:0
[2025-07-18 21:19:58,294] [INFO] Model initialized on device: cuda:0
[2025-07-18 21:21:56,477] [INFO] [TRAIN] Epoch 1 Loss: 0.1503
[2025-07-18 21:22:48,199] [INFO] Model initialized on device: cuda:0
[2025-07-18 21:22:48,702] [INFO] Model initialized on device: cuda:0
[2025-07-18 21:22:49,278] [INFO] Model initialized on device: cuda:0
[2025-07-18 21:22:51,182] [INFO] Model initialized on device: cuda:0
[2025-07-18 21:22:51,601] [INFO] Model initialized on device: cuda:0
[2025-07-18 21:22:51,799] [INFO] Model initialized on device: cuda:0
[2025-07-18 21:22:51,878] [INFO] Model initialized on device: cuda:0
[2025-07-18 21:22:51,982] [INFO] Model initialized on device: cuda:0
[2025-07-18 21:22:51,982] [INFO] Model initialized on device: cuda:0
[2025-07-18 21:22:51,999] [INFO] Model initialized on device: cuda:0
[2025-07-18 21:24:39,102] [INFO] [TRAIN] Epoch 2 Loss: 0.1332
[2025-07-18 21:25:17,905] [INFO] Model initialized on device: cuda:0
[2025-07-18 21:25:23,183] [INFO] Model initialized on device: cuda:0
[2025-07-18 21:25:23,875] [INFO] Model initialized on device: cuda:0
[2025-07-18 21:25:23,984] [INFO] Model initialized on device: cuda:0
[2025-07-18 21:25:23,989] [INFO] Model initialized on device: cuda:0
[2025-07-18 21:25:23,991] [INFO] Model initialized on device: cuda:0
[2025-07-18 21:25:24,090] [INFO] Model initialized on device: cuda:0
[2025-07-18 21:25:24,099] [INFO] Model initialized on device: cuda:0
[2025-07-18 21:25:24,104] [INFO] Model initialized on device: cuda:0
[2025-07-18 21:25:24,104] [INFO] Model initialized on device: cuda:0
[2025-07-18 21:27:04,804] [INFO] [TRAIN] Epoch 3 Loss: 0.1283
[2025-07-18 21:27:52,670] [INFO] Model initialized on device: cuda:0
[2025-07-18 21:27:52,882] [INFO] Model initialized on device: cuda:0
[2025-07-18 21:27:52,883] [INFO] Model initialized on device: cuda:0
[2025-07-18 21:27:53,693] [INFO] Model initialized on device: cuda:0
[2025-07-18 21:27:53,801] [INFO] Model initialized on device: cuda:0
[2025-07-18 21:27:53,803] [INFO] Model initialized on device: cuda:0
[2025-07-18 21:27:53,876] [INFO] Model initialized on device: cuda:0
[2025-07-18 21:27:53,882] [INFO] Model initialized on device: cuda:0
[2025-07-18 21:27:53,885] [INFO] Model initialized on device: cuda:0
[2025-07-18 21:27:53,983] [INFO] Model initialized on device: cuda:0
[2025-07-18 21:29:40,680] [INFO] [TRAIN] Epoch 4 Loss: 0.1193
[2025-07-18 21:30:15,798] [INFO] Model initialized on device: cuda:0
[2025-07-18 21:30:18,183] [INFO] Model initialized on device: cuda:0
[2025-07-18 21:30:22,895] [INFO] Model initialized on device: cuda:0
[2025-07-18 21:30:25,078] [INFO] Model initialized on device: cuda:0
[2025-07-18 21:30:25,884] [INFO] Model initialized on device: cuda:0
[2025-07-18 21:30:26,394] [INFO] Model initialized on device: cuda:0
[2025-07-18 21:30:26,399] [INFO] Model initialized on device: cuda:0
[2025-07-18 21:30:26,876] [INFO] Model initialized on device: cuda:0
[2025-07-18 21:30:26,906] [INFO] Model initialized on device: cuda:0
[2025-07-18 21:30:27,380] [INFO] Model initialized on device: cuda:0
[2025-07-18 21:32:09,876] [INFO] [TRAIN] Epoch 5 Loss: 0.1159
[2025-07-18 21:32:09,877] [INFO] [FIT] Local training finished. Avg Loss: 0.1294
[2025-07-18 21:32:52,980] [INFO] Model initialized on device: cuda:0
[2025-07-18 21:32:54,324] [INFO] Model initialized on device: cuda:0
[2025-07-18 21:32:54,880] [INFO] Model initialized on device: cuda:0
[2025-07-18 21:32:55,170] [INFO] Model initialized on device: cuda:0
[2025-07-18 21:32:55,182] [INFO] Model initialized on device: cuda:0
[2025-07-18 21:32:55,209] [INFO] Model initialized on device: cuda:0
[2025-07-18 21:32:55,273] [INFO] Model initialized on device: cuda:0
[2025-07-18 21:32:55,288] [INFO] Model initialized on device: cuda:0
[2025-07-18 21:32:55,298] [INFO] Model initialized on device: cuda:0
[2025-07-18 21:32:55,299] [INFO] Model initialized on device: cuda:0
[2025-07-18 21:33:01,678] [DEBUG] [TEST] Batch 1 | Pred shape: torch.Size([256, 256, 160]) | Label shape: torch.Size([256, 256, 160])
[2025-07-18 21:33:01,777] [DEBUG] [TEST] Batch 2 | Pred shape: torch.Size([256, 256, 160]) | Label shape: torch.Size([256, 256, 160])
[2025-07-18 21:33:01,879] [DEBUG] [TEST] Batch 3 | Pred shape: torch.Size([256, 256, 160]) | Label shape: torch.Size([256, 256, 160])
[2025-07-18 21:33:02,076] [DEBUG] [TEST] Batch 4 | Pred shape: torch.Size([256, 256, 160]) | Label shape: torch.Size([256, 256, 160])
[2025-07-18 21:33:02,280] [DEBUG] [TEST] Batch 5 | Pred shape: torch.Size([256, 256, 160]) | Label shape: torch.Size([256, 256, 160])
[2025-07-18 21:33:02,478] [DEBUG] [TEST] Batch 6 | Pred shape: torch.Size([256, 256, 160]) | Label shape: torch.Size([256, 256, 160])
[2025-07-18 21:33:02,616] [DEBUG] [TEST] Batch 7 | Pred shape: torch.Size([256, 256, 160]) | Label shape: torch.Size([256, 256, 160])
[2025-07-18 21:33:02,892] [DEBUG] [TEST] Batch 8 | Pred shape: torch.Size([256, 256, 160]) | Label shape: torch.Size([256, 256, 160])
[2025-07-18 21:33:03,074] [DEBUG] [TEST] Batch 9 | Pred shape: torch.Size([256, 256, 160]) | Label shape: torch.Size([256, 256, 160])
[2025-07-18 21:33:03,272] [DEBUG] [TEST] Batch 10 | Pred shape: torch.Size([256, 256, 160]) | Label shape: torch.Size([256, 256, 160])
[2025-07-18 21:33:06,033] [DEBUG] [TEST] Batch 11 | Pred shape: torch.Size([256, 256, 160]) | Label shape: torch.Size([256, 256, 160])
[2025-07-18 21:33:06,210] [DEBUG] [TEST] Batch 12 | Pred shape: torch.Size([256, 256, 160]) | Label shape: torch.Size([256, 256, 160])
[2025-07-18 21:33:06,276] [DEBUG] [TEST] Batch 13 | Pred shape: torch.Size([256, 256, 160]) | Label shape: torch.Size([256, 256, 160])
[2025-07-18 21:33:06,332] [DEBUG] [TEST] Batch 14 | Pred shape: torch.Size([256, 256, 160]) | Label shape: torch.Size([256, 256, 160])
[2025-07-18 21:33:06,418] [DEBUG] [TEST] Batch 15 | Pred shape: torch.Size([256, 256, 160]) | Label shape: torch.Size([256, 256, 160])
[2025-07-18 21:33:06,477] [DEBUG] [TEST] Batch 16 | Pred shape: torch.Size([256, 256, 160]) | Label shape: torch.Size([256, 256, 160])
[2025-07-18 21:33:12,402] [INFO] [FIT] Final model saved to: Run_UNET_R2Non-IID30%_fedWSOcompC32_20250718/Client3/model_final.pth
[2025-07-18 21:41:22,697] [INFO] [EVALUATE] Starting evaluation...
[2025-07-18 21:41:28,276] [INFO] [DEBUG] Loaded compressed decoded weights.
[2025-07-18 21:42:33,409] [INFO] Model initialized on device: cuda:0
[2025-07-18 21:42:37,142] [INFO] Model initialized on device: cuda:0
[2025-07-18 21:42:37,388] [INFO] Model initialized on device: cuda:0
[2025-07-18 21:42:37,479] [INFO] Model initialized on device: cuda:0
[2025-07-18 21:42:37,519] [INFO] Model initialized on device: cuda:0
[2025-07-18 21:42:37,793] [INFO] Model initialized on device: cuda:0
[2025-07-18 21:42:38,201] [INFO] Model initialized on device: cuda:0
[2025-07-18 21:42:38,205] [INFO] Model initialized on device: cuda:0
[2025-07-18 21:42:38,377] [INFO] Model initialized on device: cuda:0
[2025-07-18 21:42:38,397] [INFO] Model initialized on device: cuda:0
[2025-07-18 21:42:47,405] [DEBUG] [TEST] Batch 1 | Pred shape: torch.Size([256, 256, 160]) | Label shape: torch.Size([256, 256, 160])
[2025-07-18 21:42:47,700] [DEBUG] [TEST] Batch 2 | Pred shape: torch.Size([256, 256, 160]) | Label shape: torch.Size([256, 256, 160])
[2025-07-18 21:42:47,999] [DEBUG] [TEST] Batch 3 | Pred shape: torch.Size([256, 256, 160]) | Label shape: torch.Size([256, 256, 160])
[2025-07-18 21:42:48,300] [DEBUG] [TEST] Batch 4 | Pred shape: torch.Size([256, 256, 160]) | Label shape: torch.Size([256, 256, 160])
[2025-07-18 21:42:48,599] [DEBUG] [TEST] Batch 5 | Pred shape: torch.Size([256, 256, 160]) | Label shape: torch.Size([256, 256, 160])
[2025-07-18 21:42:48,883] [DEBUG] [TEST] Batch 6 | Pred shape: torch.Size([256, 256, 160]) | Label shape: torch.Size([256, 256, 160])
[2025-07-18 21:42:48,986] [DEBUG] [TEST] Batch 7 | Pred shape: torch.Size([256, 256, 160]) | Label shape: torch.Size([256, 256, 160])
[2025-07-18 21:42:49,078] [DEBUG] [TEST] Batch 8 | Pred shape: torch.Size([256, 256, 160]) | Label shape: torch.Size([256, 256, 160])
[2025-07-18 21:42:49,182] [DEBUG] [TEST] Batch 9 | Pred shape: torch.Size([256, 256, 160]) | Label shape: torch.Size([256, 256, 160])
[2025-07-18 21:42:49,278] [DEBUG] [TEST] Batch 10 | Pred shape: torch.Size([256, 256, 160]) | Label shape: torch.Size([256, 256, 160])
[2025-07-18 21:42:52,190] [DEBUG] [TEST] Batch 11 | Pred shape: torch.Size([256, 256, 160]) | Label shape: torch.Size([256, 256, 160])
[2025-07-18 21:42:52,488] [DEBUG] [TEST] Batch 12 | Pred shape: torch.Size([256, 256, 160]) | Label shape: torch.Size([256, 256, 160])
[2025-07-18 21:42:52,785] [DEBUG] [TEST] Batch 13 | Pred shape: torch.Size([256, 256, 160]) | Label shape: torch.Size([256, 256, 160])
[2025-07-18 21:42:53,085] [DEBUG] [TEST] Batch 14 | Pred shape: torch.Size([256, 256, 160]) | Label shape: torch.Size([256, 256, 160])
[2025-07-18 21:42:53,207] [DEBUG] [TEST] Batch 15 | Pred shape: torch.Size([256, 256, 160]) | Label shape: torch.Size([256, 256, 160])
[2025-07-18 21:42:53,386] [DEBUG] [TEST] Batch 16 | Pred shape: torch.Size([256, 256, 160]) | Label shape: torch.Size([256, 256, 160])
[2025-07-18 21:43:01,980] [INFO] [EVALUATE] Dice WT: 0.8450
[2025-07-18 21:43:11,459] [INFO] [FIT] Received parameters. Starting local training...
[2025-07-18 21:43:14,470] [INFO] [DEBUG] Loaded compressed decoded weights.
[2025-07-18 21:44:24,483] [INFO] Model initialized on device: cuda:0
[2025-07-18 21:44:27,508] [INFO] Model initialized on device: cuda:0
[2025-07-18 21:44:27,624] [INFO] Model initialized on device: cuda:0
[2025-07-18 21:44:27,917] [INFO] Model initialized on device: cuda:0
[2025-07-18 21:44:28,270] [INFO] Model initialized on device: cuda:0
[2025-07-18 21:44:28,274] [INFO] Model initialized on device: cuda:0
[2025-07-18 21:44:28,374] [INFO] Model initialized on device: cuda:0
[2025-07-18 21:44:28,470] [INFO] Model initialized on device: cuda:0
[2025-07-18 21:44:28,680] [INFO] Model initialized on device: cuda:0
[2025-07-18 21:44:28,778] [INFO] Model initialized on device: cuda:0
[2025-07-18 21:46:19,474] [INFO] [TRAIN] Epoch 1 Loss: 0.1447
[2025-07-18 21:47:21,609] [INFO] Model initialized on device: cuda:0
[2025-07-18 21:47:22,276] [INFO] Model initialized on device: cuda:0
[2025-07-18 21:47:22,977] [INFO] Model initialized on device: cuda:0
[2025-07-18 21:47:24,597] [INFO] Model initialized on device: cuda:0
[2025-07-18 21:47:24,987] [INFO] Model initialized on device: cuda:0
[2025-07-18 21:47:25,177] [INFO] Model initialized on device: cuda:0
[2025-07-18 21:47:25,371] [INFO] Model initialized on device: cuda:0
[2025-07-18 21:47:25,375] [INFO] Model initialized on device: cuda:0
[2025-07-18 21:47:25,377] [INFO] Model initialized on device: cuda:0
[2025-07-18 21:47:25,388] [INFO] Model initialized on device: cuda:0
[2025-07-18 21:49:10,815] [INFO] [TRAIN] Epoch 2 Loss: 0.1295
[2025-07-18 21:49:50,478] [INFO] Model initialized on device: cuda:0
[2025-07-18 21:49:50,599] [INFO] Model initialized on device: cuda:0
[2025-07-18 21:49:51,494] [INFO] Model initialized on device: cuda:0
[2025-07-18 21:49:51,503] [INFO] Model initialized on device: cuda:0
[2025-07-18 21:49:53,685] [INFO] Model initialized on device: cuda:0
[2025-07-18 21:49:55,176] [INFO] Model initialized on device: cuda:0
[2025-07-18 21:49:58,078] [INFO] Model initialized on device: cuda:0
[2025-07-18 21:49:58,179] [INFO] Model initialized on device: cuda:0
[2025-07-18 21:49:58,200] [INFO] Model initialized on device: cuda:0
[2025-07-18 21:49:58,282] [INFO] Model initialized on device: cuda:0
[2025-07-18 21:51:48,079] [INFO] [TRAIN] Epoch 3 Loss: 0.1218
[2025-07-18 21:52:21,678] [INFO] Model initialized on device: cuda:0
[2025-07-18 21:52:26,274] [INFO] Model initialized on device: cuda:0
[2025-07-18 21:52:27,977] [INFO] Model initialized on device: cuda:0
[2025-07-18 21:52:29,587] [INFO] Model initialized on device: cuda:0
[2025-07-18 21:52:32,276] [INFO] Model initialized on device: cuda:0
[2025-07-18 21:52:34,574] [INFO] Model initialized on device: cuda:0
[2025-07-18 21:52:34,673] [INFO] Model initialized on device: cuda:0
[2025-07-18 21:52:34,786] [INFO] Model initialized on device: cuda:0
[2025-07-18 21:52:34,792] [INFO] Model initialized on device: cuda:0
[2025-07-18 21:52:34,903] [INFO] Model initialized on device: cuda:0
[2025-07-18 21:54:24,379] [INFO] [TRAIN] Epoch 4 Loss: 0.1196
[2025-07-18 21:55:14,196] [INFO] Model initialized on device: cuda:0
[2025-07-18 21:55:14,881] [INFO] Model initialized on device: cuda:0
[2025-07-18 21:55:14,895] [INFO] Model initialized on device: cuda:0
[2025-07-18 21:55:15,105] [INFO] Model initialized on device: cuda:0
[2025-07-18 21:55:15,900] [INFO] Model initialized on device: cuda:0
[2025-07-18 21:55:15,919] [INFO] Model initialized on device: cuda:0
[2025-07-18 21:55:15,975] [INFO] Model initialized on device: cuda:0
[2025-07-18 21:55:16,205] [INFO] Model initialized on device: cuda:0
[2025-07-18 21:55:16,276] [INFO] Model initialized on device: cuda:0
[2025-07-18 21:55:16,287] [INFO] Model initialized on device: cuda:0
[2025-07-18 21:57:05,382] [INFO] [TRAIN] Epoch 5 Loss: 0.1154
[2025-07-18 21:57:05,384] [INFO] [FIT] Local training finished. Avg Loss: 0.1262
[2025-07-18 21:57:38,299] [INFO] Model initialized on device: cuda:0
[2025-07-18 21:57:38,574] [INFO] Model initialized on device: cuda:0
[2025-07-18 21:57:42,078] [INFO] Model initialized on device: cuda:0
[2025-07-18 21:57:42,280] [INFO] Model initialized on device: cuda:0
[2025-07-18 21:57:42,489] [INFO] Model initialized on device: cuda:0
[2025-07-18 21:57:44,215] [INFO] Model initialized on device: cuda:0
[2025-07-18 21:57:44,587] [INFO] Model initialized on device: cuda:0
[2025-07-18 21:57:44,870] [INFO] Model initialized on device: cuda:0
[2025-07-18 21:57:44,899] [INFO] Model initialized on device: cuda:0
[2025-07-18 21:57:44,975] [INFO] Model initialized on device: cuda:0
[2025-07-18 21:57:47,573] [DEBUG] [TEST] Batch 1 | Pred shape: torch.Size([256, 256, 160]) | Label shape: torch.Size([256, 256, 160])
[2025-07-18 21:57:47,773] [DEBUG] [TEST] Batch 2 | Pred shape: torch.Size([256, 256, 160]) | Label shape: torch.Size([256, 256, 160])
[2025-07-18 21:57:49,727] [DEBUG] [TEST] Batch 3 | Pred shape: torch.Size([256, 256, 160]) | Label shape: torch.Size([256, 256, 160])
[2025-07-18 21:57:49,905] [DEBUG] [TEST] Batch 4 | Pred shape: torch.Size([256, 256, 160]) | Label shape: torch.Size([256, 256, 160])
[2025-07-18 21:57:49,980] [DEBUG] [TEST] Batch 5 | Pred shape: torch.Size([256, 256, 160]) | Label shape: torch.Size([256, 256, 160])
[2025-07-18 21:57:50,042] [DEBUG] [TEST] Batch 6 | Pred shape: torch.Size([256, 256, 160]) | Label shape: torch.Size([256, 256, 160])
[2025-07-18 21:57:50,119] [DEBUG] [TEST] Batch 7 | Pred shape: torch.Size([256, 256, 160]) | Label shape: torch.Size([256, 256, 160])
[2025-07-18 21:57:50,176] [DEBUG] [TEST] Batch 8 | Pred shape: torch.Size([256, 256, 160]) | Label shape: torch.Size([256, 256, 160])
[2025-07-18 21:57:50,235] [DEBUG] [TEST] Batch 9 | Pred shape: torch.Size([256, 256, 160]) | Label shape: torch.Size([256, 256, 160])
[2025-07-18 21:57:50,319] [DEBUG] [TEST] Batch 10 | Pred shape: torch.Size([256, 256, 160]) | Label shape: torch.Size([256, 256, 160])
[2025-07-18 21:57:51,621] [DEBUG] [TEST] Batch 11 | Pred shape: torch.Size([256, 256, 160]) | Label shape: torch.Size([256, 256, 160])
[2025-07-18 21:57:51,776] [DEBUG] [TEST] Batch 12 | Pred shape: torch.Size([256, 256, 160]) | Label shape: torch.Size([256, 256, 160])
[2025-07-18 21:57:53,232] [DEBUG] [TEST] Batch 13 | Pred shape: torch.Size([256, 256, 160]) | Label shape: torch.Size([256, 256, 160])
[2025-07-18 21:57:53,380] [DEBUG] [TEST] Batch 14 | Pred shape: torch.Size([256, 256, 160]) | Label shape: torch.Size([256, 256, 160])
[2025-07-18 21:57:53,478] [DEBUG] [TEST] Batch 15 | Pred shape: torch.Size([256, 256, 160]) | Label shape: torch.Size([256, 256, 160])
[2025-07-18 21:57:53,537] [DEBUG] [TEST] Batch 16 | Pred shape: torch.Size([256, 256, 160]) | Label shape: torch.Size([256, 256, 160])
[2025-07-18 21:57:58,664] [INFO] [FIT] Final model saved to: Run_UNET_R2Non-IID30%_fedWSOcompC32_20250718/Client3/model_final.pth
[2025-07-18 22:05:47,368] [INFO] [EVALUATE] Starting evaluation...
[2025-07-18 22:05:50,074] [INFO] [DEBUG] Loaded compressed decoded weights.
[2025-07-18 22:07:02,478] [INFO] Model initialized on device: cuda:0
[2025-07-18 22:07:02,666] [INFO] Model initialized on device: cuda:0
[2025-07-18 22:07:03,204] [INFO] Model initialized on device: cuda:0
[2025-07-18 22:07:03,880] [INFO] Model initialized on device: cuda:0
[2025-07-18 22:07:03,897] [INFO] Model initialized on device: cuda:0
[2025-07-18 22:07:04,085] [INFO] Model initialized on device: cuda:0
[2025-07-18 22:07:04,093] [INFO] Model initialized on device: cuda:0
[2025-07-18 22:07:04,095] [INFO] Model initialized on device: cuda:0
[2025-07-18 22:07:04,104] [INFO] Model initialized on device: cuda:0
[2025-07-18 22:07:04,178] [INFO] Model initialized on device: cuda:0
[2025-07-18 22:07:12,878] [DEBUG] [TEST] Batch 1 | Pred shape: torch.Size([256, 256, 160]) | Label shape: torch.Size([256, 256, 160])
[2025-07-18 22:07:13,083] [DEBUG] [TEST] Batch 2 | Pred shape: torch.Size([256, 256, 160]) | Label shape: torch.Size([256, 256, 160])
[2025-07-18 22:07:13,281] [DEBUG] [TEST] Batch 3 | Pred shape: torch.Size([256, 256, 160]) | Label shape: torch.Size([256, 256, 160])
[2025-07-18 22:07:13,413] [DEBUG] [TEST] Batch 4 | Pred shape: torch.Size([256, 256, 160]) | Label shape: torch.Size([256, 256, 160])
[2025-07-18 22:07:13,585] [DEBUG] [TEST] Batch 5 | Pred shape: torch.Size([256, 256, 160]) | Label shape: torch.Size([256, 256, 160])
[2025-07-18 22:07:13,787] [DEBUG] [TEST] Batch 6 | Pred shape: torch.Size([256, 256, 160]) | Label shape: torch.Size([256, 256, 160])
[2025-07-18 22:07:14,080] [DEBUG] [TEST] Batch 7 | Pred shape: torch.Size([256, 256, 160]) | Label shape: torch.Size([256, 256, 160])
[2025-07-18 22:07:14,288] [DEBUG] [TEST] Batch 8 | Pred shape: torch.Size([256, 256, 160]) | Label shape: torch.Size([256, 256, 160])
[2025-07-18 22:07:14,490] [DEBUG] [TEST] Batch 9 | Pred shape: torch.Size([256, 256, 160]) | Label shape: torch.Size([256, 256, 160])
[2025-07-18 22:07:14,796] [DEBUG] [TEST] Batch 10 | Pred shape: torch.Size([256, 256, 160]) | Label shape: torch.Size([256, 256, 160])
[2025-07-18 22:07:17,975] [DEBUG] [TEST] Batch 11 | Pred shape: torch.Size([256, 256, 160]) | Label shape: torch.Size([256, 256, 160])
[2025-07-18 22:07:18,096] [DEBUG] [TEST] Batch 12 | Pred shape: torch.Size([256, 256, 160]) | Label shape: torch.Size([256, 256, 160])
[2025-07-18 22:07:18,283] [DEBUG] [TEST] Batch 13 | Pred shape: torch.Size([256, 256, 160]) | Label shape: torch.Size([256, 256, 160])
[2025-07-18 22:07:18,407] [DEBUG] [TEST] Batch 14 | Pred shape: torch.Size([256, 256, 160]) | Label shape: torch.Size([256, 256, 160])
[2025-07-18 22:07:18,680] [DEBUG] [TEST] Batch 15 | Pred shape: torch.Size([256, 256, 160]) | Label shape: torch.Size([256, 256, 160])
[2025-07-18 22:07:18,885] [DEBUG] [TEST] Batch 16 | Pred shape: torch.Size([256, 256, 160]) | Label shape: torch.Size([256, 256, 160])
[2025-07-18 22:07:25,877] [INFO] [EVALUATE] Dice WT: 0.8898
[2025-07-18 22:07:37,282] [INFO] [FIT] Received parameters. Starting local training...
[2025-07-18 22:07:40,189] [INFO] [DEBUG] Loaded compressed decoded weights.
[2025-07-18 22:08:41,848] [INFO] Model initialized on device: cuda:0
[2025-07-18 22:08:45,130] [INFO] Model initialized on device: cuda:0
[2025-07-18 22:08:45,172] [INFO] Model initialized on device: cuda:0
[2025-07-18 22:08:45,609] [INFO] Model initialized on device: cuda:0
[2025-07-18 22:08:45,820] [INFO] Model initialized on device: cuda:0
[2025-07-18 22:08:46,073] [INFO] Model initialized on device: cuda:0
[2025-07-18 22:08:46,276] [INFO] Model initialized on device: cuda:0
[2025-07-18 22:08:47,478] [INFO] Model initialized on device: cuda:0
[2025-07-18 22:08:47,775] [INFO] Model initialized on device: cuda:0
[2025-07-18 22:08:48,187] [INFO] Model initialized on device: cuda:0
[2025-07-18 22:10:30,180] [INFO] [TRAIN] Epoch 1 Loss: 0.1481
[2025-07-18 22:11:20,002] [INFO] Model initialized on device: cuda:0
[2025-07-18 22:11:20,318] [INFO] Model initialized on device: cuda:0
[2025-07-18 22:11:20,676] [INFO] Model initialized on device: cuda:0
[2025-07-18 22:11:21,498] [INFO] Model initialized on device: cuda:0
[2025-07-18 22:11:21,572] [INFO] Model initialized on device: cuda:0
[2025-07-18 22:11:21,703] [INFO] Model initialized on device: cuda:0
[2025-07-18 22:11:22,096] [INFO] Model initialized on device: cuda:0
[2025-07-18 22:11:22,978] [INFO] Model initialized on device: cuda:0
[2025-07-18 22:11:23,682] [INFO] Model initialized on device: cuda:0
[2025-07-18 22:11:23,891] [INFO] Model initialized on device: cuda:0
[2025-07-18 22:13:07,412] [INFO] [TRAIN] Epoch 2 Loss: 0.1383
[2025-07-18 22:13:48,670] [INFO] Model initialized on device: cuda:0
[2025-07-18 22:13:49,004] [INFO] Model initialized on device: cuda:0
[2025-07-18 22:13:49,073] [INFO] Model initialized on device: cuda:0
[2025-07-18 22:13:51,404] [INFO] Model initialized on device: cuda:0
[2025-07-18 22:13:51,898] [INFO] Model initialized on device: cuda:0
[2025-07-18 22:13:52,113] [INFO] Model initialized on device: cuda:0
[2025-07-18 22:13:52,174] [INFO] Model initialized on device: cuda:0
[2025-07-18 22:13:52,185] [INFO] Model initialized on device: cuda:0
[2025-07-18 22:13:52,273] [INFO] Model initialized on device: cuda:0
[2025-07-18 22:13:53,378] [INFO] Model initialized on device: cuda:0
[2025-07-18 22:15:32,872] [INFO] [TRAIN] Epoch 3 Loss: 0.1271
[2025-07-18 22:16:26,087] [INFO] Model initialized on device: cuda:0
[2025-07-18 22:16:26,400] [INFO] Model initialized on device: cuda:0
[2025-07-18 22:16:26,400] [INFO] Model initialized on device: cuda:0
[2025-07-18 22:16:27,087] [INFO] Model initialized on device: cuda:0
[2025-07-18 22:16:27,679] [INFO] Model initialized on device: cuda:0
[2025-07-18 22:16:27,692] [INFO] Model initialized on device: cuda:0
[2025-07-18 22:16:29,681] [INFO] Model initialized on device: cuda:0
[2025-07-18 22:16:30,195] [INFO] Model initialized on device: cuda:0
[2025-07-18 22:16:30,381] [INFO] Model initialized on device: cuda:0
[2025-07-18 22:16:30,580] [INFO] Model initialized on device: cuda:0
[2025-07-18 22:18:12,330] [INFO] [TRAIN] Epoch 4 Loss: 0.1189
[2025-07-18 22:18:52,395] [INFO] Model initialized on device: cuda:0
[2025-07-18 22:18:56,374] [INFO] Model initialized on device: cuda:0
[2025-07-18 22:18:59,107] [INFO] Model initialized on device: cuda:0
[2025-07-18 22:19:00,676] [INFO] Model initialized on device: cuda:0
[2025-07-18 22:19:02,310] [INFO] Model initialized on device: cuda:0
[2025-07-18 22:19:04,670] [INFO] Model initialized on device: cuda:0
[2025-07-18 22:19:05,576] [INFO] Model initialized on device: cuda:0
[2025-07-18 22:19:05,776] [INFO] Model initialized on device: cuda:0
[2025-07-18 22:19:07,975] [INFO] Model initialized on device: cuda:0
[2025-07-18 22:19:08,888] [INFO] Model initialized on device: cuda:0
[2025-07-18 22:20:45,212] [INFO] [TRAIN] Epoch 5 Loss: 0.1125
[2025-07-18 22:20:45,213] [INFO] [FIT] Local training finished. Avg Loss: 0.1290
[2025-07-18 22:21:38,994] [INFO] Model initialized on device: cuda:0
[2025-07-18 22:21:44,016] [INFO] Model initialized on device: cuda:0
[2025-07-18 22:21:44,016] [INFO] Model initialized on device: cuda:0
[2025-07-18 22:21:44,170] [INFO] Model initialized on device: cuda:0
[2025-07-18 22:21:44,198] [INFO] Model initialized on device: cuda:0
[2025-07-18 22:21:44,220] [INFO] Model initialized on device: cuda:0
[2025-07-18 22:21:44,283] [INFO] Model initialized on device: cuda:0
[2025-07-18 22:21:44,897] [INFO] Model initialized on device: cuda:0
[2025-07-18 22:21:44,992] [INFO] Model initialized on device: cuda:0
[2025-07-18 22:21:45,180] [INFO] Model initialized on device: cuda:0
[2025-07-18 22:21:51,587] [DEBUG] [TEST] Batch 1 | Pred shape: torch.Size([256, 256, 160]) | Label shape: torch.Size([256, 256, 160])
[2025-07-18 22:21:51,724] [DEBUG] [TEST] Batch 2 | Pred shape: torch.Size([256, 256, 160]) | Label shape: torch.Size([256, 256, 160])
[2025-07-18 22:21:51,876] [DEBUG] [TEST] Batch 3 | Pred shape: torch.Size([256, 256, 160]) | Label shape: torch.Size([256, 256, 160])
[2025-07-18 22:21:51,978] [DEBUG] [TEST] Batch 4 | Pred shape: torch.Size([256, 256, 160]) | Label shape: torch.Size([256, 256, 160])
[2025-07-18 22:21:52,078] [DEBUG] [TEST] Batch 5 | Pred shape: torch.Size([256, 256, 160]) | Label shape: torch.Size([256, 256, 160])
[2025-07-18 22:21:52,177] [DEBUG] [TEST] Batch 6 | Pred shape: torch.Size([256, 256, 160]) | Label shape: torch.Size([256, 256, 160])
[2025-07-18 22:21:52,278] [DEBUG] [TEST] Batch 7 | Pred shape: torch.Size([256, 256, 160]) | Label shape: torch.Size([256, 256, 160])
[2025-07-18 22:21:52,378] [DEBUG] [TEST] Batch 8 | Pred shape: torch.Size([256, 256, 160]) | Label shape: torch.Size([256, 256, 160])
[2025-07-18 22:21:52,572] [DEBUG] [TEST] Batch 9 | Pred shape: torch.Size([256, 256, 160]) | Label shape: torch.Size([256, 256, 160])
[2025-07-18 22:21:52,787] [DEBUG] [TEST] Batch 10 | Pred shape: torch.Size([256, 256, 160]) | Label shape: torch.Size([256, 256, 160])
[2025-07-18 22:21:55,971] [DEBUG] [TEST] Batch 11 | Pred shape: torch.Size([256, 256, 160]) | Label shape: torch.Size([256, 256, 160])
[2025-07-18 22:21:56,030] [DEBUG] [TEST] Batch 12 | Pred shape: torch.Size([256, 256, 160]) | Label shape: torch.Size([256, 256, 160])
[2025-07-18 22:21:56,120] [DEBUG] [TEST] Batch 13 | Pred shape: torch.Size([256, 256, 160]) | Label shape: torch.Size([256, 256, 160])
[2025-07-18 22:21:56,221] [DEBUG] [TEST] Batch 14 | Pred shape: torch.Size([256, 256, 160]) | Label shape: torch.Size([256, 256, 160])
[2025-07-18 22:21:56,330] [DEBUG] [TEST] Batch 15 | Pred shape: torch.Size([256, 256, 160]) | Label shape: torch.Size([256, 256, 160])
[2025-07-18 22:21:56,419] [DEBUG] [TEST] Batch 16 | Pred shape: torch.Size([256, 256, 160]) | Label shape: torch.Size([256, 256, 160])
[2025-07-18 22:22:04,307] [INFO] [FIT] Final model saved to: Run_UNET_R2Non-IID30%_fedWSOcompC32_20250718/Client3/model_final.pth
[2025-07-18 22:29:53,029] [INFO] [EVALUATE] Starting evaluation...
[2025-07-18 22:29:56,970] [INFO] [DEBUG] Loaded compressed decoded weights.
[2025-07-18 22:31:04,095] [INFO] Model initialized on device: cuda:0
[2025-07-18 22:31:04,875] [INFO] Model initialized on device: cuda:0
[2025-07-18 22:31:05,676] [INFO] Model initialized on device: cuda:0
[2025-07-18 22:31:05,973] [INFO] Model initialized on device: cuda:0
[2025-07-18 22:31:05,993] [INFO] Model initialized on device: cuda:0
[2025-07-18 22:31:06,071] [INFO] Model initialized on device: cuda:0
[2025-07-18 22:31:06,084] [INFO] Model initialized on device: cuda:0
[2025-07-18 22:31:06,104] [INFO] Model initialized on device: cuda:0
[2025-07-18 22:31:06,174] [INFO] Model initialized on device: cuda:0
[2025-07-18 22:31:06,177] [INFO] Model initialized on device: cuda:0
[2025-07-18 22:31:13,080] [DEBUG] [TEST] Batch 1 | Pred shape: torch.Size([256, 256, 160]) | Label shape: torch.Size([256, 256, 160])
[2025-07-18 22:31:13,180] [DEBUG] [TEST] Batch 2 | Pred shape: torch.Size([256, 256, 160]) | Label shape: torch.Size([256, 256, 160])
[2025-07-18 22:31:13,994] [DEBUG] [TEST] Batch 3 | Pred shape: torch.Size([256, 256, 160]) | Label shape: torch.Size([256, 256, 160])
[2025-07-18 22:31:14,294] [DEBUG] [TEST] Batch 4 | Pred shape: torch.Size([256, 256, 160]) | Label shape: torch.Size([256, 256, 160])
[2025-07-18 22:31:14,504] [DEBUG] [TEST] Batch 5 | Pred shape: torch.Size([256, 256, 160]) | Label shape: torch.Size([256, 256, 160])
[2025-07-18 22:31:14,693] [DEBUG] [TEST] Batch 6 | Pred shape: torch.Size([256, 256, 160]) | Label shape: torch.Size([256, 256, 160])
[2025-07-18 22:31:14,804] [DEBUG] [TEST] Batch 7 | Pred shape: torch.Size([256, 256, 160]) | Label shape: torch.Size([256, 256, 160])
[2025-07-18 22:31:14,982] [DEBUG] [TEST] Batch 8 | Pred shape: torch.Size([256, 256, 160]) | Label shape: torch.Size([256, 256, 160])
[2025-07-18 22:31:15,104] [DEBUG] [TEST] Batch 9 | Pred shape: torch.Size([256, 256, 160]) | Label shape: torch.Size([256, 256, 160])
[2025-07-18 22:31:15,279] [DEBUG] [TEST] Batch 10 | Pred shape: torch.Size([256, 256, 160]) | Label shape: torch.Size([256, 256, 160])
[2025-07-18 22:31:17,191] [DEBUG] [TEST] Batch 11 | Pred shape: torch.Size([256, 256, 160]) | Label shape: torch.Size([256, 256, 160])
[2025-07-18 22:31:18,283] [DEBUG] [TEST] Batch 12 | Pred shape: torch.Size([256, 256, 160]) | Label shape: torch.Size([256, 256, 160])
[2025-07-18 22:31:18,594] [DEBUG] [TEST] Batch 13 | Pred shape: torch.Size([256, 256, 160]) | Label shape: torch.Size([256, 256, 160])
[2025-07-18 22:31:18,786] [DEBUG] [TEST] Batch 14 | Pred shape: torch.Size([256, 256, 160]) | Label shape: torch.Size([256, 256, 160])
[2025-07-18 22:31:18,877] [DEBUG] [TEST] Batch 15 | Pred shape: torch.Size([256, 256, 160]) | Label shape: torch.Size([256, 256, 160])
[2025-07-18 22:31:18,979] [DEBUG] [TEST] Batch 16 | Pred shape: torch.Size([256, 256, 160]) | Label shape: torch.Size([256, 256, 160])
[2025-07-18 22:31:27,440] [INFO] [EVALUATE] Dice WT: 0.9414
[2025-07-18 22:31:41,290] [INFO] [FIT] Received parameters. Starting local training...
[2025-07-18 22:31:45,481] [INFO] [DEBUG] Loaded compressed decoded weights.
[2025-07-18 22:32:55,835] [INFO] Model initialized on device: cuda:0
[2025-07-18 22:32:56,877] [INFO] Model initialized on device: cuda:0
[2025-07-18 22:32:56,972] [INFO] Model initialized on device: cuda:0
[2025-07-18 22:32:56,992] [INFO] Model initialized on device: cuda:0
[2025-07-18 22:32:57,071] [INFO] Model initialized on device: cuda:0
[2025-07-18 22:32:57,084] [INFO] Model initialized on device: cuda:0
[2025-07-18 22:32:57,170] [INFO] Model initialized on device: cuda:0
[2025-07-18 22:32:57,175] [INFO] Model initialized on device: cuda:0
[2025-07-18 22:32:57,176] [INFO] Model initialized on device: cuda:0
[2025-07-18 22:32:57,181] [INFO] Model initialized on device: cuda:0
[2025-07-18 22:34:49,575] [INFO] [TRAIN] Epoch 1 Loss: 0.1421
[2025-07-18 22:35:49,072] [INFO] Model initialized on device: cuda:0
[2025-07-18 22:35:51,098] [INFO] Model initialized on device: cuda:0
[2025-07-18 22:35:51,207] [INFO] Model initialized on device: cuda:0
[2025-07-18 22:35:51,286] [INFO] Model initialized on device: cuda:0
[2025-07-18 22:35:51,286] [INFO] Model initialized on device: cuda:0
[2025-07-18 22:35:52,486] [INFO] Model initialized on device: cuda:0
[2025-07-18 22:35:52,578] [INFO] Model initialized on device: cuda:0
[2025-07-18 22:35:52,581] [INFO] Model initialized on device: cuda:0
[2025-07-18 22:35:52,586] [INFO] Model initialized on device: cuda:0
[2025-07-18 22:35:52,587] [INFO] Model initialized on device: cuda:0
[2025-07-18 22:37:26,378] [INFO] [TRAIN] Epoch 2 Loss: 0.1324
[2025-07-18 22:38:28,015] [INFO] Model initialized on device: cuda:0
[2025-07-18 22:38:28,017] [INFO] Model initialized on device: cuda:0
[2025-07-18 22:38:28,387] [INFO] Model initialized on device: cuda:0
[2025-07-18 22:38:28,605] [INFO] Model initialized on device: cuda:0
[2025-07-18 22:38:28,674] [INFO] Model initialized on device: cuda:0
[2025-07-18 22:38:28,678] [INFO] Model initialized on device: cuda:0
[2025-07-18 22:38:28,911] [INFO] Model initialized on device: cuda:0
[2025-07-18 22:38:28,970] [INFO] Model initialized on device: cuda:0
[2025-07-18 22:38:28,986] [INFO] Model initialized on device: cuda:0
[2025-07-18 22:38:28,989] [INFO] Model initialized on device: cuda:0
[2025-07-18 22:40:16,670] [INFO] [TRAIN] Epoch 3 Loss: 0.1258
[2025-07-18 22:41:05,680] [INFO] Model initialized on device: cuda:0
[2025-07-18 22:41:06,413] [INFO] Model initialized on device: cuda:0
[2025-07-18 22:41:08,403] [INFO] Model initialized on device: cuda:0
[2025-07-18 22:41:08,470] [INFO] Model initialized on device: cuda:0
[2025-07-18 22:41:08,873] [INFO] Model initialized on device: cuda:0
[2025-07-18 22:41:08,972] [INFO] Model initialized on device: cuda:0
[2025-07-18 22:41:08,982] [INFO] Model initialized on device: cuda:0
[2025-07-18 22:41:08,986] [INFO] Model initialized on device: cuda:0
[2025-07-18 22:41:09,080] [INFO] Model initialized on device: cuda:0
[2025-07-18 22:41:09,176] [INFO] Model initialized on device: cuda:0
[2025-07-18 22:42:50,677] [INFO] [TRAIN] Epoch 4 Loss: 0.1179
[2025-07-18 22:43:23,177] [INFO] Model initialized on device: cuda:0
[2025-07-18 22:43:23,378] [INFO] Model initialized on device: cuda:0
[2025-07-18 22:43:25,184] [INFO] Model initialized on device: cuda:0
[2025-07-18 22:43:29,292] [INFO] Model initialized on device: cuda:0
[2025-07-18 22:43:30,087] [INFO] Model initialized on device: cuda:0
[2025-07-18 22:43:30,604] [INFO] Model initialized on device: cuda:0
[2025-07-18 22:43:30,779] [INFO] Model initialized on device: cuda:0
[2025-07-18 22:43:32,088] [INFO] Model initialized on device: cuda:0
[2025-07-18 22:43:32,096] [INFO] Model initialized on device: cuda:0
[2025-07-18 22:43:32,097] [INFO] Model initialized on device: cuda:0
[2025-07-18 22:45:17,478] [INFO] [TRAIN] Epoch 5 Loss: 0.1259
[2025-07-18 22:45:17,479] [INFO] [FIT] Local training finished. Avg Loss: 0.1288
[2025-07-18 22:45:48,999] [INFO] Model initialized on device: cuda:0
[2025-07-18 22:45:49,906] [INFO] Model initialized on device: cuda:0
[2025-07-18 22:45:58,299] [INFO] Model initialized on device: cuda:0
[2025-07-18 22:45:58,305] [INFO] Model initialized on device: cuda:0
[2025-07-18 22:45:58,373] [INFO] Model initialized on device: cuda:0
[2025-07-18 22:45:58,376] [INFO] Model initialized on device: cuda:0
[2025-07-18 22:45:58,385] [INFO] Model initialized on device: cuda:0
[2025-07-18 22:45:58,386] [INFO] Model initialized on device: cuda:0
[2025-07-18 22:45:58,396] [INFO] Model initialized on device: cuda:0
[2025-07-18 22:45:58,398] [INFO] Model initialized on device: cuda:0
[2025-07-18 22:46:05,681] [DEBUG] [TEST] Batch 1 | Pred shape: torch.Size([256, 256, 160]) | Label shape: torch.Size([256, 256, 160])
[2025-07-18 22:46:05,805] [DEBUG] [TEST] Batch 2 | Pred shape: torch.Size([256, 256, 160]) | Label shape: torch.Size([256, 256, 160])
[2025-07-18 22:46:07,078] [DEBUG] [TEST] Batch 3 | Pred shape: torch.Size([256, 256, 160]) | Label shape: torch.Size([256, 256, 160])
[2025-07-18 22:46:07,180] [DEBUG] [TEST] Batch 4 | Pred shape: torch.Size([256, 256, 160]) | Label shape: torch.Size([256, 256, 160])
[2025-07-18 22:46:07,318] [DEBUG] [TEST] Batch 5 | Pred shape: torch.Size([256, 256, 160]) | Label shape: torch.Size([256, 256, 160])
[2025-07-18 22:46:07,479] [DEBUG] [TEST] Batch 6 | Pred shape: torch.Size([256, 256, 160]) | Label shape: torch.Size([256, 256, 160])
[2025-07-18 22:46:07,679] [DEBUG] [TEST] Batch 7 | Pred shape: torch.Size([256, 256, 160]) | Label shape: torch.Size([256, 256, 160])
[2025-07-18 22:46:07,821] [DEBUG] [TEST] Batch 8 | Pred shape: torch.Size([256, 256, 160]) | Label shape: torch.Size([256, 256, 160])
[2025-07-18 22:46:07,922] [DEBUG] [TEST] Batch 9 | Pred shape: torch.Size([256, 256, 160]) | Label shape: torch.Size([256, 256, 160])
[2025-07-18 22:46:08,023] [DEBUG] [TEST] Batch 10 | Pred shape: torch.Size([256, 256, 160]) | Label shape: torch.Size([256, 256, 160])
[2025-07-18 22:46:10,095] [DEBUG] [TEST] Batch 11 | Pred shape: torch.Size([256, 256, 160]) | Label shape: torch.Size([256, 256, 160])
[2025-07-18 22:46:10,177] [DEBUG] [TEST] Batch 12 | Pred shape: torch.Size([256, 256, 160]) | Label shape: torch.Size([256, 256, 160])
[2025-07-18 22:46:10,584] [DEBUG] [TEST] Batch 13 | Pred shape: torch.Size([256, 256, 160]) | Label shape: torch.Size([256, 256, 160])
[2025-07-18 22:46:10,676] [DEBUG] [TEST] Batch 14 | Pred shape: torch.Size([256, 256, 160]) | Label shape: torch.Size([256, 256, 160])
[2025-07-18 22:46:10,771] [DEBUG] [TEST] Batch 15 | Pred shape: torch.Size([256, 256, 160]) | Label shape: torch.Size([256, 256, 160])
[2025-07-18 22:46:10,828] [DEBUG] [TEST] Batch 16 | Pred shape: torch.Size([256, 256, 160]) | Label shape: torch.Size([256, 256, 160])
[2025-07-18 22:46:16,605] [INFO] [FIT] Final model saved to: Run_UNET_R2Non-IID30%_fedWSOcompC32_20250718/Client3/model_final.pth
[2025-07-18 22:53:56,981] [INFO] [EVALUATE] Starting evaluation...
[2025-07-18 22:54:01,684] [INFO] [DEBUG] Loaded compressed decoded weights.
[2025-07-18 22:55:06,316] [INFO] Model initialized on device: cuda:0
[2025-07-18 22:55:10,385] [INFO] Model initialized on device: cuda:0
[2025-07-18 22:55:10,396] [INFO] Model initialized on device: cuda:0
[2025-07-18 22:55:10,398] [INFO] Model initialized on device: cuda:0
[2025-07-18 22:55:10,494] [INFO] Model initialized on device: cuda:0
[2025-07-18 22:55:10,793] [INFO] Model initialized on device: cuda:0
[2025-07-18 22:55:10,800] [INFO] Model initialized on device: cuda:0
[2025-07-18 22:55:10,900] [INFO] Model initialized on device: cuda:0
[2025-07-18 22:55:10,975] [INFO] Model initialized on device: cuda:0
[2025-07-18 22:55:10,977] [INFO] Model initialized on device: cuda:0
[2025-07-18 22:55:18,087] [DEBUG] [TEST] Batch 1 | Pred shape: torch.Size([256, 256, 160]) | Label shape: torch.Size([256, 256, 160])
[2025-07-18 22:55:18,570] [DEBUG] [TEST] Batch 2 | Pred shape: torch.Size([256, 256, 160]) | Label shape: torch.Size([256, 256, 160])
[2025-07-18 22:55:18,891] [DEBUG] [TEST] Batch 3 | Pred shape: torch.Size([256, 256, 160]) | Label shape: torch.Size([256, 256, 160])
[2025-07-18 22:55:19,095] [DEBUG] [TEST] Batch 4 | Pred shape: torch.Size([256, 256, 160]) | Label shape: torch.Size([256, 256, 160])
[2025-07-18 22:55:19,390] [DEBUG] [TEST] Batch 5 | Pred shape: torch.Size([256, 256, 160]) | Label shape: torch.Size([256, 256, 160])
[2025-07-18 22:55:19,684] [DEBUG] [TEST] Batch 6 | Pred shape: torch.Size([256, 256, 160]) | Label shape: torch.Size([256, 256, 160])
[2025-07-18 22:55:19,910] [DEBUG] [TEST] Batch 7 | Pred shape: torch.Size([256, 256, 160]) | Label shape: torch.Size([256, 256, 160])
[2025-07-18 22:55:20,186] [DEBUG] [TEST] Batch 8 | Pred shape: torch.Size([256, 256, 160]) | Label shape: torch.Size([256, 256, 160])
[2025-07-18 22:55:20,384] [DEBUG] [TEST] Batch 9 | Pred shape: torch.Size([256, 256, 160]) | Label shape: torch.Size([256, 256, 160])
[2025-07-18 22:55:20,478] [DEBUG] [TEST] Batch 10 | Pred shape: torch.Size([256, 256, 160]) | Label shape: torch.Size([256, 256, 160])
[2025-07-18 22:55:21,877] [DEBUG] [TEST] Batch 11 | Pred shape: torch.Size([256, 256, 160]) | Label shape: torch.Size([256, 256, 160])
[2025-07-18 22:55:22,611] [DEBUG] [TEST] Batch 12 | Pred shape: torch.Size([256, 256, 160]) | Label shape: torch.Size([256, 256, 160])
[2025-07-18 22:55:22,874] [DEBUG] [TEST] Batch 13 | Pred shape: torch.Size([256, 256, 160]) | Label shape: torch.Size([256, 256, 160])
[2025-07-18 22:55:22,993] [DEBUG] [TEST] Batch 14 | Pred shape: torch.Size([256, 256, 160]) | Label shape: torch.Size([256, 256, 160])
[2025-07-18 22:55:23,181] [DEBUG] [TEST] Batch 15 | Pred shape: torch.Size([256, 256, 160]) | Label shape: torch.Size([256, 256, 160])
[2025-07-18 22:55:23,886] [DEBUG] [TEST] Batch 16 | Pred shape: torch.Size([256, 256, 160]) | Label shape: torch.Size([256, 256, 160])
[2025-07-18 22:55:31,444] [INFO] [EVALUATE] Dice WT: 0.9487
[2025-07-18 22:55:41,181] [INFO] [FIT] Received parameters. Starting local training...
[2025-07-18 22:55:43,278] [INFO] [DEBUG] Loaded compressed decoded weights.
[2025-07-18 22:56:56,935] [INFO] Model initialized on device: cuda:0
[2025-07-18 22:56:56,966] [INFO] Model initialized on device: cuda:0
[2025-07-18 22:56:57,796] [INFO] Model initialized on device: cuda:0
[2025-07-18 22:56:57,879] [INFO] Model initialized on device: cuda:0
[2025-07-18 22:56:57,893] [INFO] Model initialized on device: cuda:0
[2025-07-18 22:56:58,275] [INFO] Model initialized on device: cuda:0
[2025-07-18 22:56:58,297] [INFO] Model initialized on device: cuda:0
[2025-07-18 22:56:58,475] [INFO] Model initialized on device: cuda:0
[2025-07-18 22:56:58,480] [INFO] Model initialized on device: cuda:0
[2025-07-18 22:56:58,491] [INFO] Model initialized on device: cuda:0
[2025-07-18 22:58:45,978] [INFO] [TRAIN] Epoch 1 Loss: 0.1414
[2025-07-18 22:59:34,298] [INFO] Model initialized on device: cuda:0
[2025-07-18 22:59:34,584] [INFO] Model initialized on device: cuda:0
[2025-07-18 22:59:35,190] [INFO] Model initialized on device: cuda:0
[2025-07-18 22:59:35,794] [INFO] Model initialized on device: cuda:0
[2025-07-18 22:59:35,874] [INFO] Model initialized on device: cuda:0
[2025-07-18 22:59:35,889] [INFO] Model initialized on device: cuda:0
[2025-07-18 22:59:35,891] [INFO] Model initialized on device: cuda:0
[2025-07-18 22:59:35,975] [INFO] Model initialized on device: cuda:0
[2025-07-18 22:59:35,976] [INFO] Model initialized on device: cuda:0
[2025-07-18 22:59:35,977] [INFO] Model initialized on device: cuda:0
[2025-07-18 23:01:15,613] [INFO] [TRAIN] Epoch 2 Loss: 0.1317
[2025-07-18 23:02:01,485] [INFO] Model initialized on device: cuda:0
[2025-07-18 23:02:03,788] [INFO] Model initialized on device: cuda:0
[2025-07-18 23:02:03,993] [INFO] Model initialized on device: cuda:0
[2025-07-18 23:02:03,994] [INFO] Model initialized on device: cuda:0
[2025-07-18 23:02:04,177] [INFO] Model initialized on device: cuda:0
[2025-07-18 23:02:04,375] [INFO] Model initialized on device: cuda:0
[2025-07-18 23:02:04,473] [INFO] Model initialized on device: cuda:0
[2025-07-18 23:02:04,580] [INFO] Model initialized on device: cuda:0
[2025-07-18 23:02:04,581] [INFO] Model initialized on device: cuda:0
[2025-07-18 23:02:04,581] [INFO] Model initialized on device: cuda:0
[2025-07-18 23:03:48,982] [INFO] [TRAIN] Epoch 3 Loss: 0.1250
[2025-07-18 23:04:36,901] [INFO] Model initialized on device: cuda:0
[2025-07-18 23:04:37,100] [INFO] Model initialized on device: cuda:0
[2025-07-18 23:04:37,780] [INFO] Model initialized on device: cuda:0
[2025-07-18 23:04:38,182] [INFO] Model initialized on device: cuda:0
[2025-07-18 23:04:38,787] [INFO] Model initialized on device: cuda:0
[2025-07-18 23:04:38,876] [INFO] Model initialized on device: cuda:0
[2025-07-18 23:04:38,988] [INFO] Model initialized on device: cuda:0
[2025-07-18 23:04:38,988] [INFO] Model initialized on device: cuda:0
[2025-07-18 23:04:38,989] [INFO] Model initialized on device: cuda:0
[2025-07-18 23:04:38,990] [INFO] Model initialized on device: cuda:0
[2025-07-18 23:06:15,811] [INFO] [TRAIN] Epoch 4 Loss: 0.1158
[2025-07-18 23:07:02,278] [INFO] Model initialized on device: cuda:0
[2025-07-18 23:07:04,084] [INFO] Model initialized on device: cuda:0
[2025-07-18 23:07:06,299] [INFO] Model initialized on device: cuda:0
[2025-07-18 23:07:06,573] [INFO] Model initialized on device: cuda:0
[2025-07-18 23:07:07,073] [INFO] Model initialized on device: cuda:0
[2025-07-18 23:07:07,105] [INFO] Model initialized on device: cuda:0
[2025-07-18 23:07:07,175] [INFO] Model initialized on device: cuda:0
[2025-07-18 23:07:07,175] [INFO] Model initialized on device: cuda:0
[2025-07-18 23:07:07,180] [INFO] Model initialized on device: cuda:0
[2025-07-18 23:07:07,278] [INFO] Model initialized on device: cuda:0
[2025-07-18 23:08:47,478] [INFO] [TRAIN] Epoch 5 Loss: 0.1163
[2025-07-18 23:08:47,481] [INFO] [FIT] Local training finished. Avg Loss: 0.1261
[2025-07-18 23:09:17,691] [INFO] Model initialized on device: cuda:0
[2025-07-18 23:09:23,599] [DEBUG] [TEST] Batch 1 | Pred shape: torch.Size([256, 256, 160]) | Label shape: torch.Size([256, 256, 160])
[2025-07-18 23:09:23,601] [INFO] Model initialized on device: cuda:0
[2025-07-18 23:09:25,597] [INFO] Model initialized on device: cuda:0
[2025-07-18 23:09:25,672] [INFO] Model initialized on device: cuda:0
[2025-07-18 23:09:26,682] [INFO] Model initialized on device: cuda:0
[2025-07-18 23:09:26,778] [INFO] Model initialized on device: cuda:0
[2025-07-18 23:09:26,801] [INFO] Model initialized on device: cuda:0
[2025-07-18 23:09:26,807] [INFO] Model initialized on device: cuda:0
[2025-07-18 23:09:26,871] [INFO] Model initialized on device: cuda:0
[2025-07-18 23:09:26,877] [INFO] Model initialized on device: cuda:0
[2025-07-18 23:09:33,477] [DEBUG] [TEST] Batch 2 | Pred shape: torch.Size([256, 256, 160]) | Label shape: torch.Size([256, 256, 160])
[2025-07-18 23:09:33,673] [DEBUG] [TEST] Batch 3 | Pred shape: torch.Size([256, 256, 160]) | Label shape: torch.Size([256, 256, 160])
[2025-07-18 23:09:33,776] [DEBUG] [TEST] Batch 4 | Pred shape: torch.Size([256, 256, 160]) | Label shape: torch.Size([256, 256, 160])
[2025-07-18 23:09:33,876] [DEBUG] [TEST] Batch 5 | Pred shape: torch.Size([256, 256, 160]) | Label shape: torch.Size([256, 256, 160])
[2025-07-18 23:09:33,976] [DEBUG] [TEST] Batch 6 | Pred shape: torch.Size([256, 256, 160]) | Label shape: torch.Size([256, 256, 160])
[2025-07-18 23:09:34,076] [DEBUG] [TEST] Batch 7 | Pred shape: torch.Size([256, 256, 160]) | Label shape: torch.Size([256, 256, 160])
[2025-07-18 23:09:34,176] [DEBUG] [TEST] Batch 8 | Pred shape: torch.Size([256, 256, 160]) | Label shape: torch.Size([256, 256, 160])
[2025-07-18 23:09:34,276] [DEBUG] [TEST] Batch 9 | Pred shape: torch.Size([256, 256, 160]) | Label shape: torch.Size([256, 256, 160])
[2025-07-18 23:09:34,376] [DEBUG] [TEST] Batch 10 | Pred shape: torch.Size([256, 256, 160]) | Label shape: torch.Size([256, 256, 160])
[2025-07-18 23:09:34,476] [DEBUG] [TEST] Batch 11 | Pred shape: torch.Size([256, 256, 160]) | Label shape: torch.Size([256, 256, 160])
[2025-07-18 23:09:38,178] [DEBUG] [TEST] Batch 12 | Pred shape: torch.Size([256, 256, 160]) | Label shape: torch.Size([256, 256, 160])
[2025-07-18 23:09:38,275] [DEBUG] [TEST] Batch 13 | Pred shape: torch.Size([256, 256, 160]) | Label shape: torch.Size([256, 256, 160])
[2025-07-18 23:09:38,370] [DEBUG] [TEST] Batch 14 | Pred shape: torch.Size([256, 256, 160]) | Label shape: torch.Size([256, 256, 160])
[2025-07-18 23:09:38,508] [DEBUG] [TEST] Batch 15 | Pred shape: torch.Size([256, 256, 160]) | Label shape: torch.Size([256, 256, 160])
[2025-07-18 23:09:38,698] [DEBUG] [TEST] Batch 16 | Pred shape: torch.Size([256, 256, 160]) | Label shape: torch.Size([256, 256, 160])
[2025-07-18 23:09:44,314] [INFO] [FIT] Final model saved to: Run_UNET_R2Non-IID30%_fedWSOcompC32_20250718/Client3/model_final.pth
[2025-07-18 23:17:47,219] [INFO] [EVALUATE] Starting evaluation...
[2025-07-18 23:17:52,975] [INFO] [DEBUG] Loaded compressed decoded weights.
[2025-07-18 23:19:00,364] [INFO] Model initialized on device: cuda:0
[2025-07-18 23:19:00,657] [INFO] Model initialized on device: cuda:0
[2025-07-18 23:19:01,405] [INFO] Model initialized on device: cuda:0
[2025-07-18 23:19:01,471] [INFO] Model initialized on device: cuda:0
[2025-07-18 23:19:01,792] [INFO] Model initialized on device: cuda:0
[2025-07-18 23:19:01,897] [INFO] Model initialized on device: cuda:0
[2025-07-18 23:19:01,972] [INFO] Model initialized on device: cuda:0
[2025-07-18 23:19:01,995] [INFO] Model initialized on device: cuda:0
[2025-07-18 23:19:01,995] [INFO] Model initialized on device: cuda:0
[2025-07-18 23:19:02,075] [INFO] Model initialized on device: cuda:0
[2025-07-18 23:19:09,979] [DEBUG] [TEST] Batch 1 | Pred shape: torch.Size([256, 256, 160]) | Label shape: torch.Size([256, 256, 160])
[2025-07-18 23:19:10,171] [DEBUG] [TEST] Batch 2 | Pred shape: torch.Size([256, 256, 160]) | Label shape: torch.Size([256, 256, 160])
[2025-07-18 23:19:10,278] [DEBUG] [TEST] Batch 3 | Pred shape: torch.Size([256, 256, 160]) | Label shape: torch.Size([256, 256, 160])
[2025-07-18 23:19:10,392] [DEBUG] [TEST] Batch 4 | Pred shape: torch.Size([256, 256, 160]) | Label shape: torch.Size([256, 256, 160])
[2025-07-18 23:19:10,604] [DEBUG] [TEST] Batch 5 | Pred shape: torch.Size([256, 256, 160]) | Label shape: torch.Size([256, 256, 160])
[2025-07-18 23:19:10,879] [DEBUG] [TEST] Batch 6 | Pred shape: torch.Size([256, 256, 160]) | Label shape: torch.Size([256, 256, 160])
[2025-07-18 23:19:11,182] [DEBUG] [TEST] Batch 7 | Pred shape: torch.Size([256, 256, 160]) | Label shape: torch.Size([256, 256, 160])
[2025-07-18 23:19:11,392] [DEBUG] [TEST] Batch 8 | Pred shape: torch.Size([256, 256, 160]) | Label shape: torch.Size([256, 256, 160])
[2025-07-18 23:19:11,691] [DEBUG] [TEST] Batch 9 | Pred shape: torch.Size([256, 256, 160]) | Label shape: torch.Size([256, 256, 160])
[2025-07-18 23:19:11,893] [DEBUG] [TEST] Batch 10 | Pred shape: torch.Size([256, 256, 160]) | Label shape: torch.Size([256, 256, 160])
[2025-07-18 23:19:14,413] [DEBUG] [TEST] Batch 11 | Pred shape: torch.Size([256, 256, 160]) | Label shape: torch.Size([256, 256, 160])
[2025-07-18 23:19:14,677] [DEBUG] [TEST] Batch 12 | Pred shape: torch.Size([256, 256, 160]) | Label shape: torch.Size([256, 256, 160])
[2025-07-18 23:19:14,777] [DEBUG] [TEST] Batch 13 | Pred shape: torch.Size([256, 256, 160]) | Label shape: torch.Size([256, 256, 160])
[2025-07-18 23:19:14,878] [DEBUG] [TEST] Batch 14 | Pred shape: torch.Size([256, 256, 160]) | Label shape: torch.Size([256, 256, 160])
[2025-07-18 23:19:14,977] [DEBUG] [TEST] Batch 15 | Pred shape: torch.Size([256, 256, 160]) | Label shape: torch.Size([256, 256, 160])
[2025-07-18 23:19:15,077] [DEBUG] [TEST] Batch 16 | Pred shape: torch.Size([256, 256, 160]) | Label shape: torch.Size([256, 256, 160])
[2025-07-18 23:19:22,816] [INFO] [EVALUATE] Dice WT: 0.9196
[2025-07-18 23:19:33,396] [INFO] [FIT] Received parameters. Starting local training...
[2025-07-18 23:19:36,980] [INFO] [DEBUG] Loaded compressed decoded weights.
[2025-07-18 23:20:40,748] [INFO] Model initialized on device: cuda:0
[2025-07-18 23:20:41,727] [INFO] Model initialized on device: cuda:0
[2025-07-18 23:20:42,208] [INFO] Model initialized on device: cuda:0
[2025-07-18 23:20:42,291] [INFO] Model initialized on device: cuda:0
[2025-07-18 23:20:42,471] [INFO] Model initialized on device: cuda:0
[2025-07-18 23:20:42,499] [INFO] Model initialized on device: cuda:0
[2025-07-18 23:20:42,805] [INFO] Model initialized on device: cuda:0
[2025-07-18 23:20:42,880] [INFO] Model initialized on device: cuda:0
[2025-07-18 23:20:42,905] [INFO] Model initialized on device: cuda:0
[2025-07-18 23:20:42,906] [INFO] Model initialized on device: cuda:0
[2025-07-18 23:22:37,479] [INFO] [TRAIN] Epoch 1 Loss: 0.1444
[2025-07-18 23:23:26,707] [INFO] Model initialized on device: cuda:0
[2025-07-18 23:23:26,980] [INFO] Model initialized on device: cuda:0
[2025-07-18 23:23:26,995] [INFO] Model initialized on device: cuda:0
[2025-07-18 23:23:27,391] [INFO] Model initialized on device: cuda:0
[2025-07-18 23:23:27,391] [INFO] Model initialized on device: cuda:0
[2025-07-18 23:23:27,570] [INFO] Model initialized on device: cuda:0
[2025-07-18 23:23:27,577] [INFO] Model initialized on device: cuda:0
[2025-07-18 23:23:27,584] [INFO] Model initialized on device: cuda:0
[2025-07-18 23:23:27,596] [INFO] Model initialized on device: cuda:0
[2025-07-18 23:23:27,676] [INFO] Model initialized on device: cuda:0
[2025-07-18 23:25:09,309] [INFO] [TRAIN] Epoch 2 Loss: 0.1352
[2025-07-18 23:25:52,499] [INFO] Model initialized on device: cuda:0
[2025-07-18 23:25:53,973] [INFO] Model initialized on device: cuda:0
[2025-07-18 23:25:53,987] [INFO] Model initialized on device: cuda:0
[2025-07-18 23:25:53,999] [INFO] Model initialized on device: cuda:0
[2025-07-18 23:25:54,805] [INFO] Model initialized on device: cuda:0
[2025-07-18 23:25:55,174] [INFO] Model initialized on device: cuda:0
[2025-07-18 23:25:56,278] [INFO] Model initialized on device: cuda:0
[2025-07-18 23:25:56,376] [INFO] Model initialized on device: cuda:0
[2025-07-18 23:25:56,377] [INFO] Model initialized on device: cuda:0
[2025-07-18 23:25:56,681] [INFO] Model initialized on device: cuda:0
[2025-07-18 23:27:46,078] [INFO] [TRAIN] Epoch 3 Loss: 0.1292
[2025-07-18 23:28:16,791] [INFO] Model initialized on device: cuda:0
[2025-07-18 23:28:18,796] [INFO] Model initialized on device: cuda:0
[2025-07-18 23:28:22,182] [INFO] Model initialized on device: cuda:0
[2025-07-18 23:28:27,904] [INFO] Model initialized on device: cuda:0
[2025-07-18 23:28:29,285] [INFO] Model initialized on device: cuda:0
[2025-07-18 23:28:29,485] [INFO] Model initialized on device: cuda:0
[2025-07-18 23:28:29,670] [INFO] Model initialized on device: cuda:0
[2025-07-18 23:28:29,791] [INFO] Model initialized on device: cuda:0
[2025-07-18 23:28:29,796] [INFO] Model initialized on device: cuda:0
[2025-07-18 23:28:29,900] [INFO] Model initialized on device: cuda:0
[2025-07-18 23:30:06,080] [INFO] [TRAIN] Epoch 4 Loss: 0.1195
[2025-07-18 23:30:36,983] [INFO] Model initialized on device: cuda:0
[2025-07-18 23:30:40,176] [INFO] Model initialized on device: cuda:0
[2025-07-18 23:30:40,193] [INFO] Model initialized on device: cuda:0
[2025-07-18 23:30:47,375] [INFO] Model initialized on device: cuda:0
[2025-07-18 23:30:47,776] [INFO] Model initialized on device: cuda:0
[2025-07-18 23:30:48,296] [INFO] Model initialized on device: cuda:0
[2025-07-18 23:30:48,870] [INFO] Model initialized on device: cuda:0
[2025-07-18 23:30:48,976] [INFO] Model initialized on device: cuda:0
[2025-07-18 23:30:49,798] [INFO] Model initialized on device: cuda:0
[2025-07-18 23:30:49,799] [INFO] Model initialized on device: cuda:0
[2025-07-18 23:32:27,598] [INFO] [TRAIN] Epoch 5 Loss: 0.1232
[2025-07-18 23:32:27,599] [INFO] [FIT] Local training finished. Avg Loss: 0.1303
[2025-07-18 23:32:58,006] [INFO] Model initialized on device: cuda:0
[2025-07-18 23:32:58,876] [INFO] Model initialized on device: cuda:0
[2025-07-18 23:32:59,670] [INFO] Model initialized on device: cuda:0
[2025-07-18 23:33:04,478] [INFO] Model initialized on device: cuda:0
[2025-07-18 23:33:04,590] [INFO] Model initialized on device: cuda:0
[2025-07-18 23:33:05,207] [INFO] Model initialized on device: cuda:0
[2025-07-18 23:33:05,211] [INFO] Model initialized on device: cuda:0
[2025-07-18 23:33:05,212] [INFO] Model initialized on device: cuda:0
[2025-07-18 23:33:05,213] [INFO] Model initialized on device: cuda:0
[2025-07-18 23:33:05,274] [INFO] Model initialized on device: cuda:0
[2025-07-18 23:33:11,808] [DEBUG] [TEST] Batch 1 | Pred shape: torch.Size([256, 256, 160]) | Label shape: torch.Size([256, 256, 160])
[2025-07-18 23:33:11,981] [DEBUG] [TEST] Batch 2 | Pred shape: torch.Size([256, 256, 160]) | Label shape: torch.Size([256, 256, 160])
[2025-07-18 23:33:12,175] [DEBUG] [TEST] Batch 3 | Pred shape: torch.Size([256, 256, 160]) | Label shape: torch.Size([256, 256, 160])
[2025-07-18 23:33:12,371] [DEBUG] [TEST] Batch 4 | Pred shape: torch.Size([256, 256, 160]) | Label shape: torch.Size([256, 256, 160])
[2025-07-18 23:33:12,575] [DEBUG] [TEST] Batch 5 | Pred shape: torch.Size([256, 256, 160]) | Label shape: torch.Size([256, 256, 160])
[2025-07-18 23:33:12,807] [DEBUG] [TEST] Batch 6 | Pred shape: torch.Size([256, 256, 160]) | Label shape: torch.Size([256, 256, 160])
[2025-07-18 23:33:13,105] [DEBUG] [TEST] Batch 7 | Pred shape: torch.Size([256, 256, 160]) | Label shape: torch.Size([256, 256, 160])
[2025-07-18 23:33:13,403] [DEBUG] [TEST] Batch 8 | Pred shape: torch.Size([256, 256, 160]) | Label shape: torch.Size([256, 256, 160])
[2025-07-18 23:33:13,588] [DEBUG] [TEST] Batch 9 | Pred shape: torch.Size([256, 256, 160]) | Label shape: torch.Size([256, 256, 160])
[2025-07-18 23:33:13,814] [DEBUG] [TEST] Batch 10 | Pred shape: torch.Size([256, 256, 160]) | Label shape: torch.Size([256, 256, 160])
[2025-07-18 23:33:16,220] [DEBUG] [TEST] Batch 11 | Pred shape: torch.Size([256, 256, 160]) | Label shape: torch.Size([256, 256, 160])
[2025-07-18 23:33:16,324] [DEBUG] [TEST] Batch 12 | Pred shape: torch.Size([256, 256, 160]) | Label shape: torch.Size([256, 256, 160])
[2025-07-18 23:33:16,419] [DEBUG] [TEST] Batch 13 | Pred shape: torch.Size([256, 256, 160]) | Label shape: torch.Size([256, 256, 160])
[2025-07-18 23:33:16,519] [DEBUG] [TEST] Batch 14 | Pred shape: torch.Size([256, 256, 160]) | Label shape: torch.Size([256, 256, 160])
[2025-07-18 23:33:16,676] [DEBUG] [TEST] Batch 15 | Pred shape: torch.Size([256, 256, 160]) | Label shape: torch.Size([256, 256, 160])
[2025-07-18 23:33:16,832] [DEBUG] [TEST] Batch 16 | Pred shape: torch.Size([256, 256, 160]) | Label shape: torch.Size([256, 256, 160])
[2025-07-18 23:33:22,277] [INFO] [FIT] Final model saved to: Run_UNET_R2Non-IID30%_fedWSOcompC32_20250718/Client3/model_final.pth
[2025-07-18 23:42:26,792] [INFO] [EVALUATE] Starting evaluation...
[2025-07-18 23:42:30,678] [INFO] [DEBUG] Loaded compressed decoded weights.
[2025-07-18 23:43:34,674] [INFO] Model initialized on device: cuda:0
[2025-07-18 23:43:35,374] [INFO] Model initialized on device: cuda:0
[2025-07-18 23:43:35,403] [INFO] Model initialized on device: cuda:0
[2025-07-18 23:43:35,678] [INFO] Model initialized on device: cuda:0
[2025-07-18 23:43:35,771] [INFO] Model initialized on device: cuda:0
[2025-07-18 23:43:35,774] [INFO] Model initialized on device: cuda:0
[2025-07-18 23:43:35,780] [INFO] Model initialized on device: cuda:0
[2025-07-18 23:43:35,897] [INFO] Model initialized on device: cuda:0
[2025-07-18 23:43:35,979] [INFO] Model initialized on device: cuda:0
[2025-07-18 23:43:35,989] [INFO] Model initialized on device: cuda:0
[2025-07-18 23:43:44,304] [DEBUG] [TEST] Batch 1 | Pred shape: torch.Size([256, 256, 160]) | Label shape: torch.Size([256, 256, 160])
[2025-07-18 23:43:44,583] [DEBUG] [TEST] Batch 2 | Pred shape: torch.Size([256, 256, 160]) | Label shape: torch.Size([256, 256, 160])
[2025-07-18 23:43:44,870] [DEBUG] [TEST] Batch 3 | Pred shape: torch.Size([256, 256, 160]) | Label shape: torch.Size([256, 256, 160])
[2025-07-18 23:43:45,099] [DEBUG] [TEST] Batch 4 | Pred shape: torch.Size([256, 256, 160]) | Label shape: torch.Size([256, 256, 160])
[2025-07-18 23:43:45,398] [DEBUG] [TEST] Batch 5 | Pred shape: torch.Size([256, 256, 160]) | Label shape: torch.Size([256, 256, 160])
[2025-07-18 23:43:45,673] [DEBUG] [TEST] Batch 6 | Pred shape: torch.Size([256, 256, 160]) | Label shape: torch.Size([256, 256, 160])
[2025-07-18 23:43:45,879] [DEBUG] [TEST] Batch 7 | Pred shape: torch.Size([256, 256, 160]) | Label shape: torch.Size([256, 256, 160])
[2025-07-18 23:43:45,998] [DEBUG] [TEST] Batch 8 | Pred shape: torch.Size([256, 256, 160]) | Label shape: torch.Size([256, 256, 160])
[2025-07-18 23:43:46,185] [DEBUG] [TEST] Batch 9 | Pred shape: torch.Size([256, 256, 160]) | Label shape: torch.Size([256, 256, 160])
[2025-07-18 23:43:46,383] [DEBUG] [TEST] Batch 10 | Pred shape: torch.Size([256, 256, 160]) | Label shape: torch.Size([256, 256, 160])
[2025-07-18 23:43:49,079] [DEBUG] [TEST] Batch 11 | Pred shape: torch.Size([256, 256, 160]) | Label shape: torch.Size([256, 256, 160])
[2025-07-18 23:43:49,177] [DEBUG] [TEST] Batch 12 | Pred shape: torch.Size([256, 256, 160]) | Label shape: torch.Size([256, 256, 160])
[2025-07-18 23:43:49,277] [DEBUG] [TEST] Batch 13 | Pred shape: torch.Size([256, 256, 160]) | Label shape: torch.Size([256, 256, 160])
[2025-07-18 23:43:49,376] [DEBUG] [TEST] Batch 14 | Pred shape: torch.Size([256, 256, 160]) | Label shape: torch.Size([256, 256, 160])
[2025-07-18 23:43:49,476] [DEBUG] [TEST] Batch 15 | Pred shape: torch.Size([256, 256, 160]) | Label shape: torch.Size([256, 256, 160])
[2025-07-18 23:43:49,576] [DEBUG] [TEST] Batch 16 | Pred shape: torch.Size([256, 256, 160]) | Label shape: torch.Size([256, 256, 160])
[2025-07-18 23:43:57,271] [INFO] [EVALUATE] Dice WT: 0.9509
